Source,Target,Type,start_year,end_year
32001D0718,32001D0098,CITES,2001.0,2001.0
31999D0329,61978CJ0209,CITES,1999.0,1978.0
31999D0329,61993TJ0024,CITES,1999.0,1993.0
31999D0329,61989TJ0068,CITES,1999.0,1989.0
31999D0329,61976CJ0085,CITES,1999.0,1976.0
31999D0329,31992R3932,CITES,1999.0,1992.0
31999D0329,61978CO0209,CITES,1999.0,1978.0
31999D0329,61986CO0062,CITES,1999.0,1986.0
31999D0329,31985D0615,CITES,1999.0,1985.0
31999D0329,31980D0917,CITES,1999.0,1980.0
31999D0329,61992CJ0250,CITES,1999.0,1992.0
32000D0198,31994L0458,CITES,2000.0,1994.0
32003D0668,31998L0030,CITES,2003.0,1998.0
32003D0668,32001D0519,CITES,2003.0,2001.0
32012D0243,32002L0020,CITES,2012.0,2002.0
32012D0243,32009H0848,CITES,2012.0,2009.0
32012D0243,32002L0019,CITES,2012.0,2002.0
32012D0243,32008R0683,CITES,2012.0,2008.0
32012D0243,32010R0911,CITES,2012.0,2010.0
32012D0243,32002L0021,CITES,2012.0,2002.0
32012D0243,32008D0411,CITES,2012.0,2008.0
32012D0243,31999H0519,CITES,2012.0,1999.0
32012D0243,32008D0477,CITES,2012.0,2008.0
32012D0243,32007D0344,CITES,2012.0,2007.0
32012D0243,32002D0622,CITES,2012.0,2002.0
32012D0243,32010D0267,CITES,2012.0,2010.0
32012D0243,31999L0005,CITES,2012.0,1999.0
32012D0243,32009D0766,CITES,2012.0,2009.0
32019R0817,32018R1862,CITES,2019.0,2018.0
32019R0817,32018R1046,CITES,2019.0,2018.0
32019R0817,31999D0437,CITES,2019.0,1999.0
32019R0817,12016E/TXT,CITES,2019.0,2016.0
32019R0817,32016R0679,CITES,2019.0,2016.0
32019R0817,12016M/TXT,CITES,2019.0,2016.0
32019R0817,32014R0515,CITES,2019.0,2014.0
32019R0817,12016M/PRO/22,CITES,2019.0,2016.0
32019R0817,32016L0680,CITES,2019.0,2016.0
32019R0817,12016E290,CITES,2019.0,2016.0
32019R0817,32016Q0512(01),CITES,2019.0,2016.0
32019R0817,12016P/TXT,CITES,2019.0,2016.0
32019R0817,32008D0146,CITES,2019.0,2008.0
32019R0817,32019R0818,CITES,2019.0,2019.0
32019R0817,12016P007,CITES,2019.0,2016.0
32019R0817,12016P008,CITES,2019.0,2016.0
32019R0817,32002F0584,CITES,2019.0,2002.0
32019R0817,12016E/PRO/22,CITES,2019.0,2016.0
32019R0817,32001R0045,CITES,2019.0,2001.0
32019R0817,12016M005,CITES,2019.0,2016.0
32009R0767,32008L0038,CITES,2009.0,2008.0
32009R0767,31999D0468,CITES,2009.0,1999.0
32009R0767,32002R1774,CITES,2009.0,2002.0
32009R0767,31997L0007,CITES,2009.0,1997.0
32009R0767,32003R1830,CITES,2009.0,2003.0
32009R0767,31990L0167,CITES,2009.0,1990.0
32014D0585,32002L0058,CITES,2014.0,2002.0
32014D0585,31995L0046,CITES,2014.0,1995.0
32014D0585,32010L0040,CITES,2014.0,2010.0
32008D0411,32002L0020,CITES,2008.0,2002.0
32008D0411,32002L0021,CITES,2008.0,2002.0
32008D0411,31999L0005,CITES,2008.0,1999.0
32012D0462,32008D0232,CITES,2012.0,2008.0
32012D0462,31996L0048,CITES,2012.0,1996.0
32012D0462,32011D0665,CITES,2012.0,2011.0
32012D0462,32001L0016,CITES,2012.0,2001.0
32012D0462,32004R0881,CITES,2012.0,2004.0
32012D0462,32008D0284,CITES,2012.0,2008.0
32012D0462,32008D0217,CITES,2012.0,2008.0
32012D0462,32006D0679,CITES,2012.0,2006.0
32012D0462,32011D0633,CITES,2012.0,2011.0
32012D0462,32011D0229,CITES,2012.0,2011.0
32009R1107,31999D0468,CITES,2009.0,1999.0
32009R1107,32004R0882,CITES,2009.0,2004.0
32009R1107,32000L0060,CITES,2009.0,2000.0
32009R1107,31986L0609,CITES,2009.0,1986.0
32009R1107,31999L0045,CITES,2009.0,1999.0
32009R1107,32009L0128,CITES,2009.0,2009.0
32018R1139,12016E/PRO/07,CITES,2018.0,2016.0
32018R1139,32003L0087,CITES,2018.0,2003.0
32018R1139,12016E314,CITES,2018.0,2016.0
32018R1139,32009D0320,CITES,2018.0,2009.0
32018R1139,12016E258,CITES,2018.0,2016.0
32018R1139,32001R0045,CITES,2018.0,2001.0
32018R1139,31968R0259,CITES,2018.0,1968.0
32018R1139,12016M/TXT,CITES,2018.0,2016.0
32018R1139,12016E/TXT,CITES,2018.0,2016.0
32018R1139,32006R1907,CITES,2018.0,2006.0
32018R1139,12016M/PRO/07,CITES,2018.0,2016.0
32018R1139,32012R0966,CITES,2018.0,2012.0
32018R1139,12016E313,CITES,2018.0,2016.0
32018R1139,32013R1271,CITES,2018.0,2013.0
32018R1139,32015D1835,CITES,2018.0,2015.0
32018R1139,32013R1285,CITES,2018.0,2013.0
32018R1139,32004R0549,CITES,2018.0,2004.0
32018R1139,32008R0765,CITES,2018.0,2008.0
32018R1139,32016Q0512(01),CITES,2018.0,2016.0
32018R1139,32016R0679,CITES,2018.0,2016.0
32018R1139,32008D0768,CITES,2018.0,2008.0
32018R1139,12016P008,CITES,2018.0,2016.0
32018R1139,32015D0444,CITES,2018.0,2015.0
32018R1139,12016E016,CITES,2018.0,2016.0
32018R1139,12016E290,CITES,2018.0,2016.0
32018R1139,12016P007,CITES,2018.0,2016.0
32018R1139,32004R0551,CITES,2018.0,2004.0
32018R1139,32013R0883,CITES,2018.0,2013.0
32024L1174,32013R0575,CITES,2024.0,2013.0
32024L1174,12016M005,CITES,2024.0,2016.0
32024L1174,32019L0879,CITES,2024.0,2019.0
32024L1174,32022R2036,CITES,2024.0,2022.0
31994L0022,11992E036,CITES,1994.0,1992.0
31994L0022,31993L0038,CITES,1994.0,1993.0
32025R0041,32018R1862,CITES,2025.0,2018.0
32025R0041,32016Q0512(01),CITES,2025.0,2016.0
32025R0041,12016E290,CITES,2025.0,2016.0
32025R0041,12016M005,CITES,2025.0,2016.0
32025R0041,32002F0584,CITES,2025.0,2002.0
32025R0041,32015R2446,CITES,2025.0,2015.0
32025R0041,12016E346,CITES,2025.0,2016.0
32025R0041,32019L1937,CITES,2025.0,2019.0
32025R0041,32016R0679,CITES,2025.0,2016.0
32025R0041,32021R0821,CITES,2025.0,2021.0
32025R0041,12016E/TXT,CITES,2025.0,2016.0
32025R0041,32015R2447,CITES,2025.0,2015.0
32025R0041,32022R2399,CITES,2025.0,2022.0
32016Y0312(03),31998R2533,CITES,2016.0,1998.0
32016Y0312(03),32011Y1013(01),CITES,2016.0,2011.0
32016Y0312(03),32013R0575,CITES,2016.0,2013.0
32004D0033,31995L0018,CITES,2004.0,1995.0
32004D0033,61976CJ0027,CITES,2004.0,1976.0
32004D0033,31998D0190,CITES,2004.0,1998.0
32004D0033,32001L0012,CITES,2004.0,2001.0
32004D0033,31991L0440,CITES,2004.0,1991.0
32004D0033,61984CJ0311,CITES,2004.0,1984.0
32004D0033,31969R1191,CITES,2004.0,1969.0
32004D0033,31990D0456,CITES,2004.0,1990.0
32004D0033,61998TJ0128,CITES,2004.0,1998.0
32004D0033,31995L0019,CITES,2004.0,1995.0
32004D0033,32001L0014,CITES,2004.0,2001.0
32004D0033,61995CJ0242,CITES,2004.0,1995.0
32004D0393,31998Y0310(01),CITES,2004.0,1998.0
32004D0393,62000CJ0280,CITES,2004.0,2000.0
32004D0393,61979CJ0730,CITES,2004.0,1979.0
32004D0393,31992R2408,CITES,2004.0,1992.0
32004D0393,31992R2407,CITES,2004.0,1992.0
32004D0393,61997TJ0298,CITES,2004.0,1997.0
32004D0393,61992CJ0278,CITES,2004.0,1992.0
32004D0393,12002E087,CITES,2004.0,2002.0
32004D0393,61998TJ0128,CITES,2004.0,1998.0
32004D0393,61973CJ0173,CITES,2004.0,1973.0
32004D0393,61999CJ0482,CITES,2004.0,1999.0
32004D0393,61998CJ0379,CITES,2004.0,1998.0
32004D0393,32001R0069,CITES,2004.0,2001.0
32004D0393,32001R0070,CITES,2004.0,2001.0
32004D0393,31992R2409,CITES,2004.0,1992.0
32004D0393,31999Y1009(01),CITES,2004.0,1999.0
32004D0393,12002E080,CITES,2004.0,2002.0
32004D0393,31993Y1113(01),CITES,2004.0,1993.0
32004D0393,61993CJ0056,CITES,2004.0,1993.0
32004D0393,61976CJ0078,CITES,2004.0,1976.0
32004D0393,31996L0067,CITES,2004.0,1996.0
32018R1971,32002D0627,CITES,2018.0,2002.0
32018R1971,31968R0259,CITES,2018.0,1968.0
32018R1971,12016E228,CITES,2018.0,2016.0
32018R1971,32013R0883,CITES,2018.0,2013.0
32018R1971,32013R0526,CITES,2018.0,2013.0
32018R1971,32004R2006,CITES,2018.0,2004.0
32018R1971,12016E314,CITES,2018.0,2016.0
32018R1971,32016R0679,CITES,2018.0,2016.0
32018R1971,31999Q0531,CITES,2018.0,1999.0
32018R1971,32018R1046,CITES,2018.0,2018.0
32018R1971,12016M005,CITES,2018.0,2016.0
32018R1971,32013Q1220(01),CITES,2018.0,2013.0
32018R1971,32010R0912,CITES,2018.0,2010.0
32018R1971,32013R1271,CITES,2018.0,2013.0
32018R1971,31958R0001,CITES,2018.0,1958.0
32018R1971,12016E339,CITES,2018.0,2016.0
32018R1971,32018L1972,CITES,2018.0,2018.0
32018R1971,32002D0622,CITES,2018.0,2002.0
32018R1971,32012R0531,CITES,2018.0,2012.0
32018R1971,12016E313,CITES,2018.0,2016.0
32018R1971,32015D0444,CITES,2018.0,2015.0
32021R2139,32006R1893,CITES,2021.0,2006.0
32021R2139,32018L2001,CITES,2021.0,2018.0
32018L2001,32003H0361,CITES,2018.0,2003.0
32018L2001,31998L0070,CITES,2018.0,1998.0
32018L2001,12016E349,CITES,2018.0,2016.0
32018L2001,32009L0072,CITES,2018.0,2009.0
32018L2001,32018R1046,CITES,2018.0,2018.0
32018L2001,32003L0004,CITES,2018.0,2003.0
32018L2001,12016E/TXT,CITES,2018.0,2016.0
32018L2001,12016E290,CITES,2018.0,2016.0
32018L2001,12016M005,CITES,2018.0,2016.0
32018L2001,12016E107,CITES,2018.0,2016.0
32018L2001,32009L0073,CITES,2018.0,2009.0
32018L2001,12016E108,CITES,2018.0,2016.0
32018L2001,12016E034,CITES,2018.0,2016.0
32018L2001,32016Q0512(01),CITES,2018.0,2016.0
32018L2001,32012L0027,CITES,2018.0,2012.0
32019R0113,32013R0575,CITES,2019.0,2013.0
32014L0053,32008D0768,CITES,2014.0,2008.0
32014L0053,31998L0034,CITES,2014.0,1998.0
32014L0053,32008R0765,CITES,2014.0,2008.0
32014L0053,32007D0344,CITES,2014.0,2007.0
32014L0053,32014L0030,CITES,2014.0,2014.0
32014L0053,32002L0021,CITES,2014.0,2002.0
32014L0053,32012R1025,CITES,2014.0,2012.0
32014L0053,32014L0035,CITES,2014.0,2014.0
32002D0059,31992R2913,CITES,2002.0,1992.0
32002D0059,31976L0769,CITES,2002.0,1976.0
32002D0059,31980L0068,CITES,2002.0,1980.0
32002D0059,31994L0060,CITES,2002.0,1994.0
32002D0059,31999D0832,CITES,2002.0,1999.0
32002D0059,31999D0834,CITES,2002.0,1999.0
32002D0059,31976L0464,CITES,2002.0,1976.0
32002D0059,31999D0835,CITES,2002.0,1999.0
32002D0059,31999D0833,CITES,2002.0,1999.0
32018R0848,32003R1831,CITES,2018.0,2003.0
32018R0848,32009R1107,CITES,2018.0,2009.0
32018R0848,32008R0765,CITES,2018.0,2008.0
32018R0848,32001L0082,CITES,2018.0,2001.0
32018R0848,32016Q0512(01),CITES,2018.0,2016.0
32018R0848,32008R1332,CITES,2018.0,2008.0
32018R0848,32009R0767,CITES,2018.0,2009.0
32018R0848,32008L0056,CITES,2018.0,2008.0
32018R0848,12016M005,CITES,2018.0,2016.0
32018R0848,12016EN01,CITES,2018.0,2016.0
32018R0848,32013R1305,CITES,2018.0,2013.0
32018R0848,32004R0852,CITES,2018.0,2004.0
32018R0848,32009L0128,CITES,2018.0,2009.0
32018R0848,12016E290,CITES,2018.0,2016.0
32018R0848,32000L0060,CITES,2018.0,2000.0
32018R0848,32016R0679,CITES,2018.0,2016.0
32018R0848,32011R1169,CITES,2018.0,2011.0
32018R0848,32003R1830,CITES,2018.0,2003.0
32018R0848,32013R1306,CITES,2018.0,2013.0
32018R1862,32002F0584,CITES,2018.0,2002.0
32018R1862,12012J004,CITES,2018.0,2012.0
32018R1862,31968R0259,CITES,2018.0,1968.0
32018R1862,32016L0680,CITES,2018.0,2016.0
32018R1862,32018R1727,CITES,2018.0,2018.0
32018R1862,12016E290,CITES,2018.0,2016.0
32018R1862,12016P024,CITES,2018.0,2016.0
32018R1862,32001R0045,CITES,2018.0,2001.0
32018R1862,12016E/PRO/22,CITES,2018.0,2016.0
32018R1862,12016P/TXT,CITES,2018.0,2016.0
32018R1862,32016Q0512(01),CITES,2018.0,2016.0
32018R1862,32013L0048,CITES,2018.0,2013.0
32018R1862,12016P008,CITES,2018.0,2016.0
32018R1862,12005SA004,CITES,2018.0,2005.0
32018R1862,31999D0437,CITES,2018.0,1999.0
32018R1862,32016R0679,CITES,2018.0,2016.0
32018R1862,12016M/TXT,CITES,2018.0,2016.0
32018R1862,12016M005,CITES,2018.0,2016.0
32018R1862,12003T003,CITES,2018.0,2003.0
32018R1862,12016E/TXT,CITES,2018.0,2016.0
32018R1862,32016R0399,CITES,2018.0,2016.0
32018R1862,32018D0934,CITES,2018.0,2018.0
32018R1862,12016M/PRO/22,CITES,2018.0,2016.0
32009L0048,32008D0768,CITES,2009.0,2008.0
32009L0048,32006L0012,CITES,2009.0,2006.0
32009L0048,31999D0468,CITES,2009.0,1999.0
32009L0048,32008R0765,CITES,2009.0,2008.0
32009L0048,32006R1907,CITES,2009.0,2006.0
32009L0048,31998L0034,CITES,2009.0,1998.0
32009L0048,32001L0095,CITES,2009.0,2001.0
32019R1700,32009R0223,CITES,2019.0,2009.0
32019R1700,32002L0058,CITES,2019.0,2002.0
32019R1700,12016M005,CITES,2019.0,2016.0
32019R1700,32018R1046,CITES,2019.0,2018.0
32019R1700,32017R0825,CITES,2019.0,2017.0
32019R1700,32016R0679,CITES,2019.0,2016.0
32019R1700,32014R0282,CITES,2019.0,2014.0
32019R1700,12016E290,CITES,2019.0,2016.0
32019R1700,32001R0045,CITES,2019.0,2001.0
32019R1700,32016Q0512(01),CITES,2019.0,2016.0
32019R1700,32013R1291,CITES,2019.0,2013.0
32019R1700,32013R1303,CITES,2019.0,2013.0
32025R0301,32010R1094,CITES,2025.0,2010.0
32025R0301,32010R1093,CITES,2025.0,2010.0
32025R0301,32024R1772,CITES,2025.0,2024.0
32025R0301,32010R1095,CITES,2025.0,2010.0
32024R3011,32014L0041,CITES,2024.0,2014.0
32024R3011,12016M/PRO/22,CITES,2024.0,2016.0
32024R3011,12016M006,CITES,2024.0,2016.0
32024R3011,32002F0584,CITES,2024.0,2002.0
32024R3011,12016E/PRO/21,CITES,2024.0,2016.0
32024R3011,32023R2844,CITES,2024.0,2023.0
32024R3011,32016L0680,CITES,2024.0,2016.0
32024R3011,32001Y0115(02),CITES,2024.0,2001.0
32024R3011,12016M005,CITES,2024.0,2016.0
32024R3011,12016E290,CITES,2024.0,2016.0
32024R3011,32013L0048,CITES,2024.0,2013.0
32024R3011,32012L0029,CITES,2024.0,2012.0
32024R3011,32013R0606,CITES,2024.0,2013.0
32024R3011,32018R1727,CITES,2024.0,2018.0
32024R3011,32011L0099,CITES,2024.0,2011.0
32024R3011,12016E/PRO/22,CITES,2024.0,2016.0
32024R3011,32016Q0512(01),CITES,2024.0,2016.0
32024R3011,32016L1919,CITES,2024.0,2016.0
32024R3011,32002F0475,CITES,2024.0,2002.0
32024R3011,12016M/PRO/21,CITES,2024.0,2016.0
32024R3011,12016P047,CITES,2024.0,2016.0
32024R3011,12016P/TXT,CITES,2024.0,2016.0
32024R3011,32012L0013,CITES,2024.0,2012.0
32024L1760,32016R0679,CITES,2024.0,2016.0
32024L1760,32014L0023,CITES,2024.0,2014.0
32024L1760,32017R0821,CITES,2024.0,2017.0
32024L1760,12016M005,CITES,2024.0,2016.0
32024L1760,32014R0596,CITES,2024.0,2014.0
32024L1760,32016L0943,CITES,2024.0,2016.0
32024L1760,32024L1619,CITES,2024.0,2024.0
32024L1760,32009L0138,CITES,2024.0,2009.0
32024L1760,32009L0065,CITES,2024.0,2009.0
32024L1760,32023R1115,CITES,2024.0,2023.0
32024L1760,32016Q0512(01),CITES,2024.0,2016.0
32024L1760,32023R1114,CITES,2024.0,2023.0
32024L1760,32017R2402,CITES,2024.0,2017.0
32024L1760,32013R0575,CITES,2024.0,2013.0
32024L1760,12016P008,CITES,2024.0,2016.0
32024L1760,12016P007,CITES,2024.0,2016.0
32024L1760,32021R0821,CITES,2024.0,2021.0
32024L1760,12016M002,CITES,2024.0,2016.0
32024L1760,32016L2341,CITES,2024.0,2016.0
32024L1760,32014R0909,CITES,2024.0,2014.0
32024L1760,32015L2366,CITES,2024.0,2015.0
32024L1760,32021R1119,CITES,2024.0,2021.0
32024L1760,12016E290,CITES,2024.0,2016.0
32024L1760,32014L0025,CITES,2024.0,2014.0
32024L1760,32004L0035,CITES,2024.0,2004.0
32024L1760,32013R0346,CITES,2024.0,2013.0
32024L1760,32017C1213(01),CITES,2024.0,2017.0
32024L1760,12016P/TXT,CITES,2024.0,2016.0
32024L1760,32013R0345,CITES,2024.0,2013.0
32024L1760,32012R0648,CITES,2024.0,2012.0
32024L1760,32020R1503,CITES,2024.0,2020.0
32024L1760,32023R1542,CITES,2024.0,2023.0
32024L1760,32014L0024,CITES,2024.0,2014.0
32024L1760,12016E191,CITES,2024.0,2016.0
31999D0437,11997D/PRO/05,CITES,1999.0,1997.0
31999D0437,11997M024,CITES,1999.0,1997.0
32004D0327,32003D0751,CITES,2004.0,2003.0
32004D0327,32003D0752,CITES,2004.0,2003.0
32001D0696,32000Y0811(02),CITES,2001.0,2000.0
32001D0696,32000L0046,CITES,2001.0,2000.0
32001D0696,11997E081,CITES,2001.0,1997.0
32001D0696,31999L0093,CITES,2001.0,1999.0
32010R1071,32010R0273,CITES,2010.0,2010.0
32010R1071,32008R0351,CITES,2010.0,2008.0
32010R1071,32010R0590,CITES,2010.0,2010.0
32016R1799,32010R1095,CITES,2016.0,2010.0
32016R1799,32015R0002,CITES,2016.0,2015.0
32016R1799,32010R1093,CITES,2016.0,2010.0
32016R1799,32010R1094,CITES,2016.0,2010.0
32021R0696,32017L1371,CITES,2021.0,2017.0
32021R0696,12016E322,CITES,2021.0,2016.0
32021R0696,32016Q0512(01),CITES,2021.0,2016.0
32021R0696,32021R0523,CITES,2021.0,2021.0
32021R0696,32008L0114,CITES,2021.0,2008.0
32021R0696,32013D0755,CITES,2021.0,2013.0
32021R0696,32011D1104,CITES,2021.0,2011.0
32021R0696,12016E346,CITES,2021.0,2016.0
32021R0696,32010D0427,CITES,2021.0,2010.0
32021R0696,12016E004,CITES,2021.0,2016.0
32021R0696,32020R2093,CITES,2021.0,2020.0
32021R0696,12016M/TXT,CITES,2021.0,2016.0
32021R0696,12016E/PRO/07,CITES,2021.0,2016.0
32021R0696,32017D1406,CITES,2021.0,2017.0
32021R0696,12016E228,CITES,2021.0,2016.0
32021R0696,32014L0025,CITES,2021.0,2014.0
32021R0696,32021R0694,CITES,2021.0,2021.0
32021R0696,12016E290,CITES,2021.0,2016.0
32021R0696,32013R0883,CITES,2021.0,2013.0
32021R0696,32021R0695,CITES,2021.0,2021.0
32021R0696,12016E/TXT,CITES,2021.0,2016.0
32021R0696,12016E312,CITES,2021.0,2016.0
32021R0696,32016R0679,CITES,2021.0,2016.0
32021R0696,32018R1139,CITES,2021.0,2018.0
32021R0696,12016M002,CITES,2021.0,2016.0
32021R0696,32021R0697,CITES,2021.0,2021.0
32021R0696,31958R0001,CITES,2021.0,1958.0
32021R0696,12016M005,CITES,2021.0,2016.0
32021R0696,12016E314,CITES,2021.0,2016.0
32021R0696,31999Q0531,CITES,2021.0,1999.0
32021R0696,32012D0243,CITES,2021.0,2012.0
32021R0696,32014L0024,CITES,2021.0,2014.0
32021R0696,12016M016,CITES,2021.0,2016.0
32021R0696,32009L0081,CITES,2021.0,2009.0
32021R0696,32015D0444,CITES,2021.0,2015.0
32021R0696,12016M/PRO/07,CITES,2021.0,2016.0
32021R0696,12016E263,CITES,2021.0,2016.0
32021R0696,12016E218,CITES,2021.0,2016.0
32021R0696,32003L0098,CITES,2021.0,2003.0
32021R0696,32019R0452,CITES,2021.0,2019.0
32021R0696,32013R1159,CITES,2021.0,2013.0
32021R0696,32010R0911,CITES,2021.0,2010.0
32021R0696,32020Q1222(01),CITES,2021.0,2020.0
32021R0696,32018R1046,CITES,2021.0,2018.0
32021R0696,32013D0488,CITES,2021.0,2013.0
32014R0537,32013R0575,CITES,2014.0,2013.0
32014R0537,32010R1092,CITES,2014.0,2010.0
32014R0537,32009L0138,CITES,2014.0,2009.0
32014R0537,32010R1094,CITES,2014.0,2010.0
32014R0537,32010R1093,CITES,2014.0,2010.0
32014R0537,32003L0071,CITES,2014.0,2003.0
32014R0537,32005L0060,CITES,2014.0,2005.0
32014R0537,32001R0045,CITES,2014.0,2001.0
32014R0537,32004L0039,CITES,2014.0,2004.0
32014R0537,31986L0635,CITES,2014.0,1986.0
32014R0537,32010R1095,CITES,2014.0,2010.0
32014R0537,31995L0046,CITES,2014.0,1995.0
32014R0537,32007L0064,CITES,2014.0,2007.0
32014R0537,32009L0065,CITES,2014.0,2009.0
32012R1024,32001R0045,CITES,2012.0,2001.0
32012R1024,32004R2006,CITES,2012.0,2004.0
32012R1024,32006L0123,CITES,2012.0,2006.0
32012R1024,32009D0739,CITES,2012.0,2009.0
32012R1024,31995L0046,CITES,2012.0,1995.0
32012R1024,31998L0034,CITES,2012.0,1998.0
32008D1351,31999D0468,CITES,2008.0,1999.0
32008D1351,31999D0276,CITES,2008.0,1999.0
32008D1351,32005D0854,CITES,2008.0,2005.0
32008D1351,32000X1218(01),CITES,2008.0,2000.0
32025D0704,32015D0444,CITES,2025.0,2015.0
32025D0704,32021D1956,CITES,2025.0,2021.0
32025D0704,32018R1046,CITES,2025.0,2018.0
32025D0799,12020W/TXT,CITES,2025.0,2020.0
32024D2657,32024R1252,CITES,2024.0,2024.0
32024D2657,12020W/PRO/01,CITES,2024.0,2020.0
32024D2657,12020W/TXT,CITES,2024.0,2020.0
32019L0879,12016M005,CITES,2019.0,2016.0
32019L0879,32002L0047,CITES,2019.0,2002.0
32019L0879,32010R1093,CITES,2019.0,2010.0
32019L0879,32013R0575,CITES,2019.0,2013.0
32019L0879,32012R0648,CITES,2019.0,2012.0
32018D1942,32016D2240,CITES,2018.0,2016.0
32018L1972,32016R0679,CITES,2018.0,2016.0
32018L1972,12016E057,CITES,2018.0,2016.0
32018L1972,11997D/AFI/DCL/22,CITES,2018.0,1997.0
32018L1972,32014L0061,CITES,2018.0,2014.0
32018L1972,31999H0519,CITES,2018.0,1999.0
32018L1972,32013H0466,CITES,2018.0,2013.0
32018L1972,32002L0058,CITES,2018.0,2002.0
32018L1972,12016E056,CITES,2018.0,2016.0
32018L1972,62010CJ0614,CITES,2018.0,2010.0
32018L1972,32015L1535,CITES,2018.0,2015.0
32018L1972,12016E267,CITES,2018.0,2016.0
32018L1972,12016P011,CITES,2018.0,2016.0
32018L1972,11997D/TXT,CITES,2018.0,1997.0
32018L1972,12016P008,CITES,2018.0,2016.0
32018L1972,32012R0531,CITES,2018.0,2012.0
32018L1972,12016P/TXT,CITES,2018.0,2016.0
32018L1972,32014L0035,CITES,2018.0,2014.0
32018L1972,12016E290,CITES,2018.0,2016.0
32018L1972,12016P007,CITES,2018.0,2016.0
32018L1972,32017D0899,CITES,2018.0,2017.0
32018L1972,32013R0526,CITES,2018.0,2013.0
32018L1972,32005H0698,CITES,2018.0,2005.0
32018L1972,32014L0030,CITES,2018.0,2014.0
32018L1972,12016E108,CITES,2018.0,2016.0
32018L1972,32003H0361,CITES,2018.0,2003.0
32018L1972,12016E/TXT,CITES,2018.0,2016.0
32018L1972,12016P052,CITES,2018.0,2016.0
32018L1972,32009R1211,CITES,2018.0,2009.0
32018L1972,32013R1315,CITES,2018.0,2013.0
32018L1972,32014L0053,CITES,2018.0,2014.0
32018L1972,32016L1148,CITES,2018.0,2016.0
32018L1972,32008R0593,CITES,2018.0,2008.0
32018L1972,32016Q0512(01),CITES,2018.0,2016.0
32018L1972,32018R1971,CITES,2018.0,2018.0
32018L1972,12016E107,CITES,2018.0,2016.0
32018L1972,12016E345,CITES,2018.0,2016.0
32018L1972,12016M005,CITES,2018.0,2016.0
32018L1972,32002D0622,CITES,2018.0,2002.0
32018L1972,32003L0098,CITES,2018.0,2003.0
32018L1972,12016E052,CITES,2018.0,2016.0
32018L1972,12016M/TXT,CITES,2018.0,2016.0
32018L1972,61985CJ0352,CITES,2018.0,1985.0
32018L1972,12016E169,CITES,2018.0,2016.0
32014D0532,61999TJ0055,CITES,2014.0,1999.0
32014D0532,62004TJ0233,CITES,2014.0,2004.0
32014D0532,62006CJ0390,CITES,2014.0,2006.0
32014D0532,31999R0659,CITES,2014.0,1999.0
32014D0532,31998R0994,CITES,2014.0,1998.0
32014D0532,61973CJ0173,CITES,2014.0,1973.0
32014D0532,61979CJ0730,CITES,2014.0,1979.0
32014D0532,32004R0794,CITES,2014.0,2004.0
32014D0532,61996TJ0132,CITES,2014.0,1996.0
32014D0532,62008CJ0279,CITES,2014.0,2008.0
32014D0532,32008R0271,CITES,2014.0,2008.0
32014D0532,31997Y0917(01),CITES,2014.0,1997.0
32014D0532,62004CJ0222,CITES,2014.0,2004.0
32014D0532,61999CJ0143,CITES,2014.0,1999.0
32017R0653,32014R0600,CITES,2017.0,2014.0
32017R0653,32009L0065,CITES,2017.0,2009.0
32017R0653,32010R1095,CITES,2017.0,2010.0
32017R0653,32016L0097,CITES,2017.0,2016.0
32017R0653,32010R1094,CITES,2017.0,2010.0
32017R0653,32010R1093,CITES,2017.0,2010.0
32012D0321,32004L0018,CITES,2012.0,2004.0
32012D0321,61997TJ0298,CITES,2012.0,1997.0
32012D0321,32008L0006,CITES,2012.0,2008.0
32012D0321,61991CJ0320,CITES,2012.0,1991.0
32012D0321,32009D0613,CITES,2012.0,2009.0
32012D0321,32005D0145,CITES,2012.0,2005.0
32012D0321,62009CJ0071,CITES,2012.0,2009.0
32012D0321,61973CJ0173,CITES,2012.0,1973.0
32012D0321,31997L0067,CITES,2012.0,1997.0
32012D0321,61985CJ0310,CITES,2012.0,1985.0
32012D0321,62003TJ0388,CITES,2012.0,2003.0
32012D0321,62000CJ0280,CITES,2012.0,2000.0
32012D0321,61998CJ0379,CITES,2012.0,1998.0
32012D0321,62001CJ0083,CITES,2012.0,2001.0
32012D0321,61997CJ0251,CITES,2012.0,1997.0
32012D0321,61992CJ0387,CITES,2012.0,1992.0
32012D0321,61994CJ0241,CITES,2012.0,1994.0
32012D0321,32004R0794,CITES,2012.0,2004.0
32012D0321,62001TJ0157,CITES,2012.0,2001.0
32012D0321,62001TJ0301,CITES,2012.0,2001.0
32012D0321,62001CJ0005,CITES,2012.0,2001.0
32012D0321,62009CJ0148,CITES,2012.0,2009.0
32012D0321,31992L0050,CITES,2012.0,1992.0
32012D0321,32011D0747,CITES,2012.0,2011.0
32012D0321,61959CJ0030,CITES,2012.0,1959.0
32006L0021,31992L0104,CITES,2006.0,1992.0
32006L0021,32002D1600,CITES,2006.0,2002.0
32006L0021,31996L0082,CITES,2006.0,1996.0
32006L0021,31967L0548,CITES,2006.0,1967.0
32006L0021,31980L0068,CITES,2006.0,1980.0
32006L0021,31999L0045,CITES,2006.0,1999.0
32006L0021,31996L0061,CITES,2006.0,1996.0
32006L0021,32003Q1231(01),CITES,2006.0,2003.0
32006L0021,31992L0091,CITES,2006.0,1992.0
32006L0021,32003L0105,CITES,2006.0,2003.0
32006L0021,31985L0337,CITES,2006.0,1985.0
32006L0021,31975L0442,CITES,2006.0,1975.0
32006L0021,31976L0464,CITES,2006.0,1976.0
32013R0883,31968R0259,CITES,2013.0,1968.0
32013R0883,32001R0045,CITES,2013.0,2001.0
32017R0394,32010R1095,CITES,2017.0,2010.0
32017R0394,32012R1247,CITES,2017.0,2012.0
32024L2853,32016L0680,CITES,2024.0,2016.0
32024L2853,32024R1689,CITES,2024.0,2024.0
32024L2853,32022R2065,CITES,2024.0,2022.0
32024L2853,32017R0745,CITES,2024.0,2017.0
32024L2853,12016M005,CITES,2024.0,2016.0
32024L2853,31997L0067,CITES,2024.0,1997.0
32024L2853,32016R0679,CITES,2024.0,2016.0
32024L2853,12016E/TXT,CITES,2024.0,2016.0
32024L2853,32019R1020,CITES,2024.0,2019.0
32024L2853,32022R0868,CITES,2024.0,2022.0
32024L2853,32016L0943,CITES,2024.0,2016.0
32024L2853,32008D0768,CITES,2024.0,2008.0
32024L2853,32003H0361,CITES,2024.0,2003.0
32024L2853,32002L0058,CITES,2024.0,2002.0
32024L2853,32016Q0512(01),CITES,2024.0,2016.0
32001D0098,61996TJ0102,CITES,2001.0,1996.0
32001D0098,31962R0017,CITES,2001.0,1962.0
32001D0098,11997E082,CITES,2001.0,1997.0
32001D0098,31999D0287,CITES,2001.0,1999.0
32001D0098,31998R0447,CITES,2001.0,1998.0
32001D0098,31996D0177,CITES,2001.0,1996.0
32001D0098,11997E081,CITES,2001.0,1997.0
32001D0098,31997L0033,CITES,2001.0,1997.0
32001D0098,31995M0570,CITES,2001.0,1995.0
32001D0098,31995L0047,CITES,2001.0,1995.0
32004R0852,32004R0853,CITES,2004.0,2004.0
32004R0852,31999D0468,CITES,2004.0,1999.0
32004R0852,31998L0083,CITES,2004.0,1998.0
32004R0852,31993R0315,CITES,2004.0,1993.0
32014L0052,32013R0347,CITES,2014.0,2013.0
32014L0052,31985L0337,CITES,2014.0,1985.0
32014L0052,32013R1316,CITES,2014.0,2013.0
32014L0052,32000L0060,CITES,2014.0,2000.0
32014L0052,32013L0030,CITES,2014.0,2013.0
32014L0052,32013R1315,CITES,2014.0,2013.0
32019R0979,32004L0025,CITES,2019.0,2004.0
32019R0979,32014R1286,CITES,2019.0,2014.0
32019R0979,32010R1095,CITES,2019.0,2010.0
32008R0987,31967L0548,CITES,2008.0,1967.0
32018R1481,32008R1331,CITES,2018.0,2008.0
32021O0827,31998R2533,CITES,2021.0,1998.0
32023R1656,32009R1107,CITES,2023.0,2009.0
32023R1656,32021R2081,CITES,2023.0,2021.0
32023R1656,32018R0172,CITES,2023.0,2018.0
32023R1656,32006R1907,CITES,2023.0,2006.0
32023R1656,32020D1765,CITES,2023.0,2020.0
32023R1656,32022R0094,CITES,2023.0,2022.0
32023R1656,32018D0622,CITES,2023.0,2018.0
32023R1656,32014R1078,CITES,2023.0,2014.0
32023R1656,32022R0782,CITES,2023.0,2022.0
32017D0179,32001R0045,CITES,2017.0,2001.0
32017D0179,32015D0444,CITES,2017.0,2015.0
32017D0179,12016E218,CITES,2017.0,2016.0
32003R0859,31971R1408,CITES,2003.0,1971.0
32003R0859,11997D/PRO/05,CITES,2003.0,1997.0
32003R0859,32000X1218(01),CITES,2003.0,2000.0
32003R0859,31972R0574,CITES,2003.0,1972.0
31993R3604,31992L0049,CITES,1993.0,1992.0
31993R3604,31977L0780,CITES,1993.0,1977.0
31993R3604,31980L0723,CITES,1993.0,1980.0
31993R3604,31992L0096,CITES,1993.0,1992.0
31993R3604,31985L0611,CITES,1993.0,1985.0
31993R3604,31993L0022,CITES,1993.0,1993.0
32024R3110,32014L0024,CITES,2024.0,2014.0
32024R3110,32016L0943,CITES,2024.0,2016.0
32024R3110,32020L2184,CITES,2024.0,2020.0
32024R3110,32016Q0512(01),CITES,2024.0,2016.0
32024R3110,32008D0768,CITES,2024.0,2008.0
32024R3110,32014L0025,CITES,2024.0,2014.0
32024R3110,32014L0035,CITES,2024.0,2014.0
32024R3110,32006R1907,CITES,2024.0,2006.0
32024R3110,32016R0679,CITES,2024.0,2016.0
32024R3110,32008R0765,CITES,2024.0,2008.0
32024R3110,12016M005,CITES,2024.0,2016.0
32024R3110,12016E290,CITES,2024.0,2016.0
32024R3110,32014L0033,CITES,2024.0,2014.0
32024R3110,32014L0053,CITES,2024.0,2014.0
32024R3110,32014L0030,CITES,2024.0,2014.0
32024R3110,32001L0095,CITES,2024.0,2001.0
32024R3110,32003H0361,CITES,2024.0,2003.0
32024R3110,32012R1025,CITES,2024.0,2012.0
32024R3110,12016E291,CITES,2024.0,2016.0
32024R3110,12016E349,CITES,2024.0,2016.0
32024R3110,32024R2747,CITES,2024.0,2024.0
32024R3110,32014R0910,CITES,2024.0,2014.0
32024R3110,32022R2065,CITES,2024.0,2022.0
32024R3110,32015L1535,CITES,2024.0,2015.0
31997L0067,31983L0189,CITES,1997.0,1983.0
31997L0067,11992E007A,CITES,1997.0,1992.0
31997L0067,11992E148,CITES,1997.0,1992.0
32024L1654,32012R0260,CITES,2024.0,2012.0
32024L1654,32024L1640,CITES,2024.0,2024.0
32024L1654,12016M005,CITES,2024.0,2016.0
32024L1654,32023R1114,CITES,2024.0,2023.0
32024L1654,12016M006,CITES,2024.0,2016.0
32024L1654,12016E/PRO/22,CITES,2024.0,2016.0
32024L1654,32015L0849,CITES,2024.0,2015.0
32024L1654,12016M/PRO/22,CITES,2024.0,2016.0
32024L1654,12016E/PRO/21,CITES,2024.0,2016.0
32024L1654,32016L0680,CITES,2024.0,2016.0
32024L1654,32024R1620,CITES,2024.0,2024.0
32024L1654,32023R1113,CITES,2024.0,2023.0
32024L1654,12016M/PRO/21,CITES,2024.0,2016.0
32024L1654,12016P/TXT,CITES,2024.0,2016.0
32016R1013,12016E127,CITES,2016.0,2016.0
32016R1013,32012R0966,CITES,2016.0,2012.0
32016R1013,12016E290,CITES,2016.0,2016.0
32016R1013,12007L/TXT,CITES,2016.0,2007.0
32016R1013,12016E282,CITES,2016.0,2016.0
32016R1013,32015L0849,CITES,2016.0,2015.0
32016R1013,32016Q0512(01),CITES,2016.0,2016.0
32016R1013,32009R0223,CITES,2016.0,2009.0
32016R1013,12016E291,CITES,2016.0,2016.0
32012R0244,32011R0305,CITES,2012.0,2011.0
32008R1338,32001R0045,CITES,2008.0,2001.0
32008R1338,31999D0468,CITES,2008.0,1999.0
32008R1338,32007D1350,CITES,2008.0,2007.0
32008R1338,32002D1786,CITES,2008.0,2002.0
32008R1338,31995L0046,CITES,2008.0,1995.0
32008R1338,31989D0382,CITES,2008.0,1989.0
32008R1338,32007G0630(01),CITES,2008.0,2007.0
32008R1338,32002D1600,CITES,2008.0,2002.0
32008R1338,32003H0670,CITES,2008.0,2003.0
32008R1338,32006D1672,CITES,2008.0,2006.0
32008R1338,32002G0705(01),CITES,2008.0,2002.0
32008R1338,31990R1588,CITES,2008.0,1990.0
32008R1338,12007P/TXT,CITES,2008.0,2007.0
32008R1338,32003G0724(01),CITES,2008.0,2003.0
32008R1338,32000X1218(01),CITES,2008.0,2000.0
32008R1338,31997R0322,CITES,2008.0,1997.0
32014L0045,32006L0123,CITES,2014.0,2006.0
32014L0045,32008R0765,CITES,2014.0,2008.0
32014L0045,32003L0037,CITES,2014.0,2003.0
32014L0045,32007L0046,CITES,2014.0,2007.0
32014L0045,32002L0024,CITES,2014.0,2002.0
32006L0038,31996D1692,CITES,2006.0,1996.0
32006L0038,31999D0468,CITES,2006.0,1999.0
32006L0038,31985R3821,CITES,2006.0,1985.0
32021R1149,32013R0883,CITES,2021.0,2013.0
32021R1149,32016Q0512(01),CITES,2021.0,2016.0
32021R1149,32013D0755,CITES,2021.0,2013.0
32021R1149,32018R1046,CITES,2021.0,2018.0
32021R1149,12016M002,CITES,2021.0,2016.0
32021R1149,12016E/TXT,CITES,2021.0,2016.0
32021R1149,12016E/PRO/21,CITES,2021.0,2016.0
32021R1149,32021R1148,CITES,2021.0,2021.0
32021R1149,32014R0513,CITES,2021.0,2014.0
32021R1149,32017L1371,CITES,2021.0,2017.0
32021R1149,32021R1060,CITES,2021.0,2021.0
32021R1149,32021R0693,CITES,2021.0,2021.0
32021R1149,12016E322,CITES,2021.0,2016.0
32021R1149,12016M/PRO/22,CITES,2021.0,2016.0
32021R1149,32020R2093,CITES,2021.0,2020.0
32021R1149,12016M005,CITES,2021.0,2016.0
32021R1149,12016M003,CITES,2021.0,2016.0
32021R1149,12016E290,CITES,2021.0,2016.0
32021R1149,12016E/PRO/22,CITES,2021.0,2016.0
32021R1149,12016E258,CITES,2021.0,2016.0
32021R1149,32021R0694,CITES,2021.0,2021.0
32021R1149,12016M/PRO/21,CITES,2021.0,2016.0
32021R1149,32021R0523,CITES,2021.0,2021.0
32021R1149,12016P/TXT,CITES,2021.0,2016.0
32021R1149,32021R0695,CITES,2021.0,2021.0
32021R1149,32020Q1222(01),CITES,2021.0,2020.0
32021R1149,12016M/TXT,CITES,2021.0,2016.0
32021R1149,12016E349,CITES,2021.0,2016.0
32019R0123,32010R0255,CITES,2019.0,2010.0
32019R0123,32004R0549,CITES,2019.0,2004.0
32019R0123,32005R2111,CITES,2019.0,2005.0
32019R0123,32013R0390,CITES,2019.0,2013.0
32019R0123,32013R0391,CITES,2019.0,2013.0
32017R1938,12016M005,CITES,2017.0,2016.0
32017R1938,32009L0072,CITES,2017.0,2009.0
32017R1938,12016M/TXT,CITES,2017.0,2016.0
32017R1938,12016E290,CITES,2017.0,2016.0
32017R1938,12016E/TXT,CITES,2017.0,2016.0
32017R1938,32008L0114,CITES,2017.0,2008.0
32017R1938,32009L0073,CITES,2017.0,2009.0
32017R1938,32013D1313,CITES,2017.0,2013.0
32017R1938,32009R0713,CITES,2017.0,2009.0
32017R1938,12016E258,CITES,2017.0,2016.0
32017R1938,32016Q0512(01),CITES,2017.0,2016.0
32017R1938,32009R0715,CITES,2017.0,2009.0
32017R1938,12016P/TXT,CITES,2017.0,2016.0
32017R1938,32009R0714,CITES,2017.0,2009.0
32017R1938,32013R0347,CITES,2017.0,2013.0
32020L2184,12016E290,CITES,2020.0,2016.0
32020L2184,32003L0004,CITES,2020.0,2003.0
32020L2184,12016E193,CITES,2020.0,2016.0
32020L2184,32016R0426,CITES,2020.0,2016.0
32020L2184,12016E/TXT,CITES,2020.0,2016.0
32020L2184,32000L0060,CITES,2020.0,2000.0
32020L2184,32012R1025,CITES,2020.0,2012.0
32020L2184,32008D0768,CITES,2020.0,2008.0
32020L2184,32013D1386,CITES,2020.0,2013.0
32020L2184,32011R0305,CITES,2020.0,2011.0
32020L2184,32018D0881,CITES,2020.0,2018.0
32020L2184,32019R1020,CITES,2020.0,2019.0
32020L2184,12016M005,CITES,2020.0,2016.0
32020L2184,12016M019,CITES,2020.0,2016.0
32020L2184,32013L0051,CITES,2020.0,2013.0
32020L2184,12016E191,CITES,2020.0,2016.0
32020L2184,32016Q0512(01),CITES,2020.0,2016.0
32020L2184,32006R1907,CITES,2020.0,2006.0
32020L2184,12016P/TXT,CITES,2020.0,2016.0
32020L2184,12016M004,CITES,2020.0,2016.0
32015R0864,31995R2494,CITES,2015.0,1995.0
32019R0818,32016Q0512(01),CITES,2019.0,2016.0
32019R0818,31999D0437,CITES,2019.0,1999.0
32019R0818,12016M/TXT,CITES,2019.0,2016.0
32019R0818,12016E/PRO/21,CITES,2019.0,2016.0
32019R0818,32001R0045,CITES,2019.0,2001.0
32019R0818,32014R0515,CITES,2019.0,2014.0
32019R0818,12016M005,CITES,2019.0,2016.0
32019R0818,12016E290,CITES,2019.0,2016.0
32019R0818,32018R1046,CITES,2019.0,2018.0
32019R0818,12016E/TXT,CITES,2019.0,2016.0
32019R0818,32002F0584,CITES,2019.0,2002.0
32019R0818,32016L0680,CITES,2019.0,2016.0
32019R0818,12016E/PRO/22,CITES,2019.0,2016.0
32019R0818,32019R0817,CITES,2019.0,2019.0
32019R0818,12016E288,CITES,2019.0,2016.0
32019R0818,12016P/TXT,CITES,2019.0,2016.0
32019R0818,32016R0399,CITES,2019.0,2016.0
32019R0818,12016M/PRO/22,CITES,2019.0,2016.0
32019R0818,12016M/PRO/21,CITES,2019.0,2016.0
32019R0818,12016P008,CITES,2019.0,2016.0
32019R0818,32017R2226,CITES,2019.0,2017.0
32019R0818,12016P007,CITES,2019.0,2016.0
32019R0818,32008R0767,CITES,2019.0,2008.0
32019R0818,32016R0679,CITES,2019.0,2016.0
32025L0002,32019L0878,CITES,2025.0,2019.0
32025L0002,32014R0342,CITES,2025.0,2014.0
32025L0002,32010R1093,CITES,2025.0,2010.0
32025L0002,32010R1094,CITES,2025.0,2010.0
32025L0002,32009L0065,CITES,2025.0,2009.0
32025L0002,32016L2341,CITES,2025.0,2016.0
32025L0002,12016M005,CITES,2025.0,2016.0
32025L0002,12016E291,CITES,2025.0,2016.0
32025L0002,31983L0349,CITES,2025.0,1983.0
32025L0002,32013R0575,CITES,2025.0,2013.0
32025L0002,32016Q0512(01),CITES,2025.0,2016.0
32025L0002,32004L0039,CITES,2025.0,2004.0
32025L0002,32021R1119,CITES,2025.0,2021.0
32025L0002,32010R1092,CITES,2025.0,2010.0
32025L0002,32006L0048,CITES,2025.0,2006.0
32025L0002,32019L2034,CITES,2025.0,2019.0
32025L0002,32019R2033,CITES,2025.0,2019.0
32025L0002,12016E290,CITES,2025.0,2016.0
32025L0002,32025L0001,CITES,2025.0,2025.0
32025L0002,32015L0849,CITES,2025.0,2015.0
32025L0002,32019R0881,CITES,2025.0,2019.0
32025L0002,32010R1095,CITES,2025.0,2010.0
32025L0002,31985L0611,CITES,2025.0,1985.0
32025L0002,32019L1937,CITES,2025.0,2019.0
32025L0002,32023R1114,CITES,2025.0,2023.0
32025L0002,32015R0035,CITES,2025.0,2015.0
32012R0260,32007L0064,CITES,2012.0,2007.0
32012R0260,31995L0046,CITES,2012.0,1995.0
32012R0260,32010R1093,CITES,2012.0,2010.0
32012R0260,32006L0048,CITES,2012.0,2006.0
32012R0260,32003H0361,CITES,2012.0,2003.0
32017R1145,31982L0471,CITES,2017.0,1982.0
32017R1145,31970L0524,CITES,2017.0,1970.0
32016L0797,32012R1025,CITES,2016.0,2012.0
32016L0797,32008R0765,CITES,2016.0,2008.0
32016L0797,32012L0034,CITES,2016.0,2012.0
32016L0797,32015L1535,CITES,2016.0,2015.0
32016L0797,32014L0025,CITES,2016.0,2014.0
32016L0797,31996L0048,CITES,2016.0,1996.0
32016L0797,32008D0768,CITES,2016.0,2008.0
32016L0797,31998D0500,CITES,2016.0,1998.0
32020D0667,32012D0243,CITES,2020.0,2012.0
32018R0871,32006R0473,CITES,2018.0,2006.0
32018R0871,32008R1131,CITES,2018.0,2008.0
32018R0871,32007R0787,CITES,2018.0,2007.0
32018R1973,31991L0672,CITES,2018.0,1991.0
32011L0089,32004L0039,CITES,2011.0,2004.0
32011L0089,32010R1095,CITES,2011.0,2010.0
32011L0089,31973L0239,CITES,2011.0,1973.0
32011L0089,32006L0049,CITES,2011.0,2006.0
32011L0089,32010R1094,CITES,2011.0,2010.0
32011L0089,32010R1093,CITES,2011.0,2010.0
32011L0089,32002L0083,CITES,2011.0,2002.0
32011L0089,32005L0068,CITES,2011.0,2005.0
32011L0089,32009L0065,CITES,2011.0,2009.0
32011L0089,31992L0049,CITES,2011.0,1992.0
32009L0081,32000L0078,CITES,2009.0,2000.0
32009L0081,32001D0264,CITES,2009.0,2001.0
32009L0081,32003Q1231(01),CITES,2009.0,2003.0
32009L0081,31999D0468,CITES,2009.0,1999.0
32009L0081,32007L0066,CITES,2009.0,2007.0
32009L0081,32001D0844,CITES,2009.0,2001.0
32009L0081,31999L0093,CITES,2009.0,1999.0
32009L0081,31989L0665,CITES,2009.0,1989.0
32009L0081,31958D0255,CITES,2009.0,1958.0
32009L0081,31992L0013,CITES,2009.0,1992.0
32009L0081,31976L0207,CITES,2009.0,1976.0
32021R1148,12016E/PRO/22,CITES,2021.0,2016.0
32021R1148,12016M/PRO/22,CITES,2021.0,2016.0
32021R1148,12016E258,CITES,2021.0,2016.0
32021R1148,32020R2093,CITES,2021.0,2020.0
32021R1148,12016M005,CITES,2021.0,2016.0
32021R1148,32018R1862,CITES,2021.0,2018.0
32021R1148,12016E290,CITES,2021.0,2016.0
32021R1148,12016P/TXT,CITES,2021.0,2016.0
32021R1148,32021R0695,CITES,2021.0,2021.0
32021R1148,32020Q1222(01),CITES,2021.0,2020.0
32021R1148,12016E349,CITES,2021.0,2016.0
32021R1148,31999D0437,CITES,2021.0,1999.0
32021R1148,32017R2226,CITES,2021.0,2017.0
32021R1148,32013R0883,CITES,2021.0,2013.0
32021R1148,32019R0818,CITES,2021.0,2019.0
32021R1148,32013D0755,CITES,2021.0,2013.0
32021R1148,32008D0146,CITES,2021.0,2008.0
32021R1148,12016E/TXT,CITES,2021.0,2016.0
32021R1148,12016M/TXT,CITES,2021.0,2016.0
32021R1148,32008R0767,CITES,2021.0,2008.0
32021R1148,32014R0515,CITES,2021.0,2014.0
32021R1148,32014R0513,CITES,2021.0,2014.0
32021R1148,32016Q0512(01),CITES,2021.0,2016.0
32021R1148,12016E218,CITES,2021.0,2016.0
32021R1148,32018R1046,CITES,2021.0,2018.0
32021R1148,12016E322,CITES,2021.0,2016.0
32021R1148,32017L1371,CITES,2021.0,2017.0
32021R1148,32021R1060,CITES,2021.0,2021.0
32021R1148,32021R1149,CITES,2021.0,2021.0
32021R1148,32019R0817,CITES,2021.0,2019.0
32021R1148,32016R0399,CITES,2021.0,2016.0
32018D1941,12016E/PRO/05,CITES,2018.0,2016.0
32018D1941,12016M/PRO/05,CITES,2018.0,2016.0
32009D0875,32006D0730,CITES,2009.0,2006.0
32009D0875,31998L0008,CITES,2009.0,1998.0
32009D0875,32006R1907,CITES,2009.0,2006.0
32014R0536,31996L0029,CITES,2014.0,1996.0
32014R0536,31995L0046,CITES,2014.0,1995.0
32014R0536,32001R0045,CITES,2014.0,2001.0
32014R0536,32009L0041,CITES,2014.0,2009.0
32014R0536,32010L0053,CITES,2014.0,2010.0
32014R0536,32004L0023,CITES,2014.0,2004.0
32012L0034,32008L0057,CITES,2012.0,2008.0
32012L0034,32006D0066,CITES,2012.0,2006.0
32012L0034,32009D0561,CITES,2012.0,2009.0
32012L0034,32003R0001,CITES,2012.0,2003.0
32012L0034,31995L0046,CITES,2012.0,1995.0
32012L0034,32001R0045,CITES,2012.0,2001.0
32012L0034,32004R0881,CITES,2012.0,2004.0
32012L0034,32004L0017,CITES,2012.0,2004.0
32012L0034,32009L0072,CITES,2012.0,2009.0
32012L0034,32008D0386,CITES,2012.0,2008.0
32012L0034,32010R0913,CITES,2012.0,2010.0
32014L0023,32006L0123,CITES,2014.0,2006.0
32014L0023,31995F1127(03),CITES,2014.0,1995.0
32014L0023,32009L0072,CITES,2014.0,2009.0
32014L0023,32004L0017,CITES,2014.0,2004.0
32014L0023,31995L0046,CITES,2014.0,1995.0
32014L0023,31997L0067,CITES,2014.0,1997.0
32014L0023,32005L0060,CITES,2014.0,2005.0
32014L0023,32014L0025,CITES,2014.0,2014.0
32014L0023,32008R1008,CITES,2014.0,2008.0
32014L0023,32009L0081,CITES,2014.0,2009.0
32014L0023,32009L0073,CITES,2014.0,2009.0
32014L0023,32004L0018,CITES,2014.0,2004.0
32014L0023,32014L0024,CITES,2014.0,2014.0
32014L0023,31977L0249,CITES,2014.0,1977.0
32014L0023,32002F0475,CITES,2014.0,2002.0
32014L0023,32004L0039,CITES,2014.0,2004.0
32014L0023,31994L0022,CITES,2014.0,1994.0
32014L0023,32002L0021,CITES,2014.0,2002.0
32004L0027,31993R2309,CITES,2004.0,1993.0
32004L0027,31999D0468,CITES,2004.0,1999.0
32012R0267,32007L0064,CITES,2012.0,2007.0
32012R0267,32009R0428,CITES,2012.0,2009.0
32012R0267,32009L0138,CITES,2012.0,2009.0
32012R0267,32004L0039,CITES,2012.0,2004.0
32012R0267,32005L0060,CITES,2012.0,2005.0
32012R0267,32002L0092,CITES,2012.0,2002.0
32012R0267,31995L0046,CITES,2012.0,1995.0
32012R0267,31992R2913,CITES,2012.0,1992.0
32012R0267,32001R0045,CITES,2012.0,2001.0
32012R0267,32006R1781,CITES,2012.0,2006.0
32012R0267,32006L0048,CITES,2012.0,2006.0
32017R1486,32010R1093,CITES,2017.0,2010.0
32021D1710,32021D0689,CITES,2021.0,2021.0
32005R2073,32004R0853,CITES,2005.0,2004.0
32005R2073,32001D0471,CITES,2005.0,2001.0
32005R2073,31992L0118,CITES,2005.0,1992.0
32005R2073,31989L0662,CITES,2005.0,1989.0
32005R2073,31995D0408,CITES,2005.0,1995.0
32005R2073,31964L0433,CITES,2005.0,1964.0
32005R2073,32003R2160,CITES,2005.0,2003.0
32005R2073,31971L0118,CITES,2005.0,1971.0
32005R2073,31990L0425,CITES,2005.0,1990.0
32005R2073,32004R0854,CITES,2005.0,2004.0
32005R2073,32004R0882,CITES,2005.0,2004.0
32005R2073,31980L0777,CITES,2005.0,1980.0
32005R2073,31999L0021,CITES,2005.0,1999.0
32005R2073,32000L0013,CITES,2005.0,2000.0
32005R2073,31991L0321,CITES,2005.0,1991.0
32024R1205,32015L0849,CITES,2024.0,2015.0
32024R1205,32013R0575,CITES,2024.0,2013.0
32024R1307,32002L0058,CITES,2024.0,2002.0
32024R1307,32018L1972,CITES,2024.0,2018.0
32012R0151,32011D0101,CITES,2012.0,2011.0
32012R0648,31983L0349,CITES,2012.0,1983.0
32012R0648,32002L0047,CITES,2012.0,2002.0
32012R0648,31973L0239,CITES,2012.0,1973.0
32012R0648,32006L0049,CITES,2012.0,2006.0
32012R0648,32004L0039,CITES,2012.0,2004.0
32012R0648,32010R1095,CITES,2012.0,2010.0
32012R0648,32001R0045,CITES,2012.0,2001.0
32012R0648,31995L0046,CITES,2012.0,1995.0
32012R0648,31978L0660,CITES,2012.0,1978.0
32012R0648,32002L0083,CITES,2012.0,2002.0
32012R0648,32003L0041,CITES,2012.0,2003.0
32012R0648,31992L0049,CITES,2012.0,1992.0
32012R0648,32006L0048,CITES,2012.0,2006.0
32012R0648,32004L0025,CITES,2012.0,2004.0
32012R0648,32010R1093,CITES,2012.0,2010.0
32012R0648,32010R1094,CITES,2012.0,2010.0
32012R0648,32005L0068,CITES,2012.0,2005.0
32012R0648,31986L0635,CITES,2012.0,1986.0
32012R0648,32005L0060,CITES,2012.0,2005.0
32012R0648,32009L0065,CITES,2012.0,2009.0
32012R0648,32001L0017,CITES,2012.0,2001.0
32018R1903,32017R2279,CITES,2018.0,2017.0
32021R2115,32018R0848,CITES,2021.0,2018.0
32021R2115,12016M/TXT,CITES,2021.0,2016.0
32021R2115,32021R1060,CITES,2021.0,2021.0
32021R2115,32020R2093,CITES,2021.0,2020.0
32021R2115,32000L0060,CITES,2021.0,2000.0
32021R2115,12016M005,CITES,2021.0,2016.0
32021R2115,32016R0679,CITES,2021.0,2016.0
32021R2115,12016E109,CITES,2021.0,2016.0
32021R2115,32003H0361,CITES,2021.0,2003.0
32021R2115,12016EN01,CITES,2021.0,2016.0
32021R2115,32005R1698,CITES,2021.0,2005.0
32021R2115,32021R0695,CITES,2021.0,2021.0
32021R2115,32013R1291,CITES,2021.0,2013.0
32021R2115,31989L0391,CITES,2021.0,1989.0
32021R2115,32018R1046,CITES,2021.0,2018.0
32021R2115,32009R1107,CITES,2021.0,2009.0
32021R2115,12016E/TXT,CITES,2021.0,2016.0
32021R2115,12016E107,CITES,2021.0,2016.0
32021R2115,32009R0223,CITES,2021.0,2009.0
32021R2115,32016L2284,CITES,2021.0,2016.0
32021R2115,32016Q0512(01),CITES,2021.0,2016.0
32021R2115,32021R0523,CITES,2021.0,2021.0
32021R2115,32013R1306,CITES,2021.0,2013.0
32021R2115,12016E322,CITES,2021.0,2016.0
32021R2115,32009L0128,CITES,2021.0,2009.0
32021R2115,12016E039,CITES,2021.0,2016.0
32021R2115,12016E108,CITES,2021.0,2016.0
32021R2115,12016E355,CITES,2021.0,2016.0
32021R2115,12016E349,CITES,2021.0,2016.0
32021R2115,12016E290,CITES,2021.0,2016.0
32021R2115,12016P/TXT,CITES,2021.0,2016.0
32009D0460,31995L0018,CITES,2009.0,1995.0
32009D0460,32001L0014,CITES,2009.0,2001.0
32014R0516,32014R0513,CITES,2014.0,2014.0
32014R0516,32012R0966,CITES,2014.0,2012.0
32023R2842,32014R0910,CITES,2023.0,2014.0
32023R2842,32016Q0512(01),CITES,2023.0,2016.0
32023R2842,32016L0680,CITES,2023.0,2016.0
32023R2842,12016E291,CITES,2023.0,2016.0
32023R2842,32019L0883,CITES,2023.0,2019.0
32023R2842,32016R0679,CITES,2023.0,2016.0
32023R2842,32021R1139,CITES,2023.0,2021.0
32023R2842,32019R0715,CITES,2023.0,2019.0
32023R2842,32002L0059,CITES,2023.0,2002.0
32023R2842,12007L/TXT,CITES,2023.0,2007.0
32023R2842,32006L0112,CITES,2023.0,2006.0
32023R2842,32009R0223,CITES,2023.0,2009.0
32023R2842,32015L0849,CITES,2023.0,2015.0
32023R2842,12016E290,CITES,2023.0,2016.0
32023R2842,12016E/TXT,CITES,2023.0,2016.0
32019R0627,32005R2073,CITES,2019.0,2005.0
32019R0627,32004R0854,CITES,2019.0,2004.0
32019R0627,32004R0853,CITES,2019.0,2004.0
32019R0627,32003R2160,CITES,2019.0,2003.0
32019R0627,32006R1881,CITES,2019.0,2006.0
32019R0627,31996L0023,CITES,2019.0,1996.0
32019R0627,32009R1069,CITES,2019.0,2009.0
32019R0627,32004R0852,CITES,2019.0,2004.0
32019R0627,32015L1535,CITES,2019.0,2015.0
32022D1981,32022D1982,CITES,2022.0,2022.0
32014D0804,32014D0073,CITES,2014.0,2014.0
32023R1231,32009R1069,CITES,2023.0,2009.0
32023R1231,12020W/PRO/01,CITES,2023.0,2020.0
32023R1231,32004R0853,CITES,2023.0,2004.0
32023R1231,32016Q0512(01),CITES,2023.0,2016.0
32023R1231,12016E290,CITES,2023.0,2016.0
32023R1231,32018R0848,CITES,2023.0,2018.0
32023R1231,12016M005,CITES,2023.0,2016.0
32023R1231,12020W/TXT,CITES,2023.0,2020.0
32019R1715,32016R0679,CITES,2019.0,2016.0
32019R1715,32004R0882,CITES,2019.0,2004.0
32019R1715,32016L0680,CITES,2019.0,2016.0
32019R1715,31990L0425,CITES,2019.0,1990.0
32019R1715,32009R1069,CITES,2019.0,2009.0
32019R1715,32004R0852,CITES,2019.0,2004.0
32019R1715,32014R0910,CITES,2019.0,2014.0
32012R1215,32009L0138,CITES,2012.0,2009.0
32012R1215,32009R0004,CITES,2012.0,2009.0
32016R0399,32008D0146,CITES,2016.0,2008.0
32016R0399,12012E/PRO/22,CITES,2016.0,2012.0
32016R0399,12012P/TXT,CITES,2016.0,2012.0
32016R0399,12012M/PRO/22,CITES,2016.0,2012.0
32016R0399,31999D0437,CITES,2016.0,1999.0
32016R0399,32002R1030,CITES,2016.0,2002.0
32016R0399,32008R0767,CITES,2016.0,2008.0
32014L0025,32008R0593,CITES,2014.0,2008.0
32014L0025,31995L0046,CITES,2014.0,1995.0
32014L0025,31977L0249,CITES,2014.0,1977.0
32014L0025,32002L0058,CITES,2014.0,2002.0
32014L0025,32012L0034,CITES,2014.0,2012.0
32014L0025,31992L0013,CITES,2014.0,1992.0
32014L0025,32009R1221,CITES,2014.0,2009.0
32014L0025,31994L0022,CITES,2014.0,1994.0
32014L0025,32012R1025,CITES,2014.0,2012.0
32014L0025,32008R0765,CITES,2014.0,2008.0
32014L0025,32009L0072,CITES,2014.0,2009.0
32014L0025,32009L0033,CITES,2014.0,2009.0
32014L0025,31997L0067,CITES,2014.0,1997.0
32014L0025,32004L0018,CITES,2014.0,2004.0
32014L0025,32003H0361,CITES,2014.0,2003.0
32014L0025,32009L0073,CITES,2014.0,2009.0
32014L0025,32014L0024,CITES,2014.0,2014.0
32014L0025,32014L0023,CITES,2014.0,2014.0
32014L0025,32012R1024,CITES,2014.0,2012.0
32014L0025,31999L0093,CITES,2014.0,1999.0
32014L0025,32004L0039,CITES,2014.0,2004.0
32009R0428,31995L0046,CITES,2009.0,1995.0
32009R0428,31992R2913,CITES,2009.0,1992.0
32009R0428,32001R0045,CITES,2009.0,2001.0
32013R0153,32012R1249,CITES,2013.0,2012.0
32013R0153,31995L0046,CITES,2013.0,1995.0
32013R0153,32001R0045,CITES,2013.0,2001.0
32013R0153,32013R0152,CITES,2013.0,2013.0
32013R0153,32010R1095,CITES,2013.0,2010.0
32013R0153,32006L0048,CITES,2013.0,2006.0
32013R0153,32011R1227,CITES,2013.0,2011.0
32006D0771(01),32004D0545,CITES,2006.0,2004.0
32006D0771(01),31999H0519,CITES,2006.0,1999.0
32006D0771(01),32005D0513,CITES,2006.0,2005.0
32006D0771(01),31999L0005,CITES,2006.0,1999.0
32006D0771(01),32004L0040,CITES,2006.0,2004.0
32006D0771(01),32002L0020,CITES,2006.0,2002.0
32006D0771(01),32005D0928,CITES,2006.0,2005.0
32006D0771(01),32000D0299,CITES,2006.0,2000.0
32015R0850,32010R1093,CITES,2015.0,2010.0
32015R0850,32014R0680,CITES,2015.0,2014.0
32021R1153,32016L2284,CITES,2021.0,2016.0
32021R1153,32017L1371,CITES,2021.0,2017.0
32021R1153,12016M005,CITES,2021.0,2016.0
32021R1153,32013R1315,CITES,2021.0,2013.0
32021R1153,32021R0523,CITES,2021.0,2021.0
32021R1153,32013D0755,CITES,2021.0,2013.0
32021R1153,32021R0694,CITES,2021.0,2021.0
32021R1153,12016E322,CITES,2021.0,2016.0
32021R1153,32021R0695,CITES,2021.0,2021.0
32021R1153,32013R0347,CITES,2021.0,2013.0
32021R1153,32014L0094,CITES,2021.0,2014.0
32021R1153,32020Q1222(01),CITES,2021.0,2020.0
32021R1153,32010R0913,CITES,2021.0,2010.0
32021R1153,32016Q0512(01),CITES,2021.0,2016.0
32021R1153,32018R1046,CITES,2021.0,2018.0
32021R1153,32013R0883,CITES,2021.0,2013.0
32021R1153,32018L2001,CITES,2021.0,2018.0
32021R1153,12016E290,CITES,2021.0,2016.0
32021R1153,32018L1972,CITES,2021.0,2018.0
32021R1153,32021R1060,CITES,2021.0,2021.0
32021R1153,12016E008,CITES,2021.0,2016.0
32021R1153,32014L0025,CITES,2021.0,2014.0
32014R0037,31999D0468,CITES,2014.0,1999.0
32007R0333,31993R0315,CITES,2007.0,1993.0
32007R0333,32006R1881,CITES,2007.0,2006.0
32010R0913,31999D0468,CITES,2010.0,1999.0
32010R0913,31985R2137,CITES,2010.0,1985.0
32010R0913,32001L0014,CITES,2010.0,2001.0
32010R0913,32008L0057,CITES,2010.0,2008.0
32010R0913,31991L0440,CITES,2010.0,1991.0
32010R0913,32010D0661,CITES,2010.0,2010.0
32022R0991,32019R0452,CITES,2022.0,2019.0
32022R0991,32016R0679,CITES,2022.0,2016.0
32022R0991,12016P008,CITES,2022.0,2016.0
32022R0991,32016L1148,CITES,2022.0,2016.0
32022R0991,12016M004,CITES,2022.0,2016.0
32022R0991,32018R1862,CITES,2022.0,2018.0
32022R0991,12016M/PRO/22,CITES,2022.0,2016.0
32022R0991,32019R0881,CITES,2022.0,2019.0
32022R0991,12016P007,CITES,2022.0,2016.0
32022R0991,32015L0849,CITES,2022.0,2015.0
32022R0991,12016P/TXT,CITES,2022.0,2016.0
32022R0991,12016E/PRO/22,CITES,2022.0,2016.0
32022R0991,12016E/TXT,CITES,2022.0,2016.0
32022R0991,12016E263,CITES,2022.0,2016.0
32022R0991,32016L0680,CITES,2022.0,2016.0
32022R0991,12016M/PRO/21,CITES,2022.0,2016.0
32022R0991,32019R0715,CITES,2022.0,2019.0
32022R0991,32018R1046,CITES,2022.0,2018.0
32022R0991,12016E/PRO/21,CITES,2022.0,2016.0
32022R0991,12016E218,CITES,2022.0,2016.0
32022R0991,32021R0784,CITES,2022.0,2021.0
32022R0991,12016E016,CITES,2022.0,2016.0
32022R0991,12016M005,CITES,2022.0,2016.0
32004L0024,31993R2309,CITES,2004.0,1993.0
32004L0024,31991L0356,CITES,2004.0,1991.0
32021R2082,32004R0549,CITES,2021.0,2004.0
32021R2082,32018R1139,CITES,2021.0,2018.0
32013R0141,32001R0045,CITES,2013.0,2001.0
32013R0141,32009R0223,CITES,2013.0,2009.0
32007D0258,61997CJ0204,CITES,2007.0,1997.0
32007D0258,32000L0052,CITES,2007.0,2000.0
32007D0258,61991CJ0225,CITES,2007.0,1991.0
32007D0258,31980L0723,CITES,2007.0,1980.0
32007D0258,32000Y0311(03),CITES,2007.0,2000.0
32015D1835,12012M041,CITES,2015.0,2012.0
32015D1835,12012M040,CITES,2015.0,2012.0
32015D1835,12012M/PRO/10,CITES,2015.0,2012.0
32015D1835,32004D0677,CITES,2015.0,2004.0
32015D1835,32001R0045,CITES,2015.0,2001.0
32015D1835,12012M046,CITES,2015.0,2012.0
32015D1835,12012M018,CITES,2015.0,2012.0
32015D1835,32013D0488,CITES,2015.0,2013.0
32015D1835,12012E240,CITES,2015.0,2012.0
32015D1835,12012E/PRO/22,CITES,2015.0,2012.0
32015D1835,12012E/PRO/07,CITES,2015.0,2012.0
32015D1835,32006L0112,CITES,2015.0,2006.0
32015D1835,12012M/PRO/07,CITES,2015.0,2012.0
32015D1835,32007D0643,CITES,2015.0,2007.0
32015D1835,12012M/PRO/22,CITES,2015.0,2012.0
32015D1835,12012M038,CITES,2015.0,2012.0
32015D1835,12012E/PRO/10,CITES,2015.0,2012.0
32015D1835,32004D0676,CITES,2015.0,2004.0
32021R2070,32007R0235,CITES,2021.0,2007.0
32021R2070,32020R0736,CITES,2021.0,2020.0
32021R2070,32018R1139,CITES,2021.0,2018.0
32021R2070,32006R0473,CITES,2021.0,2006.0
32021R2070,32014R1318,CITES,2021.0,2014.0
32021R2070,32006R1543,CITES,2021.0,2006.0
32021R2070,32019R0618,CITES,2021.0,2019.0
32021R0598,32010R1093,CITES,2021.0,2010.0
32022R0432,32008L0118,CITES,2022.0,2008.0
32022R0432,32021L1159,CITES,2022.0,2021.0
32010D0092,32009E0068,CITES,2010.0,2009.0
32022R0594,32006R0473,CITES,2022.0,2006.0
32022R0594,32021R2070,CITES,2022.0,2021.0
32022R0594,32022R0328,CITES,2022.0,2022.0
32012D0620(01),32006D0730,CITES,2012.0,2006.0
32012D0620(01),31998L0008,CITES,2012.0,1998.0
32012D0620(01),32009R1107,CITES,2012.0,2009.0
32013R1075,31986L0635,CITES,2013.0,1986.0
32013R1075,32013R1071,CITES,2013.0,2013.0
32013R1075,31978L0660,CITES,2013.0,1978.0
32013R1075,32012R1011,CITES,2013.0,2012.0
32013R1075,32007O0009,CITES,2013.0,2007.0
32013R1075,32009L0138,CITES,2013.0,2009.0
32022R0869,32013R1315,CITES,2022.0,2013.0
32022R0869,32018L2001,CITES,2022.0,2018.0
32022R0869,12016E/TXT,CITES,2022.0,2016.0
32022R0869,12016M005,CITES,2022.0,2016.0
32022R0869,32011L0092,CITES,2022.0,2011.0
32022R0869,12016E290,CITES,2022.0,2016.0
32022R0869,32016Q0512(01),CITES,2022.0,2016.0
32022R0869,32021R1119,CITES,2022.0,2021.0
32022R0869,32000L0060,CITES,2022.0,2000.0
32022R0869,12016E194,CITES,2022.0,2016.0
32022R0869,32008L0114,CITES,2022.0,2008.0
32022R0869,32013R1316,CITES,2022.0,2013.0
32022R0869,32021R1153,CITES,2022.0,2021.0
32022R0869,32009R0714,CITES,2022.0,2009.0
32022R0869,32018R1046,CITES,2022.0,2018.0
32014L0051,32002L0083,CITES,2014.0,2002.0
32014L0051,32010R1093,CITES,2014.0,2010.0
32014L0051,31964L0225,CITES,2014.0,1964.0
32014L0051,31992L0049,CITES,2014.0,1992.0
32014L0051,31984L0641,CITES,2014.0,1984.0
32014L0051,32010L0078,CITES,2014.0,2010.0
32014L0051,31998L0078,CITES,2014.0,1998.0
32014L0051,32010R0575,CITES,2014.0,2010.0
32014L0051,31978L0473,CITES,2014.0,1978.0
32014L0051,32010R1092,CITES,2014.0,2010.0
32014L0051,31988L0357,CITES,2014.0,1988.0
32014L0051,31976L0580,CITES,2014.0,1976.0
32014L0051,32003L0041,CITES,2014.0,2003.0
32014L0051,32005L0068,CITES,2014.0,2005.0
32014L0051,31987L0344,CITES,2014.0,1987.0
32014L0051,32001L0017,CITES,2014.0,2001.0
32014L0051,31973L0239,CITES,2014.0,1973.0
32014L0051,31973L0240,CITES,2014.0,1973.0
32012R0872,32008R1331,CITES,2012.0,2008.0
32012R0872,32009L0039,CITES,2012.0,2009.0
32022R0612,32002L0058,CITES,2022.0,2002.0
32022R0612,12016E349,CITES,2022.0,2016.0
32022R0612,32002L0020,CITES,2022.0,2002.0
32022R0612,32016L2102,CITES,2022.0,2016.0
32022R0612,32021R0654,CITES,2022.0,2021.0
32022R0612,32018L1972,CITES,2022.0,2018.0
32022R0612,32002L0021,CITES,2022.0,2002.0
32022R0612,12016M005,CITES,2022.0,2016.0
32022R0612,32010D0166,CITES,2022.0,2010.0
32022R0612,12016P/TXT,CITES,2022.0,2016.0
32022R0612,32002L0019,CITES,2022.0,2002.0
32022R0612,32019L0882,CITES,2022.0,2019.0
32022R0612,32018R1971,CITES,2022.0,2018.0
32022R0612,32002L0022,CITES,2022.0,2002.0
32018R0895,32015R0864,CITES,2018.0,2015.0
32019R2175,12016E339,CITES,2019.0,2016.0
32019R2175,32019L1937,CITES,2019.0,2019.0
32019R2175,32019R0715,CITES,2019.0,2019.0
32019R2175,32013R0575,CITES,2019.0,2013.0
32019R2175,12016E/PRO/36,CITES,2019.0,2016.0
32019R2175,12016E290,CITES,2019.0,2016.0
32019R2175,32008L0048,CITES,2019.0,2008.0
32019R2175,32014L0092,CITES,2019.0,2014.0
32019R2175,32015L0849,CITES,2019.0,2015.0
32019R2175,32009L0138,CITES,2019.0,2009.0
32019R2175,32012R0260,CITES,2019.0,2012.0
32019R2175,32013R0883,CITES,2019.0,2013.0
32019R2175,12016E258,CITES,2019.0,2016.0
32019R2175,32014R0596,CITES,2019.0,2014.0
32019R2175,12016E291,CITES,2019.0,2016.0
32019R2175,12016M004,CITES,2019.0,2016.0
32019R2175,32015R0751,CITES,2019.0,2015.0
32019R2175,32014L0059,CITES,2019.0,2014.0
32019R2175,12016E313,CITES,2019.0,2016.0
32019R2175,32016L0097,CITES,2019.0,2016.0
32019R2175,32018R1046,CITES,2019.0,2018.0
32019R2175,12016M/PRO/36,CITES,2019.0,2016.0
32019R2175,12016E226,CITES,2019.0,2016.0
32019R2175,32016L2341,CITES,2019.0,2016.0
32019R2175,32016R0679,CITES,2019.0,2016.0
32019R2175,12016M005,CITES,2019.0,2016.0
32019R2175,32015D0444,CITES,2019.0,2015.0
32019R2175,32015L2366,CITES,2019.0,2015.0
32019R2175,12016M016,CITES,2019.0,2016.0
32019R2175,12016E314,CITES,2019.0,2016.0
32009D0010,32001D0844,CITES,2009.0,2001.0
32014D0535,32013R0575,CITES,2014.0,2013.0
32019D0056,61997CJ0075,CITES,2019.0,1997.0
32019D0056,62008CJ0078,CITES,2019.0,2008.0
32019D0056,61992CJ0278,CITES,2019.0,1992.0
32019D0056,62002CJ0345,CITES,2019.0,2002.0
32019D0056,62003CJ0182,CITES,2019.0,2003.0
32019D0056,62001CJ0159,CITES,2019.0,2001.0
32019D0056,12016E/TXT,CITES,2019.0,2016.0
32019D0056,62006TJ0162,CITES,2019.0,2006.0
32019D0056,62014CJ0524,CITES,2019.0,2014.0
32019D0056,62008CJ0279,CITES,2019.0,2008.0
32019D0056,62009TJ0139,CITES,2019.0,2009.0
32019D0056,62015CJ0020,CITES,2019.0,2015.0
32019D0056,32009D0476,CITES,2019.0,2009.0
32019D0056,12016E107,CITES,2019.0,2016.0
32019D0056,62015CJ0047,CITES,2019.0,2015.0
32019D0056,62015CJ0329,CITES,2019.0,2015.0
32019D0056,62013TJ0461,CITES,2019.0,2013.0
32019D0056,62003CJ0172,CITES,2019.0,2003.0
32019D0056,62000CJ0280,CITES,2019.0,2000.0
32019D0056,62015CJ0656,CITES,2019.0,2015.0
32019D0056,32009L0028,CITES,2019.0,2009.0
32019D0056,32013R1407,CITES,2019.0,2013.0
32019D0056,61977CJ0082,CITES,2019.0,1977.0
32019D0056,61990CJ0364,CITES,2019.0,1990.0
32019D0056,31998R0994,CITES,2019.0,1998.0
32019D0056,61991CJ0072,CITES,2019.0,1991.0
32019D0056,62015TJ0747,CITES,2019.0,2015.0
32019D0056,61993TJ0459,CITES,2019.0,1993.0
32019D0056,62003CJ0088,CITES,2019.0,2003.0
32019D0056,61959CJ0030,CITES,2019.0,1959.0
32019D0056,32009L0072,CITES,2019.0,2009.0
32019D0056,62012CJ0262,CITES,2019.0,2012.0
32019D0056,62002TJ0171,CITES,2019.0,2002.0
32019D0056,62006CJ0487,CITES,2019.0,2006.0
32019D0056,62006CJ0206,CITES,2019.0,2006.0
32019D0056,62011CJ0197,CITES,2019.0,2011.0
32019D0056,61997CJ0006,CITES,2019.0,1997.0
32019D0056,61994TJ0358,CITES,2019.0,1994.0
32019D0056,32009R0714,CITES,2019.0,2009.0
32019D0056,32006R1998,CITES,2019.0,2006.0
32019D0056,32004R0794,CITES,2019.0,2004.0
32019D0056,62015CJ0657,CITES,2019.0,2015.0
32019D0056,61976CJ0078,CITES,2019.0,1976.0
32019D0056,62010CJ0399,CITES,2019.0,2010.0
32019D0056,61972CJ0070,CITES,2019.0,1972.0
32019D0056,32007D0580,CITES,2019.0,2007.0
32019D0056,62012CJ0105,CITES,2019.0,2012.0
32019D0056,32011D0528,CITES,2019.0,2011.0
32019D0056,12016E194,CITES,2019.0,2016.0
32019D0056,61979CJ0730,CITES,2019.0,1979.0
32019D0056,61998CJ0379,CITES,2019.0,1998.0
32019D0056,61999CJ0482,CITES,2019.0,1999.0
32019D0056,61997CJ0251,CITES,2019.0,1997.0
32019D0056,62011CJ0677,CITES,2019.0,2011.0
32021D1210,12016M021,CITES,2021.0,2016.0
32014D0524,32010D0661,CITES,2014.0,2010.0
32014D0524,61995TJ0214,CITES,2014.0,1995.0
32014D0524,61977CJ0156,CITES,2014.0,1977.0
32014D0524,62000CJ0053,CITES,2014.0,2000.0
32014D0524,61979CJ0730,CITES,2014.0,1979.0
32014D0524,62008TJ0443,CITES,2014.0,2008.0
32014D0524,31991L0440,CITES,2014.0,1991.0
32014D0524,32012L0034,CITES,2014.0,2012.0
32014D0524,62001CJ0082,CITES,2014.0,2001.0
32014D0524,62000CJ0280,CITES,2014.0,2000.0
32001D0723,31997D0789,CITES,2001.0,1997.0
32001D0723,11997E087,CITES,2001.0,1997.0
32001D0723,61997TJ0296,CITES,2001.0,1997.0
32001D0723,31996D0278,CITES,2001.0,1996.0
32001D0723,11997E093,CITES,2001.0,1997.0
32001D0723,31994D0694,CITES,2001.0,1994.0
32003D0790,31998Y0302(04),CITES,2003.0,1998.0
32003D0790,31999D0287,CITES,2003.0,1999.0
32003D0790,31998R0447,CITES,2003.0,1998.0
31992L0013,31989L0048,CITES,1992.0,1989.0
31992L0013,31990L0531,CITES,1992.0,1990.0
31992L0013,31971L0305,CITES,1992.0,1971.0
31992L0013,11957E177,CITES,1992.0,1957.0
31992L0013,31989L0665,CITES,1992.0,1989.0
32016D0310,32010R1094,CITES,2016.0,2010.0
32022R0328,32014D0512,CITES,2022.0,2014.0
32022R0328,32021R0821,CITES,2022.0,2021.0
32022R0328,12016E/TXT,CITES,2022.0,2016.0
32022R0328,32014R0909,CITES,2022.0,2014.0
32022R0328,32009R0428,CITES,2022.0,2009.0
32020O1690,32009L0065,CITES,2020.0,2009.0
32020O1690,32013R0575,CITES,2020.0,2013.0
32020O1690,32017R2402,CITES,2020.0,2017.0
32020O1690,32019D0031,CITES,2020.0,2019.0
32020O1690,32003R1745,CITES,2020.0,2003.0
32016L0681,12012E/PRO/22,CITES,2016.0,2012.0
32016L0681,32002F0475,CITES,2016.0,2002.0
32016L0681,32006R0562,CITES,2016.0,2006.0
32016L0681,31995L0046,CITES,2016.0,1995.0
32016L0681,32008F0977,CITES,2016.0,2008.0
32016L0681,12012M/PRO/22,CITES,2016.0,2012.0
32016L0681,32001R0045,CITES,2016.0,2001.0
32016L0681,12012P/TXT,CITES,2016.0,2012.0
32016L0681,12007L/TXT,CITES,2016.0,2007.0
32017R0459,12016E102,CITES,2017.0,2016.0
32017R0459,32009L0073,CITES,2017.0,2009.0
32017R0459,12016E101,CITES,2017.0,2016.0
32017R0459,32009R0713,CITES,2017.0,2009.0
32023R1805,12016M005,CITES,2023.0,2016.0
32023R1805,31998L0070,CITES,2023.0,1998.0
32023R1805,32021R1119,CITES,2023.0,2021.0
32023R1805,32023R1804,CITES,2023.0,2023.0
32023R1805,32015L0652,CITES,2023.0,2015.0
32023R1805,12016P047,CITES,2023.0,2016.0
32023R1805,12016E174,CITES,2023.0,2016.0
32023R1805,32016Q0512(01),CITES,2023.0,2016.0
32023R1805,32018L2001,CITES,2023.0,2018.0
32023R1805,32008R0765,CITES,2023.0,2008.0
32023R1805,32014L0094,CITES,2023.0,2014.0
32023R1805,12016E349,CITES,2023.0,2016.0
32023R1805,32003L0087,CITES,2023.0,2003.0
32023R1805,12016E290,CITES,2023.0,2016.0
32005D0145,61991CJ0159,CITES,2005.0,1991.0
32005D0145,61992CJ0387,CITES,2005.0,1992.0
32005D0145,61994CJ0039,CITES,2005.0,1994.0
32005D0145,62000CJ0280,CITES,2005.0,2000.0
32005D0145,32000Y0311(03),CITES,2005.0,2000.0
32005D0145,31998Y0310(01),CITES,2005.0,1998.0
32005D0145,12002E087,CITES,2005.0,2002.0
32005D0145,61979CJ0730,CITES,2005.0,1979.0
32005D0145,31999R0659,CITES,2005.0,1999.0
32005D0145,61959CJ0030,CITES,2005.0,1959.0
32018D2008,12016M021,CITES,2018.0,2016.0
32018D1884,32008E0736,CITES,2018.0,2008.0
32018D1884,32016D2238,CITES,2018.0,2016.0
32018D1884,12016M021,CITES,2018.0,2016.0
32014R0223,32004L0018,CITES,2014.0,2004.0
32014R0223,31995L0046,CITES,2014.0,1995.0
32014R0223,32013R1304,CITES,2014.0,2013.0
32014R0223,32012R0966,CITES,2014.0,2012.0
32014R0223,32013R1303,CITES,2014.0,2013.0
32014R0223,32010R0407,CITES,2014.0,2010.0
32019D2120,61979CJ0730,CITES,2019.0,1979.0
32019D2120,12016E/TXT,CITES,2019.0,2016.0
32019D2120,32012D0321,CITES,2019.0,2012.0
32019D2120,61972CJ0070,CITES,2019.0,1972.0
32019D2120,12016E106,CITES,2019.0,2016.0
32019D2120,62008CJ0279,CITES,2019.0,2008.0
32019D2120,32006L0111,CITES,2019.0,2006.0
32019D2120,62001TJ0157,CITES,2019.0,2001.0
32019D2120,62015CJ0020,CITES,2019.0,2015.0
32019D2120,12016E107,CITES,2019.0,2016.0
32019D2120,62014CJ0524,CITES,2019.0,2014.0
32019D2120,61998CJ0083,CITES,2019.0,1998.0
32019D2120,32006R1998,CITES,2019.0,2006.0
32019D2120,62015CJ0270,CITES,2019.0,2015.0
32019D2120,62015TJ0314,CITES,2019.0,2015.0
32019D2120,32004R0794,CITES,2019.0,2004.0
32019D2120,61987CJ0301,CITES,2019.0,1987.0
32019D2120,61996CJ0342,CITES,2019.0,1996.0
32019D2120,62014CJ0015,CITES,2019.0,2014.0
32019D2120,32012D0021,CITES,2019.0,2012.0
32019D2120,62011CJ0197,CITES,2019.0,2011.0
32019D2120,62000CJ0280,CITES,2019.0,2000.0
32019D2120,32005D0842,CITES,2019.0,2005.0
32019D2120,61984CJ0248,CITES,2019.0,1984.0
32019D2120,61999CJ0143,CITES,2019.0,1999.0
32019D2120,61994CJ0039,CITES,2019.0,1994.0
32019D2120,61973CJ0173,CITES,2019.0,1973.0
32019D2120,61997TJ0298,CITES,2019.0,1997.0
32019D2120,61997CJ0075,CITES,2019.0,1997.0
32019D2120,61994TJ0358,CITES,2019.0,1994.0
32019D2120,62000TJ0092,CITES,2019.0,2000.0
32011D0060,61997TJ0296,CITES,2011.0,1997.0
32011D0060,31999R0659,CITES,2011.0,1999.0
32011D0060,61989CJ0305,CITES,2011.0,1989.0
32016R1179,31967L0548,CITES,2016.0,1967.0
32016R1179,32006R1907,CITES,2016.0,2006.0
32016R1179,32009R1107,CITES,2016.0,2009.0
32013R0608,32001R0045,CITES,2013.0,2001.0
32013R0608,31995L0046,CITES,2013.0,1995.0
32013R0608,32012R1215,CITES,2013.0,2012.0
32013R0608,31992R2913,CITES,2013.0,1992.0
32021L0338,12016E290,CITES,2021.0,2016.0
32021L0338,32018L0843,CITES,2021.0,2018.0
32021L0338,32010R1093,CITES,2021.0,2010.0
32021L0338,32011R1227,CITES,2021.0,2011.0
32021L0338,32016Q0512(01),CITES,2021.0,2016.0
32021L0338,32012R0648,CITES,2021.0,2012.0
32021L0338,12016M005,CITES,2021.0,2016.0
32021L0338,32010R1095,CITES,2021.0,2010.0
32021L0338,32014R0600,CITES,2021.0,2014.0
32021L0338,32019L2034,CITES,2021.0,2019.0
32009L0065,32003Q1231(01),CITES,2009.0,2003.0
32009L0065,31978L0660,CITES,2009.0,1978.0
32009L0065,32006L0048,CITES,2009.0,2006.0
32009L0065,31997L0009,CITES,2009.0,1997.0
32009L0065,32006L0049,CITES,2009.0,2006.0
32009L0065,31999D0468,CITES,2009.0,1999.0
32009L0065,31983L0349,CITES,2009.0,1983.0
32008R0765,32002R1605,CITES,2008.0,2002.0
32008R0765,32000X1218(01),CITES,2008.0,2000.0
32008R0765,31998L0034,CITES,2008.0,1998.0
32008R0765,31992R2913,CITES,2008.0,1992.0
32008R0765,31995L0046,CITES,2008.0,1995.0
32008R0765,32002R2342,CITES,2008.0,2002.0
32009D0964,32002R1605,CITES,2009.0,2002.0
32009D0964,32002R2342,CITES,2009.0,2002.0
32021R0523,12016M/PRO/05,CITES,2021.0,2016.0
32021R0523,32020Q1222(01),CITES,2021.0,2020.0
32021R0523,32013R0755,CITES,2021.0,2013.0
32021R0523,12016EN02,CITES,2021.0,2016.0
32021R0523,31997R1466,CITES,2021.0,1997.0
32021R0523,32003H0361,CITES,2021.0,2003.0
32021R0523,32016Q0512(01),CITES,2021.0,2016.0
32021R0523,12016E/PRO/05,CITES,2021.0,2016.0
32021R0523,12016M005,CITES,2021.0,2016.0
32021R0523,32018R1046,CITES,2021.0,2018.0
32021R0523,12016E322,CITES,2021.0,2016.0
32021R0523,32016L2284,CITES,2021.0,2016.0
32021R0523,32017C1213(01),CITES,2021.0,2017.0
32021R0523,32018L2001,CITES,2021.0,2018.0
32021R0523,12020W/TXT,CITES,2021.0,2020.0
32021R0523,12016E290,CITES,2021.0,2016.0
32021R0523,32013R1291,CITES,2021.0,2013.0
32021R0523,32013R1290,CITES,2021.0,2013.0
32021R0523,32017L1371,CITES,2021.0,2017.0
32021R0523,12016M/TXT,CITES,2021.0,2016.0
32021R0523,32020R2094,CITES,2021.0,2020.0
32021R0523,32013R0883,CITES,2021.0,2013.0
32021R0523,32020R2093,CITES,2021.0,2020.0
32021R0523,12016E/TXT,CITES,2021.0,2016.0
32016D0633,32008R0271,CITES,2016.0,2008.0
32016D0633,62004TJ0196,CITES,2016.0,2004.0
32016D0633,12012E106,CITES,2016.0,2012.0
32016D0633,61987CJ0301,CITES,2016.0,1987.0
32016D0633,61996CJ0342,CITES,2016.0,1996.0
32016D0633,61995CJ0242,CITES,2016.0,1995.0
32016D0633,31992R2409,CITES,2016.0,1992.0
32016D0633,61999TJ0127,CITES,2016.0,1999.0
32016D0633,62000TJ0318,CITES,2016.0,2000.0
32016D0633,61993CJ0348,CITES,2016.0,1993.0
32016D0633,61973CJ0127(01),CITES,2016.0,1973.0
32016D0633,32012D0021,CITES,2016.0,2012.0
32016D0633,31999R0659,CITES,2016.0,1999.0
32016D0633,32004R0794,CITES,2016.0,2004.0
32016D0633,61994TJ0358,CITES,2016.0,1994.0
32016D0633,61990CJ0179,CITES,2016.0,1990.0
32016D0633,61996TJ0014,CITES,2016.0,1996.0
32016D0633,12012E107,CITES,2016.0,2012.0
32016D0633,61985CJ0118,CITES,2016.0,1985.0
32016D0633,61999CJ0482,CITES,2016.0,1999.0
32016D0633,62010CJ0124,CITES,2016.0,2010.0
32016D0633,31992R2407,CITES,2016.0,1992.0
32016D0633,32011D0060,CITES,2016.0,2011.0
32016D0633,61996CJ0266,CITES,2016.0,1996.0
32016D0633,61987CJ0094,CITES,2016.0,1987.0
32016D0633,62008TJ0267,CITES,2016.0,2008.0
32016D0633,32004L0018,CITES,2016.0,2004.0
32016D0633,61995TJ0214,CITES,2016.0,1995.0
32016D0633,61992CJ0278,CITES,2016.0,1992.0
32016D0633,61997CJ0075,CITES,2016.0,1997.0
32016D0633,61987CJ0030,CITES,2016.0,1987.0
32016D0633,62001TJ0116,CITES,2016.0,2001.0
32016D0633,32000L0052,CITES,2016.0,2000.0
32016D0633,62001CJ0083,CITES,2016.0,2001.0
32016D0633,61988CJ0303,CITES,2016.0,1988.0
32016D0633,32004D0393,CITES,2016.0,2004.0
32016D0633,61973CJ0127,CITES,2016.0,1973.0
32016D0633,61990CJ0364,CITES,2016.0,1990.0
32016D0633,61972CJ0070,CITES,2016.0,1972.0
32024R1351,32017R2226,CITES,2024.0,2017.0
32024R1351,12016P047,CITES,2024.0,2016.0
32024R1351,32016Q0512(01),CITES,2024.0,2016.0
32024R1351,12016E258,CITES,2024.0,2016.0
32024R1351,12016P024,CITES,2024.0,2016.0
32024R1351,12016P/TXT,CITES,2024.0,2016.0
32024R1351,12016M004,CITES,2024.0,2016.0
32024R1351,32021R1148,CITES,2024.0,2021.0
32024R1351,32018R1046,CITES,2024.0,2018.0
32024R1351,12016M/PRO/21,CITES,2024.0,2016.0
32024R1351,32016R0399,CITES,2024.0,2016.0
32024R1351,32008R0767,CITES,2024.0,2008.0
32024R1351,12016P007,CITES,2024.0,2016.0
32024R1351,32021R0836,CITES,2024.0,2021.0
32024R1351,32016L0680,CITES,2024.0,2016.0
32024R1351,12016E/PRO/21,CITES,2024.0,2016.0
32024R1351,12016E/PRO/22,CITES,2024.0,2016.0
32024R1351,12016M005,CITES,2024.0,2016.0
32024R1351,32016R0679,CITES,2024.0,2016.0
32024R1351,32013D0488,CITES,2024.0,2013.0
32024R1351,12016E290,CITES,2024.0,2016.0
32024R1351,12016M/PRO/22,CITES,2024.0,2016.0
32024R1351,12016E/TXT,CITES,2024.0,2016.0
32024R1351,12016M/TXT,CITES,2024.0,2016.0
32019R2033,32014R0909,CITES,2019.0,2014.0
32019R2033,12016E157,CITES,2019.0,2016.0
32019R2033,32016Q0512(01),CITES,2019.0,2016.0
32019R2033,12016E290,CITES,2019.0,2016.0
32019R2033,32010R1095,CITES,2019.0,2010.0
32019R2033,32019L0878,CITES,2019.0,2019.0
32019R2033,32019L2034,CITES,2019.0,2019.0
32019R2033,32004L0039,CITES,2019.0,2004.0
32019R2033,32016R0679,CITES,2019.0,2016.0
32019R2033,12016E291,CITES,2019.0,2016.0
32019R2033,32015L2366,CITES,2019.0,2015.0
32019R2033,12016M005,CITES,2019.0,2016.0
32019R2033,31986L0635,CITES,2019.0,1986.0
32019R2033,32019R0630,CITES,2019.0,2019.0
32019R2033,32015L0849,CITES,2019.0,2015.0
32019R2033,32009L0138,CITES,2019.0,2009.0
32019R2033,32012R0648,CITES,2019.0,2012.0
32009R1069,32009R0767,CITES,2009.0,2009.0
32009R1069,31996L0023,CITES,2009.0,1996.0
32009R1069,32004R0882,CITES,2009.0,2004.0
32009R1069,31999D0468,CITES,2009.0,1999.0
32009R1069,32004R0852,CITES,2009.0,2004.0
32009R1069,32000D0532,CITES,2009.0,2000.0
32009R1069,32000L0013,CITES,2009.0,2000.0
32009R1069,31976L0768,CITES,2009.0,1976.0
32009R1069,32004D0292,CITES,2009.0,2004.0
32009R1069,31990L0385,CITES,2009.0,1990.0
32009R1069,31986L0609,CITES,2009.0,1986.0
32009R1069,31989L0662,CITES,2009.0,1989.0
32009R1069,31993L0042,CITES,2009.0,1993.0
32009R1069,31998L0079,CITES,2009.0,1998.0
32009R1069,32004R0853,CITES,2009.0,2004.0
32009R1069,32001L0082,CITES,2009.0,2001.0
32009R1069,32003R1831,CITES,2009.0,2003.0
32009R1069,31999L0031,CITES,2009.0,1999.0
32020R0736,32006R0910,CITES,2020.0,2006.0
32020R0736,32006R1543,CITES,2020.0,2006.0
32020R0736,32006R0473,CITES,2020.0,2006.0
32020R0736,32014R1318,CITES,2020.0,2014.0
32014R0528,32010R1093,CITES,2014.0,2010.0
31991L0287,31984H0549,CITES,1991.0,1984.0
31991L0287,31991H0288,CITES,1991.0,1991.0
31991L0287,31991L0263,CITES,1991.0,1991.0
31991L0287,31989L0336,CITES,1991.0,1989.0
32014R0484,32013R0575,CITES,2014.0,2013.0
32014R0484,32013R0153,CITES,2014.0,2013.0
32014R0484,32010R1093,CITES,2014.0,2010.0
32016R1384,32013R0575,CITES,2016.0,2013.0
32016R1384,32013R1071,CITES,2016.0,2013.0
32016R1384,31986L0635,CITES,2016.0,1986.0
32016R1384,32013R1075,CITES,2016.0,2013.0
32016R1384,32016R1384,CITES,2016.0,2016.0
32014R0513,32014R0233,CITES,2014.0,2014.0
32014R0513,32014R0234,CITES,2014.0,2014.0
32014R0513,32014R0282,CITES,2014.0,2014.0
32014R0513,32002F0475,CITES,2014.0,2002.0
32014R0513,32012R0966,CITES,2014.0,2012.0
32014R0513,32013R1382,CITES,2014.0,2013.0
32014R0513,32014R0231,CITES,2014.0,2014.0
32014R0513,32013R1291,CITES,2014.0,2013.0
32014R0513,32013R1313,CITES,2014.0,2013.0
32014R0513,32014R0232,CITES,2014.0,2014.0
32014R0513,32014R0230,CITES,2014.0,2014.0
32014R0513,32013Q1220(01),CITES,2014.0,2013.0
32014R0513,32014R0235,CITES,2014.0,2014.0
32014R0513,32014R0515,CITES,2014.0,2014.0
32017R1538,32017R1443,CITES,2017.0,2017.0
32017R1538,32016R2067,CITES,2017.0,2016.0
32017R1538,31986L0635,CITES,2017.0,1986.0
32017R1538,32013R1071,CITES,2017.0,2013.0
32017R1538,32014R0680,CITES,2017.0,2014.0
32017R1538,32014D0029(01),CITES,2017.0,2014.0
32017R1538,32013R0575,CITES,2017.0,2013.0
32021D0443,32020D2252,CITES,2021.0,2020.0
32004D0142,31996L0023,CITES,2004.0,1996.0
32004D0142,31999R1258,CITES,2004.0,1999.0
32004D0142,32004R0156,CITES,2004.0,2004.0
32004D0142,31993L0099,CITES,2004.0,1993.0
32004D0142,31998D0179,CITES,2004.0,1998.0
32003D0295,61989CJ0305,CITES,2003.0,1989.0
32003D0295,61992CJ0278,CITES,2003.0,1992.0
32003D0295,12002E087,CITES,2003.0,2002.0
32003D0295,61996CJ0035,CITES,2003.0,1996.0
32003D0295,61985CJ0118,CITES,2003.0,1985.0
32003D0295,61990CJ0041,CITES,2003.0,1990.0
32012R1146,32006R0473,CITES,2012.0,2006.0
32012R1146,32010R1071,CITES,2012.0,2010.0
32012R1146,32012R0295,CITES,2012.0,2012.0
32012R1146,32010R0590,CITES,2012.0,2010.0
32012R1146,32010R0273,CITES,2012.0,2010.0
32008D0376,31999D0468,CITES,2008.0,1999.0
32015R0461,32015R0035,CITES,2015.0,2015.0
32015R0461,32010R1094,CITES,2015.0,2010.0
32015Q1224(01),32014L0059,CITES,2015.0,2014.0
32015Q1224(01),32013R0575,CITES,2015.0,2013.0
32015Q1224(01),32001R0045,CITES,2015.0,2001.0
31992L0042,31983L0189,CITES,1992.0,1983.0
31992L0042,31989Y0720(01),CITES,1992.0,1989.0
32022D2512,12016E/TXT,CITES,2022.0,2016.0
32022D2512,32016R0399,CITES,2022.0,2016.0
32022D2512,12016M/PRO/22,CITES,2022.0,2016.0
32022D2512,12003T003,CITES,2022.0,2003.0
32022D2512,32008D0146,CITES,2022.0,2008.0
32022D2512,12016E/PRO/22,CITES,2022.0,2016.0
32022D2512,12016M/TXT,CITES,2022.0,2016.0
32022D2512,12016E/PRO/01,CITES,2022.0,2016.0
32022D2512,12016P/TXT,CITES,2022.0,2016.0
32022D2512,12016A/PRO/01,CITES,2022.0,2016.0
32022D2512,12012J004,CITES,2022.0,2012.0
32022D2512,12016M/PRO/01,CITES,2022.0,2016.0
32022D2512,12016M005,CITES,2022.0,2016.0
32022D2512,12005SA004,CITES,2022.0,2005.0
32022D2512,31999D0437,CITES,2022.0,1999.0
32018D1730,32017D0939,CITES,2018.0,2017.0
32016R0445,12012E/PRO/04,CITES,2016.0,2012.0
32016R0445,32006L0048,CITES,2016.0,2006.0
32016R0445,12012E132,CITES,2016.0,2012.0
32016R0445,12012M/PRO/04,CITES,2016.0,2012.0
32016R0445,32014R0680,CITES,2016.0,2014.0
32014D0853,32014D0219,CITES,2014.0,2014.0
32005D0743,31997D0865,CITES,2005.0,1997.0
32014H0193,32007R0333,CITES,2014.0,2007.0
32014H0193,32006R1881,CITES,2014.0,2006.0
32011D0792,32011D0399,CITES,2011.0,2011.0
32016R1375,32009R0428,CITES,2016.0,2009.0
32012R1011,31986L0635,CITES,2012.0,1986.0
32012R1011,31973L0239,CITES,2012.0,1973.0
32012R1011,32002L0083,CITES,2012.0,2002.0
32008L0068,32003Q1231(01),CITES,2008.0,2003.0
32008L0068,31990L0219,CITES,2008.0,1990.0
32008L0068,31999D0468,CITES,2008.0,1999.0
32008L0068,32000L0054,CITES,2008.0,2000.0
32013D0743,32013R1291,CITES,2013.0,2013.0
32013D0743,32006D1982,CITES,2013.0,2006.0
32021R0836,32021R0522,CITES,2021.0,2021.0
32021R0836,32017L1371,CITES,2021.0,2017.0
32021R0836,32016Q0512(01),CITES,2021.0,2016.0
32021R0836,32013Q1220(01),CITES,2021.0,2013.0
32021R0836,32021R0696,CITES,2021.0,2021.0
32021R0836,12016E290,CITES,2021.0,2016.0
32021R0836,32018R1046,CITES,2021.0,2018.0
32021R0836,32020R2093,CITES,2021.0,2020.0
32021R0836,32004L0035,CITES,2021.0,2004.0
32021R0836,12016M003,CITES,2021.0,2016.0
32021R0836,12016E191,CITES,2021.0,2016.0
32021R0836,32020R2094,CITES,2021.0,2020.0
32021R0836,32013R0883,CITES,2021.0,2013.0
32016R2338,32001L0023,CITES,2016.0,2001.0
32016R2338,32012L0034,CITES,2016.0,2012.0
32017R0390,32002L0047,CITES,2017.0,2002.0
32017R0390,32013R0575,CITES,2017.0,2013.0
32017R0390,32013R0152,CITES,2017.0,2013.0
32017R0390,32012R0648,CITES,2017.0,2012.0
32017R0390,31986L0635,CITES,2017.0,1986.0
32017R0390,31983L0349,CITES,2017.0,1983.0
32017R0390,32010R1093,CITES,2017.0,2010.0
32017R0390,31978L0660,CITES,2017.0,1978.0
32024R0370,32008D0768,CITES,2024.0,2008.0
32024R0370,32008R0765,CITES,2024.0,2008.0
32024R0370,32024D0365,CITES,2024.0,2024.0
32024R1872,32010R1095,CITES,2024.0,2010.0
32024R1872,32010R1094,CITES,2024.0,2010.0
32024R1872,32010R1093,CITES,2024.0,2010.0
32013R1257,31999L0045,CITES,2013.0,1999.0
32013R1257,31967L0548,CITES,2013.0,1967.0
32013R1257,32013R1257,CITES,2013.0,2013.0
32024L1619,12016E291,CITES,2024.0,2016.0
32024L1619,12016P/TXT,CITES,2024.0,2016.0
32024L1619,32019L0878,CITES,2024.0,2019.0
32024L1619,32010R1095,CITES,2024.0,2010.0
32024L1619,32021R1119,CITES,2024.0,2021.0
32024L1619,12016M005,CITES,2024.0,2016.0
32024L1619,32023R1114,CITES,2024.0,2023.0
32024L1619,32013R0575,CITES,2024.0,2013.0
32024L1619,32012R0648,CITES,2024.0,2012.0
32024L1619,32019L2162,CITES,2024.0,2019.0
32024L1619,32022R2554,CITES,2024.0,2022.0
32024L1619,32015L0849,CITES,2024.0,2015.0
32024L1619,32014L0059,CITES,2024.0,2014.0
32024L1619,32010R1093,CITES,2024.0,2010.0
32024L1619,32021R0451,CITES,2024.0,2021.0
32024L1619,32024R1620,CITES,2024.0,2024.0
32024L1619,12016E218,CITES,2024.0,2016.0
32024L1619,12016E290,CITES,2024.0,2016.0
32024L1619,32019R2033,CITES,2024.0,2019.0
32024L1619,32010R1094,CITES,2024.0,2010.0
32024L1619,31986L0635,CITES,2024.0,1986.0
32021R0693,32020R2093,CITES,2021.0,2020.0
32021R0693,12016M002,CITES,2021.0,2016.0
32021R0693,12016M019,CITES,2021.0,2016.0
32021R0693,32016Q0512(01),CITES,2021.0,2016.0
32021R0693,12016P/TXT,CITES,2021.0,2016.0
32021R0693,12016M/PRO/21,CITES,2021.0,2016.0
32021R0693,32020Q1222(01),CITES,2021.0,2020.0
32021R0693,12016E/TXT,CITES,2021.0,2016.0
32021R0693,32018R1046,CITES,2021.0,2018.0
32021R0693,12016E290,CITES,2021.0,2016.0
32021R0693,32021R0695,CITES,2021.0,2021.0
32021R0693,12016P024,CITES,2021.0,2016.0
32021R0693,32014R0390,CITES,2021.0,2014.0
32021R0693,12016E008,CITES,2021.0,2016.0
32021R0693,32013D0755,CITES,2021.0,2013.0
32021R0693,12016M/PRO/22,CITES,2021.0,2016.0
32021R0693,12016P047,CITES,2021.0,2016.0
32021R0693,12016E322,CITES,2021.0,2016.0
32021R0693,32017L1371,CITES,2021.0,2017.0
32021R0693,12016E/PRO/21,CITES,2021.0,2016.0
32021R0693,12016M005,CITES,2021.0,2016.0
32021R0693,12016E/PRO/22,CITES,2021.0,2016.0
32021R0693,12016M/TXT,CITES,2021.0,2016.0
32021R0693,12016P021,CITES,2021.0,2016.0
32021R0693,12016M003,CITES,2021.0,2016.0
32021R0693,32013R0883,CITES,2021.0,2013.0
32021R0693,32021R0694,CITES,2021.0,2021.0
32021R1727,32005R2073,CITES,2021.0,2005.0
32021R1727,32004R0853,CITES,2021.0,2004.0
32020R1227,32010R1095,CITES,2020.0,2010.0
32017D1149,32012D0021,CITES,2017.0,2012.0
32017D1149,12016E106,CITES,2017.0,2016.0
32017D1149,61996CJ0035,CITES,2017.0,1996.0
32017D1149,12016M/TXT,CITES,2017.0,2016.0
32017D1149,61991CJ0159,CITES,2017.0,1991.0
32017D1149,12016E107,CITES,2017.0,2016.0
32017D1149,32005D0842,CITES,2017.0,2005.0
32017D1149,61990CJ0041,CITES,2017.0,1990.0
32017D1149,62000CJ0280,CITES,2017.0,2000.0
32017D1149,62003CJ0172,CITES,2017.0,2003.0
32017D1149,61992CJ0364,CITES,2017.0,1992.0
32017D1149,61984CJ0248,CITES,2017.0,1984.0
32017D1149,62008TJ0267,CITES,2017.0,2008.0
32017D1149,12016E/TXT,CITES,2017.0,2016.0
32017D1149,32016D0633,CITES,2017.0,2016.0
32017D1149,62007CJ0113,CITES,2017.0,2007.0
32017D1149,61986CJ0066,CITES,2017.0,1986.0
32017D1149,61973CJ0127,CITES,2017.0,1973.0
32005D0345,61992CJ0278,CITES,2005.0,1992.0
32005D0345,12002E087,CITES,2005.0,2002.0
32005D0345,31989R4064,CITES,2005.0,1989.0
32005D0345,31999Y1009(01),CITES,2005.0,1999.0
32019R1021,12016E218,CITES,2019.0,2016.0
32019R1021,32009R1107,CITES,2019.0,2009.0
32019R1021,12016E/TXT,CITES,2019.0,2016.0
32019R1021,32003L0004,CITES,2019.0,2003.0
32019R1021,12016M005,CITES,2019.0,2016.0
32019R1021,12016E290,CITES,2019.0,2016.0
32019R1021,32006R1907,CITES,2019.0,2006.0
32019R1021,32016Q0512(01),CITES,2019.0,2016.0
32019R1021,32017D0939,CITES,2019.0,2017.0
32019R1021,32013D1386,CITES,2019.0,2013.0
32011D0784,61998CJ0156,CITES,2011.0,1998.0
32011D0784,61999CJ0482,CITES,2011.0,1999.0
32011D0784,61999CJ0328,CITES,2011.0,1999.0
32011D0784,61993TJ0459,CITES,2011.0,1993.0
32011D0784,62008TJ0396,CITES,2011.0,2008.0
32011D0784,61992CJ0278,CITES,2011.0,1992.0
32008R1234,31998R2119,CITES,2008.0,1998.0
32008R1234,31993R2309,CITES,2008.0,1993.0
32008R1234,31992R1768,CITES,2008.0,1992.0
32003D0124,32003R0324,CITES,2003.0,2003.0
32003D0124,31996L0023,CITES,2003.0,1996.0
32003D0124,31999R1258,CITES,2003.0,1999.0
32003R0147,32002R1318,CITES,2003.0,2002.0
32024D2860,31995L0018,CITES,2024.0,1995.0
32024D2860,32004L0051,CITES,2024.0,2004.0
32024D2860,61997CJ0075,CITES,2024.0,1997.0
32024D2860,61973CJ0127(01),CITES,2024.0,1973.0
32024D2860,32004R0794,CITES,2024.0,2004.0
32024D2860,12016E106,CITES,2024.0,2016.0
32024D2860,31969R1192,CITES,2024.0,1969.0
32024D2860,32012L0034,CITES,2024.0,2012.0
32024D2860,62001TJ0157,CITES,2024.0,2001.0
32024D2860,32001L0014,CITES,2024.0,2001.0
32024D2860,32004L0050,CITES,2024.0,2004.0
32024D2860,61999CJ0328,CITES,2024.0,1999.0
32024D2860,32004L0049,CITES,2024.0,2004.0
32024D2860,12016E342,CITES,2024.0,2016.0
32024D2860,62008TJ0443,CITES,2024.0,2008.0
32024D2860,61988CJ0303,CITES,2024.0,1988.0
32024D2860,62003CJ0172,CITES,2024.0,2003.0
32024D2860,61972CJ0070,CITES,2024.0,1972.0
32024D2860,62014CJ0015,CITES,2024.0,2014.0
32024D2860,31995L0019,CITES,2024.0,1995.0
32024D2860,32001L0013,CITES,2024.0,2001.0
32024D2860,32008R0271,CITES,2024.0,2008.0
32024D2860,62000CJ0280,CITES,2024.0,2000.0
32024D2860,32001L0012,CITES,2024.0,2001.0
32024D2860,61997TJ0298,CITES,2024.0,1997.0
32024D2860,12016E107,CITES,2024.0,2016.0
32024D2860,12016E093,CITES,2024.0,2016.0
32024D2860,61977CJ0156,CITES,2024.0,1977.0
32024D2860,12016E/TXT,CITES,2024.0,2016.0
32024D2860,32004R0881,CITES,2024.0,2004.0
32024D2860,31991L0440,CITES,2024.0,1991.0
32024D2860,31969R1191,CITES,2024.0,1969.0
32024D2860,31958R0001,CITES,2024.0,1958.0
32024D2860,31970R1107,CITES,2024.0,1970.0
32024R1618,32010R1093,CITES,2024.0,2010.0
32024R1618,32024L1174,CITES,2024.0,2024.0
32024R1618,32022R2036,CITES,2024.0,2022.0
32003D0370,31997D0865,CITES,2003.0,1997.0
32017D1985,32004R0549,CITES,2017.0,2004.0
32017D1985,32015D0348,CITES,2017.0,2015.0
32017R2359,32016R0679,CITES,2017.0,2016.0
32017R2359,32010R1094,CITES,2017.0,2010.0
32017R2359,32009L0138,CITES,2017.0,2009.0
32001L0024,31993L0022,CITES,2001.0,1993.0
32001L0024,31994L0019,CITES,2001.0,1994.0
32001L0024,32000L0012,CITES,2001.0,2000.0
32024R1449,12016M002,CITES,2024.0,2016.0
32024R1449,32018R1046,CITES,2024.0,2018.0
32024R1449,32017C1213(01),CITES,2024.0,2017.0
32024R1449,32020Q1222(01),CITES,2024.0,2020.0
32024R1449,32010D0427,CITES,2024.0,2010.0
32024R1449,12016M029,CITES,2024.0,2016.0
32024R1449,12016E215,CITES,2024.0,2016.0
32024R1449,32013R0883,CITES,2024.0,2013.0
32024R1449,12016M021,CITES,2024.0,2016.0
32024R1449,32019L0882,CITES,2024.0,2019.0
32024R1449,12016P/TXT,CITES,2024.0,2016.0
32024R1449,12016M005,CITES,2024.0,2016.0
32024R1449,12016E290,CITES,2024.0,2016.0
32024R1449,32016Q0512(01),CITES,2024.0,2016.0
32024R3189,32014R0909,CITES,2024.0,2014.0
32024R3189,32024D3182,CITES,2024.0,2024.0
32024R3189,12016E/TXT,CITES,2024.0,2016.0
32022D2349,32008L0048,CITES,2022.0,2008.0
32022D2349,32001L0095,CITES,2022.0,2001.0
32022D2349,32009L0048,CITES,2022.0,2009.0
32022D2349,12012P/TXT,CITES,2022.0,2012.0
32022D2349,32017R0745,CITES,2022.0,2017.0
32022D2349,32000L0078,CITES,2022.0,2000.0
32022D2349,12016M004,CITES,2022.0,2016.0
32022D2349,32002L0058,CITES,2022.0,2002.0
32022D2349,32016R0679,CITES,2022.0,2016.0
32022D2349,32000L0043,CITES,2022.0,2000.0
32022D2349,32006L0123,CITES,2022.0,2006.0
32022D2349,12016E003,CITES,2022.0,2016.0
32022D2349,32016L0680,CITES,2022.0,2016.0
32022D2349,12016P/TXT,CITES,2022.0,2016.0
32022D2349,32014L0053,CITES,2022.0,2014.0
32022D2349,32006L0042,CITES,2022.0,2006.0
32023R1464,32004L0037,CITES,2023.0,2004.0
32023R1464,31998L0024,CITES,2023.0,1998.0
32023R1464,32017R0745,CITES,2023.0,2017.0
32023R1464,32009L0048,CITES,2023.0,2009.0
32023R1464,32016R0425,CITES,2023.0,2016.0
32022D1972,32022D1284,CITES,2022.0,2022.0
32013R0575,32011R1205,CITES,2013.0,2011.0
32013R0575,31986L0635,CITES,2013.0,1986.0
32013R0575,31993L0006,CITES,2013.0,1993.0
32013R0575,32004D0010,CITES,2013.0,2004.0
32013R0575,32007L0064,CITES,2013.0,2007.0
32013R0575,32013Y0425(01),CITES,2013.0,2013.0
32013R0575,32003H0361,CITES,2013.0,2003.0
32013R0575,32010R1092,CITES,2013.0,2010.0
32013R0575,32004L0039,CITES,2013.0,2004.0
32013R0575,31983L0349,CITES,2013.0,1983.0
32013R0575,32009L0111,CITES,2013.0,2009.0
32013R0575,32010R1093,CITES,2013.0,2010.0
32013R0575,32006L0049,CITES,2013.0,2006.0
32013R0575,31978L0660,CITES,2013.0,1978.0
32013R0575,31994L0019,CITES,2013.0,1994.0
32013R0575,32001R0045,CITES,2013.0,2001.0
32013R0575,32009L0138,CITES,2013.0,2009.0
32013R0575,32010R1094,CITES,2013.0,2010.0
32013R0575,32009L0065,CITES,2013.0,2009.0
32013R0575,32008R1126,CITES,2013.0,2008.0
32013R0575,31995L0046,CITES,2013.0,1995.0
32013R0575,32006L0048,CITES,2013.0,2006.0
32013R0575,32000L0012,CITES,2013.0,2000.0
32017R2402,32013R0575,CITES,2017.0,2013.0
32017R2402,32010R1093,CITES,2017.0,2010.0
32017R2402,32015R0003,CITES,2017.0,2015.0
32017R2402,32015R0035,CITES,2017.0,2015.0
32017R2402,32003L0041,CITES,2017.0,2003.0
32017R2402,32010R1094,CITES,2017.0,2010.0
32017R2402,32014R0625,CITES,2017.0,2014.0
32017R2402,32008L0048,CITES,2017.0,2008.0
32017R2402,32015R1017,CITES,2017.0,2015.0
32017R2402,12016E290,CITES,2017.0,2016.0
32017R2402,32003L0071,CITES,2017.0,2003.0
32017R2402,32016L2341,CITES,2017.0,2016.0
32017R2402,32016Q0512(01),CITES,2017.0,2016.0
32017R2402,32013R0231,CITES,2017.0,2013.0
32017R2402,32010R1092,CITES,2017.0,2010.0
32017R2402,32014R0596,CITES,2017.0,2014.0
32017R2402,32014L0059,CITES,2017.0,2014.0
32017R2402,32010R1095,CITES,2017.0,2010.0
32017R2402,32014R0600,CITES,2017.0,2014.0
32014L0034,32008R0765,CITES,2014.0,2008.0
32014L0034,32008D0768,CITES,2014.0,2008.0
32014L0032,32008D0768,CITES,2014.0,2008.0
32014L0032,32008R0765,CITES,2014.0,2008.0
32014L0032,32004L0108,CITES,2014.0,2004.0
32014L0032,32014L0030,CITES,2014.0,2014.0
32017R2226,32016L0680,CITES,2017.0,2016.0
32017R2226,32017D1908,CITES,2017.0,2017.0
32017R2226,32002R1030,CITES,2017.0,2002.0
32017R2226,31999D0437,CITES,2017.0,1999.0
32017R2226,32014R0515,CITES,2017.0,2014.0
32017R2226,32001R0045,CITES,2017.0,2001.0
32017R2226,12016M/PRO/22,CITES,2017.0,2016.0
32017R2226,12016M005,CITES,2017.0,2016.0
32017R2226,32008D0146,CITES,2017.0,2008.0
32017R2226,32016R0679,CITES,2017.0,2016.0
32017R2226,32002F0584,CITES,2017.0,2002.0
32017R2226,12016E/PRO/22,CITES,2017.0,2016.0
32017R2226,12016P/TXT,CITES,2017.0,2016.0
32017R2226,31968R0259,CITES,2017.0,1968.0
32017R2226,32016R0399,CITES,2017.0,2016.0
32024R2987,32015R2205,CITES,2024.0,2015.0
32024R2987,32016R1178,CITES,2024.0,2016.0
32024R2987,32010R1094,CITES,2024.0,2010.0
32024R2987,12016E291,CITES,2024.0,2016.0
32024R2987,32010R1093,CITES,2024.0,2010.0
32024R2987,32016Q0512(01),CITES,2024.0,2016.0
32024R2987,32023R1114,CITES,2024.0,2023.0
32024R2987,32020R1304,CITES,2024.0,2020.0
32024R2987,32021R0023,CITES,2024.0,2021.0
32024R2987,12016M005,CITES,2024.0,2016.0
32024R2987,12016E290,CITES,2024.0,2016.0
32024R2987,32013R0153,CITES,2024.0,2013.0
32024R2987,32015L0849,CITES,2024.0,2015.0
32016D1698,61996CJ0035,CITES,2016.0,1996.0
32016D1698,61978CJ0209,CITES,2016.0,1978.0
32016D1698,61994TJ0358,CITES,2016.0,1994.0
32016D1698,62008TJ0267,CITES,2016.0,2008.0
32016D1698,61994CJ0244,CITES,2016.0,1994.0
32016D1698,61995CJ0343,CITES,2016.0,1995.0
32016D1698,31999R0659,CITES,2016.0,1999.0
32016D1698,32004L0017,CITES,2016.0,2004.0
32016D1698,12016E107,CITES,2016.0,2016.0
32016D1698,61995TJ0129,CITES,2016.0,1995.0
32016D1698,62004TJ0196,CITES,2016.0,2004.0
32016D1698,61999CJ0482,CITES,2016.0,1999.0
32016D1698,32000L0052,CITES,2016.0,2000.0
32016D1698,61997TJ0296,CITES,2016.0,1997.0
32016D1698,12016E102,CITES,2016.0,2016.0
32016D1698,32004L0018,CITES,2016.0,2004.0
32016D1698,61998CJ0180,CITES,2016.0,1998.0
32016D1698,61989CJ0305,CITES,2016.0,1989.0
32016D1698,32011D0060,CITES,2016.0,2011.0
32016D1698,62008TJ0443,CITES,2016.0,2008.0
32016D1698,62007CJ0049,CITES,2016.0,2007.0
32016D1698,61992CJ0364,CITES,2016.0,1992.0
32016D1698,61985CJ0118,CITES,2016.0,1985.0
32016D1698,61985CJ0040,CITES,2016.0,1985.0
32016D1698,61987CJ0301,CITES,2016.0,1987.0
32016D1698,32006R1998,CITES,2016.0,2006.0
32016D1698,31999R1260,CITES,2016.0,1999.0
32016D1698,32004D0393,CITES,2016.0,2004.0
32016D1698,12016E/TXT,CITES,2016.0,2016.0
32017R1230,32010R1093,CITES,2017.0,2010.0
32015D0248,61996CJ0067,CITES,2015.0,1996.0
32015D0248,32004R0883,CITES,2015.0,2004.0
32015D0248,61991CJ0159,CITES,2015.0,1991.0
32015D0248,61996CJ0035,CITES,2015.0,1996.0
32015D0248,62001CJ0264,CITES,2015.0,2001.0
32015D0248,61997CJ0219,CITES,2015.0,1997.0
32015D0248,61985CJ0118,CITES,2015.0,1985.0
32015D0248,61994CJ0244,CITES,2015.0,1994.0
32015D0248,62007CJ0350,CITES,2015.0,2007.0
32015D0248,61998CJ0180,CITES,2015.0,1998.0
32015D0248,31971R1408,CITES,2015.0,1971.0
32015D0248,61997CJ0115,CITES,2015.0,1997.0
32015D0248,62009TJ0347,CITES,2015.0,2009.0
32015D0248,62000CJ0218,CITES,2015.0,2000.0
32015D0248,62000CJ0280,CITES,2015.0,2000.0
32005H0698,32002H0590,CITES,2005.0,2002.0
32005H0698,32002L0019,CITES,2005.0,2002.0
32005H0698,31998H0322,CITES,2005.0,1998.0
32005H0698,32002D0627,CITES,2005.0,2002.0
32024R3005,32017R2402,CITES,2024.0,2017.0
32024R3005,32021R1119,CITES,2024.0,2021.0
32024R3005,32010R1092,CITES,2024.0,2010.0
32024R3005,12016E290,CITES,2024.0,2016.0
32024R3005,32016L2341,CITES,2024.0,2016.0
32024R3005,12016E296,CITES,2024.0,2016.0
32024R3005,32015L2366,CITES,2024.0,2015.0
32024R3005,32014R0909,CITES,2024.0,2014.0
32024R3005,32023R1114,CITES,2024.0,2023.0
32024R3005,12016M005,CITES,2024.0,2016.0
32024R3005,32016Q0512(01),CITES,2024.0,2016.0
32024R3005,32012R0648,CITES,2024.0,2012.0
32024R3005,32009L0065,CITES,2024.0,2009.0
32024R3005,32020R1503,CITES,2024.0,2020.0
32024R3005,32010R1095,CITES,2024.0,2010.0
32024R3005,32009L0138,CITES,2024.0,2009.0
32024R3005,31958R0001,CITES,2024.0,1958.0
32024R3005,12016E101,CITES,2024.0,2016.0
32024R3005,32014R0596,CITES,2024.0,2014.0
32024R3005,12016E102,CITES,2024.0,2016.0
32024R3005,32013R0575,CITES,2024.0,2013.0
32024R3005,12016M/TXT,CITES,2024.0,2016.0
32024R3005,32004R0883,CITES,2024.0,2004.0
32024R3005,32010R1094,CITES,2024.0,2010.0
32024R3005,32017C1213(01),CITES,2024.0,2017.0
32024R3005,32013R0345,CITES,2024.0,2013.0
32024R3005,32013R0346,CITES,2024.0,2013.0
32024R3005,12016E/TXT,CITES,2024.0,2016.0
32024R3005,32016L0943,CITES,2024.0,2016.0
32024R3005,32023R2631,CITES,2024.0,2023.0
32024R3005,32010R1093,CITES,2024.0,2010.0
32024R1252,32006L0021,CITES,2024.0,2006.0
32024R1252,32014L0053,CITES,2024.0,2014.0
32024R1252,32022R2576,CITES,2024.0,2022.0
32024R1252,32023R1542,CITES,2024.0,2023.0
32024R1252,32006L0042,CITES,2024.0,2006.0
32024R1252,32014L0029,CITES,2024.0,2014.0
32024R1252,32022D2481,CITES,2024.0,2022.0
32024R1252,32014L0030,CITES,2024.0,2014.0
32024R1252,32000L0060,CITES,2024.0,2000.0
32024R1252,32021H2279,CITES,2024.0,2021.0
32024R1252,32011R0305,CITES,2024.0,2011.0
32024R1252,32017R0821,CITES,2024.0,2017.0
32024R1252,32011L0092,CITES,2024.0,2011.0
32024R1252,32003L0087,CITES,2024.0,2003.0
32024R1252,32012R1025,CITES,2024.0,2012.0
32024R1252,32009R0223,CITES,2024.0,2009.0
32024R1252,32009L0048,CITES,2024.0,2009.0
32024R1252,32021D0929(02),CITES,2024.0,2021.0
32024R1252,32011L0065,CITES,2024.0,2011.0
32024R1252,32004L0035,CITES,2024.0,2004.0
32024R1252,32016R0425,CITES,2024.0,2016.0
32024R1252,32014L0034,CITES,2024.0,2014.0
32024R1252,32023R1781,CITES,2024.0,2023.0
32024R1252,32016Q0512(01),CITES,2024.0,2016.0
32024R1252,32021R0523,CITES,2024.0,2021.0
32024R1252,32014L0035,CITES,2024.0,2014.0
32024R1252,32018R1046,CITES,2024.0,2018.0
32024R1252,32008D0768,CITES,2024.0,2008.0
32024R1252,32014L0032,CITES,2024.0,2014.0
32024R1252,32021R1119,CITES,2024.0,2021.0
32024R1252,32016R0426,CITES,2024.0,2016.0
32024R1252,32022R2372,CITES,2024.0,2022.0
32024R2690,32019R0881,CITES,2024.0,2019.0
32024R3144,32014R0910,CITES,2024.0,2014.0
32024R3144,32024R3143,CITES,2024.0,2024.0
32022D0578,32014L0025,CITES,2022.0,2014.0
32022D0578,32014L0023,CITES,2022.0,2014.0
32022D0578,32009L0081,CITES,2022.0,2009.0
32022D0578,32014L0024,CITES,2022.0,2014.0
32022D0578,32015R2447,CITES,2022.0,2015.0
32022D0578,32018R1046,CITES,2022.0,2018.0
32019L0520,32001R0045,CITES,2019.0,2001.0
32019L0520,12016E290,CITES,2019.0,2016.0
32019L0520,12016P/TXT,CITES,2019.0,2016.0
32019L0520,32002L0058,CITES,2019.0,2002.0
32019L0520,32016Q0512(01),CITES,2019.0,2016.0
32019L0520,32014L0053,CITES,2019.0,2014.0
32019L0520,31999L0062,CITES,2019.0,1999.0
32019L0520,12016P008,CITES,2019.0,2016.0
32019L0520,32015L1535,CITES,2019.0,2015.0
32019L0520,32016L0680,CITES,2019.0,2016.0
32019L0520,32014L0030,CITES,2019.0,2014.0
32019L0520,32016R0679,CITES,2019.0,2016.0
31991R1534,11957E085,CITES,1991.0,1957.0
31991R1534,31989R4064,CITES,1991.0,1989.0
31991R1534,11957E086,CITES,1991.0,1957.0
32003E0092,11997D/PRO/05,CITES,2003.0,1997.0
32003E0092,11997M024,CITES,2003.0,1997.0
32017R0745,32008R0765,CITES,2017.0,2008.0
32017R0745,12016E034,CITES,2017.0,2016.0
32017R0745,12016E290,CITES,2017.0,2016.0
32017R0745,32006L0042,CITES,2017.0,2006.0
32017R0745,31995L0046,CITES,2017.0,1995.0
32017R0745,12016P008,CITES,2017.0,2016.0
32017R0745,31998L0079,CITES,2017.0,1998.0
32017R0745,32001R0045,CITES,2017.0,2001.0
32017R0745,62009CJ0400,CITES,2017.0,2009.0
32017R0745,12016P011,CITES,2017.0,2016.0
32017R0745,32014R0536,CITES,2017.0,2014.0
32017R0745,32015L1535,CITES,2017.0,2015.0
32017R0745,32014L0030,CITES,2017.0,2014.0
32017R0745,32008D0768,CITES,2017.0,2008.0
32017R0745,32012R1025,CITES,2017.0,2012.0
32017R0745,32017R0746,CITES,2017.0,2017.0
32017R0745,32016Q0512(01),CITES,2017.0,2016.0
32017R0745,12016E036,CITES,2017.0,2016.0
32017R0745,12016P/TXT,CITES,2017.0,2016.0
32017R0745,12016M005,CITES,2017.0,2016.0
32017R0745,32003H0361,CITES,2017.0,2003.0
32017R0745,32010D0227,CITES,2017.0,2010.0
32017R0745,32004L0023,CITES,2017.0,2004.0
32014R1011,32001R0045,CITES,2014.0,2001.0
32014R1011,32002L0058,CITES,2014.0,2002.0
32014R1011,31995L0046,CITES,2014.0,1995.0
32014R1011,31999L0093,CITES,2014.0,1999.0
32010L0040,32002L0024,CITES,2010.0,2002.0
32010L0040,31995L0046,CITES,2010.0,1995.0
32010L0040,32002L0058,CITES,2010.0,2002.0
32010L0040,32003L0098,CITES,2010.0,2003.0
32010L0040,31999D0468,CITES,2010.0,1999.0
32010L0040,32008D0768,CITES,2010.0,2008.0
32010L0040,31998L0034,CITES,2010.0,1998.0
32010L0040,32003L0037,CITES,2010.0,2003.0
32010L0040,32004L0052,CITES,2010.0,2004.0
32010L0040,32008R0683,CITES,2010.0,2008.0
32010L0040,31985R3821,CITES,2010.0,1985.0
32010L0040,32007L0046,CITES,2010.0,2007.0
32018L0850,12016M005,CITES,2018.0,2016.0
32018L0850,12016E349,CITES,2018.0,2016.0
32018L0850,32006L0021,CITES,2018.0,2006.0
32003L0087,12002E088,CITES,2003.0,2002.0
32003L0087,32000X1218(01),CITES,2003.0,2000.0
32003L0087,31999D0468,CITES,2003.0,1999.0
32003L0087,32002D1600,CITES,2003.0,2002.0
32003L0087,12002E087,CITES,2003.0,2002.0
32003L0087,32003L0004,CITES,2003.0,2003.0
32016D1332,32006R1907,CITES,2016.0,2006.0
32006D1672,32000X1218(01),CITES,2006.0,2000.0
31997D0607,11992E090,CITES,1997.0,1992.0
31997D0607,31994L0046,CITES,1997.0,1994.0
31997D0607,31995L0051,CITES,1997.0,1995.0
31997D0607,31996L0019,CITES,1997.0,1996.0
31997D0607,31992L0044,CITES,1997.0,1992.0
31997D0607,61994CJ0259,CITES,1997.0,1994.0
31997D0607,61986CJ0001,CITES,1997.0,1986.0
31997D0607,61993CJ0392,CITES,1997.0,1993.0
31997D0607,31997D0310,CITES,1997.0,1997.0
31997D0607,31993Y0806(01),CITES,1997.0,1993.0
31997D0607,31996L0002,CITES,1997.0,1996.0
31997D0607,31995L0062,CITES,1997.0,1995.0
31997D0039,31994L0046,CITES,1997.0,1994.0
31997D0039,11992E085,CITES,1997.0,1992.0
31997D0815,31994D0579,CITES,1997.0,1994.0
31997D0815,31990L0388,CITES,1997.0,1990.0
31997D0815,31995L0062,CITES,1997.0,1995.0
32020R1055,32014R0165,CITES,2020.0,2014.0
32020R1055,32016R0679,CITES,2020.0,2016.0
32020R1055,32006R0561,CITES,2020.0,2006.0
32020R1055,12016E290,CITES,2020.0,2016.0
32020R1055,32010R1213,CITES,2020.0,2010.0
32020R1055,32016Q0512(01),CITES,2020.0,2016.0
32020R1055,12016M005,CITES,2020.0,2016.0
32021D2111,32021D0689,CITES,2021.0,2021.0
32021D2111,32021D1765,CITES,2021.0,2021.0
32013R0231,32009L0065,CITES,2013.0,2009.0
32013R0231,32004L0039,CITES,2013.0,2004.0
32013R0231,32006L0048,CITES,2013.0,2006.0
32013R0231,32003L0006,CITES,2013.0,2003.0
32019D0235,32012D0243,CITES,2019.0,2012.0
32019D0235,32014D0276,CITES,2019.0,2014.0
32020D1023,32002L0058,CITES,2020.0,2002.0
32020D1023,32016R0679,CITES,2020.0,2016.0
32020D1023,32017D0046,CITES,2020.0,2017.0
32020D1023,32013D1082,CITES,2020.0,2013.0
32010R1094,31997L0009,CITES,2010.0,1997.0
32010R1094,31998L0078,CITES,2010.0,1998.0
32010R1094,32002R1605,CITES,2010.0,2002.0
32010R1094,31994L0019,CITES,2010.0,1994.0
32010R1094,32001R0045,CITES,2010.0,2001.0
32010R1094,31995L0046,CITES,2010.0,1995.0
32010R1094,32006R1781,CITES,2010.0,2006.0
32010R1094,32002R2343,CITES,2010.0,2002.0
32010R1094,32007L0064,CITES,2010.0,2007.0
32010R1094,31998R2533,CITES,2010.0,1998.0
32010R1094,32005L0060,CITES,2010.0,2005.0
32010R1094,32006L0048,CITES,2010.0,2006.0
32010R1094,32009R0223,CITES,2010.0,2009.0
32010R1094,32006L0049,CITES,2010.0,2006.0
32010R1094,32006Q0614(01),CITES,2010.0,2006.0
32015L0849,32009D0316,CITES,2015.0,2009.0
32015L0849,32015R0847,CITES,2015.0,2015.0
32015L0849,32013R0575,CITES,2015.0,2013.0
32015L0849,32008F0977,CITES,2015.0,2008.0
32015L0849,32002L0092,CITES,2015.0,2002.0
32015L0849,31998F0733,CITES,2015.0,1998.0
32015L0849,32010R1094,CITES,2015.0,2010.0
32015L0849,31991L0308,CITES,2015.0,1991.0
32015L0849,31995L0046,CITES,2015.0,1995.0
32015L0849,32010R1093,CITES,2015.0,2010.0
32015L0849,32001L0097,CITES,2015.0,2001.0
32015L0849,32009L0101,CITES,2015.0,2009.0
32015L0849,32001R0045,CITES,2015.0,2001.0
32015L0849,32007L0064,CITES,2015.0,2007.0
32015L0849,32010R1095,CITES,2015.0,2010.0
32015L0849,32002F0475,CITES,2015.0,2002.0
32015L0849,31995F1127(03),CITES,2015.0,1995.0
32015L0849,32009L0138,CITES,2015.0,2009.0
32015L0849,32004L0039,CITES,2015.0,2004.0
32015L0849,12012P,CITES,2015.0,2012.0
32017R0821,32013R1287,CITES,2017.0,2013.0
32017R0821,32015R2446,CITES,2017.0,2015.0
32017R0821,32016Q0512(01),CITES,2017.0,2016.0
32017R0821,12016E290,CITES,2017.0,2016.0
32017R0821,32001R0045,CITES,2017.0,2001.0
32017R0821,31995L0046,CITES,2017.0,1995.0
32010R1093,32006L0049,CITES,2010.0,2006.0
32010R1093,31998R2533,CITES,2010.0,1998.0
32010R1093,32006L0048,CITES,2010.0,2006.0
32010R1093,32007L0064,CITES,2010.0,2007.0
32010R1093,32002R2343,CITES,2010.0,2002.0
32010R1093,32009D0079,CITES,2010.0,2009.0
32010R1093,31995L0046,CITES,2010.0,1995.0
32010R1093,31998L0078,CITES,2010.0,1998.0
32010R1093,32009R0223,CITES,2010.0,2009.0
32010R1093,32005L0060,CITES,2010.0,2005.0
32010R1093,32001R0045,CITES,2010.0,2001.0
32010R1093,32006Q0614(01),CITES,2010.0,2006.0
32010R1093,32006R1781,CITES,2010.0,2006.0
32010R1093,31994L0019,CITES,2010.0,1994.0
32010R1093,32002R1605,CITES,2010.0,2002.0
32010R1093,31997L0009,CITES,2010.0,1997.0
32022R0504,32016R1646,CITES,2022.0,2016.0
32022R0504,32012R0648,CITES,2022.0,2012.0
32013R0885,32003L0098,CITES,2013.0,2003.0
32013R0885,31995L0046,CITES,2013.0,1995.0
32013R0885,32002L0058,CITES,2013.0,2002.0
32011D0319,62000CJ0278,CITES,2011.0,2000.0
32011D0319,62003CJ0182,CITES,2011.0,2003.0
32011D0319,62000CJ0280,CITES,2011.0,2000.0
32011D0319,62001TJ0116,CITES,2011.0,2001.0
32011D0319,62002TJ0171,CITES,2011.0,2002.0
32011D0319,61999CJ0310,CITES,2011.0,1999.0
32011D0319,61996CJ0067,CITES,2011.0,1996.0
32018R0959,32010R1093,CITES,2018.0,2010.0
32018R0959,32016R0101,CITES,2018.0,2016.0
32002D0180,61989TJ0030,CITES,2002.0,1989.0
32002D0180,31998Y0206(01),CITES,2002.0,1998.0
32002D0180,61981CJ0322,CITES,2002.0,1981.0
32002D0180,61991TJ0083,CITES,2002.0,1991.0
32002D0180,61991CJ0320,CITES,2002.0,1991.0
32002D0180,61985CJ0045,CITES,2002.0,1985.0
32002D0180,61976CJ0027,CITES,2002.0,1976.0
32002D0180,61986CJ0066,CITES,2002.0,1986.0
32002D0180,61990CJ0041,CITES,2002.0,1990.0
32002D0180,11997E082,CITES,2002.0,1997.0
32002D0180,11997E256,CITES,2002.0,1997.0
32002D0180,31997L0067,CITES,2002.0,1997.0
32002D0180,31998R2842,CITES,2002.0,1998.0
32003D0521,32001R0069,CITES,2003.0,2001.0
32003D0521,11997E086,CITES,2003.0,1997.0
32003D0521,31999R0659,CITES,2003.0,1999.0
32003D0521,32001R0070,CITES,2003.0,2001.0
32003D0521,11997E087,CITES,2003.0,1997.0
32003D0521,61998TJ0128,CITES,2003.0,1998.0
32003D0521,32000L0009,CITES,2003.0,2000.0
32003D0521,31998Y0310(01),CITES,2003.0,1998.0
32003D0521,31999Y1009(01),CITES,2003.0,1999.0
32003D0521,11997E073,CITES,2003.0,1997.0
32010R0590,32010R0273,CITES,2010.0,2010.0
32010R0590,32008R0351,CITES,2010.0,2008.0
32010R0590,32006R0473,CITES,2010.0,2006.0
32021D1730,32018D1538,CITES,2021.0,2018.0
32021D1730,31991L0287,CITES,2021.0,1991.0
32021D1730,32020D0667,CITES,2021.0,2020.0
32025D0709,32013R1261,CITES,2025.0,2013.0
32024R1381,32014R0536,CITES,2024.0,2014.0
32024R1381,32016R0679,CITES,2024.0,2016.0
32024R1381,32008R1234,CITES,2024.0,2008.0
32024L1275,32017R1369,CITES,2024.0,2017.0
32024L1275,12016M005,CITES,2024.0,2016.0
32024L1275,62017CJ0543,CITES,2024.0,2017.0
32024L1275,32003L0087,CITES,2024.0,2003.0
32024L1275,32012R0244,CITES,2024.0,2012.0
32024L1275,12016E290,CITES,2024.0,2016.0
32024L1275,32023R1804,CITES,2024.0,2023.0
32024L1275,32021R1119,CITES,2024.0,2021.0
32024L1275,12016E107,CITES,2024.0,2016.0
32024L1275,32016Q0512(01),CITES,2024.0,2016.0
32024L1275,12016E108,CITES,2024.0,2016.0
32024L1275,32022H0627(04),CITES,2024.0,2022.0
32024L1275,32021R2115,CITES,2024.0,2021.0
32024L1275,32018L2001,CITES,2024.0,2018.0
32024L1275,32016L2284,CITES,2024.0,2016.0
32024L1275,32014L0061,CITES,2024.0,2014.0
32024L1275,32021R1060,CITES,2024.0,2021.0
32024L1275,12016E349,CITES,2024.0,2016.0
32024L1275,32021R2139,CITES,2024.0,2021.0
32024L1275,32021H1749,CITES,2024.0,2021.0
32024L1275,32016R0679,CITES,2024.0,2016.0
32024L1275,32011R0305,CITES,2024.0,2011.0
32017R2279,32003R1831,CITES,2017.0,2003.0
32013R0697,32002R0881,CITES,2013.0,2002.0
32013R0697,32001R2580,CITES,2013.0,2001.0
31999L0002,31996L0029,CITES,1999.0,1996.0
31999L0002,11992E148,CITES,1999.0,1992.0
31999L0002,31974D0234,CITES,1999.0,1974.0
31999L0002,31993L0099,CITES,1999.0,1993.0
32021D0506(01),61993CJ0391,CITES,2021.0,1993.0
32011D0528,62003CJ0088,CITES,2011.0,2003.0
32011D0528,62002CJ0345,CITES,2011.0,2002.0
32011D0528,61999CJ0143,CITES,2011.0,1999.0
32011D0528,61999CJ0482,CITES,2011.0,1999.0
32011D0528,61991CJ0072,CITES,2011.0,1991.0
32011D0528,61973CJ0173,CITES,2011.0,1973.0
32011D0528,61996TJ0132,CITES,2011.0,1996.0
32011D0528,32006R1998,CITES,2011.0,2006.0
32011D0528,61994TJ0358,CITES,2011.0,1994.0
32011D0528,61993TJ0459,CITES,2011.0,1993.0
32011D0528,61994CJ0039,CITES,2011.0,1994.0
32011D0528,61998CJ0379,CITES,2011.0,1998.0
32011D0528,62006CJ0487,CITES,2011.0,2006.0
32011D0528,61990CJ0364,CITES,2011.0,1990.0
32011D0528,32009L0028,CITES,2011.0,2009.0
32011D0528,61997CJ0075,CITES,2011.0,1997.0
32011D0372,31994L0022,CITES,2011.0,1994.0
32021D0750,12016M002,CITES,2021.0,2016.0
32021D0750,12016M021,CITES,2021.0,2016.0
32019D1909,32018H0308(01),CITES,2019.0,2018.0
32019D1909,32019H0515(01),CITES,2019.0,2019.0
32019D1909,32018D1797,CITES,2019.0,2018.0
32014R0342,32009L0138,CITES,2014.0,2009.0
32014R0342,32010R1094,CITES,2014.0,2010.0
32014R0342,32010R1093,CITES,2014.0,2010.0
32014R0342,32010R1095,CITES,2014.0,2010.0
32014R0342,32009L0065,CITES,2014.0,2009.0
32020R1503,12016M005,CITES,2020.0,2016.0
32020R1503,12016E258,CITES,2020.0,2016.0
32020R1503,32010R1095,CITES,2020.0,2010.0
32020R1503,12016E290,CITES,2020.0,2016.0
32020R1503,32019R2033,CITES,2020.0,2019.0
32020R1503,12016P/TXT,CITES,2020.0,2016.0
32020R1503,32015L2366,CITES,2020.0,2015.0
32020R1503,32015L0849,CITES,2020.0,2015.0
32020R1503,31997L0009,CITES,2020.0,1997.0
32020R1503,32016Q0512(01),CITES,2020.0,2016.0
32020R1503,32013R1075,CITES,2020.0,2013.0
32020R1503,12016E291,CITES,2020.0,2016.0
32020R1503,32014R1286,CITES,2020.0,2014.0
32020R1503,32008L0048,CITES,2020.0,2008.0
32020R1503,32010R1093,CITES,2020.0,2010.0
32020R1503,32013R0575,CITES,2020.0,2013.0
32020R1503,32016R0679,CITES,2020.0,2016.0
32024R1157,32013R0883,CITES,2024.0,2013.0
32024R1157,12016M005,CITES,2024.0,2016.0
32024R1157,31999L0031,CITES,2024.0,1999.0
32024R1157,32009R1069,CITES,2024.0,2009.0
32024R1157,31991L0271,CITES,2024.0,1991.0
32024R1157,32015L1535,CITES,2024.0,2015.0
32024R1157,32019L0883,CITES,2024.0,2019.0
32024R1157,32016R0679,CITES,2024.0,2016.0
32024R1157,32023R2055,CITES,2024.0,2023.0
32024R1157,32021R1119,CITES,2024.0,2021.0
32024R1157,32023R1542,CITES,2024.0,2023.0
32024R1157,32013D0755,CITES,2024.0,2013.0
32024R1157,32022R2399,CITES,2024.0,2022.0
32024R1157,32015R2447,CITES,2024.0,2015.0
32024R1157,32015R2446,CITES,2024.0,2015.0
32024R1157,32016Q0512(01),CITES,2024.0,2016.0
32024R1157,12016E290,CITES,2024.0,2016.0
32024R1157,32016R1245,CITES,2024.0,2016.0
32024R1157,32019R1021,CITES,2024.0,2019.0
32024R1157,32009R0767,CITES,2024.0,2009.0
32024R1157,31997R0120,CITES,2024.0,1997.0
32024R1157,12016EN02,CITES,2024.0,2016.0
32024R1157,32003L0004,CITES,2024.0,2003.0
32002L0058,31998L0034,CITES,2002.0,1998.0
32002L0058,32000X1218(01),CITES,2002.0,2000.0
32002L0058,11997E014,CITES,2002.0,1997.0
32002L0058,31999L0005,CITES,2002.0,1999.0
32002L0058,32002L0021,CITES,2002.0,2002.0
32002L0058,31987D0095,CITES,2002.0,1987.0
32002L0058,31995L0046,CITES,2002.0,1995.0
32016R1014,32004L0039,CITES,2016.0,2004.0
32016R1014,31993L0022,CITES,2016.0,1993.0
32015D0038,32014R0604,CITES,2015.0,2014.0
32015D0038,32013R0575,CITES,2015.0,2013.0
32011R1227,31995L0046,CITES,2011.0,1995.0
32011R1227,32009R0715,CITES,2011.0,2009.0
32011R1227,31983L0349,CITES,2011.0,1983.0
32011R1227,32009L0072,CITES,2011.0,2009.0
32011R1227,32008L0114,CITES,2011.0,2008.0
32011R1227,32009R0714,CITES,2011.0,2009.0
32011R1227,32009R0713,CITES,2011.0,2009.0
32011R1227,32010R1095,CITES,2011.0,2010.0
32011R1227,32003L0006,CITES,2011.0,2003.0
32011R1227,32009L0073,CITES,2011.0,2009.0
32011R1227,32004L0039,CITES,2011.0,2004.0
32011R1227,12010E291,CITES,2011.0,2010.0
32011R1227,32001R0045,CITES,2011.0,2001.0
32009R0790,32006R1907,CITES,2009.0,2006.0
32017D0939,32017D0938,CITES,2017.0,2017.0
32017D0939,32013D1386,CITES,2017.0,2013.0
32019R0933,12016P017,CITES,2019.0,2016.0
32019R0933,32016R0161,CITES,2019.0,2016.0
32019R0933,12016M005,CITES,2019.0,2016.0
32019R0933,32013R0608,CITES,2019.0,2013.0
32019R0933,12016P035,CITES,2019.0,2016.0
32019R0933,32016Q0512(01),CITES,2019.0,2016.0
32019R0933,12016P/TXT,CITES,2019.0,2016.0
32019R0933,32001L0082,CITES,2019.0,2001.0
32009L0119,31995L0046,CITES,2009.0,1995.0
32009L0119,32001R0045,CITES,2009.0,2001.0
32009L0119,31999D0468,CITES,2009.0,1999.0
32013R1306,32009L0128,CITES,2013.0,2009.0
32013R1306,31980L0068,CITES,2013.0,1980.0
32013R1306,31995L0046,CITES,2013.0,1995.0
32013R1306,32003R0058,CITES,2013.0,2003.0
32013R1306,32012R0966,CITES,2013.0,2012.0
32013R1306,32001R0045,CITES,2013.0,2001.0
32013R1306,32013R1305,CITES,2013.0,2013.0
32013R1306,32013R0883,CITES,2013.0,2013.0
32013R1306,32004R0882,CITES,2013.0,2004.0
32013R1306,32013R1303,CITES,2013.0,2013.0
32013R1306,32005R1698,CITES,2013.0,2005.0
32013R1306,32000L0060,CITES,2013.0,2000.0
32013R1306,32009R1107,CITES,2013.0,2009.0
32018D0556,61999CJ0482,CITES,2018.0,1999.0
32018D0556,61997CJ0075,CITES,2018.0,1997.0
32018D0556,31998Y0310(01),CITES,2018.0,1998.0
32018D0556,61994CJ0244,CITES,2018.0,1994.0
32018D0556,61972CJ0070,CITES,2018.0,1972.0
32018D0556,12016E/TXT,CITES,2018.0,2016.0
32018D0556,32008R0271,CITES,2018.0,2008.0
32018D0556,61998CJ0156,CITES,2018.0,1998.0
32018D0556,61995TJ0214,CITES,2018.0,1995.0
32018D0556,62001TJ0109,CITES,2018.0,2001.0
32018D0556,61988CJ0303,CITES,2018.0,1988.0
32018D0556,12016E107,CITES,2018.0,2016.0
32018D0556,61990CJ0041,CITES,2018.0,1990.0
32018D0556,61990CJ0364,CITES,2018.0,1990.0
32018D0556,61979CJ0730,CITES,2018.0,1979.0
32018D0556,61996CJ0035,CITES,2018.0,1996.0
32018D0556,61992CJ0278,CITES,2018.0,1992.0
32018D0556,62004CJ0148,CITES,2018.0,2004.0
32018D0556,61993TJ0459,CITES,2018.0,1993.0
32018D0556,61985CJ0118,CITES,2018.0,1985.0
32018D0556,31999L0062,CITES,2018.0,1999.0
32018D0556,32004R0794,CITES,2018.0,2004.0
32021R0943,32014R0680,CITES,2021.0,2014.0
32021R0943,32013R0575,CITES,2021.0,2013.0
32021R0943,32021R0451,CITES,2021.0,2021.0
32022D0338,12016M021,CITES,2022.0,2016.0
32020D1472,62014CJ0015,CITES,2020.0,2014.0
32020D1472,61985CJ0118,CITES,2020.0,1985.0
32020D1472,61987CJ0030,CITES,2020.0,1987.0
32020D1472,31958R0001,CITES,2020.0,1958.0
32020D1472,61998CJ0156,CITES,2020.0,1998.0
32020D1472,62001CJ0082,CITES,2020.0,2001.0
32020D1472,62015CJ0329,CITES,2020.0,2015.0
32020D1472,61998TJ0128,CITES,2020.0,1998.0
32020D1472,62010CJ0399,CITES,2020.0,2010.0
32020D1472,12016E107,CITES,2020.0,2016.0
32020D1472,62008CJ0078,CITES,2020.0,2008.0
32020D1472,61992CJ0364,CITES,2020.0,1992.0
32020D1472,61973CJ0173,CITES,2020.0,1973.0
32020D1472,61981CJ0322,CITES,2020.0,1981.0
32020D1472,61978CJ0209,CITES,2020.0,1978.0
32020D1472,12016E345,CITES,2020.0,2016.0
32020D1472,62007CJ0049,CITES,2020.0,2007.0
32020D1472,61996CJ0342,CITES,2020.0,1996.0
32020D1472,62008CJ0279,CITES,2020.0,2008.0
32020D1472,61992CJ0387,CITES,2020.0,1992.0
32020D1472,61996CJ0035,CITES,2020.0,1996.0
32020D1472,12016E342,CITES,2020.0,2016.0
32020D1472,62001CJ0159,CITES,2020.0,2001.0
32020D1472,62009CJ0106,CITES,2020.0,2009.0
32020D1472,61998CJ0180,CITES,2020.0,1998.0
32020D1472,61994CJ0039,CITES,2020.0,1994.0
32020D1472,62011CJ0288,CITES,2020.0,2011.0
32020D1472,61997CJ0200,CITES,2020.0,1997.0
32020D1472,62011CJ0197,CITES,2020.0,2011.0
32020D1472,32012L0034,CITES,2020.0,2012.0
32020D1472,61999CJ0143,CITES,2020.0,1999.0
32020D1472,62004CJ0222,CITES,2020.0,2004.0
32020D1472,62003CJ0088,CITES,2020.0,2003.0
32020D1472,31999L0062,CITES,2020.0,1999.0
32020D1472,32013R1316,CITES,2020.0,2013.0
32020D1472,62015TJ0314,CITES,2020.0,2015.0
32020D1472,32013R1315,CITES,2020.0,2013.0
32020D1472,61995CJ0343,CITES,2020.0,1995.0
32020D1472,62008TJ0443,CITES,2020.0,2008.0
32020D1472,61994CJ0244,CITES,2020.0,1994.0
32020D1472,62007CJ0113,CITES,2020.0,2007.0
32024R1703,32019R0715,CITES,2024.0,2019.0
32024R1703,32018R1046,CITES,2024.0,2018.0
32024R1703,32012R0648,CITES,2024.0,2012.0
32024R1706,32018R1046,CITES,2024.0,2018.0
32024R1706,32019R0715,CITES,2024.0,2019.0
32023R2533,32023R2534,CITES,2023.0,2023.0
32023R2533,32012R1025,CITES,2023.0,2012.0
32023R2533,32014L0053,CITES,2023.0,2014.0
32023R2533,32017R1369,CITES,2023.0,2017.0
32023R2533,32014L0035,CITES,2023.0,2014.0
32023R2533,32019R2023,CITES,2023.0,2019.0
32023R2533,32006L0042,CITES,2023.0,2006.0
32010R1092,31998R2533,CITES,2010.0,1998.0
32010R1092,32009R0223,CITES,2010.0,2009.0
32005D0854,31999D0276,CITES,2005.0,1999.0
32005D0854,31999D0468,CITES,2005.0,1999.0
32005D0854,32000X1218(01),CITES,2005.0,2000.0
32005D0854,31999Y0618(02),CITES,2005.0,1999.0
32005D0854,32002L0058,CITES,2005.0,2002.0
32005D0854,32005D0456,CITES,2005.0,2005.0
32017R0207,32014R0513,CITES,2017.0,2014.0
32017R0207,12016E/TXT,CITES,2017.0,2016.0
32017R0207,32014R0802,CITES,2017.0,2014.0
32017R0207,12016M/TXT,CITES,2017.0,2016.0
32017R0207,32014R0516,CITES,2017.0,2014.0
32017R0207,32014R0515,CITES,2017.0,2014.0
32019R2128,32003D0623,CITES,2019.0,2003.0
32019R2128,32019R2124,CITES,2019.0,2019.0
32019R2128,32019R1715,CITES,2019.0,2019.0
32019R2128,32004D0292,CITES,2019.0,2004.0
32003R1882,31999D0468,CITES,2003.0,1999.0
32003R1882,31987D0373,CITES,2003.0,1987.0
32018D1782,32015D0348,CITES,2018.0,2015.0
32018D1782,32004R0549,CITES,2018.0,2004.0
32014L0041,32001R0045,CITES,2014.0,2001.0
32014L0041,32008F0977,CITES,2014.0,2008.0
32014L0041,32005L0060,CITES,2014.0,2005.0
32014L0041,32013L0048,CITES,2014.0,2013.0
32014L0041,32002F0584,CITES,2014.0,2002.0
32014L0041,32012L0013,CITES,2014.0,2012.0
32012D0443,32012H0724(24),CITES,2012.0,2012.0
32009D0337,31999L0045,CITES,2009.0,1999.0
32009D0337,32006L0012,CITES,2009.0,2006.0
32009D0337,31967L0548,CITES,2009.0,1967.0
32009D0337,32004L0035,CITES,2009.0,2004.0
32007D0344,31995L0046,CITES,2007.0,1995.0
32007D0344,32002L0021,CITES,2007.0,2002.0
32007D0344,32002L0058,CITES,2007.0,2002.0
32007D0344,31999L0005,CITES,2007.0,1999.0
32024D2709,32021R0696,CITES,2024.0,2021.0
32024D2709,32024D1213,CITES,2024.0,2024.0
32024R1787,12016M029,CITES,2024.0,2016.0
32024R1787,32008L0056,CITES,2024.0,2008.0
32024R1787,32024L1788,CITES,2024.0,2024.0
32024R1787,32021R0696,CITES,2024.0,2021.0
32024R1787,12016M/TXT,CITES,2024.0,2016.0
32024R1787,12016P/TXT,CITES,2024.0,2016.0
32024R1787,32016R0679,CITES,2024.0,2016.0
32024R1787,12016E108,CITES,2024.0,2016.0
32024R1787,12016M005,CITES,2024.0,2016.0
32024R1787,12016E/TXT,CITES,2024.0,2016.0
32024R1787,12016E290,CITES,2024.0,2016.0
32024R1787,32003L0004,CITES,2024.0,2003.0
32024R1787,32024L1203,CITES,2024.0,2024.0
32024R1787,32012R1025,CITES,2024.0,2012.0
32024R1787,32008R0765,CITES,2024.0,2008.0
32024R1787,12016E215,CITES,2024.0,2016.0
32024R1787,32016Q0512(01),CITES,2024.0,2016.0
32024R1787,32009L0119,CITES,2024.0,2009.0
32024R1787,12016E291,CITES,2024.0,2016.0
32024R1787,32016L0943,CITES,2024.0,2016.0
32024R1787,32017R1938,CITES,2024.0,2017.0
32024R1787,12016E107,CITES,2024.0,2016.0
32024R1787,32021R1119,CITES,2024.0,2021.0
32024R1787,32013L0030,CITES,2024.0,2013.0
32024R1705,32018R1046,CITES,2024.0,2018.0
32024R1705,32019R0715,CITES,2024.0,2019.0
32007D0580,61973CJ0173,CITES,2007.0,1973.0
32007D0580,31999R0659,CITES,2007.0,1999.0
32007D0580,62000CJ0280,CITES,2007.0,2000.0
32007D0580,62002CJ0345,CITES,2007.0,2002.0
32001D0519,31998Y0302(04),CITES,2001.0,1998.0
32001D0519,31998L0030,CITES,2001.0,1998.0
32001D0432,31999M1349,CITES,2001.0,1999.0
32001D0432,31993M0331,CITES,2001.0,1993.0
32022D0620(02),12016M017,CITES,2022.0,2016.0
32022D0620(02),12016E/TXT,CITES,2022.0,2016.0
32022D0620(02),12016M/TXT,CITES,2022.0,2016.0
32022D0620(02),32018R1971,CITES,2022.0,2018.0
32022D0589,32020H1563,CITES,2022.0,2020.0
32022D0589,32016R0679,CITES,2022.0,2016.0
32022D0589,32009L0073,CITES,2022.0,2009.0
32022D0589,32015D0444,CITES,2022.0,2015.0
32022D0589,32017C1213(01),CITES,2022.0,2017.0
32022D0589,12016M/TXT,CITES,2022.0,2016.0
32022D0589,12016E/TXT,CITES,2022.0,2016.0
32022D0589,32021H1749,CITES,2022.0,2021.0
32024R1849,32011L0065,CITES,2024.0,2011.0
32024R1849,12016M005,CITES,2024.0,2016.0
32024R1849,32017D0939,CITES,2024.0,2017.0
32024R1849,32023D2417,CITES,2024.0,2023.0
32024R2514,32015R2446,CITES,2024.0,2015.0
32024R2514,32019R1715,CITES,2024.0,2019.0
32024R2514,32015R2447,CITES,2024.0,2015.0
32024R2514,32021R0821,CITES,2024.0,2021.0
32024R1991,32020R2093,CITES,2024.0,2020.0
32024R1991,32021R2115,CITES,2024.0,2021.0
32024R1991,12016E290,CITES,2024.0,2016.0
32024R1991,32008L0056,CITES,2024.0,2008.0
32024R1991,32021R1139,CITES,2024.0,2021.0
32024R1991,32011L0092,CITES,2024.0,2011.0
32024R1991,32013R1315,CITES,2024.0,2013.0
32024R1991,32021R1119,CITES,2024.0,2021.0
32024R1991,32021R0695,CITES,2024.0,2021.0
32024R1991,32021R0523,CITES,2024.0,2021.0
32024R1991,32000L0060,CITES,2024.0,2000.0
32024R1991,12016E191,CITES,2024.0,2016.0
32024R1991,32016Q0512(01),CITES,2024.0,2016.0
32024R1991,12016M/TXT,CITES,2024.0,2016.0
32024R1991,32016L2284,CITES,2024.0,2016.0
32024R1991,32003L0004,CITES,2024.0,2003.0
32024R1991,12016E/TXT,CITES,2024.0,2016.0
32024R1991,12016M019,CITES,2024.0,2016.0
32024R1991,12016M005,CITES,2024.0,2016.0
32024R1991,31998L0070,CITES,2024.0,1998.0
32024R1991,12016M004,CITES,2024.0,2016.0
32024R1991,12016E349,CITES,2024.0,2016.0
32024R1991,32018L2001,CITES,2024.0,2018.0
32024R1991,32023R1115,CITES,2024.0,2023.0
32024R1991,32021R0696,CITES,2024.0,2021.0
32024L1203,12016M/PRO/22,CITES,2024.0,2016.0
32024L1203,32013R1257,CITES,2024.0,2013.0
32024L1203,12016M005,CITES,2024.0,2016.0
32024L1203,12016E/PRO/21,CITES,2024.0,2016.0
32024L1203,12016E/PRO/22,CITES,2024.0,2016.0
32024L1203,32006R1907,CITES,2024.0,2006.0
32024L1203,32016L0680,CITES,2024.0,2016.0
32024L1203,12016M003,CITES,2024.0,2016.0
32024L1203,32018R1727,CITES,2024.0,2018.0
32024L1203,32004L0035,CITES,2024.0,2004.0
32024L1203,32024R1157,CITES,2024.0,2024.0
32024L1203,32016R0679,CITES,2024.0,2016.0
32024L1203,32011L0092,CITES,2024.0,2011.0
32024L1203,12016P/TXT,CITES,2024.0,2016.0
32024L1203,12016P007,CITES,2024.0,2016.0
32024L1203,12016M/PRO/21,CITES,2024.0,2016.0
32024L1203,32023R1115,CITES,2024.0,2023.0
32024L1203,32019R1021,CITES,2024.0,2019.0
32024L1203,31993L0043,CITES,2024.0,1993.0
32024L1203,32012L0029,CITES,2024.0,2012.0
32024L1203,12016E191,CITES,2024.0,2016.0
32024L1203,32000L0060,CITES,2024.0,2000.0
32024L1203,32013L0051,CITES,2024.0,2013.0
32024L1203,32013L0030,CITES,2024.0,2013.0
32024L1203,12016E168,CITES,2024.0,2016.0
32024L1203,32019L1937,CITES,2024.0,2019.0
32024L1203,12016E091,CITES,2024.0,2016.0
32024L1203,12016E192,CITES,2024.0,2016.0
32024L1203,32009R1107,CITES,2024.0,2009.0
32024L1203,32014L0042,CITES,2024.0,2014.0
32024L1203,12016E114,CITES,2024.0,2016.0
32024L1203,12016P008,CITES,2024.0,2016.0
32024R3143,32008R0765,CITES,2024.0,2008.0
32024R3143,32008D0768,CITES,2024.0,2008.0
32021D0748,12016M002,CITES,2021.0,2016.0
32021D0748,12016M021,CITES,2021.0,2016.0
32006R1907,31991L0414,CITES,2006.0,1991.0
32006R1907,32003L0004,CITES,2006.0,2003.0
32006R1907,31989L0391,CITES,2006.0,1989.0
32006R1907,32000L0060,CITES,2006.0,2000.0
32006R1907,31996R2232,CITES,2006.0,1996.0
32006R1907,31998L0079,CITES,2006.0,1998.0
32006R1907,31989L0107,CITES,2006.0,1989.0
32006R1907,31986L0609,CITES,2006.0,1986.0
32006R1907,32002R1490,CITES,2006.0,2002.0
32006R1907,32001R0703,CITES,2006.0,2001.0
32006R1907,32003R1831,CITES,2006.0,2003.0
32006R1907,32002R2343,CITES,2006.0,2002.0
32006R1907,31998L0008,CITES,2006.0,1998.0
32006R1907,32002R1605,CITES,2006.0,2002.0
32006R1907,31996L0061,CITES,2006.0,1996.0
32006R1907,32004L0037,CITES,2006.0,2004.0
32006R1907,31967L0548,CITES,2006.0,1967.0
32006R1907,31999D0217,CITES,2006.0,1999.0
32006R1907,32003R2032,CITES,2006.0,2003.0
32006R1907,31988L0388,CITES,2006.0,1988.0
32006R1907,31976L0768,CITES,2006.0,1976.0
32006R1907,32003D0565,CITES,2006.0,2003.0
32006R1907,31999D0468,CITES,2006.0,1999.0
32006R1907,31998L0024,CITES,2006.0,1998.0
32006R1907,32006L0012,CITES,2006.0,2006.0
32006R1907,31982L0471,CITES,2006.0,1982.0
32006R1907,31993L0042,CITES,2006.0,1993.0
32006R1907,32004R0850,CITES,2006.0,2004.0
32024D0788,32011L0099,CITES,2024.0,2011.0
32024D0788,32014L0041,CITES,2024.0,2014.0
32023R2873,32014R0833,CITES,2023.0,2014.0
32023R2873,12016E/TXT,CITES,2023.0,2016.0
32023R2873,32014R0909,CITES,2023.0,2014.0
32024D2864,32001L0014,CITES,2024.0,2001.0
32024D2864,31995L0018,CITES,2024.0,1995.0
32024D2864,62010CJ0556,CITES,2024.0,2010.0
32024D2864,32004R0881,CITES,2024.0,2004.0
32024D2864,32012L0034,CITES,2024.0,2012.0
32024D2864,12016E106,CITES,2024.0,2016.0
32024D2864,61988CJ0303,CITES,2024.0,1988.0
32024D2864,32007L0058,CITES,2024.0,2007.0
32024D2864,62011CJ0369,CITES,2024.0,2011.0
32024D2864,31995L0019,CITES,2024.0,1995.0
32024D2864,61999CJ0482,CITES,2024.0,1999.0
32024D2864,32004L0049,CITES,2024.0,2004.0
32024D2864,12016E107,CITES,2024.0,2016.0
32024D2864,61999CJ0328,CITES,2024.0,1999.0
32024D2864,31998D0365,CITES,2024.0,1998.0
32024D2864,61996CJ0342,CITES,2024.0,1996.0
32024D2864,32006L0111,CITES,2024.0,2006.0
32024D2864,61994CJ0039,CITES,2024.0,1994.0
32024D2864,62018CJ0385,CITES,2024.0,2018.0
32024D2864,61989CJ0305,CITES,2024.0,1989.0
32024D2864,32016R2338,CITES,2024.0,2016.0
32024D2864,31991L0440,CITES,2024.0,1991.0
32024D2864,31958R0001,CITES,2024.0,1958.0
32024D2864,62010CJ0399,CITES,2024.0,2010.0
32024D2864,31996L0048,CITES,2024.0,1996.0
32024D2864,61992CJ0278,CITES,2024.0,1992.0
32024D2864,31975L0130,CITES,2024.0,1975.0
32024D2864,62004TJ0156,CITES,2024.0,2004.0
32024D2864,32001L0013,CITES,2024.0,2001.0
32024D2864,32004L0050,CITES,2024.0,2004.0
32024D2864,32001L0012,CITES,2024.0,2001.0
32024D2864,12016E342,CITES,2024.0,2016.0
32024D2864,12016E093,CITES,2024.0,2016.0
32024D2864,31982L0891,CITES,2024.0,1982.0
32024D2864,32016L2370,CITES,2024.0,2016.0
32024D2864,62010CJ0124,CITES,2024.0,2010.0
32024D2864,32004L0051,CITES,2024.0,2004.0
32024D2864,62006CJ0341,CITES,2024.0,2006.0
32022D1971,32022D1285,CITES,2022.0,2022.0
32023D1305,12016M021,CITES,2023.0,2016.0
31998L0070,11992E148,CITES,1998.0,1992.0
31998L0070,31992L0081,CITES,1998.0,1992.0
31998L0070,31998L0034,CITES,1998.0,1998.0
32023D1228,62014TJ0463,CITES,2023.0,2014.0
32023D1228,12016E101,CITES,2023.0,2016.0
32023D1228,31990D0456,CITES,2023.0,1990.0
32023D1228,12016E102,CITES,2023.0,2016.0
32023D1228,31997L0067,CITES,2023.0,1997.0
32019R1009,32008D0768,CITES,2019.0,2008.0
32019R1009,12016E/TXT,CITES,2019.0,2016.0
32019R1009,12016E290,CITES,2019.0,2016.0
32019R1009,32000L0060,CITES,2019.0,2000.0
32019R1009,32012R1025,CITES,2019.0,2012.0
32019R1009,32016L2284,CITES,2019.0,2016.0
32019R1009,31989L0391,CITES,2019.0,1989.0
32019R1009,32006R1907,CITES,2019.0,2006.0
32019R1009,32006R1881,CITES,2019.0,2006.0
32019R1009,12016M/TXT,CITES,2019.0,2016.0
32019R1009,32016Q0512(01),CITES,2019.0,2016.0
32019R1009,32004R0852,CITES,2019.0,2004.0
32019R1009,32008R0765,CITES,2019.0,2008.0
32019R1009,12016M005,CITES,2019.0,2016.0
32019R1009,32004R0882,CITES,2019.0,2004.0
32020R1056,32016R0679,CITES,2020.0,2016.0
32020R1056,12016E290,CITES,2020.0,2016.0
32020R1056,32001R0045,CITES,2020.0,2001.0
32020R1056,32019R1239,CITES,2020.0,2019.0
32020R1056,32008R0765,CITES,2020.0,2008.0
32020R1056,32008L0068,CITES,2020.0,2008.0
32020R1056,32016Q0512(01),CITES,2020.0,2016.0
32020R1056,12016M005,CITES,2020.0,2016.0
32020R1056,32016L0797,CITES,2020.0,2016.0
32021R0558,32017R2402,CITES,2021.0,2017.0
32021R0558,32010R1093,CITES,2021.0,2010.0
32023R0707,32006R1907,CITES,2023.0,2006.0
32023R0707,32017R2100,CITES,2023.0,2017.0
32023R0707,32018R0605,CITES,2023.0,2018.0
32021Q0604(01),32021D0173,CITES,2021.0,2021.0
32021Q0604(01),12016E/TXT,CITES,2021.0,2016.0
32021Q0604(01),32002L0058,CITES,2021.0,2002.0
32021Q0604(01),32017D0046,CITES,2021.0,2017.0
32021Q0604(01),12016M/TXT,CITES,2021.0,2016.0
32012L0013,32001Y0115(02),CITES,2012.0,2001.0
32012L0013,32002F0584,CITES,2012.0,2002.0
32012L0013,32009G1204(01),CITES,2012.0,2009.0
32014R0910,32008R0765,CITES,2014.0,2008.0
32014R0910,32014L0024,CITES,2014.0,2014.0
32014R0910,32001R0045,CITES,2014.0,2001.0
32014R0910,31995L0046,CITES,2014.0,1995.0
32014R0910,32011L0024,CITES,2014.0,2011.0
32014R0910,32006L0123,CITES,2014.0,2006.0
32016L2284,32000L0060,CITES,2016.0,2000.0
32016L2284,12016M005,CITES,2016.0,2016.0
32016L2284,32013D1386,CITES,2016.0,2013.0
32016L2284,12016E218,CITES,2016.0,2016.0
32016L2284,12016E288,CITES,2016.0,2016.0
32016L2284,32003L0004,CITES,2016.0,2003.0
32016L2284,32016Q0512(01),CITES,2016.0,2016.0
32016L2284,12016E290,CITES,2016.0,2016.0
32012R0618,32006R1907,CITES,2012.0,2006.0
32019L0878,32010R1093,CITES,2019.0,2010.0
32019L0878,32014L0059,CITES,2019.0,2014.0
32019L0878,32014R0600,CITES,2019.0,2014.0
32019L0878,32010R1092,CITES,2019.0,2010.0
32019L0878,32016R0679,CITES,2019.0,2016.0
32019L0878,32003H0361,CITES,2019.0,2003.0
32019L0878,12016E157,CITES,2019.0,2016.0
32019L0878,32015L0849,CITES,2019.0,2015.0
32019L0878,32009L0138,CITES,2019.0,2009.0
32019L0878,12016M005,CITES,2019.0,2016.0
32019L0878,32010R1094,CITES,2019.0,2010.0
32019L0878,12016E290,CITES,2019.0,2016.0
32019L0878,32017R2402,CITES,2019.0,2017.0
32019L0878,32013R0575,CITES,2019.0,2013.0
32009R0470,31995R0297,CITES,2009.0,1995.0
32009R0470,32004R0882,CITES,2009.0,2004.0
32009R0470,31993R0315,CITES,2009.0,1993.0
32009R0470,31997L0078,CITES,2009.0,1997.0
32009R0470,31998L0008,CITES,2009.0,1998.0
32009R0470,31996L0023,CITES,2009.0,1996.0
32009R0470,31999D0468,CITES,2009.0,1999.0
32015R0848,31995L0046,CITES,2015.0,1995.0
32015R0848,32001R0045,CITES,2015.0,2001.0
32015R0848,32001L0024,CITES,2015.0,2001.0
32015R0848,32009L0065,CITES,2015.0,2009.0
32015R0848,32012R1215,CITES,2015.0,2012.0
32023R1322,32015D0444,CITES,2023.0,2015.0
32023R1322,32022R2371,CITES,2023.0,2022.0
32023R1322,32013R0883,CITES,2023.0,2013.0
32023R1322,32019R0715,CITES,2023.0,2019.0
32023R1322,12016M/PRO/07,CITES,2023.0,2016.0
32023R1322,32006R1907,CITES,2023.0,2006.0
32023R1322,31999Q0531,CITES,2023.0,1999.0
32023R1322,32021D0929(02),CITES,2023.0,2021.0
32023R1322,12016E314,CITES,2023.0,2016.0
32023R1322,32018R1046,CITES,2023.0,2018.0
32023R1322,12016M/TXT,CITES,2023.0,2016.0
32023R1322,12016M005,CITES,2023.0,2016.0
32023R1322,12016E/PRO/07,CITES,2023.0,2016.0
32023R1322,32018R1727,CITES,2023.0,2018.0
32023R1322,12016E313,CITES,2023.0,2016.0
32023R1322,12016E/TXT,CITES,2023.0,2016.0
32023R1322,12016E228,CITES,2023.0,2016.0
32023R1322,31958R0001,CITES,2023.0,1958.0
32017D0132,32014L0023,CITES,2017.0,2014.0
32017D0132,62004CJ0338,CITES,2017.0,2004.0
32017D0132,62004CJ0372,CITES,2017.0,2004.0
32017D0132,62014TJ0463,CITES,2017.0,2014.0
32017D0132,12016E102,CITES,2017.0,2016.0
32017D0132,62007CJ0169,CITES,2017.0,2007.0
32017D0132,12016E101,CITES,2017.0,2016.0
32017D0132,62007CJ0570,CITES,2017.0,2007.0
32017D0132,12016E049,CITES,2017.0,2016.0
32017D0132,61999CJ0385,CITES,2017.0,1999.0
32017D0132,61999CJ0205,CITES,2017.0,1999.0
32017D0132,61999CJ0157,CITES,2017.0,1999.0
32016D0016,32013R0575,CITES,2016.0,2013.0
32016D0016,32014L0059,CITES,2016.0,2014.0
32016D0016,32014O0060,CITES,2016.0,2014.0
32011L0099,32008F0977,CITES,2011.0,2008.0
32011L0099,32003R2201,CITES,2011.0,2003.0
32011L0099,32001R0044,CITES,2011.0,2001.0
32009L0138,31977L0249,CITES,2009.0,1977.0
32009L0138,32008R0593,CITES,2009.0,2008.0
32009L0138,31985L0611,CITES,2009.0,1985.0
32009L0138,31978L0660,CITES,2009.0,1978.0
32009L0138,32004L0039,CITES,2009.0,2004.0
32009L0138,31983L0349,CITES,2009.0,1983.0
32009L0138,32005L0060,CITES,2009.0,2005.0
32009L0138,31972L0166,CITES,2009.0,1972.0
32009L0138,31984L0253,CITES,2009.0,1984.0
32009L0138,32009D0079,CITES,2009.0,2009.0
32009L0138,32004D0009,CITES,2009.0,2004.0
32009L0138,32002L0092,CITES,2009.0,2002.0
32009L0138,31984L0005,CITES,2009.0,1984.0
32009L0138,32000L0026,CITES,2009.0,2000.0
32009L0138,31999D0468,CITES,2009.0,1999.0
32009L0138,32003Q1231(01),CITES,2009.0,2003.0
32009L0138,32006L0048,CITES,2009.0,2006.0
32014L0024,32002L0021,CITES,2014.0,2002.0
32014L0024,32012R1025,CITES,2014.0,2012.0
32014L0024,31999L0093,CITES,2014.0,1999.0
32014L0024,32009R1221,CITES,2014.0,2009.0
32014L0024,32014L0025,CITES,2014.0,2014.0
32014L0024,32003H0361,CITES,2014.0,2003.0
32014L0024,32002L0058,CITES,2014.0,2002.0
32014L0024,32005L0060,CITES,2014.0,2005.0
32014L0024,32004L0039,CITES,2014.0,2004.0
32014L0024,31977L0249,CITES,2014.0,1977.0
32014L0024,32012R1024,CITES,2014.0,2012.0
32014L0024,32008R0765,CITES,2014.0,2008.0
32014L0024,31995L0046,CITES,2014.0,1995.0
32014L0024,32009L0033,CITES,2014.0,2009.0
32014L0024,32002F0475,CITES,2014.0,2002.0
32014L0024,31989L0665,CITES,2014.0,1989.0
32014L0024,32008R0593,CITES,2014.0,2008.0
32014L0024,31995F1127(03),CITES,2014.0,1995.0
32014L0024,32004L0017,CITES,2014.0,2004.0
32019R1122,32015L0849,CITES,2019.0,2015.0
32019R1122,32014R0600,CITES,2019.0,2014.0
32019R1122,32014R0596,CITES,2019.0,2014.0
32019R1122,12016E/TXT,CITES,2019.0,2016.0
32019R1122,32012R0648,CITES,2019.0,2012.0
32019R1122,32017D0046,CITES,2019.0,2017.0
32019R1122,12016M/TXT,CITES,2019.0,2016.0
32019R1122,32009R0713,CITES,2019.0,2009.0
32019R1122,32010R1095,CITES,2019.0,2010.0
32019R1122,32010R1031,CITES,2019.0,2010.0
32019R1122,32016R0679,CITES,2019.0,2016.0
32019R1122,12016M050,CITES,2019.0,2016.0
32005L0029,32000X1218(01),CITES,2005.0,2000.0
32005L0029,32002L0058,CITES,2005.0,2002.0
32015R0002,32010R1095,CITES,2015.0,2010.0
32015R0002,32006R1893,CITES,2015.0,2006.0
32015R0002,32009L0065,CITES,2015.0,2009.0
32015R0002,32013R0575,CITES,2015.0,2013.0
31997D0545,31989L0336,CITES,1997.0,1989.0
31997D0545,31973L0023,CITES,1997.0,1973.0
32016L0680,12012E/PRO/22,CITES,2016.0,2012.0
32016L0680,12012E/TXT,CITES,2016.0,2012.0
32016L0680,31977L0249,CITES,2016.0,1977.0
32016L0680,12012P047,CITES,2016.0,2012.0
32016L0680,31995L0046,CITES,2016.0,1995.0
32016L0680,32011L0024,CITES,2016.0,2011.0
32016L0680,32001R0045,CITES,2016.0,2001.0
32016L0680,12012M/PRO/22,CITES,2016.0,2012.0
32016L0680,32016R0679,CITES,2016.0,2016.0
32021R0522,32013D1082,CITES,2021.0,2013.0
32021R0522,32002D1786,CITES,2021.0,2002.0
32021R0522,12016M003,CITES,2021.0,2016.0
32021R0522,32013D0755,CITES,2021.0,2013.0
32021R0522,32018R1046,CITES,2021.0,2018.0
32021R0522,32021R0523,CITES,2021.0,2021.0
32021R0522,32016Q0512(01),CITES,2021.0,2016.0
32021R0522,32020R2094,CITES,2021.0,2020.0
32021R0522,32020Q1222(01),CITES,2021.0,2020.0
32021R0522,32020R2093,CITES,2021.0,2020.0
32021R0522,12016P035,CITES,2021.0,2016.0
32021R0522,12016E009,CITES,2021.0,2016.0
32021R0522,12016E008,CITES,2021.0,2016.0
32021R0522,32017L1371,CITES,2021.0,2017.0
32021R0522,32014D0287,CITES,2021.0,2014.0
32021R0522,12016M005,CITES,2021.0,2016.0
32021R0522,32013R0883,CITES,2021.0,2013.0
32021R0522,32011L0024,CITES,2021.0,2011.0
32021R0522,32007D1350,CITES,2021.0,2007.0
32021R0522,12016E322,CITES,2021.0,2016.0
32021R0522,12016E290,CITES,2021.0,2016.0
32021R0522,32020C1222(01),CITES,2021.0,2020.0
32018R1727,32018R1046,CITES,2018.0,2018.0
32018R1727,12016E314,CITES,2018.0,2016.0
32018R1727,12016E/PRO/07,CITES,2018.0,2016.0
32018R1727,12016E015,CITES,2018.0,2016.0
32018R1727,31958R0001,CITES,2018.0,1958.0
32018R1727,32014L0041,CITES,2018.0,2014.0
32018R1727,32013R1271,CITES,2018.0,2013.0
32018R1727,31999Q0531,CITES,2018.0,1999.0
32018R1727,12016E218,CITES,2018.0,2016.0
32018R1727,12016E/PRO/21,CITES,2018.0,2016.0
32018R1727,12016E313,CITES,2018.0,2016.0
32018R1727,31968R0259,CITES,2018.0,1968.0
32018R1727,12016M/PRO/21,CITES,2018.0,2016.0
32018R1727,12016M004,CITES,2018.0,2016.0
32018R1727,12016E/TXT,CITES,2018.0,2016.0
32018R1727,12016E228,CITES,2018.0,2016.0
32018R1727,32001R0045,CITES,2018.0,2001.0
32018R1727,12016E263,CITES,2018.0,2016.0
32018R1727,32016L0680,CITES,2018.0,2016.0
32018R1727,12016P/TXT,CITES,2018.0,2016.0
32018R1727,32013R0883,CITES,2018.0,2013.0
32018R1727,12016M/TXT,CITES,2018.0,2016.0
32018R1727,12016M/PRO/22,CITES,2018.0,2016.0
32018R1727,12016E/PRO/22,CITES,2018.0,2016.0
32018R1727,12016M/PRO/07,CITES,2018.0,2016.0
32018R1727,12016M005,CITES,2018.0,2016.0
32018R1727,32013D0488,CITES,2018.0,2013.0
32018R1727,32012R1215,CITES,2018.0,2012.0
32024L1260,12016P048,CITES,2024.0,2016.0
32024L1260,32018L1673,CITES,2024.0,2018.0
32024L1260,32014L0057,CITES,2024.0,2014.0
32024L1260,12016M/PRO/21,CITES,2024.0,2016.0
32024L1260,12016M006,CITES,2024.0,2016.0
32024L1260,12016E/PRO/21,CITES,2024.0,2016.0
32024L1260,12016M005,CITES,2024.0,2016.0
32024L1260,12016E/PRO/22,CITES,2024.0,2016.0
32024L1260,12016P/TXT,CITES,2024.0,2016.0
32024L1260,32023R1113,CITES,2024.0,2023.0
32024L1260,32012L0013,CITES,2024.0,2012.0
32024L1260,32016R0679,CITES,2024.0,2016.0
32024L1260,32019L0713,CITES,2024.0,2019.0
32024L1260,32013L0048,CITES,2024.0,2013.0
32024L1260,32012L0029,CITES,2024.0,2012.0
32024L1260,12016M/PRO/22,CITES,2024.0,2016.0
32024L1260,32015L0849,CITES,2024.0,2015.0
32024L1260,32017L1371,CITES,2024.0,2017.0
32024L1260,32016L1919,CITES,2024.0,2016.0
32024L1260,32024L1226,CITES,2024.0,2024.0
32024L1260,32016L0680,CITES,2024.0,2016.0
32024L1260,32018R1805,CITES,2024.0,2018.0
32024L1260,12016P047,CITES,2024.0,2016.0
32023L2864,32023R2859,CITES,2023.0,2023.0
32023L2864,32010R1093,CITES,2023.0,2010.0
32023L2864,32010R1094,CITES,2023.0,2010.0
32023L2864,32010R1095,CITES,2023.0,2010.0
32023L2864,12016M005,CITES,2023.0,2016.0
32012D0661,61999CJ0482,CITES,2012.0,1999.0
32012D0661,62010CJ0124,CITES,2012.0,2010.0
32012D0661,32010D0174,CITES,2012.0,2010.0
32012D0661,61999TJ0228,CITES,2012.0,1999.0
32012D0661,32008D0137,CITES,2012.0,2008.0
32012D0661,32008R1008,CITES,2012.0,2008.0
32018D0607(01),32015R0408,CITES,2018.0,2015.0
32018D0607(01),32012R0686,CITES,2018.0,2012.0
32018D0607(01),32012R0844,CITES,2018.0,2012.0
32018D0607(01),32011R0540,CITES,2018.0,2011.0
32022D0215(01),32020D2252,CITES,2022.0,2020.0
32022D0215(01),32021D0689,CITES,2022.0,2021.0
32022D0215(01),12020W/TXT,CITES,2022.0,2020.0
32018R1807,32015L1535,CITES,2018.0,2015.0
32018R1807,12016M005,CITES,2018.0,2016.0
32018R1807,32002L0058,CITES,2018.0,2002.0
32018R1807,32008R0593,CITES,2018.0,2008.0
32018R1807,12016E258,CITES,2018.0,2016.0
32018R1807,12016E/TXT,CITES,2018.0,2016.0
32018R1807,32016R0679,CITES,2018.0,2016.0
32018R1807,32006L0112,CITES,2018.0,2006.0
32018R1807,32016L0680,CITES,2018.0,2016.0
32018R1807,12016M004,CITES,2018.0,2016.0
32018R1807,12016E052,CITES,2018.0,2016.0
32018R1807,32016L1148,CITES,2018.0,2016.0
32018R1807,32014L0024,CITES,2018.0,2014.0
32018R1807,32014L0041,CITES,2018.0,2014.0
32013H0730(10),32013D0208,CITES,2013.0,2013.0
32013H0730(10),32012H0724(12),CITES,2013.0,2012.0
32014A1128(01),32009R0223,CITES,2014.0,2009.0
32013H0730(11),32000L0035,CITES,2013.0,2000.0
32013H0730(11),32012H0724(14),CITES,2013.0,2012.0
32013H0730(11),32013D0208,CITES,2013.0,2013.0
32022L2561,32016Q0512(01),CITES,2022.0,2016.0
32022L2561,32016R0679,CITES,2022.0,2016.0
32022L2561,12016M005,CITES,2022.0,2016.0
32022L2561,12016E290,CITES,2022.0,2016.0
32022R1409,12003T003,CITES,2022.0,2003.0
32022R1409,12016M/PRO/22,CITES,2022.0,2016.0
32022R1409,32017D1908,CITES,2022.0,2017.0
32022R1409,32002R1030,CITES,2022.0,2002.0
32022R1409,12005SA004,CITES,2022.0,2005.0
32022R1409,32008D0146,CITES,2022.0,2008.0
32022R1409,12016E/PRO/22,CITES,2022.0,2016.0
32022R1409,12012J004,CITES,2022.0,2012.0
32022R1409,31999D0437,CITES,2022.0,1999.0
32022R1409,32018D0934,CITES,2022.0,2018.0
32022R1409,32011R1077,CITES,2022.0,2011.0
32022O0508,32013R0575,CITES,2022.0,2013.0
32022O0508,32012R0648,CITES,2022.0,2012.0
32022O0508,32016R1646,CITES,2022.0,2016.0
32022O0508,32016R0445,CITES,2022.0,2016.0
32010R0115,31998L0083,CITES,2010.0,1998.0
32010R0115,32003L0040,CITES,2010.0,2003.0
32014R1144,32013R1306,CITES,2014.0,2013.0
32014R1144,12012E136,CITES,2014.0,2012.0
32014R1144,32012R1268,CITES,2014.0,2012.0
32014R1144,32013R1305,CITES,2014.0,2013.0
32014R1144,32012R0966,CITES,2014.0,2012.0
32014R1144,12012E107,CITES,2014.0,2012.0
32014R1144,12012E108,CITES,2014.0,2012.0
32017R0587,32010R1095,CITES,2017.0,2010.0
32017R0587,32009L0065,CITES,2017.0,2009.0
32017R0587,32014R0909,CITES,2017.0,2014.0
32013D0195,32007D0344,CITES,2013.0,2007.0
32013D0195,32001D0844,CITES,2013.0,2001.0
32021R0116,32004R0549,CITES,2021.0,2004.0
32021R0116,32018R1139,CITES,2021.0,2018.0
32019R0452,12016M004,CITES,2019.0,2016.0
32019R0452,12016E/TXT,CITES,2019.0,2016.0
32019R0452,32009L0138,CITES,2019.0,2009.0
32019R0452,32016Q0512(01),CITES,2019.0,2016.0
32019R0452,32015D0444,CITES,2019.0,2015.0
32019R0452,12016M003,CITES,2019.0,2016.0
32019R0452,12016E346,CITES,2019.0,2016.0
32019R0452,12016E065,CITES,2019.0,2016.0
32019R0452,32009R0428,CITES,2019.0,2009.0
32019R0452,32016R0679,CITES,2019.0,2016.0
32019R0452,12016E290,CITES,2019.0,2016.0
32019R0452,12016E288,CITES,2019.0,2016.0
32019R0452,12016E003,CITES,2019.0,2016.0
32019D0031,32003R1745,CITES,2019.0,2003.0
32022D0399,32014R0909,CITES,2022.0,2014.0
32017R1001,32001R0045,CITES,2017.0,2001.0
32017R1001,32016Q0512(01),CITES,2017.0,2016.0
32017R1001,32015D0444,CITES,2017.0,2015.0
32017R1001,31999Q0531,CITES,2017.0,1999.0
32017R1001,32001L0024,CITES,2017.0,2001.0
32017R1001,12016E290,CITES,2017.0,2016.0
32017R1001,12016E228,CITES,2017.0,2016.0
32017R1001,32012R1268,CITES,2017.0,2012.0
32017R1001,32013R0608,CITES,2017.0,2013.0
32017R1001,12016E263,CITES,2017.0,2016.0
32017R1001,31968R0259,CITES,2017.0,1968.0
32017R1001,32012R0966,CITES,2017.0,2012.0
32017R1001,12016E/TXT,CITES,2017.0,2016.0
32017R1001,12016M005,CITES,2017.0,2016.0
32017R1001,32013R0883,CITES,2017.0,2013.0
32017R1001,32012R1215,CITES,2017.0,2012.0
32017R1001,12016E287,CITES,2017.0,2016.0
32017R1001,32009L0138,CITES,2017.0,2009.0
32022D2318,12016M021,CITES,2022.0,2016.0
32022D2318,32008E0736,CITES,2022.0,2008.0
32023R0130,32021R2289,CITES,2023.0,2021.0
32019R1866,32009L0065,CITES,2019.0,2009.0
32019R1866,32010R1094,CITES,2019.0,2010.0
32019R1866,32010R1093,CITES,2019.0,2010.0
32019R1866,32010R1095,CITES,2019.0,2010.0
32023R0895,32010R1094,CITES,2023.0,2010.0
32023R0895,32015R0035,CITES,2023.0,2015.0
32018R1805,12016M/PRO/21,CITES,2018.0,2016.0
32018R1805,32012L0013,CITES,2018.0,2012.0
32018R1805,12016E/PRO/22,CITES,2018.0,2016.0
32018R1805,32014L0041,CITES,2018.0,2014.0
32018R1805,12016M/PRO/22,CITES,2018.0,2016.0
32018R1805,12016M006,CITES,2018.0,2016.0
32018R1805,32014L0042,CITES,2018.0,2014.0
32018R1805,12016M005,CITES,2018.0,2016.0
32018R1805,32016Q0512(01),CITES,2018.0,2016.0
32018R1805,12016E290,CITES,2018.0,2016.0
32018R1805,32016L1919,CITES,2018.0,2016.0
32018R1805,12016P/TXT,CITES,2018.0,2016.0
32018R1805,32013L0048,CITES,2018.0,2013.0
32018R1805,32017L1371,CITES,2018.0,2017.0
32018R1805,12016E/PRO/21,CITES,2018.0,2016.0
32013R0564,31998L0008,CITES,2013.0,1998.0
32013R0564,32012R0966,CITES,2013.0,2012.0
32013R0564,32003H0361,CITES,2013.0,2003.0
32013R0564,32002R1605,CITES,2013.0,2002.0
32013R0564,32006R1907,CITES,2013.0,2006.0
32014R0596,32014L0057,CITES,2014.0,2014.0
32014R0596,31986L0635,CITES,2014.0,1986.0
32014R0596,32014R0600,CITES,2014.0,2014.0
32014R0596,32009L0138,CITES,2014.0,2009.0
32014R0596,32002L0058,CITES,2014.0,2002.0
32014R0596,32010R1093,CITES,2014.0,2010.0
32014R0596,32003L0087,CITES,2014.0,2003.0
32014R0596,32004L0039,CITES,2014.0,2004.0
32014R0596,32009R0713,CITES,2014.0,2009.0
32014R0596,32004L0025,CITES,2014.0,2004.0
32014R0596,31995L0046,CITES,2014.0,1995.0
32014R0596,32001R0045,CITES,2014.0,2001.0
32014R0596,32010R1095,CITES,2014.0,2010.0
32014R0596,32010R1031,CITES,2014.0,2010.0
32014R0596,32013R0575,CITES,2014.0,2013.0
32014R0596,32011R1227,CITES,2014.0,2011.0
32023D0310,32021D0689,CITES,2023.0,2021.0
32022D2481,32021R1153,CITES,2022.0,2021.0
32022D2481,12016E107,CITES,2022.0,2016.0
32022D2481,12016M/TXT,CITES,2022.0,2016.0
32022D2481,32018L1972,CITES,2022.0,2018.0
32022D2481,32019R1700,CITES,2022.0,2019.0
32022D2481,12016E/TXT,CITES,2022.0,2016.0
32022D2481,12016M004,CITES,2022.0,2016.0
32022D2481,32006L0112,CITES,2022.0,2006.0
32022D2481,32009R0223,CITES,2022.0,2009.0
32022D2481,32008L0118,CITES,2022.0,2008.0
32022D2481,32021R0695,CITES,2022.0,2021.0
32022D2481,32021R0694,CITES,2022.0,2021.0
32022D2481,32017C1213(01),CITES,2022.0,2017.0
32022D2481,32021R0523,CITES,2022.0,2021.0
32022D2481,32003H0361,CITES,2022.0,2003.0
32015R1474,32004R0854,CITES,2015.0,2004.0
32015R1474,31998L0083,CITES,2015.0,1998.0
32015R1474,32005R2073,CITES,2015.0,2005.0
32015R1474,32004R0852,CITES,2015.0,2004.0
32021D2008,32018H0308(01),CITES,2021.0,2018.0
32021D2008,32019D1909,CITES,2021.0,2019.0
32021D2008,32019H0515(01),CITES,2021.0,2019.0
32021D2008,32018D1797,CITES,2021.0,2018.0
32021D2008,32020D1746,CITES,2021.0,2020.0
32008R0766,32000X1218(01),CITES,2008.0,2000.0
32008R0766,31995L0046,CITES,2008.0,1995.0
32008R0766,31999D0468,CITES,2008.0,1999.0
32008R0766,32002L0058,CITES,2008.0,2002.0
32021D1764,12016E/TXT,CITES,2021.0,2016.0
32021D1764,12016EN02,CITES,2021.0,2016.0
32021D1764,32013R0883,CITES,2021.0,2013.0
32021D1764,32018R1046,CITES,2021.0,2018.0
32021D1764,32015R0847,CITES,2021.0,2015.0
32021D1764,32016Q0512(01),CITES,2021.0,2016.0
32021D1764,12016E349,CITES,2021.0,2016.0
32021D1764,32020Q1222(01),CITES,2021.0,2020.0
32021D1764,12016M003,CITES,2021.0,2016.0
32021D1764,12016M050,CITES,2021.0,2016.0
32021D1764,32010D0427,CITES,2021.0,2010.0
32021D1764,12016E322,CITES,2021.0,2016.0
32021D1764,12016E215,CITES,2021.0,2016.0
32021D1764,32017L1371,CITES,2021.0,2017.0
32021D1764,32015R2447,CITES,2021.0,2015.0
32021D1764,12016E065,CITES,2021.0,2016.0
32021D1764,12016M021,CITES,2021.0,2016.0
32021D1764,32020R2093,CITES,2021.0,2020.0
32021D1764,12016E290,CITES,2021.0,2016.0
32019L0883,12016E349,CITES,2019.0,2016.0
32019L0883,32011R0142,CITES,2019.0,2011.0
32019L0883,12016M005,CITES,2019.0,2016.0
32019L0883,12016E290,CITES,2019.0,2016.0
32019L0883,32009R1069,CITES,2019.0,2009.0
32019L0883,32016Q0512(01),CITES,2019.0,2016.0
32019L0883,32002L0059,CITES,2019.0,2002.0
32019L0883,12016E/TXT,CITES,2019.0,2016.0
32019L0883,32000L0060,CITES,2019.0,2000.0
32019L0883,32008L0056,CITES,2019.0,2008.0
32019L0883,12016E108,CITES,2019.0,2016.0
32019L0883,31998R0994,CITES,2019.0,1998.0
32009R0004,32001R0044,CITES,2009.0,2001.0
32009R0004,32003R2201,CITES,2009.0,2003.0
32009R0004,31999D0468,CITES,2009.0,1999.0
32009R0004,31995L0046,CITES,2009.0,1995.0
32009R0004,32004R0805,CITES,2009.0,2004.0
32019O0011,32013R0575,CITES,2019.0,2013.0
32019O0011,32017R2402,CITES,2019.0,2017.0
32000L0078,32000L0043,CITES,2000.0,2000.0
32000L0078,11997E005,CITES,2000.0,1997.0
32000L0078,31976L0207,CITES,2000.0,1976.0
32017A1110(02),32000L0060,CITES,2017.0,2000.0
32017A1110(02),31996L0029,CITES,2017.0,1996.0
32017A1110(02),12016E/TXT,CITES,2017.0,2016.0
32017A1110(02),32014L0052,CITES,2017.0,2014.0
32017A1110(02),32011L0092,CITES,2017.0,2011.0
32018R0172,32004R0850,CITES,2018.0,2004.0
32018R0172,32009R1107,CITES,2018.0,2009.0
32018R0172,32006R1907,CITES,2018.0,2006.0
32018R0172,32016R0293,CITES,2018.0,2016.0
32018D1485,32008L0068,CITES,2018.0,2008.0
32020D0547,32020B0537,CITES,2020.0,2020.0
32020D0547,32020B0536,CITES,2020.0,2020.0
32021D0592,32009R1107,CITES,2021.0,2009.0
32021D0592,32006R1907,CITES,2021.0,2006.0
32020D0663,32018D1942,CITES,2020.0,2018.0
32020D0663,32016D2240,CITES,2020.0,2016.0
32019D0639,32004R0850,CITES,2019.0,2004.0
32009D0182,32001R0070,CITES,2009.0,2001.0
32009D0182,32007D0256,CITES,2009.0,2007.0
32020R0891,32020R0558,CITES,2020.0,2020.0
32020R0891,32013R1303,CITES,2020.0,2013.0
32017R1250,32012R0872,CITES,2017.0,2012.0
32015R2447,32001R0045,CITES,2015.0,2001.0
32015R2447,32008L0118,CITES,2015.0,2008.0
32015R2447,31995L0046,CITES,2015.0,1995.0
32015R2447,32015R2446,CITES,2015.0,2015.0
32015R2447,32014R0654,CITES,2015.0,2014.0
32006R1896,31999L0093,CITES,2006.0,1999.0
32006R1896,31999D0468,CITES,2006.0,1999.0
32006R1896,32001R0044,CITES,2006.0,2001.0
32014O0060,32003R1745,CITES,2014.0,2003.0
32014O0060,31998R2532,CITES,2014.0,1998.0
32014O0060,31999R2157,CITES,2014.0,1999.0
32014O0060,32012O0027,CITES,2014.0,2012.0
32014O0060,32013R0575,CITES,2014.0,2013.0
32014O0060,32004L0039,CITES,2014.0,2004.0
32014O0060,32009L0065,CITES,2014.0,2009.0
32017D0176,32006R1907,CITES,2017.0,2006.0
32017D0176,32009L0028,CITES,2017.0,2009.0
32019R0942,32018R1046,CITES,2019.0,2018.0
32019R0942,32009R0715,CITES,2019.0,2009.0
32019R0942,31958R0001,CITES,2019.0,1958.0
32019R0942,12016E/PRO/07,CITES,2019.0,2016.0
32019R0942,12016E263,CITES,2019.0,2016.0
32019R0942,32019R0941,CITES,2019.0,2019.0
32019R0942,32013R0883,CITES,2019.0,2013.0
32019R0942,31968R0259,CITES,2019.0,1968.0
32019R0942,32013R1271,CITES,2019.0,2013.0
32019R0942,12016E313,CITES,2019.0,2016.0
32019R0942,32017R1938,CITES,2019.0,2017.0
32019R0942,31999Q0531,CITES,2019.0,1999.0
32019R0942,12016E228,CITES,2019.0,2016.0
32019R0942,32015R1222,CITES,2019.0,2015.0
32019R0942,32015D0444,CITES,2019.0,2015.0
32019R0942,12016M/PRO/07,CITES,2019.0,2016.0
32019R0942,12016M005,CITES,2019.0,2016.0
32019R0942,12016E314,CITES,2019.0,2016.0
32019R0942,32011R1227,CITES,2019.0,2011.0
32019R0942,32009L0073,CITES,2019.0,2009.0
31989L0117,31978L0660,CITES,1989.0,1978.0
31989L0117,11957E169,CITES,1989.0,1957.0
31989L0117,11957E170,CITES,1989.0,1957.0
31989L0117,31986L0635,CITES,1989.0,1986.0
31989L0117,31977L0780,CITES,1989.0,1977.0
31973D0101(01),31970L0509,AMENDS,1973.0,1970.0
31973D0101(01),31958R0001,AMENDS,1973.0,1958.0
31973D0101(01),31969R1191,AMENDS,1973.0,1969.0
31973D0101(01),31969R1192,AMENDS,1973.0,1969.0
31973D0101(01),11972BN01/5/PT1A5,AMENDS,1973.0,1972.0
31973D0101(01),31971L0305,AMENDS,1973.0,1971.0
31973D0101(01),31970R1108,AMENDS,1973.0,1970.0
31973D0101(01),31971L0118,AMENDS,1973.0,1971.0
31973D0101(01),31965L0269,AMENDS,1973.0,1965.0
31973D0101(01),31964L0433,AMENDS,1973.0,1964.0
31973D0101(01),31971R1408,AMENDS,1973.0,1971.0
31973D0101(01),31970L0510,AMENDS,1973.0,1970.0
32018R1221,32013R0575,CITES,2018.0,2013.0
32018R1221,32017R2401,CITES,2018.0,2017.0
32018R1221,32017R2402,CITES,2018.0,2017.0
32021R1060,32020R2093,CITES,2021.0,2020.0
32021R1060,32017L1371,CITES,2021.0,2017.0
32021R1060,12016E258,CITES,2021.0,2016.0
32021R1060,32014R0240,CITES,2021.0,2014.0
32021R1060,32013R0883,CITES,2021.0,2013.0
32021R1060,32014R0717,CITES,2021.0,2014.0
32021R1060,32014L0025,CITES,2021.0,2014.0
32021R1060,12016E/TXT,CITES,2021.0,2016.0
32021R1060,31997R1466,CITES,2021.0,1997.0
32021R1060,32011L0092,CITES,2021.0,2011.0
32021R1060,32020R2094,CITES,2021.0,2020.0
32021R1060,12016E191,CITES,2021.0,2016.0
32021R1060,32013R1303,CITES,2021.0,2013.0
32021R1060,32015L0849,CITES,2021.0,2015.0
32021R1060,32017C1213(01),CITES,2021.0,2017.0
32021R1060,32018R1046,CITES,2021.0,2018.0
32021R1060,32016R0679,CITES,2021.0,2016.0
32021R1060,12016E174,CITES,2021.0,2016.0
32021R1060,32013R1316,CITES,2021.0,2013.0
32021R1060,32011R1176,CITES,2021.0,2011.0
32021R1060,12016E108,CITES,2021.0,2016.0
32021R1060,32010R0407,CITES,2021.0,2010.0
32021R1060,12016M005,CITES,2021.0,2016.0
32021R1060,32013R1407,CITES,2021.0,2013.0
32021R1060,12016M/TXT,CITES,2021.0,2016.0
32021R1060,12016M003,CITES,2021.0,2016.0
32021R1060,12016E241,CITES,2021.0,2016.0
32021R1060,12016E175,CITES,2021.0,2016.0
32021R1060,32014R0283,CITES,2021.0,2014.0
32021R1060,32021R0523,CITES,2021.0,2021.0
32021R1060,12016P/TXT,CITES,2021.0,2016.0
32021R1060,32014L0024,CITES,2021.0,2014.0
32021R1060,32021R0695,CITES,2021.0,2021.0
32021R1060,12016E107,CITES,2021.0,2016.0
32021R1060,32016Q0512(01),CITES,2021.0,2016.0
32021R1060,32020Q1222(01),CITES,2021.0,2020.0
32021R1060,12016E290,CITES,2021.0,2016.0
32019R0263,32018R1046,CITES,2019.0,2018.0
32022R0944,32016L0943,CITES,2022.0,2016.0
32022R0944,32018R1046,CITES,2022.0,2018.0
32022R0944,32008R0765,CITES,2022.0,2008.0
32023D1680,32014D0029(01),CITES,2023.0,2014.0
32023D1680,32010R1093,CITES,2023.0,2010.0
32023D1680,32013Y0425(01),CITES,2023.0,2013.0
32016R0054,32012R0872,CITES,2016.0,2012.0
32023R1804,32018R0858,CITES,2023.0,2018.0
32023R1804,32015L2366,CITES,2023.0,2015.0
32023R1804,32018L2001,CITES,2023.0,2018.0
32023R1804,31999L0094,CITES,2023.0,1999.0
32023R1804,12016E290,CITES,2023.0,2016.0
32023R1804,32018R1139,CITES,2023.0,2018.0
32023R1804,12016M005,CITES,2023.0,2016.0
32023R1804,32009L0033,CITES,2023.0,2009.0
32023R1804,32014L0023,CITES,2023.0,2014.0
32023R1804,32010L0040,CITES,2023.0,2010.0
32023R1804,12016E258,CITES,2023.0,2016.0
32023R1804,32019L0882,CITES,2023.0,2019.0
32023R1804,32012R1025,CITES,2023.0,2012.0
32023R1804,32013R1315,CITES,2023.0,2013.0
32023R1804,12016E349,CITES,2023.0,2016.0
32023R1804,31996L0067,CITES,2023.0,1996.0
32023R1804,32023R1805,CITES,2023.0,2023.0
32023R1804,32016Q0512(01),CITES,2023.0,2016.0
32016D0288,61997CJ0075,CITES,2016.0,1997.0
32016D0288,61972CJ0070,CITES,2016.0,1972.0
32016D0288,31998R0994,CITES,2016.0,1998.0
32016D0288,61992CJ0278,CITES,2016.0,1992.0
32016D0288,62003CJ0182,CITES,2016.0,2003.0
32016D0288,31999R0659,CITES,2016.0,1999.0
32016D0288,62003CJ0172,CITES,2016.0,2003.0
32016D0288,62004CJ0222,CITES,2016.0,2004.0
32016D0288,62003CJ0088,CITES,2016.0,2003.0
32016D0288,32006L0021,CITES,2016.0,2006.0
32016D0288,62006CJ0487,CITES,2016.0,2006.0
32016D0288,61999CJ0328,CITES,2016.0,1999.0
32016D0288,12012E107,CITES,2016.0,2012.0
32016D0288,32004R0794,CITES,2016.0,2004.0
32016D0288,61999CJ0143,CITES,2016.0,1999.0
32020R0459,12016M005,CITES,2020.0,2016.0
32020R0459,12016M/PRO/01,CITES,2020.0,2016.0
32020R0459,32016Q0512(01),CITES,2020.0,2016.0
32020R0459,12016E290,CITES,2020.0,2016.0
32020R0459,12016E/PRO/01,CITES,2020.0,2016.0
32020R0459,12016A/PRO/01,CITES,2020.0,2016.0
32021D2243,12016P008,CITES,2021.0,2016.0
32021D2243,32016R0679,CITES,2021.0,2016.0
32021D2243,32017D0046,CITES,2021.0,2017.0
32021D2243,32016L0680,CITES,2021.0,2016.0
32021D2243,12016E016,CITES,2021.0,2016.0
32023R1115,12016M019,CITES,2023.0,2016.0
32023R1115,12016M005,CITES,2023.0,2016.0
32023R1115,32016R0679,CITES,2023.0,2016.0
32023R1115,32003L0004,CITES,2023.0,2003.0
32023R1115,12016P/TXT,CITES,2023.0,2016.0
32023R1115,32019L1937,CITES,2023.0,2019.0
32023R1115,32021R1119,CITES,2023.0,2021.0
32023R1115,12016E290,CITES,2023.0,2016.0
32023R1115,32016Q0512(01),CITES,2023.0,2016.0
32023R1115,32018L2001,CITES,2023.0,2018.0
32023R1115,32022R2399,CITES,2023.0,2022.0
32023R1115,32019R1020,CITES,2023.0,2019.0
32022D1108,32013D1313,CITES,2022.0,2013.0
32018L0822,31995L0046,CITES,2018.0,1995.0
32018L0822,32016L2258,CITES,2018.0,2016.0
32018L0822,32001R0045,CITES,2018.0,2001.0
32018L0822,32016L1164,CITES,2018.0,2016.0
32018L0822,32015L0849,CITES,2018.0,2015.0
32018L0844,32003H0361,CITES,2018.0,2003.0
32018L0844,32009L0072,CITES,2018.0,2009.0
32018L0844,12016E349,CITES,2018.0,2016.0
32018L0844,32014L0094,CITES,2018.0,2014.0
32018L0844,12016M005,CITES,2018.0,2016.0
32018L0844,32016L2284,CITES,2018.0,2016.0
32018L0844,32016Q0512(01),CITES,2018.0,2016.0
32018L0844,12016E290,CITES,2018.0,2016.0
32012D0157,61997CJ0200,CITES,2012.0,1997.0
32012D0157,32007R1535,CITES,2012.0,2007.0
32012D0157,61976CJ0078,CITES,2012.0,1976.0
32012D0157,62003CJ0088,CITES,2012.0,2003.0
32012D0157,32004R0794,CITES,2012.0,2004.0
32012D0157,61999CJ0482,CITES,2012.0,1999.0
32012D0157,62000CC0355,CITES,2012.0,2000.0
32012D0157,61994CJ0241,CITES,2012.0,1994.0
32012D0157,61996CJ0288,CITES,2012.0,1996.0
32012D0157,61997CJ0075,CITES,2012.0,1997.0
32012D0157,62002TJ0171,CITES,2012.0,2002.0
32012D0157,61998CJ0379,CITES,2012.0,1998.0
32012D0157,31999R0659,CITES,2012.0,1999.0
32012D0157,62001CJ0159,CITES,2012.0,2001.0
32012D0157,61993CJ0056,CITES,2012.0,1993.0
32012D0157,32005R1698,CITES,2012.0,2005.0
32012D0157,32006R1857,CITES,2012.0,2006.0
32019L0882,12016P026,CITES,2019.0,2016.0
32019L0882,32014L0033,CITES,2019.0,2014.0
32019L0882,31993L0042,CITES,2019.0,1993.0
32019L0882,32014L0092,CITES,2019.0,2014.0
32019L0882,32008L0057,CITES,2019.0,2008.0
32019L0882,32016L2102,CITES,2019.0,2016.0
32019L0882,12016P021,CITES,2019.0,2016.0
32019L0882,12016M005,CITES,2019.0,2016.0
32019L0882,12016P/TXT,CITES,2019.0,2016.0
32019L0882,32008L0048,CITES,2019.0,2008.0
32019L0882,32018L1972,CITES,2019.0,2018.0
32019L0882,32012L0034,CITES,2019.0,2012.0
32019L0882,32016Q0512(01),CITES,2019.0,2016.0
32019L0882,11997D/AFI/DCL/22,CITES,2019.0,1997.0
32019L0882,32004R0261,CITES,2019.0,2004.0
32019L0882,32014L0024,CITES,2019.0,2014.0
32019L0882,32009R0661,CITES,2019.0,2009.0
32019L0882,12016E/TXT,CITES,2019.0,2016.0
32019L0882,12016E290,CITES,2019.0,2016.0
32019L0882,32008D0768,CITES,2019.0,2008.0
32019L0882,32007R1371,CITES,2019.0,2007.0
32019L0882,12016P025,CITES,2019.0,2016.0
32019L0882,32006L0123,CITES,2019.0,2006.0
32019L0882,32015L2366,CITES,2019.0,2015.0
32019L0882,32008R0765,CITES,2019.0,2008.0
32019L0882,32012R1025,CITES,2019.0,2012.0
32019L0882,32014L0025,CITES,2019.0,2014.0
32019L0882,32003H0361,CITES,2019.0,2003.0
32019L0882,32014L0023,CITES,2019.0,2014.0
32019L0882,12016M/TXT,CITES,2019.0,2016.0
32017R1485,32016R1447,CITES,2017.0,2016.0
32017R1485,32009L0072,CITES,2017.0,2009.0
32017R1485,32016R0631,CITES,2017.0,2016.0
32017R1485,32015R1222,CITES,2017.0,2015.0
32017R1485,32009R0713,CITES,2017.0,2009.0
32017R1485,32016R1388,CITES,2017.0,2016.0
32017R1485,32013R0543,CITES,2017.0,2013.0
32017R1485,32008L0114,CITES,2017.0,2008.0
32015L2366,32005L0029,CITES,2015.0,2005.0
32015L2366,32015R0847,CITES,2015.0,2015.0
32015L2366,32002L0021,CITES,2015.0,2002.0
32015L2366,32013R0575,CITES,2015.0,2013.0
32015L2366,32014L0092,CITES,2015.0,2014.0
32015L2366,32012R0260,CITES,2015.0,2012.0
32015L2366,32015L2366,CITES,2015.0,2015.0
32015L2366,31995L0046,CITES,2015.0,1995.0
32015L2366,32009R0924,CITES,2015.0,2009.0
32015L2366,32014R0241,CITES,2015.0,2014.0
32015L2366,31986L0635,CITES,2015.0,1986.0
32015L2366,32008R0593,CITES,2015.0,2008.0
32015L2366,32008L0048,CITES,2015.0,2008.0
32015L2366,32003H0361,CITES,2015.0,2003.0
32015L2366,32015L0849,CITES,2015.0,2015.0
32015L2366,32015R0751,CITES,2015.0,2015.0
32015L2366,32006L0112,CITES,2015.0,2006.0
32015L2366,32001R0045,CITES,2015.0,2001.0
32016R0438,32014L0091,CITES,2016.0,2014.0
32016R0438,32013R0575,CITES,2016.0,2013.0
32024R1717,31999D0437,CITES,2024.0,1999.0
32024R1717,32016Q0512(01),CITES,2024.0,2016.0
32024R1717,12016E/PRO/22,CITES,2024.0,2016.0
32024R1717,32008D0146,CITES,2024.0,2008.0
32024R1717,12016M/TXT,CITES,2024.0,2016.0
32024R1717,32016R0679,CITES,2024.0,2016.0
32024R1717,12016E355,CITES,2024.0,2016.0
32024R1717,32016L0680,CITES,2024.0,2016.0
32024R1717,12016P047,CITES,2024.0,2016.0
32024R1717,32022R2371,CITES,2024.0,2022.0
32024R1717,12016E/TXT,CITES,2024.0,2016.0
32024R1717,12016E290,CITES,2024.0,2016.0
32024R1717,12016EN02,CITES,2024.0,2016.0
32024R1717,12016M/PRO/22,CITES,2024.0,2016.0
32024R1717,12016M005,CITES,2024.0,2016.0
32024R1717,12016M003,CITES,2024.0,2016.0
32024R1717,32024R1351,CITES,2024.0,2024.0
32024R1717,12016P021,CITES,2024.0,2016.0
32024R1717,12016P/TXT,CITES,2024.0,2016.0
32023R2878,32022D0266,CITES,2023.0,2022.0
32023R2878,32014D0386,CITES,2023.0,2014.0
32023R2878,12016E/TXT,CITES,2023.0,2016.0
32023R2878,32015R2447,CITES,2023.0,2015.0
32023R2878,32021R0821,CITES,2023.0,2021.0
32023R2878,32014R0269,CITES,2023.0,2014.0
32023R2878,32022R0263,CITES,2023.0,2022.0
32023R2878,32014D0512,CITES,2023.0,2014.0
32008R0033,32002R1490,CITES,2008.0,2002.0
32019R1020,32006L0042,CITES,2019.0,2006.0
32019R1020,32014L0029,CITES,2019.0,2014.0
32019R1020,32014L0034,CITES,2019.0,2014.0
32019R1020,32011L0065,CITES,2019.0,2011.0
32019R1020,32013R0883,CITES,2019.0,2013.0
32019R1020,32014L0035,CITES,2019.0,2014.0
32019R1020,32014L0053,CITES,2019.0,2014.0
32019R1020,32016R0426,CITES,2019.0,2016.0
32019R1020,32017R0745,CITES,2019.0,2017.0
32019R1020,32013R0608,CITES,2019.0,2013.0
32019R1020,32015L1535,CITES,2019.0,2015.0
32019R1020,32006R1907,CITES,2019.0,2006.0
32019R1020,32014L0032,CITES,2019.0,2014.0
32019R1020,31997L0067,CITES,2019.0,1997.0
32019R1020,32018R1046,CITES,2019.0,2018.0
32019R1020,32017R0746,CITES,2019.0,2017.0
32019R1020,32014L0033,CITES,2019.0,2014.0
32019R1020,32013R0167,CITES,2019.0,2013.0
32019R1020,12016P/TXT,CITES,2019.0,2016.0
32019R1020,32018R0858,CITES,2019.0,2018.0
32019R1020,32014L0030,CITES,2019.0,2014.0
32019R1020,32009L0048,CITES,2019.0,2009.0
32019R1020,12016M005,CITES,2019.0,2016.0
32019R1020,32016R0425,CITES,2019.0,2016.0
32019R1020,32001L0095,CITES,2019.0,2001.0
32019R1020,32016Q0512(01),CITES,2019.0,2016.0
32019R1020,32016R0679,CITES,2019.0,2016.0
32019R1020,32017R1369,CITES,2019.0,2017.0
32017D0503,62012CJ0262,CITES,2017.0,2012.0
32017D0503,62012CJ0204,CITES,2017.0,2012.0
32017D0503,61998CJ0379,CITES,2017.0,1998.0
32017D0503,32009L0072,CITES,2017.0,2009.0
32017D0503,12016E107,CITES,2017.0,2016.0
32017D0503,62008CJ0279,CITES,2017.0,2008.0
32017D0503,62000CJ0280,CITES,2017.0,2000.0
32013L0051,31996L0029,CITES,2013.0,1996.0
32013L0051,32004R0882,CITES,2013.0,2004.0
32013L0051,32004R0852,CITES,2013.0,2004.0
32013L0051,31998L0083,CITES,2013.0,1998.0
32010L0053,31995L0046,CITES,2010.0,1995.0
32010L0053,31999D0468,CITES,2010.0,1999.0
32010L0053,12010P/TXT,CITES,2010.0,2010.0
32010L0053,32004L0023,CITES,2010.0,2004.0
31998D0522,31973L0023,CITES,1998.0,1973.0
31998D0522,31989L0336,CITES,1998.0,1989.0
32016Q0512(01),12007L/TXT,CITES,2016.0,2007.0
32016D0849,12012P/TXT,CITES,2016.0,2012.0
32016D0849,32009R0428,CITES,2016.0,2009.0
32016D0789,32014D0273,CITES,2016.0,2014.0
32016D0789,62004TJ0196,CITES,2016.0,2004.0
32016D0789,62008TJ0267,CITES,2016.0,2008.0
32016D0789,62011CJ0288,CITES,2016.0,2011.0
32016D0789,61999CJ0482,CITES,2016.0,1999.0
32016D0789,61987CJ0030,CITES,2016.0,1987.0
32016D0789,61985CJ0118,CITES,2016.0,1985.0
32016D0789,62004CJ0340,CITES,2016.0,2004.0
32016D0789,61998TJ0128,CITES,2016.0,1998.0
32016D0789,61995TJ0214,CITES,2016.0,1995.0
32016D0789,62007CJ0113,CITES,2016.0,2007.0
32016D0789,62003CJ0172,CITES,2016.0,2003.0
32016D0789,61998CJ0379,CITES,2016.0,1998.0
32016D0789,62008TN0455,CITES,2016.0,2008.0
32016D0789,61989CJ0305,CITES,2016.0,1989.0
32016D0789,31999R0659,CITES,2016.0,1999.0
32016D0789,61996CJ0342,CITES,2016.0,1996.0
32016D0789,62003TJ0442,CITES,2016.0,2003.0
32016D0789,61973CJ0173,CITES,2016.0,1973.0
32016D0789,61994CJ0039,CITES,2016.0,1994.0
32016D0789,61999TJ0228,CITES,2016.0,1999.0
32016D0789,32006L0111,CITES,2016.0,2006.0
32016D0789,61985CJ0040,CITES,2016.0,1985.0
32016D0789,12012E107,CITES,2016.0,2012.0
32016D0789,62001TJ0109,CITES,2016.0,2001.0
32016D0789,62008CJ0029,CITES,2016.0,2008.0
32016D0789,62001CJ0082,CITES,2016.0,2001.0
32016D0789,62008TJ0443,CITES,2016.0,2008.0
32016D0789,61992CJ0364,CITES,2016.0,1992.0
32016D0789,62003CJ0458,CITES,2016.0,2003.0
32016D0789,32011D0060,CITES,2016.0,2011.0
32016D0789,61989TJ0128,CITES,2016.0,1989.0
32016D0789,61995CJ0343,CITES,2016.0,1995.0
32016D0789,61997TJ0296,CITES,2016.0,1997.0
32016D0789,62010CJ0124,CITES,2016.0,2010.0
32016D0789,31992R2408,CITES,2016.0,1992.0
32022R2065,12016P021,CITES,2022.0,2016.0
32022R2065,32019L0882,CITES,2022.0,2019.0
32022R2065,32018L1972,CITES,2022.0,2018.0
32022R2065,12016E290,CITES,2022.0,2016.0
32022R2065,32018R1046,CITES,2022.0,2018.0
32022R2065,32016Q0512(01),CITES,2022.0,2016.0
32022R2065,32012R1215,CITES,2022.0,2012.0
32022R2065,32015L1535,CITES,2022.0,2015.0
32022R2065,32014R0910,CITES,2022.0,2014.0
32022R2065,12016P007,CITES,2022.0,2016.0
32022R2065,32016L0943,CITES,2022.0,2016.0
32022R2065,12016E/TXT,CITES,2022.0,2016.0
32022R2065,12016E267,CITES,2022.0,2016.0
32022R2065,32016R0679,CITES,2022.0,2016.0
32022R2065,12016P011,CITES,2022.0,2016.0
32022R2065,32003H0361,CITES,2022.0,2003.0
32022R2065,32005L0029,CITES,2022.0,2005.0
32022R2065,32019R1020,CITES,2022.0,2019.0
32022R2065,12016P024,CITES,2022.0,2016.0
32022R2065,12016P047,CITES,2022.0,2016.0
32022R2065,12016P008,CITES,2022.0,2016.0
32022R2065,32002L0058,CITES,2022.0,2002.0
32022R2065,12016M/TXT,CITES,2022.0,2016.0
32022R2065,12016M005,CITES,2022.0,2016.0
32022R2065,32021R1232,CITES,2022.0,2021.0
32022R2065,32021R0784,CITES,2022.0,2021.0
32022R2065,12016P/TXT,CITES,2022.0,2016.0
32022R2065,32001L0095,CITES,2022.0,2001.0
32018D1297,32006R1907,CITES,2018.0,2006.0
32021R1340,32010R1093,CITES,2021.0,2010.0
32021R1340,32019L0879,CITES,2021.0,2019.0
32002L0047,31992L0096,CITES,2002.0,1992.0
32002L0047,32001L0017,CITES,2002.0,2001.0
32002L0047,31985L0611,CITES,2002.0,1985.0
32002L0047,31983L0349,CITES,2002.0,1983.0
32002L0047,31992L0049,CITES,2002.0,1992.0
32002L0047,32000L0012,CITES,2002.0,2000.0
32002L0047,11997E005,CITES,2002.0,1997.0
32002L0047,32000X1218(01),CITES,2002.0,2000.0
32002L0047,31993L0022,CITES,2002.0,1993.0
32002L0047,32001L0024,CITES,2002.0,2001.0
32024D2524,32014D0302,CITES,2024.0,2014.0
32024L1788,32019R0941,CITES,2024.0,2019.0
32024L1788,32019R0942,CITES,2024.0,2019.0
32024L1788,12016M005,CITES,2024.0,2016.0
32024L1788,32003L0055,CITES,2024.0,2003.0
32024L1788,32024L1275,CITES,2024.0,2024.0
32024L1788,32015L1535,CITES,2024.0,2015.0
32024L1788,12016E290,CITES,2024.0,2016.0
32024L1788,32021R1119,CITES,2024.0,2021.0
32024L1788,32018L2001,CITES,2024.0,2018.0
32024L1788,12016P008,CITES,2024.0,2016.0
32024L1788,32016R0679,CITES,2024.0,2016.0
32024L1788,32024R1789,CITES,2024.0,2024.0
32024L1788,32023R1805,CITES,2024.0,2023.0
32024L1788,32003H0361,CITES,2024.0,2003.0
32024L1788,32024R1787,CITES,2024.0,2024.0
32024L1788,12016E349,CITES,2024.0,2016.0
32024L1788,12016E/TXT,CITES,2024.0,2016.0
32024L1788,32016Q0512(01),CITES,2024.0,2016.0
32024L1788,32017C1213(01),CITES,2024.0,2017.0
32024L1788,12016E036,CITES,2024.0,2016.0
32024L1788,32020H1563,CITES,2024.0,2020.0
32024L1788,12016E108,CITES,2024.0,2016.0
32024L1788,12016E218,CITES,2024.0,2016.0
32024L1788,32023L2413,CITES,2024.0,2023.0
32024L1788,12016E102,CITES,2024.0,2016.0
32024L1788,32023R2405,CITES,2024.0,2023.0
32024L1788,12016P/TXT,CITES,2024.0,2016.0
32024L1788,62017CJ0543,CITES,2024.0,2017.0
32024L1788,32015L2366,CITES,2024.0,2015.0
32024L1788,32011R1227,CITES,2024.0,2011.0
32024L1788,32010R1095,CITES,2024.0,2010.0
32024L1788,32017R1938,CITES,2024.0,2017.0
32024L1788,12016E107,CITES,2024.0,2016.0
32011L0092,32003L0004,CITES,2011.0,2003.0
32013D0206,32012R0555,CITES,2013.0,2012.0
32018L0851,32009L0028,CITES,2018.0,2009.0
32018L0851,32016Q0512(01),CITES,2018.0,2016.0
32018L0851,32008L0056,CITES,2018.0,2008.0
32018L0851,12016E290,CITES,2018.0,2016.0
32018L0851,32006R1907,CITES,2018.0,2006.0
32018L0851,12016E349,CITES,2018.0,2016.0
32018L0851,32000L0060,CITES,2018.0,2000.0
32018L0851,32009R0767,CITES,2018.0,2009.0
32018L0851,12016M005,CITES,2018.0,2016.0
32018L0851,32015L1535,CITES,2018.0,2015.0
32013R1303,32010R0407,CITES,2013.0,2010.0
32013R1303,32003H0361,CITES,2013.0,2003.0
32013R1303,32007R1535,CITES,2013.0,2007.0
32013R1303,32006R1998,CITES,2013.0,2006.0
32013R1303,32013R1316,CITES,2013.0,2013.0
32013R1303,32013R1291,CITES,2013.0,2013.0
32013R1303,32013R0575,CITES,2013.0,2013.0
32013R1303,32013R1305,CITES,2013.0,2013.0
32013R1303,32013R1304,CITES,2013.0,2013.0
32013R1303,32012R0966,CITES,2013.0,2012.0
32013R1303,32004L0018,CITES,2013.0,2004.0
32013R1303,32013R1306,CITES,2013.0,2013.0
32013R1303,32011R1176,CITES,2013.0,2011.0
32013R1303,31997R1466,CITES,2013.0,1997.0
32013R1303,32013R1301,CITES,2013.0,2013.0
32017R0746,32011L0024,CITES,2017.0,2011.0
32017R0746,12016P008,CITES,2017.0,2016.0
32017R0746,12016E034,CITES,2017.0,2016.0
32017R0746,32001R0045,CITES,2017.0,2001.0
32017R0746,62009CJ0400,CITES,2017.0,2009.0
32017R0746,31990L0385,CITES,2017.0,1990.0
32017R0746,32006L0042,CITES,2017.0,2006.0
32017R0746,32015L1535,CITES,2017.0,2015.0
32017R0746,31995L0046,CITES,2017.0,1995.0
32017R0746,32017R0745,CITES,2017.0,2017.0
32017R0746,12016P011,CITES,2017.0,2016.0
32017R0746,32016Q0512(01),CITES,2017.0,2016.0
32017R0746,32014R0536,CITES,2017.0,2014.0
32017R0746,32014L0030,CITES,2017.0,2014.0
32017R0746,31993L0042,CITES,2017.0,1993.0
32017R0746,12016M005,CITES,2017.0,2016.0
32017R0746,32008D0768,CITES,2017.0,2008.0
32017R0746,32012R1025,CITES,2017.0,2012.0
32017R0746,12016E036,CITES,2017.0,2016.0
32017R0746,12016P/TXT,CITES,2017.0,2016.0
32017R0746,32008R0765,CITES,2017.0,2008.0
32017R0746,32003H0361,CITES,2017.0,2003.0
32017R0746,12016E290,CITES,2017.0,2016.0
32019R0934,32008R1332,CITES,2019.0,2008.0
32012R0640,31986L0609,CITES,2012.0,1986.0
32006L0086,32000X1218(01),CITES,2006.0,2000.0
32006L0086,32003L0094,CITES,2006.0,2003.0
31999D0276,11992E148,CITES,1999.0,1992.0
32023L2413,32012L0027,CITES,2023.0,2012.0
32023L2413,32006R1893,CITES,2023.0,2006.0
32023L2413,32023R1115,CITES,2023.0,2023.0
32023L2413,32022R0869,CITES,2023.0,2022.0
32023L2413,32023R1542,CITES,2023.0,2023.0
32023L2413,32018R0858,CITES,2023.0,2018.0
32023L2413,32003L0087,CITES,2023.0,2003.0
32023L2413,12016E349,CITES,2023.0,2016.0
32023L2413,32021H2279,CITES,2023.0,2021.0
32023L2413,62017CJ0543,CITES,2023.0,2017.0
32023L2413,32023R2405,CITES,2023.0,2023.0
32023L2413,32009L0073,CITES,2023.0,2009.0
32023L2413,32000L0060,CITES,2023.0,2000.0
32023L2413,32011L0092,CITES,2023.0,2011.0
32023L2413,32017R1369,CITES,2023.0,2017.0
32023L2413,32023R1804,CITES,2023.0,2023.0
32023L2413,12016M005,CITES,2023.0,2016.0
32023L2413,32023R1805,CITES,2023.0,2023.0
32023L2413,32008L0056,CITES,2023.0,2008.0
32023L2413,32021R1119,CITES,2023.0,2021.0
32023L2413,32021H1749,CITES,2023.0,2021.0
32017A0928(01),32000L0060,CITES,2017.0,2000.0
32017A0928(01),32011L0092,CITES,2017.0,2011.0
32017A0928(01),12016E/TXT,CITES,2017.0,2016.0
32017A0928(01),32014L0052,CITES,2017.0,2014.0
32017A0928(01),31996L0029,CITES,2017.0,1996.0
32024R1620,32023R1113,CITES,2024.0,2023.0
32024R1620,32014R0537,CITES,2024.0,2014.0
32024R1620,32024L1640,CITES,2024.0,2024.0
32024R1620,12016E/TXT,CITES,2024.0,2016.0
32024R1620,12016E314,CITES,2024.0,2016.0
32024R1620,32016R0679,CITES,2024.0,2016.0
32024R1620,32016R0300,CITES,2024.0,2016.0
32024R1620,32008L0048,CITES,2024.0,2008.0
32024R1620,12016M/TXT,CITES,2024.0,2016.0
32024R1620,12016E258,CITES,2024.0,2016.0
32024R1620,12016M/PRO/07,CITES,2024.0,2016.0
32024R1620,12016E290,CITES,2024.0,2016.0
32024R1620,12016M005,CITES,2024.0,2016.0
32024R1620,32013R0575,CITES,2024.0,2013.0
32024R1620,32023R1114,CITES,2024.0,2023.0
32024R1620,32018R1727,CITES,2024.0,2018.0
32024R1620,32016Q0512(01),CITES,2024.0,2016.0
32024R1620,32015L2366,CITES,2024.0,2015.0
32024R1620,12016E263,CITES,2024.0,2016.0
32024R1620,32019R0715,CITES,2024.0,2019.0
32024R1620,32018R1046,CITES,2024.0,2018.0
32024R1620,12016M016,CITES,2024.0,2016.0
32024R1620,31999Q0531,CITES,2024.0,1999.0
32024R1620,32015D0444,CITES,2024.0,2015.0
32024R1620,12016E291,CITES,2024.0,2016.0
32024R1620,32014L0059,CITES,2024.0,2014.0
32024R1620,32015L0849,CITES,2024.0,2015.0
32024R1620,32009L0138,CITES,2024.0,2009.0
32024R1620,12016E313,CITES,2024.0,2016.0
32024R1620,12016E228,CITES,2024.0,2016.0
32024R1620,12016E/PRO/07,CITES,2024.0,2016.0
32024R1620,32013R0883,CITES,2024.0,2013.0
32024R1620,31968R0259,CITES,2024.0,1968.0
32024R1620,32019L1937,CITES,2024.0,2019.0
32024R1620,12016E296,CITES,2024.0,2016.0
32024R1620,12016E339,CITES,2024.0,2016.0
32024R1620,31958R0001,CITES,2024.0,1958.0
32012D0369,31997R1466,CITES,2012.0,1997.0
32019D1912,12016E003,CITES,2019.0,2016.0
32019D1912,32004R0549,CITES,2019.0,2004.0
32024R2897,32018R1139,CITES,2024.0,2018.0
32024R2897,12016E/TXT,CITES,2024.0,2016.0
32024R2897,32023D1532,CITES,2024.0,2023.0
32025D1059,32019R0123,CITES,2025.0,2019.0
32025D1059,32024D1688,CITES,2025.0,2024.0
32025D0860,32006D0730,CITES,2025.0,2006.0
32025D1049,32024D1688,CITES,2025.0,2024.0
32025D1049,32019R0123,CITES,2025.0,2019.0
32023R2631,31958R0001,CITES,2023.0,1958.0
32023R2631,32014R0537,CITES,2023.0,2014.0
32023R2631,32021R2139,CITES,2023.0,2021.0
32023R2631,12016E290,CITES,2023.0,2016.0
32023R2631,32016Q0512(01),CITES,2023.0,2016.0
32023R2631,32010R1095,CITES,2023.0,2010.0
32023R2631,12016M005,CITES,2023.0,2016.0
32023R2631,32017R2402,CITES,2023.0,2017.0
32023R2631,12016E291,CITES,2023.0,2016.0
32023R2631,32021R2178,CITES,2023.0,2021.0
32023R2631,32021R1119,CITES,2023.0,2021.0
32023R2631,32010R1093,CITES,2023.0,2010.0
32023R2631,32010R1094,CITES,2023.0,2010.0
32002F0584,32000X1218(01),CITES,2002.0,2000.0
32002F0584,32001Y0115(02),CITES,2002.0,2001.0
32002F0584,32002D0187,CITES,2002.0,2002.0
32002F0584,11997E005,CITES,2002.0,1997.0
32023D0208(02),32015D0444,CITES,2023.0,2015.0
32023D0208(02),12016E/TXT,CITES,2023.0,2016.0
32023D0208(02),32016R0679,CITES,2023.0,2016.0
32023D0208(02),12016M/TXT,CITES,2023.0,2016.0
32023D0531(01),12016E/PRO/01,CITES,2023.0,2016.0
32023D0531(01),32023R0435,CITES,2023.0,2023.0
32023D0531(01),12016A/PRO/01,CITES,2023.0,2016.0
32023D0531(01),12016M/PRO/01,CITES,2023.0,2016.0
32017A1109(03),32011L0092,CITES,2017.0,2011.0
32017A1109(03),32014L0052,CITES,2017.0,2014.0
32017A1109(03),31996L0029,CITES,2017.0,1996.0
32017A1109(03),32000L0060,CITES,2017.0,2000.0
32017A1109(03),12016E/TXT,CITES,2017.0,2016.0
32017A1109(01),12016E/TXT,CITES,2017.0,2016.0
32017A1109(01),31996L0029,CITES,2017.0,1996.0
32017A1109(01),32014L0052,CITES,2017.0,2014.0
32017A1109(01),32011L0092,CITES,2017.0,2011.0
32017A1109(01),32000L0060,CITES,2017.0,2000.0
32014D0016(01),32004D0002,CITES,2014.0,2004.0
32021R1348,32010R1095,CITES,2021.0,2010.0
32021R1348,32019R2175,CITES,2021.0,2019.0
32021D1742,32016R2338,CITES,2021.0,2016.0
32021D1742,32018R0761,CITES,2021.0,2018.0
32021D1742,32015R0909,CITES,2021.0,2015.0
32021D1742,32016L2370,CITES,2021.0,2016.0
32021D1742,32016L0797,CITES,2021.0,2016.0
32021D1742,32017R2177,CITES,2021.0,2017.0
32021D1742,32017D2075,CITES,2021.0,2017.0
32021L2261,32017R0653,CITES,2021.0,2017.0
32021L2261,32014R1286,CITES,2021.0,2014.0
32014L0033,32008D0768,CITES,2014.0,2008.0
32014L0033,32008R0765,CITES,2014.0,2008.0
32017R0776,32006R1907,CITES,2017.0,2006.0
32017R0776,32009R1107,CITES,2017.0,2009.0
32017R0776,31999L0045,CITES,2017.0,1999.0
32017R0776,31967L0548,CITES,2017.0,1967.0
32014L0035,32012R1025,CITES,2014.0,2012.0
32014L0035,32008R0765,CITES,2014.0,2008.0
32014L0035,32008D0768,CITES,2014.0,2008.0
32014L0029,32008D0768,CITES,2014.0,2008.0
32014L0030,32008R0765,CITES,2014.0,2008.0
32014L0030,32012R1025,CITES,2014.0,2012.0
32014L0030,32008R0216,CITES,2014.0,2008.0
32014L0030,32008D0768,CITES,2014.0,2008.0
32014L0030,31998L0034,CITES,2014.0,1998.0
32019L0173,32006R1907,CITES,2019.0,2006.0
32018D0817,32012R1247,CITES,2018.0,2012.0
32018D0817,32014R0484,CITES,2018.0,2014.0
32018D0817,32014R0285,CITES,2018.0,2014.0
32018D0817,32013R1003,CITES,2018.0,2013.0
32018D0817,32015R1515,CITES,2018.0,2015.0
32018D0817,32015R2205,CITES,2018.0,2015.0
32018D0817,32013R0152,CITES,2018.0,2013.0
32018D0817,32013R0153,CITES,2018.0,2013.0
32018D0817,32012R1249,CITES,2018.0,2012.0
32018D0817,32016R1178,CITES,2018.0,2016.0
32018D0817,32013R0151,CITES,2018.0,2013.0
32014R0833,32014R0269,CITES,2014.0,2014.0
32014R0833,32009R0428,CITES,2014.0,2009.0
32023R2854,32016L0943,CITES,2023.0,2016.0
32023R2854,32015R0847,CITES,2023.0,2015.0
32023R2854,32016R0679,CITES,2023.0,2016.0
32023R2854,32015L0849,CITES,2023.0,2015.0
32023R2854,32018R1807,CITES,2023.0,2018.0
32023R2854,32021R0784,CITES,2023.0,2021.0
32023R2854,32005L0029,CITES,2023.0,2005.0
32023R2854,32016Q0512(01),CITES,2023.0,2016.0
32023R2854,32012R1025,CITES,2023.0,2012.0
32023R2854,12016M005,CITES,2023.0,2016.0
32023R2854,32003H0361,CITES,2023.0,2003.0
32023R2854,12016E/TXT,CITES,2023.0,2016.0
32023R2854,32023L1544,CITES,2023.0,2023.0
32023R2854,32008R0765,CITES,2023.0,2008.0
32023R2854,32022R2554,CITES,2023.0,2022.0
32023R2854,32019L0882,CITES,2023.0,2019.0
32023R2854,32009R0223,CITES,2023.0,2009.0
32023R2854,32002L0058,CITES,2023.0,2002.0
32023R2854,12016E101,CITES,2023.0,2016.0
32023R2854,12016E290,CITES,2023.0,2016.0
32023R2854,12016E102,CITES,2023.0,2016.0
32023R2854,32008D0768,CITES,2023.0,2008.0
32023R2854,32022R0868,CITES,2023.0,2022.0
32023R2854,12016A/TXT,CITES,2023.0,2016.0
32023R2854,12016M/TXT,CITES,2023.0,2016.0
32023R2854,32022R2065,CITES,2023.0,2022.0
32003R0058,31968R0259,CITES,2003.0,1968.0
32003R0058,31999Q0531,CITES,2003.0,1999.0
32003R0058,32002R1605,CITES,2003.0,2002.0
32003R0058,11997E248,CITES,2003.0,1997.0
32003R0058,31999D0468,CITES,2003.0,1999.0
32024D0775,32022D1108,CITES,2024.0,2022.0
32024D0775,32013D1313,CITES,2024.0,2013.0
32013H0730(09),32011R1176,CITES,2013.0,2011.0
32013H0730(09),32013D0208,CITES,2013.0,2013.0
32013H0730(09),32012H0724(10),CITES,2013.0,2012.0
32016R1450,32013R0575,CITES,2016.0,2013.0
32016R1450,32014R0909,CITES,2016.0,2014.0
32016R1450,32010R1093,CITES,2016.0,2010.0
32016R1450,32012R0648,CITES,2016.0,2012.0
32016L1919,32013L0048,CITES,2016.0,2013.0
32016L1919,12016E/PRO/22,CITES,2016.0,2016.0
32016L1919,12016P047,CITES,2016.0,2016.0
32016L1919,32012L0013,CITES,2016.0,2012.0
32016L1919,12016M005,CITES,2016.0,2016.0
32016L1919,12016M/PRO/22,CITES,2016.0,2016.0
32016L1919,32002F0584,CITES,2016.0,2002.0
32016L1919,12016E/PRO/21,CITES,2016.0,2016.0
32016L1919,32009G1204(01),CITES,2016.0,2009.0
32016L1919,12016M/PRO/21,CITES,2016.0,2016.0
32014L0040,32005L0029,CITES,2014.0,2005.0
32014L0040,31995L0046,CITES,2014.0,1995.0
32014L0040,32006R1907,CITES,2014.0,2006.0
32014L0040,32003H0361,CITES,2014.0,2003.0
32014L0040,31993L0042,CITES,2014.0,1993.0
32014L0040,31998L0034,CITES,2014.0,1998.0
32014R0650,32010R1093,CITES,2014.0,2010.0
32014R0650,32013R0575,CITES,2014.0,2013.0
32021R0694,32021R0523,CITES,2021.0,2021.0
32021R0694,32016Q0512(01),CITES,2021.0,2016.0
32021R0694,32003H0361,CITES,2021.0,2003.0
32021R0694,32018R1488,CITES,2021.0,2018.0
32021R0694,32016R0679,CITES,2021.0,2016.0
32021R0694,32017C1213(01),CITES,2021.0,2017.0
32021R0694,12016M005,CITES,2021.0,2016.0
32021R0694,32017L1371,CITES,2021.0,2017.0
32021R0694,32014L0025,CITES,2021.0,2014.0
32021R0694,32020R2093,CITES,2021.0,2020.0
32021R0694,32014R0283,CITES,2021.0,2014.0
32021R0694,32019R0881,CITES,2021.0,2019.0
32021R0694,12016E187,CITES,2021.0,2016.0
32021R0694,32015D0444,CITES,2021.0,2015.0
32021R0694,32021R0695,CITES,2021.0,2021.0
32021R0694,32014L0024,CITES,2021.0,2014.0
32021R0694,32018R1046,CITES,2021.0,2018.0
32021R0694,12016P/TXT,CITES,2021.0,2016.0
32021R0694,32016L1148,CITES,2021.0,2016.0
32021R0694,12016E290,CITES,2021.0,2016.0
32021R0694,32013R0883,CITES,2021.0,2013.0
32021R0694,32018L1972,CITES,2021.0,2018.0
32021R0694,12016E322,CITES,2021.0,2016.0
32021R0694,32020Q1222(01),CITES,2021.0,2020.0
32021R0694,32013R0755,CITES,2021.0,2013.0
32021D1765,32021D0689,CITES,2021.0,2021.0
32016R2251,32010R1094,CITES,2016.0,2010.0
32016R2251,32013R0575,CITES,2016.0,2013.0
32016R2251,32014L0059,CITES,2016.0,2014.0
32016R2251,32010R1093,CITES,2016.0,2010.0
32016R2251,32010R1095,CITES,2016.0,2010.0
32016R2251,32013R0153,CITES,2016.0,2013.0
32016R2251,32009L0065,CITES,2016.0,2009.0
32016L2341,32002L0083,CITES,2016.0,2002.0
32016L2341,32004R0883,CITES,2016.0,2004.0
32016L2341,32010R1094,CITES,2016.0,2010.0
32016L2341,32009L0065,CITES,2016.0,2009.0
32016L2341,32010R1093,CITES,2016.0,2010.0
32016L2341,32016R0679,CITES,2016.0,2016.0
32016L2341,12016E226,CITES,2016.0,2016.0
32016L2341,32016L2341,CITES,2016.0,2016.0
32016L2341,12016P/TXT,CITES,2016.0,2016.0
32016L2341,32001R0045,CITES,2016.0,2001.0
32016L2341,12016M005,CITES,2016.0,2016.0
32016L2341,32010R1095,CITES,2016.0,2010.0
32015D0348,32014D0132,CITES,2015.0,2014.0
32015D0348,32013R0390,CITES,2015.0,2013.0
32021D0069,12016M/TXT,CITES,2021.0,2016.0
32021D0069,62000CJ0278,CITES,2021.0,2000.0
32021D0069,61997CJ0075,CITES,2021.0,1997.0
32021D0069,31993Y1113(01),CITES,2021.0,1993.0
32021D0069,62010CJ0124,CITES,2021.0,2010.0
32021D0069,62001CJ0082,CITES,2021.0,2001.0
32021D0069,32004R0794,CITES,2021.0,2004.0
32021D0069,61984CJ0248,CITES,2021.0,1984.0
32021D0069,62004CJ0222,CITES,2021.0,2004.0
32021D0069,62011CJ0197,CITES,2021.0,2011.0
32021D0069,62014CJ0015,CITES,2021.0,2014.0
32021D0069,12016E346,CITES,2021.0,2016.0
32021D0069,61998CJ0180,CITES,2021.0,1998.0
32021D0069,61989CJ0305,CITES,2021.0,1989.0
32021D0069,61995TJ0011,CITES,2021.0,1995.0
32021D0069,61995TJ0129,CITES,2021.0,1995.0
32021D0069,61972CJ0070,CITES,2021.0,1972.0
32021D0069,61978CJ0209,CITES,2021.0,1978.0
32021D0069,61999CJ0482,CITES,2021.0,1999.0
32021D0069,12016E/TXT,CITES,2021.0,2016.0
32021D0069,61996CJ0342,CITES,2021.0,1996.0
32021D0069,61994CJ0244,CITES,2021.0,1994.0
32021D0069,62007CJ0049,CITES,2021.0,2007.0
32021D0069,32001L0012,CITES,2021.0,2001.0
32021D0069,32009L0081,CITES,2021.0,2009.0
32021D0069,62003CJ0172,CITES,2021.0,2003.0
32021D0069,32006L0111,CITES,2021.0,2006.0
32021D0069,31991L0440,CITES,2021.0,1991.0
32021D0069,32008R0271,CITES,2021.0,2008.0
32021D0069,61997TJ0288,CITES,2021.0,1997.0
32021D0069,12016E107,CITES,2021.0,2016.0
32021D0069,61990CJ0364,CITES,2021.0,1990.0
32021D0069,61999TJ0228,CITES,2021.0,1999.0
32021D0069,61999CJ0328,CITES,2021.0,1999.0
32021D0069,62015TJ0747,CITES,2021.0,2015.0
32021D0069,12016E093,CITES,2021.0,2016.0
32021D0069,32010D0174,CITES,2021.0,2010.0
32021D0069,12016M004,CITES,2021.0,2016.0
31999D0511,31973L0023,CITES,1999.0,1973.0
31999D0511,31989L0336,CITES,1999.0,1989.0
31999D0511,31998D0575,CITES,1999.0,1998.0
32020Y0619(01),32016Y0312(02),CITES,2020.0,2016.0
32016R0214,32016D0220,CITES,2016.0,2016.0
32016R0214,32016R0218,CITES,2016.0,2016.0
32016R0214,32011D0101,CITES,2016.0,2011.0
31996R2271,31986R4055,CITES,1996.0,1986.0
31996R2271,11992E148,CITES,1996.0,1992.0
31996R2271,31996E0668,CITES,1996.0,1996.0
32000D0142,31972R0574,CITES,2000.0,1972.0
32000D0142,61996CJ0160,CITES,2000.0,1996.0
32009L0138,32003L0041,AMENDS,2009.0,2003.0
32014L0024,32006L0097,AMENDS,2014.0,2006.0
32014L0024,32009R1177,AMENDS,2014.0,2009.0
32014L0024,32011R1251,AMENDS,2014.0,2011.0
32014L0024,32009L0081,AMENDS,2014.0,2009.0
32009R1179,31998R1718,AMENDS,2009.0,1998.0
32009R1179,31996R0902,AMENDS,2009.0,1996.0
32009L0128,32002D1600,CITES,2009.0,2002.0
32009L0128,32003Q1231(01),CITES,2009.0,2003.0
32009L0128,32004L0037,CITES,2009.0,2004.0
32009L0128,31998L0034,CITES,2009.0,1998.0
32009L0128,32000L0060,CITES,2009.0,2000.0
32009L0128,32006L0012,CITES,2009.0,2006.0
32009L0128,31999D0468,CITES,2009.0,1999.0
32009L0128,32009R1107,CITES,2009.0,2009.0
32009L0128,32006L0042,CITES,2009.0,2006.0
32009L0128,31998L0008,CITES,2009.0,1998.0
32009L0128,31991L0414,CITES,2009.0,1991.0
32009L0128,32000X1218(01),CITES,2009.0,2000.0
32009L0128,32005R1698,CITES,2009.0,2005.0
32009L0128,31999L0045,CITES,2009.0,1999.0
32014D0287,32001R0045,CITES,2014.0,2001.0
32019R0912,32013R0575,CITES,2019.0,2013.0
32019R0912,32010R1093,CITES,2019.0,2010.0
32021D2133,32016D2356,CITES,2021.0,2016.0
32021D2133,32019D2111,CITES,2021.0,2019.0
31999L0031,31996L0061,CITES,1999.0,1996.0
31999L0031,31985L0337,CITES,1999.0,1985.0
31999L0031,11992E148,CITES,1999.0,1992.0
31999L0031,31975L0442,CITES,1999.0,1975.0
31991L0371,31979L0239,CITES,1991.0,1979.0
32004D0338,12002E251,CITES,2004.0,2002.0
32014D0525,31997D0789,CITES,2014.0,1997.0
32014D0525,31994D0662,CITES,2014.0,1994.0
32014D0525,61988CJ0303,CITES,2014.0,1988.0
32014D0525,32006R1998,CITES,2014.0,2006.0
32014D0525,61992CJ0278,CITES,2014.0,1992.0
32014D0525,61999CJ0482,CITES,2014.0,1999.0
32014D0525,61999TJ0228,CITES,2014.0,1999.0
32014D0525,62003TJ0068,CITES,2014.0,2003.0
32014D0525,61989CJ0261,CITES,2014.0,1989.0
32014D0525,61989CJ0305,CITES,2014.0,1989.0
32014D0525,61993CJ0042,CITES,2014.0,1993.0
32014D0525,61995TJ0129,CITES,2014.0,1995.0
32014D0525,32004R0794,CITES,2014.0,2004.0
32014D0525,31996D0278,CITES,2014.0,1996.0
32014D0525,62010CJ0124,CITES,2014.0,2010.0
32014D0525,31997Y0917(01),CITES,2014.0,1997.0
32014D0525,31993Y1113(01),CITES,2014.0,1993.0
32014D0525,61999CJ0334,CITES,2014.0,1999.0
32014D0525,62003TJ0442,CITES,2014.0,2003.0
32012D0077,32006R1907,CITES,2012.0,2006.0
32012D0077,32007R1451,CITES,2012.0,2007.0
32014D0512,32009R0428,CITES,2014.0,2009.0
32024R1689,32019R1020,CITES,2024.0,2019.0
32024R1689,32008D0768,CITES,2024.0,2008.0
32024R1689,32002F0584,CITES,2024.0,2002.0
32024R1689,12016M005,CITES,2024.0,2016.0
32024R1689,12016P024,CITES,2024.0,2016.0
32024R1689,12016E290,CITES,2024.0,2016.0
32024R1689,32016Q0512(01),CITES,2024.0,2016.0
32024R1689,12016M002,CITES,2024.0,2016.0
32024R1689,32012R1025,CITES,2024.0,2012.0
32024R1689,32005L0029,CITES,2024.0,2005.0
32024R1689,32016R0679,CITES,2024.0,2016.0
32024R1689,32014L0032,CITES,2024.0,2014.0
32024R1689,32013R0575,CITES,2024.0,2013.0
32024R1689,12016M/PRO/21,CITES,2024.0,2016.0
32024R1689,32022R0868,CITES,2024.0,2022.0
32024R1689,32016L2102,CITES,2024.0,2016.0
32024R1689,32006L0042,CITES,2024.0,2006.0
32024R1689,32003H0361,CITES,2024.0,2003.0
32024R1689,12016M004,CITES,2024.0,2016.0
32024R1689,32016L0097,CITES,2024.0,2016.0
32024R1689,32009L0138,CITES,2024.0,2009.0
32024R1689,32017R0745,CITES,2024.0,2017.0
32024R1689,32019L0882,CITES,2024.0,2019.0
32024R1689,32016L0943,CITES,2024.0,2016.0
32024R1689,32017R0746,CITES,2024.0,2017.0
32024R1689,32008L0048,CITES,2024.0,2008.0
32024R1689,32016L0680,CITES,2024.0,2016.0
32024R1689,32024R0900,CITES,2024.0,2024.0
32024R1689,32019L1937,CITES,2024.0,2019.0
32024R1689,12016M006,CITES,2024.0,2016.0
32024R1689,32022R2065,CITES,2024.0,2022.0
32024R1689,32023R2854,CITES,2024.0,2023.0
32024R1689,12016P/TXT,CITES,2024.0,2016.0
32024R1689,32002L0058,CITES,2024.0,2002.0
32024R1689,32024D01459,CITES,2024.0,2024.0
32024R1689,32008R0765,CITES,2024.0,2008.0
32024R1689,32019R0881,CITES,2024.0,2019.0
32024R1689,12016E/PRO/22,CITES,2024.0,2016.0
32024R1689,12016E/TXT,CITES,2024.0,2016.0
32024R1689,12016M/TXT,CITES,2024.0,2016.0
32024R1689,12016M/PRO/22,CITES,2024.0,2016.0
32024R1689,12016E/PRO/21,CITES,2024.0,2016.0
32020R0605,32020R0429,CITES,2020.0,2020.0
32020R0605,32014R0680,CITES,2020.0,2014.0
32021R1139,32017L1371,CITES,2021.0,2017.0
32021R1139,32016R0679,CITES,2021.0,2016.0
32021R1139,12016E107,CITES,2021.0,2016.0
32021R1139,12016E109,CITES,2021.0,2016.0
32021R1139,32021R1060,CITES,2021.0,2021.0
32021R1139,32013R0883,CITES,2021.0,2013.0
32021R1139,32016Q0512(01),CITES,2021.0,2016.0
32021R1139,32021R0523,CITES,2021.0,2021.0
32021R1139,32020R2093,CITES,2021.0,2020.0
32021R1139,32000L0060,CITES,2021.0,2000.0
32021R1139,12016E322,CITES,2021.0,2016.0
32021R1139,32017R1379,CITES,2021.0,2017.0
32021R1139,32018R1046,CITES,2021.0,2018.0
32021R1139,12016EN01,CITES,2021.0,2016.0
32021R1139,12016E290,CITES,2021.0,2016.0
32021R1139,12016E108,CITES,2021.0,2016.0
32021R1139,12016M005,CITES,2021.0,2016.0
32021R1139,32008L0056,CITES,2021.0,2008.0
32022R2399,32015R2446,CITES,2022.0,2015.0
32022R2399,32021R0821,CITES,2022.0,2021.0
32022R2399,32014R0910,CITES,2022.0,2014.0
32022R2399,32019R1239,CITES,2022.0,2019.0
32022R2399,32018R1807,CITES,2022.0,2018.0
32022R2399,12016E290,CITES,2022.0,2016.0
32022R2399,32016R0679,CITES,2022.0,2016.0
32022R2399,12016M005,CITES,2022.0,2016.0
32022R2399,32016Q0512(01),CITES,2022.0,2016.0
32022R1107,31998L0079,CITES,2022.0,1998.0
32015D1780,32015D1141,CITES,2015.0,2015.0
32015D1960,32009L0073,CITES,2015.0,2009.0
32015D1960,32009R0713,CITES,2015.0,2009.0
32015D1960,32003L0055,CITES,2015.0,2003.0
32015D1960,32009L0072,CITES,2015.0,2009.0
32016R0679,32016L0680,CITES,2016.0,2016.0
32016R0679,32011L0024,CITES,2016.0,2011.0
32016R0679,32015L1535,CITES,2016.0,2015.0
32016R0679,32008R0765,CITES,2016.0,2008.0
32016R0679,32001R0045,CITES,2016.0,2001.0
32016R0679,12012P/TXT,CITES,2016.0,2012.0
32016R0679,32003H0361,CITES,2016.0,2003.0
32016R0679,32012R1215,CITES,2016.0,2012.0
32016R0679,32008R1338,CITES,2016.0,2008.0
32016R0679,32003L0098,CITES,2016.0,2003.0
32016R0679,12012E338,CITES,2016.0,2012.0
32016R0679,12012P047,CITES,2016.0,2012.0
32016R0679,32002L0058,CITES,2016.0,2002.0
32016R0679,32014R0536,CITES,2016.0,2014.0
32016R0679,32009R0223,CITES,2016.0,2009.0
32015D1320,32005D0718,CITES,2015.0,2005.0
32015D1320,32012R1025,CITES,2015.0,2012.0
32015R0639,32008R1331,CITES,2015.0,2008.0
32017D2116,62011CJ0197,CITES,2017.0,2011.0
32017D2116,61998TJ0128,CITES,2017.0,1998.0
32017D2116,61996CJ0035,CITES,2017.0,1996.0
32017D2116,62011CJ0288,CITES,2017.0,2011.0
32017D2116,61990CJ0179,CITES,2017.0,1990.0
32017D2116,62001CJ0082,CITES,2017.0,2001.0
32017D2116,62008CJ0078,CITES,2017.0,2008.0
32017D2116,62003CJ0088,CITES,2017.0,2003.0
32017D2116,61995CJ0343,CITES,2017.0,1995.0
32017D2116,32013R1315,CITES,2017.0,2013.0
32017D2116,61995CJ0242,CITES,2017.0,1995.0
32017D2116,12016E107,CITES,2017.0,2016.0
32017D2116,61998CJ0083,CITES,2017.0,1998.0
32017D2116,61998CJ0156,CITES,2017.0,1998.0
32017D2116,62000CJ0280,CITES,2017.0,2000.0
32017D2116,12016E106,CITES,2017.0,2016.0
32017D2116,61973CJ0173,CITES,2017.0,1973.0
32017D2116,32011D0519,CITES,2017.0,2011.0
32017D2116,12016E349,CITES,2017.0,2016.0
32017D2116,61998CJ0180,CITES,2017.0,1998.0
32017D2116,62004CJ0222,CITES,2017.0,2004.0
32017D2116,32012D0021,CITES,2017.0,2012.0
32017D2116,61999CJ0143,CITES,2017.0,1999.0
32017D2116,32006L0112,CITES,2017.0,2006.0
32017D2116,62008TJ0443,CITES,2017.0,2008.0
32017D2116,12016E/TXT,CITES,2017.0,2016.0
32017D2116,61985CJ0118,CITES,2017.0,1985.0
32017D2116,61997CJ0006,CITES,2017.0,1997.0
32017D2116,61976CJ0078,CITES,2017.0,1976.0
32017D2116,12016E093,CITES,2017.0,2016.0
32016D1195,12016E101,CITES,2016.0,2016.0
32016D1195,32004L0017,CITES,2016.0,2004.0
32016D1195,31990D0456,CITES,2016.0,1990.0
32016D1195,31997L0067,CITES,2016.0,1997.0
32016D1195,12016E102,CITES,2016.0,2016.0
32016D1195,32008L0006,CITES,2016.0,2008.0
32009L0008,32003R1831,CITES,2009.0,2003.0
32009L0008,31993R0315,CITES,2009.0,1993.0
31974H0165,31972L0166,CITES,1974.0,1972.0
32024R3015,32015R2446,CITES,2024.0,2015.0
32024R3015,32015R2447,CITES,2024.0,2015.0
32024R3015,12016M021,CITES,2024.0,2016.0
32024R3015,32016Q0512(01),CITES,2024.0,2016.0
32024R3015,32022R2065,CITES,2024.0,2022.0
32024R3015,32023R1115,CITES,2024.0,2023.0
32024R3015,32022R2399,CITES,2024.0,2022.0
32024R3015,12016E263,CITES,2024.0,2016.0
32024R3015,32016R0679,CITES,2024.0,2016.0
32024R3015,12016M005,CITES,2024.0,2016.0
32024R3015,32017R0821,CITES,2024.0,2017.0
32024R3015,32024R1252,CITES,2024.0,2024.0
32024R3015,12016E290,CITES,2024.0,2016.0
32024R3015,32023R1542,CITES,2024.0,2023.0
32024R3015,32019R1020,CITES,2024.0,2019.0
32024R1938,32017R0746,CITES,2024.0,2017.0
32024R1938,12016M005,CITES,2024.0,2016.0
32024R1938,32022R2371,CITES,2024.0,2022.0
32024R1938,32014R0536,CITES,2024.0,2014.0
32024R1938,12016E290,CITES,2024.0,2016.0
32024R1938,12016P035,CITES,2024.0,2016.0
32024R1938,32016Q0512(01),CITES,2024.0,2016.0
32024R1938,32006L0086,CITES,2024.0,2006.0
32024R1938,12016P/TXT,CITES,2024.0,2016.0
32024R1938,32022R2372,CITES,2024.0,2022.0
32024R1938,32016R0679,CITES,2024.0,2016.0
32024R1938,32017R0745,CITES,2024.0,2017.0
32024R1938,32010L0053,CITES,2024.0,2010.0
32022R2328,32010R1093,CITES,2022.0,2010.0
32023D0990,32006D0730,CITES,2023.0,2006.0
32024D3096,32022D2445,CITES,2024.0,2022.0
32024D3096,32016D2240,CITES,2024.0,2016.0
32024R2788,32023R2055,CITES,2024.0,2023.0
32024R2788,32006R1907,CITES,2024.0,2006.0
32023R1542,32016R0426,CITES,2023.0,2016.0
32023R1542,32019L0882,CITES,2023.0,2019.0
32023R1542,12016M005,CITES,2023.0,2016.0
32023R1542,32000D0532,CITES,2023.0,2000.0
32023R1542,32017R0746,CITES,2023.0,2017.0
32023R1542,32012R1025,CITES,2023.0,2012.0
32023R1542,32017R0745,CITES,2023.0,2017.0
32023R1542,32014L0025,CITES,2023.0,2014.0
32023R1542,32001L0095,CITES,2023.0,2001.0
32023R1542,32008R0765,CITES,2023.0,2008.0
32023R1542,12016E290,CITES,2023.0,2016.0
32023R1542,32022R2065,CITES,2023.0,2022.0
32023R1542,32008D0768,CITES,2023.0,2008.0
32023R1542,32007R1418,CITES,2023.0,2007.0
32023R1542,32009L0048,CITES,2023.0,2009.0
32023R1542,32016Q0512(01),CITES,2023.0,2016.0
32023R1542,31999L0031,CITES,2023.0,1999.0
32023R1542,32014L0024,CITES,2023.0,2014.0
32023R1542,32006R1907,CITES,2023.0,2006.0
32023R1542,32014L0053,CITES,2023.0,2014.0
32023R1542,32018R0858,CITES,2023.0,2018.0
32023R1542,12016P/TXT,CITES,2023.0,2016.0
32023R1542,32009R1221,CITES,2023.0,2009.0
32023R1542,32008L0068,CITES,2023.0,2008.0
32023R1542,32017R0821,CITES,2023.0,2017.0
32023R1542,32016R0425,CITES,2023.0,2016.0
32011D0519,32006R1998,CITES,2011.0,2006.0
32011D0519,62004CJ0222,CITES,2011.0,2004.0
32021R1971,32010R1093,CITES,2021.0,2010.0
32017R1926,32013R1315,CITES,2017.0,2013.0
32017R1926,32002L0058,CITES,2017.0,2002.0
32017R1926,32001R0045,CITES,2017.0,2001.0
32017R1926,31995L0046,CITES,2017.0,1995.0
32017R1926,32013R0886,CITES,2017.0,2013.0
32017R1926,32016R0679,CITES,2017.0,2016.0
32017R1926,32015R0962,CITES,2017.0,2015.0
32017R1926,32011R0454,CITES,2017.0,2011.0
32017R1926,32003L0098,CITES,2017.0,2003.0
32021R1043,32012R0648,CITES,2021.0,2012.0
32021R2153,32010R1093,CITES,2021.0,2010.0
32021R2153,32013R0575,CITES,2021.0,2013.0
32011R0211,32001R0045,CITES,2011.0,2001.0
32011R0211,12010P/TXT,CITES,2011.0,2010.0
32011R0211,31999D0468,CITES,2011.0,1999.0
32011R0211,31995L0046,CITES,2011.0,1995.0
32021D2293,32016L0681,CITES,2021.0,2016.0
32021D2293,12016E/TXT,CITES,2021.0,2016.0
32021D2293,12016E217,CITES,2021.0,2016.0
32021D2293,12016M/TXT,CITES,2021.0,2016.0
32022R0123,12016E009,CITES,2022.0,2016.0
32022R0123,12016M005,CITES,2022.0,2016.0
32022R0123,32013D1082,CITES,2022.0,2013.0
32022R0123,32018R1046,CITES,2022.0,2018.0
32022R0123,32016R0679,CITES,2022.0,2016.0
32022R0123,12016P035,CITES,2022.0,2016.0
32022R0123,31995R0297,CITES,2022.0,1995.0
32022R0123,32021R0696,CITES,2022.0,2021.0
32022R0123,32021R0522,CITES,2022.0,2021.0
32022R0123,12016P/TXT,CITES,2022.0,2016.0
32022R0123,32017R0745,CITES,2022.0,2017.0
32022R0123,32019L1937,CITES,2022.0,2019.0
32022R0123,32016L0943,CITES,2022.0,2016.0
32022R0123,32021D0929(02),CITES,2022.0,2021.0
32022R0123,32014R0536,CITES,2022.0,2014.0
32022R0123,32017R0746,CITES,2022.0,2017.0
32022R0123,12016E101,CITES,2022.0,2016.0
32022R0975,32009L0065,CITES,2022.0,2009.0
32022R0975,32019R1866,CITES,2022.0,2019.0
32018D0010(01),62002CJ0301,CITES,2018.0,2002.0
32018D0010(01),32014D0017,CITES,2018.0,2014.0
32018D0010(01),32014D0016(01),CITES,2018.0,2014.0
32018D0010(01),32014R0241,CITES,2018.0,2014.0
32018D0010(01),32004D0002,CITES,2018.0,2004.0
32019R2176,32010R1095,CITES,2019.0,2010.0
32019R2176,32010R1093,CITES,2019.0,2010.0
32019R2176,32013R0575,CITES,2019.0,2013.0
32019R2176,32010R1094,CITES,2019.0,2010.0
32021R1901,32009R0223,CITES,2021.0,2009.0
32006D0558,32002L0047,CITES,2006.0,2002.0
32006D0558,32004L0039,CITES,2006.0,2004.0
32006D0558,32004R2182,CITES,2006.0,2004.0
32006D0558,32000D0383,CITES,2006.0,2000.0
32006D0558,32001D0413,CITES,2006.0,2001.0
32006D0558,32000L0012,CITES,2006.0,2000.0
32006D0558,32006L0031,CITES,2006.0,2006.0
32006D0558,32001L0065,CITES,2006.0,2001.0
32006D0558,31998L0078,CITES,2006.0,1998.0
32006D0558,32003L0051,CITES,2006.0,2003.0
32016R1104,12016P007,CITES,2016.0,2016.0
32016R1104,12016P/TXT,CITES,2016.0,2016.0
32016R1104,32012R0650,CITES,2016.0,2012.0
32016R1104,12016P047,CITES,2016.0,2016.0
32016R1104,12016P021,CITES,2016.0,2016.0
32016R1104,12016P017,CITES,2016.0,2016.0
32016R1104,32009R0004,CITES,2016.0,2009.0
32016R1104,12016M005,CITES,2016.0,2016.0
32021D1299,32015R1982,CITES,2021.0,2015.0
32021D1299,32006R1907,CITES,2021.0,2006.0
32021D0014,12016M021,CITES,2021.0,2016.0
32021D0014,32019D0762,CITES,2021.0,2019.0
32013D0355,32012D0332,CITES,2013.0,2012.0
32013D0355,12012M021,CITES,2013.0,2012.0
32024R2981,32016R0679,CITES,2024.0,2016.0
32024R2981,32015R1502,CITES,2024.0,2015.0
32024R2981,32012R1025,CITES,2024.0,2012.0
32024R2981,32002L0058,CITES,2024.0,2002.0
32024R2981,32021H0946,CITES,2024.0,2021.0
32024R2981,32008R0765,CITES,2024.0,2008.0
32024R2981,32019R0881,CITES,2024.0,2019.0
32024R2995,32024H02476,CITES,2024.0,2024.0
32024R2995,32022R1032,CITES,2024.0,2022.0
32024R0900,32002L0058,CITES,2024.0,2002.0
32024R0900,11997D/AFI/DCL/22,CITES,2024.0,1997.0
32024R0900,12016P052,CITES,2024.0,2016.0
32024R0900,32016R0679,CITES,2024.0,2016.0
32024R0900,12016P047,CITES,2024.0,2016.0
32024R0900,12016M004,CITES,2024.0,2016.0
32024R0900,32016Q0512(01),CITES,2024.0,2016.0
32024R0900,12016E290,CITES,2024.0,2016.0
32024R0900,12016P011,CITES,2024.0,2016.0
32024R0900,12016M005,CITES,2024.0,2016.0
32024R0900,12016P/TXT,CITES,2024.0,2016.0
32024R0900,32005L0029,CITES,2024.0,2005.0
32024R0900,12016E057,CITES,2024.0,2016.0
32024R0900,12016E/TXT,CITES,2024.0,2016.0
32024R0900,12016M/TXT,CITES,2024.0,2016.0
32024R0900,12016M002,CITES,2024.0,2016.0
32024R0900,32006L0123,CITES,2024.0,2006.0
32024R0900,32022R2065,CITES,2024.0,2022.0
32024R3210,32016R0679,CITES,2024.0,2016.0
32024R3210,32023D2879,CITES,2024.0,2023.0
32024R3210,32015R2447,CITES,2024.0,2015.0
32024R3210,32023R1773,CITES,2024.0,2023.0
32024R3210,32023R1070,CITES,2024.0,2023.0
32024R3210,32022R2399,CITES,2024.0,2022.0
32024R3014,32023R1617,CITES,2024.0,2023.0
32024R3014,62004TJ0199(01),CITES,2024.0,2004.0
32024R3014,62022TJ0002,CITES,2024.0,2022.0
32013D0488,32001D0264,CITES,2013.0,2001.0
32018R0688,32010R1093,CITES,2018.0,2010.0
32011L0065,32006R1907,CITES,2011.0,2006.0
32011L0065,31998L0079,CITES,2011.0,1998.0
32011L0065,31998L0034,CITES,2011.0,1998.0
32011L0065,32004R0850,CITES,2011.0,2004.0
32011L0065,32008R0765,CITES,2011.0,2008.0
32011L0065,32008D0768,CITES,2011.0,2008.0
32011L0065,32009L0028,CITES,2011.0,2009.0
32011L0065,31993L0042,CITES,2011.0,1993.0
32011L0065,32003Q1231(01),CITES,2011.0,2003.0
32020D2253,12016A/TXT,CITES,2020.0,2016.0
32020D2253,32020D2252,CITES,2020.0,2020.0
32015R1014,32010R1071,CITES,2015.0,2010.0
32015R1014,32006R0473,CITES,2015.0,2006.0
32015R1014,32010R0273,CITES,2015.0,2010.0
32015R1014,32010R0590,CITES,2015.0,2010.0
32025D0397,62011CJ0072,CITES,2025.0,2011.0
32025D0397,32014D0512,CITES,2025.0,2014.0
31991L0672,11957E148,CITES,1991.0,1957.0
32021R0451,32019R0630,CITES,2021.0,2019.0
32021R0451,32010R1093,CITES,2021.0,2010.0
32021R0451,32019R2033,CITES,2021.0,2019.0
32021R0451,32016R0101,CITES,2021.0,2016.0
32021R0451,32009L0065,CITES,2021.0,2009.0
32007D0724,12006E/PRO/05,CITES,2007.0,2006.0
32007D0724,32004D0733,CITES,2007.0,2004.0
32020R2007,32018D0607(01),CITES,2020.0,2018.0
32020R2007,32012R0844,CITES,2020.0,2012.0
32020R2007,32020R1740,CITES,2020.0,2020.0
32020R1677,32006R1907,CITES,2020.0,2006.0
32020R1677,32020R1676,CITES,2020.0,2020.0
32020R1677,32017R0542,CITES,2020.0,2017.0
32021R1122,32019R2175,CITES,2021.0,2019.0
32016R0161,32014R0536,CITES,2016.0,2014.0
32016R0161,32012R0520,CITES,2016.0,2012.0
32019D0021(01),32003R1745,CITES,2019.0,2003.0
32019D0021(01),31998R2533,CITES,2019.0,1998.0
32019D0021(01),32013R1075,CITES,2019.0,2013.0
32019D0021(01),32014O0060,CITES,2019.0,2014.0
32019D0021(01),32013R1071,CITES,2019.0,2013.0
32019D0021(01),32017R2402,CITES,2019.0,2017.0
32024R2747,32016R0426,CITES,2024.0,2016.0
32024R2747,32015L1535,CITES,2024.0,2015.0
32024R2747,32013D1313,CITES,2024.0,2013.0
32024R2747,32014L0034,CITES,2024.0,2014.0
32024R2747,32022R2371,CITES,2024.0,2022.0
32024R2747,32014L0035,CITES,2024.0,2014.0
32024R2747,32014L0025,CITES,2024.0,2014.0
32024R2747,32016R0679,CITES,2024.0,2016.0
32024R2747,32015D0444,CITES,2024.0,2015.0
32024R2747,32016R0425,CITES,2024.0,2016.0
32024R2747,12016P047,CITES,2024.0,2016.0
32024R2747,12016M/TXT,CITES,2024.0,2016.0
32024R2747,32015R0479,CITES,2024.0,2015.0
32024R2747,32006L0042,CITES,2024.0,2006.0
32024R2747,12016E291,CITES,2024.0,2016.0
32024R2747,32014L0029,CITES,2024.0,2014.0
32024R2747,32003H0361,CITES,2024.0,2003.0
32024R2747,12016M005,CITES,2024.0,2016.0
32024R2747,12016P017,CITES,2024.0,2016.0
32024R2747,12016P007,CITES,2024.0,2016.0
32024R2747,32022R2370,CITES,2024.0,2022.0
32024R2747,32014L0053,CITES,2024.0,2014.0
32024R2747,32014L0024,CITES,2024.0,2014.0
32024R2747,32014L0033,CITES,2024.0,2014.0
32024R2747,12016E339,CITES,2024.0,2016.0
32024R2747,12016E/TXT,CITES,2024.0,2016.0
32024R2747,32006L0123,CITES,2024.0,2006.0
32024R2747,32002L0058,CITES,2024.0,2002.0
32024R2747,32016R0399,CITES,2024.0,2016.0
32024R2747,32022R2372,CITES,2024.0,2022.0
32024R2747,32023R1781,CITES,2024.0,2023.0
32024R2747,32011R0305,CITES,2024.0,2011.0
32024R2747,12016P016,CITES,2024.0,2016.0
32024R2747,12016P008,CITES,2024.0,2016.0
32024R2747,32023R1230,CITES,2024.0,2023.0
32024R2747,32024R1252,CITES,2024.0,2024.0
32024R2747,12016P/TXT,CITES,2024.0,2016.0
32024R2747,32014L0030,CITES,2024.0,2014.0
32024R2747,32022R0123,CITES,2024.0,2022.0
32013R0346,32010R1095,CITES,2013.0,2010.0
32013R0346,32001R0045,CITES,2013.0,2001.0
32013R0346,32003L0071,CITES,2013.0,2003.0
32013R0346,31995L0046,CITES,2013.0,1995.0
32013R0346,32004L0039,CITES,2013.0,2004.0
32008E0851,12006E/PRO/22,CITES,2008.0,2006.0
32008E0851,12006E/PRO/05,CITES,2008.0,2006.0
32008E0851,32001D0264,CITES,2008.0,2001.0
32008E0851,32004D0338,CITES,2008.0,2004.0
32008E0851,32007D0384,CITES,2008.0,2007.0
32024D3006,32013D0730,CITES,2024.0,2013.0
32024D3006,32019D2111,CITES,2024.0,2019.0
32024D3006,32016D2356,CITES,2024.0,2016.0
31997D0521,31973L0023,CITES,1997.0,1973.0
31997D0521,31989L0336,CITES,1997.0,1989.0
32025R0457,32015R0416,CITES,2025.0,2015.0
32025R0457,32006R1907,CITES,2025.0,2006.0
32023R2779,32012R0648,CITES,2023.0,2012.0
32023R2779,32010R1093,CITES,2023.0,2010.0
32023R2779,32017R1131,CITES,2023.0,2017.0
32023R2779,32009L0065,CITES,2023.0,2009.0
32023R2779,32013R0231,CITES,2023.0,2013.0
32023R2779,32009L0138,CITES,2023.0,2009.0
32016R1646,32004L0039,CITES,2016.0,2004.0
32016R1646,32010R1095,CITES,2016.0,2010.0
32016R1646,32012R0648,CITES,2016.0,2012.0
32023R0915,32004R0852,CITES,2023.0,2004.0
32018D1305,32006R1907,CITES,2018.0,2006.0
32011D0048,32009D0395,CITES,2011.0,2009.0
32011D0048,32007D0226,CITES,2011.0,2007.0
32011D0048,32003R2032,CITES,2011.0,2003.0
32011D0048,31998L0008,CITES,2011.0,1998.0
32009R1221,32005L0029,CITES,2009.0,2005.0
32009R1221,32006R1893,CITES,2009.0,2006.0
32009R1221,32002D1600,CITES,2009.0,2002.0
32009R1221,31999D0468,CITES,2009.0,1999.0
32009R1221,32003H0361,CITES,2009.0,2003.0
32009R1221,32008R0765,CITES,2009.0,2008.0
32024D1274,32015R1222,CITES,2024.0,2015.0
32024D1274,12016E349,CITES,2024.0,2016.0
32024R3199,32009R1107,CITES,2024.0,2009.0
32024R3199,32006R1907,CITES,2024.0,2006.0
32024R3199,32019R1021,CITES,2024.0,2019.0
32024L2839,32014D0287,CITES,2024.0,2014.0
32024L2839,12016M005,CITES,2024.0,2016.0
32024D0817,32017R0746,CITES,2024.0,2017.0
32024D0817,31998L0079,CITES,2024.0,1998.0
32024D0817,32017R0745,CITES,2024.0,2017.0
32025D0543,32024D2035,CITES,2025.0,2024.0
32015R2446,32006L0112,CITES,2015.0,2006.0
32015R2446,32015R2447,CITES,2015.0,2015.0
32015R2446,12007L/TXT,CITES,2015.0,2007.0
32015R2446,32008L0118,CITES,2015.0,2008.0
32013D1386,32009L0028,CITES,2013.0,2009.0
32013D1386,32002D1600,CITES,2013.0,2002.0
32013D1386,32000L0060,CITES,2013.0,2000.0
32013D1386,32008L0056,CITES,2013.0,2008.0
32013Y0425(01),32006L0048,CITES,2013.0,2006.0
32013Y0425(01),31994L0019,CITES,2013.0,1994.0
32013Y0425(01),32008R1126,CITES,2013.0,2008.0
32021R2178,32009L0138,CITES,2021.0,2009.0
32021R2178,32013R0575,CITES,2021.0,2013.0
32021R2178,32021R2139,CITES,2021.0,2021.0
32021R2178,32009L0065,CITES,2021.0,2009.0
32015R2205,32013R0575,CITES,2015.0,2013.0
32015R2205,32010R1095,CITES,2015.0,2010.0
32015R2205,32009L0065,CITES,2015.0,2009.0
32019R2013,32017R0745,CITES,2019.0,2017.0
32019R2013,32012R1025,CITES,2019.0,2012.0
32019R2013,31990L0385,CITES,2019.0,1990.0
32019R2013,31998L0079,CITES,2019.0,1998.0
32019R2013,32017R0746,CITES,2019.0,2017.0
32019R2013,31993L0042,CITES,2019.0,1993.0
32019R2022,32014L0053,CITES,2019.0,2014.0
32019R2022,32014L0035,CITES,2019.0,2014.0
32019R2022,32012R1025,CITES,2019.0,2012.0
32019R2022,32017R1369,CITES,2019.0,2017.0
32019R2022,32006L0042,CITES,2019.0,2006.0
32023D0272,32019R0881,CITES,2023.0,2019.0
32020D2188,12016E/PRO/22,CITES,2020.0,2016.0
32020D2188,12016M/PRO/22,CITES,2020.0,2016.0
32020R0784,32019D0639,CITES,2020.0,2019.0
32020R0784,32006R1907,CITES,2020.0,2006.0
32007E0338,32006E0787,CITES,2007.0,2006.0
32013R0606,32003R2201,CITES,2013.0,2003.0
32013R0606,32003R0008,CITES,2013.0,2003.0
32013R0606,32012L0029,CITES,2013.0,2012.0
32013R0606,32001R0045,CITES,2013.0,2001.0
32013R0606,32011L0099,CITES,2013.0,2011.0
32022R1288,32009L0138,CITES,2022.0,2009.0
32022R1288,32010R1094,CITES,2022.0,2010.0
32022R1288,32007L0036,CITES,2022.0,2007.0
32022R1288,32017R2402,CITES,2022.0,2017.0
32022R1288,32013R0575,CITES,2022.0,2013.0
32022R1288,32021R2178,CITES,2022.0,2021.0
32022R1288,32021R2139,CITES,2022.0,2021.0
32022R1288,32010R1095,CITES,2022.0,2010.0
32022R1288,32009L0065,CITES,2022.0,2009.0
32022R1288,32010R1093,CITES,2022.0,2010.0
32013R0151,32011R1227,CITES,2013.0,2011.0
32013R0151,32004L0025,CITES,2013.0,2004.0
32013R0151,32010R1095,CITES,2013.0,2010.0
32016R2340,32010R1093,CITES,2016.0,2010.0
32016R2340,32010R1094,CITES,2016.0,2010.0
32016R2340,12016A/PRO/01,CITES,2016.0,2016.0
32016R2340,12016M/PRO/01,CITES,2016.0,2016.0
32016R2340,32010R1095,CITES,2016.0,2010.0
32016R2340,12016E/PRO/01,CITES,2016.0,2016.0
32021L0903,32006R1907,CITES,2021.0,2006.0
32013L0048,12012P047,CITES,2013.0,2012.0
32013L0048,32009G1204(01),CITES,2013.0,2009.0
32013L0048,32002F0584,CITES,2013.0,2002.0
32013L0048,32012L0013,CITES,2013.0,2012.0
32016D0120,32011D1130(02),CITES,2016.0,2011.0
32015R0909,62010CJ0512,CITES,2015.0,2010.0
32024R1789,32009L0073,CITES,2024.0,2009.0
32024R1789,12016E101,CITES,2024.0,2016.0
32024R1789,32024L1788,CITES,2024.0,2024.0
32024R1789,32023R2405,CITES,2024.0,2023.0
32024R1789,12016E215,CITES,2024.0,2016.0
32024R1789,32023R1805,CITES,2024.0,2023.0
32024R1789,32003L0055,CITES,2024.0,2003.0
32024R1789,32022R2576,CITES,2024.0,2022.0
32024R1789,12016E107,CITES,2024.0,2016.0
32024R1789,32016R0679,CITES,2024.0,2016.0
32024R1789,32024R1787,CITES,2024.0,2024.0
32024R1789,32023L2413,CITES,2024.0,2023.0
32024R1789,32003L0087,CITES,2024.0,2003.0
32024R1789,32012R1025,CITES,2024.0,2012.0
32024R1789,32018L2001,CITES,2024.0,2018.0
32024R1789,32016Q0512(01),CITES,2024.0,2016.0
32024R1789,12016E291,CITES,2024.0,2016.0
32024R1789,12016M029,CITES,2024.0,2016.0
32024R1789,12016E102,CITES,2024.0,2016.0
32024R1789,32021R1153,CITES,2024.0,2021.0
32024R1789,12016M005,CITES,2024.0,2016.0
32024R1789,32018R1046,CITES,2024.0,2018.0
32024R1789,32017R0459,CITES,2024.0,2017.0
32024R1789,12016E290,CITES,2024.0,2016.0
32024R1789,32021R1119,CITES,2024.0,2021.0
32013D0044,32011D0483,CITES,2013.0,2011.0
32013D0044,32011D0292,CITES,2013.0,2011.0
32013D0044,32012D0173,CITES,2013.0,2012.0
32008L0048,32000X1218(01),CITES,2008.0,2000.0
32014D0276,32012D0243,CITES,2014.0,2012.0
32020Q1222(01),32020R2094,CITES,2020.0,2020.0
32020Q1222(01),32020R2093,CITES,2020.0,2020.0
32020Q1222(01),12016M/TXT,CITES,2020.0,2016.0
32020Q1222(01),12016E/TXT,CITES,2020.0,2016.0
32020Q1222(01),12016M041,CITES,2020.0,2016.0
32020Q1222(01),12016E312,CITES,2020.0,2016.0
32020Q1222(01),32018R1046,CITES,2020.0,2018.0
32020Q1222(01),32020D2053,CITES,2020.0,2020.0
32020Q1222(01),12016E314,CITES,2020.0,2016.0
32022D0173,32012D0243,CITES,2022.0,2012.0
32023R1529,32016R0679,CITES,2023.0,2016.0
32023R1529,32014D0512,CITES,2023.0,2014.0
32023R1529,32014R0833,CITES,2023.0,2014.0
32023R1529,32023D0432,CITES,2023.0,2023.0
32023R1529,32014R0269,CITES,2023.0,2014.0
32023R1529,32022D2432,CITES,2023.0,2022.0
32023R1529,32021R0821,CITES,2023.0,2021.0
32023R1529,12016E/TXT,CITES,2023.0,2016.0
32016R1608,32010R1093,CITES,2016.0,2010.0
32016R1608,32012R1255,CITES,2016.0,2012.0
32005D0849,32003D0564,CITES,2005.0,2003.0
32023D0672,32020D1015,CITES,2023.0,2020.0
32023D0672,32013R0575,CITES,2023.0,2013.0
32023D0672,62002CJ0301,CITES,2023.0,2002.0
32023D0672,32004D0002,CITES,2023.0,2004.0
32023D0672,61985CJ0005,CITES,2023.0,1985.0
32023D0672,32014D0016(01),CITES,2023.0,2014.0
32016R0709,32010R1093,CITES,2016.0,2010.0
32020R0857,32005C0295,CITES,2020.0,2005.0
32020R0857,32018L1972,CITES,2020.0,2018.0
32013R1153,32013D0659,CITES,2013.0,2013.0
32016R1649,32013R1315,CITES,2016.0,2013.0
32016R1649,62014CJ0286,CITES,2016.0,2014.0
32024L1799,32006L0112,CITES,2024.0,2006.0
32024L1799,12016E290,CITES,2024.0,2016.0
32024L1799,12016P047,CITES,2024.0,2016.0
32024L1799,12016P016,CITES,2024.0,2016.0
32024L1799,32023R1542,CITES,2024.0,2023.0
32024L1799,32019L0882,CITES,2024.0,2019.0
32024L1799,32005L0029,CITES,2024.0,2005.0
32024L1799,12016P026,CITES,2024.0,2016.0
32024L1799,12016E/TXT,CITES,2024.0,2016.0
32024L1799,12016M/TXT,CITES,2024.0,2016.0
32024L1799,32008R0593,CITES,2024.0,2008.0
32024L1799,32006L0123,CITES,2024.0,2006.0
32024L1799,12016M005,CITES,2024.0,2016.0
32024L1799,32016Q0512(01),CITES,2024.0,2016.0
31999D0847,31998D0022,CITES,1999.0,1998.0
31999D0847,31999Y0618(02),CITES,1999.0,1999.0
31999D0847,31999D0468,CITES,1999.0,1999.0
32024L2841,12016P026,CITES,2024.0,2016.0
32024L2841,12016E290,CITES,2024.0,2016.0
32024L2841,32004L0113,CITES,2024.0,2004.0
32024L2841,32004R0883,CITES,2024.0,2004.0
32024L2841,12016E/TXT,CITES,2024.0,2016.0
32024L2841,12016M/TXT,CITES,2024.0,2016.0
32024L2841,12016M005,CITES,2024.0,2016.0
32024L2841,32019L0882,CITES,2024.0,2019.0
32024L2841,32016L2102,CITES,2024.0,2016.0
32024L2841,12016E057,CITES,2024.0,2016.0
32024L2841,32000L0078,CITES,2024.0,2000.0
32024L2841,32016R0679,CITES,2024.0,2016.0
32024L2841,31999L0062,CITES,2024.0,1999.0
32024L2841,32017C1213(01),CITES,2024.0,2017.0
32024L2841,32016Q0512(01),CITES,2024.0,2016.0
32024L2841,32000L0043,CITES,2024.0,2000.0
32024L2841,12016P/TXT,CITES,2024.0,2016.0
32016D0418,32013R0390,CITES,2016.0,2013.0
32016D0418,32014D0132,CITES,2016.0,2014.0
32016D0418,32004R0549,CITES,2016.0,2004.0
32014R0909,62001CJ0338,CITES,2014.0,2001.0
32014R0909,32010R1092,CITES,2014.0,2010.0
32014R0909,32001R0045,CITES,2014.0,2001.0
32014R0909,32010L0078,CITES,2014.0,2010.0
32014R0909,32014R0909,CITES,2014.0,2014.0
32014R0909,32003L0087,CITES,2014.0,2003.0
32014R0909,32010R1095,CITES,2014.0,2010.0
32014R0909,32012R0648,CITES,2014.0,2012.0
32014R0909,32005L0060,CITES,2014.0,2005.0
32014R0909,32014L0059,CITES,2014.0,2014.0
32014R0909,32013R0575,CITES,2014.0,2013.0
32014R0909,32014R0600,CITES,2014.0,2014.0
32014R0909,32010R1093,CITES,2014.0,2010.0
32014R0909,31995L0046,CITES,2014.0,1995.0
32014R0909,32006L0070,CITES,2014.0,2006.0
32014R0909,32002L0047,CITES,2014.0,2002.0
32014R0909,32003L0071,CITES,2014.0,2003.0
32015L1535,32001L0095,CITES,2015.0,2001.0
32015L1535,32006R1907,CITES,2015.0,2006.0
32015L1535,32004L0039,CITES,2015.0,2004.0
32015L1535,32000L0012,CITES,2015.0,2000.0
32015L1535,32002L0021,CITES,2015.0,2002.0
32023R1214,12016E/TXT,CITES,2023.0,2016.0
32023R1214,32014L0023,CITES,2023.0,2014.0
32023R1214,32014L0025,CITES,2023.0,2014.0
32023R1214,32014D0512,CITES,2023.0,2014.0
32023R1214,12016P007,CITES,2023.0,2016.0
32023R1214,12016M006,CITES,2023.0,2016.0
32023R1214,32021R0821,CITES,2023.0,2021.0
32023R1214,12016P/TXT,CITES,2023.0,2016.0
32023R1214,32013R0575,CITES,2023.0,2013.0
32023R1214,12016P016,CITES,2023.0,2016.0
32023R1214,32009L0081,CITES,2023.0,2009.0
32023R1214,32002L0059,CITES,2023.0,2002.0
32023R1214,32014R0269,CITES,2023.0,2014.0
32023R1214,12016P011,CITES,2023.0,2016.0
32023R1214,32014L0024,CITES,2023.0,2014.0
32023R1214,12016P017,CITES,2023.0,2016.0
32023R1214,32022R0879,CITES,2023.0,2022.0
32023R1214,32015L0849,CITES,2023.0,2015.0
32017R0579,32014R0285,CITES,2017.0,2014.0
32017R0579,32012R0648,CITES,2017.0,2012.0
32017R0579,32013R0575,CITES,2017.0,2013.0
32017R0579,32010R1095,CITES,2017.0,2010.0
32023R1577,32010R1093,CITES,2023.0,2010.0
32023R1577,32022R2059,CITES,2023.0,2022.0
32014R0153,32011D0101,CITES,2014.0,2011.0
32004R0805,32000X1218(01),CITES,2004.0,2000.0
32004R0805,31999D0468,CITES,2004.0,1999.0
32004R0805,32001R0044,CITES,2004.0,2001.0
32021D2073,32019D2112,CITES,2021.0,2019.0
32021R0697,12016M029,CITES,2021.0,2016.0
32021R0697,32013R0883,CITES,2021.0,2013.0
32021R0697,32021R0695,CITES,2021.0,2021.0
32021R0697,32014L0024,CITES,2021.0,2014.0
32021R0697,12016E215,CITES,2021.0,2016.0
32021R0697,32009L0081,CITES,2021.0,2009.0
32021R0697,12016E218,CITES,2021.0,2016.0
32021R0697,32018R1046,CITES,2021.0,2018.0
32021R0697,32017L1371,CITES,2021.0,2017.0
32021R0697,32016Q0512(01),CITES,2021.0,2016.0
32021R0697,32015D0444,CITES,2021.0,2015.0
32021R0697,12016P/TXT,CITES,2021.0,2016.0
32021R0697,32020Q1222(01),CITES,2021.0,2020.0
32021R0697,32013D0488,CITES,2021.0,2013.0
32021R0697,12016E322,CITES,2021.0,2016.0
32021R0697,32020R2093,CITES,2021.0,2020.0
32021R0697,32021R0523,CITES,2021.0,2021.0
32021R0697,12016M/TXT,CITES,2021.0,2016.0
32021R0697,32013D0755,CITES,2021.0,2013.0
32021R0697,32014L0025,CITES,2021.0,2014.0
32021R0697,12016E290,CITES,2021.0,2016.0
32021R0697,12016E287,CITES,2021.0,2016.0
32021R0697,12016M005,CITES,2021.0,2016.0
32021R0697,32003H0361,CITES,2021.0,2003.0
32007D0565,32003R2032,CITES,2007.0,2003.0
32014D0273,12012E107,CITES,2014.0,2012.0
32014D0273,62000CJ0053,CITES,2014.0,2000.0
32014D0273,61992CJ0278,CITES,2014.0,1992.0
32014D0273,61999CJ0482,CITES,2014.0,1999.0
32014D0273,61997CJ0006,CITES,2014.0,1997.0
32014D0273,62003TJ0068,CITES,2014.0,2003.0
32014D0273,61997CJ0075,CITES,2014.0,1997.0
32014D0273,32004R0794,CITES,2014.0,2004.0
32021L1979,32015L0863,CITES,2021.0,2015.0
32021L1979,32006R1907,CITES,2021.0,2006.0
32022D0461,32021R0836,CITES,2022.0,2021.0
32022R0025,32013R0575,CITES,2022.0,2013.0
32022R0025,32010R1093,CITES,2022.0,2010.0
32022D0448,32004L0017,CITES,2022.0,2004.0
32022D0448,12016E107,CITES,2022.0,2016.0
32022D0448,32012D0021,CITES,2022.0,2012.0
32022D0448,12006E087,CITES,2022.0,2006.0
32022D0448,62018CJ0385,CITES,2022.0,2018.0
32022D0448,12016E174,CITES,2022.0,2016.0
32022D0448,32006L0111,CITES,2022.0,2006.0
32022D0448,61999CJ0205,CITES,2022.0,1999.0
32022D0448,32004L0025,CITES,2022.0,2004.0
32022D0448,61997CJ0075,CITES,2022.0,1997.0
32022D0448,62000CJ0280,CITES,2022.0,2000.0
32022D0448,12006E088,CITES,2022.0,2006.0
32022D0448,61988CJ0303,CITES,2022.0,1988.0
32022D0448,61999TJ0127,CITES,2022.0,1999.0
32022D0448,32004L0018,CITES,2022.0,2004.0
32022D0448,62000CJ0053,CITES,2022.0,2000.0
32022D0448,31999R0659,CITES,2022.0,1999.0
32022D0448,61979CJ0730,CITES,2022.0,1979.0
32022D0448,31986R4055,CITES,2022.0,1986.0
32022D0448,61995TJ0214,CITES,2022.0,1995.0
32022D0448,12016E/TXT,CITES,2022.0,2016.0
32022D0448,32004L0024,CITES,2022.0,2004.0
32022D0448,12016E106,CITES,2022.0,2016.0
32022D0448,32005D0842,CITES,2022.0,2005.0
32022D0448,61987CJ0301,CITES,2022.0,1987.0
32022D0448,61972CJ0070,CITES,2022.0,1972.0
32007D0874,32005R1003,CITES,2007.0,2005.0
32018D1623,32006R1907,CITES,2018.0,2006.0
32024L1785,32016Q0512(01),CITES,2024.0,2016.0
32024L1785,32000L0060,CITES,2024.0,2000.0
32024L1785,32016L0943,CITES,2024.0,2016.0
32024L1785,32024R1787,CITES,2024.0,2024.0
32024L1785,32023R1542,CITES,2024.0,2023.0
32024L1785,32004L0035,CITES,2024.0,2004.0
32024L1785,32013L0030,CITES,2024.0,2013.0
32024L1785,32020L2184,CITES,2024.0,2020.0
32024L1785,32006R1907,CITES,2024.0,2006.0
32024L1785,12016E191,CITES,2024.0,2016.0
32024L1785,12016E101,CITES,2024.0,2016.0
32024L1785,32024R1252,CITES,2024.0,2024.0
32024L1785,31991L0271,CITES,2024.0,1991.0
32024L1785,12016M005,CITES,2024.0,2016.0
32024L1785,12016P035,CITES,2024.0,2016.0
32024L1785,32021R1119,CITES,2024.0,2021.0
32024L1785,32003L0004,CITES,2024.0,2003.0
32024L1785,12016P047,CITES,2024.0,2016.0
32024L1785,32012L0027,CITES,2024.0,2012.0
32024L1785,32003L0087,CITES,2024.0,2003.0
32024L1785,32008R0765,CITES,2024.0,2008.0
32024L1785,32009R1221,CITES,2024.0,2009.0
32006R1923,32002R1774,CITES,2006.0,2002.0
32006R1923,32003D0100,CITES,2006.0,2003.0
32006R1923,31999D0468,CITES,2006.0,1999.0
32023R0840,32010R1095,CITES,2023.0,2010.0
32023R0840,32018R1046,CITES,2023.0,2018.0
32023R0840,32013R0152,CITES,2023.0,2013.0
32023R0840,32012R0648,CITES,2023.0,2012.0
32010D0174,31999Y1009(01),CITES,2010.0,1999.0
32010D0174,61995TJ0011,CITES,2010.0,1995.0
32010D0174,32007D0257,CITES,2010.0,2007.0
32010D0174,31999R0659,CITES,2010.0,1999.0
32010D0174,62001TJ0109,CITES,2010.0,2001.0
32010D0174,12006E087,CITES,2010.0,2006.0
32024D1847,31998D0181,CITES,2024.0,1998.0
32003D0563,11997D/PRO/05,CITES,2003.0,1997.0
32024D2876,32013D0488,CITES,2024.0,2013.0
32024D2876,32022D2243,CITES,2024.0,2022.0
32013R0519,32011R0286,AMENDS,2013.0,2011.0
32013R0519,32012R0555,AMENDS,2013.0,2012.0
32013R0519,32007R1418,AMENDS,2013.0,2007.0
32013R0519,32009D0875,AMENDS,2013.0,2009.0
32013R0519,31998D0500,AMENDS,2013.0,1998.0
32013R0519,31998D0179,AMENDS,2013.0,1998.0
32013R0519,32001D0844,AMENDS,2013.0,2001.0
32013R0519,32012D0620(01),AMENDS,2013.0,2012.0
32022O0987,32017R2402,CITES,2022.0,2017.0
32022O0987,32003R1745,CITES,2022.0,2003.0
32022O0987,32019D0021(01),CITES,2022.0,2019.0
32022O0987,32019R2160,CITES,2022.0,2019.0
32022O0987,32014R0909,CITES,2022.0,2014.0
32022O0987,31999R2157,CITES,2022.0,1999.0
32022O0987,32013R0575,CITES,2022.0,2013.0
32022O0987,32019L2162,CITES,2022.0,2019.0
32022O0987,31998R2532,CITES,2022.0,1998.0
32022O0987,32012O0027,CITES,2022.0,2012.0
32022O0987,32021R0378,CITES,2022.0,2021.0
32019R0291,32012R0844,CITES,2019.0,2012.0
32019R0291,32016D0929(01),CITES,2019.0,2016.0
32003R1831,32003R1830,CITES,2003.0,2003.0
32003R1831,32001L0082,CITES,2003.0,2001.0
32003R1831,31989L0107,CITES,2003.0,1989.0
32003R1831,31996L0023,CITES,2003.0,1996.0
32003R1831,31996L0025,CITES,2003.0,1996.0
32003R1831,31979L0373,CITES,2003.0,1979.0
32003R1831,31995L0069,CITES,2003.0,1995.0
32003R1831,31983L0228,CITES,2003.0,1983.0
32003R1831,31999D0468,CITES,2003.0,1999.0
32000D0122,31998D0387,CITES,2000.0,1998.0
32000D0122,61990CJ0076,CITES,2000.0,1990.0
32000D0122,31998D0388,CITES,2000.0,1998.0
32007D0193,32003H0311,CITES,2007.0,2003.0
32021R0695,32020R2094,CITES,2021.0,2020.0
32021R0695,12016E290,CITES,2021.0,2016.0
32021R0695,32014L0025,CITES,2021.0,2014.0
32021R0695,32013D0755,CITES,2021.0,2013.0
32021R0695,12016E349,CITES,2021.0,2016.0
32021R0695,12016M005,CITES,2021.0,2016.0
32021R0695,12016M002,CITES,2021.0,2016.0
32021R0695,12016M003,CITES,2021.0,2016.0
32021R0695,32003H0361,CITES,2021.0,2003.0
32021R0695,32017L1371,CITES,2021.0,2017.0
32021R0695,32014L0024,CITES,2021.0,2014.0
32021R0695,32020Q1222(01),CITES,2021.0,2020.0
32021R0695,32020C1222(01),CITES,2021.0,2020.0
32021R0695,12016E157,CITES,2021.0,2016.0
32021R0695,12016E322,CITES,2021.0,2016.0
32021R0695,12016E187,CITES,2021.0,2016.0
32021R0695,32018R1046,CITES,2021.0,2018.0
32021R0695,32016Q0512(01),CITES,2021.0,2016.0
32021R0695,32015D0444,CITES,2021.0,2015.0
32021R0695,12016E008,CITES,2021.0,2016.0
32021R0695,12016E185,CITES,2021.0,2016.0
32021R0695,12016P/TXT,CITES,2021.0,2016.0
32021R0695,32006D1982,CITES,2021.0,2006.0
32021R0695,12016E215,CITES,2021.0,2016.0
32021R0695,32013R0883,CITES,2021.0,2013.0
32021R0695,32020R2093,CITES,2021.0,2020.0
32021R0695,32021R0697,CITES,2021.0,2021.0
32021D1440,32020D1016,CITES,2021.0,2020.0
32021D1440,32020D1015,CITES,2021.0,2020.0
32024R2754,32023R1804,CITES,2024.0,2023.0
32024R2754,32018R1046,CITES,2024.0,2018.0
32024R2754,32015R2447,CITES,2024.0,2015.0
32023D1061,12003T003,CITES,2023.0,2003.0
32023D1061,12016E/PRO/22,CITES,2023.0,2016.0
32023D1061,32016R0399,CITES,2023.0,2016.0
32023D1061,32008D0146,CITES,2023.0,2008.0
32023D1061,12016M/PRO/22,CITES,2023.0,2016.0
32023D1061,12012J004,CITES,2023.0,2012.0
32023D1061,12005SA004,CITES,2023.0,2005.0
32023D1061,31999D0437,CITES,2023.0,1999.0
32022R2580,32010R1093,CITES,2022.0,2010.0
32022R2580,32013R0575,CITES,2022.0,2013.0
32022R2580,32001L0024,CITES,2022.0,2001.0
32022R2580,32014L0059,CITES,2022.0,2014.0
32023R2841,12016A/TXT,CITES,2023.0,2016.0
32023R2841,32019R0881,CITES,2023.0,2019.0
32023R2841,32017H1584,CITES,2023.0,2017.0
32023R2841,12016M/TXT,CITES,2023.0,2016.0
32023R2841,12016E312,CITES,2023.0,2016.0
32023R2841,12016E339,CITES,2023.0,2016.0
32023R2841,32018R1046,CITES,2023.0,2018.0
32023R2841,12016M005,CITES,2023.0,2016.0
32023R2841,12016E/TXT,CITES,2023.0,2016.0
32024R2024,32019R1239,CITES,2024.0,2019.0
32024R2024,32024R1157,CITES,2024.0,2024.0
32023R2859,32010R1093,CITES,2023.0,2010.0
32023R2859,32016L0097,CITES,2023.0,2016.0
32023R2859,32004L0025,CITES,2023.0,2004.0
32023R2859,32021R0694,CITES,2023.0,2021.0
32023R2859,32014L0059,CITES,2023.0,2014.0
32023R2859,32017R1131,CITES,2023.0,2017.0
32023R2859,32009R0223,CITES,2023.0,2009.0
32023R2859,32010R1094,CITES,2023.0,2010.0
32023R2859,12016M005,CITES,2023.0,2016.0
32023R2859,32016R0679,CITES,2023.0,2016.0
32023R2859,32019L2162,CITES,2023.0,2019.0
32023R2859,12016E290,CITES,2023.0,2016.0
32023R2859,32019L2034,CITES,2023.0,2019.0
32023R2859,32016Q0512(01),CITES,2023.0,2016.0
32023R2859,32014R0600,CITES,2023.0,2014.0
32023R2859,32009L0138,CITES,2023.0,2009.0
32023R2859,32016L2341,CITES,2023.0,2016.0
32023R2859,32023R1114,CITES,2023.0,2023.0
32023R2859,32010R1095,CITES,2023.0,2010.0
32023R2859,32014R0910,CITES,2023.0,2014.0
32023R2859,32019R2033,CITES,2023.0,2019.0
32023R2859,12016E291,CITES,2023.0,2016.0
32023R2859,32014R0537,CITES,2023.0,2014.0
32023R2859,32013R0575,CITES,2023.0,2013.0
32023R2859,32023L2864,CITES,2023.0,2023.0
32023R2859,32023R2631,CITES,2023.0,2023.0
32023R2859,32007L0036,CITES,2023.0,2007.0
32014D0641,32010D0267,CITES,2014.0,2010.0
32014D0641,32012D0243,CITES,2014.0,2012.0
32006L0123,32002L0083,CITES,2006.0,2002.0
32006L0123,32002L0020,CITES,2006.0,2002.0
32006L0123,32002L0058,CITES,2006.0,2002.0
32006L0123,31998L0005,CITES,2006.0,1998.0
32006L0123,31977L0388,CITES,2006.0,1977.0
32006L0123,31977L0249,CITES,2006.0,1977.0
32006L0123,31971R1408,CITES,2006.0,1971.0
32006L0123,31999D0468,CITES,2006.0,1999.0
32006L0123,31999L0093,CITES,2006.0,1999.0
32006L0123,32002L0019,CITES,2006.0,2002.0
32006L0123,32003R0859,CITES,2006.0,2003.0
32006L0123,32003Q1231(01),CITES,2006.0,2003.0
32006L0123,32002L0022,CITES,2006.0,2002.0
32006L0123,31995L0046,CITES,2006.0,1995.0
32006L0123,32006L0048,CITES,2006.0,2006.0
32006L0123,32005L0029,CITES,2006.0,2005.0
32006L0123,31997L0067,CITES,2006.0,1997.0
32006L0123,32003L0055,CITES,2006.0,2003.0
32006L0123,32002L0021,CITES,2006.0,2002.0
32006L0123,31973L0239,CITES,2006.0,1973.0
32006L0123,32003L0054,CITES,2006.0,2003.0
32006L0123,32000X1218(01),CITES,2006.0,2000.0
32006L0123,32004L0018,CITES,2006.0,2004.0
32006L0123,32004R2006,CITES,2006.0,2004.0
32019R1140,32013R1306,CITES,2019.0,2013.0
32019R1140,32018R1046,CITES,2019.0,2018.0
32019R1140,32013R1305,CITES,2019.0,2013.0
32012R0412,32007R1451,CITES,2012.0,2007.0
32012R0412,31998L0008,CITES,2012.0,1998.0
32012R0412,32001L0095,CITES,2012.0,2001.0
32014D0485,12012M021,CITES,2014.0,2012.0
32014R0241,32006L0049,CITES,2014.0,2006.0
32014R0241,32007L0064,CITES,2014.0,2007.0
32014R0241,32009L0065,CITES,2014.0,2009.0
32014R0241,32006L0048,CITES,2014.0,2006.0
32014R0241,32009L0138,CITES,2014.0,2009.0
32014R0241,32010R1093,CITES,2014.0,2010.0
32014R0241,31986L0635,CITES,2014.0,1986.0
32011R0454,32001L0016,CITES,2011.0,2001.0
32011R0454,32007R1371,CITES,2011.0,2007.0
32011R0454,32004R0881,CITES,2011.0,2004.0
32021R1751,32010R1093,CITES,2021.0,2010.0
32013R0944,32006R1907,CITES,2013.0,2006.0
32013R0944,31999L0045,CITES,2013.0,1999.0
32013R0944,31967L0548,CITES,2013.0,1967.0
32013R0944,32013R0487,CITES,2013.0,2013.0
32013R0944,32008L0068,CITES,2013.0,2008.0
32008L0006,32006L0123,CITES,2008.0,2006.0
32008L0006,31995L0046,CITES,2008.0,1995.0
32008L0006,32003Q1231(01),CITES,2008.0,2003.0
32008L0006,31999D0468,CITES,2008.0,1999.0
32020R2093,12016E314,CITES,2020.0,2016.0
32020R2093,12020W/TXT,CITES,2020.0,2020.0
32020R2093,12016M/TXT,CITES,2020.0,2016.0
32020R2093,32018R1046,CITES,2020.0,2018.0
32020R2093,12016E/TXT,CITES,2020.0,2016.0
32020R2093,32003R0001,CITES,2020.0,2003.0
32006R0561,31999D0468,CITES,2006.0,1999.0
32006R0561,32003L0059,CITES,2006.0,2003.0
32006R0561,31997L0067,CITES,2006.0,1997.0
31998L0005,11992E052,CITES,1998.0,1992.0
31998L0005,11992E007A,CITES,1998.0,1992.0
31998L0005,11992E003,CITES,1998.0,1992.0
31998L0005,31977L0249,CITES,1998.0,1977.0
31998L0005,31989L0048,CITES,1998.0,1989.0
31997L0009,31989L0646,CITES,1997.0,1989.0
31997L0009,31994L0019,CITES,1997.0,1994.0
31997L0009,31992L0030,CITES,1997.0,1992.0
31997L0009,31991L0308,CITES,1997.0,1991.0
31997L0009,31977L0780,CITES,1997.0,1977.0
32024L1640,32021R1060,CITES,2024.0,2021.0
32024L1640,32014L0059,CITES,2024.0,2014.0
32024L1640,32012R0267,CITES,2024.0,2012.0
32024L1640,32018L1673,CITES,2024.0,2018.0
32024L1640,12016E226,CITES,2024.0,2016.0
32024L1640,32016D0849,CITES,2024.0,2016.0
32024L1640,32016L0680,CITES,2024.0,2016.0
32024L1640,12016E290,CITES,2024.0,2016.0
32024L1640,32014R0909,CITES,2024.0,2014.0
32024L1640,32016R0679,CITES,2024.0,2016.0
32024L1640,32016Q0512(01),CITES,2024.0,2016.0
32024L1640,12016E215,CITES,2024.0,2016.0
32024L1640,12016P/TXT,CITES,2024.0,2016.0
32024L1640,32015L2366,CITES,2024.0,2015.0
32024L1640,32009D0316,CITES,2024.0,2009.0
32024L1640,32014R0537,CITES,2024.0,2014.0
32024L1640,32014L0092,CITES,2024.0,2014.0
32024L1640,12016M005,CITES,2024.0,2016.0
32024L1640,62020CJ0037,CITES,2024.0,2020.0
32024L1640,32014R0910,CITES,2024.0,2014.0
32024L1640,32024R1620,CITES,2024.0,2024.0
32024L1640,12016E291,CITES,2024.0,2016.0
32024L1640,32016L0681,CITES,2024.0,2016.0
32024R2473,32015L0849,CITES,2024.0,2015.0
32024R3137,32023R2691,CITES,2024.0,2023.0
32024R3137,32007R0235,CITES,2024.0,2007.0
32024R3137,32006R1543,CITES,2024.0,2006.0
32024R3137,32020R0736,CITES,2024.0,2020.0
32024R3137,32010R0590,CITES,2024.0,2010.0
32024R2977,32024R2977,CITES,2024.0,2024.0
32024R2977,32021H0946,CITES,2024.0,2021.0
32024R2977,32002L0058,CITES,2024.0,2002.0
32024R2977,32024R2982,CITES,2024.0,2024.0
32024R2977,32016R0679,CITES,2024.0,2016.0
32024R2977,32015R1502,CITES,2024.0,2015.0
32012R0272,32010R1095,CITES,2012.0,2010.0
32020R2081,32017R0745,CITES,2020.0,2017.0
32020R2081,32001L0095,CITES,2020.0,2001.0
32008R1336,32006R1907,CITES,2008.0,2006.0
32008R1336,31967L0548,CITES,2008.0,1967.0
32008R1336,31999L0045,CITES,2008.0,1999.0
32009D1005,32009D0407,CITES,2009.0,2009.0
32006L0046,32003Q1231(01),CITES,2006.0,2003.0
32006L0046,32000X1218(01),CITES,2006.0,2000.0
32021R2325,32021D0689,CITES,2021.0,2021.0
32013D0329,32006D1982,CITES,2013.0,2006.0
32013D0329,32002L0058,CITES,2013.0,2002.0
32013D0329,32001R0045,CITES,2013.0,2001.0
32013D0329,31995L0046,CITES,2013.0,1995.0
32013D0329,32001D0844,CITES,2013.0,2001.0
32022R0365,32019L0879,CITES,2022.0,2019.0
32022R0365,32010R1093,CITES,2022.0,2010.0
31988Y1027(01),31975L0405,CITES,1988.0,1975.0
31988Y1027(01),31975L0404,CITES,1988.0,1975.0
31993Y0120(03),11951K056,CITES,1993.0,1951.0
32002L0059,31999D0468,CITES,2002.0,1999.0
32002L0059,11997E005,CITES,2002.0,1997.0
32025R0675,32017D1474,CITES,2025.0,2017.0
32021D1115(01),32015D0444,CITES,2021.0,2015.0
32021D1115(01),12016E101,CITES,2021.0,2016.0
32021D1115(01),12016E339,CITES,2021.0,2016.0
32021D1115(01),12016M/TXT,CITES,2021.0,2016.0
32021D1115(01),32013D1313,CITES,2021.0,2013.0
32021D1115(01),12016E039,CITES,2021.0,2016.0
32021D1115(01),12016E/TXT,CITES,2021.0,2016.0
32025R0392,32013R0575,CITES,2025.0,2013.0
32025R0392,32021R0821,CITES,2025.0,2021.0
32025R0392,32014R0909,CITES,2025.0,2014.0
32025R0392,32015L0849,CITES,2025.0,2015.0
32025R0392,32024L1226,CITES,2025.0,2024.0
32025R0392,12016E/TXT,CITES,2025.0,2016.0
32025R0392,32018L1673,CITES,2025.0,2018.0
32025R0392,32012D0642,CITES,2025.0,2012.0
32023R0650,32006R1907,CITES,2023.0,2006.0
32022R2579,32022R2580,CITES,2022.0,2022.0
32022R2579,32013R0575,CITES,2022.0,2013.0
32022R2579,32010R1093,CITES,2022.0,2010.0
32017R1379,32006R1907,CITES,2017.0,2006.0
32014R0183,32010R1093,CITES,2014.0,2010.0
32024R1610,32014L0094,CITES,2024.0,2014.0
32024R1610,32023R1804,CITES,2024.0,2023.0
32024R1610,32016Q0512(01),CITES,2024.0,2016.0
32024R1610,32014L0024,CITES,2024.0,2014.0
32024R1610,32014L0025,CITES,2024.0,2014.0
32024R1610,32018L2001,CITES,2024.0,2018.0
32024R1610,12016E290,CITES,2024.0,2016.0
32024R1610,32023R1542,CITES,2024.0,2023.0
32024R1610,32014L0023,CITES,2024.0,2014.0
32024R1610,12016M005,CITES,2024.0,2016.0
32024R1610,32021R1119,CITES,2024.0,2021.0
32024R1610,32003L0087,CITES,2024.0,2003.0
32018L0843,12016P016,CITES,2018.0,2016.0
32018L0843,32014R0910,CITES,2018.0,2014.0
32018L0843,12016P007,CITES,2018.0,2016.0
32018L0843,32001R0045,CITES,2018.0,2001.0
32018L0843,32016R0679,CITES,2018.0,2016.0
32018L0843,12016P/TXT,CITES,2018.0,2016.0
32018L0843,32015R0847,CITES,2018.0,2015.0
32018L0843,32016L0680,CITES,2018.0,2016.0
32018L0843,12016M005,CITES,2018.0,2016.0
32018L0843,32015L2366,CITES,2018.0,2015.0
32018L0843,32012R0260,CITES,2018.0,2012.0
32018L0843,12016P008,CITES,2018.0,2016.0
32019L1833,32009L0041,CITES,2019.0,2009.0
32019L1833,32017C1213(01),CITES,2019.0,2017.0
32019L1833,31989L0391,CITES,2019.0,1989.0
32014D0198,32008E0851,CITES,2014.0,2008.0
32003D0777,31998Y0302(04),CITES,2003.0,1998.0
32020Q0902(01),12016M/TXT,CITES,2020.0,2016.0
32020Q0902(01),32002L0058,CITES,2020.0,2002.0
32020Q0902(01),12016E/TXT,CITES,2020.0,2016.0
31999D0201,31972L0462,CITES,1999.0,1972.0
32024D1339,32023D2498,CITES,2024.0,2023.0
32024R2745,32017R0745,CITES,2024.0,2017.0
32023D0810,32022D1971,CITES,2023.0,2022.0
32023D0810,32022D1285,CITES,2023.0,2022.0
32025L0025,32014R0910,CITES,2025.0,2014.0
32025L0025,12016M005,CITES,2025.0,2016.0
32025L0025,32016L2102,CITES,2025.0,2016.0
32025L0025,31986L0635,CITES,2025.0,1986.0
32025L0025,32016Q0512(01),CITES,2025.0,2016.0
32025L0025,32016R0679,CITES,2025.0,2016.0
32025L0025,32003H0361,CITES,2025.0,2003.0
32025L0025,32019L0882,CITES,2025.0,2019.0
32025L0025,32018L0843,CITES,2025.0,2018.0
32025L0025,32015R0848,CITES,2025.0,2015.0
32025L0025,32015L0849,CITES,2025.0,2015.0
32014R0515,32008R0767,CITES,2014.0,2008.0
32014R0515,32006R0562,CITES,2014.0,2006.0
32014R0515,31999D0437,CITES,2014.0,1999.0
32014R0515,32014R0513,CITES,2014.0,2014.0
32014R0515,32013Q1220(01),CITES,2014.0,2013.0
32014R0515,32008D0146,CITES,2014.0,2008.0
32014R0515,32012R0966,CITES,2014.0,2012.0
32019R1239,32016Q0512(01),CITES,2019.0,2016.0
32019R1239,12016E290,CITES,2019.0,2016.0
32019R1239,32002L0059,CITES,2019.0,2002.0
32019R1239,32001R0045,CITES,2019.0,2001.0
32019R1239,32016R0679,CITES,2019.0,2016.0
32019R1239,32014R0910,CITES,2019.0,2014.0
32003L0040,31998L0083,CITES,2003.0,1998.0
32000L0082,31995D0276,CITES,2000.0,1995.0
32000L0082,31991L0414,CITES,2000.0,1991.0
32015D0047,32013D0001(01),CITES,2015.0,2013.0
31986R4055,11957E003,CITES,1986.0,1957.0
31986R4055,11957E057,CITES,1986.0,1957.0
31986R4055,31986R4058,CITES,1986.0,1986.0
31986R4055,31977D0587,CITES,1986.0,1977.0
32018R1108,32007L0064,CITES,2018.0,2007.0
32018R1108,32010R1094,CITES,2018.0,2010.0
32018R1108,32010R1095,CITES,2018.0,2010.0
32018R1108,32010R1093,CITES,2018.0,2010.0
32015D0347,32013R0390,CITES,2015.0,2013.0
32015D0347,32014D0132,CITES,2015.0,2014.0
32022D1024,32006D0730,CITES,2022.0,2006.0
32024R1739,32014R0909,CITES,2024.0,2014.0
32024R1739,32024D1738,CITES,2024.0,2024.0
32024R1739,12016E/TXT,CITES,2024.0,2016.0
32024R1739,62011CJ0072,CITES,2024.0,2011.0
32024R1739,32024L1226,CITES,2024.0,2024.0
32024R1469,12016P052,CITES,2024.0,2016.0
32024R1469,32022D0335,CITES,2024.0,2022.0
32024R1469,32014R0909,CITES,2024.0,2014.0
32024R1469,32014D0512,CITES,2024.0,2014.0
32024R1469,32018R1046,CITES,2024.0,2018.0
32024R1469,12016P017,CITES,2024.0,2016.0
32024R1469,12016E/TXT,CITES,2024.0,2016.0
32024R2982,32024R2982,CITES,2024.0,2024.0
32024R2982,32002L0058,CITES,2024.0,2002.0
32024R2982,32016R0679,CITES,2024.0,2016.0
32024R2982,32015R1502,CITES,2024.0,2015.0
32024R2982,32024R2977,CITES,2024.0,2024.0
32024R2982,32021H0946,CITES,2024.0,2021.0
32025D0381,32022R2554,CITES,2025.0,2022.0
32007D0257,31999Y1009(01),CITES,2007.0,1999.0
32016R0056,32008R1331,CITES,2016.0,2008.0
32023D1410,32017R0746,CITES,2023.0,2017.0
32023D1410,32017R0745,CITES,2023.0,2017.0
32023D1410,31990L0385,CITES,2023.0,1990.0
32023D1410,31993L0042,CITES,2023.0,1993.0
32000Y0628(01),31999Y0803(01),CITES,2000.0,1999.0
32000Y1002(01),31999Y1203(02),CITES,2000.0,1999.0
32000Y1002(01),11997E104,CITES,2000.0,1997.0
32000Y1002(01),31999R1265,CITES,2000.0,1999.0
32000Y1002(01),11992E130D,CITES,2000.0,1992.0
32000Y1002(01),31993R0792,CITES,2000.0,1993.0
32000Y1002(01),31994R1164,CITES,2000.0,1994.0
32003G0724(01),32000X1218(01),CITES,2003.0,2000.0
32003G0724(01),12002E,CITES,2003.0,2002.0
32003G0724(01),32000L0078,CITES,2003.0,2000.0
32003G0724(01),12002E013,CITES,2003.0,2002.0
32024R1107,32024R1109,CITES,2024.0,2024.0
32024R1107,32023R0203,CITES,2024.0,2023.0
32024R1107,32019R0945,CITES,2024.0,2019.0
32020R2221,32020R0558,CITES,2020.0,2020.0
32020R2221,32013R1301,CITES,2020.0,2013.0
32020R2221,32018R1046,CITES,2020.0,2018.0
32020R2221,12016M005,CITES,2020.0,2016.0
32020R2221,12016P/TXT,CITES,2020.0,2016.0
32020R2221,12020W/TXT,CITES,2020.0,2020.0
32020R2221,32020R2094,CITES,2020.0,2020.0
32007L0036,32003Q1231(01),CITES,2007.0,2003.0
32007L0036,32004L0039,CITES,2007.0,2004.0
32007L0036,32004L0025,CITES,2007.0,2004.0
32007L0036,31985L0611,CITES,2007.0,1985.0
32021R0378,31998R2533,CITES,2021.0,1998.0
32021R0378,32012O0027,CITES,2021.0,2012.0
32021R0378,32014O0060,CITES,2021.0,2014.0
32021R0378,32019R2033,CITES,2021.0,2019.0
32021R0378,32013R0575,CITES,2021.0,2013.0
32021R0378,32021R0379,CITES,2021.0,2021.0
32021R0378,32001L0024,CITES,2021.0,2001.0
32013R1409,32009R0924,CITES,2013.0,2009.0
32013R1409,32007O0009,CITES,2013.0,2007.0
32013R1409,32007L0064,CITES,2013.0,2007.0
32014R0334,32003R1831,CITES,2014.0,2003.0
32014R0334,32006R1907,CITES,2014.0,2006.0
32014R0334,31998L0008,CITES,2014.0,1998.0
32019D0784,32007D0131,CITES,2019.0,2007.0
32019D0784,32018L1972,CITES,2019.0,2018.0
32019D0784,32004D0545,CITES,2019.0,2004.0
32022R1104,32003R1831,CITES,2022.0,2003.0
32022R1104,32009R1069,CITES,2022.0,2009.0
32012R0946,12010P041,CITES,2012.0,2010.0
32012R0946,32011R0513,CITES,2012.0,2011.0
32012R0946,32003R0001,CITES,2012.0,2003.0
32012R0946,32010R1095,CITES,2012.0,2010.0
32021D0173,32006D0973,CITES,2021.0,2006.0
32021D0173,12016E299,CITES,2021.0,2016.0
32021D0173,32006R1934,CITES,2021.0,2006.0
32021D0173,32013D0743,CITES,2021.0,2013.0
32021D0173,32013R1293,CITES,2021.0,2013.0
32021D0173,32006R1638,CITES,2021.0,2006.0
32021D0173,32006D0964,CITES,2021.0,2006.0
32021D0173,32014R0652,CITES,2021.0,2014.0
32021D0173,32009R1221,CITES,2021.0,2009.0
32021D0173,32017R1953,CITES,2021.0,2017.0
32021D0173,32014R0375,CITES,2021.0,2014.0
32021D0173,31968R0259,CITES,2021.0,1968.0
32021D0173,32014R0282,CITES,2021.0,2014.0
32021D0173,32008D0376,CITES,2021.0,2008.0
32021D0173,32006D0971,CITES,2021.0,2006.0
32021D0173,32006R1085,CITES,2021.0,2006.0
32021D0173,32014R0447,CITES,2021.0,2014.0
32021D0173,32013R1316,CITES,2021.0,2013.0
32021D0173,32019R0856,CITES,2021.0,2019.0
32021D0173,32018R1475,CITES,2021.0,2018.0
32021D0173,32006D1719,CITES,2021.0,2006.0
32021D0173,32006R1905,CITES,2021.0,2006.0
32021D0173,32018R1046,CITES,2021.0,2018.0
32021D0173,32014R0254,CITES,2021.0,2014.0
32021D0173,32013R1291,CITES,2021.0,2013.0
32021D0173,32013R1295,CITES,2021.0,2013.0
32021D0173,32006D1720,CITES,2021.0,2006.0
32021D0173,32014R0234,CITES,2021.0,2014.0
32021D0173,31992R0443,CITES,2021.0,1992.0
32021D0173,32013R1287,CITES,2021.0,2013.0
32021D0173,32008D1298,CITES,2021.0,2008.0
32021D0173,32014R1144,CITES,2021.0,2014.0
32021D0173,32006D1718,CITES,2021.0,2006.0
32021D0173,32009D1041,CITES,2021.0,2009.0
32021D0173,32014R0233,CITES,2021.0,2014.0
32021D0173,32006D1904,CITES,2021.0,2006.0
32021D0173,32006D0974,CITES,2021.0,2006.0
32021D0173,32014R0390,CITES,2021.0,2014.0
32021D0173,32014R0232,CITES,2021.0,2014.0
32021D0173,32006D0972,CITES,2021.0,2006.0
32021D0173,32006D1855,CITES,2021.0,2006.0
32021D0173,32013R1288,CITES,2021.0,2013.0
32024D0633,32022D1908,CITES,2024.0,2022.0
32005D0303,32002R1490,CITES,2005.0,2002.0
32019L2177,32010R1094,CITES,2019.0,2010.0
32019L2177,32010R1093,CITES,2019.0,2010.0
32019L2177,32010R1095,CITES,2019.0,2010.0
32019L2177,32014R0600,CITES,2019.0,2014.0
32019L2177,32016R0679,CITES,2019.0,2016.0
32011R0234,32008R1332,CITES,2011.0,2008.0
32021R0023,12016E108,CITES,2021.0,2016.0
32021R0023,12016E218,CITES,2021.0,2016.0
32021R0023,12016E290,CITES,2021.0,2016.0
32021R0023,32010R1094,CITES,2021.0,2010.0
32021R0023,32019L2162,CITES,2021.0,2019.0
32021R0023,12016P047,CITES,2021.0,2016.0
32021R0023,32013R0575,CITES,2021.0,2013.0
32021R0023,12016E109,CITES,2021.0,2016.0
32021R0023,32010R1093,CITES,2021.0,2010.0
32021R0023,12016E107,CITES,2021.0,2016.0
32021R0023,12016P/TXT,CITES,2021.0,2016.0
32021R0023,12016M005,CITES,2021.0,2016.0
32021R0023,32014R0596,CITES,2021.0,2014.0
32021D1438,32020D1016,CITES,2021.0,2020.0
32021D1438,32020D1015,CITES,2021.0,2020.0
32016R0218,32011D0101,CITES,2016.0,2011.0
32022R2554,32020R1503,CITES,2022.0,2020.0
32022R2554,32010R1095,CITES,2022.0,2010.0
32022R2554,32016L0097,CITES,2022.0,2016.0
32022R2554,32017R2402,CITES,2022.0,2017.0
32022R2554,32016L2341,CITES,2022.0,2016.0
32022R2554,32016Q0512(01),CITES,2022.0,2016.0
32022R2554,32014L0059,CITES,2022.0,2014.0
32022R2554,12016E127,CITES,2022.0,2016.0
32022R2554,32019R0881,CITES,2022.0,2019.0
32022R2554,12016M005,CITES,2022.0,2016.0
32022R2554,32009L0138,CITES,2022.0,2009.0
32022R2554,32016L1148,CITES,2022.0,2016.0
32022R2554,12016E290,CITES,2022.0,2016.0
32022R2554,32015L2366,CITES,2022.0,2015.0
32022R2554,32013R0575,CITES,2022.0,2013.0
32022R2554,32010R1093,CITES,2022.0,2010.0
32022R2554,32010R1094,CITES,2022.0,2010.0
32022R2554,12016E291,CITES,2022.0,2016.0
32022R2554,32009L0065,CITES,2022.0,2009.0
32022R2554,32019R2033,CITES,2022.0,2019.0
32022R2554,32019L2034,CITES,2022.0,2019.0
32022R2554,32016R0679,CITES,2022.0,2016.0
32017R2094,32015L2366,CITES,2017.0,2015.0
32017R2094,31999R2157,CITES,2017.0,1999.0
32017R2094,32013R0575,CITES,2017.0,2013.0
32017R2094,32004L0039,CITES,2017.0,2004.0
32017R2094,32014O0060,CITES,2017.0,2014.0
32017R2094,31998R2532,CITES,2017.0,1998.0
31993Y0323(01),31988R4254,CITES,1993.0,1988.0
31993Y0323(01),31979R0214,CITES,1993.0,1979.0
31993Y0323(01),31978D0174,CITES,1993.0,1978.0
31993Y0323(01),31984R1787,CITES,1993.0,1984.0
31993Y0323(01),11957E003,CITES,1993.0,1957.0
31993Y0323(01),31975R0724,CITES,1993.0,1975.0
31993Y0323(01),31988Y1212(01),CITES,1993.0,1988.0
31993Y0323(01),31987R4070,CITES,1993.0,1987.0
31993Y0323(01),31988R2052,CITES,1993.0,1988.0
31993Y0323(01),31990R3359,CITES,1993.0,1990.0
31993Y0323(01),31988R4253,CITES,1993.0,1988.0
31993Y0323(01),31970R1108,CITES,1993.0,1970.0
31993Y0806(01),31990L0388,CITES,1993.0,1990.0
31993Y0806(01),31992Y0114(01),CITES,1993.0,1992.0
31993Y0806(01),31993Y0106(01),CITES,1993.0,1993.0
31993Y0806(01),31990L0387,CITES,1993.0,1990.0
31989L0391,11957E148,CITES,1989.0,1957.0
31994Y0216(01),31990L0387,CITES,1994.0,1990.0
31994Y0216(01),31992L0044,CITES,1994.0,1992.0
32007D0226,32003R2032,CITES,2007.0,2003.0
32007D0226,32000R1896,CITES,2007.0,2000.0
32023R1114,32019L2034,CITES,2023.0,2019.0
32023R1114,32004R0883,CITES,2023.0,2004.0
32023R1114,32005L0029,CITES,2023.0,2005.0
32023R1114,12016E/PRO/04,CITES,2023.0,2016.0
32023R1114,32019R1238,CITES,2023.0,2019.0
32023R1114,32013R0575,CITES,2023.0,2013.0
32023R1114,12016E263,CITES,2023.0,2016.0
32023R1114,12016E127,CITES,2023.0,2016.0
32023R1114,32022R2554,CITES,2023.0,2022.0
32023R1114,31997L0009,CITES,2023.0,1997.0
32023R1114,32014R0596,CITES,2023.0,2014.0
32023R1114,12016E290,CITES,2023.0,2016.0
32023R1114,32015L2366,CITES,2023.0,2015.0
32023R1114,32016L2341,CITES,2023.0,2016.0
32023R1114,32015L0849,CITES,2023.0,2015.0
32023R1114,32002L0047,CITES,2023.0,2002.0
32023R1114,32014L0059,CITES,2023.0,2014.0
32023R1114,32016Q0512(01),CITES,2023.0,2016.0
32023R1114,32009L0065,CITES,2023.0,2009.0
32023R1114,12016M/PRO/04,CITES,2023.0,2016.0
32023R1114,32010R1094,CITES,2023.0,2010.0
32023R1114,32019R2033,CITES,2023.0,2019.0
32023R1114,32016R0679,CITES,2023.0,2016.0
32023R1114,32014R0909,CITES,2023.0,2014.0
32023R1114,32009L0138,CITES,2023.0,2009.0
32023R1114,32017R2402,CITES,2023.0,2017.0
32023R1114,32017R1131,CITES,2023.0,2017.0
32023R1114,12016E291,CITES,2023.0,2016.0
32023R1114,32021R0023,CITES,2023.0,2021.0
32023R1114,12016M005,CITES,2023.0,2016.0
32023R1114,32014L0092,CITES,2023.0,2014.0
32023R1114,32008L0048,CITES,2023.0,2008.0
32011D1104,32010R0912,CITES,2011.0,2010.0
32011D1104,31995L0046,CITES,2011.0,1995.0
32011D1104,32001D0844,CITES,2011.0,2001.0
32011D1104,32008R0683,CITES,2011.0,2008.0
32011D1104,32011D0292,CITES,2011.0,2011.0
32011D1104,32009R0428,CITES,2011.0,2009.0
32011D1104,32002L0058,CITES,2011.0,2002.0
32019R0881,12016E228,CITES,2019.0,2016.0
32019R0881,31968R0259,CITES,2019.0,1968.0
32019R0881,32008R1007,CITES,2019.0,2008.0
32019R0881,31999Q0531,CITES,2019.0,1999.0
32019R0881,12016E339,CITES,2019.0,2016.0
32019R0881,32003H0361,CITES,2019.0,2003.0
32019R0881,12016E263,CITES,2019.0,2016.0
32019R0881,32002L0058,CITES,2019.0,2002.0
32019R0881,32011R0580,CITES,2019.0,2011.0
32019R0881,32017H1584,CITES,2019.0,2017.0
32019R0881,32018R1046,CITES,2019.0,2018.0
32019R0881,32013R1271,CITES,2019.0,2013.0
32019R0881,32015L1535,CITES,2019.0,2015.0
32019R0881,32004R0460,CITES,2019.0,2004.0
32019R0881,12016E/PRO/07,CITES,2019.0,2016.0
32019R0881,12016E314,CITES,2019.0,2016.0
32019R0881,12016M005,CITES,2019.0,2016.0
32019R0881,32016L1148,CITES,2019.0,2016.0
32019R0881,12016M/PRO/07,CITES,2019.0,2016.0
32019R0881,12016E218,CITES,2019.0,2016.0
32019R0881,32015D0444,CITES,2019.0,2015.0
32019R0881,32014L0024,CITES,2019.0,2014.0
32019R0881,32012R1025,CITES,2019.0,2012.0
32019R0881,32014R0910,CITES,2019.0,2014.0
32019R0881,32013R0883,CITES,2019.0,2013.0
32019R0881,32018L1972,CITES,2019.0,2018.0
32019R0881,31958R0001,CITES,2019.0,1958.0
32019R0881,32016R0679,CITES,2019.0,2016.0
32019R0881,32008R0765,CITES,2019.0,2008.0
32008D0137,61995TJ0011,CITES,2008.0,1995.0
32008D0137,61997TJ0296,CITES,2008.0,1997.0
32008D0137,61999CJ0482,CITES,2008.0,1999.0
32020L0262,32015R2447,CITES,2020.0,2015.0
32020L0262,32016Q0512(01),CITES,2020.0,2016.0
32020L0262,12016E290,CITES,2020.0,2016.0
32020L0262,12016E349,CITES,2020.0,2016.0
32020L0262,32015R2446,CITES,2020.0,2015.0
32020L0262,12016E355,CITES,2020.0,2016.0
32020L0262,12016E/TXT,CITES,2020.0,2016.0
32020L0262,12016M005,CITES,2020.0,2016.0
32012H0148,32002L0058,CITES,2012.0,2002.0
32012H0148,32009L0072,CITES,2012.0,2009.0
32012H0148,32009L0073,CITES,2012.0,2009.0
32012H0148,31995L0046,CITES,2012.0,1995.0
32007D0026,32004R0853,CITES,2007.0,2004.0
32015D1208,32014L0059,CITES,2015.0,2014.0
32015D1208,32013D0236,CITES,2015.0,2013.0
32015D1208,32014D0169,CITES,2015.0,2014.0
32015R2013,32010R1094,CITES,2015.0,2010.0
32015D1470,61992CJ0278,CITES,2015.0,1992.0
32015D1470,12012E107,CITES,2015.0,2012.0
32015D1470,31999R0659,CITES,2015.0,1999.0
32015D1470,32012R1219,CITES,2015.0,2012.0
32015D1470,62004CJ0148,CITES,2015.0,2004.0
32015D1470,61991CJ0225,CITES,2015.0,1991.0
32015D1470,32004R0794,CITES,2015.0,2004.0
32015D1470,62000CJ0280,CITES,2015.0,2000.0
32015D1470,62003TJ0068,CITES,2015.0,2003.0
32015D1470,61979CJ0730,CITES,2015.0,1979.0
32015D1470,61998CJ0180,CITES,2015.0,1998.0
32015D1470,62008CJ0279,CITES,2015.0,2008.0
32015D1470,62004CJ0222,CITES,2015.0,2004.0
32015D1470,61994CJ0039,CITES,2015.0,1994.0
32015D1470,62006CJ0487,CITES,2015.0,2006.0
32015D1470,61996CJ0342,CITES,2015.0,1996.0
32015D1470,61997CJ0075,CITES,2015.0,1997.0
32015D1470,61972CJ0070,CITES,2015.0,1972.0
32015D1470,61997TJ0298,CITES,2015.0,1997.0
32008R1332,32004R0882,CITES,2008.0,2004.0
32008R1332,31989R0396,CITES,2008.0,1989.0
32008R1332,32008R1331,CITES,2008.0,2008.0
32008R1332,31999R0468,CITES,2008.0,1999.0
32008R1332,31995L0002,CITES,2008.0,1995.0
32008R1332,32003R1830,CITES,2008.0,2003.0
32020R1229,32020R1224,CITES,2020.0,2020.0
32020R1229,32020R1227,CITES,2020.0,2020.0
32020R1229,32020R1225,CITES,2020.0,2020.0
32020R1229,32010R1095,CITES,2020.0,2010.0
32020R1229,32012R0648,CITES,2020.0,2012.0
32021D1428,61996TJ0214,CITES,2021.0,1996.0
32021D1428,62013TJ0305,CITES,2021.0,2013.0
32021D1428,62009CJ0106,CITES,2021.0,2009.0
32021D1428,61977CJ0082,CITES,2021.0,1977.0
32021D1428,62011CJ0288,CITES,2021.0,2011.0
32021D1428,62008TJ0443,CITES,2021.0,2008.0
32021D1428,12006E088,CITES,2021.0,2006.0
32021D1428,61998TJ0128,CITES,2021.0,1998.0
32021D1428,61994TJ0358,CITES,2021.0,1994.0
32021D1428,61999CJ0482,CITES,2021.0,1999.0
32021D1428,62018CJ0244,CITES,2021.0,2018.0
32021D1428,62007CJ0113,CITES,2021.0,2007.0
32021D1428,32018D0628,CITES,2021.0,2018.0
32021D1428,62003CJ0172,CITES,2021.0,2003.0
32021D1428,32003R0622,CITES,2021.0,2003.0
32021D1428,61989CJ0305,CITES,2021.0,1989.0
32021D1428,61991CJ0159,CITES,2021.0,1991.0
32021D1428,62014CJ0524,CITES,2021.0,2014.0
32021D1428,61995TJ0214,CITES,2021.0,1995.0
32021D1428,61992CJ0364,CITES,2021.0,1992.0
32021D1428,62008TJ0267,CITES,2021.0,2008.0
32021D1428,12016E107,CITES,2021.0,2016.0
32021D1428,61985CJ0040,CITES,2021.0,1985.0
32021D1428,32006R0562,CITES,2021.0,2006.0
32021D1428,12005S/ACT,CITES,2021.0,2005.0
32021D1428,61987CJ0030,CITES,2021.0,1987.0
32021D1428,62014TJ0423,CITES,2021.0,2014.0
32021D1428,61998CJ0083,CITES,2021.0,1998.0
32021D1428,62010CJ0124,CITES,2021.0,2010.0
32021D1428,62006CJ0206,CITES,2021.0,2006.0
32021D1428,61985CJ0118,CITES,2021.0,1985.0
32021D1428,61979CJ0730,CITES,2021.0,1979.0
32021D1428,61997TJ0296,CITES,2021.0,1997.0
32021D1428,61984CJ0248,CITES,2021.0,1984.0
32021D1428,61990CJ0041,CITES,2021.0,1990.0
32021D1428,62001CJ0082,CITES,2021.0,2001.0
32021D1428,32002R2320,CITES,2021.0,2002.0
32021D1428,62014CJ0015,CITES,2021.0,2014.0
32021D1428,61996CJ0035,CITES,2021.0,1996.0
32021D1428,62000TJ0092,CITES,2021.0,2000.0
32021D1428,61991CJ0225,CITES,2021.0,1991.0
32017D0552,32015D1056,CITES,2017.0,2015.0
32017D0552,32014D0132,CITES,2017.0,2014.0
32019R1238,12016P/TXT,CITES,2019.0,2016.0
32019R1238,12016P025,CITES,2019.0,2016.0
32019R1238,32016R0679,CITES,2019.0,2016.0
32019R1238,12016E/TXT,CITES,2019.0,2016.0
32019R1238,32002L0058,CITES,2019.0,2002.0
32019R1238,12016M/TXT,CITES,2019.0,2016.0
32019R1238,32010R1095,CITES,2019.0,2010.0
32019R1238,32009L0138,CITES,2019.0,2009.0
32019R1238,32013R0575,CITES,2019.0,2013.0
32019R1238,32009L0065,CITES,2019.0,2009.0
32019R1238,12016E291,CITES,2019.0,2016.0
32019R1238,12016M005,CITES,2019.0,2016.0
32019R1238,32014R1286,CITES,2019.0,2014.0
32019R1238,32016L0097,CITES,2019.0,2016.0
32019R1238,32010R1093,CITES,2019.0,2010.0
32019R1238,32010R1094,CITES,2019.0,2010.0
32019R1238,32016L2341,CITES,2019.0,2016.0
32019R1238,32016Q0512(01),CITES,2019.0,2016.0
32019R1238,32015L0849,CITES,2019.0,2015.0
32019R1238,12016E290,CITES,2019.0,2016.0
32021R0821,32015D0444,CITES,2021.0,2015.0
32021R0821,32009R0223,CITES,2021.0,2009.0
32021R0821,12016E290,CITES,2021.0,2016.0
32021R0821,32016R0679,CITES,2021.0,2016.0
32021R0821,12016E036,CITES,2021.0,2016.0
32021R0821,12007L/TXT,CITES,2021.0,2007.0
32021R0821,32015R2446,CITES,2021.0,2015.0
32021R0821,32011D1104,CITES,2021.0,2011.0
32021R0821,32016Q0512(01),CITES,2021.0,2016.0
32021R0821,12016A/TXT,CITES,2021.0,2016.0
32021R0821,32015R0479,CITES,2021.0,2015.0
31998H0477,31997L0065,CITES,1998.0,1997.0
31998H0477,11992E100A,CITES,1998.0,1992.0
31999D0574,31999D0573,CITES,1999.0,1999.0
31999D0574,31990L0388,CITES,1999.0,1990.0
31999D0574,31997D0780,CITES,1999.0,1997.0
31998D0365,11992E090,CITES,1998.0,1992.0
31998D0365,61994CJ0039,CITES,1998.0,1994.0
31998D0365,31988L0388,CITES,1998.0,1988.0
32005D0418,31992L0013,CITES,2005.0,1992.0
32005D0418,32000Y0311(03),CITES,2005.0,2000.0
32005D0418,61995TJ0011,CITES,2005.0,1995.0
32005D0418,32004L0017,CITES,2005.0,2004.0
32005D0418,31999Y1009(01),CITES,2005.0,1999.0
32023L1544,32018L1972,CITES,2023.0,2018.0
32023L1544,32006L0123,CITES,2023.0,2006.0
32023L1544,32018R0302,CITES,2023.0,2018.0
32023L1544,31958R0001,CITES,2023.0,1958.0
32023L1544,12016E/TXT,CITES,2023.0,2016.0
32023L1544,32002L0058,CITES,2023.0,2002.0
32023L1544,32014L0041,CITES,2023.0,2014.0
32023L1544,12016M005,CITES,2023.0,2016.0
32023L1544,32012R1215,CITES,2023.0,2012.0
32023L1544,32016R0679,CITES,2023.0,2016.0
32023L1544,32015L1535,CITES,2023.0,2015.0
32000L0060,31999D0468,CITES,2000.0,1999.0
32000L0060,31991L0271,CITES,2000.0,1991.0
32000L0060,31993R0793,CITES,2000.0,1993.0
32000L0060,31991L0414,CITES,2000.0,1991.0
32000L0060,31998L0008,CITES,2000.0,1998.0
32000L0060,31996L0061,CITES,2000.0,1996.0
32020Q0210(01),32016L0680,CITES,2020.0,2016.0
32020Q0210(01),32016R0679,CITES,2020.0,2016.0
32013D0505,31998L0034,CITES,2013.0,1998.0
32022D0339,12016M021,CITES,2022.0,2016.0
32016L2370,32004L0051,CITES,2016.0,2004.0
32016L2370,32007L0058,CITES,2016.0,2007.0
32016L2370,32010L0040,CITES,2016.0,2010.0
32016L2370,32007R1371,CITES,2016.0,2007.0
32016L2370,32016R0919,CITES,2016.0,2016.0
32016L2370,32008D0386,CITES,2016.0,2008.0
32013R0909,31991L0672,CITES,2013.0,1991.0
32011R0286,32006R1907,CITES,2011.0,2006.0
32011R0286,31999L0045,CITES,2011.0,1999.0
32011D0237,32010D0753,CITES,2011.0,2010.0
32023R0894,32010R1094,CITES,2023.0,2010.0
32023R0894,32015R0035,CITES,2023.0,2015.0
32022R2371,32021R1139,CITES,2022.0,2021.0
32022R2371,32016R0679,CITES,2022.0,2016.0
32022R2371,32008R0765,CITES,2022.0,2008.0
32022R2371,32002L0058,CITES,2022.0,2002.0
32022R2371,32018R1046,CITES,2022.0,2018.0
32022R2371,32013R1305,CITES,2022.0,2013.0
32022R2371,32021R0697,CITES,2022.0,2021.0
32022R2371,32021R0695,CITES,2022.0,2021.0
32022R2371,32021R0694,CITES,2022.0,2021.0
32022R2371,31998D2119,CITES,2022.0,1998.0
32022R2371,32021R0522,CITES,2022.0,2021.0
32022R2371,12016E015,CITES,2022.0,2016.0
32022R2371,12016E346,CITES,2022.0,2016.0
32022R2371,32006R1920,CITES,2022.0,2006.0
32022R2371,32013D1313,CITES,2022.0,2013.0
32022R2371,12016P/TXT,CITES,2022.0,2016.0
32022R2371,32015D0444,CITES,2022.0,2015.0
32022R2371,32013D0488,CITES,2022.0,2013.0
32022R2371,12016E/TXT,CITES,2022.0,2016.0
32022R2371,12016A/TXT,CITES,2022.0,2016.0
32022R2371,32022R2372,CITES,2022.0,2022.0
32022R2371,32022R0123,CITES,2022.0,2022.0
32022R2371,32021D0929(02),CITES,2022.0,2021.0
32022R2371,12016M005,CITES,2022.0,2016.0
32022R2371,32017R0746,CITES,2022.0,2017.0
32022R2371,32017R0745,CITES,2022.0,2017.0
32022R2371,12016E290,CITES,2022.0,2016.0
32022R2371,32006R1907,CITES,2022.0,2006.0
32022R2371,32016Q0512(01),CITES,2022.0,2016.0
32022R2371,32015R0479,CITES,2022.0,2015.0
32004R0261,31992R2407,CITES,2004.0,1992.0
32008R0593,12006E/PRO/05,CITES,2008.0,2006.0
32019L1937,32004R0882,CITES,2019.0,2004.0
32019L1937,12016E102,CITES,2019.0,2016.0
32019L1937,12016E106,CITES,2019.0,2016.0
32019L1937,32016L1919,CITES,2019.0,2016.0
32019L1937,12016P007,CITES,2019.0,2016.0
32019L1937,32013L0030,CITES,2019.0,2013.0
32019L1937,32016L0943,CITES,2019.0,2016.0
32019L1937,32013R0575,CITES,2019.0,2013.0
32019L1937,12016E346,CITES,2019.0,2016.0
32019L1937,32001L0095,CITES,2019.0,2001.0
32019L1937,32016L0680,CITES,2019.0,2016.0
32019L1937,12016A/TXT,CITES,2019.0,2016.0
32019L1937,12016E101,CITES,2019.0,2016.0
32019L1937,32016L1148,CITES,2019.0,2016.0
32019L1937,32001R0045,CITES,2019.0,2001.0
32019L1937,32019R1020,CITES,2019.0,2019.0
32019L1937,32014R1286,CITES,2019.0,2014.0
32019L1937,31989L0391,CITES,2019.0,1989.0
32019L1937,12016P048,CITES,2019.0,2016.0
32019L1937,32004R2006,CITES,2019.0,2004.0
32019L1937,32015D0444,CITES,2019.0,2015.0
32019L1937,12016E108,CITES,2019.0,2016.0
32019L1937,32003R0001,CITES,2019.0,2003.0
32019L1937,32012L0013,CITES,2019.0,2012.0
32019L1937,32013R0883,CITES,2019.0,2013.0
32019L1937,32014R0596,CITES,2019.0,2014.0
32019L1937,12016P011,CITES,2019.0,2016.0
32019L1937,32017L1371,CITES,2019.0,2017.0
32019L1937,12016M005,CITES,2019.0,2016.0
32019L1937,12016E049,CITES,2019.0,2016.0
32019L1937,12016P008,CITES,2019.0,2016.0
32019L1937,31968R0259,CITES,2019.0,1968.0
32019L1937,12016P047,CITES,2019.0,2016.0
32019L1937,32013D0488,CITES,2019.0,2013.0
32019L1937,12016P/TXT,CITES,2019.0,2016.0
32019L1937,32016R0679,CITES,2019.0,2016.0
32019L1937,12016E107,CITES,2019.0,2016.0
32023D1304,32023D0577,CITES,2023.0,2023.0
32018D0628,62001CJ0082,CITES,2018.0,2001.0
32018D0628,62003CJ0172,CITES,2018.0,2003.0
32018D0628,61991CJ0159,CITES,2018.0,1991.0
32018D0628,61972CJ0070,CITES,2018.0,1972.0
32018D0628,61998TJ0128,CITES,2018.0,1998.0
32018D0628,61997CJ0075,CITES,2018.0,1997.0
32018D0628,12016E107,CITES,2018.0,2016.0
32018D0628,61973CJ0173,CITES,2018.0,1973.0
32018D0628,12016E/TXT,CITES,2018.0,2016.0
32018D0628,61996CJ0342,CITES,2018.0,1996.0
32018D0628,32005D0842,CITES,2018.0,2005.0
32018D0628,12006E088,CITES,2018.0,2006.0
32018D0628,62004TJ0196,CITES,2018.0,2004.0
32018D0628,62007CJ0113,CITES,2018.0,2007.0
32018D0628,31992R2409,CITES,2018.0,1992.0
32018D0628,61994CJ0244,CITES,2018.0,1994.0
32018D0628,12006E087,CITES,2018.0,2006.0
32018D0628,32011D0060,CITES,2018.0,2011.0
32018D0628,32016D0633,CITES,2018.0,2016.0
32018D0628,61995TJ0214,CITES,2018.0,1995.0
32018D0628,31999R0659,CITES,2018.0,1999.0
32018D0628,61985CJ0040,CITES,2018.0,1985.0
32018D0628,61987CJ0030,CITES,2018.0,1987.0
32018D0628,61994CJ0039,CITES,2018.0,1994.0
32018D0628,31992R2408,CITES,2018.0,1992.0
32018D0628,32008R0271,CITES,2018.0,2008.0
32018D0628,61992CJ0278,CITES,2018.0,1992.0
32018D0628,61996CJ0035,CITES,2018.0,1996.0
32018D0628,32004R0794,CITES,2018.0,2004.0
32018D0628,62011CJ0288,CITES,2018.0,2011.0
32018D0628,61992CJ0364,CITES,2018.0,1992.0
32018D0628,62001TJ0109,CITES,2018.0,2001.0
32018D0628,62008TJ0267,CITES,2018.0,2008.0
32018D0628,61995CJ0343,CITES,2018.0,1995.0
32018D0628,32006L0111,CITES,2018.0,2006.0
32018D0628,62008TJ0443,CITES,2018.0,2008.0
32018D0628,62000CJ0280,CITES,2018.0,2000.0
32018D0628,61989CJ0305,CITES,2018.0,1989.0
32018D0628,61985CJ0118,CITES,2018.0,1985.0
32018D0628,61999CJ0482,CITES,2018.0,1999.0
32018D0628,31992R2407,CITES,2018.0,1992.0
32018D0628,61997TJ0296,CITES,2018.0,1997.0
32018D0628,61990CJ0041,CITES,2018.0,1990.0
32018D0628,61990CJ0364,CITES,2018.0,1990.0
32018D0628,62004CJ0222,CITES,2018.0,2004.0
32018D0628,32004D0393,CITES,2018.0,2004.0
32022D1093,12016M021,CITES,2022.0,2016.0
32022D1093,32021D2136,CITES,2022.0,2021.0
32022R0868,12016P/TXT,CITES,2022.0,2016.0
32022R0868,32016R0679,CITES,2022.0,2016.0
32022R0868,32015L0849,CITES,2022.0,2015.0
32022R0868,32010L0040,CITES,2022.0,2010.0
32022R0868,12016E101,CITES,2022.0,2016.0
32022R0868,12016M005,CITES,2022.0,2016.0
32022R0868,32019R1239,CITES,2022.0,2019.0
32022R0868,12016E102,CITES,2022.0,2016.0
32022R0868,32014R0600,CITES,2022.0,2014.0
32022R0868,32018R1807,CITES,2022.0,2018.0
32022R0868,32020R1056,CITES,2022.0,2020.0
32022R0868,32002L0058,CITES,2022.0,2002.0
32022R0868,32009R0223,CITES,2022.0,2009.0
32022R0868,12016E290,CITES,2022.0,2016.0
32022R0868,32015L2366,CITES,2022.0,2015.0
32022R0868,32003H0361,CITES,2022.0,2003.0
32022R0868,32016Q0512(01),CITES,2022.0,2016.0
32022R0868,32016L2102,CITES,2022.0,2016.0
32022R0868,32016L0680,CITES,2022.0,2016.0
32022R0868,32016L0943,CITES,2022.0,2016.0
32022R0868,32009L0081,CITES,2022.0,2009.0
32022R0868,32011L0024,CITES,2022.0,2011.0
32022R0868,12016E/TXT,CITES,2022.0,2016.0
32022R0868,32019L0882,CITES,2022.0,2019.0
32022R0868,32018R0858,CITES,2022.0,2018.0
32014L0091,32010R1095,CITES,2014.0,2010.0
32014L0091,31997L0009,CITES,2014.0,1997.0
32014L0091,32014R0909,CITES,2014.0,2014.0
32014L0091,32010R1093,CITES,2014.0,2010.0
32014L0091,32001R0045,CITES,2014.0,2001.0
32014L0091,32012R0648,CITES,2014.0,2012.0
32014L0091,32013R0575,CITES,2014.0,2013.0
32003R0001,11997E082,CITES,2003.0,1997.0
32003R0001,32000X1218(01),CITES,2003.0,2000.0
32003R0001,11997E081,CITES,2003.0,1997.0
32020R2223,12016P/TXT,CITES,2020.0,2016.0
32020R2223,32015L0849,CITES,2020.0,2015.0
32020R2223,32016R0679,CITES,2020.0,2016.0
32020R2223,32017L1371,CITES,2020.0,2017.0
32020R2223,12016E/TXT,CITES,2020.0,2016.0
32020R2223,32019L1937,CITES,2020.0,2019.0
32020R2223,32001R0045,CITES,2020.0,2001.0
32020R2223,12016M/TXT,CITES,2020.0,2016.0
32020R2223,32018R1046,CITES,2020.0,2018.0
32020R2223,32013R0608,CITES,2020.0,2013.0
32020R2223,31999Q0531,CITES,2020.0,1999.0
32020R2223,12016M005,CITES,2020.0,2016.0
32023R1773,32015R2446,CITES,2023.0,2015.0
32023R1773,32016R0679,CITES,2023.0,2016.0
32023R1773,32023R1070,CITES,2023.0,2023.0
32023R1773,32018L2001,CITES,2023.0,2018.0
32023R1773,32003L0087,CITES,2023.0,2003.0
32017D0976,12016E102,CITES,2017.0,2016.0
32022R1031,31992L0013,CITES,2022.0,1992.0
32022R1031,12016M021,CITES,2022.0,2016.0
32022R1031,32014L0024,CITES,2022.0,2014.0
32022R1031,12016E/TXT,CITES,2022.0,2016.0
32022R1031,31989L0665,CITES,2022.0,1989.0
32022R1031,12016M005,CITES,2022.0,2016.0
32022R1031,32014L0025,CITES,2022.0,2014.0
32022R1031,32014L0023,CITES,2022.0,2014.0
32022R1031,32014R0654,CITES,2022.0,2014.0
32022R1031,32016Q0512(01),CITES,2022.0,2016.0
32022R1031,32018R1046,CITES,2022.0,2018.0
32022R1031,12016M/TXT,CITES,2022.0,2016.0
32022R1031,32019R1780,CITES,2022.0,2019.0
32017R1380,32006R1907,CITES,2017.0,2006.0
32017R1381,32006R1907,CITES,2017.0,2006.0
32017R1383,32006R1907,CITES,2017.0,2006.0
32017R1382,32017R1379,CITES,2017.0,2017.0
32017R1382,32006R1907,CITES,2017.0,2006.0
31998D0535,31973L0023,CITES,1998.0,1973.0
31998D0535,31989L0336,CITES,1998.0,1989.0
32024L0790,32003L0087,CITES,2024.0,2003.0
32024L0790,32011R1227,CITES,2024.0,2011.0
32024L0790,32021L0338,CITES,2024.0,2021.0
32024L0790,12016M005,CITES,2024.0,2016.0
32024L0790,32019R2033,CITES,2024.0,2019.0
32024L0790,12016E290,CITES,2024.0,2016.0
32024L0790,32010R1095,CITES,2024.0,2010.0
32024L0790,32012R0648,CITES,2024.0,2012.0
32024L0790,32014R0600,CITES,2024.0,2014.0
32015R0001,32010R1095,CITES,2015.0,2010.0
32015R0001,32015R0002,CITES,2015.0,2015.0
32015R0001,32013R0575,CITES,2015.0,2013.0
32015R0001,31983L0349,CITES,2015.0,1983.0
32022R0398,32022D0399,CITES,2022.0,2022.0
32022R0398,32014R0909,CITES,2022.0,2014.0
32019R0618,32006R0473,CITES,2019.0,2006.0
32019R0618,32018R0871,CITES,2019.0,2018.0
32019R0618,32008R1131,CITES,2019.0,2008.0
32024R1679,32020R1056,CITES,2024.0,2020.0
32024R1679,32020R0203,CITES,2024.0,2020.0
32024R1679,32019L0520,CITES,2024.0,2019.0
32024R1679,32019L0883,CITES,2024.0,2019.0
32024R1679,32003L0087,CITES,2024.0,2003.0
32024R1679,12016E174,CITES,2024.0,2016.0
32024R1679,32004R0549,CITES,2024.0,2004.0
32024R1679,32022H0627(04),CITES,2024.0,2022.0
32024R1679,12016E346,CITES,2024.0,2016.0
32024R1679,12016M005,CITES,2024.0,2016.0
32024R1679,31985R2137,CITES,2024.0,1985.0
32024R1679,32016L0797,CITES,2024.0,2016.0
32024R1679,32018R1139,CITES,2024.0,2018.0
32024R1679,32019R1239,CITES,2024.0,2019.0
32024R1679,32021R1119,CITES,2024.0,2021.0
32024R1679,32009D0320,CITES,2024.0,2009.0
32024R1679,12016E004,CITES,2024.0,2016.0
32024R1679,32012L0034,CITES,2024.0,2012.0
32024R1679,32021R0523,CITES,2024.0,2021.0
32024R1679,32000L0060,CITES,2024.0,2000.0
32024R1679,31999L0062,CITES,2024.0,1999.0
32024R1679,12016E189,CITES,2024.0,2016.0
32024R1679,32004R0551,CITES,2024.0,2004.0
32024R1679,32023R1804,CITES,2024.0,2023.0
32024R1679,32010L0040,CITES,2024.0,2010.0
32024R1679,32013R0886,CITES,2024.0,2013.0
32024R1679,31991L0672,CITES,2024.0,1991.0
32024R1679,32023R2405,CITES,2024.0,2023.0
32024R1679,32002L0059,CITES,2024.0,2002.0
32024R1679,32020R0204,CITES,2024.0,2020.0
32024R1679,32006R0561,CITES,2024.0,2006.0
32024R1679,12016M004,CITES,2024.0,2016.0
32024R1679,32019R0452,CITES,2024.0,2019.0
32024R1679,12016E258,CITES,2024.0,2016.0
32024R1679,32016Q0512(01),CITES,2024.0,2016.0
32024R1679,32011L0092,CITES,2024.0,2011.0
32024R1679,32021R0695,CITES,2024.0,2021.0
32024R1679,32016R0399,CITES,2024.0,2016.0
32024R1679,12016E290,CITES,2024.0,2016.0
32017D0938,32017D0939,CITES,2017.0,2017.0
32016D1635,32016D0993,CITES,2016.0,2016.0
32016D1635,12016E/PRO/22,CITES,2016.0,2016.0
32016D1635,12016M/PRO/22,CITES,2016.0,2016.0
32016D1944,32006L0111,CITES,2016.0,2006.0
32016D1944,62004TJ0196,CITES,2016.0,2004.0
32016D1944,31999R0659,CITES,2016.0,1999.0
32016D1944,61998TJ0128,CITES,2016.0,1998.0
32016D1944,32005D0842,CITES,2016.0,2005.0
32016D1944,62000CJ0280,CITES,2016.0,2000.0
32016D1944,62010CJ0124,CITES,2016.0,2010.0
32016D1944,61973CJ0173,CITES,2016.0,1973.0
32016D1944,61997TJ0296,CITES,2016.0,1997.0
32016D1944,12016E106,CITES,2016.0,2016.0
32016D1944,62001CJ0082,CITES,2016.0,2001.0
32016D1944,62003CJ0172,CITES,2016.0,2003.0
32016D1944,61996CJ0342,CITES,2016.0,1996.0
32016D1944,61995TJ0214,CITES,2016.0,1995.0
32016D1944,62007CJ0113,CITES,2016.0,2007.0
32016D1944,61992CJ0364,CITES,2016.0,1992.0
32016D1944,62008TN0455,CITES,2016.0,2008.0
32016D1944,61989CJ0305,CITES,2016.0,1989.0
32016D1944,61995CJ0343,CITES,2016.0,1995.0
32016D1944,61985CJ0040,CITES,2016.0,1985.0
32016D1944,62008TJ0267,CITES,2016.0,2008.0
32016D1944,12016E107,CITES,2016.0,2016.0
32016D1944,61999CJ0482,CITES,2016.0,1999.0
32016D1944,61994CJ0039,CITES,2016.0,1994.0
32016D0007,32015D0017,CITES,2016.0,2015.0
32003H0203,32002L0058,CITES,2003.0,2002.0
32003H0203,32002L0676,CITES,2003.0,2002.0
32003H0203,31997L0066,CITES,2003.0,1997.0
32003H0203,31999L0005,CITES,2003.0,1999.0
32003H0203,32002L0020,CITES,2003.0,2002.0
31997D0310,11992E090,CITES,1997.0,1992.0
31997D0310,31996L0019,CITES,1997.0,1996.0
31997D0310,31992L0044,CITES,1997.0,1992.0
31997D0310,31995L0051,CITES,1997.0,1995.0
31997D0310,31994L0046,CITES,1997.0,1994.0
32023D0231,12016M021,CITES,2023.0,2016.0
32013D0660,32013D0367,CITES,2013.0,2013.0
32025D1039,32024D1688,CITES,2025.0,2024.0
32012D0661,12010E108,BASED_ON,2012.0,2010.0
32018D0607(01),32009R1107,BASED_ON,2018.0,2009.0
31988L0361,11985I063,CITES,1988.0,1985.0
31988L0361,11985I228,CITES,1988.0,1985.0
31988L0361,11985I230,CITES,1988.0,1985.0
31988L0361,11985I225,CITES,1988.0,1985.0
31988L0361,11957E008A,CITES,1988.0,1957.0
31988L0361,11985I232,CITES,1988.0,1985.0
31988L0361,11985I222,CITES,1988.0,1985.0
31988L0361,11985I062,CITES,1988.0,1985.0
31988L0361,11985I065,CITES,1988.0,1985.0
31988L0361,11985I224,CITES,1988.0,1985.0
31988L0361,11985I227,CITES,1988.0,1985.0
31988L0361,11957E008C,CITES,1988.0,1957.0
31988L0361,11985I064,CITES,1988.0,1985.0
31988L0361,11985I229,CITES,1988.0,1985.0
31988L0361,11985I231,CITES,1988.0,1985.0
31988L0361,11985I226,CITES,1988.0,1985.0
31988L0361,11985I061,CITES,1988.0,1985.0
31988L0361,11985I066,CITES,1988.0,1985.0
31988L0361,11985I223,CITES,1988.0,1985.0
32015D1056,32014D0132,CITES,2015.0,2014.0
32015D1056,32013R0390,CITES,2015.0,2013.0
32020R1676,32017R0542,CITES,2020.0,2017.0
32020R1676,32020R1677,CITES,2020.0,2020.0
32008R0767,31999D0437,CITES,2008.0,1999.0
32008R0767,31995L0046,CITES,2008.0,1995.0
32008R0767,31968R0259,CITES,2008.0,1968.0
32008R0767,32002R1605,CITES,2008.0,2002.0
32008R0767,32006R0562,CITES,2008.0,2006.0
32008R0767,32000X1218(01),CITES,2008.0,2000.0
32008R0767,32001R0045,CITES,2008.0,2001.0
32008R0767,12006E/PRO/05,CITES,2008.0,2006.0
32008R0767,31999D0468,CITES,2008.0,1999.0
32010D0237,32009D1005,CITES,2010.0,2009.0
32003G0228(01),32002G0216(02),CITES,2003.0,2002.0
32004G0113(01),32001D0792,CITES,2004.0,2001.0
32004G0113(01),32002D1513,CITES,2004.0,2002.0
32024R2510,12016M/PRO/22,CITES,2024.0,2016.0
32024R2510,32015L2366,CITES,2024.0,2015.0
32024R2510,12016E/PRO/22,CITES,2024.0,2016.0
32024R2510,31999D0437,CITES,2024.0,1999.0
32024R2510,32008D0146,CITES,2024.0,2008.0
32024R2510,12003T003,CITES,2024.0,2003.0
32024R2510,32018R1046,CITES,2024.0,2018.0
32024R0895,32019L0879,CITES,2024.0,2019.0
32024R0895,32013R0575,CITES,2024.0,2013.0
31997D0544,31973L0023,CITES,1997.0,1973.0
31997D0544,31989L0336,CITES,1997.0,1989.0
32024R1774,32010R1095,CITES,2024.0,2010.0
32024R1774,32012R1025,CITES,2024.0,2012.0
32024R1774,32012R0648,CITES,2024.0,2012.0
32024R1774,32019L1937,CITES,2024.0,2019.0
32024R1774,32014R0600,CITES,2024.0,2014.0
32024R1774,32016R0679,CITES,2024.0,2016.0
32024R1774,32024R1772,CITES,2024.0,2024.0
32024R1774,32014R0909,CITES,2024.0,2014.0
32024R1774,32010R1094,CITES,2024.0,2010.0
32024R1774,32010R1093,CITES,2024.0,2010.0
32024D0789,32011L0099,CITES,2024.0,2011.0
32024D0789,32012R0650,CITES,2024.0,2012.0
32024D0789,32016R1104,CITES,2024.0,2016.0
32024D0789,32014L0041,CITES,2024.0,2014.0
32024D0789,32018R1805,CITES,2024.0,2018.0
32024R1328,32017R0746,CITES,2024.0,2017.0
32024R1328,32017R0745,CITES,2024.0,2017.0
32013L0058,31964L0225,CITES,2013.0,1964.0
32013L0058,31988L0357,CITES,2013.0,1988.0
32013L0058,31984L0641,CITES,2013.0,1984.0
32013L0058,32002L0083,CITES,2013.0,2002.0
32013L0058,31987L0344,CITES,2013.0,1987.0
32013L0058,31992L0049,CITES,2013.0,1992.0
32013L0058,31978L0473,CITES,2013.0,1978.0
32013L0058,31973L0239,CITES,2013.0,1973.0
32013L0058,31976L0580,CITES,2013.0,1976.0
32013L0058,32001L0017,CITES,2013.0,2001.0
32013L0058,31998L0078,CITES,2013.0,1998.0
32013L0058,32011L0089,CITES,2013.0,2011.0
32013L0058,32012L0023,CITES,2013.0,2012.0
32013L0058,31973L0240,CITES,2013.0,1973.0
32013L0058,32005L0068,CITES,2013.0,2005.0
31992Y1204(02),31990L0387,CITES,1992.0,1990.0
31992Y1204(02),31990L0388,CITES,1992.0,1990.0
31986Y1209(01),31983R1972,CITES,1986.0,1983.0
31986Y1209(01),31980Y0618(01),CITES,1986.0,1980.0
31986Y1209(01),31975D0510,CITES,1986.0,1975.0
31986Y1209(01),31979D0785,CITES,1986.0,1979.0
31986Y1209(01),31983Y0804(01),CITES,1986.0,1983.0
31986Y1209(01),31985R3640,CITES,1986.0,1985.0
31990Y0707(02),31989Y0511(01),CITES,1990.0,1989.0
32016L1164,32014R0909,CITES,2016.0,2014.0
32016L1164,32004L0039,CITES,2016.0,2004.0
32016L1164,32003L0041,CITES,2016.0,2003.0
32016L1164,12016P008,CITES,2016.0,2016.0
32016L1164,31995L0046,CITES,2016.0,1995.0
32016L1164,32012R0648,CITES,2016.0,2012.0
32016L1164,12016M005,CITES,2016.0,2016.0
32016L1164,32009L0065,CITES,2016.0,2009.0
32016L1164,32001R0045,CITES,2016.0,2001.0
32016L1164,32009L0138,CITES,2016.0,2009.0
32016L1164,32004R0883,CITES,2016.0,2004.0
31999D0498,31998D0515,CITES,1999.0,1998.0
31999D0498,31989L0336,CITES,1999.0,1989.0
31999D0498,31973L0023,CITES,1999.0,1973.0
31999D0498,31999D0310,CITES,1999.0,1999.0
32017R1530,32016D0929(01),CITES,2017.0,2016.0
32017R1530,32012R0844,CITES,2017.0,2012.0
31998D0520,31973L0023,CITES,1998.0,1973.0
31998D0520,31989L0336,CITES,1998.0,1989.0
32018D0496,32009L0072,CITES,2018.0,2009.0
32018D0496,32009L0073,CITES,2018.0,2009.0
32018D0496,32009R0713,CITES,2018.0,2009.0
32023R2083,32010R1093,CITES,2023.0,2010.0
32023R2083,32002L0047,CITES,2023.0,2002.0
32023R2083,32008L0048,CITES,2023.0,2008.0
32023R2083,32017R2402,CITES,2023.0,2017.0
32023R2083,32020R1224,CITES,2023.0,2020.0
32023R2083,32016R0679,CITES,2023.0,2016.0
32023R2083,32020R1225,CITES,2023.0,2020.0
32023R2083,32013R0575,CITES,2023.0,2013.0
31975Y0705(03),31960D0503,CITES,1975.0,1960.0
32014L0042,32013L0048,CITES,2014.0,2013.0
32014L0042,32002F0475,CITES,2014.0,2002.0
32014L0042,32001F0413,CITES,2014.0,2001.0
32014L0042,32012L0013,CITES,2014.0,2012.0
32015A1031(01),32011L0092,CITES,2015.0,2011.0
32015A1031(01),32000L0060,CITES,2015.0,2000.0
32015A1031(01),12012E/TXT,CITES,2015.0,2012.0
32025D0893,32014L0053,CITES,2025.0,2014.0
32023R2529,12016M/TXT,CITES,2023.0,2016.0
32023R2529,12016P/TXT,CITES,2023.0,2016.0
32023R2529,32013H1204(01),CITES,2023.0,2013.0
32023R2529,32022H1215(01),CITES,2023.0,2022.0
32023R2529,32006R1893,CITES,2023.0,2006.0
32023R2529,12016E/TXT,CITES,2023.0,2016.0
32023R2529,32023H0397,CITES,2023.0,2023.0
32024D2521,12016M021,CITES,2024.0,2016.0
32018D0881,12016E191,CITES,2018.0,2016.0
32015D0290,32013R0390,CITES,2015.0,2013.0
32015D0290,32013R0391,CITES,2015.0,2013.0
32015D0290,32011D0121,CITES,2015.0,2011.0
32015D0290,32004R0549,CITES,2015.0,2004.0
32015L0863,32006R1907,CITES,2015.0,2006.0
32022R1032,32017R0459,CITES,2022.0,2017.0
32022R1032,32009L0073,CITES,2022.0,2009.0
32022R1032,12016P017,CITES,2022.0,2016.0
32022R1032,12016E107,CITES,2022.0,2016.0
32022R1032,12016P047,CITES,2022.0,2016.0
32022R1032,32022R0869,CITES,2022.0,2022.0
32022R1032,32008L0114,CITES,2022.0,2008.0
32022R1032,12016P/TXT,CITES,2022.0,2016.0
31999D0833,11992E100A,CITES,1999.0,1992.0
31999D0833,31976L0769,CITES,1999.0,1976.0
31999D0833,31994L0060,CITES,1999.0,1994.0
31999D0833,31994L0069,CITES,1999.0,1994.0
31999D0833,31998L0008,CITES,1999.0,1998.0
31999D0833,31967L0548,CITES,1999.0,1967.0
32025D0779,32025R0041,CITES,2025.0,2025.0
32025D0779,32021R0821,CITES,2025.0,2021.0
32025D0779,12016M021,CITES,2025.0,2016.0
31997D0487,31989L0336,CITES,1997.0,1989.0
31997D0487,31973L0023,CITES,1997.0,1973.0
32024R0912,32010R1095,CITES,2024.0,2010.0
32024R0912,32016R0679,CITES,2024.0,2016.0
32024R0912,12016P/TXT,CITES,2024.0,2016.0
32024R0912,32013R0231,CITES,2024.0,2013.0
32024R0912,32015L0849,CITES,2024.0,2015.0
32024R1106,32016R0679,CITES,2024.0,2016.0
32024R1106,32009R0713,CITES,2024.0,2009.0
32024R1106,32012R0648,CITES,2024.0,2012.0
32024R1106,32009L0073,CITES,2024.0,2009.0
32024R1106,12016E290,CITES,2024.0,2016.0
32024R1106,32009R0714,CITES,2024.0,2009.0
32024R1106,32003L0006,CITES,2024.0,2003.0
32024R1106,32016Q0512(01),CITES,2024.0,2016.0
32024R1106,32014R0600,CITES,2024.0,2014.0
32024R1106,12016P/TXT,CITES,2024.0,2016.0
32024R1106,32009R0715,CITES,2024.0,2009.0
32024R1106,32014R0596,CITES,2024.0,2014.0
32024R1106,32014R1348,CITES,2024.0,2014.0
32024R1106,12016M005,CITES,2024.0,2016.0
32024R1106,32015R1222,CITES,2024.0,2015.0
32024R1106,32008L0048,CITES,2024.0,2008.0
32019L0171,32006R1907,CITES,2019.0,2006.0
31988R4064,31988R0091,CITES,1988.0,1988.0
32024R3190,32006R1907,CITES,2024.0,2006.0
32024R3190,32023R0707,CITES,2024.0,2023.0
32024R3190,32004R0853,CITES,2024.0,2004.0
32024R3190,32003H0361,CITES,2024.0,2003.0
32000E0056,31998E0725,CITES,2000.0,1998.0
32000E0056,31998E0240,CITES,2000.0,1998.0
32008E0307,32006E0242,CITES,2008.0,2006.0
32008E0307,32006E0184,CITES,2008.0,2006.0
32021R2103,12003T003,CITES,2021.0,2003.0
32021R2103,12012J004,CITES,2021.0,2012.0
32021R2103,12016E/PRO/22,CITES,2021.0,2016.0
32021R2103,12016M/PRO/22,CITES,2021.0,2016.0
32021R2103,32019R0817,CITES,2021.0,2019.0
32021R2103,31999D0437,CITES,2021.0,1999.0
32021R2103,12005SA004,CITES,2021.0,2005.0
32021R2103,32016L0680,CITES,2021.0,2016.0
32021R2103,32008D0146,CITES,2021.0,2008.0
32021R2103,32016R0679,CITES,2021.0,2016.0
32022R1929,32010R1095,CITES,2022.0,2010.0
32003L0051,31984L0253,CITES,2003.0,1984.0
32003L0051,32001H0453,CITES,2003.0,2001.0
32003L0051,31993L0022,CITES,2003.0,1993.0
31998L0029,11992E130,CITES,1998.0,1992.0
31998L0029,31973D0391,CITES,1998.0,1973.0
31998L0029,11992E148,CITES,1998.0,1992.0
31998L0029,11992E112,CITES,1998.0,1992.0
31998L0029,31993D0112,CITES,1998.0,1993.0
32023D2817,32020D0138,CITES,2023.0,2020.0
32023D2817,32023D2819,CITES,2023.0,2023.0
32023D2817,32020D0136,CITES,2023.0,2020.0
32017R2069,32012R0844,CITES,2017.0,2012.0
32017R2069,32016D0929(01),CITES,2017.0,2016.0
32018R0682,32008R1331,CITES,2018.0,2008.0
32016R1068,32006R1907,CITES,2016.0,2006.0
32019R0005,12007L/TXT,CITES,2019.0,2007.0
32019R0005,32008R1234,CITES,2019.0,2008.0
32019R0005,32009L0053,CITES,2019.0,2009.0
32019R0005,32013R1271,CITES,2019.0,2013.0
32019R0005,31995R0297,CITES,2019.0,1995.0
32019R0005,12016E290,CITES,2019.0,2016.0
32019R0005,32018R1046,CITES,2019.0,2018.0
32019R0005,32016Q0512(01),CITES,2019.0,2016.0
32019R0005,12016E291,CITES,2019.0,2016.0
32019R0005,32001L0082,CITES,2019.0,2001.0
32015R0035,32013R0346,CITES,2015.0,2013.0
32015R0035,32013R0575,CITES,2015.0,2013.0
32015R0035,32003L0041,CITES,2015.0,2003.0
32015R0035,32006L0065,CITES,2015.0,2006.0
32015R0035,32005L0060,CITES,2015.0,2005.0
32015R0035,32008L0048,CITES,2015.0,2008.0
32015R0035,32007L0046,CITES,2015.0,2007.0
32015R0035,32002L0024,CITES,2015.0,2002.0
32015R0035,32003L0037,CITES,2015.0,2003.0
32011R0142,31976L0768,CITES,2011.0,1976.0
32011R0142,31992L0118,CITES,2011.0,1992.0
32011R0142,31993L0042,CITES,2011.0,1993.0
32011R0142,31996L0023,CITES,2011.0,1996.0
32011R0142,32001L0082,CITES,2011.0,2001.0
32011R0142,31999L0031,CITES,2011.0,1999.0
32011R0142,32004R0853,CITES,2011.0,2004.0
32011R0142,32002R1774,CITES,2011.0,2002.0
32011R0142,31998L0079,CITES,2011.0,1998.0
32011R0142,32004R0882,CITES,2011.0,2004.0
32011R0142,32004D0292,CITES,2011.0,2004.0
32011R0142,32004R0852,CITES,2011.0,2004.0
32011R0142,31990L0385,CITES,2011.0,1990.0
32011R0142,32009R0767,CITES,2011.0,2009.0
32019R0004,32016Q0512(01),CITES,2019.0,2016.0
32019R0004,12016M005,CITES,2019.0,2016.0
32019R0004,32003R1831,CITES,2019.0,2003.0
32019R0004,12016E290,CITES,2019.0,2016.0
32019R0004,32009R0767,CITES,2019.0,2009.0
32013R1305,32013R1303,CITES,2013.0,2013.0
32013R1305,31995L0046,CITES,2013.0,1995.0
32013R1305,32012R0966,CITES,2013.0,2012.0
32013R1305,32009L0128,CITES,2013.0,2009.0
32013R1305,32009R1107,CITES,2013.0,2009.0
32013R1305,32000L0016,CITES,2013.0,2000.0
32013R1305,31998R0994,CITES,2013.0,1998.0
32013R1305,32013R1306,CITES,2013.0,2013.0
32013R1305,32001R0045,CITES,2013.0,2001.0
32013R1305,32006R1085,CITES,2013.0,2006.0
32000Y0209(01),31996L0029,CITES,2000.0,1996.0
32007D0602,12006E/PRO/30,CITES,2007.0,2006.0
32007D0602,32001D0844,CITES,2007.0,2001.0
32007D0602,12006E153,CITES,2007.0,2006.0
32007D0602,32001R0045,CITES,2007.0,2001.0
32016D2240,32014D0485,CITES,2016.0,2014.0
32024O2798,32013R1075,CITES,2024.0,2013.0
32024O2798,31998R2533,CITES,2024.0,1998.0
32024O2798,32021O0827,CITES,2024.0,2021.0
32024O2798,32013O0024,CITES,2024.0,2013.0
32023R2055,32017R0745,CITES,2023.0,2017.0
32023R2055,32019R1009,CITES,2023.0,2019.0
32023R2055,32008L0056,CITES,2023.0,2008.0
32023R2055,32009R1107,CITES,2023.0,2009.0
32023R2055,32022H0614(01),CITES,2023.0,2022.0
31998R2316,31996L0051,CITES,1998.0,1996.0
32024D1336,32024D0632,CITES,2024.0,2024.0
32024D0350,12016E342,CITES,2024.0,2016.0
32024D0350,31958R0001,CITES,2024.0,1958.0
32024D0350,32023D1336,CITES,2024.0,2023.0
32024D0350,32021D0891,CITES,2024.0,2021.0
32003R1882,31999L0031,AMENDS,2003.0,1999.0
32003R1882,31995L0002,AMENDS,2003.0,1995.0
32003R1882,31997L0067,AMENDS,2003.0,1997.0
32003R1882,31993L0005,AMENDS,2003.0,1993.0
32003R1882,31997R0322,AMENDS,2003.0,1997.0
32003R1882,31996L0061,AMENDS,2003.0,1996.0
32003R1882,31999L0002,AMENDS,2003.0,1999.0
32003R1882,31995L0046,AMENDS,2003.0,1995.0
32003R1882,31990L0385,AMENDS,2003.0,1990.0
32003R1882,31989L0107,AMENDS,2003.0,1989.0
32003R1882,31995R2494,AMENDS,2003.0,1995.0
32003R1882,31999D0276,AMENDS,2003.0,1999.0
32003R1882,31990R1588,AMENDS,2003.0,1990.0
32003R1882,31996L0048,AMENDS,2003.0,1996.0
32003R1882,31996L0067,AMENDS,2003.0,1996.0
32003R1882,31991L0675,AMENDS,2003.0,1991.0
32003R1882,31991L0271,AMENDS,2003.0,1991.0
32003R1882,31998D2119,AMENDS,2003.0,1998.0
32003R1882,31975L0442,AMENDS,2003.0,1975.0
32003R1882,31993R0315,AMENDS,2003.0,1993.0
32003R1882,31993L0099,AMENDS,2003.0,1993.0
32003R1882,31999L0045,AMENDS,2003.0,1999.0
32003R1882,31992R2408,AMENDS,2003.0,1992.0
32003R1882,31980L0777,AMENDS,2003.0,1980.0
32003R1882,31996R2232,AMENDS,2003.0,1996.0
32003R1882,31985R3821,AMENDS,2003.0,1985.0
32003R1882,31988L0388,AMENDS,2003.0,1988.0
32003R1882,31994L0035,AMENDS,2003.0,1994.0
32003R1882,31982L0471,AMENDS,2003.0,1982.0
32003R1882,31998L0079,AMENDS,2003.0,1998.0
32003R1882,31999L0005,AMENDS,2003.0,1999.0
32003R1882,31993L0043,AMENDS,2003.0,1993.0
32003R1882,31997R0258,AMENDS,2003.0,1997.0
32003R1882,31993L0042,AMENDS,2003.0,1993.0
32003R1882,31998L0008,AMENDS,2003.0,1998.0
32003R1882,31989L0391,AMENDS,2003.0,1989.0
32003R1882,31996L0082,AMENDS,2003.0,1996.0
32003R1882,31994L0036,AMENDS,2003.0,1994.0
32003R1882,31991L0672,AMENDS,2003.0,1991.0
32003R1882,31990L0219,AMENDS,2003.0,1990.0
32003R1882,31998L0070,AMENDS,2003.0,1998.0
32003R1882,31993R0793,AMENDS,2003.0,1993.0
32003R1882,31997R0058,AMENDS,2003.0,1997.0
32003R1882,31999L0094,AMENDS,2003.0,1999.0
32003R1882,31998L0083,AMENDS,2003.0,1998.0
32024D0461,32013R0575,CITES,2024.0,2013.0
32024D0461,32019L2034,CITES,2024.0,2019.0
32008E0348,32005E0792,CITES,2008.0,2005.0
32019D0762,12016M021,CITES,2019.0,2016.0
32019L0713,32002D0187,CITES,2019.0,2002.0
32019L0713,32015L2366,CITES,2019.0,2015.0
32019L0713,12016P/TXT,CITES,2019.0,2016.0
32019L0713,12016E/PRO/21,CITES,2019.0,2016.0
32019L0713,12016M005,CITES,2019.0,2016.0
32019L0713,32016R0679,CITES,2019.0,2016.0
32019L0713,32016L1148,CITES,2019.0,2016.0
32019L0713,32012L0029,CITES,2019.0,2012.0
32019L0713,12016E/PRO/22,CITES,2019.0,2016.0
32019L0713,12016M/PRO/21,CITES,2019.0,2016.0
32019L0713,12016M/PRO/22,CITES,2019.0,2016.0
32018D2009,12016M021,CITES,2018.0,2016.0
32018D2009,32017D1342,CITES,2018.0,2017.0
32018D2009,32017D2162,CITES,2018.0,2017.0
32007D0642,32005R2073,CITES,2007.0,2005.0
32007D0642,31997L0078,CITES,2007.0,1997.0
32007D0642,32004R0853,CITES,2007.0,2004.0
32018R0858,32006L0042,CITES,2018.0,2006.0
32018R0858,12016E290,CITES,2018.0,2016.0
32018R0858,12016M005,CITES,2018.0,2016.0
32018R0858,32013R0167,CITES,2018.0,2013.0
32018R0858,32016Q0512(01),CITES,2018.0,2016.0
32018R0858,32016R0679,CITES,2018.0,2016.0
32018R0858,32001R0045,CITES,2018.0,2001.0
32018R0858,32009R0661,CITES,2018.0,2009.0
32018R0858,32014L0045,CITES,2018.0,2014.0
32018R0858,32008R0765,CITES,2018.0,2008.0
32018R0858,32001L0095,CITES,2018.0,2001.0
32023R0435,32022R1854,CITES,2023.0,2022.0
32023R0435,32021R1119,CITES,2023.0,2021.0
32023R0435,32014R0833,CITES,2023.0,2014.0
32023R0435,32010R1031,CITES,2023.0,2010.0
32023R0435,32018R1046,CITES,2023.0,2018.0
32023R0435,12016E174,CITES,2023.0,2016.0
32023R0435,32022R2577,CITES,2023.0,2022.0
32023R0435,32018L2001,CITES,2023.0,2018.0
32023R0435,32013R1301,CITES,2023.0,2013.0
32023R0435,32013R1304,CITES,2023.0,2013.0
32023R0435,32017C1213(01),CITES,2023.0,2017.0
32018R1482,32012R0872,CITES,2018.0,2012.0
32023R2405,32018L2001,CITES,2023.0,2018.0
32023R2405,12016M005,CITES,2023.0,2016.0
32023R2405,32021R1119,CITES,2023.0,2021.0
32023R2405,12016E349,CITES,2023.0,2016.0
32023R2405,32018R1139,CITES,2023.0,2018.0
32023R2405,32003L0087,CITES,2023.0,2003.0
32023R2405,31996L0067,CITES,2023.0,1996.0
32023R2405,12016E102,CITES,2023.0,2016.0
32023R2405,32023R1804,CITES,2023.0,2023.0
32023R2405,12016E101,CITES,2023.0,2016.0
31989L0665,31971L0305,CITES,1989.0,1971.0
32025D0435,12016M021,CITES,2025.0,2016.0
32021R1232,12016P008,CITES,2021.0,2016.0
32021R1232,32018L1972,CITES,2021.0,2018.0
32021R1232,32002L0021,CITES,2021.0,2002.0
32021R1232,12016P007,CITES,2021.0,2016.0
32021R1232,12016M006,CITES,2021.0,2016.0
32021R1232,12016M005,CITES,2021.0,2016.0
32021R1232,32016R0679,CITES,2021.0,2016.0
32021R1232,12016P024,CITES,2021.0,2016.0
32017D1483,32012D0243,CITES,2017.0,2012.0
32017D1483,32014L0053,CITES,2017.0,2014.0
32017D1483,32010D0368,CITES,2017.0,2010.0
32019R0799,32012R0872,CITES,2019.0,2012.0
32016D0339,32012D0243,CITES,2016.0,2012.0
32016D0339,31999D0128,CITES,2016.0,1999.0
32016D0339,31999L0005,CITES,2016.0,1999.0
32016D0339,32014L0053,CITES,2016.0,2014.0
32018R0302,32015R0751,CITES,2018.0,2015.0
32018R0302,32007R1371,CITES,2018.0,2007.0
32018R0302,12016E101,CITES,2018.0,2016.0
32018R0302,12016E102,CITES,2018.0,2016.0
32018R0302,32008R1008,CITES,2018.0,2008.0
32018R0302,12016E057,CITES,2018.0,2016.0
32018R0302,12016P011,CITES,2018.0,2016.0
32018R0302,12016P/TXT,CITES,2018.0,2016.0
32018R0302,32006L0123,CITES,2018.0,2006.0
32018R0302,12016P016,CITES,2018.0,2016.0
32018R0302,12016P017,CITES,2018.0,2016.0
32018R0302,32012R0260,CITES,2018.0,2012.0
32018R0302,32008R0593,CITES,2018.0,2008.0
32018R0302,32012R1215,CITES,2018.0,2012.0
32018R0302,32006L0112,CITES,2018.0,2006.0
32018R0302,12016E/TXT,CITES,2018.0,2016.0
32018R0302,32015L2366,CITES,2018.0,2015.0
32018R0302,12016M005,CITES,2018.0,2016.0
32012L0027,32009R0715,CITES,2012.0,2009.0
32012L0027,32004L0018,CITES,2012.0,2004.0
32012L0027,32009L0028,CITES,2012.0,2009.0
32012L0027,32003H0361,CITES,2012.0,2003.0
32012L0027,32009L0081,CITES,2012.0,2009.0
32012L0027,32009L0073,CITES,2012.0,2009.0
32012L0027,32009L0072,CITES,2012.0,2009.0
32012L0027,32009R0714,CITES,2012.0,2009.0
32023D0179,12016E342,CITES,2023.0,2016.0
32023D0179,32022D0728,CITES,2023.0,2022.0
32023D0179,32021D0891,CITES,2023.0,2021.0
32023D0179,32019D0903,CITES,2023.0,2019.0
32023D0179,31958R0001,CITES,2023.0,1958.0
32023D0179,32022D2255,CITES,2023.0,2022.0
32023D0177,31958R0001,CITES,2023.0,1958.0
32023D0177,32021D0891,CITES,2023.0,2021.0
32023D0177,32022D2255,CITES,2023.0,2022.0
32023D0177,32022D0728,CITES,2023.0,2022.0
32023D0177,32019D0903,CITES,2023.0,2019.0
32023D0177,12016E342,CITES,2023.0,2016.0
32023D0176,32021D0891,CITES,2023.0,2021.0
32023D0176,32022D2255,CITES,2023.0,2022.0
32023D0176,32022D0728,CITES,2023.0,2022.0
32023D0176,12016E342,CITES,2023.0,2016.0
32023D0176,32019D0903,CITES,2023.0,2019.0
32023D0176,31958R0001,CITES,2023.0,1958.0
32023R1781,12016P052,CITES,2023.0,2016.0
32023R1781,32020R2093,CITES,2023.0,2020.0
32023R1781,32003H0361,CITES,2023.0,2003.0
32023R1781,32016Q0512(01),CITES,2023.0,2016.0
32023R1781,32014L0024,CITES,2023.0,2014.0
32023R1781,12016E339,CITES,2023.0,2016.0
32023R1781,12016P017,CITES,2023.0,2016.0
32023R1781,32019R0452,CITES,2023.0,2019.0
32023R1781,12016P016,CITES,2023.0,2016.0
32023R1781,32016L0943,CITES,2023.0,2016.0
32023R1781,12016E/TXT,CITES,2023.0,2016.0
32023R1781,12016E108,CITES,2023.0,2016.0
32023R1781,12016M/TXT,CITES,2023.0,2016.0
32023R1781,12016E290,CITES,2023.0,2016.0
32023R1781,32009R0428,CITES,2023.0,2009.0
32023R1781,12016E107,CITES,2023.0,2016.0
32023R1781,32021R0695,CITES,2023.0,2021.0
32023R1781,32000L0060,CITES,2023.0,2000.0
32023R1781,32015R0479,CITES,2023.0,2015.0
32023R1781,32021R0523,CITES,2023.0,2021.0
32023R1781,32006L0112,CITES,2023.0,2006.0
32023R1781,32020L0262,CITES,2023.0,2020.0
32023R1781,32014L0025,CITES,2023.0,2014.0
32023R1781,32018R1046,CITES,2023.0,2018.0
32023R1781,12016M005,CITES,2023.0,2016.0
32015R2197,32010R1093,CITES,2015.0,2010.0
32010R0279,32009E0788,CITES,2010.0,2009.0
31998D0181,31994D0998,CITES,1998.0,1994.0
31998D0181,31994D1067,CITES,1998.0,1994.0
32022R0879,12016P/TXT,CITES,2022.0,2016.0
32022R0879,12016E/TXT,CITES,2022.0,2016.0
32022R0879,32009L0119,CITES,2022.0,2009.0
32022R0879,12016P016,CITES,2022.0,2016.0
32022R0879,12016M006,CITES,2022.0,2016.0
32022R0879,12016P011,CITES,2022.0,2016.0
32022R0879,12016P017,CITES,2022.0,2016.0
32022R0879,32014D0512,CITES,2022.0,2014.0
32021R1415,32010R1095,CITES,2021.0,2010.0
32016D1171,32013R0231,CITES,2016.0,2013.0
32016D1171,32010R1093,CITES,2016.0,2010.0
32016D1171,32010R1094,CITES,2016.0,2010.0
32016D1171,32012R0648,CITES,2016.0,2012.0
32016D1171,32013R1022,CITES,2016.0,2013.0
32016D1171,32012R0272,CITES,2016.0,2012.0
32016D1171,32010R1092,CITES,2016.0,2010.0
32016D1171,32014D0248,CITES,2016.0,2014.0
32016D1171,32014D0245,CITES,2016.0,2014.0
32016D1171,32010R1095,CITES,2016.0,2010.0
32016D1171,32011R0513,CITES,2016.0,2011.0
32016D1171,32012R0946,CITES,2016.0,2012.0
32013R0167,32008R0765,CITES,2013.0,2008.0
32013R0167,32007L0046,CITES,2013.0,2007.0
32018D1797,32018H0308(01),CITES,2018.0,2018.0
31969R0549,31968R0259,CITES,1969.0,1968.0
31996R0902,31992R2913,CITES,1996.0,1992.0
31999D0310,31973L0023,CITES,1999.0,1973.0
31999D0310,31989L0336,CITES,1999.0,1989.0
31999D0310,31998D0515,CITES,1999.0,1998.0
32024R3018,32022R2372,CITES,2024.0,2022.0
32024R3018,32002L0058,CITES,2024.0,2002.0
32024R3018,32016R0679,CITES,2024.0,2016.0
32024R3018,32013D1313,CITES,2024.0,2013.0
32024R3018,32023R2854,CITES,2024.0,2023.0
32024R3018,32019R0817,CITES,2024.0,2019.0
32024R3018,32003H0361,CITES,2024.0,2003.0
32024R3018,32018R1046,CITES,2024.0,2018.0
32024R3018,32022R0868,CITES,2024.0,2022.0
32024R3018,12016M/PRO/04,CITES,2024.0,2016.0
32024R3018,12016M005,CITES,2024.0,2016.0
32024R3018,12016E/PRO/04,CITES,2024.0,2016.0
32024R3018,31998R2533,CITES,2024.0,1998.0
32024R3018,12016E/TXT,CITES,2024.0,2016.0
32014R0240,32000L0043,CITES,2014.0,2000.0
32014R0240,32004L0113,CITES,2014.0,2004.0
32014R0240,32013R1305,CITES,2014.0,2013.0
32023R0370,32021R2289,CITES,2023.0,2021.0
32023R0370,32021R1060,CITES,2023.0,2021.0
32007G1219(01),32006D1672,CITES,2007.0,2006.0
32007G1219(01),32004L0113,CITES,2007.0,2004.0
32007G1219(01),32000X1218(01),CITES,2007.0,2000.0
32007G1219(01),32000L0043,CITES,2007.0,2000.0
32007G1219(01),32000L0078,CITES,2007.0,2000.0
31998D0388,61991CJ0116,CITES,1998.0,1991.0
31998D0388,61977CJ0080,CITES,1998.0,1977.0
31995D0354,31991D0251,CITES,1995.0,1991.0
31995D0354,31993D0247,CITES,1995.0,1993.0
31995D0354,31990L0531,CITES,1995.0,1990.0
31995D0354,31993L0038,CITES,1995.0,1993.0
32016R0178,32012R0873,CITES,2016.0,2012.0
32016R0178,32012R0872,CITES,2016.0,2012.0
32023R0511,32010R1093,CITES,2023.0,2010.0
32022R1930,32010R1095,CITES,2022.0,2010.0
32025D0264,32013R0886,CITES,2025.0,2013.0
32025D0264,32013R0885,CITES,2025.0,2013.0
32025D0264,32015R0962,CITES,2025.0,2015.0
32025D0264,32017R1926,CITES,2025.0,2017.0
32024R1772,32010R1095,CITES,2024.0,2010.0
32024R1772,32002L0058,CITES,2024.0,2002.0
32024R1772,32010R1094,CITES,2024.0,2010.0
32024R1772,32010R1093,CITES,2024.0,2010.0
32024R1772,32016R0679,CITES,2024.0,2016.0
32024R1772,32015L2366,CITES,2024.0,2015.0
32024R1772,32018R0959,CITES,2024.0,2018.0
32025R0295,32010R1094,CITES,2025.0,2010.0
32025R0295,32010R1095,CITES,2025.0,2010.0
32025R0295,32010R1093,CITES,2025.0,2010.0
32013L0030,32008L0056,CITES,2013.0,2008.0
32013L0030,31994L0022,CITES,2013.0,1994.0
32013L0030,32003L0004,CITES,2013.0,2003.0
32013L0030,31989L0391,CITES,2013.0,1989.0
32013L0030,32011L0092,CITES,2013.0,2011.0
32011D0747,61994TJ0358,CITES,2011.0,1994.0
32011D0747,62000CJ0280,CITES,2011.0,2000.0
32011D0747,31989L0646,CITES,2011.0,1989.0
32011D0747,32006L0111,CITES,2011.0,2006.0
32015D0457,32014R0513,CITES,2015.0,2014.0
32025D0494,32008E0858,CITES,2025.0,2008.0
32025D0494,32006E0184,CITES,2025.0,2006.0
32025D0494,32019D0097,CITES,2025.0,2019.0
32024D2631,32017R0745,CITES,2024.0,2017.0
32024D2631,31990L0385,CITES,2024.0,1990.0
32024D2631,31993L0042,CITES,2024.0,1993.0
32024D2631,32017R0746,CITES,2024.0,2017.0
32025D0166,12016M021,CITES,2025.0,2016.0
32025D0166,32019D0762,CITES,2025.0,2019.0
32025D0166,32023D0096,CITES,2025.0,2023.0
32023R2782,32007R0333,CITES,2023.0,2007.0
32023R2782,32023R0915,CITES,2023.0,2023.0
32023D1411,31998L0079,CITES,2023.0,1998.0
32023D1411,32017R0746,CITES,2023.0,2017.0
32024D0815,31990L0385,CITES,2024.0,1990.0
32024D0815,32017R0745,CITES,2024.0,2017.0
32024D0815,31993L0042,CITES,2024.0,1993.0
32024D0815,32017R0746,CITES,2024.0,2017.0
31986L0635,31984L0253,CITES,1986.0,1984.0
31986L0635,31978L0660,CITES,1986.0,1978.0
31986L0635,31983L0349,CITES,1986.0,1983.0
31986L0635,11957E169,CITES,1986.0,1957.0
31986L0635,11957E170,CITES,1986.0,1957.0
31986L0635,31977L0780,CITES,1986.0,1977.0
32025R0300,32010R1095,CITES,2025.0,2010.0
32025R0300,32015L0849,CITES,2025.0,2015.0
32025R0300,32016R0679,CITES,2025.0,2016.0
32023D2692,32014R0165,CITES,2023.0,2014.0
32023D2692,32021D0689,CITES,2023.0,2021.0
32023D2669,32014L0053,CITES,2023.0,2014.0
32014R0717,32006R1998,CITES,2014.0,2006.0
32014R0717,62004CJ0222,CITES,2014.0,2004.0
32014R0717,32001R0069,CITES,2014.0,2001.0
32014R0717,32003H0361,CITES,2014.0,2003.0
32014R0717,32013R1407,CITES,2014.0,2013.0
32014D0459,32000R1896,CITES,2014.0,2000.0
32014D0459,31998L0008,CITES,2014.0,1998.0
32021R1173,32021R0695,CITES,2021.0,2021.0
32021R1173,32018R1046,CITES,2021.0,2018.0
32021R1173,32021R1060,CITES,2021.0,2021.0
32021R1173,12016E228,CITES,2021.0,2016.0
32021R1173,12016M005,CITES,2021.0,2016.0
32021R1173,32021R0694,CITES,2021.0,2021.0
32021R1173,32016R0679,CITES,2021.0,2016.0
32021R1173,32016L0943,CITES,2021.0,2016.0
32021R1173,31999Q0531,CITES,2021.0,1999.0
32021R1173,12016E/PRO/07,CITES,2021.0,2016.0
32021R1173,32021R1153,CITES,2021.0,2021.0
32021R1173,32013R0883,CITES,2021.0,2013.0
32021R1173,12016M/PRO/07,CITES,2021.0,2016.0
32021R1173,32002L0058,CITES,2021.0,2002.0
32016R0426,32012R1025,CITES,2016.0,2012.0
32016R0426,32008R0765,CITES,2016.0,2008.0
32016R0426,32012L0027,CITES,2016.0,2012.0
32016R0426,32008D0768,CITES,2016.0,2008.0
32016R0426,32009L0028,CITES,2016.0,2009.0
32016R0426,32009L0073,CITES,2016.0,2009.0
32009L0103,31995R2494,CITES,2009.0,1995.0
32009L0103,31992L0049,CITES,2009.0,1992.0
32009L0103,31995L0046,CITES,2009.0,1995.0
32009L0103,32001R0044,CITES,2009.0,2001.0
32009L0103,31973L0239,CITES,2009.0,1973.0
32019R0348,32013R0575,CITES,2019.0,2013.0
32019R0348,32010R1093,CITES,2019.0,2010.0
32019R0348,32014R0680,CITES,2019.0,2014.0
32019R0348,31997L0009,CITES,2019.0,1997.0
32021R0664,32019R0945,CITES,2021.0,2019.0
32011R0513,32001R0045,CITES,2011.0,2001.0
32011R0513,12010P/TXT,CITES,2011.0,2010.0
32011R0513,32010R1095,CITES,2011.0,2010.0
32011R0513,31995L0046,CITES,2011.0,1995.0
32015R0003,32003L0071,CITES,2015.0,2003.0
32015R0003,32013R0575,CITES,2015.0,2013.0
32015R0003,32010R1095,CITES,2015.0,2010.0
32015R0003,32014R0596,CITES,2015.0,2014.0
32010R0453,31967L0548,CITES,2010.0,1967.0
32010R0453,31999L0045,CITES,2010.0,1999.0
32005D0456,32003L0098,CITES,2005.0,2003.0
32005D0456,31995L0046,CITES,2005.0,1995.0
32005D0456,31999Y0618(02),CITES,2005.0,1999.0
32005D0456,32002L0058,CITES,2005.0,2002.0
32013R1022,31994L0019,CITES,2013.0,1994.0
32013R1022,32002L0060,CITES,2013.0,2002.0
32013R1022,31968R0259,CITES,2013.0,1968.0
32013R1022,32013R0575,CITES,2013.0,2013.0
32013R1022,32006R1781,CITES,2013.0,2006.0
32013R1022,32002L0064,CITES,2013.0,2002.0
32024R1971,32023D1532,CITES,2024.0,2023.0
32015R1832,32008R1331,CITES,2015.0,2008.0
32019R2124,32019R2128,CITES,2019.0,2019.0
32019R2124,32009R1069,CITES,2019.0,2009.0
32019R2124,32004R0852,CITES,2019.0,2004.0
32010D0331,32009R0953,CITES,2010.0,2009.0
32010D0331,32002L0046,CITES,2010.0,2002.0
32011R0349,32009R0223,CITES,2011.0,2009.0
32011R0349,32001R0045,CITES,2011.0,2001.0
32013R1301,32003L0087,CITES,2013.0,2003.0
32013R1301,32003H0361,CITES,2013.0,2003.0
32013R1301,31998R0994,CITES,2013.0,1998.0
32013R1301,32013R1304,CITES,2013.0,2013.0
32013R1301,32013R1303,CITES,2013.0,2013.0
32024D03936,32007D0480,CITES,2024.0,2007.0
32024D03936,12016P017,CITES,2024.0,2016.0
32024D03936,12016E056,CITES,2024.0,2016.0
31989L0105,31965L0065,CITES,1989.0,1965.0
32011R0540,31991L0414,CITES,2011.0,1991.0
32009R1284,31995L0046,CITES,2009.0,1995.0
32009R1284,32001R0045,CITES,2009.0,2001.0
32019D0038,32014D0029(01),CITES,2019.0,2014.0
32019D0038,32014R0680,CITES,2019.0,2014.0
32019D0038,32014R1163,CITES,2019.0,2014.0
32015R1017,32013R1315,CITES,2015.0,2013.0
32015R1017,32013R1303,CITES,2015.0,2013.0
32015R1017,32013R1287,CITES,2015.0,2013.0
32015R1017,32015R0847,CITES,2015.0,2015.0
32015R1017,32013R0883,CITES,2015.0,2013.0
32015R1017,32015L0849,CITES,2015.0,2015.0
32015R1017,31997R1466,CITES,2015.0,1997.0
32015R1017,32012R0966,CITES,2015.0,2012.0
32015R1017,32003H0361,CITES,2015.0,2003.0
32020L2184,32003R1882,AMENDS,2020.0,2003.0
32013R0441,31996R0902,AMENDS,2013.0,1996.0
32013R0441,32009R1179,AMENDS,2013.0,2009.0
32013R0441,31999R0936,AMENDS,2013.0,1999.0
32019R0818,32018R1862,AMENDS,2019.0,2018.0
32025L0002,32009L0138,AMENDS,2025.0,2009.0
32004R0853,32003R2160,CITES,2004.0,2003.0
32004R0853,31996L0023,CITES,2004.0,1996.0
32004R0853,32004R0854,CITES,2004.0,2004.0
32004R0853,31992L0118,CITES,2004.0,1992.0
32004R0853,31997L0078,CITES,2004.0,1997.0
32004R0853,31999D0468,CITES,2004.0,1999.0
32004R0853,32004R0852,CITES,2004.0,2004.0
32004R0853,31990L0425,CITES,2004.0,1990.0
32004D0821,11997D/PRO/05,CITES,2004.0,1997.0
31998R2533,31998R2532,CITES,1998.0,1998.0
31998R2533,31995L0046,CITES,1998.0,1995.0
31998R2533,31997R0322,CITES,1998.0,1997.0
32015D1120,32014L0025,CITES,2015.0,2014.0
32015D1120,31994L0022,CITES,2015.0,1994.0
32023R1651,32013R0575,CITES,2023.0,2013.0
32023R1651,32019R2033,CITES,2023.0,2019.0
32023R1651,32010R1093,CITES,2023.0,2010.0
32023R1651,32014L0059,CITES,2023.0,2014.0
32014L0057,32010R1031,CITES,2014.0,2010.0
32014L0057,32003L0006,CITES,2014.0,2003.0
32014L0057,32014R0596,CITES,2014.0,2014.0
32014L0057,32011R1227,CITES,2014.0,2011.0
32022R2299,32021R1119,CITES,2022.0,2021.0
32022R2299,32012L0027,CITES,2022.0,2012.0
32023D0459,32017R2100,CITES,2023.0,2017.0
32022L0287,32006R1907,CITES,2022.0,2006.0
32015D1916,32013D0488,CITES,2015.0,2013.0
32015D1584,61990CJ0041,CITES,2015.0,1990.0
32015D1584,61999CJ0482,CITES,2015.0,1999.0
32015D1584,32004R0794,CITES,2015.0,2004.0
32015D1584,61996CJ0342,CITES,2015.0,1996.0
32015D1584,31992R2407,CITES,2015.0,1992.0
32015D1584,61972CJ0070,CITES,2015.0,1972.0
32015D1584,62000CJ0280,CITES,2015.0,2000.0
32015D1584,61999CJ0328,CITES,2015.0,1999.0
32015D1584,61989CJ0305,CITES,2015.0,1989.0
32015D1584,61995TJ0214,CITES,2015.0,1995.0
32015D1584,62000CJ0278,CITES,2015.0,2000.0
32015D1584,62010CJ0124,CITES,2015.0,2010.0
32015D1584,31996L0067,CITES,2015.0,1996.0
32015D1584,62011CJ0288,CITES,2015.0,2011.0
32015D1584,62001CJ0082,CITES,2015.0,2001.0
32015D1584,61989TJ0128,CITES,2015.0,1989.0
32015D1584,31992R2408,CITES,2015.0,1992.0
32015D1584,61995CJ0343,CITES,2015.0,1995.0
32015D1584,61997TJ0298,CITES,2015.0,1997.0
32015D1584,62003CJ0172,CITES,2015.0,2003.0
32015D1584,61992CJ0364,CITES,2015.0,1992.0
32015D1584,61991CJ0159,CITES,2015.0,1991.0
32015D1584,31999R0659,CITES,2015.0,1999.0
32015D1584,61994CJ0039,CITES,2015.0,1994.0
32015D1584,61992CJ0278,CITES,2015.0,1992.0
32015D1584,61997CJ0075,CITES,2015.0,1997.0
32015D1584,31992R2409,CITES,2015.0,1992.0
32015D1584,61985CJ0118,CITES,2015.0,1985.0
32015D1584,61987CJ0030,CITES,2015.0,1987.0
32015D1584,12012E107,CITES,2015.0,2012.0
32015D1584,61985CJ0040,CITES,2015.0,1985.0
32015D1584,31993Y1113(01),CITES,2015.0,1993.0
32015D1584,12012E106,CITES,2015.0,2012.0
32015D1584,61999TJ0127,CITES,2015.0,1999.0
32015D1584,61979CJ0730,CITES,2015.0,1979.0
32015D1584,32005D0842,CITES,2015.0,2005.0
32015D1584,32008R1008,CITES,2015.0,2008.0
32015D1584,62004TJ0196,CITES,2015.0,2004.0
32015D1584,62007CJ0113,CITES,2015.0,2007.0
32015D1584,61973CJ0173,CITES,2015.0,1973.0
32015D1584,62008TJ0267,CITES,2015.0,2008.0
32022D0172,32021D1730,CITES,2022.0,2021.0
32022D0172,32014L0053,CITES,2022.0,2014.0
32015O0019,32009L0138,CITES,2015.0,2009.0
32015O0019,32015R0730,CITES,2015.0,2015.0
32017D0899,32002L0021,CITES,2017.0,2002.0
32017D0899,32012D0243,CITES,2017.0,2012.0
32017D0899,12016M005,CITES,2017.0,2016.0
32017D0899,12016E107,CITES,2017.0,2016.0
32017D0899,12016E108,CITES,2017.0,2016.0
32017D0899,32002L0020,CITES,2017.0,2002.0
32022R2303,32009L0033,CITES,2022.0,2009.0
32020D1331,32004D0002,CITES,2020.0,2004.0
32005D0714,11997D/PRO/05,CITES,2005.0,1997.0
32024R0298,32017C1213(01),CITES,2024.0,2017.0
32022R0595,32009R1284,BASED_ON,2022.0,2009.0
32022R0595,32014R0269,BASED_ON,2022.0,2014.0
32022R0595,32004R0314,BASED_ON,2022.0,2004.0
32022R0595,32014R0833,BASED_ON,2022.0,2014.0
32022R0595,32014R0208,BASED_ON,2022.0,2014.0
32022R0595,12016E215,BASED_ON,2022.0,2016.0
32022R0595,32012R0267,BASED_ON,2022.0,2012.0
32022R0595,32010R0356,BASED_ON,2022.0,2010.0
32022R0595,32011R0101,BASED_ON,2022.0,2011.0
32022R0595,32022R0263,BASED_ON,2022.0,2022.0
32022R0595,32001R2580,BASED_ON,2022.0,2001.0
32022R0595,32003R0147,BASED_ON,2022.0,2003.0
32022R0595,32002R0881,BASED_ON,2022.0,2002.0
32023R0203,32018R1139,BASED_ON,2023.0,2018.0
32011L0024,32008R1338,CITES,2011.0,2008.0
32011L0024,31990L0385,CITES,2011.0,1990.0
32011L0024,31971R1408,CITES,2011.0,1971.0
32011L0024,32000L0043,CITES,2011.0,2000.0
32011L0024,32010L0053,CITES,2011.0,2010.0
32011L0024,31999D0468,CITES,2011.0,1999.0
32011L0024,31998L0079,CITES,2011.0,1998.0
32011L0024,32002L0058,CITES,2011.0,2002.0
32011L0024,31993L0042,CITES,2011.0,1993.0
32011L0024,31972R0574,CITES,2011.0,1972.0
32011L0024,31989L0105,CITES,2011.0,1989.0
32011L0024,32003Q1231(01),CITES,2011.0,2003.0
32011L0024,32004L0023,CITES,2011.0,2004.0
32011L0024,31997L0007,CITES,2011.0,1997.0
32011L0024,32003R0859,CITES,2011.0,2003.0
32011L0024,31995L0046,CITES,2011.0,1995.0
32011L0024,32008D0049,CITES,2011.0,2008.0
32011L0024,32004R0883,CITES,2011.0,2004.0
32011L0024,32008R0593,CITES,2011.0,2008.0
32020D0901,32012D0699,CITES,2020.0,2012.0
32020D0901,32006E0243,CITES,2020.0,2006.0
32020D0901,32008E0588,CITES,2020.0,2008.0
32014R1078,32006R1907,CITES,2014.0,2006.0
32014R1078,32009R1107,CITES,2014.0,2009.0
32014R0208,32001R0045,CITES,2014.0,2001.0
32014R0208,31995L0046,CITES,2014.0,1995.0
31998H0322,31997Y0311(02),CITES,1998.0,1997.0
31998H0322,31995L0062,CITES,1998.0,1995.0
31998H0322,31990L0387,CITES,1998.0,1990.0
31998H0322,31995L0051,CITES,1998.0,1995.0
31998H0322,31990L0388,CITES,1998.0,1990.0
32016R1036,32015R2447,CITES,2016.0,2015.0
32011R1295,32009E0788,CITES,2011.0,2009.0
32022R0263,12016E/TXT,CITES,2022.0,2016.0
32022R0263,32014R0269,CITES,2022.0,2014.0
32007D0256,31999R0659,CITES,2007.0,1999.0
32007D0256,62000CJ0278,CITES,2007.0,2000.0
32007D0256,62001CJ0159,CITES,2007.0,2001.0
32007D0256,61999TJ0127,CITES,2007.0,1999.0
32007D0256,31998Y0310(01),CITES,2007.0,1998.0
32007D0256,31992R2408,CITES,2007.0,1992.0
32007D0256,61973CJ0173,CITES,2007.0,1973.0
32007D0256,62004CJ0222,CITES,2007.0,2004.0
32007D0256,61992CJ0387,CITES,2007.0,1992.0
32007D0256,62004CJ0148,CITES,2007.0,2004.0
32007D0256,61997CJ0200,CITES,2007.0,1997.0
32007D0256,61999CJ0143,CITES,2007.0,1999.0
32007D0256,61979CJ0730,CITES,2007.0,1979.0
32007D0256,62003CJ0172,CITES,2007.0,2003.0
32007D0256,62000TJ0092,CITES,2007.0,2000.0
32007D0256,32004R0794,CITES,2007.0,2004.0
32007D0256,62003CJ0088,CITES,2007.0,2003.0
32007D0256,61994CJ0241,CITES,2007.0,1994.0
32016L2370,32012L0034,AMENDS,2016.0,2012.0
32021Q0506(01),12016M/TXT,CITES,2021.0,2016.0
32021Q0506(01),12016E/TXT,CITES,2021.0,2016.0
32021Q0506(01),32002L0058,CITES,2021.0,2002.0
32011R0305,32000L0060,CITES,2011.0,2000.0
32011R0305,32002R1605,CITES,2011.0,2002.0
32011R0305,32008R0765,CITES,2011.0,2008.0
32011R0305,31998L0008,CITES,2011.0,1998.0
32011R0305,31999D0468,CITES,2011.0,1999.0
32011R0305,32008D0768,CITES,2011.0,2008.0
32011R0305,32003H0361,CITES,2011.0,2003.0
32011R0305,32002R2342,CITES,2011.0,2002.0
32011R0305,32006R1907,CITES,2011.0,2006.0
32011R0305,31998L0034,CITES,2011.0,1998.0
32019R0945,32006L0042,CITES,2019.0,2006.0
32019R0945,32008R0765,CITES,2019.0,2008.0
32019R0945,12016E/TXT,CITES,2019.0,2016.0
32019R0945,12016M/TXT,CITES,2019.0,2016.0
32019R0945,32008D0768,CITES,2019.0,2008.0
32019R0945,32009L0048,CITES,2019.0,2009.0
32019R0945,32004R0551,CITES,2019.0,2004.0
32019R0945,32012R1025,CITES,2019.0,2012.0
32019R0945,32014L0030,CITES,2019.0,2014.0
32019R0945,32001L0095,CITES,2019.0,2001.0
32019R0945,32014L0053,CITES,2019.0,2014.0
32019D0327(03),12016M017,CITES,2019.0,2016.0
32019D0327(03),32018R1971,CITES,2019.0,2018.0
32021L2118,12016E290,CITES,2021.0,2016.0
32021L2118,62016CJ0334,CITES,2021.0,2016.0
32021L2118,32016L0943,CITES,2021.0,2016.0
32021L2118,12016M005,CITES,2021.0,2016.0
32021L2118,32016R0679,CITES,2021.0,2016.0
32021L2118,32009L0138,CITES,2021.0,2009.0
32021L2118,62016CJ0514,CITES,2021.0,2016.0
32021L2118,32016Q0512(01),CITES,2021.0,2016.0
32021L2118,62013CJ0162,CITES,2021.0,2013.0
32007L0066,32000X1218(01),CITES,2007.0,2000.0
32007L0066,32004L0018,CITES,2007.0,2004.0
32007L0066,31999D0468,CITES,2007.0,1999.0
32007L0066,32004L0017,CITES,2007.0,2004.0
32019R0831,32013R0944,CITES,2019.0,2013.0
32019R0831,32017R0776,CITES,2019.0,2017.0
32019R0831,32012R0618,CITES,2019.0,2012.0
32019R0831,32009R0790,CITES,2019.0,2009.0
32023D0606(01),32019R1021,CITES,2023.0,2019.0
32023D0606(01),32006R1907,CITES,2023.0,2006.0
32017L1371,12016M/PRO/21,CITES,2017.0,2016.0
32017L1371,12016E/PRO/22,CITES,2017.0,2016.0
32017L1371,32013R0883,CITES,2017.0,2013.0
32017L1371,31968R0259,CITES,2017.0,1968.0
32017L1371,32015L0849,CITES,2017.0,2015.0
32017L1371,12016E/PRO/07,CITES,2017.0,2016.0
32017L1371,12016M/PRO/07,CITES,2017.0,2016.0
32017L1371,32001R0045,CITES,2017.0,2001.0
32017L1371,12016M005,CITES,2017.0,2016.0
32017L1371,12016M/PRO/22,CITES,2017.0,2016.0
32017L1371,12016P/TXT,CITES,2017.0,2016.0
32017L1371,12016E/PRO/21,CITES,2017.0,2016.0
32017L1371,12016M/TXT,CITES,2017.0,2016.0
32017L1371,32006L0112,CITES,2017.0,2006.0
32017L1371,12016E/TXT,CITES,2017.0,2016.0
32017L1371,32014L0042,CITES,2017.0,2014.0
32017L1371,32016L0680,CITES,2017.0,2016.0
32017L1371,32012R0966,CITES,2017.0,2012.0
32006E0787,32005E0792,CITES,2006.0,2005.0
32024D3182,32014R0909,CITES,2024.0,2014.0
32010R1095,32001D0844,CITES,2010.0,2001.0
32010R1095,32007L0064,CITES,2010.0,2007.0
32010R1095,32009R0223,CITES,2010.0,2009.0
32010R1095,32005L0060,CITES,2010.0,2005.0
32010R1095,32009D0079,CITES,2010.0,2009.0
32010R1095,31998R2533,CITES,2010.0,1998.0
32010R1095,32006L0048,CITES,2010.0,2006.0
32010R1095,32002R2343,CITES,2010.0,2002.0
32010R1095,32006Q0614(01),CITES,2010.0,2006.0
32010R1095,31998L0078,CITES,2010.0,1998.0
32010R1095,32010R1094,CITES,2010.0,2010.0
32010R1095,32002R1605,CITES,2010.0,2002.0
32010R1095,32010R1093,CITES,2010.0,2010.0
32010R1095,31997L0009,CITES,2010.0,1997.0
32010R1095,32001R0045,CITES,2010.0,2001.0
32010R1095,32006L0049,CITES,2010.0,2006.0
32010R1095,32006R1781,CITES,2010.0,2006.0
32010R1095,32010R1092,CITES,2010.0,2010.0
32010R1095,31995L0046,CITES,2010.0,1995.0
32010R1095,31994L0019,CITES,2010.0,1994.0
32022R2370,32019R0715,CITES,2022.0,2019.0
32022R2370,32021R0522,CITES,2022.0,2021.0
32022R2370,32002L0058,CITES,2022.0,2002.0
32022R2370,32018R1046,CITES,2022.0,2018.0
32022R2370,12016M/PRO/07,CITES,2022.0,2016.0
32022R2370,12016E228,CITES,2022.0,2016.0
32022R2370,12016E314,CITES,2022.0,2016.0
32022R2370,32022R2371,CITES,2022.0,2022.0
32022R2370,32013R0883,CITES,2022.0,2013.0
32022R2370,12016E263,CITES,2022.0,2016.0
32022R2370,12016E339,CITES,2022.0,2016.0
32022R2370,32015D0444,CITES,2022.0,2015.0
32022R2370,32016R0679,CITES,2022.0,2016.0
32022R2370,12016E/PRO/07,CITES,2022.0,2016.0
32022R2370,12016M005,CITES,2022.0,2016.0
32017R2003,32006R1907,CITES,2017.0,2006.0
32023R1678,32014D0029(01),CITES,2023.0,2014.0
32023R1678,32021R0451,CITES,2023.0,2021.0
32009R0223,32002R1605,CITES,2009.0,2002.0
32009R0223,32002R2342,CITES,2009.0,2002.0
32009R0223,31995L0046,CITES,2009.0,1995.0
32009R0223,31998R2533,CITES,2009.0,1998.0
32009R0223,31999D0468,CITES,2009.0,1999.0
32009R0223,32003L0004,CITES,2009.0,2003.0
32009R0223,32000X1218(01),CITES,2009.0,2000.0
32009R0223,32001R0045,CITES,2009.0,2001.0
32017R0393,32010R1095,CITES,2017.0,2010.0
32013R0609,32009R1107,CITES,2013.0,2009.0
32013R0609,31997R0258,CITES,2013.0,1997.0
32013R0609,32002L0046,CITES,2013.0,2002.0
32013R0609,32011R1169,CITES,2013.0,2011.0
32020R0204,32002L0058,CITES,2020.0,2002.0
32020R0204,32016R0679,CITES,2020.0,2016.0
32016R0631,32012L0027,CITES,2016.0,2012.0
32016R0631,32009L0072,CITES,2016.0,2009.0
32016R0631,32008R0765,CITES,2016.0,2008.0
32016R0631,32015R1222,CITES,2016.0,2015.0
32016R0631,32013R0543,CITES,2016.0,2013.0
32020D0636,32012D0243,CITES,2020.0,2012.0
32024R0568,32019R0715,CITES,2024.0,2019.0
32024R0568,32016Q0512(01),CITES,2024.0,2016.0
32024R0568,32008R1234,CITES,2024.0,2008.0
32024R0568,12016M005,CITES,2024.0,2016.0
32024R0568,32003H0361,CITES,2024.0,2003.0
32024R0568,32017R0746,CITES,2024.0,2017.0
32024R0568,12016E290,CITES,2024.0,2016.0
32024R0568,32022R2371,CITES,2024.0,2022.0
32024R0568,32009R0470,CITES,2024.0,2009.0
32024R0568,32018R1046,CITES,2024.0,2018.0
32003R1234,32002R1774,CITES,2003.0,2002.0
32024D0871,32014R1163,CITES,2024.0,2014.0
31997D0486,31989L0336,CITES,1997.0,1989.0
31997D0486,31973L0023,CITES,1997.0,1973.0
32012L0029,32001R0045,CITES,2012.0,2001.0
32012L0029,32011L0099,CITES,2012.0,2011.0
32012L0029,32002F0475,CITES,2012.0,2002.0
32012L0029,32008F0977,CITES,2012.0,2008.0
32004L0113,32003Q1231(01),CITES,2004.0,2003.0
32004L0113,32000L0043,CITES,2004.0,2000.0
32004L0113,32000X1218(01),CITES,2004.0,2000.0
32004L0113,32001D0051,CITES,2004.0,2001.0
32024D1049,32022D1093,CITES,2024.0,2022.0
32024D1049,32021D2136,CITES,2024.0,2021.0
32024D1049,12016M021,CITES,2024.0,2016.0
32023D2417,32011L0065,CITES,2023.0,2011.0
32023D2417,32017D0939,CITES,2023.0,2017.0
32013H0730(01),32012H0724(01),CITES,2013.0,2012.0
32013H0730(01),32011R1176,CITES,2013.0,2011.0
32013H0730(01),32013D0208,CITES,2013.0,2013.0
32015R1905,32003R1831,CITES,2015.0,2003.0
32015R1905,32009R0767,CITES,2015.0,2009.0
32020D0289,12016E/PRO/22,CITES,2020.0,2016.0
32020D0289,12016M/PRO/22,CITES,2020.0,2016.0
32021O2256,12016E/PRO/04,CITES,2021.0,2016.0
32021O2256,32015O0011,CITES,2021.0,2015.0
32021O2256,32013R0575,CITES,2021.0,2013.0
32021O2256,12016M/PRO/04,CITES,2021.0,2016.0
32021O2256,32021R0379,CITES,2021.0,2021.0
32022L0274,32006R1907,CITES,2022.0,2006.0
32009L0033,31999D0468,CITES,2009.0,1999.0
32009L0033,32006R1083,CITES,2009.0,2006.0
32009L0033,32004L0017,CITES,2009.0,2004.0
32009L0033,32007L0046,CITES,2009.0,2007.0
32009L0033,32003Q1231(01),CITES,2009.0,2003.0
32009L0033,32004L0018,CITES,2009.0,2004.0
32009L0033,32002D1600,CITES,2009.0,2002.0
31999D0832,31967L0548,CITES,1999.0,1967.0
31999D0832,11992E100A,CITES,1999.0,1992.0
31999D0832,31994L0069,CITES,1999.0,1994.0
31999D0832,31994L0060,CITES,1999.0,1994.0
31999D0832,31998L0008,CITES,1999.0,1998.0
31999D0832,31976L0769,CITES,1999.0,1976.0
32011H0723(01),32011D0308,CITES,2011.0,2011.0
32012H0724(10),32011H0719(03),CITES,2012.0,2011.0
32012H0724(10),32006L0123,CITES,2012.0,2006.0
32012H0724(10),32012D0238,CITES,2012.0,2012.0
32012H0724(10),32011R1176,CITES,2012.0,2011.0
32012H0724(10),32012D0369,CITES,2012.0,2012.0
32021R1044,32017R2100,CITES,2021.0,2017.0
32013D1313,32012R0966,CITES,2013.0,2012.0
32013D1313,32013D1082,CITES,2013.0,2013.0
32013D1313,32001D0792,CITES,2013.0,2001.0
32013D1313,32013R0883,CITES,2013.0,2013.0
32013D1313,32013Q1220(01),CITES,2013.0,2013.0
32013D1313,31999D0847,CITES,2013.0,1999.0
32013D1313,32007D0124,CITES,2013.0,2007.0
32020R0213,32011D0101,CITES,2020.0,2011.0
31998D0387,11992E086,CITES,1998.0,1992.0
31998D0387,61977CJ0080,CITES,1998.0,1977.0
31998D0387,61989CJ0288,CITES,1998.0,1989.0
31998D0387,61990CJ0076,CITES,1998.0,1990.0
31998D0387,61991CJ0116,CITES,1998.0,1991.0
32006R2024,31991L0414,CITES,2006.0,1991.0
32009D0360,32004L0035,CITES,2009.0,2004.0
32009D0360,32006L0012,CITES,2009.0,2006.0
32014H0218(01),62003CJ0286,CITES,2014.0,2003.0
32014H0218(01),62000CJ0055,CITES,2014.0,2000.0
32016D1795,32008L0068,CITES,2016.0,2008.0
32022D2255,32021D0891,CITES,2022.0,2021.0
32022D2255,32022D0728,CITES,2022.0,2022.0
32022D2255,32019D0903,CITES,2022.0,2019.0
32025D0394,32022D0266,CITES,2025.0,2022.0
32025D0394,12016P017,CITES,2025.0,2016.0
32025D0394,32014D0386,CITES,2025.0,2014.0
32025D0394,32022R0263,CITES,2025.0,2022.0
32025D0394,12016M006,CITES,2025.0,2016.0
32025D0394,32014R0833,CITES,2025.0,2014.0
32025D0394,32021R0821,CITES,2025.0,2021.0
32025D0394,12016P011,CITES,2025.0,2016.0
32025D0394,12016M030,CITES,2025.0,2016.0
32025D0394,12016P016,CITES,2025.0,2016.0
32025D0394,32014R0269,CITES,2025.0,2014.0
32025D0394,12016P/TXT,CITES,2025.0,2016.0
32025D0394,32015R2447,CITES,2025.0,2015.0
32017R1369,12016M005,CITES,2017.0,2016.0
32017R1369,32001L0095,CITES,2017.0,2001.0
32017R1369,12016E108,CITES,2017.0,2016.0
32017R1369,32012R1025,CITES,2017.0,2012.0
32017R1369,32008R0765,CITES,2017.0,2008.0
32017R1369,12016E107,CITES,2017.0,2016.0
32017R1369,32008D0768,CITES,2017.0,2008.0
32017R1369,32017D0046,CITES,2017.0,2017.0
32017R1369,12016E290,CITES,2017.0,2016.0
32017R1369,32016Q0512(01),CITES,2017.0,2016.0
32016L0097,32005L0029,CITES,2016.0,2005.0
32016L0097,32009L0138,CITES,2016.0,2009.0
32016L0097,32001R0045,CITES,2016.0,2001.0
32016L0097,32014R1286,CITES,2016.0,2014.0
32016L0097,31995L0046,CITES,2016.0,1995.0
32016L0097,32013R0575,CITES,2016.0,2013.0
32016L0097,32003L0041,CITES,2016.0,2003.0
32016L0097,32014L0092,CITES,2016.0,2014.0
32016L0097,32010R1094,CITES,2016.0,2010.0
32012R1190,32005R2073,CITES,2012.0,2005.0
32024L1226,12016M005,CITES,2024.0,2016.0
32024L1226,12016M/PRO/21,CITES,2024.0,2016.0
32024L1226,32014L0042,CITES,2024.0,2014.0
32024L1226,32014L0023,CITES,2024.0,2014.0
32024L1226,12016E215,CITES,2024.0,2016.0
32024L1226,32012L0013,CITES,2024.0,2012.0
32024L1226,32023R1114,CITES,2024.0,2023.0
32024L1226,12016P048,CITES,2024.0,2016.0
32024L1226,12016M021,CITES,2024.0,2016.0
32024L1226,12016P/TXT,CITES,2024.0,2016.0
32024L1226,12016E/PRO/21,CITES,2024.0,2016.0
32024L1226,12016E/PRO/22,CITES,2024.0,2016.0
32024L1226,32014L0024,CITES,2024.0,2014.0
32024L1226,32016L1919,CITES,2024.0,2016.0
32024L1226,12016M/PRO/22,CITES,2024.0,2016.0
32024L1226,32019L1937,CITES,2024.0,2019.0
32024L1226,32013L0048,CITES,2024.0,2013.0
32024L1226,32021R0821,CITES,2024.0,2021.0
32024L1226,32009L0081,CITES,2024.0,2009.0
32024L1226,32014L0025,CITES,2024.0,2014.0
32024L1226,12016M029,CITES,2024.0,2016.0
32013H0730(23),32012H0724(27),CITES,2013.0,2012.0
32013H0730(23),32013D0208,CITES,2013.0,2013.0
32012R0295,32010R1071,CITES,2012.0,2010.0
32012R0295,32010R0273,CITES,2012.0,2010.0
32012R0295,32008R0351,CITES,2012.0,2008.0
32008R1331,31999R0468,CITES,2008.0,1999.0
32008R1331,32008R1332,CITES,2008.0,2008.0
32024R0896,32010R1094,CITES,2024.0,2010.0
31995R0540,31965L0065,CITES,1995.0,1965.0
32022R2118,32016R0679,CITES,2022.0,2016.0
32022R2118,32010R1093,CITES,2022.0,2010.0
32022R2118,32013R0575,CITES,2022.0,2013.0
32012D0804(01),32009D1005,CITES,2012.0,2009.0
32009D0613,61995TJ0011,CITES,2009.0,1995.0
32009D0613,32005D0145,CITES,2009.0,2005.0
32017R1000,32004R0850,CITES,2017.0,2004.0
31998D0575,31989L0336,CITES,1998.0,1989.0
31998D0575,31973L0023,CITES,1998.0,1973.0
32006D0730,62003CJ0094,CITES,2006.0,2003.0
32022D1497,32006R1907,CITES,2022.0,2006.0
31998D0543,31989L0336,CITES,1998.0,1989.0
31998D0543,31973L0023,CITES,1998.0,1973.0
32024D1467,32007D0131,CITES,2024.0,2007.0
32014R1163,32013R0575,CITES,2014.0,2013.0
32014R1163,31998R2532,CITES,2014.0,1998.0
31996L0067,11992E061,CITES,1996.0,1992.0
31996L0067,31992R2409,CITES,1996.0,1992.0
31996L0067,31992R2407,CITES,1996.0,1992.0
31996L0067,11992E007A,CITES,1996.0,1992.0
31996L0067,11992E090,CITES,1996.0,1992.0
31996L0067,31992R2408,CITES,1996.0,1992.0
31996L0067,11992E059,CITES,1996.0,1992.0
32024D1213,32021R0696,CITES,2024.0,2021.0
32017R1131,31995L0046,CITES,2017.0,1995.0
32017R1131,12016E291,CITES,2017.0,2016.0
32017R1131,32012R0648,CITES,2017.0,2012.0
32017R1131,12016M005,CITES,2017.0,2016.0
32017R1131,32010R1095,CITES,2017.0,2010.0
32017R1131,12016E290,CITES,2017.0,2016.0
32017R1131,32016Q0512(01),CITES,2017.0,2016.0
32017R1131,32013R0231,CITES,2017.0,2013.0
32017R1131,12016P/TXT,CITES,2017.0,2016.0
32017R1131,32013R0575,CITES,2017.0,2013.0
32017R1131,32015L0849,CITES,2017.0,2015.0
32017R1131,32013L0014,CITES,2017.0,2013.0
32017R1131,32009L0065,CITES,2017.0,2009.0
32017R1131,32001R0045,CITES,2017.0,2001.0
32022R2577,32000L0060,CITES,2022.0,2000.0
32022R2577,32011L0092,CITES,2022.0,2011.0
32022R2577,32018L2001,CITES,2022.0,2018.0
32022R2577,12016M005,CITES,2022.0,2016.0
32022R2577,32022R1032,CITES,2022.0,2022.0
32023D0598,32021R0696,CITES,2023.0,2021.0
32022D2355,12016M021,CITES,2022.0,2016.0
31998H0511,31990L0387,CITES,1998.0,1990.0
32003D0529,11997D/PRO/05,CITES,2003.0,1997.0
32021D1956,32015D0444,CITES,2021.0,2015.0
32021D1956,12016E/TXT,CITES,2021.0,2016.0
32021D1956,12016M/TXT,CITES,2021.0,2016.0
32023D1059,32021D0689,CITES,2023.0,2021.0
32023D1059,12020W/TXT,CITES,2023.0,2020.0
32019D0327(01),32018R1971,CITES,2019.0,2018.0
32019D0327(01),12016M017,CITES,2019.0,2016.0
32021D1875,12016E/TXT,CITES,2021.0,2016.0
32021D1875,32021D0689,CITES,2021.0,2021.0
32021D1875,32021D1765,CITES,2021.0,2021.0
32021D1875,32008L0056,CITES,2021.0,2008.0
32024L2994,32010R1093,CITES,2024.0,2010.0
32024L2994,32024R2987,CITES,2024.0,2024.0
32024L2994,12016M005,CITES,2024.0,2016.0
32024L2994,32013R0575,CITES,2024.0,2013.0
32024L2994,32019R2033,CITES,2024.0,2019.0
32024L2994,32012R0648,CITES,2024.0,2012.0
32008D0711,31999Y1009(01),CITES,2008.0,1999.0
32008D0711,62004CJ0148,CITES,2008.0,2004.0
32008D0711,32000D0600,CITES,2008.0,2000.0
32008D0711,32006R1998,CITES,2008.0,2006.0
32008D0711,31990L0434,CITES,2008.0,1990.0
32008D0711,32004R0794,CITES,2008.0,2004.0
32008D0711,31999R0659,CITES,2008.0,1999.0
32008D0711,31999D0288,CITES,2008.0,1999.0
32022R0094,31991L0414,CITES,2022.0,1991.0
32022R0094,32012R0844,CITES,2022.0,2012.0
32021R2154,32019R2033,CITES,2021.0,2019.0
32021R2154,32021R0923,CITES,2021.0,2021.0
32021R2154,32013R0575,CITES,2021.0,2013.0
32021R2154,32010R1093,CITES,2021.0,2010.0
32015R1378,32008R1331,CITES,2015.0,2008.0
32016R0055,32012R0872,CITES,2016.0,2012.0
32022R0626,32022D0266,CITES,2022.0,2022.0
32022R0626,32014R0269,CITES,2022.0,2014.0
32022R0334,32019D0709,CITES,2022.0,2019.0
32022R0334,32014D0512,CITES,2022.0,2014.0
32022R0334,12016E/TXT,CITES,2022.0,2016.0
32023R2691,32006R0473,CITES,2023.0,2006.0
32023R2691,32007R0235,CITES,2023.0,2007.0
32023R2691,32020R0736,CITES,2023.0,2020.0
32023R2691,32018R1139,CITES,2023.0,2018.0
32024D1983,32022D2481,CITES,2024.0,2022.0
32024D1983,32018L1972,CITES,2024.0,2018.0
32024D1983,32014L0053,CITES,2024.0,2014.0
32024R0371,32024R0370,CITES,2024.0,2024.0
32023D2505,32021D0689,CITES,2023.0,2021.0
32015R0491,32006R1907,CITES,2015.0,2006.0
32020D0903,32018D2009,CITES,2020.0,2018.0
32020D0903,12016M021,CITES,2020.0,2016.0
32020D0903,32019D2077,CITES,2020.0,2019.0
32021D1027,32019D0792,CITES,2021.0,2019.0
32021D0891,32019R0123,CITES,2021.0,2019.0
32023R1230,12016M005,CITES,2023.0,2016.0
32023R1230,32019L0882,CITES,2023.0,2019.0
32023R1230,32014L0053,CITES,2023.0,2014.0
32023R1230,32008R0765,CITES,2023.0,2008.0
32023R1230,32014L0035,CITES,2023.0,2014.0
32023R1230,32016Q0512(01),CITES,2023.0,2016.0
32023R1230,32018R0858,CITES,2023.0,2018.0
32023R1230,12016E290,CITES,2023.0,2016.0
32023R1230,32019R1020,CITES,2023.0,2019.0
32023R1230,32012R1025,CITES,2023.0,2012.0
32023R1230,32019R0881,CITES,2023.0,2019.0
32023R1230,32018R1139,CITES,2023.0,2018.0
32023R1230,32008D0768,CITES,2023.0,2008.0
32024R2462,32016R0425,CITES,2024.0,2016.0
32024R2462,32017R0745,CITES,2024.0,2017.0
32024R2462,32017R0746,CITES,2024.0,2017.0
32024R2462,32019R1021,CITES,2024.0,2019.0
32015D2363,32015R1515,CITES,2015.0,2015.0
32015D2363,32015R0227,CITES,2015.0,2015.0
32015D2363,32014R0600,CITES,2015.0,2014.0
32015D2363,32014R1187,CITES,2015.0,2014.0
32015D2363,32015L0849,CITES,2015.0,2015.0
32015D2363,32015R0488,CITES,2015.0,2015.0
32015D2363,32015R0850,CITES,2015.0,2015.0
32015D2363,32015R0079,CITES,2015.0,2015.0
32021D0477,32007D0848,CITES,2021.0,2007.0
32021D0477,32007D0849,CITES,2021.0,2007.0
32017D0758,32006R1907,CITES,2017.0,2006.0
32017D0758,32017R0227,CITES,2017.0,2017.0
32017D0758,32004R0850,CITES,2017.0,2004.0
32017D0758,32012R0519,CITES,2017.0,2012.0
32017D0758,32015R2030,CITES,2017.0,2015.0
32024R2494,32010R1093,CITES,2024.0,2010.0
32024R2494,32010R1095,CITES,2024.0,2010.0
31999R1225,31998R0410,CITES,1999.0,1998.0
32003L0004,31995L0046,CITES,2003.0,1995.0
32023D1053,32021R0696,CITES,2023.0,2021.0
31998D0542,31989L0336,CITES,1998.0,1989.0
31998D0542,31973L0023,CITES,1998.0,1973.0
32022R1650,32019R2033,CITES,2022.0,2019.0
32022R1650,32010R1095,CITES,2022.0,2010.0
32022R1650,12016M/TXT,CITES,2022.0,2016.0
32022R1650,12016E/TXT,CITES,2022.0,2016.0
32022R1650,12016M050,CITES,2022.0,2016.0
32022D1842,32022R1032,CITES,2022.0,2022.0
32022D0911,32012O0027,CITES,2022.0,2012.0
32022D0911,32021R0378,CITES,2022.0,2021.0
32021D1486,12016E/TXT,CITES,2021.0,2016.0
32021D1486,32016L0680,CITES,2021.0,2016.0
32021D1486,32016R0679,CITES,2021.0,2016.0
32021D1486,12016M/TXT,CITES,2021.0,2016.0
32021D1486,32020D0655,CITES,2021.0,2020.0
32013R0057,32012R0674,CITES,2013.0,2012.0
32018D0010,12006E087,CITES,2018.0,2006.0
32018D0010,62004TJ0196,CITES,2018.0,2004.0
32018D0010,61998TJ0128,CITES,2018.0,1998.0
32018D0010,32011D0060,CITES,2018.0,2011.0
32018D0010,31992R2407,CITES,2018.0,1992.0
32018D0010,31992R2408,CITES,2018.0,1992.0
32018D0010,12016E/TXT,CITES,2018.0,2016.0
32018D0010,31992R2409,CITES,2018.0,1992.0
32018D0010,61999CJ0482,CITES,2018.0,1999.0
32018D0010,12016E107,CITES,2018.0,2016.0
32018D0010,12006E088,CITES,2018.0,2006.0
31999D0834,31998L0008,CITES,1999.0,1998.0
31999D0834,31976L0769,CITES,1999.0,1976.0
31999D0834,11992E100A,CITES,1999.0,1992.0
31999D0834,31994L0069,CITES,1999.0,1994.0
31999D0834,31967L0548,CITES,1999.0,1967.0
31999D0834,31994L0060,CITES,1999.0,1994.0
31999D0835,31994L0069,CITES,1999.0,1994.0
31999D0835,31998L0008,CITES,1999.0,1998.0
31999D0835,31967L0548,CITES,1999.0,1967.0
31999D0835,31994L0060,CITES,1999.0,1994.0
31999D0835,11992E100A,CITES,1999.0,1992.0
31999D0835,31976L0769,CITES,1999.0,1976.0
32015R0488,32010R1093,CITES,2015.0,2010.0
32003R0807,31987D0373,CITES,2003.0,1987.0
32003R0807,31999D0468,CITES,2003.0,1999.0
32019R2155,32014R0680,CITES,2019.0,2014.0
32019R2155,32013R0575,CITES,2019.0,2013.0
32010A1222(01),31996L0029,CITES,2010.0,1996.0
32019D0327(05),32018R1971,CITES,2019.0,2018.0
32019D0327(05),12016M017,CITES,2019.0,2016.0
32023D1218,32014R0833,CITES,2023.0,2014.0
32023D1218,32022D0266,CITES,2023.0,2022.0
32023D1218,32014R0269,CITES,2023.0,2014.0
32023D1218,32014D0512,CITES,2023.0,2014.0
32023D1218,32022R0263,CITES,2023.0,2022.0
32023D1218,32014D0386,CITES,2023.0,2014.0
32013H0730(19),32012H0724(23),CITES,2013.0,2012.0
32013H0730(19),32013D0208,CITES,2013.0,2013.0
32023R1626,32010R1095,CITES,2023.0,2010.0
32016D2238,32008E0736,CITES,2016.0,2008.0
32016D2238,12016M021,CITES,2016.0,2016.0
32017D1792,12016M016,CITES,2017.0,2016.0
32013R1304,32013R1301,CITES,2013.0,2013.0
32013R1304,12012E148,CITES,2013.0,2012.0
32013R1304,12012E121,CITES,2013.0,2012.0
32013R1304,32013R1303,CITES,2013.0,2013.0
32014D0915,32008E0736,CITES,2014.0,2008.0
32021D2134,12016M021,CITES,2021.0,2016.0
32024R1109,32024R1107,CITES,2024.0,2024.0
31991L0675,11957E148,CITES,1991.0,1957.0
31991L0675,31987D0373,CITES,1991.0,1987.0
32011R0101,32001R0045,CITES,2011.0,2001.0
32011R0101,31995L0046,CITES,2011.0,1995.0
32011R0101,12010P/TXT,CITES,2011.0,2010.0
32014R0447,32012R1268,CITES,2014.0,2012.0
32014R0447,32003L0087,CITES,2014.0,2003.0
32014R0447,32014R0232,CITES,2014.0,2014.0
32014R0447,32013R1303,CITES,2014.0,2013.0
32014R0447,32013R1305,CITES,2014.0,2013.0
32014R0447,32012R0966,CITES,2014.0,2012.0
32014R0447,32001R0045,CITES,2014.0,2001.0
32014R0447,32006R1085,CITES,2014.0,2006.0
32023R1193,32012R0648,CITES,2023.0,2012.0
32023R1193,32010R1095,CITES,2023.0,2010.0
32022R1622,12016EN02,CITES,2022.0,2016.0
32022R1622,32010R1093,CITES,2022.0,2010.0
32018R1916,32016D0929(01),CITES,2018.0,2016.0
32018R1916,32012R0844,CITES,2018.0,2012.0
32004L0023,31976L0768,CITES,2004.0,1976.0
32004L0023,31999D0468,CITES,2004.0,1999.0
32004L0023,31995L0046,CITES,2004.0,1995.0
32004L0023,32000X1218(01),CITES,2004.0,2000.0
32019R2160,32010R1093,CITES,2019.0,2010.0
32019R2160,32019L2162,CITES,2019.0,2019.0
32020D2228,12016M005,CITES,2020.0,2016.0
32020D2228,32014R0642,CITES,2020.0,2014.0
32020D2228,32012L0034,CITES,2020.0,2012.0
32019L0169,32006R1907,CITES,2019.0,2006.0
32020D1729,32005R2073,CITES,2020.0,2005.0
32020D1729,32003R2160,CITES,2020.0,2003.0
32020D1729,32004R0853,CITES,2020.0,2004.0
32022D2572,32021R2115,CITES,2022.0,2021.0
32022D2572,32016Q0512(01),CITES,2022.0,2016.0
32022R2060,32014R0600,CITES,2022.0,2014.0
32022R2060,32010R1093,CITES,2022.0,2010.0
32022R2060,32021R0451,CITES,2022.0,2021.0
32018R0728,32010R1093,CITES,2018.0,2010.0
32018R0728,32012R0648,CITES,2018.0,2012.0
32003R1830,32000X1218(01),CITES,2003.0,2000.0
32003R1830,31999D0468,CITES,2003.0,1999.0
32003R1830,31993R2309,CITES,2003.0,1993.0
32003R1830,32000L0013,CITES,2003.0,2000.0
32018D0943,32017D1193,CITES,2018.0,2017.0
32020R1230,32020R1229,CITES,2020.0,2020.0
32020R1230,32012R0648,CITES,2020.0,2012.0
32020R1230,32020R1225,CITES,2020.0,2020.0
32020R1230,32010R1095,CITES,2020.0,2010.0
32020R1230,32020R1227,CITES,2020.0,2020.0
32020R1230,32020R1224,CITES,2020.0,2020.0
32023D2874,32014R0269,CITES,2023.0,2014.0
32023D2874,32022D0266,CITES,2023.0,2022.0
32023D2874,32022R0263,CITES,2023.0,2022.0
32023D2874,32014D0386,CITES,2023.0,2014.0
32023D2874,32014R0833,CITES,2023.0,2014.0
32011L0076,32004L0052,CITES,2011.0,2004.0
32011L0076,32006R1083,CITES,2011.0,2006.0
32011L0076,32003Q1231(01),CITES,2011.0,2003.0
32011L0076,32010D0661,CITES,2011.0,2010.0
32020R1273,32014R1286,CITES,2020.0,2014.0
32020R1273,32014R0537,CITES,2020.0,2014.0
32006L0112,31999L0093,CITES,2006.0,1999.0
32006L0112,32005L0060,CITES,2006.0,2005.0
32010R0276,32009D0425,CITES,2010.0,2009.0
32010R0276,32009D0455,CITES,2010.0,2009.0
32010R0276,31976L0769,CITES,2010.0,1976.0
32010R0276,32009D0424,CITES,2010.0,2009.0
32019R1213,32014L0032,CITES,2019.0,2014.0
32019R1213,32010L0040,CITES,2019.0,2010.0
32019R1213,32014L0045,CITES,2019.0,2014.0
32019R1213,32014R0165,CITES,2019.0,2014.0
32016R1447,32009L0072,CITES,2016.0,2009.0
32016R1447,32016R1388,CITES,2016.0,2016.0
32016R1447,32015R1222,CITES,2016.0,2015.0
32016R1447,32016R0631,CITES,2016.0,2016.0
31989D0630,31989D0357,CITES,1989.0,1989.0
32018R0675,32017R0776,CITES,2018.0,2017.0
32020R1593,32006R1041,CITES,2020.0,2006.0
32022R1519,32006R1907,CITES,2022.0,2006.0
32022R1519,32019R1021,CITES,2022.0,2019.0
32020L0366,31998L0079,CITES,2020.0,1998.0
32020L0366,32006R1907,CITES,2020.0,2006.0
32021R0923,32013R0575,CITES,2021.0,2013.0
32021R0923,32010R1093,CITES,2021.0,2010.0
32021R0923,32014L0059,CITES,2021.0,2014.0
32021R0923,32019L2034,CITES,2021.0,2019.0
32014L0059,32010R1092,CITES,2014.0,2010.0
32014L0059,32014L0059,CITES,2014.0,2014.0
32014L0059,32003H0361,CITES,2014.0,2003.0
32014L0059,32003L0071,CITES,2014.0,2003.0
32014L0059,32001L0023,CITES,2014.0,2001.0
32014L0059,32010R1095,CITES,2014.0,2010.0
32014L0059,32010R1094,CITES,2014.0,2010.0
32014L0059,32014R0596,CITES,2014.0,2014.0
32014L0059,31997L0009,CITES,2014.0,1997.0
32014L0059,32008R0593,CITES,2014.0,2008.0
32014L0059,32009L0065,CITES,2014.0,2009.0
32014L0059,32013R0575,CITES,2014.0,2013.0
32011H0716(03),32011D0308,CITES,2011.0,2011.0
32014D0951,32014D0775,CITES,2014.0,2014.0
32024L2842,32000L0078,CITES,2024.0,2000.0
32024L2842,32024L2841,CITES,2024.0,2024.0
32024L2842,12016M/PRO/22,CITES,2024.0,2016.0
32024L2842,32000L0043,CITES,2024.0,2000.0
32024L2842,12016E/PRO/22,CITES,2024.0,2016.0
32024L2842,12016E/PRO/21,CITES,2024.0,2016.0
32024L2842,12016M/PRO/21,CITES,2024.0,2016.0
32024L2842,32004L0113,CITES,2024.0,2004.0
32024L2842,12016M005,CITES,2024.0,2016.0
32025R0849,32016R0679,CITES,2025.0,2016.0
32025R0849,32002L0058,CITES,2025.0,2002.0
32025R0849,32021H0946,CITES,2025.0,2021.0
31998D0190,61991CJ0320,CITES,1998.0,1991.0
31998D0190,61990CJ0179,CITES,1998.0,1990.0
31998D0190,61973CJ0127,CITES,1998.0,1973.0
31998D0190,11992E086,CITES,1998.0,1992.0
31998D0190,11992E090,CITES,1998.0,1992.0
31998D0190,61984CJ0311,CITES,1998.0,1984.0
31998D0190,31996L0067,CITES,1998.0,1996.0
32002H0077,31998D2119,CITES,2002.0,1998.0
32002H0077,31999Y0713(01),CITES,2002.0,1999.0
32021O0889,32013R0575,CITES,2021.0,2013.0
32015R0275,32011D0101,CITES,2015.0,2011.0
32023R0706,12016M005,CITES,2023.0,2016.0
32023R0706,32019R0941,CITES,2023.0,2019.0
32023R0706,32017R1938,CITES,2023.0,2017.0
32019D1184,12016M002,CITES,2019.0,2016.0
32019D1184,12016E/TXT,CITES,2019.0,2016.0
32019D1184,12016M/TXT,CITES,2019.0,2016.0
32019D1184,12016E114,CITES,2019.0,2016.0
32015D0664,12012M/PRO/22,CITES,2015.0,2012.0
32015D0664,32013D0488,CITES,2015.0,2013.0
32015D0664,12012E/PRO/22,CITES,2015.0,2012.0
32020R1043,12016M/PRO/01,CITES,2020.0,2016.0
32020R1043,32009L0041,CITES,2020.0,2009.0
32020R1043,12016M005,CITES,2020.0,2016.0
32020R1043,32013D1082,CITES,2020.0,2013.0
32020R1043,12016A/PRO/01,CITES,2020.0,2016.0
32020R1043,12016E/PRO/01,CITES,2020.0,2016.0
32024D1470,32014R0833,CITES,2024.0,2014.0
32024D1470,12016P052,CITES,2024.0,2016.0
32024D1470,32014R0909,CITES,2024.0,2014.0
32024D1470,32022D0335,CITES,2024.0,2022.0
32024D1470,12016P017,CITES,2024.0,2016.0
32023R2381,32014R0165,CITES,2023.0,2014.0
32023R2381,32020R1055,CITES,2023.0,2020.0
32022L0282,32006R1907,CITES,2022.0,2006.0
32022L0280,32006R1907,CITES,2022.0,2006.0
32022D0895,12016E/TXT,CITES,2022.0,2016.0
32022D0895,32016L0680,CITES,2022.0,2016.0
32022D0895,32012L0013,CITES,2022.0,2012.0
32022D0895,32018R1727,CITES,2022.0,2018.0
32022D0895,12016E/PRO/22,CITES,2022.0,2016.0
32022D0895,32019L0713,CITES,2022.0,2019.0
32022D0895,32014L0041,CITES,2022.0,2014.0
32022D0895,32013L0048,CITES,2022.0,2013.0
32022D0895,32016L1919,CITES,2022.0,2016.0
32022D0895,12016M/PRO/22,CITES,2022.0,2016.0
32022D0895,32016R0679,CITES,2022.0,2016.0
32022D0895,12016E/PRO/21,CITES,2022.0,2016.0
32022D0895,12016M/TXT,CITES,2022.0,2016.0
32022D0895,12016M/PRO/21,CITES,2022.0,2016.0
32014R0802,32002L0058,CITES,2014.0,2002.0
32014R0802,31999L0093,CITES,2014.0,1999.0
32021R1349,32010R1095,CITES,2021.0,2010.0
32021R1349,32019R2175,CITES,2021.0,2019.0
32014L0092,32012R0260,CITES,2014.0,2012.0
32014L0092,31971R1408,CITES,2014.0,1971.0
32014L0092,32005L0060,CITES,2014.0,2005.0
32014L0092,32010R1093,CITES,2014.0,2010.0
32014L0092,32011H0442,CITES,2014.0,2011.0
32014L0092,32007L0046,CITES,2014.0,2007.0
32014L0092,31995L0046,CITES,2014.0,1995.0
32014L0092,32008L0048,CITES,2014.0,2008.0
32014L0092,32003R0859,CITES,2014.0,2003.0
32014L0092,32013R0575,CITES,2014.0,2013.0
32020R1304,32013R0152,CITES,2020.0,2013.0
32005R2111,31999D0468,CITES,2005.0,1999.0
32005R2111,32004R0261,CITES,2005.0,2004.0
32021R1118,32013R0575,CITES,2021.0,2013.0
32021R1118,32010R1093,CITES,2021.0,2010.0
32020R0696,12016E/PRO/01,CITES,2020.0,2016.0
32020R0696,32014L0025,CITES,2020.0,2014.0
32020R0696,32016Q0512(01),CITES,2020.0,2016.0
32020R0696,12016M005,CITES,2020.0,2016.0
32020R0696,12016A/PRO/01,CITES,2020.0,2016.0
32020R0696,12016M/PRO/01,CITES,2020.0,2016.0
32020R0696,31996L0067,CITES,2020.0,1996.0
32020R0696,12016E290,CITES,2020.0,2016.0
32011D0914(01),32004R0854,CITES,2011.0,2004.0
32011D0914(01),32003R2160,CITES,2011.0,2003.0
32011D0914(01),32005R2073,CITES,2011.0,2005.0
32024L1385,32019L0882,CITES,2024.0,2019.0
32024L1385,12016P021,CITES,2024.0,2016.0
32024L1385,32002L0058,CITES,2024.0,2002.0
32024L1385,12016M002,CITES,2024.0,2016.0
32024L1385,32022R2065,CITES,2024.0,2022.0
32024L1385,32012L0029,CITES,2024.0,2012.0
32024L1385,12016E288,CITES,2024.0,2016.0
32024L1385,12016P011,CITES,2024.0,2016.0
32024L1385,12016M006,CITES,2024.0,2016.0
32024L1385,32004L0113,CITES,2024.0,2004.0
32024L1385,12016E/PRO/21,CITES,2024.0,2016.0
32024L1385,32011L0099,CITES,2024.0,2011.0
32024L1385,32013R0606,CITES,2024.0,2013.0
32024L1385,12016P007,CITES,2024.0,2016.0
32024L1385,12016E/PRO/22,CITES,2024.0,2016.0
32024L1385,12016P024,CITES,2024.0,2016.0
32024L1385,12016M005,CITES,2024.0,2016.0
32024L1385,32016L0680,CITES,2024.0,2016.0
32024L1385,12016P/TXT,CITES,2024.0,2016.0
32024L1385,32016R0679,CITES,2024.0,2016.0
32024L1385,12016M/PRO/21,CITES,2024.0,2016.0
32024L1385,12016M/PRO/22,CITES,2024.0,2016.0
32024L1385,32018R1727,CITES,2024.0,2018.0
32020R2254,32020D2252,CITES,2020.0,2020.0
32023R1615,32010R1095,CITES,2023.0,2010.0
32023R1615,32012R0648,CITES,2023.0,2012.0
32017R0180,32010R1093,CITES,2017.0,2010.0
32017R0180,32013R0575,CITES,2017.0,2013.0
32023R2482,31993L0042,CITES,2023.0,1993.0
32023R2482,31998L0079,CITES,2023.0,1998.0
32023R2482,32021R2045,CITES,2023.0,2021.0
32023R2482,32017R0745,CITES,2023.0,2017.0
32023R2482,31990L0385,CITES,2023.0,1990.0
32023R2482,32017R0746,CITES,2023.0,2017.0
32023R2482,32022R0112,CITES,2023.0,2022.0
32023Q02511,12016M/TXT,CITES,2023.0,2016.0
32023Q02511,32002L0058,CITES,2023.0,2002.0
32023Q02511,32016L0680,CITES,2023.0,2016.0
32023Q02511,12016E/TXT,CITES,2023.0,2016.0
32023Q02511,32016R0679,CITES,2023.0,2016.0
32024R1923,32022R0063,CITES,2024.0,2022.0
32020D2252,12016A/TXT,CITES,2020.0,2016.0
32020D2252,12016E/TXT,CITES,2020.0,2016.0
32020D2252,12016M004,CITES,2020.0,2016.0
32020D2252,32014R0654,CITES,2020.0,2014.0
32020D2252,12016M050,CITES,2020.0,2016.0
32020D2252,12016M017,CITES,2020.0,2016.0
32020D2252,12020W/TXT,CITES,2020.0,2020.0
32020D2252,12016M/TXT,CITES,2020.0,2016.0
32020D2252,12016M016,CITES,2020.0,2016.0
32014R1286,32009L0065,CITES,2014.0,2009.0
32014R1286,32014R0600,CITES,2014.0,2014.0
32014R1286,32010R1094,CITES,2014.0,2010.0
32014R1286,32010R1093,CITES,2014.0,2010.0
32014R1286,32013R0346,CITES,2014.0,2013.0
32014R1286,32003L0071,CITES,2014.0,2003.0
32014R1286,32003L0041,CITES,2014.0,2003.0
32014R1286,32001R0045,CITES,2014.0,2001.0
32014R1286,32009L0138,CITES,2014.0,2009.0
32014R1286,32010R1095,CITES,2014.0,2010.0
32014R1286,31995L0046,CITES,2014.0,1995.0
32014R1286,32002L0092,CITES,2014.0,2002.0
32016R0324,32009L0039,CITES,2016.0,2009.0
32016R0324,31994L0036,CITES,2016.0,1994.0
32016R0324,32013R0609,CITES,2016.0,2013.0
32016R0324,31995L0002,CITES,2016.0,1995.0
32016R0324,31994L0035,CITES,2016.0,1994.0
32015H0682,32013R0609,CITES,2015.0,2013.0
32015H0682,32007R0333,CITES,2015.0,2007.0
32015R1222,32009R0713,CITES,2015.0,2009.0
32015R1222,32009L0072,CITES,2015.0,2009.0
32015R1222,32013R0543,CITES,2015.0,2013.0
31983D0573,31977D0587,CITES,1983.0,1977.0
31983D0573,31978D0774,CITES,1983.0,1978.0
32019D0327(02),12016M017,CITES,2019.0,2016.0
32019D0327(02),32018R1971,CITES,2019.0,2018.0
32015D1055,32014D0132,CITES,2015.0,2014.0
32015D1055,32013R0390,CITES,2015.0,2013.0
32022R0112,31998L0079,CITES,2022.0,1998.0
32022R0112,31990L0385,CITES,2022.0,1990.0
32022R0112,32017R0745,CITES,2022.0,2017.0
32022R0112,31993L0042,CITES,2022.0,1993.0
32022R0112,12016M/PRO/01,CITES,2022.0,2016.0
32022R0112,12016M005,CITES,2022.0,2016.0
32022R0112,12016E/PRO/01,CITES,2022.0,2016.0
32009D0341,32005D0418,CITES,2009.0,2005.0
32009D0341,32005D0345,CITES,2009.0,2005.0
32009D0341,32008D0137,CITES,2009.0,2008.0
32019R0801,32008R1331,CITES,2019.0,2008.0
32019R0505,12019W/TXT,CITES,2019.0,2019.0
32019R0505,12016M/TXT,CITES,2019.0,2016.0
32019R0505,12016E/TXT,CITES,2019.0,2016.0
32019R0505,12016M050,CITES,2019.0,2016.0
32004R0549,31999D0468,CITES,2004.0,1999.0
32004R0549,31998D0500,CITES,2004.0,1998.0
32004R0549,32004R0551,CITES,2004.0,2004.0
32004R0549,32004R0552,CITES,2004.0,2004.0
32004R0549,32001Y0206(01),CITES,2004.0,2001.0
32021R1237,32021R0695,CITES,2021.0,2021.0
32021R1237,32000L0060,CITES,2021.0,2000.0
32021R1237,12016E185,CITES,2021.0,2016.0
32021R1237,32012D0021,CITES,2021.0,2012.0
32021R1237,32018L2001,CITES,2021.0,2018.0
32021R1237,32018R1488,CITES,2021.0,2018.0
32021R1237,32013R1315,CITES,2021.0,2013.0
32021R1237,32013R1305,CITES,2021.0,2013.0
32021R1237,12016E107,CITES,2021.0,2016.0
32021R1237,32021R1060,CITES,2021.0,2021.0
32021R1237,32021R1153,CITES,2021.0,2021.0
32021R1237,32013R1303,CITES,2021.0,2013.0
32021R1237,32004R0794,CITES,2021.0,2004.0
32021R1237,32012L0027,CITES,2021.0,2012.0
32021R1237,32012L0034,CITES,2021.0,2012.0
32021R1237,12016E187,CITES,2021.0,2016.0
32021R1237,32013R0347,CITES,2021.0,2013.0
32021R1237,32014R0717,CITES,2021.0,2014.0
32021R1237,32021R0523,CITES,2021.0,2021.0
32021R1237,12016E106,CITES,2021.0,2016.0
32013R0145,32011D0101,CITES,2013.0,2011.0
32022L0431,32006R1907,CITES,2022.0,2006.0
32022L0431,12016M005,CITES,2022.0,2016.0
32022L0431,31989L0391,CITES,2022.0,1989.0
32022L0431,32017C1213(01),CITES,2022.0,2017.0
32024D1738,32014R0269,CITES,2024.0,2014.0
32024D1738,32014R0909,CITES,2024.0,2014.0
32017D2376,32017D1985,CITES,2017.0,2017.0
32014R1297,32006R1907,CITES,2014.0,2006.0
32014R0655,32013R0575,CITES,2014.0,2013.0
32014R0655,32012R1215,CITES,2014.0,2012.0
32014R0655,31995L0046,CITES,2014.0,1995.0
32013A0824(01),32002R0063,CITES,2013.0,2002.0
32013A0824(01),32013R0575,CITES,2013.0,2013.0
32013A0824(01),32009R0025,CITES,2013.0,2009.0
32019R2023,32006L0042,CITES,2019.0,2006.0
32019R2023,32014L0053,CITES,2019.0,2014.0
32019R2023,32014L0035,CITES,2019.0,2014.0
32019R2023,32017R1369,CITES,2019.0,2017.0
32019R2023,32012R1025,CITES,2019.0,2012.0
32016L2102,32016Q0512(01),CITES,2016.0,2016.0
32016L2102,32013R1291,CITES,2016.0,2013.0
32016L2102,12016E290,CITES,2016.0,2016.0
32016L2102,12016P047,CITES,2016.0,2016.0
32016L2102,32013R1303,CITES,2016.0,2013.0
32016L2102,32012R1025,CITES,2016.0,2012.0
32016L2102,32014L0024,CITES,2016.0,2014.0
32016L2102,32013R1304,CITES,2016.0,2013.0
32016L2102,32000L0078,CITES,2016.0,2000.0
32016L2102,32014L0025,CITES,2016.0,2014.0
32016L2102,12016P011,CITES,2016.0,2016.0
32016L2102,12016M005,CITES,2016.0,2016.0
32010D0452,32008E0736,CITES,2010.0,2008.0
32010D0452,32001D0264,CITES,2010.0,2001.0
32020D2182,32006R1907,CITES,2020.0,2006.0
32020D2182,32009R1107,CITES,2020.0,2009.0
32020D2182,32019R1021,CITES,2020.0,2019.0
32021O0835,32021O0834,CITES,2021.0,2021.0
32021O0835,32013R1071,CITES,2021.0,2013.0
32021O0835,32013R1409,CITES,2021.0,2013.0
32021O0835,32021R0379,CITES,2021.0,2021.0
32017R0981,32010R1095,CITES,2017.0,2010.0
32016R0425,32012R1025,CITES,2016.0,2012.0
32016R0425,32008D0768,CITES,2016.0,2008.0
32016R0425,32008R0765,CITES,2016.0,2008.0
32003R1334,31998R2316,CITES,2003.0,1998.0
32023D2819,32023D2817,CITES,2023.0,2023.0
32012H0724(27),32012D0238,CITES,2012.0,2012.0
32020D1025,62014TJ0463,CITES,2020.0,2014.0
32020D1025,32012L0034,CITES,2020.0,2012.0
32020D1025,32010R0913,CITES,2020.0,2010.0
32020D1025,12016E101,CITES,2020.0,2016.0
32020D1025,12016E102,CITES,2020.0,2016.0
32023R2633,32022R1032,CITES,2023.0,2022.0
32023R2633,32022R1369,CITES,2023.0,2022.0
32023R2633,32022R2576,CITES,2023.0,2022.0
32023R2633,32023R0706,CITES,2023.0,2023.0
32024D1715,12016M021,CITES,2024.0,2016.0
32020R0592,12016E349,CITES,2020.0,2016.0
32019R0503,12016M/PRO/01,CITES,2019.0,2016.0
32019R0503,12016E/PRO/01,CITES,2019.0,2016.0
32019R0503,12016M005,CITES,2019.0,2016.0
32019R0503,12016M/TXT,CITES,2019.0,2016.0
32019R0503,12019W/TXT,CITES,2019.0,2019.0
32019R0503,32004L0049,CITES,2019.0,2004.0
32019R0503,32016L0797,CITES,2019.0,2016.0
32019R0503,12016E/TXT,CITES,2019.0,2016.0
32019R0503,12016M050,CITES,2019.0,2016.0
32019R0503,32012L0034,CITES,2019.0,2012.0
32022D0777,32021D0891,CITES,2022.0,2021.0
32022D0777,32019D0903,CITES,2022.0,2019.0
32024R2865,32009R1107,CITES,2024.0,2009.0
32024R2865,12016E290,CITES,2024.0,2016.0
32024R2865,32019R1020,CITES,2024.0,2019.0
32024R2865,12016M005,CITES,2024.0,2016.0
32024R2865,32006R1907,CITES,2024.0,2006.0
32024R2865,32020R1435,CITES,2024.0,2020.0
32024R2865,32017R2100,CITES,2024.0,2017.0
32024R2865,31998L0008,CITES,2024.0,1998.0
32024R2865,32018R0605,CITES,2024.0,2018.0
32024R2865,32023R0707,CITES,2024.0,2023.0
32024R2865,32022R2065,CITES,2024.0,2022.0
32022D0567,32021D0689,CITES,2022.0,2021.0
32022D0771,32019D0903,CITES,2022.0,2019.0
32022D0771,32021D0891,CITES,2022.0,2021.0
32022D0774,32019D0903,CITES,2022.0,2019.0
32022D0774,32021D0891,CITES,2022.0,2021.0
32022L0281,32006R1907,CITES,2022.0,2006.0
32025D0396,32022D1908,CITES,2025.0,2022.0
32025D0396,62011CJ0072,CITES,2025.0,2011.0
32025D0396,32014D0512,CITES,2025.0,2014.0
32009D0537,32004R0853,CITES,2009.0,2004.0
32021D1221(01),32018R1563,CITES,2021.0,2018.0
32021D1221(01),32012D0093,CITES,2021.0,2012.0
32021D1221(01),32006D0976,CITES,2021.0,2006.0
32021D1221(01),32013R1291,CITES,2021.0,2013.0
32021D1221(01),32013R1290,CITES,2021.0,2013.0
32021D1221(01),32018R1046,CITES,2021.0,2018.0
32021D1221(01),32013R1314,CITES,2021.0,2013.0
32021D1221(01),32006D1982,CITES,2021.0,2006.0
32021D1741,32021R0522,CITES,2021.0,2021.0
32023D2740,32023D0162,CITES,2023.0,2023.0
31968R0421,31967R0422,CITES,1968.0,1967.0
32003R0806,31998L0029,AMENDS,2003.0,1998.0
32003R0806,31995D0408,AMENDS,2003.0,1995.0
32003R0806,31991L0414,AMENDS,2003.0,1991.0
32003R0806,31990D0424,AMENDS,2003.0,1990.0
32003R0806,31991L0493,AMENDS,2003.0,1991.0
32003R0806,31995L0069,AMENDS,2003.0,1995.0
32003R0806,31989L0662,AMENDS,2003.0,1989.0
32003R0806,31991L0492,AMENDS,2003.0,1991.0
32003R0806,31993L0074,AMENDS,2003.0,1993.0
32003R0806,31996L0025,AMENDS,2003.0,1996.0
32003R0806,31996L0023,AMENDS,2003.0,1996.0
32003R0806,31999R1493,AMENDS,2003.0,1999.0
32015R1731,32006R1907,CITES,2015.0,2006.0
32015R1731,31998L0008,CITES,2015.0,1998.0
32023D0096,32021D0014,CITES,2023.0,2021.0
32023D0096,12016M021,CITES,2023.0,2016.0
32024R2642,32016R0679,CITES,2024.0,2016.0
32024R2642,32013R0575,CITES,2024.0,2013.0
32024R2642,12016P007,CITES,2024.0,2016.0
32024R2642,12016M/TXT,CITES,2024.0,2016.0
32024R2642,32015L0849,CITES,2024.0,2015.0
32024R2642,12016P/TXT,CITES,2024.0,2016.0
32024R2642,12016E/TXT,CITES,2024.0,2016.0
32023R2418,32020Q1222(01),CITES,2023.0,2020.0
32023R2418,32013R0883,CITES,2023.0,2013.0
32023R2418,32014L0024,CITES,2023.0,2014.0
32023R2418,32021D1764,CITES,2023.0,2021.0
32023R2418,32019R0452,CITES,2023.0,2019.0
32023R2418,32018H0624,CITES,2023.0,2018.0
32023R2418,12016M004,CITES,2023.0,2016.0
32023R2418,12016M/TXT,CITES,2023.0,2016.0
32023R2418,32015D0444,CITES,2023.0,2015.0
32023R2418,32021R1060,CITES,2023.0,2021.0
32023R2418,32013D0488,CITES,2023.0,2013.0
32023R2418,12016M005,CITES,2023.0,2016.0
32023R2418,32017L1371,CITES,2023.0,2017.0
32023R2418,32009L0081,CITES,2023.0,2009.0
32023R2418,32018R1046,CITES,2023.0,2018.0
32023R2418,32014L0025,CITES,2023.0,2014.0
32023R2418,12016E346,CITES,2023.0,2016.0
32023R2527,32017C1213(01),CITES,2023.0,2017.0
31995D2717,11992E228,CITES,1995.0,1992.0
31995D2717,31992Y0625(01),CITES,1995.0,1992.0
32017R0825,32014R0515,CITES,2017.0,2014.0
32017R0825,32016Q0512(01),CITES,2017.0,2016.0
32017R0825,32013Q1220(01),CITES,2017.0,2013.0
32017R0825,32014R0513,CITES,2017.0,2014.0
32017R0825,32014R0516,CITES,2017.0,2014.0
32017R0825,32013R1306,CITES,2017.0,2013.0
32017R0825,32012R0966,CITES,2017.0,2012.0
32017R0825,12016E290,CITES,2017.0,2016.0
32017R0825,12016M005,CITES,2017.0,2016.0
32017R0825,12016E009,CITES,2017.0,2016.0
32017R0825,32014R0223,CITES,2017.0,2014.0
32020R0697,12016A/PRO/01,CITES,2020.0,2016.0
32020R0697,12016M/PRO/01,CITES,2020.0,2016.0
32020R0697,12016E/PRO/01,CITES,2020.0,2016.0
32020R0697,12016M005,CITES,2020.0,2016.0
32015R2017,32010R1094,CITES,2015.0,2010.0
32015R2017,32015R0035,CITES,2015.0,2015.0
32023R2844,32016Q0512(01),CITES,2023.0,2016.0
32023R2844,12016E/PRO/22,CITES,2023.0,2016.0
32023R2844,32014L0041,CITES,2023.0,2014.0
32023R2844,32016L1919,CITES,2023.0,2016.0
32023R2844,32012R0650,CITES,2023.0,2012.0
32023R2844,32014R0910,CITES,2023.0,2014.0
32023R2844,12016M/PRO/22,CITES,2023.0,2016.0
32023R2844,32011L0099,CITES,2023.0,2011.0
32023R2844,32002F0584,CITES,2023.0,2002.0
32023R2844,12016M005,CITES,2023.0,2016.0
32023R2844,12016P047,CITES,2023.0,2016.0
32023R2844,32003L0008,CITES,2023.0,2003.0
32023R2844,32012L0013,CITES,2023.0,2012.0
32023R2844,32009R0004,CITES,2023.0,2009.0
32023R2844,32016L2102,CITES,2023.0,2016.0
32023R2844,32016R0679,CITES,2023.0,2016.0
32023R2844,32019L0882,CITES,2023.0,2019.0
32023R2844,32016L0680,CITES,2023.0,2016.0
32023R2844,12016P/TXT,CITES,2023.0,2016.0
32023R2844,32012R1215,CITES,2023.0,2012.0
32023R2844,32016R1104,CITES,2023.0,2016.0
32023R2844,12016M/PRO/21,CITES,2023.0,2016.0
32023R2844,12016E/PRO/21,CITES,2023.0,2016.0
32023R2844,32013L0048,CITES,2023.0,2013.0
32015R1976,32015R1975,CITES,2015.0,2015.0
32015R1976,32015R1972,CITES,2015.0,2015.0
32015R1976,32013R1303,CITES,2015.0,2013.0
32015R1976,32015R1977,CITES,2015.0,2015.0
32015R1976,32013R1306,CITES,2015.0,2013.0
31992L0104,31992L0091,CITES,1992.0,1992.0
32015R1973,32001R0045,CITES,2015.0,2001.0
32015R1973,31995L0046,CITES,2015.0,1995.0
32015R1973,32013R1306,CITES,2015.0,2013.0
32015R1973,32013R1303,CITES,2015.0,2013.0
32015R1973,32014R0223,CITES,2015.0,2014.0
32015R1973,32015R1971,CITES,2015.0,2015.0
32015R1973,32015R1972,CITES,2015.0,2015.0
32021R0379,32013R1075,CITES,2021.0,2013.0
32021R0379,32019R2033,CITES,2021.0,2019.0
32021R0379,32021R0378,CITES,2021.0,2021.0
32021R0379,31986L0635,CITES,2021.0,1986.0
32021R0379,32013R0575,CITES,2021.0,2013.0
32021R0379,32017R1131,CITES,2021.0,2017.0
32021R0379,32017R2402,CITES,2021.0,2017.0
32021R0379,32014O0015,CITES,2021.0,2014.0
32021R0379,32003R1745,CITES,2021.0,2003.0
32011R1169,32004R0852,CITES,2011.0,2004.0
32011R1169,31997R0258,CITES,2011.0,1997.0
32011R1169,32005L0029,CITES,2011.0,2005.0
32011R1169,32004R0853,CITES,2011.0,2004.0
32011R1169,31992R2913,CITES,2011.0,1992.0
32011R1169,31998L0034,CITES,2011.0,1998.0
32011R1169,32004R0882,CITES,2011.0,2004.0
32021R0784,12016M005,CITES,2021.0,2016.0
32021R0784,31958R0001,CITES,2021.0,1958.0
32021R0784,12016M019,CITES,2021.0,2016.0
32021R0784,32015L1535,CITES,2021.0,2015.0
32021R0784,32018L1972,CITES,2021.0,2018.0
32021R0784,32018R0302,CITES,2021.0,2018.0
32021R0784,12016M006,CITES,2021.0,2016.0
32021R0784,32016Q0512(01),CITES,2021.0,2016.0
32021R0784,32014R0910,CITES,2021.0,2014.0
32021R0784,32003H0361,CITES,2021.0,2003.0
32021R0784,12016E290,CITES,2021.0,2016.0
32021R0784,12016P/TXT,CITES,2021.0,2016.0
32021R0784,12016P047,CITES,2021.0,2016.0
32021R0784,32012R1215,CITES,2021.0,2012.0
32017L2399,32013R0575,CITES,2017.0,2013.0
32017L2399,12016M005,CITES,2017.0,2016.0
32016D0041(01),61985CJ0005,CITES,2016.0,1985.0
32016D0041(01),32014D0016(01),CITES,2016.0,2014.0
32016D0041(01),32004D0002,CITES,2016.0,2004.0
32016D0041(01),62002CJ0301,CITES,2016.0,2002.0
32022D2445,32016D2240,CITES,2022.0,2016.0
32022D2445,32013D0488,CITES,2022.0,2013.0
32022R2372,32016R0679,CITES,2022.0,2016.0
32022R2372,12016E009,CITES,2022.0,2016.0
32022R2372,12016E168,CITES,2022.0,2016.0
32022R2372,32021R0695,CITES,2022.0,2021.0
32022R2372,32022R2371,CITES,2022.0,2022.0
32022R2372,32022R2370,CITES,2022.0,2022.0
32022R2372,32013D1313,CITES,2022.0,2013.0
32022R2372,12016M005,CITES,2022.0,2016.0
32022R2372,32022R0123,CITES,2022.0,2022.0
32022R2372,32002L0058,CITES,2022.0,2002.0
32022R2372,32018R1046,CITES,2022.0,2018.0
32022R2372,32014R0536,CITES,2022.0,2014.0
32020D0655,32001R0045,CITES,2020.0,2001.0
32020D0655,32016R0679,CITES,2020.0,2016.0
32021D0276,32020D1700,CITES,2021.0,2020.0
32013D0463,32006L0123,CITES,2013.0,2006.0
32013D0463,32009L0073,CITES,2013.0,2009.0
32013D0463,32009L0072,CITES,2013.0,2009.0
32001A0306(01),31996L0029,CITES,2001.0,1996.0
32022D0500,32021R1060,CITES,2022.0,2021.0
32012L0047,32010L0080,CITES,2012.0,2010.0
32017D2380,32016Q0512(01),CITES,2017.0,2016.0
32017D2380,12016E290,CITES,2017.0,2016.0
32011D0505(01),32001R0045,CITES,2011.0,2001.0
32011D0505(01),32001D0844,CITES,2011.0,2001.0
32020D2053,12016E314,CITES,2020.0,2016.0
32020D2053,12007L/TXT,CITES,2020.0,2007.0
32020D2053,12016E322,CITES,2020.0,2016.0
32020D2053,32018R1046,CITES,2020.0,2018.0
32020D2053,32006R1907,CITES,2020.0,2006.0
32012D0149,32011D0706,CITES,2012.0,2011.0
32019R0856,32018R1046,CITES,2019.0,2018.0
32019R0856,32003R0058,CITES,2019.0,2003.0
32019R0856,32010R1031,CITES,2019.0,2010.0
32011H0750,32002L0058,CITES,2011.0,2002.0
32011H0750,31991D0396,CITES,2011.0,1991.0
32011H0750,32002L0022,CITES,2011.0,2002.0
32011H0750,31995L0046,CITES,2011.0,1995.0
32011H0750,32010L0040,CITES,2011.0,2010.0
31994Y1231(03),31994Y1105(01),CITES,1994.0,1994.0
31994Y1231(03),11992E130F,CITES,1994.0,1992.0
31994Y1231(03),11992E129B,CITES,1994.0,1992.0
31992Y0625(01),31990L0387,CITES,1992.0,1990.0
32023R2411,31958R0001,CITES,2023.0,1958.0
32023R2411,32015L1535,CITES,2023.0,2015.0
32023R2411,32016Q0512(01),CITES,2023.0,2016.0
32023R2411,12016M005,CITES,2023.0,2016.0
32023R2411,12016P017,CITES,2023.0,2016.0
32023R2411,32013R0608,CITES,2023.0,2013.0
32023R2411,32016R0679,CITES,2023.0,2016.0
32023R2411,12016P008,CITES,2023.0,2016.0
32023R2411,32008R0765,CITES,2023.0,2008.0
32023R2411,12016E/TXT,CITES,2023.0,2016.0
32023R2411,12016P/TXT,CITES,2023.0,2016.0
32023R2411,12016E290,CITES,2023.0,2016.0
32023R2411,32002L0058,CITES,2023.0,2002.0
32023R2411,12016P007,CITES,2023.0,2016.0
32023R2411,32022R2065,CITES,2023.0,2022.0
31999L0062,31993L0089,CITES,1999.0,1993.0
31999L0062,31962D0720,CITES,1999.0,1962.0
31999L0062,31988R0077,CITES,1999.0,1988.0
31999L0062,61994CJ0021,CITES,1999.0,1994.0
31999L0062,31992L0082,CITES,1999.0,1992.0
31999L0062,31992L0081,CITES,1999.0,1992.0
31999Y0713(01),31995L0069,CITES,1999.0,1995.0
31999Y0713(01),31998R2821,CITES,1999.0,1998.0
31999Y0713(01),31998R2119,CITES,1999.0,1998.0
31999Y0803(01),11997E163,CITES,1999.0,1997.0
31999Y0803(01),31994Y1231(03),CITES,1999.0,1994.0
31999Y0803(01),31994Y1105(01),CITES,1999.0,1994.0
31999Y0803(01),11997E154,CITES,1999.0,1997.0
31999Y0803(01),11997E005,CITES,1999.0,1997.0
31998Y0213(02),31995Y0811(03),CITES,1998.0,1995.0
32012H0724(24),32011H0719(01),CITES,2012.0,2011.0
32012H0724(24),32012D0238,CITES,2012.0,2012.0
32014R1187,32010R1093,CITES,2014.0,2010.0
32014R1187,32009L0065,CITES,2014.0,2009.0
32008D0172,12006E/PRO/05,CITES,2008.0,2006.0
32020R1435,32016R0009,CITES,2020.0,2016.0
32013R1159,32003L0098,CITES,2013.0,2003.0
32013R1159,32008L0114,CITES,2013.0,2008.0
32014R0269,31995L0046,CITES,2014.0,1995.0
32014R0269,32001R0045,CITES,2014.0,2001.0
32016D0153,31999R0659,CITES,2016.0,1999.0
32016D0153,32013R0575,CITES,2016.0,2013.0
31995D0276,31994R0933,CITES,1995.0,1994.0
31995D0276,31991L0414,CITES,1995.0,1991.0
32020D1332,32004D0002,CITES,2020.0,2004.0
32017D1908,32008D0146,CITES,2017.0,2008.0
32017D1908,31999D0437,CITES,2017.0,1999.0
32017D1908,32008R0767,CITES,2017.0,2008.0
32023R0402,32019R1021,CITES,2023.0,2019.0
32023R0402,32021R1119,CITES,2023.0,2021.0
32020R0521,32013D1082,CITES,2020.0,2013.0
32013R0886,32010D0661,CITES,2013.0,2010.0
32013R0886,32003L0098,CITES,2013.0,2003.0
32013R0886,32002L0058,CITES,2013.0,2002.0
32013R0886,31995L0046,CITES,2013.0,1995.0
32014D0219,32013D0488,CITES,2014.0,2013.0
32014D0219,32012D0392,CITES,2014.0,2012.0
32021R0236,32010R1095,CITES,2021.0,2010.0
32021R0236,32010R1094,CITES,2021.0,2010.0
32021R0236,32010R1093,CITES,2021.0,2010.0
32021R0236,32013R0575,CITES,2021.0,2013.0
32007H0196,32007R0333,CITES,2007.0,2007.0
32007H0196,32004R0882,CITES,2007.0,2004.0
32008D0146,31999D0437,CITES,2008.0,1999.0
32008D0146,11997D/PRO/05,CITES,2008.0,1997.0
32018L1673,12016M005,CITES,2018.0,2016.0
32018L1673,32014L0057,CITES,2018.0,2014.0
32018L1673,32002D0187,CITES,2018.0,2002.0
32018L1673,12016M002,CITES,2018.0,2016.0
32018L1673,12016M/PRO/21,CITES,2018.0,2016.0
32018L1673,12016E/PRO/21,CITES,2018.0,2016.0
32018L1673,12016P/TXT,CITES,2018.0,2016.0
32018L1673,32014L0042,CITES,2018.0,2014.0
32018L1673,32001F0413,CITES,2018.0,2001.0
32018L1673,32015L0849,CITES,2018.0,2015.0
32018L1673,12016M/PRO/22,CITES,2018.0,2016.0
32018L1673,32017L1371,CITES,2018.0,2017.0
32018L1673,12016E/PRO/22,CITES,2018.0,2016.0
32023D0927,32022D0339,CITES,2023.0,2022.0
32023D0927,12016M021,CITES,2023.0,2016.0
32023D0927,32022D0338,CITES,2023.0,2022.0
32004L0035,32001R0044,CITES,2004.0,2001.0
32004L0035,32000L0060,CITES,2004.0,2000.0
32004L0035,12002E087,CITES,2004.0,2002.0
32004L0035,12002E088,CITES,2004.0,2002.0
32014R0525,32010R1093,CITES,2014.0,2010.0
32021R0517,32019R2155,CITES,2021.0,2019.0
32021R0517,32014R1163,CITES,2021.0,2014.0
32021D1442,32020D1016,CITES,2021.0,2020.0
32021D1442,61985CJ0005,CITES,2021.0,1985.0
32021D1442,32014L0059,CITES,2021.0,2014.0
32021D1442,62002CJ0301,CITES,2021.0,2002.0
32021D1442,32020D1015,CITES,2021.0,2020.0
32021D1442,32014D0016(01),CITES,2021.0,2014.0
32021D1442,32014D0017,CITES,2021.0,2014.0
32021D1442,32004D0002,CITES,2021.0,2004.0
32020Y0429(01),32013R0575,CITES,2020.0,2013.0
32020Y0429(01),32019R2176,CITES,2020.0,2019.0
32021Q0209(01),12016E/TXT,CITES,2021.0,2016.0
32021Q0209(01),32002L0058,CITES,2021.0,2002.0
32021Q0209(01),32017D0046,CITES,2021.0,2017.0
32021Q0209(01),12016M/TXT,CITES,2021.0,2016.0
32010D0227,32007L0047,CITES,2010.0,2007.0
32019R0941,12016E349,CITES,2019.0,2016.0
32019R0941,12016M/TXT,CITES,2019.0,2016.0
32019R0941,32019R0942,CITES,2019.0,2019.0
32019R0941,32017R1485,CITES,2019.0,2017.0
32019R0941,12016M005,CITES,2019.0,2016.0
32019R0941,32008L0114,CITES,2019.0,2008.0
32019R0941,12016E/TXT,CITES,2019.0,2016.0
32019R0941,32016L1148,CITES,2019.0,2016.0
32019R0941,32013D1313,CITES,2019.0,2013.0
32019R0941,32017R1938,CITES,2019.0,2017.0
32019R0941,12016P/TXT,CITES,2019.0,2016.0
32007D0848,32005R1003,CITES,2007.0,2005.0
32007D0848,32006R1168,CITES,2007.0,2006.0
32023R1803,32009L0138,CITES,2023.0,2009.0
32015R1982,32006R1907,CITES,2015.0,2006.0
32015R1982,32007R1451,CITES,2015.0,2007.0
32015R1982,31998L0008,CITES,2015.0,1998.0
32022R1455,32010R1093,CITES,2022.0,2010.0
32022R1455,32013R0575,CITES,2022.0,2013.0
32021Q0317(01),32002L0058,CITES,2021.0,2002.0
32021Q0317(01),32017D0046,CITES,2021.0,2017.0
32020D1099,12016M/PRO/22,CITES,2020.0,2016.0
32020D1099,12016E/PRO/22,CITES,2020.0,2016.0
32022D2441,32020D2188,CITES,2022.0,2020.0
32022R0520,32021R1840,CITES,2022.0,2021.0
32018R1287,32017R2100,CITES,2018.0,2017.0
32023R1472,32009R0223,CITES,2023.0,2009.0
32015R0985,31998L0008,CITES,2015.0,1998.0
32015R0985,32006R1907,CITES,2015.0,2006.0
32015R0985,32007R1451,CITES,2015.0,2007.0
32006R1893,31999D0468,CITES,2006.0,1999.0
32008L0056,31999D0468,CITES,2008.0,1999.0
32008L0056,32003L0004,CITES,2008.0,2003.0
32008L0056,32000X1218(01),CITES,2008.0,2000.0
32008L0056,32002D1600,CITES,2008.0,2002.0
32008L0056,32000L0060,CITES,2008.0,2000.0
32008L0056,31991L0271,CITES,2008.0,1991.0
32012R1025,32011R0305,CITES,2012.0,2011.0
32012R1025,32002R1605,CITES,2012.0,2002.0
32012R1025,32002L0021,CITES,2012.0,2002.0
32012R1025,32002R2342,CITES,2012.0,2002.0
32012R1025,32009L0081,CITES,2012.0,2009.0
32012R1025,32008D0768,CITES,2012.0,2008.0
32012R1025,32004L0017,CITES,2012.0,2004.0
32012R1025,32004L0018,CITES,2012.0,2004.0
32022L1631,32006R1907,CITES,2022.0,2006.0
32022R2365,32017R2401,CITES,2022.0,2017.0
32022R2365,32010R1093,CITES,2022.0,2010.0
32024D2120,32019D0939,CITES,2024.0,2019.0
32011D0536,32008E0736,CITES,2011.0,2008.0
32017R0195,32012R0844,CITES,2017.0,2012.0
32017R0195,32016D0929(01),CITES,2017.0,2016.0
32013D0668,32008E0307,CITES,2013.0,2008.0
32011R0207,32004R0850,CITES,2011.0,2004.0
32011R0207,32010R0757,CITES,2011.0,2010.0
32020R1149,31998L0024,CITES,2020.0,1998.0
32019L2162,32010R1095,CITES,2019.0,2010.0
32019L2162,32015R0035,CITES,2019.0,2015.0
32019L2162,32019R2160,CITES,2019.0,2019.0
32019L2162,32006L0111,CITES,2019.0,2006.0
32019L2162,32013Y0425(01),CITES,2019.0,2013.0
32019L2162,12016M005,CITES,2019.0,2016.0
32019L2162,32016R0679,CITES,2019.0,2016.0
32019L2162,32013R0575,CITES,2019.0,2013.0
32019L2162,32002L0047,CITES,2019.0,2002.0
32019L2162,32010R1093,CITES,2019.0,2010.0
32019L2162,32001R0045,CITES,2019.0,2001.0
32023R0154,32023D0160,CITES,2023.0,2023.0
32023R0154,12016E/TXT,CITES,2023.0,2016.0
32021Y0827(01),32019R2176,CITES,2021.0,2019.0
32021Y0827(01),32016Y0312(02),CITES,2021.0,2016.0
32021Y0827(01),32019L0878,CITES,2021.0,2019.0
32021Y0827(01),32013R0575,CITES,2021.0,2013.0
32004L0037,31989L0391,CITES,2004.0,1989.0
32004L0037,31999L0045,CITES,2004.0,1999.0
32004L0037,31967L0548,CITES,2004.0,1967.0
32019R1163,12016E215,BASED_ON,2019.0,2016.0
32019R1163,32003R0147,BASED_ON,2019.0,2003.0
32019R1163,32011R0101,BASED_ON,2019.0,2011.0
32019R1163,32009R1284,BASED_ON,2019.0,2009.0
32019R1163,32014R0208,BASED_ON,2019.0,2014.0
32019R1163,32012R0267,BASED_ON,2019.0,2012.0
32019R1163,32004R0314,BASED_ON,2019.0,2004.0
32019R1163,32002R0881,BASED_ON,2019.0,2002.0
32019R1163,32014R0269,BASED_ON,2019.0,2014.0
32019R1163,32001R2580,BASED_ON,2019.0,2001.0
32019R1163,32014R0833,BASED_ON,2019.0,2014.0
32013R0254,32006R1907,BASED_ON,2013.0,2006.0
32021R0664,32018R1139,BASED_ON,2021.0,2018.0
32011R0513,12010E294,BASED_ON,2011.0,2010.0
32011R0513,12010E114,BASED_ON,2011.0,2010.0
32016R1388,32016R0631,CITES,2016.0,2016.0
32016R1388,32015R1222,CITES,2016.0,2015.0
32016R1388,32013R0543,CITES,2016.0,2013.0
32016R1388,32009L0072,CITES,2016.0,2009.0
32016R1388,32012L0027,CITES,2016.0,2012.0
32016R1388,31998L0034,CITES,2016.0,1998.0
32009R0767,31990L0439,IMPLICITLY_REPEALS,2009.0,1990.0
32009R0767,32002L0002,IMPLICITLY_REPEALS,2009.0,2002.0
32009R0767,31993L0056,IMPLICITLY_REPEALS,2009.0,1993.0
32009R0767,32004L0116,IMPLICITLY_REPEALS,2009.0,2004.0
32009R0767,31997L0040,IMPLICITLY_REPEALS,2009.0,1997.0
32009R0767,31990L0044,IMPLICITLY_REPEALS,2009.0,1990.0
32009R0767,31999L0020,IMPLICITLY_REPEALS,2009.0,1999.0
32009R0767,31985L0509,IMPLICITLY_REPEALS,2009.0,1985.0
32009R0767,31998L0087,IMPLICITLY_REPEALS,2009.0,1998.0
32009R0767,31988L0485,IMPLICITLY_REPEALS,2009.0,1988.0
32009R0767,31997L0047,IMPLICITLY_REPEALS,2009.0,1997.0
32009R0767,31996L0024,IMPLICITLY_REPEALS,2009.0,1996.0
32009R0767,31989L0520,IMPLICITLY_REPEALS,2009.0,1989.0
32009R0767,31995L0033,IMPLICITLY_REPEALS,2009.0,1995.0
32009R0767,31986L0530,IMPLICITLY_REPEALS,2009.0,1986.0
32009R0767,32003L0104,IMPLICITLY_REPEALS,2009.0,2003.0
32009R0767,31986L0354,IMPLICITLY_REPEALS,2009.0,1986.0
32009R0767,32000L0016,IMPLICITLY_REPEALS,2009.0,2000.0
32009R0767,31999L0061,IMPLICITLY_REPEALS,2009.0,1999.0
32009R0767,31984L0443,IMPLICITLY_REPEALS,2009.0,1984.0
32009R0767,31991L0681,IMPLICITLY_REPEALS,2009.0,1991.0
32009R0767,32003R1831,IMPLICITLY_REPEALS,2009.0,2003.0
32009R0767,32007D0623,IMPLICITLY_REPEALS,2009.0,2007.0
32009R0767,31993L0026,IMPLICITLY_REPEALS,2009.0,1993.0
32009R0767,32003R1882,IMPLICITLY_REPEALS,2009.0,2003.0
32009R1107,32004L0066,IMPLICITLY_REPEALS,2009.0,2004.0
32021D1136,32006R1907,CITES,2021.0,2006.0
32021D1136,12016M002,CITES,2021.0,2016.0
32021D1136,12016M/TXT,CITES,2021.0,2016.0
32021D1136,12016E114,CITES,2021.0,2016.0
32021D1136,12016E/TXT,CITES,2021.0,2016.0
32021D1136,12016P/TXT,CITES,2021.0,2016.0
32019D0053,32006D0730,CITES,2019.0,2006.0
32003D0834,32003D0664,CITES,2003.0,2003.0
32003D0834,32003D0479,CITES,2003.0,2003.0
32024R3169,32016R0679,CITES,2024.0,2016.0
32024R3169,32024R2745,CITES,2024.0,2024.0
32024R3169,32014R0536,CITES,2024.0,2014.0
32024D1763,32015D2290,CITES,2024.0,2015.0
32023D2680,12016M021,CITES,2023.0,2016.0
32025D0609,12016M021,CITES,2025.0,2016.0
32014D0188,32011D1130(02),CITES,2014.0,2011.0
32008H0295,32002L0020,CITES,2008.0,2002.0
32008H0295,32007D0344,CITES,2008.0,2007.0
32008H0295,32002R2320,CITES,2008.0,2002.0
32008H0295,31999L0005,CITES,2008.0,1999.0
32014R0285,32013R0575,CITES,2014.0,2013.0
32014R0285,32010R1095,CITES,2014.0,2010.0
32020D1502,32019R0452,CITES,2020.0,2019.0
32020D1502,32016R0679,CITES,2020.0,2016.0
32020D1502,12016P008,CITES,2020.0,2016.0
32020D1502,12016E016,CITES,2020.0,2016.0
32020D1502,32016L0680,CITES,2020.0,2016.0
32023R1192,32012R0648,CITES,2023.0,2012.0
32023R1192,32010R1095,CITES,2023.0,2010.0
32022R2058,32010R1093,CITES,2022.0,2010.0
32022R2058,32016R1646,CITES,2022.0,2016.0
32011D0399,32011D0237,CITES,2011.0,2011.0
32007E0178,31999E0878,CITES,2007.0,1999.0
32007E0178,32003E0472,CITES,2007.0,2003.0
32007E0178,32001D0493,CITES,2007.0,2001.0
32020R2094,12020W/TXT,CITES,2020.0,2020.0
32020R2094,32018R1046,CITES,2020.0,2018.0
32022D2306,32009R0223,CITES,2022.0,2009.0
32003R2160,31972L0462,CITES,2003.0,1972.0
32003R2160,31999D0468,CITES,2003.0,1999.0
32003L0008,31995L0046,CITES,2003.0,1995.0
32003L0008,31997L0066,CITES,2003.0,1997.0
32003L0008,11997E005,CITES,2003.0,1997.0
32003L0008,31999D0468,CITES,2003.0,1999.0
32003L0008,11997D/PRO/05,CITES,2003.0,1997.0
32003L0008,32001R0044,CITES,2003.0,2001.0
32003L0008,32000X1218(01),CITES,2003.0,2000.0
31993R0315,31974D0234,CITES,1993.0,1974.0
31993R0315,31969D0314,CITES,1993.0,1969.0
31997D0522,31973L0023,CITES,1997.0,1973.0
31997D0522,31989L0336,CITES,1997.0,1989.0
32023L2668,32004L0037,CITES,2023.0,2004.0
32023L2668,12016M005,CITES,2023.0,2016.0
32023L2668,32006R1907,CITES,2023.0,2006.0
32023L2668,31989L0391,CITES,2023.0,1989.0
32013H0730(22),32013D0208,CITES,2013.0,2013.0
32021L1978,32015L0863,CITES,2021.0,2015.0
32021L1978,32006R1907,CITES,2021.0,2006.0
32024R1740,32002L0058,CITES,2024.0,2002.0
32024R1740,32019R1020,CITES,2024.0,2019.0
32024R1740,32016R0679,CITES,2024.0,2016.0
32024R1773,32016R0679,CITES,2024.0,2016.0
32024R1773,32010R1095,CITES,2024.0,2010.0
32024R1773,32010R1094,CITES,2024.0,2010.0
32024R1773,32010R1093,CITES,2024.0,2010.0
32014L0061,32006L0123,CITES,2014.0,2006.0
32014L0061,32002L0019,CITES,2014.0,2002.0
32014L0061,32002L0020,CITES,2014.0,2002.0
32014L0061,31998L0083,CITES,2014.0,1998.0
32014L0061,32002L0021,CITES,2014.0,2002.0
32014L0061,32003L0098,CITES,2014.0,2003.0
32014L0061,32013R1316,CITES,2014.0,2013.0
32014L0061,32002L0022,CITES,2014.0,2002.0
32023R2486,32008L0056,CITES,2023.0,2008.0
32023R2486,32021R2139,CITES,2023.0,2021.0
32023R2486,32020L2184,CITES,2023.0,2020.0
32023R2486,32000L0060,CITES,2023.0,2000.0
32023R2486,32006R1893,CITES,2023.0,2006.0
32023R2486,31991L0271,CITES,2023.0,1991.0
32023R2486,32018L2001,CITES,2023.0,2018.0
32023R2486,32021R1119,CITES,2023.0,2021.0
32017D1968,12016M/PRO/22,CITES,2017.0,2016.0
32017D1968,12016E/PRO/22,CITES,2017.0,2016.0
32019D1963,32009L0081,CITES,2019.0,2009.0
32019D1963,32013D0488,CITES,2019.0,2013.0
32019D1963,32018R1046,CITES,2019.0,2018.0
32018D1538,32002L0021,CITES,2018.0,2002.0
32018D1538,32002L0020,CITES,2018.0,2002.0
32018D1538,32006D0771(01),CITES,2018.0,2006.0
32018D1538,32014L0053,CITES,2018.0,2014.0
32018D1538,32012D0243,CITES,2018.0,2012.0
32018D1538,32007D0344,CITES,2018.0,2007.0
32020R2011,32015L2366,CITES,2020.0,2015.0
32014D0016,32013D0488,CITES,2014.0,2013.0
32013D0719,32010D0608,CITES,2013.0,2010.0
32013D0719,32009L0138,CITES,2013.0,2009.0
32013D0719,62010TJ0029,CITES,2013.0,2010.0
32013D0719,62012CN0224,CITES,2013.0,2012.0
32011H0024,32004L0018,CITES,2011.0,2004.0
32018R0761,32010R1158,CITES,2018.0,2010.0
32018R0761,32012L0034,CITES,2018.0,2012.0
32018R0761,32004L0049,CITES,2018.0,2004.0
32018R0761,32010R1169,CITES,2018.0,2010.0
32023R2884,32009L0033,CITES,2023.0,2009.0
32023R2884,32022R1031,CITES,2023.0,2022.0
32023R2884,32022R2303,CITES,2023.0,2022.0
32023R2830,32019R0856,CITES,2023.0,2019.0
32023R2830,32011R1227,CITES,2023.0,2011.0
32023R2830,32018R1046,CITES,2023.0,2018.0
32023R2830,32014R0600,CITES,2023.0,2014.0
32023R2830,32003H0361,CITES,2023.0,2003.0
32023R2830,32015L0849,CITES,2023.0,2015.0
32023R2830,32014R0596,CITES,2023.0,2014.0
32023R2830,32021R1119,CITES,2023.0,2021.0
32023R2830,32019R1122,CITES,2023.0,2019.0
32023R2830,32013R0575,CITES,2023.0,2013.0
32025D1058,32024D1688,CITES,2025.0,2024.0
32025D1058,32019R0123,CITES,2025.0,2019.0
32025D1057,32024D1688,CITES,2025.0,2024.0
32025D1057,32019R0123,CITES,2025.0,2019.0
32016D1943,32006R1907,CITES,2016.0,2006.0
32016R1630,32010R1094,CITES,2016.0,2010.0
32016R1630,32015R0035,CITES,2016.0,2015.0
32019R2021,32013D1386,CITES,2019.0,2013.0
32019R2021,32019R2013,CITES,2019.0,2019.0
32019R2021,32017R0746,CITES,2019.0,2017.0
32019R2021,32017R0745,CITES,2019.0,2017.0
32019R2021,32018L0851,CITES,2019.0,2018.0
32019R2021,31998L0079,CITES,2019.0,1998.0
32019R2021,32019R2021,CITES,2019.0,2019.0
32019R2021,32012R1025,CITES,2019.0,2012.0
32019R2021,31993L0042,CITES,2019.0,1993.0
32019R2021,32011L0065,CITES,2019.0,2011.0
32019R2021,31990L0385,CITES,2019.0,1990.0
32012H0724(01),32006L0123,CITES,2012.0,2006.0
32012H0724(01),32011R1176,CITES,2012.0,2011.0
32012H0724(01),32011H0716(03),CITES,2012.0,2011.0
32012H0724(01),32012D0238,CITES,2012.0,2012.0
32022R2503,32004R0853,CITES,2022.0,2004.0
32022R2503,32005R2073,CITES,2022.0,2005.0
32022R0466,32019R2175,CITES,2022.0,2019.0
32023R1113,12016P047,CITES,2023.0,2016.0
32023R1113,32016R0679,CITES,2023.0,2016.0
32023R1113,12016M/TXT,CITES,2023.0,2016.0
32023R1113,32002R0881,CITES,2023.0,2002.0
32023R1113,12016E355,CITES,2023.0,2016.0
32023R1113,12016P008,CITES,2023.0,2016.0
32023R1113,12016E/TXT,CITES,2023.0,2016.0
32023R1113,32010R0356,CITES,2023.0,2010.0
32023R1113,32023R1114,CITES,2023.0,2023.0
32023R1113,12016E215,CITES,2023.0,2016.0
32023R1113,32015L2366,CITES,2023.0,2015.0
32023R1113,32018L0843,CITES,2023.0,2018.0
32023R1113,12016P007,CITES,2023.0,2016.0
32023R1113,12016M005,CITES,2023.0,2016.0
32023R1113,32012R0267,CITES,2023.0,2012.0
32023R1113,32016L0680,CITES,2023.0,2016.0
32023R1113,32001R2580,CITES,2023.0,2001.0
32023R1113,32012R0260,CITES,2023.0,2012.0
32023R1113,12016P/TXT,CITES,2023.0,2016.0
32023R1113,32010R1093,CITES,2023.0,2010.0
31996R0242,31992R2913,CITES,1996.0,1992.0
32025D02772,32021D0512(01),CITES,2025.0,2021.0
32003H0878,31995L0046,CITES,2003.0,1995.0
32016D0309,32015R0035,CITES,2016.0,2015.0
32016D0309,32010R1094,CITES,2016.0,2010.0
32016A0817(03),32000L0060,CITES,2016.0,2000.0
32016A0817(03),32011L0092,CITES,2016.0,2011.0
32017D0704(01),12016P017,CITES,2017.0,2016.0
32017D0704(01),12016E056,CITES,2017.0,2016.0
32020R0879,32020R0558,CITES,2020.0,2020.0
32020R0879,32013R1303,CITES,2020.0,2013.0
32021D0490,32014R1163,CITES,2021.0,2014.0
32021D0490,32019R2155,CITES,2021.0,2019.0
32021D0905,12016M/PRO/22,CITES,2021.0,2016.0
32021D0905,12016E/PRO/22,CITES,2021.0,2016.0
32021D0905,32010D0096,CITES,2021.0,2010.0
32012D0399,32006L0038,CITES,2012.0,2006.0
31998D0521,31973L0023,CITES,1998.0,1973.0
31998D0521,31989L0336,CITES,1998.0,1989.0
31998L0024,31967L0548,CITES,1998.0,1967.0
31998L0024,31989L0391,CITES,1998.0,1989.0
32015R1972,32001R0045,CITES,2015.0,2001.0
32015R1972,32015R1973,CITES,2015.0,2015.0
32015R1972,31995L0046,CITES,2015.0,1995.0
32015R1972,32013R1303,CITES,2015.0,2013.0
32015R1972,32013R1306,CITES,2015.0,2013.0
32015R1972,32015R1971,CITES,2015.0,2015.0
32023L2843,12016E/PRO/22,CITES,2023.0,2016.0
32023L2843,12016P047,CITES,2023.0,2016.0
32023L2843,32016L1919,CITES,2023.0,2016.0
32023L2843,12016E/TXT,CITES,2023.0,2016.0
32023L2843,12016P/TXT,CITES,2023.0,2016.0
32023L2843,12016M/PRO/22,CITES,2023.0,2016.0
32023L2843,12016E/PRO/21,CITES,2023.0,2016.0
32023L2843,12016M/PRO/21,CITES,2023.0,2016.0
32023L2843,32013L0048,CITES,2023.0,2013.0
32023L2843,32023R2844,CITES,2023.0,2023.0
32020D0414,32013D1082,CITES,2020.0,2013.0
32018R0634,32010R1095,CITES,2018.0,2010.0
32018R0634,32010R1094,CITES,2018.0,2010.0
32018R0634,32010R1093,CITES,2018.0,2010.0
32007D0473,32006D0558,CITES,2007.0,2006.0
32023R2534,32014L0053,CITES,2023.0,2014.0
32023R2534,32012R1025,CITES,2023.0,2012.0
32023R2534,32019R2023,CITES,2023.0,2019.0
32023R2534,32006L0042,CITES,2023.0,2006.0
32023R2534,32014L0035,CITES,2023.0,2014.0
32023R2534,32022R2065,CITES,2023.0,2022.0
31996D0077,31994D0356,CITES,1996.0,1994.0
31996D0077,31991L0493,CITES,1996.0,1991.0
32019D0014(01),32015D0036,CITES,2019.0,2015.0
32019D0014(01),32001R0045,CITES,2019.0,2001.0
32021L2167,12016E291,CITES,2021.0,2016.0
32021L2167,32017R2402,CITES,2021.0,2017.0
32021L2167,32012R1215,CITES,2021.0,2012.0
32021L2167,32010R1092,CITES,2021.0,2010.0
32021L2167,32015L0849,CITES,2021.0,2015.0
32021L2167,32008R0593,CITES,2021.0,2008.0
32021L2167,32009L0065,CITES,2021.0,2009.0
32021L2167,32005L0029,CITES,2021.0,2005.0
32021L2167,32019R0630,CITES,2021.0,2019.0
32021L2167,12016E054,CITES,2021.0,2016.0
32021L2167,31998L0005,CITES,2021.0,1998.0
32021L2167,32016R0679,CITES,2021.0,2016.0
32021L2167,12016M005,CITES,2021.0,2016.0
32021L2167,32003H0361,CITES,2021.0,2003.0
32021L2167,32013R0575,CITES,2021.0,2013.0
32021L2167,32010R1093,CITES,2021.0,2010.0
32021L2167,12016P047,CITES,2021.0,2016.0
32024D1305,32006R1907,CITES,2024.0,2006.0
32017R0555,32016D0929(01),CITES,2017.0,2016.0
32017R0555,32012R0844,CITES,2017.0,2012.0
32022R0585,12016E/PRO/01,CITES,2022.0,2016.0
32022R0585,32021R1149,CITES,2022.0,2021.0
32022R0585,32021R1060,CITES,2022.0,2021.0
32022R0585,12016M/PRO/21,CITES,2022.0,2016.0
32022R0585,32014R0515,CITES,2022.0,2014.0
32022R0585,32021R1148,CITES,2022.0,2021.0
32022R0585,32018R1046,CITES,2022.0,2018.0
32022R0585,32014R0513,CITES,2022.0,2014.0
32022R0585,12016M/PRO/22,CITES,2022.0,2016.0
32022R0585,12016E/PRO/21,CITES,2022.0,2016.0
32022R0585,12016A/PRO/01,CITES,2022.0,2016.0
32022R0585,12016M/PRO/01,CITES,2022.0,2016.0
32022R0585,12016E/PRO/22,CITES,2022.0,2016.0
32022R0585,12016M005,CITES,2022.0,2016.0
32008R0702,32008R0605,CITES,2008.0,2008.0
32011D0101,32010D0092,CITES,2011.0,2010.0
32011D0101,32004R0314,CITES,2011.0,2004.0
32019R0283,32011D0101,CITES,2019.0,2011.0
32023R1215,32013R0575,CITES,2023.0,2013.0
32023R1215,32014R0833,CITES,2023.0,2014.0
32023R1215,32014D0512,CITES,2023.0,2014.0
32023R1215,32023D1218,CITES,2023.0,2023.0
32023R1215,32015L0849,CITES,2023.0,2015.0
32023R1215,12016E/TXT,CITES,2023.0,2016.0
32023R1215,12016P/TXT,CITES,2023.0,2016.0
32023R1215,32022D0266,CITES,2023.0,2022.0
32023R1215,32022R0263,CITES,2023.0,2022.0
32023R1215,32014D0386,CITES,2023.0,2014.0
32020D0155,32016D2240,CITES,2020.0,2016.0
32019D0025(01),32017R2094,CITES,2019.0,2017.0
32019D0004,32004D0002,CITES,2019.0,2004.0
32019D0004,32013R0575,CITES,2019.0,2013.0
32019D0004,32014D0908,CITES,2019.0,2014.0
32019D0004,32014D0016(01),CITES,2019.0,2014.0
32019D0004,61985CJ0005,CITES,2019.0,1985.0
32019D0004,62002CJ0301,CITES,2019.0,2002.0
32007D0198,31968R0259,CITES,2007.0,1968.0
32007D0198,32002R1605,CITES,2007.0,2002.0
32007D0198,32004L0017,CITES,2007.0,2004.0
32007D0198,32006L0112,CITES,2007.0,2006.0
32007D0198,32004L0018,CITES,2007.0,2004.0
32022R2036,12016M005,CITES,2022.0,2016.0
32022R2036,32019L0879,CITES,2022.0,2019.0
32022R2036,32010R1093,CITES,2022.0,2010.0
32025D0646,32005E0329,CITES,2025.0,2005.0
32025D0646,32010D0212,CITES,2025.0,2010.0
32024D3086,32024D1644,CITES,2024.0,2024.0
32024D3086,31998D0181,CITES,2024.0,1998.0
31998D0513,61995CJ0343,CITES,1998.0,1995.0
31998D0513,61990CJ0041,CITES,1998.0,1990.0
31998D0513,11992E085,CITES,1998.0,1992.0
31998D0513,61985CJ0118,CITES,1998.0,1985.0
31998D0513,31963R0099,CITES,1998.0,1963.0
31998D0513,11992E061,CITES,1998.0,1992.0
31998D0513,31996L0067,CITES,1998.0,1996.0
31998D0513,61981CJ0322,CITES,1998.0,1981.0
31998D0513,61987CJ0030,CITES,1998.0,1987.0
31998D0513,11992E059,CITES,1998.0,1992.0
31998D0513,11992E086,CITES,1998.0,1992.0
32023R1782,32023R1781,CITES,2023.0,2023.0
32023R1782,12016M005,CITES,2023.0,2016.0
32023R1782,32021R0695,CITES,2023.0,2021.0
32023R1782,32021R0694,CITES,2023.0,2021.0
32016D2356,32013D0730,CITES,2016.0,2013.0
32016D2356,32004D0791(01),CITES,2016.0,2004.0
32016D2356,32002D0842,CITES,2016.0,2002.0
32016D2356,32003D0807,CITES,2016.0,2003.0
32023D1599,12016M021,CITES,2023.0,2016.0
32023D1599,12016M041,CITES,2023.0,2016.0
32023D1599,12016M/TXT,CITES,2023.0,2016.0
32023D1599,12016E218,CITES,2023.0,2016.0
32023D1599,32013D0488,CITES,2023.0,2013.0
32023D1599,12016M037,CITES,2023.0,2016.0
32023D1599,12016M038,CITES,2023.0,2016.0
32006L0042,31998L0034,CITES,2006.0,1998.0
32006L0042,31999D0468,CITES,2006.0,1999.0
32006L0042,32002L0024,CITES,2006.0,2002.0
32020R1224,32015R0003,CITES,2020.0,2015.0
32020R1224,32017Y0131(01),CITES,2020.0,2017.0
32020R1224,32010R1095,CITES,2020.0,2010.0
32020R1224,32003H0361,CITES,2020.0,2003.0
32020R1224,31986L0635,CITES,2020.0,1986.0
32020R1224,32008R1126,CITES,2020.0,2008.0
32020R1224,32014R0680,CITES,2020.0,2014.0
32020R1225,32010R1095,CITES,2020.0,2010.0
32020R1225,32020R1224,CITES,2020.0,2020.0
32020R1225,32012R0648,CITES,2020.0,2012.0
32014R0165,32008R0765,CITES,2014.0,2008.0
32014R0165,32001R0045,CITES,2014.0,2001.0
32014R0165,31995L0046,CITES,2014.0,1995.0
32014R0165,32002L0058,CITES,2014.0,2002.0
32011D0346,32004R0794,CITES,2011.0,2004.0
32011D0346,32005D0345,CITES,2011.0,2005.0
32011D0346,31999R0659,CITES,2011.0,1999.0
32011D0346,32009D0341,CITES,2011.0,2009.0
32011D0346,32006R1998,CITES,2011.0,2006.0
32021D0826,32013D1313,CITES,2021.0,2013.0
32015D0001,32013R0575,CITES,2015.0,2013.0
32025D0391,32013R0575,CITES,2025.0,2013.0
32025D0391,32015L0849,CITES,2025.0,2015.0
32025D0391,32014R0909,CITES,2025.0,2014.0
32025D0391,32021R0821,CITES,2025.0,2021.0
32015D0411,32006R1907,CITES,2015.0,2006.0
32021R1139,12016E192,BASED_ON,2021.0,2016.0
32021R1139,12016E175,BASED_ON,2021.0,2016.0
32021R1139,12016E100,BASED_ON,2021.0,2016.0
32021R1139,12016E194,BASED_ON,2021.0,2016.0
32021R1139,12016E091,BASED_ON,2021.0,2016.0
32021R1139,12016E349,BASED_ON,2021.0,2016.0
32021R1139,12016E042,BASED_ON,2021.0,2016.0
32021R1139,12016E043,BASED_ON,2021.0,2016.0
32021R1139,12016E188,BASED_ON,2021.0,2016.0
32021R1139,12016E173,BASED_ON,2021.0,2016.0
32021R0249,32010R1093,CITES,2021.0,2010.0
32021R0453,32010R1093,CITES,2021.0,2010.0
32023D0178,32019D0903,CITES,2023.0,2019.0
32023D0178,32021D0891,CITES,2023.0,2021.0
32022L1632,32006R1907,CITES,2022.0,2006.0
31998D0515,31973L0023,CITES,1998.0,1973.0
31998D0515,31989L0336,CITES,1998.0,1989.0
32023R2147,32016R0679,CITES,2023.0,2016.0
32023R2147,32015L0849,CITES,2023.0,2015.0
32023R2147,32013R0575,CITES,2023.0,2013.0
32023R2147,12016E/TXT,CITES,2023.0,2016.0
32023R2147,12016P007,CITES,2023.0,2016.0
32023R2147,12016P/TXT,CITES,2023.0,2016.0
32023D00611,12016M/TXT,CITES,2023.0,2016.0
32023D00611,12016M/PRO/04,CITES,2023.0,2016.0
32023D00611,12016E/TXT,CITES,2023.0,2016.0
32023D00611,12016E/PRO/04,CITES,2023.0,2016.0
32024L2994,12016E053,BASED_ON,2024.0,2016.0
32019D1752,32017D0939,CITES,2019.0,2017.0
32010R0273,32008R1131,CITES,2010.0,2008.0
32023D1217,32014L0023,CITES,2023.0,2014.0
32023D1217,32022R0879,CITES,2023.0,2022.0
32023D1217,32021R0821,CITES,2023.0,2021.0
32023D1217,32014R0833,CITES,2023.0,2014.0
32023D1217,32014L0025,CITES,2023.0,2014.0
32023D1217,12016P011,CITES,2023.0,2016.0
32023D1217,12016P/TXT,CITES,2023.0,2016.0
32023D1217,12016M006,CITES,2023.0,2016.0
32023D1217,32014L0024,CITES,2023.0,2014.0
32023D1217,32014R0269,CITES,2023.0,2014.0
32023D1217,12016P016,CITES,2023.0,2016.0
32023D1217,12016P017,CITES,2023.0,2016.0
32023D1217,32009L0081,CITES,2023.0,2009.0
32023D1217,32002L0059,CITES,2023.0,2002.0
32023R2510,32014L0025,CITES,2023.0,2014.0
32023R2510,32004L0017,CITES,2023.0,2004.0
32024D1980,12016M021,CITES,2024.0,2016.0
32024D0459,32006L0112,CITES,2024.0,2006.0
32024D0459,32020L0262,CITES,2024.0,2020.0
32004D0739,11997D/PRO/05,CITES,2004.0,1997.0
32023R0203,32022R1645,CITES,2023.0,2022.0
32023R0203,32016L1148,CITES,2023.0,2016.0
32023R0203,32021R0696,CITES,2023.0,2021.0
32019R1966,32019R0831,CITES,2019.0,2019.0
32019R1966,32016R1179,CITES,2019.0,2016.0
32019R1966,32017R0776,CITES,2019.0,2017.0
32020D1537,12016M029,BASED_ON,2020.0,2016.0
32019R1780,31989L0665,BASED_ON,2019.0,1989.0
32019R1780,32014L0024,BASED_ON,2019.0,2014.0
32019R1780,32014L0023,BASED_ON,2019.0,2014.0
32019R1780,32009L0081,BASED_ON,2019.0,2009.0
32019R1780,31992L0013,BASED_ON,2019.0,1992.0
32019R1780,32014L0025,BASED_ON,2019.0,2014.0
32012R1249,32010R1095,CITES,2012.0,2010.0
32023L0171,32006R1907,CITES,2023.0,2006.0
32009L0041,32000L0018,CITES,2009.0,2000.0
32009L0041,32003L0004,CITES,2009.0,2003.0
32009L0041,32000L0054,CITES,2009.0,2000.0
32009L0041,31999D0468,CITES,2009.0,1999.0
32015R1221,31967L0548,CITES,2015.0,1967.0
32015R1221,32006R1907,CITES,2015.0,2006.0
32023D1493,32023R1182,CITES,2023.0,2023.0
32023D1493,12020W/PRO/01,CITES,2023.0,2020.0
32023D1493,12020W/TXT,CITES,2023.0,2020.0
32023D1493,32023R1231,CITES,2023.0,2023.0
32015D0800,32014D0294,CITES,2015.0,2014.0
32020R1530,32020D1531,CITES,2020.0,2020.0
32020R1530,12016E267,CITES,2020.0,2016.0
32020R1530,12016M005,CITES,2020.0,2016.0
32020R1530,12020W/TXT,CITES,2020.0,2020.0
32019L0172,32006R1907,CITES,2019.0,2006.0
32014H0729(26),32013H0730(23),CITES,2014.0,2013.0
32014R0600,32005L0060,CITES,2014.0,2005.0
32014R0600,32011R1227,CITES,2014.0,2011.0
32014R0600,31995L0046,CITES,2014.0,1995.0
32014R0600,32014L0057,CITES,2014.0,2014.0
32014R0600,32013R0575,CITES,2014.0,2013.0
32014R0600,32010R1093,CITES,2014.0,2010.0
32014R0600,32009R0713,CITES,2014.0,2009.0
32014R0600,32009L0138,CITES,2014.0,2009.0
32014R0600,32014R0596,CITES,2014.0,2014.0
32014R0600,32001R0045,CITES,2014.0,2001.0
32014R0600,32004L0039,CITES,2014.0,2004.0
32014R0600,32003L0041,CITES,2014.0,2003.0
32014R0600,32009L0065,CITES,2014.0,2009.0
32014R0600,32010R1095,CITES,2014.0,2010.0
32014R0600,32003L0087,CITES,2014.0,2003.0
32015R0020,31992R2913,CITES,2015.0,1992.0
31997D0545,31991L0263,BASED_ON,1997.0,1991.0
32017D0262,12016E240,CITES,2017.0,2016.0
32016D2255,12016M/PRO/22,CITES,2016.0,2016.0
32016D2255,12016E/PRO/22,CITES,2016.0,2016.0
32020R0558,12016E/PRO/01,CITES,2020.0,2016.0
32020R0558,12016E/TXT,CITES,2020.0,2016.0
32020R0558,12016A/PRO/01,CITES,2020.0,2016.0
32020R0558,12016M005,CITES,2020.0,2016.0
32020R0558,32013R1407,CITES,2020.0,2013.0
32020R0558,32018R1046,CITES,2020.0,2018.0
32020R0558,12016M/PRO/01,CITES,2020.0,2016.0
32020R0558,32013R1305,CITES,2020.0,2013.0
32020R0558,32014R0717,CITES,2020.0,2014.0
32014D0085,32000R1896,CITES,2014.0,2000.0
32014D0085,31998L0008,CITES,2014.0,1998.0
32010D0096,12008E218,CITES,2010.0,2008.0
32010D0096,12008M/PRO/22,CITES,2010.0,2008.0
32010D0096,32008D0975,CITES,2010.0,2008.0
32010D0096,32001D0264,CITES,2010.0,2001.0
32010D0096,12008M037,CITES,2010.0,2008.0
32012R0520,32008R1234,CITES,2012.0,2008.0
32012R0520,31995L0046,CITES,2012.0,1995.0
32012R0520,32001R0045,CITES,2012.0,2001.0
32018R0990,32013R0575,CITES,2018.0,2013.0
32018R0990,32012R0648,CITES,2018.0,2012.0
32018R0990,32009L0138,CITES,2018.0,2009.0
32018R0990,32017R2402,CITES,2018.0,2017.0
32010R0356,31995L0046,CITES,2010.0,1995.0
32010R0356,32003R0147,CITES,2010.0,2003.0
32010R0356,12010P/TXT,CITES,2010.0,2010.0
32010R0356,32001R0045,CITES,2010.0,2001.0
32010R0356,32004L0039,CITES,2010.0,2004.0
32010R0356,32000X1218(01),CITES,2010.0,2000.0
32020R1732,32013R1003,CITES,2020.0,2013.0
32020R1732,32020R1230,CITES,2020.0,2020.0
32020R1732,32012R0648,CITES,2020.0,2012.0
32017D0553,32014D0132,CITES,2017.0,2014.0
32017D0553,32015D0347,CITES,2017.0,2015.0
32006E0242,31996E0408,CITES,2006.0,1996.0
32004D0145,31990D0424,BASED_ON,2004.0,1990.0
32022D2332,12016E215,CITES,2022.0,2016.0
32022D2332,12016E/TXT,CITES,2022.0,2016.0
32022D2332,12016M005,CITES,2022.0,2016.0
32022D2332,12016M029,CITES,2022.0,2016.0
32022D2332,12016M/PRO/21,CITES,2022.0,2016.0
32022D2332,12016E/PRO/21,CITES,2022.0,2016.0
32022D2332,12016M/PRO/22,CITES,2022.0,2016.0
32022D2332,12016E/PRO/22,CITES,2022.0,2016.0
32023R2175,32017R2401,CITES,2023.0,2017.0
32023R2175,32010R1093,CITES,2023.0,2010.0
32023R2175,32013R0575,CITES,2023.0,2013.0
32023R2175,32009L0138,CITES,2023.0,2009.0
32023R2175,32019L2162,CITES,2023.0,2019.0
32024L1438,32011R1169,CITES,2024.0,2011.0
32024L1438,32000L0013,CITES,2024.0,2000.0
32024L1438,32020L2184,CITES,2024.0,2020.0
32024L1438,32016Q0512(01),CITES,2024.0,2016.0
32024L1438,32008R1332,CITES,2024.0,2008.0
32024L1438,31998L0083,CITES,2024.0,1998.0
32024L1438,31995L0002,CITES,2024.0,1995.0
32024L1438,12016E290,CITES,2024.0,2016.0
32024L1438,12016M005,CITES,2024.0,2016.0
32024L1438,31989L0107,CITES,2024.0,1989.0
32021D0839,12016E218,BASED_ON,2021.0,2016.0
32021D0839,12016E100,BASED_ON,2021.0,2016.0
32021D0839,12016E091,BASED_ON,2021.0,2016.0
32020R1543,12016E079,BASED_ON,2020.0,2016.0
32020R1543,12016E082,BASED_ON,2020.0,2016.0
32020R1543,12016E078,BASED_ON,2020.0,2016.0
32020R1543,12016E084,BASED_ON,2020.0,2016.0
32020R1543,12016E087,BASED_ON,2020.0,2016.0
32020D1489,32018R1046,BASED_ON,2020.0,2018.0
32020D1489,12016E218,BASED_ON,2020.0,2016.0
32019D1810,12016M050,BASED_ON,2019.0,2016.0
32016D0633,31992R2408,BASED_ON,2016.0,1992.0
32016D0633,12012E108,BASED_ON,2016.0,2012.0
31977D0587,11957E084,BASED_ON,1977.0,1957.0
32020Q0727(01),32020D1015,CITES,2020.0,2020.0
32020Q0727(01),32020D1016,CITES,2020.0,2020.0
32022D0480,12016P047,BASED_ON,2022.0,2016.0
32022D0480,12016M002,BASED_ON,2022.0,2016.0
32022D0480,12016P007,BASED_ON,2022.0,2016.0
32022D0480,12016P011,BASED_ON,2022.0,2016.0
32022D0480,12016P021,BASED_ON,2022.0,2016.0
32022D0480,32002L0058,BASED_ON,2022.0,2002.0
32022D0480,32016R0679,BASED_ON,2022.0,2016.0
32022D0480,12016M021,BASED_ON,2022.0,2016.0
32022D0480,32021D0796,BASED_ON,2022.0,2021.0
32022D0480,12016P052,BASED_ON,2022.0,2016.0
32022D0480,12016M004,BASED_ON,2022.0,2016.0
32022D0480,12016E226,BASED_ON,2022.0,2016.0
32022D0480,12016E016,BASED_ON,2022.0,2016.0
32022D0480,32021R0821,BASED_ON,2022.0,2021.0
32022D0480,12016M006,BASED_ON,2022.0,2016.0
32022D0480,32016L0680,BASED_ON,2022.0,2016.0
32022D0480,12016P008,BASED_ON,2022.0,2016.0
32021D2137,12016M041,BASED_ON,2021.0,2016.0
32021D2137,12016M028,BASED_ON,2021.0,2016.0
32023L2864,12016E114,BASED_ON,2023.0,2016.0
32023L2864,12016E062,BASED_ON,2023.0,2016.0
32023L2864,12016E053,BASED_ON,2023.0,2016.0
32019L1023,12016M005,CITES,2019.0,2016.0
32019L1023,32015L2366,CITES,2019.0,2015.0
32019L1023,32002L0047,CITES,2019.0,2002.0
32019L1023,32014R0910,CITES,2019.0,2014.0
32019L1023,32009L0138,CITES,2019.0,2009.0
32019L1023,32014R0909,CITES,2019.0,2014.0
32019L1023,32001L0023,CITES,2019.0,2001.0
32019L1023,32012R0648,CITES,2019.0,2012.0
32019L1023,32013R0575,CITES,2019.0,2013.0
32019L1023,32015R0848,CITES,2019.0,2015.0
32019L1023,32014L0059,CITES,2019.0,2014.0
32019L1023,32003H0361,CITES,2019.0,2003.0
32023R0662,32013R0575,CITES,2023.0,2013.0
32022R1214,12016AN02,CITES,2022.0,2016.0
32022R1214,32018L2001,CITES,2022.0,2018.0
32022R1214,32021R1119,CITES,2022.0,2021.0
32022R1214,12016A/TXT,CITES,2022.0,2016.0
32014R1125,32002L0092,CITES,2014.0,2002.0
32014R1125,32010R1093,CITES,2014.0,2010.0
32011R1332,32004R0551,CITES,2011.0,2004.0
32018R0223,32011D0101,CITES,2018.0,2011.0
32013H0730(15),32013D0208,CITES,2013.0,2013.0
32013D0208,12012E148,BASED_ON,2013.0,2012.0
32011L0092,12010E294,BASED_ON,2011.0,2010.0
32013D0206,12012E218,BASED_ON,2013.0,2012.0
32013D0206,12012E338,BASED_ON,2013.0,2012.0
32018L0851,12016E192,BASED_ON,2018.0,2016.0
32023D2524,62014CJ0015,CITES,2023.0,2014.0
32023D2524,62004CJ0222,CITES,2023.0,2004.0
32023D2524,12016E107,CITES,2023.0,2016.0
32023D2524,62018CJ0594,CITES,2023.0,2018.0
32023D2524,61999CJ0513,CITES,2023.0,1999.0
32023D2524,61997TJ0288,CITES,2023.0,1997.0
32023D2524,32004L0018,CITES,2023.0,2004.0
32023D2524,61994TJ0358,CITES,2023.0,1994.0
32023D2524,62000CJ0280,CITES,2023.0,2000.0
32023D2524,32002L0022,CITES,2023.0,2002.0
32023D2524,61996CJ0342,CITES,2023.0,1996.0
32023D2524,62000TJ0092,CITES,2023.0,2000.0
32023D2524,61995CJ0355,CITES,2023.0,1995.0
32023D2524,32005D0842,CITES,2023.0,2005.0
32023D2524,62000TJ0169,CITES,2023.0,2000.0
32023D2524,62015CJ0270,CITES,2023.0,2015.0
32023D2524,62015TJ0314,CITES,2023.0,2015.0
32023D2524,62017CJ0114,CITES,2023.0,2017.0
32023D2524,12016E106,CITES,2023.0,2016.0
32023D2524,62017CJ0091,CITES,2023.0,2017.0
32023R0206,32010R1093,CITES,2023.0,2010.0
32019D0448,32009R1107,CITES,2019.0,2009.0
32019D0448,32006R1907,CITES,2019.0,2006.0
32018R0670,32012R0844,CITES,2018.0,2012.0
32018R0670,32016D0929(01),CITES,2018.0,2016.0
32022D0448,12016E108,BASED_ON,2022.0,2016.0
32007D0874,32003R2160,BASED_ON,2007.0,2003.0
32017D1177,12016M/PRO/22,CITES,2017.0,2016.0
32017D1177,32017D0112,CITES,2017.0,2017.0
32017D1177,12016E/PRO/22,CITES,2017.0,2016.0
32017D0046,32015D0444,CITES,2017.0,2015.0
32017D0046,32013R0883,CITES,2017.0,2013.0
32017D0046,32001R0045,CITES,2017.0,2001.0
32017D0046,12016E339,CITES,2017.0,2016.0
32017D2162,12016M021,CITES,2017.0,2016.0
32017D2162,32017D1342,CITES,2017.0,2017.0
32022D0322,32014R0139,CITES,2022.0,2014.0
32022D0322,32018R1139,CITES,2022.0,2018.0
32022D0322,32011R1332,CITES,2022.0,2011.0
32016D0929(01),32012R0844,CITES,2016.0,2012.0
32016D0929(01),32011R0540,CITES,2016.0,2011.0
32016D0929(01),32012R0686,CITES,2016.0,2012.0
32016D0929(01),32009L0128,CITES,2016.0,2009.0
32022D0227,32011D0101,AMENDS,2022.0,2011.0
32003R0807,31996R2271,AMENDS,2003.0,1996.0
32003R0807,31972L0462,AMENDS,2003.0,1972.0
32003R0807,31983L0417,AMENDS,2003.0,1983.0
32003R0807,31971L0118,AMENDS,2003.0,1971.0
32003R0807,31979L0373,AMENDS,2003.0,1979.0
32003R0807,31967L0548,AMENDS,2003.0,1967.0
32003R0807,31987D0095,AMENDS,2003.0,1987.0
32003R0807,31992R0443,AMENDS,2003.0,1992.0
32003R0807,31993R2309,AMENDS,2003.0,1993.0
32019R2155,32014R1163,AMENDS,2019.0,2014.0
32013R0487,31999L0045,CITES,2013.0,1999.0
32013R0487,32006R1907,CITES,2013.0,2006.0
32017R2401,32010R1093,CITES,2017.0,2010.0
32017R2401,32017R2402,CITES,2017.0,2017.0
32017R2401,12016E290,CITES,2017.0,2016.0
32017R2401,32016Q0512(01),CITES,2017.0,2016.0
32017R2401,32014L0059,CITES,2017.0,2014.0
32015R1977,32015R1973,CITES,2015.0,2015.0
32015R1977,32014R0223,CITES,2015.0,2014.0
32015R1977,32013R1303,CITES,2015.0,2013.0
32015R1977,32013R1306,CITES,2015.0,2013.0
32015R1977,32015R1976,CITES,2015.0,2015.0
32015R1977,32015R1975,CITES,2015.0,2015.0
32016L2258,32015L0849,CITES,2016.0,2015.0
32016L2258,12016M005,CITES,2016.0,2016.0
32016L2258,12016P/TXT,CITES,2016.0,2016.0
32024R1771,32010R1093,CITES,2024.0,2010.0
32024R1771,32013R0575,CITES,2024.0,2013.0
32024R1771,32019L2034,CITES,2024.0,2019.0
32024R1771,32009L0065,CITES,2024.0,2009.0
32024R1771,32014R0241,CITES,2024.0,2014.0
32024D0340,32018L1972,CITES,2024.0,2018.0
32024D0340,32022D2481,CITES,2024.0,2022.0
32024D0340,32022D0173,CITES,2024.0,2022.0
32024D0340,32011D0251,CITES,2024.0,2011.0
32001R2580,32001R0467,CITES,2001.0,2001.0
32001R2580,11997E284,CITES,2001.0,1997.0
32018R1717,32013R1271,CITES,2018.0,2013.0
32018R1717,12016M/TXT,CITES,2018.0,2016.0
32018R1717,12016E/TXT,CITES,2018.0,2016.0
32018R1717,12016M050,CITES,2018.0,2016.0
32022R2038,12016M/TXT,CITES,2022.0,2016.0
32022R2038,12016E215,CITES,2022.0,2016.0
32022R2038,12016E/TXT,CITES,2022.0,2016.0
32022R2038,12016M005,CITES,2022.0,2016.0
32022R2038,32016Q0512(01),CITES,2022.0,2016.0
32022R2038,12016E290,CITES,2022.0,2016.0
32022R2038,12016E/PRO/01,CITES,2022.0,2016.0
32022R2038,12016M029,CITES,2022.0,2016.0
32022R2038,12016M/PRO/01,CITES,2022.0,2016.0
32022R2038,12016A/PRO/01,CITES,2022.0,2016.0
32022R2038,32008R1008,CITES,2022.0,2008.0
32022R0229,32018L0843,CITES,2022.0,2018.0
32022D0447,32019D0031,CITES,2022.0,2019.0
32008D0743(01),32008R0033,CITES,2008.0,2008.0
32008D0743(01),32002R1490,CITES,2008.0,2002.0
32011D0005(01),12010E/PRO/04,BASED_ON,2011.0,2010.0
32019L2034,12016M005,CITES,2019.0,2016.0
32019L2034,32010R1093,CITES,2019.0,2010.0
32019L2034,32016R0679,CITES,2019.0,2016.0
32019L2034,32019R2033,CITES,2019.0,2019.0
32019L2034,32012R0648,CITES,2019.0,2012.0
32019L2034,32013R0575,CITES,2019.0,2013.0
32019L2034,32016Q0512(01),CITES,2019.0,2016.0
32019L2034,32015L0849,CITES,2019.0,2015.0
32019L2034,32009L0138,CITES,2019.0,2009.0
32019L2034,12016E258,CITES,2019.0,2016.0
32019L2034,12016E157,CITES,2019.0,2016.0
32019L2034,12016E290,CITES,2019.0,2016.0
32019L2034,32014R0600,CITES,2019.0,2014.0
32019L2034,32010R1095,CITES,2019.0,2010.0
32019L2034,32019L0878,CITES,2019.0,2019.0
32019L2034,32010R1092,CITES,2019.0,2010.0
32019L2034,12016E291,CITES,2019.0,2016.0
32025R0301,32022R2554,BASED_ON,2025.0,2022.0
32024R3011,12016E082,BASED_ON,2024.0,2016.0
32003D0564,31991L0323,CITES,2003.0,1991.0
32020R1423,32010R1093,CITES,2020.0,2010.0
32020R2094,12016E122,BASED_ON,2020.0,2016.0
32022D2306,32008R1338,BASED_ON,2022.0,2008.0
32023D0673,32004D0002,BASED_ON,2023.0,2004.0
32023D0673,32023D0672,BASED_ON,2023.0,2023.0
32023D0673,12016E/PRO/04,BASED_ON,2023.0,2016.0
32023D0673,12016M/PRO/04,BASED_ON,2023.0,2016.0
32021R2045,32001L0082,CITES,2021.0,2001.0
32021R2045,31993L0042,CITES,2021.0,1993.0
32021R2045,31998L0079,CITES,2021.0,1998.0
32021R2045,32017D1210,CITES,2021.0,2017.0
32021R2045,32017R0745,CITES,2021.0,2017.0
32021R2045,32017R0746,CITES,2021.0,2017.0
32021R2045,31990L0385,CITES,2021.0,1990.0
32022R0586,31998L0024,CITES,2022.0,1998.0
32022R0586,32019R1021,CITES,2022.0,2019.0
32022D0772,32021D0891,CITES,2022.0,2021.0
32022D0772,32019D0903,CITES,2022.0,2019.0
32016D1636,12016M/PRO/22,CITES,2016.0,2016.0
32016D1636,12016E/PRO/22,CITES,2016.0,2016.0
32015R0751,32007L0064,CITES,2015.0,2007.0
32015R0751,32009R0924,CITES,2015.0,2009.0
32015R0751,32012R0260,CITES,2015.0,2012.0
32015R0751,32010R1093,CITES,2015.0,2010.0
31989L0105,11957E149,BASED_ON,1989.0,1957.0
31989L0105,11957E100A,BASED_ON,1989.0,1957.0
32008E0368,32006E0419,CITES,2008.0,2006.0
32013R0345,32010R1095,CITES,2013.0,2010.0
32013R0345,32004L0039,CITES,2013.0,2004.0
32013R0345,31995L0046,CITES,2013.0,1995.0
32013R0345,32001R0045,CITES,2013.0,2001.0
32013R0345,32009L0065,CITES,2013.0,2009.0
32013R0345,32009L0138,CITES,2013.0,2009.0
32013R0345,32006L0048,CITES,2013.0,2006.0
32013R0345,32003L0071,CITES,2013.0,2003.0
32023D1336,32022D2255,CITES,2023.0,2022.0
32023D1336,32021D0891,CITES,2023.0,2021.0
32023D1336,32023D0176,CITES,2023.0,2023.0
32023D1336,32023D0179,CITES,2023.0,2023.0
32023D1336,32023D0177,CITES,2023.0,2023.0
32023D1336,32022D0728,CITES,2023.0,2022.0
32022R2400,32000D0532,CITES,2022.0,2000.0
32022R2400,12016E/TXT,CITES,2022.0,2016.0
32022R2400,32004R0850,CITES,2022.0,2004.0
32022R2400,32019R0636,CITES,2022.0,2019.0
32022R2400,12016M005,CITES,2022.0,2016.0
32010R0255,32004R0549,CITES,2010.0,2004.0
32022D0679,31998L0083,CITES,2022.0,1998.0
32022D0679,32009L0090,CITES,2022.0,2009.0
32022D0729,32017R0746,CITES,2022.0,2017.0
32022D0729,31998L0079,CITES,2022.0,1998.0
31998L0029,11992E113,BASED_ON,1998.0,1992.0
32023D2817,12016M/PRO/04,BASED_ON,2023.0,2016.0
32023D2817,12016E/PRO/04,BASED_ON,2023.0,2016.0
32002R0894,11997E080,BASED_ON,2002.0,1997.0
32002R0894,11997E251,BASED_ON,2002.0,1997.0
32010D0071,32001L0082,CITES,2010.0,2001.0
32010D0071,32007D0794,CITES,2010.0,2007.0
32010D0071,32007R1451,CITES,2010.0,2007.0
31996Y1211(02),31996Y0705(02),CITES,1996.0,1996.0
32007E0147,32006E0412,CITES,2007.0,2006.0
32020R0782,32010R1169,CITES,2020.0,2010.0
32020R0782,32010R1158,CITES,2020.0,2010.0
32022D0728,32019D0903,CITES,2022.0,2019.0
32022D0728,32021D0891,CITES,2022.0,2021.0
32024D1432,32020L0262,CITES,2024.0,2020.0
32024D1432,32006L0112,CITES,2024.0,2006.0
32010R0453,32006R1907,AMENDS,2010.0,2006.0
32012D0021,62000CJ0280,CITES,2012.0,2000.0
32012D0021,32006L0111,CITES,2012.0,2006.0
32012D0021,32008R1008,CITES,2012.0,2008.0
32021R0048,12016E/TXT,CITES,2021.0,2016.0
32008D0745,32008R0033,CITES,2008.0,2008.0
32008D0745,32002R1490,CITES,2008.0,2002.0
32018R1580,32010R1093,CITES,2018.0,2010.0
32014R0756,32014O0015,CITES,2014.0,2014.0
32020R1991,32017R2100,CITES,2020.0,2017.0
32020R0202,32017R2100,CITES,2020.0,2017.0
32024L2839,12016E114,BASED_ON,2024.0,2016.0
32010R0279,32009R1284,AMENDS,2010.0,2009.0
32022R0879,32014R0833,AMENDS,2022.0,2014.0
32013R0167,32004L0066,AMENDS,2013.0,2004.0
32013R0167,32006L0042,AMENDS,2013.0,2006.0
32017R1800,32012R1247,CITES,2017.0,2012.0
32017R1800,32010R1095,CITES,2017.0,2010.0
32019R2090,31998D0179,CITES,2019.0,1998.0
32019R2090,32001L0082,CITES,2019.0,2001.0
32019R2090,32003R1831,CITES,2019.0,2003.0
32019R2090,31993R0315,CITES,2019.0,1993.0
32019R2090,32009R1069,CITES,2019.0,2009.0
32019R2090,31996L0023,CITES,2019.0,1996.0
32019R2090,32009R0470,CITES,2019.0,2009.0
32013D0001(01),32001R0045,CITES,2013.0,2001.0
32013D0001(01),31995L0046,CITES,2013.0,1995.0
32013D0001(01),32004D0002,CITES,2013.0,2004.0
32013D0001(01),31999L0093,CITES,2013.0,1999.0
32012R0674,32011R0664,CITES,2012.0,2011.0
32022D0767,32021D0891,CITES,2022.0,2021.0
32022D0767,32019D0903,CITES,2022.0,2019.0
32011R1203,31992R2913,CITES,2011.0,1992.0
32011D0754,32005D0849,CITES,2011.0,2005.0
32011D0754,32003D0564,CITES,2011.0,2003.0
32010D0267,31999L0005,CITES,2010.0,1999.0
32010D0267,32009L0140,CITES,2010.0,2009.0
32010D0267,32004L0108,CITES,2010.0,2004.0
32020R1056,12016E100,BASED_ON,2020.0,2016.0
32020R1056,12016E091,BASED_ON,2020.0,2016.0
32013R1003,32012R0648,BASED_ON,2013.0,2012.0
32010D0792,12003T/TTE,BASED_ON,2010.0,2003.0
32010D0792,12003TN10/03,BASED_ON,2010.0,2003.0
32020R1145,32009L0138,BASED_ON,2020.0,2009.0
32019R1285,32009L0138,BASED_ON,2019.0,2009.0
32021R0558,12016E114,BASED_ON,2021.0,2016.0
32022R2059,32010R1093,CITES,2022.0,2010.0
32010D0675,32007R1451,CITES,2010.0,2007.0
31999R0936,31996R0902,AMENDS,1999.0,1996.0
32021D2184,12020W/TXT,BASED_ON,2021.0,2020.0
32021D0014,12016M043,BASED_ON,2021.0,2016.0
32021D0014,12016M042,BASED_ON,2021.0,2016.0
32013D0355,12012M028,BASED_ON,2013.0,2012.0
32013D0355,12012M043,BASED_ON,2013.0,2012.0
32013D0355,12012M042,BASED_ON,2013.0,2012.0
32003R1882,12002E152,BASED_ON,2003.0,2002.0
32003R1882,12002E300,BASED_ON,2003.0,2002.0
32003R1882,12002E047,BASED_ON,2003.0,2002.0
32003R1882,12002E071,BASED_ON,2003.0,2002.0
32003R1882,12002E175,BASED_ON,2003.0,2002.0
32003R1882,12002E080,BASED_ON,2003.0,2002.0
32003R1882,12002E095,BASED_ON,2003.0,2002.0
32003R1882,12002E251,BASED_ON,2003.0,2002.0
32003R1882,12002E055,BASED_ON,2003.0,2002.0
32019L1846,32006R1907,CITES,2019.0,2006.0
32022D0775,32021D0891,CITES,2022.0,2021.0
32022D0775,32019D0903,CITES,2022.0,2019.0
32022D0764,32021D0891,CITES,2022.0,2021.0
32022D0764,32019D0903,CITES,2022.0,2019.0
32022D0776,32021D0891,CITES,2022.0,2021.0
32022D0776,32019D0903,CITES,2022.0,2019.0
32022D0773,32021D0891,CITES,2022.0,2021.0
32022D0773,32019D0903,CITES,2022.0,2019.0
32015L2060,12012E115,BASED_ON,2015.0,2012.0
32017R2459,32006L0112,BASED_ON,2017.0,2006.0
31998D0515,31998L0013,BASED_ON,1998.0,1998.0
32015A1127(01),12012E/TXT,CITES,2015.0,2012.0
32015A1127(01),32000L0060,CITES,2015.0,2000.0
32015A1127(01),32011L0092,CITES,2015.0,2011.0
32021R2081,32012R0844,CITES,2021.0,2012.0
32021R2081,31991L0414,CITES,2021.0,1991.0
31999D0170,11992E148,CITES,1999.0,1992.0
31999D0170,31994D1110,CITES,1999.0,1994.0
31999D0170,11992E130M,CITES,1999.0,1992.0
31999D0170,31999D0182,CITES,1999.0,1999.0
31999D0170,31999D0065,CITES,1999.0,1999.0
31999D0170,11992E130J,CITES,1999.0,1992.0
32022D0326,32006R1907,BASED_ON,2022.0,2006.0
32013R1272,32006R1907,BASED_ON,2013.0,2006.0
32012D0399,12010E218,BASED_ON,2012.0,2010.0
32012D0399,12010E091,BASED_ON,2012.0,2010.0
32000Y1014(07),11997E081,CITES,2000.0,1997.0
32020Q0210(01),32019R0881,BASED_ON,2020.0,2019.0
32007R1354,12005SA056,BASED_ON,2007.0,2005.0
32021D1753,32013R0575,BASED_ON,2021.0,2013.0
32012D0620(01),32006R1907,BASED_ON,2012.0,2006.0
32013R1075,12012E/PRO/04,BASED_ON,2013.0,2012.0
32013R1075,31998R2533,BASED_ON,2013.0,1998.0
32022R0869,12016E172,BASED_ON,2022.0,2016.0
32014L0051,12012E114,BASED_ON,2014.0,2012.0
32014L0051,12012E294,BASED_ON,2014.0,2012.0
32014L0051,12012E053,BASED_ON,2014.0,2012.0
32014L0051,12012E062,BASED_ON,2014.0,2012.0
32014L0051,12012E050,BASED_ON,2014.0,2012.0
32022R1033,12016EN01,CITES,2022.0,2016.0
32022R1033,12016M005,CITES,2022.0,2016.0
32022R1033,12016A/PRO/01,CITES,2022.0,2016.0
32022R1033,12016M/PRO/01,CITES,2022.0,2016.0
32022R1033,12016E/PRO/01,CITES,2022.0,2016.0
32021Q0712(01),12016M/TXT,CITES,2021.0,2016.0
32021Q0712(01),32002L0058,CITES,2021.0,2002.0
32021Q0712(01),31968R0259,CITES,2021.0,1968.0
32021Q0712(01),12016E/TXT,CITES,2021.0,2016.0
32021Q0712(01),32018R1046,CITES,2021.0,2018.0
32021Q0712(01),32013R0883,CITES,2021.0,2013.0
32022D1907,32014R0833,CITES,2022.0,2014.0
32022D1907,32014D0512,CITES,2022.0,2014.0
32022D1907,32022R0263,CITES,2022.0,2022.0
32022D1907,32022D0266,CITES,2022.0,2022.0
32022D1907,32014D0386,CITES,2022.0,2014.0
32022D1907,32014R0269,CITES,2022.0,2014.0
31996E0408,11992MJ02,BASED_ON,1996.0,1992.0
32012R0873,32011R0234,CITES,2012.0,2011.0
32012R0873,31996R2232,CITES,2012.0,1996.0
32012R0873,32012R0872,CITES,2012.0,2012.0
32022R2474,12016M006,CITES,2022.0,2016.0
32022R2474,32021R0821,CITES,2022.0,2021.0
32022R2474,12016P/TXT,CITES,2022.0,2016.0
32022R2474,12016P017,CITES,2022.0,2016.0
32022R2474,32014R0269,CITES,2022.0,2014.0
32022R2474,12016P016,CITES,2022.0,2016.0
32022R2474,12016E/TXT,CITES,2022.0,2016.0
32022R2474,32015R2447,CITES,2022.0,2015.0
32022R2474,12016P011,CITES,2022.0,2016.0
32022R2474,32014D0512,CITES,2022.0,2014.0
32017R1354,32014L0053,BASED_ON,2017.0,2014.0
32014R0537,12012E294,BASED_ON,2014.0,2012.0
32014R0537,12012E114,BASED_ON,2014.0,2012.0
32012R1024,12010E114,BASED_ON,2012.0,2010.0
32012R1024,12010E294,BASED_ON,2012.0,2010.0
32008D1351,12006E153,BASED_ON,2008.0,2006.0
32008D1351,12006E251,BASED_ON,2008.0,2006.0
32004D0545,31999H0519,CITES,2004.0,1999.0
32004D0545,31999L0005,CITES,2004.0,1999.0
32021L1159,12016M/PRO/07,CITES,2021.0,2016.0
32021L1159,32020R0521,CITES,2021.0,2020.0
32021L1159,12016E/PRO/07,CITES,2021.0,2016.0
32021L1159,32020L2020,CITES,2021.0,2020.0
32003R2160,12002E152,BASED_ON,2003.0,2002.0
32003R2160,12002E251,BASED_ON,2003.0,2002.0
31993R0315,11957E100A,BASED_ON,1993.0,1957.0
31993R0315,11957E149,BASED_ON,1993.0,1957.0
31997D0522,31991L0263,BASED_ON,1997.0,1991.0
32019R1935,32010R1094,CITES,2019.0,2010.0
32011R0176,32004R0549,CITES,2011.0,2004.0
32016R0101,32010R1093,CITES,2016.0,2010.0
32022R2301,32022R1369,CITES,2022.0,2022.0
32022R2301,32022R1032,CITES,2022.0,2022.0
32023L2413,12016E192,BASED_ON,2023.0,2016.0
32023L2413,12016E194,BASED_ON,2023.0,2016.0
32023L2413,12016E114,BASED_ON,2023.0,2016.0
32010R0279,32009R1284,BASED_ON,2010.0,2009.0
31998D0181,11992E054,BASED_ON,1998.0,1992.0
31998D0181,11951K095,BASED_ON,1998.0,1951.0
31998D0181,11992E057,BASED_ON,1998.0,1992.0
31998D0181,11992E235,BASED_ON,1998.0,1992.0
31998D0181,11992E087,BASED_ON,1998.0,1992.0
31998D0181,11992E066,BASED_ON,1998.0,1992.0
31998D0181,11992E100A,BASED_ON,1998.0,1992.0
31998D0181,11992E228,BASED_ON,1998.0,1992.0
31998D0181,11957A101,BASED_ON,1998.0,1957.0
31998D0181,11992E113,BASED_ON,1998.0,1992.0
31998D0181,11992E073C,BASED_ON,1998.0,1992.0
31998D0181,11992E130S,BASED_ON,1998.0,1992.0
31998D0181,11992E099,BASED_ON,1998.0,1992.0
32022R0879,12016E215,BASED_ON,2022.0,2016.0
32021R1415,32017R2402,BASED_ON,2021.0,2017.0
32016D1171,12016E114,BASED_ON,2016.0,2016.0
32016D1171,12016E218,BASED_ON,2016.0,2016.0
32016D1171,12016E053,BASED_ON,2016.0,2016.0
32013R0167,12012E294,BASED_ON,2013.0,2012.0
32013R0167,12012E114,BASED_ON,2013.0,2012.0
32018D1797,12016M046,BASED_ON,2018.0,2016.0
32016D1353,32013R0883,CITES,2016.0,2013.0
32016D1353,32014L0024,CITES,2016.0,2014.0
32016D1353,12016M041,CITES,2016.0,2016.0
32016D1353,32012R0966,CITES,2016.0,2012.0
32016D1353,32012R1268,CITES,2016.0,2012.0
32016D1353,32009L0081,CITES,2016.0,2009.0
32014R0536,12012E114,BASED_ON,2014.0,2012.0
32014R0536,12012E294,BASED_ON,2014.0,2012.0
32012L0034,12012E091,BASED_ON,2012.0,2012.0
32012L0034,12012E294,BASED_ON,2012.0,2012.0
32014L0023,12012E053,BASED_ON,2014.0,2012.0
32014L0023,12012E114,BASED_ON,2014.0,2012.0
32014L0023,12012E294,BASED_ON,2014.0,2012.0
32014L0023,12012E062,BASED_ON,2014.0,2012.0
32004L0027,12002E095,BASED_ON,2004.0,2002.0
32004L0027,12002E251,BASED_ON,2004.0,2002.0
32005D0290,31972L0462,BASED_ON,2005.0,1972.0
32005D0290,31999D0201,BASED_ON,2005.0,1999.0
32021D1710,12016E048,BASED_ON,2021.0,2016.0
32021D1710,12016E218,BASED_ON,2021.0,2016.0
32005R2073,32004R0852,BASED_ON,2005.0,2004.0
32024L1174,12016E114,BASED_ON,2024.0,2016.0
31994L0022,11992E057,BASED_ON,1994.0,1992.0
31994L0022,11992E189B,BASED_ON,1994.0,1992.0
31994L0022,11992E100A,BASED_ON,1994.0,1992.0
31994L0022,11992E066,BASED_ON,1994.0,1992.0
32025R0041,12016E207,BASED_ON,2025.0,2016.0
32016Y0312(03),32014R0680,BASED_ON,2016.0,2014.0
32016Y0312(03),32010R1092,BASED_ON,2016.0,2010.0
32013R0152,32006L0048,CITES,2013.0,2006.0
32013R0152,31986L0635,CITES,2013.0,1986.0
32013R0152,32006L0049,CITES,2013.0,2006.0
32013R0152,31983L0349,CITES,2013.0,1983.0
32013R0152,31978L0660,CITES,2013.0,1978.0
32013R0152,32010R1093,CITES,2013.0,2010.0
32018D0934,32017D1908,CITES,2018.0,2017.0
32018D0934,32008D0146,CITES,2018.0,2008.0
32018D0934,31999D0437,CITES,2018.0,1999.0
32020R1298,12016E185,CITES,2020.0,2016.0
32020R1298,32007D0198,CITES,2020.0,2007.0
32020R1298,32018R1046,CITES,2020.0,2018.0
32020R1298,32019D1909,CITES,2020.0,2019.0
32020R1298,12016E187,CITES,2020.0,2016.0
32020R1298,32018D1797,CITES,2020.0,2018.0
32020R1298,32013R1291,CITES,2020.0,2013.0
32025D0043,32024D1339,CITES,2025.0,2024.0
31994R3163,11965F/PRO/PRI/16,BASED_ON,1994.0,1965.0
31994R3163,11965F028,BASED_ON,1994.0,1965.0
31998L0005,11992E057,BASED_ON,1998.0,1992.0
31998L0005,11992E189B,BASED_ON,1998.0,1992.0
31997L0009,11992E189B,BASED_ON,1997.0,1992.0
31997L0009,11992E057,BASED_ON,1997.0,1992.0
32024L1640,12016E114,BASED_ON,2024.0,2016.0
32022D0785,32019D0709,CITES,2022.0,2019.0
32022D0785,32019R0123,CITES,2022.0,2019.0
32017R2069,32009R1107,BASED_ON,2017.0,2009.0
32011D0077,32010R0407,BASED_ON,2011.0,2010.0
32016L0681,12012E087,BASED_ON,2016.0,2012.0
32016L0681,12012E082,BASED_ON,2016.0,2012.0
32017R0459,32009R0715,BASED_ON,2017.0,2009.0
32023R1805,12016E100,BASED_ON,2023.0,2016.0
32005D0145,12002E088,BASED_ON,2005.0,2002.0
31999R1228,31997R0058,BASED_ON,1999.0,1997.0
32017R0284,32011D0101,CITES,2017.0,2011.0
32017R0284,32009R0428,CITES,2017.0,2009.0
32014R0524,32010R1093,CITES,2014.0,2010.0
32014R0524,32013R0575,CITES,2014.0,2013.0
32014R0524,31994L0019,CITES,2014.0,1994.0
32014R0523,32010R1093,CITES,2014.0,2010.0
32014R0523,32009L0065,CITES,2014.0,2009.0
32022L0275,32006R1907,CITES,2022.0,2006.0
32014R0526,32010R1093,CITES,2014.0,2010.0
32012H0724(12),32012D0238,CITES,2012.0,2012.0
32012H0724(14),32012D0238,CITES,2012.0,2012.0
32012H0724(23),32012D0238,CITES,2012.0,2012.0
32012H0724(23),32006L0123,CITES,2012.0,2006.0
32012H0724(23),32011H0723(01),CITES,2012.0,2011.0
32019R1692,32016R0009,CITES,2019.0,2016.0
32008R1338,12006E251,BASED_ON,2008.0,2006.0
32008R1338,12006E285,BASED_ON,2008.0,2006.0
32014L0045,12012E294,BASED_ON,2014.0,2012.0
32014L0045,12012E091,BASED_ON,2014.0,2012.0
32006L0038,12002E071,BASED_ON,2006.0,2002.0
32006L0038,31999L0062,BASED_ON,2006.0,1999.0
32006L0038,12002E251,BASED_ON,2006.0,2002.0
32014R0527,32013R0575,CITES,2014.0,2013.0
32014R0527,31995R2494,CITES,2014.0,1995.0
32014R0527,32010R1093,CITES,2014.0,2010.0
32015O0019,12012E/PRO/04,BASED_ON,2015.0,2012.0
32015O0019,32012R1011,BASED_ON,2015.0,2012.0
32015O0019,31998R2533,BASED_ON,2015.0,1998.0
32017D0899,12016E114,BASED_ON,2017.0,2016.0
32022R2303,32014L0025,BASED_ON,2022.0,2014.0
32022R2303,32009L0081,BASED_ON,2022.0,2009.0
32022R2303,31992L0013,BASED_ON,2022.0,1992.0
32022R2303,32014L0023,BASED_ON,2022.0,2014.0
32022R2303,32014L0024,BASED_ON,2022.0,2014.0
32022R2303,31989L0665,BASED_ON,2022.0,1989.0
32020D1331,12016E/PRO/04,BASED_ON,2020.0,2016.0
32020D1331,12016M/PRO/04,BASED_ON,2020.0,2016.0
32024R3192,12016E215,BASED_ON,2024.0,2016.0
32024D1708,12016E048,BASED_ON,2024.0,2016.0
32024D1708,12016E218,BASED_ON,2024.0,2016.0
32003R1128,12002E251,BASED_ON,2003.0,2002.0
32003R1128,12002E152,BASED_ON,2003.0,2002.0
32003D0822,12002E095,BASED_ON,2003.0,2002.0
32003D0822,12002E037,BASED_ON,2003.0,2002.0
32003D0822,12002E300,BASED_ON,2003.0,2002.0
32003D0822,12002E133,BASED_ON,2003.0,2002.0
32003D0822,12002E152,BASED_ON,2003.0,2002.0
32021R1340,32014L0059,BASED_ON,2021.0,2014.0
32024D1049,12016M028,BASED_ON,2024.0,2016.0
32024D1049,12016M041,BASED_ON,2024.0,2016.0
32024D1075,12016E218,BASED_ON,2024.0,2016.0
32024D1075,12016E194,BASED_ON,2024.0,2016.0
32023D2417,12016E192,BASED_ON,2023.0,2016.0
32023D2417,12016E218,BASED_ON,2023.0,2016.0
32018D0881,32016Q0512(01),BASED_ON,2018.0,2016.0
32018D0881,12016E241,BASED_ON,2018.0,2016.0
32015L0863,32011L0065,BASED_ON,2015.0,2011.0
32022R1032,12016E194,BASED_ON,2022.0,2016.0
31995D0255,31991D0251,CITES,1995.0,1991.0
31995D0255,31993L0038,CITES,1995.0,1993.0
31995D0255,31993Y0806(01),CITES,1995.0,1993.0
31995D0255,31990L0531,CITES,1995.0,1990.0
31995D0255,31988L0301,CITES,1995.0,1988.0
31995R0540,31993R2309,BASED_ON,1995.0,1993.0
32022R2118,32020R1503,BASED_ON,2022.0,2020.0
32011H0716(03),31997R1466,BASED_ON,2011.0,1997.0
32011H0716(03),12010E121,BASED_ON,2011.0,2010.0
32011H0716(03),12010E148,BASED_ON,2011.0,2010.0
32014D0951,12012M038,BASED_ON,2014.0,2012.0
32014D0951,32014D0073,BASED_ON,2014.0,2014.0
31999D0201,11992E113,BASED_ON,1999.0,1992.0
31999D0201,11992E228,BASED_ON,1999.0,1992.0
32019R0942,12016E194,BASED_ON,2019.0,2016.0
32019R1902,32009L0138,BASED_ON,2019.0,2009.0
32001D0098,31989R4064,BASED_ON,2001.0,1989.0
32012H0724(24),12010E121,BASED_ON,2012.0,2010.0
32012H0724(24),31997R1466,BASED_ON,2012.0,1997.0
32012H0724(24),32011R1176,BASED_ON,2012.0,2011.0
32012H0724(24),12010E148,BASED_ON,2012.0,2010.0
32014R1187,32013R0575,BASED_ON,2014.0,2013.0
32021D0729,12016E/PRO/04,BASED_ON,2021.0,2016.0
32021D0729,12016E127,BASED_ON,2021.0,2016.0
32021D0729,12016M/PRO/04,BASED_ON,2021.0,2016.0
32008D0172,32007E0677,BASED_ON,2008.0,2007.0
32008D0172,12006M025,BASED_ON,2008.0,2006.0
32012D0238,12010E148,BASED_ON,2012.0,2010.0
32020R1435,32006R1907,BASED_ON,2020.0,2006.0
32019R0715,12016E287,CITES,2019.0,2016.0
32019R0715,12016E/TXT,CITES,2019.0,2016.0
32019R0715,32013R0883,CITES,2019.0,2013.0
32019R0715,12016M/TXT,CITES,2019.0,2016.0
32019R0715,12016A/TXT,CITES,2019.0,2016.0
32019R0715,32012R1268,CITES,2019.0,2012.0
32019R0715,32012R0966,CITES,2019.0,2012.0
32019R0715,32016R0679,CITES,2019.0,2016.0
32005E0329,12002M018,CITES,2005.0,2002.0
32005E0329,31997E0288,CITES,2005.0,1997.0
32005E0329,32004E0495,CITES,2005.0,2004.0
32022D0906,12016M021,CITES,2022.0,2016.0
32020D0522,12016E/TXT,CITES,2020.0,2016.0
32020D0522,12016M/TXT,CITES,2020.0,2016.0
31986R4055,11957E084,BASED_ON,1986.0,1957.0
32006L0038,31999L0062,AMENDS,2006.0,1999.0
32022D0480,12016E218,CITES,2022.0,2016.0
32022D0480,12016M/TXT,CITES,2022.0,2016.0
32022D0480,12016E215,CITES,2022.0,2016.0
32022D0480,12016P/TXT,CITES,2022.0,2016.0
32021D2137,12016M021,CITES,2021.0,2016.0
32014R0463,31995L0046,CITES,2014.0,1995.0
32014R0463,32012R0966,CITES,2014.0,2012.0
32014R0463,32002L0058,CITES,2014.0,2002.0
32014R0463,31999L0093,CITES,2014.0,1999.0
32014R0463,32001R0045,CITES,2014.0,2001.0
32020D0546,32020B0537,CITES,2020.0,2020.0
32020D0546,32020B0536,CITES,2020.0,2020.0
32014R0513,12012E294,BASED_ON,2014.0,2012.0
32014R0513,12012E087,BASED_ON,2014.0,2012.0
32014R0513,12012E084,BASED_ON,2014.0,2012.0
32014R0513,12012E082,BASED_ON,2014.0,2012.0
32012H0798,32002L0021,CITES,2012.0,2002.0
32013D0730,32003D0807,CITES,2013.0,2003.0
32021R0250,12016M/PRO/01,CITES,2021.0,2016.0
32021R0250,12016E/TXT,CITES,2021.0,2016.0
32021R0250,12016M005,CITES,2021.0,2016.0
32021R0250,32008R1008,CITES,2021.0,2008.0
32021R0250,12016E290,CITES,2021.0,2016.0
32021R0250,32016Q0512(01),CITES,2021.0,2016.0
32021R0250,12016M/TXT,CITES,2021.0,2016.0
32021R0250,12016E/PRO/01,CITES,2021.0,2016.0
32014L0091,12012E294,BASED_ON,2014.0,2012.0
32014L0091,12012E053,BASED_ON,2014.0,2012.0
32020R2223,12016A106BIS,BASED_ON,2020.0,2016.0
32025D0396,12016M029,BASED_ON,2025.0,2016.0
32023D2426,32017D0939,CITES,2023.0,2017.0
32023R2675,32016R0679,CITES,2023.0,2016.0
32023R2675,12016M/TXT,CITES,2023.0,2016.0
32023R2675,12016E/TXT,CITES,2023.0,2016.0
32023R2675,12016E218,CITES,2023.0,2016.0
32023R2675,12016M005,CITES,2023.0,2016.0
32023R2675,31996R2271,CITES,2023.0,1996.0
32023R2675,32016Q0512(01),CITES,2023.0,2016.0
32023R2675,12016M003,CITES,2023.0,2016.0
32023R2675,12016M021,CITES,2023.0,2016.0
32023R2675,12016P/TXT,CITES,2023.0,2016.0
32023R2675,12016E290,CITES,2023.0,2016.0
32023D0599,12016M021,CITES,2023.0,2016.0
32016R1178,32009L0065,CITES,2016.0,2009.0
32016R1178,32015R2205,CITES,2016.0,2015.0
32016R1178,32010R1095,CITES,2016.0,2010.0
32016R1178,32013R0575,CITES,2016.0,2013.0
32013D0041(01),32003R1745,BASED_ON,2013.0,2003.0
32013D0041(01),31998R2533,BASED_ON,2013.0,1998.0
32013D0041(01),32013R1071,BASED_ON,2013.0,2013.0
32013D0041(01),12012E/PRO/04,BASED_ON,2013.0,2012.0
32013D0041(01),31998R2532,BASED_ON,2013.0,1998.0
32022D0762,12016E100,BASED_ON,2022.0,2016.0
32022D0762,12016E218,BASED_ON,2022.0,2016.0
32012L0029,12010E294,BASED_ON,2012.0,2010.0
32012L0029,12010E082,BASED_ON,2012.0,2010.0
32004L0113,12002E013,BASED_ON,2004.0,2002.0
32022D1979,32009D0010,CITES,2022.0,2009.0
32018R0614,32006R1907,CITES,2018.0,2006.0
32009D0460,32004L0049,BASED_ON,2009.0,2004.0
32014R0516,12012E294,BASED_ON,2014.0,2012.0
32023R2842,12016E043,BASED_ON,2023.0,2016.0
32014D0017,12012M038,BASED_ON,2014.0,2012.0
32020R2011,12016M/PRO/04,BASED_ON,2020.0,2016.0
32020R2011,12016E127,BASED_ON,2020.0,2016.0
32020R2011,31998R2533,BASED_ON,2020.0,1998.0
32020R2011,12016E/PRO/04,BASED_ON,2020.0,2016.0
32014D0016,12012M038,BASED_ON,2014.0,2012.0
32014D0018,12012M038,BASED_ON,2014.0,2012.0
32014D0018,32012D0392,BASED_ON,2014.0,2012.0
32013D0719,12012E108,BASED_ON,2013.0,2012.0
32011H0024,12010E292,BASED_ON,2011.0,2010.0
32019R1238,12016E114,BASED_ON,2019.0,2016.0
32021R0821,12016E207,BASED_ON,2021.0,2016.0
32008D0918,32008E0851,BASED_ON,2008.0,2008.0
32008D0918,12006M029,BASED_ON,2008.0,2006.0
32008D0918,12006M031,BASED_ON,2008.0,2006.0
32008D0918,12006M034,BASED_ON,2008.0,2006.0
31977L0312,31973Y1220(01),CITES,1977.0,1973.0
32019L0879,12016E114,BASED_ON,2019.0,2016.0
32018D1942,12016M042,BASED_ON,2018.0,2016.0
32018D1942,12016M043,BASED_ON,2018.0,2016.0
32018L1972,12016E114,BASED_ON,2018.0,2016.0
32014D0532,12012E108,BASED_ON,2014.0,2012.0
32017R0653,32014R1286,BASED_ON,2017.0,2014.0
32016R2137,32001R2580,CITES,2016.0,2001.0
32016R2137,32002R0881,CITES,2016.0,2002.0
32020D0590,32018L1972,CITES,2020.0,2018.0
32024D0788,12016M/PRO/21,BASED_ON,2024.0,2016.0
32024D0788,12016E/PRO/21,BASED_ON,2024.0,2016.0
32023R2873,12016E215,BASED_ON,2023.0,2016.0
32024D2864,12016E108,BASED_ON,2024.0,2016.0
32025D0373,32006L0112,BASED_ON,2025.0,2006.0
32024D1605,32023D1532,BASED_ON,2024.0,2023.0
32024D1605,12016M029,BASED_ON,2024.0,2016.0
32025R0652,32008R1331,BASED_ON,2025.0,2008.0
32021D2136,12016M021,CITES,2021.0,2016.0
32007L0036,12006E095,BASED_ON,2007.0,2006.0
32007L0036,12006E251,BASED_ON,2007.0,2006.0
31991L0271,11957E148,CITES,1991.0,1957.0
32024R3192,32014D0512,CITES,2024.0,2014.0
32024R3192,32021R0821,CITES,2024.0,2021.0
32024R3192,32024R1469,CITES,2024.0,2024.0
32024D1708,32021D0689,CITES,2024.0,2021.0
32021R1950,32014L0025,CITES,2021.0,2014.0
32021R1950,32004L0017,CITES,2021.0,2004.0
32022R0244,32013R0575,CITES,2022.0,2013.0
32022R0244,32010R1093,CITES,2022.0,2010.0
32022D0550,32017D0939,CITES,2022.0,2017.0
32022R1171,32019R1021,CITES,2022.0,2019.0
32022R1171,32006R1907,CITES,2022.0,2006.0
32010D0227,31998L0079,BASED_ON,2010.0,1998.0
32010D0227,31993L0042,BASED_ON,2010.0,1993.0
32010D0227,31990L0385,BASED_ON,2010.0,1990.0
32010R1092,12010E114,BASED_ON,2010.0,2010.0
32010R1092,12010E294,BASED_ON,2010.0,2010.0
32013R1159,32010R0911,BASED_ON,2013.0,2010.0
32014R0269,12012E215,BASED_ON,2014.0,2012.0
32016D0153,12012E108,BASED_ON,2016.0,2012.0
32004D0393,12002E088,BASED_ON,2004.0,2002.0
32002D0154,31972R0574,BASED_ON,2002.0,1972.0
32002D0154,31971R1408,BASED_ON,2002.0,1971.0
32022D0668,12016M028,BASED_ON,2022.0,2016.0
32022D0668,12016M041,BASED_ON,2022.0,2016.0
32007D0226,31998L0008,BASED_ON,2007.0,1998.0
32023R1114,12016E114,BASED_ON,2023.0,2016.0
32015D0365,32008R1338,BASED_ON,2015.0,2008.0
31982D0854,11957E113,BASED_ON,1982.0,1957.0
32002L0047,11997E251,BASED_ON,2002.0,1997.0
32002L0047,11997E095,BASED_ON,2002.0,1997.0
32024L1788,12016E194,BASED_ON,2024.0,2016.0
32023D2818,12016E/PRO/04,BASED_ON,2023.0,2016.0
32023D2818,12016M/PRO/04,BASED_ON,2023.0,2016.0
32023D0178,32004R0549,BASED_ON,2023.0,2004.0
32005D0012,12002E308,BASED_ON,2005.0,2002.0
32022L1632,32011L0065,BASED_ON,2022.0,2011.0
31986A0537,31975D0327,CITES,1986.0,1975.0
31986A0537,31970R1107,CITES,1986.0,1970.0
31986A0537,31962D0403(01),CITES,1986.0,1962.0
31986A0537,31974L0562,CITES,1986.0,1974.0
31986A0537,31983D0918,CITES,1986.0,1983.0
31986A0537,31969R1192,CITES,1986.0,1969.0
31986A0537,31972R0516,CITES,1986.0,1972.0
31986A0537,31966R0117,CITES,1986.0,1966.0
31986A0537,31973D0402,CITES,1986.0,1973.0
31986A0537,11951K070,CITES,1986.0,1951.0
31986A0537,31975L0130,CITES,1986.0,1975.0
31986A0537,31982D0529,CITES,1986.0,1982.0
31986A0537,31972R0517,CITES,1986.0,1972.0
31986A0537,31962L2005,CITES,1986.0,1962.0
31986A0537,31974L0561,CITES,1986.0,1974.0
31986A0537,61983CJ0013,CITES,1986.0,1983.0
31986A0537,11957E080,CITES,1986.0,1957.0
31986A0537,31976R3164,CITES,1986.0,1976.0
31986A0537,31969R1191,CITES,1986.0,1969.0
31986A0537,31965L0269,CITES,1986.0,1965.0
32024D0902,12016M/PRO/04,BASED_ON,2024.0,2016.0
32024D0902,12016E/PRO/04,BASED_ON,2024.0,2016.0
31996R1356,11992E189C,BASED_ON,1996.0,1992.0
31996R1356,11992E075,BASED_ON,1996.0,1992.0
32003D0564,31972L0166,BASED_ON,2003.0,1972.0
32014R0139,32008R0216,BASED_ON,2014.0,2008.0
32018D0817,12016E218,BASED_ON,2018.0,2016.0
32018D0817,12016E114,BASED_ON,2018.0,2016.0
32014R0833,32014D0512,BASED_ON,2014.0,2014.0
32014R0833,12012E215,BASED_ON,2014.0,2012.0
32012D0642,12010M029,BASED_ON,2012.0,2010.0
31998D0828(01),31998Y0115(01),CITES,1998.0,1998.0
32020D0655,12016E/PRO/04,BASED_ON,2020.0,2016.0
32020D0655,12016M/PRO/04,BASED_ON,2020.0,2016.0
32013L0023,12012J050,BASED_ON,2013.0,2012.0
32013L0023,12012J003,BASED_ON,2013.0,2012.0
32021D0276,12016M029,BASED_ON,2021.0,2016.0
32003D0020,32000L0026,BASED_ON,2003.0,2000.0
31997D0486,31991L0263,BASED_ON,1997.0,1991.0
32015D0347,32004R0549,BASED_ON,2015.0,2004.0
32022D1024,12016E192,BASED_ON,2022.0,2016.0
32022D1024,12016E218,BASED_ON,2022.0,2016.0
32022D1024,12016E207,BASED_ON,2022.0,2016.0
32020R0879,32014R0232,BASED_ON,2020.0,2014.0
32018R0977,32014R1286,BASED_ON,2018.0,2014.0
32021D0905,12016E218,BASED_ON,2021.0,2016.0
32021D0905,12016M037,BASED_ON,2021.0,2016.0
32012H0724(27),12010E148,BASED_ON,2012.0,2010.0
32012H0724(27),12010E121,BASED_ON,2012.0,2010.0
32012H0724(27),31997R1466,BASED_ON,2012.0,1997.0
32012H0724(27),32011R1176,BASED_ON,2012.0,2011.0
32020D1025,32014L0025,BASED_ON,2020.0,2014.0
32016R0438,32009L0065,BASED_ON,2016.0,2009.0
32024R1717,12016E077,BASED_ON,2024.0,2016.0
32024R1717,12016E079,BASED_ON,2024.0,2016.0
32024D2830,12016M/PRO/04,BASED_ON,2024.0,2016.0
32024D2830,12016E/PRO/04,BASED_ON,2024.0,2016.0
32024D2830,12016E127,BASED_ON,2024.0,2016.0
32021R2030,32006R1907,BASED_ON,2021.0,2006.0
32010R0365,32004R0852,BASED_ON,2010.0,2004.0
32021D2133,12016M028,BASED_ON,2021.0,2016.0
32021D2133,12016M031,BASED_ON,2021.0,2016.0
32023D0810,12016M041,BASED_ON,2023.0,2016.0
32023D0810,12016M028,BASED_ON,2023.0,2016.0
32025L0025,12016E114,BASED_ON,2025.0,2016.0
32022L0279,32006R1907,CITES,2022.0,2006.0
32020R0704,32017R2100,CITES,2020.0,2017.0
32019D1742,32004R0549,CITES,2019.0,2004.0
32019D1742,32013R0390,CITES,2019.0,2013.0
32019D1742,32014D0132,CITES,2019.0,2014.0
32021D1439,32014L0059,CITES,2021.0,2014.0
32021D1439,32015D0004,CITES,2021.0,2015.0
32021D1439,32020D1015,CITES,2021.0,2020.0
32021D1439,32014R0241,CITES,2021.0,2014.0
32021D1439,32020D1016,CITES,2021.0,2020.0
32022D0644,32019R1239,CITES,2022.0,2019.0
32005D0714,12002M025,BASED_ON,2005.0,2002.0
32016R0709,32013R0575,BASED_ON,2016.0,2013.0
32013D0668,12012M031,BASED_ON,2013.0,2012.0
32019D0939,32017R0746,BASED_ON,2019.0,2017.0
32019D0939,32017R0745,BASED_ON,2019.0,2017.0
32011R0207,32006R1907,BASED_ON,2011.0,2006.0
32024D1644,31998D0181,CITES,2024.0,1998.0
32000Y0324(01),31994Y0617(01),CITES,2000.0,1994.0
32000Y0324(01),31999D0182,CITES,2000.0,1999.0
32000Y0324(01),31998Y1215(01),CITES,2000.0,1998.0
32019R0004,12016E043,BASED_ON,2019.0,2016.0
32019R0004,12016E168,BASED_ON,2019.0,2016.0
32010D0424(09),32004R0883,BASED_ON,2010.0,2004.0
32013R1305,12012E294,BASED_ON,2013.0,2012.0
32013R1305,12012E043,BASED_ON,2013.0,2012.0
32013R0153,32012R0648,BASED_ON,2013.0,2012.0
32015R0850,32013R0575,BASED_ON,2015.0,2013.0
32021R1153,12016E194,BASED_ON,2021.0,2016.0
32021R1153,12016E172,BASED_ON,2021.0,2016.0
32014D0132,32004R0549,BASED_ON,2014.0,2004.0
32004D0822,32004D0739,BASED_ON,2004.0,2004.0
32004D0822,32004D0732,BASED_ON,2004.0,2004.0
32001R2580,11997E308,BASED_ON,2001.0,1997.0
32001R2580,11997E060,BASED_ON,2001.0,1997.0
32001R2580,11997E301,BASED_ON,2001.0,1997.0
31969R0549,11965F/PRO/PRI/16,BASED_ON,1969.0,1965.0
31969R0549,11965F028,BASED_ON,1969.0,1965.0
31999D0310,31998L0013,BASED_ON,1999.0,1998.0
32024R3018,12016E338,BASED_ON,2024.0,2016.0
32011D0665,32008L0057,BASED_ON,2011.0,2008.0
32019R1020,12016E114,BASED_ON,2019.0,2016.0
32017D0503,12016E108,BASED_ON,2017.0,2016.0
32010L0053,12010E168,BASED_ON,2010.0,2010.0
32010L0053,12010E294,BASED_ON,2010.0,2010.0
32025D0397,12016M029,BASED_ON,2025.0,2016.0
31991L0672,11957E075,BASED_ON,1991.0,1957.0
32008A0509(01),12006E037,BASED_ON,2008.0,2006.0
32022D0118,12016M029,BASED_ON,2022.0,2016.0
32011H0442,12010E292,BASED_ON,2011.0,2010.0
32014R0217,32004R0852,BASED_ON,2014.0,2004.0
32009A1021(01),11957A037,BASED_ON,2009.0,1957.0
32013H0730(22),32011R1176,BASED_ON,2013.0,2011.0
32013H0730(22),12012E148,BASED_ON,2013.0,2012.0
32013H0730(22),12012E121,BASED_ON,2013.0,2012.0
32013H0730(22),31997R1466,BASED_ON,2013.0,1997.0
32020D1479,32009R0715,BASED_ON,2020.0,2009.0
32020D2188,12016M043,BASED_ON,2020.0,2016.0
32020D2188,12016M042,BASED_ON,2020.0,2016.0
32014R0301,32006R1907,BASED_ON,2014.0,2006.0
32020R0784,32019R1021,BASED_ON,2020.0,2019.0
32007E0338,12006M015,BASED_ON,2007.0,2006.0
32013R0606,12012E081,BASED_ON,2013.0,2012.0
32013R0606,12012E294,BASED_ON,2013.0,2012.0
32010D0430,12010M031,BASED_ON,2010.0,2010.0
32010D0430,12010M026,BASED_ON,2010.0,2010.0
32021D1428,12016E108,BASED_ON,2021.0,2016.0
32017D0552,32013R0390,BASED_ON,2017.0,2013.0
32017D0552,32004R0549,BASED_ON,2017.0,2004.0
32014D0132,32004R0551,CITES,2014.0,2004.0
32014D0132,31998D0500,CITES,2014.0,1998.0
32014D0132,32011D0121,CITES,2014.0,2011.0
32014D0132,32013R0390,CITES,2014.0,2013.0
32014D0132,32010R0691,CITES,2014.0,2010.0
32004D0822,11997D/PRO/05,CITES,2004.0,1997.0
31995Y0811(03),31994Y0427(01),CITES,1995.0,1994.0
31995Y0811(03),31993Y0120(03),CITES,1995.0,1993.0
31995Y0811(03),31994Y1207(01),CITES,1995.0,1994.0
31995Y0811(03),31993S3632,CITES,1995.0,1993.0
32015D0875,12012M038,BASED_ON,2015.0,2012.0
32018R0184,32016D0929(01),CITES,2018.0,2016.0
32018R0184,32012R0844,CITES,2018.0,2012.0
32017R2095,31998R2532,BASED_ON,2017.0,1998.0
32017R2095,12016E/PRO/04,BASED_ON,2017.0,2016.0
32017R2095,12016E132,BASED_ON,2017.0,2016.0
32017R2095,12016M/PRO/04,BASED_ON,2017.0,2016.0
32021R1880,32004R0549,BASED_ON,2021.0,2004.0
32012D0808,32008E0851,BASED_ON,2012.0,2008.0
32012D0808,12012M038,BASED_ON,2012.0,2012.0
32022R2554,12016E114,BASED_ON,2022.0,2016.0
32017R2094,12016E127,BASED_ON,2017.0,2016.0
32017R2094,12016M/PRO/04,BASED_ON,2017.0,2016.0
32017R2094,12016E/PRO/04,BASED_ON,2017.0,2016.0
32019D0310,32006L0112,BASED_ON,2019.0,2006.0
31995D2717,11992E189B,BASED_ON,1995.0,1992.0
31995D2717,11992E129D,BASED_ON,1995.0,1992.0
32011R0540,32009R1107,BASED_ON,2011.0,2009.0
32009R1284,32009E0788,BASED_ON,2009.0,2009.0
32009R1284,12008E215,BASED_ON,2009.0,2008.0
32019D2120,12016E108,BASED_ON,2019.0,2016.0
32022R1302,32016L2341,CITES,2022.0,2016.0
32022R1302,32009L0065,CITES,2022.0,2009.0
32022R1302,32012R0648,CITES,2022.0,2012.0
32022R1302,32014R0909,CITES,2022.0,2014.0
32022R1302,32021L0338,CITES,2022.0,2021.0
32022R1302,32010R1095,CITES,2022.0,2010.0
32022R1302,32009L0138,CITES,2022.0,2009.0
32009L0138,31973L0240,REPEALS,2009.0,1973.0
32009L0138,32005L0068,REPEALS,2009.0,2005.0
32009L0138,31987L0344,REPEALS,2009.0,1987.0
32009L0138,31964L0225,REPEALS,2009.0,1964.0
32009L0138,31998L0078,REPEALS,2009.0,1998.0
32009L0138,31992L0049,REPEALS,2009.0,1992.0
32009L0138,31988L0357,REPEALS,2009.0,1988.0
32009L0138,31978L0473,REPEALS,2009.0,1978.0
32009L0138,32002L0083,REPEALS,2009.0,2002.0
32009L0138,31976L0580,REPEALS,2009.0,1976.0
32009L0138,31973L0239,REPEALS,2009.0,1973.0
32009L0138,32001L0017,REPEALS,2009.0,2001.0
32009L0138,31984L0641,REPEALS,2009.0,1984.0
32014L0024,32004L0018,REPEALS,2014.0,2004.0
32021D1442,32013R0575,BASED_ON,2021.0,2013.0
32020Y0429(01),32010R1092,BASED_ON,2020.0,2010.0
32021Q0209(01),32003R0058,BASED_ON,2021.0,2003.0
32021Q0209(01),12016E249,BASED_ON,2021.0,2016.0
32021Q0209(01),32013D0801,BASED_ON,2021.0,2013.0
31993R3604,11992E189C,BASED_ON,1993.0,1992.0
31993R3604,11992E104A,BASED_ON,1993.0,1992.0
32024R3110,12016E114,BASED_ON,2024.0,2016.0
31997L0067,11992E057,BASED_ON,1997.0,1992.0
31997L0067,11992E189B,BASED_ON,1997.0,1992.0
31997L0067,11992E066,BASED_ON,1997.0,1992.0
31997L0067,11992E100A,BASED_ON,1997.0,1992.0
32024L1654,12016E087,BASED_ON,2024.0,2016.0
31998D0500,11992E,BASED_ON,1998.0,1992.0
32010D0331,31997R0258,BASED_ON,2010.0,1997.0
32011R0349,32008R1338,BASED_ON,2011.0,2008.0
32013R1301,12012E294,BASED_ON,2013.0,2012.0
32021D1443,32021D1442,BASED_ON,2021.0,2021.0
32021D1443,12016M/PRO/04,BASED_ON,2021.0,2016.0
32021D1443,12016E/PRO/04,BASED_ON,2021.0,2016.0
32021D1443,32004D0002,BASED_ON,2021.0,2004.0
32023R0662,32014L0059,BASED_ON,2023.0,2014.0
32023D1599,12016M043,BASED_ON,2023.0,2016.0
32023D1599,12016M042,BASED_ON,2023.0,2016.0
32024L1760,12016E114,BASED_ON,2024.0,2016.0
32014R0909,12012E294,BASED_ON,2014.0,2012.0
32014R0909,12012E114,BASED_ON,2014.0,2012.0
32015L1535,12012E043,BASED_ON,2015.0,2012.0
32015L1535,12012E114,BASED_ON,2015.0,2012.0
32023R1214,32023D1217,BASED_ON,2023.0,2023.0
32023R1214,12016E215,BASED_ON,2023.0,2016.0
32012R0686,32009R1107,BASED_ON,2012.0,2009.0
32011D0846,32009D0369,BASED_ON,2011.0,2009.0
32011D0846,12010M038,BASED_ON,2011.0,2010.0
32011D0846,32008E0851,BASED_ON,2011.0,2008.0
32009D0739,32008D0049,CITES,2009.0,2008.0
32009D0739,32002L0058,CITES,2009.0,2002.0
32009D0739,32001R0045,CITES,2009.0,2001.0
32009D0739,31995L0046,CITES,2009.0,1995.0
32003R0806,31987D0373,CITES,2003.0,1987.0
32003R0806,31999D0468,CITES,2003.0,1999.0
32011R0189,32009R1069,CITES,2011.0,2009.0
32017D2116,12016E108,BASED_ON,2017.0,2016.0
32016D1195,32014L0025,BASED_ON,2016.0,2014.0
32023D0339,12016M029,BASED_ON,2023.0,2016.0
32012R0650,12010E294,BASED_ON,2012.0,2010.0
32021R2289,32021R2115,BASED_ON,2021.0,2021.0
32021R0453,32013R0575,BASED_ON,2021.0,2013.0
32016D1698,12016E108,BASED_ON,2016.0,2016.0
32017R1230,32013R0575,BASED_ON,2017.0,2013.0
32015D0248,12012E108,BASED_ON,2015.0,2012.0
32019D2112,12016M028,BASED_ON,2019.0,2016.0
32019D2112,12016M031,BASED_ON,2019.0,2016.0
32005H0698,32002L0021,BASED_ON,2005.0,2002.0
32024L1799,12016E114,BASED_ON,2024.0,2016.0
31999D0847,11997E308,BASED_ON,1999.0,1997.0
32024L2841,12016E091,BASED_ON,2024.0,2016.0
32024L2841,12016E053,BASED_ON,2024.0,2016.0
32024L2841,12016E062,BASED_ON,2024.0,2016.0
32019D0785,32007L0046,CITES,2019.0,2007.0
32021R1119,32018L2001,CITES,2021.0,2018.0
32021R1119,32020R2094,CITES,2021.0,2020.0
32021R1119,12016E/TXT,CITES,2021.0,2016.0
32021R1119,12016M/TXT,CITES,2021.0,2016.0
32021R1119,32003L0087,CITES,2021.0,2003.0
32021R1119,12016M005,CITES,2021.0,2016.0
32021R1119,32012L0027,CITES,2021.0,2012.0
32021R1119,12016P/TXT,CITES,2021.0,2016.0
32021R0378,31998R2532,BASED_ON,2021.0,1998.0
32021R0378,12016E/PRO/04,BASED_ON,2021.0,2016.0
32021R0378,12016M/PRO/04,BASED_ON,2021.0,2016.0
32013R1409,12012E/PRO/04,BASED_ON,2013.0,2012.0
32013R1409,31998R2533,BASED_ON,2013.0,1998.0
32022R0186,32009L0138,BASED_ON,2022.0,2009.0
32014R0334,12012E294,BASED_ON,2014.0,2012.0
32014R0334,12012E114,BASED_ON,2014.0,2012.0
32021R1354,32009L0138,BASED_ON,2021.0,2009.0
32019D0025(01),12016E127,BASED_ON,2019.0,2016.0
32019D0025(01),12016E/PRO/04,BASED_ON,2019.0,2016.0
32019D0025(01),12016M/PRO/04,BASED_ON,2019.0,2016.0
32009D0515,12006E080,BASED_ON,2009.0,2006.0
32009D0515,12006E300,BASED_ON,2009.0,2006.0
32022D0906,12016M028,BASED_ON,2022.0,2016.0
32022D0906,12016M041,BASED_ON,2022.0,2016.0
32021D2231,12016E100,BASED_ON,2021.0,2016.0
32021D2231,12016E218,BASED_ON,2021.0,2016.0
32021D2231,12016E091,BASED_ON,2021.0,2016.0
32020D0522,12016E218,BASED_ON,2020.0,2016.0
32020D0522,12016E100,BASED_ON,2020.0,2016.0
32020D0522,12016E091,BASED_ON,2020.0,2016.0
32019L0520,12016E091,BASED_ON,2019.0,2016.0
32012D0332,12010M042,BASED_ON,2012.0,2010.0
32012D0332,12010M028,BASED_ON,2012.0,2010.0
32012D0332,12010M043,BASED_ON,2012.0,2010.0
32020Q0407(01),32015D1835,BASED_ON,2020.0,2015.0
32020Q0407(01),12016M042,BASED_ON,2020.0,2016.0
32020Q0407(01),12016M045,BASED_ON,2020.0,2016.0
32016R0218,32004R0314,BASED_ON,2016.0,2004.0
32018D0300,32010R0913,BASED_ON,2018.0,2010.0
32013D0001(01),12012E/PRO/04,BASED_ON,2013.0,2012.0
32013D0001(01),12012E/PRO/04,BASED_ON,2013.0,2012.0
32013D0001(01),12012E127,BASED_ON,2013.0,2012.0
32022D0767,32004R0549,BASED_ON,2022.0,2004.0
32012H0724(12),31997R1466,BASED_ON,2012.0,1997.0
32012H0724(12),32011R1176,BASED_ON,2012.0,2011.0
32012H0724(12),12010E121,BASED_ON,2012.0,2010.0
32012H0724(12),12010E148,BASED_ON,2012.0,2010.0
32012H0724(14),31997R1466,BASED_ON,2012.0,1997.0
32012H0724(14),12010E121,BASED_ON,2012.0,2010.0
32012H0724(14),12010E148,BASED_ON,2012.0,2010.0
32012H0724(14),32011R1176,BASED_ON,2012.0,2011.0
32012H0724(23),32011R1176,BASED_ON,2012.0,2011.0
32012H0724(23),12010E121,BASED_ON,2012.0,2010.0
32012H0724(23),31997R1466,BASED_ON,2012.0,1997.0
32012H0724(23),12010E148,BASED_ON,2012.0,2010.0
32019R1692,32006R1907,BASED_ON,2019.0,2006.0
32021D0730,12016E/PRO/04,BASED_ON,2021.0,2016.0
32021D0730,12016E127,BASED_ON,2021.0,2016.0
32021D0730,12016M/PRO/04,BASED_ON,2021.0,2016.0
32021R2268R(04),32021R2268R(02),CORRECTS,2021.0,2021.0
32018L0843R(01),32018L0843,CORRECTS,2018.0,2018.0
32019R2175R(02),32019R2175,CORRECTS,2019.0,2019.0
32023R1616,32012R0648,CITES,2023.0,2012.0
32023R1616,32010R1095,CITES,2023.0,2010.0
32023R0155,32023D0160,CITES,2023.0,2023.0
32023R0155,12016E/TXT,CITES,2023.0,2016.0
32022D2244,12016M021,CITES,2022.0,2016.0
32022D2244,12016M002,CITES,2022.0,2016.0
32023D0162,12016M/TXT,CITES,2023.0,2016.0
32023D0162,12016M037,CITES,2023.0,2016.0
32023D0162,32013D0488,CITES,2023.0,2013.0
32023D0162,12016M021,CITES,2023.0,2016.0
32023D0162,12016M038,CITES,2023.0,2016.0
32023D0162,12016E218,CITES,2023.0,2016.0
32014R0654,31992R2913,CITES,2014.0,1992.0
32019R0630,32014R0680,CITES,2019.0,2014.0
32019R0630,32010R1093,CITES,2019.0,2010.0
32019R0630,32008L0048,CITES,2019.0,2008.0
32019L0170,32011L0065,BASED_ON,2019.0,2011.0
32014H0881,32008L0057,BASED_ON,2014.0,2008.0
32014H0881,12012E292,BASED_ON,2014.0,2012.0
32020D1748,12016M029,BASED_ON,2020.0,2016.0
32022D1981,12016M/PRO/04,BASED_ON,2022.0,2016.0
32022D1981,12016E132,BASED_ON,2022.0,2016.0
32022D1981,12016E/PRO/04,BASED_ON,2022.0,2016.0
32022D1981,12016E127,BASED_ON,2022.0,2016.0
32014D0804,12012E218,BASED_ON,2014.0,2012.0
32014D0804,12012M037,BASED_ON,2014.0,2012.0
32023R1231,12016E114,BASED_ON,2023.0,2016.0
32023R1231,12016E043,BASED_ON,2023.0,2016.0
32023R1231,12016E168,BASED_ON,2023.0,2016.0
32023D0179,32004R0549,BASED_ON,2023.0,2004.0
32023D0177,32004R0549,BASED_ON,2023.0,2004.0
32023D0176,32004R0549,BASED_ON,2023.0,2004.0
32017A1109(03),12016A037,BASED_ON,2017.0,2016.0
32017A1109(01),12016A037,BASED_ON,2017.0,2016.0
32002R0881,11997E060,BASED_ON,2002.0,1997.0
32002R0881,11997E301,BASED_ON,2002.0,1997.0
32002R0881,11997E308,BASED_ON,2002.0,1997.0
32013D0488,12012E240,BASED_ON,2013.0,2012.0
32011L0065,12010E294,BASED_ON,2011.0,2010.0
32011L0065,12010E114,BASED_ON,2011.0,2010.0
32017R2367,32014L0025,CITES,2017.0,2014.0
32017D1210,32009R1107,CITES,2017.0,2009.0
32015D2290,32010R1094,CITES,2015.0,2010.0
32005D0905,12002E133,BASED_ON,2005.0,2002.0
32005D0905,12002E089,BASED_ON,2005.0,2002.0
32005D0905,12002E095,BASED_ON,2005.0,2002.0
32005D0905,12002E047,BASED_ON,2005.0,2002.0
32005D0905,12002E083,BASED_ON,2005.0,2002.0
32005D0905,12002E055,BASED_ON,2005.0,2002.0
32005D0905,12002E175,BASED_ON,2005.0,2002.0
32005D0905,12002E300,BASED_ON,2005.0,2002.0
32015D0047,12012E127,BASED_ON,2015.0,2012.0
32015D0047,12012E132,BASED_ON,2015.0,2012.0
32015D0047,12012E/PRO/04,BASED_ON,2015.0,2012.0
32016R0217,32006R1907,BASED_ON,2016.0,2006.0
32014D0188,32012R1025,BASED_ON,2014.0,2012.0
32024R2929,32006R1907,BASED_ON,2024.0,2006.0
32023R2884,32009L0081,BASED_ON,2023.0,2009.0
32023R2884,32014L0024,BASED_ON,2023.0,2014.0
32023R2884,31992L0013,BASED_ON,2023.0,1992.0
32023R2884,32014L0025,BASED_ON,2023.0,2014.0
32023R2884,31989L0665,BASED_ON,2023.0,1989.0
32023R2884,32014L0023,BASED_ON,2023.0,2014.0
32023R2830,32003L0087,BASED_ON,2023.0,2003.0
32025D1058,32004R0549,BASED_ON,2025.0,2004.0
32025D1057,32004R0549,BASED_ON,2025.0,2004.0
32024D1970,12016M029,BASED_ON,2024.0,2016.0
32006D0351,61998CJ0444,CITES,2006.0,1998.0
32017R0228,32008R1332,CITES,2017.0,2008.0
31995Y0705(01),31991L0440,CITES,1995.0,1991.0
31995Y0705(01),31968R1017,CITES,1995.0,1968.0
31968R0259,11965F/PRO/PRI/16,BASED_ON,1968.0,1965.0
32009D0713(01),32005Q0215(01),BASED_ON,2009.0,2005.0
32013R0346,12012E114,BASED_ON,2013.0,2012.0
32013R0346,12012E294,BASED_ON,2013.0,2012.0
32008E0851,12006M025,BASED_ON,2008.0,2006.0
32008E0851,12006M014,BASED_ON,2008.0,2006.0
32008E0851,12006M028,BASED_ON,2008.0,2006.0
32011D0060,12010E108,BASED_ON,2011.0,2010.0
31999R2157,11997E256,CITES,1999.0,1997.0
32019R1866,32014R1286,BASED_ON,2019.0,2014.0
32023R0895,32009L0138,BASED_ON,2023.0,2009.0
32022R0585,12016E078,BASED_ON,2022.0,2016.0
32022R0585,12016E082,BASED_ON,2022.0,2016.0
32022R0585,12016E087,BASED_ON,2022.0,2016.0
32022R0585,12016E084,BASED_ON,2022.0,2016.0
32022R0585,12016E079,BASED_ON,2022.0,2016.0
32012L0023,31964L0225,CITES,2012.0,1964.0
32012L0023,31992L0049,CITES,2012.0,1992.0
32012L0023,32002L0083,CITES,2012.0,2002.0
32012L0023,31998L0078,CITES,2012.0,1998.0
32012L0023,31976L0580,CITES,2012.0,1976.0
32012L0023,31978L0473,CITES,2012.0,1978.0
32012L0023,31973L0240,CITES,2012.0,1973.0
32012L0023,32005L0068,CITES,2012.0,2005.0
32012L0023,32001L0017,CITES,2012.0,2001.0
32012L0023,31973L0239,CITES,2012.0,1973.0
32012L0023,31988L0357,CITES,2012.0,1988.0
32012L0023,31984L0641,CITES,2012.0,1984.0
32012L0023,31987L0344,CITES,2012.0,1987.0
32020D0188,12016M/TXT,CITES,2020.0,2016.0
32020D0188,12016E/TXT,CITES,2020.0,2016.0
32020D0188,32014O0060,CITES,2020.0,2014.0
32020D0188,32013R0575,CITES,2020.0,2013.0
32018R0677,32008R1331,CITES,2018.0,2008.0
32022R1645,32016L1148,CITES,2022.0,2016.0
32022R1645,32016Q0512(01),CITES,2022.0,2016.0
32017D2376,32013R0390,BASED_ON,2017.0,2013.0
32017D2376,32004R0549,BASED_ON,2017.0,2004.0
32014R0655,12012E081,BASED_ON,2014.0,2012.0
32014R0655,12012E294,BASED_ON,2014.0,2012.0
32017R0579,32014R0600,BASED_ON,2017.0,2014.0
32023R1577,32013R0575,BASED_ON,2023.0,2013.0
32014L0042,12012E082,BASED_ON,2014.0,2012.0
32014L0042,12012E294,BASED_ON,2014.0,2012.0
32010D0184,32008E0851,BASED_ON,2010.0,2008.0
32010D0184,12008M038,BASED_ON,2010.0,2008.0
32010D0184,32009D0369,BASED_ON,2010.0,2009.0
32019L0879,32014L0059,AMENDS,2019.0,2014.0
32017D2074,12016M029,BASED_ON,2017.0,2016.0
32014R0756,31998R2533,BASED_ON,2014.0,1998.0
32014R0756,12012E/PRO/04,BASED_ON,2014.0,2012.0
32008D0101,12006M017,BASED_ON,2008.0,2006.0
32008D0101,32007E0677,BASED_ON,2008.0,2007.0
32020R2160,32006R1907,BASED_ON,2020.0,2006.0
32021D1037,12016E192,CITES,2021.0,2016.0
32021D1037,12016E114,CITES,2021.0,2016.0
32021D1037,12016E004,CITES,2021.0,2016.0
32021D1037,12016P/TXT,CITES,2021.0,2016.0
32021D1037,12016M002,CITES,2021.0,2016.0
32021D1037,12016E/TXT,CITES,2021.0,2016.0
32021D1037,12016M/TXT,CITES,2021.0,2016.0
32019R0320,32002L0022,CITES,2019.0,2002.0
32019R0320,32012R1025,CITES,2019.0,2012.0
32019R0320,32013R1285,CITES,2019.0,2013.0
32018R0678,32012R0872,CITES,2018.0,2012.0
32008D0137,12006E088,BASED_ON,2008.0,2006.0
32007E0887,12006M014,BASED_ON,2007.0,2006.0
32007E0887,32005E0557,BASED_ON,2007.0,2005.0
32013D0659,12012M029,BASED_ON,2013.0,2012.0
32016R0165,32009L0138,BASED_ON,2016.0,2009.0
32009D0537,12005SAN06/04/B,BASED_ON,2009.0,2005.0
31984R1890,31982H0604,CITES,1984.0,1982.0
31984R1890,11957E148,CITES,1984.0,1957.0
31984R1890,11957E209,CITES,1984.0,1957.0
31984R1890,31975Y0709(04),CITES,1984.0,1975.0
32008D0014,31998R2533,BASED_ON,2008.0,1998.0
32008D0014,32003R1745,BASED_ON,2008.0,2003.0
32008D0014,32001R2423,BASED_ON,2008.0,2001.0
32008D0014,31998R2532,BASED_ON,2008.0,1998.0
32008R0987,32006R1907,BASED_ON,2008.0,2006.0
32018D2008,12016E042,BASED_ON,2018.0,2016.0
32018D2008,12016E043,BASED_ON,2018.0,2016.0
32018D1884,12016M042,BASED_ON,2018.0,2016.0
32018D1884,12016M043,BASED_ON,2018.0,2016.0
32014R0223,12012E294,BASED_ON,2014.0,2012.0
32023R1215,12016E215,BASED_ON,2023.0,2016.0
32020D0155,12016E218,BASED_ON,2020.0,2016.0
32020D0155,12016M037,BASED_ON,2020.0,2016.0
32016R1376,32009L0138,BASED_ON,2016.0,2009.0
32012D0699,12012M031,BASED_ON,2012.0,2012.0
32019R0941,12016E194,BASED_ON,2019.0,2016.0
32007D0848,32003R2160,BASED_ON,2007.0,2003.0
32016L2258,12016E113,BASED_ON,2016.0,2016.0
32016L2258,12016E115,BASED_ON,2016.0,2016.0
32014R1348,32014R0600,CITES,2014.0,2014.0
32014R1348,32009R0715,CITES,2014.0,2009.0
32014R1348,32013R0543,CITES,2014.0,2013.0
32014R1348,32009L0073,CITES,2014.0,2009.0
32014R1348,32009R0713,CITES,2014.0,2009.0
32014R1348,32012R0648,CITES,2014.0,2012.0
32014R1348,32009L0072,CITES,2014.0,2009.0
32004R0853,12002E152,BASED_ON,2004.0,2002.0
32004R0853,12002E251,BASED_ON,2004.0,2002.0
32004D0821,12002M025,BASED_ON,2004.0,2002.0
32015D1120,32004L0017,BASED_ON,2015.0,2004.0
32023R1651,32019L2034,BASED_ON,2023.0,2019.0
32002R1490,31991L0414,BASED_ON,2002.0,1991.0
31999R1225,31997R0058,BASED_ON,1999.0,1997.0
32003L0004,11997E251,BASED_ON,2003.0,1997.0
32024R1849,12016E192,BASED_ON,2024.0,2016.0
31998D0676,31991L0414,BASED_ON,1998.0,1991.0
32024R2514,32022R2399,BASED_ON,2024.0,2022.0
32025L0001,32012Y0214(01),CITES,2025.0,2012.0
32025L0001,32014R0596,CITES,2025.0,2014.0
32025L0001,12016E109,CITES,2025.0,2016.0
32025L0001,32016L0097,CITES,2025.0,2016.0
32025L0001,32015R0035,CITES,2025.0,2015.0
32025L0001,32016L2341,CITES,2025.0,2016.0
32025L0001,12016P/TXT,CITES,2025.0,2016.0
32025L0001,32010R1093,CITES,2025.0,2010.0
32025L0001,12016E108,CITES,2025.0,2016.0
32025L0001,32013R0575,CITES,2025.0,2013.0
32025L0001,32008L0048,CITES,2025.0,2008.0
32025L0001,12016E107,CITES,2025.0,2016.0
32025L0001,32009L0138,CITES,2025.0,2009.0
32025L0001,12016E218,CITES,2025.0,2016.0
32025L0001,12016M005,CITES,2025.0,2016.0
32025L0001,32021R0023,CITES,2025.0,2021.0
32025L0001,12016E291,CITES,2025.0,2016.0
32025L0001,32001L0023,CITES,2025.0,2001.0
32025L0001,12016P017,CITES,2025.0,2016.0
32025L0001,32004R0883,CITES,2025.0,2004.0
32025L0001,12016P047,CITES,2025.0,2016.0
32025L0001,32008R0593,CITES,2025.0,2008.0
32025L0001,12016E290,CITES,2025.0,2016.0
32025L0001,32009L0103,CITES,2025.0,2009.0
32025L0001,32010R1095,CITES,2025.0,2010.0
32016D1137,12016E/PRO/22,CITES,2016.0,2016.0
32016D1137,12016M/PRO/22,CITES,2016.0,2016.0
32000Y1014(03),31998L0034,CITES,2000.0,1998.0
32024R3015,12016E114,BASED_ON,2024.0,2016.0
32024R3015,12016E207,BASED_ON,2024.0,2016.0
32024R1938,12016E168,BASED_ON,2024.0,2016.0
32024R2147,32009L0138,BASED_ON,2024.0,2009.0
32009D0022,32001D0079,CITES,2009.0,2001.0
32021D1437,32020D1016,CITES,2021.0,2020.0
32021D1437,32020D1015,CITES,2021.0,2020.0
32022D0266,12016M029,BASED_ON,2022.0,2016.0
32014D0915,12012M043,BASED_ON,2014.0,2012.0
32014D0915,12012M042,BASED_ON,2014.0,2012.0
32014D0915,12012M028,BASED_ON,2014.0,2012.0
32021D2134,12016M028,BASED_ON,2021.0,2016.0
32021D2134,12016M041,BASED_ON,2021.0,2016.0
32003R1334,31970L0524,BASED_ON,2003.0,1970.0
32023D2819,12016M/PRO/04,BASED_ON,2023.0,2016.0
32023D2819,12016E/PRO/04,BASED_ON,2023.0,2016.0
31994Y0617(01),11992E003,CITES,1994.0,1992.0
31994Y0617(01),11992E129,CITES,1994.0,1992.0
32006L0111,31978L0660,CITES,2006.0,1978.0
31986R4058,31977D0587,CITES,1986.0,1977.0
31986R4058,31983D0573,CITES,1986.0,1983.0
32007D0711,12006M025,BASED_ON,2007.0,2006.0
32018L0822,12016E115,BASED_ON,2018.0,2016.0
32018L0822,12016E113,BASED_ON,2018.0,2016.0
32018L0844,12016E194,BASED_ON,2018.0,2016.0
32020R0171,31998L0024,CITES,2020.0,1998.0
31994D0414,11992E030,CITES,1994.0,1992.0
31994D0414,31988R4253,CITES,1994.0,1988.0
31994D0414,11992E169,CITES,1994.0,1992.0
31994D0414,11992E007,CITES,1994.0,1992.0
31994D0414,11992E059,CITES,1994.0,1992.0
31994D0414,31977Q1231,CITES,1994.0,1977.0
31994D0414,11992E052,CITES,1994.0,1992.0
32011D0346,12010E108,BASED_ON,2011.0,2010.0
32017R2061,12016E215,BASED_ON,2017.0,2016.0
32016D0418,32013R0391,BASED_ON,2016.0,2013.0
32020O0497,32013R0575,CITES,2020.0,2013.0
32020O0497,31998R2533,CITES,2020.0,1998.0
32020O0497,32014R0680,CITES,2020.0,2014.0
32020R0762,32005R2073,CITES,2020.0,2005.0
32020R0762,32004R0853,CITES,2020.0,2004.0
32020R0762,32004R0852,CITES,2020.0,2004.0
32014R1286,12012E114,BASED_ON,2014.0,2012.0
32014R1286,12012E294,BASED_ON,2014.0,2012.0
32015R1515,32012R0648,BASED_ON,2015.0,2012.0
32020L2184,12016A192,BASED_ON,2020.0,2016.0
32015R0864,32006R1907,BASED_ON,2015.0,2006.0
32019R0818,12016E078,BASED_ON,2019.0,2016.0
32019R0818,12016E087,BASED_ON,2019.0,2016.0
32019R0818,12016E082,BASED_ON,2019.0,2016.0
32019R0818,12016E079,BASED_ON,2019.0,2016.0
32019R0818,12016E016,BASED_ON,2019.0,2016.0
32025L0002,12016E053,BASED_ON,2025.0,2016.0
32025L0002,12016E114,BASED_ON,2025.0,2016.0
32025L0002,12016E062,BASED_ON,2025.0,2016.0
32015L2366,12012E114,BASED_ON,2015.0,2012.0
32024D1059,12016M042,BASED_ON,2024.0,2016.0
32024D1059,12016M043,BASED_ON,2024.0,2016.0
32018R0541,32016L0097,BASED_ON,2018.0,2016.0
32023R1650,32015L2366,BASED_ON,2023.0,2015.0
32007E0528,12006M002,BASED_ON,2007.0,2006.0
32007E0528,12006M014,BASED_ON,2007.0,2006.0
32009D0604,32002R1605,BASED_ON,2009.0,2002.0
32009D0604,32002R2342,BASED_ON,2009.0,2002.0
32016D0309,32009L0138,BASED_ON,2016.0,2009.0
32016A0817(03),12016A037,BASED_ON,2016.0,2016.0
31971R1408,11957E007,BASED_ON,1971.0,1957.0
31990H0543,31983L0189,CITES,1990.0,1983.0
31990H0543,31987D0095,CITES,1990.0,1987.0
31990H0543,31984H0549,CITES,1990.0,1984.0
31990H0543,31987H0371,CITES,1990.0,1987.0
31990H0543,31986L0361,CITES,1990.0,1986.0
32016D0929(01),32009R1107,BASED_ON,2016.0,2009.0
32017D1102,12016M028,BASED_ON,2017.0,2016.0
32017D1102,12016M043,BASED_ON,2017.0,2016.0
32017D1102,12016M042,BASED_ON,2017.0,2016.0
32001D0937,11997M028,BASED_ON,2001.0,1997.0
32024D1848,12016M038,BASED_ON,2024.0,2016.0
32024D1336,12016M029,BASED_ON,2024.0,2016.0
32024D0350,32004R0549,BASED_ON,2024.0,2004.0
32019L2034,12016E053,BASED_ON,2019.0,2016.0
32018D1485,12016E091,BASED_ON,2018.0,2016.0
32018D1485,12016E218,BASED_ON,2018.0,2016.0
32013R1261,32006D1982,CITES,2013.0,2006.0
32013R1261,32006D0974,CITES,2013.0,2006.0
32020Q0407(01),32016L0680,CITES,2020.0,2016.0
32020Q0407(01),32016R0679,CITES,2020.0,2016.0
32020D1038,31998L0008,CITES,2020.0,1998.0
32020D1038,32017D2334,CITES,2020.0,2017.0
32020D1038,32006R1907,CITES,2020.0,2006.0
32025R0392,12016E215,BASED_ON,2025.0,2016.0
32025R0392,32025D0391,BASED_ON,2025.0,2025.0
32023R0650,32003R1831,BASED_ON,2023.0,2003.0
32012R1146,32005R2111,BASED_ON,2012.0,2005.0
32015R0461,32009L0138,BASED_ON,2015.0,2009.0
32013D0015,32006Q0614(01),BASED_ON,2013.0,2006.0
32013D0015,32006R1927,BASED_ON,2013.0,2006.0
32015D1056,32004R0549,BASED_ON,2015.0,2004.0
32011D0344,32010R0407,BASED_ON,2011.0,2010.0
32009D0027,12005SAN06/04/B,BASED_ON,2009.0,2005.0
32019L1846,32011L0065,BASED_ON,2019.0,2011.0
32007D0794,32003R2032,BASED_ON,2007.0,2003.0
32019D0448,12016E218,BASED_ON,2019.0,2016.0
32019D0448,12016E192,BASED_ON,2019.0,2016.0
32016R2235,32006R1907,BASED_ON,2016.0,2006.0
32018R0670,32009R1107,BASED_ON,2018.0,2009.0
32018D0594,32006R1907,BASED_ON,2018.0,2006.0
32017D1474,32016L0797,BASED_ON,2017.0,2016.0
32018D0491,32010R0913,BASED_ON,2018.0,2010.0
32017R0208,32013R0575,BASED_ON,2017.0,2013.0
32024L1203,12016E083,BASED_ON,2024.0,2016.0
32024R3143,32019R0881,BASED_ON,2024.0,2019.0
31998Y1215(01),11992E129,CITES,1998.0,1992.0
31998Y1215(01),197D,CITES,1998.0,
31998Y1215(01),31994Y0617(01),CITES,1998.0,1994.0
31995Y1230(03),31994D0913,CITES,1995.0,1994.0
31998Y0604(02),31994D1110,CITES,1998.0,1994.0
31998Y0604(02),31996Y1211(02),CITES,1998.0,1996.0
32008L0048,12006E095,BASED_ON,2008.0,2006.0
32008L0048,12006E251,BASED_ON,2008.0,2006.0
32022D0173,32018L1972,BASED_ON,2022.0,2018.0
32005D0864,31991L0414,BASED_ON,2005.0,1991.0
32020R2093,12016E312,BASED_ON,2020.0,2016.0
32020R2093,12016A106BIS,BASED_ON,2020.0,2016.0
32012D0369,12010E126,BASED_ON,2012.0,2010.0
32019D1912,12016E100,BASED_ON,2019.0,2016.0
32019D1912,12016E218,BASED_ON,2019.0,2016.0
32018D1782,32013R0390,BASED_ON,2018.0,2013.0
32018R0223,32004R0314,BASED_ON,2018.0,2004.0
32013H0730(15),12012E121,BASED_ON,2013.0,2012.0
32013H0730(15),31997R1466,BASED_ON,2013.0,1997.0
32013H0730(15),32011R1176,BASED_ON,2013.0,2011.0
32013H0730(15),12012E148,BASED_ON,2013.0,2012.0
32015D0017,32014R1163,BASED_ON,2015.0,2014.0
32021L2167,12016E114,BASED_ON,2021.0,2016.0
32021L2167,12016E053,BASED_ON,2021.0,2016.0
32007D0580,12006E088,BASED_ON,2007.0,2006.0
32018D1723,32013R1315,BASED_ON,2018.0,2013.0
32010D0424(07),32004R0883,BASED_ON,2010.0,2004.0
32021R1840,32020R2174,CITES,2021.0,2020.0
32022D0765,32021D0891,CITES,2022.0,2021.0
32022D0765,32019D0903,CITES,2022.0,2019.0
32010R0255,32004R0551,BASED_ON,2010.0,2004.0
32022D0679,32020L2184,BASED_ON,2022.0,2020.0
32022D0729,32012R1025,BASED_ON,2022.0,2012.0
32014R0183,32013R0575,BASED_ON,2014.0,2013.0
32024R1610,12016E192,BASED_ON,2024.0,2016.0
32024R1205,12016E215,BASED_ON,2024.0,2016.0
32024R1307,12016E114,BASED_ON,2024.0,2016.0
32024R1307,12016E016,BASED_ON,2024.0,2016.0
32008E0348,12006M015,BASED_ON,2008.0,2006.0
32019D0762,12016M042,BASED_ON,2019.0,2016.0
32019D0762,12016M043,BASED_ON,2019.0,2016.0
32009D1007,32006Q0614(01),BASED_ON,2009.0,2006.0
32017D1177,12016M038,BASED_ON,2017.0,2016.0
32017D0046,12016E249,BASED_ON,2017.0,2016.0
32017D2162,12016M028,BASED_ON,2017.0,2016.0
32017D2162,12016M042,BASED_ON,2017.0,2016.0
32017D2162,12016M043,BASED_ON,2017.0,2016.0
31999D0498,31998L0013,BASED_ON,1999.0,1998.0
32024R3005,12016E114,BASED_ON,2024.0,2016.0
32024R1252,12016E114,BASED_ON,2024.0,2016.0
32024R3144,32019R0881,BASED_ON,2024.0,2019.0
31989L0391,11957E149,BASED_ON,1989.0,1957.0
32024R1106,12016E194,BASED_ON,2024.0,2016.0
32019L0171,32011L0065,BASED_ON,2019.0,2011.0
32020L2020,12016E113,BASED_ON,2020.0,2016.0
32022D0335,12016M029,BASED_ON,2022.0,2016.0
32011Y0224(01),32010R1092,BASED_ON,2011.0,2010.0
32013D0788,32006Q0614(01),BASED_ON,2013.0,2006.0
32013D0788,32006R1927,BASED_ON,2013.0,2006.0
32024R1109,32018R1139,BASED_ON,2024.0,2018.0
31991L0675,11957E057,BASED_ON,1991.0,1957.0
31991L0675,11957E149,BASED_ON,1991.0,1957.0
32021R0654,32018L1972,BASED_ON,2021.0,2018.0
32020R1228,32017R2402,BASED_ON,2020.0,2017.0
32021D0477,32003R2160,BASED_ON,2021.0,2003.0
32022R0782,32022R0692,CITES,2022.0,2022.0
32010L0040,12010E294,BASED_ON,2010.0,2010.0
32010L0040,12010E091,BASED_ON,2010.0,2010.0
32018L0850,12016E192,BASED_ON,2018.0,2016.0
32003L0087,12002E251,BASED_ON,2003.0,2002.0
32003L0087,12002E175,BASED_ON,2003.0,2002.0
32006D1672,12002E013,BASED_ON,2006.0,2002.0
32006D1672,12002E251,BASED_ON,2006.0,2002.0
32022R2065,12016E114,BASED_ON,2022.0,2016.0
32014D0930(01),12012E223,BASED_ON,2014.0,2012.0
32014D0930(01),32011Q0505(01),BASED_ON,2014.0,2011.0
32009D0517,12006E080,BASED_ON,2009.0,2006.0
32009D0517,12006E300,BASED_ON,2009.0,2006.0
32021D2293,12016E087,BASED_ON,2021.0,2016.0
32021D2293,12016E218,BASED_ON,2021.0,2016.0
32021D2293,12016E016,BASED_ON,2021.0,2016.0
32021D2293,32021D0689,BASED_ON,2021.0,2021.0
32022R0123,12016E114,BASED_ON,2022.0,2016.0
32022R0123,12016E168,BASED_ON,2022.0,2016.0
32012R0260,12010E114,BASED_ON,2012.0,2010.0
32012R0260,12010E294,BASED_ON,2012.0,2010.0
32017R1145,32003R1831,BASED_ON,2017.0,2003.0
32016L0797,12012E091,BASED_ON,2016.0,2012.0
32018R0871,32005R2111,BASED_ON,2018.0,2005.0
32007R1441,32004R0852,BASED_ON,2007.0,2004.0
32024R1157,12016E192,BASED_ON,2024.0,2016.0
32002L0058,11997E095,BASED_ON,2002.0,1997.0
32002L0058,11997E251,BASED_ON,2002.0,1997.0
32016R1014,12016E114,BASED_ON,2016.0,2016.0
32015D0038,12012E132,BASED_ON,2015.0,2012.0
32015D0038,12012E127,BASED_ON,2015.0,2012.0
32016R0631,32009R0714,BASED_ON,2016.0,2009.0
32008D0170,32002R2342,BASED_ON,2008.0,2002.0
32008D0170,32004D0858,BASED_ON,2008.0,2004.0
32008D0170,12006E152,BASED_ON,2008.0,2006.0
32008D0170,32007R1351,BASED_ON,2008.0,2007.0
32008D0170,32002R1605,BASED_ON,2008.0,2002.0
32017D1406,32013R1285,BASED_ON,2017.0,2013.0
32020D0547,32013Q1220(01),BASED_ON,2020.0,2013.0
32021D0592,12016E192,BASED_ON,2021.0,2016.0
32021D0592,12016E218,BASED_ON,2021.0,2016.0
32020D0663,12016M043,BASED_ON,2020.0,2016.0
32020D0663,12016M042,BASED_ON,2020.0,2016.0
32010L0040R(01),32010L0040,CORRECTS,2010.0,2010.0
32006R1907R(11),32006R1907,CORRECTS,2006.0,2006.0
32017R0207R(01),32017R0207,CORRECTS,2017.0,2017.0
32025D1039,32004R0549,BASED_ON,2025.0,2004.0
32003D0751,31971R1408,BASED_ON,2003.0,1971.0
32003D0751,31972R0574,BASED_ON,2003.0,1972.0
32001D0022,31998L0010,BASED_ON,2001.0,1998.0
32004D0033,31962R0017,BASED_ON,2004.0,1962.0
32004D0033,31968R1017,BASED_ON,2004.0,1968.0
32015R2012,32009L0138,BASED_ON,2015.0,2009.0
32023D1532,12016M029,BASED_ON,2023.0,2016.0
32016R2340,12016E114,BASED_ON,2016.0,2016.0
32018R0405,32013R0575,BASED_ON,2018.0,2013.0
32021R0391,32014R0208,BASED_ON,2021.0,2014.0
32009L0081R(02),32009L0081,CORRECTS,2009.0,2009.0
32003R2160R(01),32003R2160,CORRECTS,2003.0,2003.0
32011R0211,12010E294,BASED_ON,2011.0,2010.0
32019R0758,32010R1094,CITES,2019.0,2010.0
32019R0758,32010R1095,CITES,2019.0,2010.0
32019R0758,32010R1093,CITES,2019.0,2010.0
32005D0849,31972L0166,BASED_ON,2005.0,1972.0
32014R0463,32014R0223,BASED_ON,2014.0,2014.0
32020D0546,32013Q1220(01),BASED_ON,2020.0,2013.0
32008D0981,31991L0440,BASED_ON,2008.0,1991.0
32023R2411,12016E207,BASED_ON,2023.0,2016.0
31999L0062,11997E093,BASED_ON,1999.0,1997.0
31999L0062,11997E071,BASED_ON,1999.0,1997.0
31999L0062,11997E251,BASED_ON,1999.0,1997.0
32020D1746,32019D1909,CITES,2020.0,2019.0
32020D1746,32019H0515(01),CITES,2020.0,2019.0
32020D1746,32018D1797,CITES,2020.0,2018.0
32020D1746,32018H0308(01),CITES,2020.0,2018.0
32016R1646,32013R0575,BASED_ON,2016.0,2013.0
32023R0915,31993R0315,BASED_ON,2023.0,1993.0
32004D0733,12002M025,BASED_ON,2004.0,2002.0
32016D2255,12016M038,BASED_ON,2016.0,2016.0
32003D0563,32003E0092,BASED_ON,2003.0,2003.0
32003D0563,12002M017,BASED_ON,2003.0,2002.0
32024D2876,12016M043,BASED_ON,2024.0,2016.0
32024D2876,12016M042,BASED_ON,2024.0,2016.0
32025D0554,12016E189,BASED_ON,2025.0,2016.0
32025D0554,12016E218,BASED_ON,2025.0,2016.0
32022R2360,32010R1093,CITES,2022.0,2010.0
32023R1182,12020W/PRO/01,CITES,2023.0,2020.0
32023R1182,32016Q0512(01),CITES,2023.0,2016.0
32023R1182,12020W/TXT,CITES,2023.0,2020.0
32023R1182,32016R0161,CITES,2023.0,2016.0
32023R1182,12016M005,CITES,2023.0,2016.0
32023R1182,12016E290,CITES,2023.0,2016.0
31999L0031,11992E130S,BASED_ON,1999.0,1992.0
31999L0031,11992E189C,BASED_ON,1999.0,1992.0
31991L0371,11957E235,BASED_ON,1991.0,1957.0
31991L0371,11957E057,BASED_ON,1991.0,1957.0
31991L0371,11957E149,BASED_ON,1991.0,1957.0
32003R0260,31990L0425,BASED_ON,2003.0,1990.0
32004D0338,12002M028,BASED_ON,2004.0,2002.0
32004D0338,12002E207,BASED_ON,2004.0,2002.0
31994D0244,11992E052,CITES,1994.0,1992.0
31994D0244,31988R4253,CITES,1994.0,1988.0
31994D0244,11992E169,CITES,1994.0,1992.0
31994D0244,11992E059,CITES,1994.0,1992.0
31994D0244,11992E030,CITES,1994.0,1992.0
31994D0244,31977Q1231,CITES,1994.0,1977.0
31994D0244,11992E007,CITES,1994.0,1992.0
31994D0242,31977Q1231,CITES,1994.0,1977.0
31994D0242,11992E052,CITES,1994.0,1992.0
31994D0242,11992E007,CITES,1994.0,1992.0
31994D0242,31988R4253,CITES,1994.0,1988.0
31994D0242,11992E030,CITES,1994.0,1992.0
31994D0242,11992E169,CITES,1994.0,1992.0
31994D0242,11992E059,CITES,1994.0,1992.0
31994D0691,11992E007,CITES,1994.0,1992.0
31994D0691,11992E169,CITES,1994.0,1992.0
31994D0691,11992E059,CITES,1994.0,1992.0
31994D0691,31977Q1231,CITES,1994.0,1977.0
31994D0691,11992E052,CITES,1994.0,1992.0
31994D0691,31988R4253,CITES,1994.0,1988.0
31994D0691,11992E030,CITES,1994.0,1992.0
32005E0792,12002M015,BASED_ON,2005.0,2002.0
32022L0282,32011L0065,BASED_ON,2022.0,2011.0
32022L0280,32011L0065,BASED_ON,2022.0,2011.0
32022D0895,12016E218,BASED_ON,2022.0,2016.0
32022D0895,12016E082,BASED_ON,2022.0,2016.0
32022D0895,12016E083,BASED_ON,2022.0,2016.0
32022R0975,32014R1286,BASED_ON,2022.0,2014.0
32018D0010(01),32013R0575,BASED_ON,2018.0,2013.0
32014L0061,12012E114,BASED_ON,2014.0,2012.0
32014L0061,12012E294,BASED_ON,2014.0,2012.0
32023R2147,12016E215,BASED_ON,2023.0,2016.0
32023D00611,32015L0849,BASED_ON,2023.0,2015.0
32016L0943,32001R0045,CITES,2016.0,2001.0
32016L0943,32014L0025,CITES,2016.0,2014.0
32016L0943,32014L0024,CITES,2016.0,2014.0
32016L0943,32014L0023,CITES,2016.0,2014.0
32016L0943,12012P/TXT,CITES,2016.0,2012.0
32016L0943,31995L0046,CITES,2016.0,1995.0
32016L0943,32003L0004,CITES,2016.0,2003.0
32016L0943,12012E/TXT,CITES,2016.0,2012.0
32024R1860,31998L0079,CITES,2024.0,1998.0
32024R1860,31993L0042,CITES,2024.0,1993.0
32024R1860,12016M005,CITES,2024.0,2016.0
32024R1860,31990L0385,CITES,2024.0,1990.0
32024R1703,32017R2402,BASED_ON,2024.0,2017.0
32025R0216,32009L0138,BASED_ON,2025.0,2009.0
32008D0768,12006E095,BASED_ON,2008.0,2006.0
32008D0768,12006E251,BASED_ON,2008.0,2006.0
32020R1055,12016E091,BASED_ON,2020.0,2016.0
32021D2111,12016E043,BASED_ON,2021.0,2016.0
32021D2111,12016E218,BASED_ON,2021.0,2016.0
32019D0235,32018L1972,BASED_ON,2019.0,2018.0
32020D1023,32011L0024,BASED_ON,2020.0,2011.0
32021D0796,12016M029,BASED_ON,2021.0,2016.0
32014D0485,12012M028,BASED_ON,2014.0,2012.0
32014D0485,12012M042,BASED_ON,2014.0,2012.0
32014D0485,12012M043,BASED_ON,2014.0,2012.0
32014R0241,32013R0575,BASED_ON,2014.0,2013.0
32016R1375,32012R0267,BASED_ON,2016.0,2012.0
32012R1011,32004L0039,BASED_ON,2012.0,2004.0
32012R1011,32009R0025,BASED_ON,2012.0,2009.0
32012R1011,32009R0024,BASED_ON,2012.0,2009.0
32012R1011,32006L0048,BASED_ON,2012.0,2006.0
32012R1011,12010E/PRO/04,BASED_ON,2012.0,2010.0
32012R1011,31998R2533,BASED_ON,2012.0,1998.0
32008L0068,12006E251,BASED_ON,2008.0,2006.0
32021R0836,12016E196,BASED_ON,2021.0,2016.0
32021R0836,12016E322,BASED_ON,2021.0,2016.0
32023R1782,12016E188,BASED_ON,2023.0,2016.0
32023R1782,12016E187,BASED_ON,2023.0,2016.0
32016D2356,12016M031,BASED_ON,2016.0,2016.0
32016D2356,12016M026,BASED_ON,2016.0,2016.0
32015D0001,12012E/PRO/04,BASED_ON,2015.0,2012.0
32025D0391,12016M029,BASED_ON,2025.0,2016.0
32021D0748,12016M046,BASED_ON,2021.0,2016.0
32006R1907,12002E251,BASED_ON,2006.0,2002.0
32006R1907,12002E095,BASED_ON,2006.0,2002.0
32024Q02022,32018R1727,CITES,2024.0,2018.0
32024Q02022,12016P/TXT,CITES,2024.0,2016.0
32024Q02022,12016E263,CITES,2024.0,2016.0
32024D04431,12016E263,CITES,2024.0,2016.0
32024D04431,12016E228,CITES,2024.0,2016.0
32019D0021(01),12016M/PRO/04,BASED_ON,2019.0,2016.0
32019D0021(01),12016E/PRO/04,BASED_ON,2019.0,2016.0
32019D0021(01),12016E127,BASED_ON,2019.0,2016.0
32021R0979,32006R1907,BASED_ON,2021.0,2006.0
32019R2033,12016E114,BASED_ON,2019.0,2016.0
32009R1069,12006E152,BASED_ON,2009.0,2006.0
32009R1069,12006E251,BASED_ON,2009.0,2006.0
32020R0736,32005R2111,BASED_ON,2020.0,2005.0
32014R0528,32013R0575,BASED_ON,2014.0,2013.0
31991L0287,11957E100A,BASED_ON,1991.0,1957.0
31991L0287,11957E149,BASED_ON,1991.0,1957.0
32014R0484,32012R0648,BASED_ON,2014.0,2012.0
32016R1384,12016E/PRO/04,BASED_ON,2016.0,2016.0
32016R1384,12016M/PRO/04,BASED_ON,2016.0,2016.0
32016R1384,31998R2533,BASED_ON,2016.0,1998.0
32018D0496,32009R0714,BASED_ON,2018.0,2009.0
32018D0496,32009R0715,BASED_ON,2018.0,2009.0
32023R2083,32021L2167,BASED_ON,2023.0,2021.0
32011D0399,12010M038,BASED_ON,2011.0,2010.0
32011D0399,32008E0851,BASED_ON,2011.0,2008.0
32011H0719(03),12010E121,BASED_ON,2011.0,2010.0
32011H0719(03),31997R1466,BASED_ON,2011.0,1997.0
32011H0719(03),12010E148,BASED_ON,2011.0,2010.0
32013R1153,12012E215,BASED_ON,2013.0,2012.0
32016R1649,32013R1316,BASED_ON,2016.0,2013.0
32017R2226,12016E077,BASED_ON,2017.0,2016.0
32017R2226,12016E087,BASED_ON,2017.0,2016.0
32024R2987,12016E114,BASED_ON,2024.0,2016.0
32015L2060,32006L0098,CITES,2015.0,2006.0
32015L2060,12012P/TXT,CITES,2015.0,2012.0
32020D0903,12016M042,BASED_ON,2020.0,2016.0
32020D0903,12016M043,BASED_ON,2020.0,2016.0
32021D1027,32017D0262,BASED_ON,2021.0,2017.0
32021D0891,32004R0549,BASED_ON,2021.0,2004.0
32023R1230,12016E114,BASED_ON,2023.0,2016.0
32021D1989,12016M029,BASED_ON,2021.0,2016.0
32011D0528,12010E108,BASED_ON,2011.0,2010.0
32011D0372,32004L0017,BASED_ON,2011.0,2004.0
32018R1467,32015L0849,BASED_ON,2018.0,2015.0
32020D2187,12016E100,BASED_ON,2020.0,2016.0
32020D2187,12016E218,BASED_ON,2020.0,2016.0
32020D2187,12016E091,BASED_ON,2020.0,2016.0
32021D0750,12016M046,BASED_ON,2021.0,2016.0
32018R0171,32013R0575,BASED_ON,2018.0,2013.0
32021D1741,12016E168,BASED_ON,2021.0,2016.0
32021D1741,12016E218,BASED_ON,2021.0,2016.0
32011L0089,12010E294,BASED_ON,2011.0,2010.0
32011L0089,12010E053,BASED_ON,2011.0,2010.0
32009L0081,12006E095,BASED_ON,2009.0,2006.0
32009L0081,12006E251,BASED_ON,2009.0,2006.0
32009L0081,12006E047,BASED_ON,2009.0,2006.0
32009L0081,12006E055,BASED_ON,2009.0,2006.0
32021R1148,12016E077,BASED_ON,2021.0,2016.0
32021R1148,12016E079,BASED_ON,2021.0,2016.0
32018D1941,12016M042,BASED_ON,2018.0,2016.0
32018D1941,12016M043,BASED_ON,2018.0,2016.0
32013H0730(23)R(01),32013H0730(23),CORRECTS,2013.0,2013.0
32023R0203R(01),32023R0203,CORRECTS,2023.0,2023.0
32013H0730(15)R(01),32013H0730(15),CORRECTS,2013.0,2013.0
31976H0492,11957E,BASED_ON,1976.0,1957.0
32003H0203,32002L0021,BASED_ON,2003.0,2002.0
31997D0310,31990L0388,BASED_ON,1997.0,1990.0
31997D0310,31996L0002,BASED_ON,1997.0,1996.0
32021O0827,12016E/PRO/04,BASED_ON,2021.0,2016.0
32021O0827,12016M/PRO/04,BASED_ON,2021.0,2016.0
32017D0179,32016L1148,BASED_ON,2017.0,2016.0
31992L0091,11957E149,BASED_ON,1992.0,1957.0
31999Y0715(01),31998Y1215(01),CITES,1999.0,1998.0
31999Y0715(01),197D,CITES,1999.0,
32018R0848,12016E043,BASED_ON,2018.0,2016.0
32018R1862,12016E082,BASED_ON,2018.0,2016.0
32018R1862,12016E087,BASED_ON,2018.0,2016.0
32009L0048,12006E095,BASED_ON,2009.0,2006.0
32009L0048,12006E251,BASED_ON,2009.0,2006.0
32019R1700,12016E338,BASED_ON,2019.0,2016.0
32019D0668,12016E192,BASED_ON,2019.0,2016.0
32019D0668,12016E207,BASED_ON,2019.0,2016.0
32019D0668,12016E218,BASED_ON,2019.0,2016.0
32014R1317,32013R0575,BASED_ON,2014.0,2013.0
32009D0765,31999L0062,BASED_ON,2009.0,1999.0
32024R1107,32018R1139,BASED_ON,2024.0,2018.0
32016R0114,32003R1177,BASED_ON,2016.0,2003.0
32023D0096,12016M042,BASED_ON,2023.0,2016.0
32023D0096,12016M043,BASED_ON,2023.0,2016.0
32022D1284,12016M041,BASED_ON,2022.0,2016.0
32022D1284,12016M028,BASED_ON,2022.0,2016.0
32011D0308,12010E148,BASED_ON,2011.0,2010.0
32014R0124,32013D0255,BASED_ON,2014.0,2013.0
32014R0124,12012E215,BASED_ON,2014.0,2012.0
32019R1830,32009L0081,BASED_ON,2019.0,2009.0
32019D0709,32004R0551,BASED_ON,2019.0,2004.0
32022D2574,12016E087,BASED_ON,2022.0,2016.0
32022D2574,32021D0689,BASED_ON,2022.0,2021.0
32022D2574,12016E218,BASED_ON,2022.0,2016.0
32022D2574,12016E016,BASED_ON,2022.0,2016.0
32011D0483,32010D0197,CITES,2011.0,2010.0
32018D2007,12016M/PRO/22,CITES,2018.0,2016.0
32018D2007,12016E/PRO/22,CITES,2018.0,2016.0
32001R0703,31991L0414,BASED_ON,2001.0,1991.0
32000E0056,11997M015,BASED_ON,2000.0,1997.0
32024R2916,32021R1232,BASED_ON,2024.0,2021.0
32024R2897,12016E215,BASED_ON,2024.0,2016.0
32025D1059,32004R0549,BASED_ON,2025.0,2004.0
32025D0860,12016E192,BASED_ON,2025.0,2016.0
32025D0860,12016E218,BASED_ON,2025.0,2016.0
32025D0860,12016E207,BASED_ON,2025.0,2016.0
32025D1049,32004R0549,BASED_ON,2025.0,2004.0
32023R2631,12016E114,BASED_ON,2023.0,2016.0
32023R1542,12016E192,BASED_ON,2023.0,2016.0
32023R1542,12016E114,BASED_ON,2023.0,2016.0
32011D0519,12010E108,BASED_ON,2011.0,2010.0
32011D1203(01),32002R1605,BASED_ON,2011.0,2002.0
32011D1203(01),32007D1350,BASED_ON,2011.0,2007.0
32011D1203(01),32004D0858,BASED_ON,2011.0,2004.0
32011D1203(01),32002R2342,BASED_ON,2011.0,2002.0
32017R1926,32010L0040,BASED_ON,2017.0,2010.0
32011D0815,12010M038,BASED_ON,2011.0,2010.0
32011D0815,32010D0096,BASED_ON,2011.0,2010.0
32006R2024,12005SA042,BASED_ON,2006.0,2005.0
32006R2024,12005S/TTE/04,BASED_ON,2006.0,2005.0
32007D0102,32002R1602,BASED_ON,2007.0,2002.0
32007D0102,12006E152,BASED_ON,2007.0,2006.0
32007D0102,32004D0858,BASED_ON,2007.0,2004.0
32007D0102,32002R2342,BASED_ON,2007.0,2002.0
32007D0102,32002D1786,BASED_ON,2007.0,2002.0
32012R0872,31996R2232,BASED_ON,2012.0,1996.0
32022R0612,12016E114,BASED_ON,2022.0,2016.0
32018R0895,32006R1907,BASED_ON,2018.0,2006.0
31994D0718,11992E130R,CITES,1994.0,1992.0
31994D0718,11992E052,CITES,1994.0,1992.0
31994D0718,11992E059,CITES,1994.0,1992.0
31994D0718,11992E169,CITES,1994.0,1992.0
31994D0718,31977Q1231,CITES,1994.0,1977.0
31994D0718,11992E007,CITES,1994.0,1992.0
31994D0718,11992E030,CITES,1994.0,1992.0
31994D0718,31988R4253,CITES,1994.0,1988.0
32019D1742,32013R0391,BASED_ON,2019.0,2013.0
32021D1439,32013R0575,BASED_ON,2021.0,2013.0
32022D0644,12016E100,BASED_ON,2022.0,2016.0
32022D0644,12016E218,BASED_ON,2022.0,2016.0
32008H0653,12006E211,BASED_ON,2008.0,2006.0
32018R0728,32013R0575,BASED_ON,2018.0,2013.0
32003R1830,12002E251,BASED_ON,2003.0,2002.0
32003R1830,12002E095,BASED_ON,2003.0,2002.0
32023D2582,32020R1056,CITES,2023.0,2020.0
32023D2582,32012L0034,CITES,2023.0,2012.0
32023D2582,32014R0910,CITES,2023.0,2014.0
31997Y0920(01),31992L0050,CITES,1997.0,1992.0
31997Y0920(01),31985R2137,CITES,1997.0,1985.0
31997Y0920(01),31989L0665,CITES,1997.0,1989.0
31997Y0920(01),31993L0038,CITES,1997.0,1993.0
31997Y0920(01),31992L0013,CITES,1997.0,1992.0
31999Y1126(02),31996L0029,CITES,1999.0,1996.0
32014D0169,32013D0236,CITES,2014.0,2013.0
32014D0138,32013D0488,CITES,2014.0,2013.0
32001D0723,11997E088,BASED_ON,2001.0,1997.0
32001D0723,31999R0659,BASED_ON,2001.0,1999.0
32003D0790,31989R4064,BASED_ON,2003.0,1989.0
32021D1221(01),32021R0695,BASED_ON,2021.0,2021.0
32009D0476,12006E088,BASED_ON,2009.0,2006.0
32011D0080,31997R0258,BASED_ON,2011.0,1997.0
32018D2009,12016E043,BASED_ON,2018.0,2016.0
32018D2009,12016E042,BASED_ON,2018.0,2016.0
32007R1238,32006R1907,BASED_ON,2007.0,2006.0
32011D1011(02),32009D0783,CITES,2011.0,2009.0
32011D1011(02),32007D0793,CITES,2011.0,2007.0
31988L0361,11957E070,BASED_ON,1988.0,1957.0
31988L0361,11957E069,BASED_ON,1988.0,1957.0
32023R1433,32015D1333,BASED_ON,2023.0,2015.0
32023R1433,12016E215,BASED_ON,2023.0,2016.0
32023R1803,32010R0574,IMPLICITLY_REPEALS,2023.0,2010.0
32023R1803,32015R2343,IMPLICITLY_REPEALS,2023.0,2015.0
32023R1803,32010R0244,IMPLICITLY_REPEALS,2023.0,2010.0
32023R1803,32009R0460,IMPLICITLY_REPEALS,2023.0,2009.0
32023R1803,32013R0301,IMPLICITLY_REPEALS,2023.0,2013.0
32023R1803,32009R0053,IMPLICITLY_REPEALS,2023.0,2009.0
32023R1803,32015R2441,IMPLICITLY_REPEALS,2023.0,2015.0
32023R1803,32022R1392,IMPLICITLY_REPEALS,2023.0,2022.0
32023R1803,32009R0070,IMPLICITLY_REPEALS,2023.0,2009.0
32023R1803,32012R0475,IMPLICITLY_REPEALS,2023.0,2012.0
32023R1803,32013R0313,IMPLICITLY_REPEALS,2023.0,2013.0
32023R1803,32021R1421,IMPLICITLY_REPEALS,2023.0,2021.0
32023R1803,32015R2173,IMPLICITLY_REPEALS,2023.0,2015.0
32023R1803,32009R0636,IMPLICITLY_REPEALS,2023.0,2009.0
32023R1803,32010R0633,IMPLICITLY_REPEALS,2023.0,2010.0
32023R1803,32021R2036,IMPLICITLY_REPEALS,2023.0,2021.0
32023R1803,32009R1165,IMPLICITLY_REPEALS,2023.0,2009.0
32023R1803,32009R1136,IMPLICITLY_REPEALS,2023.0,2009.0
32023R1803,32016R1905,IMPLICITLY_REPEALS,2023.0,2016.0
32023R1803,32019R0237,IMPLICITLY_REPEALS,2023.0,2019.0
32023R1803,32017R1986,IMPLICITLY_REPEALS,2023.0,2017.0
32023R1803,32010R0632,IMPLICITLY_REPEALS,2023.0,2010.0
32023R1803,32021R1080,IMPLICITLY_REPEALS,2023.0,2021.0
32023R1803,32008R1260,IMPLICITLY_REPEALS,2023.0,2008.0
32023R1803,32018R0498,IMPLICITLY_REPEALS,2023.0,2018.0
32023R1803,32019R2104,IMPLICITLY_REPEALS,2023.0,2019.0
32023R1803,32010R0662,IMPLICITLY_REPEALS,2023.0,2010.0
32023R1803,32012R1256,IMPLICITLY_REPEALS,2023.0,2012.0
32023R1803,32020R0551,IMPLICITLY_REPEALS,2023.0,2020.0
32023R1803,32013R1375,IMPLICITLY_REPEALS,2023.0,2013.0
32023R1803,32008R1274,IMPLICITLY_REPEALS,2023.0,2008.0
32023R1803,32019R0402,IMPLICITLY_REPEALS,2023.0,2019.0
32023R1803,32014R1361,IMPLICITLY_REPEALS,2023.0,2014.0
32023R1803,32018R1595,IMPLICITLY_REPEALS,2023.0,2018.0
32023R1803,32009R0824,IMPLICITLY_REPEALS,2023.0,2009.0
32023R1803,32019R2075,IMPLICITLY_REPEALS,2023.0,2019.0
32023R1803,32018R0182,IMPLICITLY_REPEALS,2023.0,2018.0
32023R1803,32013R0183,IMPLICITLY_REPEALS,2023.0,2013.0
32023R1803,32018R0400,IMPLICITLY_REPEALS,2023.0,2018.0
32023R1803,32015R2113,IMPLICITLY_REPEALS,2023.0,2015.0
32023R1803,32016R1703,IMPLICITLY_REPEALS,2023.0,2016.0
32023R1803,32012R1255,IMPLICITLY_REPEALS,2023.0,2012.0
32023R1803,32020R2097,IMPLICITLY_REPEALS,2023.0,2020.0
32023R1803,32008R1263,IMPLICITLY_REPEALS,2023.0,2008.0
32023R1803,32013R1174,IMPLICITLY_REPEALS,2023.0,2013.0
32023R1803,32017R1988,IMPLICITLY_REPEALS,2023.0,2017.0
32023R1803,32017R1990,IMPLICITLY_REPEALS,2023.0,2017.0
32023R1803,32011R1205,IMPLICITLY_REPEALS,2023.0,2011.0
32023R1803,32009R0494,IMPLICITLY_REPEALS,2023.0,2009.0
32023R1803,32015R2406,IMPLICITLY_REPEALS,2023.0,2015.0
32023R1803,32009R1293,IMPLICITLY_REPEALS,2023.0,2009.0
32023R1803,32017R1989,IMPLICITLY_REPEALS,2023.0,2017.0
32023R1803,32013R1374,IMPLICITLY_REPEALS,2023.0,2013.0
32023R1803,32009R1171,IMPLICITLY_REPEALS,2023.0,2009.0
32023R1803,32009R1164,IMPLICITLY_REPEALS,2023.0,2009.0
32023R1803,32009R0839,IMPLICITLY_REPEALS,2023.0,2009.0
32023R1803,32009R0495,IMPLICITLY_REPEALS,2023.0,2009.0
32023R1803,32020R1434,IMPLICITLY_REPEALS,2023.0,2020.0
32023R1803,32016R2067,IMPLICITLY_REPEALS,2023.0,2016.0
32023R1803,32015R0029,IMPLICITLY_REPEALS,2023.0,2015.0
32023R1803,32011R0149,IMPLICITLY_REPEALS,2023.0,2011.0
32023R1803,32018R0289,IMPLICITLY_REPEALS,2023.0,2018.0
32023R1803,32015R0028,IMPLICITLY_REPEALS,2023.0,2015.0
32023R1803,32015R2231,IMPLICITLY_REPEALS,2023.0,2015.0
32023R1803,32022R1491,IMPLICITLY_REPEALS,2023.0,2022.0
32023R1803,32018R0519,IMPLICITLY_REPEALS,2023.0,2018.0
32023R1803,32008R1262,IMPLICITLY_REPEALS,2023.0,2008.0
32023R1803,32014R0634,IMPLICITLY_REPEALS,2023.0,2014.0
32023R1803,32019R0412,IMPLICITLY_REPEALS,2023.0,2019.0
32023R1803,32020R0034,IMPLICITLY_REPEALS,2023.0,2020.0
32023R1803,32009R0069,IMPLICITLY_REPEALS,2023.0,2009.0
32023R1803,32008R1261,IMPLICITLY_REPEALS,2023.0,2008.0
32023R1803,32009R1142,IMPLICITLY_REPEALS,2023.0,2009.0
32023R1803,32010R0550,IMPLICITLY_REPEALS,2023.0,2010.0
32023R1803,32022R0357,IMPLICITLY_REPEALS,2023.0,2022.0
32023R1803,32012R1254,IMPLICITLY_REPEALS,2023.0,2012.0
32023R1803,32009R0254,IMPLICITLY_REPEALS,2023.0,2009.0
32023R1803,32017R1987,IMPLICITLY_REPEALS,2023.0,2017.0
32023R1803,32010R0243,IMPLICITLY_REPEALS,2023.0,2010.0
32023R1803,32021R0025,IMPLICITLY_REPEALS,2023.0,2021.0
31996D0278,31992R2409,CITES,1996.0,1992.0
31996D0278,31992R2407,CITES,1996.0,1992.0
31996D0278,61989CJ0305,CITES,1996.0,1989.0
31996D0278,31992R2408,CITES,1996.0,1992.0
32012D0321,12010E108,BASED_ON,2012.0,2010.0
32006L0021,12002E251,BASED_ON,2006.0,2002.0
32006L0021,12002E175,BASED_ON,2006.0,2002.0
32017R0394,32014R0909,BASED_ON,2017.0,2014.0
32014R1144,12012E294,BASED_ON,2014.0,2012.0
32014R1144,12012E043,BASED_ON,2014.0,2012.0
32005D0851,12002M024,BASED_ON,2005.0,2002.0
32017R0587,32014R0600,BASED_ON,2017.0,2014.0
32011D0319,12010E108,BASED_ON,2011.0,2010.0
32018R0959,32013R0575,BASED_ON,2018.0,2013.0
32012D0243,12010E114,BASED_ON,2012.0,2010.0
32012D0243,12010E294,BASED_ON,2012.0,2010.0
32019R0817,12016E016,BASED_ON,2019.0,2016.0
32019R0817,12016E077,BASED_ON,2019.0,2016.0
32009R0767,12006E251,BASED_ON,2009.0,2006.0
32009R0767,12006E152,BASED_ON,2009.0,2006.0
32009R0767,12006E037,BASED_ON,2009.0,2006.0
32014D0585,12012E294,BASED_ON,2014.0,2012.0
32014D0585,12012E091,BASED_ON,2014.0,2012.0
32012D0462,32008L0057,BASED_ON,2012.0,2008.0
32009R1107,12006E037,BASED_ON,2009.0,2006.0
32009R1107,12006E251,BASED_ON,2009.0,2006.0
32009R1107,12006E095,BASED_ON,2009.0,2006.0
32009R1107,12006E152,BASED_ON,2009.0,2006.0
32018R1139,12016E100,BASED_ON,2018.0,2016.0
32008D0060,32002L0021,BASED_ON,2008.0,2002.0
32008D0060,32002L0022,BASED_ON,2008.0,2002.0
32007E0178,12006M014,BASED_ON,2007.0,2006.0
32021R1257,32016L0097,BASED_ON,2021.0,2016.0
32023D0273,12016E188,BASED_ON,2023.0,2016.0
32023D0273,12016E173,BASED_ON,2023.0,2016.0
32023D0273,12016E218,BASED_ON,2023.0,2016.0
31998D0542,31998L0013,BASED_ON,1998.0,1998.0
32022R1650,32013R0575,BASED_ON,2022.0,2013.0
32022D1842,12016E194,BASED_ON,2022.0,2016.0
32022D1842,12016E218,BASED_ON,2022.0,2016.0
32016D1636,12016M038,BASED_ON,2016.0,2016.0
32015R0751,12012E114,BASED_ON,2015.0,2012.0
32015D1967,12012M037,BASED_ON,2015.0,2012.0
32015D1967,12012E218,BASED_ON,2015.0,2012.0
32023R1626,32014R0909,BASED_ON,2023.0,2014.0
32016D2238,12016M042,BASED_ON,2016.0,2016.0
32016D2238,12016M028,BASED_ON,2016.0,2016.0
32016D2238,12016M043,BASED_ON,2016.0,2016.0
32017D1792,12016E114,BASED_ON,2017.0,2016.0
32017D1792,12016E218,BASED_ON,2017.0,2016.0
32014H0729(17),32013H0730(22),CITES,2014.0,2013.0
32019D0639,12016E192,BASED_ON,2019.0,2016.0
32019D0639,12016E218,BASED_ON,2019.0,2016.0
32009D0182,12006E088,BASED_ON,2009.0,2006.0
32020R0891,32014R0231,BASED_ON,2020.0,2014.0
32017R1250,32008R1331,BASED_ON,2017.0,2008.0
32018R1916,32009R1107,BASED_ON,2018.0,2009.0
32004L0023,12002E251,BASED_ON,2004.0,2002.0
32004L0023,12002E152,BASED_ON,2004.0,2002.0
32019R2160,12016E114,BASED_ON,2019.0,2016.0
32020D2228,12016E091,BASED_ON,2020.0,2016.0
32019L0169,32011L0065,BASED_ON,2019.0,2011.0
32021R0115,32020R0784,CITES,2021.0,2020.0
32015R0730,32009L0138,CITES,2015.0,2009.0
32015D0750,32012D0243,CITES,2015.0,2012.0
32023D0274,32015R1222,CITES,2023.0,2015.0
32023D0274,32021D0689,CITES,2023.0,2021.0
32023R0426,32016R0679,CITES,2023.0,2016.0
32023R0426,12016E/TXT,CITES,2023.0,2016.0
32023R0426,32014R0909,CITES,2023.0,2014.0
32023R0426,32023D0432,CITES,2023.0,2023.0
32020D1101,12020W/TXT,BASED_ON,2020.0,2020.0
32019D0053,12016E207,BASED_ON,2019.0,2016.0
32019D0053,12016E218,BASED_ON,2019.0,2016.0
32019D0053,12016E192,BASED_ON,2019.0,2016.0
32022R0868,12016E114,BASED_ON,2022.0,2016.0
32008D0888,32008E0851,BASED_ON,2008.0,2008.0
32008D0888,12006M025,BASED_ON,2008.0,2006.0
32021O0889,12016E/PRO/04,BASED_ON,2021.0,2016.0
32021O0889,12016E127,BASED_ON,2021.0,2016.0
32021O0889,12016M/PRO/04,BASED_ON,2021.0,2016.0
32015R0275,32004R0314,BASED_ON,2015.0,2004.0
32019L0170,32006R1907,CITES,2019.0,2006.0
32020D1748,32020D1127,CITES,2020.0,2020.0
32016R1178,32012R0648,BASED_ON,2016.0,2012.0
32021D1742,12016E091,BASED_ON,2021.0,2016.0
32021D1742,12016E218,BASED_ON,2021.0,2016.0
32021L2261,12016E053,BASED_ON,2021.0,2016.0
32024R1728,32010R1093,CITES,2024.0,2010.0
32024R2000,31999H0519,CITES,2024.0,1999.0
32024R2000,32014L0053,CITES,2024.0,2014.0
32025R0348,32011D0101,CITES,2025.0,2011.0
31998D0270,31994R0933,CITES,1998.0,1994.0
31998D0270,31991L0414,CITES,1998.0,1991.0
32004D0667,31990D0424,BASED_ON,2004.0,1990.0
32023R1578,32013R0575,BASED_ON,2023.0,2013.0
32016R1401,32014L0059,BASED_ON,2016.0,2014.0
32014R0068,32008R1338,BASED_ON,2014.0,2008.0
32022D0728,32004R0549,BASED_ON,2022.0,2004.0
32012R0151,32004R0314,BASED_ON,2012.0,2004.0
32012R0648,12010E114,BASED_ON,2012.0,2010.0
32012R0648,12010E294,BASED_ON,2012.0,2010.0
32006D0089,32002R1780,BASED_ON,2006.0,2002.0
32006D0089,32004D0858,BASED_ON,2006.0,2004.0
32006D0089,32002R1605,BASED_ON,2006.0,2002.0
32006D0089,32002R2342,BASED_ON,2006.0,2002.0
32020R0558,12016E177,BASED_ON,2020.0,2016.0
32020R0558,12016E322,BASED_ON,2020.0,2016.0
32020R0558,12016E178,BASED_ON,2020.0,2016.0
32021D0443,12016E217,BASED_ON,2021.0,2016.0
32021D0443,12016E218,BASED_ON,2021.0,2016.0
32020D0898,12016M029,BASED_ON,2020.0,2016.0
32002R1687,31998L0008,BASED_ON,2002.0,1998.0
32000D0198,31993L0005,BASED_ON,2000.0,1993.0
32003D0668,31989R4064,BASED_ON,2003.0,1989.0
32020Y0619(01),32011Y0224(01),BASED_ON,2020.0,2011.0
32020Y0619(01),32010R1092,BASED_ON,2020.0,2010.0
32016R0214,12012E215,BASED_ON,2016.0,2012.0
31996R2271,11992E235,BASED_ON,1996.0,1992.0
31996R2271,11992E073C,BASED_ON,1996.0,1992.0
31996R2271,11992E113,BASED_ON,1996.0,1992.0
32008R0767,12006E251,BASED_ON,2008.0,2006.0
32022D1971,12016M041,BASED_ON,2022.0,2016.0
32022D1971,12016M028,BASED_ON,2022.0,2016.0
32023D1305,12016M042,BASED_ON,2023.0,2016.0
32023D1305,12016M043,BASED_ON,2023.0,2016.0
31998L0070,11992E100A,BASED_ON,1998.0,1992.0
31998L0070,11992E189B,BASED_ON,1998.0,1992.0
32023D1228,32014L0025,BASED_ON,2023.0,2014.0
32009A0903(01),11957A037,BASED_ON,2009.0,1957.0
32010D0018(01),31998R0232,BASED_ON,2010.0,1998.0
32010D0018(01),32003R1745,BASED_ON,2010.0,2003.0
32010D0018(01),31998R2533,BASED_ON,2010.0,1998.0
32010D0018(01),32009R0025,BASED_ON,2010.0,2009.0
32023R0206,32013R0575,BASED_ON,2023.0,2013.0
32024L1785,12016E192,BASED_ON,2024.0,2016.0
32020D0117,12016M029,BASED_ON,2020.0,2016.0
32006R1923,12002E152,BASED_ON,2006.0,2002.0
32009D0739,32006L0123,BASED_ON,2009.0,2006.0
32003R0806,12002E037,BASED_ON,2003.0,2002.0
32003R0806,12002E133,BASED_ON,2003.0,2002.0
31996E0668,31996R2271,CITES,1996.0,1996.0
32020D0491,12020W/TXT,BASED_ON,2020.0,2020.0
32022R0626,12016E215,BASED_ON,2022.0,2016.0
32022R0334,32022D0335,BASED_ON,2022.0,2022.0
32022R0334,12016E215,BASED_ON,2022.0,2016.0
32024D1286,32006R1907,CITES,2024.0,2006.0
31998D0522,31998L0013,BASED_ON,1998.0,1998.0
32022R2042,12016E215,BASED_ON,2022.0,2016.0
32012L0023,12010E053,BASED_ON,2012.0,2010.0
32012L0023,12010E294,BASED_ON,2012.0,2010.0
32012L0023,12010E062,BASED_ON,2012.0,2010.0
32020D0188,12016E127,BASED_ON,2020.0,2016.0
32020D0188,12016E/PRO/04,BASED_ON,2020.0,2016.0
32020D0188,12016M/PRO/04,BASED_ON,2020.0,2016.0
31991R1534,11957E087,BASED_ON,1991.0,1957.0
32003E0092,11997M026,BASED_ON,2003.0,1997.0
32003E0092,11997M014,BASED_ON,2003.0,1997.0
32003E0092,11997M025,BASED_ON,2003.0,1997.0
32003E0092,11997M028,BASED_ON,2003.0,1997.0
32021R0694,12016E173,BASED_ON,2021.0,2016.0
32021R0694,12016E172,BASED_ON,2021.0,2016.0
32021D1765,12016E043,BASED_ON,2021.0,2016.0
32021D1765,12016E218,BASED_ON,2021.0,2016.0
32016R2251,32012R0648,BASED_ON,2016.0,2012.0
32016L2341,12016E114,BASED_ON,2016.0,2016.0
32016L2341,12016E053,BASED_ON,2016.0,2016.0
32016L2341,12016E062,BASED_ON,2016.0,2016.0
32012D0225(01),32004R0883,BASED_ON,2012.0,2004.0
32013R0521,12012E215,BASED_ON,2013.0,2012.0
32014D0894,32013D0034,BASED_ON,2014.0,2013.0
32014D0894,12012M038,BASED_ON,2014.0,2012.0
32025D0199,12016M038,BASED_ON,2025.0,2016.0
32024R3137,32005R2111,BASED_ON,2024.0,2005.0
32024R2977,32014R0910,BASED_ON,2024.0,2014.0
32025R0651,32008R1331,BASED_ON,2025.0,2008.0
32024L1260,12016E082,BASED_ON,2024.0,2016.0
32024L1260,12016E087,BASED_ON,2024.0,2016.0
32024L1260,12016E083,BASED_ON,2024.0,2016.0
32014D0641R(01),32014D0641,CORRECTS,2014.0,2014.0
32022L0283,32006R1907,CITES,2022.0,2006.0
32016R2137,12016E215,BASED_ON,2016.0,2016.0
32016R2137,32013D0255,BASED_ON,2016.0,2013.0
32014H0218(01),32004R0883,BASED_ON,2014.0,2004.0
32016D1795,12016E218,BASED_ON,2016.0,2016.0
32016D1795,12016E091,BASED_ON,2016.0,2016.0
32022D2255,32004R0549,BASED_ON,2022.0,2004.0
32025D0394,12016M029,BASED_ON,2025.0,2016.0
32019R0715,32018R1046,BASED_ON,2019.0,2018.0
32005E0329,12002M015,BASED_ON,2005.0,2002.0
32021R0728,12016M/PRO/04,BASED_ON,2021.0,2016.0
32021R0728,12016E127,BASED_ON,2021.0,2016.0
32021R0728,12016E/PRO/04,BASED_ON,2021.0,2016.0
32015D0337,12012M031,BASED_ON,2015.0,2012.0
32017R0706,32006R1907,BASED_ON,2017.0,2006.0
32021D1956,32013D1313,BASED_ON,2021.0,2013.0
32023D1059,12016E048,BASED_ON,2023.0,2016.0
32023D1059,12016E218,BASED_ON,2023.0,2016.0
32020L2020,32020D0491,CITES,2020.0,2020.0
32020L2020,12016A/PRO/01,CITES,2020.0,2016.0
32020L2020,12016E/PRO/01,CITES,2020.0,2016.0
32020L2020,12016M/PRO/01,CITES,2020.0,2016.0
32020L2020,31998L0079,CITES,2020.0,1998.0
32020L2020,12016M005,CITES,2020.0,2016.0
32020L2020,32017R0746,CITES,2020.0,2017.0
32022D0335,32019D0709,CITES,2022.0,2019.0
32018R0184,32009R1107,BASED_ON,2018.0,2009.0
32013D0697,12012M038,BASED_ON,2013.0,2012.0
32013D0697,32013D0034,BASED_ON,2013.0,2013.0
32007H0078,12002E211,BASED_ON,2007.0,2002.0
32017D1193,12016M043,BASED_ON,2017.0,2016.0
32017D1193,12016M028,BASED_ON,2017.0,2016.0
32017D1193,12016M042,BASED_ON,2017.0,2016.0
32018D0010,12016E108,BASED_ON,2018.0,2016.0
32017D1985,32013R0390,BASED_ON,2017.0,2013.0
32017R2359,32016L0097,BASED_ON,2017.0,2016.0
32011D0713,31999D0468,BASED_ON,2011.0,1999.0
32001L0024,11997E251,BASED_ON,2001.0,1997.0
32022R0398,12016E215,BASED_ON,2022.0,2016.0
32022R0398,32012D0642,BASED_ON,2022.0,2012.0
32019R0618,32005R2111,BASED_ON,2019.0,2005.0
32014D0860,12012M043,BASED_ON,2014.0,2012.0
32014D0860,12012M042,BASED_ON,2014.0,2012.0
32010R1158,32004L0049,BASED_ON,2010.0,2004.0
32021R1149,12016E084,BASED_ON,2021.0,2016.0
32021R1149,12016E087,BASED_ON,2021.0,2016.0
32021R1149,12016E082,BASED_ON,2021.0,2016.0
32019R0123,32004R0551,BASED_ON,2019.0,2004.0
32017R1938,12016E194,BASED_ON,2017.0,2016.0
32008L0056,12006E251,BASED_ON,2008.0,2006.0
32008L0056,12006E175,BASED_ON,2008.0,2006.0
32012R1025,12010E114,BASED_ON,2012.0,2010.0
32012R1025,12010E294,BASED_ON,2012.0,2010.0
32014L0041,12012E294,BASED_ON,2014.0,2012.0
32014L0041,12012E082,BASED_ON,2014.0,2012.0
32014R0900,32006R1907,BASED_ON,2014.0,2006.0
32022D0227,12016M029,BASED_ON,2022.0,2016.0
32003R0807,12002E308,BASED_ON,2003.0,2002.0
32005R1367,32004R0314,BASED_ON,2005.0,2004.0
32012H0798,12012E292,BASED_ON,2012.0,2012.0
32012H0798,32002L0022,BASED_ON,2012.0,2002.0
32013D0730,12012M031,BASED_ON,2013.0,2012.0
32021R0250,12016E100,BASED_ON,2021.0,2016.0
32014R0447,32014R0231,BASED_ON,2014.0,2014.0
32012L0013R(01),32012L0013,CORRECTS,2012.0,2012.0
32003R0147,32002E0960,BASED_ON,2003.0,2002.0
32003R0147,11997E060,BASED_ON,2003.0,1997.0
32003R0147,11997E301,BASED_ON,2003.0,1997.0
32024D2860,12016E108,BASED_ON,2024.0,2016.0
32024R1618,32014L0059,BASED_ON,2024.0,2014.0
32024R1618,32013R0575,BASED_ON,2024.0,2013.0
32003D0370,31991L0414,BASED_ON,2003.0,1991.0
32013R1257,12012E294,BASED_ON,2013.0,2012.0
32012R1250,32001R2580,BASED_ON,2012.0,2001.0
32024L1619,12016E053,BASED_ON,2024.0,2016.0
32021R0693,12016E082,BASED_ON,2021.0,2016.0
32021R0693,12016E081,BASED_ON,2021.0,2016.0
32013R0151,32012R0648,BASED_ON,2013.0,2012.0
32012R1215,12012E081,BASED_ON,2012.0,2012.0
32012R1215,12012E294,BASED_ON,2012.0,2012.0
32014L0025,12012E062,BASED_ON,2014.0,2012.0
32014L0025,12012E053,BASED_ON,2014.0,2012.0
32014L0025,12012E294,BASED_ON,2014.0,2012.0
32014L0025,12012E114,BASED_ON,2014.0,2012.0
32019R0320,32014L0053,BASED_ON,2019.0,2014.0
32018R0678,32008R1331,BASED_ON,2018.0,2008.0
32017R2279,32009R0767,BASED_ON,2017.0,2009.0
32013R0697,12012E215,BASED_ON,2013.0,2012.0
32013R0697,32013D0255,BASED_ON,2013.0,2013.0
32022R1104,32009R0767,BASED_ON,2022.0,2009.0
32021D0173,32003R0058,BASED_ON,2021.0,2003.0
32021Q0506(01),32018R1139,BASED_ON,2021.0,2018.0
32009D0710,11992M/PRO/SEBC/27,BASED_ON,2009.0,1992.0
32007E0147,12006M014,BASED_ON,2007.0,2006.0
32011D0706,12010M029,BASED_ON,2011.0,2010.0
31977L0249,11957E057,BASED_ON,1977.0,1957.0
32003D0834,12002M028,BASED_ON,2003.0,2002.0
32003D0834,12002E207,BASED_ON,2003.0,2002.0
32020D0141,12016M/PRO/04,BASED_ON,2020.0,2016.0
32020D0141,12016E128,BASED_ON,2020.0,2016.0
32020D0141,12016E/PRO/04,BASED_ON,2020.0,2016.0
32013H0730(01),12012E148,BASED_ON,2013.0,2012.0
32013H0730(01),12012E121,BASED_ON,2013.0,2012.0
32013H0730(01),31997R1466,BASED_ON,2013.0,1997.0
32020D0289,32015D0778,BASED_ON,2020.0,2015.0
32020D0289,12016M038,BASED_ON,2020.0,2016.0
32017R2177R(01),32017R2177,CORRECTS,2017.0,2017.0
32019R2155R(02),32019R2155,CORRECTS,2019.0,2019.0
32009D0460R(01),32009D0460,CORRECTS,2009.0,2009.0
32015R0479,12012E207,BASED_ON,2015.0,2012.0
32015R0479,12012E294,BASED_ON,2015.0,2012.0
32017A1110(02),12016A037,BASED_ON,2017.0,2016.0
32014R0153,12012E215,BASED_ON,2014.0,2012.0
32004R0805,12002E251,BASED_ON,2004.0,2002.0
32021D2073,12016M028,BASED_ON,2021.0,2016.0
32021D2073,12016M031,BASED_ON,2021.0,2016.0
31992L0013,11957E100A,BASED_ON,1992.0,1957.0
32016D0310,32009L0138,BASED_ON,2016.0,2009.0
32023L2413,32018L2001,AMENDS,2023.0,2018.0
32023L2413,31998L0070,AMENDS,2023.0,1998.0
31995D0255,31989R4064,BASED_ON,1995.0,1989.0
32005R2073R(06),32005R2073,CORRECTS,2005.0,2005.0
32015R0416,32006R1907,CITES,2015.0,2006.0
32015R0416,31998L0008,CITES,2015.0,1998.0
32022D2354,12016M021,CITES,2022.0,2016.0
32016R0101,32013R0575,BASED_ON,2016.0,2013.0
32022R2301,32017R1938,BASED_ON,2022.0,2017.0
32004R0261,12002E080,BASED_ON,2004.0,2002.0
32004R0261,12002E251,BASED_ON,2004.0,2002.0
32008R0593,12006E251,BASED_ON,2008.0,2006.0
32019L1937,12016E100,BASED_ON,2019.0,2016.0
32019L1937,12016E053,BASED_ON,2019.0,2016.0
32019L1937,12016E091,BASED_ON,2019.0,2016.0
32019L1937,12016E169,BASED_ON,2019.0,2016.0
32019L1937,12016E192,BASED_ON,2019.0,2016.0
32019L1937,12016E168,BASED_ON,2019.0,2016.0
32019L1937,12016E114,BASED_ON,2019.0,2016.0
32019L1937,12016E016,BASED_ON,2019.0,2016.0
32019L1937,12016E043,BASED_ON,2019.0,2016.0
32023R0464,32006R1907,BASED_ON,2023.0,2006.0
32011D0754,32009L0103,BASED_ON,2011.0,2009.0
32022R1645,32018R1139,BASED_ON,2022.0,2018.0
32009R0545,12006E080,BASED_ON,2009.0,2006.0
32019D0010,32014R1163,BASED_ON,2019.0,2014.0
32010R1094,12010E114,BASED_ON,2010.0,2010.0
32010R1094,12010E294,BASED_ON,2010.0,2010.0
32015L0849,12012E114,BASED_ON,2015.0,2012.0
32017R0821,12016E207,BASED_ON,2017.0,2016.0
32010R1093,12010E114,BASED_ON,2010.0,2010.0
32010R1093,12010E294,BASED_ON,2010.0,2010.0
32009R1221,12006E251,BASED_ON,2009.0,2006.0
32009R1221,12006E175,BASED_ON,2009.0,2006.0
32004L0066,12003T/TTE/02,BASED_ON,2004.0,2003.0
32004L0066,12003T057,BASED_ON,2004.0,2003.0
32012D0375,32010R0407,BASED_ON,2012.0,2010.0
32022D0578,12016M029,BASED_ON,2022.0,2016.0
32019R1830,32014L0025,CITES,2019.0,2014.0
32019D0709,32013R0390,CITES,2019.0,2013.0
32019D0709,32019R0123,CITES,2019.0,2019.0
32022D2574,32016L0681,CITES,2022.0,2016.0
32022D2574,12016M/TXT,CITES,2022.0,2016.0
32022D2574,12016E/TXT,CITES,2022.0,2016.0
32022D2574,12016E217,CITES,2022.0,2016.0
32002G0216(02),31998L0010,CITES,2002.0,1998.0
32002G0216(02),32001R0045,CITES,2002.0,2001.0
32002G0216(02),32001H0703(01),CITES,2002.0,2001.0
32002G0216(02),31997L0033,CITES,2002.0,1997.0
32002G0216(02),31999L0093,CITES,2002.0,1999.0
32002G0216(02),31995L0046,CITES,2002.0,1995.0
32002G0216(02),31997L0066,CITES,2002.0,1997.0
32009L0065,12006E047,BASED_ON,2009.0,2006.0
32008R0765,12006E251,BASED_ON,2008.0,2006.0
32008R0765,12006E095,BASED_ON,2008.0,2006.0
32009D0964,32007D1350,BASED_ON,2009.0,2007.0
32009D0964,32004D0858,BASED_ON,2009.0,2004.0
32021R0523,12016E173,BASED_ON,2021.0,2016.0
32021R0523,12016E175,BASED_ON,2021.0,2016.0
32007G0324(01),32002L0058,CITES,2007.0,2002.0
32007G0324(01),32002L0020,CITES,2007.0,2002.0
32007G0324(01),32003G0228(01),CITES,2007.0,2003.0
32007G0324(01),32004R0460,CITES,2007.0,2004.0
32007G0324(01),32002L0022,CITES,2007.0,2002.0
32007G0324(01),32002G0216(02),CITES,2007.0,2002.0
32022D0339R(01),32022D0339,CORRECTS,2022.0,2022.0
32013L0058,12012E294,BASED_ON,2013.0,2012.0
32013L0058,12012E053,BASED_ON,2013.0,2012.0
32013L0058,12012E062,BASED_ON,2013.0,2012.0
32022D1982,12016E127,BASED_ON,2022.0,2016.0
32022D1982,12016M/PRO/04,BASED_ON,2022.0,2016.0
32022D1982,12016E132,BASED_ON,2022.0,2016.0
32022D1982,12016E/PRO/04,BASED_ON,2022.0,2016.0
32022D2478,32021R0821,CITES,2022.0,2021.0
32022D2478,32015R2447,CITES,2022.0,2015.0
32022D2478,12016M006,CITES,2022.0,2016.0
32022D2478,12016P011,CITES,2022.0,2016.0
32022D2478,12016P/TXT,CITES,2022.0,2016.0
32022D2478,12016P016,CITES,2022.0,2016.0
32022D2478,12016P017,CITES,2022.0,2016.0
32022D2478,32014R0833,CITES,2022.0,2014.0
31993R0315R(01),31993R0315,CORRECTS,1993.0,1993.0
32020R1536R(01),32020R1536,CORRECTS,2020.0,2020.0
32006L0021R(01),32006L0021,CORRECTS,2006.0,2006.0
32014D0525,12012E108,BASED_ON,2014.0,2012.0
32012D0077,31998L0008,BASED_ON,2012.0,1998.0
32014D0512,12012M029,BASED_ON,2014.0,2012.0
32021R0522,12016E168,BASED_ON,2021.0,2016.0
32006D0499,12006E/PRO/05,CITES,2006.0,2006.0
32017D2334,32006R1907,CITES,2017.0,2006.0
32017D2334,31998L0008,CITES,2017.0,1998.0
32021D0929(02),32018R1046,CITES,2021.0,2018.0
32000R1896R(01),32000R1896,CORRECTS,2000.0,2000.0
32009D0512,12006E300,BASED_ON,2009.0,2006.0
32009D0512,12006E080,BASED_ON,2009.0,2006.0
32014D0827,12012M042,BASED_ON,2014.0,2012.0
32014D0827,12012M043,BASED_ON,2014.0,2012.0
32014L0092,12012E114,BASED_ON,2014.0,2012.0
32014L0092,12012E294,BASED_ON,2014.0,2012.0
32020D0141,12016E/TXT,CITES,2020.0,2016.0
32020D0141,32019D1810,CITES,2020.0,2019.0
32020D0141,12016M050,CITES,2020.0,2016.0
32020D0141,12016M/TXT,CITES,2020.0,2016.0
32020D0141,32020D0137,CITES,2020.0,2020.0
32020D0141,12020W/TXT,CITES,2020.0,2020.0
32024D1688,32021R0116,CITES,2024.0,2021.0
32024D1688,32019R0123,CITES,2024.0,2019.0
32024D1688,32023D2481,CITES,2024.0,2023.0
32024D1688,32021R1119,CITES,2024.0,2021.0
31999Q0531,31968R0259,CITES,1999.0,1968.0
32024R1541,32023R1764,CITES,2024.0,2023.0
32022D2269,12016M031,BASED_ON,2022.0,2016.0
32022D2269,12016M028,BASED_ON,2022.0,2016.0
32023D1304,12016M041,BASED_ON,2023.0,2016.0
32023D1304,12016M042,BASED_ON,2023.0,2016.0
32023D1304,12016M030,BASED_ON,2023.0,2016.0
32023D1304,12016M028,BASED_ON,2023.0,2016.0
32018D0628,12016E108,BASED_ON,2018.0,2016.0
32022D1093,12016M028,BASED_ON,2022.0,2016.0
32022D1093,12016M041,BASED_ON,2022.0,2016.0
32018R0858,12016E114,BASED_ON,2018.0,2016.0
32023R0435,12016E177,BASED_ON,2023.0,2016.0
32023R0435,12016E192,BASED_ON,2023.0,2016.0
32023R0435,12016E175,BASED_ON,2023.0,2016.0
32023R0435,12016E194,BASED_ON,2023.0,2016.0
32023R0435,12016E322,BASED_ON,2023.0,2016.0
32018R1482,32008R1331,BASED_ON,2018.0,2008.0
32013H0730(10),32011R1176,BASED_ON,2013.0,2011.0
32013H0730(10),12012E148,BASED_ON,2013.0,2012.0
32013H0730(10),12012E121,BASED_ON,2013.0,2012.0
32013H0730(10),31997R1466,BASED_ON,2013.0,1997.0
32014A1128(01),31998R2533,BASED_ON,2014.0,1998.0
32013H0730(11),12012E121,BASED_ON,2013.0,2012.0
32013H0730(11),12012E148,BASED_ON,2013.0,2012.0
32013H0730(11),31997R1466,BASED_ON,2013.0,1997.0
32013H0730(11),32011R1176,BASED_ON,2013.0,2011.0
32022L2561,12016E091,BASED_ON,2022.0,2016.0
32022R1409,32017R2226,BASED_ON,2022.0,2017.0
32022R1409,32008R0767,BASED_ON,2022.0,2008.0
32010H0250,12010E181,BASED_ON,2010.0,2010.0
32017R0825,12016E175,BASED_ON,2017.0,2016.0
32020R0697,12016E100,BASED_ON,2020.0,2016.0
31992L0104,11957E149,BASED_ON,1992.0,1957.0
32010H0424(02),32004R0883,BASED_ON,2010.0,2004.0
32008D0711,12006E088,BASED_ON,2008.0,2006.0
31999Y0423(01),11992E169,CITES,1999.0,1992.0
31999Y0423(01),31997L0033,CITES,1999.0,1997.0
32010D0424(11),32004R0883,BASED_ON,2010.0,2004.0
32017R1495,32004R0852,BASED_ON,2017.0,2004.0
32017R0555,32009R1107,BASED_ON,2017.0,2009.0
32025D0704,32013D1313,BASED_ON,2025.0,2013.0
32025D0799,12016E218,BASED_ON,2025.0,2016.0
32025D0799,12016M050,BASED_ON,2025.0,2016.0
32024D2657,12016M050,BASED_ON,2024.0,2016.0
32024D2657,12016E218,BASED_ON,2024.0,2016.0
32009L0128,12006E251,BASED_ON,2009.0,2006.0
32009L0128,12006E175,BASED_ON,2009.0,2006.0
32014D0287,32011L0024,BASED_ON,2014.0,2011.0
32022D1970,12016M021,CITES,2022.0,2016.0
32022D1970,32008E0736,CITES,2022.0,2008.0
32012R1249,32012R0648,BASED_ON,2012.0,2012.0
32006L0098,12005S/TTE/04,BASED_ON,2006.0,2005.0
32006L0098,12005SA056,BASED_ON,2006.0,2005.0
32019R0712,32008R1008,CITES,2019.0,2008.0
32019R0712,12016M005,CITES,2019.0,2016.0
32019R0712,31996L0067,CITES,2019.0,1996.0
31999L0094,11997E251,BASED_ON,1999.0,1997.0
32023R2592,32009R1107,BASED_ON,2023.0,2009.0
32020O0978,32018R0171,CITES,2020.0,2018.0
32020O0978,32013R0575,CITES,2020.0,2013.0
32019R0758,32015L0849,BASED_ON,2019.0,2015.0
32023R2854,12016E114,BASED_ON,2023.0,2016.0
32003R0058,11997E308,BASED_ON,2003.0,1997.0
32014D0138,32014D0073,BASED_ON,2014.0,2014.0
32014D0138,12012M038,BASED_ON,2014.0,2012.0
32022L0279,32011L0065,BASED_ON,2022.0,2011.0
32023D2610,32008E0851,BASED_ON,2023.0,2008.0
32023D2610,12016M038,BASED_ON,2023.0,2016.0
32024D0632,12016M043,BASED_ON,2024.0,2016.0
32024D0632,12016M042,BASED_ON,2024.0,2016.0
32016R1450,32014L0059,BASED_ON,2016.0,2014.0
32016L1919,12016E082,BASED_ON,2016.0,2016.0
32012D0157,12010E108,BASED_ON,2012.0,2010.0
32024R1971,32023R1529,BASED_ON,2024.0,2023.0
32009L0053,12006E251,BASED_ON,2009.0,2006.0
32009L0053,12006E095,BASED_ON,2009.0,2006.0
32018R0589,32006R1907,BASED_ON,2018.0,2006.0
32020R1298,32019R0452,BASED_ON,2020.0,2019.0
32020R0988,32009L0138,BASED_ON,2020.0,2009.0
32004L0025,12002E044,BASED_ON,2004.0,2002.0
32014R0185,31997L0078,BASED_ON,2014.0,1997.0
32014R0185,32009R1069,BASED_ON,2014.0,2009.0
32013H0466,32002L0021,BASED_ON,2013.0,2002.0
32024R1773,32022R2554,BASED_ON,2024.0,2022.0
32017A0928(01),12016A037,BASED_ON,2017.0,2016.0
32024R1620,12016E114,BASED_ON,2024.0,2016.0
32021R1256,32009L0138,BASED_ON,2021.0,2009.0
32012D0503,12010M043,BASED_ON,2012.0,2010.0
32012D0503,12010M028,BASED_ON,2012.0,2010.0
32012D0503,12010M042,BASED_ON,2012.0,2010.0
32016R2338,12016E091,BASED_ON,2016.0,2016.0
32013H1204(01),12012E292,BASED_ON,2013.0,2012.0
32011D1116(01),12010E223,BASED_ON,2011.0,2010.0
32011D1116(01),32005Q0215(01),BASED_ON,2011.0,2005.0
32018R0605,32009R1107,BASED_ON,2018.0,2009.0
32017R0390,32014R0909,BASED_ON,2017.0,2014.0
32017L2399,12016E114,BASED_ON,2017.0,2016.0
32022D2445,12016M042,BASED_ON,2022.0,2016.0
32022D2445,12016M043,BASED_ON,2022.0,2016.0
32022R2372,12016E122,BASED_ON,2022.0,2016.0
32024D1063,12016M021,CITES,2024.0,2016.0
32024D1063,32023D1599,CITES,2024.0,2023.0
32023R2596,32006R1907,CITES,2023.0,2006.0
32023R2596,31998L0008,CITES,2023.0,1998.0
32012L0013,12010E082,BASED_ON,2012.0,2010.0
32012L0013,12010E294,BASED_ON,2012.0,2010.0
32014R0910,12012E294,BASED_ON,2014.0,2012.0
32014R0910,12012E114,BASED_ON,2014.0,2012.0
32016L2284,12016E192,BASED_ON,2016.0,2016.0
32019L0878,12016E053,BASED_ON,2019.0,2016.0
32009R0470,12006E251,BASED_ON,2009.0,2006.0
32009R0470,12006E037,BASED_ON,2009.0,2006.0
32009R0470,12006E152,BASED_ON,2009.0,2006.0
32015R0848,12012E081,BASED_ON,2015.0,2012.0
31991H0288,31983L0189,CITES,1991.0,1983.0
31991H0288,31987H0371,CITES,1991.0,1987.0
31991H0288,31989L0336,CITES,1991.0,1989.0
31991H0288,31984H0549,CITES,1991.0,1984.0
31991H0288,31987D0095,CITES,1991.0,1987.0
32020D1332,32016D0041(01),BASED_ON,2020.0,2016.0
32020D1332,12016E/PRO/04,BASED_ON,2020.0,2016.0
32020D1332,12016M/PRO/04,BASED_ON,2020.0,2016.0
32011D0121,32004R0549,BASED_ON,2011.0,2004.0
32020D1726,12016M037,BASED_ON,2020.0,2016.0
32020D1726,12016E218,BASED_ON,2020.0,2016.0
32016R1013,12016E338,BASED_ON,2016.0,2016.0
32009D0758,12006M025,BASED_ON,2009.0,2006.0
32009D0758,32008E0851,BASED_ON,2009.0,2008.0
32019R2176,12016E114,BASED_ON,2019.0,2016.0
32009D0146,32008D0721,BASED_ON,2009.0,2008.0
32021R1901,32008R1338,BASED_ON,2021.0,2008.0
32011R1086,32004R0852,BASED_ON,2011.0,2004.0
32011R1086,32003R2160,BASED_ON,2011.0,2003.0
32006D0558,12002E111,BASED_ON,2006.0,2002.0
32023R2529,32019R1700,BASED_ON,2023.0,2019.0
32024R2899,32009R0767,BASED_ON,2024.0,2009.0
32024D2383,32024R1679,BASED_ON,2024.0,2024.0
32024L1226,12016E083,BASED_ON,2024.0,2016.0
32024L1226,32022D2332,BASED_ON,2024.0,2022.0
32009R0223,12006E285,BASED_ON,2009.0,2006.0
32009R0223,12006E251,BASED_ON,2009.0,2006.0
32017R0393,32014R0909,BASED_ON,2017.0,2014.0
32013R0609,12012E294,BASED_ON,2013.0,2012.0
32013R0609,12012E114,BASED_ON,2013.0,2012.0
32020R0204,32019L0520,BASED_ON,2020.0,2019.0
32021R2081,32009R1107,BASED_ON,2021.0,2009.0
32019D1577,12016E218,BASED_ON,2019.0,2016.0
32019D1577,12016E196,BASED_ON,2019.0,2016.0
32013H0730(09),12012E148,BASED_ON,2013.0,2012.0
32013H0730(09),31997R1466,BASED_ON,2013.0,1997.0
32013H0730(09),12012E121,BASED_ON,2013.0,2012.0
32022D2512,12016E077,BASED_ON,2022.0,2016.0
32024D1644,12016E207,BASED_ON,2024.0,2016.0
32024D1644,12016E194,BASED_ON,2024.0,2016.0
32024D1644,12016E218,BASED_ON,2024.0,2016.0
31974D0393,11957E113,BASED_ON,1974.0,1957.0
31974D0393,11957E235,BASED_ON,1974.0,1957.0
32020R1043,12016E168,BASED_ON,2020.0,2016.0
32020R1043,12016E114,BASED_ON,2020.0,2016.0
31986R4058,11957E084,BASED_ON,1986.0,1957.0
31998H0511,31997L0033,BASED_ON,1998.0,1997.0
32003D0529,32003E0423,BASED_ON,2003.0,2003.0
32003D0529,12002M025,BASED_ON,2003.0,2002.0
31986R4057,31978D0774,CITES,1986.0,1978.0
31967R0423,31967R0422,CITES,1967.0,1967.0
31967R0423,11965F032,CITES,1967.0,1965.0
32017R1530,32009R1107,BASED_ON,2017.0,2009.0
32023R1717,32014L0053,BASED_ON,2023.0,2014.0
31998D0520,31998L0013,BASED_ON,1998.0,1998.0
32017R0284,12016E215,BASED_ON,2017.0,2016.0
32017R0284,32017D0288,BASED_ON,2017.0,2017.0
32009D0516,12006E300,BASED_ON,2009.0,2006.0
32009D0516,12006E080,BASED_ON,2009.0,2006.0
32009D0514,12006E300,BASED_ON,2009.0,2006.0
32009D0514,12006E080,BASED_ON,2009.0,2006.0
32020R0533,12016E/PRO/04,BASED_ON,2020.0,2016.0
32020R0533,12016M/PRO/04,BASED_ON,2020.0,2016.0
32020R0533,31998R2533,BASED_ON,2020.0,1998.0
32016R1388,32009R0714,BASED_ON,2016.0,2009.0
32000L0054,31990L0219,CITES,2000.0,1990.0
32000L0054,31990L0220,CITES,2000.0,1990.0
32000L0054,31989L0391,CITES,2000.0,1989.0
32022R2399,12016E114,BASED_ON,2022.0,2016.0
32022R2399,12016E207,BASED_ON,2022.0,2016.0
32022R0001,32021R0821,BASED_ON,2022.0,2021.0
32022R1107,32017R0746,BASED_ON,2022.0,2017.0
32013H0730(19)R(01),32013H0730(19),CORRECTS,2013.0,2013.0
31995Y0705(01),11992E,BASED_ON,1995.0,1992.0
32017D0132,32014L0025,BASED_ON,2017.0,2014.0
32017D0132,32004L0017,BASED_ON,2017.0,2004.0
32016D0016,12012M/PRO/04,BASED_ON,2016.0,2012.0
32016D0016,12012E127,BASED_ON,2016.0,2012.0
32016D0016,12012E/PRO/04,BASED_ON,2016.0,2012.0
32004R0883,12002E251,BASED_ON,2004.0,2002.0
32004R0883,12002E308,BASED_ON,2004.0,2002.0
32023R1615,32021R0023,BASED_ON,2023.0,2021.0
32024R1449,12016E212,BASED_ON,2024.0,2016.0
32024R1449,12016E322,BASED_ON,2024.0,2016.0
32024R3189,12016E215,BASED_ON,2024.0,2016.0
32018R0675,32006R1907,BASED_ON,2018.0,2006.0
31999D0287,31994D0579,CITES,1999.0,1994.0
31999D0287,31997D0780,CITES,1999.0,1997.0
32018L1972R(02),32018L1972,CORRECTS,2018.0,2018.0
32024L2853,12016E114,BASED_ON,2024.0,2016.0
32012R0295,32005R2111,BASED_ON,2012.0,2005.0
32011R1176,12010E294,BASED_ON,2011.0,2010.0
32011R1176,12010E121,BASED_ON,2011.0,2010.0
32008R1331,12006E095,BASED_ON,2008.0,2006.0
32008R1331,12006E251,BASED_ON,2008.0,2006.0
32021D0689,12016M/TXT,CITES,2021.0,2016.0
32021D0689,32014R0654,CITES,2021.0,2014.0
32021D0689,12016M016,CITES,2021.0,2016.0
32021D0689,12016A/TXT,CITES,2021.0,2016.0
32021D0689,12016M017,CITES,2021.0,2016.0
32021D0689,12016E/TXT,CITES,2021.0,2016.0
32021D0689,12016M004,CITES,2021.0,2016.0
32021D0689,32020D2252,CITES,2021.0,2020.0
32017R1369,12016E194,BASED_ON,2017.0,2016.0
32016L0097,12012E053,BASED_ON,2016.0,2012.0
32016L0097,12012E062,BASED_ON,2016.0,2012.0
32012R1190,32003R2160,BASED_ON,2012.0,2003.0
32012D0443,12010E126,BASED_ON,2012.0,2010.0
32012D0443,12010E136,BASED_ON,2012.0,2010.0
32009D0337,32006L0021,BASED_ON,2009.0,2006.0
32010R0453,32006R1907,BASED_ON,2010.0,2006.0
31998H0477,11992E155,BASED_ON,1998.0,1992.0
31999D0574,31962R0017,BASED_ON,1999.0,1962.0
32007D0793,32007D0602,BASED_ON,2007.0,2007.0
32022R1031,12016E207,BASED_ON,2022.0,2016.0
32017D1474,32011R0454,CITES,2017.0,2011.0
32017D1474,32008L0068,CITES,2017.0,2008.0
32017D1474,32016R0919,CITES,2017.0,2016.0
32017D1474,32008D0768,CITES,2017.0,2008.0
32017R0208,32010R1093,CITES,2017.0,2010.0
32010D0174,12006E088,BASED_ON,2010.0,2006.0
32010D0753,32008E0851,BASED_ON,2010.0,2008.0
32010D0753,12010M038,BASED_ON,2010.0,2010.0
32010A1222(01),11957A037,BASED_ON,2010.0,1957.0
32011A0719(01),12010A037,BASED_ON,2011.0,2010.0
32023D1218,12016M029,BASED_ON,2023.0,2016.0
32013H0730(19),12012E148,BASED_ON,2013.0,2012.0
32013H0730(19),12012E121,BASED_ON,2013.0,2012.0
32013H0730(19),32011R1176,BASED_ON,2013.0,2011.0
32015R1502,32014R0910,BASED_ON,2015.0,2014.0
32025D0679,32017R0745,CITES,2025.0,2017.0
32025D0679,31998L0079,CITES,2025.0,1998.0
32025D0679,32017R0746,CITES,2025.0,2017.0
32025D0069,32024D1494,CITES,2025.0,2024.0
32022R1519,32019R1009,BASED_ON,2022.0,2019.0
32020L0366,32011L0065,BASED_ON,2020.0,2011.0
32014L0040,12012E294,BASED_ON,2014.0,2012.0
32014L0040,12012E053,BASED_ON,2014.0,2012.0
32014L0040,12012E062,BASED_ON,2014.0,2012.0
32014L0040,12012E114,BASED_ON,2014.0,2012.0
32009L0138R(08),32009L0138,CORRECTS,2009.0,2009.0
32021R0697,12016E183,BASED_ON,2021.0,2016.0
32021R0697,12016E182,BASED_ON,2021.0,2016.0
32021R0697,12016E173,BASED_ON,2021.0,2016.0
32021R0697,12016E188,BASED_ON,2021.0,2016.0
32007D0565,31998L0008,BASED_ON,2007.0,1998.0
32014D0273,12012E108,BASED_ON,2014.0,2012.0
32021L1979,32011L0065,BASED_ON,2021.0,2011.0
32022D0461,32013D1313,BASED_ON,2022.0,2013.0
32012R0848,32006R1907,BASED_ON,2012.0,2006.0
32020R1304,32012R0648,BASED_ON,2020.0,2012.0
32005R2111,12002E080,BASED_ON,2005.0,2002.0
32005R2111,12002E251,BASED_ON,2005.0,2002.0
32023D0274,12016E194,BASED_ON,2023.0,2016.0
32023D0274,12016E218,BASED_ON,2023.0,2016.0
32023R0426,12016E215,BASED_ON,2023.0,2016.0
32010D0452,12010M043,BASED_ON,2010.0,2010.0
32010D0452,12010M028,BASED_ON,2010.0,2010.0
32004R0549,12002E080,BASED_ON,2004.0,2002.0
32004R0549,12002E251,BASED_ON,2004.0,2002.0
32021R1237,12016E108,BASED_ON,2021.0,2016.0
32013R0145,32004R0314,BASED_ON,2013.0,2004.0
32020D1700,32020D0898,CITES,2020.0,2020.0
32024D3006,12016M028,BASED_ON,2024.0,2016.0
32024D3006,12016M031,BASED_ON,2024.0,2016.0
31997D0521,31991L0263,BASED_ON,1997.0,1991.0
32023R2779,32013R0575,BASED_ON,2023.0,2013.0
32021R2045,32006R1907,BASED_ON,2021.0,2006.0
32022R0586,32006R1907,BASED_ON,2022.0,2006.0
32022D0772,32004R0549,BASED_ON,2022.0,2004.0
32005R1207,32001R2580,BASED_ON,2005.0,2001.0
32014R0717,12012E108,BASED_ON,2014.0,2012.0
32014R0717,31998R0994,BASED_ON,2014.0,1998.0
32014D0459,32007R1451,BASED_ON,2014.0,2007.0
32021R1173,12016E187,BASED_ON,2021.0,2016.0
32021R1173,12016E188,BASED_ON,2021.0,2016.0
32019R1009,12016E114,BASED_ON,2019.0,2016.0
32020D0414,32013D1313,BASED_ON,2020.0,2013.0
32018R0634,32013R0575,BASED_ON,2018.0,2013.0
32007D0473,12006E207,BASED_ON,2007.0,2006.0
32019R0503,12016E091,BASED_ON,2019.0,2016.0
32022D0777,32004R0549,BASED_ON,2022.0,2004.0
32024R2865,12016E114,BASED_ON,2024.0,2016.0
32022D0567,12016E207,BASED_ON,2022.0,2016.0
32022D0567,12016E091,BASED_ON,2022.0,2016.0
32022D0567,12016E100,BASED_ON,2022.0,2016.0
32022D0567,12016E218,BASED_ON,2022.0,2016.0
32022D0567,12016E043,BASED_ON,2022.0,2016.0
32022D0771,32004R0549,BASED_ON,2022.0,2004.0
32022D0774,32004R0549,BASED_ON,2022.0,2004.0
32022L0281,32011L0065,BASED_ON,2022.0,2011.0
32016D1115,32006R1907,BASED_ON,2016.0,2006.0
32018D1797R(02),32018D1797,CORRECTS,2018.0,2018.0
32019D1909R(02),32019D1909,CORRECTS,2019.0,2019.0
32018R1971,12016E114,BASED_ON,2018.0,2016.0
32018L2001,12016E194,BASED_ON,2018.0,2016.0
32019R0113,12016M/PRO/04,BASED_ON,2019.0,2016.0
32019R0113,31998R2533,BASED_ON,2019.0,1998.0
32019R0113,12016E/PRO/04,BASED_ON,2019.0,2016.0
32014L0053,12012E114,BASED_ON,2014.0,2012.0
32014L0053,12012E294,BASED_ON,2014.0,2012.0
32004R0013,31970R1108,BASED_ON,2004.0,1970.0
32015R1014,32005R2111,BASED_ON,2015.0,2005.0
32010R1071,32005R2111,BASED_ON,2010.0,2005.0
32012R0836,32006R1907,BASED_ON,2012.0,2006.0
32016R1799,32013R0575,BASED_ON,2016.0,2013.0
32021R0696,12016E189,BASED_ON,2021.0,2016.0
32017D1968,12016M038,BASED_ON,2017.0,2016.0
32017D1968,32008E0851,BASED_ON,2017.0,2008.0
32019D1963,32017D0046,BASED_ON,2019.0,2017.0
32019D1963,32015D0444,BASED_ON,2019.0,2015.0
32019D1963,12016E249,BASED_ON,2019.0,2016.0
32018D1730,12016E192,BASED_ON,2018.0,2016.0
32018D1730,12016E218,BASED_ON,2018.0,2016.0
32016R0445,32014R0650,BASED_ON,2016.0,2014.0
32016R0445,32013R0575,BASED_ON,2016.0,2013.0
32014D0853,12012E218,BASED_ON,2014.0,2012.0
32014D0853,12012M037,BASED_ON,2014.0,2012.0
32005D0743,31991L0414,BASED_ON,2005.0,1991.0
32014H0193,12012E292,BASED_ON,2014.0,2012.0
32011D0792,12010M038,BASED_ON,2011.0,2010.0
32011D0792,32008E0851,BASED_ON,2011.0,2008.0
32006D0355,12002E,BASED_ON,2006.0,2002.0
32018R1221,32009L0138,BASED_ON,2018.0,2009.0
32021R1060,12016E322,BASED_ON,2021.0,2016.0
32021R1060,12016E177,BASED_ON,2021.0,2016.0
32021R1060,12016E349,BASED_ON,2021.0,2016.0
32019R0263,32013R1303,BASED_ON,2019.0,2013.0
32024D2045,12016E212,BASED_ON,2024.0,2016.0
32024D2045,12016E218,BASED_ON,2024.0,2016.0
32024D0633,12016M029,BASED_ON,2024.0,2016.0
32011R0305,12010E114,BASED_ON,2011.0,2010.0
32011R0305,12010E294,BASED_ON,2011.0,2010.0
32019R0945,32018R1139,BASED_ON,2019.0,2018.0
32022D0322,12016E218,BASED_ON,2022.0,2016.0
32022D0322,12016E100,BASED_ON,2022.0,2016.0
32010D0004(01),12010E/PRO/04,BASED_ON,2010.0,2010.0
32021R1118,32014L0059,BASED_ON,2021.0,2014.0
32020R0696,12016E100,BASED_ON,2020.0,2016.0
32011D0914(01),32002R2342,BASED_ON,2011.0,2002.0
32011D0914(01),32004R0882,BASED_ON,2011.0,2004.0
32011D0914(01),32002R1605,BASED_ON,2011.0,2002.0
32009D0513,12006E080,BASED_ON,2009.0,2006.0
32009D0513,12006E300,BASED_ON,2009.0,2006.0
32020R1732,32017R2402,BASED_ON,2020.0,2017.0
32012D0699,32006E0243,CITES,2012.0,2006.0
32012D0699,32008E0588,CITES,2012.0,2008.0
32024R1771,32019R2033,BASED_ON,2024.0,2019.0
32021R1043,32013R0575,BASED_ON,2021.0,2013.0
32021R2153,32019L2034,BASED_ON,2021.0,2019.0
32006L0123,12002E047,BASED_ON,2006.0,2002.0
32006L0123,12002E055,BASED_ON,2006.0,2002.0
32019R1140,32013R1303,BASED_ON,2019.0,2013.0
32012R0412,32006R1907,BASED_ON,2012.0,2006.0
32009D0613,12006E088,BASED_ON,2009.0,2006.0
32017R1000,32006R1907,BASED_ON,2017.0,2006.0
32016R1976,32009L0138,BASED_ON,2016.0,2009.0
32021L1978,32011L0065,BASED_ON,2021.0,2011.0
32004R0852,12002E152,BASED_ON,2004.0,2002.0
32004R0852,12002E095,BASED_ON,2004.0,2002.0
32004R0852,12002E251,BASED_ON,2004.0,2002.0
32014L0052,12012E294,BASED_ON,2014.0,2012.0
32024R0568,12016E168,BASED_ON,2024.0,2016.0
32024R0568,12016E114,BASED_ON,2024.0,2016.0
32018R0990,32017R1131,BASED_ON,2018.0,2017.0
32012R0465,12010E294,BASED_ON,2012.0,2010.0
32012R0465,12010E048,BASED_ON,2012.0,2010.0
32023R2878,32023D2874,BASED_ON,2023.0,2023.0
32023R2878,12016E215,BASED_ON,2023.0,2016.0
32008R0033,31991L0414,BASED_ON,2008.0,1991.0
32016D0220,12012M029,BASED_ON,2016.0,2012.0
32014R0591,32013R0575,BASED_ON,2014.0,2013.0
32020D1700,12016M029,BASED_ON,2020.0,2016.0
32017D1149,12016E108,BASED_ON,2017.0,2016.0
32005D0345,12002E088,BASED_ON,2005.0,2002.0
32005D0345,31999R0659,BASED_ON,2005.0,1999.0
32023R1718,32010R1093,CITES,2023.0,2010.0
32019R2091,32010R1093,CITES,2019.0,2010.0
32023R1322,12016E168,BASED_ON,2023.0,2016.0
32011D0237,32008E0851,BASED_ON,2011.0,2008.0
32011D0237,12010M038,BASED_ON,2011.0,2010.0
32020D1312,12016M029,BASED_ON,2020.0,2016.0
32023R0894,32009L0138,BASED_ON,2023.0,2009.0
32022O0508R(01),32022O0508,CORRECTS,2022.0,2022.0
32009R0169,32003R0001,AMENDS,2009.0,2003.0
32009R0169,11979HN01/04,AMENDS,2009.0,1979.0
32009R0169,31968R1017,AMENDS,2009.0,1968.0
32009R0169,11994NN01/03/B,AMENDS,2009.0,1994.0
32009R0169,31969R1630,AMENDS,2009.0,1969.0
32009R0169,11972BN01/5/PT1A5,AMENDS,2009.0,1972.0
32009R0169,12003TN02/05,AMENDS,2009.0,2003.0
32009R0169,11979HN08/01,AMENDS,2009.0,1979.0
32002G0216(01),32001D0792,CITES,2002.0,2001.0
32002G0216(01),31999D0847,CITES,2002.0,1999.0
32016R1127,32001R2580,BASED_ON,2016.0,2001.0
32023R0154,12016E215,BASED_ON,2023.0,2016.0
32023D0964,12016M029,BASED_ON,2023.0,2016.0
32021Y0827(01),32011Y0224(01),BASED_ON,2021.0,2011.0
32021Y0827(01),32010R1092,BASED_ON,2021.0,2010.0
32004L0037,12002E251,BASED_ON,2004.0,2002.0
32020R2081,32006R1907,BASED_ON,2020.0,2006.0
32008R1336,12006E251,BASED_ON,2008.0,2006.0
32008R1336,12006E095,BASED_ON,2008.0,2006.0
32009D1005,32006Q0614(01),BASED_ON,2009.0,2006.0
32006L0046,12002E251,BASED_ON,2006.0,2002.0
32006L0046,12002E044,BASED_ON,2006.0,2002.0
32010R0590,32005R2111,BASED_ON,2010.0,2005.0
32009R0298,32005R2111,BASED_ON,2009.0,2005.0
32008D0748,31991L0414,BASED_ON,2008.0,1991.0
32013D0372,32010R0407,BASED_ON,2013.0,2010.0
32011D0536,12010M028,BASED_ON,2011.0,2010.0
32011D0536,12010M043,BASED_ON,2011.0,2010.0
32007D0849,32003R2160,BASED_ON,2007.0,2003.0
32017R0195,32009R1107,BASED_ON,2017.0,2009.0
32018D0539,12016E114,BASED_ON,2018.0,2016.0
32018D0539,12016E218,BASED_ON,2018.0,2016.0
32015D1916,32014D0219,BASED_ON,2015.0,2014.0
32015D1916,12012M038,BASED_ON,2015.0,2012.0
32015D1584,12012E108,BASED_ON,2015.0,2012.0
32018D0090,12016M029,BASED_ON,2018.0,2016.0
32018D0090,32017D2074,BASED_ON,2018.0,2017.0
32022D2572,12016E241,BASED_ON,2022.0,2016.0
32022R2060,32013R0575,BASED_ON,2022.0,2013.0
32025D01598,62009CJ0173,CITES,2025.0,2009.0
32008H0295,32002L0021,BASED_ON,2008.0,2002.0
32014R0285,32012R0648,BASED_ON,2014.0,2012.0
32020D1502,12016E249,BASED_ON,2020.0,2016.0
32013D0729,12012M043,BASED_ON,2013.0,2012.0
32013D0729,12012M042,BASED_ON,2013.0,2012.0
32013R0543,32008L0114,CITES,2013.0,2008.0
32013R0543,32011R1227,CITES,2013.0,2011.0
31998D0190,31962R0017,BASED_ON,1998.0,1962.0
32002H0077,11997E152,BASED_ON,2002.0,1997.0
32012Y0214(01),32011Y0224(01),BASED_ON,2012.0,2011.0
32012Y0214(01),32010R1092,BASED_ON,2012.0,2010.0
32011D0048,32007R1451,BASED_ON,2011.0,2007.0
32016R0324,32008R1331,BASED_ON,2016.0,2008.0
32015H0682,12012E292,BASED_ON,2015.0,2012.0
32015R1222,32009R0714,BASED_ON,2015.0,2009.0
31983D0573,11957E084,BASED_ON,1983.0,1957.0
32022R0504,32013R0575,BASED_ON,2022.0,2013.0
32010R1169,32001L0014,BASED_ON,2010.0,2001.0
32010R1169,32004L0049,BASED_ON,2010.0,2004.0
32008R1008,12006E251,BASED_ON,2008.0,2006.0
32008R1008,12006E080,BASED_ON,2008.0,2006.0
32013R0885,32010L0040,BASED_ON,2013.0,2010.0
32003R1234R(03),32003R1234,CORRECTS,2003.0,2003.0
32004L0113R(03),32004L0113,CORRECTS,2004.0,2004.0
32011R0454,32008L0057,BASED_ON,2011.0,2008.0
32021R1751,32014L0059,BASED_ON,2021.0,2014.0
32008L0006,12006E055,BASED_ON,2008.0,2006.0
32008L0006,12006E047,BASED_ON,2008.0,2006.0
32008L0006,12006E095,BASED_ON,2008.0,2006.0
32016R0863,32006R1907,BASED_ON,2016.0,2006.0
32011R1332,32008R0216,BASED_ON,2011.0,2008.0
32023L0171,32011L0065,BASED_ON,2023.0,2011.0
32009L0041,12006E175,BASED_ON,2009.0,2006.0
32015R1494,32006R1907,BASED_ON,2015.0,2006.0
32023D1493,12016M050,BASED_ON,2023.0,2016.0
32023D1493,12016E218,BASED_ON,2023.0,2016.0
32009R0767R(07),32009R0767,CORRECTS,2009.0,2009.0
32019R0503R(01),32019R0503,CORRECTS,2019.0,2019.0
32020R1227,32017R2402,BASED_ON,2020.0,2017.0
32021D0173R(01),32021D0173,CORRECTS,2021.0,2021.0
32021R0821R(02),32021R0821,CORRECTS,2021.0,2021.0
32022D0266R(06),32022D0266,CORRECTS,2022.0,2022.0
31985D0075,31984D0191,CITES,1985.0,1984.0
31985D0075,31982D0174,CITES,1985.0,1982.0
31985D0075,31963R0099,CITES,1985.0,1963.0
31985D0075,61964CJ0056,CITES,1985.0,1964.0
31985D0075,31973L0240,CITES,1985.0,1973.0
31985D0075,61984CJ0107,CITES,1985.0,1984.0
31985D0075,31964L0225,CITES,1985.0,1964.0
31985D0075,31978L0473,CITES,1985.0,1978.0
31985D0075,11957E085,CITES,1985.0,1957.0
31985D0075,11957E059,CITES,1985.0,1957.0
31985D0276,11957E092,CITES,1985.0,1957.0
31985D0276,11957E052,CITES,1985.0,1957.0
31985D0276,11957E007,CITES,1985.0,1957.0
31985D0276,11957E087,CITES,1985.0,1957.0
31985D0276,11957E094,CITES,1985.0,1957.0
31985D0276,11957E085,CITES,1985.0,1957.0
31985D0276,11957E053,CITES,1985.0,1957.0
31985D0276,11957E088,CITES,1985.0,1957.0
31985D0276,11957E091,CITES,1985.0,1957.0
31985D0276,11957E003,CITES,1985.0,1957.0
31985D0276,11957E086,CITES,1985.0,1957.0
31985D0276,11957E089,CITES,1985.0,1957.0
31985D0276,11957E093,CITES,1985.0,1957.0
32022D2243,12016M042,BASED_ON,2022.0,2016.0
32022D2243,12016M043,BASED_ON,2022.0,2016.0
32022D1970,12016M042,BASED_ON,2022.0,2016.0
32022D1970,12016M043,BASED_ON,2022.0,2016.0
32008E0851R(03),32008E0851,CORRECTS,2008.0,2008.0
32007A1221(01),11957A037,BASED_ON,2007.0,1957.0
32016R1036,12016E207,BASED_ON,2016.0,2016.0
32012D0409,32010R0407,BASED_ON,2012.0,2010.0
32018R1903,32009R0767,BASED_ON,2018.0,2009.0
32021R2115,12016E043,BASED_ON,2021.0,2016.0
32021R2115,12016E042,BASED_ON,2021.0,2016.0
32010D1231(01),32007D1350,BASED_ON,2010.0,2007.0
32010D1231(01),32004D0858,BASED_ON,2010.0,2004.0
31999D0287,31989R4064,BASED_ON,1999.0,1989.0
32017R0394R(01),32017R0394,CORRECTS,2017.0,2017.0
32013D1313,12012E196,BASED_ON,2013.0,2012.0
32013D1313,12012E294,BASED_ON,2013.0,2012.0
32020R0213,12016E215,BASED_ON,2020.0,2016.0
32022R1033,12016E042,BASED_ON,2022.0,2016.0
32022R1033,12016E043,BASED_ON,2022.0,2016.0
32022D1907,12016M029,BASED_ON,2022.0,2016.0
32019D1765,12016E339,CITES,2019.0,2016.0
32019D1765,32002L0058,CITES,2019.0,2002.0
32019D1765,32015D0444,CITES,2019.0,2015.0
32019D1765,32013R1316,CITES,2019.0,2013.0
32019D1765,32014R0283,CITES,2019.0,2014.0
32019D1765,32019H0243,CITES,2019.0,2019.0
32019D1765,32016L1148,CITES,2019.0,2016.0
32019D1765,32016R0679,CITES,2019.0,2016.0
32012D0503R(01),32012D0503,CORRECTS,2012.0,2012.0
32012D0281(01),12010M026,BASED_ON,2012.0,2010.0
32021R1232,12016E114,BASED_ON,2021.0,2016.0
32021R1232,12016E016,BASED_ON,2021.0,2016.0
32019R0799,32008R1331,BASED_ON,2019.0,2008.0
32013H0730(23),12012E148,BASED_ON,2013.0,2012.0
32013H0730(23),31997R1466,BASED_ON,2013.0,1997.0
32013H0730(23),32011R1176,BASED_ON,2013.0,2011.0
32013H0730(23),12012E121,BASED_ON,2013.0,2012.0
32020L0262,12016E113,BASED_ON,2020.0,2016.0
32012H0148,12010E292,BASED_ON,2012.0,2010.0
32007D0026,12005SAN06/04/B,BASED_ON,2007.0,2005.0
32007D0026,12005S/TTE/04,BASED_ON,2007.0,2005.0
32020R0459,12016E100,BASED_ON,2020.0,2016.0
32021D2243,12016E249,BASED_ON,2021.0,2016.0
32023R1115,12016E192,BASED_ON,2023.0,2016.0
32025D01598,32004R0883,BASED_ON,2025.0,2004.0
32024R2547,32021R0821,BASED_ON,2024.0,2021.0
32024D1763,32009L0138,BASED_ON,2024.0,2009.0
32023D2680,12016M028,BASED_ON,2023.0,2016.0
32023D2680,12016M041,BASED_ON,2023.0,2016.0
32025D0609,12016M041,BASED_ON,2025.0,2016.0
32025D0609,12016M028,BASED_ON,2025.0,2016.0
32024D0828,12016M029,BASED_ON,2024.0,2016.0
31999D0170,11992E130I,BASED_ON,1999.0,1992.0
32000D0054,31997L0033,BASED_ON,2000.0,1997.0
32003D0295,12002E088,BASED_ON,2003.0,2002.0
32020O1690,12016M/PRO/04,BASED_ON,2020.0,2016.0
32020O1690,12016E127,BASED_ON,2020.0,2016.0
32020O1690,12016E/PRO/04,BASED_ON,2020.0,2016.0
32024R1789,12016E194,BASED_ON,2024.0,2016.0
32013D0044,12012M043,BASED_ON,2013.0,2012.0
32013D0044,12012M042,BASED_ON,2013.0,2012.0
32021R2325,32018R0848,BASED_ON,2021.0,2018.0
32022R0732,32009L0138,BASED_ON,2022.0,2009.0
32013D0329,32011L0024,BASED_ON,2013.0,2011.0
32022R0365,32014L0059,BASED_ON,2022.0,2014.0
32009D0548,32009L0028,BASED_ON,2009.0,2009.0
31986R4058R(01),31986R4058,CORRECTS,1986.0,1986.0
32021D2136,12016M041,BASED_ON,2021.0,2016.0
32021D2136,12016M028,BASED_ON,2021.0,2016.0
32013D0660,12012M043,BASED_ON,2013.0,2012.0
32013D0660,12012M042,BASED_ON,2013.0,2012.0
32013D0660,12012M028,BASED_ON,2013.0,2012.0
32002D0180,31962R0017,BASED_ON,2002.0,1962.0
32003D0521,11997E088,BASED_ON,2003.0,1997.0
32000D0141,31971R1408,BASED_ON,2000.0,1971.0
32018R1108,32015L0849,BASED_ON,2018.0,2015.0
32009D0288,32008E0851,BASED_ON,2009.0,2008.0
32009D0288,12006M025,BASED_ON,2009.0,2006.0
32011D0747,12010E108,BASED_ON,2011.0,2010.0
32008R0702,32004R0314,BASED_ON,2008.0,2004.0
32011D0101,12010M029,BASED_ON,2011.0,2010.0
32019R0283,32004R0314,BASED_ON,2019.0,2004.0
32008D0712,12006M025,BASED_ON,2008.0,2006.0
32002D0059,11997E095,BASED_ON,2002.0,1997.0
32023R1781,12016E173,BASED_ON,2023.0,2016.0
32023R1781,12016E114,BASED_ON,2023.0,2016.0
32023D0432,12016M029,BASED_ON,2023.0,2016.0
32015R2197,32013R0575,BASED_ON,2015.0,2013.0
31997Y1004(01),31992Y1204(02),CITES,1997.0,1992.0
32024D1455,12016M021,CITES,2024.0,2016.0
32024D1794,12016M021,CITES,2024.0,2016.0
32018R1805,12016E082,BASED_ON,2018.0,2016.0
32020R0203,32019L0520,BASED_ON,2020.0,2019.0
32014R0596,12012E294,BASED_ON,2014.0,2012.0
32014R0596,12012E114,BASED_ON,2014.0,2012.0
32008R1331R(01),32008R1331,CORRECTS,2008.0,2008.0
32022D0589,12016E194,BASED_ON,2022.0,2016.0
32022D0589,12016E168,BASED_ON,2022.0,2016.0
32014H0729(17),31997R1466,BASED_ON,2014.0,1997.0
32014H0729(17),12012E148,BASED_ON,2014.0,2012.0
32014H0729(17),32011R1176,BASED_ON,2014.0,2011.0
32014H0729(17),12012E121,BASED_ON,2014.0,2012.0
32023R2444,32016R0679,CITES,2023.0,2016.0
32023R2444,32002L0058,CITES,2023.0,2002.0
32024R1338,32023D1532,CITES,2024.0,2023.0
32024D2496,12016M021,CITES,2024.0,2016.0
32008R1332,12006E095,BASED_ON,2008.0,2006.0
32008R1332,12006E251,BASED_ON,2008.0,2006.0
32020R1229,32017R2402,BASED_ON,2020.0,2017.0
32012D0124,32011D0101,BASED_ON,2012.0,2011.0
32012D0124,12010M031,BASED_ON,2012.0,2010.0
32014R0469,31998R2532,BASED_ON,2014.0,1998.0
32014R0469,12012E/PRO/04,BASED_ON,2014.0,2012.0
32014R0469,12012E132,BASED_ON,2014.0,2012.0
32020R0762,32009R1069,BASED_ON,2020.0,2009.0
32013R0348,32006R1907,BASED_ON,2013.0,2006.0
32018D1656,12016M029,BASED_ON,2018.0,2016.0
32011D0231,32008R1338,BASED_ON,2011.0,2008.0
32021R0048,12016E215,BASED_ON,2021.0,2016.0
32008D0745,31991L0414,BASED_ON,2008.0,1991.0
32018R1580,32013R0575,BASED_ON,2018.0,2013.0
32016D1635,12016M038,BASED_ON,2016.0,2016.0
32016D1635,32015D0778,BASED_ON,2016.0,2015.0
32016D1944,12016E108,BASED_ON,2016.0,2016.0
32016D0007,32014R1163,BASED_ON,2016.0,2014.0
32020R1224R(01),32020R1224,CORRECTS,2020.0,2020.0
32015L2366R(01),32015L2366,CORRECTS,2015.0,2015.0
32009D0360,32006L0021,BASED_ON,2009.0,2006.0
32009R1177,32004L0018,BASED_ON,2009.0,2004.0
32009R1177,32004L0017,BASED_ON,2009.0,2004.0
32009R1177,32009L0081,BASED_ON,2009.0,2009.0
32006L0097,12005S/TTE/04,BASED_ON,2006.0,2005.0
32006L0097,12005SA056,BASED_ON,2006.0,2005.0
32024R0370,32020L2184,BASED_ON,2024.0,2020.0
32024R1872,32013R0575,BASED_ON,2024.0,2013.0
32010R0115R(01),32010R0115,CORRECTS,2010.0,2010.0
32024R2462,32006R1907,BASED_ON,2024.0,2006.0
32015D1780,12012M042,BASED_ON,2015.0,2012.0
32015D1780,12012M043,BASED_ON,2015.0,2012.0
32015D1780,12012M028,BASED_ON,2015.0,2012.0
32015D1960,32009R0715,BASED_ON,2015.0,2009.0
32015D1960,32009R0714,BASED_ON,2015.0,2009.0
32015D1320,32001L0095,BASED_ON,2015.0,2001.0
32022D1124(01),32018R1046,BASED_ON,2022.0,2018.0
32022D1124(01),12016E314,BASED_ON,2022.0,2016.0
32022D1124(01),12016A106BIS,BASED_ON,2022.0,2016.0
32011D0281,32008D0721,BASED_ON,2011.0,2008.0
32019D1765,32011L0024,BASED_ON,2019.0,2011.0
32020R0354,32009R0767,BASED_ON,2020.0,2009.0
32020R0171,32006R1907,BASED_ON,2020.0,2006.0
32015R2205,32012R0648,BASED_ON,2015.0,2012.0
32019R2013,32017R1369,BASED_ON,2019.0,2017.0
32019R2022,12016E114,BASED_ON,2019.0,2016.0
32022D1285,12016M028,BASED_ON,2022.0,2016.0
32022D1285,12016M041,BASED_ON,2022.0,2016.0
32023D0272,12016E114,BASED_ON,2023.0,2016.0
32023D0272,12016E218,BASED_ON,2023.0,2016.0
32003D0602,32002D0075,BASED_ON,2003.0,2002.0
32003D0602,31993L0043,BASED_ON,2003.0,1993.0
32003D0124,31990D0424,BASED_ON,2003.0,1990.0
32025D0043,12016M029,BASED_ON,2025.0,2016.0
32020D0408,12016M029,BASED_ON,2020.0,2016.0
32015D0277,12012M029,BASED_ON,2015.0,2012.0
32018R1971R(01),32018R1971,CORRECTS,2018.0,2018.0
32002L0058R(02),32002L0058,CORRECTS,2002.0,2002.0
32004L0027R(03),32004L0027,CORRECTS,2004.0,2004.0
32024D2667,12016M038,BASED_ON,2024.0,2016.0
32018R0171,32010R1093,CITES,2018.0,2010.0
32009L0138R(10),32009L0138,CORRECTS,2009.0,2009.0
32015R2017,32009L0138,BASED_ON,2015.0,2009.0
32023R2844,12016E082,BASED_ON,2023.0,2016.0
32023R2844,12016E081,BASED_ON,2023.0,2016.0
32015R1976,32014R0223,BASED_ON,2015.0,2014.0
32024R2642,12016E215,BASED_ON,2024.0,2016.0
32023R2418,12016E173,BASED_ON,2023.0,2016.0
32023R2527,32019R1700,BASED_ON,2023.0,2019.0
32022D0338R(02),32022D0338,CORRECTS,2022.0,2022.0
32021R0451R(09),32021R0451,CORRECTS,2021.0,2021.0
32014L0051R(03),32014L0051,CORRECTS,2014.0,2014.0
32017R1486R(02),32017R1486,CORRECTS,2017.0,2017.0
32024R1679,12016E172,BASED_ON,2024.0,2016.0
32017D0938,12016E218,BASED_ON,2017.0,2016.0
32017D0938,12016E192,BASED_ON,2017.0,2016.0
32019L0878R(04),32019L0878,CORRECTS,2019.0,2019.0
32018D0539,32017D1792,CITES,2018.0,2017.0
31998D0513,31962R0017,BASED_ON,1998.0,1962.0
31986R4057,11957E084,BASED_ON,1986.0,1957.0
31967R0423,11965F034,BASED_ON,1967.0,1965.0
32024R0896,32016L0097,BASED_ON,2024.0,2016.0
32023D2498,12016M029,BASED_ON,2023.0,2016.0
32024D2176,12016E100,BASED_ON,2024.0,2016.0
32024D2176,12016E091,BASED_ON,2024.0,2016.0
32024D2176,12016E218,BASED_ON,2024.0,2016.0
31994D0694,11992E030,CITES,1994.0,1992.0
31994D0694,31988R4253,CITES,1994.0,1988.0
31994D0694,11992E007,CITES,1994.0,1992.0
31994D0694,11992E059,CITES,1994.0,1992.0
31994D0694,11992E169,CITES,1994.0,1992.0
31994D0694,31977Q1231,CITES,1994.0,1977.0
31994D0694,11992E052,CITES,1994.0,1992.0
32013D0089,12012M029,BASED_ON,2013.0,2012.0
31990H0143,11957A031,CITES,1990.0,1957.0
31990H0143,31980L0836,CITES,1990.0,1980.0
31990H0143,31984L0467,CITES,1990.0,1984.0
31990D0456,11957E093,CITES,1990.0,1957.0
31990D0456,11957E087,CITES,1990.0,1957.0
31990D0456,11957E092,CITES,1990.0,1957.0
31990D0456,11957E088,CITES,1990.0,1957.0
31990D0456,11957E094,CITES,1990.0,1957.0
31990D0456,11957E085,CITES,1990.0,1957.0
31990D0456,61984CJ0311,CITES,1990.0,1984.0
31990D0456,11957E155,CITES,1990.0,1957.0
31990D0456,11957E089,CITES,1990.0,1957.0
31990D0456,11957E091,CITES,1990.0,1957.0
31990D0456,11957E086,CITES,1990.0,1957.0
31990D0456,11957E007,CITES,1990.0,1957.0
31996D0177,31989R4064,BASED_ON,1996.0,1989.0
32006D0267,12002M025,BASED_ON,2006.0,2002.0
32012L0034R(03),32012L0034,CORRECTS,2012.0,2012.0
32017R1800R(01),32017R1800,CORRECTS,2017.0,2017.0
32020R1055R(02),32020R1055,CORRECTS,2020.0,2020.0
32008D0918R(01),32008D0918,CORRECTS,2008.0,2008.0
32020D0901,12016M031,BASED_ON,2020.0,2016.0
32020D0901,12016M028,BASED_ON,2020.0,2016.0
32014R0208,12012E215,BASED_ON,2014.0,2012.0
32014R0208,32014D0119,BASED_ON,2014.0,2014.0
32009D0369,32008E0851,BASED_ON,2009.0,2008.0
32009D0369,12006M025,BASED_ON,2009.0,2006.0
32009D0341,12006E088,BASED_ON,2009.0,2006.0
31998D0521,31998L0013,BASED_ON,1998.0,1998.0
31998L0024,11992E189C,BASED_ON,1998.0,1992.0
32005R1209,32005R0174,BASED_ON,2005.0,2005.0
32020R2007,32009R1107,BASED_ON,2020.0,2009.0
32018D0777,12016E218,BASED_ON,2018.0,2016.0
32018D0777,32012R0966,BASED_ON,2018.0,2012.0
32018L0843,12016E114,BASED_ON,2018.0,2016.0
32019L1833,32000L0054,BASED_ON,2019.0,2000.0
32014D0198,12012E218,BASED_ON,2014.0,2012.0
32014D0198,12012M037,BASED_ON,2014.0,2012.0
32019R1700,32003R1177,REPEALS,2019.0,2003.0
32018R1699,32009L0138,BASED_ON,2018.0,2009.0
32021D2008,12016M046,BASED_ON,2021.0,2016.0
32008R0766,12006E251,BASED_ON,2008.0,2006.0
32019R0881R(01),32019R0881,CORRECTS,2019.0,2019.0
32020R1204,32019R1021,BASED_ON,2020.0,2019.0
32022R0782,32009R1107,BASED_ON,2022.0,2009.0
32007E0720,12006M014,BASED_ON,2007.0,2006.0
32014R0909R(06),32014R0909,CORRECTS,2014.0,2014.0
32022D0500,32021R1139,BASED_ON,2022.0,2021.0
32014D0276R(01),32014D0276,CORRECTS,2014.0,2014.0
32018R0212,32015L0849,BASED_ON,2018.0,2015.0
32005D0418,12002E088,BASED_ON,2005.0,2002.0
32023L1544,12016E062,BASED_ON,2023.0,2016.0
32023L1544,12016E053,BASED_ON,2023.0,2016.0
32023R1529,32023D1532,BASED_ON,2023.0,2023.0
32023R1529,12016E215,BASED_ON,2023.0,2016.0
32024D0876,12016E173,BASED_ON,2024.0,2016.0
32024D0876,12016E218,BASED_ON,2024.0,2016.0
32024D0876,12016E114,BASED_ON,2024.0,2016.0
32022R0595,32001R2580,AMENDS,2022.0,2001.0
32022R0595,32002R0881,AMENDS,2022.0,2002.0
32022R0595,32011R0101,AMENDS,2022.0,2011.0
32022R0595,32004R0314,AMENDS,2022.0,2004.0
32022R0595,32014R0833,AMENDS,2022.0,2014.0
32022R0595,32014R0269,AMENDS,2022.0,2014.0
32022R0595,32022R0263,AMENDS,2022.0,2022.0
32022R0595,32014R0208,AMENDS,2022.0,2014.0
32022R0595,32010R0356,AMENDS,2022.0,2010.0
32022R0595,32003R0147,AMENDS,2022.0,2003.0
32022R0595,32009R1284,AMENDS,2022.0,2009.0
32022R0595,32012R0267,AMENDS,2022.0,2012.0
32023R0203,32014R0139,AMENDS,2023.0,2014.0
32023R0203,32021R0664,AMENDS,2023.0,2021.0
32019R2243,32018L1972,BASED_ON,2019.0,2018.0
32005R2073R(08),32005R2073,CORRECTS,2005.0,2005.0
32009L0119R(01),32009L0119,CORRECTS,2009.0,2009.0
32005R2073R(01),32005R2073,CORRECTS,2005.0,2005.0
32021L2167R(02),32021L2167,CORRECTS,2021.0,2021.0
31976H0492,31975Y0709(03),CITES,1976.0,1975.0
32005D0483,12002M025,BASED_ON,2005.0,2002.0
32020R0521,12016E122,BASED_ON,2020.0,2016.0
32013R0886,32010L0040,BASED_ON,2013.0,2010.0
32022R0063,32008R1331,BASED_ON,2022.0,2008.0
32014D0219,12012M028,BASED_ON,2014.0,2012.0
32014D0219,12012M042,BASED_ON,2014.0,2012.0
32014D0219,12012M043,BASED_ON,2014.0,2012.0
32009L0020,12006E080,BASED_ON,2009.0,2006.0
32009L0020,12006E251,BASED_ON,2009.0,2006.0
32020D2053,12016A106BIS,BASED_ON,2020.0,2016.0
32020R1530,12016E091,BASED_ON,2020.0,2016.0
32022D0885,12016M029,BASED_ON,2022.0,2016.0
32021L2118,12016E114,BASED_ON,2021.0,2016.0
32007L0066,12006E251,BASED_ON,2007.0,2006.0
32007L0066,12006E095,BASED_ON,2007.0,2006.0
32024R2765,32009L0138,BASED_ON,2024.0,2009.0
32024R3230,32024R1157,BASED_ON,2024.0,2024.0
32024R1991,12016E192,BASED_ON,2024.0,2016.0
32008D0731,32007E0677,BASED_ON,2008.0,2007.0
32008D0731,12006M025,BASED_ON,2008.0,2006.0
32008D0731,32008D0172,BASED_ON,2008.0,2008.0
32010D0071,31998L0008,BASED_ON,2010.0,1998.0
32018R0302,12016E114,BASED_ON,2018.0,2016.0
32020Q0727(01),32004D0002,BASED_ON,2020.0,2004.0
32020R1543,12016M/PRO/01,CITES,2020.0,2016.0
32020R1543,32014R0516,CITES,2020.0,2014.0
32020R1543,32014R0513,CITES,2020.0,2014.0
32020R1543,32014R0515,CITES,2020.0,2014.0
32020R1543,12016E/PRO/01,CITES,2020.0,2016.0
32020R1543,12016A/PRO/01,CITES,2020.0,2016.0
32019D1810,12016A106BIS,CITES,2019.0,2016.0
32019D1810,12016E/TXT,CITES,2019.0,2016.0
32019D1810,12016M/TXT,CITES,2019.0,2016.0
32019D1810,12019W/TXT,CITES,2019.0,2019.0
32013D1386,12012E294,BASED_ON,2013.0,2012.0
32013Y0425(01),32010R1092,BASED_ON,2013.0,2010.0
32013Y0425(01),32011Y0224(01),BASED_ON,2013.0,2011.0
32021D1875,12016E218,BASED_ON,2021.0,2016.0
32021D1875,12016E043,BASED_ON,2021.0,2016.0
32001D0079,11997M025,BASED_ON,2001.0,1997.0
32001D0079,11997E207,BASED_ON,2001.0,1997.0
32001D0079,11997M028,BASED_ON,2001.0,1997.0
32017D2075R(01),32017D2075,CORRECTS,2017.0,2017.0
32020R0115,32011R0101,BASED_ON,2020.0,2011.0
32022L0283,32011L0065,BASED_ON,2022.0,2011.0
32019R1021,12016E192,BASED_ON,2019.0,2016.0
32011D0784,12010E108,BASED_ON,2011.0,2010.0
32008R1234,32001L0082,BASED_ON,2008.0,2001.0
32019R0145,32009R0767,BASED_ON,2019.0,2009.0
32022R0063R(01),32022R0063,CORRECTS,2022.0,2022.0
31999D0321,11997M017,BASED_ON,1999.0,1997.0
31999D0321,11997D/AFI,BASED_ON,1999.0,1997.0
32019D1909,12016M046,BASED_ON,2019.0,2016.0
32014R0342,32013R0575,BASED_ON,2014.0,2013.0
32020R1503,12016E114,BASED_ON,2020.0,2016.0
32024R0298,32019R1700,BASED_ON,2024.0,2019.0
32005D0303,31991L0414,BASED_ON,2005.0,1991.0
32019L2177,12016E062,BASED_ON,2019.0,2016.0
32019L2177,12016E053,BASED_ON,2019.0,2016.0
32011R0234,32008R1331,BASED_ON,2011.0,2008.0
32021R0023,12016E114,BASED_ON,2021.0,2016.0
32014D0535,12012E108,BASED_ON,2014.0,2012.0
32019D0056,12016E108,BASED_ON,2019.0,2016.0
32021D1210,12016M041,BASED_ON,2021.0,2016.0
32021D1210,12016M028,BASED_ON,2021.0,2016.0
32014D0524,12012E108,BASED_ON,2014.0,2012.0
32007D0258,12002E088,BASED_ON,2007.0,2002.0
32015D1835,12012M042,BASED_ON,2015.0,2012.0
32015D1835,12012M045,BASED_ON,2015.0,2012.0
32021R2070,32005R2111,BASED_ON,2021.0,2005.0
32021R0598,32013R0575,BASED_ON,2021.0,2013.0
32022R0432,32006L0112,BASED_ON,2022.0,2006.0
32010D0092,12008M029,BASED_ON,2010.0,2008.0
32006D0964,12002E300,BASED_ON,2006.0,2002.0
32022R0594,32005R2111,BASED_ON,2022.0,2005.0
32013R0152,32012R0648,BASED_ON,2013.0,2012.0
32018D0934,12005SA004,BASED_ON,2018.0,2005.0
32016R1630,32009L0138,BASED_ON,2016.0,2009.0
32004D0667,32004R0156,CITES,2004.0,2004.0
32023R1578,32010R1093,CITES,2023.0,2010.0
32016R1401,32013R0575,CITES,2016.0,2013.0
32016R1401,32010R1093,CITES,2016.0,2010.0
32016R1401,32012R0648,CITES,2016.0,2012.0
32025D0840,32024R1252,BASED_ON,2025.0,2024.0
32024R3014,32016R1036,BASED_ON,2024.0,2016.0
32009L0138R(06),32009L0138,CORRECTS,2009.0,2009.0
32021R0115,32019R1021,BASED_ON,2021.0,2019.0
32015R0730,31998R2533,BASED_ON,2015.0,1998.0
32015R0730,12012M/PRO/04,BASED_ON,2015.0,2012.0
31997D0607,31990L0388,BASED_ON,1997.0,1990.0
31997D0039,31962R0017,BASED_ON,1997.0,1962.0
31997D0815,31989R4064,BASED_ON,1997.0,1989.0
32013H0730(11)R(01),32013H0730(11),CORRECTS,2013.0,2013.0
32017R0776R(03),32017R0776,CORRECTS,2017.0,2017.0
32020D1746,12016M046,BASED_ON,2020.0,2016.0
32004R0314,32004E0161,BASED_ON,2004.0,2004.0
32021L2167R(03),32021L2167,CORRECTS,2021.0,2021.0
31977H0714,11957E,BASED_ON,1977.0,1957.0
32018D0556,12016E108,BASED_ON,2018.0,2016.0
32006E0029,12002M015,BASED_ON,2006.0,2002.0
32002L0046,11997E251,BASED_ON,2002.0,1997.0
32002L0046,11997E095,BASED_ON,2002.0,1997.0
32023R1510,31993R0315,BASED_ON,2023.0,1993.0
31999D0645,31998D0013,BASED_ON,1999.0,1998.0
32024D2631,32012R1025,BASED_ON,2024.0,2012.0
32025D0166,12016M043,BASED_ON,2025.0,2016.0
32025D0166,12016M042,BASED_ON,2025.0,2016.0
32025D0271,12016M038,BASED_ON,2025.0,2016.0
32013R0345,12012E294,BASED_ON,2013.0,2012.0
32013R0345,12012E114,BASED_ON,2013.0,2012.0
32022R0113,32011R0101,BASED_ON,2022.0,2011.0
32012A0207(01),12010A037,BASED_ON,2012.0,2010.0
32023D1336,32004R0549,BASED_ON,2023.0,2004.0
32022R2400,12016E192,BASED_ON,2022.0,2016.0
32022R0094,32009R1107,BASED_ON,2022.0,2009.0
32021R2154,32019L2034,BASED_ON,2021.0,2019.0
32012D0149,12010M029,BASED_ON,2012.0,2010.0
32019R0856,32003L0087,BASED_ON,2019.0,2003.0
32011H0750,12010E292,BASED_ON,2011.0,2010.0
32020R0507,32006R1907,BASED_ON,2020.0,2006.0
32021Q0604(01),32003R0058,BASED_ON,2021.0,2003.0
32021Q0604(01),12016E249,BASED_ON,2021.0,2016.0
32011D0121,32006R1794,CITES,2011.0,2006.0
32011D0121,32009D0320,CITES,2011.0,2009.0
32011D0121,32010R0691,CITES,2011.0,2010.0
32011D0121,32009R1070,CITES,2011.0,2009.0
32025D0646,12016M028,BASED_ON,2025.0,2016.0
32025D0646,12016M031,BASED_ON,2025.0,2016.0
32024D3086,12016E207,BASED_ON,2024.0,2016.0
32024D3086,12016E218,BASED_ON,2024.0,2016.0
32024D3086,12016E194,BASED_ON,2024.0,2016.0
32009L0138R(12),32009L0138,CORRECTS,2009.0,2009.0
32010D0197,32010D0096,BASED_ON,2010.0,2010.0
32010D0197,12010M043,BASED_ON,2010.0,2010.0
32010D0197,12010M028,BASED_ON,2010.0,2010.0
32017R2015,32009L0138,BASED_ON,2017.0,2009.0
32010D0675,31998L0008,BASED_ON,2010.0,1998.0
32012L0027,12010E294,BASED_ON,2012.0,2010.0
32012L0027,12010E194,BASED_ON,2012.0,2010.0
32023D2740,12016M037,BASED_ON,2023.0,2016.0
32023D2740,12016E218,BASED_ON,2023.0,2016.0
31968R0421,11965F034,BASED_ON,1968.0,1965.0
32004D0327,31971R1408,BASED_ON,2004.0,1971.0
32004D0327,31972R0574,BASED_ON,2004.0,1972.0
32001D0696,31962R0017,BASED_ON,2001.0,1962.0
32022R2554R(02),32022R2554,CORRECTS,2022.0,2022.0
32009R1284R(01),32009R1284,CORRECTS,2009.0,2009.0
32014R1286R(02),32014R1286,CORRECTS,2014.0,2014.0
32009H1205(01),12006E152,BASED_ON,2009.0,2006.0
32023D1411,32012R1025,BASED_ON,2023.0,2012.0
32012R1219,12012E207,BASED_ON,2012.0,2012.0
32012R1219,12012E294,BASED_ON,2012.0,2012.0
32013R0608,12012E294,BASED_ON,2013.0,2012.0
32013R0608,12012E207,BASED_ON,2013.0,2012.0
32021L0338,12016E053,BASED_ON,2021.0,2016.0
32013R1303,12012E294,BASED_ON,2013.0,2012.0
32017R0746,12016E114,BASED_ON,2017.0,2016.0
32017R0746,12016E168,BASED_ON,2017.0,2016.0
32012R0640,32006R1907,BASED_ON,2012.0,2006.0
32006L0086,32004L0023,BASED_ON,2006.0,2004.0
32013R0519,12012J003,BASED_ON,2013.0,2012.0
32013R0519,12012J050,BASED_ON,2013.0,2012.0
32022D2354,12016M041,BASED_ON,2022.0,2016.0
32022D2354,12016M028,BASED_ON,2022.0,2016.0
32022D2432,12016M029,BASED_ON,2022.0,2016.0
32009L0138R(09),32009L0138,CORRECTS,2009.0,2009.0
32021R0453R(04),32021R0453,CORRECTS,2021.0,2021.0
31977L0312,11957E235,BASED_ON,1977.0,1957.0
31995R0540R(01),31995R0540,CORRECTS,1995.0,1995.0
32011D1011(02),12010E169,BASED_ON,2011.0,2010.0
32023D0310,12016E048,BASED_ON,2023.0,2016.0
32023D0310,12016E218,BASED_ON,2023.0,2016.0
32007A0802(02),11957A037,BASED_ON,2007.0,1957.0
32012D0925(03),32006R1907,BASED_ON,2012.0,2006.0
32006D0492,12002M025,BASED_ON,2006.0,2002.0
32006D0492,32006E0319,BASED_ON,2006.0,2006.0
32017R2177,32012L0034,BASED_ON,2017.0,2012.0
32017D0976,31996L0067,BASED_ON,2017.0,1996.0
32011D0659,32010D0330,BASED_ON,2011.0,2010.0
32011D0659,12010M038,BASED_ON,2011.0,2010.0
31998D0388,31996L0067,BASED_ON,1998.0,1996.0
31995D0354,31989R4064,BASED_ON,1995.0,1989.0
32024D3182,12016M029,BASED_ON,2024.0,2016.0
32015Q1224(01),12012E114,BASED_ON,2015.0,2012.0
32015D1141,12012M042,BASED_ON,2015.0,2012.0
32015D1141,12012E043,BASED_ON,2015.0,2012.0
32015D1141,12012M028,BASED_ON,2015.0,2012.0
31992L0042,11957E100A,BASED_ON,1992.0,1957.0
31992L0042,11957E149,BASED_ON,1992.0,1957.0
32023D1789,12016M038,BASED_ON,2023.0,2016.0
32023D1789,32022D2444,BASED_ON,2023.0,2022.0
32016R1710,12016E215,BASED_ON,2016.0,2016.0
32016R1710,32016D1711,BASED_ON,2016.0,2016.0
32023R1617,32016R1036,BASED_ON,2023.0,2016.0
31996D0177,31990L0388,CITES,1996.0,1990.0
31996D0177,11992E085,CITES,1996.0,1992.0
32016R1630R(01),32016R1630,CORRECTS,2016.0,2016.0
32020D0373R(01),32020D0373,CORRECTS,2020.0,2020.0
32023D0577,12016M041,BASED_ON,2023.0,2016.0
32023D0577,12016M030,BASED_ON,2023.0,2016.0
32023D0577,12016M042,BASED_ON,2023.0,2016.0
32023D0577,12016M028,BASED_ON,2023.0,2016.0
32013D0505,32006R1907,BASED_ON,2013.0,2006.0
32022D0339,12016M028,BASED_ON,2022.0,2016.0
32022D0339,12016M041,BASED_ON,2022.0,2016.0
32010D0424(12),32004R0883,BASED_ON,2010.0,2004.0
32014R0909R(01),32014R0909,CORRECTS,2014.0,2014.0
32016L0097R(03),32016L0097,CORRECTS,2016.0,2016.0
32014R0909R(03),32014R0909,CORRECTS,2014.0,2014.0
32011L0099,12010E294,BASED_ON,2011.0,2010.0
32011L0099,12010E082,BASED_ON,2011.0,2010.0
32009L0138,12006E251,BASED_ON,2009.0,2006.0
32009L0138,12006E047,BASED_ON,2009.0,2006.0
32009L0138,12006E055,BASED_ON,2009.0,2006.0
32014L0024,12012E062,BASED_ON,2014.0,2012.0
32014L0024,12012E053,BASED_ON,2014.0,2012.0
32014L0024,12012E114,BASED_ON,2014.0,2012.0
32019R1122,32003L0087,BASED_ON,2019.0,2003.0
32014R1348,32011R1227,BASED_ON,2014.0,2011.0
32024D1059,32022D2441,CITES,2024.0,2022.0
32024D1059,32010D0096,CITES,2024.0,2010.0
32024D1059,32013D0488,CITES,2024.0,2013.0
32025D0676,32013D1313,CITES,2025.0,2013.0
32025D0676,32022D1108,CITES,2025.0,2022.0
32025D0676,32024D0775,CITES,2025.0,2024.0
32017R0746R(01),32017R0746,CORRECTS,2017.0,2017.0
31994L0022R(01),31994L0022,CORRECTS,1994.0,1994.0
32007R0333,32004R0882,BASED_ON,2007.0,2004.0
32010R0913,12010E091,BASED_ON,2010.0,2010.0
32010R0913,12010E294,BASED_ON,2010.0,2010.0
32004L0024,12002E095,BASED_ON,2004.0,2002.0
32004L0024,12002E251,BASED_ON,2004.0,2002.0
32013R0141,32008R1338,BASED_ON,2013.0,2008.0
32019L0172,32011L0065,BASED_ON,2019.0,2011.0
32005L0029,12002E251,BASED_ON,2005.0,2002.0
32005L0029,12002E095,BASED_ON,2005.0,2002.0
32018R1881,32006R1907,BASED_ON,2018.0,2006.0
32021L2167R(01),32021L2167,CORRECTS,2021.0,2021.0
32021R0451R(08),32021R0451,CORRECTS,2021.0,2021.0
32008R1234R(01),32008R1234,CORRECTS,2008.0,2008.0
32006D0351R(01),32006D0351,CORRECTS,2006.0,2006.0
32013H0730(24)R(01),32013H0730(24),CORRECTS,2013.0,2013.0
31999D0832,11997E095,BASED_ON,1999.0,1997.0
32023R0706,12016E122,BASED_ON,2023.0,2016.0
32013H0730(24),31997R1466,BASED_ON,2013.0,1997.0
32013H0730(24),12012E121,BASED_ON,2013.0,2012.0
32013H0730(24),12012E136,BASED_ON,2013.0,2012.0
32013H0730(24),32011R1176,BASED_ON,2013.0,2011.0
32019D1184,32011R0211,BASED_ON,2019.0,2011.0
31998H0322,31997L0033,BASED_ON,1998.0,1997.0
32012L0034R(08),32012L0034,CORRECTS,2012.0,2012.0
32021D0069,12016E108,BASED_ON,2021.0,2016.0
32024R1808,31993R0315,BASED_ON,2024.0,1993.0
32019L0713,12016E083,BASED_ON,2019.0,2016.0
32018R1717,12016E114,BASED_ON,2018.0,2016.0
32018D0901,32017D2074,BASED_ON,2018.0,2017.0
32018D0901,12016M029,BASED_ON,2018.0,2016.0
32022R2038,12016E100,BASED_ON,2022.0,2016.0
32022R0229,32015L0849,BASED_ON,2022.0,2015.0
32017D0553,32013R0390,BASED_ON,2017.0,2013.0
32017D0553,32004R0549,BASED_ON,2017.0,2004.0
32006E0242,12002M015,BASED_ON,2006.0,2002.0
32017D0288,12016M029,BASED_ON,2017.0,2016.0
32023D1534,32021R0694,BASED_ON,2023.0,2021.0
32013D0255,12012M029,BASED_ON,2013.0,2012.0
32015D2290,32009L0138,BASED_ON,2015.0,2009.0
31993Y0106(01),31990L0388,CITES,1993.0,1990.0
31993Y0106(01),31990L0387,CITES,1993.0,1990.0
31991D0251,31990L0531,CITES,1991.0,1990.0
32023R1616,32021R0023,BASED_ON,2023.0,2021.0
32023R0155,12016E215,BASED_ON,2023.0,2016.0
32022D2244,12016M046,BASED_ON,2022.0,2016.0
32023D0162,12016M043,BASED_ON,2023.0,2016.0
32023D0162,12016M042,BASED_ON,2023.0,2016.0
32025L0001,12016E114,BASED_ON,2025.0,2016.0
32016D1137,12016M043,BASED_ON,2016.0,2016.0
32016D1137,12016M028,BASED_ON,2016.0,2016.0
32016D1137,12016M042,BASED_ON,2016.0,2016.0
32024D3096,12016M043,BASED_ON,2024.0,2016.0
32024D3096,12016M042,BASED_ON,2024.0,2016.0
32024R2788,32019R1009,BASED_ON,2024.0,2019.0
32017D1967,12016E218,BASED_ON,2017.0,2016.0
32017D1967,32012R0966,BASED_ON,2017.0,2012.0
32022R1171,32019R1009,BASED_ON,2022.0,2019.0
32014D0220R(01),32014D0220,CORRECTS,2014.0,2014.0
32006R1907R(07),32006R1907,CORRECTS,2006.0,2006.0
32017L1371,12016E083,BASED_ON,2017.0,2016.0
32006E0787,12002M015,BASED_ON,2006.0,2002.0
32021R0522R(02),32021R0522,CORRECTS,2021.0,2021.0
32014R0523,32013R0575,BASED_ON,2014.0,2013.0
32022L0275,32011L0065,BASED_ON,2022.0,2011.0
32014R0526,32013R0575,BASED_ON,2014.0,2013.0
32014D0294,12012M042,BASED_ON,2014.0,2012.0
32014D0294,12012M043,BASED_ON,2014.0,2012.0
32014D0294,12012M028,BASED_ON,2014.0,2012.0
32010R0600R(01),32010R0600,CORRECTS,2010.0,2010.0
31993R3604R(01),31993R3604,CORRECTS,1993.0,1993.0
32015R0500,32010R1094,CITES,2015.0,2010.0
32015R0500,32015R0035,CITES,2015.0,2015.0
32022R2360,32015L2366,BASED_ON,2022.0,2015.0
32023R1182,12016E168,BASED_ON,2023.0,2016.0
32023R1182,12016E114,BASED_ON,2023.0,2016.0
32014R0515,12012E294,BASED_ON,2014.0,2012.0
32019R1239,12016E100,BASED_ON,2019.0,2016.0
32009R0169,12006E083,BASED_ON,2009.0,2006.0
32003L0040,31980L0777,BASED_ON,2003.0,1980.0
31994D0424,11992E052,CITES,1994.0,1992.0
31994D0424,31988R4253,CITES,1994.0,1988.0
31994D0424,11992E030,CITES,1994.0,1992.0
31994D0424,11992E169,CITES,1994.0,1992.0
31994D0424,11992E059,CITES,1994.0,1992.0
31994D0424,11992E007,CITES,1994.0,1992.0
31994D0424,31977Q1231,CITES,1994.0,1977.0
32015D1333,12012M029,BASED_ON,2015.0,2012.0
32021O0835,12016M/PRO/04,BASED_ON,2021.0,2016.0
32021O0835,12016E127,BASED_ON,2021.0,2016.0
32021O0835,12016E/PRO/04,BASED_ON,2021.0,2016.0
32016R0425,12012E114,BASED_ON,2016.0,2012.0
32020R0736R(01),32020R0736,CORRECTS,2020.0,2020.0
32005R2073R(10),32005R2073,CORRECTS,2005.0,2005.0
32006R0907R(02),32006R0907,CORRECTS,2006.0,2006.0
32007D0257,12002E088,BASED_ON,2007.0,2002.0
32023D1410,32012R1025,BASED_ON,2023.0,2012.0
32020R1203,32019R1021,BASED_ON,2020.0,2019.0
32012H0724(01),12010E121,BASED_ON,2012.0,2010.0
32012H0724(01),12010E148,BASED_ON,2012.0,2010.0
32012H0724(01),31997R1466,BASED_ON,2012.0,1997.0
32024R1351,12016E078,BASED_ON,2024.0,2016.0
32024R1351,12016E079,BASED_ON,2024.0,2016.0
32012D0633,12010M029,BASED_ON,2012.0,2010.0
32018R1078,32009L0138,BASED_ON,2018.0,2009.0
32005D0456,12002E251,BASED_ON,2005.0,2002.0
32019R0699,32009L0138,BASED_ON,2019.0,2009.0
32013R1022,12012E114,BASED_ON,2013.0,2012.0
32013R1022,12012E294,BASED_ON,2013.0,2012.0
32009D0964R(01),32009D0964,CORRECTS,2009.0,2009.0
32009R1024R(02),32009R1024,CORRECTS,2009.0,2009.0
32021R1256R(01),32021R1256,CORRECTS,2021.0,2021.0
32013R0575R(03),32013R0575,CORRECTS,2013.0,2013.0
32019R2128R(01),32019R2128,CORRECTS,2019.0,2019.0
32017R0492,32004R0883,BASED_ON,2017.0,2004.0
32022D2351,32013D0034,BASED_ON,2022.0,2013.0
32022D2351,12016M038,BASED_ON,2022.0,2016.0
32002L0059,11997E251,BASED_ON,2002.0,1997.0
32002L0059,11997E080,BASED_ON,2002.0,1997.0
32025R0675,32016L0797,BASED_ON,2025.0,2016.0
32019D0792,32017D0262,BASED_ON,2019.0,2017.0
32013D0367,12012M042,BASED_ON,2013.0,2012.0
32013D0367,12012M028,BASED_ON,2013.0,2012.0
32013D0367,12012M043,BASED_ON,2013.0,2012.0
32024L2842,12016E079,BASED_ON,2024.0,2016.0
32025R0849,32014R0910,BASED_ON,2025.0,2014.0
32017R0735,32006R1907,BASED_ON,2017.0,2006.0
32016D2240,12016M043,BASED_ON,2016.0,2016.0
32016D2240,12016M028,BASED_ON,2016.0,2016.0
32016D2240,12016M042,BASED_ON,2016.0,2016.0
32024O2798,12016E/PRO/04,BASED_ON,2024.0,2016.0
32024O2798,12016E127,BASED_ON,2024.0,2016.0
32024O2798,12016M/PRO/04,BASED_ON,2024.0,2016.0
32023R1672,32009L0138,BASED_ON,2023.0,2009.0
32023R2055,32006R1907,BASED_ON,2023.0,2006.0
31998R2316,31970L0524,BASED_ON,1998.0,1970.0
32024R2492,32006R1907,BASED_ON,2024.0,2006.0
32014D0085,32007R1451,BASED_ON,2014.0,2007.0
32021R0379,31998R2533,BASED_ON,2021.0,1998.0
32021R0379,12016E/PRO/04,BASED_ON,2021.0,2016.0
32021R0379,12016M/PRO/04,BASED_ON,2021.0,2016.0
32011R1169,12010E294,BASED_ON,2011.0,2010.0
32011R1169,12010E114,BASED_ON,2011.0,2010.0
32021R0784,12016E114,BASED_ON,2021.0,2016.0
32023D1061,32022D2512,BASED_ON,2023.0,2022.0
32007D0597,31998L0008,BASED_ON,2007.0,1998.0
32021D1038,32008D0477,BASED_ON,2021.0,2008.0
32010D0212,12010M029,BASED_ON,2010.0,2010.0
32003D0500,32003E0423,BASED_ON,2003.0,2003.0
32003D0500,12002M025,BASED_ON,2003.0,2002.0
32006R0907R(01),32006R0907,CORRECTS,2006.0,2006.0
32005R2073R(12),32005R2073,CORRECTS,2005.0,2005.0
32021R0379R(02),32021R0379,CORRECTS,2021.0,2021.0
32019L0883,12016E100,BASED_ON,2019.0,2016.0
32019O0011,12016M/PRO/04,BASED_ON,2019.0,2016.0
32019O0011,12016E127,BASED_ON,2019.0,2016.0
32019O0011,12016E/PRO/04,BASED_ON,2019.0,2016.0
32014R0037,12012E207,BASED_ON,2014.0,2012.0
32014R0037,12012E294,BASED_ON,2014.0,2012.0
32024D2120,32017R0745,BASED_ON,2024.0,2017.0
32024D2120,32017R0746,BASED_ON,2024.0,2017.0
32024R2747,12016E114,BASED_ON,2024.0,2016.0
31999D0833,11997E095,BASED_ON,1999.0,1997.0
32022D2494,32004R0549,BASED_ON,2022.0,2004.0
32022R1455,32019R2033,BASED_ON,2022.0,2019.0
32021R1950,32009L0081,BASED_ON,2021.0,2009.0
32021D1145,32009L0103,BASED_ON,2021.0,2009.0
32022R0244,32019R2033,BASED_ON,2022.0,2019.0
32022D0550,12016E192,BASED_ON,2022.0,2016.0
32022D0550,12016E218,BASED_ON,2022.0,2016.0
32022D0215(01),32019R1122,BASED_ON,2022.0,2019.0
32022D0215(01),32003L0087,BASED_ON,2022.0,2003.0
32018R1807,12016E114,BASED_ON,2018.0,2016.0
32001R2580R(02),32001R2580,CORRECTS,2001.0,2001.0
32021R0697R(01),32021R0697,CORRECTS,2021.0,2021.0
32004L0024R(02),32004L0024,CORRECTS,2004.0,2004.0
32011L0024,12010E168,BASED_ON,2011.0,2010.0
32011L0024,12010E294,BASED_ON,2011.0,2010.0
32011L0024,12010E114,BASED_ON,2011.0,2010.0
32022D0137,12020W/TXT,BASED_ON,2022.0,2020.0
32020R0205,32004R0852,BASED_ON,2020.0,2004.0
32013D0195,32012D0243,BASED_ON,2013.0,2012.0
32019R0452,12016E207,BASED_ON,2019.0,2016.0
32019D0031,12016E/PRO/04,BASED_ON,2019.0,2016.0
32019D0031,12016M/PRO/04,BASED_ON,2019.0,2016.0
32019D0031,12016E127,BASED_ON,2019.0,2016.0
32022D0911,12016E127,BASED_ON,2022.0,2016.0
32022D0911,12016E/PRO/04,BASED_ON,2022.0,2016.0
32022D0911,12016M/PRO/04,BASED_ON,2022.0,2016.0
32021D1486,12016E/PRO/04,BASED_ON,2021.0,2016.0
32021D1486,12016M/PRO/04,BASED_ON,2021.0,2016.0
32018R0815,32013R0575,BASED_ON,2018.0,2013.0
32021L1047R(01),32021L1047,CORRECTS,2021.0,2021.0
32021D0088R(01),32021D0088,CORRECTS,2021.0,2021.0
32015L2366R(03),32015L2366,CORRECTS,2015.0,2015.0
32022D0338,12016M041,BASED_ON,2022.0,2016.0
32022D0338,12016M028,BASED_ON,2022.0,2016.0
32020D1472,12016E108,BASED_ON,2020.0,2016.0
32004L0035,12002E175,BASED_ON,2004.0,2002.0
32004L0035,12002E251,BASED_ON,2004.0,2002.0
32014R0525,32013R0575,BASED_ON,2014.0,2013.0
32021R2178R(02),32021R2178,CORRECTS,2021.0,2021.0
32021R0379R(01),32021R0379,CORRECTS,2021.0,2021.0
32014R0124R(01),32014R0124,CORRECTS,2014.0,2014.0
32013R0141R(01),32013R0141,CORRECTS,2013.0,2013.0
32015L0849R(03),32015L0849,CORRECTS,2015.0,2015.0
32023R2406,12016E215,BASED_ON,2023.0,2016.0
32024R2896,32023R1529,BASED_ON,2024.0,2023.0
31994R0933,31991L0414,BASED_ON,1994.0,1991.0
32023R2859,12016E114,BASED_ON,2023.0,2016.0
32024D1677,31998D0181,CITES,2024.0,1998.0
32024D2010,12016M021,CITES,2024.0,2016.0
32023D2481,32019R0123,CITES,2023.0,2019.0
32023D2481,32021R0116,CITES,2023.0,2021.0
32008R1332R(02),32008R1332,CORRECTS,2008.0,2008.0
32020D2252,12016E218,BASED_ON,2020.0,2016.0
32020D2252,12016E217,BASED_ON,2020.0,2016.0
32014D0119,12012M029,BASED_ON,2014.0,2012.0
32025D0494,12016M031,BASED_ON,2025.0,2016.0
32025D0494,12016M028,BASED_ON,2025.0,2016.0
32024D3155,12016M038,BASED_ON,2024.0,2016.0
32024D3155,32010D0452,BASED_ON,2024.0,2010.0
32020D2252R(03),32020D2252,CORRECTS,2020.0,2020.0
32023R0894R(01),32023R0894,CORRECTS,2023.0,2023.0
32022D2478,12016M029,BASED_ON,2022.0,2016.0
32019L0173,32011L0065,BASED_ON,2019.0,2011.0
32019L1023,12016E114,BASED_ON,2019.0,2016.0
32019L1023,12016E053,BASED_ON,2019.0,2016.0
32013D1313R(01),32013D1313,CORRECTS,2013.0,2013.0
32021R0453R(03),32021R0453,CORRECTS,2021.0,2021.0
32017R0745,12016E168,BASED_ON,2017.0,2016.0
32017R0745,12016E114,BASED_ON,2017.0,2016.0
32014R1011,32013R1303,BASED_ON,2014.0,2013.0
32016R1104,12016E081,BASED_ON,2016.0,2016.0
32018R1131,32006R1907,CITES,2018.0,2006.0
32012L0034R(02),32012L0034,CORRECTS,2012.0,2012.0
32000D0044,11997E213,BASED_ON,2000.0,1997.0
32000D0044,11951K009,BASED_ON,2000.0,1951.0
32000D0044,11957A126,BASED_ON,2000.0,1957.0
32004D0142,31990D0424,BASED_ON,2004.0,1990.0
31985R2137,11957E235,BASED_ON,1985.0,1957.0
31996L0067,11992E084,BASED_ON,1996.0,1992.0
31996L0067,11992E189C,BASED_ON,1996.0,1992.0
31994D0652,31993L0005,BASED_ON,1994.0,1993.0
32022L0274,32011L0065,BASED_ON,2022.0,2011.0
32009L0033,12006E175,BASED_ON,2009.0,2006.0
32019R0712,12016E100,BASED_ON,2019.0,2016.0
32015R0035R(02),32015R0035,CORRECTS,2015.0,2015.0
32017D2075,32012L0034,BASED_ON,2017.0,2012.0
32011R1227,12010E194,BASED_ON,2011.0,2010.0
32011R1227,12010E294,BASED_ON,2011.0,2010.0
32017D0939,12016E192,BASED_ON,2017.0,2016.0
32017D0939,12016E218,BASED_ON,2017.0,2016.0
32019R0933,12016E114,BASED_ON,2019.0,2016.0
32009L0119,12006E100,BASED_ON,2009.0,2006.0
32013R1306,12012E294,BASED_ON,2013.0,2012.0
32013R1306,12012E043,BASED_ON,2013.0,2012.0
32022R2474,12016E215,BASED_ON,2022.0,2016.0
32022R2474,32022D2478,BASED_ON,2022.0,2022.0
32006R1907R(08),32006R1907,CORRECTS,2006.0,2006.0
32014H0881R(01),32014H0881,CORRECTS,2014.0,2014.0
32014L0061R(02),32014L0061,CORRECTS,2014.0,2014.0
32017D1342,12016M042,BASED_ON,2017.0,2016.0
32017D1342,12016M043,BASED_ON,2017.0,2016.0
32017D1342,12016M028,BASED_ON,2017.0,2016.0
31986R4057R(02),31986R4057,CORRECTS,1986.0,1986.0
32012L0034R(05),32012L0034,CORRECTS,2012.0,2012.0
32017R1354R(01),32017R1354,CORRECTS,2017.0,2017.0
32024D2709,12016E189,BASED_ON,2024.0,2016.0
32024D2709,12016E218,BASED_ON,2024.0,2016.0
32024R1787,12016E192,BASED_ON,2024.0,2016.0
32009L0119R(02),32009L0119,CORRECTS,2009.0,2009.0
32022R2328,32013R0575,BASED_ON,2022.0,2013.0
32023D0990,12016E207,BASED_ON,2023.0,2016.0
32023D0990,12016E192,BASED_ON,2023.0,2016.0
32023D0990,12016E218,BASED_ON,2023.0,2016.0
32016D0849,12012M029,BASED_ON,2016.0,2012.0
32016D0789,12012E108,BASED_ON,2016.0,2012.0
32021D0173R(03),32021D0173,CORRECTS,2021.0,2021.0
32011L0076,12010E091,BASED_ON,2011.0,2010.0
32011L0076,12010E294,BASED_ON,2011.0,2010.0
32010R0276,32006R1907,BASED_ON,2010.0,2006.0
32016R1447,32009R0714,BASED_ON,2016.0,2009.0
31999L0002,11992E100A,BASED_ON,1999.0,1992.0
31999L0002,11992E189B,BASED_ON,1999.0,1992.0
32021D0506(01),32004R0883,BASED_ON,2021.0,2004.0
32009D0022,12006E207,BASED_ON,2009.0,2006.0
32009D0022,12006M028,BASED_ON,2009.0,2006.0
32010A0318(01),11957A037,BASED_ON,2010.0,1957.0
32005D0864,31994R0933,CITES,2005.0,1994.0
32023R0895R(01),32023R0895,CORRECTS,2023.0,2023.0
32002F0584R(03),32002F0584,CORRECTS,2002.0,2002.0
32019L2177R(01),32019L2177,CORRECTS,2019.0,2019.0
32015D0348,32004R0549,BASED_ON,2015.0,2004.0
32020R1423,32015L2366,BASED_ON,2020.0,2015.0
32019R1935,32016L0097,BASED_ON,2019.0,2016.0
31991D0403,61981CJ0322,CITES,1991.0,1981.0
31991D0403,31991D0251,CITES,1991.0,1991.0
31994D0706,31988R4253,CITES,1994.0,1988.0
31994D0706,11992E052,CITES,1994.0,1992.0
31994D0706,31977Q1231,CITES,1994.0,1977.0
31994D0706,11992E059,CITES,1994.0,1992.0
31994D0706,11992E169,CITES,1994.0,1992.0
31994D0706,11992E007,CITES,1994.0,1992.0
31994D0706,11992E030,CITES,1994.0,1992.0
31994D0706,11992E130R,CITES,1994.0,1992.0
31987H0371,31984H0549,CITES,1987.0,1984.0
31987H0371,31983L0189,CITES,1987.0,1983.0
31987H0371,31986L0361,CITES,1987.0,1986.0
31987H0371,31987D0095,CITES,1987.0,1987.0
32015R0035R(12),32015R0035,CORRECTS,2015.0,2015.0
32017R2401R(02),32017R2401,CORRECTS,2017.0,2017.0
32004L0027R(01),32004L0027,CORRECTS,2004.0,2004.0
32017R0776R(01),32017R0776,CORRECTS,2017.0,2017.0
32002L0058R(01),32002L0058,CORRECTS,2002.0,2002.0
31997E0288,11992MJ03,BASED_ON,1997.0,1992.0
32016L0097R(02),32016L0097,CORRECTS,2016.0,2016.0
32015R0035R(13),32015R0035,CORRECTS,2015.0,2015.0
32012L0034R(07),32012L0034,CORRECTS,2012.0,2012.0
32023R2691,32005R2111,BASED_ON,2023.0,2005.0
32024D0365,32020L2184,BASED_ON,2024.0,2020.0
32024R0371,31998L0083,BASED_ON,2024.0,1998.0
32023D2505,12016E207,BASED_ON,2023.0,2016.0
32023D2505,12016E218,BASED_ON,2023.0,2016.0
32014L0051R(05),32014L0051,CORRECTS,2014.0,2014.0
32008E0307,12006M014,BASED_ON,2008.0,2006.0
32021R2103,32019R0818,BASED_ON,2021.0,2019.0
32023D0208(02),32022R2576,BASED_ON,2023.0,2022.0
32023D0531(01),12016A106BIS,BASED_ON,2023.0,2016.0
32023D0531(01),12016E314,BASED_ON,2023.0,2016.0
32023D0531(01),32018R1046,BASED_ON,2023.0,2018.0
32008D0477R(01),32008D0477,CORRECTS,2008.0,2008.0
32014L0057,12012E294,BASED_ON,2014.0,2012.0
32023R2633,32017R1938,BASED_ON,2023.0,2017.0
32024D1715,12016M028,BASED_ON,2024.0,2016.0
32024D1715,12016M041,BASED_ON,2024.0,2016.0
32019D0785R(02),32019D0785,CORRECTS,2019.0,2019.0
32004D0739,12002M025,BASED_ON,2004.0,2002.0
32022D1908,12016M029,BASED_ON,2022.0,2016.0
32016D2360,12016M037,BASED_ON,2016.0,2016.0
32016D2360,12016E218,BASED_ON,2016.0,2016.0
32022R0612R(02),32022R0612,CORRECTS,2022.0,2022.0
32020D2188R(01),32020D2188,CORRECTS,2020.0,2020.0
32023D1059R(01),32023D1059,CORRECTS,2023.0,2023.0
32014L0053R(02),32014L0053,CORRECTS,2014.0,2014.0
32014H0729(26),12012E148,BASED_ON,2014.0,2012.0
32014H0729(26),32011R1176,BASED_ON,2014.0,2011.0
32014H0729(26),12012E121,BASED_ON,2014.0,2012.0
32014H0729(26),31997R1466,BASED_ON,2014.0,1997.0
32014R0600,12012E114,BASED_ON,2014.0,2012.0
32014R0600,12012E294,BASED_ON,2014.0,2012.0
31994D0687,11992E052,CITES,1994.0,1992.0
31994D0687,11992E007,CITES,1994.0,1992.0
31994D0687,31988R4253,CITES,1994.0,1988.0
31994D0687,11992E059,CITES,1994.0,1992.0
31994D0687,11992E169,CITES,1994.0,1992.0
31994D0687,11992E030,CITES,1994.0,1992.0
31994D0687,31977Q1231,CITES,1994.0,1977.0
31994D0687,11992E130R,CITES,1994.0,1992.0
31987R4070,11957E209,CITES,1987.0,1957.0
31987R4070,11957E206BIS,CITES,1987.0,1957.0
32016R0426,12012E114,BASED_ON,2016.0,2012.0
32013L0014,12012E053,BASED_ON,2013.0,2012.0
32013L0014,12012E294,BASED_ON,2013.0,2012.0
32009L0103,12006E251,BASED_ON,2009.0,2006.0
32009L0103,12006E095,BASED_ON,2009.0,2006.0
32019R0348,32014L0059,BASED_ON,2019.0,2014.0
32002D0748,31991L0414,BASED_ON,2002.0,1991.0
32025D0338,12016M029,BASED_ON,2025.0,2016.0
32023R2694,12016E215,BASED_ON,2023.0,2016.0
32013A0824(01),31998R2533,BASED_ON,2013.0,1998.0
32019R2023,12016E114,BASED_ON,2019.0,2016.0
32015R1972,32014R0223,BASED_ON,2015.0,2014.0
32016D1711,12016M029,BASED_ON,2016.0,2016.0
32023L2843,12016E082,BASED_ON,2023.0,2016.0
32023L2843,12016E081,BASED_ON,2023.0,2016.0
32022D0266R(01),32022D0266,CORRECTS,2022.0,2022.0
32006R1907R(13),32006R1907,CORRECTS,2006.0,2006.0
32023R2405,12016E100,BASED_ON,2023.0,2016.0
31989L0665,11957E100A,BASED_ON,1989.0,1957.0
31989L0665,11957E149,BASED_ON,1989.0,1957.0
32025D0435,12016M028,BASED_ON,2025.0,2016.0
32025D0435,12016M041,BASED_ON,2025.0,2016.0
32025D0632,32024R1620,BASED_ON,2025.0,2024.0
32024D1339,12016M029,BASED_ON,2024.0,2016.0
32024R2494,32023R1114,BASED_ON,2024.0,2023.0
32024R2571,32024R1157,BASED_ON,2024.0,2024.0
31975Y0705(03),31971R1408,BASED_ON,1975.0,1971.0
31975Y0705(03),31972R0574,BASED_ON,1975.0,1972.0
32015R0408,32009R1107,BASED_ON,2015.0,2009.0
32020R1740,32009R1107,BASED_ON,2020.0,2009.0
32024D2521,12016M041,BASED_ON,2024.0,2016.0
32024D2521,12016M028,BASED_ON,2024.0,2016.0
32023R2419,12016E043,BASED_ON,2023.0,2016.0
32023R2406,32015L0849,CITES,2023.0,2015.0
32023R2406,12016E/TXT,CITES,2023.0,2016.0
32023R2406,12016P007,CITES,2023.0,2016.0
32023R2406,12016P/TXT,CITES,2023.0,2016.0
32023R2406,32013R0575,CITES,2023.0,2013.0
32023R2406,12016M/TXT,CITES,2023.0,2016.0
32023R2406,32016R0679,CITES,2023.0,2016.0
32023R2841,12016E298,BASED_ON,2023.0,2016.0
32023R2841,12016A106BIS,BASED_ON,2023.0,2016.0
32024R2024,32020R1056,BASED_ON,2024.0,2020.0
32015D1055,32004R0549,BASED_ON,2015.0,2004.0
32011A1222(02),12010A037,BASED_ON,2011.0,2010.0
32022R0112,12016E114,BASED_ON,2022.0,2016.0
32022R0112,12016E168,BASED_ON,2022.0,2016.0
32015D0664,12012M038,BASED_ON,2015.0,2012.0
32024R1728,32013R0575,BASED_ON,2024.0,2013.0
32024R2570,32019R1021,BASED_ON,2024.0,2019.0
32024R2025,32020R1056,BASED_ON,2024.0,2020.0
32024R2000,32018L1972,BASED_ON,2024.0,2018.0
32025R0348,32004R0314,BASED_ON,2025.0,2004.0
32023R2534,32017R1369,BASED_ON,2023.0,2017.0
31996D0077,31991L0492,BASED_ON,1996.0,1991.0
32010R1094R(01),32010R1094,CORRECTS,2010.0,2010.0
32019L0882R(02),32019L0882,CORRECTS,2019.0,2019.0
32022R1032R(04),32022R1032,CORRECTS,2022.0,2022.0
32021R0695,12016E173,BASED_ON,2021.0,2016.0
32021R0695,12016E183,BASED_ON,2021.0,2016.0
32021R0695,12016E188,BASED_ON,2021.0,2016.0
32021R0695,12016E182,BASED_ON,2021.0,2016.0
32020R1056R(02),32020R1056,CORRECTS,2020.0,2020.0
32012A0612(01),12010A037,BASED_ON,2012.0,2010.0
32022R1929,32017R2402,BASED_ON,2022.0,2017.0
32003L0051,12002E044,BASED_ON,2003.0,2002.0
32003L0051,12002E251,BASED_ON,2003.0,2002.0
32004L0066,32003L0037,AMENDS,2004.0,2003.0
32004L0066,31999L0045,AMENDS,2004.0,1999.0
32004L0066,32002L0083,AMENDS,2004.0,2002.0
32004L0066,32003L0048,AMENDS,2004.0,2003.0
32004L0066,31991L0414,AMENDS,2004.0,1991.0
32004L0066,31977L0388,AMENDS,2004.0,1977.0
32004L0066,32003L0059,AMENDS,2004.0,2003.0
32004L0066,31996L0026,AMENDS,2004.0,1996.0
32012D0375,32011D0077,AMENDS,2012.0,2011.0
32021L1159,12016E113,BASED_ON,2021.0,2016.0
32024D1391,12016M029,BASED_ON,2024.0,2016.0
32024R0895,32014L0059,BASED_ON,2024.0,2014.0
31997D0544,31991L0263,BASED_ON,1997.0,1991.0
32024R1774,32022R2554,BASED_ON,2024.0,2022.0
32024D0789,12016E/PRO/21,BASED_ON,2024.0,2016.0
32024D0789,12016M/PRO/21,BASED_ON,2024.0,2016.0
32024R1328,32006R1907,BASED_ON,2024.0,2006.0
32020R2221,12016E177,BASED_ON,2020.0,2016.0
32020R2221,12016E322,BASED_ON,2020.0,2016.0
32021L0903,32009L0048,BASED_ON,2021.0,2009.0
32013L0048,12012E082,BASED_ON,2013.0,2012.0
32013L0048,12012E294,BASED_ON,2013.0,2012.0
31989L0117,11957E054,BASED_ON,1989.0,1957.0
31989L0117,11957E149,BASED_ON,1989.0,1957.0
31973Y0919(07),31972R0574,CITES,1973.0,1972.0
31973Y0919(07),31960D0217(08),CITES,1973.0,1960.0
31973Y0919(11),31972R0574,CITES,1973.0,1972.0
31973Y0919(11),31964D0331(02),CITES,1973.0,1964.0
31978D0154,11972B124,CITES,1978.0,1972.0
32023R2510,32009L0081,BASED_ON,2023.0,2009.0
32024D1980,12016M028,BASED_ON,2024.0,2016.0
32024D1980,12016M041,BASED_ON,2024.0,2016.0
32024D0459,32022D2481,BASED_ON,2024.0,2022.0
32004L0027R(05),32004L0027,CORRECTS,2004.0,2004.0
32014R1286R(04),32014R1286,CORRECTS,2014.0,2014.0
32010R0273,32005R2111,BASED_ON,2010.0,2005.0
32023D1217,12016M029,BASED_ON,2023.0,2016.0
32023D2408,32021D0689,CITES,2023.0,2021.0
32023R2783,32023R0915,CITES,2023.0,2023.0
32023R2783,32023R2782,CITES,2023.0,2023.0
32023R2783,32007R0333,CITES,2023.0,2007.0
32024D2840,12016M021,CITES,2024.0,2016.0
32008E0368,12006M014,BASED_ON,2008.0,2006.0
32020D0373,12016M029,BASED_ON,2020.0,2016.0
32025D0887,12016M029,BASED_ON,2025.0,2016.0
32019R2243,32005L0029,CITES,2019.0,2005.0
32019R2243,32019L0882,CITES,2019.0,2019.0
32019R2243,32016R0679,CITES,2019.0,2016.0
32016D0397,31998L0008,CITES,2016.0,1998.0
32016D0397,32006R1907,CITES,2016.0,2006.0
32022D1124(01),12016A/PRO/01,CITES,2022.0,2016.0
32022D1124(01),12016M/PRO/01,CITES,2022.0,2016.0
32022D1124(01),12016E/PRO/01,CITES,2022.0,2016.0
32018D1797R(01),32018D1797,CORRECTS,2018.0,2018.0
32019D1909R(01),32019D1909,CORRECTS,2019.0,2019.0
32020D1746R(01),32020D1746,CORRECTS,2020.0,2020.0
32014L0033,12012E114,BASED_ON,2014.0,2012.0
32014L0033,12012E294,BASED_ON,2014.0,2012.0
32013O0024,12012E/PRO/04,BASED_ON,2013.0,2012.0
32014L0035,12012E294,BASED_ON,2014.0,2012.0
32014L0035,12012E114,BASED_ON,2014.0,2012.0
32014L0029,12012E294,BASED_ON,2014.0,2012.0
32014L0029,12012E114,BASED_ON,2014.0,2012.0
32014L0030,12012E294,BASED_ON,2014.0,2012.0
32014L0030,12012E114,BASED_ON,2014.0,2012.0
32006D0203,32003D0148,BASED_ON,2006.0,2003.0
32006D0203,31972R0574,BASED_ON,2006.0,1972.0
32006D0203,31971R1408,BASED_ON,2006.0,1971.0
32006D0203,31994D0604,BASED_ON,2006.0,1994.0
32006D0203,32002D0154,BASED_ON,2006.0,2002.0
32018D0010(01)R(01),32018D0010(01),CORRECTS,2018.0,2018.0
32019L0882,12016E114,BASED_ON,2019.0,2016.0
32017R1485,32009R0714,BASED_ON,2017.0,2009.0
32011D1104,12010E294,BASED_ON,2011.0,2010.0
32014D0220,12012M043,BASED_ON,2014.0,2012.0
32014D0220,12012M042,BASED_ON,2014.0,2012.0
32019R0881,12016E114,BASED_ON,2019.0,2016.0
32022O0987,12016E127,BASED_ON,2022.0,2016.0
32022O0987,12016M/PRO/04,BASED_ON,2022.0,2016.0
32022O0987,12016E/PRO/04,BASED_ON,2022.0,2016.0
32019R0291,32009R1107,BASED_ON,2019.0,2009.0
32003R1831,12002E251,BASED_ON,2003.0,2002.0
32003R1831,12002E037,BASED_ON,2003.0,2002.0
32003R1831,12002E152,BASED_ON,2003.0,2002.0
31996D0172,31971R1408,BASED_ON,1996.0,1971.0
32010D0096R(02),32010D0096,CORRECTS,2010.0,2010.0
32014R1286R(06),32014R1286,CORRECTS,2014.0,2014.0
32013R0543,32009R0714,BASED_ON,2013.0,2009.0
32019L2177R(02),32019L2177,CORRECTS,2019.0,2019.0
32016L2102,12016E114,BASED_ON,2016.0,2016.0
32003D0777,31989R4064,BASED_ON,2003.0,1989.0
32022D1367,12016M029,BASED_ON,2022.0,2016.0
32014L0092R(01),32014L0092,CORRECTS,2014.0,2014.0
32022R0944,32017R0746,BASED_ON,2022.0,2017.0
32022D2410,12016E100,BASED_ON,2022.0,2016.0
32022D2410,12016E091,BASED_ON,2022.0,2016.0
32022D2410,12016E218,BASED_ON,2022.0,2016.0
32016R0054,32008R1331,BASED_ON,2016.0,2008.0
32023R1804,12016E091,BASED_ON,2023.0,2016.0
32014R0342R(01),32014R0342,CORRECTS,2014.0,2014.0
31997R2519,31986R4058,CITES,1997.0,1986.0
31997R2519,31986R4057,CITES,1997.0,1986.0
31997R2519,31986R4055,CITES,1997.0,1986.0
32002L0046,32000L0013,CITES,2002.0,2000.0
32002L0046,31999D0468,CITES,2002.0,1999.0
32023R1510,32014H0193,CITES,2023.0,2014.0
31999D0645,31989D0336,CITES,1999.0,1989.0
31999D0645,31973L0023,CITES,1999.0,1973.0
32022R1032R(02),32022R1032,CORRECTS,2022.0,2022.0
32024L1438,12016E043,BASED_ON,2024.0,2016.0
32007D0725,12006M025,BASED_ON,2007.0,2006.0
31998D0535,31998L0013,BASED_ON,1998.0,1998.0
32024L0790,12016E053,BASED_ON,2024.0,2016.0
32022R0025,32019R2033,BASED_ON,2022.0,2019.0
32021R0451,32013R0575,BASED_ON,2021.0,2013.0
32007D0724,12006M025,BASED_ON,2007.0,2006.0
32003D0752,32003D0751,BASED_ON,2003.0,2003.0
32000D0122,31996L0067,BASED_ON,2000.0,1996.0
32017D0758,12016E192,BASED_ON,2017.0,2016.0
32017D0758,12016E218,BASED_ON,2017.0,2016.0
32016L2370,12016E091,BASED_ON,2016.0,2016.0
32024D0817,32012R1025,BASED_ON,2024.0,2012.0
32024D2590,12016M038,BASED_ON,2024.0,2016.0
32024D2590,32023D1599,BASED_ON,2024.0,2023.0
32024R1739,12016E215,BASED_ON,2024.0,2016.0
32024R1469,32024D1470,BASED_ON,2024.0,2024.0
32024R1469,12016E215,BASED_ON,2024.0,2016.0
32024R2982,32014R0910,BASED_ON,2024.0,2014.0
32025D0381,12016E114,BASED_ON,2025.0,2016.0
32025D0381,12016E053,BASED_ON,2025.0,2016.0
32025D0381,12016E218,BASED_ON,2025.0,2016.0
32017D0899R(03),32017D0899,CORRECTS,2017.0,2017.0
32020D2252R(02),32020D2252,CORRECTS,2020.0,2020.0
32022D2241,12016M029,BASED_ON,2022.0,2016.0
32017R1800,32012R0648,BASED_ON,2017.0,2012.0
31980D0157,11957E,BASED_ON,1980.0,1957.0
31986Y0626(01),31972R0574,CITES,1986.0,1972.0
31986Y0626(01),31971R1408,CITES,1986.0,1971.0
31989Y0511(01),31987D0095,CITES,1989.0,1987.0
32001D0519,31989R4064,BASED_ON,2001.0,1989.0
32001D0432,31989R4064,BASED_ON,2001.0,1989.0
31987H0371R(01),31987H0371,CORRECTS,1987.0,1987.0
32023D0160,12016M029,BASED_ON,2023.0,2016.0
32022D2349,12016E218,BASED_ON,2022.0,2016.0
32022D2349,12016E114,BASED_ON,2022.0,2016.0
32023R1464,32006R1907,BASED_ON,2023.0,2006.0
32022D1972,12016M028,BASED_ON,2022.0,2016.0
32022D1972,12016M041,BASED_ON,2022.0,2016.0
32016R0583,32008R0216,BASED_ON,2016.0,2008.0
32015D0004,32013R0575,BASED_ON,2015.0,2013.0
32016R1375R(02),32016R1375,CORRECTS,2016.0,2016.0
32022D0266R(04),32022D0266,CORRECTS,2022.0,2022.0
32020D0414R(01),32020D0414,CORRECTS,2020.0,2020.0
32017D2380,12016E091,BASED_ON,2017.0,2016.0
32011D0505(01),32010L0040,BASED_ON,2011.0,2010.0
32024R0827,32014R0208,BASED_ON,2024.0,2014.0
32018D0943,12016M042,BASED_ON,2018.0,2016.0
32018D0943,12016M043,BASED_ON,2018.0,2016.0
32020R1230,32017R2402,BASED_ON,2020.0,2017.0
32023D2874,12016M029,BASED_ON,2023.0,2016.0
31998D0575,31998L0013,BASED_ON,1998.0,1998.0
32006D0730,12002E133,BASED_ON,2006.0,2002.0
32006D0730,12002E300,BASED_ON,2006.0,2002.0
32006D0730,12002E175,BASED_ON,2006.0,2002.0
31998D0543,31998L0013,BASED_ON,1998.0,1998.0
32023D0231,12016M028,BASED_ON,2023.0,2016.0
32023D0231,12016M041,BASED_ON,2023.0,2016.0
32025D0779,12016M029,BASED_ON,2025.0,2016.0
31997D0487,31991L0263,BASED_ON,1997.0,1991.0
32024D0815,32012R1025,BASED_ON,2024.0,2012.0
31986L0635,11957E054,BASED_ON,1986.0,1957.0
32025R0300,32023R1114,BASED_ON,2025.0,2023.0
32023D2692,12016E218,BASED_ON,2023.0,2016.0
32023D2692,12016E091,BASED_ON,2023.0,2016.0
32023D2669,32012R1025,BASED_ON,2023.0,2012.0
32007R0333R(01),32007R0333,CORRECTS,2007.0,2007.0
31999D0276,11992E189B,BASED_ON,1999.0,1992.0
32014D0386,12012M029,BASED_ON,2014.0,2012.0
32010D0096,12008M043,BASED_ON,2010.0,2008.0
32010D0096,12008M028,BASED_ON,2010.0,2008.0
32011H0719(01),12010E148,BASED_ON,2011.0,2010.0
32011H0719(01),31997R1466,BASED_ON,2011.0,1997.0
32011H0719(01),12010E121,BASED_ON,2011.0,2010.0
32011H0723(01),12010E121,BASED_ON,2011.0,2010.0
32011H0723(01),12010E148,BASED_ON,2011.0,2010.0
32011H0723(01),31997R1466,BASED_ON,2011.0,1997.0
32012H0724(10),12010E121,BASED_ON,2012.0,2010.0
32012H0724(10),31997R1466,BASED_ON,2012.0,1997.0
32012H0724(10),12010E148,BASED_ON,2012.0,2010.0
32016L0943,12012E114,BASED_ON,2016.0,2012.0
32024R1860,12016E168,BASED_ON,2024.0,2016.0
32024R1860,12016E114,BASED_ON,2024.0,2016.0
32006D0375,32003L0054,BASED_ON,2006.0,2003.0
32024L1275,12016E194,BASED_ON,2024.0,2016.0
32014O0060,12012E127,BASED_ON,2014.0,2012.0
32014O0060,12012E/PRO/04,BASED_ON,2014.0,2012.0
32021D0394,12016M029,BASED_ON,2021.0,2016.0
32022D0447,12016E/PRO/04,BASED_ON,2022.0,2016.0
32022D0447,12016M/PRO/04,BASED_ON,2022.0,2016.0
32008D0743(01),31991L0414,BASED_ON,2008.0,1991.0
32023R2175,32017R2402,BASED_ON,2023.0,2017.0
32023R0923,32006R1907,BASED_ON,2023.0,2006.0
32023D0927,12016M028,BASED_ON,2023.0,2016.0
32023D0927,12016M041,BASED_ON,2023.0,2016.0
32001D0718,31989R4064,BASED_ON,2001.0,1989.0
31999D0329,31962R0017,BASED_ON,1999.0,1962.0
32003D0792,31989R4064,BASED_ON,2003.0,1989.0
32022D0399,12016M029,BASED_ON,2022.0,2016.0
32015R0408,32006R1907,CITES,2015.0,2006.0
32020R1740,32012R0686,CITES,2020.0,2012.0
32020R1740,32006R1907,CITES,2020.0,2006.0
32015R2229,32004R0850,CITES,2015.0,2004.0
32015R2229,32006R1907,CITES,2015.0,2006.0
32015R2229,32009R1107,CITES,2015.0,2009.0
32014L0051R(04),32014L0051,CORRECTS,2014.0,2014.0
32015L0849R(02),32015L0849,CORRECTS,2015.0,2015.0
32017R2279R(02),32017R2279,CORRECTS,2017.0,2017.0
32022R0466,32014R0600,BASED_ON,2022.0,2014.0
32023R1113,12016E114,BASED_ON,2023.0,2016.0
32004D0732,12002M025,BASED_ON,2004.0,2002.0
32020R1149,32006R1907,BASED_ON,2020.0,2006.0
32019L2162,12016E114,BASED_ON,2019.0,2016.0
32024L1385,12016E083,BASED_ON,2024.0,2016.0
32024L1385,12016E082,BASED_ON,2024.0,2016.0
31992Y0625(01),11957E,BASED_ON,1992.0,1957.0
32024D1432,32022D2481,BASED_ON,2024.0,2022.0
32018R0105,32015L0849,BASED_ON,2018.0,2015.0
32017R2367,32009L0081,BASED_ON,2017.0,2009.0
32019D2113,12016M031,BASED_ON,2019.0,2016.0
32019D2113,12016M028,BASED_ON,2019.0,2016.0
32017D1210,32006R1907,BASED_ON,2017.0,2006.0
32017D0177,32010R0913,BASED_ON,2017.0,2010.0
32005L0082,12002E251,BASED_ON,2005.0,2002.0
32005L0082,12002E095,BASED_ON,2005.0,2002.0
32013D0048,32010R0407,BASED_ON,2013.0,2010.0
32023R1192,32021R0023,BASED_ON,2023.0,2021.0
32022R2058,32013R0575,BASED_ON,2022.0,2013.0
32006R0561,12002E071,BASED_ON,2006.0,2002.0
32006R0561,12002E251,BASED_ON,2006.0,2002.0
32013H0466,32007H0879,CITES,2013.0,2007.0
32013H0466,32002L0020,CITES,2013.0,2002.0
32013H0466,32002L0019,CITES,2013.0,2002.0
32023R2592,32020R1740,CITES,2023.0,2020.0
32023R2592,32017R0776,CITES,2023.0,2017.0
32023R2592,31991L0414,CITES,2023.0,1991.0
32023R2592,32018R0670,CITES,2023.0,2018.0
32023R2592,32019R0291,CITES,2023.0,2019.0
32023R2592,32012R0844,CITES,2023.0,2012.0
32002R1030,11997D/PRO/05,CITES,2002.0,1997.0
32002R1030,31995L0046,CITES,2002.0,1995.0
32002R1030,11997M017,CITES,2002.0,1997.0
32002R1030,31999D0468,CITES,2002.0,1999.0
32002R1030,31999D0437,CITES,2002.0,1999.0
32023R1718,32013R0575,BASED_ON,2023.0,2013.0
32019R2091,32013R0575,BASED_ON,2019.0,2013.0
32023R1608,32019R1021,BASED_ON,2023.0,2019.0
31998D0565,31972R0574,BASED_ON,1998.0,1972.0
31998D0565,31971R1408,BASED_ON,1998.0,1971.0
32000D0142,31971R1408,BASED_ON,2000.0,1971.0
32003D0148,31971R1408,BASED_ON,2003.0,1971.0
32003D0148,31998D0565,BASED_ON,2003.0,1998.0
32003D0148,31972R0574,BASED_ON,2003.0,1972.0
32003D0148,31994D0604,BASED_ON,2003.0,1994.0
32021Q0317(01),32013D0776,BASED_ON,2021.0,2013.0
32021Q0317(01),12016E249,BASED_ON,2021.0,2016.0
32020D1099,12016M038,BASED_ON,2020.0,2016.0
32022D2441,12016M042,BASED_ON,2022.0,2016.0
32022D2441,12016M043,BASED_ON,2022.0,2016.0
32023R2482,32006R1907,BASED_ON,2023.0,2006.0
32024R1923,32016R1036,BASED_ON,2024.0,2016.0
31998D0537,31998D0181,BASED_ON,1998.0,1998.0
31998D0537,11992E228,BASED_ON,1998.0,1992.0
31998D0537,11992E113,BASED_ON,1998.0,1992.0
32010R1095,12010E294,BASED_ON,2010.0,2010.0
32010R1095,12010E114,BASED_ON,2010.0,2010.0
32014R1318,32005R2111,BASED_ON,2014.0,2005.0
32011R1251,32004L0017,BASED_ON,2011.0,2004.0
32011R1251,32009L0081,BASED_ON,2011.0,2009.0
32011R1251,32004L0018,BASED_ON,2011.0,2004.0
32022R2370,12016E168,BASED_ON,2022.0,2016.0
32000Y0628(01),11997E248,BASED_ON,2000.0,1997.0
32000Y1002(01),11997E248,BASED_ON,2000.0,1997.0
32010R0365R(03),32010R0365,CORRECTS,2010.0,2010.0
32013R0431,12012E215,BASED_ON,2013.0,2012.0
32021R0249,32013R0575,BASED_ON,2021.0,2013.0
32009L0081R(01),32009L0081,CORRECTS,2009.0,2009.0
32024R2981,32014R0910,BASED_ON,2024.0,2014.0
32024R2995,32017R1938,BASED_ON,2024.0,2017.0
32024R0900,12016E016,BASED_ON,2024.0,2016.0
32024R0900,12016E114,BASED_ON,2024.0,2016.0
32023D2408,12016E218,BASED_ON,2023.0,2016.0
32023D2408,12016E113,BASED_ON,2023.0,2016.0
32025D0319,12016M038,BASED_ON,2025.0,2016.0
32025D0319,32023D0162,BASED_ON,2025.0,2023.0
32024D2840,12016M041,BASED_ON,2024.0,2016.0
32024D2840,12016M028,BASED_ON,2024.0,2016.0
31996E0408,11992MJ05,CITES,1996.0,1992.0
32000L0054,11997E251,BASED_ON,2000.0,1997.0
32023D2524,12016E108,BASED_ON,2023.0,2016.0
32014D0901,12012M029,BASED_ON,2014.0,2012.0
32014D0901,32013D0255,BASED_ON,2014.0,2013.0
32023R1193,32021R0023,BASED_ON,2023.0,2021.0
32022R1622,32013R0575,BASED_ON,2022.0,2013.0
32006L0038R(01),32006L0038,CORRECTS,2006.0,2006.0
32021D0689,12016E218,BASED_ON,2021.0,2016.0
32021D0689,12016E217,BASED_ON,2021.0,2016.0
32022L1631,32011L0065,BASED_ON,2022.0,2011.0
32022R2365,32013R0575,BASED_ON,2022.0,2013.0
32024D1213,12016E218,BASED_ON,2024.0,2016.0
32024D1213,12016E189,BASED_ON,2024.0,2016.0
32011R1295,32011D0706,BASED_ON,2011.0,2011.0
32022R0263,12016E215,BASED_ON,2022.0,2016.0
32022R0263,32022D0266,BASED_ON,2022.0,2022.0
32007D0256,12002E088,BASED_ON,2007.0,2002.0
31995M0570,31989R4064,BASED_ON,1995.0,1989.0
32018R1288,32017R2100,CITES,2018.0,2017.0
32024D2010,12016M041,BASED_ON,2024.0,2016.0
32024D2010,12016M028,BASED_ON,2024.0,2016.0
32023D2481,32004R0549,BASED_ON,2023.0,2004.0
31988H0611,31977H0714,CITES,1988.0,1977.0
31988H0611,31986Y1209(01),CITES,1988.0,1986.0
31998D0387,31996L0067,BASED_ON,1998.0,1996.0
32024D1511,12016E218,BASED_ON,2024.0,2016.0
32024D1511,12016E114,BASED_ON,2024.0,2016.0
32022L0287,32011L0065,BASED_ON,2022.0,2011.0
32022D2481,12016E173,BASED_ON,2022.0,2016.0
32015R1474,32004R0853,BASED_ON,2015.0,2004.0
32009D0363,31998D2119,BASED_ON,2009.0,1998.0
32021R1199,32006R1907,BASED_ON,2021.0,2006.0
32020D1127,12016M029,BASED_ON,2020.0,2016.0
32023R2444,32014L0053,BASED_ON,2023.0,2014.0
32024R1338,32024D1336,BASED_ON,2024.0,2024.0
32024R1338,12016E215,BASED_ON,2024.0,2016.0
32024D2496,12016M028,BASED_ON,2024.0,2016.0
32024D2496,12016M041,BASED_ON,2024.0,2016.0
32023R0840,32021R0023,BASED_ON,2023.0,2021.0
32006L0098,31977L0388,AMENDS,2006.0,1977.0
32006L0098,31990L0434,AMENDS,2006.0,1990.0
32006L0098,32003L0048,AMENDS,2006.0,2003.0
32025D0679,32012R1025,BASED_ON,2025.0,2012.0
32025D0069,32023D1599,BASED_ON,2025.0,2023.0
32025D0069,12016M038,BASED_ON,2025.0,2016.0
32024D3223,32022R0869,BASED_ON,2024.0,2022.0
31995D0419,31971R1408,BASED_ON,1995.0,1971.0
32006D0499,12002M025,BASED_ON,2006.0,2002.0
32006D0499,32006E0319,BASED_ON,2006.0,2006.0
32017D1793,12016E218,BASED_ON,2017.0,2016.0
32017D1793,12016E114,BASED_ON,2017.0,2016.0
32023R2419,32018R0848,CITES,2023.0,2018.0
32023R2419,32009R0767,CITES,2023.0,2009.0
32024D01459,32021R0694,CITES,2024.0,2021.0
32024D01459,32021R0695,CITES,2024.0,2021.0
32024D01459,32022D2481,CITES,2024.0,2022.0
32024D01459,32022R2065,CITES,2024.0,2022.0
32024D01459,32018R1046,CITES,2024.0,2018.0
32012R0260,32009R0924,AMENDS,2012.0,2009.0
32017R1145,31998R2316,AMENDS,2017.0,1998.0
32017R1145,32003R1334,AMENDS,2017.0,2003.0
32013L0030,12012E294,BASED_ON,2013.0,2012.0
32015R2013,32009L0138,BASED_ON,2015.0,2009.0
32015D1470,12012E108,BASED_ON,2015.0,2012.0
32023D0926(01),32018R1046,BASED_ON,2023.0,2018.0
32023D0926(01),12016E314,BASED_ON,2023.0,2016.0
32023D0926(01),12016A106BIS,BASED_ON,2023.0,2016.0
32015R0035R(03),32015R0035,CORRECTS,2015.0,2015.0
32010R0913R(02),32010R0913,CORRECTS,2010.0,2010.0
31962R0017,11957E089,CITES,1962.0,1957.0
31962R0017,11957E086,CITES,1962.0,1957.0
31962R0017,11957E085,CITES,1962.0,1957.0
32024D0742,32019R2175,CITES,2024.0,2019.0
32022R2036,12016E114,BASED_ON,2022.0,2016.0
32022D0765,32004R0549,BASED_ON,2022.0,2004.0
31999R2157,31998R2532,BASED_ON,1999.0,1998.0
32016R0055,32008R1331,BASED_ON,2016.0,2008.0
31997Y1122(02),31995Y0811(03),CITES,1997.0,1995.0
31997Y1122(02),31997Y0719(01),CITES,1997.0,1997.0
32015D0457,12012E352,BASED_ON,2015.0,2012.0
32015D0457,12012A203,BASED_ON,2015.0,2012.0
32022D0775,32004R0549,BASED_ON,2022.0,2004.0
32022D0764,32004R0549,BASED_ON,2022.0,2004.0
32022D0776,32004R0549,BASED_ON,2022.0,2004.0
32022D0773,32004R0549,BASED_ON,2022.0,2004.0
32011D0483,12010M028,BASED_ON,2011.0,2010.0
32011D0483,12010M043,BASED_ON,2011.0,2010.0
32018D2007,12016M042,BASED_ON,2018.0,2016.0
32018D2007,12016M043,BASED_ON,2018.0,2016.0
32015R0500,32009L0138,BASED_ON,2015.0,2009.0
32017D0178,32010R0913,BASED_ON,2017.0,2010.0
32009L0090,32000L0060,BASED_ON,2009.0,2000.0
31993D0247,31990L0531,CITES,1993.0,1990.0
31993D0247,31992L0013,CITES,1993.0,1992.0
31980D0157,31977D0455,CITES,1980.0,1977.0
32018R1903,32009R0767,AMENDS,2018.0,2009.0
32001A0306(01),11957A037,BASED_ON,2001.0,1957.0
32016D1353,32015D1835,BASED_ON,2016.0,2015.0
32016R0009,32006R1907,BASED_ON,2016.0,2006.0
32023R0736,32022R2578,BASED_ON,2023.0,2022.0
32004D0090,32003L0102,BASED_ON,2004.0,2003.0
32006L0042,12002E095,BASED_ON,2006.0,2002.0
32020R1224,32017R2402,BASED_ON,2020.0,2017.0
32020R1225,32017R2402,BASED_ON,2020.0,2017.0
32014R0165,12012E091,BASED_ON,2014.0,2012.0
32014R0165,12012E294,BASED_ON,2014.0,2012.0
32024D2396,12016M042,BASED_ON,2024.0,2016.0
32024D2396,12016M043,BASED_ON,2024.0,2016.0
32008E0588,12006M014,BASED_ON,2008.0,2006.0
32012D0226,32004L0049,BASED_ON,2012.0,2004.0
32018D1611,12016M029,BASED_ON,2018.0,2016.0
32014R0654,12012E207,BASED_ON,2014.0,2012.0
32014R0654,12012E294,BASED_ON,2014.0,2012.0
32019R0630,12016E114,BASED_ON,2019.0,2016.0
32023R0066,32021R0821,BASED_ON,2023.0,2021.0
32016R0178,32008R1331,BASED_ON,2016.0,2008.0
32023R0511,32013R0575,BASED_ON,2023.0,2013.0
32022R1930,32014R0909,BASED_ON,2022.0,2014.0
32015R2012,32010R1094,CITES,2015.0,2010.0
32023D1532,32022D2432,CITES,2023.0,2022.0
32023D1532,32014R0833,CITES,2023.0,2014.0
32023D1532,32023D0432,CITES,2023.0,2023.0
32023D1532,32014D0512,CITES,2023.0,2014.0
32023D1532,32021R0821,CITES,2023.0,2021.0
32016R0005,32008R0216,BASED_ON,2016.0,2008.0
32000L0060,11997E251,BASED_ON,2000.0,1997.0
32016Y0722(01),32013R0575,BASED_ON,2016.0,2013.0
32016Y0722(01),32010R1093,BASED_ON,2016.0,2010.0
32021L1980,32011L0065,BASED_ON,2021.0,2011.0
32014L0059,12012E294,BASED_ON,2014.0,2012.0
32014L0059,12012E114,BASED_ON,2014.0,2012.0
31996E0668,11992MJ03,BASED_ON,1996.0,1992.0
31996E0668,11992MK03,BASED_ON,1996.0,1992.0
32015D0800,12012M042,BASED_ON,2015.0,2012.0
32015D0800,12012M028,BASED_ON,2015.0,2012.0
32015D0800,12012M043,BASED_ON,2015.0,2012.0
32021Y0723(01),32010R1093,BASED_ON,2021.0,2010.0
32021Y0723(01),32013R0575,BASED_ON,2021.0,2013.0
32016D0288,12012E108,BASED_ON,2016.0,2012.0
32011H0442,31995L0046,CITES,2011.0,1995.0
32011H0442,32007L0064,CITES,2011.0,2007.0
32011H0442,32005L0060,CITES,2011.0,2005.0
32006D0351,31971R1408,BASED_ON,2006.0,1971.0
32022D2356,12016M028,BASED_ON,2022.0,2016.0
32022D2356,12016M041,BASED_ON,2022.0,2016.0
32000Y1014(03),31993L0042,BASED_ON,2000.0,1993.0
32008R0271,31999R0659,BASED_ON,2008.0,1999.0
32004R0794,31999R0659,BASED_ON,2004.0,1999.0
32017R2401,12016E114,BASED_ON,2017.0,2016.0
32024D1063,12016M028,BASED_ON,2024.0,2016.0
32024D1063,12016M041,BASED_ON,2024.0,2016.0
32016D0120,32012R1025,BASED_ON,2016.0,2012.0
32015R0909,32012L0034,BASED_ON,2015.0,2012.0
32003D0288,31999L0062,BASED_ON,2003.0,1999.0
32023R2765,32001R2580,BASED_ON,2023.0,2001.0
32025D02772,32006R1907,BASED_ON,2025.0,2006.0
31999Y0409(03),11957A037,BASED_ON,1999.0,1957.0
32014R0596,32010L0078,AMENDS,2014.0,2010.0
31986A0537,11957E,BASED_ON,1986.0,1957.0
32019R1163,32004R0314,AMENDS,2019.0,2004.0
32019R1163,32011R0101,AMENDS,2019.0,2011.0
32019R1163,32001R2580,AMENDS,2019.0,2001.0
32019R1163,32009R1284,AMENDS,2019.0,2009.0
32019R1163,32014R0208,AMENDS,2019.0,2014.0
32019R1163,32014R0269,AMENDS,2019.0,2014.0
32019R1163,32014R0833,AMENDS,2019.0,2014.0
32019R1163,32012R0267,AMENDS,2019.0,2012.0
32019R1163,32003R0147,AMENDS,2019.0,2003.0
32019R1163,32002R0881,AMENDS,2019.0,2002.0
32015L0565,32006L0086,AMENDS,2015.0,2006.0
32023R0410,32015L0849,BASED_ON,2023.0,2015.0
32022R2059,32013R0575,BASED_ON,2022.0,2013.0
32013R0575,32012R0648,AMENDS,2013.0,2012.0
32017R2402,32009L0065,AMENDS,2017.0,2009.0
32017R2402,32012R0648,AMENDS,2017.0,2012.0
32017R2402,32009L0138,AMENDS,2017.0,2009.0
32014L0034,32012R1025,AMENDS,2014.0,2012.0
32014L0034,32003R1882,AMENDS,2014.0,2003.0
32014L0032,32012R1025,AMENDS,2014.0,2012.0
32024D1470,12016M029,BASED_ON,2024.0,2016.0
32015R0628,32006R1907,BASED_ON,2015.0,2006.0
32022R2371,12016E168,BASED_ON,2022.0,2016.0
32023D0468,32018L1972,BASED_ON,2023.0,2018.0
32016L1164,12016E115,BASED_ON,2016.0,2016.0
32003H0878,12002E152,BASED_ON,2003.0,2002.0
32000Y0209(01),11957A037,BASED_ON,2000.0,1957.0
31999H0519,11997E152,BASED_ON,1999.0,1997.0
31992D0146,31990L0220,BASED_ON,1992.0,1990.0
32011D0005(01),32008D0017,CITES,2011.0,2008.0
32011D0005(01),32009D0006(01),CITES,2011.0,2009.0
32011D0005(01),32004L0018,CITES,2011.0,2004.0
31999D0834,11997E095,BASED_ON,1999.0,1997.0
31999D0835,11997E095,BASED_ON,1999.0,1997.0
32014R0912,32012R0966,CITES,2014.0,2012.0
32014R0912,32012R1219,CITES,2014.0,2012.0
32011R0328,32001R0045,CITES,2011.0,2001.0
32011R0328,32009R0223,CITES,2011.0,2009.0
32019R2021,12016E114,BASED_ON,2019.0,2016.0
32024R1689,12016E114,BASED_ON,2024.0,2016.0
32024R1689,12016E016,BASED_ON,2024.0,2016.0
32000R1896,31998L0008,BASED_ON,2000.0,1998.0
31997D0865,31991L0414,BASED_ON,1997.0,1991.0
32022R0328,12016E215,BASED_ON,2022.0,2016.0
32023D2582,12016E218,BASED_ON,2023.0,2016.0
32023D2582,12016E091,BASED_ON,2023.0,2016.0
32018R1129,32006R1907,CITES,2018.0,2006.0
32023R2485,32021R1119,CITES,2023.0,2021.0
32023R2485,32021R2178,CITES,2023.0,2021.0
32023R2485,32023R1805,CITES,2023.0,2023.0
32023R2485,32016L0797,CITES,2023.0,2016.0
32023R2485,32006R1893,CITES,2023.0,2006.0
32023R2485,32018R1139,CITES,2023.0,2018.0
32024D0460,12016M029,BASED_ON,2024.0,2016.0
31962R0017,11957E087,BASED_ON,1962.0,1957.0
32024D0742,32010R1093,BASED_ON,2024.0,2010.0
31985D0535,31984R1890,BASED_ON,1985.0,1984.0
31985D0534,31984R1890,BASED_ON,1985.0,1984.0
31991D0403,31989R4064,BASED_ON,1991.0,1989.0
31994D0706,31993R0792,BASED_ON,1994.0,1993.0
31987H0371,11957E235,BASED_ON,1987.0,1957.0
32021R0654,32009H0396,CITES,2021.0,2009.0
32020R1228,32020R1230,CITES,2020.0,2020.0
32020R1228,32009L0065,CITES,2020.0,2009.0
32020R1228,32010R1095,CITES,2020.0,2010.0
32002R1687,32000R1896,CITES,2002.0,2000.0
32015A1031(01),12012A037,BASED_ON,2015.0,2012.0
32025D0893,32012R1025,BASED_ON,2025.0,2012.0
31991D0251,31989R4064,BASED_ON,1991.0,1989.0
32021R1119,12016E192,BASED_ON,2021.0,2016.0
32015R0488,32013R0575,BASED_ON,2015.0,2013.0
32021D0512(01),32006R1907,BASED_ON,2021.0,2006.0
32023D0457,12016M029,BASED_ON,2023.0,2016.0
32024D1738,12016M029,BASED_ON,2024.0,2016.0
32020O1690,32014O0060,AMENDS,2020.0,2014.0
31958D1127(01),11957E153,BASED_ON,1958.0,1957.0
31958D1127(01),11957E083,BASED_ON,1958.0,1957.0
32021R0236,32012R0648,BASED_ON,2021.0,2012.0
32007H0196,12006E211,BASED_ON,2007.0,2006.0
32008D0146,12006E095,BASED_ON,2008.0,2006.0
32008D0146,12006E300,BASED_ON,2008.0,2006.0
32018L1673,12016E083,BASED_ON,2018.0,2016.0
32003D0315(01),32003E0092,BASED_ON,2003.0,2003.0
32022D2318,12016M042,BASED_ON,2022.0,2016.0
32022D2318,12016M043,BASED_ON,2022.0,2016.0
32023R0130,32021R2115,BASED_ON,2023.0,2021.0
31997Y0304(01),31971R1408,BASED_ON,1997.0,1971.0
32014L0091,32009L0065,AMENDS,2014.0,2009.0
32003R0001,31962R0017,AMENDS,2003.0,1962.0
32003R0001,31991R1534,AMENDS,2003.0,1991.0
32003R0001,31968R1017,AMENDS,2003.0,1968.0
32020R2223,32013R0883,AMENDS,2020.0,2013.0
32022D2332,12016E083,BASED_ON,2022.0,2016.0
32022D2199,12016E091,BASED_ON,2022.0,2016.0
32022D2199,12016E218,BASED_ON,2022.0,2016.0
32022D2199,12016E100,BASED_ON,2022.0,2016.0
32024D1455,12016M041,BASED_ON,2024.0,2016.0
32024D1455,12016M028,BASED_ON,2024.0,2016.0
32024D1794,12016M041,BASED_ON,2024.0,2016.0
32024D1794,12016M028,BASED_ON,2024.0,2016.0
32023D2487,12016M029,BASED_ON,2023.0,2016.0
32024D04431,32010D0427,BASED_ON,2024.0,2010.0
32000D0299,31999L0005,BASED_ON,2000.0,1999.0
32024D1981,32001D0079,BASED_ON,2024.0,2001.0
32024D1981,12016E240,BASED_ON,2024.0,2016.0
32000Y1014(07),31962R0017,BASED_ON,2000.0,1962.0
31992Y0723(01),11957E100A,CITES,1992.0,1957.0
31994Y0427(01),31993Y0120(03),CITES,1994.0,1993.0
31994D0694,31993R0792,BASED_ON,1994.0,1993.0
32025D0264,32010L0040,BASED_ON,2025.0,2010.0
32024R1772,32022R2554,BASED_ON,2024.0,2022.0
32025R0295,32022R2554,BASED_ON,2025.0,2022.0
32004D0145,32004R0156,CITES,2004.0,2004.0
32004D0145,31999R1258,CITES,2004.0,1999.0
31992Y1204(02),11957E,BASED_ON,1992.0,1957.0
32020L2184,32015L1787,REPEALS,2020.0,2015.0
32020L2184,31998L0083,REPEALS,2020.0,1998.0
32017R1131,12016E114,BASED_ON,2017.0,2016.0
32022R2577,12016E122,BASED_ON,2022.0,2016.0
32023D0598,12016M028,BASED_ON,2023.0,2016.0
32022D2355,12016M041,BASED_ON,2022.0,2016.0
32022D2355,12016M028,BASED_ON,2022.0,2016.0
31993D0247,31989R4064,BASED_ON,1993.0,1989.0
31993Y0420(01),11957E,BASED_ON,1993.0,1957.0
32023D0920,12016M041,BASED_ON,2023.0,2016.0
32023D0920,12016M028,BASED_ON,2023.0,2016.0
32022D1002,12016E194,BASED_ON,2022.0,2016.0
32022D1002,12016E218,BASED_ON,2022.0,2016.0
32023R0449,32014R0208,BASED_ON,2023.0,2014.0
32021R2115,32013R1305,REPEALS,2021.0,2013.0
32014R0037,31996R2271,AMENDS,2014.0,1996.0
31991H0288,11957E235,BASED_ON,1991.0,1957.0
31993Y0420(01),31992Y0723(01),CITES,1993.0,1992.0
31985D0528,31983L0643,CITES,1985.0,1983.0
31985D0528,31978D0174,CITES,1985.0,1978.0
31994D0573,31993S3632,BASED_ON,1994.0,1993.0
32023D0599,12016M041,BASED_ON,2023.0,2016.0
32023D0599,12016M028,BASED_ON,2023.0,2016.0
32019R1390,32006R1907,BASED_ON,2019.0,2006.0
32019D0668,32006D0730,CITES,2019.0,2006.0
32014R1317,32014R0591,CITES,2014.0,2014.0
31978Y0607(01),11957E,BASED_ON,1978.0,1957.0
32007D0597,32003R2032,CITES,2007.0,2003.0
32021D1038,32020D0636,CITES,2021.0,2020.0
32010D0212,32006E0419,CITES,2010.0,2006.0
32010D0212,32005E0329,CITES,2010.0,2005.0
32010D0212,32008E0368,CITES,2010.0,2008.0
32010D0212,32008E0588,CITES,2010.0,2008.0
32010D0212,32008E0314,CITES,2010.0,2008.0
32021R0249,32015R2197,AMENDS,2021.0,2015.0
31994Y0617(01),11992E,BASED_ON,1994.0,1992.0
32024D1688,32004R0549,BASED_ON,2024.0,2004.0
31984H0549,11957E235,BASED_ON,1984.0,1957.0
32007D0711,12006M/PRO/05,CITES,2007.0,2006.0
31990H0543,11957E235,BASED_ON,1990.0,1957.0
32008E0588,32006E0243,CITES,2008.0,2006.0
32012D0226,32009D0460,CITES,2012.0,2009.0
32017R0746,32011L0100,IMPLICITLY_REPEALS,2017.0,2011.0
31992Y0723(01),11957E,BASED_ON,1992.0,1957.0
31988H0611,11957E235,BASED_ON,1988.0,1957.0
32019R1700,32008R1338,AMENDS,2019.0,2008.0
31984R1890,11957E235,BASED_ON,1984.0,1957.0
32014R0912,12012E207,BASED_ON,2014.0,2012.0
32014R0912,12012E294,BASED_ON,2014.0,2012.0
32011R0328,32008R1338,BASED_ON,2011.0,2008.0
32017R0812,32009L0138,BASED_ON,2017.0,2009.0
32015D0004,32014R0680,CITES,2015.0,2014.0
32015D0004,32014R0241,CITES,2015.0,2014.0
32019R2175,12016E114,BASED_ON,2019.0,2016.0
32009D0010,31996L0082,BASED_ON,2009.0,1996.0
31993M0331,31989R4064,BASED_ON,1993.0,1989.0
31974H0165,11957E155,BASED_ON,1974.0,1957.0
32006D0951,12002E088,BASED_ON,2006.0,2002.0
32016D2360,12016M/PRO/22,CITES,2016.0,2016.0
32016D2360,12016M042,CITES,2016.0,2016.0
32016D2360,12016E/PRO/22,CITES,2016.0,2016.0
32016D2360,12016M041,CITES,2016.0,2016.0
32011L0092,31985L0337,REPEALS,2011.0,1985.0
32009D0363,32000D0096,CITES,2009.0,2000.0
32021R0775,32015R2447,CITES,2021.0,2015.0
32021R0775,32020D2252,CITES,2021.0,2020.0
32024R0896,32016L0097,AMENDS,2024.0,2016.0
32023D2498,32017D2074,AMENDS,2023.0,2017.0
32024R3005,32023R2859,AMENDS,2024.0,2023.0
32024R1252,32018R0858,AMENDS,2024.0,2018.0
32024R1252,32019R1020,AMENDS,2024.0,2019.0
32014R0240,32013R1303,BASED_ON,2014.0,2013.0
32023R0370,32021R2115,BASED_ON,2023.0,2021.0
32023D2426,12016E192,BASED_ON,2023.0,2016.0
32023D2426,12016E218,BASED_ON,2023.0,2016.0
32023R2675,12016E207,BASED_ON,2023.0,2016.0
31989D0630,11957E116,BASED_ON,1989.0,1957.0
31994D0414,31993R0792,BASED_ON,1994.0,1993.0
31999D0494,11997E213,BASED_ON,1999.0,1997.0
31999D0494,11957A126,BASED_ON,1999.0,1957.0
31999D0494,11951K009,BASED_ON,1999.0,1951.0
32023D0920,32021D2134,CITES,2023.0,2021.0
32023D0920,12016M021,CITES,2023.0,2016.0
32022D1002,31998D0181,CITES,2022.0,1998.0
31994D0424,31993R0792,BASED_ON,1994.0,1993.0
32014R0513,32007D0125,REPEALS,2014.0,2007.0
31993Y0106(01),11957E,BASED_ON,1993.0,1957.0
31991Y1214(01),11957E,BASED_ON,1991.0,1957.0
32024L1785,31999L0031,AMENDS,2024.0,1999.0
32015L1535,32012R1025,AMENDS,2015.0,2012.0
32023R1214,32014R0833,AMENDS,2023.0,2014.0
32011D0846,32009D0369,AMENDS,2011.0,2009.0
31973Y0919(07),31971R1408,BASED_ON,1973.0,1971.0
31973Y0919(11),31971R1408,BASED_ON,1973.0,1971.0
31978D0154,11957E108,BASED_ON,1978.0,1957.0
32021R0694,32015D2240,REPEALS,2021.0,2015.0
32016L2341,32003L0041,REPEALS,2016.0,2003.0
31985D0527,31978D0174,CITES,1985.0,1978.0
31985D0527,31983L0643,CITES,1985.0,1983.0
32013R0575,12012E114,BASED_ON,2013.0,2012.0
32013R0575,12012E294,BASED_ON,2013.0,2012.0
32017R2402,12016E114,BASED_ON,2017.0,2016.0
32014L0034,12012E294,BASED_ON,2014.0,2012.0
32014L0034,12012E114,BASED_ON,2014.0,2012.0
32014L0032,12012E114,BASED_ON,2014.0,2012.0
32014L0032,12012E294,BASED_ON,2014.0,2012.0
31983H0419,11957E,BASED_ON,1983.0,1957.0
32009R0767,31979L0373,REPEALS,2009.0,1979.0
32009R0767,31970L0524,REPEALS,2009.0,1970.0
32009R0767,31993L0113,REPEALS,2009.0,1993.0
32009R0767,31980L0511,REPEALS,2009.0,1980.0
32009R0767,31982L0471,REPEALS,2009.0,1982.0
32009R0767,31993L0074,REPEALS,2009.0,1993.0
32009R0767,31983L0228,REPEALS,2009.0,1983.0
32009R0767,32004D0217,REPEALS,2009.0,2004.0
32009R0767,31996L0025,REPEALS,2009.0,1996.0
32012D0462,32002D0730,REPEALS,2012.0,2002.0
32009R1107,31991L0414,REPEALS,2009.0,1991.0
32018R1139,32004R0552,REPEALS,2018.0,2004.0
32018R1139,32008R0216,REPEALS,2018.0,2008.0
32023R2485,32021R2139,AMENDS,2023.0,2021.0
32015A1127(01),12012A037,BASED_ON,2015.0,2012.0
31994D0211,31990L0220,BASED_ON,1994.0,1990.0
31994D0718,31993R0792,BASED_ON,1994.0,1993.0
32023L2864,32019L2162,AMENDS,2023.0,2019.0
32023L2864,32004L0025,AMENDS,2023.0,2004.0
32023L2864,32009L0065,AMENDS,2023.0,2009.0
32023L2864,32019L2034,AMENDS,2023.0,2019.0
32023L2864,32016L2341,AMENDS,2023.0,2016.0
32023L2864,32007L0036,AMENDS,2023.0,2007.0
32023L2864,32016L0097,AMENDS,2023.0,2016.0
32023L2864,32009L0138,AMENDS,2023.0,2009.0
32023L2864,32014L0059,AMENDS,2023.0,2014.0
32013R1303,32006R1083,REPEALS,2013.0,2006.0
32017R0746,32010D0227,REPEALS,2017.0,2010.0
32017R0746,31998L0079,REPEALS,2017.0,1998.0
31990H0143,11957A033,BASED_ON,1990.0,1957.0
31990D0456,11957E090,BASED_ON,1990.0,1957.0
32016R0425,32003R1882,IMPLICITLY_REPEALS,2016.0,2003.0
32019R2124,32011R0142,AMENDS,2019.0,2011.0
32014L0025,32009R1177,IMPLICITLY_REPEALS,2014.0,2009.0
32024R3015,32019L1937,AMENDS,2024.0,2019.0
32014D0930(01),32009D0713(01),AMENDS,2014.0,2009.0
32012R0151,32004R0314,AMENDS,2012.0,2004.0
31981D0375,31975R1798,BASED_ON,1981.0,1975.0
31981D0375,31979R2784,BASED_ON,1981.0,1979.0
32018L1972,32002L0021,REPEALS,2018.0,2002.0
32018L1972,32002L0019,REPEALS,2018.0,2002.0
32018L1972,32009R0544,REPEALS,2018.0,2009.0
32018L1972,32002L0020,REPEALS,2018.0,2002.0
32018L1972,32007R0717,REPEALS,2018.0,2007.0
32018L1972,32012D0243,REPEALS,2018.0,2012.0
32018L1972,32002L0022,REPEALS,2018.0,2002.0
32018L1972,32009L0140,REPEALS,2018.0,2009.0
32021R1257,32017R2359,AMENDS,2021.0,2017.0
31999M1349,31989R4064,BASED_ON,1999.0,1989.0
31995Y1230(03),11992E,BASED_ON,1995.0,1992.0
31985D0530,31978D0174,CITES,1985.0,1978.0
31985D0530,31983L0643,CITES,1985.0,1983.0
31985D0523,31978D0174,CITES,1985.0,1978.0
31985D0523,31983L0643,CITES,1985.0,1983.0
31985D0524,31978D0174,CITES,1985.0,1978.0
31985D0524,31983L0643,CITES,1985.0,1983.0
32005L0029,31997L0007,AMENDS,2005.0,1997.0
32005L0029,32004R2006,AMENDS,2005.0,2004.0
32018R1881,32006R1907,AMENDS,2018.0,2006.0
32022D2356,12016M021,CITES,2022.0,2016.0
32022R0504,32016R0445,AMENDS,2022.0,2016.0
32014D0220,32013D0034,AMENDS,2014.0,2013.0
32017R1354R(01),32017R1354,DOES_REPLACEMENT,2017.0,2017.0
32001D0937,32001A0306(01),AMENDS,2001.0,2001.0
31994D0687,31993R0792,BASED_ON,1994.0,1993.0
31987R4070,11957E075,BASED_ON,1987.0,1957.0
32017R1800R(01),32017R1800,DOES_REPLACEMENT,2017.0,2017.0
31999Y1126(02),11957A037,BASED_ON,1999.0,1957.0
32011R1295,32009R1284,AMENDS,2011.0,2009.0
31993Y1216(01),31992Y0114(01),CITES,1993.0,1992.0
31993Y1216(01),31993L0097,CITES,1993.0,1993.0
32009L0103,31972L0430,IMPLICITLY_REPEALS,2009.0,1972.0
31994D0244,31993R0792,BASED_ON,1994.0,1993.0
31994D0242,31993R0792,BASED_ON,1994.0,1993.0
31994D0691,31993R0792,BASED_ON,1994.0,1993.0
32011R1251,32009L0081,AMENDS,2011.0,2009.0
32011R1251,32004L0017,AMENDS,2011.0,2004.0
32011R1251,32004L0018,AMENDS,2011.0,2004.0
32021D1764,32013D0755,REPEALS,2021.0,2013.0
32017R2226,32008R0767,AMENDS,2017.0,2008.0
32017R2226,32011R1077,AMENDS,2017.0,2011.0
32024R2987,32012R0648,AMENDS,2024.0,2012.0
32024R2987,32017R1131,AMENDS,2024.0,2017.0
32024R2987,32010R1095,AMENDS,2024.0,2010.0
32024R2987,32013R0575,AMENDS,2024.0,2013.0
32019R0817,32017R2226,AMENDS,2019.0,2017.0
32019R0817,32008R0767,AMENDS,2019.0,2008.0
32019R0817,32016R0399,AMENDS,2019.0,2016.0
32009R0767,32003R1831,AMENDS,2009.0,2003.0
32012D0462,32002D0731,AMENDS,2012.0,2002.0
32012D0462,32002D0733,AMENDS,2012.0,2002.0
32012D0462,32002D0732,AMENDS,2012.0,2002.0
32012D0462,32006D0066,AMENDS,2012.0,2006.0
32018R1139,32014L0053,AMENDS,2018.0,2014.0
32018R1139,32005R2111,AMENDS,2018.0,2005.0
32018R1139,32014L0030,AMENDS,2018.0,2014.0
32018R1139,32008R1008,AMENDS,2018.0,2008.0
32014R0165,32003R1882,AMENDS,2014.0,2003.0
32014R0165,32006R0561,AMENDS,2014.0,2006.0
32017R0776R(03),32017R0776,DOES_REPLACEMENT,2017.0,2017.0
31993Y1216(01),11992E,BASED_ON,1993.0,1992.0
32006R1893,31997R0058,AMENDS,2006.0,1997.0
32012R1025,31998L0034,AMENDS,2012.0,1998.0
32012R1025,32003R0807,AMENDS,2012.0,2003.0
31985D0075,31962R0017,BASED_ON,1985.0,1962.0
31985D0276,11957E090,BASED_ON,1985.0,1957.0
31994D0662,31992R2407,CITES,1994.0,1992.0
31994D0662,31992R2408,CITES,1994.0,1992.0
31994D0662,61989CJ0305,CITES,1994.0,1989.0
31994D0662,61972CJ0070,CITES,1994.0,1972.0
31994D0662,61979CJ0730,CITES,1994.0,1979.0
31994D0662,31992R2409,CITES,1994.0,1992.0
31994D0662,61976CJ0078,CITES,1994.0,1976.0
31994D0662,61985CJ0310,CITES,1994.0,1985.0
31997Y0719(01),31995Y0811(03),CITES,1997.0,1995.0
32019L2177,32015L0849,AMENDS,2019.0,2015.0
32019L2177,32009L0138,AMENDS,2019.0,2009.0
32021R0023,32002L0047,AMENDS,2021.0,2002.0
32021R0023,32004L0025,AMENDS,2021.0,2004.0
32021R0023,32014R0600,AMENDS,2021.0,2014.0
32021R0023,32007L0036,AMENDS,2021.0,2007.0
32021R0023,32012R0648,AMENDS,2021.0,2012.0
32021R0023,32010R1095,AMENDS,2021.0,2010.0
32021R0023,32014L0059,AMENDS,2021.0,2014.0
32012L0034,32004L0049,AMENDS,2012.0,2004.0
32012L0034,32007L0058,AMENDS,2012.0,2007.0
32014L0023,31989L0665,AMENDS,2014.0,1989.0
32014L0023,31992L0013,AMENDS,2014.0,1992.0
32023D1217,32014D0512,AMENDS,2023.0,2014.0
32007D0026,12005SAN06/04/B,AMENDS,2007.0,2005.0
32020D0898,32017D2074,AMENDS,2020.0,2017.0
31995Y1219(03),11992E,BASED_ON,1995.0,1992.0
31977H0714,31975Y0709(03),CITES,1977.0,1975.0
32012R1250,32001R2580,AMENDS,2012.0,2001.0
32006R1907R(11),32006R1907,DOES_REPLACEMENT,2006.0,2006.0
32017R0207R(01),32017R0207,DOES_REPLACEMENT,2017.0,2017.0
32020R2081,32006R1907,AMENDS,2020.0,2006.0
32009D1005,32006Q0614(01),AMENDS,2009.0,2006.0
32006L0046,31983L0349,AMENDS,2006.0,1983.0
32006L0046,31986L0635,AMENDS,2006.0,1986.0
32006L0046,31978L0660,AMENDS,2006.0,1978.0
32013R0167,32003L0037,REPEALS,2013.0,2003.0
32012R0412,32006R1907,AMENDS,2012.0,2006.0
32024R1157,32020R1056,AMENDS,2024.0,2020.0
32024R1157,32013R1257,AMENDS,2024.0,2013.0
32016R1014,32013R0575,AMENDS,2016.0,2013.0
32004D0739R(01),32004D0739,CORRECTS,2004.0,2004.0
32014L0025,32011R1251,AMENDS,2014.0,2011.0
32014L0025,32009L0081,AMENDS,2014.0,2009.0
32014L0025,32009R1177,AMENDS,2014.0,2009.0
32014L0025,32006L0097,AMENDS,2014.0,2006.0
32014L0053,32003R1882,AMENDS,2014.0,2003.0
32020D0590,32019D0784,AMENDS,2020.0,2019.0
32022R1519,32019R1009,AMENDS,2022.0,2019.0
32020L0366,32011L0065,AMENDS,2020.0,2011.0
32018R1221,32015R0035,AMENDS,2018.0,2015.0
31995Y1207(03),11992E,BASED_ON,1995.0,1992.0
31995Y1230(06),11992E,BASED_ON,1995.0,1992.0
32005D0012,31999D0847,AMENDS,2005.0,1999.0
32022L1632,32011L0065,AMENDS,2022.0,2011.0
32019R0005,12016E168,BASED_ON,2019.0,2016.0
32019R0005,12016E114,BASED_ON,2019.0,2016.0
32015R0035,32009L0138,BASED_ON,2015.0,2009.0
32011R0142,32009R1069,BASED_ON,2011.0,2009.0
32014L0030,32004L0108,REPEALS,2014.0,2004.0
32022R0869,32013R1391,IMPLICITLY_REPEALS,2022.0,2013.0
32022R0869,32016R0089,IMPLICITLY_REPEALS,2022.0,2016.0
32022R0869,32020R0389,IMPLICITLY_REPEALS,2022.0,2020.0
32022R0869,32018R0540,IMPLICITLY_REPEALS,2022.0,2018.0
32017R2402,32009L0138,DOES_REPLACEMENT,2017.0,2009.0
32017R2402,32009L0065,DOES_REPLACEMENT,2017.0,2009.0
32017R2402,32012R0648,DOES_REPLACEMENT,2017.0,2012.0
32003D0315(01),11997D/PRO/05,CITES,2003.0,1997.0
32016R1375,32012R0267,AMENDS,2016.0,2012.0
32021R0836,32013D1313,AMENDS,2021.0,2013.0
32020R2011,32013R1409,AMENDS,2020.0,2013.0
31975Y0709(04),31975Y0709(03),CITES,1975.0,1975.0
32008R1332,31997R0258,AMENDS,2008.0,1997.0
32008R1332,31999R1493,AMENDS,2008.0,1999.0
32008R1332,32000L0013,AMENDS,2008.0,2000.0
32008R1332,31983L0417,AMENDS,2008.0,1983.0
32008R1332,32000R0013,AMENDS,2008.0,2000.0
32021L2118,32009L0103,AMENDS,2021.0,2009.0
32007L0066,31992L0013,AMENDS,2007.0,1992.0
32007L0066,31989L0665,AMENDS,2007.0,1989.0
32014L0052,32011L0092,AMENDS,2014.0,2011.0
32019R1021,32014R1342,REPEALS,2019.0,2014.0
32019R1021,32010R0757,REPEALS,2019.0,2010.0
32019R1021,32004R0850,REPEALS,2019.0,2004.0
32019R1021,32012R0519,REPEALS,2019.0,2012.0
32019R1021,32016R0293,REPEALS,2019.0,2016.0
32019R1021,32009R0304,REPEALS,2019.0,2009.0
32019R1021,32007R0323,REPEALS,2019.0,2007.0
32019R1021,32007R0172,REPEALS,2019.0,2007.0
32019R1021,32006R1195,REPEALS,2019.0,2006.0
32019R1021,32019R0636,REPEALS,2019.0,2019.0
32019R1021,32010R0756,REPEALS,2019.0,2010.0
32019R1021,32016R0460,REPEALS,2019.0,2016.0
32019R1021,32015R2030,REPEALS,2019.0,2015.0
32008R1234,32003R1085,REPEALS,2008.0,2003.0
32008R1234,32003R1084,REPEALS,2008.0,2003.0
32005R1367,32004R0314,AMENDS,2005.0,2004.0
32009L0065,31985L0611,REPEALS,2009.0,1985.0
32014R0068,32013R0141,AMENDS,2014.0,2013.0
32012L0034,32002D0844,REPEALS,2012.0,2002.0
32012L0034,32001L0013,REPEALS,2012.0,2001.0
32012L0034,31995L0018,REPEALS,2012.0,1995.0
32012L0034,32004L0051,REPEALS,2012.0,2004.0
32012L0034,32001L0012,REPEALS,2012.0,2001.0
32012L0034,31991L0440,REPEALS,2012.0,1991.0
32012L0034,32001L0014,REPEALS,2012.0,2001.0
32005R2073,31993D0051,REPEALS,2005.0,1993.0
32018D1656,32017D2074,AMENDS,2018.0,2017.0
32021R0048,32003R0147,AMENDS,2021.0,2003.0
32018R1580,32015R2197,AMENDS,2018.0,2015.0
32020R0213,32004R0314,AMENDS,2020.0,2004.0
32020R2160,32006R1907,AMENDS,2020.0,2006.0
32013R0057,32007R1418,AMENDS,2013.0,2007.0
32019R1715,32004D0292,REPEALS,2019.0,2004.0
32019R1715,32003D0623,REPEALS,2019.0,2003.0
32012R1215,32001R0044,REPEALS,2012.0,2001.0
32016R0399,32006R0562,REPEALS,2016.0,2006.0
32014L0025,32004L0017,REPEALS,2014.0,2004.0
32011R0305,32003R1882,AMENDS,2011.0,2003.0
32021R2045,32006R1907,AMENDS,2021.0,2006.0
32022R0586,32006R1907,AMENDS,2022.0,2006.0
32005R1207,32001R2580,AMENDS,2005.0,2001.0
32021R1199,32006R1907,AMENDS,2021.0,2006.0
31991D0274,31990L0220,BASED_ON,1991.0,1990.0
32020D1700,32017D2074,AMENDS,2020.0,2017.0
32017R2402,32012R0648,DOES_DELETION,2017.0,2012.0
32017R2402,32009L0138,DOES_DELETION,2017.0,2009.0
32013R0431,32003R0147,AMENDS,2013.0,2003.0
32022R0869,32019R0942,AMENDS,2022.0,2019.0
32022R0869,32009L0073,AMENDS,2022.0,2009.0
32022R0869,32009R0715,AMENDS,2022.0,2009.0
32014L0051,32010R1095,AMENDS,2014.0,2010.0
32014L0051,32009L0138,AMENDS,2014.0,2009.0
32014L0051,32003L0071,AMENDS,2014.0,2003.0
32014L0051,32010R1094,AMENDS,2014.0,2010.0
32009D0027,12005SAN06/APP,AMENDS,2009.0,2005.0
32019L1846,32011L0065,AMENDS,2019.0,2011.0
32023R0435,32013R1303,AMENDS,2023.0,2013.0
32023R0435,32003L0087,AMENDS,2023.0,2003.0
32023R0435,32021R1060,AMENDS,2023.0,2021.0
32021L1980,32006R1907,CITES,2021.0,2006.0
32021L1980,32015L0863,CITES,2021.0,2015.0
32018R1717,32010R1093,AMENDS,2018.0,2010.0
32018D0901,32017D2074,AMENDS,2018.0,2017.0
32012R0836,32006R1907,AMENDS,2012.0,2006.0
31983H0251,11957E235,BASED_ON,1983.0,1957.0
32009D0758,32009D0369,AMENDS,2009.0,2009.0
32019R2176,32010R1092,AMENDS,2019.0,2010.0
32011R1086,32005R2073,AMENDS,2011.0,2005.0
32011R1086,32003R2160,AMENDS,2011.0,2003.0
32019R1163,32009R1284,DOES_REPLACEMENT,2019.0,2009.0
32019R1163,32014R0833,DOES_REPLACEMENT,2019.0,2014.0
32019R1163,32003R0147,DOES_REPLACEMENT,2019.0,2003.0
32019R1163,32014R0208,DOES_REPLACEMENT,2019.0,2014.0
32019R1163,32002R0881,DOES_REPLACEMENT,2019.0,2002.0
32019R1163,32014R0269,DOES_REPLACEMENT,2019.0,2014.0
32019R1163,32012R0267,DOES_REPLACEMENT,2019.0,2012.0
32019R1163,32011R0101,DOES_REPLACEMENT,2019.0,2011.0
32019R1163,32001R2580,DOES_REPLACEMENT,2019.0,2001.0
32019R1163,32004R0314,DOES_REPLACEMENT,2019.0,2004.0
32009R1177,32004L0018,AMENDS,2009.0,2004.0
32009R1177,32009L0081,AMENDS,2009.0,2009.0
32009R1177,32004L0017,AMENDS,2009.0,2004.0
32006L0097,31992L0013,AMENDS,2006.0,1992.0
32006L0097,32004L0017,AMENDS,2006.0,2004.0
32006L0097,32004L0018,AMENDS,2006.0,2004.0
32013R0145,32004R0314,AMENDS,2013.0,2004.0
32022L0431,32004L0037,AMENDS,2022.0,2004.0
32002D0154,31994D0604,AMENDS,2002.0,1994.0
32022R2554,32014R0909,AMENDS,2022.0,2014.0
32022R2554,32012R0648,AMENDS,2022.0,2012.0
32022R2554,32014R0600,AMENDS,2022.0,2014.0
32008R0702,32004R0314,AMENDS,2008.0,2004.0
32019R0283,32004R0314,AMENDS,2019.0,2004.0
32008D0712,32004D0732,AMENDS,2008.0,2004.0
32008D0712,32004D0739,AMENDS,2008.0,2004.0
32013R0521R(01),32013R0521,CORRECTS,2013.0,2013.0
32018D2008,32014D0219,AMENDS,2018.0,2014.0
32018D1884,32010D0452,AMENDS,2018.0,2010.0
32008R0987,32006R1907,AMENDS,2008.0,2006.0
32014R0153,32004R0314,AMENDS,2014.0,2004.0
32009R0470,32001L0082,AMENDS,2009.0,2001.0
32010D0004(01),32007D0007,AMENDS,2010.0,2007.0
32024R1157,32007R1379,IMPLICITLY_REPEALS,2024.0,2007.0
32024R1157,32011R0664,IMPLICITLY_REPEALS,2024.0,2011.0
32024R1157,32011D0854,IMPLICITLY_REPEALS,2024.0,2011.0
32024R1157,32013R0519,IMPLICITLY_REPEALS,2024.0,2013.0
32024R1157,32013R1257,IMPLICITLY_REPEALS,2024.0,2013.0
32024R1157,32012R0674,IMPLICITLY_REPEALS,2024.0,2012.0
32024R1157,32012R0135,IMPLICITLY_REPEALS,2024.0,2012.0
32024R1157,32020R2174,IMPLICITLY_REPEALS,2024.0,2020.0
32024R1157,32013R0255,IMPLICITLY_REPEALS,2024.0,2013.0
32024R1157,32022R0520,IMPLICITLY_REPEALS,2024.0,2022.0
32024R1157,32010R0413,IMPLICITLY_REPEALS,2024.0,2010.0
32024R1157,32009R0967,IMPLICITLY_REPEALS,2024.0,2009.0
32024R1157,32009R0308,IMPLICITLY_REPEALS,2024.0,2009.0
32024R1157,32008R0669,IMPLICITLY_REPEALS,2024.0,2008.0
32024R1157,32021R1840,IMPLICITLY_REPEALS,2024.0,2021.0
32024R1157,32010D0438,IMPLICITLY_REPEALS,2024.0,2010.0
32024R1157,32013R0057,IMPLICITLY_REPEALS,2024.0,2013.0
32024R1157,32014R0660,IMPLICITLY_REPEALS,2024.0,2014.0
32024R1157,32014R1234,IMPLICITLY_REPEALS,2024.0,2014.0
32024R1157,32015R2002,IMPLICITLY_REPEALS,2024.0,2015.0
32021L1980,32011L0065,AMENDS,2021.0,2011.0
32022D0578,32014D0512,AMENDS,2022.0,2014.0
32021L1979,32011L0065,AMENDS,2021.0,2011.0
32025D0391,32012D0642,AMENDS,2025.0,2012.0
32004R0852,31993L0043,REPEALS,2004.0,1993.0
32024L2994,32009L0065,AMENDS,2024.0,2009.0
32024L2994,32019L2034,AMENDS,2024.0,2019.0
32020D0636,32008D0477,AMENDS,2020.0,2008.0
32006L0112,32006L0098,REPEALS,2006.0,2006.0
32006L0112,32004L0066,REPEALS,2006.0,2004.0
32006L0112,31977L0388,REPEALS,2006.0,1977.0
32021R1256,32015R0035,AMENDS,2021.0,2015.0
32012D0503,32010D0452,AMENDS,2012.0,2010.0
32023D0096,32014D0219,AMENDS,2023.0,2014.0
32022D1284,32022D0339,AMENDS,2022.0,2022.0
32019R2033,32014R0600,AMENDS,2019.0,2014.0
32019R2033,32013R0575,AMENDS,2019.0,2013.0
32019R2033,32010R1093,AMENDS,2019.0,2010.0
32016R1384,32012R1011,AMENDS,2016.0,2012.0
32010D0184,32009D0369,AMENDS,2010.0,2009.0
32006R0561,31985R3821,AMENDS,2006.0,1985.0
32022R0328,32014R0833,AMENDS,2022.0,2014.0
32018R1971,32009R1211,REPEALS,2018.0,2009.0
32018L2001,32009L0028,REPEALS,2018.0,2009.0
32014L0053,31999L0005,REPEALS,2014.0,1999.0
32022D1285,32022D0338,AMENDS,2022.0,2022.0
32024D0633,32022D0266,AMENDS,2024.0,2022.0
32024L2839,32011L0024,AMENDS,2024.0,2011.0
32024L2839,31999L0002,AMENDS,2024.0,1999.0
32024L2839,32014L0053,AMENDS,2024.0,2014.0
32021R0979,32006R1907,AMENDS,2021.0,2006.0
32021L0903,32009L0048,AMENDS,2021.0,2009.0
32002D0748,31998D0676,AMENDS,2002.0,1998.0
32025D0338,32022D0266,AMENDS,2025.0,2022.0
32023R2694,32004R0314,AMENDS,2023.0,2004.0
32023R2694,32011R0101,AMENDS,2023.0,2011.0
32023R2694,32009R1284,AMENDS,2023.0,2009.0
32025L0001,32002L0047,AMENDS,2025.0,2002.0
32025L0001,32014L0059,AMENDS,2025.0,2014.0
32025L0001,32004L0025,AMENDS,2025.0,2004.0
32025L0001,32010R1094,AMENDS,2025.0,2010.0
32025L0001,32012R0648,AMENDS,2025.0,2012.0
32025L0001,32007L0036,AMENDS,2025.0,2007.0
32024L1760,32023R2859,AMENDS,2024.0,2023.0
32024L1760,32019L1937,AMENDS,2024.0,2019.0
32015R1017,32013R1316,AMENDS,2015.0,2013.0
32015R1017,32013R1291,AMENDS,2015.0,2013.0
32024R1620,32010R1094,AMENDS,2024.0,2010.0
32024R1620,32010R1093,AMENDS,2024.0,2010.0
32024R1620,32010R1095,AMENDS,2024.0,2010.0
32024R0568,32017R0745,AMENDS,2024.0,2017.0
32024R0568,32022R0123,AMENDS,2024.0,2022.0
32016R2340,32014R1286,AMENDS,2016.0,2014.0
32018R0405,32013R0575,AMENDS,2018.0,2013.0
32016L0797,32008L0057,REPEALS,2016.0,2008.0
32022R0585,32014R0516,AMENDS,2022.0,2014.0
32013L0023,32002L0083,AMENDS,2013.0,2002.0
32013L0023,32005L0068,AMENDS,2013.0,2005.0
32013L0023,32009L0138,AMENDS,2013.0,2009.0
32013L0023,31973L0239,AMENDS,2013.0,1973.0
32021D0276,32017D2074,AMENDS,2021.0,2017.0
32009L0065,32004L0039,AMENDS,2009.0,2004.0
32008R0765,32001L0095,AMENDS,2008.0,2001.0
32021R0523,32015R1017,AMENDS,2021.0,2015.0
32015L2366,32010R1093,AMENDS,2015.0,2010.0
32014L0033,32003R1882,AMENDS,2014.0,2003.0
32014L0033,32006L0042,AMENDS,2014.0,2006.0
32014L0033,32012R1025,AMENDS,2014.0,2012.0
32014L0029,32012R1025,AMENDS,2014.0,2012.0
32006D0203,31994D0604,AMENDS,2006.0,1994.0
32006L0021,32004L0035,AMENDS,2006.0,2004.0
32019L2034,32014L0059,AMENDS,2019.0,2014.0
32019L2034,32009L0065,AMENDS,2019.0,2009.0
32022L0274,32011L0065,AMENDS,2022.0,2011.0
32021L1978,32011L0065,AMENDS,2021.0,2011.0
32023R1781,32021R0694,AMENDS,2023.0,2021.0
32018R0675,32006R1907,AMENDS,2018.0,2006.0
32020R0205,32005R2073,AMENDS,2020.0,2005.0
32017R2061,32001R2580,AMENDS,2017.0,2001.0
32013R1022,32010R1093,AMENDS,2013.0,2010.0
32017D1483,32006D0771(01),AMENDS,2017.0,2006.0
32023R2873,32014R0269,AMENDS,2023.0,2014.0
32025D0373,32019D0310,AMENDS,2025.0,2019.0
32024D1605,32023D1532,AMENDS,2024.0,2023.0
32024R2765,32015R0035,AMENDS,2024.0,2015.0
32024R3230,32024R1157,AMENDS,2024.0,2024.0
32024R1991,32022R0869,AMENDS,2024.0,2022.0
32007R1441,32005R2073,AMENDS,2007.0,2005.0
32020D2252R(01),32020D2252,CORRECTS,2020.0,2020.0
32004R0852,32003R1882,IMPLICITLY_REPEALS,2004.0,2003.0
32022O0987,32014O0060,AMENDS,2022.0,2014.0
32019R0291,32011R0540,AMENDS,2019.0,2011.0
32003R1831,31982L0471,AMENDS,2003.0,1982.0
32023L2843,32002F0584R(03),AMENDS,2023.0,2002.0
32023L2843,32006F0783R(01),AMENDS,2023.0,2006.0
32023L2843,32011L0099,AMENDS,2023.0,2011.0
32023L2843,32014L0041,AMENDS,2023.0,2014.0
32024R1307,32021R1232,AMENDS,2024.0,2021.0
32010D1231(01),32009D0964,AMENDS,2010.0,2009.0
32015D1057,32012D0715,AMENDS,2015.0,2012.0
32009D0537,12005SAN06/APP,AMENDS,2009.0,2005.0
32018R0634,32016R1799,AMENDS,2018.0,2016.0
32019D0785R(01),32019D0785,CORRECTS,2019.0,2019.0
32024R1106,32011R1227,AMENDS,2024.0,2011.0
32024R1106,32019R0942,AMENDS,2024.0,2019.0
32019L0171,32011L0065,AMENDS,2019.0,2011.0
32013R1272,32006R1907,AMENDS,2013.0,2006.0
32019O0011,32014O0060,AMENDS,2019.0,2014.0
32020R2007,32011R0540,AMENDS,2020.0,2011.0
32012D0124,32011D0101,AMENDS,2012.0,2011.0
32014R0469,31999R2157,AMENDS,2014.0,1999.0
32020R0762,32011R0142,AMENDS,2020.0,2011.0
32017R0492,32004R0883,AMENDS,2017.0,2004.0
32024L1174,32014L0059,AMENDS,2024.0,2014.0
31994L0022,31990L0531,AMENDS,1994.0,1990.0
32017R0746R(04),32017R0746,CORRECTS,2017.0,2017.0
32023D0810,32022D0338,AMENDS,2023.0,2022.0
32023D0339,32011D0101,AMENDS,2023.0,2011.0
32009L0138,32013L0023,IMPLICITLY_REPEALS,2009.0,2013.0
32009L0138,32011L0089,IMPLICITLY_REPEALS,2009.0,2011.0
32009L0138,32004L0066,IMPLICITLY_REPEALS,2009.0,2004.0
32014L0024,32009R1177,IMPLICITLY_REPEALS,2014.0,2009.0
32009R1179,31999R0936,IMPLICITLY_REPEALS,2009.0,1999.0
32023R0895,32015R2452,REPEALS,2023.0,2015.0
32015L0849,32012R0648,AMENDS,2015.0,2012.0
32009R0298,32008R1131,IMPLICITLY_REPEALS,2009.0,2008.0
32007R0333,32005L0004,IMPLICITLY_REPEALS,2007.0,2005.0
32007R0333,32001D0873,IMPLICITLY_REPEALS,2007.0,2001.0
32018L0844,32012L0027,AMENDS,2018.0,2012.0
32018R0990,32017R1131,AMENDS,2018.0,2017.0
32012R0465,32004R0883,AMENDS,2012.0,2004.0
32018D0090,32017D2074,AMENDS,2018.0,2017.0
32008D0731,32008D0172,AMENDS,2008.0,2008.0
32024D1059,32008E0851,AMENDS,2024.0,2008.0
32022D0399,32012D0642,AMENDS,2022.0,2012.0
32019R0942,32013R0347,AMENDS,2019.0,2013.0
32013D0089,32011D0101,AMENDS,2013.0,2011.0
32009R0967,32007R1418,AMENDS,2009.0,2007.0
32022R2474,32014R0833,AMENDS,2022.0,2014.0
32014D0276,32008D0411,AMENDS,2014.0,2008.0
32022D1908,32022D0266,AMENDS,2022.0,2022.0
32019R2175,32010R1094,AMENDS,2019.0,2010.0
32019R2175,32010R1095,AMENDS,2019.0,2010.0
32019R2175,32015R0847,AMENDS,2019.0,2015.0
32019R2175,32010R1093,AMENDS,2019.0,2010.0
32019R2175,32014R0600,AMENDS,2019.0,2014.0
32008R1008,32003R1882,IMPLICITLY_REPEALS,2008.0,2003.0
32024R2929,32006R1907,AMENDS,2024.0,2006.0
32023R2884,32019R1780,AMENDS,2023.0,2019.0
32024D1970,32023D1532,AMENDS,2024.0,2023.0
32013D0488,32011D0292,REPEALS,2013.0,2011.0
32012R0674,32007R1418,AMENDS,2012.0,2007.0
32018R1973,32013R0909,AMENDS,2018.0,2013.0
32021L2167,32008L0048,AMENDS,2021.0,2008.0
32009L0053,32001L0082,AMENDS,2009.0,2001.0
32020R0558,32013R1303,AMENDS,2020.0,2013.0
32020R0558,32013R1301,AMENDS,2020.0,2013.0
32014R0165,31985R3821,REPEALS,2014.0,1985.0
32019L0170,32011L0065,AMENDS,2019.0,2011.0
32024R2897,32023R1529,AMENDS,2024.0,2023.0
32017R2279,32009R0767,AMENDS,2017.0,2009.0
32013L0058,32009L0138,AMENDS,2013.0,2009.0
32022D1982,32013D0001(01),AMENDS,2022.0,2013.0
32023R1529R(01),32023R1529,CORRECTS,2023.0,2023.0
32012L0023,32009L0138,AMENDS,2012.0,2009.0
32025D0394,32014D0512,AMENDS,2025.0,2014.0
32012R0872,32003R1882,AMENDS,2012.0,2003.0
32019R0630,32013R0575,AMENDS,2019.0,2013.0
32017D2376,32015D0348,AMENDS,2017.0,2015.0
32018R0302,32004R2006,AMENDS,2018.0,2004.0
32013R0543,32009R0714,AMENDS,2013.0,2009.0
32024D0828,32014D0119,AMENDS,2024.0,2014.0
32017R2095,31999R2157,AMENDS,2017.0,1999.0
32024D0902,32021D1486,AMENDS,2024.0,2021.0
32017R2402,32012R0648,DOES_INSERTION,2017.0,2012.0
32015R0479,32014R0037,AMENDS,2015.0,2014.0
32025D0043,32017D2074,AMENDS,2025.0,2017.0
32017R0745,31993L0042,REPEALS,2017.0,1993.0
32017R0745,31990L0385,REPEALS,2017.0,1990.0
32023R2844,32013R0606,AMENDS,2023.0,2013.0
32023R2844,32018R1805,AMENDS,2023.0,2018.0
32023R2844,32014R0655,AMENDS,2023.0,2014.0
32023R2844,32004R0805,AMENDS,2023.0,2004.0
32023R2844,32006R1896,AMENDS,2023.0,2006.0
32023R2844,32015R0848,AMENDS,2023.0,2015.0
32020R1503,32019L1937,AMENDS,2020.0,2019.0
32011L0089,32006L0048,AMENDS,2011.0,2006.0
32011L0089,31998L0078,AMENDS,2011.0,1998.0
32011L0089,32009L0138,AMENDS,2011.0,2009.0
32009L0081,32004L0017,AMENDS,2009.0,2004.0
32009L0081,32004L0018,AMENDS,2009.0,2004.0
32021L0338,32019L0878,AMENDS,2021.0,2019.0
32023R1113,32015L0849,AMENDS,2023.0,2015.0
32024D1339,32017D2074,AMENDS,2024.0,2017.0
32020R1149,32006R1907,AMENDS,2020.0,2006.0
32019L2162,32009L0065,AMENDS,2019.0,2009.0
32019L2162,32014L0059,AMENDS,2019.0,2014.0
32021R2030,32006R1907,AMENDS,2021.0,2006.0
32010R0365,32005R2073,AMENDS,2010.0,2005.0
32020R0115,32011R0101,AMENDS,2020.0,2011.0
32021R0391,32014R0208,AMENDS,2021.0,2014.0
32024R2462,32006R1907,AMENDS,2024.0,2006.0
32020R1055,32012R1024,AMENDS,2020.0,2012.0
32019D0235,32008D0411,AMENDS,2019.0,2008.0
32020D1023,32019D1765,AMENDS,2020.0,2019.0
32019R1020,32008R0765,AMENDS,2019.0,2008.0
32019R1020,32011R0305,AMENDS,2019.0,2011.0
32022L2561,32004L0066,AMENDS,2022.0,2004.0
32015L0849R(03),32015L0849,DOES_REPLACEMENT,2015.0,2015.0
32015D1208,32013D0463,AMENDS,2015.0,2013.0
31973H0304,31972R0517,BASED_ON,1973.0,1972.0
31973H0304,31972R0516,BASED_ON,1973.0,1972.0
32014R0910,31999L0093,REPEALS,2014.0,1999.0
32023R1510,32023R0915,AMENDS,2023.0,2023.0
32024R1808,32023R0915,AMENDS,2024.0,2023.0
32004D0822,32004D0732,AMENDS,2004.0,2004.0
32004D0822,32004D0739,AMENDS,2004.0,2004.0
32023R1464,32006R1907,AMENDS,2023.0,2006.0
32022D1972,32022D0339,AMENDS,2022.0,2022.0
32016R0583,32011R1332,AMENDS,2016.0,2011.0
32022L0275,32011L0065,AMENDS,2022.0,2011.0
32024R2862,32023R1803,AMENDS,2024.0,2023.0
32024R2547,32021R0821,AMENDS,2024.0,2021.0
32018L0850,31999L0031,AMENDS,2018.0,1999.0
32003L0087,31996L0061,AMENDS,2003.0,1996.0
32018L0843,32015L0849,AMENDS,2018.0,2015.0
32018L0843,32009L0138,AMENDS,2018.0,2009.0
32019L1833,32000L0054,AMENDS,2019.0,2000.0
32006D0267,32004D0739,AMENDS,2006.0,2004.0
32006D0267,32004D0732,AMENDS,2006.0,2004.0
32016L0097,32002L0092,AMENDS,2016.0,2002.0
32023R0923,32006R1907,AMENDS,2023.0,2006.0
32024L1226,32018L1673,AMENDS,2024.0,2018.0
32024R1971,32023R1529,AMENDS,2024.0,2023.0
32012L0034,32007L0058,IMPLICITLY_REPEALS,2012.0,2007.0
32011L0076,31999L0062,AMENDS,2011.0,1999.0
32010R0276,32006R1907,AMENDS,2010.0,2006.0
32017R0825,32013R1305,AMENDS,2017.0,2013.0
32017R0825,32013R1303,AMENDS,2017.0,2013.0
32022R0112R(01),32022R0112,CORRECTS,2022.0,2022.0
32017D1102,32014D0219,AMENDS,2017.0,2014.0
32011D0281,32009D0146,AMENDS,2011.0,2009.0
32022R1171,32019R1009,AMENDS,2022.0,2019.0
32023R2411,32017R1001,AMENDS,2023.0,2017.0
32022R1929,32020R1227,AMENDS,2022.0,2020.0
32003L0051,31986L0635,AMENDS,2003.0,1986.0
32003L0051,31978L0660,AMENDS,2003.0,1978.0
32003L0051,31983L0349,AMENDS,2003.0,1983.0
32019R0912,32014R0650,AMENDS,2019.0,2014.0
32021R0115,32019R1021,AMENDS,2021.0,2019.0
32015R0730,32012R1011,AMENDS,2015.0,2012.0
32009L0119,31973L0238,REPEALS,2009.0,1973.0
32009L0119,32006L0067,REPEALS,2009.0,2006.0
32009L0119,31968D0416,REPEALS,2009.0,1968.0
32017R0745,32003R1882,IMPLICITLY_REPEALS,2017.0,2003.0
32017R0745,32007L0047,IMPLICITLY_REPEALS,2017.0,2007.0
32014L0059,32002L0047,AMENDS,2014.0,2002.0
32014L0059,32012R0648,AMENDS,2014.0,2012.0
32014L0059,32001L0024,AMENDS,2014.0,2001.0
32014L0059,31982L0891,AMENDS,2014.0,1982.0
32014L0059,32007L0036,AMENDS,2014.0,2007.0
32014L0059,32010R1093,AMENDS,2014.0,2010.0
32014L0059,32004L0025,AMENDS,2014.0,2004.0
32017D2075,32012L0034,AMENDS,2017.0,2012.0
32024R2788,32019R1009,AMENDS,2024.0,2019.0
32019R1009,32009R1069,AMENDS,2019.0,2009.0
32019R1009,32009R1107,AMENDS,2019.0,2009.0
31980D1350,31979R2784,BASED_ON,1980.0,1979.0
31980D1350,31975R1798,BASED_ON,1980.0,1975.0
32022R2580R(01),32022R2580,CORRECTS,2022.0,2022.0
32011R1169,32003R1882,IMPLICITLY_REPEALS,2011.0,2003.0
32011R1169,32008R1332,IMPLICITLY_REPEALS,2011.0,2008.0
32014D0169,32013D0463,AMENDS,2014.0,2013.0
32022D0911,32009D0013,IMPLICITLY_REPEALS,2022.0,2009.0
32022D0911,32016D0009,IMPLICITLY_REPEALS,2022.0,2016.0
32022D0911,32018D0024,IMPLICITLY_REPEALS,2022.0,2018.0
32022D0911,32014D0027(01),IMPLICITLY_REPEALS,2022.0,2014.0
32022D0911,32012D0031(01),IMPLICITLY_REPEALS,2022.0,2012.0
32022D0911,32017D0030,IMPLICITLY_REPEALS,2022.0,2017.0
32022D0911,32019D0032,IMPLICITLY_REPEALS,2022.0,2019.0
32022D0911,32021D1758,IMPLICITLY_REPEALS,2022.0,2021.0
32022D0911,32015D0022,IMPLICITLY_REPEALS,2022.0,2015.0
32022D0911,32011D0019(01),IMPLICITLY_REPEALS,2022.0,2011.0
32022D0911,32010D0004(01),IMPLICITLY_REPEALS,2022.0,2010.0
32022D0911,32010D0019,IMPLICITLY_REPEALS,2022.0,2010.0
32022D0911,32009D0022(01),IMPLICITLY_REPEALS,2022.0,2009.0
32024R1351,32021R1060,AMENDS,2024.0,2021.0
32024R3192,32014R0833,AMENDS,2024.0,2014.0
32007R0333,32005L0010,REPEALS,2007.0,2005.0
32007R0333,32001L0022,REPEALS,2007.0,2001.0
32007R0333,32004L0016,REPEALS,2007.0,2004.0
32021L1159,32006L0112,AMENDS,2021.0,2006.0
32024R1328,32006R1907,AMENDS,2024.0,2006.0
32014D0915,32010D0452,AMENDS,2014.0,2010.0
32024R1789,32022R0869,AMENDS,2024.0,2022.0
32024R1789,32017R1938,AMENDS,2024.0,2017.0
32024R1789,32019R0942,AMENDS,2024.0,2019.0
32024R1789,32011R1227,AMENDS,2024.0,2011.0
32013D0044,32010D0096,AMENDS,2013.0,2010.0
32019L0173,32011L0065,AMENDS,2019.0,2011.0
32024R1679,32010R0913,AMENDS,2024.0,2010.0
32024R1679,32021R1153,AMENDS,2024.0,2021.0
32024D1470,32014D0512,AMENDS,2024.0,2014.0
32015D1835,32011D0411,REPEALS,2015.0,2011.0
32013R0348,32006R1907,AMENDS,2013.0,2006.0
32016R0863,32006R1907,AMENDS,2016.0,2006.0
32007R1354,32006R1907,AMENDS,2007.0,2006.0
32013D0048,32011D0077,AMENDS,2013.0,2011.0
32022R0520,32007R1418,AMENDS,2022.0,2007.0
32018R0541,32017R2359,AMENDS,2018.0,2017.0
32024R3110,32011R0305,REPEALS,2024.0,2011.0
32017R0706,32006R1907,AMENDS,2017.0,2006.0
32012L0013R(01),32012L0013,DOES_REPLACEMENT,2012.0,2012.0
32022D0172,32018D1538,AMENDS,2022.0,2018.0
32015R0850,32014R0241,AMENDS,2015.0,2014.0
32012R1025,31987D0095,REPEALS,2012.0,1987.0
32021O0835,32019O0018,REPEALS,2021.0,2019.0
32021O0835,32014O0015,REPEALS,2021.0,2014.0
32021O0835,32014O0043,REPEALS,2021.0,2014.0
32021O0835,32016O0045,REPEALS,2021.0,2016.0
32021O0835,32018O0017,REPEALS,2021.0,2018.0
32021O0835,32015O0044,REPEALS,2021.0,2015.0
32019R0817,32008R0767,DOES_REPLACEMENT,2019.0,2008.0
32019R0817,32017R2226,DOES_REPLACEMENT,2019.0,2017.0
32018R1139,32008R1008,DOES_REPLACEMENT,2018.0,2008.0
32018R1139,32014L0053,DOES_REPLACEMENT,2018.0,2014.0
32018R1139,32014L0030,DOES_REPLACEMENT,2018.0,2014.0
32023R0066,32021R0821,AMENDS,2023.0,2021.0
32024R1109,32023R0203,AMENDS,2024.0,2023.0
32024R1872,32016R1799,AMENDS,2024.0,2016.0
32021D1437,32016D0041(01),AMENDS,2021.0,2016.0
32022D0911R(01),32022D0911,CORRECTS,2022.0,2022.0
32022R1650,32016R1646,AMENDS,2022.0,2016.0
32024D1467,32019D0785,AMENDS,2024.0,2019.0
32024R1787,32019R0942,AMENDS,2024.0,2019.0
32024R1705,32022R0805,AMENDS,2024.0,2022.0
32021D1439,32018D0010(01),AMENDS,2021.0,2018.0
32019L0172,32011L0065,AMENDS,2019.0,2011.0
31994R3163,31969R0549,AMENDS,1994.0,1969.0
32024L1640,32015L0849,AMENDS,2024.0,2015.0
32024L1640,32019L1937,AMENDS,2024.0,2019.0
32017R1495,32005R2073,AMENDS,2017.0,2005.0
32017R0555,32011R0540,AMENDS,2017.0,2011.0
32020D2188,32008E0851,AMENDS,2020.0,2008.0
32014R0301,32006R1907,AMENDS,2014.0,2006.0
32020R0784,32019R1021,AMENDS,2020.0,2019.0
32018R1916,32011R0540,AMENDS,2018.0,2011.0
32019R2160,32013R0575,AMENDS,2019.0,2013.0
32019L0169,32011L0065,AMENDS,2019.0,2011.0
32022R2042,32009R1284,AMENDS,2022.0,2009.0
32025R0675,32011D0665,AMENDS,2025.0,2011.0
32020R2221,32013R1303,AMENDS,2020.0,2013.0
32011D1011(02),32007D0602,AMENDS,2011.0,2007.0
32021D1989,32012D0642,AMENDS,2021.0,2012.0
32021R1840,32007R1418,AMENDS,2021.0,2007.0
32024R2896,32023R1529,AMENDS,2024.0,2023.0
32022R2036,32013R0575,AMENDS,2022.0,2013.0
32022R2036,32014L0059,AMENDS,2022.0,2014.0
32014R0217,32005R2073,AMENDS,2014.0,2005.0
32025D0396,32022D0266,AMENDS,2025.0,2022.0
32020R0782,32018R0761,AMENDS,2020.0,2018.0
32023R2055,32006R1907,AMENDS,2023.0,2006.0
32024R1689,32018R1139,AMENDS,2024.0,2018.0
32024R1689,32018R0858,AMENDS,2024.0,2018.0
32024R1689,32013R0167,AMENDS,2024.0,2013.0
32024R1689,32016L0797,AMENDS,2024.0,2016.0
32024R3110,32019R1020,IMPLICITLY_REPEALS,2024.0,2019.0
32023R0895,32019R2102,IMPLICITLY_REPEALS,2023.0,2019.0
32023R0895,32017R2190,IMPLICITLY_REPEALS,2023.0,2017.0
32023R0895,32018R1843,IMPLICITLY_REPEALS,2023.0,2018.0
32019R1935,32016L0097,AMENDS,2019.0,2016.0
32021R0451,32017R2114,IMPLICITLY_REPEALS,2021.0,2017.0
32021R0451,32020R0429,IMPLICITLY_REPEALS,2021.0,2020.0
32021R0451,32016R0322,IMPLICITLY_REPEALS,2021.0,2016.0
32021R0451,32015R0227,IMPLICITLY_REPEALS,2021.0,2015.0
32021R0451,32018R1627,IMPLICITLY_REPEALS,2021.0,2018.0
32021R0451,32016R0313,IMPLICITLY_REPEALS,2021.0,2016.0
32021R0451,32015R0079,IMPLICITLY_REPEALS,2021.0,2015.0
32021R0451,32015R1278,IMPLICITLY_REPEALS,2021.0,2015.0
32021R0451,32016R1702,IMPLICITLY_REPEALS,2021.0,2016.0
32021R0451,32016R0428,IMPLICITLY_REPEALS,2021.0,2016.0
32021R0451,32017R1443,IMPLICITLY_REPEALS,2021.0,2017.0
32018R0589,32006R1907,AMENDS,2018.0,2006.0
32020R1298,32019R0452,AMENDS,2020.0,2019.0
32015L2366R(05),32015L2366,CORRECTS,2015.0,2015.0
32013L0014,32009L0065,AMENDS,2013.0,2009.0
32013L0014,32003L0041,AMENDS,2013.0,2003.0
32016R2235,32006R1907,AMENDS,2016.0,2006.0
32018R0670,32011R0540,AMENDS,2018.0,2011.0
32006R1907,31999L0045,AMENDS,2006.0,1999.0
32021R2081,32011R0540,AMENDS,2021.0,2011.0
32021R2026,32020R0592,AMENDS,2021.0,2020.0
32003D0148,31998D0565,AMENDS,2003.0,1998.0
32003D0148,31994D0604,AMENDS,2003.0,1994.0
32011D1116(01),32009D0713(01),AMENDS,2011.0,2009.0
32018R0605,32009R1107,AMENDS,2018.0,2009.0
32022R2400R(03),32022R2400,CORRECTS,2022.0,2022.0
32016D2317,32013D0654,AMENDS,2016.0,2013.0
32024R1739,32014R0269,AMENDS,2024.0,2014.0
32024R1469,32014R0833,AMENDS,2024.0,2014.0
32021R0379,32013R1071,REPEALS,2021.0,2013.0
32021R0379,32014R1375,REPEALS,2021.0,2014.0
32011R1169,32000L0013,REPEALS,2011.0,2000.0
32024R2570,32019R1021,AMENDS,2024.0,2019.0
32024R2025,32020R1056,AMENDS,2024.0,2020.0
32025R0348,32004R0314,AMENDS,2025.0,2004.0
32016R1036,32014R0037,AMENDS,2016.0,2014.0
32012D0409,32011D0344,AMENDS,2012.0,2011.0
32018R0977,32017R0653,AMENDS,2018.0,2017.0
32021D1753,32014D0908,REPEALS,2021.0,2014.0
32013R1075,32009R0024,REPEALS,2013.0,2009.0
32022R0869,32013R0347,REPEALS,2022.0,2013.0
32022L0282,32011L0065,AMENDS,2022.0,2011.0
32022L0280,32011L0065,AMENDS,2022.0,2011.0
32021O0889,32014O0060,AMENDS,2021.0,2014.0
32015R0275,32004R0314,AMENDS,2015.0,2004.0
32022R0626,32022R0263,AMENDS,2022.0,2022.0
32022R0334,32014R0833,AMENDS,2022.0,2014.0
32012R0848,32006R1907,AMENDS,2012.0,2006.0
32019L0520,32004L0052,REPEALS,2019.0,2004.0
31973Y1127(01),31972Y1011(01),CITES,1973.0,1972.0
31973Y1127(01),151K,CITES,1973.0,
32021R1950,32009L0081,AMENDS,2021.0,2009.0
32022R0975,32017R0653,AMENDS,2022.0,2017.0
32024R1703,32020R1732,AMENDS,2024.0,2020.0
32024R1706,32012R0272,AMENDS,2024.0,2012.0
32020R1203,32019R1021,AMENDS,2020.0,2019.0
32014D0827,32008E0851,AMENDS,2014.0,2008.0
32024D1336,32023D1532,AMENDS,2024.0,2023.0
32021D0014,32014D0219,AMENDS,2021.0,2014.0
32022R0001,32021R0821,AMENDS,2022.0,2021.0
32023R1542,32019R1020,AMENDS,2023.0,2019.0
32016L2341,32013L0014,IMPLICITLY_REPEALS,2016.0,2013.0
32016L2341,32009L0138,IMPLICITLY_REPEALS,2016.0,2009.0
32020D0373,32014D0119,AMENDS,2020.0,2014.0
32019R1935R(01),32019R1935,CORRECTS,2019.0,2019.0
32022L0283,32011L0065,AMENDS,2022.0,2011.0
32023R1230,32003R0807,IMPLICITLY_REPEALS,2023.0,2003.0
32023R1230,32013R0167,IMPLICITLY_REPEALS,2023.0,2013.0
32004D0667,32004R0145,AMENDS,2004.0,2004.0
32004D0667,32004D0145,AMENDS,2004.0,2004.0
32020L0367R(01),32020L0367,CORRECTS,2020.0,2020.0
32009R0223,31997R0322,REPEALS,2009.0,1997.0
32009R0223,31989D0382,REPEALS,2009.0,1989.0
32013R0609,32009L0039,REPEALS,2013.0,2009.0
32013R0609,32009R0953,REPEALS,2013.0,2009.0
32021L2261,32009L0065,AMENDS,2021.0,2009.0
32015D1780,32012D0392,AMENDS,2015.0,2012.0
31982D0854,31970D0552,REPEALS,1982.0,1970.0
32024L1788,32009L0073,REPEALS,2024.0,2009.0
32024L1788,32022R0869,REPEALS,2024.0,2022.0
32001R1248,31998D0272,REPEALS,2001.0,1998.0
32001R1248,32000D0764,REPEALS,2001.0,2000.0
32023D2818,32020D0140,REPEALS,2023.0,2020.0
32023D0457,32014D0119,AMENDS,2023.0,2014.0
32008R0271,32004R0794,AMENDS,2008.0,2004.0
32017R2401,32013R0575,AMENDS,2017.0,2013.0
32020R1225R(01),32020R1225,CORRECTS,2020.0,2020.0
32025D0704,32018D0142,IMPLICITLY_REPEALS,2025.0,2018.0
32017R1000,32006R1907,AMENDS,2017.0,2006.0
32017R0284,32004R0314,AMENDS,2017.0,2004.0
32023L0171,32011L0065,AMENDS,2023.0,2011.0
32009L0041,32003R1882,AMENDS,2009.0,2003.0
32015R1494,32006R1907,AMENDS,2015.0,2006.0
32016L2341,32013L0014,AMENDS,2016.0,2013.0
32016L2341,32009L0138,AMENDS,2016.0,2009.0
32016L2341,32010L0078,AMENDS,2016.0,2010.0
32022D0173,32011D0251,IMPLICITLY_REPEALS,2022.0,2011.0
32022D0173,32018D0637,IMPLICITLY_REPEALS,2022.0,2018.0
32021D0173,32020D0669,IMPLICITLY_REPEALS,2021.0,2020.0
32021D0173,32018D1716,IMPLICITLY_REPEALS,2021.0,2018.0
32021D0173,32014D0927,IMPLICITLY_REPEALS,2021.0,2014.0
32021D0173,32019D1855,IMPLICITLY_REPEALS,2021.0,2019.0
32021R0693,32013R1382,REPEALS,2021.0,2013.0
32022L0281,32011L0065,AMENDS,2022.0,2011.0
32023R1114,32019L1937,AMENDS,2023.0,2019.0
32023R1114,32010R1093,AMENDS,2023.0,2010.0
32023R1114,32010R1095,AMENDS,2023.0,2010.0
32021R0378,32003R1745,REPEALS,2021.0,2003.0
32019D0762,32014D0219,AMENDS,2019.0,2014.0
32011R0207,32006R1907,AMENDS,2011.0,2006.0
32024R1860,32017R0745,AMENDS,2024.0,2017.0
32024R1860,32017R0746,AMENDS,2024.0,2017.0
32021R0558,32013R0575,AMENDS,2021.0,2013.0
32022D1971,32022D0338,AMENDS,2022.0,2022.0
32023R0154,32003R0147,AMENDS,2023.0,2003.0
32021R0705,32007R0333,AMENDS,2021.0,2007.0
32017R2069,32011R0540,AMENDS,2017.0,2011.0
32013D0729,32013D0034,AMENDS,2013.0,2013.0
32020L2020,32006L0112,AMENDS,2020.0,2006.0
32022D0335,32014D0512,AMENDS,2022.0,2014.0
32024R2899,32020R0354,AMENDS,2024.0,2020.0
32012R0872,31996R2232,REPEALS,2012.0,1996.0
32012R0872,31999D0217,REPEALS,2012.0,1999.0
32022R0612,32012R0531,REPEALS,2022.0,2012.0
32022R0612,32017R0920,REPEALS,2022.0,2017.0
32013D0048R(01),32013D0048,CORRECTS,2013.0,2013.0
32023R0915,32006R1881,REPEALS,2023.0,2006.0
32020Y0429(01),32011Y0224(01),AMENDS,2020.0,2011.0
32024R1679,32014R0473,IMPLICITLY_REPEALS,2024.0,2014.0
32024R1679,32023R1176,IMPLICITLY_REPEALS,2024.0,2023.0
32024R1679,32019R0254,IMPLICITLY_REPEALS,2024.0,2019.0
32024R1679,32024R0751,IMPLICITLY_REPEALS,2024.0,2024.0
32024R1679,32016R0758,IMPLICITLY_REPEALS,2024.0,2016.0
32024R1679,32017R0849,IMPLICITLY_REPEALS,2024.0,2017.0
32020R1204,32019R1021,AMENDS,2020.0,2019.0
32022R0782,32011R0540,AMENDS,2022.0,2011.0
32024R2514,32022R2399,AMENDS,2024.0,2022.0
32022D1970,32010D0452,AMENDS,2022.0,2010.0
32022L0287,32011L0065,AMENDS,2022.0,2011.0
32008L0068,32000L0018,REPEALS,2008.0,2000.0
32013D0743,32006D0974,REPEALS,2013.0,2006.0
32013D0743,32006D0971,REPEALS,2013.0,2006.0
32013D0743,32006D0972,REPEALS,2013.0,2006.0
32013D0743,32006D0973,REPEALS,2013.0,2006.0
32006R1907,32009D0455,IMPLICITLY_REPEALS,2006.0,2009.0
32006R1907,32009D0425,IMPLICITLY_REPEALS,2006.0,2009.0
32006R1907,32001L0041,IMPLICITLY_REPEALS,2006.0,2001.0
32006R1907,32008D1348,IMPLICITLY_REPEALS,2006.0,2008.0
32006R1907,32009D0424,IMPLICITLY_REPEALS,2006.0,2009.0
32006R1907,32003R1882,IMPLICITLY_REPEALS,2006.0,2003.0
32022R1033,32013R1305,AMENDS,2022.0,2013.0
32022R1645,32014R0139,AMENDS,2022.0,2014.0
32024R0568,31995R0297,REPEALS,2024.0,1995.0
32008L0006,31997L0067,AMENDS,2008.0,1997.0
32022D0173,32009D0766,REPEALS,2022.0,2009.0
32016R1710,32001R2580,AMENDS,2016.0,2001.0
32022R0113,32011R0101,AMENDS,2022.0,2011.0
32022R2400,32019R1021,AMENDS,2022.0,2019.0
32011D0101,32009E0068,IMPLICITLY_REPEALS,2011.0,2009.0
32011D0101,32007D0235,IMPLICITLY_REPEALS,2011.0,2007.0
32011D0101,32005D0592,IMPLICITLY_REPEALS,2011.0,2005.0
32011D0101,32008D0922,IMPLICITLY_REPEALS,2011.0,2008.0
32011D0101,32008E0632,IMPLICITLY_REPEALS,2011.0,2008.0
32011D0101,32010D0121,IMPLICITLY_REPEALS,2011.0,2010.0
32019R0818,32018R1862,DOES_REPLACEMENT,2019.0,2018.0
32020R0784R(02),32020R0784,CORRECTS,2020.0,2020.0
32019R1866,32017R0653,AMENDS,2019.0,2017.0
32019L0879,32014L0059,DOES_REPLACEMENT,2019.0,2014.0
32016L0097,32002L0092,REPEALS,2016.0,2002.0
32023D2498,32017D2074,EXTENDS_VALIDITY,2023.0,2017.0
32003D0564,32001D0160,REPEALS,2003.0,2001.0
32003D0564,31991D0323,REPEALS,2003.0,1991.0
32003D0564,31993D0043,REPEALS,2003.0,1993.0
32003D0564,31997D0828,REPEALS,2003.0,1997.0
32003D0564,31999D0103,REPEALS,2003.0,1999.0
32021O0827,32013O0024,AMENDS,2021.0,2013.0
32023R0894,32016R1868,IMPLICITLY_REPEALS,2023.0,2016.0
32023R0894,32018R1844,IMPLICITLY_REPEALS,2023.0,2018.0
32023R0894,32017R2189,IMPLICITLY_REPEALS,2023.0,2017.0
32023R0894,32020R0657,IMPLICITLY_REPEALS,2023.0,2020.0
32023R0894,32019R2103,IMPLICITLY_REPEALS,2023.0,2019.0
32014D0901,32013D0255,AMENDS,2014.0,2013.0
32021D0394,32014D0119,AMENDS,2021.0,2014.0
32006L0038R(03),32006L0038,CORRECTS,2006.0,2006.0
32023R0155,32010R0356,AMENDS,2023.0,2010.0
32013L0030,32004L0035,AMENDS,2013.0,2004.0
32024R1338,32023R1529,AMENDS,2024.0,2023.0
32025D0166,32014D0219,AMENDS,2025.0,2014.0
31994L0022R(01),31994L0022,DOES_REPLACEMENT,1994.0,1994.0
32017L2399,32014L0059,AMENDS,2017.0,2014.0
32019L0879,32014L0059,DOES_INSERTION,2019.0,2014.0
31981Y0313(02),11951K056,BASED_ON,1981.0,1951.0
32022R1622R(01),32022R1622,CORRECTS,2022.0,2022.0
32023R1215,32014R0269,AMENDS,2023.0,2014.0
32016D2240R(01),32016D2240,CORRECTS,2016.0,2016.0
32020R0171,32006R1907,AMENDS,2020.0,2006.0
31968R0421,31967R0423,AMENDS,1968.0,1967.0
32018R1973,32013R0909,DOES_REPLACEMENT,2018.0,2013.0
32025D0397,32014D0386,AMENDS,2025.0,2014.0
32024R3189,32014R0269,AMENDS,2024.0,2014.0
32024R1317,32023R1803,AMENDS,2024.0,2023.0
32023R1718,32015R2197,AMENDS,2023.0,2015.0
32019R2091,32015R2197,AMENDS,2019.0,2015.0
32023R1608,32019R1021,AMENDS,2023.0,2019.0
32021R0821,32014R0599,REPEALS,2021.0,2014.0
32021R0821,32012R0388,REPEALS,2021.0,2012.0
32021R0821,32014R1382,REPEALS,2021.0,2014.0
32021R0821,32018R1922,REPEALS,2021.0,2018.0
32021R0821,32017R2268,REPEALS,2021.0,2017.0
32021R0821,32020R2171,REPEALS,2021.0,2020.0
32021R0821,32011R1232,REPEALS,2021.0,2011.0
32021R0821,32020R1749,REPEALS,2021.0,2020.0
32021R0821,32016R1969,REPEALS,2021.0,2016.0
32021R0821,32019R2199,REPEALS,2021.0,2019.0
32021R0821,32015R2420,REPEALS,2021.0,2015.0
32021R0821,32009R0428,REPEALS,2021.0,2009.0
32022L0279,32011L0065,AMENDS,2022.0,2011.0
32017R2401,32013R0575,DOES_REPLACEMENT,2017.0,2013.0
32009R1069,32002R1774,REPEALS,2009.0,2002.0
32021D0506(01),32013D0927(02),EXTENDS_APPLICATION,2021.0,2013.0
32006R2024,32005D0864,DEROGATES,2006.0,2005.0
32006R2024,32002D0928,DEROGATES,2006.0,2002.0
32006R2024,31998D0270,DEROGATES,2006.0,1998.0
32006R2024,32005D0303,DEROGATES,2006.0,2005.0
32024D0460,32011D0101,AMENDS,2024.0,2011.0
32024L1640,32019L2177,IMPLICITLY_REPEALS,2024.0,2019.0
32024L1640,32023R1113,IMPLICITLY_REPEALS,2024.0,2023.0
32024L1640,32018L0843,IMPLICITLY_REPEALS,2024.0,2018.0
32022R0094,32011R0540,AMENDS,2022.0,2011.0
32015D1141,32012D0392,AMENDS,2015.0,2012.0
32019R0817,32008R0767,DOES_INSERTION,2019.0,2008.0
32019R0817,32017R2226,DOES_INSERTION,2019.0,2017.0
32003R1831,31970L0524,REPEALS,2003.0,1970.0
32015R0628,32006R1907,AMENDS,2015.0,2006.0
32019D0785,32017D1438,IMPLICITLY_REPEALS,2019.0,2017.0
32019D0785,32009D0343,IMPLICITLY_REPEALS,2019.0,2009.0
32019D0785,32014D0702,IMPLICITLY_REPEALS,2019.0,2014.0
32015L2060,32004D0587,IMPLICITLY_REPEALS,2015.0,2004.0
32015L2060,32014L0048,IMPLICITLY_REPEALS,2015.0,2014.0
32014R0165,32006R0561,IMPLICITLY_REPEALS,2014.0,2006.0
32016D2238,32010D0452,AMENDS,2016.0,2010.0
32020R0891,32014R0447,AMENDS,2020.0,2014.0
32017R1530,32011R0540,AMENDS,2017.0,2011.0
32023R1717,32014L0053,AMENDS,2023.0,2014.0
32022R2059R(01),32022R2059,CORRECTS,2022.0,2022.0
32016D0309,32015D2290,AMENDS,2016.0,2015.0
32020R0696,32008R1008,AMENDS,2020.0,2008.0
32014R0909R(04),32014R0909,CORRECTS,2014.0,2014.0
32022R2400R(01),32022R2400,CORRECTS,2022.0,2022.0
32006E0029,31998D0498,IMPLICITLY_REPEALS,2006.0,1998.0
32006E0029,31999D0481,IMPLICITLY_REPEALS,2006.0,1999.0
32006E0029,32000E0722,IMPLICITLY_REPEALS,2006.0,2000.0
32023R2878,32014R0833,AMENDS,2023.0,2014.0
32016D0220,32011D0101,AMENDS,2016.0,2011.0
32021R1153,32017R1953,IMPLICITLY_REPEALS,2021.0,2017.0
32020D0903,32016D1634,EXTENDS_VALIDITY,2020.0,2016.0
32009L0103,31990L0232,REPEALS,2009.0,1990.0
32009L0103,31972L0166,REPEALS,2009.0,1972.0
32009L0103,32000L0026,REPEALS,2009.0,2000.0
32009L0103,32005L0014,REPEALS,2009.0,2005.0
32009L0103,31984L0005,REPEALS,2009.0,1984.0
32022D2441,32008E0851,AMENDS,2022.0,2008.0
32016R0300,31967R0422,REPEALS,2016.0,1967.0
32017R2401,32013R0575,DOES_INSERTION,2017.0,2013.0
32024L1275,32018L0844,REPEALS,2024.0,2018.0
32023R0706,32022R1369,AMENDS,2023.0,2022.0
32017D1793,32017D1792,AMENDS,2017.0,2017.0
32009R0169,31968R1017,REPEALS,2009.0,1968.0
32009R0169,31969R1629,REPEALS,2009.0,1969.0
32013R1153,32003R0147,AMENDS,2013.0,2003.0
32000D0141,31971R1408,INTERPRETES_AUTHORITATIVELY,2000.0,1971.0
32000D0198,31994D0652,AMENDS,2000.0,1994.0
32015L0863,32011L0065,AMENDS,2015.0,2011.0
32022R1032,32017R1938,AMENDS,2022.0,2017.0
32022R1032,32009R0715,AMENDS,2022.0,2009.0
32012D0808,32011D0341,REPEALS,2012.0,2011.0
32018R0761,32012R1077,REPEALS,2018.0,2012.0
32017R2401,32013R0575,DOES_DELETION,2017.0,2013.0
32009R0169,32003R0001,DOES_DELETION,2009.0,2003.0
32015L0849,32008L0020,IMPLICITLY_REPEALS,2015.0,2008.0
32022L1631,32011L0065,AMENDS,2022.0,2011.0
32014D0860,32012D0173,AMENDS,2014.0,2012.0
32022L2561,32003L0059,REPEALS,2022.0,2003.0
32022R1409,32021R1224,REPEALS,2022.0,2021.0
31996L0067R(01),31996L0067,CORRECTS,1996.0,1996.0
32024R1717,32016R0399,AMENDS,2024.0,2016.0
32024D2830,32022D0911,AMENDS,2024.0,2022.0
32021D0173,32013D0801,REPEALS,2021.0,2013.0
32021D0173,32013D0776,REPEALS,2021.0,2013.0
32021D0173,32013D0779,REPEALS,2021.0,2013.0
32021D0173,32013D0771,REPEALS,2021.0,2013.0
32021D0173,32013D0770,REPEALS,2021.0,2013.0
32021D0173,32013D0778(01),REPEALS,2021.0,2013.0
32013D0372,32011D0077,AMENDS,2013.0,2011.0
32011D0536,32010D0452,AMENDS,2011.0,2010.0
32017R0195,32011R0540,AMENDS,2017.0,2011.0
32014R0596,32003L0006,REPEALS,2014.0,2003.0
32023R2486,32021R2178,AMENDS,2023.0,2021.0
32021D0729,32017D0033,AMENDS,2021.0,2017.0
32020D1101,32020D0491,AMENDS,2020.0,2020.0
32021Y0723(01),32016Y0722(01),AMENDS,2021.0,2016.0
32008R1008,31992R2407,REPEALS,2008.0,1992.0
32008R1008,31992R2408,REPEALS,2008.0,1992.0
32008R1008,31992R2409,REPEALS,2008.0,1992.0
31998L0029,31970L0509,REPEALS,1998.0,1970.0
31998L0029,31970L0510,REPEALS,1998.0,1970.0
32023D2817,32020D0139,REPEALS,2023.0,2020.0
32016L2341,32009L0138,DOES_DELETION,2016.0,2009.0
32016L2341,32013L0014,DOES_DELETION,2016.0,2013.0
32016L2341,32010L0078,DOES_DELETION,2016.0,2010.0
32022R1214,32021R2178,AMENDS,2022.0,2021.0
32022R1214,32021R2139,AMENDS,2022.0,2021.0
32014R0600,32012R0648,AMENDS,2014.0,2012.0
32015D0277,32011D0101,AMENDS,2015.0,2011.0
32022D2441,32008E0851,EXTENDS_VALIDITY,2022.0,2008.0
32016R0217,32006R1907,AMENDS,2016.0,2006.0
32016D0220,32011D0101,EXTENDS_VALIDITY,2016.0,2011.0
32014R0591,32012R0648,EXTENDS_VALIDITY,2014.0,2012.0
32014R0591,32013R0575,EXTENDS_VALIDITY,2014.0,2013.0
32022D2478,32014D0512,AMENDS,2022.0,2014.0
32018R0184,32011R0540,AMENDS,2018.0,2011.0
32019R0817,32008R0767,DOES_DELETION,2019.0,2008.0
32019R0817,32017R2226,DOES_DELETION,2019.0,2017.0
32023D0172,32012D0715,AMENDS,2023.0,2012.0
32024R1789,32022R1032,REPEALS,2024.0,2022.0
32024R1789,32009R0715,REPEALS,2024.0,2009.0
32024R1789,32022R0869,REPEALS,2024.0,2022.0
32024R1789,32013R0347,REPEALS,2024.0,2013.0
32021R2026R(01),32021R2026,CORRECTS,2021.0,2021.0
32021O2256,32015O0012,REPEALS,2021.0,2015.0
32025D0373,32019D0310,EXTENDS_VALIDITY,2025.0,2019.0
32014R1286R(01),32014R1286,CORRECTS,2014.0,2014.0
32023L2413,32015L0652,REPEALS,2023.0,2015.0
32018R0815,32012R0648,EXTENDS_VALIDITY,2018.0,2012.0
32018R0815,32013R0575,EXTENDS_VALIDITY,2018.0,2013.0
32017L2455R(04),32017L2455R(01),CORRECTS,2017.0,2017.0
32012L0034R(04),32012L0034,CORRECTS,2012.0,2012.0
32015R0035R(11),32015R0035,CORRECTS,2015.0,2015.0
32020R0507,32006R1907,AMENDS,2020.0,2006.0
32018R0302,32004R2006,DOES_INSERTION,2018.0,2004.0
32014R1317,32013R0575,EXTENDS_VALIDITY,2014.0,2013.0
32014R1317,32012R0648,EXTENDS_VALIDITY,2014.0,2012.0
32016R0218,32004R0314,AMENDS,2016.0,2004.0
32022R2303,32019R1780,AMENDS,2022.0,2019.0
32021D0730,32019D0025(01),AMENDS,2021.0,2019.0
32016R0214,32004R0314,AMENDS,2016.0,2004.0
32019R1009,32009R1069,DOES_REPLACEMENT,2019.0,2009.0
32017R1800,32013R0151,AMENDS,2017.0,2013.0
32015L2366R(06),32015L2366,CORRECTS,2015.0,2015.0
31986R4058R(03),31986R4058,CORRECTS,1986.0,1986.0
32015L2060,32003L0048,REPEALS,2015.0,2003.0
32022R2503,32019R0627,AMENDS,2022.0,2019.0
32021D0891,32019D0903,REPEALS,2021.0,2019.0
32023R1230,32006L0042,REPEALS,2023.0,2006.0
32019R0818,32018R1862,DOES_INSERTION,2019.0,2018.0
31981Y0313(02),31977Y0727(02),CITES,1981.0,1977.0
31981Y0313(02),31980Y0122(04),CITES,1981.0,1980.0
31981Y0313(02),31979Y0329(02),CITES,1981.0,1979.0
31981Y0313(02),31980Y1024(02),CITES,1981.0,1980.0
32019R0004,31990L0167,REPEALS,2019.0,1990.0
32013R1305,32005R1698,REPEALS,2013.0,2005.0
32006R1907,31993L0105,REPEALS,2006.0,1993.0
32006R1907,31994R1488,REPEALS,2006.0,1994.0
32006R1907,32000L0021,REPEALS,2006.0,2000.0
32006R1907,31976L0769,REPEALS,2006.0,1976.0
32006R1907,31993L0067,REPEALS,2006.0,1993.0
32006R1907,31993R0793,REPEALS,2006.0,1993.0
32006R1907,31991L0155,REPEALS,2006.0,1991.0
32022R0112,32017R0746,AMENDS,2022.0,2017.0
32023R2468,32023R1803,AMENDS,2023.0,2023.0
32012R1024,32008D0049,REPEALS,2012.0,2008.0
32000L0060,31976L0464,REPEALS,2000.0,1976.0
32000L0060,31980L0068,REPEALS,2000.0,1980.0
32023R1803R(01),32023R1803,CORRECTS,2023.0,2023.0
32016L2370,32012L0034,DOES_REPLACEMENT,2016.0,2012.0
32023R0449,32014R0208,AMENDS,2023.0,2014.0
31988L0361,31972L0156,REPEALS,1988.0,1972.0
31988L0361,31960L0921,REPEALS,1988.0,1960.0
32019D0038,32015D0007,REPEALS,2019.0,2015.0
32017R2367,32009L0081,AMENDS,2017.0,2009.0
32019D2113,32016D2356,AMENDS,2019.0,2016.0
32019D1765,32011D0890,REPEALS,2019.0,2011.0
32020R0354,32008L0038,REPEALS,2020.0,2008.0
32013D0463,32013D0236,REPEALS,2013.0,2013.0
32002R0881,32001R0467,REPEALS,2002.0,2001.0
32019R1830,32009L0081,AMENDS,2019.0,2009.0
32023R2482,32006R1907,AMENDS,2023.0,2006.0
32024R3018,32009R0223,AMENDS,2024.0,2009.0
32009L0119R(02),32009L0119,DOES_REPLACEMENT,2009.0,2009.0
31971Y0610(01),11957E103,CITES,1971.0,1957.0
32017R0776R(01),32017R0776,DOES_REPLACEMENT,2017.0,2017.0
32006L0038R(03),32006L0038,DOES_REPLACEMENT,2006.0,2006.0
32020D1332,32017D0017,REPEALS,2020.0,2017.0
32023R2510,32009L0081,AMENDS,2023.0,2009.0
32019R1009,32009R1069,DOES_INSERTION,2019.0,2009.0
32024R1610,32018R0858,AMENDS,2024.0,2018.0
32013D0044,32010D0096,EXTENDS_VALIDITY,2013.0,2010.0
31998L0029,31973D0101(01),IMPLICITLY_REPEALS,1998.0,1973.0
32020D1331,32018D0006(01),IMPLICITLY_REPEALS,2020.0,2018.0
32019R0912,32014R0650,DOES_REPLACEMENT,2019.0,2014.0
32014D0930(01),32009D0713(01),DOES_INSERTION,2014.0,2009.0
32018R1221,32015R0035,DOES_REPLACEMENT,2018.0,2015.0
32021R0923,32014R0604,REPEALS,2021.0,2014.0
32025D0704,32014D0762,REPEALS,2025.0,2014.0
32025D0704,32019D1310,REPEALS,2025.0,2019.0
32018R0223,32004R0314,AMENDS,2018.0,2004.0
32017R2100R(01),32017R2100,CORRECTS,2017.0,2017.0
32018D2008,32014D0219,DOES_REPLACEMENT,2018.0,2014.0
32018D1884,32010D0452,DOES_REPLACEMENT,2018.0,2010.0
32018R1916,32011R0540,DOES_REPLACEMENT,2018.0,2011.0
32019R0818,32018R1862,DOES_DELETION,2019.0,2018.0
32024L1260,32014L0042,REPLACES,2024.0,2014.0
32023D2874,32014D0512,AMENDS,2023.0,2014.0
32015D2290R(01),32015D2290,CORRECTS,2015.0,2015.0
32024R2690,32018R0151,REPEALS,2024.0,2018.0
32020D1312R(01),32020D1312,CORRECTS,2020.0,2020.0
32017R0746R(02),32017R0746,DOES_REPLACEMENT,2017.0,2017.0
32023D2484,32012D0715,AMENDS,2023.0,2012.0
32015R0035R(07),32015R0035,DOES_REPLACEMENT,2015.0,2015.0
32017D0288,32011D0101,AMENDS,2017.0,2011.0
32019D0785R(01),32019D0785,DOES_REPLACEMENT,2019.0,2019.0
32009L0041,31990L0219,REPEALS,2009.0,1990.0
32009L0041,32001D0204,REPEALS,2009.0,2001.0
32009L0041,32005D0174,REPEALS,2009.0,2005.0
32009L0041,31998L0081,REPEALS,2009.0,1998.0
32009L0041,31994L0051,REPEALS,2009.0,1994.0
32017R0776R(02),32017R0776,DOES_REPLACEMENT,2017.0,2017.0
32017D2380,32010L0040,AMENDS,2017.0,2010.0
32024R1772,32022R2554,COMPLETES,2024.0,2022.0
32025R0295,32022R2554,COMPLETES,2025.0,2022.0
32023D2610,32021D0661,REPEALS,2023.0,2021.0
32006R1907R(02),32006R1907,CORRECTS,2006.0,2006.0
32022D2318,32010D0452,AMENDS,2022.0,2010.0
31998D0515,31997D0346,REPEALS,1998.0,1997.0
31998D0515,31994D0797,REPEALS,1998.0,1994.0
32009R0223,32003R1882,IMPLICITLY_REPEALS,2009.0,2003.0
32019D0014(01),32017D0006,REPEALS,2019.0,2017.0
32018R1221,32015R0035,DOES_INSERTION,2018.0,2015.0
32011D0483,32010D0096,AMENDS,2011.0,2010.0
32018D2007,32008E0851,AMENDS,2018.0,2008.0
32022R2328,32013R0575,COMPLETES,2022.0,2013.0
31998D0542,31997D0527,REPEALS,1998.0,1997.0
31998D0542,31996D0629,REPEALS,1998.0,1996.0
31975Y1217(01),31975Y0709(03),CITES,1975.0,1975.0
32024D2667,32023D2130,REPEALS,2024.0,2023.0
32001D0546,31998D0134,REPEALS,2001.0,1998.0
32001D0546,31996D0642,REPEALS,2001.0,1996.0
32006L0111,31980L0723,REPEALS,2006.0,1980.0
32021D0394,32014D0119,EXTENDS_APPLICATION,2021.0,2014.0
32024D0788,32023L2843,EXTENDS_APPLICATION,2024.0,2023.0
32020D0373,32014D0119,EXTENDS_APPLICATION,2020.0,2014.0
32023D1680,32017D0021,REPEALS,2023.0,2017.0
32023D1680,32021D0432,REPEALS,2023.0,2021.0
32023R1804,32019R1745,REPEALS,2023.0,2019.0
32023R1804,32021R1444,REPEALS,2023.0,2021.0
32023R1804,32014L0094,REPEALS,2023.0,2014.0
32024D1848,32021D1745,REPEALS,2024.0,2021.0
32024D0789,32023R2844,EXTENDS_APPLICATION,2024.0,2023.0
32023R1803,32008R1126,REPEALS,2023.0,2008.0
32010R1094,32009D0079,REPEALS,2010.0,2009.0
32015L0849,32006L0070,REPEALS,2015.0,2006.0
32015L0849,32005L0060,REPEALS,2015.0,2005.0
31997D0522,31994D0821,REPEALS,1997.0,1994.0
32018D2008,32014D0219,EXTENDS_VALIDITY,2018.0,2014.0
32018D1884,32010D0452,EXTENDS_VALIDITY,2018.0,2010.0
32018D1656,32017D2074,DOES_REPLACEMENT,2018.0,2017.0
32018R1580,32015R2197,DOES_REPLACEMENT,2018.0,2015.0
32018L1972R(05),32018L1972,CORRECTS,2018.0,2018.0
32020D1700,32017D2074,EXTENDS_VALIDITY,2020.0,2017.0
32024R1307,32021R1232,EXTENDS_VALIDITY,2024.0,2021.0
32012D0503,32010D0452,EXTENDS_VALIDITY,2012.0,2010.0
32023D0457,32014D0119,EXTENDS_VALIDITY,2023.0,2014.0
32024D1339,32017D2074,EXTENDS_VALIDITY,2024.0,2017.0
32022R0244,32019R2033,COMPLETES,2022.0,2019.0
32015R1017,32013R1316,DOES_REPLACEMENT,2015.0,2013.0
32019O0011,32014O0060,DOES_REPLACEMENT,2019.0,2014.0
32022D2318,32010D0452,EXTENDS_VALIDITY,2022.0,2010.0
32019D0235,32008D0411,DOES_REPLACEMENT,2019.0,2008.0
32021R0696,32013R1285,REPEALS,2021.0,2013.0
32021R0696,32010R0912,REPEALS,2021.0,2010.0
32014D0860,32012D0173,EXTENDS_VALIDITY,2014.0,2012.0
32019D2113,32016D2356,EXTENDS_VALIDITY,2019.0,2016.0
32021D0014,32014D0219,EXTENDS_VALIDITY,2021.0,2014.0
32025D0043,32017D2074,EXTENDS_VALIDITY,2025.0,2017.0
32019R0630,32013R0575,DOES_REPLACEMENT,2019.0,2013.0
32018R1903,32009R0767,DOES_REPLACEMENT,2018.0,2009.0
31978D0154,31977D0457,IMPLICITLY_REPEALS,1978.0,1977.0
32015L2366,32009L0111,IMPLICITLY_REPEALS,2015.0,2009.0
31980D0157,31978D0689,IMPLICITLY_REPEALS,1980.0,1978.0
32021R0821,32019R0496,IMPLICITLY_REPEALS,2021.0,2019.0
32023R2175,32015R1798,IMPLICITLY_REPEALS,2023.0,2015.0
32024D0340,32017D0191,IMPLICITLY_REPEALS,2024.0,2017.0
32007E0887,32007E0245,IMPLICITLY_REPEALS,2007.0,2007.0
32016R0679,32003R1882,IMPLICITLY_REPEALS,2016.0,2003.0
32014L0108,32014L0018,IMPLICITLY_REPEALS,2014.0,2014.0
32015L0863,32011L0065,DOES_REPLACEMENT,2015.0,2011.0
32024D0633,32022D0266,EXTENDS_VALIDITY,2024.0,2022.0
32017D0288,32011D0101,EXTENDS_VALIDITY,2017.0,2011.0
32010D0197R(01),32010D0197,CORRECTS,2010.0,2010.0
32022R1288R(01),32022R1288,CORRECTS,2022.0,2022.0
32023R1113,32019R2175,IMPLICITLY_REPEALS,2023.0,2019.0
32015R0035R(07),32015R0035,CORRECTS,2015.0,2015.0
32010D0096R(01),32010D0096,CORRECTS,2010.0,2010.0
32021R0236,32016R2251,AMENDS,2021.0,2016.0
32024R1938,32004L0023,REPEALS,2024.0,2004.0
32022D0339R(02),32022D0339,CORRECTS,2022.0,2022.0
32013D1313,32007D0779(01),REPEALS,2013.0,2007.0
32013D1313,32007D0162,REPEALS,2013.0,2007.0
32020R0521,32013D1313,DEROGATES,2020.0,2013.0
32020R0521,32018R1046,DEROGATES,2020.0,2018.0
32007E0887,32005E0557,REPEALS,2007.0,2005.0
32018R0728,32013R0575,COMPLETES,2018.0,2013.0
32024R0298,32019R1700,COMPLETES,2024.0,2019.0
32007E0147,32006E0319,REPEALS,2007.0,2006.0
31998D0520,31997D0347,REPEALS,1998.0,1997.0
31998D0520,31994D0796,REPEALS,1998.0,1994.0
32018D1884,32010D0452,DOES_INSERTION,2018.0,2010.0
32003D0602,32002D0075,REPEALS,2003.0,2002.0
32021R1153,32014R0283,REPEALS,2021.0,2014.0
32021R1153,32013R1316,REPEALS,2021.0,2013.0
32016L2370,32012L0034,DOES_INSERTION,2016.0,2012.0
32018R0990,32017R1131,DOES_REPLACEMENT,2018.0,2017.0
32018R1717,32010R1093,DOES_REPLACEMENT,2018.0,2010.0
32014D0018,32013D0656,EXTENDS_VALIDITY,2014.0,2013.0
32025D0338,32022D0266,EXTENDS_VALIDITY,2025.0,2022.0
32018R0675,32006R1907,DOES_REPLACEMENT,2018.0,2006.0
32014D0220,32013D0034,EXTENDS_VALIDITY,2014.0,2013.0
32010D0092,32004E0161,EXTENDS_VALIDITY,2010.0,2004.0
32011D0536,32010D0452,EXTENDS_VALIDITY,2011.0,2010.0
32022D0227,32011D0101,EXTENDS_VALIDITY,2022.0,2011.0
32016D2238,32010D0452,EXTENDS_VALIDITY,2016.0,2010.0
32021D0506(01),32020D0807(01),REPLACES,2021.0,2020.0
32024R1157,32007R1418,REPEALS,2024.0,2007.0
32002L0058,31997L0066,REPEALS,2002.0,1997.0
32005D0012,31999D0847,EXTENDS_VALIDITY,2005.0,1999.0
32014D0915,32010D0452,EXTENDS_VALIDITY,2014.0,2010.0
32020Q1222(01),32013Q1220(01),REPLACES,2020.0,2013.0
32023D0096,32014D0219,EXTENDS_VALIDITY,2023.0,2014.0
32025D0166,32014D0219,EXTENDS_VALIDITY,2025.0,2014.0
32016Q0512(01),32003Q1231(01),REPLACES,2016.0,2003.0
32014D0827,32008E0851,EXTENDS_VALIDITY,2014.0,2008.0
32020D2188,32008E0851,EXTENDS_VALIDITY,2020.0,2008.0
32018D2007,32008E0851,DOES_REPLACEMENT,2018.0,2008.0
32018D1656,32017D2074,EXTENDS_VALIDITY,2018.0,2017.0
32018R0405,32013R0575,DOES_REPLACEMENT,2018.0,2013.0
32019R0291,32011R0540,DOES_REPLACEMENT,2019.0,2011.0
32021R0522,32014R0282,REPEALS,2021.0,2014.0
32018R1727,32002D0187,REPEALS,2018.0,2002.0
32023D0339,32011D0101,EXTENDS_VALIDITY,2023.0,2011.0
32013D0089,32011D0101,EXTENDS_VALIDITY,2013.0,2011.0
32021R1043,32013R0575,EXTENDS_VALIDITY,2021.0,2013.0
32004R0013,31971R0281,REPEALS,2004.0,1971.0
32024D1970,32023D1532,EXTENDS_VALIDITY,2024.0,2023.0
32023R0706,32022R1369,EXTENDS_VALIDITY,2023.0,2022.0
32015D0277,32011D0101,EXTENDS_VALIDITY,2015.0,2011.0
32024D0460,32011D0101,EXTENDS_VALIDITY,2024.0,2011.0
32018R0675,32006R1907,DOES_INSERTION,2018.0,2006.0
32019D0762,32014D0219,DOES_REPLACEMENT,2019.0,2014.0
32024D0828,32014D0119,EXTENDS_VALIDITY,2024.0,2014.0
32025R0301,32022R2554,COMPLETES,2025.0,2022.0
32019R0283,32004R0314,DOES_REPLACEMENT,2019.0,2004.0
32023R2579,32023R1803,AMENDS,2023.0,2023.0
32015L1535,31998L0034,REPEALS,2015.0,1998.0
32020L0262,32008L0118,REPEALS,2020.0,2008.0
32021R0695,32013R1290,REPEALS,2021.0,2013.0
32021R0695,32013R1291,REPEALS,2021.0,2013.0
32015R0488,32014R0241,AMENDS,2015.0,2014.0
32023R2592,32011R0540,AMENDS,2023.0,2011.0
32016L2370,32012L0034,DOES_DELETION,2016.0,2012.0
32018R1221,32015R0035,DOES_DELETION,2018.0,2015.0
32019L0879,32014L0059,DOES_DELETION,2019.0,2014.0
32014R0596,32010L0078,DOES_DELETION,2014.0,2010.0
32020R0988,32015R0035,AMENDS,2020.0,2015.0
32020R1224,32017R2402,COMPLETES,2020.0,2017.0
32022R2118,32020R1503,COMPLETES,2022.0,2020.0
32019L0878R(05),32019L0878,CORRECTS,2019.0,2019.0
32015R1515,32012R0648,AMENDS,2015.0,2012.0
32024R1774,32022R2554,COMPLETES,2024.0,2022.0
32017R0390,32014R0909,COMPLETES,2017.0,2014.0
32017D1474,32016L0797,COMPLETES,2017.0,2016.0
32017R0208,32013R0575,COMPLETES,2017.0,2013.0
32022D0266R(03),32022D0266,CORRECTS,2022.0,2022.0
32023D2819,32020D0138,REPEALS,2023.0,2020.0
32021R0453R(02),32021R0453,CORRECTS,2021.0,2021.0
32017R1230,32013R0575,COMPLETES,2017.0,2013.0
32004L0066R(01),32004L0066,CORRECTS,2004.0,2004.0
32009R0767R(01),32009R0767,CORRECTS,2009.0,2009.0
32011D0101R(01),32011D0101,CORRECTS,2011.0,2011.0
32017R0746R(03),32017R0746,CORRECTS,2017.0,2017.0
32014L0051R(02),32014L0051,CORRECTS,2014.0,2014.0
32015D1835R(01),32015D1835,CORRECTS,2015.0,2015.0
32009L0138R(01),32009L0138,CORRECTS,2009.0,2009.0
32019R0630,32013R0575,DOES_INSERTION,2019.0,2013.0
32018R0605,32009R1107,DOES_INSERTION,2018.0,2009.0
32019O0011,32014O0060,DOES_INSERTION,2019.0,2014.0
32018D2007,32008E0851,DOES_INSERTION,2018.0,2008.0
32019D0762,32014D0219,DOES_INSERTION,2019.0,2014.0
32019R1021R(01),32019R1021,CORRECTS,2019.0,2019.0
31997D0545,31996D0071,REPEALS,1997.0,1996.0
32016L0680,32008F0977,REPEALS,2016.0,2008.0
32023D1789,32023D0614,REPEALS,2023.0,2023.0
32019D0785,32007D0131,DOES_REPEAL,2019.0,2007.0
32008E0851,32008E0749,REPEALS,2008.0,2008.0
32019O0011,32014O0060,DOES_DELETION,2019.0,2014.0
32019D1279,32012D0628,REPEALS,2019.0,2012.0
32017R0746R(02),32017R0746,CORRECTS,2017.0,2017.0
32018L1972R(01),32018L1972,CORRECTS,2018.0,2018.0
32019R0630,32013R0575,DOES_DELETION,2019.0,2013.0
32023R0894,32015R2450,REPEALS,2023.0,2015.0
32020D1331,32017D0016,REPEALS,2020.0,2017.0
32015R0035R(06),32015R0035,CORRECTS,2015.0,2015.0
32019R0942,32013R0347,DOES_DELETION,2019.0,2013.0
32021R0453R(01),32021R0453,CORRECTS,2021.0,2021.0
32017R0776R(02),32017R0776,CORRECTS,2017.0,2017.0
31986R4057R(03),31986R4057,CORRECTS,1986.0,1986.0
32019D0785,32007D0131,REPEALS,2019.0,2007.0
32022R0692R(01),32022R0692,CORRECTS,2022.0,2022.0
32019D1281,32014D0245,REPEALS,2019.0,2014.0
32024R1679,32013R1315,REPEALS,2024.0,2013.0
32013R0575R(04),32013R0575,CORRECTS,2013.0,2013.0
32025D0199,32024D2763,REPEALS,2025.0,2024.0
31997L0009,31993L0022,REPEALS,1997.0,1993.0
32024L1640,32015L0849,REPEALS,2024.0,2015.0
32004R0883,31971R1408,REPEALS,2004.0,1971.0
32019R0942,32009R0713,REPEALS,2019.0,2009.0
32023R2175,32014R0625,REPEALS,2023.0,2014.0
32012D0021,32005D0842,REPEALS,2012.0,2005.0
31999R1225,31997R0058,IMPLEMENTS,1999.0,1997.0
32000D0142,31978Y0530(02),REPLACES,2000.0,1978.0
32023R1322,32006R1920,REPEALS,2023.0,2006.0
32024R0827,32014R0208,AMENDS,2024.0,2014.0
31998D0575,31997D0528,REPEALS,1998.0,1997.0
31998D0543,31997D0529,REPEALS,1998.0,1997.0
32019R2013,32017R1369,COMPLETES,2019.0,2017.0
32024R1773,32022R2554,COMPLETES,2024.0,2022.0
32020R2254,32015R2447,DEROGATES,2020.0,2015.0
32016R1450,32014L0059,COMPLETES,2016.0,2014.0
32024R1771,32019R2033,COMPLETES,2024.0,2019.0
32019R0348,32014L0059,COMPLETES,2019.0,2014.0
32024R1728,32013R0575,COMPLETES,2024.0,2013.0
32017R0653,32014R1286,COMPLETES,2017.0,2014.0
32017R0579,32014R0600,COMPLETES,2017.0,2014.0
32023R1577,32013R0575,COMPLETES,2023.0,2013.0
32023R2779,32013R0575,COMPLETES,2023.0,2013.0
32022R2060,32013R0575,COMPLETES,2022.0,2013.0
32021R1340,32014L0059,COMPLETES,2021.0,2014.0
32019R0942,32009R0713,DOES_REPEAL,2019.0,2009.0
32016R0300,31967R0422,DOES_REPEAL,2016.0,1967.0
32023R2175,32017R2402,COMPLETES,2023.0,2017.0
32016L2341,32003L0041,DOES_REPEAL,2016.0,2003.0
32023R1193,32021R0023,COMPLETES,2023.0,2021.0
32022R1622,32013R0575,COMPLETES,2022.0,2013.0
32018R1108,32015L0849,COMPLETES,2018.0,2015.0
32013R0167,32003L0037,DOES_REPEAL,2013.0,2003.0
32024R2571,32024R1157,COMPLETES,2024.0,2024.0
32023R1192,32021R0023,COMPLETES,2023.0,2021.0
32022R2058,32013R0575,COMPLETES,2022.0,2013.0
32023R1578,32013R0575,COMPLETES,2023.0,2013.0
32016R1401,32014L0059,COMPLETES,2016.0,2014.0
32019R0320,32014L0053,COMPLETES,2019.0,2014.0
32023R0370,32021R2115,COMPLETES,2023.0,2021.0
32022R2059,32013R0575,COMPLETES,2022.0,2013.0
32024R1107,32018R1139,COMPLETES,2024.0,2018.0
32022D2306,32008R1338,DEROGATES,2022.0,2008.0
32023R1615,32021R0023,COMPLETES,2023.0,2021.0
32018R1971,32009R1211,DOES_REPEAL,2018.0,2009.0
32023R1651,32019L2034,COMPLETES,2023.0,2019.0
32019R0856,32003L0087,COMPLETES,2019.0,2003.0
32019R1021,32004R0850,DOES_REPEAL,2019.0,2004.0
32023R0511,32013R0575,COMPLETES,2023.0,2013.0
32024D04431,32011D0820(04),REPEALS,2024.0,2011.0
32024R0371,32020L2184,COMPLETES,2024.0,2020.0
32022R1455,32019R2033,COMPLETES,2022.0,2019.0
32017D1483,32006D0804,REPEALS,2017.0,2006.0
32023R2765,32001R2580,IMPLEMENTS,2023.0,2001.0
32007E0338,32005E0792,RELATED_TO,2007.0,2005.0
32016R1127,32001R2580,IMPLEMENTS,2016.0,2001.0
31999R1228,31997R0058,IMPLEMENTS,1999.0,1997.0
32017R2359,32016L0097,COMPLETES,2017.0,2016.0
32018R0959,32013R0575,COMPLETES,2018.0,2013.0
32021R0598,32013R0575,COMPLETES,2021.0,2013.0
32019R1122,32003L0087,COMPLETES,2019.0,2003.0
32020R1732,32017R2402,COMPLETES,2020.0,2017.0
32006D0375,32003L0054,DEROGATES,2006.0,2003.0
32021R2153,32019L2034,COMPLETES,2021.0,2019.0
32019D0310,32006L0112,DEROGATES,2019.0,2006.0
32025R0300,32023R1114,COMPLETES,2025.0,2023.0
32020R1740,32012R0844,REPEALS,2020.0,2012.0
32021R0654,32018L1972,COMPLETES,2021.0,2018.0
32022R0466,32014R0600,COMPLETES,2022.0,2014.0
32024R2024,32020R1056,COMPLETES,2024.0,2020.0
32021R0697,32018R1092,REPEALS,2021.0,2018.0
32022D2351,32022D0657,REPEALS,2022.0,2022.0
32021R1232,32002L0058,DEROGATES,2021.0,2002.0
32016R1178,32012R0648,COMPLETES,2016.0,2012.0
31998D0522,31995D0290,REPEALS,1998.0,1995.0
32023R2830,32003L0087,COMPLETES,2023.0,2003.0
32016R0679,31995L0046,REPEALS,2016.0,1995.0
32009L0103,31988L0357,DEROGATES,2009.0,1988.0
32018R0990,32017R1131,COMPLETES,2018.0,2017.0
32021R1415,32017R2402,COMPLETES,2021.0,2017.0
32021R1173,32018R1488,REPEALS,2021.0,2018.0
32020R1423,32015L2366,COMPLETES,2020.0,2015.0
32019D1277,32012D0630,REPEALS,2019.0,2012.0
32019R0758,32015L0849,COMPLETES,2019.0,2015.0
32023R1113,32015R0847,REPEALS,2023.0,2015.0
32018R0858,32007L0046,REPEALS,2018.0,2007.0
32018R0171,32013R0575,COMPLETES,2018.0,2013.0
32011D0048,32007R1451,DEROGATES,2011.0,2007.0
32014D0085,32007R1451,DEROGATES,2014.0,2007.0
32021R1118,32014L0059,COMPLETES,2021.0,2014.0
32020R1229,32017R2402,COMPLETES,2020.0,2017.0
32023R1616,32021R0023,COMPLETES,2023.0,2021.0
32022R0025,32019R2033,COMPLETES,2022.0,2019.0
32021R2154,32019L2034,COMPLETES,2021.0,2019.0
32023R0840,32021R0023,COMPLETES,2023.0,2021.0
32023R0206,32013R0575,COMPLETES,2023.0,2013.0
32020R1230,32017R2402,COMPLETES,2020.0,2017.0
32016D1195,32014L0025,DEROGATES,2016.0,2014.0
32024R2514,32022R2399,COMPLETES,2024.0,2022.0
32006E0029,31996E0184,REPEALS,2006.0,1996.0
32020R1304,32012R0648,COMPLETES,2020.0,2012.0
32016R1649,32013R1316,COMPLETES,2016.0,2013.0
32017R1926,32010L0040,COMPLETES,2017.0,2010.0
32016R2251,32012R0648,COMPLETES,2016.0,2012.0
32023R2534,32017R1369,COMPLETES,2023.0,2017.0
32024R0370,31998L0083,COMPLETES,2024.0,1998.0
32019D1278,32014D0248,REPEALS,2019.0,2014.0
31985D0636,31984D0520,AMENDS,1985.0,1984.0
32019L0713,32001F0413,REPLACES,2019.0,2001.0
32002L0058,31997L0066,REPLACES,2002.0,1997.0
32014R0185,32011R0142,CORRECTS,2014.0,2011.0
32014H0881,32011H0622,REPLACES,2014.0,2011.0
31996D0172,31986Y0131,REPLACES,1996.0,1986.0
32022R2371,32013D1082,REPEALS,2022.0,2013.0
32016D1353,32007D0643,REPEALS,2016.0,2007.0
32015L2366,32007L0064,REPEALS,2015.0,2007.0
32015D0457,32007D0124,REPEALS,2015.0,2007.0
32023R2830,32010R1031,REPEALS,2023.0,2010.0
32024D0340,32010D0166,REPEALS,2024.0,2010.0
32019R0715,32013R1271,REPEALS,2019.0,2013.0
32011D0101,32004E0161,REPEALS,2011.0,2004.0
32019R0881,32013R0526,REPEALS,2019.0,2013.0
32017D1968,32016D0808,REPEALS,2017.0,2016.0
32021R0451,32014R0680,REPEALS,2021.0,2014.0
31978D0154,31975D0487,REPEALS,1978.0,1975.0
32022D0911,32007D0007,REPEALS,2022.0,2007.0
32005L0082,31990L0544,REPEALS,2005.0,1990.0
32003R0260,31992D0290,REPEALS,2003.0,1992.0
32014D0951,32014D0103,REPEALS,2014.0,2014.0
