source,target,type
http://eurovoc.europa.eu/100149,http://eurovoc.europa.eu/100213,PARENT_CONCEPT_OF
http://eurovoc.europa.eu/100150,http://eurovoc.europa.eu/100220,PARENT_CONCEPT_OF
http://eurovoc.europa.eu/100146,http://eurovoc.europa.eu/100187,PARENT_CONCEPT_OF
http://eurovoc.europa.eu/100146,http://eurovoc.europa.eu/100186,PARENT_CONCEPT_OF
http://eurovoc.europa.eu/100155,http://eurovoc.europa.eu/100244,PARENT_CONCEPT_OF
http://eurovoc.europa.eu/100143,http://eurovoc.europa.eu/100171,PARENT_CONCEPT_OF
http://eurovoc.europa.eu/100159,http://eurovoc.europa.eu/100263,PARENT_CONCEPT_OF
http://eurovoc.europa.eu/100148,http://eurovoc.europa.eu/100206,PARENT_CONCEPT_OF
http://eurovoc.europa.eu/100154,http://eurovoc.europa.eu/100240,PARENT_CONCEPT_OF
http://eurovoc.europa.eu/100149,http://eurovoc.europa.eu/100211,PARENT_CONCEPT_OF
http://eurovoc.europa.eu/100156,http://eurovoc.europa.eu/100252,PARENT_CONCEPT_OF
http://eurovoc.europa.eu/100149,http://eurovoc.europa.eu/100210,PARENT_CONCEPT_OF
http://eurovoc.europa.eu/100156,http://eurovoc.europa.eu/100251,PARENT_CONCEPT_OF
http://eurovoc.europa.eu/100144,http://eurovoc.europa.eu/100177,PARENT_CONCEPT_OF
http://eurovoc.europa.eu/100156,http://eurovoc.europa.eu/100248,PARENT_CONCEPT_OF
http://eurovoc.europa.eu/100162,http://eurovoc.europa.eu/100289,PARENT_CONCEPT_OF
http://eurovoc.europa.eu/100160,http://eurovoc.europa.eu/100268,PARENT_CONCEPT_OF
http://eurovoc.europa.eu/100162,http://eurovoc.europa.eu/100288,PARENT_CONCEPT_OF
http://eurovoc.europa.eu/100147,http://eurovoc.europa.eu/100195,PARENT_CONCEPT_OF
http://eurovoc.europa.eu/100148,http://eurovoc.europa.eu/100204,PARENT_CONCEPT_OF
http://eurovoc.europa.eu/100152,http://eurovoc.europa.eu/100231,PARENT_CONCEPT_OF
http://eurovoc.europa.eu/100150,http://eurovoc.europa.eu/100223,PARENT_CONCEPT_OF
http://eurovoc.europa.eu/100148,http://eurovoc.europa.eu/100201,PARENT_CONCEPT_OF
http://eurovoc.europa.eu/100158,http://eurovoc.europa.eu/100262,PARENT_CONCEPT_OF
http://eurovoc.europa.eu/100156,http://eurovoc.europa.eu/100247,PARENT_CONCEPT_OF
http://eurovoc.europa.eu/100158,http://eurovoc.europa.eu/100261,PARENT_CONCEPT_OF
http://eurovoc.europa.eu/100157,http://eurovoc.europa.eu/100253,PARENT_CONCEPT_OF
http://eurovoc.europa.eu/100143,http://eurovoc.europa.eu/100173,PARENT_CONCEPT_OF
http://eurovoc.europa.eu/100161,http://eurovoc.europa.eu/100280,PARENT_CONCEPT_OF
http://eurovoc.europa.eu/100153,http://eurovoc.europa.eu/100236,PARENT_CONCEPT_OF
http://eurovoc.europa.eu/100156,http://eurovoc.europa.eu/100249,PARENT_CONCEPT_OF
http://eurovoc.europa.eu/100155,http://eurovoc.europa.eu/100243,PARENT_CONCEPT_OF
http://eurovoc.europa.eu/100153,http://eurovoc.europa.eu/100235,PARENT_CONCEPT_OF
http://eurovoc.europa.eu/100148,http://eurovoc.europa.eu/100207,PARENT_CONCEPT_OF
http://eurovoc.europa.eu/100150,http://eurovoc.europa.eu/100218,PARENT_CONCEPT_OF
http://eurovoc.europa.eu/100153,http://eurovoc.europa.eu/100232,PARENT_CONCEPT_OF
http://eurovoc.europa.eu/100145,http://eurovoc.europa.eu/100178,PARENT_CONCEPT_OF
http://eurovoc.europa.eu/100149,http://eurovoc.europa.eu/100216,PARENT_CONCEPT_OF
http://eurovoc.europa.eu/100159,http://eurovoc.europa.eu/100264,PARENT_CONCEPT_OF
http://eurovoc.europa.eu/100160,http://eurovoc.europa.eu/100276,PARENT_CONCEPT_OF
http://eurovoc.europa.eu/100142,http://eurovoc.europa.eu/100163,PARENT_CONCEPT_OF
http://eurovoc.europa.eu/100146,http://eurovoc.europa.eu/100190,PARENT_CONCEPT_OF
http://eurovoc.europa.eu/100161,http://eurovoc.europa.eu/100282,PARENT_CONCEPT_OF
http://eurovoc.europa.eu/100160,http://eurovoc.europa.eu/100274,PARENT_CONCEPT_OF
http://eurovoc.europa.eu/100162,http://eurovoc.europa.eu/100287,PARENT_CONCEPT_OF
http://eurovoc.europa.eu/100145,http://eurovoc.europa.eu/100179,PARENT_CONCEPT_OF
http://eurovoc.europa.eu/100160,http://eurovoc.europa.eu/100272,PARENT_CONCEPT_OF
http://eurovoc.europa.eu/100152,http://eurovoc.europa.eu/100229,PARENT_CONCEPT_OF
http://eurovoc.europa.eu/100142,http://eurovoc.europa.eu/100167,PARENT_CONCEPT_OF
http://eurovoc.europa.eu/100159,http://eurovoc.europa.eu/100265,PARENT_CONCEPT_OF
http://eurovoc.europa.eu/100145,http://eurovoc.europa.eu/100180,PARENT_CONCEPT_OF
http://eurovoc.europa.eu/100149,http://eurovoc.europa.eu/100209,PARENT_CONCEPT_OF
http://eurovoc.europa.eu/100161,http://eurovoc.europa.eu/100278,PARENT_CONCEPT_OF
http://eurovoc.europa.eu/100142,http://eurovoc.europa.eu/100164,PARENT_CONCEPT_OF
http://eurovoc.europa.eu/100147,http://eurovoc.europa.eu/100191,PARENT_CONCEPT_OF
http://eurovoc.europa.eu/100148,http://eurovoc.europa.eu/100205,PARENT_CONCEPT_OF
http://eurovoc.europa.eu/100159,http://eurovoc.europa.eu/100266,PARENT_CONCEPT_OF
http://eurovoc.europa.eu/100142,http://eurovoc.europa.eu/100166,PARENT_CONCEPT_OF
http://eurovoc.europa.eu/100148,http://eurovoc.europa.eu/100199,PARENT_CONCEPT_OF
http://eurovoc.europa.eu/100147,http://eurovoc.europa.eu/100192,PARENT_CONCEPT_OF
http://eurovoc.europa.eu/100152,http://eurovoc.europa.eu/100230,PARENT_CONCEPT_OF
http://eurovoc.europa.eu/100160,http://eurovoc.europa.eu/100271,PARENT_CONCEPT_OF
http://eurovoc.europa.eu/100152,http://eurovoc.europa.eu/100228,PARENT_CONCEPT_OF
http://eurovoc.europa.eu/100156,http://eurovoc.europa.eu/100250,PARENT_CONCEPT_OF
http://eurovoc.europa.eu/100155,http://eurovoc.europa.eu/100242,PARENT_CONCEPT_OF
http://eurovoc.europa.eu/100152,http://eurovoc.europa.eu/100227,PARENT_CONCEPT_OF
http://eurovoc.europa.eu/100157,http://eurovoc.europa.eu/100254,PARENT_CONCEPT_OF
http://eurovoc.europa.eu/100156,http://eurovoc.europa.eu/100246,PARENT_CONCEPT_OF
http://eurovoc.europa.eu/100151,http://eurovoc.europa.eu/100224,PARENT_CONCEPT_OF
http://eurovoc.europa.eu/100157,http://eurovoc.europa.eu/100257,PARENT_CONCEPT_OF
http://eurovoc.europa.eu/100142,http://eurovoc.europa.eu/100168,PARENT_CONCEPT_OF
http://eurovoc.europa.eu/100153,http://eurovoc.europa.eu/100233,PARENT_CONCEPT_OF
http://eurovoc.europa.eu/100157,http://eurovoc.europa.eu/100259,PARENT_CONCEPT_OF
http://eurovoc.europa.eu/100161,http://eurovoc.europa.eu/100281,PARENT_CONCEPT_OF
http://eurovoc.europa.eu/100147,http://eurovoc.europa.eu/100194,PARENT_CONCEPT_OF
http://eurovoc.europa.eu/100158,http://eurovoc.europa.eu/100260,PARENT_CONCEPT_OF
http://eurovoc.europa.eu/100142,http://eurovoc.europa.eu/100169,PARENT_CONCEPT_OF
http://eurovoc.europa.eu/100146,http://eurovoc.europa.eu/100189,PARENT_CONCEPT_OF
http://eurovoc.europa.eu/100154,http://eurovoc.europa.eu/100238,PARENT_CONCEPT_OF
http://eurovoc.europa.eu/100156,http://eurovoc.europa.eu/100245,PARENT_CONCEPT_OF
http://eurovoc.europa.eu/100142,http://eurovoc.europa.eu/100165,PARENT_CONCEPT_OF
http://eurovoc.europa.eu/100162,http://eurovoc.europa.eu/100285,PARENT_CONCEPT_OF
http://eurovoc.europa.eu/100148,http://eurovoc.europa.eu/100198,PARENT_CONCEPT_OF
http://eurovoc.europa.eu/100157,http://eurovoc.europa.eu/100256,PARENT_CONCEPT_OF
http://eurovoc.europa.eu/100145,http://eurovoc.europa.eu/100184,PARENT_CONCEPT_OF
http://eurovoc.europa.eu/100145,http://eurovoc.europa.eu/100183,PARENT_CONCEPT_OF
http://eurovoc.europa.eu/100150,http://eurovoc.europa.eu/100219,PARENT_CONCEPT_OF
http://eurovoc.europa.eu/100146,http://eurovoc.europa.eu/100188,PARENT_CONCEPT_OF
http://eurovoc.europa.eu/100145,http://eurovoc.europa.eu/100182,PARENT_CONCEPT_OF
http://eurovoc.europa.eu/100150,http://eurovoc.europa.eu/100221,PARENT_CONCEPT_OF
http://eurovoc.europa.eu/100144,http://eurovoc.europa.eu/100175,PARENT_CONCEPT_OF
http://eurovoc.europa.eu/100148,http://eurovoc.europa.eu/100200,PARENT_CONCEPT_OF
http://eurovoc.europa.eu/100160,http://eurovoc.europa.eu/100273,PARENT_CONCEPT_OF
http://eurovoc.europa.eu/100157,http://eurovoc.europa.eu/100258,PARENT_CONCEPT_OF
http://eurovoc.europa.eu/100148,http://eurovoc.europa.eu/100203,PARENT_CONCEPT_OF
http://eurovoc.europa.eu/100146,http://eurovoc.europa.eu/100185,PARENT_CONCEPT_OF
http://eurovoc.europa.eu/100144,http://eurovoc.europa.eu/100176,PARENT_CONCEPT_OF
http://eurovoc.europa.eu/100149,http://eurovoc.europa.eu/100214,PARENT_CONCEPT_OF
http://eurovoc.europa.eu/100161,http://eurovoc.europa.eu/100283,PARENT_CONCEPT_OF
http://eurovoc.europa.eu/100143,http://eurovoc.europa.eu/100170,PARENT_CONCEPT_OF
http://eurovoc.europa.eu/100152,http://eurovoc.europa.eu/100226,PARENT_CONCEPT_OF
http://eurovoc.europa.eu/100159,http://eurovoc.europa.eu/100267,PARENT_CONCEPT_OF
http://eurovoc.europa.eu/100151,http://eurovoc.europa.eu/100225,PARENT_CONCEPT_OF
http://eurovoc.europa.eu/100162,http://eurovoc.europa.eu/100286,PARENT_CONCEPT_OF
http://eurovoc.europa.eu/100161,http://eurovoc.europa.eu/100277,PARENT_CONCEPT_OF
http://eurovoc.europa.eu/100148,http://eurovoc.europa.eu/100202,PARENT_CONCEPT_OF
http://eurovoc.europa.eu/100161,http://eurovoc.europa.eu/100284,PARENT_CONCEPT_OF
http://eurovoc.europa.eu/100150,http://eurovoc.europa.eu/100222,PARENT_CONCEPT_OF
http://eurovoc.europa.eu/100160,http://eurovoc.europa.eu/100270,PARENT_CONCEPT_OF
http://eurovoc.europa.eu/100157,http://eurovoc.europa.eu/100255,PARENT_CONCEPT_OF
http://eurovoc.europa.eu/100153,http://eurovoc.europa.eu/100234,PARENT_CONCEPT_OF
http://eurovoc.europa.eu/100154,http://eurovoc.europa.eu/100239,PARENT_CONCEPT_OF
http://eurovoc.europa.eu/100149,http://eurovoc.europa.eu/100212,PARENT_CONCEPT_OF
http://eurovoc.europa.eu/100145,http://eurovoc.europa.eu/100181,PARENT_CONCEPT_OF
http://eurovoc.europa.eu/100154,http://eurovoc.europa.eu/100237,PARENT_CONCEPT_OF
http://eurovoc.europa.eu/100147,http://eurovoc.europa.eu/100193,PARENT_CONCEPT_OF
http://eurovoc.europa.eu/100149,http://eurovoc.europa.eu/100208,PARENT_CONCEPT_OF
http://eurovoc.europa.eu/100147,http://eurovoc.europa.eu/100196,PARENT_CONCEPT_OF
http://eurovoc.europa.eu/100160,http://eurovoc.europa.eu/100275,PARENT_CONCEPT_OF
http://eurovoc.europa.eu/100154,http://eurovoc.europa.eu/100241,PARENT_CONCEPT_OF
http://eurovoc.europa.eu/100144,http://eurovoc.europa.eu/100174,PARENT_CONCEPT_OF
http://eurovoc.europa.eu/100161,http://eurovoc.europa.eu/100279,PARENT_CONCEPT_OF
http://eurovoc.europa.eu/100150,http://eurovoc.europa.eu/100217,PARENT_CONCEPT_OF
http://eurovoc.europa.eu/100143,http://eurovoc.europa.eu/100172,PARENT_CONCEPT_OF
http://eurovoc.europa.eu/100149,http://eurovoc.europa.eu/100215,PARENT_CONCEPT_OF
http://eurovoc.europa.eu/100160,http://eurovoc.europa.eu/100269,PARENT_CONCEPT_OF
http://eurovoc.europa.eu/100147,http://eurovoc.europa.eu/100197,PARENT_CONCEPT_OF
http://eurovoc.europa.eu/1800,http://eurovoc.europa.eu/770,PARENT_CONCEPT_OF
http://eurovoc.europa.eu/4705,http://eurovoc.europa.eu/7341,PARENT_CONCEPT_OF
http://eurovoc.europa.eu/3278,http://eurovoc.europa.eu/c_243b7be2,PARENT_CONCEPT_OF
http://eurovoc.europa.eu/4554,http://eurovoc.europa.eu/3606,PARENT_CONCEPT_OF
http://eurovoc.europa.eu/4554,http://eurovoc.europa.eu/446,PARENT_CONCEPT_OF
http://eurovoc.europa.eu/2188,http://eurovoc.europa.eu/2201,PARENT_CONCEPT_OF
http://eurovoc.europa.eu/2188,http://eurovoc.europa.eu/25,PARENT_CONCEPT_OF
http://eurovoc.europa.eu/4479,http://eurovoc.europa.eu/4035,PARENT_CONCEPT_OF
http://eurovoc.europa.eu/525,http://eurovoc.europa.eu/2897,PARENT_CONCEPT_OF
http://eurovoc.europa.eu/525,http://eurovoc.europa.eu/5498,PARENT_CONCEPT_OF
http://eurovoc.europa.eu/285,http://eurovoc.europa.eu/289,PARENT_CONCEPT_OF
http://eurovoc.europa.eu/637,http://eurovoc.europa.eu/653,PARENT_CONCEPT_OF
http://eurovoc.europa.eu/317,http://eurovoc.europa.eu/4873,PARENT_CONCEPT_OF
http://eurovoc.europa.eu/317,http://eurovoc.europa.eu/5996,PARENT_CONCEPT_OF
http://eurovoc.europa.eu/2688,http://eurovoc.europa.eu/2023,PARENT_CONCEPT_OF
http://eurovoc.europa.eu/3257,http://eurovoc.europa.eu/1244,PARENT_CONCEPT_OF
http://eurovoc.europa.eu/3257,http://eurovoc.europa.eu/1454,PARENT_CONCEPT_OF
http://eurovoc.europa.eu/2459,http://eurovoc.europa.eu/6563,PARENT_CONCEPT_OF
http://eurovoc.europa.eu/5283,http://eurovoc.europa.eu/5063,PARENT_CONCEPT_OF
http://eurovoc.europa.eu/5283,http://eurovoc.europa.eu/2543,PARENT_CONCEPT_OF
http://eurovoc.europa.eu/1794,http://eurovoc.europa.eu/1842,PARENT_CONCEPT_OF
http://eurovoc.europa.eu/5776,http://eurovoc.europa.eu/4572,PARENT_CONCEPT_OF
http://eurovoc.europa.eu/8366,http://eurovoc.europa.eu/3858,PARENT_CONCEPT_OF
http://eurovoc.europa.eu/8366,http://eurovoc.europa.eu/6278,PARENT_CONCEPT_OF
http://eurovoc.europa.eu/8366,http://eurovoc.europa.eu/4160,PARENT_CONCEPT_OF
http://eurovoc.europa.eu/8366,http://eurovoc.europa.eu/2037,PARENT_CONCEPT_OF
http://eurovoc.europa.eu/1844,http://eurovoc.europa.eu/691,PARENT_CONCEPT_OF
http://eurovoc.europa.eu/5083,http://eurovoc.europa.eu/3415,PARENT_CONCEPT_OF
http://eurovoc.europa.eu/5083,http://eurovoc.europa.eu/993,PARENT_CONCEPT_OF
http://eurovoc.europa.eu/5265,http://eurovoc.europa.eu/4342,PARENT_CONCEPT_OF
http://eurovoc.europa.eu/5265,http://eurovoc.europa.eu/4816,PARENT_CONCEPT_OF
http://eurovoc.europa.eu/187,http://eurovoc.europa.eu/2084,PARENT_CONCEPT_OF
http://eurovoc.europa.eu/c_964c9649,http://eurovoc.europa.eu/1355,PARENT_CONCEPT_OF
http://eurovoc.europa.eu/6205,http://eurovoc.europa.eu/4160,PARENT_CONCEPT_OF
http://eurovoc.europa.eu/6205,http://eurovoc.europa.eu/1767,PARENT_CONCEPT_OF
http://eurovoc.europa.eu/6205,http://eurovoc.europa.eu/1254,PARENT_CONCEPT_OF
http://eurovoc.europa.eu/5087,http://eurovoc.europa.eu/1255,PARENT_CONCEPT_OF
http://eurovoc.europa.eu/5087,http://eurovoc.europa.eu/1968,PARENT_CONCEPT_OF
http://eurovoc.europa.eu/5302,http://eurovoc.europa.eu/2058,PARENT_CONCEPT_OF
http://eurovoc.europa.eu/5302,http://eurovoc.europa.eu/4161,PARENT_CONCEPT_OF
http://eurovoc.europa.eu/5302,http://eurovoc.europa.eu/5108,PARENT_CONCEPT_OF
http://eurovoc.europa.eu/5780,http://eurovoc.europa.eu/5930,PARENT_CONCEPT_OF
http://eurovoc.europa.eu/c_b2c019c8,http://eurovoc.europa.eu/3857,PARENT_CONCEPT_OF
http://eurovoc.europa.eu/c_b2c019c8,http://eurovoc.europa.eu/1841,PARENT_CONCEPT_OF
http://eurovoc.europa.eu/c_b2c019c8,http://eurovoc.europa.eu/1509,PARENT_CONCEPT_OF
http://eurovoc.europa.eu/2106,http://eurovoc.europa.eu/1182,PARENT_CONCEPT_OF
http://eurovoc.europa.eu/1105,http://eurovoc.europa.eu/314,PARENT_CONCEPT_OF
http://eurovoc.europa.eu/1105,http://eurovoc.europa.eu/2331,PARENT_CONCEPT_OF
http://eurovoc.europa.eu/2737,http://eurovoc.europa.eu/1564,PARENT_CONCEPT_OF
http://eurovoc.europa.eu/2737,http://eurovoc.europa.eu/2121,PARENT_CONCEPT_OF
http://eurovoc.europa.eu/2469,http://eurovoc.europa.eu/7948,PARENT_CONCEPT_OF
http://eurovoc.europa.eu/2469,http://eurovoc.europa.eu/c_c2e62947,PARENT_CONCEPT_OF
http://eurovoc.europa.eu/2351,http://eurovoc.europa.eu/1537,PARENT_CONCEPT_OF
http://eurovoc.europa.eu/2351,http://eurovoc.europa.eu/3990,PARENT_CONCEPT_OF
http://eurovoc.europa.eu/5923,http://eurovoc.europa.eu/2982,PARENT_CONCEPT_OF
http://eurovoc.europa.eu/2702,http://eurovoc.europa.eu/6892,PARENT_CONCEPT_OF
http://eurovoc.europa.eu/2702,http://eurovoc.europa.eu/3703,PARENT_CONCEPT_OF
http://eurovoc.europa.eu/486,http://eurovoc.europa.eu/4456,PARENT_CONCEPT_OF
http://eurovoc.europa.eu/486,http://eurovoc.europa.eu/5277,PARENT_CONCEPT_OF
http://eurovoc.europa.eu/4415,http://eurovoc.europa.eu/4496,PARENT_CONCEPT_OF
http://eurovoc.europa.eu/3689,http://eurovoc.europa.eu/3694,PARENT_CONCEPT_OF
http://eurovoc.europa.eu/1737,http://eurovoc.europa.eu/2868,PARENT_CONCEPT_OF
http://eurovoc.europa.eu/1012,http://eurovoc.europa.eu/4383,PARENT_CONCEPT_OF
http://eurovoc.europa.eu/929,http://eurovoc.europa.eu/3253,PARENT_CONCEPT_OF
http://eurovoc.europa.eu/2698,http://eurovoc.europa.eu/875,PARENT_CONCEPT_OF
http://eurovoc.europa.eu/2493,http://eurovoc.europa.eu/5373,PARENT_CONCEPT_OF
http://eurovoc.europa.eu/2972,http://eurovoc.europa.eu/2194,PARENT_CONCEPT_OF
http://eurovoc.europa.eu/873,http://eurovoc.europa.eu/629,PARENT_CONCEPT_OF
http://eurovoc.europa.eu/2170,http://eurovoc.europa.eu/5264,PARENT_CONCEPT_OF
http://eurovoc.europa.eu/2190,http://eurovoc.europa.eu/7211,PARENT_CONCEPT_OF
http://eurovoc.europa.eu/2190,http://eurovoc.europa.eu/c_ce38fff4,PARENT_CONCEPT_OF
http://eurovoc.europa.eu/2167,http://eurovoc.europa.eu/5286,PARENT_CONCEPT_OF
http://eurovoc.europa.eu/2171,http://eurovoc.europa.eu/5530,PARENT_CONCEPT_OF
http://eurovoc.europa.eu/2163,http://eurovoc.europa.eu/5508,PARENT_CONCEPT_OF
http://eurovoc.europa.eu/1451,http://eurovoc.europa.eu/128,PARENT_CONCEPT_OF
http://eurovoc.europa.eu/5769,http://eurovoc.europa.eu/c_8a658bb0,PARENT_CONCEPT_OF
http://eurovoc.europa.eu/5769,http://eurovoc.europa.eu/5641,PARENT_CONCEPT_OF
http://eurovoc.europa.eu/5769,http://eurovoc.europa.eu/7985,PARENT_CONCEPT_OF
http://eurovoc.europa.eu/5769,http://eurovoc.europa.eu/447795,PARENT_CONCEPT_OF
http://eurovoc.europa.eu/5769,http://eurovoc.europa.eu/5757,PARENT_CONCEPT_OF
http://eurovoc.europa.eu/5769,http://eurovoc.europa.eu/5758,PARENT_CONCEPT_OF
http://eurovoc.europa.eu/5130,http://eurovoc.europa.eu/1048,PARENT_CONCEPT_OF
http://eurovoc.europa.eu/2515,http://eurovoc.europa.eu/431,PARENT_CONCEPT_OF
http://eurovoc.europa.eu/4706,http://eurovoc.europa.eu/5160,PARENT_CONCEPT_OF
http://eurovoc.europa.eu/4706,http://eurovoc.europa.eu/2270,PARENT_CONCEPT_OF
http://eurovoc.europa.eu/4706,http://eurovoc.europa.eu/6549,PARENT_CONCEPT_OF
http://eurovoc.europa.eu/956,http://eurovoc.europa.eu/1716,PARENT_CONCEPT_OF
http://eurovoc.europa.eu/956,http://eurovoc.europa.eu/236,PARENT_CONCEPT_OF
http://eurovoc.europa.eu/1602,http://eurovoc.europa.eu/1604,PARENT_CONCEPT_OF
http://eurovoc.europa.eu/5360,http://eurovoc.europa.eu/1744,PARENT_CONCEPT_OF
http://eurovoc.europa.eu/3956,http://eurovoc.europa.eu/892,PARENT_CONCEPT_OF
http://eurovoc.europa.eu/1412,http://eurovoc.europa.eu/3731,PARENT_CONCEPT_OF
http://eurovoc.europa.eu/3098,http://eurovoc.europa.eu/4526,PARENT_CONCEPT_OF
http://eurovoc.europa.eu/2181,http://eurovoc.europa.eu/4529,PARENT_CONCEPT_OF
http://eurovoc.europa.eu/2181,http://eurovoc.europa.eu/5152,PARENT_CONCEPT_OF
http://eurovoc.europa.eu/5371,http://eurovoc.europa.eu/5835,PARENT_CONCEPT_OF
http://eurovoc.europa.eu/5400,http://eurovoc.europa.eu/5596,PARENT_CONCEPT_OF
http://eurovoc.europa.eu/3185,http://eurovoc.europa.eu/4817,PARENT_CONCEPT_OF
http://eurovoc.europa.eu/2481,http://eurovoc.europa.eu/6292,PARENT_CONCEPT_OF
http://eurovoc.europa.eu/2481,http://eurovoc.europa.eu/2177,PARENT_CONCEPT_OF
http://eurovoc.europa.eu/2481,http://eurovoc.europa.eu/3633,PARENT_CONCEPT_OF
http://eurovoc.europa.eu/3929,http://eurovoc.europa.eu/3932,PARENT_CONCEPT_OF
http://eurovoc.europa.eu/1074,http://eurovoc.europa.eu/c_090e8e94,PARENT_CONCEPT_OF
http://eurovoc.europa.eu/5974,http://eurovoc.europa.eu/5983,PARENT_CONCEPT_OF
http://eurovoc.europa.eu/2468,http://eurovoc.europa.eu/3523,PARENT_CONCEPT_OF
http://eurovoc.europa.eu/3522,http://eurovoc.europa.eu/5329,PARENT_CONCEPT_OF
http://eurovoc.europa.eu/2448,http://eurovoc.europa.eu/5050,PARENT_CONCEPT_OF
http://eurovoc.europa.eu/2448,http://eurovoc.europa.eu/843,PARENT_CONCEPT_OF
http://eurovoc.europa.eu/2448,http://eurovoc.europa.eu/1824,PARENT_CONCEPT_OF
http://eurovoc.europa.eu/1018,http://eurovoc.europa.eu/5052,PARENT_CONCEPT_OF
http://eurovoc.europa.eu/4565,http://eurovoc.europa.eu/3882,PARENT_CONCEPT_OF
http://eurovoc.europa.eu/4565,http://eurovoc.europa.eu/1145,PARENT_CONCEPT_OF
http://eurovoc.europa.eu/3879,http://eurovoc.europa.eu/1826,PARENT_CONCEPT_OF
http://eurovoc.europa.eu/2442,http://eurovoc.europa.eu/4117,PARENT_CONCEPT_OF
http://eurovoc.europa.eu/2442,http://eurovoc.europa.eu/2915,PARENT_CONCEPT_OF
http://eurovoc.europa.eu/2467,http://eurovoc.europa.eu/384,PARENT_CONCEPT_OF
http://eurovoc.europa.eu/2187,http://eurovoc.europa.eu/5460,PARENT_CONCEPT_OF
http://eurovoc.europa.eu/2187,http://eurovoc.europa.eu/8396,PARENT_CONCEPT_OF
http://eurovoc.europa.eu/656,http://eurovoc.europa.eu/2710,PARENT_CONCEPT_OF
http://eurovoc.europa.eu/2628,http://eurovoc.europa.eu/3439,PARENT_CONCEPT_OF
http://eurovoc.europa.eu/427,http://eurovoc.europa.eu/3080,PARENT_CONCEPT_OF
http://eurovoc.europa.eu/4305,http://eurovoc.europa.eu/1420,PARENT_CONCEPT_OF
http://eurovoc.europa.eu/85,http://eurovoc.europa.eu/86,PARENT_CONCEPT_OF
http://eurovoc.europa.eu/2486,http://eurovoc.europa.eu/1799,PARENT_CONCEPT_OF
http://eurovoc.europa.eu/2486,http://eurovoc.europa.eu/4390,PARENT_CONCEPT_OF
http://eurovoc.europa.eu/1809,http://eurovoc.europa.eu/2365,PARENT_CONCEPT_OF
http://eurovoc.europa.eu/4602,http://eurovoc.europa.eu/c_6cfce4be,PARENT_CONCEPT_OF
http://eurovoc.europa.eu/2476,http://eurovoc.europa.eu/5255,PARENT_CONCEPT_OF
http://eurovoc.europa.eu/2476,http://eurovoc.europa.eu/2879,PARENT_CONCEPT_OF
http://eurovoc.europa.eu/1652,http://eurovoc.europa.eu/2305,PARENT_CONCEPT_OF
http://eurovoc.europa.eu/3946,http://eurovoc.europa.eu/4109,PARENT_CONCEPT_OF
http://eurovoc.europa.eu/1274,http://eurovoc.europa.eu/3734,PARENT_CONCEPT_OF
http://eurovoc.europa.eu/2494,http://eurovoc.europa.eu/3109,PARENT_CONCEPT_OF
http://eurovoc.europa.eu/3131,http://eurovoc.europa.eu/3100,PARENT_CONCEPT_OF
http://eurovoc.europa.eu/3131,http://eurovoc.europa.eu/6020,PARENT_CONCEPT_OF
http://eurovoc.europa.eu/3878,http://eurovoc.europa.eu/3953,PARENT_CONCEPT_OF
http://eurovoc.europa.eu/3878,http://eurovoc.europa.eu/3957,PARENT_CONCEPT_OF
http://eurovoc.europa.eu/1520,http://eurovoc.europa.eu/5091,PARENT_CONCEPT_OF
http://eurovoc.europa.eu/7855,http://eurovoc.europa.eu/7859,PARENT_CONCEPT_OF
http://eurovoc.europa.eu/1088,http://eurovoc.europa.eu/5352,PARENT_CONCEPT_OF
http://eurovoc.europa.eu/2288,http://eurovoc.europa.eu/4632,PARENT_CONCEPT_OF
http://eurovoc.europa.eu/2288,http://eurovoc.europa.eu/2210,PARENT_CONCEPT_OF
http://eurovoc.europa.eu/8189,http://eurovoc.europa.eu/8493,PARENT_CONCEPT_OF
http://eurovoc.europa.eu/337,http://eurovoc.europa.eu/1096,PARENT_CONCEPT_OF
http://eurovoc.europa.eu/7879,http://eurovoc.europa.eu/7904,PARENT_CONCEPT_OF
http://eurovoc.europa.eu/6138,http://eurovoc.europa.eu/6240,PARENT_CONCEPT_OF
http://eurovoc.europa.eu/7861,http://eurovoc.europa.eu/7865,PARENT_CONCEPT_OF
http://eurovoc.europa.eu/7814,http://eurovoc.europa.eu/7970,PARENT_CONCEPT_OF
http://eurovoc.europa.eu/c_6acbfd25,http://eurovoc.europa.eu/c_d3974887,PARENT_CONCEPT_OF
http://eurovoc.europa.eu/c_6acbfd25,http://eurovoc.europa.eu/c_46e54685,PARENT_CONCEPT_OF
http://eurovoc.europa.eu/7815,http://eurovoc.europa.eu/7827,PARENT_CONCEPT_OF
http://eurovoc.europa.eu/1184,http://eurovoc.europa.eu/4171,PARENT_CONCEPT_OF
http://eurovoc.europa.eu/614,http://eurovoc.europa.eu/4748,PARENT_CONCEPT_OF
http://eurovoc.europa.eu/4750,http://eurovoc.europa.eu/4759,PARENT_CONCEPT_OF
http://eurovoc.europa.eu/4367,http://eurovoc.europa.eu/702,PARENT_CONCEPT_OF
http://eurovoc.europa.eu/4367,http://eurovoc.europa.eu/4368,PARENT_CONCEPT_OF
http://eurovoc.europa.eu/3935,http://eurovoc.europa.eu/578,PARENT_CONCEPT_OF
http://eurovoc.europa.eu/539,http://eurovoc.europa.eu/1592,PARENT_CONCEPT_OF
http://eurovoc.europa.eu/3151,http://eurovoc.europa.eu/2906,PARENT_CONCEPT_OF
http://eurovoc.europa.eu/2524,http://eurovoc.europa.eu/2531,PARENT_CONCEPT_OF
http://eurovoc.europa.eu/2524,http://eurovoc.europa.eu/2534,PARENT_CONCEPT_OF
http://eurovoc.europa.eu/2524,http://eurovoc.europa.eu/2540,PARENT_CONCEPT_OF
http://eurovoc.europa.eu/2524,http://eurovoc.europa.eu/2530,PARENT_CONCEPT_OF
http://eurovoc.europa.eu/371,http://eurovoc.europa.eu/4165,PARENT_CONCEPT_OF
http://eurovoc.europa.eu/371,http://eurovoc.europa.eu/4802,PARENT_CONCEPT_OF
http://eurovoc.europa.eu/343,http://eurovoc.europa.eu/c_3bcff3bb,PARENT_CONCEPT_OF
http://eurovoc.europa.eu/2496,http://eurovoc.europa.eu/4850,PARENT_CONCEPT_OF
http://eurovoc.europa.eu/4365,http://eurovoc.europa.eu/2431,PARENT_CONCEPT_OF
http://eurovoc.europa.eu/2736,http://eurovoc.europa.eu/79,PARENT_CONCEPT_OF
http://eurovoc.europa.eu/3450,http://eurovoc.europa.eu/21067,PARENT_CONCEPT_OF
http://eurovoc.europa.eu/3476,http://eurovoc.europa.eu/c_99e6dc30,PARENT_CONCEPT_OF
http://eurovoc.europa.eu/3476,http://eurovoc.europa.eu/3500,PARENT_CONCEPT_OF
http://eurovoc.europa.eu/2497,http://eurovoc.europa.eu/202,PARENT_CONCEPT_OF
http://eurovoc.europa.eu/712,http://eurovoc.europa.eu/995,PARENT_CONCEPT_OF
http://eurovoc.europa.eu/712,http://eurovoc.europa.eu/862,PARENT_CONCEPT_OF
http://eurovoc.europa.eu/4370,http://eurovoc.europa.eu/1058,PARENT_CONCEPT_OF
http://eurovoc.europa.eu/4370,http://eurovoc.europa.eu/973,PARENT_CONCEPT_OF
http://eurovoc.europa.eu/4671,http://eurovoc.europa.eu/4644,PARENT_CONCEPT_OF
http://eurovoc.europa.eu/5922,http://eurovoc.europa.eu/c_439a1859,PARENT_CONCEPT_OF
http://eurovoc.europa.eu/1426,http://eurovoc.europa.eu/6908,PARENT_CONCEPT_OF
http://eurovoc.europa.eu/4488,http://eurovoc.europa.eu/c_2df9b142,PARENT_CONCEPT_OF
http://eurovoc.europa.eu/2767,http://eurovoc.europa.eu/3754,PARENT_CONCEPT_OF
http://eurovoc.europa.eu/3743,http://eurovoc.europa.eu/5387,PARENT_CONCEPT_OF
http://eurovoc.europa.eu/3743,http://eurovoc.europa.eu/3746,PARENT_CONCEPT_OF
http://eurovoc.europa.eu/557,http://eurovoc.europa.eu/72805,PARENT_CONCEPT_OF
http://eurovoc.europa.eu/4184,http://eurovoc.europa.eu/2334,PARENT_CONCEPT_OF
http://eurovoc.europa.eu/914,http://eurovoc.europa.eu/5458,PARENT_CONCEPT_OF
http://eurovoc.europa.eu/913,http://eurovoc.europa.eu/3774,PARENT_CONCEPT_OF
http://eurovoc.europa.eu/912,http://eurovoc.europa.eu/1774,PARENT_CONCEPT_OF
http://eurovoc.europa.eu/912,http://eurovoc.europa.eu/4580,PARENT_CONCEPT_OF
http://eurovoc.europa.eu/911,http://eurovoc.europa.eu/4320,PARENT_CONCEPT_OF
http://eurovoc.europa.eu/2014,http://eurovoc.europa.eu/846,PARENT_CONCEPT_OF
http://eurovoc.europa.eu/2180,http://eurovoc.europa.eu/7343,PARENT_CONCEPT_OF
http://eurovoc.europa.eu/2258,http://eurovoc.europa.eu/2252,PARENT_CONCEPT_OF
http://eurovoc.europa.eu/3258,http://eurovoc.europa.eu/2592,PARENT_CONCEPT_OF
http://eurovoc.europa.eu/1005,http://eurovoc.europa.eu/5554,PARENT_CONCEPT_OF
http://eurovoc.europa.eu/5620,http://eurovoc.europa.eu/5590,PARENT_CONCEPT_OF
http://eurovoc.europa.eu/54,http://eurovoc.europa.eu/55,PARENT_CONCEPT_OF
http://eurovoc.europa.eu/3146,http://eurovoc.europa.eu/c_63648f8d,PARENT_CONCEPT_OF
http://eurovoc.europa.eu/1415,http://eurovoc.europa.eu/3813,PARENT_CONCEPT_OF
http://eurovoc.europa.eu/2479,http://eurovoc.europa.eu/5907,PARENT_CONCEPT_OF
http://eurovoc.europa.eu/2479,http://eurovoc.europa.eu/c_60d3928d,PARENT_CONCEPT_OF
http://eurovoc.europa.eu/1754,http://eurovoc.europa.eu/5715,PARENT_CONCEPT_OF
http://eurovoc.europa.eu/1754,http://eurovoc.europa.eu/1759,PARENT_CONCEPT_OF
http://eurovoc.europa.eu/5881,http://eurovoc.europa.eu/1153,PARENT_CONCEPT_OF
http://eurovoc.europa.eu/3489,http://eurovoc.europa.eu/209,PARENT_CONCEPT_OF
http://eurovoc.europa.eu/3074,http://eurovoc.europa.eu/c_f7430876,PARENT_CONCEPT_OF
http://eurovoc.europa.eu/3074,http://eurovoc.europa.eu/3076,PARENT_CONCEPT_OF
http://eurovoc.europa.eu/1362,http://eurovoc.europa.eu/1387,PARENT_CONCEPT_OF
http://eurovoc.europa.eu/3809,http://eurovoc.europa.eu/5261,PARENT_CONCEPT_OF
http://eurovoc.europa.eu/3899,http://eurovoc.europa.eu/689,PARENT_CONCEPT_OF
http://eurovoc.europa.eu/3899,http://eurovoc.europa.eu/514,PARENT_CONCEPT_OF
http://eurovoc.europa.eu/3901,http://eurovoc.europa.eu/1626,PARENT_CONCEPT_OF
http://eurovoc.europa.eu/3901,http://eurovoc.europa.eu/520,PARENT_CONCEPT_OF
http://eurovoc.europa.eu/3900,http://eurovoc.europa.eu/583,PARENT_CONCEPT_OF
http://eurovoc.europa.eu/3900,http://eurovoc.europa.eu/1618,PARENT_CONCEPT_OF
http://eurovoc.europa.eu/3900,http://eurovoc.europa.eu/543,PARENT_CONCEPT_OF
http://eurovoc.europa.eu/3900,http://eurovoc.europa.eu/1625,PARENT_CONCEPT_OF
http://eurovoc.europa.eu/584,http://eurovoc.europa.eu/3902,PARENT_CONCEPT_OF
http://eurovoc.europa.eu/538,http://eurovoc.europa.eu/7348,PARENT_CONCEPT_OF
http://eurovoc.europa.eu/3908,http://eurovoc.europa.eu/457,PARENT_CONCEPT_OF
http://eurovoc.europa.eu/3908,http://eurovoc.europa.eu/455,PARENT_CONCEPT_OF
http://eurovoc.europa.eu/3908,http://eurovoc.europa.eu/3912,PARENT_CONCEPT_OF
http://eurovoc.europa.eu/6034,http://eurovoc.europa.eu/5501,PARENT_CONCEPT_OF
http://eurovoc.europa.eu/517,http://eurovoc.europa.eu/36948,PARENT_CONCEPT_OF
http://eurovoc.europa.eu/517,http://eurovoc.europa.eu/35,PARENT_CONCEPT_OF
http://eurovoc.europa.eu/517,http://eurovoc.europa.eu/3038,PARENT_CONCEPT_OF
http://eurovoc.europa.eu/2723,http://eurovoc.europa.eu/3409,PARENT_CONCEPT_OF
http://eurovoc.europa.eu/711,http://eurovoc.europa.eu/715,PARENT_CONCEPT_OF
http://eurovoc.europa.eu/2472,http://eurovoc.europa.eu/c_5ea6e5c4,PARENT_CONCEPT_OF
http://eurovoc.europa.eu/2498,http://eurovoc.europa.eu/4631,PARENT_CONCEPT_OF
http://eurovoc.europa.eu/2498,http://eurovoc.europa.eu/5201,PARENT_CONCEPT_OF
http://eurovoc.europa.eu/3273,http://eurovoc.europa.eu/3688,PARENT_CONCEPT_OF
http://eurovoc.europa.eu/3273,http://eurovoc.europa.eu/3557,PARENT_CONCEPT_OF
http://eurovoc.europa.eu/2632,http://eurovoc.europa.eu/2685,PARENT_CONCEPT_OF
http://eurovoc.europa.eu/1039,http://eurovoc.europa.eu/4146,PARENT_CONCEPT_OF
http://eurovoc.europa.eu/1039,http://eurovoc.europa.eu/4623,PARENT_CONCEPT_OF
http://eurovoc.europa.eu/2656,http://eurovoc.europa.eu/2640,PARENT_CONCEPT_OF
http://eurovoc.europa.eu/2656,http://eurovoc.europa.eu/2652,PARENT_CONCEPT_OF
http://eurovoc.europa.eu/3895,http://eurovoc.europa.eu/5245,PARENT_CONCEPT_OF
http://eurovoc.europa.eu/4363,http://eurovoc.europa.eu/624,PARENT_CONCEPT_OF
http://eurovoc.europa.eu/4412,http://eurovoc.europa.eu/2925,PARENT_CONCEPT_OF
http://eurovoc.europa.eu/1786,http://eurovoc.europa.eu/1795,PARENT_CONCEPT_OF
http://eurovoc.europa.eu/1810,http://eurovoc.europa.eu/4219,PARENT_CONCEPT_OF
http://eurovoc.europa.eu/1810,http://eurovoc.europa.eu/1798,PARENT_CONCEPT_OF
http://eurovoc.europa.eu/1810,http://eurovoc.europa.eu/20,PARENT_CONCEPT_OF
http://eurovoc.europa.eu/524,http://eurovoc.europa.eu/522,PARENT_CONCEPT_OF
http://eurovoc.europa.eu/2488,http://eurovoc.europa.eu/3271,PARENT_CONCEPT_OF
http://eurovoc.europa.eu/2487,http://eurovoc.europa.eu/1010,PARENT_CONCEPT_OF
http://eurovoc.europa.eu/2487,http://eurovoc.europa.eu/480,PARENT_CONCEPT_OF
http://eurovoc.europa.eu/1282,http://eurovoc.europa.eu/4188,PARENT_CONCEPT_OF
http://eurovoc.europa.eu/1282,http://eurovoc.europa.eu/971,PARENT_CONCEPT_OF
http://eurovoc.europa.eu/1282,http://eurovoc.europa.eu/905,PARENT_CONCEPT_OF
http://eurovoc.europa.eu/3025,http://eurovoc.europa.eu/2020,PARENT_CONCEPT_OF
http://eurovoc.europa.eu/3025,http://eurovoc.europa.eu/382,PARENT_CONCEPT_OF
http://eurovoc.europa.eu/883,http://eurovoc.europa.eu/7197,PARENT_CONCEPT_OF
http://eurovoc.europa.eu/2191,http://eurovoc.europa.eu/6161,PARENT_CONCEPT_OF
http://eurovoc.europa.eu/5442,http://eurovoc.europa.eu/1464,PARENT_CONCEPT_OF
http://eurovoc.europa.eu/5442,http://eurovoc.europa.eu/5948,PARENT_CONCEPT_OF
http://eurovoc.europa.eu/4057,http://eurovoc.europa.eu/c_8a6f744c,PARENT_CONCEPT_OF
http://eurovoc.europa.eu/3820,http://eurovoc.europa.eu/1889,PARENT_CONCEPT_OF
http://eurovoc.europa.eu/1707,http://eurovoc.europa.eu/2611,PARENT_CONCEPT_OF
http://eurovoc.europa.eu/1158,http://eurovoc.europa.eu/2947,PARENT_CONCEPT_OF
http://eurovoc.europa.eu/434743,http://eurovoc.europa.eu/434909,PARENT_CONCEPT_OF
http://eurovoc.europa.eu/c_6e703074,http://eurovoc.europa.eu/1639,PARENT_CONCEPT_OF
http://eurovoc.europa.eu/c_6e703074,http://eurovoc.europa.eu/1560,PARENT_CONCEPT_OF
http://eurovoc.europa.eu/5775,http://eurovoc.europa.eu/5652,PARENT_CONCEPT_OF
http://eurovoc.europa.eu/5775,http://eurovoc.europa.eu/5925,PARENT_CONCEPT_OF
http://eurovoc.europa.eu/2200,http://eurovoc.europa.eu/2563,PARENT_CONCEPT_OF
http://eurovoc.europa.eu/2200,http://eurovoc.europa.eu/5063,PARENT_CONCEPT_OF
http://eurovoc.europa.eu/2200,http://eurovoc.europa.eu/2084,PARENT_CONCEPT_OF
http://eurovoc.europa.eu/122,http://eurovoc.europa.eu/336,PARENT_CONCEPT_OF
http://eurovoc.europa.eu/122,http://eurovoc.europa.eu/2543,PARENT_CONCEPT_OF
http://eurovoc.europa.eu/122,http://eurovoc.europa.eu/5876,PARENT_CONCEPT_OF
http://eurovoc.europa.eu/122,http://eurovoc.europa.eu/5454,PARENT_CONCEPT_OF
http://eurovoc.europa.eu/1658,http://eurovoc.europa.eu/1196,PARENT_CONCEPT_OF
http://eurovoc.europa.eu/130,http://eurovoc.europa.eu/1019,PARENT_CONCEPT_OF
http://eurovoc.europa.eu/2119,http://eurovoc.europa.eu/1522,PARENT_CONCEPT_OF
http://eurovoc.europa.eu/2119,http://eurovoc.europa.eu/4662,PARENT_CONCEPT_OF
http://eurovoc.europa.eu/2119,http://eurovoc.europa.eu/1185,PARENT_CONCEPT_OF
http://eurovoc.europa.eu/2119,http://eurovoc.europa.eu/4621,PARENT_CONCEPT_OF
http://eurovoc.europa.eu/2119,http://eurovoc.europa.eu/496,PARENT_CONCEPT_OF
http://eurovoc.europa.eu/239,http://eurovoc.europa.eu/240,PARENT_CONCEPT_OF
http://eurovoc.europa.eu/813,http://eurovoc.europa.eu/814,PARENT_CONCEPT_OF
http://eurovoc.europa.eu/3461,http://eurovoc.europa.eu/2928,PARENT_CONCEPT_OF
http://eurovoc.europa.eu/3474,http://eurovoc.europa.eu/3228,PARENT_CONCEPT_OF
http://eurovoc.europa.eu/3474,http://eurovoc.europa.eu/3223,PARENT_CONCEPT_OF
http://eurovoc.europa.eu/13,http://eurovoc.europa.eu/1562,PARENT_CONCEPT_OF
http://eurovoc.europa.eu/5268,http://eurovoc.europa.eu/4983,PARENT_CONCEPT_OF
http://eurovoc.europa.eu/4179,http://eurovoc.europa.eu/3226,PARENT_CONCEPT_OF
http://eurovoc.europa.eu/2001,http://eurovoc.europa.eu/470,PARENT_CONCEPT_OF
http://eurovoc.europa.eu/4704,http://eurovoc.europa.eu/1437,PARENT_CONCEPT_OF
http://eurovoc.europa.eu/1370,http://eurovoc.europa.eu/1392,PARENT_CONCEPT_OF
http://eurovoc.europa.eu/2473,http://eurovoc.europa.eu/8418,PARENT_CONCEPT_OF
http://eurovoc.europa.eu/3855,http://eurovoc.europa.eu/3869,PARENT_CONCEPT_OF
http://eurovoc.europa.eu/2478,http://eurovoc.europa.eu/3655,PARENT_CONCEPT_OF
http://eurovoc.europa.eu/1321,http://eurovoc.europa.eu/4400,PARENT_CONCEPT_OF
http://eurovoc.europa.eu/1021,http://eurovoc.europa.eu/57,PARENT_CONCEPT_OF
http://eurovoc.europa.eu/1325,http://eurovoc.europa.eu/1324,PARENT_CONCEPT_OF
http://eurovoc.europa.eu/1310,http://eurovoc.europa.eu/1315,PARENT_CONCEPT_OF
http://eurovoc.europa.eu/2504,http://eurovoc.europa.eu/935,PARENT_CONCEPT_OF
http://eurovoc.europa.eu/1418,http://eurovoc.europa.eu/4377,PARENT_CONCEPT_OF
http://eurovoc.europa.eu/2814,http://eurovoc.europa.eu/5226,PARENT_CONCEPT_OF
http://eurovoc.europa.eu/4358,http://eurovoc.europa.eu/939,PARENT_CONCEPT_OF
http://eurovoc.europa.eu/937,http://eurovoc.europa.eu/938,PARENT_CONCEPT_OF
http://eurovoc.europa.eu/1791,http://eurovoc.europa.eu/1711,PARENT_CONCEPT_OF
http://eurovoc.europa.eu/4886,http://eurovoc.europa.eu/378,PARENT_CONCEPT_OF
http://eurovoc.europa.eu/2105,http://eurovoc.europa.eu/5347,PARENT_CONCEPT_OF
http://eurovoc.europa.eu/5606,http://eurovoc.europa.eu/5456,PARENT_CONCEPT_OF
http://eurovoc.europa.eu/c_59f9c651,http://eurovoc.europa.eu/c_8d31aed6,PARENT_CONCEPT_OF
http://eurovoc.europa.eu/1009,http://eurovoc.europa.eu/299,PARENT_CONCEPT_OF
http://eurovoc.europa.eu/2002,http://eurovoc.europa.eu/5240,PARENT_CONCEPT_OF
http://eurovoc.europa.eu/2002,http://eurovoc.europa.eu/2946,PARENT_CONCEPT_OF
http://eurovoc.europa.eu/3251,http://eurovoc.europa.eu/c_d6e0eb67,PARENT_CONCEPT_OF
http://eurovoc.europa.eu/518,http://eurovoc.europa.eu/5708,PARENT_CONCEPT_OF
http://eurovoc.europa.eu/4417,http://eurovoc.europa.eu/5660,PARENT_CONCEPT_OF
http://eurovoc.europa.eu/3093,http://eurovoc.europa.eu/3905,PARENT_CONCEPT_OF
http://eurovoc.europa.eu/2278,http://eurovoc.europa.eu/4877,PARENT_CONCEPT_OF
http://eurovoc.europa.eu/4595,http://eurovoc.europa.eu/1286,PARENT_CONCEPT_OF
http://eurovoc.europa.eu/4595,http://eurovoc.europa.eu/4875,PARENT_CONCEPT_OF
http://eurovoc.europa.eu/726,http://eurovoc.europa.eu/4523,PARENT_CONCEPT_OF
http://eurovoc.europa.eu/726,http://eurovoc.europa.eu/503,PARENT_CONCEPT_OF
http://eurovoc.europa.eu/3727,http://eurovoc.europa.eu/6337,PARENT_CONCEPT_OF
http://eurovoc.europa.eu/4681,http://eurovoc.europa.eu/4689,PARENT_CONCEPT_OF
http://eurovoc.europa.eu/871,http://eurovoc.europa.eu/4158,PARENT_CONCEPT_OF
http://eurovoc.europa.eu/871,http://eurovoc.europa.eu/380,PARENT_CONCEPT_OF
http://eurovoc.europa.eu/5691,http://eurovoc.europa.eu/1548,PARENT_CONCEPT_OF
http://eurovoc.europa.eu/4099,http://eurovoc.europa.eu/6369,PARENT_CONCEPT_OF
http://eurovoc.europa.eu/1392,http://eurovoc.europa.eu/1332,PARENT_CONCEPT_OF
http://eurovoc.europa.eu/5973,http://eurovoc.europa.eu/4419,PARENT_CONCEPT_OF
http://eurovoc.europa.eu/3800,http://eurovoc.europa.eu/4575,PARENT_CONCEPT_OF
http://eurovoc.europa.eu/4921,http://eurovoc.europa.eu/c_ff4dd793,PARENT_CONCEPT_OF
http://eurovoc.europa.eu/1429,http://eurovoc.europa.eu/c_715c08c0,PARENT_CONCEPT_OF
http://eurovoc.europa.eu/2754,http://eurovoc.europa.eu/3884,PARENT_CONCEPT_OF
http://eurovoc.europa.eu/2938,http://eurovoc.europa.eu/2934,PARENT_CONCEPT_OF
http://eurovoc.europa.eu/6039,http://eurovoc.europa.eu/6041,PARENT_CONCEPT_OF
http://eurovoc.europa.eu/447472,http://eurovoc.europa.eu/6288,PARENT_CONCEPT_OF
http://eurovoc.europa.eu/3079,http://eurovoc.europa.eu/3051,PARENT_CONCEPT_OF
http://eurovoc.europa.eu/2445,http://eurovoc.europa.eu/2979,PARENT_CONCEPT_OF
http://eurovoc.europa.eu/1036,http://eurovoc.europa.eu/2316,PARENT_CONCEPT_OF
http://eurovoc.europa.eu/3346,http://eurovoc.europa.eu/5484,PARENT_CONCEPT_OF
http://eurovoc.europa.eu/4245,http://eurovoc.europa.eu/3613,PARENT_CONCEPT_OF
http://eurovoc.europa.eu/5634,http://eurovoc.europa.eu/c_3a9ccfe3,PARENT_CONCEPT_OF
http://eurovoc.europa.eu/4994,http://eurovoc.europa.eu/5010,PARENT_CONCEPT_OF
http://eurovoc.europa.eu/2729,http://eurovoc.europa.eu/1029,PARENT_CONCEPT_OF
http://eurovoc.europa.eu/1670,http://eurovoc.europa.eu/2019,PARENT_CONCEPT_OF
http://eurovoc.europa.eu/3947,http://eurovoc.europa.eu/435265,PARENT_CONCEPT_OF
http://eurovoc.europa.eu/3428,http://eurovoc.europa.eu/1655,PARENT_CONCEPT_OF
http://eurovoc.europa.eu/818,http://eurovoc.europa.eu/4542,PARENT_CONCEPT_OF
http://eurovoc.europa.eu/2913,http://eurovoc.europa.eu/3965,PARENT_CONCEPT_OF
http://eurovoc.europa.eu/2362,http://eurovoc.europa.eu/3833,PARENT_CONCEPT_OF
http://eurovoc.europa.eu/2362,http://eurovoc.europa.eu/2024,PARENT_CONCEPT_OF
http://eurovoc.europa.eu/18,http://eurovoc.europa.eu/14,PARENT_CONCEPT_OF
http://eurovoc.europa.eu/190,http://eurovoc.europa.eu/5830,PARENT_CONCEPT_OF
http://eurovoc.europa.eu/5940,http://eurovoc.europa.eu/4544,PARENT_CONCEPT_OF
http://eurovoc.europa.eu/5940,http://eurovoc.europa.eu/3527,PARENT_CONCEPT_OF
http://eurovoc.europa.eu/1826,http://eurovoc.europa.eu/2425,PARENT_CONCEPT_OF
http://eurovoc.europa.eu/2451,http://eurovoc.europa.eu/6218,PARENT_CONCEPT_OF
http://eurovoc.europa.eu/590,http://eurovoc.europa.eu/6905,PARENT_CONCEPT_OF
http://eurovoc.europa.eu/6920,http://eurovoc.europa.eu/c_3bd33e24,PARENT_CONCEPT_OF
http://eurovoc.europa.eu/5610,http://eurovoc.europa.eu/5724,PARENT_CONCEPT_OF
http://eurovoc.europa.eu/6002,http://eurovoc.europa.eu/6001,PARENT_CONCEPT_OF
http://eurovoc.europa.eu/6002,http://eurovoc.europa.eu/5998,PARENT_CONCEPT_OF
http://eurovoc.europa.eu/86,http://eurovoc.europa.eu/4881,PARENT_CONCEPT_OF
http://eurovoc.europa.eu/357,http://eurovoc.europa.eu/1561,PARENT_CONCEPT_OF
http://eurovoc.europa.eu/342,http://eurovoc.europa.eu/1611,PARENT_CONCEPT_OF
http://eurovoc.europa.eu/6151,http://eurovoc.europa.eu/6360,PARENT_CONCEPT_OF
http://eurovoc.europa.eu/1148,http://eurovoc.europa.eu/7218,PARENT_CONCEPT_OF
http://eurovoc.europa.eu/1151,http://eurovoc.europa.eu/4770,PARENT_CONCEPT_OF
http://eurovoc.europa.eu/5238,http://eurovoc.europa.eu/3095,PARENT_CONCEPT_OF
http://eurovoc.europa.eu/4379,http://eurovoc.europa.eu/5215,PARENT_CONCEPT_OF
http://eurovoc.europa.eu/4379,http://eurovoc.europa.eu/5214,PARENT_CONCEPT_OF
http://eurovoc.europa.eu/4379,http://eurovoc.europa.eu/4386,PARENT_CONCEPT_OF
http://eurovoc.europa.eu/4379,http://eurovoc.europa.eu/3266,PARENT_CONCEPT_OF
http://eurovoc.europa.eu/4568,http://eurovoc.europa.eu/5247,PARENT_CONCEPT_OF
http://eurovoc.europa.eu/c_791e9f27,http://eurovoc.europa.eu/1583,PARENT_CONCEPT_OF
http://eurovoc.europa.eu/8495,http://eurovoc.europa.eu/8521,PARENT_CONCEPT_OF
http://eurovoc.europa.eu/8495,http://eurovoc.europa.eu/8522,PARENT_CONCEPT_OF
http://eurovoc.europa.eu/8493,http://eurovoc.europa.eu/8515,PARENT_CONCEPT_OF
http://eurovoc.europa.eu/8304,http://eurovoc.europa.eu/8309,PARENT_CONCEPT_OF
http://eurovoc.europa.eu/6239,http://eurovoc.europa.eu/7998,PARENT_CONCEPT_OF
http://eurovoc.europa.eu/6239,http://eurovoc.europa.eu/7999,PARENT_CONCEPT_OF
http://eurovoc.europa.eu/c_46e54685,http://eurovoc.europa.eu/c_e300778f,PARENT_CONCEPT_OF
http://eurovoc.europa.eu/3084,http://eurovoc.europa.eu/5038,PARENT_CONCEPT_OF
http://eurovoc.europa.eu/3145,http://eurovoc.europa.eu/4309,PARENT_CONCEPT_OF
http://eurovoc.europa.eu/2816,http://eurovoc.europa.eu/3663,PARENT_CONCEPT_OF
http://eurovoc.europa.eu/1833,http://eurovoc.europa.eu/5410,PARENT_CONCEPT_OF
http://eurovoc.europa.eu/847,http://eurovoc.europa.eu/851,PARENT_CONCEPT_OF
http://eurovoc.europa.eu/847,http://eurovoc.europa.eu/4834,PARENT_CONCEPT_OF
http://eurovoc.europa.eu/4709,http://eurovoc.europa.eu/4804,PARENT_CONCEPT_OF
http://eurovoc.europa.eu/5788,http://eurovoc.europa.eu/c_1c478aa5,PARENT_CONCEPT_OF
http://eurovoc.europa.eu/4344,http://eurovoc.europa.eu/4603,PARENT_CONCEPT_OF
http://eurovoc.europa.eu/1460,http://eurovoc.europa.eu/437422,PARENT_CONCEPT_OF
http://eurovoc.europa.eu/5684,http://eurovoc.europa.eu/c_c10e7d2a,PARENT_CONCEPT_OF
http://eurovoc.europa.eu/5441,http://eurovoc.europa.eu/c_f53bfc88,PARENT_CONCEPT_OF
http://eurovoc.europa.eu/2828,http://eurovoc.europa.eu/2832,PARENT_CONCEPT_OF
http://eurovoc.europa.eu/5613,http://eurovoc.europa.eu/5476,PARENT_CONCEPT_OF
http://eurovoc.europa.eu/3566,http://eurovoc.europa.eu/7188,PARENT_CONCEPT_OF
http://eurovoc.europa.eu/2239,http://eurovoc.europa.eu/762,PARENT_CONCEPT_OF
http://eurovoc.europa.eu/884,http://eurovoc.europa.eu/5850,PARENT_CONCEPT_OF
http://eurovoc.europa.eu/764,http://eurovoc.europa.eu/767,PARENT_CONCEPT_OF
http://eurovoc.europa.eu/5034,http://eurovoc.europa.eu/4637,PARENT_CONCEPT_OF
http://eurovoc.europa.eu/5034,http://eurovoc.europa.eu/1146,PARENT_CONCEPT_OF
http://eurovoc.europa.eu/61,http://eurovoc.europa.eu/63,PARENT_CONCEPT_OF
http://eurovoc.europa.eu/4786,http://eurovoc.europa.eu/4796,PARENT_CONCEPT_OF
http://eurovoc.europa.eu/2107,http://eurovoc.europa.eu/2112,PARENT_CONCEPT_OF
http://eurovoc.europa.eu/5715,http://eurovoc.europa.eu/1770,PARENT_CONCEPT_OF
http://eurovoc.europa.eu/5764,http://eurovoc.europa.eu/5810,PARENT_CONCEPT_OF
http://eurovoc.europa.eu/451912,http://eurovoc.europa.eu/3812,PARENT_CONCEPT_OF
http://eurovoc.europa.eu/5218,http://eurovoc.europa.eu/4115,PARENT_CONCEPT_OF
http://eurovoc.europa.eu/1229,http://eurovoc.europa.eu/5971,PARENT_CONCEPT_OF
http://eurovoc.europa.eu/5,http://eurovoc.europa.eu/3592,PARENT_CONCEPT_OF
http://eurovoc.europa.eu/5,http://eurovoc.europa.eu/3199,PARENT_CONCEPT_OF
http://eurovoc.europa.eu/5852,http://eurovoc.europa.eu/5936,PARENT_CONCEPT_OF
http://eurovoc.europa.eu/1172,http://eurovoc.europa.eu/6896,PARENT_CONCEPT_OF
http://eurovoc.europa.eu/3030,http://eurovoc.europa.eu/c_67092197,PARENT_CONCEPT_OF
http://eurovoc.europa.eu/188,http://eurovoc.europa.eu/5011,PARENT_CONCEPT_OF
http://eurovoc.europa.eu/1025,http://eurovoc.europa.eu/2675,PARENT_CONCEPT_OF
http://eurovoc.europa.eu/1010,http://eurovoc.europa.eu/3568,PARENT_CONCEPT_OF
http://eurovoc.europa.eu/4093,http://eurovoc.europa.eu/2586,PARENT_CONCEPT_OF
http://eurovoc.europa.eu/1464,http://eurovoc.europa.eu/5826,PARENT_CONCEPT_OF
http://eurovoc.europa.eu/4491,http://eurovoc.europa.eu/c_e749c083,PARENT_CONCEPT_OF
http://eurovoc.europa.eu/3824,http://eurovoc.europa.eu/1059,PARENT_CONCEPT_OF
http://eurovoc.europa.eu/4801,http://eurovoc.europa.eu/2235,PARENT_CONCEPT_OF
http://eurovoc.europa.eu/3144,http://eurovoc.europa.eu/4853,PARENT_CONCEPT_OF
http://eurovoc.europa.eu/3206,http://eurovoc.europa.eu/7935,PARENT_CONCEPT_OF
http://eurovoc.europa.eu/3054,http://eurovoc.europa.eu/7375,PARENT_CONCEPT_OF
http://eurovoc.europa.eu/6088,http://eurovoc.europa.eu/6775,PARENT_CONCEPT_OF
http://eurovoc.europa.eu/4424,http://eurovoc.europa.eu/6774,PARENT_CONCEPT_OF
http://eurovoc.europa.eu/592,http://eurovoc.europa.eu/4553,PARENT_CONCEPT_OF
http://eurovoc.europa.eu/592,http://eurovoc.europa.eu/1243,PARENT_CONCEPT_OF
http://eurovoc.europa.eu/982,http://eurovoc.europa.eu/4613,PARENT_CONCEPT_OF
http://eurovoc.europa.eu/3099,http://eurovoc.europa.eu/364,PARENT_CONCEPT_OF
http://eurovoc.europa.eu/5552,http://eurovoc.europa.eu/5630,PARENT_CONCEPT_OF
http://eurovoc.europa.eu/4196,http://eurovoc.europa.eu/4190,PARENT_CONCEPT_OF
http://eurovoc.europa.eu/2281,http://eurovoc.europa.eu/6784,PARENT_CONCEPT_OF
http://eurovoc.europa.eu/1292,http://eurovoc.europa.eu/7198,PARENT_CONCEPT_OF
http://eurovoc.europa.eu/2599,http://eurovoc.europa.eu/395,PARENT_CONCEPT_OF
http://eurovoc.europa.eu/92,http://eurovoc.europa.eu/5884,PARENT_CONCEPT_OF
http://eurovoc.europa.eu/5768,http://eurovoc.europa.eu/6296,PARENT_CONCEPT_OF
http://eurovoc.europa.eu/6324,http://eurovoc.europa.eu/6325,PARENT_CONCEPT_OF
http://eurovoc.europa.eu/3751,http://eurovoc.europa.eu/4494,PARENT_CONCEPT_OF
http://eurovoc.europa.eu/6709,http://eurovoc.europa.eu/8476,PARENT_CONCEPT_OF
http://eurovoc.europa.eu/2269,http://eurovoc.europa.eu/404,PARENT_CONCEPT_OF
http://eurovoc.europa.eu/2773,http://eurovoc.europa.eu/5818,PARENT_CONCEPT_OF
http://eurovoc.europa.eu/2857,http://eurovoc.europa.eu/4439,PARENT_CONCEPT_OF
http://eurovoc.europa.eu/2857,http://eurovoc.europa.eu/5339,PARENT_CONCEPT_OF
http://eurovoc.europa.eu/1052,http://eurovoc.europa.eu/c_e548b67f,PARENT_CONCEPT_OF
http://eurovoc.europa.eu/3701,http://eurovoc.europa.eu/5601,PARENT_CONCEPT_OF
http://eurovoc.europa.eu/3701,http://eurovoc.europa.eu/6192,PARENT_CONCEPT_OF
http://eurovoc.europa.eu/3701,http://eurovoc.europa.eu/5671,PARENT_CONCEPT_OF
http://eurovoc.europa.eu/5899,http://eurovoc.europa.eu/5900,PARENT_CONCEPT_OF
http://eurovoc.europa.eu/2440,http://eurovoc.europa.eu/7380,PARENT_CONCEPT_OF
http://eurovoc.europa.eu/3199,http://eurovoc.europa.eu/3215,PARENT_CONCEPT_OF
http://eurovoc.europa.eu/5413,http://eurovoc.europa.eu/c_2212c2c4,PARENT_CONCEPT_OF
http://eurovoc.europa.eu/5826,http://eurovoc.europa.eu/7138,PARENT_CONCEPT_OF
http://eurovoc.europa.eu/c_a18525ab,http://eurovoc.europa.eu/1787,PARENT_CONCEPT_OF
http://eurovoc.europa.eu/2235,http://eurovoc.europa.eu/8451,PARENT_CONCEPT_OF
http://eurovoc.europa.eu/5438,http://eurovoc.europa.eu/4777,PARENT_CONCEPT_OF
http://eurovoc.europa.eu/4256,http://eurovoc.europa.eu/4266,PARENT_CONCEPT_OF
http://eurovoc.europa.eu/4705,http://eurovoc.europa.eu/1081,PARENT_CONCEPT_OF
http://eurovoc.europa.eu/2188,http://eurovoc.europa.eu/6114,PARENT_CONCEPT_OF
http://eurovoc.europa.eu/2188,http://eurovoc.europa.eu/5765,PARENT_CONCEPT_OF
http://eurovoc.europa.eu/5258,http://eurovoc.europa.eu/4020,PARENT_CONCEPT_OF
http://eurovoc.europa.eu/4479,http://eurovoc.europa.eu/5871,PARENT_CONCEPT_OF
http://eurovoc.europa.eu/8473,http://eurovoc.europa.eu/7194,PARENT_CONCEPT_OF
http://eurovoc.europa.eu/1452,http://eurovoc.europa.eu/4118,PARENT_CONCEPT_OF
http://eurovoc.europa.eu/285,http://eurovoc.europa.eu/298,PARENT_CONCEPT_OF
http://eurovoc.europa.eu/3013,http://eurovoc.europa.eu/1792,PARENT_CONCEPT_OF
http://eurovoc.europa.eu/3013,http://eurovoc.europa.eu/5840,PARENT_CONCEPT_OF
http://eurovoc.europa.eu/3013,http://eurovoc.europa.eu/c_8bf65f26,PARENT_CONCEPT_OF
http://eurovoc.europa.eu/3092,http://eurovoc.europa.eu/5239,PARENT_CONCEPT_OF
http://eurovoc.europa.eu/3257,http://eurovoc.europa.eu/1536,PARENT_CONCEPT_OF
http://eurovoc.europa.eu/3257,http://eurovoc.europa.eu/7387,PARENT_CONCEPT_OF
http://eurovoc.europa.eu/2459,http://eurovoc.europa.eu/6558,PARENT_CONCEPT_OF
http://eurovoc.europa.eu/5283,http://eurovoc.europa.eu/1774,PARENT_CONCEPT_OF
http://eurovoc.europa.eu/5283,http://eurovoc.europa.eu/336,PARENT_CONCEPT_OF
http://eurovoc.europa.eu/5283,http://eurovoc.europa.eu/1085,PARENT_CONCEPT_OF
http://eurovoc.europa.eu/1794,http://eurovoc.europa.eu/4354,PARENT_CONCEPT_OF
http://eurovoc.europa.eu/5776,http://eurovoc.europa.eu/1560,PARENT_CONCEPT_OF
http://eurovoc.europa.eu/4069,http://eurovoc.europa.eu/2231,PARENT_CONCEPT_OF
http://eurovoc.europa.eu/4069,http://eurovoc.europa.eu/1185,PARENT_CONCEPT_OF
http://eurovoc.europa.eu/8366,http://eurovoc.europa.eu/1559,PARENT_CONCEPT_OF
http://eurovoc.europa.eu/5083,http://eurovoc.europa.eu/4212,PARENT_CONCEPT_OF
http://eurovoc.europa.eu/5083,http://eurovoc.europa.eu/2203,PARENT_CONCEPT_OF
http://eurovoc.europa.eu/5083,http://eurovoc.europa.eu/451486,PARENT_CONCEPT_OF
http://eurovoc.europa.eu/5083,http://eurovoc.europa.eu/4461,PARENT_CONCEPT_OF
http://eurovoc.europa.eu/5083,http://eurovoc.europa.eu/5108,PARENT_CONCEPT_OF
http://eurovoc.europa.eu/4607,http://eurovoc.europa.eu/4092,PARENT_CONCEPT_OF
http://eurovoc.europa.eu/8365,http://eurovoc.europa.eu/5072,PARENT_CONCEPT_OF
http://eurovoc.europa.eu/8365,http://eurovoc.europa.eu/2203,PARENT_CONCEPT_OF
http://eurovoc.europa.eu/c_964c9649,http://eurovoc.europa.eu/1501,PARENT_CONCEPT_OF
http://eurovoc.europa.eu/2117,http://eurovoc.europa.eu/247,PARENT_CONCEPT_OF
http://eurovoc.europa.eu/8367,http://eurovoc.europa.eu/2222,PARENT_CONCEPT_OF
http://eurovoc.europa.eu/1847,http://eurovoc.europa.eu/4164,PARENT_CONCEPT_OF
http://eurovoc.europa.eu/6205,http://eurovoc.europa.eu/2089,PARENT_CONCEPT_OF
http://eurovoc.europa.eu/6205,http://eurovoc.europa.eu/1524,PARENT_CONCEPT_OF
http://eurovoc.europa.eu/5781,http://eurovoc.europa.eu/1255,PARENT_CONCEPT_OF
http://eurovoc.europa.eu/5781,http://eurovoc.europa.eu/5063,PARENT_CONCEPT_OF
http://eurovoc.europa.eu/5781,http://eurovoc.europa.eu/5946,PARENT_CONCEPT_OF
http://eurovoc.europa.eu/8369,http://eurovoc.europa.eu/2866,PARENT_CONCEPT_OF
http://eurovoc.europa.eu/5302,http://eurovoc.europa.eu/4465,PARENT_CONCEPT_OF
http://eurovoc.europa.eu/5780,http://eurovoc.europa.eu/1532,PARENT_CONCEPT_OF
http://eurovoc.europa.eu/5780,http://eurovoc.europa.eu/4354,PARENT_CONCEPT_OF
http://eurovoc.europa.eu/c_b2c019c8,http://eurovoc.europa.eu/3858,PARENT_CONCEPT_OF
http://eurovoc.europa.eu/c_b2c019c8,http://eurovoc.europa.eu/4583,PARENT_CONCEPT_OF
http://eurovoc.europa.eu/c_b2c019c8,http://eurovoc.europa.eu/3888,PARENT_CONCEPT_OF
http://eurovoc.europa.eu/c_b2c019c8,http://eurovoc.europa.eu/3814,PARENT_CONCEPT_OF
http://eurovoc.europa.eu/5778,http://eurovoc.europa.eu/2525,PARENT_CONCEPT_OF
http://eurovoc.europa.eu/2106,http://eurovoc.europa.eu/5619,PARENT_CONCEPT_OF
http://eurovoc.europa.eu/2106,http://eurovoc.europa.eu/2563,PARENT_CONCEPT_OF
http://eurovoc.europa.eu/2106,http://eurovoc.europa.eu/1518,PARENT_CONCEPT_OF
http://eurovoc.europa.eu/37846,http://eurovoc.europa.eu/4351,PARENT_CONCEPT_OF
http://eurovoc.europa.eu/2737,http://eurovoc.europa.eu/2302,PARENT_CONCEPT_OF
http://eurovoc.europa.eu/4300,http://eurovoc.europa.eu/3543,PARENT_CONCEPT_OF
http://eurovoc.europa.eu/3582,http://eurovoc.europa.eu/5081,PARENT_CONCEPT_OF
http://eurovoc.europa.eu/2469,http://eurovoc.europa.eu/c_5a7a0d82,PARENT_CONCEPT_OF
http://eurovoc.europa.eu/2469,http://eurovoc.europa.eu/7956,PARENT_CONCEPT_OF
http://eurovoc.europa.eu/5923,http://eurovoc.europa.eu/1543,PARENT_CONCEPT_OF
http://eurovoc.europa.eu/139,http://eurovoc.europa.eu/377,PARENT_CONCEPT_OF
http://eurovoc.europa.eu/3193,http://eurovoc.europa.eu/4099,PARENT_CONCEPT_OF
http://eurovoc.europa.eu/2703,http://eurovoc.europa.eu/3984,PARENT_CONCEPT_OF
http://eurovoc.europa.eu/494,http://eurovoc.europa.eu/1079,PARENT_CONCEPT_OF
http://eurovoc.europa.eu/486,http://eurovoc.europa.eu/4139,PARENT_CONCEPT_OF
http://eurovoc.europa.eu/3689,http://eurovoc.europa.eu/3693,PARENT_CONCEPT_OF
http://eurovoc.europa.eu/5275,http://eurovoc.europa.eu/2207,PARENT_CONCEPT_OF
http://eurovoc.europa.eu/1737,http://eurovoc.europa.eu/c_95b02746,PARENT_CONCEPT_OF
http://eurovoc.europa.eu/1802,http://eurovoc.europa.eu/5632,PARENT_CONCEPT_OF
http://eurovoc.europa.eu/929,http://eurovoc.europa.eu/296,PARENT_CONCEPT_OF
http://eurovoc.europa.eu/929,http://eurovoc.europa.eu/4301,PARENT_CONCEPT_OF
http://eurovoc.europa.eu/873,http://eurovoc.europa.eu/628,PARENT_CONCEPT_OF
http://eurovoc.europa.eu/873,http://eurovoc.europa.eu/5687,PARENT_CONCEPT_OF
http://eurovoc.europa.eu/2170,http://eurovoc.europa.eu/c_acf7832d,PARENT_CONCEPT_OF
http://eurovoc.europa.eu/2170,http://eurovoc.europa.eu/7220,PARENT_CONCEPT_OF
http://eurovoc.europa.eu/2167,http://eurovoc.europa.eu/4744,PARENT_CONCEPT_OF
http://eurovoc.europa.eu/4416,http://eurovoc.europa.eu/4294,PARENT_CONCEPT_OF
http://eurovoc.europa.eu/4416,http://eurovoc.europa.eu/386,PARENT_CONCEPT_OF
http://eurovoc.europa.eu/6052,http://eurovoc.europa.eu/2658,PARENT_CONCEPT_OF
http://eurovoc.europa.eu/4304,http://eurovoc.europa.eu/4177,PARENT_CONCEPT_OF
http://eurovoc.europa.eu/5769,http://eurovoc.europa.eu/7936,PARENT_CONCEPT_OF
http://eurovoc.europa.eu/5848,http://eurovoc.europa.eu/5845,PARENT_CONCEPT_OF
http://eurovoc.europa.eu/2515,http://eurovoc.europa.eu/5433,PARENT_CONCEPT_OF
http://eurovoc.europa.eu/4515,http://eurovoc.europa.eu/3435,PARENT_CONCEPT_OF
http://eurovoc.europa.eu/4522,http://eurovoc.europa.eu/5077,PARENT_CONCEPT_OF
http://eurovoc.europa.eu/2517,http://eurovoc.europa.eu/1133,PARENT_CONCEPT_OF
http://eurovoc.europa.eu/4706,http://eurovoc.europa.eu/5170,PARENT_CONCEPT_OF
http://eurovoc.europa.eu/4706,http://eurovoc.europa.eu/1990,PARENT_CONCEPT_OF
http://eurovoc.europa.eu/2690,http://eurovoc.europa.eu/5325,PARENT_CONCEPT_OF
http://eurovoc.europa.eu/2690,http://eurovoc.europa.eu/1691,PARENT_CONCEPT_OF
http://eurovoc.europa.eu/2690,http://eurovoc.europa.eu/3353,PARENT_CONCEPT_OF
http://eurovoc.europa.eu/2848,http://eurovoc.europa.eu/4862,PARENT_CONCEPT_OF
http://eurovoc.europa.eu/2113,http://eurovoc.europa.eu/1862,PARENT_CONCEPT_OF
http://eurovoc.europa.eu/5360,http://eurovoc.europa.eu/1891,PARENT_CONCEPT_OF
http://eurovoc.europa.eu/3956,http://eurovoc.europa.eu/4205,PARENT_CONCEPT_OF
http://eurovoc.europa.eu/3928,http://eurovoc.europa.eu/307,PARENT_CONCEPT_OF
http://eurovoc.europa.eu/3098,http://eurovoc.europa.eu/4540,PARENT_CONCEPT_OF
http://eurovoc.europa.eu/2181,http://eurovoc.europa.eu/c_4c441ea0,PARENT_CONCEPT_OF
http://eurovoc.europa.eu/2181,http://eurovoc.europa.eu/4516,PARENT_CONCEPT_OF
http://eurovoc.europa.eu/2701,http://eurovoc.europa.eu/6617,PARENT_CONCEPT_OF
http://eurovoc.europa.eu/1538,http://eurovoc.europa.eu/930,PARENT_CONCEPT_OF
http://eurovoc.europa.eu/11,http://eurovoc.europa.eu/1337,PARENT_CONCEPT_OF
http://eurovoc.europa.eu/3929,http://eurovoc.europa.eu/2249,PARENT_CONCEPT_OF
http://eurovoc.europa.eu/3929,http://eurovoc.europa.eu/3938,PARENT_CONCEPT_OF
http://eurovoc.europa.eu/3929,http://eurovoc.europa.eu/3937,PARENT_CONCEPT_OF
http://eurovoc.europa.eu/3929,http://eurovoc.europa.eu/2813,PARENT_CONCEPT_OF
http://eurovoc.europa.eu/523,http://eurovoc.europa.eu/164,PARENT_CONCEPT_OF
http://eurovoc.europa.eu/1074,http://eurovoc.europa.eu/2284,PARENT_CONCEPT_OF
http://eurovoc.europa.eu/2468,http://eurovoc.europa.eu/8549,PARENT_CONCEPT_OF
http://eurovoc.europa.eu/3522,http://eurovoc.europa.eu/3623,PARENT_CONCEPT_OF
http://eurovoc.europa.eu/2448,http://eurovoc.europa.eu/5972,PARENT_CONCEPT_OF
http://eurovoc.europa.eu/1018,http://eurovoc.europa.eu/4569,PARENT_CONCEPT_OF
http://eurovoc.europa.eu/1018,http://eurovoc.europa.eu/4132,PARENT_CONCEPT_OF
http://eurovoc.europa.eu/1018,http://eurovoc.europa.eu/2067,PARENT_CONCEPT_OF
http://eurovoc.europa.eu/4414,http://eurovoc.europa.eu/6012,PARENT_CONCEPT_OF
http://eurovoc.europa.eu/2443,http://eurovoc.europa.eu/2971,PARENT_CONCEPT_OF
http://eurovoc.europa.eu/2442,http://eurovoc.europa.eu/638,PARENT_CONCEPT_OF
http://eurovoc.europa.eu/2442,http://eurovoc.europa.eu/6308,PARENT_CONCEPT_OF
http://eurovoc.europa.eu/2467,http://eurovoc.europa.eu/4072,PARENT_CONCEPT_OF
http://eurovoc.europa.eu/2467,http://eurovoc.europa.eu/1597,PARENT_CONCEPT_OF
http://eurovoc.europa.eu/2467,http://eurovoc.europa.eu/280,PARENT_CONCEPT_OF
http://eurovoc.europa.eu/2187,http://eurovoc.europa.eu/6160,PARENT_CONCEPT_OF
http://eurovoc.europa.eu/2628,http://eurovoc.europa.eu/7809,PARENT_CONCEPT_OF
http://eurovoc.europa.eu/2647,http://eurovoc.europa.eu/3420,PARENT_CONCEPT_OF
http://eurovoc.europa.eu/2464,http://eurovoc.europa.eu/2905,PARENT_CONCEPT_OF
http://eurovoc.europa.eu/427,http://eurovoc.europa.eu/4223,PARENT_CONCEPT_OF
http://eurovoc.europa.eu/84,http://eurovoc.europa.eu/5146,PARENT_CONCEPT_OF
http://eurovoc.europa.eu/1820,http://eurovoc.europa.eu/c_6c4d5118,PARENT_CONCEPT_OF
http://eurovoc.europa.eu/1820,http://eurovoc.europa.eu/772,PARENT_CONCEPT_OF
http://eurovoc.europa.eu/5424,http://eurovoc.europa.eu/342,PARENT_CONCEPT_OF
http://eurovoc.europa.eu/6382,http://eurovoc.europa.eu/6383,PARENT_CONCEPT_OF
http://eurovoc.europa.eu/2494,http://eurovoc.europa.eu/648,PARENT_CONCEPT_OF
http://eurovoc.europa.eu/3131,http://eurovoc.europa.eu/c_e0911140,PARENT_CONCEPT_OF
http://eurovoc.europa.eu/3878,http://eurovoc.europa.eu/3588,PARENT_CONCEPT_OF
http://eurovoc.europa.eu/573,http://eurovoc.europa.eu/575,PARENT_CONCEPT_OF
http://eurovoc.europa.eu/3513,http://eurovoc.europa.eu/5142,PARENT_CONCEPT_OF
http://eurovoc.europa.eu/1916,http://eurovoc.europa.eu/1920,PARENT_CONCEPT_OF
http://eurovoc.europa.eu/1909,http://eurovoc.europa.eu/c_b0536152,PARENT_CONCEPT_OF
http://eurovoc.europa.eu/1909,http://eurovoc.europa.eu/1948,PARENT_CONCEPT_OF
http://eurovoc.europa.eu/1909,http://eurovoc.europa.eu/1302,PARENT_CONCEPT_OF
http://eurovoc.europa.eu/1520,http://eurovoc.europa.eu/3891,PARENT_CONCEPT_OF
http://eurovoc.europa.eu/1520,http://eurovoc.europa.eu/1701,PARENT_CONCEPT_OF
http://eurovoc.europa.eu/7855,http://eurovoc.europa.eu/7857,PARENT_CONCEPT_OF
http://eurovoc.europa.eu/864,http://eurovoc.europa.eu/6283,PARENT_CONCEPT_OF
http://eurovoc.europa.eu/864,http://eurovoc.europa.eu/2354,PARENT_CONCEPT_OF
http://eurovoc.europa.eu/864,http://eurovoc.europa.eu/3390,PARENT_CONCEPT_OF
http://eurovoc.europa.eu/864,http://eurovoc.europa.eu/2038,PARENT_CONCEPT_OF
http://eurovoc.europa.eu/6135,http://eurovoc.europa.eu/6248,PARENT_CONCEPT_OF
http://eurovoc.europa.eu/7817,http://eurovoc.europa.eu/7854,PARENT_CONCEPT_OF
http://eurovoc.europa.eu/7817,http://eurovoc.europa.eu/7837,PARENT_CONCEPT_OF
http://eurovoc.europa.eu/1088,http://eurovoc.europa.eu/5041,PARENT_CONCEPT_OF
http://eurovoc.europa.eu/2288,http://eurovoc.europa.eu/1248,PARENT_CONCEPT_OF
http://eurovoc.europa.eu/8189,http://eurovoc.europa.eu/8492,PARENT_CONCEPT_OF
http://eurovoc.europa.eu/7816,http://eurovoc.europa.eu/7840,PARENT_CONCEPT_OF
http://eurovoc.europa.eu/7861,http://eurovoc.europa.eu/7862,PARENT_CONCEPT_OF
http://eurovoc.europa.eu/7814,http://eurovoc.europa.eu/7969,PARENT_CONCEPT_OF
http://eurovoc.europa.eu/7814,http://eurovoc.europa.eu/7973,PARENT_CONCEPT_OF
http://eurovoc.europa.eu/7815,http://eurovoc.europa.eu/7820,PARENT_CONCEPT_OF
http://eurovoc.europa.eu/6136,http://eurovoc.europa.eu/6202,PARENT_CONCEPT_OF
http://eurovoc.europa.eu/2292,http://eurovoc.europa.eu/4885,PARENT_CONCEPT_OF
http://eurovoc.europa.eu/614,http://eurovoc.europa.eu/613,PARENT_CONCEPT_OF
http://eurovoc.europa.eu/614,http://eurovoc.europa.eu/946,PARENT_CONCEPT_OF
http://eurovoc.europa.eu/614,http://eurovoc.europa.eu/622,PARENT_CONCEPT_OF
http://eurovoc.europa.eu/3935,http://eurovoc.europa.eu/7390,PARENT_CONCEPT_OF
http://eurovoc.europa.eu/802,http://eurovoc.europa.eu/803,PARENT_CONCEPT_OF
http://eurovoc.europa.eu/3151,http://eurovoc.europa.eu/3222,PARENT_CONCEPT_OF
http://eurovoc.europa.eu/3151,http://eurovoc.europa.eu/3244,PARENT_CONCEPT_OF
http://eurovoc.europa.eu/371,http://eurovoc.europa.eu/3157,PARENT_CONCEPT_OF
http://eurovoc.europa.eu/343,http://eurovoc.europa.eu/c_fa0acac6,PARENT_CONCEPT_OF
http://eurovoc.europa.eu/343,http://eurovoc.europa.eu/5294,PARENT_CONCEPT_OF
http://eurovoc.europa.eu/490,http://eurovoc.europa.eu/507,PARENT_CONCEPT_OF
http://eurovoc.europa.eu/2179,http://eurovoc.europa.eu/2885,PARENT_CONCEPT_OF
http://eurovoc.europa.eu/1455,http://eurovoc.europa.eu/4812,PARENT_CONCEPT_OF
http://eurovoc.europa.eu/1455,http://eurovoc.europa.eu/450983,PARENT_CONCEPT_OF
http://eurovoc.europa.eu/8380,http://eurovoc.europa.eu/8382,PARENT_CONCEPT_OF
http://eurovoc.europa.eu/4365,http://eurovoc.europa.eu/5250,PARENT_CONCEPT_OF
http://eurovoc.europa.eu/1258,http://eurovoc.europa.eu/4083,PARENT_CONCEPT_OF
http://eurovoc.europa.eu/1258,http://eurovoc.europa.eu/2762,PARENT_CONCEPT_OF
http://eurovoc.europa.eu/1258,http://eurovoc.europa.eu/2752,PARENT_CONCEPT_OF
http://eurovoc.europa.eu/3450,http://eurovoc.europa.eu/3453,PARENT_CONCEPT_OF
http://eurovoc.europa.eu/2500,http://eurovoc.europa.eu/1517,PARENT_CONCEPT_OF
http://eurovoc.europa.eu/52,http://eurovoc.europa.eu/3337,PARENT_CONCEPT_OF
http://eurovoc.europa.eu/385,http://eurovoc.europa.eu/2092,PARENT_CONCEPT_OF
http://eurovoc.europa.eu/1063,http://eurovoc.europa.eu/2404,PARENT_CONCEPT_OF
http://eurovoc.europa.eu/1063,http://eurovoc.europa.eu/6329,PARENT_CONCEPT_OF
http://eurovoc.europa.eu/2505,http://eurovoc.europa.eu/4336,PARENT_CONCEPT_OF
http://eurovoc.europa.eu/1426,http://eurovoc.europa.eu/3607,PARENT_CONCEPT_OF
http://eurovoc.europa.eu/4488,http://eurovoc.europa.eu/6030,PARENT_CONCEPT_OF
http://eurovoc.europa.eu/1411,http://eurovoc.europa.eu/3747,PARENT_CONCEPT_OF
http://eurovoc.europa.eu/557,http://eurovoc.europa.eu/4887,PARENT_CONCEPT_OF
http://eurovoc.europa.eu/965,http://eurovoc.europa.eu/5159,PARENT_CONCEPT_OF
http://eurovoc.europa.eu/965,http://eurovoc.europa.eu/6535,PARENT_CONCEPT_OF
http://eurovoc.europa.eu/4184,http://eurovoc.europa.eu/2335,PARENT_CONCEPT_OF
http://eurovoc.europa.eu/914,http://eurovoc.europa.eu/3763,PARENT_CONCEPT_OF
http://eurovoc.europa.eu/914,http://eurovoc.europa.eu/5898,PARENT_CONCEPT_OF
http://eurovoc.europa.eu/914,http://eurovoc.europa.eu/5876,PARENT_CONCEPT_OF
http://eurovoc.europa.eu/913,http://eurovoc.europa.eu/1085,PARENT_CONCEPT_OF
http://eurovoc.europa.eu/911,http://eurovoc.europa.eu/1019,PARENT_CONCEPT_OF
http://eurovoc.europa.eu/911,http://eurovoc.europa.eu/1509,PARENT_CONCEPT_OF
http://eurovoc.europa.eu/3156,http://eurovoc.europa.eu/4793,PARENT_CONCEPT_OF
http://eurovoc.europa.eu/2258,http://eurovoc.europa.eu/2253,PARENT_CONCEPT_OF
http://eurovoc.europa.eu/1000,http://eurovoc.europa.eu/c_f9c004eb,PARENT_CONCEPT_OF
http://eurovoc.europa.eu/1718,http://eurovoc.europa.eu/1723,PARENT_CONCEPT_OF
http://eurovoc.europa.eu/5615,http://eurovoc.europa.eu/3846,PARENT_CONCEPT_OF
http://eurovoc.europa.eu/3146,http://eurovoc.europa.eu/1870,PARENT_CONCEPT_OF
http://eurovoc.europa.eu/1268,http://eurovoc.europa.eu/2318,PARENT_CONCEPT_OF
http://eurovoc.europa.eu/1415,http://eurovoc.europa.eu/2785,PARENT_CONCEPT_OF
http://eurovoc.europa.eu/2789,http://eurovoc.europa.eu/2790,PARENT_CONCEPT_OF
http://eurovoc.europa.eu/2479,http://eurovoc.europa.eu/5921,PARENT_CONCEPT_OF
http://eurovoc.europa.eu/1754,http://eurovoc.europa.eu/c_9b88f778,PARENT_CONCEPT_OF
http://eurovoc.europa.eu/5881,http://eurovoc.europa.eu/4474,PARENT_CONCEPT_OF
http://eurovoc.europa.eu/4314,http://eurovoc.europa.eu/1170,PARENT_CONCEPT_OF
http://eurovoc.europa.eu/5017,http://eurovoc.europa.eu/5019,PARENT_CONCEPT_OF
http://eurovoc.europa.eu/2460,http://eurovoc.europa.eu/910,PARENT_CONCEPT_OF
http://eurovoc.europa.eu/2460,http://eurovoc.europa.eu/c_a1497409,PARENT_CONCEPT_OF
http://eurovoc.europa.eu/3810,http://eurovoc.europa.eu/1878,PARENT_CONCEPT_OF
http://eurovoc.europa.eu/3798,http://eurovoc.europa.eu/945,PARENT_CONCEPT_OF
http://eurovoc.europa.eu/3798,http://eurovoc.europa.eu/6915,PARENT_CONCEPT_OF
http://eurovoc.europa.eu/3809,http://eurovoc.europa.eu/2372,PARENT_CONCEPT_OF
http://eurovoc.europa.eu/3900,http://eurovoc.europa.eu/1619,PARENT_CONCEPT_OF
http://eurovoc.europa.eu/3908,http://eurovoc.europa.eu/2834,PARENT_CONCEPT_OF
http://eurovoc.europa.eu/474,http://eurovoc.europa.eu/2045,PARENT_CONCEPT_OF
http://eurovoc.europa.eu/6034,http://eurovoc.europa.eu/5657,PARENT_CONCEPT_OF
http://eurovoc.europa.eu/6034,http://eurovoc.europa.eu/7353,PARENT_CONCEPT_OF
http://eurovoc.europa.eu/77,http://eurovoc.europa.eu/c_46f6aaeb,PARENT_CONCEPT_OF
http://eurovoc.europa.eu/2711,http://eurovoc.europa.eu/1929,PARENT_CONCEPT_OF
http://eurovoc.europa.eu/2711,http://eurovoc.europa.eu/1167,PARENT_CONCEPT_OF
http://eurovoc.europa.eu/2711,http://eurovoc.europa.eu/1919,PARENT_CONCEPT_OF
http://eurovoc.europa.eu/1422,http://eurovoc.europa.eu/4359,PARENT_CONCEPT_OF
http://eurovoc.europa.eu/2498,http://eurovoc.europa.eu/3735,PARENT_CONCEPT_OF
http://eurovoc.europa.eu/2498,http://eurovoc.europa.eu/6079,PARENT_CONCEPT_OF
http://eurovoc.europa.eu/1163,http://eurovoc.europa.eu/4090,PARENT_CONCEPT_OF
http://eurovoc.europa.eu/1163,http://eurovoc.europa.eu/5475,PARENT_CONCEPT_OF
http://eurovoc.europa.eu/2639,http://eurovoc.europa.eu/2662,PARENT_CONCEPT_OF
http://eurovoc.europa.eu/2632,http://eurovoc.europa.eu/4329,PARENT_CONCEPT_OF
http://eurovoc.europa.eu/2489,http://eurovoc.europa.eu/5155,PARENT_CONCEPT_OF
http://eurovoc.europa.eu/3895,http://eurovoc.europa.eu/5646,PARENT_CONCEPT_OF
http://eurovoc.europa.eu/4363,http://eurovoc.europa.eu/327,PARENT_CONCEPT_OF
http://eurovoc.europa.eu/4363,http://eurovoc.europa.eu/4142,PARENT_CONCEPT_OF
http://eurovoc.europa.eu/4630,http://eurovoc.europa.eu/325,PARENT_CONCEPT_OF
http://eurovoc.europa.eu/4630,http://eurovoc.europa.eu/4448,PARENT_CONCEPT_OF
http://eurovoc.europa.eu/4630,http://eurovoc.europa.eu/c_a2baadb9,PARENT_CONCEPT_OF
http://eurovoc.europa.eu/4412,http://eurovoc.europa.eu/2410,PARENT_CONCEPT_OF
http://eurovoc.europa.eu/2449,http://eurovoc.europa.eu/10,PARENT_CONCEPT_OF
http://eurovoc.europa.eu/2450,http://eurovoc.europa.eu/4073,PARENT_CONCEPT_OF
http://eurovoc.europa.eu/3025,http://eurovoc.europa.eu/5483,PARENT_CONCEPT_OF
http://eurovoc.europa.eu/883,http://eurovoc.europa.eu/6885,PARENT_CONCEPT_OF
http://eurovoc.europa.eu/2191,http://eurovoc.europa.eu/168,PARENT_CONCEPT_OF
http://eurovoc.europa.eu/5442,http://eurovoc.europa.eu/3299,PARENT_CONCEPT_OF
http://eurovoc.europa.eu/1804,http://eurovoc.europa.eu/4646,PARENT_CONCEPT_OF
http://eurovoc.europa.eu/1804,http://eurovoc.europa.eu/2787,PARENT_CONCEPT_OF
http://eurovoc.europa.eu/3659,http://eurovoc.europa.eu/5564,PARENT_CONCEPT_OF
http://eurovoc.europa.eu/2470,http://eurovoc.europa.eu/3140,PARENT_CONCEPT_OF
http://eurovoc.europa.eu/2470,http://eurovoc.europa.eu/c_bb1a60eb,PARENT_CONCEPT_OF
http://eurovoc.europa.eu/2470,http://eurovoc.europa.eu/1157,PARENT_CONCEPT_OF
http://eurovoc.europa.eu/2470,http://eurovoc.europa.eu/c_165899a6,PARENT_CONCEPT_OF
http://eurovoc.europa.eu/4050,http://eurovoc.europa.eu/3359,PARENT_CONCEPT_OF
http://eurovoc.europa.eu/108,http://eurovoc.europa.eu/6924,PARENT_CONCEPT_OF
http://eurovoc.europa.eu/c_6e703074,http://eurovoc.europa.eu/2336,PARENT_CONCEPT_OF
http://eurovoc.europa.eu/5775,http://eurovoc.europa.eu/5858,PARENT_CONCEPT_OF
http://eurovoc.europa.eu/2200,http://eurovoc.europa.eu/1509,PARENT_CONCEPT_OF
http://eurovoc.europa.eu/122,http://eurovoc.europa.eu/5989,PARENT_CONCEPT_OF
http://eurovoc.europa.eu/122,http://eurovoc.europa.eu/5860,PARENT_CONCEPT_OF
http://eurovoc.europa.eu/1658,http://eurovoc.europa.eu/690,PARENT_CONCEPT_OF
http://eurovoc.europa.eu/1658,http://eurovoc.europa.eu/1819,PARENT_CONCEPT_OF
http://eurovoc.europa.eu/130,http://eurovoc.europa.eu/4320,PARENT_CONCEPT_OF
http://eurovoc.europa.eu/2119,http://eurovoc.europa.eu/2231,PARENT_CONCEPT_OF
http://eurovoc.europa.eu/2763,http://eurovoc.europa.eu/1836,PARENT_CONCEPT_OF
http://eurovoc.europa.eu/2189,http://eurovoc.europa.eu/5638,PARENT_CONCEPT_OF
http://eurovoc.europa.eu/2189,http://eurovoc.europa.eu/5449,PARENT_CONCEPT_OF
http://eurovoc.europa.eu/3461,http://eurovoc.europa.eu/5870,PARENT_CONCEPT_OF
http://eurovoc.europa.eu/3467,http://eurovoc.europa.eu/2926,PARENT_CONCEPT_OF
http://eurovoc.europa.eu/3474,http://eurovoc.europa.eu/2087,PARENT_CONCEPT_OF
http://eurovoc.europa.eu/3587,http://eurovoc.europa.eu/1435,PARENT_CONCEPT_OF
http://eurovoc.europa.eu/2507,http://eurovoc.europa.eu/429,PARENT_CONCEPT_OF
http://eurovoc.europa.eu/567,http://eurovoc.europa.eu/518,PARENT_CONCEPT_OF
http://eurovoc.europa.eu/567,http://eurovoc.europa.eu/551,PARENT_CONCEPT_OF
http://eurovoc.europa.eu/13,http://eurovoc.europa.eu/3204,PARENT_CONCEPT_OF
http://eurovoc.europa.eu/13,http://eurovoc.europa.eu/3205,PARENT_CONCEPT_OF
http://eurovoc.europa.eu/4179,http://eurovoc.europa.eu/4181,PARENT_CONCEPT_OF
http://eurovoc.europa.eu/2001,http://eurovoc.europa.eu/3056,PARENT_CONCEPT_OF
http://eurovoc.europa.eu/2001,http://eurovoc.europa.eu/1931,PARENT_CONCEPT_OF
http://eurovoc.europa.eu/2152,http://eurovoc.europa.eu/5891,PARENT_CONCEPT_OF
http://eurovoc.europa.eu/1370,http://eurovoc.europa.eu/3580,PARENT_CONCEPT_OF
http://eurovoc.europa.eu/2473,http://eurovoc.europa.eu/5191,PARENT_CONCEPT_OF
http://eurovoc.europa.eu/2914,http://eurovoc.europa.eu/70716,PARENT_CONCEPT_OF
http://eurovoc.europa.eu/2914,http://eurovoc.europa.eu/6305,PARENT_CONCEPT_OF
http://eurovoc.europa.eu/2914,http://eurovoc.europa.eu/1487,PARENT_CONCEPT_OF
http://eurovoc.europa.eu/2817,http://eurovoc.europa.eu/529,PARENT_CONCEPT_OF
http://eurovoc.europa.eu/4185,http://eurovoc.europa.eu/5238,PARENT_CONCEPT_OF
http://eurovoc.europa.eu/2184,http://eurovoc.europa.eu/5208,PARENT_CONCEPT_OF
http://eurovoc.europa.eu/1326,http://eurovoc.europa.eu/1327,PARENT_CONCEPT_OF
http://eurovoc.europa.eu/1021,http://eurovoc.europa.eu/170,PARENT_CONCEPT_OF
http://eurovoc.europa.eu/2504,http://eurovoc.europa.eu/c_c586f36c,PARENT_CONCEPT_OF
http://eurovoc.europa.eu/2504,http://eurovoc.europa.eu/3298,PARENT_CONCEPT_OF
http://eurovoc.europa.eu/1418,http://eurovoc.europa.eu/1726,PARENT_CONCEPT_OF
http://eurovoc.europa.eu/2551,http://eurovoc.europa.eu/2981,PARENT_CONCEPT_OF
http://eurovoc.europa.eu/937,http://eurovoc.europa.eu/983,PARENT_CONCEPT_OF
http://eurovoc.europa.eu/1927,http://eurovoc.europa.eu/777,PARENT_CONCEPT_OF
http://eurovoc.europa.eu/2105,http://eurovoc.europa.eu/3729,PARENT_CONCEPT_OF
http://eurovoc.europa.eu/5765,http://eurovoc.europa.eu/6130,PARENT_CONCEPT_OF
http://eurovoc.europa.eu/4738,http://eurovoc.europa.eu/4784,PARENT_CONCEPT_OF
http://eurovoc.europa.eu/4738,http://eurovoc.europa.eu/5089,PARENT_CONCEPT_OF
http://eurovoc.europa.eu/2002,http://eurovoc.europa.eu/5157,PARENT_CONCEPT_OF
http://eurovoc.europa.eu/3093,http://eurovoc.europa.eu/5699,PARENT_CONCEPT_OF
http://eurovoc.europa.eu/726,http://eurovoc.europa.eu/1121,PARENT_CONCEPT_OF
http://eurovoc.europa.eu/1190,http://eurovoc.europa.eu/7205,PARENT_CONCEPT_OF
http://eurovoc.europa.eu/1450,http://eurovoc.europa.eu/4051,PARENT_CONCEPT_OF
http://eurovoc.europa.eu/1450,http://eurovoc.europa.eu/4052,PARENT_CONCEPT_OF
http://eurovoc.europa.eu/4049,http://eurovoc.europa.eu/7813,PARENT_CONCEPT_OF
http://eurovoc.europa.eu/2291,http://eurovoc.europa.eu/2543,PARENT_CONCEPT_OF
http://eurovoc.europa.eu/1903,http://eurovoc.europa.eu/1292,PARENT_CONCEPT_OF
http://eurovoc.europa.eu/4681,http://eurovoc.europa.eu/4685,PARENT_CONCEPT_OF
http://eurovoc.europa.eu/c_5a7a0d82,http://eurovoc.europa.eu/77057,PARENT_CONCEPT_OF
http://eurovoc.europa.eu/142,http://eurovoc.europa.eu/c_6c8b04b9,PARENT_CONCEPT_OF
http://eurovoc.europa.eu/4754,http://eurovoc.europa.eu/127,PARENT_CONCEPT_OF
http://eurovoc.europa.eu/3984,http://eurovoc.europa.eu/338,PARENT_CONCEPT_OF
http://eurovoc.europa.eu/3984,http://eurovoc.europa.eu/2160,PARENT_CONCEPT_OF
http://eurovoc.europa.eu/4168,http://eurovoc.europa.eu/4138,PARENT_CONCEPT_OF
http://eurovoc.europa.eu/4865,http://eurovoc.europa.eu/6067,PARENT_CONCEPT_OF
http://eurovoc.europa.eu/5928,http://eurovoc.europa.eu/5461,PARENT_CONCEPT_OF
http://eurovoc.europa.eu/3801,http://eurovoc.europa.eu/3805,PARENT_CONCEPT_OF
http://eurovoc.europa.eu/4036,http://eurovoc.europa.eu/3643,PARENT_CONCEPT_OF
http://eurovoc.europa.eu/2754,http://eurovoc.europa.eu/5013,PARENT_CONCEPT_OF
http://eurovoc.europa.eu/2754,http://eurovoc.europa.eu/3478,PARENT_CONCEPT_OF
http://eurovoc.europa.eu/2938,http://eurovoc.europa.eu/2935,PARENT_CONCEPT_OF
http://eurovoc.europa.eu/2118,http://eurovoc.europa.eu/7192,PARENT_CONCEPT_OF
http://eurovoc.europa.eu/1590,http://eurovoc.europa.eu/2078,PARENT_CONCEPT_OF
http://eurovoc.europa.eu/5937,http://eurovoc.europa.eu/5589,PARENT_CONCEPT_OF
http://eurovoc.europa.eu/5519,http://eurovoc.europa.eu/5611,PARENT_CONCEPT_OF
http://eurovoc.europa.eu/2243,http://eurovoc.europa.eu/4174,PARENT_CONCEPT_OF
http://eurovoc.europa.eu/114,http://eurovoc.europa.eu/237,PARENT_CONCEPT_OF
http://eurovoc.europa.eu/6049,http://eurovoc.europa.eu/5506,PARENT_CONCEPT_OF
http://eurovoc.europa.eu/4827,http://eurovoc.europa.eu/985,PARENT_CONCEPT_OF
http://eurovoc.europa.eu/580,http://eurovoc.europa.eu/6105,PARENT_CONCEPT_OF
http://eurovoc.europa.eu/4702,http://eurovoc.europa.eu/2944,PARENT_CONCEPT_OF
http://eurovoc.europa.eu/4470,http://eurovoc.europa.eu/443629,PARENT_CONCEPT_OF
http://eurovoc.europa.eu/4470,http://eurovoc.europa.eu/3343,PARENT_CONCEPT_OF
http://eurovoc.europa.eu/4245,http://eurovoc.europa.eu/5766,PARENT_CONCEPT_OF
http://eurovoc.europa.eu/4245,http://eurovoc.europa.eu/3338,PARENT_CONCEPT_OF
http://eurovoc.europa.eu/4728,http://eurovoc.europa.eu/c_e0543dcb,PARENT_CONCEPT_OF
http://eurovoc.europa.eu/5777,http://eurovoc.europa.eu/1560,PARENT_CONCEPT_OF
http://eurovoc.europa.eu/1270,http://eurovoc.europa.eu/1263,PARENT_CONCEPT_OF
http://eurovoc.europa.eu/1224,http://eurovoc.europa.eu/2990,PARENT_CONCEPT_OF
http://eurovoc.europa.eu/4042,http://eurovoc.europa.eu/921,PARENT_CONCEPT_OF
http://eurovoc.europa.eu/4422,http://eurovoc.europa.eu/1123,PARENT_CONCEPT_OF
http://eurovoc.europa.eu/1840,http://eurovoc.europa.eu/4617,PARENT_CONCEPT_OF
http://eurovoc.europa.eu/4528,http://eurovoc.europa.eu/1142,PARENT_CONCEPT_OF
http://eurovoc.europa.eu/6851,http://eurovoc.europa.eu/6852,PARENT_CONCEPT_OF
http://eurovoc.europa.eu/4511,http://eurovoc.europa.eu/5865,PARENT_CONCEPT_OF
http://eurovoc.europa.eu/2362,http://eurovoc.europa.eu/2820,PARENT_CONCEPT_OF
http://eurovoc.europa.eu/1624,http://eurovoc.europa.eu/2231,PARENT_CONCEPT_OF
http://eurovoc.europa.eu/4828,http://eurovoc.europa.eu/1054,PARENT_CONCEPT_OF
http://eurovoc.europa.eu/5379,http://eurovoc.europa.eu/4871,PARENT_CONCEPT_OF
http://eurovoc.europa.eu/190,http://eurovoc.europa.eu/1995,PARENT_CONCEPT_OF
http://eurovoc.europa.eu/2177,http://eurovoc.europa.eu/3629,PARENT_CONCEPT_OF
http://eurovoc.europa.eu/5123,http://eurovoc.europa.eu/641,PARENT_CONCEPT_OF
http://eurovoc.europa.eu/164,http://eurovoc.europa.eu/c_471a61cf,PARENT_CONCEPT_OF
http://eurovoc.europa.eu/3497,http://eurovoc.europa.eu/499,PARENT_CONCEPT_OF
http://eurovoc.europa.eu/3518,http://eurovoc.europa.eu/3520,PARENT_CONCEPT_OF
http://eurovoc.europa.eu/5940,http://eurovoc.europa.eu/4548,PARENT_CONCEPT_OF
http://eurovoc.europa.eu/423,http://eurovoc.europa.eu/1300,PARENT_CONCEPT_OF
http://eurovoc.europa.eu/1514,http://eurovoc.europa.eu/1516,PARENT_CONCEPT_OF
http://eurovoc.europa.eu/2173,http://eurovoc.europa.eu/870,PARENT_CONCEPT_OF
http://eurovoc.europa.eu/2173,http://eurovoc.europa.eu/755,PARENT_CONCEPT_OF
http://eurovoc.europa.eu/978,http://eurovoc.europa.eu/979,PARENT_CONCEPT_OF
http://eurovoc.europa.eu/5146,http://eurovoc.europa.eu/112,PARENT_CONCEPT_OF
http://eurovoc.europa.eu/3486,http://eurovoc.europa.eu/7339,PARENT_CONCEPT_OF
http://eurovoc.europa.eu/302,http://eurovoc.europa.eu/1218,PARENT_CONCEPT_OF
http://eurovoc.europa.eu/357,http://eurovoc.europa.eu/3784,PARENT_CONCEPT_OF
http://eurovoc.europa.eu/1075,http://eurovoc.europa.eu/2960,PARENT_CONCEPT_OF
http://eurovoc.europa.eu/1969,http://eurovoc.europa.eu/1974,PARENT_CONCEPT_OF
http://eurovoc.europa.eu/6151,http://eurovoc.europa.eu/6334,PARENT_CONCEPT_OF
http://eurovoc.europa.eu/3931,http://eurovoc.europa.eu/6381,PARENT_CONCEPT_OF
http://eurovoc.europa.eu/1151,http://eurovoc.europa.eu/4176,PARENT_CONCEPT_OF
http://eurovoc.europa.eu/2772,http://eurovoc.europa.eu/1267,PARENT_CONCEPT_OF
http://eurovoc.europa.eu/4387,http://eurovoc.europa.eu/2301,PARENT_CONCEPT_OF
http://eurovoc.europa.eu/1912,http://eurovoc.europa.eu/760,PARENT_CONCEPT_OF
http://eurovoc.europa.eu/2509,http://eurovoc.europa.eu/c_b0c14f45,PARENT_CONCEPT_OF
http://eurovoc.europa.eu/8491,http://eurovoc.europa.eu/8503,PARENT_CONCEPT_OF
http://eurovoc.europa.eu/8493,http://eurovoc.europa.eu/8514,PARENT_CONCEPT_OF
http://eurovoc.europa.eu/8497,http://eurovoc.europa.eu/8536,PARENT_CONCEPT_OF
http://eurovoc.europa.eu/8492,http://eurovoc.europa.eu/8510,PARENT_CONCEPT_OF
http://eurovoc.europa.eu/8492,http://eurovoc.europa.eu/8506,PARENT_CONCEPT_OF
http://eurovoc.europa.eu/8492,http://eurovoc.europa.eu/8507,PARENT_CONCEPT_OF
http://eurovoc.europa.eu/8496,http://eurovoc.europa.eu/8529,PARENT_CONCEPT_OF
http://eurovoc.europa.eu/8496,http://eurovoc.europa.eu/8532,PARENT_CONCEPT_OF
http://eurovoc.europa.eu/8496,http://eurovoc.europa.eu/8533,PARENT_CONCEPT_OF
http://eurovoc.europa.eu/6245,http://eurovoc.europa.eu/7996,PARENT_CONCEPT_OF
http://eurovoc.europa.eu/6242,http://eurovoc.europa.eu/8008,PARENT_CONCEPT_OF
http://eurovoc.europa.eu/3084,http://eurovoc.europa.eu/1651,PARENT_CONCEPT_OF
http://eurovoc.europa.eu/5105,http://eurovoc.europa.eu/5529,PARENT_CONCEPT_OF
http://eurovoc.europa.eu/5097,http://eurovoc.europa.eu/1082,PARENT_CONCEPT_OF
http://eurovoc.europa.eu/806,http://eurovoc.europa.eu/2837,PARENT_CONCEPT_OF
http://eurovoc.europa.eu/2816,http://eurovoc.europa.eu/1640,PARENT_CONCEPT_OF
http://eurovoc.europa.eu/413,http://eurovoc.europa.eu/3988,PARENT_CONCEPT_OF
http://eurovoc.europa.eu/c_bb1a60eb,http://eurovoc.europa.eu/272,PARENT_CONCEPT_OF
http://eurovoc.europa.eu/4812,http://eurovoc.europa.eu/703,PARENT_CONCEPT_OF
http://eurovoc.europa.eu/c_5b447e3a,http://eurovoc.europa.eu/c_505c95bd,PARENT_CONCEPT_OF
http://eurovoc.europa.eu/896,http://eurovoc.europa.eu/3550,PARENT_CONCEPT_OF
http://eurovoc.europa.eu/411,http://eurovoc.europa.eu/6919,PARENT_CONCEPT_OF
http://eurovoc.europa.eu/5788,http://eurovoc.europa.eu/5942,PARENT_CONCEPT_OF
http://eurovoc.europa.eu/1696,http://eurovoc.europa.eu/6779,PARENT_CONCEPT_OF
http://eurovoc.europa.eu/1935,http://eurovoc.europa.eu/4218,PARENT_CONCEPT_OF
http://eurovoc.europa.eu/1935,http://eurovoc.europa.eu/3761,PARENT_CONCEPT_OF
http://eurovoc.europa.eu/3572,http://eurovoc.europa.eu/2279,PARENT_CONCEPT_OF
http://eurovoc.europa.eu/3572,http://eurovoc.europa.eu/3575,PARENT_CONCEPT_OF
http://eurovoc.europa.eu/1818,http://eurovoc.europa.eu/8448,PARENT_CONCEPT_OF
http://eurovoc.europa.eu/152,http://eurovoc.europa.eu/6319,PARENT_CONCEPT_OF
http://eurovoc.europa.eu/6918,http://eurovoc.europa.eu/6928,PARENT_CONCEPT_OF
http://eurovoc.europa.eu/3174,http://eurovoc.europa.eu/812,PARENT_CONCEPT_OF
http://eurovoc.europa.eu/3602,http://eurovoc.europa.eu/367,PARENT_CONCEPT_OF
http://eurovoc.europa.eu/2216,http://eurovoc.europa.eu/6210,PARENT_CONCEPT_OF
http://eurovoc.europa.eu/4786,http://eurovoc.europa.eu/4808,PARENT_CONCEPT_OF
http://eurovoc.europa.eu/3813,http://eurovoc.europa.eu/6568,PARENT_CONCEPT_OF
http://eurovoc.europa.eu/5764,http://eurovoc.europa.eu/c_abfaf2ea,PARENT_CONCEPT_OF
http://eurovoc.europa.eu/451912,http://eurovoc.europa.eu/5022,PARENT_CONCEPT_OF
http://eurovoc.europa.eu/5019,http://eurovoc.europa.eu/1552,PARENT_CONCEPT_OF
http://eurovoc.europa.eu/4193,http://eurovoc.europa.eu/4199,PARENT_CONCEPT_OF
http://eurovoc.europa.eu/3003,http://eurovoc.europa.eu/1008,PARENT_CONCEPT_OF
http://eurovoc.europa.eu/3003,http://eurovoc.europa.eu/80,PARENT_CONCEPT_OF
http://eurovoc.europa.eu/6915,http://eurovoc.europa.eu/2744,PARENT_CONCEPT_OF
http://eurovoc.europa.eu/3808,http://eurovoc.europa.eu/3811,PARENT_CONCEPT_OF
http://eurovoc.europa.eu/1621,http://eurovoc.europa.eu/1622,PARENT_CONCEPT_OF
http://eurovoc.europa.eu/3218,http://eurovoc.europa.eu/72,PARENT_CONCEPT_OF
http://eurovoc.europa.eu/3218,http://eurovoc.europa.eu/3658,PARENT_CONCEPT_OF
http://eurovoc.europa.eu/6,http://eurovoc.europa.eu/1199,PARENT_CONCEPT_OF
http://eurovoc.europa.eu/2045,http://eurovoc.europa.eu/24,PARENT_CONCEPT_OF
http://eurovoc.europa.eu/1898,http://eurovoc.europa.eu/1888,PARENT_CONCEPT_OF
http://eurovoc.europa.eu/4441,http://eurovoc.europa.eu/54420,PARENT_CONCEPT_OF
http://eurovoc.europa.eu/5475,http://eurovoc.europa.eu/2807,PARENT_CONCEPT_OF
http://eurovoc.europa.eu/188,http://eurovoc.europa.eu/4397,PARENT_CONCEPT_OF
http://eurovoc.europa.eu/5629,http://eurovoc.europa.eu/6286,PARENT_CONCEPT_OF
http://eurovoc.europa.eu/3233,http://eurovoc.europa.eu/262,PARENT_CONCEPT_OF
http://eurovoc.europa.eu/1885,http://eurovoc.europa.eu/1880,PARENT_CONCEPT_OF
http://eurovoc.europa.eu/1885,http://eurovoc.europa.eu/5304,PARENT_CONCEPT_OF
http://eurovoc.europa.eu/542,http://eurovoc.europa.eu/3992,PARENT_CONCEPT_OF
http://eurovoc.europa.eu/542,http://eurovoc.europa.eu/3996,PARENT_CONCEPT_OF
http://eurovoc.europa.eu/434966,http://eurovoc.europa.eu/435007,PARENT_CONCEPT_OF
http://eurovoc.europa.eu/6400,http://eurovoc.europa.eu/c_c9724a74,PARENT_CONCEPT_OF
http://eurovoc.europa.eu/3144,http://eurovoc.europa.eu/1741,PARENT_CONCEPT_OF
http://eurovoc.europa.eu/1102,http://eurovoc.europa.eu/1112,PARENT_CONCEPT_OF
http://eurovoc.europa.eu/1102,http://eurovoc.europa.eu/1107,PARENT_CONCEPT_OF
http://eurovoc.europa.eu/5161,http://eurovoc.europa.eu/5112,PARENT_CONCEPT_OF
http://eurovoc.europa.eu/5161,http://eurovoc.europa.eu/5113,PARENT_CONCEPT_OF
http://eurovoc.europa.eu/3622,http://eurovoc.europa.eu/3620,PARENT_CONCEPT_OF
http://eurovoc.europa.eu/3622,http://eurovoc.europa.eu/3621,PARENT_CONCEPT_OF
http://eurovoc.europa.eu/2758,http://eurovoc.europa.eu/2765,PARENT_CONCEPT_OF
http://eurovoc.europa.eu/552,http://eurovoc.europa.eu/c_f5d6dbf6,PARENT_CONCEPT_OF
http://eurovoc.europa.eu/2803,http://eurovoc.europa.eu/5771,PARENT_CONCEPT_OF
http://eurovoc.europa.eu/309,http://eurovoc.europa.eu/2388,PARENT_CONCEPT_OF
http://eurovoc.europa.eu/49,http://eurovoc.europa.eu/5748,PARENT_CONCEPT_OF
http://eurovoc.europa.eu/4730,http://eurovoc.europa.eu/253,PARENT_CONCEPT_OF
http://eurovoc.europa.eu/4424,http://eurovoc.europa.eu/3010,PARENT_CONCEPT_OF
http://eurovoc.europa.eu/855,http://eurovoc.europa.eu/1273,PARENT_CONCEPT_OF
http://eurovoc.europa.eu/1397,http://eurovoc.europa.eu/4680,PARENT_CONCEPT_OF
http://eurovoc.europa.eu/982,http://eurovoc.europa.eu/2667,PARENT_CONCEPT_OF
http://eurovoc.europa.eu/2983,http://eurovoc.europa.eu/228,PARENT_CONCEPT_OF
http://eurovoc.europa.eu/3099,http://eurovoc.europa.eu/348,PARENT_CONCEPT_OF
http://eurovoc.europa.eu/5550,http://eurovoc.europa.eu/6723,PARENT_CONCEPT_OF
http://eurovoc.europa.eu/440238,http://eurovoc.europa.eu/5816,PARENT_CONCEPT_OF
http://eurovoc.europa.eu/440265,http://eurovoc.europa.eu/445178,PARENT_CONCEPT_OF
http://eurovoc.europa.eu/5262,http://eurovoc.europa.eu/c_315af034,PARENT_CONCEPT_OF
http://eurovoc.europa.eu/5556,http://eurovoc.europa.eu/4212,PARENT_CONCEPT_OF
http://eurovoc.europa.eu/197,http://eurovoc.europa.eu/4355,PARENT_CONCEPT_OF
http://eurovoc.europa.eu/1734,http://eurovoc.europa.eu/1819,PARENT_CONCEPT_OF
http://eurovoc.europa.eu/3885,http://eurovoc.europa.eu/c_b71ca500,PARENT_CONCEPT_OF
http://eurovoc.europa.eu/2077,http://eurovoc.europa.eu/5235,PARENT_CONCEPT_OF
http://eurovoc.europa.eu/4713,http://eurovoc.europa.eu/4724,PARENT_CONCEPT_OF
http://eurovoc.europa.eu/4713,http://eurovoc.europa.eu/4723,PARENT_CONCEPT_OF
http://eurovoc.europa.eu/1879,http://eurovoc.europa.eu/5223,PARENT_CONCEPT_OF
http://eurovoc.europa.eu/5561,http://eurovoc.europa.eu/c_8b887373,PARENT_CONCEPT_OF
http://eurovoc.europa.eu/5914,http://eurovoc.europa.eu/5911,PARENT_CONCEPT_OF
http://eurovoc.europa.eu/1580,http://eurovoc.europa.eu/5704,PARENT_CONCEPT_OF
http://eurovoc.europa.eu/4871,http://eurovoc.europa.eu/425,PARENT_CONCEPT_OF
http://eurovoc.europa.eu/3472,http://eurovoc.europa.eu/5326,PARENT_CONCEPT_OF
http://eurovoc.europa.eu/1251,http://eurovoc.europa.eu/c_a3ed5037,PARENT_CONCEPT_OF
http://eurovoc.europa.eu/3739,http://eurovoc.europa.eu/3738,PARENT_CONCEPT_OF
http://eurovoc.europa.eu/5722,http://eurovoc.europa.eu/5895,PARENT_CONCEPT_OF
http://eurovoc.europa.eu/5899,http://eurovoc.europa.eu/3369,PARENT_CONCEPT_OF
http://eurovoc.europa.eu/c_ece0a719,http://eurovoc.europa.eu/c_814bb9e4,PARENT_CONCEPT_OF
http://eurovoc.europa.eu/5902,http://eurovoc.europa.eu/3287,PARENT_CONCEPT_OF
http://eurovoc.europa.eu/c_324b44f1,http://eurovoc.europa.eu/443345,PARENT_CONCEPT_OF
http://eurovoc.europa.eu/4431,http://eurovoc.europa.eu/6776,PARENT_CONCEPT_OF
http://eurovoc.europa.eu/c_25fe24f4,http://eurovoc.europa.eu/c_83235c0f,PARENT_CONCEPT_OF
http://eurovoc.europa.eu/5438,http://eurovoc.europa.eu/1905,PARENT_CONCEPT_OF
http://eurovoc.europa.eu/2616,http://eurovoc.europa.eu/2822,PARENT_CONCEPT_OF
http://eurovoc.europa.eu/4705,http://eurovoc.europa.eu/1927,PARENT_CONCEPT_OF
http://eurovoc.europa.eu/2188,http://eurovoc.europa.eu/6131,PARENT_CONCEPT_OF
http://eurovoc.europa.eu/2188,http://eurovoc.europa.eu/7193,PARENT_CONCEPT_OF
http://eurovoc.europa.eu/5258,http://eurovoc.europa.eu/440523,PARENT_CONCEPT_OF
http://eurovoc.europa.eu/4479,http://eurovoc.europa.eu/4482,PARENT_CONCEPT_OF
http://eurovoc.europa.eu/4479,http://eurovoc.europa.eu/6725,PARENT_CONCEPT_OF
http://eurovoc.europa.eu/2495,http://eurovoc.europa.eu/858,PARENT_CONCEPT_OF
http://eurovoc.europa.eu/2149,http://eurovoc.europa.eu/3248,PARENT_CONCEPT_OF
http://eurovoc.europa.eu/285,http://eurovoc.europa.eu/736,PARENT_CONCEPT_OF
http://eurovoc.europa.eu/637,http://eurovoc.europa.eu/7951,PARENT_CONCEPT_OF
http://eurovoc.europa.eu/637,http://eurovoc.europa.eu/661,PARENT_CONCEPT_OF
http://eurovoc.europa.eu/2688,http://eurovoc.europa.eu/4096,PARENT_CONCEPT_OF
http://eurovoc.europa.eu/3257,http://eurovoc.europa.eu/6009,PARENT_CONCEPT_OF
http://eurovoc.europa.eu/2459,http://eurovoc.europa.eu/283,PARENT_CONCEPT_OF
http://eurovoc.europa.eu/1794,http://eurovoc.europa.eu/1639,PARENT_CONCEPT_OF
http://eurovoc.europa.eu/7207,http://eurovoc.europa.eu/5100,PARENT_CONCEPT_OF
http://eurovoc.europa.eu/4069,http://eurovoc.europa.eu/4841,PARENT_CONCEPT_OF
http://eurovoc.europa.eu/1191,http://eurovoc.europa.eu/841,PARENT_CONCEPT_OF
http://eurovoc.europa.eu/8366,http://eurovoc.europa.eu/3410,PARENT_CONCEPT_OF
http://eurovoc.europa.eu/5083,http://eurovoc.europa.eu/3858,PARENT_CONCEPT_OF
http://eurovoc.europa.eu/5083,http://eurovoc.europa.eu/6278,PARENT_CONCEPT_OF
http://eurovoc.europa.eu/5083,http://eurovoc.europa.eu/484,PARENT_CONCEPT_OF
http://eurovoc.europa.eu/5083,http://eurovoc.europa.eu/4148,PARENT_CONCEPT_OF
http://eurovoc.europa.eu/5083,http://eurovoc.europa.eu/1611,PARENT_CONCEPT_OF
http://eurovoc.europa.eu/4690,http://eurovoc.europa.eu/1125,PARENT_CONCEPT_OF
http://eurovoc.europa.eu/4690,http://eurovoc.europa.eu/5746,PARENT_CONCEPT_OF
http://eurovoc.europa.eu/4690,http://eurovoc.europa.eu/5695,PARENT_CONCEPT_OF
http://eurovoc.europa.eu/5265,http://eurovoc.europa.eu/3405,PARENT_CONCEPT_OF
http://eurovoc.europa.eu/8365,http://eurovoc.europa.eu/1557,PARENT_CONCEPT_OF
http://eurovoc.europa.eu/8365,http://eurovoc.europa.eu/4779,PARENT_CONCEPT_OF
http://eurovoc.europa.eu/187,http://eurovoc.europa.eu/4324,PARENT_CONCEPT_OF
http://eurovoc.europa.eu/2117,http://eurovoc.europa.eu/1208,PARENT_CONCEPT_OF
http://eurovoc.europa.eu/8367,http://eurovoc.europa.eu/1768,PARENT_CONCEPT_OF
http://eurovoc.europa.eu/1847,http://eurovoc.europa.eu/4453,PARENT_CONCEPT_OF
http://eurovoc.europa.eu/8369,http://eurovoc.europa.eu/1639,PARENT_CONCEPT_OF
http://eurovoc.europa.eu/8369,http://eurovoc.europa.eu/4217,PARENT_CONCEPT_OF
http://eurovoc.europa.eu/5780,http://eurovoc.europa.eu/1819,PARENT_CONCEPT_OF
http://eurovoc.europa.eu/c_b2c019c8,http://eurovoc.europa.eu/2866,PARENT_CONCEPT_OF
http://eurovoc.europa.eu/2106,http://eurovoc.europa.eu/1519,PARENT_CONCEPT_OF
http://eurovoc.europa.eu/2106,http://eurovoc.europa.eu/1899,PARENT_CONCEPT_OF
http://eurovoc.europa.eu/2106,http://eurovoc.europa.eu/2084,PARENT_CONCEPT_OF
http://eurovoc.europa.eu/37846,http://eurovoc.europa.eu/3784,PARENT_CONCEPT_OF
http://eurovoc.europa.eu/37846,http://eurovoc.europa.eu/4782,PARENT_CONCEPT_OF
http://eurovoc.europa.eu/2469,http://eurovoc.europa.eu/c_5f90006e,PARENT_CONCEPT_OF
http://eurovoc.europa.eu/2469,http://eurovoc.europa.eu/4492,PARENT_CONCEPT_OF
http://eurovoc.europa.eu/4539,http://eurovoc.europa.eu/4533,PARENT_CONCEPT_OF
http://eurovoc.europa.eu/5923,http://eurovoc.europa.eu/1539,PARENT_CONCEPT_OF
http://eurovoc.europa.eu/139,http://eurovoc.europa.eu/4198,PARENT_CONCEPT_OF
http://eurovoc.europa.eu/494,http://eurovoc.europa.eu/2918,PARENT_CONCEPT_OF
http://eurovoc.europa.eu/494,http://eurovoc.europa.eu/441,PARENT_CONCEPT_OF
http://eurovoc.europa.eu/486,http://eurovoc.europa.eu/438,PARENT_CONCEPT_OF
http://eurovoc.europa.eu/486,http://eurovoc.europa.eu/1978,PARENT_CONCEPT_OF
http://eurovoc.europa.eu/4366,http://eurovoc.europa.eu/451,PARENT_CONCEPT_OF
http://eurovoc.europa.eu/4415,http://eurovoc.europa.eu/5973,PARENT_CONCEPT_OF
http://eurovoc.europa.eu/3797,http://eurovoc.europa.eu/4930,PARENT_CONCEPT_OF
http://eurovoc.europa.eu/1737,http://eurovoc.europa.eu/2550,PARENT_CONCEPT_OF
http://eurovoc.europa.eu/394,http://eurovoc.europa.eu/397,PARENT_CONCEPT_OF
http://eurovoc.europa.eu/2698,http://eurovoc.europa.eu/2574,PARENT_CONCEPT_OF
http://eurovoc.europa.eu/2493,http://eurovoc.europa.eu/222,PARENT_CONCEPT_OF
http://eurovoc.europa.eu/2477,http://eurovoc.europa.eu/2068,PARENT_CONCEPT_OF
http://eurovoc.europa.eu/2972,http://eurovoc.europa.eu/2975,PARENT_CONCEPT_OF
http://eurovoc.europa.eu/2972,http://eurovoc.europa.eu/2624,PARENT_CONCEPT_OF
http://eurovoc.europa.eu/795,http://eurovoc.europa.eu/3277,PARENT_CONCEPT_OF
http://eurovoc.europa.eu/784,http://eurovoc.europa.eu/783,PARENT_CONCEPT_OF
http://eurovoc.europa.eu/784,http://eurovoc.europa.eu/681,PARENT_CONCEPT_OF
http://eurovoc.europa.eu/784,http://eurovoc.europa.eu/678,PARENT_CONCEPT_OF
http://eurovoc.europa.eu/2059,http://eurovoc.europa.eu/4150,PARENT_CONCEPT_OF
http://eurovoc.europa.eu/2170,http://eurovoc.europa.eu/7415,PARENT_CONCEPT_OF
http://eurovoc.europa.eu/2167,http://eurovoc.europa.eu/6159,PARENT_CONCEPT_OF
http://eurovoc.europa.eu/2167,http://eurovoc.europa.eu/8403,PARENT_CONCEPT_OF
http://eurovoc.europa.eu/2163,http://eurovoc.europa.eu/4838,PARENT_CONCEPT_OF
http://eurovoc.europa.eu/5769,http://eurovoc.europa.eu/7126,PARENT_CONCEPT_OF
http://eurovoc.europa.eu/5769,http://eurovoc.europa.eu/5425,PARENT_CONCEPT_OF
http://eurovoc.europa.eu/5769,http://eurovoc.europa.eu/441001,PARENT_CONCEPT_OF
http://eurovoc.europa.eu/5769,http://eurovoc.europa.eu/c_2f3d274d,PARENT_CONCEPT_OF
http://eurovoc.europa.eu/5769,http://eurovoc.europa.eu/c_ea7ea83c,PARENT_CONCEPT_OF
http://eurovoc.europa.eu/3058,http://eurovoc.europa.eu/3043,PARENT_CONCEPT_OF
http://eurovoc.europa.eu/4515,http://eurovoc.europa.eu/1036,PARENT_CONCEPT_OF
http://eurovoc.europa.eu/2512,http://eurovoc.europa.eu/1447,PARENT_CONCEPT_OF
http://eurovoc.europa.eu/2512,http://eurovoc.europa.eu/2513,PARENT_CONCEPT_OF
http://eurovoc.europa.eu/4706,http://eurovoc.europa.eu/7195,PARENT_CONCEPT_OF
http://eurovoc.europa.eu/4706,http://eurovoc.europa.eu/5323,PARENT_CONCEPT_OF
http://eurovoc.europa.eu/4706,http://eurovoc.europa.eu/5169,PARENT_CONCEPT_OF
http://eurovoc.europa.eu/2848,http://eurovoc.europa.eu/4246,PARENT_CONCEPT_OF
http://eurovoc.europa.eu/2848,http://eurovoc.europa.eu/2222,PARENT_CONCEPT_OF
http://eurovoc.europa.eu/2858,http://eurovoc.europa.eu/1584,PARENT_CONCEPT_OF
http://eurovoc.europa.eu/2858,http://eurovoc.europa.eu/3889,PARENT_CONCEPT_OF
http://eurovoc.europa.eu/1115,http://eurovoc.europa.eu/2888,PARENT_CONCEPT_OF
http://eurovoc.europa.eu/2413,http://eurovoc.europa.eu/2948,PARENT_CONCEPT_OF
http://eurovoc.europa.eu/2417,http://eurovoc.europa.eu/1667,PARENT_CONCEPT_OF
http://eurovoc.europa.eu/1412,http://eurovoc.europa.eu/4422,PARENT_CONCEPT_OF
http://eurovoc.europa.eu/753,http://eurovoc.europa.eu/1840,PARENT_CONCEPT_OF
http://eurovoc.europa.eu/2181,http://eurovoc.europa.eu/4530,PARENT_CONCEPT_OF
http://eurovoc.europa.eu/5371,http://eurovoc.europa.eu/5415,PARENT_CONCEPT_OF
http://eurovoc.europa.eu/1538,http://eurovoc.europa.eu/5616,PARENT_CONCEPT_OF
http://eurovoc.europa.eu/1615,http://eurovoc.europa.eu/5100,PARENT_CONCEPT_OF
http://eurovoc.europa.eu/41,http://eurovoc.europa.eu/5867,PARENT_CONCEPT_OF
http://eurovoc.europa.eu/2707,http://eurovoc.europa.eu/4285,PARENT_CONCEPT_OF
http://eurovoc.europa.eu/3929,http://eurovoc.europa.eu/3936,PARENT_CONCEPT_OF
http://eurovoc.europa.eu/3929,http://eurovoc.europa.eu/2819,PARENT_CONCEPT_OF
http://eurovoc.europa.eu/5974,http://eurovoc.europa.eu/5975,PARENT_CONCEPT_OF
http://eurovoc.europa.eu/4299,http://eurovoc.europa.eu/5940,PARENT_CONCEPT_OF
http://eurovoc.europa.eu/2468,http://eurovoc.europa.eu/3519,PARENT_CONCEPT_OF
http://eurovoc.europa.eu/424,http://eurovoc.europa.eu/740,PARENT_CONCEPT_OF
http://eurovoc.europa.eu/424,http://eurovoc.europa.eu/5021,PARENT_CONCEPT_OF
http://eurovoc.europa.eu/1018,http://eurovoc.europa.eu/3254,PARENT_CONCEPT_OF
http://eurovoc.europa.eu/4565,http://eurovoc.europa.eu/509,PARENT_CONCEPT_OF
http://eurovoc.europa.eu/3683,http://eurovoc.europa.eu/781,PARENT_CONCEPT_OF
http://eurovoc.europa.eu/668,http://eurovoc.europa.eu/c_74b0823c,PARENT_CONCEPT_OF
http://eurovoc.europa.eu/2187,http://eurovoc.europa.eu/4859,PARENT_CONCEPT_OF
http://eurovoc.europa.eu/2187,http://eurovoc.europa.eu/906,PARENT_CONCEPT_OF
http://eurovoc.europa.eu/2187,http://eurovoc.europa.eu/5366,PARENT_CONCEPT_OF
http://eurovoc.europa.eu/1360,http://eurovoc.europa.eu/1271,PARENT_CONCEPT_OF
http://eurovoc.europa.eu/2464,http://eurovoc.europa.eu/4156,PARENT_CONCEPT_OF
http://eurovoc.europa.eu/427,http://eurovoc.europa.eu/461,PARENT_CONCEPT_OF
http://eurovoc.europa.eu/427,http://eurovoc.europa.eu/358,PARENT_CONCEPT_OF
http://eurovoc.europa.eu/335,http://eurovoc.europa.eu/1038,PARENT_CONCEPT_OF
http://eurovoc.europa.eu/4305,http://eurovoc.europa.eu/6002,PARENT_CONCEPT_OF
http://eurovoc.europa.eu/2320,http://eurovoc.europa.eu/2999,PARENT_CONCEPT_OF
http://eurovoc.europa.eu/2476,http://eurovoc.europa.eu/2455,PARENT_CONCEPT_OF
http://eurovoc.europa.eu/3949,http://eurovoc.europa.eu/1835,PARENT_CONCEPT_OF
http://eurovoc.europa.eu/1414,http://eurovoc.europa.eu/3765,PARENT_CONCEPT_OF
http://eurovoc.europa.eu/3131,http://eurovoc.europa.eu/4162,PARENT_CONCEPT_OF
http://eurovoc.europa.eu/3160,http://eurovoc.europa.eu/3117,PARENT_CONCEPT_OF
http://eurovoc.europa.eu/3878,http://eurovoc.europa.eu/5271,PARENT_CONCEPT_OF
http://eurovoc.europa.eu/1432,http://eurovoc.europa.eu/8417,PARENT_CONCEPT_OF
http://eurovoc.europa.eu/3513,http://eurovoc.europa.eu/6614,PARENT_CONCEPT_OF
http://eurovoc.europa.eu/1916,http://eurovoc.europa.eu/c_d867a3b5,PARENT_CONCEPT_OF
http://eurovoc.europa.eu/1916,http://eurovoc.europa.eu/1910,PARENT_CONCEPT_OF
http://eurovoc.europa.eu/1916,http://eurovoc.europa.eu/1924,PARENT_CONCEPT_OF
http://eurovoc.europa.eu/1916,http://eurovoc.europa.eu/1917,PARENT_CONCEPT_OF
http://eurovoc.europa.eu/7868,http://eurovoc.europa.eu/7874,PARENT_CONCEPT_OF
http://eurovoc.europa.eu/864,http://eurovoc.europa.eu/6282,PARENT_CONCEPT_OF
http://eurovoc.europa.eu/864,http://eurovoc.europa.eu/4172,PARENT_CONCEPT_OF
http://eurovoc.europa.eu/7817,http://eurovoc.europa.eu/7834,PARENT_CONCEPT_OF
http://eurovoc.europa.eu/1088,http://eurovoc.europa.eu/c_f2f1fb47,PARENT_CONCEPT_OF
http://eurovoc.europa.eu/8189,http://eurovoc.europa.eu/8496,PARENT_CONCEPT_OF
http://eurovoc.europa.eu/337,http://eurovoc.europa.eu/3726,PARENT_CONCEPT_OF
http://eurovoc.europa.eu/8301,http://eurovoc.europa.eu/8304,PARENT_CONCEPT_OF
http://eurovoc.europa.eu/8301,http://eurovoc.europa.eu/8324,PARENT_CONCEPT_OF
http://eurovoc.europa.eu/1329,http://eurovoc.europa.eu/4560,PARENT_CONCEPT_OF
http://eurovoc.europa.eu/7814,http://eurovoc.europa.eu/7979,PARENT_CONCEPT_OF
http://eurovoc.europa.eu/c_6acbfd25,http://eurovoc.europa.eu/c_e6d358a0,PARENT_CONCEPT_OF
http://eurovoc.europa.eu/6136,http://eurovoc.europa.eu/6196,PARENT_CONCEPT_OF
http://eurovoc.europa.eu/1748,http://eurovoc.europa.eu/1753,PARENT_CONCEPT_OF
http://eurovoc.europa.eu/695,http://eurovoc.europa.eu/704,PARENT_CONCEPT_OF
http://eurovoc.europa.eu/2186,http://eurovoc.europa.eu/363,PARENT_CONCEPT_OF
http://eurovoc.europa.eu/3935,http://eurovoc.europa.eu/527,PARENT_CONCEPT_OF
http://eurovoc.europa.eu/3581,http://eurovoc.europa.eu/2646,PARENT_CONCEPT_OF
http://eurovoc.europa.eu/3151,http://eurovoc.europa.eu/3673,PARENT_CONCEPT_OF
http://eurovoc.europa.eu/3151,http://eurovoc.europa.eu/3243,PARENT_CONCEPT_OF
http://eurovoc.europa.eu/1401,http://eurovoc.europa.eu/3864,PARENT_CONCEPT_OF
http://eurovoc.europa.eu/1401,http://eurovoc.europa.eu/1833,PARENT_CONCEPT_OF
http://eurovoc.europa.eu/2524,http://eurovoc.europa.eu/2527,PARENT_CONCEPT_OF
http://eurovoc.europa.eu/371,http://eurovoc.europa.eu/412,PARENT_CONCEPT_OF
http://eurovoc.europa.eu/343,http://eurovoc.europa.eu/1269,PARENT_CONCEPT_OF
http://eurovoc.europa.eu/1221,http://eurovoc.europa.eu/4874,PARENT_CONCEPT_OF
http://eurovoc.europa.eu/2475,http://eurovoc.europa.eu/3134,PARENT_CONCEPT_OF
http://eurovoc.europa.eu/4619,http://eurovoc.europa.eu/3124,PARENT_CONCEPT_OF
http://eurovoc.europa.eu/1690,http://eurovoc.europa.eu/1693,PARENT_CONCEPT_OF
http://eurovoc.europa.eu/4365,http://eurovoc.europa.eu/7933,PARENT_CONCEPT_OF
http://eurovoc.europa.eu/4365,http://eurovoc.europa.eu/6016,PARENT_CONCEPT_OF
http://eurovoc.europa.eu/2736,http://eurovoc.europa.eu/6787,PARENT_CONCEPT_OF
http://eurovoc.europa.eu/2736,http://eurovoc.europa.eu/1240,PARENT_CONCEPT_OF
http://eurovoc.europa.eu/4697,http://eurovoc.europa.eu/406,PARENT_CONCEPT_OF
http://eurovoc.europa.eu/2497,http://eurovoc.europa.eu/369,PARENT_CONCEPT_OF
http://eurovoc.europa.eu/3300,http://eurovoc.europa.eu/2559,PARENT_CONCEPT_OF
http://eurovoc.europa.eu/385,http://eurovoc.europa.eu/2029,PARENT_CONCEPT_OF
http://eurovoc.europa.eu/3239,http://eurovoc.europa.eu/4608,PARENT_CONCEPT_OF
http://eurovoc.europa.eu/3239,http://eurovoc.europa.eu/1466,PARENT_CONCEPT_OF
http://eurovoc.europa.eu/1426,http://eurovoc.europa.eu/6275,PARENT_CONCEPT_OF
http://eurovoc.europa.eu/4488,http://eurovoc.europa.eu/5595,PARENT_CONCEPT_OF
http://eurovoc.europa.eu/2767,http://eurovoc.europa.eu/2381,PARENT_CONCEPT_OF
http://eurovoc.europa.eu/1411,http://eurovoc.europa.eu/3750,PARENT_CONCEPT_OF
http://eurovoc.europa.eu/2398,http://eurovoc.europa.eu/3168,PARENT_CONCEPT_OF
http://eurovoc.europa.eu/540,http://eurovoc.europa.eu/1818,PARENT_CONCEPT_OF
http://eurovoc.europa.eu/914,http://eurovoc.europa.eu/5063,PARENT_CONCEPT_OF
http://eurovoc.europa.eu/911,http://eurovoc.europa.eu/2084,PARENT_CONCEPT_OF
http://eurovoc.europa.eu/2520,http://eurovoc.europa.eu/3178,PARENT_CONCEPT_OF
http://eurovoc.europa.eu/2258,http://eurovoc.europa.eu/2257,PARENT_CONCEPT_OF
http://eurovoc.europa.eu/4436,http://eurovoc.europa.eu/5357,PARENT_CONCEPT_OF
http://eurovoc.europa.eu/1005,http://eurovoc.europa.eu/5844,PARENT_CONCEPT_OF
http://eurovoc.europa.eu/54,http://eurovoc.europa.eu/c_6dcd8600,PARENT_CONCEPT_OF
http://eurovoc.europa.eu/54,http://eurovoc.europa.eu/60,PARENT_CONCEPT_OF
http://eurovoc.europa.eu/1000,http://eurovoc.europa.eu/c_859ae4e1,PARENT_CONCEPT_OF
http://eurovoc.europa.eu/1000,http://eurovoc.europa.eu/6714,PARENT_CONCEPT_OF
http://eurovoc.europa.eu/1410,http://eurovoc.europa.eu/1358,PARENT_CONCEPT_OF
http://eurovoc.europa.eu/1718,http://eurovoc.europa.eu/1832,PARENT_CONCEPT_OF
http://eurovoc.europa.eu/833,http://eurovoc.europa.eu/73569,PARENT_CONCEPT_OF
http://eurovoc.europa.eu/3146,http://eurovoc.europa.eu/415,PARENT_CONCEPT_OF
http://eurovoc.europa.eu/1268,http://eurovoc.europa.eu/5689,PARENT_CONCEPT_OF
http://eurovoc.europa.eu/1268,http://eurovoc.europa.eu/1284,PARENT_CONCEPT_OF
http://eurovoc.europa.eu/1754,http://eurovoc.europa.eu/6567,PARENT_CONCEPT_OF
http://eurovoc.europa.eu/5881,http://eurovoc.europa.eu/4455,PARENT_CONCEPT_OF
http://eurovoc.europa.eu/1086,http://eurovoc.europa.eu/1207,PARENT_CONCEPT_OF
http://eurovoc.europa.eu/4314,http://eurovoc.europa.eu/4315,PARENT_CONCEPT_OF
http://eurovoc.europa.eu/4189,http://eurovoc.europa.eu/4202,PARENT_CONCEPT_OF
http://eurovoc.europa.eu/2460,http://eurovoc.europa.eu/922,PARENT_CONCEPT_OF
http://eurovoc.europa.eu/3489,http://eurovoc.europa.eu/435164,PARENT_CONCEPT_OF
http://eurovoc.europa.eu/3489,http://eurovoc.europa.eu/4121,PARENT_CONCEPT_OF
http://eurovoc.europa.eu/3074,http://eurovoc.europa.eu/5125,PARENT_CONCEPT_OF
http://eurovoc.europa.eu/3074,http://eurovoc.europa.eu/c_0894af6b,PARENT_CONCEPT_OF
http://eurovoc.europa.eu/3798,http://eurovoc.europa.eu/1512,PARENT_CONCEPT_OF
http://eurovoc.europa.eu/3900,http://eurovoc.europa.eu/1621,PARENT_CONCEPT_OF
http://eurovoc.europa.eu/474,http://eurovoc.europa.eu/6,PARENT_CONCEPT_OF
http://eurovoc.europa.eu/77,http://eurovoc.europa.eu/c_a661acd8,PARENT_CONCEPT_OF
http://eurovoc.europa.eu/2723,http://eurovoc.europa.eu/318,PARENT_CONCEPT_OF
http://eurovoc.europa.eu/2711,http://eurovoc.europa.eu/1937,PARENT_CONCEPT_OF
http://eurovoc.europa.eu/2498,http://eurovoc.europa.eu/3785,PARENT_CONCEPT_OF
http://eurovoc.europa.eu/3737,http://eurovoc.europa.eu/4420,PARENT_CONCEPT_OF
http://eurovoc.europa.eu/2491,http://eurovoc.europa.eu/3653,PARENT_CONCEPT_OF
http://eurovoc.europa.eu/4630,http://eurovoc.europa.eu/4708,PARENT_CONCEPT_OF
http://eurovoc.europa.eu/2449,http://eurovoc.europa.eu/6364,PARENT_CONCEPT_OF
http://eurovoc.europa.eu/2449,http://eurovoc.europa.eu/4,PARENT_CONCEPT_OF
http://eurovoc.europa.eu/524,http://eurovoc.europa.eu/6062,PARENT_CONCEPT_OF
http://eurovoc.europa.eu/2450,http://eurovoc.europa.eu/3171,PARENT_CONCEPT_OF
http://eurovoc.europa.eu/2487,http://eurovoc.europa.eu/3166,PARENT_CONCEPT_OF
http://eurovoc.europa.eu/1453,http://eurovoc.europa.eu/5805,PARENT_CONCEPT_OF
http://eurovoc.europa.eu/1282,http://eurovoc.europa.eu/135,PARENT_CONCEPT_OF
http://eurovoc.europa.eu/3025,http://eurovoc.europa.eu/7386,PARENT_CONCEPT_OF
http://eurovoc.europa.eu/2191,http://eurovoc.europa.eu/987,PARENT_CONCEPT_OF
http://eurovoc.europa.eu/1804,http://eurovoc.europa.eu/1790,PARENT_CONCEPT_OF
http://eurovoc.europa.eu/1630,http://eurovoc.europa.eu/5156,PARENT_CONCEPT_OF
http://eurovoc.europa.eu/3659,http://eurovoc.europa.eu/2575,PARENT_CONCEPT_OF
http://eurovoc.europa.eu/3659,http://eurovoc.europa.eu/834,PARENT_CONCEPT_OF
http://eurovoc.europa.eu/3659,http://eurovoc.europa.eu/836,PARENT_CONCEPT_OF
http://eurovoc.europa.eu/3659,http://eurovoc.europa.eu/6785,PARENT_CONCEPT_OF
http://eurovoc.europa.eu/2825,http://eurovoc.europa.eu/2826,PARENT_CONCEPT_OF
http://eurovoc.europa.eu/c_6e703074,http://eurovoc.europa.eu/1532,PARENT_CONCEPT_OF
http://eurovoc.europa.eu/2200,http://eurovoc.europa.eu/5619,PARENT_CONCEPT_OF
http://eurovoc.europa.eu/2200,http://eurovoc.europa.eu/4839,PARENT_CONCEPT_OF
http://eurovoc.europa.eu/2200,http://eurovoc.europa.eu/1255,PARENT_CONCEPT_OF
http://eurovoc.europa.eu/122,http://eurovoc.europa.eu/1019,PARENT_CONCEPT_OF
http://eurovoc.europa.eu/122,http://eurovoc.europa.eu/1255,PARENT_CONCEPT_OF
http://eurovoc.europa.eu/122,http://eurovoc.europa.eu/5709,PARENT_CONCEPT_OF
http://eurovoc.europa.eu/1658,http://eurovoc.europa.eu/1842,PARENT_CONCEPT_OF
http://eurovoc.europa.eu/1658,http://eurovoc.europa.eu/33,PARENT_CONCEPT_OF
http://eurovoc.europa.eu/2119,http://eurovoc.europa.eu/314,PARENT_CONCEPT_OF
http://eurovoc.europa.eu/2119,http://eurovoc.europa.eu/3403,PARENT_CONCEPT_OF
http://eurovoc.europa.eu/5655,http://eurovoc.europa.eu/1255,PARENT_CONCEPT_OF
http://eurovoc.europa.eu/2763,http://eurovoc.europa.eu/1102,PARENT_CONCEPT_OF
http://eurovoc.europa.eu/2763,http://eurovoc.europa.eu/4860,PARENT_CONCEPT_OF
http://eurovoc.europa.eu/813,http://eurovoc.europa.eu/819,PARENT_CONCEPT_OF
http://eurovoc.europa.eu/3461,http://eurovoc.europa.eu/2095,PARENT_CONCEPT_OF
http://eurovoc.europa.eu/3467,http://eurovoc.europa.eu/3470,PARENT_CONCEPT_OF
http://eurovoc.europa.eu/3467,http://eurovoc.europa.eu/5486,PARENT_CONCEPT_OF
http://eurovoc.europa.eu/3467,http://eurovoc.europa.eu/3482,PARENT_CONCEPT_OF
http://eurovoc.europa.eu/3467,http://eurovoc.europa.eu/3473,PARENT_CONCEPT_OF
http://eurovoc.europa.eu/2507,http://eurovoc.europa.eu/c_804a9afe,PARENT_CONCEPT_OF
http://eurovoc.europa.eu/2507,http://eurovoc.europa.eu/3624,PARENT_CONCEPT_OF
http://eurovoc.europa.eu/2507,http://eurovoc.europa.eu/2802,PARENT_CONCEPT_OF
http://eurovoc.europa.eu/2720,http://eurovoc.europa.eu/2758,PARENT_CONCEPT_OF
http://eurovoc.europa.eu/567,http://eurovoc.europa.eu/581,PARENT_CONCEPT_OF
http://eurovoc.europa.eu/2001,http://eurovoc.europa.eu/2000,PARENT_CONCEPT_OF
http://eurovoc.europa.eu/4704,http://eurovoc.europa.eu/2155,PARENT_CONCEPT_OF
http://eurovoc.europa.eu/4704,http://eurovoc.europa.eu/309,PARENT_CONCEPT_OF
http://eurovoc.europa.eu/4704,http://eurovoc.europa.eu/7385,PARENT_CONCEPT_OF
http://eurovoc.europa.eu/4361,http://eurovoc.europa.eu/2566,PARENT_CONCEPT_OF
http://eurovoc.europa.eu/2914,http://eurovoc.europa.eu/15670,PARENT_CONCEPT_OF
http://eurovoc.europa.eu/2914,http://eurovoc.europa.eu/3670,PARENT_CONCEPT_OF
http://eurovoc.europa.eu/1326,http://eurovoc.europa.eu/1330,PARENT_CONCEPT_OF
http://eurovoc.europa.eu/2504,http://eurovoc.europa.eu/1234,PARENT_CONCEPT_OF
http://eurovoc.europa.eu/2504,http://eurovoc.europa.eu/365,PARENT_CONCEPT_OF
http://eurovoc.europa.eu/2504,http://eurovoc.europa.eu/6736,PARENT_CONCEPT_OF
http://eurovoc.europa.eu/1418,http://eurovoc.europa.eu/5024,PARENT_CONCEPT_OF
http://eurovoc.europa.eu/962,http://eurovoc.europa.eu/963,PARENT_CONCEPT_OF
http://eurovoc.europa.eu/962,http://eurovoc.europa.eu/982,PARENT_CONCEPT_OF
http://eurovoc.europa.eu/3605,http://eurovoc.europa.eu/3424,PARENT_CONCEPT_OF
http://eurovoc.europa.eu/937,http://eurovoc.europa.eu/4337,PARENT_CONCEPT_OF
http://eurovoc.europa.eu/1894,http://eurovoc.europa.eu/6272,PARENT_CONCEPT_OF
http://eurovoc.europa.eu/5606,http://eurovoc.europa.eu/5822,PARENT_CONCEPT_OF
http://eurovoc.europa.eu/5498,http://eurovoc.europa.eu/7128,PARENT_CONCEPT_OF
http://eurovoc.europa.eu/4738,http://eurovoc.europa.eu/4795,PARENT_CONCEPT_OF
http://eurovoc.europa.eu/4738,http://eurovoc.europa.eu/4752,PARENT_CONCEPT_OF
http://eurovoc.europa.eu/4195,http://eurovoc.europa.eu/c_7f2d2214,PARENT_CONCEPT_OF
http://eurovoc.europa.eu/4008,http://eurovoc.europa.eu/5886,PARENT_CONCEPT_OF
http://eurovoc.europa.eu/518,http://eurovoc.europa.eu/859,PARENT_CONCEPT_OF
http://eurovoc.europa.eu/5322,http://eurovoc.europa.eu/450925,PARENT_CONCEPT_OF
http://eurovoc.europa.eu/1780,http://eurovoc.europa.eu/6562,PARENT_CONCEPT_OF
http://eurovoc.europa.eu/841,http://eurovoc.europa.eu/454784,PARENT_CONCEPT_OF
http://eurovoc.europa.eu/1450,http://eurovoc.europa.eu/4041,PARENT_CONCEPT_OF
http://eurovoc.europa.eu/2116,http://eurovoc.europa.eu/3727,PARENT_CONCEPT_OF
http://eurovoc.europa.eu/2291,http://eurovoc.europa.eu/3763,PARENT_CONCEPT_OF
http://eurovoc.europa.eu/2291,http://eurovoc.europa.eu/5435,PARENT_CONCEPT_OF
http://eurovoc.europa.eu/3121,http://eurovoc.europa.eu/5389,PARENT_CONCEPT_OF
http://eurovoc.europa.eu/c_5a7a0d82,http://eurovoc.europa.eu/95334,PARENT_CONCEPT_OF
http://eurovoc.europa.eu/2463,http://eurovoc.europa.eu/1132,PARENT_CONCEPT_OF
http://eurovoc.europa.eu/4533,http://eurovoc.europa.eu/4653,PARENT_CONCEPT_OF
http://eurovoc.europa.eu/42,http://eurovoc.europa.eu/6622,PARENT_CONCEPT_OF
http://eurovoc.europa.eu/c_5a59a5d2,http://eurovoc.europa.eu/c_1bedfedb,PARENT_CONCEPT_OF
http://eurovoc.europa.eu/2062,http://eurovoc.europa.eu/c_525f45d9,PARENT_CONCEPT_OF
http://eurovoc.europa.eu/1589,http://eurovoc.europa.eu/6106,PARENT_CONCEPT_OF
http://eurovoc.europa.eu/4762,http://eurovoc.europa.eu/4753,PARENT_CONCEPT_OF
http://eurovoc.europa.eu/4168,http://eurovoc.europa.eu/4864,PARENT_CONCEPT_OF
http://eurovoc.europa.eu/5042,http://eurovoc.europa.eu/550,PARENT_CONCEPT_OF
http://eurovoc.europa.eu/4865,http://eurovoc.europa.eu/4869,PARENT_CONCEPT_OF
http://eurovoc.europa.eu/2754,http://eurovoc.europa.eu/3471,PARENT_CONCEPT_OF
http://eurovoc.europa.eu/2754,http://eurovoc.europa.eu/169,PARENT_CONCEPT_OF
http://eurovoc.europa.eu/2976,http://eurovoc.europa.eu/5950,PARENT_CONCEPT_OF
http://eurovoc.europa.eu/679,http://eurovoc.europa.eu/630,PARENT_CONCEPT_OF
http://eurovoc.europa.eu/2202,http://eurovoc.europa.eu/450953,PARENT_CONCEPT_OF
http://eurovoc.europa.eu/6049,http://eurovoc.europa.eu/5509,PARENT_CONCEPT_OF
http://eurovoc.europa.eu/1048,http://eurovoc.europa.eu/2347,PARENT_CONCEPT_OF
http://eurovoc.europa.eu/4809,http://eurovoc.europa.eu/4799,PARENT_CONCEPT_OF
http://eurovoc.europa.eu/5433,http://eurovoc.europa.eu/c_61b6fae1,PARENT_CONCEPT_OF
http://eurovoc.europa.eu/1036,http://eurovoc.europa.eu/2044,PARENT_CONCEPT_OF
http://eurovoc.europa.eu/5211,http://eurovoc.europa.eu/5101,PARENT_CONCEPT_OF
http://eurovoc.europa.eu/4702,http://eurovoc.europa.eu/3331,PARENT_CONCEPT_OF
http://eurovoc.europa.eu/4470,http://eurovoc.europa.eu/3341,PARENT_CONCEPT_OF
http://eurovoc.europa.eu/4470,http://eurovoc.europa.eu/8461,PARENT_CONCEPT_OF
http://eurovoc.europa.eu/4470,http://eurovoc.europa.eu/8472,PARENT_CONCEPT_OF
http://eurovoc.europa.eu/4470,http://eurovoc.europa.eu/3118,PARENT_CONCEPT_OF
http://eurovoc.europa.eu/4470,http://eurovoc.europa.eu/3608,PARENT_CONCEPT_OF
http://eurovoc.europa.eu/5777,http://eurovoc.europa.eu/4572,PARENT_CONCEPT_OF
http://eurovoc.europa.eu/2546,http://eurovoc.europa.eu/6280,PARENT_CONCEPT_OF
http://eurovoc.europa.eu/241,http://eurovoc.europa.eu/1270,PARENT_CONCEPT_OF
http://eurovoc.europa.eu/1270,http://eurovoc.europa.eu/2951,PARENT_CONCEPT_OF
http://eurovoc.europa.eu/1245,http://eurovoc.europa.eu/5662,PARENT_CONCEPT_OF
http://eurovoc.europa.eu/1245,http://eurovoc.europa.eu/5664,PARENT_CONCEPT_OF
http://eurovoc.europa.eu/2369,http://eurovoc.europa.eu/442850,PARENT_CONCEPT_OF
http://eurovoc.europa.eu/2856,http://eurovoc.europa.eu/7389,PARENT_CONCEPT_OF
http://eurovoc.europa.eu/4422,http://eurovoc.europa.eu/3788,PARENT_CONCEPT_OF
http://eurovoc.europa.eu/4422,http://eurovoc.europa.eu/868,PARENT_CONCEPT_OF
http://eurovoc.europa.eu/4651,http://eurovoc.europa.eu/4655,PARENT_CONCEPT_OF
http://eurovoc.europa.eu/2704,http://eurovoc.europa.eu/5144,PARENT_CONCEPT_OF
http://eurovoc.europa.eu/1180,http://eurovoc.europa.eu/1228,PARENT_CONCEPT_OF
http://eurovoc.europa.eu/2362,http://eurovoc.europa.eu/4816,PARENT_CONCEPT_OF
http://eurovoc.europa.eu/809,http://eurovoc.europa.eu/811,PARENT_CONCEPT_OF
http://eurovoc.europa.eu/3228,http://eurovoc.europa.eu/c_b6ebf216,PARENT_CONCEPT_OF
http://eurovoc.europa.eu/1778,http://eurovoc.europa.eu/3036,PARENT_CONCEPT_OF
http://eurovoc.europa.eu/5149,http://eurovoc.europa.eu/5150,PARENT_CONCEPT_OF
http://eurovoc.europa.eu/5940,http://eurovoc.europa.eu/3552,PARENT_CONCEPT_OF
http://eurovoc.europa.eu/2454,http://eurovoc.europa.eu/6347,PARENT_CONCEPT_OF
http://eurovoc.europa.eu/1503,http://eurovoc.europa.eu/163,PARENT_CONCEPT_OF
http://eurovoc.europa.eu/5555,http://eurovoc.europa.eu/6212,PARENT_CONCEPT_OF
http://eurovoc.europa.eu/1017,http://eurovoc.europa.eu/7383,PARENT_CONCEPT_OF
http://eurovoc.europa.eu/121,http://eurovoc.europa.eu/7346,PARENT_CONCEPT_OF
http://eurovoc.europa.eu/6091,http://eurovoc.europa.eu/6094,PARENT_CONCEPT_OF
http://eurovoc.europa.eu/1210,http://eurovoc.europa.eu/c_4e75f061,PARENT_CONCEPT_OF
http://eurovoc.europa.eu/1210,http://eurovoc.europa.eu/8441,PARENT_CONCEPT_OF
http://eurovoc.europa.eu/2465,http://eurovoc.europa.eu/c_f40562e9,PARENT_CONCEPT_OF
http://eurovoc.europa.eu/1202,http://eurovoc.europa.eu/5653,PARENT_CONCEPT_OF
http://eurovoc.europa.eu/3407,http://eurovoc.europa.eu/1639,PARENT_CONCEPT_OF
http://eurovoc.europa.eu/302,http://eurovoc.europa.eu/5349,PARENT_CONCEPT_OF
http://eurovoc.europa.eu/357,http://eurovoc.europa.eu/4782,PARENT_CONCEPT_OF
http://eurovoc.europa.eu/904,http://eurovoc.europa.eu/902,PARENT_CONCEPT_OF
http://eurovoc.europa.eu/5474,http://eurovoc.europa.eu/5804,PARENT_CONCEPT_OF
http://eurovoc.europa.eu/1159,http://eurovoc.europa.eu/133,PARENT_CONCEPT_OF
http://eurovoc.europa.eu/5966,http://eurovoc.europa.eu/2373,PARENT_CONCEPT_OF
http://eurovoc.europa.eu/1152,http://eurovoc.europa.eu/8438,PARENT_CONCEPT_OF
http://eurovoc.europa.eu/3790,http://eurovoc.europa.eu/6716,PARENT_CONCEPT_OF
http://eurovoc.europa.eu/4387,http://eurovoc.europa.eu/2663,PARENT_CONCEPT_OF
http://eurovoc.europa.eu/877,http://eurovoc.europa.eu/6728,PARENT_CONCEPT_OF
http://eurovoc.europa.eu/5490,http://eurovoc.europa.eu/1600,PARENT_CONCEPT_OF
http://eurovoc.europa.eu/4568,http://eurovoc.europa.eu/5246,PARENT_CONCEPT_OF
http://eurovoc.europa.eu/c_0a700c19,http://eurovoc.europa.eu/4364,PARENT_CONCEPT_OF
http://eurovoc.europa.eu/8324,http://eurovoc.europa.eu/8313,PARENT_CONCEPT_OF
http://eurovoc.europa.eu/8324,http://eurovoc.europa.eu/8314,PARENT_CONCEPT_OF
http://eurovoc.europa.eu/8332,http://eurovoc.europa.eu/8335,PARENT_CONCEPT_OF
http://eurovoc.europa.eu/6242,http://eurovoc.europa.eu/8007,PARENT_CONCEPT_OF
http://eurovoc.europa.eu/c_d4ca9a6c,http://eurovoc.europa.eu/c_e4bfb3bb,PARENT_CONCEPT_OF
http://eurovoc.europa.eu/4171,http://eurovoc.europa.eu/7895,PARENT_CONCEPT_OF
http://eurovoc.europa.eu/360,http://eurovoc.europa.eu/3045,PARENT_CONCEPT_OF
http://eurovoc.europa.eu/3313,http://eurovoc.europa.eu/6006,PARENT_CONCEPT_OF
http://eurovoc.europa.eu/5105,http://eurovoc.europa.eu/5276,PARENT_CONCEPT_OF
http://eurovoc.europa.eu/148,http://eurovoc.europa.eu/151,PARENT_CONCEPT_OF
http://eurovoc.europa.eu/6729,http://eurovoc.europa.eu/6733,PARENT_CONCEPT_OF
http://eurovoc.europa.eu/1979,http://eurovoc.europa.eu/1982,PARENT_CONCEPT_OF
http://eurovoc.europa.eu/165,http://eurovoc.europa.eu/3728,PARENT_CONCEPT_OF
http://eurovoc.europa.eu/2521,http://eurovoc.europa.eu/2523,PARENT_CONCEPT_OF
http://eurovoc.europa.eu/413,http://eurovoc.europa.eu/5683,PARENT_CONCEPT_OF
http://eurovoc.europa.eu/413,http://eurovoc.europa.eu/856,PARENT_CONCEPT_OF
http://eurovoc.europa.eu/5482,http://eurovoc.europa.eu/48828,PARENT_CONCEPT_OF
http://eurovoc.europa.eu/847,http://eurovoc.europa.eu/7359,PARENT_CONCEPT_OF
http://eurovoc.europa.eu/556,http://eurovoc.europa.eu/3380,PARENT_CONCEPT_OF
http://eurovoc.europa.eu/2130,http://eurovoc.europa.eu/3708,PARENT_CONCEPT_OF
http://eurovoc.europa.eu/6016,http://eurovoc.europa.eu/5278,PARENT_CONCEPT_OF
http://eurovoc.europa.eu/c_5b447e3a,http://eurovoc.europa.eu/c_4b8a95a7,PARENT_CONCEPT_OF
http://eurovoc.europa.eu/2986,http://eurovoc.europa.eu/c_a2a3268e,PARENT_CONCEPT_OF
http://eurovoc.europa.eu/564,http://eurovoc.europa.eu/c_ad50a3c0,PARENT_CONCEPT_OF
http://eurovoc.europa.eu/2462,http://eurovoc.europa.eu/2483,PARENT_CONCEPT_OF
http://eurovoc.europa.eu/1773,http://eurovoc.europa.eu/2908,PARENT_CONCEPT_OF
http://eurovoc.europa.eu/3327,http://eurovoc.europa.eu/160,PARENT_CONCEPT_OF
http://eurovoc.europa.eu/6326,http://eurovoc.europa.eu/6327,PARENT_CONCEPT_OF
http://eurovoc.europa.eu/6275,http://eurovoc.europa.eu/6126,PARENT_CONCEPT_OF
http://eurovoc.europa.eu/2157,http://eurovoc.europa.eu/3704,PARENT_CONCEPT_OF
http://eurovoc.europa.eu/1935,http://eurovoc.europa.eu/3760,PARENT_CONCEPT_OF
http://eurovoc.europa.eu/3754,http://eurovoc.europa.eu/1934,PARENT_CONCEPT_OF
http://eurovoc.europa.eu/1046,http://eurovoc.europa.eu/5784,PARENT_CONCEPT_OF
http://eurovoc.europa.eu/3566,http://eurovoc.europa.eu/8416,PARENT_CONCEPT_OF
http://eurovoc.europa.eu/98,http://eurovoc.europa.eu/1689,PARENT_CONCEPT_OF
http://eurovoc.europa.eu/2046,http://eurovoc.europa.eu/5527,PARENT_CONCEPT_OF
http://eurovoc.europa.eu/3168,http://eurovoc.europa.eu/162,PARENT_CONCEPT_OF
http://eurovoc.europa.eu/5774,http://eurovoc.europa.eu/5709,PARENT_CONCEPT_OF
http://eurovoc.europa.eu/2985,http://eurovoc.europa.eu/2987,PARENT_CONCEPT_OF
http://eurovoc.europa.eu/5034,http://eurovoc.europa.eu/4650,PARENT_CONCEPT_OF
http://eurovoc.europa.eu/5034,http://eurovoc.europa.eu/4388,PARENT_CONCEPT_OF
http://eurovoc.europa.eu/2050,http://eurovoc.europa.eu/2047,PARENT_CONCEPT_OF
http://eurovoc.europa.eu/3560,http://eurovoc.europa.eu/4080,PARENT_CONCEPT_OF
http://eurovoc.europa.eu/5092,http://eurovoc.europa.eu/276,PARENT_CONCEPT_OF
http://eurovoc.europa.eu/5092,http://eurovoc.europa.eu/279,PARENT_CONCEPT_OF
http://eurovoc.europa.eu/c_f9c004eb,http://eurovoc.europa.eu/c_fd5273d6,PARENT_CONCEPT_OF
http://eurovoc.europa.eu/1994,http://eurovoc.europa.eu/6824,PARENT_CONCEPT_OF
http://eurovoc.europa.eu/4940,http://eurovoc.europa.eu/c_d701b19c,PARENT_CONCEPT_OF
http://eurovoc.europa.eu/1594,http://eurovoc.europa.eu/5916,PARENT_CONCEPT_OF
http://eurovoc.europa.eu/5764,http://eurovoc.europa.eu/3885,PARENT_CONCEPT_OF
http://eurovoc.europa.eu/5764,http://eurovoc.europa.eu/1855,PARENT_CONCEPT_OF
http://eurovoc.europa.eu/5764,http://eurovoc.europa.eu/5293,PARENT_CONCEPT_OF
http://eurovoc.europa.eu/4116,http://eurovoc.europa.eu/464,PARENT_CONCEPT_OF
http://eurovoc.europa.eu/1852,http://eurovoc.europa.eu/5306,PARENT_CONCEPT_OF
http://eurovoc.europa.eu/3003,http://eurovoc.europa.eu/4348,PARENT_CONCEPT_OF
http://eurovoc.europa.eu/2740,http://eurovoc.europa.eu/5045,PARENT_CONCEPT_OF
http://eurovoc.europa.eu/3808,http://eurovoc.europa.eu/1381,PARENT_CONCEPT_OF
http://eurovoc.europa.eu/1172,http://eurovoc.europa.eu/1939,PARENT_CONCEPT_OF
http://eurovoc.europa.eu/1755,http://eurovoc.europa.eu/6112,PARENT_CONCEPT_OF
http://eurovoc.europa.eu/4743,http://eurovoc.europa.eu/4745,PARENT_CONCEPT_OF
http://eurovoc.europa.eu/4743,http://eurovoc.europa.eu/4747,PARENT_CONCEPT_OF
http://eurovoc.europa.eu/3030,http://eurovoc.europa.eu/c_df93fd35,PARENT_CONCEPT_OF
http://eurovoc.europa.eu/6043,http://eurovoc.europa.eu/6045,PARENT_CONCEPT_OF
http://eurovoc.europa.eu/5475,http://eurovoc.europa.eu/6357,PARENT_CONCEPT_OF
http://eurovoc.europa.eu/2677,http://eurovoc.europa.eu/2686,PARENT_CONCEPT_OF
http://eurovoc.europa.eu/381,http://eurovoc.europa.eu/8422,PARENT_CONCEPT_OF
http://eurovoc.europa.eu/1464,http://eurovoc.europa.eu/8409,PARENT_CONCEPT_OF
http://eurovoc.europa.eu/1474,http://eurovoc.europa.eu/5749,PARENT_CONCEPT_OF
http://eurovoc.europa.eu/5156,http://eurovoc.europa.eu/c_f007e95f,PARENT_CONCEPT_OF
http://eurovoc.europa.eu/1886,http://eurovoc.europa.eu/2156,PARENT_CONCEPT_OF
http://eurovoc.europa.eu/1885,http://eurovoc.europa.eu/5988,PARENT_CONCEPT_OF
http://eurovoc.europa.eu/1885,http://eurovoc.europa.eu/1446,PARENT_CONCEPT_OF
http://eurovoc.europa.eu/1885,http://eurovoc.europa.eu/4990,PARENT_CONCEPT_OF
http://eurovoc.europa.eu/542,http://eurovoc.europa.eu/1623,PARENT_CONCEPT_OF
http://eurovoc.europa.eu/542,http://eurovoc.europa.eu/4791,PARENT_CONCEPT_OF
http://eurovoc.europa.eu/1565,http://eurovoc.europa.eu/1575,PARENT_CONCEPT_OF
http://eurovoc.europa.eu/1573,http://eurovoc.europa.eu/4773,PARENT_CONCEPT_OF
http://eurovoc.europa.eu/5206,http://eurovoc.europa.eu/6755,PARENT_CONCEPT_OF
http://eurovoc.europa.eu/537,http://eurovoc.europa.eu/3999,PARENT_CONCEPT_OF
http://eurovoc.europa.eu/2862,http://eurovoc.europa.eu/5058,PARENT_CONCEPT_OF
http://eurovoc.europa.eu/4730,http://eurovoc.europa.eu/8415,PARENT_CONCEPT_OF
http://eurovoc.europa.eu/5188,http://eurovoc.europa.eu/c_6a85e862,PARENT_CONCEPT_OF
http://eurovoc.europa.eu/6088,http://eurovoc.europa.eu/6178,PARENT_CONCEPT_OF
http://eurovoc.europa.eu/4039,http://eurovoc.europa.eu/5612,PARENT_CONCEPT_OF
http://eurovoc.europa.eu/855,http://eurovoc.europa.eu/2375,PARENT_CONCEPT_OF
http://eurovoc.europa.eu/2983,http://eurovoc.europa.eu/808,PARENT_CONCEPT_OF
http://eurovoc.europa.eu/2110,http://eurovoc.europa.eu/1872,PARENT_CONCEPT_OF
http://eurovoc.europa.eu/3240,http://eurovoc.europa.eu/6902,PARENT_CONCEPT_OF
http://eurovoc.europa.eu/6089,http://eurovoc.europa.eu/6370,PARENT_CONCEPT_OF
http://eurovoc.europa.eu/197,http://eurovoc.europa.eu/5318,PARENT_CONCEPT_OF
http://eurovoc.europa.eu/3438,http://eurovoc.europa.eu/4737,PARENT_CONCEPT_OF
http://eurovoc.europa.eu/2233,http://eurovoc.europa.eu/c_b3e9d826,PARENT_CONCEPT_OF
http://eurovoc.europa.eu/3885,http://eurovoc.europa.eu/7135,PARENT_CONCEPT_OF
http://eurovoc.europa.eu/489,http://eurovoc.europa.eu/2895,PARENT_CONCEPT_OF
http://eurovoc.europa.eu/6189,http://eurovoc.europa.eu/6190,PARENT_CONCEPT_OF
http://eurovoc.europa.eu/1821,http://eurovoc.europa.eu/3661,PARENT_CONCEPT_OF
http://eurovoc.europa.eu/1821,http://eurovoc.europa.eu/3662,PARENT_CONCEPT_OF
http://eurovoc.europa.eu/5611,http://eurovoc.europa.eu/6287,PARENT_CONCEPT_OF
http://eurovoc.europa.eu/4271,http://eurovoc.europa.eu/5600,PARENT_CONCEPT_OF
http://eurovoc.europa.eu/1114,http://eurovoc.europa.eu/5330,PARENT_CONCEPT_OF
http://eurovoc.europa.eu/5723,http://eurovoc.europa.eu/18683,PARENT_CONCEPT_OF
http://eurovoc.europa.eu/1580,http://eurovoc.europa.eu/c_b8e8e06e,PARENT_CONCEPT_OF
http://eurovoc.europa.eu/848,http://eurovoc.europa.eu/468,PARENT_CONCEPT_OF
http://eurovoc.europa.eu/2042,http://eurovoc.europa.eu/451912,PARENT_CONCEPT_OF
http://eurovoc.europa.eu/2506,http://eurovoc.europa.eu/3221,PARENT_CONCEPT_OF
http://eurovoc.europa.eu/1052,http://eurovoc.europa.eu/c_b54dc55a,PARENT_CONCEPT_OF
http://eurovoc.europa.eu/1052,http://eurovoc.europa.eu/c_4e3beee2,PARENT_CONCEPT_OF
http://eurovoc.europa.eu/c_d1f03d01,http://eurovoc.europa.eu/2220,PARENT_CONCEPT_OF
http://eurovoc.europa.eu/1050,http://eurovoc.europa.eu/1049,PARENT_CONCEPT_OF
http://eurovoc.europa.eu/1050,http://eurovoc.europa.eu/2423,PARENT_CONCEPT_OF
http://eurovoc.europa.eu/2522,http://eurovoc.europa.eu/5650,PARENT_CONCEPT_OF
http://eurovoc.europa.eu/4502,http://eurovoc.europa.eu/c_32e52346,PARENT_CONCEPT_OF
http://eurovoc.europa.eu/5899,http://eurovoc.europa.eu/c_1000336b,PARENT_CONCEPT_OF
http://eurovoc.europa.eu/5902,http://eurovoc.europa.eu/2855,PARENT_CONCEPT_OF
http://eurovoc.europa.eu/3199,http://eurovoc.europa.eu/229,PARENT_CONCEPT_OF
http://eurovoc.europa.eu/3065,http://eurovoc.europa.eu/4284,PARENT_CONCEPT_OF
http://eurovoc.europa.eu/5754,http://eurovoc.europa.eu/2080,PARENT_CONCEPT_OF
http://eurovoc.europa.eu/3055,http://eurovoc.europa.eu/5540,PARENT_CONCEPT_OF
http://eurovoc.europa.eu/1775,http://eurovoc.europa.eu/6403,PARENT_CONCEPT_OF
http://eurovoc.europa.eu/1800,http://eurovoc.europa.eu/1728,PARENT_CONCEPT_OF
http://eurovoc.europa.eu/4256,http://eurovoc.europa.eu/4267,PARENT_CONCEPT_OF
http://eurovoc.europa.eu/4256,http://eurovoc.europa.eu/4213,PARENT_CONCEPT_OF
http://eurovoc.europa.eu/2188,http://eurovoc.europa.eu/5479,PARENT_CONCEPT_OF
http://eurovoc.europa.eu/2188,http://eurovoc.europa.eu/3514,PARENT_CONCEPT_OF
http://eurovoc.europa.eu/2188,http://eurovoc.europa.eu/2199,PARENT_CONCEPT_OF
http://eurovoc.europa.eu/2188,http://eurovoc.europa.eu/2392,PARENT_CONCEPT_OF
http://eurovoc.europa.eu/2188,http://eurovoc.europa.eu/c_7bf10a38,PARENT_CONCEPT_OF
http://eurovoc.europa.eu/525,http://eurovoc.europa.eu/2247,PARENT_CONCEPT_OF
http://eurovoc.europa.eu/2495,http://eurovoc.europa.eu/3231,PARENT_CONCEPT_OF
http://eurovoc.europa.eu/2149,http://eurovoc.europa.eu/3251,PARENT_CONCEPT_OF
http://eurovoc.europa.eu/317,http://eurovoc.europa.eu/5667,PARENT_CONCEPT_OF
http://eurovoc.europa.eu/317,http://eurovoc.europa.eu/4097,PARENT_CONCEPT_OF
http://eurovoc.europa.eu/5283,http://eurovoc.europa.eu/3763,PARENT_CONCEPT_OF
http://eurovoc.europa.eu/5283,http://eurovoc.europa.eu/1182,PARENT_CONCEPT_OF
http://eurovoc.europa.eu/1794,http://eurovoc.europa.eu/4775,PARENT_CONCEPT_OF
http://eurovoc.europa.eu/4587,http://eurovoc.europa.eu/111,PARENT_CONCEPT_OF
http://eurovoc.europa.eu/4069,http://eurovoc.europa.eu/247,PARENT_CONCEPT_OF
http://eurovoc.europa.eu/8278,http://eurovoc.europa.eu/5858,PARENT_CONCEPT_OF
http://eurovoc.europa.eu/8278,http://eurovoc.europa.eu/5746,PARENT_CONCEPT_OF
http://eurovoc.europa.eu/8366,http://eurovoc.europa.eu/1085,PARENT_CONCEPT_OF
http://eurovoc.europa.eu/8366,http://eurovoc.europa.eu/2089,PARENT_CONCEPT_OF
http://eurovoc.europa.eu/5083,http://eurovoc.europa.eu/1124,PARENT_CONCEPT_OF
http://eurovoc.europa.eu/5083,http://eurovoc.europa.eu/5095,PARENT_CONCEPT_OF
http://eurovoc.europa.eu/5083,http://eurovoc.europa.eu/5349,PARENT_CONCEPT_OF
http://eurovoc.europa.eu/5083,http://eurovoc.europa.eu/3857,PARENT_CONCEPT_OF
http://eurovoc.europa.eu/5083,http://eurovoc.europa.eu/4583,PARENT_CONCEPT_OF
http://eurovoc.europa.eu/5083,http://eurovoc.europa.eu/4782,PARENT_CONCEPT_OF
http://eurovoc.europa.eu/5265,http://eurovoc.europa.eu/4570,PARENT_CONCEPT_OF
http://eurovoc.europa.eu/c_964c9649,http://eurovoc.europa.eu/5040,PARENT_CONCEPT_OF
http://eurovoc.europa.eu/2117,http://eurovoc.europa.eu/3415,PARENT_CONCEPT_OF
http://eurovoc.europa.eu/2117,http://eurovoc.europa.eu/2055,PARENT_CONCEPT_OF
http://eurovoc.europa.eu/8367,http://eurovoc.europa.eu/4246,PARENT_CONCEPT_OF
http://eurovoc.europa.eu/5781,http://eurovoc.europa.eu/5898,PARENT_CONCEPT_OF
http://eurovoc.europa.eu/5781,http://eurovoc.europa.eu/2543,PARENT_CONCEPT_OF
http://eurovoc.europa.eu/5781,http://eurovoc.europa.eu/6223,PARENT_CONCEPT_OF
http://eurovoc.europa.eu/5087,http://eurovoc.europa.eu/2543,PARENT_CONCEPT_OF
http://eurovoc.europa.eu/8369,http://eurovoc.europa.eu/4775,PARENT_CONCEPT_OF
http://eurovoc.europa.eu/2106,http://eurovoc.europa.eu/1524,PARENT_CONCEPT_OF
http://eurovoc.europa.eu/37846,http://eurovoc.europa.eu/111,PARENT_CONCEPT_OF
http://eurovoc.europa.eu/37846,http://eurovoc.europa.eu/5349,PARENT_CONCEPT_OF
http://eurovoc.europa.eu/37846,http://eurovoc.europa.eu/1218,PARENT_CONCEPT_OF
http://eurovoc.europa.eu/37846,http://eurovoc.europa.eu/249,PARENT_CONCEPT_OF
http://eurovoc.europa.eu/4300,http://eurovoc.europa.eu/3121,PARENT_CONCEPT_OF
http://eurovoc.europa.eu/4703,http://eurovoc.europa.eu/6174,PARENT_CONCEPT_OF
http://eurovoc.europa.eu/744,http://eurovoc.europa.eu/756,PARENT_CONCEPT_OF
http://eurovoc.europa.eu/2351,http://eurovoc.europa.eu/2441,PARENT_CONCEPT_OF
http://eurovoc.europa.eu/138,http://eurovoc.europa.eu/2836,PARENT_CONCEPT_OF
http://eurovoc.europa.eu/139,http://eurovoc.europa.eu/147,PARENT_CONCEPT_OF
http://eurovoc.europa.eu/486,http://eurovoc.europa.eu/1962,PARENT_CONCEPT_OF
http://eurovoc.europa.eu/486,http://eurovoc.europa.eu/32657,PARENT_CONCEPT_OF
http://eurovoc.europa.eu/486,http://eurovoc.europa.eu/31,PARENT_CONCEPT_OF
http://eurovoc.europa.eu/486,http://eurovoc.europa.eu/487,PARENT_CONCEPT_OF
http://eurovoc.europa.eu/4415,http://eurovoc.europa.eu/5383,PARENT_CONCEPT_OF
http://eurovoc.europa.eu/4418,http://eurovoc.europa.eu/3800,PARENT_CONCEPT_OF
http://eurovoc.europa.eu/3689,http://eurovoc.europa.eu/3698,PARENT_CONCEPT_OF
http://eurovoc.europa.eu/4276,http://eurovoc.europa.eu/2788,PARENT_CONCEPT_OF
http://eurovoc.europa.eu/2493,http://eurovoc.europa.eu/4298,PARENT_CONCEPT_OF
http://eurovoc.europa.eu/2493,http://eurovoc.europa.eu/1958,PARENT_CONCEPT_OF
http://eurovoc.europa.eu/2477,http://eurovoc.europa.eu/2976,PARENT_CONCEPT_OF
http://eurovoc.europa.eu/2972,http://eurovoc.europa.eu/2892,PARENT_CONCEPT_OF
http://eurovoc.europa.eu/784,http://eurovoc.europa.eu/682,PARENT_CONCEPT_OF
http://eurovoc.europa.eu/2059,http://eurovoc.europa.eu/793,PARENT_CONCEPT_OF
http://eurovoc.europa.eu/2170,http://eurovoc.europa.eu/5430,PARENT_CONCEPT_OF
http://eurovoc.europa.eu/2170,http://eurovoc.europa.eu/6338,PARENT_CONCEPT_OF
http://eurovoc.europa.eu/2190,http://eurovoc.europa.eu/2116,PARENT_CONCEPT_OF
http://eurovoc.europa.eu/2172,http://eurovoc.europa.eu/8402,PARENT_CONCEPT_OF
http://eurovoc.europa.eu/6052,http://eurovoc.europa.eu/741,PARENT_CONCEPT_OF
http://eurovoc.europa.eu/6052,http://eurovoc.europa.eu/2963,PARENT_CONCEPT_OF
http://eurovoc.europa.eu/2163,http://eurovoc.europa.eu/447472,PARENT_CONCEPT_OF
http://eurovoc.europa.eu/5769,http://eurovoc.europa.eu/c_96124aaf,PARENT_CONCEPT_OF
http://eurovoc.europa.eu/5769,http://eurovoc.europa.eu/7983,PARENT_CONCEPT_OF
http://eurovoc.europa.eu/5769,http://eurovoc.europa.eu/447958,PARENT_CONCEPT_OF
http://eurovoc.europa.eu/5769,http://eurovoc.europa.eu/6256,PARENT_CONCEPT_OF
http://eurovoc.europa.eu/5769,http://eurovoc.europa.eu/5354,PARENT_CONCEPT_OF
http://eurovoc.europa.eu/2515,http://eurovoc.europa.eu/2516,PARENT_CONCEPT_OF
http://eurovoc.europa.eu/2517,http://eurovoc.europa.eu/3346,PARENT_CONCEPT_OF
http://eurovoc.europa.eu/2517,http://eurovoc.europa.eu/3344,PARENT_CONCEPT_OF
http://eurovoc.europa.eu/4706,http://eurovoc.europa.eu/3250,PARENT_CONCEPT_OF
http://eurovoc.europa.eu/2690,http://eurovoc.europa.eu/1764,PARENT_CONCEPT_OF
http://eurovoc.europa.eu/2690,http://eurovoc.europa.eu/4323,PARENT_CONCEPT_OF
http://eurovoc.europa.eu/2705,http://eurovoc.europa.eu/4775,PARENT_CONCEPT_OF
http://eurovoc.europa.eu/2848,http://eurovoc.europa.eu/1338,PARENT_CONCEPT_OF
http://eurovoc.europa.eu/2848,http://eurovoc.europa.eu/1768,PARENT_CONCEPT_OF
http://eurovoc.europa.eu/2858,http://eurovoc.europa.eu/1355,PARENT_CONCEPT_OF
http://eurovoc.europa.eu/2113,http://eurovoc.europa.eu/2089,PARENT_CONCEPT_OF
http://eurovoc.europa.eu/2414,http://eurovoc.europa.eu/6042,PARENT_CONCEPT_OF
http://eurovoc.europa.eu/2414,http://eurovoc.europa.eu/1668,PARENT_CONCEPT_OF
http://eurovoc.europa.eu/2413,http://eurovoc.europa.eu/1261,PARENT_CONCEPT_OF
http://eurovoc.europa.eu/3956,http://eurovoc.europa.eu/3923,PARENT_CONCEPT_OF
http://eurovoc.europa.eu/2015,http://eurovoc.europa.eu/c_2ad19da5,PARENT_CONCEPT_OF
http://eurovoc.europa.eu/3098,http://eurovoc.europa.eu/4519,PARENT_CONCEPT_OF
http://eurovoc.europa.eu/1954,http://eurovoc.europa.eu/4527,PARENT_CONCEPT_OF
http://eurovoc.europa.eu/2181,http://eurovoc.europa.eu/3097,PARENT_CONCEPT_OF
http://eurovoc.europa.eu/2701,http://eurovoc.europa.eu/7929,PARENT_CONCEPT_OF
http://eurovoc.europa.eu/2701,http://eurovoc.europa.eu/6618,PARENT_CONCEPT_OF
http://eurovoc.europa.eu/1615,http://eurovoc.europa.eu/4848,PARENT_CONCEPT_OF
http://eurovoc.europa.eu/3185,http://eurovoc.europa.eu/1567,PARENT_CONCEPT_OF
http://eurovoc.europa.eu/11,http://eurovoc.europa.eu/2781,PARENT_CONCEPT_OF
http://eurovoc.europa.eu/11,http://eurovoc.europa.eu/6367,PARENT_CONCEPT_OF
http://eurovoc.europa.eu/3929,http://eurovoc.europa.eu/234,PARENT_CONCEPT_OF
http://eurovoc.europa.eu/5974,http://eurovoc.europa.eu/5980,PARENT_CONCEPT_OF
http://eurovoc.europa.eu/424,http://eurovoc.europa.eu/137,PARENT_CONCEPT_OF
http://eurovoc.europa.eu/1018,http://eurovoc.europa.eu/2319,PARENT_CONCEPT_OF
http://eurovoc.europa.eu/3879,http://eurovoc.europa.eu/6916,PARENT_CONCEPT_OF
http://eurovoc.europa.eu/2443,http://eurovoc.europa.eu/2511,PARENT_CONCEPT_OF
http://eurovoc.europa.eu/2442,http://eurovoc.europa.eu/2445,PARENT_CONCEPT_OF
http://eurovoc.europa.eu/2442,http://eurovoc.europa.eu/6100,PARENT_CONCEPT_OF
http://eurovoc.europa.eu/2467,http://eurovoc.europa.eu/92284,PARENT_CONCEPT_OF
http://eurovoc.europa.eu/2467,http://eurovoc.europa.eu/3968,PARENT_CONCEPT_OF
http://eurovoc.europa.eu/2467,http://eurovoc.europa.eu/5176,PARENT_CONCEPT_OF
http://eurovoc.europa.eu/668,http://eurovoc.europa.eu/677,PARENT_CONCEPT_OF
http://eurovoc.europa.eu/668,http://eurovoc.europa.eu/675,PARENT_CONCEPT_OF
http://eurovoc.europa.eu/2187,http://eurovoc.europa.eu/4597,PARENT_CONCEPT_OF
http://eurovoc.europa.eu/1360,http://eurovoc.europa.eu/2277,PARENT_CONCEPT_OF
http://eurovoc.europa.eu/2628,http://eurovoc.europa.eu/2637,PARENT_CONCEPT_OF
http://eurovoc.europa.eu/2647,http://eurovoc.europa.eu/7987,PARENT_CONCEPT_OF
http://eurovoc.europa.eu/427,http://eurovoc.europa.eu/2569,PARENT_CONCEPT_OF
http://eurovoc.europa.eu/335,http://eurovoc.europa.eu/4250,PARENT_CONCEPT_OF
http://eurovoc.europa.eu/311,http://eurovoc.europa.eu/3799,PARENT_CONCEPT_OF
http://eurovoc.europa.eu/311,http://eurovoc.europa.eu/3407,PARENT_CONCEPT_OF
http://eurovoc.europa.eu/1809,http://eurovoc.europa.eu/1969,PARENT_CONCEPT_OF
http://eurovoc.europa.eu/1809,http://eurovoc.europa.eu/1676,PARENT_CONCEPT_OF
http://eurovoc.europa.eu/4602,http://eurovoc.europa.eu/5797,PARENT_CONCEPT_OF
http://eurovoc.europa.eu/4602,http://eurovoc.europa.eu/5795,PARENT_CONCEPT_OF
http://eurovoc.europa.eu/1372,http://eurovoc.europa.eu/2718,PARENT_CONCEPT_OF
http://eurovoc.europa.eu/3544,http://eurovoc.europa.eu/313,PARENT_CONCEPT_OF
http://eurovoc.europa.eu/3949,http://eurovoc.europa.eu/3293,PARENT_CONCEPT_OF
http://eurovoc.europa.eu/1414,http://eurovoc.europa.eu/3733,PARENT_CONCEPT_OF
http://eurovoc.europa.eu/2494,http://eurovoc.europa.eu/4536,PARENT_CONCEPT_OF
http://eurovoc.europa.eu/3160,http://eurovoc.europa.eu/3116,PARENT_CONCEPT_OF
http://eurovoc.europa.eu/3160,http://eurovoc.europa.eu/1645,PARENT_CONCEPT_OF
http://eurovoc.europa.eu/3954,http://eurovoc.europa.eu/877,PARENT_CONCEPT_OF
http://eurovoc.europa.eu/3513,http://eurovoc.europa.eu/5490,PARENT_CONCEPT_OF
http://eurovoc.europa.eu/1909,http://eurovoc.europa.eu/c_2c8a75b1,PARENT_CONCEPT_OF
http://eurovoc.europa.eu/1909,http://eurovoc.europa.eu/c_977a9fe5,PARENT_CONCEPT_OF
http://eurovoc.europa.eu/7868,http://eurovoc.europa.eu/7869,PARENT_CONCEPT_OF
http://eurovoc.europa.eu/6135,http://eurovoc.europa.eu/6251,PARENT_CONCEPT_OF
http://eurovoc.europa.eu/7817,http://eurovoc.europa.eu/7836,PARENT_CONCEPT_OF
http://eurovoc.europa.eu/1088,http://eurovoc.europa.eu/c_791e9f27,PARENT_CONCEPT_OF
http://eurovoc.europa.eu/7816,http://eurovoc.europa.eu/7851,PARENT_CONCEPT_OF
http://eurovoc.europa.eu/7816,http://eurovoc.europa.eu/7850,PARENT_CONCEPT_OF
http://eurovoc.europa.eu/8301,http://eurovoc.europa.eu/8317,PARENT_CONCEPT_OF
http://eurovoc.europa.eu/1506,http://eurovoc.europa.eu/2021,PARENT_CONCEPT_OF
http://eurovoc.europa.eu/7879,http://eurovoc.europa.eu/7902,PARENT_CONCEPT_OF
http://eurovoc.europa.eu/2564,http://eurovoc.europa.eu/1730,PARENT_CONCEPT_OF
http://eurovoc.europa.eu/2564,http://eurovoc.europa.eu/5076,PARENT_CONCEPT_OF
http://eurovoc.europa.eu/7861,http://eurovoc.europa.eu/7867,PARENT_CONCEPT_OF
http://eurovoc.europa.eu/7814,http://eurovoc.europa.eu/7965,PARENT_CONCEPT_OF
http://eurovoc.europa.eu/7814,http://eurovoc.europa.eu/7971,PARENT_CONCEPT_OF
http://eurovoc.europa.eu/6136,http://eurovoc.europa.eu/6195,PARENT_CONCEPT_OF
http://eurovoc.europa.eu/1184,http://eurovoc.europa.eu/334,PARENT_CONCEPT_OF
http://eurovoc.europa.eu/4750,http://eurovoc.europa.eu/1471,PARENT_CONCEPT_OF
http://eurovoc.europa.eu/2186,http://eurovoc.europa.eu/5097,PARENT_CONCEPT_OF
http://eurovoc.europa.eu/3151,http://eurovoc.europa.eu/3373,PARENT_CONCEPT_OF
http://eurovoc.europa.eu/1401,http://eurovoc.europa.eu/1828,PARENT_CONCEPT_OF
http://eurovoc.europa.eu/1401,http://eurovoc.europa.eu/3865,PARENT_CONCEPT_OF
http://eurovoc.europa.eu/2090,http://eurovoc.europa.eu/5319,PARENT_CONCEPT_OF
http://eurovoc.europa.eu/371,http://eurovoc.europa.eu/413,PARENT_CONCEPT_OF
http://eurovoc.europa.eu/343,http://eurovoc.europa.eu/344,PARENT_CONCEPT_OF
http://eurovoc.europa.eu/1221,http://eurovoc.europa.eu/1222,PARENT_CONCEPT_OF
http://eurovoc.europa.eu/2475,http://eurovoc.europa.eu/5309,PARENT_CONCEPT_OF
http://eurovoc.europa.eu/4619,http://eurovoc.europa.eu/4442,PARENT_CONCEPT_OF
http://eurovoc.europa.eu/1690,http://eurovoc.europa.eu/1694,PARENT_CONCEPT_OF
http://eurovoc.europa.eu/1690,http://eurovoc.europa.eu/5553,PARENT_CONCEPT_OF
http://eurovoc.europa.eu/2735,http://eurovoc.europa.eu/c_60d786af,PARENT_CONCEPT_OF
http://eurovoc.europa.eu/1258,http://eurovoc.europa.eu/2777,PARENT_CONCEPT_OF
http://eurovoc.europa.eu/3450,http://eurovoc.europa.eu/3504,PARENT_CONCEPT_OF
http://eurovoc.europa.eu/3476,http://eurovoc.europa.eu/3501,PARENT_CONCEPT_OF
http://eurovoc.europa.eu/3476,http://eurovoc.europa.eu/3499,PARENT_CONCEPT_OF
http://eurovoc.europa.eu/712,http://eurovoc.europa.eu/835,PARENT_CONCEPT_OF
http://eurovoc.europa.eu/712,http://eurovoc.europa.eu/797,PARENT_CONCEPT_OF
http://eurovoc.europa.eu/712,http://eurovoc.europa.eu/766,PARENT_CONCEPT_OF
http://eurovoc.europa.eu/3318,http://eurovoc.europa.eu/4343,PARENT_CONCEPT_OF
http://eurovoc.europa.eu/3318,http://eurovoc.europa.eu/4852,PARENT_CONCEPT_OF
http://eurovoc.europa.eu/3318,http://eurovoc.europa.eu/6544,PARENT_CONCEPT_OF
http://eurovoc.europa.eu/1016,http://eurovoc.europa.eu/3225,PARENT_CONCEPT_OF
http://eurovoc.europa.eu/2505,http://eurovoc.europa.eu/6326,PARENT_CONCEPT_OF
http://eurovoc.europa.eu/2505,http://eurovoc.europa.eu/5219,PARENT_CONCEPT_OF
http://eurovoc.europa.eu/5922,http://eurovoc.europa.eu/5355,PARENT_CONCEPT_OF
http://eurovoc.europa.eu/1426,http://eurovoc.europa.eu/3026,PARENT_CONCEPT_OF
http://eurovoc.europa.eu/3028,http://eurovoc.europa.eu/3027,PARENT_CONCEPT_OF
http://eurovoc.europa.eu/4488,http://eurovoc.europa.eu/c_7a168de0,PARENT_CONCEPT_OF
http://eurovoc.europa.eu/3743,http://eurovoc.europa.eu/3745,PARENT_CONCEPT_OF
http://eurovoc.europa.eu/2178,http://eurovoc.europa.eu/238,PARENT_CONCEPT_OF
http://eurovoc.europa.eu/2178,http://eurovoc.europa.eu/3574,PARENT_CONCEPT_OF
http://eurovoc.europa.eu/965,http://eurovoc.europa.eu/6537,PARENT_CONCEPT_OF
http://eurovoc.europa.eu/540,http://eurovoc.europa.eu/570,PARENT_CONCEPT_OF
http://eurovoc.europa.eu/540,http://eurovoc.europa.eu/7414,PARENT_CONCEPT_OF
http://eurovoc.europa.eu/4184,http://eurovoc.europa.eu/74,PARENT_CONCEPT_OF
http://eurovoc.europa.eu/914,http://eurovoc.europa.eu/5946,PARENT_CONCEPT_OF
http://eurovoc.europa.eu/913,http://eurovoc.europa.eu/4353,PARENT_CONCEPT_OF
http://eurovoc.europa.eu/913,http://eurovoc.europa.eu/3381,PARENT_CONCEPT_OF
http://eurovoc.europa.eu/912,http://eurovoc.europa.eu/1182,PARENT_CONCEPT_OF
http://eurovoc.europa.eu/2014,http://eurovoc.europa.eu/c_d9e3506f,PARENT_CONCEPT_OF
http://eurovoc.europa.eu/4380,http://eurovoc.europa.eu/4078,PARENT_CONCEPT_OF
http://eurovoc.europa.eu/2180,http://eurovoc.europa.eu/2422,PARENT_CONCEPT_OF
http://eurovoc.europa.eu/1410,http://eurovoc.europa.eu/1357,PARENT_CONCEPT_OF
http://eurovoc.europa.eu/5615,http://eurovoc.europa.eu/5397,PARENT_CONCEPT_OF
http://eurovoc.europa.eu/3549,http://eurovoc.europa.eu/3528,PARENT_CONCEPT_OF
http://eurovoc.europa.eu/3549,http://eurovoc.europa.eu/3153,PARENT_CONCEPT_OF
http://eurovoc.europa.eu/833,http://eurovoc.europa.eu/3967,PARENT_CONCEPT_OF
http://eurovoc.europa.eu/833,http://eurovoc.europa.eu/664,PARENT_CONCEPT_OF
http://eurovoc.europa.eu/3146,http://eurovoc.europa.eu/4785,PARENT_CONCEPT_OF
http://eurovoc.europa.eu/2789,http://eurovoc.europa.eu/3597,PARENT_CONCEPT_OF
http://eurovoc.europa.eu/2479,http://eurovoc.europa.eu/3365,PARENT_CONCEPT_OF
http://eurovoc.europa.eu/1754,http://eurovoc.europa.eu/5939,PARENT_CONCEPT_OF
http://eurovoc.europa.eu/3778,http://eurovoc.europa.eu/3416,PARENT_CONCEPT_OF
http://eurovoc.europa.eu/2287,http://eurovoc.europa.eu/451912,PARENT_CONCEPT_OF
http://eurovoc.europa.eu/5017,http://eurovoc.europa.eu/5018,PARENT_CONCEPT_OF
http://eurovoc.europa.eu/2460,http://eurovoc.europa.eu/3077,PARENT_CONCEPT_OF
http://eurovoc.europa.eu/2460,http://eurovoc.europa.eu/949,PARENT_CONCEPT_OF
http://eurovoc.europa.eu/3489,http://eurovoc.europa.eu/225,PARENT_CONCEPT_OF
http://eurovoc.europa.eu/3489,http://eurovoc.europa.eu/211,PARENT_CONCEPT_OF
http://eurovoc.europa.eu/3798,http://eurovoc.europa.eu/4211,PARENT_CONCEPT_OF
http://eurovoc.europa.eu/3809,http://eurovoc.europa.eu/1275,PARENT_CONCEPT_OF
http://eurovoc.europa.eu/538,http://eurovoc.europa.eu/1628,PARENT_CONCEPT_OF
http://eurovoc.europa.eu/538,http://eurovoc.europa.eu/3917,PARENT_CONCEPT_OF
http://eurovoc.europa.eu/538,http://eurovoc.europa.eu/c_ba4acdb2,PARENT_CONCEPT_OF
http://eurovoc.europa.eu/538,http://eurovoc.europa.eu/c_29e86a05,PARENT_CONCEPT_OF
http://eurovoc.europa.eu/3908,http://eurovoc.europa.eu/458,PARENT_CONCEPT_OF
http://eurovoc.europa.eu/3908,http://eurovoc.europa.eu/6231,PARENT_CONCEPT_OF
http://eurovoc.europa.eu/474,http://eurovoc.europa.eu/2786,PARENT_CONCEPT_OF
http://eurovoc.europa.eu/77,http://eurovoc.europa.eu/4136,PARENT_CONCEPT_OF
http://eurovoc.europa.eu/77,http://eurovoc.europa.eu/c_71b063b1,PARENT_CONCEPT_OF
http://eurovoc.europa.eu/77,http://eurovoc.europa.eu/442917,PARENT_CONCEPT_OF
http://eurovoc.europa.eu/77,http://eurovoc.europa.eu/8466,PARENT_CONCEPT_OF
http://eurovoc.europa.eu/77,http://eurovoc.europa.eu/38,PARENT_CONCEPT_OF
http://eurovoc.europa.eu/2723,http://eurovoc.europa.eu/5792,PARENT_CONCEPT_OF
http://eurovoc.europa.eu/711,http://eurovoc.europa.eu/4095,PARENT_CONCEPT_OF
http://eurovoc.europa.eu/1422,http://eurovoc.europa.eu/616,PARENT_CONCEPT_OF
http://eurovoc.europa.eu/2472,http://eurovoc.europa.eu/453,PARENT_CONCEPT_OF
http://eurovoc.europa.eu/2498,http://eurovoc.europa.eu/4886,PARENT_CONCEPT_OF
http://eurovoc.europa.eu/2498,http://eurovoc.europa.eu/4293,PARENT_CONCEPT_OF
http://eurovoc.europa.eu/2639,http://eurovoc.europa.eu/2661,PARENT_CONCEPT_OF
http://eurovoc.europa.eu/2489,http://eurovoc.europa.eu/1354,PARENT_CONCEPT_OF
http://eurovoc.europa.eu/4363,http://eurovoc.europa.eu/2544,PARENT_CONCEPT_OF
http://eurovoc.europa.eu/4630,http://eurovoc.europa.eu/4674,PARENT_CONCEPT_OF
http://eurovoc.europa.eu/4412,http://eurovoc.europa.eu/370,PARENT_CONCEPT_OF
http://eurovoc.europa.eu/2449,http://eurovoc.europa.eu/3170,PARENT_CONCEPT_OF
http://eurovoc.europa.eu/2449,http://eurovoc.europa.eu/3172,PARENT_CONCEPT_OF
http://eurovoc.europa.eu/2449,http://eurovoc.europa.eu/635,PARENT_CONCEPT_OF
http://eurovoc.europa.eu/2487,http://eurovoc.europa.eu/2912,PARENT_CONCEPT_OF
http://eurovoc.europa.eu/1282,http://eurovoc.europa.eu/6862,PARENT_CONCEPT_OF
http://eurovoc.europa.eu/1282,http://eurovoc.europa.eu/633,PARENT_CONCEPT_OF
http://eurovoc.europa.eu/1282,http://eurovoc.europa.eu/2030,PARENT_CONCEPT_OF
http://eurovoc.europa.eu/3025,http://eurovoc.europa.eu/436,PARENT_CONCEPT_OF
http://eurovoc.europa.eu/3025,http://eurovoc.europa.eu/1173,PARENT_CONCEPT_OF
http://eurovoc.europa.eu/4060,http://eurovoc.europa.eu/5544,PARENT_CONCEPT_OF
http://eurovoc.europa.eu/1804,http://eurovoc.europa.eu/c_6fb74d78,PARENT_CONCEPT_OF
http://eurovoc.europa.eu/1707,http://eurovoc.europa.eu/3136,PARENT_CONCEPT_OF
http://eurovoc.europa.eu/1158,http://eurovoc.europa.eu/3133,PARENT_CONCEPT_OF
http://eurovoc.europa.eu/2470,http://eurovoc.europa.eu/1709,PARENT_CONCEPT_OF
http://eurovoc.europa.eu/c_6e703074,http://eurovoc.europa.eu/4572,PARENT_CONCEPT_OF
http://eurovoc.europa.eu/5775,http://eurovoc.europa.eu/5458,PARENT_CONCEPT_OF
http://eurovoc.europa.eu/5775,http://eurovoc.europa.eu/5454,PARENT_CONCEPT_OF
http://eurovoc.europa.eu/2200,http://eurovoc.europa.eu/5860,PARENT_CONCEPT_OF
http://eurovoc.europa.eu/2200,http://eurovoc.europa.eu/1318,PARENT_CONCEPT_OF
http://eurovoc.europa.eu/2200,http://eurovoc.europa.eu/5746,PARENT_CONCEPT_OF
http://eurovoc.europa.eu/122,http://eurovoc.europa.eu/1182,PARENT_CONCEPT_OF
http://eurovoc.europa.eu/122,http://eurovoc.europa.eu/1504,PARENT_CONCEPT_OF
http://eurovoc.europa.eu/122,http://eurovoc.europa.eu/863,PARENT_CONCEPT_OF
http://eurovoc.europa.eu/122,http://eurovoc.europa.eu/1125,PARENT_CONCEPT_OF
http://eurovoc.europa.eu/122,http://eurovoc.europa.eu/5746,PARENT_CONCEPT_OF
http://eurovoc.europa.eu/122,http://eurovoc.europa.eu/3774,PARENT_CONCEPT_OF
http://eurovoc.europa.eu/122,http://eurovoc.europa.eu/4580,PARENT_CONCEPT_OF
http://eurovoc.europa.eu/1658,http://eurovoc.europa.eu/1639,PARENT_CONCEPT_OF
http://eurovoc.europa.eu/1658,http://eurovoc.europa.eu/4572,PARENT_CONCEPT_OF
http://eurovoc.europa.eu/1658,http://eurovoc.europa.eu/4217,PARENT_CONCEPT_OF
http://eurovoc.europa.eu/130,http://eurovoc.europa.eu/2084,PARENT_CONCEPT_OF
http://eurovoc.europa.eu/2119,http://eurovoc.europa.eu/3415,PARENT_CONCEPT_OF
http://eurovoc.europa.eu/2119,http://eurovoc.europa.eu/3405,PARENT_CONCEPT_OF
http://eurovoc.europa.eu/5655,http://eurovoc.europa.eu/5860,PARENT_CONCEPT_OF
http://eurovoc.europa.eu/239,http://eurovoc.europa.eu/1175,PARENT_CONCEPT_OF
http://eurovoc.europa.eu/5985,http://eurovoc.europa.eu/815,PARENT_CONCEPT_OF
http://eurovoc.europa.eu/2189,http://eurovoc.europa.eu/6704,PARENT_CONCEPT_OF
http://eurovoc.europa.eu/3461,http://eurovoc.europa.eu/2901,PARENT_CONCEPT_OF
http://eurovoc.europa.eu/4303,http://eurovoc.europa.eu/1407,PARENT_CONCEPT_OF
http://eurovoc.europa.eu/2507,http://eurovoc.europa.eu/1009,PARENT_CONCEPT_OF
http://eurovoc.europa.eu/2720,http://eurovoc.europa.eu/2770,PARENT_CONCEPT_OF
http://eurovoc.europa.eu/567,http://eurovoc.europa.eu/8411,PARENT_CONCEPT_OF
http://eurovoc.europa.eu/567,http://eurovoc.europa.eu/8456,PARENT_CONCEPT_OF
http://eurovoc.europa.eu/567,http://eurovoc.europa.eu/3503,PARENT_CONCEPT_OF
http://eurovoc.europa.eu/566,http://eurovoc.europa.eu/3521,PARENT_CONCEPT_OF
http://eurovoc.europa.eu/87,http://eurovoc.europa.eu/722,PARENT_CONCEPT_OF
http://eurovoc.europa.eu/5268,http://eurovoc.europa.eu/5710,PARENT_CONCEPT_OF
http://eurovoc.europa.eu/2001,http://eurovoc.europa.eu/7416,PARENT_CONCEPT_OF
http://eurovoc.europa.eu/2478,http://eurovoc.europa.eu/2795,PARENT_CONCEPT_OF
http://eurovoc.europa.eu/1321,http://eurovoc.europa.eu/4401,PARENT_CONCEPT_OF
http://eurovoc.europa.eu/1310,http://eurovoc.europa.eu/2230,PARENT_CONCEPT_OF
http://eurovoc.europa.eu/2504,http://eurovoc.europa.eu/3262,PARENT_CONCEPT_OF
http://eurovoc.europa.eu/1418,http://eurovoc.europa.eu/1397,PARENT_CONCEPT_OF
http://eurovoc.europa.eu/1791,http://eurovoc.europa.eu/1721,PARENT_CONCEPT_OF
http://eurovoc.europa.eu/4886,http://eurovoc.europa.eu/466,PARENT_CONCEPT_OF
http://eurovoc.europa.eu/6284,http://eurovoc.europa.eu/445259,PARENT_CONCEPT_OF
http://eurovoc.europa.eu/5606,http://eurovoc.europa.eu/5524,PARENT_CONCEPT_OF
http://eurovoc.europa.eu/4195,http://eurovoc.europa.eu/c_14d71455,PARENT_CONCEPT_OF
http://eurovoc.europa.eu/2002,http://eurovoc.europa.eu/947,PARENT_CONCEPT_OF
http://eurovoc.europa.eu/2002,http://eurovoc.europa.eu/4749,PARENT_CONCEPT_OF
http://eurovoc.europa.eu/5892,http://eurovoc.europa.eu/5955,PARENT_CONCEPT_OF
http://eurovoc.europa.eu/5107,http://eurovoc.europa.eu/451486,PARENT_CONCEPT_OF
http://eurovoc.europa.eu/1355,http://eurovoc.europa.eu/4460,PARENT_CONCEPT_OF
http://eurovoc.europa.eu/4681,http://eurovoc.europa.eu/4684,PARENT_CONCEPT_OF
http://eurovoc.europa.eu/1122,http://eurovoc.europa.eu/6750,PARENT_CONCEPT_OF
http://eurovoc.europa.eu/1543,http://eurovoc.europa.eu/1545,PARENT_CONCEPT_OF
http://eurovoc.europa.eu/2836,http://eurovoc.europa.eu/3678,PARENT_CONCEPT_OF
http://eurovoc.europa.eu/536,http://eurovoc.europa.eu/2761,PARENT_CONCEPT_OF
http://eurovoc.europa.eu/4762,http://eurovoc.europa.eu/3059,PARENT_CONCEPT_OF
http://eurovoc.europa.eu/2891,http://eurovoc.europa.eu/2896,PARENT_CONCEPT_OF
http://eurovoc.europa.eu/4168,http://eurovoc.europa.eu/3342,PARENT_CONCEPT_OF
http://eurovoc.europa.eu/4168,http://eurovoc.europa.eu/5274,PARENT_CONCEPT_OF
http://eurovoc.europa.eu/453,http://eurovoc.europa.eu/443,PARENT_CONCEPT_OF
http://eurovoc.europa.eu/7219,http://eurovoc.europa.eu/c_38c873e0,PARENT_CONCEPT_OF
http://eurovoc.europa.eu/2076,http://eurovoc.europa.eu/3646,PARENT_CONCEPT_OF
http://eurovoc.europa.eu/3640,http://eurovoc.europa.eu/2692,PARENT_CONCEPT_OF
http://eurovoc.europa.eu/2754,http://eurovoc.europa.eu/5014,PARENT_CONCEPT_OF
http://eurovoc.europa.eu/2516,http://eurovoc.europa.eu/5847,PARENT_CONCEPT_OF
http://eurovoc.europa.eu/2243,http://eurovoc.europa.eu/5128,PARENT_CONCEPT_OF
http://eurovoc.europa.eu/6049,http://eurovoc.europa.eu/6057,PARENT_CONCEPT_OF
http://eurovoc.europa.eu/5638,http://eurovoc.europa.eu/5639,PARENT_CONCEPT_OF
http://eurovoc.europa.eu/1231,http://eurovoc.europa.eu/5636,PARENT_CONCEPT_OF
http://eurovoc.europa.eu/4470,http://eurovoc.europa.eu/4767,PARENT_CONCEPT_OF
http://eurovoc.europa.eu/4245,http://eurovoc.europa.eu/853,PARENT_CONCEPT_OF
http://eurovoc.europa.eu/2856,http://eurovoc.europa.eu/443048,PARENT_CONCEPT_OF
http://eurovoc.europa.eu/347,http://eurovoc.europa.eu/686,PARENT_CONCEPT_OF
http://eurovoc.europa.eu/2376,http://eurovoc.europa.eu/5298,PARENT_CONCEPT_OF
http://eurovoc.europa.eu/4651,http://eurovoc.europa.eu/4654,PARENT_CONCEPT_OF
http://eurovoc.europa.eu/4511,http://eurovoc.europa.eu/4622,PARENT_CONCEPT_OF
http://eurovoc.europa.eu/5809,http://eurovoc.europa.eu/8453,PARENT_CONCEPT_OF
http://eurovoc.europa.eu/5836,http://eurovoc.europa.eu/2942,PARENT_CONCEPT_OF
http://eurovoc.europa.eu/5836,http://eurovoc.europa.eu/5145,PARENT_CONCEPT_OF
http://eurovoc.europa.eu/2362,http://eurovoc.europa.eu/3401,PARENT_CONCEPT_OF
http://eurovoc.europa.eu/1624,http://eurovoc.europa.eu/5020,PARENT_CONCEPT_OF
http://eurovoc.europa.eu/1624,http://eurovoc.europa.eu/1220,PARENT_CONCEPT_OF
http://eurovoc.europa.eu/190,http://eurovoc.europa.eu/2876,PARENT_CONCEPT_OF
http://eurovoc.europa.eu/2177,http://eurovoc.europa.eu/831,PARENT_CONCEPT_OF
http://eurovoc.europa.eu/2813,http://eurovoc.europa.eu/5079,PARENT_CONCEPT_OF
http://eurovoc.europa.eu/164,http://eurovoc.europa.eu/5493,PARENT_CONCEPT_OF
http://eurovoc.europa.eu/5555,http://eurovoc.europa.eu/c_9a1bc51d,PARENT_CONCEPT_OF
http://eurovoc.europa.eu/1826,http://eurovoc.europa.eu/6822,PARENT_CONCEPT_OF
http://eurovoc.europa.eu/1826,http://eurovoc.europa.eu/3690,PARENT_CONCEPT_OF
http://eurovoc.europa.eu/1396,http://eurovoc.europa.eu/989,PARENT_CONCEPT_OF
http://eurovoc.europa.eu/2511,http://eurovoc.europa.eu/4236,PARENT_CONCEPT_OF
http://eurovoc.europa.eu/5370,http://eurovoc.europa.eu/1449,PARENT_CONCEPT_OF
http://eurovoc.europa.eu/4127,http://eurovoc.europa.eu/3444,PARENT_CONCEPT_OF
http://eurovoc.europa.eu/3420,http://eurovoc.europa.eu/2595,PARENT_CONCEPT_OF
http://eurovoc.europa.eu/86,http://eurovoc.europa.eu/2870,PARENT_CONCEPT_OF
http://eurovoc.europa.eu/3407,http://eurovoc.europa.eu/1734,PARENT_CONCEPT_OF
http://eurovoc.europa.eu/351,http://eurovoc.europa.eu/1769,PARENT_CONCEPT_OF
http://eurovoc.europa.eu/302,http://eurovoc.europa.eu/4779,PARENT_CONCEPT_OF
http://eurovoc.europa.eu/357,http://eurovoc.europa.eu/2203,PARENT_CONCEPT_OF
http://eurovoc.europa.eu/6151,http://eurovoc.europa.eu/c_062f6587,PARENT_CONCEPT_OF
http://eurovoc.europa.eu/2718,http://eurovoc.europa.eu/2438,PARENT_CONCEPT_OF
http://eurovoc.europa.eu/5255,http://eurovoc.europa.eu/5253,PARENT_CONCEPT_OF
http://eurovoc.europa.eu/5228,http://eurovoc.europa.eu/5229,PARENT_CONCEPT_OF
http://eurovoc.europa.eu/1148,http://eurovoc.europa.eu/6388,PARENT_CONCEPT_OF
http://eurovoc.europa.eu/1148,http://eurovoc.europa.eu/7360,PARENT_CONCEPT_OF
http://eurovoc.europa.eu/3765,http://eurovoc.europa.eu/c_097751fd,PARENT_CONCEPT_OF
http://eurovoc.europa.eu/1141,http://eurovoc.europa.eu/6921,PARENT_CONCEPT_OF
http://eurovoc.europa.eu/4033,http://eurovoc.europa.eu/5887,PARENT_CONCEPT_OF
http://eurovoc.europa.eu/1549,http://eurovoc.europa.eu/6899,PARENT_CONCEPT_OF
http://eurovoc.europa.eu/575,http://eurovoc.europa.eu/950,PARENT_CONCEPT_OF
http://eurovoc.europa.eu/3943,http://eurovoc.europa.eu/c_7546272f,PARENT_CONCEPT_OF
http://eurovoc.europa.eu/3944,http://eurovoc.europa.eu/4742,PARENT_CONCEPT_OF
http://eurovoc.europa.eu/c_f2f1fb47,http://eurovoc.europa.eu/1089,PARENT_CONCEPT_OF
http://eurovoc.europa.eu/8332,http://eurovoc.europa.eu/8334,PARENT_CONCEPT_OF
http://eurovoc.europa.eu/8317,http://eurovoc.europa.eu/8323,PARENT_CONCEPT_OF
http://eurovoc.europa.eu/6245,http://eurovoc.europa.eu/7993,PARENT_CONCEPT_OF
http://eurovoc.europa.eu/6238,http://eurovoc.europa.eu/8003,PARENT_CONCEPT_OF
http://eurovoc.europa.eu/6246,http://eurovoc.europa.eu/8001,PARENT_CONCEPT_OF
http://eurovoc.europa.eu/c_d4ca9a6c,http://eurovoc.europa.eu/c_049691c5,PARENT_CONCEPT_OF
http://eurovoc.europa.eu/c_d4ca9a6c,http://eurovoc.europa.eu/c_d3db05e6,PARENT_CONCEPT_OF
http://eurovoc.europa.eu/c_d4ca9a6c,http://eurovoc.europa.eu/c_dffba30e,PARENT_CONCEPT_OF
http://eurovoc.europa.eu/360,http://eurovoc.europa.eu/4751,PARENT_CONCEPT_OF
http://eurovoc.europa.eu/360,http://eurovoc.europa.eu/4321,PARENT_CONCEPT_OF
http://eurovoc.europa.eu/5105,http://eurovoc.europa.eu/418,PARENT_CONCEPT_OF
http://eurovoc.europa.eu/706,http://eurovoc.europa.eu/694,PARENT_CONCEPT_OF
http://eurovoc.europa.eu/2816,http://eurovoc.europa.eu/5042,PARENT_CONCEPT_OF
http://eurovoc.europa.eu/1979,http://eurovoc.europa.eu/1980,PARENT_CONCEPT_OF
http://eurovoc.europa.eu/1591,http://eurovoc.europa.eu/5332,PARENT_CONCEPT_OF
http://eurovoc.europa.eu/2611,http://eurovoc.europa.eu/4891,PARENT_CONCEPT_OF
http://eurovoc.europa.eu/413,http://eurovoc.europa.eu/3155,PARENT_CONCEPT_OF
http://eurovoc.europa.eu/5482,http://eurovoc.europa.eu/433963,PARENT_CONCEPT_OF
http://eurovoc.europa.eu/847,http://eurovoc.europa.eu/5488,PARENT_CONCEPT_OF
http://eurovoc.europa.eu/4709,http://eurovoc.europa.eu/4787,PARENT_CONCEPT_OF
http://eurovoc.europa.eu/4598,http://eurovoc.europa.eu/4606,PARENT_CONCEPT_OF
http://eurovoc.europa.eu/4812,http://eurovoc.europa.eu/8378,PARENT_CONCEPT_OF
http://eurovoc.europa.eu/6064,http://eurovoc.europa.eu/c_0e4239f5,PARENT_CONCEPT_OF
http://eurovoc.europa.eu/1463,http://eurovoc.europa.eu/6125,PARENT_CONCEPT_OF
http://eurovoc.europa.eu/2029,http://eurovoc.europa.eu/974,PARENT_CONCEPT_OF
http://eurovoc.europa.eu/4371,http://eurovoc.europa.eu/882,PARENT_CONCEPT_OF
http://eurovoc.europa.eu/2995,http://eurovoc.europa.eu/2996,PARENT_CONCEPT_OF
http://eurovoc.europa.eu/2266,http://eurovoc.europa.eu/157,PARENT_CONCEPT_OF
http://eurovoc.europa.eu/3374,http://eurovoc.europa.eu/6051,PARENT_CONCEPT_OF
http://eurovoc.europa.eu/5034,http://eurovoc.europa.eu/5012,PARENT_CONCEPT_OF
http://eurovoc.europa.eu/502,http://eurovoc.europa.eu/5820,PARENT_CONCEPT_OF
http://eurovoc.europa.eu/491,http://eurovoc.europa.eu/1642,PARENT_CONCEPT_OF
http://eurovoc.europa.eu/2069,http://eurovoc.europa.eu/5751,PARENT_CONCEPT_OF
http://eurovoc.europa.eu/55,http://eurovoc.europa.eu/1673,PARENT_CONCEPT_OF
http://eurovoc.europa.eu/5092,http://eurovoc.europa.eu/277,PARENT_CONCEPT_OF
http://eurovoc.europa.eu/4786,http://eurovoc.europa.eu/4797,PARENT_CONCEPT_OF
http://eurovoc.europa.eu/2107,http://eurovoc.europa.eu/2108,PARENT_CONCEPT_OF
http://eurovoc.europa.eu/2785,http://eurovoc.europa.eu/5734,PARENT_CONCEPT_OF
http://eurovoc.europa.eu/5764,http://eurovoc.europa.eu/3844,PARENT_CONCEPT_OF
http://eurovoc.europa.eu/5764,http://eurovoc.europa.eu/7355,PARENT_CONCEPT_OF
http://eurovoc.europa.eu/5018,http://eurovoc.europa.eu/4883,PARENT_CONCEPT_OF
http://eurovoc.europa.eu/4191,http://eurovoc.europa.eu/4192,PARENT_CONCEPT_OF
http://eurovoc.europa.eu/223,http://eurovoc.europa.eu/5122,PARENT_CONCEPT_OF
http://eurovoc.europa.eu/1387,http://eurovoc.europa.eu/5242,PARENT_CONCEPT_OF
http://eurovoc.europa.eu/5,http://eurovoc.europa.eu/3211,PARENT_CONCEPT_OF
http://eurovoc.europa.eu/4663,http://eurovoc.europa.eu/4664,PARENT_CONCEPT_OF
http://eurovoc.europa.eu/1172,http://eurovoc.europa.eu/126,PARENT_CONCEPT_OF
http://eurovoc.europa.eu/1483,http://eurovoc.europa.eu/1577,PARENT_CONCEPT_OF
http://eurovoc.europa.eu/6222,http://eurovoc.europa.eu/8480,PARENT_CONCEPT_OF
http://eurovoc.europa.eu/1464,http://eurovoc.europa.eu/4061,PARENT_CONCEPT_OF
http://eurovoc.europa.eu/3234,http://eurovoc.europa.eu/5543,PARENT_CONCEPT_OF
http://eurovoc.europa.eu/5344,http://eurovoc.europa.eu/350,PARENT_CONCEPT_OF
http://eurovoc.europa.eu/5344,http://eurovoc.europa.eu/4019,PARENT_CONCEPT_OF
http://eurovoc.europa.eu/5763,http://eurovoc.europa.eu/5681,PARENT_CONCEPT_OF
http://eurovoc.europa.eu/1459,http://eurovoc.europa.eu/c_a18525ab,PARENT_CONCEPT_OF
http://eurovoc.europa.eu/c_b499ede2,http://eurovoc.europa.eu/5570,PARENT_CONCEPT_OF
http://eurovoc.europa.eu/1885,http://eurovoc.europa.eu/2056,PARENT_CONCEPT_OF
http://eurovoc.europa.eu/434056,http://eurovoc.europa.eu/434004,PARENT_CONCEPT_OF
http://eurovoc.europa.eu/3144,http://eurovoc.europa.eu/c_4cd2a8f4,PARENT_CONCEPT_OF
http://eurovoc.europa.eu/3650,http://eurovoc.europa.eu/3644,PARENT_CONCEPT_OF
http://eurovoc.europa.eu/537,http://eurovoc.europa.eu/3998,PARENT_CONCEPT_OF
http://eurovoc.europa.eu/552,http://eurovoc.europa.eu/4004,PARENT_CONCEPT_OF
http://eurovoc.europa.eu/2862,http://eurovoc.europa.eu/7947,PARENT_CONCEPT_OF
http://eurovoc.europa.eu/3204,http://eurovoc.europa.eu/1578,PARENT_CONCEPT_OF
http://eurovoc.europa.eu/2162,http://eurovoc.europa.eu/3389,PARENT_CONCEPT_OF
http://eurovoc.europa.eu/667,http://eurovoc.europa.eu/1745,PARENT_CONCEPT_OF
http://eurovoc.europa.eu/6088,http://eurovoc.europa.eu/6772,PARENT_CONCEPT_OF
http://eurovoc.europa.eu/6088,http://eurovoc.europa.eu/6773,PARENT_CONCEPT_OF
http://eurovoc.europa.eu/2013,http://eurovoc.europa.eu/2883,PARENT_CONCEPT_OF
http://eurovoc.europa.eu/529,http://eurovoc.europa.eu/7129,PARENT_CONCEPT_OF
http://eurovoc.europa.eu/529,http://eurovoc.europa.eu/c_197f7398,PARENT_CONCEPT_OF
http://eurovoc.europa.eu/2983,http://eurovoc.europa.eu/595,PARENT_CONCEPT_OF
http://eurovoc.europa.eu/3705,http://eurovoc.europa.eu/5909,PARENT_CONCEPT_OF
http://eurovoc.europa.eu/4473,http://eurovoc.europa.eu/5131,PARENT_CONCEPT_OF
http://eurovoc.europa.eu/5550,http://eurovoc.europa.eu/6724,PARENT_CONCEPT_OF
http://eurovoc.europa.eu/1425,http://eurovoc.europa.eu/6711,PARENT_CONCEPT_OF
http://eurovoc.europa.eu/2077,http://eurovoc.europa.eu/5234,PARENT_CONCEPT_OF
http://eurovoc.europa.eu/6171,http://eurovoc.europa.eu/435098,PARENT_CONCEPT_OF
http://eurovoc.europa.eu/4174,http://eurovoc.europa.eu/5133,PARENT_CONCEPT_OF
http://eurovoc.europa.eu/237,http://eurovoc.europa.eu/6053,PARENT_CONCEPT_OF
http://eurovoc.europa.eu/6709,http://eurovoc.europa.eu/8475,PARENT_CONCEPT_OF
http://eurovoc.europa.eu/4271,http://eurovoc.europa.eu/5586,PARENT_CONCEPT_OF
http://eurovoc.europa.eu/5748,http://eurovoc.europa.eu/c_2b0f1588,PARENT_CONCEPT_OF
http://eurovoc.europa.eu/1404,http://eurovoc.europa.eu/3609,PARENT_CONCEPT_OF
http://eurovoc.europa.eu/5723,http://eurovoc.europa.eu/1530,PARENT_CONCEPT_OF
http://eurovoc.europa.eu/2773,http://eurovoc.europa.eu/5914,PARENT_CONCEPT_OF
http://eurovoc.europa.eu/4871,http://eurovoc.europa.eu/5377,PARENT_CONCEPT_OF
http://eurovoc.europa.eu/2876,http://eurovoc.europa.eu/2875,PARENT_CONCEPT_OF
http://eurovoc.europa.eu/2506,http://eurovoc.europa.eu/3063,PARENT_CONCEPT_OF
http://eurovoc.europa.eu/831,http://eurovoc.europa.eu/c_2d0e82e0,PARENT_CONCEPT_OF
http://eurovoc.europa.eu/1052,http://eurovoc.europa.eu/5643,PARENT_CONCEPT_OF
http://eurovoc.europa.eu/4140,http://eurovoc.europa.eu/6378,PARENT_CONCEPT_OF
http://eurovoc.europa.eu/941,http://eurovoc.europa.eu/3137,PARENT_CONCEPT_OF
http://eurovoc.europa.eu/1837,http://eurovoc.europa.eu/2545,PARENT_CONCEPT_OF
http://eurovoc.europa.eu/5572,http://eurovoc.europa.eu/4727,PARENT_CONCEPT_OF
http://eurovoc.europa.eu/3975,http://eurovoc.europa.eu/4701,PARENT_CONCEPT_OF
http://eurovoc.europa.eu/2522,http://eurovoc.europa.eu/1140,PARENT_CONCEPT_OF
http://eurovoc.europa.eu/5722,http://eurovoc.europa.eu/5439,PARENT_CONCEPT_OF
http://eurovoc.europa.eu/5722,http://eurovoc.europa.eu/450869,PARENT_CONCEPT_OF
http://eurovoc.europa.eu/3199,http://eurovoc.europa.eu/1732,PARENT_CONCEPT_OF
http://eurovoc.europa.eu/3367,http://eurovoc.europa.eu/3578,PARENT_CONCEPT_OF
http://eurovoc.europa.eu/3022,http://eurovoc.europa.eu/4698,PARENT_CONCEPT_OF
http://eurovoc.europa.eu/1800,http://eurovoc.europa.eu/4302,PARENT_CONCEPT_OF
http://eurovoc.europa.eu/1800,http://eurovoc.europa.eu/3086,PARENT_CONCEPT_OF
http://eurovoc.europa.eu/1800,http://eurovoc.europa.eu/3085,PARENT_CONCEPT_OF
http://eurovoc.europa.eu/4705,http://eurovoc.europa.eu/7388,PARENT_CONCEPT_OF
http://eurovoc.europa.eu/4554,http://eurovoc.europa.eu/925,PARENT_CONCEPT_OF
http://eurovoc.europa.eu/2188,http://eurovoc.europa.eu/5044,PARENT_CONCEPT_OF
http://eurovoc.europa.eu/2188,http://eurovoc.europa.eu/7202,PARENT_CONCEPT_OF
http://eurovoc.europa.eu/2495,http://eurovoc.europa.eu/3230,PARENT_CONCEPT_OF
http://eurovoc.europa.eu/1452,http://eurovoc.europa.eu/872,PARENT_CONCEPT_OF
http://eurovoc.europa.eu/2149,http://eurovoc.europa.eu/3994,PARENT_CONCEPT_OF
http://eurovoc.europa.eu/4006,http://eurovoc.europa.eu/4013,PARENT_CONCEPT_OF
http://eurovoc.europa.eu/637,http://eurovoc.europa.eu/650,PARENT_CONCEPT_OF
http://eurovoc.europa.eu/4505,http://eurovoc.europa.eu/195,PARENT_CONCEPT_OF
http://eurovoc.europa.eu/3257,http://eurovoc.europa.eu/1508,PARENT_CONCEPT_OF
http://eurovoc.europa.eu/3257,http://eurovoc.europa.eu/6561,PARENT_CONCEPT_OF
http://eurovoc.europa.eu/3257,http://eurovoc.europa.eu/4101,PARENT_CONCEPT_OF
http://eurovoc.europa.eu/5283,http://eurovoc.europa.eu/1519,PARENT_CONCEPT_OF
http://eurovoc.europa.eu/5283,http://eurovoc.europa.eu/5619,PARENT_CONCEPT_OF
http://eurovoc.europa.eu/5283,http://eurovoc.europa.eu/5859,PARENT_CONCEPT_OF
http://eurovoc.europa.eu/5283,http://eurovoc.europa.eu/5860,PARENT_CONCEPT_OF
http://eurovoc.europa.eu/5283,http://eurovoc.europa.eu/1318,PARENT_CONCEPT_OF
http://eurovoc.europa.eu/4069,http://eurovoc.europa.eu/2525,PARENT_CONCEPT_OF
http://eurovoc.europa.eu/4069,http://eurovoc.europa.eu/5040,PARENT_CONCEPT_OF
http://eurovoc.europa.eu/8366,http://eurovoc.europa.eu/451462,PARENT_CONCEPT_OF
http://eurovoc.europa.eu/8366,http://eurovoc.europa.eu/3857,PARENT_CONCEPT_OF
http://eurovoc.europa.eu/8366,http://eurovoc.europa.eu/6280,PARENT_CONCEPT_OF
http://eurovoc.europa.eu/8366,http://eurovoc.europa.eu/4466,PARENT_CONCEPT_OF
http://eurovoc.europa.eu/1844,http://eurovoc.europa.eu/3415,PARENT_CONCEPT_OF
http://eurovoc.europa.eu/c_2b2e17b1,http://eurovoc.europa.eu/1125,PARENT_CONCEPT_OF
http://eurovoc.europa.eu/5083,http://eurovoc.europa.eu/4342,PARENT_CONCEPT_OF
http://eurovoc.europa.eu/5083,http://eurovoc.europa.eu/4816,PARENT_CONCEPT_OF
http://eurovoc.europa.eu/4690,http://eurovoc.europa.eu/5563,PARENT_CONCEPT_OF
http://eurovoc.europa.eu/5265,http://eurovoc.europa.eu/1986,PARENT_CONCEPT_OF
http://eurovoc.europa.eu/8365,http://eurovoc.europa.eu/4376,PARENT_CONCEPT_OF
http://eurovoc.europa.eu/8367,http://eurovoc.europa.eu/261,PARENT_CONCEPT_OF
http://eurovoc.europa.eu/8367,http://eurovoc.europa.eu/4862,PARENT_CONCEPT_OF
http://eurovoc.europa.eu/6205,http://eurovoc.europa.eu/5100,PARENT_CONCEPT_OF
http://eurovoc.europa.eu/6205,http://eurovoc.europa.eu/5969,PARENT_CONCEPT_OF
http://eurovoc.europa.eu/5781,http://eurovoc.europa.eu/5695,PARENT_CONCEPT_OF
http://eurovoc.europa.eu/8369,http://eurovoc.europa.eu/726,PARENT_CONCEPT_OF
http://eurovoc.europa.eu/5302,http://eurovoc.europa.eu/1166,PARENT_CONCEPT_OF
http://eurovoc.europa.eu/5780,http://eurovoc.europa.eu/5713,PARENT_CONCEPT_OF
http://eurovoc.europa.eu/c_b2c019c8,http://eurovoc.europa.eu/1522,PARENT_CONCEPT_OF
http://eurovoc.europa.eu/c_b2c019c8,http://eurovoc.europa.eu/993,PARENT_CONCEPT_OF
http://eurovoc.europa.eu/c_b2c019c8,http://eurovoc.europa.eu/484,PARENT_CONCEPT_OF
http://eurovoc.europa.eu/c_b2c019c8,http://eurovoc.europa.eu/4862,PARENT_CONCEPT_OF
http://eurovoc.europa.eu/c_b2c019c8,http://eurovoc.europa.eu/1903,PARENT_CONCEPT_OF
http://eurovoc.europa.eu/5778,http://eurovoc.europa.eu/4662,PARENT_CONCEPT_OF
http://eurovoc.europa.eu/2148,http://eurovoc.europa.eu/111,PARENT_CONCEPT_OF
http://eurovoc.europa.eu/2148,http://eurovoc.europa.eu/1196,PARENT_CONCEPT_OF
http://eurovoc.europa.eu/2106,http://eurovoc.europa.eu/5709,PARENT_CONCEPT_OF
http://eurovoc.europa.eu/2106,http://eurovoc.europa.eu/3774,PARENT_CONCEPT_OF
http://eurovoc.europa.eu/2106,http://eurovoc.europa.eu/4160,PARENT_CONCEPT_OF
http://eurovoc.europa.eu/1105,http://eurovoc.europa.eu/5020,PARENT_CONCEPT_OF
http://eurovoc.europa.eu/1105,http://eurovoc.europa.eu/2231,PARENT_CONCEPT_OF
http://eurovoc.europa.eu/1105,http://eurovoc.europa.eu/2224,PARENT_CONCEPT_OF
http://eurovoc.europa.eu/37846,http://eurovoc.europa.eu/1128,PARENT_CONCEPT_OF
http://eurovoc.europa.eu/3582,http://eurovoc.europa.eu/3583,PARENT_CONCEPT_OF
http://eurovoc.europa.eu/4703,http://eurovoc.europa.eu/5372,PARENT_CONCEPT_OF
http://eurovoc.europa.eu/3193,http://eurovoc.europa.eu/08133,PARENT_CONCEPT_OF
http://eurovoc.europa.eu/2702,http://eurovoc.europa.eu/2861,PARENT_CONCEPT_OF
http://eurovoc.europa.eu/486,http://eurovoc.europa.eu/7379,PARENT_CONCEPT_OF
http://eurovoc.europa.eu/486,http://eurovoc.europa.eu/5628,PARENT_CONCEPT_OF
http://eurovoc.europa.eu/486,http://eurovoc.europa.eu/7369,PARENT_CONCEPT_OF
http://eurovoc.europa.eu/486,http://eurovoc.europa.eu/242,PARENT_CONCEPT_OF
http://eurovoc.europa.eu/486,http://eurovoc.europa.eu/1076,PARENT_CONCEPT_OF
http://eurovoc.europa.eu/486,http://eurovoc.europa.eu/7363,PARENT_CONCEPT_OF
http://eurovoc.europa.eu/3641,http://eurovoc.europa.eu/4082,PARENT_CONCEPT_OF
http://eurovoc.europa.eu/3797,http://eurovoc.europa.eu/4111,PARENT_CONCEPT_OF
http://eurovoc.europa.eu/3797,http://eurovoc.europa.eu/3795,PARENT_CONCEPT_OF
http://eurovoc.europa.eu/1737,http://eurovoc.europa.eu/4555,PARENT_CONCEPT_OF
http://eurovoc.europa.eu/1737,http://eurovoc.europa.eu/6745,PARENT_CONCEPT_OF
http://eurovoc.europa.eu/1737,http://eurovoc.europa.eu/1739,PARENT_CONCEPT_OF
http://eurovoc.europa.eu/1802,http://eurovoc.europa.eu/6350,PARENT_CONCEPT_OF
http://eurovoc.europa.eu/1802,http://eurovoc.europa.eu/2126,PARENT_CONCEPT_OF
http://eurovoc.europa.eu/1802,http://eurovoc.europa.eu/2593,PARENT_CONCEPT_OF
http://eurovoc.europa.eu/929,http://eurovoc.europa.eu/189,PARENT_CONCEPT_OF
http://eurovoc.europa.eu/2698,http://eurovoc.europa.eu/2615,PARENT_CONCEPT_OF
http://eurovoc.europa.eu/2698,http://eurovoc.europa.eu/6028,PARENT_CONCEPT_OF
http://eurovoc.europa.eu/2477,http://eurovoc.europa.eu/1686,PARENT_CONCEPT_OF
http://eurovoc.europa.eu/795,http://eurovoc.europa.eu/788,PARENT_CONCEPT_OF
http://eurovoc.europa.eu/795,http://eurovoc.europa.eu/1071,PARENT_CONCEPT_OF
http://eurovoc.europa.eu/2167,http://eurovoc.europa.eu/5107,PARENT_CONCEPT_OF
http://eurovoc.europa.eu/2167,http://eurovoc.europa.eu/8300,PARENT_CONCEPT_OF
http://eurovoc.europa.eu/2167,http://eurovoc.europa.eu/2103,PARENT_CONCEPT_OF
http://eurovoc.europa.eu/6052,http://eurovoc.europa.eu/2133,PARENT_CONCEPT_OF
http://eurovoc.europa.eu/2163,http://eurovoc.europa.eu/7927,PARENT_CONCEPT_OF
http://eurovoc.europa.eu/5769,http://eurovoc.europa.eu/5642,PARENT_CONCEPT_OF
http://eurovoc.europa.eu/5769,http://eurovoc.europa.eu/7222,PARENT_CONCEPT_OF
http://eurovoc.europa.eu/5769,http://eurovoc.europa.eu/5426,PARENT_CONCEPT_OF
http://eurovoc.europa.eu/5848,http://eurovoc.europa.eu/c_12742da8,PARENT_CONCEPT_OF
http://eurovoc.europa.eu/2517,http://eurovoc.europa.eu/1708,PARENT_CONCEPT_OF
http://eurovoc.europa.eu/1700,http://eurovoc.europa.eu/4245,PARENT_CONCEPT_OF
http://eurovoc.europa.eu/2690,http://eurovoc.europa.eu/6738,PARENT_CONCEPT_OF
http://eurovoc.europa.eu/5448,http://eurovoc.europa.eu/5694,PARENT_CONCEPT_OF
http://eurovoc.europa.eu/2848,http://eurovoc.europa.eu/2052,PARENT_CONCEPT_OF
http://eurovoc.europa.eu/2414,http://eurovoc.europa.eu/3724,PARENT_CONCEPT_OF
http://eurovoc.europa.eu/2414,http://eurovoc.europa.eu/4145,PARENT_CONCEPT_OF
http://eurovoc.europa.eu/1602,http://eurovoc.europa.eu/1609,PARENT_CONCEPT_OF
http://eurovoc.europa.eu/5360,http://eurovoc.europa.eu/4059,PARENT_CONCEPT_OF
http://eurovoc.europa.eu/5360,http://eurovoc.europa.eu/c_b0d2dfd4,PARENT_CONCEPT_OF
http://eurovoc.europa.eu/3783,http://eurovoc.europa.eu/3786,PARENT_CONCEPT_OF
http://eurovoc.europa.eu/3783,http://eurovoc.europa.eu/747,PARENT_CONCEPT_OF
http://eurovoc.europa.eu/1954,http://eurovoc.europa.eu/4506,PARENT_CONCEPT_OF
http://eurovoc.europa.eu/2701,http://eurovoc.europa.eu/2913,PARENT_CONCEPT_OF
http://eurovoc.europa.eu/1615,http://eurovoc.europa.eu/1899,PARENT_CONCEPT_OF
http://eurovoc.europa.eu/3584,http://eurovoc.europa.eu/809,PARENT_CONCEPT_OF
http://eurovoc.europa.eu/11,http://eurovoc.europa.eu/2771,PARENT_CONCEPT_OF
http://eurovoc.europa.eu/2246,http://eurovoc.europa.eu/1336,PARENT_CONCEPT_OF
http://eurovoc.europa.eu/3929,http://eurovoc.europa.eu/2812,PARENT_CONCEPT_OF
http://eurovoc.europa.eu/4299,http://eurovoc.europa.eu/506,PARENT_CONCEPT_OF
http://eurovoc.europa.eu/4414,http://eurovoc.europa.eu/5503,PARENT_CONCEPT_OF
http://eurovoc.europa.eu/3879,http://eurovoc.europa.eu/4831,PARENT_CONCEPT_OF
http://eurovoc.europa.eu/3879,http://eurovoc.europa.eu/1830,PARENT_CONCEPT_OF
http://eurovoc.europa.eu/3879,http://eurovoc.europa.eu/154,PARENT_CONCEPT_OF
http://eurovoc.europa.eu/2467,http://eurovoc.europa.eu/2932,PARENT_CONCEPT_OF
http://eurovoc.europa.eu/2467,http://eurovoc.europa.eu/854,PARENT_CONCEPT_OF
http://eurovoc.europa.eu/2187,http://eurovoc.europa.eu/5557,PARENT_CONCEPT_OF
http://eurovoc.europa.eu/2187,http://eurovoc.europa.eu/129,PARENT_CONCEPT_OF
http://eurovoc.europa.eu/3451,http://eurovoc.europa.eu/3452,PARENT_CONCEPT_OF
http://eurovoc.europa.eu/3451,http://eurovoc.europa.eu/2303,PARENT_CONCEPT_OF
http://eurovoc.europa.eu/2628,http://eurovoc.europa.eu/3441,PARENT_CONCEPT_OF
http://eurovoc.europa.eu/427,http://eurovoc.europa.eu/430,PARENT_CONCEPT_OF
http://eurovoc.europa.eu/427,http://eurovoc.europa.eu/6143,PARENT_CONCEPT_OF
http://eurovoc.europa.eu/427,http://eurovoc.europa.eu/2295,PARENT_CONCEPT_OF
http://eurovoc.europa.eu/335,http://eurovoc.europa.eu/3400,PARENT_CONCEPT_OF
http://eurovoc.europa.eu/281,http://eurovoc.europa.eu/5423,PARENT_CONCEPT_OF
http://eurovoc.europa.eu/1372,http://eurovoc.europa.eu/2311,PARENT_CONCEPT_OF
http://eurovoc.europa.eu/2476,http://eurovoc.europa.eu/5228,PARENT_CONCEPT_OF
http://eurovoc.europa.eu/2476,http://eurovoc.europa.eu/c_db56b1e0,PARENT_CONCEPT_OF
http://eurovoc.europa.eu/2476,http://eurovoc.europa.eu/2556,PARENT_CONCEPT_OF
http://eurovoc.europa.eu/3952,http://eurovoc.europa.eu/6715,PARENT_CONCEPT_OF
http://eurovoc.europa.eu/3941,http://eurovoc.europa.eu/2367,PARENT_CONCEPT_OF
http://eurovoc.europa.eu/3131,http://eurovoc.europa.eu/5324,PARENT_CONCEPT_OF
http://eurovoc.europa.eu/1909,http://eurovoc.europa.eu/1921,PARENT_CONCEPT_OF
http://eurovoc.europa.eu/1909,http://eurovoc.europa.eu/724,PARENT_CONCEPT_OF
http://eurovoc.europa.eu/864,http://eurovoc.europa.eu/5273,PARENT_CONCEPT_OF
http://eurovoc.europa.eu/2288,http://eurovoc.europa.eu/4781,PARENT_CONCEPT_OF
http://eurovoc.europa.eu/337,http://eurovoc.europa.eu/3719,PARENT_CONCEPT_OF
http://eurovoc.europa.eu/337,http://eurovoc.europa.eu/8279,PARENT_CONCEPT_OF
http://eurovoc.europa.eu/7816,http://eurovoc.europa.eu/7847,PARENT_CONCEPT_OF
http://eurovoc.europa.eu/6138,http://eurovoc.europa.eu/6238,PARENT_CONCEPT_OF
http://eurovoc.europa.eu/1329,http://eurovoc.europa.eu/3918,PARENT_CONCEPT_OF
http://eurovoc.europa.eu/2564,http://eurovoc.europa.eu/3394,PARENT_CONCEPT_OF
http://eurovoc.europa.eu/7814,http://eurovoc.europa.eu/7968,PARENT_CONCEPT_OF
http://eurovoc.europa.eu/7814,http://eurovoc.europa.eu/7978,PARENT_CONCEPT_OF
http://eurovoc.europa.eu/7815,http://eurovoc.europa.eu/7826,PARENT_CONCEPT_OF
http://eurovoc.europa.eu/7815,http://eurovoc.europa.eu/7824,PARENT_CONCEPT_OF
http://eurovoc.europa.eu/7815,http://eurovoc.europa.eu/7828,PARENT_CONCEPT_OF
http://eurovoc.europa.eu/4840,http://eurovoc.europa.eu/3061,PARENT_CONCEPT_OF
http://eurovoc.europa.eu/1953,http://eurovoc.europa.eu/3383,PARENT_CONCEPT_OF
http://eurovoc.europa.eu/4367,http://eurovoc.europa.eu/4322,PARENT_CONCEPT_OF
http://eurovoc.europa.eu/4222,http://eurovoc.europa.eu/6257,PARENT_CONCEPT_OF
http://eurovoc.europa.eu/3581,http://eurovoc.europa.eu/4242,PARENT_CONCEPT_OF
http://eurovoc.europa.eu/539,http://eurovoc.europa.eu/2696,PARENT_CONCEPT_OF
http://eurovoc.europa.eu/3151,http://eurovoc.europa.eu/3477,PARENT_CONCEPT_OF
http://eurovoc.europa.eu/2524,http://eurovoc.europa.eu/2537,PARENT_CONCEPT_OF
http://eurovoc.europa.eu/2524,http://eurovoc.europa.eu/2538,PARENT_CONCEPT_OF
http://eurovoc.europa.eu/343,http://eurovoc.europa.eu/6411,PARENT_CONCEPT_OF
http://eurovoc.europa.eu/343,http://eurovoc.europa.eu/6409,PARENT_CONCEPT_OF
http://eurovoc.europa.eu/2496,http://eurovoc.europa.eu/1456,PARENT_CONCEPT_OF
http://eurovoc.europa.eu/1455,http://eurovoc.europa.eu/7203,PARENT_CONCEPT_OF
http://eurovoc.europa.eu/1455,http://eurovoc.europa.eu/2144,PARENT_CONCEPT_OF
http://eurovoc.europa.eu/1455,http://eurovoc.europa.eu/1043,PARENT_CONCEPT_OF
http://eurovoc.europa.eu/8380,http://eurovoc.europa.eu/4594,PARENT_CONCEPT_OF
http://eurovoc.europa.eu/4365,http://eurovoc.europa.eu/2432,PARENT_CONCEPT_OF
http://eurovoc.europa.eu/4365,http://eurovoc.europa.eu/1022,PARENT_CONCEPT_OF
http://eurovoc.europa.eu/2736,http://eurovoc.europa.eu/2738,PARENT_CONCEPT_OF
http://eurovoc.europa.eu/1258,http://eurovoc.europa.eu/2962,PARENT_CONCEPT_OF
http://eurovoc.europa.eu/4413,http://eurovoc.europa.eu/174,PARENT_CONCEPT_OF
http://eurovoc.europa.eu/4413,http://eurovoc.europa.eu/c_03f9a8ac,PARENT_CONCEPT_OF
http://eurovoc.europa.eu/99,http://eurovoc.europa.eu/c_7cbc24fd,PARENT_CONCEPT_OF
http://eurovoc.europa.eu/2500,http://eurovoc.europa.eu/1306,PARENT_CONCEPT_OF
http://eurovoc.europa.eu/2497,http://eurovoc.europa.eu/3194,PARENT_CONCEPT_OF
http://eurovoc.europa.eu/712,http://eurovoc.europa.eu/8460,PARENT_CONCEPT_OF
http://eurovoc.europa.eu/3318,http://eurovoc.europa.eu/3324,PARENT_CONCEPT_OF
http://eurovoc.europa.eu/3318,http://eurovoc.europa.eu/405,PARENT_CONCEPT_OF
http://eurovoc.europa.eu/6332,http://eurovoc.europa.eu/6333,PARENT_CONCEPT_OF
http://eurovoc.europa.eu/4370,http://eurovoc.europa.eu/6055,PARENT_CONCEPT_OF
http://eurovoc.europa.eu/4671,http://eurovoc.europa.eu/4661,PARENT_CONCEPT_OF
http://eurovoc.europa.eu/1016,http://eurovoc.europa.eu/4371,PARENT_CONCEPT_OF
http://eurovoc.europa.eu/1016,http://eurovoc.europa.eu/739,PARENT_CONCEPT_OF
http://eurovoc.europa.eu/1063,http://eurovoc.europa.eu/1065,PARENT_CONCEPT_OF
http://eurovoc.europa.eu/1426,http://eurovoc.europa.eu/6261,PARENT_CONCEPT_OF
http://eurovoc.europa.eu/1411,http://eurovoc.europa.eu/4489,PARENT_CONCEPT_OF
http://eurovoc.europa.eu/2178,http://eurovoc.europa.eu/2161,PARENT_CONCEPT_OF
http://eurovoc.europa.eu/3209,http://eurovoc.europa.eu/98,PARENT_CONCEPT_OF
http://eurovoc.europa.eu/3209,http://eurovoc.europa.eu/2046,PARENT_CONCEPT_OF
http://eurovoc.europa.eu/965,http://eurovoc.europa.eu/6539,PARENT_CONCEPT_OF
http://eurovoc.europa.eu/965,http://eurovoc.europa.eu/c_25d12753,PARENT_CONCEPT_OF
http://eurovoc.europa.eu/3307,http://eurovoc.europa.eu/3311,PARENT_CONCEPT_OF
http://eurovoc.europa.eu/914,http://eurovoc.europa.eu/5860,PARENT_CONCEPT_OF
http://eurovoc.europa.eu/913,http://eurovoc.europa.eu/1504,PARENT_CONCEPT_OF
http://eurovoc.europa.eu/2519,http://eurovoc.europa.eu/4789,PARENT_CONCEPT_OF
http://eurovoc.europa.eu/3156,http://eurovoc.europa.eu/5583,PARENT_CONCEPT_OF
http://eurovoc.europa.eu/3156,http://eurovoc.europa.eu/4645,PARENT_CONCEPT_OF
http://eurovoc.europa.eu/2180,http://eurovoc.europa.eu/244,PARENT_CONCEPT_OF
http://eurovoc.europa.eu/2258,http://eurovoc.europa.eu/2262,PARENT_CONCEPT_OF
http://eurovoc.europa.eu/1005,http://eurovoc.europa.eu/c_34746c6e,PARENT_CONCEPT_OF
http://eurovoc.europa.eu/1834,http://eurovoc.europa.eu/4584,PARENT_CONCEPT_OF
http://eurovoc.europa.eu/3549,http://eurovoc.europa.eu/3538,PARENT_CONCEPT_OF
http://eurovoc.europa.eu/3549,http://eurovoc.europa.eu/3536,PARENT_CONCEPT_OF
http://eurovoc.europa.eu/3549,http://eurovoc.europa.eu/3535,PARENT_CONCEPT_OF
http://eurovoc.europa.eu/6011,http://eurovoc.europa.eu/89,PARENT_CONCEPT_OF
http://eurovoc.europa.eu/3146,http://eurovoc.europa.eu/c_93670e37,PARENT_CONCEPT_OF
http://eurovoc.europa.eu/3146,http://eurovoc.europa.eu/1287,PARENT_CONCEPT_OF
http://eurovoc.europa.eu/1268,http://eurovoc.europa.eu/c_4523e1dd,PARENT_CONCEPT_OF
http://eurovoc.europa.eu/2789,http://eurovoc.europa.eu/3593,PARENT_CONCEPT_OF
http://eurovoc.europa.eu/1754,http://eurovoc.europa.eu/6152,PARENT_CONCEPT_OF
http://eurovoc.europa.eu/1754,http://eurovoc.europa.eu/c_cbdf29ef,PARENT_CONCEPT_OF
http://eurovoc.europa.eu/1754,http://eurovoc.europa.eu/8447,PARENT_CONCEPT_OF
http://eurovoc.europa.eu/5881,http://eurovoc.europa.eu/5970,PARENT_CONCEPT_OF
http://eurovoc.europa.eu/5881,http://eurovoc.europa.eu/1304,PARENT_CONCEPT_OF
http://eurovoc.europa.eu/1086,http://eurovoc.europa.eu/1843,PARENT_CONCEPT_OF
http://eurovoc.europa.eu/1087,http://eurovoc.europa.eu/3816,PARENT_CONCEPT_OF
http://eurovoc.europa.eu/4314,http://eurovoc.europa.eu/4316,PARENT_CONCEPT_OF
http://eurovoc.europa.eu/2460,http://eurovoc.europa.eu/2909,PARENT_CONCEPT_OF
http://eurovoc.europa.eu/3810,http://eurovoc.europa.eu/2740,PARENT_CONCEPT_OF
http://eurovoc.europa.eu/3899,http://eurovoc.europa.eu/3914,PARENT_CONCEPT_OF
http://eurovoc.europa.eu/538,http://eurovoc.europa.eu/585,PARENT_CONCEPT_OF
http://eurovoc.europa.eu/538,http://eurovoc.europa.eu/1636,PARENT_CONCEPT_OF
http://eurovoc.europa.eu/474,http://eurovoc.europa.eu/6010,PARENT_CONCEPT_OF
http://eurovoc.europa.eu/474,http://eurovoc.europa.eu/1055,PARENT_CONCEPT_OF
http://eurovoc.europa.eu/517,http://eurovoc.europa.eu/5536,PARENT_CONCEPT_OF
http://eurovoc.europa.eu/4486,http://eurovoc.europa.eu/6909,PARENT_CONCEPT_OF
http://eurovoc.europa.eu/1422,http://eurovoc.europa.eu/3422,PARENT_CONCEPT_OF
http://eurovoc.europa.eu/2472,http://eurovoc.europa.eu/6140,PARENT_CONCEPT_OF
http://eurovoc.europa.eu/2498,http://eurovoc.europa.eu/534,PARENT_CONCEPT_OF
http://eurovoc.europa.eu/2498,http://eurovoc.europa.eu/c_86d7db98,PARENT_CONCEPT_OF
http://eurovoc.europa.eu/2498,http://eurovoc.europa.eu/3736,PARENT_CONCEPT_OF
http://eurovoc.europa.eu/2498,http://eurovoc.europa.eu/642,PARENT_CONCEPT_OF
http://eurovoc.europa.eu/3273,http://eurovoc.europa.eu/3556,PARENT_CONCEPT_OF
http://eurovoc.europa.eu/1163,http://eurovoc.europa.eu/3559,PARENT_CONCEPT_OF
http://eurovoc.europa.eu/2632,http://eurovoc.europa.eu/2673,PARENT_CONCEPT_OF
http://eurovoc.europa.eu/2632,http://eurovoc.europa.eu/2681,PARENT_CONCEPT_OF
http://eurovoc.europa.eu/2489,http://eurovoc.europa.eu/460,PARENT_CONCEPT_OF
http://eurovoc.europa.eu/2656,http://eurovoc.europa.eu/2634,PARENT_CONCEPT_OF
http://eurovoc.europa.eu/3895,http://eurovoc.europa.eu/1416,PARENT_CONCEPT_OF
http://eurovoc.europa.eu/3895,http://eurovoc.europa.eu/2726,PARENT_CONCEPT_OF
http://eurovoc.europa.eu/4363,http://eurovoc.europa.eu/6318,PARENT_CONCEPT_OF
http://eurovoc.europa.eu/4412,http://eurovoc.europa.eu/2596,PARENT_CONCEPT_OF
http://eurovoc.europa.eu/1786,http://eurovoc.europa.eu/1801,PARENT_CONCEPT_OF
http://eurovoc.europa.eu/2449,http://eurovoc.europa.eu/9,PARENT_CONCEPT_OF
http://eurovoc.europa.eu/1810,http://eurovoc.europa.eu/1797,PARENT_CONCEPT_OF
http://eurovoc.europa.eu/1282,http://eurovoc.europa.eu/7216,PARENT_CONCEPT_OF
http://eurovoc.europa.eu/3025,http://eurovoc.europa.eu/1977,PARENT_CONCEPT_OF
http://eurovoc.europa.eu/3025,http://eurovoc.europa.eu/3413,PARENT_CONCEPT_OF
http://eurovoc.europa.eu/883,http://eurovoc.europa.eu/887,PARENT_CONCEPT_OF
http://eurovoc.europa.eu/2191,http://eurovoc.europa.eu/5282,PARENT_CONCEPT_OF
http://eurovoc.europa.eu/2191,http://eurovoc.europa.eu/c_2f64fd66,PARENT_CONCEPT_OF
http://eurovoc.europa.eu/5442,http://eurovoc.europa.eu/6274,PARENT_CONCEPT_OF
http://eurovoc.europa.eu/3659,http://eurovoc.europa.eu/3072,PARENT_CONCEPT_OF
http://eurovoc.europa.eu/3820,http://eurovoc.europa.eu/3827,PARENT_CONCEPT_OF
http://eurovoc.europa.eu/3820,http://eurovoc.europa.eu/3825,PARENT_CONCEPT_OF
http://eurovoc.europa.eu/434743,http://eurovoc.europa.eu/434786,PARENT_CONCEPT_OF
http://eurovoc.europa.eu/2470,http://eurovoc.europa.eu/4074,PARENT_CONCEPT_OF
http://eurovoc.europa.eu/4590,http://eurovoc.europa.eu/863,PARENT_CONCEPT_OF
http://eurovoc.europa.eu/2200,http://eurovoc.europa.eu/1182,PARENT_CONCEPT_OF
http://eurovoc.europa.eu/2200,http://eurovoc.europa.eu/5100,PARENT_CONCEPT_OF
http://eurovoc.europa.eu/2200,http://eurovoc.europa.eu/5713,PARENT_CONCEPT_OF
http://eurovoc.europa.eu/122,http://eurovoc.europa.eu/5859,PARENT_CONCEPT_OF
http://eurovoc.europa.eu/122,http://eurovoc.europa.eu/5898,PARENT_CONCEPT_OF
http://eurovoc.europa.eu/1658,http://eurovoc.europa.eu/4354,PARENT_CONCEPT_OF
http://eurovoc.europa.eu/1658,http://eurovoc.europa.eu/726,PARENT_CONCEPT_OF
http://eurovoc.europa.eu/1658,http://eurovoc.europa.eu/2138,PARENT_CONCEPT_OF
http://eurovoc.europa.eu/130,http://eurovoc.europa.eu/1188,PARENT_CONCEPT_OF
http://eurovoc.europa.eu/2119,http://eurovoc.europa.eu/5100,PARENT_CONCEPT_OF
http://eurovoc.europa.eu/2119,http://eurovoc.europa.eu/1899,PARENT_CONCEPT_OF
http://eurovoc.europa.eu/2119,http://eurovoc.europa.eu/5020,PARENT_CONCEPT_OF
http://eurovoc.europa.eu/2119,http://eurovoc.europa.eu/4567,PARENT_CONCEPT_OF
http://eurovoc.europa.eu/2119,http://eurovoc.europa.eu/247,PARENT_CONCEPT_OF
http://eurovoc.europa.eu/2763,http://eurovoc.europa.eu/1573,PARENT_CONCEPT_OF
http://eurovoc.europa.eu/2763,http://eurovoc.europa.eu/303,PARENT_CONCEPT_OF
http://eurovoc.europa.eu/445,http://eurovoc.europa.eu/2359,PARENT_CONCEPT_OF
http://eurovoc.europa.eu/3461,http://eurovoc.europa.eu/1663,PARENT_CONCEPT_OF
http://eurovoc.europa.eu/3474,http://eurovoc.europa.eu/3206,PARENT_CONCEPT_OF
http://eurovoc.europa.eu/2507,http://eurovoc.europa.eu/3290,PARENT_CONCEPT_OF
http://eurovoc.europa.eu/2720,http://eurovoc.europa.eu/4224,PARENT_CONCEPT_OF
http://eurovoc.europa.eu/565,http://eurovoc.europa.eu/435196,PARENT_CONCEPT_OF
http://eurovoc.europa.eu/4010,http://eurovoc.europa.eu/6923,PARENT_CONCEPT_OF
http://eurovoc.europa.eu/566,http://eurovoc.europa.eu/552,PARENT_CONCEPT_OF
http://eurovoc.europa.eu/13,http://eurovoc.europa.eu/1423,PARENT_CONCEPT_OF
http://eurovoc.europa.eu/13,http://eurovoc.europa.eu/2862,PARENT_CONCEPT_OF
http://eurovoc.europa.eu/13,http://eurovoc.europa.eu/5451,PARENT_CONCEPT_OF
http://eurovoc.europa.eu/4179,http://eurovoc.europa.eu/4182,PARENT_CONCEPT_OF
http://eurovoc.europa.eu/2001,http://eurovoc.europa.eu/2010,PARENT_CONCEPT_OF
http://eurovoc.europa.eu/4704,http://eurovoc.europa.eu/c_9eea2203,PARENT_CONCEPT_OF
http://eurovoc.europa.eu/4704,http://eurovoc.europa.eu/6893,PARENT_CONCEPT_OF
http://eurovoc.europa.eu/4704,http://eurovoc.europa.eu/1998,PARENT_CONCEPT_OF
http://eurovoc.europa.eu/2473,http://eurovoc.europa.eu/5793,PARENT_CONCEPT_OF
http://eurovoc.europa.eu/2473,http://eurovoc.europa.eu/29,PARENT_CONCEPT_OF
http://eurovoc.europa.eu/4361,http://eurovoc.europa.eu/4424,PARENT_CONCEPT_OF
http://eurovoc.europa.eu/2478,http://eurovoc.europa.eu/c_7bc27da2,PARENT_CONCEPT_OF
http://eurovoc.europa.eu/2914,http://eurovoc.europa.eu/c_de4d6f2f,PARENT_CONCEPT_OF
http://eurovoc.europa.eu/82,http://eurovoc.europa.eu/c_e4f135ba,PARENT_CONCEPT_OF
http://eurovoc.europa.eu/1021,http://eurovoc.europa.eu/6029,PARENT_CONCEPT_OF
http://eurovoc.europa.eu/2504,http://eurovoc.europa.eu/4279,PARENT_CONCEPT_OF
http://eurovoc.europa.eu/962,http://eurovoc.europa.eu/1890,PARENT_CONCEPT_OF
http://eurovoc.europa.eu/4358,http://eurovoc.europa.eu/6314,PARENT_CONCEPT_OF
http://eurovoc.europa.eu/4358,http://eurovoc.europa.eu/577,PARENT_CONCEPT_OF
http://eurovoc.europa.eu/4259,http://eurovoc.europa.eu/c_c825b20c,PARENT_CONCEPT_OF
http://eurovoc.europa.eu/1894,http://eurovoc.europa.eu/6264,PARENT_CONCEPT_OF
http://eurovoc.europa.eu/1894,http://eurovoc.europa.eu/c_228bb032,PARENT_CONCEPT_OF
http://eurovoc.europa.eu/1835,http://eurovoc.europa.eu/7410,PARENT_CONCEPT_OF
http://eurovoc.europa.eu/1991,http://eurovoc.europa.eu/1992,PARENT_CONCEPT_OF
http://eurovoc.europa.eu/5127,http://eurovoc.europa.eu/6266,PARENT_CONCEPT_OF
http://eurovoc.europa.eu/3484,http://eurovoc.europa.eu/3494,PARENT_CONCEPT_OF
http://eurovoc.europa.eu/255,http://eurovoc.europa.eu/4043,PARENT_CONCEPT_OF
http://eurovoc.europa.eu/c_59f9c651,http://eurovoc.europa.eu/5675,PARENT_CONCEPT_OF
http://eurovoc.europa.eu/4738,http://eurovoc.europa.eu/4774,PARENT_CONCEPT_OF
http://eurovoc.europa.eu/1975,http://eurovoc.europa.eu/4463,PARENT_CONCEPT_OF
http://eurovoc.europa.eu/4837,http://eurovoc.europa.eu/5882,PARENT_CONCEPT_OF
http://eurovoc.europa.eu/4049,http://eurovoc.europa.eu/197,PARENT_CONCEPT_OF
http://eurovoc.europa.eu/1355,http://eurovoc.europa.eu/4326,PARENT_CONCEPT_OF
http://eurovoc.europa.eu/4681,http://eurovoc.europa.eu/920,PARENT_CONCEPT_OF
http://eurovoc.europa.eu/1543,http://eurovoc.europa.eu/1546,PARENT_CONCEPT_OF
http://eurovoc.europa.eu/42,http://eurovoc.europa.eu/37,PARENT_CONCEPT_OF
http://eurovoc.europa.eu/2836,http://eurovoc.europa.eu/c_e5dbcb63,PARENT_CONCEPT_OF
http://eurovoc.europa.eu/2836,http://eurovoc.europa.eu/c_449d36c3,PARENT_CONCEPT_OF
http://eurovoc.europa.eu/536,http://eurovoc.europa.eu/2768,PARENT_CONCEPT_OF
http://eurovoc.europa.eu/08133,http://eurovoc.europa.eu/c_a62dbeba,PARENT_CONCEPT_OF
http://eurovoc.europa.eu/08133,http://eurovoc.europa.eu/3197,PARENT_CONCEPT_OF
http://eurovoc.europa.eu/1438,http://eurovoc.europa.eu/2811,PARENT_CONCEPT_OF
http://eurovoc.europa.eu/1589,http://eurovoc.europa.eu/2158,PARENT_CONCEPT_OF
http://eurovoc.europa.eu/4762,http://eurovoc.europa.eu/4755,PARENT_CONCEPT_OF
http://eurovoc.europa.eu/438,http://eurovoc.europa.eu/4134,PARENT_CONCEPT_OF
http://eurovoc.europa.eu/492,http://eurovoc.europa.eu/1533,PARENT_CONCEPT_OF
http://eurovoc.europa.eu/4865,http://eurovoc.europa.eu/4866,PARENT_CONCEPT_OF
http://eurovoc.europa.eu/7219,http://eurovoc.europa.eu/c_5a195ffd,PARENT_CONCEPT_OF
http://eurovoc.europa.eu/7219,http://eurovoc.europa.eu/c_50fb9d42,PARENT_CONCEPT_OF
http://eurovoc.europa.eu/5973,http://eurovoc.europa.eu/3639,PARENT_CONCEPT_OF
http://eurovoc.europa.eu/923,http://eurovoc.europa.eu/6300,PARENT_CONCEPT_OF
http://eurovoc.europa.eu/3800,http://eurovoc.europa.eu/996,PARENT_CONCEPT_OF
http://eurovoc.europa.eu/3640,http://eurovoc.europa.eu/2694,PARENT_CONCEPT_OF
http://eurovoc.europa.eu/4921,http://eurovoc.europa.eu/c_5db9ac34,PARENT_CONCEPT_OF
http://eurovoc.europa.eu/4921,http://eurovoc.europa.eu/4810,PARENT_CONCEPT_OF
http://eurovoc.europa.eu/4921,http://eurovoc.europa.eu/5028,PARENT_CONCEPT_OF
http://eurovoc.europa.eu/71,http://eurovoc.europa.eu/2852,PARENT_CONCEPT_OF
http://eurovoc.europa.eu/71,http://eurovoc.europa.eu/867,PARENT_CONCEPT_OF
http://eurovoc.europa.eu/2550,http://eurovoc.europa.eu/5986,PARENT_CONCEPT_OF
http://eurovoc.europa.eu/875,http://eurovoc.europa.eu/4391,PARENT_CONCEPT_OF
http://eurovoc.europa.eu/144,http://eurovoc.europa.eu/1698,PARENT_CONCEPT_OF
http://eurovoc.europa.eu/2516,http://eurovoc.europa.eu/c_2a1a9fdc,PARENT_CONCEPT_OF
http://eurovoc.europa.eu/2725,http://eurovoc.europa.eu/3275,PARENT_CONCEPT_OF
http://eurovoc.europa.eu/2938,http://eurovoc.europa.eu/2621,PARENT_CONCEPT_OF
http://eurovoc.europa.eu/132,http://eurovoc.europa.eu/4085,PARENT_CONCEPT_OF
http://eurovoc.europa.eu/5519,http://eurovoc.europa.eu/5518,PARENT_CONCEPT_OF
http://eurovoc.europa.eu/5885,http://eurovoc.europa.eu/4178,PARENT_CONCEPT_OF
http://eurovoc.europa.eu/6049,http://eurovoc.europa.eu/6059,PARENT_CONCEPT_OF
http://eurovoc.europa.eu/6049,http://eurovoc.europa.eu/5507,PARENT_CONCEPT_OF
http://eurovoc.europa.eu/3079,http://eurovoc.europa.eu/3034,PARENT_CONCEPT_OF
http://eurovoc.europa.eu/3346,http://eurovoc.europa.eu/6113,PARENT_CONCEPT_OF
http://eurovoc.europa.eu/4470,http://eurovoc.europa.eu/3339,PARENT_CONCEPT_OF
http://eurovoc.europa.eu/1270,http://eurovoc.europa.eu/2952,PARENT_CONCEPT_OF
http://eurovoc.europa.eu/1224,http://eurovoc.europa.eu/1233,PARENT_CONCEPT_OF
http://eurovoc.europa.eu/2729,http://eurovoc.europa.eu/970,PARENT_CONCEPT_OF
http://eurovoc.europa.eu/4422,http://eurovoc.europa.eu/776,PARENT_CONCEPT_OF
http://eurovoc.europa.eu/4651,http://eurovoc.europa.eu/4656,PARENT_CONCEPT_OF
http://eurovoc.europa.eu/2913,http://eurovoc.europa.eu/5686,PARENT_CONCEPT_OF
http://eurovoc.europa.eu/5836,http://eurovoc.europa.eu/3980,PARENT_CONCEPT_OF
http://eurovoc.europa.eu/5836,http://eurovoc.europa.eu/5837,PARENT_CONCEPT_OF
http://eurovoc.europa.eu/5414,http://eurovoc.europa.eu/c_3cd258a4,PARENT_CONCEPT_OF
http://eurovoc.europa.eu/930,http://eurovoc.europa.eu/3839,PARENT_CONCEPT_OF
http://eurovoc.europa.eu/1624,http://eurovoc.europa.eu/1771,PARENT_CONCEPT_OF
http://eurovoc.europa.eu/3228,http://eurovoc.europa.eu/c_eb0b5431,PARENT_CONCEPT_OF
http://eurovoc.europa.eu/4503,http://eurovoc.europa.eu/3934,PARENT_CONCEPT_OF
http://eurovoc.europa.eu/164,http://eurovoc.europa.eu/1777,PARENT_CONCEPT_OF
http://eurovoc.europa.eu/2969,http://eurovoc.europa.eu/6309,PARENT_CONCEPT_OF
http://eurovoc.europa.eu/2567,http://eurovoc.europa.eu/3433,PARENT_CONCEPT_OF
http://eurovoc.europa.eu/2499,http://eurovoc.europa.eu/7412,PARENT_CONCEPT_OF
http://eurovoc.europa.eu/4223,http://eurovoc.europa.eu/2101,PARENT_CONCEPT_OF
http://eurovoc.europa.eu/357,http://eurovoc.europa.eu/4376,PARENT_CONCEPT_OF
http://eurovoc.europa.eu/357,http://eurovoc.europa.eu/1766,PARENT_CONCEPT_OF
http://eurovoc.europa.eu/4798,http://eurovoc.europa.eu/6151,PARENT_CONCEPT_OF
http://eurovoc.europa.eu/5474,http://eurovoc.europa.eu/5943,PARENT_CONCEPT_OF
http://eurovoc.europa.eu/2435,http://eurovoc.europa.eu/2437,PARENT_CONCEPT_OF
http://eurovoc.europa.eu/1961,http://eurovoc.europa.eu/c_623f2583,PARENT_CONCEPT_OF
http://eurovoc.europa.eu/5228,http://eurovoc.europa.eu/3001,PARENT_CONCEPT_OF
http://eurovoc.europa.eu/3992,http://eurovoc.europa.eu/422,PARENT_CONCEPT_OF
http://eurovoc.europa.eu/1148,http://eurovoc.europa.eu/5269,PARENT_CONCEPT_OF
http://eurovoc.europa.eu/1151,http://eurovoc.europa.eu/1147,PARENT_CONCEPT_OF
http://eurovoc.europa.eu/1433,http://eurovoc.europa.eu/2206,PARENT_CONCEPT_OF
http://eurovoc.europa.eu/4379,http://eurovoc.europa.eu/3103,PARENT_CONCEPT_OF
http://eurovoc.europa.eu/3955,http://eurovoc.europa.eu/6925,PARENT_CONCEPT_OF
http://eurovoc.europa.eu/1912,http://eurovoc.europa.eu/c_63446d6e,PARENT_CONCEPT_OF
http://eurovoc.europa.eu/2509,http://eurovoc.europa.eu/6541,PARENT_CONCEPT_OF
http://eurovoc.europa.eu/2509,http://eurovoc.europa.eu/3323,PARENT_CONCEPT_OF
http://eurovoc.europa.eu/c_be8fda35,http://eurovoc.europa.eu/2328,PARENT_CONCEPT_OF
http://eurovoc.europa.eu/8491,http://eurovoc.europa.eu/8501,PARENT_CONCEPT_OF
http://eurovoc.europa.eu/8494,http://eurovoc.europa.eu/8520,PARENT_CONCEPT_OF
http://eurovoc.europa.eu/8304,http://eurovoc.europa.eu/8308,PARENT_CONCEPT_OF
http://eurovoc.europa.eu/8311,http://eurovoc.europa.eu/8319,PARENT_CONCEPT_OF
http://eurovoc.europa.eu/6240,http://eurovoc.europa.eu/7992,PARENT_CONCEPT_OF
http://eurovoc.europa.eu/c_d4ca9a6c,http://eurovoc.europa.eu/c_cf9e250b,PARENT_CONCEPT_OF
http://eurovoc.europa.eu/c_d4ca9a6c,http://eurovoc.europa.eu/c_f9143718,PARENT_CONCEPT_OF
http://eurovoc.europa.eu/1717,http://eurovoc.europa.eu/7892,PARENT_CONCEPT_OF
http://eurovoc.europa.eu/946,http://eurovoc.europa.eu/3190,PARENT_CONCEPT_OF
http://eurovoc.europa.eu/360,http://eurovoc.europa.eu/3037,PARENT_CONCEPT_OF
http://eurovoc.europa.eu/3981,http://eurovoc.europa.eu/3976,PARENT_CONCEPT_OF
http://eurovoc.europa.eu/5097,http://eurovoc.europa.eu/2808,PARENT_CONCEPT_OF
http://eurovoc.europa.eu/6729,http://eurovoc.europa.eu/6730,PARENT_CONCEPT_OF
http://eurovoc.europa.eu/6729,http://eurovoc.europa.eu/6732,PARENT_CONCEPT_OF
http://eurovoc.europa.eu/3145,http://eurovoc.europa.eu/354,PARENT_CONCEPT_OF
http://eurovoc.europa.eu/5319,http://eurovoc.europa.eu/6747,PARENT_CONCEPT_OF
http://eurovoc.europa.eu/2530,http://eurovoc.europa.eu/2535,PARENT_CONCEPT_OF
http://eurovoc.europa.eu/4709,http://eurovoc.europa.eu/4711,PARENT_CONCEPT_OF
http://eurovoc.europa.eu/4709,http://eurovoc.europa.eu/4712,PARENT_CONCEPT_OF
http://eurovoc.europa.eu/4002,http://eurovoc.europa.eu/8385,PARENT_CONCEPT_OF
http://eurovoc.europa.eu/8384,http://eurovoc.europa.eu/6058,PARENT_CONCEPT_OF
http://eurovoc.europa.eu/564,http://eurovoc.europa.eu/306,PARENT_CONCEPT_OF
http://eurovoc.europa.eu/3327,http://eurovoc.europa.eu/758,PARENT_CONCEPT_OF
http://eurovoc.europa.eu/2484,http://eurovoc.europa.eu/2480,PARENT_CONCEPT_OF
http://eurovoc.europa.eu/4344,http://eurovoc.europa.eu/4437,PARENT_CONCEPT_OF
http://eurovoc.europa.eu/1460,http://eurovoc.europa.eu/738,PARENT_CONCEPT_OF
http://eurovoc.europa.eu/1460,http://eurovoc.europa.eu/c_2a7bd433,PARENT_CONCEPT_OF
http://eurovoc.europa.eu/2219,http://eurovoc.europa.eu/1918,PARENT_CONCEPT_OF
http://eurovoc.europa.eu/1851,http://eurovoc.europa.eu/4237,PARENT_CONCEPT_OF
http://eurovoc.europa.eu/4371,http://eurovoc.europa.eu/880,PARENT_CONCEPT_OF
http://eurovoc.europa.eu/3026,http://eurovoc.europa.eu/5473,PARENT_CONCEPT_OF
http://eurovoc.europa.eu/5595,http://eurovoc.europa.eu/c_7bb1a021,PARENT_CONCEPT_OF
http://eurovoc.europa.eu/5071,http://eurovoc.europa.eu/4487,PARENT_CONCEPT_OF
http://eurovoc.europa.eu/1046,http://eurovoc.europa.eu/734,PARENT_CONCEPT_OF
http://eurovoc.europa.eu/3168,http://eurovoc.europa.eu/4278,PARENT_CONCEPT_OF
http://eurovoc.europa.eu/2050,http://eurovoc.europa.eu/2048,PARENT_CONCEPT_OF
http://eurovoc.europa.eu/5590,http://eurovoc.europa.eu/5866,PARENT_CONCEPT_OF
http://eurovoc.europa.eu/4675,http://eurovoc.europa.eu/c_b3d1a308,PARENT_CONCEPT_OF
http://eurovoc.europa.eu/5092,http://eurovoc.europa.eu/267,PARENT_CONCEPT_OF
http://eurovoc.europa.eu/5092,http://eurovoc.europa.eu/1083,PARENT_CONCEPT_OF
http://eurovoc.europa.eu/664,http://eurovoc.europa.eu/c_0e092eaf,PARENT_CONCEPT_OF
http://eurovoc.europa.eu/1030,http://eurovoc.europa.eu/c_530a2ad2,PARENT_CONCEPT_OF
http://eurovoc.europa.eu/1870,http://eurovoc.europa.eu/5735,PARENT_CONCEPT_OF
http://eurovoc.europa.eu/2318,http://eurovoc.europa.eu/961,PARENT_CONCEPT_OF
http://eurovoc.europa.eu/5764,http://eurovoc.europa.eu/5292,PARENT_CONCEPT_OF
http://eurovoc.europa.eu/4116,http://eurovoc.europa.eu/1256,PARENT_CONCEPT_OF
http://eurovoc.europa.eu/4455,http://eurovoc.europa.eu/c_7dda56e2,PARENT_CONCEPT_OF
http://eurovoc.europa.eu/945,http://eurovoc.europa.eu/8435,PARENT_CONCEPT_OF
http://eurovoc.europa.eu/1387,http://eurovoc.europa.eu/5241,PARENT_CONCEPT_OF
http://eurovoc.europa.eu/1229,http://eurovoc.europa.eu/5046,PARENT_CONCEPT_OF
http://eurovoc.europa.eu/1229,http://eurovoc.europa.eu/1499,PARENT_CONCEPT_OF
http://eurovoc.europa.eu/583,http://eurovoc.europa.eu/717,PARENT_CONCEPT_OF
http://eurovoc.europa.eu/2834,http://eurovoc.europa.eu/1941,PARENT_CONCEPT_OF
http://eurovoc.europa.eu/5,http://eurovoc.europa.eu/442884,PARENT_CONCEPT_OF
http://eurovoc.europa.eu/4663,http://eurovoc.europa.eu/4673,PARENT_CONCEPT_OF
http://eurovoc.europa.eu/4663,http://eurovoc.europa.eu/4667,PARENT_CONCEPT_OF
http://eurovoc.europa.eu/5852,http://eurovoc.europa.eu/1860,PARENT_CONCEPT_OF
http://eurovoc.europa.eu/5852,http://eurovoc.europa.eu/12024,PARENT_CONCEPT_OF
http://eurovoc.europa.eu/3030,http://eurovoc.europa.eu/c_3dfe52ca,PARENT_CONCEPT_OF
http://eurovoc.europa.eu/3422,http://eurovoc.europa.eu/6176,PARENT_CONCEPT_OF
http://eurovoc.europa.eu/5196,http://eurovoc.europa.eu/c_d02647e2,PARENT_CONCEPT_OF
http://eurovoc.europa.eu/3843,http://eurovoc.europa.eu/3845,PARENT_CONCEPT_OF
http://eurovoc.europa.eu/1025,http://eurovoc.europa.eu/2678,PARENT_CONCEPT_OF
http://eurovoc.europa.eu/1384,http://eurovoc.europa.eu/5466,PARENT_CONCEPT_OF
http://eurovoc.europa.eu/4337,http://eurovoc.europa.eu/1179,PARENT_CONCEPT_OF
http://eurovoc.europa.eu/4337,http://eurovoc.europa.eu/2360,PARENT_CONCEPT_OF
http://eurovoc.europa.eu/1483,http://eurovoc.europa.eu/1534,PARENT_CONCEPT_OF
http://eurovoc.europa.eu/4093,http://eurovoc.europa.eu/2585,PARENT_CONCEPT_OF
http://eurovoc.europa.eu/381,http://eurovoc.europa.eu/8424,PARENT_CONCEPT_OF
http://eurovoc.europa.eu/381,http://eurovoc.europa.eu/8421,PARENT_CONCEPT_OF
http://eurovoc.europa.eu/5418,http://eurovoc.europa.eu/5772,PARENT_CONCEPT_OF
http://eurovoc.europa.eu/3233,http://eurovoc.europa.eu/248,PARENT_CONCEPT_OF
http://eurovoc.europa.eu/1885,http://eurovoc.europa.eu/5288,PARENT_CONCEPT_OF
http://eurovoc.europa.eu/718,http://eurovoc.europa.eu/5672,PARENT_CONCEPT_OF
http://eurovoc.europa.eu/434843,http://eurovoc.europa.eu/434880,PARENT_CONCEPT_OF
http://eurovoc.europa.eu/5682,http://eurovoc.europa.eu/5782,PARENT_CONCEPT_OF
http://eurovoc.europa.eu/2605,http://eurovoc.europa.eu/7946,PARENT_CONCEPT_OF
http://eurovoc.europa.eu/2605,http://eurovoc.europa.eu/1389,PARENT_CONCEPT_OF
http://eurovoc.europa.eu/5161,http://eurovoc.europa.eu/5110,PARENT_CONCEPT_OF
http://eurovoc.europa.eu/3468,http://eurovoc.europa.eu/201,PARENT_CONCEPT_OF
http://eurovoc.europa.eu/3206,http://eurovoc.europa.eu/6898,PARENT_CONCEPT_OF
http://eurovoc.europa.eu/552,http://eurovoc.europa.eu/4005,PARENT_CONCEPT_OF
http://eurovoc.europa.eu/5184,http://eurovoc.europa.eu/5187,PARENT_CONCEPT_OF
http://eurovoc.europa.eu/5184,http://eurovoc.europa.eu/5186,PARENT_CONCEPT_OF
http://eurovoc.europa.eu/6088,http://eurovoc.europa.eu/7950,PARENT_CONCEPT_OF
http://eurovoc.europa.eu/4424,http://eurovoc.europa.eu/4431,PARENT_CONCEPT_OF
http://eurovoc.europa.eu/4424,http://eurovoc.europa.eu/5190,PARENT_CONCEPT_OF
http://eurovoc.europa.eu/4424,http://eurovoc.europa.eu/4433,PARENT_CONCEPT_OF
http://eurovoc.europa.eu/3009,http://eurovoc.europa.eu/4876,PARENT_CONCEPT_OF
http://eurovoc.europa.eu/5953,http://eurovoc.europa.eu/5790,PARENT_CONCEPT_OF
http://eurovoc.europa.eu/2946,http://eurovoc.europa.eu/5465,PARENT_CONCEPT_OF
http://eurovoc.europa.eu/1296,http://eurovoc.europa.eu/451462,PARENT_CONCEPT_OF
http://eurovoc.europa.eu/5556,http://eurovoc.europa.eu/484,PARENT_CONCEPT_OF
http://eurovoc.europa.eu/197,http://eurovoc.europa.eu/198,PARENT_CONCEPT_OF
http://eurovoc.europa.eu/2279,http://eurovoc.europa.eu/5521,PARENT_CONCEPT_OF
http://eurovoc.europa.eu/44590,http://eurovoc.europa.eu/8412,PARENT_CONCEPT_OF
http://eurovoc.europa.eu/2233,http://eurovoc.europa.eu/4658,PARENT_CONCEPT_OF
http://eurovoc.europa.eu/4713,http://eurovoc.europa.eu/4715,PARENT_CONCEPT_OF
http://eurovoc.europa.eu/447536,http://eurovoc.europa.eu/6358,PARENT_CONCEPT_OF
http://eurovoc.europa.eu/443048,http://eurovoc.europa.eu/c_e14565e5,PARENT_CONCEPT_OF
http://eurovoc.europa.eu/1580,http://eurovoc.europa.eu/c_104476d7,PARENT_CONCEPT_OF
http://eurovoc.europa.eu/2857,http://eurovoc.europa.eu/3907,PARENT_CONCEPT_OF
http://eurovoc.europa.eu/2595,http://eurovoc.europa.eu/2603,PARENT_CONCEPT_OF
http://eurovoc.europa.eu/5855,http://eurovoc.europa.eu/95,PARENT_CONCEPT_OF
http://eurovoc.europa.eu/5493,http://eurovoc.europa.eu/6005,PARENT_CONCEPT_OF
http://eurovoc.europa.eu/3455,http://eurovoc.europa.eu/3508,PARENT_CONCEPT_OF
http://eurovoc.europa.eu/1139,http://eurovoc.europa.eu/6699,PARENT_CONCEPT_OF
http://eurovoc.europa.eu/3951,http://eurovoc.europa.eu/1095,PARENT_CONCEPT_OF
http://eurovoc.europa.eu/3860,http://eurovoc.europa.eu/6906,PARENT_CONCEPT_OF
http://eurovoc.europa.eu/4637,http://eurovoc.europa.eu/4638,PARENT_CONCEPT_OF
http://eurovoc.europa.eu/919,http://eurovoc.europa.eu/c_82916123,PARENT_CONCEPT_OF
http://eurovoc.europa.eu/c_0e092eaf,http://eurovoc.europa.eu/c_3897ba70,PARENT_CONCEPT_OF
http://eurovoc.europa.eu/5055,http://eurovoc.europa.eu/96138,PARENT_CONCEPT_OF
http://eurovoc.europa.eu/4256,http://eurovoc.europa.eu/2066,PARENT_CONCEPT_OF
http://eurovoc.europa.eu/3278,http://eurovoc.europa.eu/3279,PARENT_CONCEPT_OF
http://eurovoc.europa.eu/4554,http://eurovoc.europa.eu/3177,PARENT_CONCEPT_OF
http://eurovoc.europa.eu/4017,http://eurovoc.europa.eu/4125,PARENT_CONCEPT_OF
http://eurovoc.europa.eu/5258,http://eurovoc.europa.eu/349,PARENT_CONCEPT_OF
http://eurovoc.europa.eu/8473,http://eurovoc.europa.eu/4066,PARENT_CONCEPT_OF
http://eurovoc.europa.eu/2149,http://eurovoc.europa.eu/4356,PARENT_CONCEPT_OF
http://eurovoc.europa.eu/285,http://eurovoc.europa.eu/292,PARENT_CONCEPT_OF
http://eurovoc.europa.eu/3013,http://eurovoc.europa.eu/649,PARENT_CONCEPT_OF
http://eurovoc.europa.eu/3013,http://eurovoc.europa.eu/c_68ddcc11,PARENT_CONCEPT_OF
http://eurovoc.europa.eu/4505,http://eurovoc.europa.eu/c_c8c80a5b,PARENT_CONCEPT_OF
http://eurovoc.europa.eu/317,http://eurovoc.europa.eu/439,PARENT_CONCEPT_OF
http://eurovoc.europa.eu/2688,http://eurovoc.europa.eu/2810,PARENT_CONCEPT_OF
http://eurovoc.europa.eu/3257,http://eurovoc.europa.eu/7371,PARENT_CONCEPT_OF
http://eurovoc.europa.eu/3257,http://eurovoc.europa.eu/3297,PARENT_CONCEPT_OF
http://eurovoc.europa.eu/2459,http://eurovoc.europa.eu/1364,PARENT_CONCEPT_OF
http://eurovoc.europa.eu/7207,http://eurovoc.europa.eu/1899,PARENT_CONCEPT_OF
http://eurovoc.europa.eu/4069,http://eurovoc.europa.eu/5965,PARENT_CONCEPT_OF
http://eurovoc.europa.eu/8366,http://eurovoc.europa.eu/888,PARENT_CONCEPT_OF
http://eurovoc.europa.eu/8366,http://eurovoc.europa.eu/3416,PARENT_CONCEPT_OF
http://eurovoc.europa.eu/5083,http://eurovoc.europa.eu/4570,PARENT_CONCEPT_OF
http://eurovoc.europa.eu/5083,http://eurovoc.europa.eu/3403,PARENT_CONCEPT_OF
http://eurovoc.europa.eu/5083,http://eurovoc.europa.eu/1217,PARENT_CONCEPT_OF
http://eurovoc.europa.eu/5083,http://eurovoc.europa.eu/5072,PARENT_CONCEPT_OF
http://eurovoc.europa.eu/5083,http://eurovoc.europa.eu/1617,PARENT_CONCEPT_OF
http://eurovoc.europa.eu/5083,http://eurovoc.europa.eu/2027,PARENT_CONCEPT_OF
http://eurovoc.europa.eu/5083,http://eurovoc.europa.eu/891,PARENT_CONCEPT_OF
http://eurovoc.europa.eu/5083,http://eurovoc.europa.eu/1216,PARENT_CONCEPT_OF
http://eurovoc.europa.eu/4607,http://eurovoc.europa.eu/249,PARENT_CONCEPT_OF
http://eurovoc.europa.eu/4607,http://eurovoc.europa.eu/4846,PARENT_CONCEPT_OF
http://eurovoc.europa.eu/187,http://eurovoc.europa.eu/1649,PARENT_CONCEPT_OF
http://eurovoc.europa.eu/c_964c9649,http://eurovoc.europa.eu/5876,PARENT_CONCEPT_OF
http://eurovoc.europa.eu/c_964c9649,http://eurovoc.europa.eu/1338,PARENT_CONCEPT_OF
http://eurovoc.europa.eu/6205,http://eurovoc.europa.eu/1899,PARENT_CONCEPT_OF
http://eurovoc.europa.eu/6205,http://eurovoc.europa.eu/2331,PARENT_CONCEPT_OF
http://eurovoc.europa.eu/5781,http://eurovoc.europa.eu/1125,PARENT_CONCEPT_OF
http://eurovoc.europa.eu/5087,http://eurovoc.europa.eu/3763,PARENT_CONCEPT_OF
http://eurovoc.europa.eu/5302,http://eurovoc.europa.eu/2057,PARENT_CONCEPT_OF
http://eurovoc.europa.eu/5302,http://eurovoc.europa.eu/4846,PARENT_CONCEPT_OF
http://eurovoc.europa.eu/5780,http://eurovoc.europa.eu/1842,PARENT_CONCEPT_OF
http://eurovoc.europa.eu/c_b2c019c8,http://eurovoc.europa.eu/1611,PARENT_CONCEPT_OF
http://eurovoc.europa.eu/2148,http://eurovoc.europa.eu/1500,PARENT_CONCEPT_OF
http://eurovoc.europa.eu/2148,http://eurovoc.europa.eu/1639,PARENT_CONCEPT_OF
http://eurovoc.europa.eu/2148,http://eurovoc.europa.eu/726,PARENT_CONCEPT_OF
http://eurovoc.europa.eu/2106,http://eurovoc.europa.eu/4320,PARENT_CONCEPT_OF
http://eurovoc.europa.eu/2106,http://eurovoc.europa.eu/235,PARENT_CONCEPT_OF
http://eurovoc.europa.eu/37846,http://eurovoc.europa.eu/321,PARENT_CONCEPT_OF
http://eurovoc.europa.eu/37846,http://eurovoc.europa.eu/1819,PARENT_CONCEPT_OF
http://eurovoc.europa.eu/37846,http://eurovoc.europa.eu/3799,PARENT_CONCEPT_OF
http://eurovoc.europa.eu/2469,http://eurovoc.europa.eu/42760,PARENT_CONCEPT_OF
http://eurovoc.europa.eu/2469,http://eurovoc.europa.eu/45,PARENT_CONCEPT_OF
http://eurovoc.europa.eu/139,http://eurovoc.europa.eu/396,PARENT_CONCEPT_OF
http://eurovoc.europa.eu/2703,http://eurovoc.europa.eu/4091,PARENT_CONCEPT_OF
http://eurovoc.europa.eu/2703,http://eurovoc.europa.eu/4147,PARENT_CONCEPT_OF
http://eurovoc.europa.eu/494,http://eurovoc.europa.eu/c_40f54e0c,PARENT_CONCEPT_OF
http://eurovoc.europa.eu/486,http://eurovoc.europa.eu/2859,PARENT_CONCEPT_OF
http://eurovoc.europa.eu/486,http://eurovoc.europa.eu/5311,PARENT_CONCEPT_OF
http://eurovoc.europa.eu/4366,http://eurovoc.europa.eu/4865,PARENT_CONCEPT_OF
http://eurovoc.europa.eu/3689,http://eurovoc.europa.eu/3695,PARENT_CONCEPT_OF
http://eurovoc.europa.eu/1386,http://eurovoc.europa.eu/1867,PARENT_CONCEPT_OF
http://eurovoc.europa.eu/2477,http://eurovoc.europa.eu/2938,PARENT_CONCEPT_OF
http://eurovoc.europa.eu/795,http://eurovoc.europa.eu/780,PARENT_CONCEPT_OF
http://eurovoc.europa.eu/873,http://eurovoc.europa.eu/627,PARENT_CONCEPT_OF
http://eurovoc.europa.eu/2172,http://eurovoc.europa.eu/1838,PARENT_CONCEPT_OF
http://eurovoc.europa.eu/6052,http://eurovoc.europa.eu/463,PARENT_CONCEPT_OF
http://eurovoc.europa.eu/5640,http://eurovoc.europa.eu/5421,PARENT_CONCEPT_OF
http://eurovoc.europa.eu/5769,http://eurovoc.europa.eu/5310,PARENT_CONCEPT_OF
http://eurovoc.europa.eu/5769,http://eurovoc.europa.eu/7938,PARENT_CONCEPT_OF
http://eurovoc.europa.eu/5130,http://eurovoc.europa.eu/c_871b5612,PARENT_CONCEPT_OF
http://eurovoc.europa.eu/5848,http://eurovoc.europa.eu/5443,PARENT_CONCEPT_OF
http://eurovoc.europa.eu/3058,http://eurovoc.europa.eu/3067,PARENT_CONCEPT_OF
http://eurovoc.europa.eu/2515,http://eurovoc.europa.eu/1542,PARENT_CONCEPT_OF
http://eurovoc.europa.eu/2515,http://eurovoc.europa.eu/462,PARENT_CONCEPT_OF
http://eurovoc.europa.eu/4515,http://eurovoc.europa.eu/1032,PARENT_CONCEPT_OF
http://eurovoc.europa.eu/2517,http://eurovoc.europa.eu/3179,PARENT_CONCEPT_OF
http://eurovoc.europa.eu/2517,http://eurovoc.europa.eu/3919,PARENT_CONCEPT_OF
http://eurovoc.europa.eu/4706,http://eurovoc.europa.eu/432,PARENT_CONCEPT_OF
http://eurovoc.europa.eu/4706,http://eurovoc.europa.eu/3329,PARENT_CONCEPT_OF
http://eurovoc.europa.eu/2690,http://eurovoc.europa.eu/4475,PARENT_CONCEPT_OF
http://eurovoc.europa.eu/5448,http://eurovoc.europa.eu/5944,PARENT_CONCEPT_OF
http://eurovoc.europa.eu/2705,http://eurovoc.europa.eu/1727,PARENT_CONCEPT_OF
http://eurovoc.europa.eu/2858,http://eurovoc.europa.eu/2368,PARENT_CONCEPT_OF
http://eurovoc.europa.eu/2414,http://eurovoc.europa.eu/2345,PARENT_CONCEPT_OF
http://eurovoc.europa.eu/2412,http://eurovoc.europa.eu/4566,PARENT_CONCEPT_OF
http://eurovoc.europa.eu/5360,http://eurovoc.europa.eu/1932,PARENT_CONCEPT_OF
http://eurovoc.europa.eu/2417,http://eurovoc.europa.eu/5384,PARENT_CONCEPT_OF
http://eurovoc.europa.eu/2418,http://eurovoc.europa.eu/4454,PARENT_CONCEPT_OF
http://eurovoc.europa.eu/2181,http://eurovoc.europa.eu/3428,PARENT_CONCEPT_OF
http://eurovoc.europa.eu/2181,http://eurovoc.europa.eu/4511,PARENT_CONCEPT_OF
http://eurovoc.europa.eu/2181,http://eurovoc.europa.eu/4152,PARENT_CONCEPT_OF
http://eurovoc.europa.eu/2701,http://eurovoc.europa.eu/c_0f3b8370,PARENT_CONCEPT_OF
http://eurovoc.europa.eu/2701,http://eurovoc.europa.eu/3966,PARENT_CONCEPT_OF
http://eurovoc.europa.eu/3584,http://eurovoc.europa.eu/3577,PARENT_CONCEPT_OF
http://eurovoc.europa.eu/11,http://eurovoc.europa.eu/4130,PARENT_CONCEPT_OF
http://eurovoc.europa.eu/53,http://eurovoc.europa.eu/2072,PARENT_CONCEPT_OF
http://eurovoc.europa.eu/53,http://eurovoc.europa.eu/3040,PARENT_CONCEPT_OF
http://eurovoc.europa.eu/2246,http://eurovoc.europa.eu/1344,PARENT_CONCEPT_OF
http://eurovoc.europa.eu/2246,http://eurovoc.europa.eu/3049,PARENT_CONCEPT_OF
http://eurovoc.europa.eu/2481,http://eurovoc.europa.eu/2399,PARENT_CONCEPT_OF
http://eurovoc.europa.eu/2481,http://eurovoc.europa.eu/3304,PARENT_CONCEPT_OF
http://eurovoc.europa.eu/3929,http://eurovoc.europa.eu/2815,PARENT_CONCEPT_OF
http://eurovoc.europa.eu/1074,http://eurovoc.europa.eu/7210,PARENT_CONCEPT_OF
http://eurovoc.europa.eu/4299,http://eurovoc.europa.eu/3525,PARENT_CONCEPT_OF
http://eurovoc.europa.eu/2468,http://eurovoc.europa.eu/4700,PARENT_CONCEPT_OF
http://eurovoc.europa.eu/3522,http://eurovoc.europa.eu/1646,PARENT_CONCEPT_OF
http://eurovoc.europa.eu/2442,http://eurovoc.europa.eu/579,PARENT_CONCEPT_OF
http://eurovoc.europa.eu/2467,http://eurovoc.europa.eu/590,PARENT_CONCEPT_OF
http://eurovoc.europa.eu/2467,http://eurovoc.europa.eu/6763,PARENT_CONCEPT_OF
http://eurovoc.europa.eu/3683,http://eurovoc.europa.eu/676,PARENT_CONCEPT_OF
http://eurovoc.europa.eu/2187,http://eurovoc.europa.eu/4844,PARENT_CONCEPT_OF
http://eurovoc.europa.eu/2187,http://eurovoc.europa.eu/3718,PARENT_CONCEPT_OF
http://eurovoc.europa.eu/2187,http://eurovoc.europa.eu/5679,PARENT_CONCEPT_OF
http://eurovoc.europa.eu/2187,http://eurovoc.europa.eu/6091,PARENT_CONCEPT_OF
http://eurovoc.europa.eu/2187,http://eurovoc.europa.eu/450898,PARENT_CONCEPT_OF
http://eurovoc.europa.eu/2187,http://eurovoc.europa.eu/2183,PARENT_CONCEPT_OF
http://eurovoc.europa.eu/1360,http://eurovoc.europa.eu/1394,PARENT_CONCEPT_OF
http://eurovoc.europa.eu/1360,http://eurovoc.europa.eu/1374,PARENT_CONCEPT_OF
http://eurovoc.europa.eu/1360,http://eurovoc.europa.eu/1113,PARENT_CONCEPT_OF
http://eurovoc.europa.eu/2628,http://eurovoc.europa.eu/3437,PARENT_CONCEPT_OF
http://eurovoc.europa.eu/2628,http://eurovoc.europa.eu/4127,PARENT_CONCEPT_OF
http://eurovoc.europa.eu/2628,http://eurovoc.europa.eu/5321,PARENT_CONCEPT_OF
http://eurovoc.europa.eu/2647,http://eurovoc.europa.eu/3429,PARENT_CONCEPT_OF
http://eurovoc.europa.eu/427,http://eurovoc.europa.eu/310,PARENT_CONCEPT_OF
http://eurovoc.europa.eu/427,http://eurovoc.europa.eu/5148,PARENT_CONCEPT_OF
http://eurovoc.europa.eu/427,http://eurovoc.europa.eu/2933,PARENT_CONCEPT_OF
http://eurovoc.europa.eu/335,http://eurovoc.europa.eu/1041,PARENT_CONCEPT_OF
http://eurovoc.europa.eu/1820,http://eurovoc.europa.eu/7131,PARENT_CONCEPT_OF
http://eurovoc.europa.eu/5424,http://eurovoc.europa.eu/3804,PARENT_CONCEPT_OF
http://eurovoc.europa.eu/3544,http://eurovoc.europa.eu/2395,PARENT_CONCEPT_OF
http://eurovoc.europa.eu/3949,http://eurovoc.europa.eu/1896,PARENT_CONCEPT_OF
http://eurovoc.europa.eu/3949,http://eurovoc.europa.eu/5968,PARENT_CONCEPT_OF
http://eurovoc.europa.eu/3952,http://eurovoc.europa.eu/3931,PARENT_CONCEPT_OF
http://eurovoc.europa.eu/3952,http://eurovoc.europa.eu/1278,PARENT_CONCEPT_OF
http://eurovoc.europa.eu/3946,http://eurovoc.europa.eu/4110,PARENT_CONCEPT_OF
http://eurovoc.europa.eu/1414,http://eurovoc.europa.eu/6702,PARENT_CONCEPT_OF
http://eurovoc.europa.eu/1414,http://eurovoc.europa.eu/3764,PARENT_CONCEPT_OF
http://eurovoc.europa.eu/2494,http://eurovoc.europa.eu/1433,PARENT_CONCEPT_OF
http://eurovoc.europa.eu/3878,http://eurovoc.europa.eu/3958,PARENT_CONCEPT_OF
http://eurovoc.europa.eu/3878,http://eurovoc.europa.eu/5631,PARENT_CONCEPT_OF
http://eurovoc.europa.eu/3954,http://eurovoc.europa.eu/3955,PARENT_CONCEPT_OF
http://eurovoc.europa.eu/1432,http://eurovoc.europa.eu/245,PARENT_CONCEPT_OF
http://eurovoc.europa.eu/1909,http://eurovoc.europa.eu/1911,PARENT_CONCEPT_OF
http://eurovoc.europa.eu/1520,http://eurovoc.europa.eu/2379,PARENT_CONCEPT_OF
http://eurovoc.europa.eu/7868,http://eurovoc.europa.eu/7872,PARENT_CONCEPT_OF
http://eurovoc.europa.eu/1088,http://eurovoc.europa.eu/c_be8fda35,PARENT_CONCEPT_OF
http://eurovoc.europa.eu/2288,http://eurovoc.europa.eu/1101,PARENT_CONCEPT_OF
http://eurovoc.europa.eu/7816,http://eurovoc.europa.eu/7852,PARENT_CONCEPT_OF
http://eurovoc.europa.eu/7816,http://eurovoc.europa.eu/7853,PARENT_CONCEPT_OF
http://eurovoc.europa.eu/1329,http://eurovoc.europa.eu/3711,PARENT_CONCEPT_OF
http://eurovoc.europa.eu/7861,http://eurovoc.europa.eu/7866,PARENT_CONCEPT_OF
http://eurovoc.europa.eu/7861,http://eurovoc.europa.eu/7864,PARENT_CONCEPT_OF
http://eurovoc.europa.eu/c_6acbfd25,http://eurovoc.europa.eu/c_d4ca9a6c,PARENT_CONCEPT_OF
http://eurovoc.europa.eu/6136,http://eurovoc.europa.eu/6198,PARENT_CONCEPT_OF
http://eurovoc.europa.eu/6136,http://eurovoc.europa.eu/6200,PARENT_CONCEPT_OF
http://eurovoc.europa.eu/4750,http://eurovoc.europa.eu/360,PARENT_CONCEPT_OF
http://eurovoc.europa.eu/695,http://eurovoc.europa.eu/701,PARENT_CONCEPT_OF
http://eurovoc.europa.eu/4367,http://eurovoc.europa.eu/3044,PARENT_CONCEPT_OF
http://eurovoc.europa.eu/4222,http://eurovoc.europa.eu/6609,PARENT_CONCEPT_OF
http://eurovoc.europa.eu/3935,http://eurovoc.europa.eu/6729,PARENT_CONCEPT_OF
http://eurovoc.europa.eu/802,http://eurovoc.europa.eu/804,PARENT_CONCEPT_OF
http://eurovoc.europa.eu/802,http://eurovoc.europa.eu/805,PARENT_CONCEPT_OF
http://eurovoc.europa.eu/2474,http://eurovoc.europa.eu/435330,PARENT_CONCEPT_OF
http://eurovoc.europa.eu/3581,http://eurovoc.europa.eu/1979,PARENT_CONCEPT_OF
http://eurovoc.europa.eu/3151,http://eurovoc.europa.eu/3599,PARENT_CONCEPT_OF
http://eurovoc.europa.eu/3151,http://eurovoc.europa.eu/3630,PARENT_CONCEPT_OF
http://eurovoc.europa.eu/1400,http://eurovoc.europa.eu/3876,PARENT_CONCEPT_OF
http://eurovoc.europa.eu/2090,http://eurovoc.europa.eu/3188,PARENT_CONCEPT_OF
http://eurovoc.europa.eu/2524,http://eurovoc.europa.eu/3163,PARENT_CONCEPT_OF
http://eurovoc.europa.eu/371,http://eurovoc.europa.eu/339,PARENT_CONCEPT_OF
http://eurovoc.europa.eu/343,http://eurovoc.europa.eu/4141,PARENT_CONCEPT_OF
http://eurovoc.europa.eu/343,http://eurovoc.europa.eu/c_2b70515a,PARENT_CONCEPT_OF
http://eurovoc.europa.eu/2475,http://eurovoc.europa.eu/2806,PARENT_CONCEPT_OF
http://eurovoc.europa.eu/4619,http://eurovoc.europa.eu/3281,PARENT_CONCEPT_OF
http://eurovoc.europa.eu/4619,http://eurovoc.europa.eu/c_d59e7560,PARENT_CONCEPT_OF
http://eurovoc.europa.eu/1690,http://eurovoc.europa.eu/1692,PARENT_CONCEPT_OF
http://eurovoc.europa.eu/8380,http://eurovoc.europa.eu/1507,PARENT_CONCEPT_OF
http://eurovoc.europa.eu/2735,http://eurovoc.europa.eu/5232,PARENT_CONCEPT_OF
http://eurovoc.europa.eu/1154,http://eurovoc.europa.eu/1156,PARENT_CONCEPT_OF
http://eurovoc.europa.eu/1154,http://eurovoc.europa.eu/c_406ad4cc,PARENT_CONCEPT_OF
http://eurovoc.europa.eu/1164,http://eurovoc.europa.eu/4855,PARENT_CONCEPT_OF
http://eurovoc.europa.eu/99,http://eurovoc.europa.eu/1210,PARENT_CONCEPT_OF
http://eurovoc.europa.eu/99,http://eurovoc.europa.eu/1214,PARENT_CONCEPT_OF
http://eurovoc.europa.eu/3450,http://eurovoc.europa.eu/1930,PARENT_CONCEPT_OF
http://eurovoc.europa.eu/3476,http://eurovoc.europa.eu/4269,PARENT_CONCEPT_OF
http://eurovoc.europa.eu/4697,http://eurovoc.europa.eu/4696,PARENT_CONCEPT_OF
http://eurovoc.europa.eu/4697,http://eurovoc.europa.eu/1869,PARENT_CONCEPT_OF
http://eurovoc.europa.eu/2497,http://eurovoc.europa.eu/c_1138d9d2,PARENT_CONCEPT_OF
http://eurovoc.europa.eu/2497,http://eurovoc.europa.eu/2458,PARENT_CONCEPT_OF
http://eurovoc.europa.eu/2497,http://eurovoc.europa.eu/1463,PARENT_CONCEPT_OF
http://eurovoc.europa.eu/2402,http://eurovoc.europa.eu/2408,PARENT_CONCEPT_OF
http://eurovoc.europa.eu/2402,http://eurovoc.europa.eu/2393,PARENT_CONCEPT_OF
http://eurovoc.europa.eu/3300,http://eurovoc.europa.eu/3460,PARENT_CONCEPT_OF
http://eurovoc.europa.eu/385,http://eurovoc.europa.eu/1773,PARENT_CONCEPT_OF
http://eurovoc.europa.eu/6332,http://eurovoc.europa.eu/665,PARENT_CONCEPT_OF
http://eurovoc.europa.eu/2505,http://eurovoc.europa.eu/2995,PARENT_CONCEPT_OF
http://eurovoc.europa.eu/1426,http://eurovoc.europa.eu/6262,PARENT_CONCEPT_OF
http://eurovoc.europa.eu/1426,http://eurovoc.europa.eu/5333,PARENT_CONCEPT_OF
http://eurovoc.europa.eu/4488,http://eurovoc.europa.eu/c_bf1e2c81,PARENT_CONCEPT_OF
http://eurovoc.europa.eu/4488,http://eurovoc.europa.eu/4821,PARENT_CONCEPT_OF
http://eurovoc.europa.eu/4488,http://eurovoc.europa.eu/c_71f767f4,PARENT_CONCEPT_OF
http://eurovoc.europa.eu/1411,http://eurovoc.europa.eu/2821,PARENT_CONCEPT_OF
http://eurovoc.europa.eu/3209,http://eurovoc.europa.eu/5402,PARENT_CONCEPT_OF
http://eurovoc.europa.eu/540,http://eurovoc.europa.eu/3316,PARENT_CONCEPT_OF
http://eurovoc.europa.eu/540,http://eurovoc.europa.eu/3312,PARENT_CONCEPT_OF
http://eurovoc.europa.eu/914,http://eurovoc.europa.eu/1255,PARENT_CONCEPT_OF
http://eurovoc.europa.eu/914,http://eurovoc.europa.eu/5746,PARENT_CONCEPT_OF
http://eurovoc.europa.eu/913,http://eurovoc.europa.eu/1649,PARENT_CONCEPT_OF
http://eurovoc.europa.eu/912,http://eurovoc.europa.eu/5989,PARENT_CONCEPT_OF
http://eurovoc.europa.eu/912,http://eurovoc.europa.eu/4649,PARENT_CONCEPT_OF
http://eurovoc.europa.eu/912,http://eurovoc.europa.eu/1168,PARENT_CONCEPT_OF
http://eurovoc.europa.eu/911,http://eurovoc.europa.eu/336,PARENT_CONCEPT_OF
http://eurovoc.europa.eu/2519,http://eurovoc.europa.eu/1091,PARENT_CONCEPT_OF
http://eurovoc.europa.eu/2519,http://eurovoc.europa.eu/4600,PARENT_CONCEPT_OF
http://eurovoc.europa.eu/2519,http://eurovoc.europa.eu/932,PARENT_CONCEPT_OF
http://eurovoc.europa.eu/2258,http://eurovoc.europa.eu/7378,PARENT_CONCEPT_OF
http://eurovoc.europa.eu/5576,http://eurovoc.europa.eu/400,PARENT_CONCEPT_OF
http://eurovoc.europa.eu/1155,http://eurovoc.europa.eu/5092,PARENT_CONCEPT_OF
http://eurovoc.europa.eu/1000,http://eurovoc.europa.eu/1002,PARENT_CONCEPT_OF
http://eurovoc.europa.eu/1845,http://eurovoc.europa.eu/1413,PARENT_CONCEPT_OF
http://eurovoc.europa.eu/1834,http://eurovoc.europa.eu/2378,PARENT_CONCEPT_OF
http://eurovoc.europa.eu/1834,http://eurovoc.europa.eu/3759,PARENT_CONCEPT_OF
http://eurovoc.europa.eu/1410,http://eurovoc.europa.eu/1361,PARENT_CONCEPT_OF
http://eurovoc.europa.eu/1718,http://eurovoc.europa.eu/1994,PARENT_CONCEPT_OF
http://eurovoc.europa.eu/833,http://eurovoc.europa.eu/5741,PARENT_CONCEPT_OF
http://eurovoc.europa.eu/3150,http://eurovoc.europa.eu/972,PARENT_CONCEPT_OF
http://eurovoc.europa.eu/2789,http://eurovoc.europa.eu/5785,PARENT_CONCEPT_OF
http://eurovoc.europa.eu/2479,http://eurovoc.europa.eu/5764,PARENT_CONCEPT_OF
http://eurovoc.europa.eu/2479,http://eurovoc.europa.eu/c_c4afa011,PARENT_CONCEPT_OF
http://eurovoc.europa.eu/2479,http://eurovoc.europa.eu/c_ff1a6c36,PARENT_CONCEPT_OF
http://eurovoc.europa.eu/1754,http://eurovoc.europa.eu/1756,PARENT_CONCEPT_OF
http://eurovoc.europa.eu/1086,http://eurovoc.europa.eu/1822,PARENT_CONCEPT_OF
http://eurovoc.europa.eu/3778,http://eurovoc.europa.eu/3402,PARENT_CONCEPT_OF
http://eurovoc.europa.eu/3489,http://eurovoc.europa.eu/6920,PARENT_CONCEPT_OF
http://eurovoc.europa.eu/3489,http://eurovoc.europa.eu/223,PARENT_CONCEPT_OF
http://eurovoc.europa.eu/3489,http://eurovoc.europa.eu/5546,PARENT_CONCEPT_OF
http://eurovoc.europa.eu/3489,http://eurovoc.europa.eu/210,PARENT_CONCEPT_OF
http://eurovoc.europa.eu/538,http://eurovoc.europa.eu/3906,PARENT_CONCEPT_OF
http://eurovoc.europa.eu/77,http://eurovoc.europa.eu/7934,PARENT_CONCEPT_OF
http://eurovoc.europa.eu/2723,http://eurovoc.europa.eu/2131,PARENT_CONCEPT_OF
http://eurovoc.europa.eu/2723,http://eurovoc.europa.eu/329,PARENT_CONCEPT_OF
http://eurovoc.europa.eu/2723,http://eurovoc.europa.eu/2396,PARENT_CONCEPT_OF
http://eurovoc.europa.eu/711,http://eurovoc.europa.eu/3408,PARENT_CONCEPT_OF
http://eurovoc.europa.eu/711,http://eurovoc.europa.eu/713,PARENT_CONCEPT_OF
http://eurovoc.europa.eu/1422,http://eurovoc.europa.eu/4220,PARENT_CONCEPT_OF
http://eurovoc.europa.eu/2472,http://eurovoc.europa.eu/1367,PARENT_CONCEPT_OF
http://eurovoc.europa.eu/2472,http://eurovoc.europa.eu/5181,PARENT_CONCEPT_OF
http://eurovoc.europa.eu/2491,http://eurovoc.europa.eu/3849,PARENT_CONCEPT_OF
http://eurovoc.europa.eu/2639,http://eurovoc.europa.eu/2657,PARENT_CONCEPT_OF
http://eurovoc.europa.eu/1786,http://eurovoc.europa.eu/1807,PARENT_CONCEPT_OF
http://eurovoc.europa.eu/1282,http://eurovoc.europa.eu/1614,PARENT_CONCEPT_OF
http://eurovoc.europa.eu/2573,http://eurovoc.europa.eu/2580,PARENT_CONCEPT_OF
http://eurovoc.europa.eu/3025,http://eurovoc.europa.eu/1174,PARENT_CONCEPT_OF
http://eurovoc.europa.eu/3025,http://eurovoc.europa.eu/2263,PARENT_CONCEPT_OF
http://eurovoc.europa.eu/5442,http://eurovoc.europa.eu/4183,PARENT_CONCEPT_OF
http://eurovoc.europa.eu/5442,http://eurovoc.europa.eu/5629,PARENT_CONCEPT_OF
http://eurovoc.europa.eu/26,http://eurovoc.europa.eu/5344,PARENT_CONCEPT_OF
http://eurovoc.europa.eu/56,http://eurovoc.europa.eu/3333,PARENT_CONCEPT_OF
http://eurovoc.europa.eu/3820,http://eurovoc.europa.eu/3828,PARENT_CONCEPT_OF
http://eurovoc.europa.eu/434743,http://eurovoc.europa.eu/434056,PARENT_CONCEPT_OF
http://eurovoc.europa.eu/2470,http://eurovoc.europa.eu/5794,PARENT_CONCEPT_OF
http://eurovoc.europa.eu/2470,http://eurovoc.europa.eu/535,PARENT_CONCEPT_OF
http://eurovoc.europa.eu/2825,http://eurovoc.europa.eu/2827,PARENT_CONCEPT_OF
http://eurovoc.europa.eu/1004,http://eurovoc.europa.eu/c_16e35fe6,PARENT_CONCEPT_OF
http://eurovoc.europa.eu/1004,http://eurovoc.europa.eu/4143,PARENT_CONCEPT_OF
http://eurovoc.europa.eu/2200,http://eurovoc.europa.eu/4320,PARENT_CONCEPT_OF
http://eurovoc.europa.eu/2200,http://eurovoc.europa.eu/2543,PARENT_CONCEPT_OF
http://eurovoc.europa.eu/122,http://eurovoc.europa.eu/2563,PARENT_CONCEPT_OF
http://eurovoc.europa.eu/1658,http://eurovoc.europa.eu/484,PARENT_CONCEPT_OF
http://eurovoc.europa.eu/130,http://eurovoc.europa.eu/1294,PARENT_CONCEPT_OF
http://eurovoc.europa.eu/2119,http://eurovoc.europa.eu/5040,PARENT_CONCEPT_OF
http://eurovoc.europa.eu/2119,http://eurovoc.europa.eu/1208,PARENT_CONCEPT_OF
http://eurovoc.europa.eu/813,http://eurovoc.europa.eu/828,PARENT_CONCEPT_OF
http://eurovoc.europa.eu/445,http://eurovoc.europa.eu/1178,PARENT_CONCEPT_OF
http://eurovoc.europa.eu/3461,http://eurovoc.europa.eu/5420,PARENT_CONCEPT_OF
http://eurovoc.europa.eu/1346,http://eurovoc.europa.eu/1345,PARENT_CONCEPT_OF
http://eurovoc.europa.eu/1346,http://eurovoc.europa.eu/5121,PARENT_CONCEPT_OF
http://eurovoc.europa.eu/3474,http://eurovoc.europa.eu/3219,PARENT_CONCEPT_OF
http://eurovoc.europa.eu/565,http://eurovoc.europa.eu/5796,PARENT_CONCEPT_OF
http://eurovoc.europa.eu/567,http://eurovoc.europa.eu/1633,PARENT_CONCEPT_OF
http://eurovoc.europa.eu/87,http://eurovoc.europa.eu/720,PARENT_CONCEPT_OF
http://eurovoc.europa.eu/2001,http://eurovoc.europa.eu/2007,PARENT_CONCEPT_OF
http://eurovoc.europa.eu/2001,http://eurovoc.europa.eu/1751,PARENT_CONCEPT_OF
http://eurovoc.europa.eu/2001,http://eurovoc.europa.eu/7373,PARENT_CONCEPT_OF
http://eurovoc.europa.eu/2001,http://eurovoc.europa.eu/2011,PARENT_CONCEPT_OF
http://eurovoc.europa.eu/4045,http://eurovoc.europa.eu/c_57f3c49f,PARENT_CONCEPT_OF
http://eurovoc.europa.eu/4045,http://eurovoc.europa.eu/c_af502da0,PARENT_CONCEPT_OF
http://eurovoc.europa.eu/1370,http://eurovoc.europa.eu/667,PARENT_CONCEPT_OF
http://eurovoc.europa.eu/2473,http://eurovoc.europa.eu/175,PARENT_CONCEPT_OF
http://eurovoc.europa.eu/3855,http://eurovoc.europa.eu/2185,PARENT_CONCEPT_OF
http://eurovoc.europa.eu/4361,http://eurovoc.europa.eu/6088,PARENT_CONCEPT_OF
http://eurovoc.europa.eu/2914,http://eurovoc.europa.eu/3672,PARENT_CONCEPT_OF
http://eurovoc.europa.eu/2184,http://eurovoc.europa.eu/592,PARENT_CONCEPT_OF
http://eurovoc.europa.eu/2184,http://eurovoc.europa.eu/4550,PARENT_CONCEPT_OF
http://eurovoc.europa.eu/1326,http://eurovoc.europa.eu/4406,PARENT_CONCEPT_OF
http://eurovoc.europa.eu/2504,http://eurovoc.europa.eu/6343,PARENT_CONCEPT_OF
http://eurovoc.europa.eu/1388,http://eurovoc.europa.eu/3887,PARENT_CONCEPT_OF
http://eurovoc.europa.eu/2814,http://eurovoc.europa.eu/1947,PARENT_CONCEPT_OF
http://eurovoc.europa.eu/4358,http://eurovoc.europa.eu/2983,PARENT_CONCEPT_OF
http://eurovoc.europa.eu/4213,http://eurovoc.europa.eu/623,PARENT_CONCEPT_OF
http://eurovoc.europa.eu/4886,http://eurovoc.europa.eu/4629,PARENT_CONCEPT_OF
http://eurovoc.europa.eu/5127,http://eurovoc.europa.eu/c_609c221b,PARENT_CONCEPT_OF
http://eurovoc.europa.eu/5127,http://eurovoc.europa.eu/2618,PARENT_CONCEPT_OF
http://eurovoc.europa.eu/255,http://eurovoc.europa.eu/439498,PARENT_CONCEPT_OF
http://eurovoc.europa.eu/4195,http://eurovoc.europa.eu/c_dcc650ef,PARENT_CONCEPT_OF
http://eurovoc.europa.eu/2502,http://eurovoc.europa.eu/91023,PARENT_CONCEPT_OF
http://eurovoc.europa.eu/2350,http://eurovoc.europa.eu/2349,PARENT_CONCEPT_OF
http://eurovoc.europa.eu/2278,http://eurovoc.europa.eu/c_5214cfc9,PARENT_CONCEPT_OF
http://eurovoc.europa.eu/2278,http://eurovoc.europa.eu/4100,PARENT_CONCEPT_OF
http://eurovoc.europa.eu/3200,http://eurovoc.europa.eu/5297,PARENT_CONCEPT_OF
http://eurovoc.europa.eu/726,http://eurovoc.europa.eu/4154,PARENT_CONCEPT_OF
http://eurovoc.europa.eu/4681,http://eurovoc.europa.eu/2954,PARENT_CONCEPT_OF
http://eurovoc.europa.eu/c_5a7a0d82,http://eurovoc.europa.eu/23344,PARENT_CONCEPT_OF
http://eurovoc.europa.eu/4420,http://eurovoc.europa.eu/2382,PARENT_CONCEPT_OF
http://eurovoc.europa.eu/4514,http://eurovoc.europa.eu/2234,PARENT_CONCEPT_OF
http://eurovoc.europa.eu/2124,http://eurovoc.europa.eu/3989,PARENT_CONCEPT_OF
http://eurovoc.europa.eu/47,http://eurovoc.europa.eu/1226,PARENT_CONCEPT_OF
http://eurovoc.europa.eu/3984,http://eurovoc.europa.eu/1242,PARENT_CONCEPT_OF
http://eurovoc.europa.eu/2891,http://eurovoc.europa.eu/2894,PARENT_CONCEPT_OF
http://eurovoc.europa.eu/2891,http://eurovoc.europa.eu/c_9a9e5627,PARENT_CONCEPT_OF
http://eurovoc.europa.eu/5042,http://eurovoc.europa.eu/5043,PARENT_CONCEPT_OF
http://eurovoc.europa.eu/7219,http://eurovoc.europa.eu/c_d6e5f3ab,PARENT_CONCEPT_OF
http://eurovoc.europa.eu/2076,http://eurovoc.europa.eu/2077,PARENT_CONCEPT_OF
http://eurovoc.europa.eu/2076,http://eurovoc.europa.eu/1252,PARENT_CONCEPT_OF
http://eurovoc.europa.eu/2871,http://eurovoc.europa.eu/5573,PARENT_CONCEPT_OF
http://eurovoc.europa.eu/2516,http://eurovoc.europa.eu/5472,PARENT_CONCEPT_OF
http://eurovoc.europa.eu/4074,http://eurovoc.europa.eu/4076,PARENT_CONCEPT_OF
http://eurovoc.europa.eu/114,http://eurovoc.europa.eu/447604,PARENT_CONCEPT_OF
http://eurovoc.europa.eu/6049,http://eurovoc.europa.eu/6056,PARENT_CONCEPT_OF
http://eurovoc.europa.eu/3334,http://eurovoc.europa.eu/3336,PARENT_CONCEPT_OF
http://eurovoc.europa.eu/4470,http://eurovoc.europa.eu/6554,PARENT_CONCEPT_OF
http://eurovoc.europa.eu/4470,http://eurovoc.europa.eu/3705,PARENT_CONCEPT_OF
http://eurovoc.europa.eu/4245,http://eurovoc.europa.eu/c_d6ede0c7,PARENT_CONCEPT_OF
http://eurovoc.europa.eu/374,http://eurovoc.europa.eu/6743,PARENT_CONCEPT_OF
http://eurovoc.europa.eu/1727,http://eurovoc.europa.eu/1532,PARENT_CONCEPT_OF
http://eurovoc.europa.eu/5777,http://eurovoc.europa.eu/726,PARENT_CONCEPT_OF
http://eurovoc.europa.eu/1862,http://eurovoc.europa.eu/4648,PARENT_CONCEPT_OF
http://eurovoc.europa.eu/4994,http://eurovoc.europa.eu/5000,PARENT_CONCEPT_OF
http://eurovoc.europa.eu/2729,http://eurovoc.europa.eu/1772,PARENT_CONCEPT_OF
http://eurovoc.europa.eu/2729,http://eurovoc.europa.eu/2274,PARENT_CONCEPT_OF
http://eurovoc.europa.eu/3097,http://eurovoc.europa.eu/254,PARENT_CONCEPT_OF
http://eurovoc.europa.eu/3974,http://eurovoc.europa.eu/c_22f337dc,PARENT_CONCEPT_OF
http://eurovoc.europa.eu/3974,http://eurovoc.europa.eu/c_db470d2e,PARENT_CONCEPT_OF
http://eurovoc.europa.eu/3966,http://eurovoc.europa.eu/4434,PARENT_CONCEPT_OF
http://eurovoc.europa.eu/5415,http://eurovoc.europa.eu/5417,PARENT_CONCEPT_OF
http://eurovoc.europa.eu/1624,http://eurovoc.europa.eu/2525,PARENT_CONCEPT_OF
http://eurovoc.europa.eu/4828,http://eurovoc.europa.eu/4290,PARENT_CONCEPT_OF
http://eurovoc.europa.eu/5379,http://eurovoc.europa.eu/1976,PARENT_CONCEPT_OF
http://eurovoc.europa.eu/18,http://eurovoc.europa.eu/21,PARENT_CONCEPT_OF
http://eurovoc.europa.eu/2177,http://eurovoc.europa.eu/2714,PARENT_CONCEPT_OF
http://eurovoc.europa.eu/5123,http://eurovoc.europa.eu/4346,PARENT_CONCEPT_OF
http://eurovoc.europa.eu/2721,http://eurovoc.europa.eu/4287,PARENT_CONCEPT_OF
http://eurovoc.europa.eu/4274,http://eurovoc.europa.eu/3939,PARENT_CONCEPT_OF
http://eurovoc.europa.eu/3497,http://eurovoc.europa.eu/497,PARENT_CONCEPT_OF
http://eurovoc.europa.eu/284,http://eurovoc.europa.eu/3524,PARENT_CONCEPT_OF
http://eurovoc.europa.eu/2451,http://eurovoc.europa.eu/66711,PARENT_CONCEPT_OF
http://eurovoc.europa.eu/2451,http://eurovoc.europa.eu/c_fb3022d5,PARENT_CONCEPT_OF
http://eurovoc.europa.eu/6091,http://eurovoc.europa.eu/6095,PARENT_CONCEPT_OF
http://eurovoc.europa.eu/3437,http://eurovoc.europa.eu/4140,PARENT_CONCEPT_OF
http://eurovoc.europa.eu/4127,http://eurovoc.europa.eu/3445,PARENT_CONCEPT_OF
http://eurovoc.europa.eu/1944,http://eurovoc.europa.eu/3425,PARENT_CONCEPT_OF
http://eurovoc.europa.eu/6002,http://eurovoc.europa.eu/5999,PARENT_CONCEPT_OF
http://eurovoc.europa.eu/3486,http://eurovoc.europa.eu/5690,PARENT_CONCEPT_OF
http://eurovoc.europa.eu/351,http://eurovoc.europa.eu/4092,PARENT_CONCEPT_OF
http://eurovoc.europa.eu/351,http://eurovoc.europa.eu/1617,PARENT_CONCEPT_OF
http://eurovoc.europa.eu/351,http://eurovoc.europa.eu/5108,PARENT_CONCEPT_OF
http://eurovoc.europa.eu/1969,http://eurovoc.europa.eu/1975,PARENT_CONCEPT_OF
http://eurovoc.europa.eu/5228,http://eurovoc.europa.eu/997,PARENT_CONCEPT_OF
http://eurovoc.europa.eu/2366,http://eurovoc.europa.eu/3779,PARENT_CONCEPT_OF
http://eurovoc.europa.eu/575,http://eurovoc.europa.eu/953,PARENT_CONCEPT_OF
http://eurovoc.europa.eu/3944,http://eurovoc.europa.eu/2383,PARENT_CONCEPT_OF
http://eurovoc.europa.eu/c_8331ae25,http://eurovoc.europa.eu/4824,PARENT_CONCEPT_OF
http://eurovoc.europa.eu/c_791e9f27,http://eurovoc.europa.eu/1904,PARENT_CONCEPT_OF
http://eurovoc.europa.eu/8491,http://eurovoc.europa.eu/8502,PARENT_CONCEPT_OF
http://eurovoc.europa.eu/8332,http://eurovoc.europa.eu/8336,PARENT_CONCEPT_OF
http://eurovoc.europa.eu/8317,http://eurovoc.europa.eu/8322,PARENT_CONCEPT_OF
http://eurovoc.europa.eu/8311,http://eurovoc.europa.eu/8316,PARENT_CONCEPT_OF
http://eurovoc.europa.eu/c_d4ca9a6c,http://eurovoc.europa.eu/c_ec0f4970,PARENT_CONCEPT_OF
http://eurovoc.europa.eu/3084,http://eurovoc.europa.eu/1227,PARENT_CONCEPT_OF
http://eurovoc.europa.eu/3084,http://eurovoc.europa.eu/1713,PARENT_CONCEPT_OF
http://eurovoc.europa.eu/5517,http://eurovoc.europa.eu/5514,PARENT_CONCEPT_OF
http://eurovoc.europa.eu/5517,http://eurovoc.europa.eu/5515,PARENT_CONCEPT_OF
http://eurovoc.europa.eu/4643,http://eurovoc.europa.eu/4440,PARENT_CONCEPT_OF
http://eurovoc.europa.eu/3981,http://eurovoc.europa.eu/3975,PARENT_CONCEPT_OF
http://eurovoc.europa.eu/806,http://eurovoc.europa.eu/1662,PARENT_CONCEPT_OF
http://eurovoc.europa.eu/3145,http://eurovoc.europa.eu/931,PARENT_CONCEPT_OF
http://eurovoc.europa.eu/4709,http://eurovoc.europa.eu/4809,PARENT_CONCEPT_OF
http://eurovoc.europa.eu/4002,http://eurovoc.europa.eu/8387,PARENT_CONCEPT_OF
http://eurovoc.europa.eu/896,http://eurovoc.europa.eu/2728,PARENT_CONCEPT_OF
http://eurovoc.europa.eu/411,http://eurovoc.europa.eu/2949,PARENT_CONCEPT_OF
http://eurovoc.europa.eu/411,http://eurovoc.europa.eu/3454,PARENT_CONCEPT_OF
http://eurovoc.europa.eu/3337,http://eurovoc.europa.eu/5280,PARENT_CONCEPT_OF
http://eurovoc.europa.eu/1460,http://eurovoc.europa.eu/2609,PARENT_CONCEPT_OF
http://eurovoc.europa.eu/1677,http://eurovoc.europa.eu/300,PARENT_CONCEPT_OF
http://eurovoc.europa.eu/2404,http://eurovoc.europa.eu/2415,PARENT_CONCEPT_OF
http://eurovoc.europa.eu/1696,http://eurovoc.europa.eu/5920,PARENT_CONCEPT_OF
http://eurovoc.europa.eu/1935,http://eurovoc.europa.eu/3758,PARENT_CONCEPT_OF
http://eurovoc.europa.eu/5587,http://eurovoc.europa.eu/5588,PARENT_CONCEPT_OF
http://eurovoc.europa.eu/2239,http://eurovoc.europa.eu/2197,PARENT_CONCEPT_OF
http://eurovoc.europa.eu/1818,http://eurovoc.europa.eu/6625,PARENT_CONCEPT_OF
http://eurovoc.europa.eu/7208,http://eurovoc.europa.eu/5652,PARENT_CONCEPT_OF
http://eurovoc.europa.eu/5844,http://eurovoc.europa.eu/4126,PARENT_CONCEPT_OF
http://eurovoc.europa.eu/5844,http://eurovoc.europa.eu/5856,PARENT_CONCEPT_OF
http://eurovoc.europa.eu/5787,http://eurovoc.europa.eu/5419,PARENT_CONCEPT_OF
http://eurovoc.europa.eu/2216,http://eurovoc.europa.eu/2217,PARENT_CONCEPT_OF
http://eurovoc.europa.eu/664,http://eurovoc.europa.eu/c_9055e9e1,PARENT_CONCEPT_OF
http://eurovoc.europa.eu/1870,http://eurovoc.europa.eu/5737,PARENT_CONCEPT_OF
http://eurovoc.europa.eu/3414,http://eurovoc.europa.eu/2503,PARENT_CONCEPT_OF
http://eurovoc.europa.eu/3813,http://eurovoc.europa.eu/5733,PARENT_CONCEPT_OF
http://eurovoc.europa.eu/2790,http://eurovoc.europa.eu/3596,PARENT_CONCEPT_OF
http://eurovoc.europa.eu/1852,http://eurovoc.europa.eu/5305,PARENT_CONCEPT_OF
http://eurovoc.europa.eu/5019,http://eurovoc.europa.eu/1553,PARENT_CONCEPT_OF
http://eurovoc.europa.eu/1200,http://eurovoc.europa.eu/5658,PARENT_CONCEPT_OF
http://eurovoc.europa.eu/3817,http://eurovoc.europa.eu/5055,PARENT_CONCEPT_OF
http://eurovoc.europa.eu/3808,http://eurovoc.europa.eu/3818,PARENT_CONCEPT_OF
http://eurovoc.europa.eu/3808,http://eurovoc.europa.eu/1383,PARENT_CONCEPT_OF
http://eurovoc.europa.eu/3913,http://eurovoc.europa.eu/c_b19d7503,PARENT_CONCEPT_OF
http://eurovoc.europa.eu/3902,http://eurovoc.europa.eu/6077,PARENT_CONCEPT_OF
http://eurovoc.europa.eu/5,http://eurovoc.europa.eu/1090,PARENT_CONCEPT_OF
http://eurovoc.europa.eu/4663,http://eurovoc.europa.eu/4669,PARENT_CONCEPT_OF
http://eurovoc.europa.eu/5657,http://eurovoc.europa.eu/5918,PARENT_CONCEPT_OF
http://eurovoc.europa.eu/5217,http://eurovoc.europa.eu/5995,PARENT_CONCEPT_OF
http://eurovoc.europa.eu/1025,http://eurovoc.europa.eu/4818,PARENT_CONCEPT_OF
http://eurovoc.europa.eu/720,http://eurovoc.europa.eu/2746,PARENT_CONCEPT_OF
http://eurovoc.europa.eu/4337,http://eurovoc.europa.eu/4339,PARENT_CONCEPT_OF
http://eurovoc.europa.eu/3123,http://eurovoc.europa.eu/3169,PARENT_CONCEPT_OF
http://eurovoc.europa.eu/6222,http://eurovoc.europa.eu/5761,PARENT_CONCEPT_OF
http://eurovoc.europa.eu/5344,http://eurovoc.europa.eu/4024,PARENT_CONCEPT_OF
http://eurovoc.europa.eu/5344,http://eurovoc.europa.eu/3106,PARENT_CONCEPT_OF
http://eurovoc.europa.eu/1474,http://eurovoc.europa.eu/4048,PARENT_CONCEPT_OF
http://eurovoc.europa.eu/1885,http://eurovoc.europa.eu/3836,PARENT_CONCEPT_OF
http://eurovoc.europa.eu/1885,http://eurovoc.europa.eu/316,PARENT_CONCEPT_OF
http://eurovoc.europa.eu/1885,http://eurovoc.europa.eu/1779,PARENT_CONCEPT_OF
http://eurovoc.europa.eu/1883,http://eurovoc.europa.eu/981,PARENT_CONCEPT_OF
http://eurovoc.europa.eu/177,http://eurovoc.europa.eu/2060,PARENT_CONCEPT_OF
http://eurovoc.europa.eu/535,http://eurovoc.europa.eu/6401,PARENT_CONCEPT_OF
http://eurovoc.europa.eu/2826,http://eurovoc.europa.eu/3128,PARENT_CONCEPT_OF
http://eurovoc.europa.eu/3144,http://eurovoc.europa.eu/4485,PARENT_CONCEPT_OF
http://eurovoc.europa.eu/597,http://eurovoc.europa.eu/608,PARENT_CONCEPT_OF
http://eurovoc.europa.eu/2605,http://eurovoc.europa.eu/3412,PARENT_CONCEPT_OF
http://eurovoc.europa.eu/2758,http://eurovoc.europa.eu/2780,PARENT_CONCEPT_OF
http://eurovoc.europa.eu/2034,http://eurovoc.europa.eu/505,PARENT_CONCEPT_OF
http://eurovoc.europa.eu/3521,http://eurovoc.europa.eu/3526,PARENT_CONCEPT_OF
http://eurovoc.europa.eu/2862,http://eurovoc.europa.eu/1305,PARENT_CONCEPT_OF
http://eurovoc.europa.eu/309,http://eurovoc.europa.eu/379,PARENT_CONCEPT_OF
http://eurovoc.europa.eu/4730,http://eurovoc.europa.eu/4467,PARENT_CONCEPT_OF
http://eurovoc.europa.eu/4730,http://eurovoc.europa.eu/1211,PARENT_CONCEPT_OF
http://eurovoc.europa.eu/4730,http://eurovoc.europa.eu/4452,PARENT_CONCEPT_OF
http://eurovoc.europa.eu/2162,http://eurovoc.europa.eu/2440,PARENT_CONCEPT_OF
http://eurovoc.europa.eu/3873,http://eurovoc.europa.eu/3867,PARENT_CONCEPT_OF
http://eurovoc.europa.eu/3869,http://eurovoc.europa.eu/4331,PARENT_CONCEPT_OF
http://eurovoc.europa.eu/3869,http://eurovoc.europa.eu/3872,PARENT_CONCEPT_OF
http://eurovoc.europa.eu/4424,http://eurovoc.europa.eu/5180,PARENT_CONCEPT_OF
http://eurovoc.europa.eu/2013,http://eurovoc.europa.eu/4432,PARENT_CONCEPT_OF
http://eurovoc.europa.eu/2013,http://eurovoc.europa.eu/3014,PARENT_CONCEPT_OF
http://eurovoc.europa.eu/3656,http://eurovoc.europa.eu/304,PARENT_CONCEPT_OF
http://eurovoc.europa.eu/4039,http://eurovoc.europa.eu/1334,PARENT_CONCEPT_OF
http://eurovoc.europa.eu/2783,http://eurovoc.europa.eu/3892,PARENT_CONCEPT_OF
http://eurovoc.europa.eu/4784,http://eurovoc.europa.eu/230,PARENT_CONCEPT_OF
http://eurovoc.europa.eu/5262,http://eurovoc.europa.eu/3776,PARENT_CONCEPT_OF
http://eurovoc.europa.eu/3780,http://eurovoc.europa.eu/2290,PARENT_CONCEPT_OF
http://eurovoc.europa.eu/4048,http://eurovoc.europa.eu/8285,PARENT_CONCEPT_OF
http://eurovoc.europa.eu/1697,http://eurovoc.europa.eu/7366,PARENT_CONCEPT_OF
http://eurovoc.europa.eu/1697,http://eurovoc.europa.eu/2236,PARENT_CONCEPT_OF
http://eurovoc.europa.eu/1252,http://eurovoc.europa.eu/5481,PARENT_CONCEPT_OF
http://eurovoc.europa.eu/4713,http://eurovoc.europa.eu/4720,PARENT_CONCEPT_OF
http://eurovoc.europa.eu/6709,http://eurovoc.europa.eu/7954,PARENT_CONCEPT_OF
http://eurovoc.europa.eu/5488,http://eurovoc.europa.eu/7959,PARENT_CONCEPT_OF
http://eurovoc.europa.eu/c_e2de1ffd,http://eurovoc.europa.eu/c_34242feb,PARENT_CONCEPT_OF
http://eurovoc.europa.eu/1580,http://eurovoc.europa.eu/5700,PARENT_CONCEPT_OF
http://eurovoc.europa.eu/1580,http://eurovoc.europa.eu/5702,PARENT_CONCEPT_OF
http://eurovoc.europa.eu/5686,http://eurovoc.europa.eu/5685,PARENT_CONCEPT_OF
http://eurovoc.europa.eu/5855,http://eurovoc.europa.eu/5853,PARENT_CONCEPT_OF
http://eurovoc.europa.eu/1052,http://eurovoc.europa.eu/c_d08207d1,PARENT_CONCEPT_OF
http://eurovoc.europa.eu/2206,http://eurovoc.europa.eu/8452,PARENT_CONCEPT_OF
http://eurovoc.europa.eu/3455,http://eurovoc.europa.eu/4794,PARENT_CONCEPT_OF
http://eurovoc.europa.eu/941,http://eurovoc.europa.eu/940,PARENT_CONCEPT_OF
http://eurovoc.europa.eu/941,http://eurovoc.europa.eu/4335,PARENT_CONCEPT_OF
http://eurovoc.europa.eu/5572,http://eurovoc.europa.eu/5659,PARENT_CONCEPT_OF
http://eurovoc.europa.eu/2522,http://eurovoc.europa.eu/5798,PARENT_CONCEPT_OF
http://eurovoc.europa.eu/4502,http://eurovoc.europa.eu/c_25fe24f4,PARENT_CONCEPT_OF
http://eurovoc.europa.eu/4502,http://eurovoc.europa.eu/5182,PARENT_CONCEPT_OF
http://eurovoc.europa.eu/3199,http://eurovoc.europa.eu/1733,PARENT_CONCEPT_OF
http://eurovoc.europa.eu/4435,http://eurovoc.europa.eu/106,PARENT_CONCEPT_OF
http://eurovoc.europa.eu/4435,http://eurovoc.europa.eu/3354,PARENT_CONCEPT_OF
http://eurovoc.europa.eu/2358,http://eurovoc.europa.eu/6756,PARENT_CONCEPT_OF
http://eurovoc.europa.eu/6770,http://eurovoc.europa.eu/c_108551b1,PARENT_CONCEPT_OF
http://eurovoc.europa.eu/c_324b44f1,http://eurovoc.europa.eu/6907,PARENT_CONCEPT_OF
http://eurovoc.europa.eu/2867,http://eurovoc.europa.eu/5597,PARENT_CONCEPT_OF
http://eurovoc.europa.eu/1775,http://eurovoc.europa.eu/8303,PARENT_CONCEPT_OF
http://eurovoc.europa.eu/1800,http://eurovoc.europa.eu/1352,PARENT_CONCEPT_OF
http://eurovoc.europa.eu/4256,http://eurovoc.europa.eu/4265,PARENT_CONCEPT_OF
http://eurovoc.europa.eu/4705,http://eurovoc.europa.eu/3216,PARENT_CONCEPT_OF
http://eurovoc.europa.eu/2188,http://eurovoc.europa.eu/34565,PARENT_CONCEPT_OF
http://eurovoc.europa.eu/2188,http://eurovoc.europa.eu/5656,PARENT_CONCEPT_OF
http://eurovoc.europa.eu/2188,http://eurovoc.europa.eu/5688,PARENT_CONCEPT_OF
http://eurovoc.europa.eu/2188,http://eurovoc.europa.eu/119,PARENT_CONCEPT_OF
http://eurovoc.europa.eu/4017,http://eurovoc.europa.eu/5127,PARENT_CONCEPT_OF
http://eurovoc.europa.eu/5258,http://eurovoc.europa.eu/3102,PARENT_CONCEPT_OF
http://eurovoc.europa.eu/4479,http://eurovoc.europa.eu/4068,PARENT_CONCEPT_OF
http://eurovoc.europa.eu/2149,http://eurovoc.europa.eu/2371,PARENT_CONCEPT_OF
http://eurovoc.europa.eu/2149,http://eurovoc.europa.eu/408,PARENT_CONCEPT_OF
http://eurovoc.europa.eu/637,http://eurovoc.europa.eu/639,PARENT_CONCEPT_OF
http://eurovoc.europa.eu/637,http://eurovoc.europa.eu/659,PARENT_CONCEPT_OF
http://eurovoc.europa.eu/3013,http://eurovoc.europa.eu/654,PARENT_CONCEPT_OF
http://eurovoc.europa.eu/4505,http://eurovoc.europa.eu/c_ea3f5ed2,PARENT_CONCEPT_OF
http://eurovoc.europa.eu/317,http://eurovoc.europa.eu/5171,PARENT_CONCEPT_OF
http://eurovoc.europa.eu/317,http://eurovoc.europa.eu/326,PARENT_CONCEPT_OF
http://eurovoc.europa.eu/2688,http://eurovoc.europa.eu/2697,PARENT_CONCEPT_OF
http://eurovoc.europa.eu/5283,http://eurovoc.europa.eu/5706,PARENT_CONCEPT_OF
http://eurovoc.europa.eu/5283,http://eurovoc.europa.eu/5563,PARENT_CONCEPT_OF
http://eurovoc.europa.eu/1794,http://eurovoc.europa.eu/1500,PARENT_CONCEPT_OF
http://eurovoc.europa.eu/4587,http://eurovoc.europa.eu/4410,PARENT_CONCEPT_OF
http://eurovoc.europa.eu/4069,http://eurovoc.europa.eu/4567,PARENT_CONCEPT_OF
http://eurovoc.europa.eu/8278,http://eurovoc.europa.eu/5713,PARENT_CONCEPT_OF
http://eurovoc.europa.eu/8366,http://eurovoc.europa.eu/2547,PARENT_CONCEPT_OF
http://eurovoc.europa.eu/1844,http://eurovoc.europa.eu/2055,PARENT_CONCEPT_OF
http://eurovoc.europa.eu/5083,http://eurovoc.europa.eu/111,PARENT_CONCEPT_OF
http://eurovoc.europa.eu/5083,http://eurovoc.europa.eu/4648,PARENT_CONCEPT_OF
http://eurovoc.europa.eu/5083,http://eurovoc.europa.eu/3410,PARENT_CONCEPT_OF
http://eurovoc.europa.eu/5083,http://eurovoc.europa.eu/7198,PARENT_CONCEPT_OF
http://eurovoc.europa.eu/4690,http://eurovoc.europa.eu/5469,PARENT_CONCEPT_OF
http://eurovoc.europa.eu/c_964c9649,http://eurovoc.europa.eu/726,PARENT_CONCEPT_OF
http://eurovoc.europa.eu/2117,http://eurovoc.europa.eu/4841,PARENT_CONCEPT_OF
http://eurovoc.europa.eu/8367,http://eurovoc.europa.eu/4732,PARENT_CONCEPT_OF
http://eurovoc.europa.eu/6205,http://eurovoc.europa.eu/2368,PARENT_CONCEPT_OF
http://eurovoc.europa.eu/5087,http://eurovoc.europa.eu/1125,PARENT_CONCEPT_OF
http://eurovoc.europa.eu/5302,http://eurovoc.europa.eu/249,PARENT_CONCEPT_OF
http://eurovoc.europa.eu/5302,http://eurovoc.europa.eu/4092,PARENT_CONCEPT_OF
http://eurovoc.europa.eu/5302,http://eurovoc.europa.eu/1236,PARENT_CONCEPT_OF
http://eurovoc.europa.eu/5780,http://eurovoc.europa.eu/1613,PARENT_CONCEPT_OF
http://eurovoc.europa.eu/c_b2c019c8,http://eurovoc.europa.eu/1124,PARENT_CONCEPT_OF
http://eurovoc.europa.eu/c_b2c019c8,http://eurovoc.europa.eu/1559,PARENT_CONCEPT_OF
http://eurovoc.europa.eu/c_b2c019c8,http://eurovoc.europa.eu/3401,PARENT_CONCEPT_OF
http://eurovoc.europa.eu/c_b2c019c8,http://eurovoc.europa.eu/1874,PARENT_CONCEPT_OF
http://eurovoc.europa.eu/2148,http://eurovoc.europa.eu/1124,PARENT_CONCEPT_OF
http://eurovoc.europa.eu/2106,http://eurovoc.europa.eu/5100,PARENT_CONCEPT_OF
http://eurovoc.europa.eu/2106,http://eurovoc.europa.eu/6036,PARENT_CONCEPT_OF
http://eurovoc.europa.eu/1105,http://eurovoc.europa.eu/4662,PARENT_CONCEPT_OF
http://eurovoc.europa.eu/1105,http://eurovoc.europa.eu/4621,PARENT_CONCEPT_OF
http://eurovoc.europa.eu/37846,http://eurovoc.europa.eu/1876,PARENT_CONCEPT_OF
http://eurovoc.europa.eu/37846,http://eurovoc.europa.eu/4148,PARENT_CONCEPT_OF
http://eurovoc.europa.eu/4300,http://eurovoc.europa.eu/3542,PARENT_CONCEPT_OF
http://eurovoc.europa.eu/744,http://eurovoc.europa.eu/748,PARENT_CONCEPT_OF
http://eurovoc.europa.eu/2351,http://eurovoc.europa.eu/2124,PARENT_CONCEPT_OF
http://eurovoc.europa.eu/5923,http://eurovoc.europa.eu/6621,PARENT_CONCEPT_OF
http://eurovoc.europa.eu/2702,http://eurovoc.europa.eu/4754,PARENT_CONCEPT_OF
http://eurovoc.europa.eu/2703,http://eurovoc.europa.eu/1062,PARENT_CONCEPT_OF
http://eurovoc.europa.eu/4366,http://eurovoc.europa.eu/5356,PARENT_CONCEPT_OF
http://eurovoc.europa.eu/4415,http://eurovoc.europa.eu/6362,PARENT_CONCEPT_OF
http://eurovoc.europa.eu/3632,http://eurovoc.europa.eu/180,PARENT_CONCEPT_OF
http://eurovoc.europa.eu/1737,http://eurovoc.europa.eu/4561,PARENT_CONCEPT_OF
http://eurovoc.europa.eu/1802,http://eurovoc.europa.eu/3537,PARENT_CONCEPT_OF
http://eurovoc.europa.eu/394,http://eurovoc.europa.eu/402,PARENT_CONCEPT_OF
http://eurovoc.europa.eu/2698,http://eurovoc.europa.eu/3182,PARENT_CONCEPT_OF
http://eurovoc.europa.eu/2493,http://eurovoc.europa.eu/3265,PARENT_CONCEPT_OF
http://eurovoc.europa.eu/784,http://eurovoc.europa.eu/670,PARENT_CONCEPT_OF
http://eurovoc.europa.eu/784,http://eurovoc.europa.eu/5603,PARENT_CONCEPT_OF
http://eurovoc.europa.eu/2059,http://eurovoc.europa.eu/792,PARENT_CONCEPT_OF
http://eurovoc.europa.eu/2190,http://eurovoc.europa.eu/1094,PARENT_CONCEPT_OF
http://eurovoc.europa.eu/2167,http://eurovoc.europa.eu/4586,PARENT_CONCEPT_OF
http://eurovoc.europa.eu/2167,http://eurovoc.europa.eu/5285,PARENT_CONCEPT_OF
http://eurovoc.europa.eu/2171,http://eurovoc.europa.eu/2137,PARENT_CONCEPT_OF
http://eurovoc.europa.eu/2172,http://eurovoc.europa.eu/6131,PARENT_CONCEPT_OF
http://eurovoc.europa.eu/2172,http://eurovoc.europa.eu/120,PARENT_CONCEPT_OF
http://eurovoc.europa.eu/2172,http://eurovoc.europa.eu/2094,PARENT_CONCEPT_OF
http://eurovoc.europa.eu/6052,http://eurovoc.europa.eu/683,PARENT_CONCEPT_OF
http://eurovoc.europa.eu/5769,http://eurovoc.europa.eu/447756,PARENT_CONCEPT_OF
http://eurovoc.europa.eu/5769,http://eurovoc.europa.eu/6049,PARENT_CONCEPT_OF
http://eurovoc.europa.eu/5769,http://eurovoc.europa.eu/4046,PARENT_CONCEPT_OF
http://eurovoc.europa.eu/3058,http://eurovoc.europa.eu/3079,PARENT_CONCEPT_OF
http://eurovoc.europa.eu/3058,http://eurovoc.europa.eu/4129,PARENT_CONCEPT_OF
http://eurovoc.europa.eu/4522,http://eurovoc.europa.eu/2041,PARENT_CONCEPT_OF
http://eurovoc.europa.eu/2517,http://eurovoc.europa.eu/1231,PARENT_CONCEPT_OF
http://eurovoc.europa.eu/2517,http://eurovoc.europa.eu/282,PARENT_CONCEPT_OF
http://eurovoc.europa.eu/2690,http://eurovoc.europa.eu/4374,PARENT_CONCEPT_OF
http://eurovoc.europa.eu/2705,http://eurovoc.europa.eu/5777,PARENT_CONCEPT_OF
http://eurovoc.europa.eu/956,http://eurovoc.europa.eu/5969,PARENT_CONCEPT_OF
http://eurovoc.europa.eu/956,http://eurovoc.europa.eu/4375,PARENT_CONCEPT_OF
http://eurovoc.europa.eu/2858,http://eurovoc.europa.eu/4461,PARENT_CONCEPT_OF
http://eurovoc.europa.eu/2858,http://eurovoc.europa.eu/5049,PARENT_CONCEPT_OF
http://eurovoc.europa.eu/2413,http://eurovoc.europa.eu/4373,PARENT_CONCEPT_OF
http://eurovoc.europa.eu/2417,http://eurovoc.europa.eu/252,PARENT_CONCEPT_OF
http://eurovoc.europa.eu/3956,http://eurovoc.europa.eu/1245,PARENT_CONCEPT_OF
http://eurovoc.europa.eu/2701,http://eurovoc.europa.eu/6619,PARENT_CONCEPT_OF
http://eurovoc.europa.eu/2701,http://eurovoc.europa.eu/2699,PARENT_CONCEPT_OF
http://eurovoc.europa.eu/1615,http://eurovoc.europa.eu/3823,PARENT_CONCEPT_OF
http://eurovoc.europa.eu/2246,http://eurovoc.europa.eu/3680,PARENT_CONCEPT_OF
http://eurovoc.europa.eu/3232,http://eurovoc.europa.eu/7337,PARENT_CONCEPT_OF
http://eurovoc.europa.eu/2481,http://eurovoc.europa.eu/6294,PARENT_CONCEPT_OF
http://eurovoc.europa.eu/2481,http://eurovoc.europa.eu/4239,PARENT_CONCEPT_OF
http://eurovoc.europa.eu/3929,http://eurovoc.europa.eu/2818,PARENT_CONCEPT_OF
http://eurovoc.europa.eu/3929,http://eurovoc.europa.eu/5093,PARENT_CONCEPT_OF
http://eurovoc.europa.eu/3929,http://eurovoc.europa.eu/948,PARENT_CONCEPT_OF
http://eurovoc.europa.eu/1074,http://eurovoc.europa.eu/1073,PARENT_CONCEPT_OF
http://eurovoc.europa.eu/5974,http://eurovoc.europa.eu/5981,PARENT_CONCEPT_OF
http://eurovoc.europa.eu/2468,http://eurovoc.europa.eu/2330,PARENT_CONCEPT_OF
http://eurovoc.europa.eu/1018,http://eurovoc.europa.eu/3119,PARENT_CONCEPT_OF
http://eurovoc.europa.eu/2442,http://eurovoc.europa.eu/7204,PARENT_CONCEPT_OF
http://eurovoc.europa.eu/2467,http://eurovoc.europa.eu/5177,PARENT_CONCEPT_OF
http://eurovoc.europa.eu/3683,http://eurovoc.europa.eu/779,PARENT_CONCEPT_OF
http://eurovoc.europa.eu/668,http://eurovoc.europa.eu/674,PARENT_CONCEPT_OF
http://eurovoc.europa.eu/668,http://eurovoc.europa.eu/673,PARENT_CONCEPT_OF
http://eurovoc.europa.eu/2187,http://eurovoc.europa.eu/176,PARENT_CONCEPT_OF
http://eurovoc.europa.eu/2187,http://eurovoc.europa.eu/121,PARENT_CONCEPT_OF
http://eurovoc.europa.eu/2187,http://eurovoc.europa.eu/5248,PARENT_CONCEPT_OF
http://eurovoc.europa.eu/1360,http://eurovoc.europa.eu/93,PARENT_CONCEPT_OF
http://eurovoc.europa.eu/2647,http://eurovoc.europa.eu/3432,PARENT_CONCEPT_OF
http://eurovoc.europa.eu/84,http://eurovoc.europa.eu/3533,PARENT_CONCEPT_OF
http://eurovoc.europa.eu/335,http://eurovoc.europa.eu/2910,PARENT_CONCEPT_OF
http://eurovoc.europa.eu/3487,http://eurovoc.europa.eu/1205,PARENT_CONCEPT_OF
http://eurovoc.europa.eu/311,http://eurovoc.europa.eu/690,PARENT_CONCEPT_OF
http://eurovoc.europa.eu/2510,http://eurovoc.europa.eu/4763,PARENT_CONCEPT_OF
http://eurovoc.europa.eu/3544,http://eurovoc.europa.eu/2435,PARENT_CONCEPT_OF
http://eurovoc.europa.eu/3949,http://eurovoc.europa.eu/710,PARENT_CONCEPT_OF
http://eurovoc.europa.eu/3946,http://eurovoc.europa.eu/4108,PARENT_CONCEPT_OF
http://eurovoc.europa.eu/2494,http://eurovoc.europa.eu/2457,PARENT_CONCEPT_OF
http://eurovoc.europa.eu/3160,http://eurovoc.europa.eu/4464,PARENT_CONCEPT_OF
http://eurovoc.europa.eu/3160,http://eurovoc.europa.eu/3115,PARENT_CONCEPT_OF
http://eurovoc.europa.eu/3878,http://eurovoc.europa.eu/3959,PARENT_CONCEPT_OF
http://eurovoc.europa.eu/3513,http://eurovoc.europa.eu/5489,PARENT_CONCEPT_OF
http://eurovoc.europa.eu/1909,http://eurovoc.europa.eu/2509,PARENT_CONCEPT_OF
http://eurovoc.europa.eu/1520,http://eurovoc.europa.eu/4155,PARENT_CONCEPT_OF
http://eurovoc.europa.eu/864,http://eurovoc.europa.eu/1127,PARENT_CONCEPT_OF
http://eurovoc.europa.eu/864,http://eurovoc.europa.eu/3387,PARENT_CONCEPT_OF
http://eurovoc.europa.eu/6135,http://eurovoc.europa.eu/7880,PARENT_CONCEPT_OF
http://eurovoc.europa.eu/1088,http://eurovoc.europa.eu/c_8331ae25,PARENT_CONCEPT_OF
http://eurovoc.europa.eu/2288,http://eurovoc.europa.eu/1209,PARENT_CONCEPT_OF
http://eurovoc.europa.eu/7816,http://eurovoc.europa.eu/7842,PARENT_CONCEPT_OF
http://eurovoc.europa.eu/6138,http://eurovoc.europa.eu/6245,PARENT_CONCEPT_OF
http://eurovoc.europa.eu/6138,http://eurovoc.europa.eu/6239,PARENT_CONCEPT_OF
http://eurovoc.europa.eu/1329,http://eurovoc.europa.eu/4847,PARENT_CONCEPT_OF
http://eurovoc.europa.eu/1329,http://eurovoc.europa.eu/3903,PARENT_CONCEPT_OF
http://eurovoc.europa.eu/7814,http://eurovoc.europa.eu/7967,PARENT_CONCEPT_OF
http://eurovoc.europa.eu/7814,http://eurovoc.europa.eu/7974,PARENT_CONCEPT_OF
http://eurovoc.europa.eu/1184,http://eurovoc.europa.eu/839,PARENT_CONCEPT_OF
http://eurovoc.europa.eu/4750,http://eurovoc.europa.eu/5064,PARENT_CONCEPT_OF
http://eurovoc.europa.eu/3581,http://eurovoc.europa.eu/2565,PARENT_CONCEPT_OF
http://eurovoc.europa.eu/3581,http://eurovoc.europa.eu/2100,PARENT_CONCEPT_OF
http://eurovoc.europa.eu/539,http://eurovoc.europa.eu/183,PARENT_CONCEPT_OF
http://eurovoc.europa.eu/2090,http://eurovoc.europa.eu/4308,PARENT_CONCEPT_OF
http://eurovoc.europa.eu/2524,http://eurovoc.europa.eu/3161,PARENT_CONCEPT_OF
http://eurovoc.europa.eu/2524,http://eurovoc.europa.eu/3162,PARENT_CONCEPT_OF
http://eurovoc.europa.eu/371,http://eurovoc.europa.eu/416,PARENT_CONCEPT_OF
http://eurovoc.europa.eu/371,http://eurovoc.europa.eu/c_8b2bae70,PARENT_CONCEPT_OF
http://eurovoc.europa.eu/343,http://eurovoc.europa.eu/6412,PARENT_CONCEPT_OF
http://eurovoc.europa.eu/2475,http://eurovoc.europa.eu/271,PARENT_CONCEPT_OF
http://eurovoc.europa.eu/4619,http://eurovoc.europa.eu/1805,PARENT_CONCEPT_OF
http://eurovoc.europa.eu/1690,http://eurovoc.europa.eu/1695,PARENT_CONCEPT_OF
http://eurovoc.europa.eu/2179,http://eurovoc.europa.eu/8384,PARENT_CONCEPT_OF
http://eurovoc.europa.eu/4365,http://eurovoc.europa.eu/6083,PARENT_CONCEPT_OF
http://eurovoc.europa.eu/4365,http://eurovoc.europa.eu/3710,PARENT_CONCEPT_OF
http://eurovoc.europa.eu/2735,http://eurovoc.europa.eu/6790,PARENT_CONCEPT_OF
http://eurovoc.europa.eu/1258,http://eurovoc.europa.eu/2776,PARENT_CONCEPT_OF
http://eurovoc.europa.eu/99,http://eurovoc.europa.eu/6375,PARENT_CONCEPT_OF
http://eurovoc.europa.eu/3476,http://eurovoc.europa.eu/8357,PARENT_CONCEPT_OF
http://eurovoc.europa.eu/3476,http://eurovoc.europa.eu/5126,PARENT_CONCEPT_OF
http://eurovoc.europa.eu/3476,http://eurovoc.europa.eu/8355,PARENT_CONCEPT_OF
http://eurovoc.europa.eu/3476,http://eurovoc.europa.eu/5831,PARENT_CONCEPT_OF
http://eurovoc.europa.eu/6722,http://eurovoc.europa.eu/6024,PARENT_CONCEPT_OF
http://eurovoc.europa.eu/2497,http://eurovoc.europa.eu/3066,PARENT_CONCEPT_OF
http://eurovoc.europa.eu/2497,http://eurovoc.europa.eu/2461,PARENT_CONCEPT_OF
http://eurovoc.europa.eu/2497,http://eurovoc.europa.eu/2462,PARENT_CONCEPT_OF
http://eurovoc.europa.eu/2402,http://eurovoc.europa.eu/c_c6be3d6d,PARENT_CONCEPT_OF
http://eurovoc.europa.eu/712,http://eurovoc.europa.eu/786,PARENT_CONCEPT_OF
http://eurovoc.europa.eu/385,http://eurovoc.europa.eu/1991,PARENT_CONCEPT_OF
http://eurovoc.europa.eu/3239,http://eurovoc.europa.eu/4798,PARENT_CONCEPT_OF
http://eurovoc.europa.eu/651,http://eurovoc.europa.eu/2992,PARENT_CONCEPT_OF
http://eurovoc.europa.eu/2505,http://eurovoc.europa.eu/563,PARENT_CONCEPT_OF
http://eurovoc.europa.eu/5922,http://eurovoc.europa.eu/5949,PARENT_CONCEPT_OF
http://eurovoc.europa.eu/5922,http://eurovoc.europa.eu/5862,PARENT_CONCEPT_OF
http://eurovoc.europa.eu/1405,http://eurovoc.europa.eu/1696,PARENT_CONCEPT_OF
http://eurovoc.europa.eu/557,http://eurovoc.europa.eu/6022,PARENT_CONCEPT_OF
http://eurovoc.europa.eu/965,http://eurovoc.europa.eu/5390,PARENT_CONCEPT_OF
http://eurovoc.europa.eu/540,http://eurovoc.europa.eu/2099,PARENT_CONCEPT_OF
http://eurovoc.europa.eu/3307,http://eurovoc.europa.eu/3309,PARENT_CONCEPT_OF
http://eurovoc.europa.eu/913,http://eurovoc.europa.eu/4839,PARENT_CONCEPT_OF
http://eurovoc.europa.eu/913,http://eurovoc.europa.eu/4324,PARENT_CONCEPT_OF
http://eurovoc.europa.eu/2014,http://eurovoc.europa.eu/152,PARENT_CONCEPT_OF
http://eurovoc.europa.eu/5842,http://eurovoc.europa.eu/1637,PARENT_CONCEPT_OF
http://eurovoc.europa.eu/2180,http://eurovoc.europa.eu/1011,PARENT_CONCEPT_OF
http://eurovoc.europa.eu/2180,http://eurovoc.europa.eu/5069,PARENT_CONCEPT_OF
http://eurovoc.europa.eu/4436,http://eurovoc.europa.eu/954,PARENT_CONCEPT_OF
http://eurovoc.europa.eu/1845,http://eurovoc.europa.eu/2169,PARENT_CONCEPT_OF
http://eurovoc.europa.eu/1718,http://eurovoc.europa.eu/3851,PARENT_CONCEPT_OF
http://eurovoc.europa.eu/3150,http://eurovoc.europa.eu/3149,PARENT_CONCEPT_OF
http://eurovoc.europa.eu/1268,http://eurovoc.europa.eu/6569,PARENT_CONCEPT_OF
http://eurovoc.europa.eu/1268,http://eurovoc.europa.eu/1279,PARENT_CONCEPT_OF
http://eurovoc.europa.eu/1754,http://eurovoc.europa.eu/5714,PARENT_CONCEPT_OF
http://eurovoc.europa.eu/1754,http://eurovoc.europa.eu/1762,PARENT_CONCEPT_OF
http://eurovoc.europa.eu/1087,http://eurovoc.europa.eu/8547,PARENT_CONCEPT_OF
http://eurovoc.europa.eu/3778,http://eurovoc.europa.eu/8373,PARENT_CONCEPT_OF
http://eurovoc.europa.eu/3778,http://eurovoc.europa.eu/1168,PARENT_CONCEPT_OF
http://eurovoc.europa.eu/3778,http://eurovoc.europa.eu/8371,PARENT_CONCEPT_OF
http://eurovoc.europa.eu/2460,http://eurovoc.europa.eu/737,PARENT_CONCEPT_OF
http://eurovoc.europa.eu/2460,http://eurovoc.europa.eu/807,PARENT_CONCEPT_OF
http://eurovoc.europa.eu/2460,http://eurovoc.europa.eu/986,PARENT_CONCEPT_OF
http://eurovoc.europa.eu/3810,http://eurovoc.europa.eu/1143,PARENT_CONCEPT_OF
http://eurovoc.europa.eu/3798,http://eurovoc.europa.eu/212,PARENT_CONCEPT_OF
http://eurovoc.europa.eu/1362,http://eurovoc.europa.eu/1396,PARENT_CONCEPT_OF
http://eurovoc.europa.eu/3908,http://eurovoc.europa.eu/6254,PARENT_CONCEPT_OF
http://eurovoc.europa.eu/6034,http://eurovoc.europa.eu/391,PARENT_CONCEPT_OF
http://eurovoc.europa.eu/6034,http://eurovoc.europa.eu/2854,PARENT_CONCEPT_OF
http://eurovoc.europa.eu/6034,http://eurovoc.europa.eu/390,PARENT_CONCEPT_OF
http://eurovoc.europa.eu/77,http://eurovoc.europa.eu/6894,PARENT_CONCEPT_OF
http://eurovoc.europa.eu/517,http://eurovoc.europa.eu/3862,PARENT_CONCEPT_OF
http://eurovoc.europa.eu/3062,http://eurovoc.europa.eu/6897,PARENT_CONCEPT_OF
http://eurovoc.europa.eu/2723,http://eurovoc.europa.eu/330,PARENT_CONCEPT_OF
http://eurovoc.europa.eu/2711,http://eurovoc.europa.eu/1585,PARENT_CONCEPT_OF
http://eurovoc.europa.eu/2711,http://eurovoc.europa.eu/1898,PARENT_CONCEPT_OF
http://eurovoc.europa.eu/2498,http://eurovoc.europa.eu/6044,PARENT_CONCEPT_OF
http://eurovoc.europa.eu/2491,http://eurovoc.europa.eu/687,PARENT_CONCEPT_OF
http://eurovoc.europa.eu/2639,http://eurovoc.europa.eu/2659,PARENT_CONCEPT_OF
http://eurovoc.europa.eu/2639,http://eurovoc.europa.eu/2650,PARENT_CONCEPT_OF
http://eurovoc.europa.eu/2639,http://eurovoc.europa.eu/2676,PARENT_CONCEPT_OF
http://eurovoc.europa.eu/2639,http://eurovoc.europa.eu/2649,PARENT_CONCEPT_OF
http://eurovoc.europa.eu/2632,http://eurovoc.europa.eu/2674,PARENT_CONCEPT_OF
http://eurovoc.europa.eu/2632,http://eurovoc.europa.eu/2683,PARENT_CONCEPT_OF
http://eurovoc.europa.eu/2489,http://eurovoc.europa.eu/4248,PARENT_CONCEPT_OF
http://eurovoc.europa.eu/2489,http://eurovoc.europa.eu/1348,PARENT_CONCEPT_OF
http://eurovoc.europa.eu/3895,http://eurovoc.europa.eu/2706,PARENT_CONCEPT_OF
http://eurovoc.europa.eu/4412,http://eurovoc.europa.eu/4490,PARENT_CONCEPT_OF
http://eurovoc.europa.eu/1810,http://eurovoc.europa.eu/5725,PARENT_CONCEPT_OF
http://eurovoc.europa.eu/2450,http://eurovoc.europa.eu/2967,PARENT_CONCEPT_OF
http://eurovoc.europa.eu/1282,http://eurovoc.europa.eu/1479,PARENT_CONCEPT_OF
http://eurovoc.europa.eu/1282,http://eurovoc.europa.eu/1967,PARENT_CONCEPT_OF
http://eurovoc.europa.eu/2573,http://eurovoc.europa.eu/3046,PARENT_CONCEPT_OF
http://eurovoc.europa.eu/2573,http://eurovoc.europa.eu/2581,PARENT_CONCEPT_OF
http://eurovoc.europa.eu/883,http://eurovoc.europa.eu/5626,PARENT_CONCEPT_OF
http://eurovoc.europa.eu/2191,http://eurovoc.europa.eu/312,PARENT_CONCEPT_OF
http://eurovoc.europa.eu/2191,http://eurovoc.europa.eu/8404,PARENT_CONCEPT_OF
http://eurovoc.europa.eu/4040,http://eurovoc.europa.eu/5873,PARENT_CONCEPT_OF
http://eurovoc.europa.eu/4040,http://eurovoc.europa.eu/5407,PARENT_CONCEPT_OF
http://eurovoc.europa.eu/1804,http://eurovoc.europa.eu/3233,PARENT_CONCEPT_OF
http://eurovoc.europa.eu/3659,http://eurovoc.europa.eu/2062,PARENT_CONCEPT_OF
http://eurovoc.europa.eu/1882,http://eurovoc.europa.eu/1885,PARENT_CONCEPT_OF
http://eurovoc.europa.eu/3820,http://eurovoc.europa.eu/1868,PARENT_CONCEPT_OF
http://eurovoc.europa.eu/1707,http://eurovoc.europa.eu/2824,PARENT_CONCEPT_OF
http://eurovoc.europa.eu/434743,http://eurovoc.europa.eu/434843,PARENT_CONCEPT_OF
http://eurovoc.europa.eu/2470,http://eurovoc.europa.eu/3139,PARENT_CONCEPT_OF
http://eurovoc.europa.eu/2825,http://eurovoc.europa.eu/6398,PARENT_CONCEPT_OF
http://eurovoc.europa.eu/1004,http://eurovoc.europa.eu/3361,PARENT_CONCEPT_OF
http://eurovoc.europa.eu/1004,http://eurovoc.europa.eu/826,PARENT_CONCEPT_OF
http://eurovoc.europa.eu/108,http://eurovoc.europa.eu/103,PARENT_CONCEPT_OF
http://eurovoc.europa.eu/4590,http://eurovoc.europa.eu/2286,PARENT_CONCEPT_OF
http://eurovoc.europa.eu/4590,http://eurovoc.europa.eu/1085,PARENT_CONCEPT_OF
http://eurovoc.europa.eu/c_6e703074,http://eurovoc.europa.eu/484,PARENT_CONCEPT_OF
http://eurovoc.europa.eu/c_6e703074,http://eurovoc.europa.eu/1613,PARENT_CONCEPT_OF
http://eurovoc.europa.eu/5775,http://eurovoc.europa.eu/5876,PARENT_CONCEPT_OF
http://eurovoc.europa.eu/2200,http://eurovoc.europa.eu/3763,PARENT_CONCEPT_OF
http://eurovoc.europa.eu/2200,http://eurovoc.europa.eu/336,PARENT_CONCEPT_OF
http://eurovoc.europa.eu/1658,http://eurovoc.europa.eu/1560,PARENT_CONCEPT_OF
http://eurovoc.europa.eu/2763,http://eurovoc.europa.eu/1571,PARENT_CONCEPT_OF
http://eurovoc.europa.eu/813,http://eurovoc.europa.eu/824,PARENT_CONCEPT_OF
http://eurovoc.europa.eu/3461,http://eurovoc.europa.eu/6007,PARENT_CONCEPT_OF
http://eurovoc.europa.eu/3461,http://eurovoc.europa.eu/5833,PARENT_CONCEPT_OF
http://eurovoc.europa.eu/1346,http://eurovoc.europa.eu/4216,PARENT_CONCEPT_OF
http://eurovoc.europa.eu/567,http://eurovoc.europa.eu/4238,PARENT_CONCEPT_OF
http://eurovoc.europa.eu/567,http://eurovoc.europa.eu/8457,PARENT_CONCEPT_OF
http://eurovoc.europa.eu/13,http://eurovoc.europa.eu/c_ea7e9390,PARENT_CONCEPT_OF
http://eurovoc.europa.eu/2001,http://eurovoc.europa.eu/2154,PARENT_CONCEPT_OF
http://eurovoc.europa.eu/2001,http://eurovoc.europa.eu/2009,PARENT_CONCEPT_OF
http://eurovoc.europa.eu/4704,http://eurovoc.europa.eu/5897,PARENT_CONCEPT_OF
http://eurovoc.europa.eu/2914,http://eurovoc.europa.eu/3671,PARENT_CONCEPT_OF
http://eurovoc.europa.eu/2914,http://eurovoc.europa.eu/2924,PARENT_CONCEPT_OF
http://eurovoc.europa.eu/82,http://eurovoc.europa.eu/1926,PARENT_CONCEPT_OF
http://eurovoc.europa.eu/1326,http://eurovoc.europa.eu/1331,PARENT_CONCEPT_OF
http://eurovoc.europa.eu/1321,http://eurovoc.europa.eu/4399,PARENT_CONCEPT_OF
http://eurovoc.europa.eu/2504,http://eurovoc.europa.eu/3261,PARENT_CONCEPT_OF
http://eurovoc.europa.eu/2814,http://eurovoc.europa.eu/3009,PARENT_CONCEPT_OF
http://eurovoc.europa.eu/4886,http://eurovoc.europa.eu/142,PARENT_CONCEPT_OF
http://eurovoc.europa.eu/925,http://eurovoc.europa.eu/88,PARENT_CONCEPT_OF
http://eurovoc.europa.eu/2199,http://eurovoc.europa.eu/908,PARENT_CONCEPT_OF
http://eurovoc.europa.eu/2002,http://eurovoc.europa.eu/2890,PARENT_CONCEPT_OF
http://eurovoc.europa.eu/1975,http://eurovoc.europa.eu/5963,PARENT_CONCEPT_OF
http://eurovoc.europa.eu/5840,http://eurovoc.europa.eu/6108,PARENT_CONCEPT_OF
http://eurovoc.europa.eu/195,http://eurovoc.europa.eu/6855,PARENT_CONCEPT_OF
http://eurovoc.europa.eu/459,http://eurovoc.europa.eu/6627,PARENT_CONCEPT_OF
http://eurovoc.europa.eu/726,http://eurovoc.europa.eu/2899,PARENT_CONCEPT_OF
http://eurovoc.europa.eu/5107,http://eurovoc.europa.eu/4779,PARENT_CONCEPT_OF
http://eurovoc.europa.eu/8370,http://eurovoc.europa.eu/1793,PARENT_CONCEPT_OF
http://eurovoc.europa.eu/4681,http://eurovoc.europa.eu/4692,PARENT_CONCEPT_OF
http://eurovoc.europa.eu/240,http://eurovoc.europa.eu/1265,PARENT_CONCEPT_OF
http://eurovoc.europa.eu/4514,http://eurovoc.europa.eu/4657,PARENT_CONCEPT_OF
http://eurovoc.europa.eu/5691,http://eurovoc.europa.eu/3985,PARENT_CONCEPT_OF
http://eurovoc.europa.eu/536,http://eurovoc.europa.eu/399,PARENT_CONCEPT_OF
http://eurovoc.europa.eu/4099,http://eurovoc.europa.eu/4122,PARENT_CONCEPT_OF
http://eurovoc.europa.eu/1589,http://eurovoc.europa.eu/1697,PARENT_CONCEPT_OF
http://eurovoc.europa.eu/4865,http://eurovoc.europa.eu/4870,PARENT_CONCEPT_OF
http://eurovoc.europa.eu/2076,http://eurovoc.europa.eu/5726,PARENT_CONCEPT_OF
http://eurovoc.europa.eu/3801,http://eurovoc.europa.eu/2421,PARENT_CONCEPT_OF
http://eurovoc.europa.eu/4111,http://eurovoc.europa.eu/6171,PARENT_CONCEPT_OF
http://eurovoc.europa.eu/4921,http://eurovoc.europa.eu/7955,PARENT_CONCEPT_OF
http://eurovoc.europa.eu/1434,http://eurovoc.europa.eu/4833,PARENT_CONCEPT_OF
http://eurovoc.europa.eu/2207,http://eurovoc.europa.eu/2276,PARENT_CONCEPT_OF
http://eurovoc.europa.eu/2550,http://eurovoc.europa.eu/2552,PARENT_CONCEPT_OF
http://eurovoc.europa.eu/875,http://eurovoc.europa.eu/2799,PARENT_CONCEPT_OF
http://eurovoc.europa.eu/2754,http://eurovoc.europa.eu/5244,PARENT_CONCEPT_OF
http://eurovoc.europa.eu/1048,http://eurovoc.europa.eu/2346,PARENT_CONCEPT_OF
http://eurovoc.europa.eu/4809,http://eurovoc.europa.eu/c_f831f088,PARENT_CONCEPT_OF
http://eurovoc.europa.eu/5169,http://eurovoc.europa.eu/5512,PARENT_CONCEPT_OF
http://eurovoc.europa.eu/3334,http://eurovoc.europa.eu/3335,PARENT_CONCEPT_OF
http://eurovoc.europa.eu/4245,http://eurovoc.europa.eu/5396,PARENT_CONCEPT_OF
http://eurovoc.europa.eu/2546,http://eurovoc.europa.eu/4583,PARENT_CONCEPT_OF
http://eurovoc.europa.eu/1862,http://eurovoc.europa.eu/3857,PARENT_CONCEPT_OF
http://eurovoc.europa.eu/1270,http://eurovoc.europa.eu/2956,PARENT_CONCEPT_OF
http://eurovoc.europa.eu/1840,http://eurovoc.europa.eu/c_3508a934,PARENT_CONCEPT_OF
http://eurovoc.europa.eu/4651,http://eurovoc.europa.eu/5331,PARENT_CONCEPT_OF
http://eurovoc.europa.eu/4528,http://eurovoc.europa.eu/2132,PARENT_CONCEPT_OF
http://eurovoc.europa.eu/5817,http://eurovoc.europa.eu/2964,PARENT_CONCEPT_OF
http://eurovoc.europa.eu/1180,http://eurovoc.europa.eu/314,PARENT_CONCEPT_OF
http://eurovoc.europa.eu/1180,http://eurovoc.europa.eu/2562,PARENT_CONCEPT_OF
http://eurovoc.europa.eu/1624,http://eurovoc.europa.eu/4662,PARENT_CONCEPT_OF
http://eurovoc.europa.eu/1606,http://eurovoc.europa.eu/2224,PARENT_CONCEPT_OF
http://eurovoc.europa.eu/1606,http://eurovoc.europa.eu/691,PARENT_CONCEPT_OF
http://eurovoc.europa.eu/1606,http://eurovoc.europa.eu/4841,PARENT_CONCEPT_OF
http://eurovoc.europa.eu/1606,http://eurovoc.europa.eu/1208,PARENT_CONCEPT_OF
http://eurovoc.europa.eu/5068,http://eurovoc.europa.eu/4694,PARENT_CONCEPT_OF
http://eurovoc.europa.eu/190,http://eurovoc.europa.eu/1481,PARENT_CONCEPT_OF
http://eurovoc.europa.eu/4274,http://eurovoc.europa.eu/5161,PARENT_CONCEPT_OF
http://eurovoc.europa.eu/6345,http://eurovoc.europa.eu/7810,PARENT_CONCEPT_OF
http://eurovoc.europa.eu/1646,http://eurovoc.europa.eu/7949,PARENT_CONCEPT_OF
http://eurovoc.europa.eu/1646,http://eurovoc.europa.eu/1647,PARENT_CONCEPT_OF
http://eurovoc.europa.eu/2971,http://eurovoc.europa.eu/6310,PARENT_CONCEPT_OF
http://eurovoc.europa.eu/1210,http://eurovoc.europa.eu/7213,PARENT_CONCEPT_OF
http://eurovoc.europa.eu/2567,http://eurovoc.europa.eu/3434,PARENT_CONCEPT_OF
http://eurovoc.europa.eu/2567,http://eurovoc.europa.eu/6377,PARENT_CONCEPT_OF
http://eurovoc.europa.eu/2465,http://eurovoc.europa.eu/5585,PARENT_CONCEPT_OF
http://eurovoc.europa.eu/6002,http://eurovoc.europa.eu/4229,PARENT_CONCEPT_OF
http://eurovoc.europa.eu/351,http://eurovoc.europa.eu/1128,PARENT_CONCEPT_OF
http://eurovoc.europa.eu/1799,http://eurovoc.europa.eu/1812,PARENT_CONCEPT_OF
http://eurovoc.europa.eu/1969,http://eurovoc.europa.eu/c_2ffe4574,PARENT_CONCEPT_OF
http://eurovoc.europa.eu/6151,http://eurovoc.europa.eu/6359,PARENT_CONCEPT_OF
http://eurovoc.europa.eu/6151,http://eurovoc.europa.eu/8429,PARENT_CONCEPT_OF
http://eurovoc.europa.eu/5255,http://eurovoc.europa.eu/5254,PARENT_CONCEPT_OF
http://eurovoc.europa.eu/5228,http://eurovoc.europa.eu/544,PARENT_CONCEPT_OF
http://eurovoc.europa.eu/3992,http://eurovoc.europa.eu/598,PARENT_CONCEPT_OF
http://eurovoc.europa.eu/1151,http://eurovoc.europa.eu/6391,PARENT_CONCEPT_OF
http://eurovoc.europa.eu/4379,http://eurovoc.europa.eu/5213,PARENT_CONCEPT_OF
http://eurovoc.europa.eu/574,http://eurovoc.europa.eu/8434,PARENT_CONCEPT_OF
http://eurovoc.europa.eu/3943,http://eurovoc.europa.eu/3950,PARENT_CONCEPT_OF
http://eurovoc.europa.eu/3944,http://eurovoc.europa.eu/1092,PARENT_CONCEPT_OF
http://eurovoc.europa.eu/c_bbd07d89,http://eurovoc.europa.eu/2075,PARENT_CONCEPT_OF
http://eurovoc.europa.eu/8491,http://eurovoc.europa.eu/8499,PARENT_CONCEPT_OF
http://eurovoc.europa.eu/8495,http://eurovoc.europa.eu/8523,PARENT_CONCEPT_OF
http://eurovoc.europa.eu/8492,http://eurovoc.europa.eu/8508,PARENT_CONCEPT_OF
http://eurovoc.europa.eu/8304,http://eurovoc.europa.eu/8307,PARENT_CONCEPT_OF
http://eurovoc.europa.eu/8317,http://eurovoc.europa.eu/8320,PARENT_CONCEPT_OF
http://eurovoc.europa.eu/8311,http://eurovoc.europa.eu/8321,PARENT_CONCEPT_OF
http://eurovoc.europa.eu/6240,http://eurovoc.europa.eu/7991,PARENT_CONCEPT_OF
http://eurovoc.europa.eu/6238,http://eurovoc.europa.eu/8005,PARENT_CONCEPT_OF
http://eurovoc.europa.eu/3061,http://eurovoc.europa.eu/1661,PARENT_CONCEPT_OF
http://eurovoc.europa.eu/1309,http://eurovoc.europa.eu/3191,PARENT_CONCEPT_OF
http://eurovoc.europa.eu/75,http://eurovoc.europa.eu/76,PARENT_CONCEPT_OF
http://eurovoc.europa.eu/165,http://eurovoc.europa.eu/2623,PARENT_CONCEPT_OF
http://eurovoc.europa.eu/4308,http://eurovoc.europa.eu/3135,PARENT_CONCEPT_OF
http://eurovoc.europa.eu/4308,http://eurovoc.europa.eu/c_667f2c16,PARENT_CONCEPT_OF
http://eurovoc.europa.eu/413,http://eurovoc.europa.eu/3158,PARENT_CONCEPT_OF
http://eurovoc.europa.eu/413,http://eurovoc.europa.eu/5890,PARENT_CONCEPT_OF
http://eurovoc.europa.eu/3377,http://eurovoc.europa.eu/4741,PARENT_CONCEPT_OF
http://eurovoc.europa.eu/123,http://eurovoc.europa.eu/7137,PARENT_CONCEPT_OF
http://eurovoc.europa.eu/896,http://eurovoc.europa.eu/3321,PARENT_CONCEPT_OF
http://eurovoc.europa.eu/411,http://eurovoc.europa.eu/8410,PARENT_CONCEPT_OF
http://eurovoc.europa.eu/1864,http://eurovoc.europa.eu/975,PARENT_CONCEPT_OF
http://eurovoc.europa.eu/3327,http://eurovoc.europa.eu/1528,PARENT_CONCEPT_OF
http://eurovoc.europa.eu/3327,http://eurovoc.europa.eu/2594,PARENT_CONCEPT_OF
http://eurovoc.europa.eu/1460,http://eurovoc.europa.eu/1851,PARENT_CONCEPT_OF
http://eurovoc.europa.eu/6019,http://eurovoc.europa.eu/6778,PARENT_CONCEPT_OF
http://eurovoc.europa.eu/1696,http://eurovoc.europa.eu/435299,PARENT_CONCEPT_OF
http://eurovoc.europa.eu/5071,http://eurovoc.europa.eu/5828,PARENT_CONCEPT_OF
http://eurovoc.europa.eu/1046,http://eurovoc.europa.eu/1047,PARENT_CONCEPT_OF
http://eurovoc.europa.eu/3374,http://eurovoc.europa.eu/3363,PARENT_CONCEPT_OF
http://eurovoc.europa.eu/2985,http://eurovoc.europa.eu/5227,PARENT_CONCEPT_OF
http://eurovoc.europa.eu/846,http://eurovoc.europa.eu/2204,PARENT_CONCEPT_OF
http://eurovoc.europa.eu/2050,http://eurovoc.europa.eu/2049,PARENT_CONCEPT_OF
http://eurovoc.europa.eu/3174,http://eurovoc.europa.eu/4500,PARENT_CONCEPT_OF
http://eurovoc.europa.eu/3174,http://eurovoc.europa.eu/5935,PARENT_CONCEPT_OF
http://eurovoc.europa.eu/3560,http://eurovoc.europa.eu/251,PARENT_CONCEPT_OF
http://eurovoc.europa.eu/3259,http://eurovoc.europa.eu/5459,PARENT_CONCEPT_OF
http://eurovoc.europa.eu/5092,http://eurovoc.europa.eu/268,PARENT_CONCEPT_OF
http://eurovoc.europa.eu/1160,http://eurovoc.europa.eu/3138,PARENT_CONCEPT_OF
http://eurovoc.europa.eu/4940,http://eurovoc.europa.eu/c_3212cc75,PARENT_CONCEPT_OF
http://eurovoc.europa.eu/2107,http://eurovoc.europa.eu/2111,PARENT_CONCEPT_OF
http://eurovoc.europa.eu/5764,http://eurovoc.europa.eu/3288,PARENT_CONCEPT_OF
http://eurovoc.europa.eu/5764,http://eurovoc.europa.eu/5899,PARENT_CONCEPT_OF
http://eurovoc.europa.eu/4116,http://eurovoc.europa.eu/876,PARENT_CONCEPT_OF
http://eurovoc.europa.eu/5720,http://eurovoc.europa.eu/434,PARENT_CONCEPT_OF
http://eurovoc.europa.eu/5018,http://eurovoc.europa.eu/2104,PARENT_CONCEPT_OF
http://eurovoc.europa.eu/4193,http://eurovoc.europa.eu/3896,PARENT_CONCEPT_OF
http://eurovoc.europa.eu/3003,http://eurovoc.europa.eu/c_90dfa6c7,PARENT_CONCEPT_OF
http://eurovoc.europa.eu/458,http://eurovoc.europa.eu/2881,PARENT_CONCEPT_OF
http://eurovoc.europa.eu/5,http://eurovoc.europa.eu/3212,PARENT_CONCEPT_OF
http://eurovoc.europa.eu/5852,http://eurovoc.europa.eu/5070,PARENT_CONCEPT_OF
http://eurovoc.europa.eu/39,http://eurovoc.europa.eu/2506,PARENT_CONCEPT_OF
http://eurovoc.europa.eu/39,http://eurovoc.europa.eu/2508,PARENT_CONCEPT_OF
http://eurovoc.europa.eu/1755,http://eurovoc.europa.eu/5047,PARENT_CONCEPT_OF
http://eurovoc.europa.eu/1755,http://eurovoc.europa.eu/4576,PARENT_CONCEPT_OF
http://eurovoc.europa.eu/3843,http://eurovoc.europa.eu/4820,PARENT_CONCEPT_OF
http://eurovoc.europa.eu/3843,http://eurovoc.europa.eu/3847,PARENT_CONCEPT_OF
http://eurovoc.europa.eu/4337,http://eurovoc.europa.eu/4327,PARENT_CONCEPT_OF
http://eurovoc.europa.eu/1010,http://eurovoc.europa.eu/3267,PARENT_CONCEPT_OF
http://eurovoc.europa.eu/6222,http://eurovoc.europa.eu/5552,PARENT_CONCEPT_OF
http://eurovoc.europa.eu/1474,http://eurovoc.europa.eu/5403,PARENT_CONCEPT_OF
http://eurovoc.europa.eu/4372,http://eurovoc.europa.eu/4369,PARENT_CONCEPT_OF
http://eurovoc.europa.eu/1885,http://eurovoc.europa.eu/c_d1c21de0,PARENT_CONCEPT_OF
http://eurovoc.europa.eu/1885,http://eurovoc.europa.eu/4577,PARENT_CONCEPT_OF
http://eurovoc.europa.eu/1885,http://eurovoc.europa.eu/1736,PARENT_CONCEPT_OF
http://eurovoc.europa.eu/5585,http://eurovoc.europa.eu/c_b46c2b62,PARENT_CONCEPT_OF
http://eurovoc.europa.eu/597,http://eurovoc.europa.eu/600,PARENT_CONCEPT_OF
http://eurovoc.europa.eu/2605,http://eurovoc.europa.eu/2601,PARENT_CONCEPT_OF
http://eurovoc.europa.eu/3650,http://eurovoc.europa.eu/3637,PARENT_CONCEPT_OF
http://eurovoc.europa.eu/3206,http://eurovoc.europa.eu/2835,PARENT_CONCEPT_OF
http://eurovoc.europa.eu/3619,http://eurovoc.europa.eu/2712,PARENT_CONCEPT_OF
http://eurovoc.europa.eu/3617,http://eurovoc.europa.eu/3616,PARENT_CONCEPT_OF
http://eurovoc.europa.eu/2034,http://eurovoc.europa.eu/2096,PARENT_CONCEPT_OF
http://eurovoc.europa.eu/895,http://eurovoc.europa.eu/771,PARENT_CONCEPT_OF
http://eurovoc.europa.eu/4983,http://eurovoc.europa.eu/5015,PARENT_CONCEPT_OF
http://eurovoc.europa.eu/309,http://eurovoc.europa.eu/3260,PARENT_CONCEPT_OF
http://eurovoc.europa.eu/667,http://eurovoc.europa.eu/5569,PARENT_CONCEPT_OF
http://eurovoc.europa.eu/4424,http://eurovoc.europa.eu/4502,PARENT_CONCEPT_OF
http://eurovoc.europa.eu/4424,http://eurovoc.europa.eu/6139,PARENT_CONCEPT_OF
http://eurovoc.europa.eu/2566,http://eurovoc.europa.eu/4384,PARENT_CONCEPT_OF
http://eurovoc.europa.eu/4039,http://eurovoc.europa.eu/1853,PARENT_CONCEPT_OF
http://eurovoc.europa.eu/6271,http://eurovoc.europa.eu/6307,PARENT_CONCEPT_OF
http://eurovoc.europa.eu/3780,http://eurovoc.europa.eu/5438,PARENT_CONCEPT_OF
http://eurovoc.europa.eu/5556,http://eurovoc.europa.eu/5617,PARENT_CONCEPT_OF
http://eurovoc.europa.eu/4048,http://eurovoc.europa.eu/5406,PARENT_CONCEPT_OF
http://eurovoc.europa.eu/3438,http://eurovoc.europa.eu/4740,PARENT_CONCEPT_OF
http://eurovoc.europa.eu/159,http://eurovoc.europa.eu/1093,PARENT_CONCEPT_OF
http://eurovoc.europa.eu/885,http://eurovoc.europa.eu/886,PARENT_CONCEPT_OF
http://eurovoc.europa.eu/2599,http://eurovoc.europa.eu/5808,PARENT_CONCEPT_OF
http://eurovoc.europa.eu/5651,http://eurovoc.europa.eu/6744,PARENT_CONCEPT_OF
http://eurovoc.europa.eu/5651,http://eurovoc.europa.eu/6260,PARENT_CONCEPT_OF
http://eurovoc.europa.eu/1821,http://eurovoc.europa.eu/3665,PARENT_CONCEPT_OF
http://eurovoc.europa.eu/3751,http://eurovoc.europa.eu/3362,PARENT_CONCEPT_OF
http://eurovoc.europa.eu/5889,http://eurovoc.europa.eu/c_9a27a573,PARENT_CONCEPT_OF
http://eurovoc.europa.eu/6709,http://eurovoc.europa.eu/7953,PARENT_CONCEPT_OF
http://eurovoc.europa.eu/4005,http://eurovoc.europa.eu/2867,PARENT_CONCEPT_OF
http://eurovoc.europa.eu/2773,http://eurovoc.europa.eu/4733,PARENT_CONCEPT_OF
http://eurovoc.europa.eu/1580,http://eurovoc.europa.eu/5701,PARENT_CONCEPT_OF
http://eurovoc.europa.eu/1580,http://eurovoc.europa.eu/5703,PARENT_CONCEPT_OF
http://eurovoc.europa.eu/848,http://eurovoc.europa.eu/467,PARENT_CONCEPT_OF
http://eurovoc.europa.eu/2876,http://eurovoc.europa.eu/2874,PARENT_CONCEPT_OF
http://eurovoc.europa.eu/3017,http://eurovoc.europa.eu/c_12e208c8,PARENT_CONCEPT_OF
http://eurovoc.europa.eu/5593,http://eurovoc.europa.eu/30855,PARENT_CONCEPT_OF
http://eurovoc.europa.eu/5525,http://eurovoc.europa.eu/91,PARENT_CONCEPT_OF
http://eurovoc.europa.eu/1934,http://eurovoc.europa.eu/3755,PARENT_CONCEPT_OF
http://eurovoc.europa.eu/3575,http://eurovoc.europa.eu/5522,PARENT_CONCEPT_OF
http://eurovoc.europa.eu/3739,http://eurovoc.europa.eu/1893,PARENT_CONCEPT_OF
http://eurovoc.europa.eu/3065,http://eurovoc.europa.eu/3618,PARENT_CONCEPT_OF
http://eurovoc.europa.eu/3065,http://eurovoc.europa.eu/5025,PARENT_CONCEPT_OF
http://eurovoc.europa.eu/3367,http://eurovoc.europa.eu/5432,PARENT_CONCEPT_OF
http://eurovoc.europa.eu/2271,http://eurovoc.europa.eu/2272,PARENT_CONCEPT_OF
http://eurovoc.europa.eu/5190,http://eurovoc.europa.eu/6777,PARENT_CONCEPT_OF
http://eurovoc.europa.eu/1800,http://eurovoc.europa.eu/6786,PARENT_CONCEPT_OF
http://eurovoc.europa.eu/4705,http://eurovoc.europa.eu/1444,PARENT_CONCEPT_OF
http://eurovoc.europa.eu/2175,http://eurovoc.europa.eu/2973,PARENT_CONCEPT_OF
http://eurovoc.europa.eu/2188,http://eurovoc.europa.eu/6163,PARENT_CONCEPT_OF
http://eurovoc.europa.eu/2188,http://eurovoc.europa.eu/1194,PARENT_CONCEPT_OF
http://eurovoc.europa.eu/2188,http://eurovoc.europa.eu/c_a02d5941,PARENT_CONCEPT_OF
http://eurovoc.europa.eu/4017,http://eurovoc.europa.eu/4030,PARENT_CONCEPT_OF
http://eurovoc.europa.eu/5258,http://eurovoc.europa.eu/449,PARENT_CONCEPT_OF
http://eurovoc.europa.eu/525,http://eurovoc.europa.eu/4018,PARENT_CONCEPT_OF
http://eurovoc.europa.eu/637,http://eurovoc.europa.eu/660,PARENT_CONCEPT_OF
http://eurovoc.europa.eu/3013,http://eurovoc.europa.eu/646,PARENT_CONCEPT_OF
http://eurovoc.europa.eu/3013,http://eurovoc.europa.eu/4601,PARENT_CONCEPT_OF
http://eurovoc.europa.eu/3092,http://eurovoc.europa.eu/5677,PARENT_CONCEPT_OF
http://eurovoc.europa.eu/3257,http://eurovoc.europa.eu/5987,PARENT_CONCEPT_OF
http://eurovoc.europa.eu/5283,http://eurovoc.europa.eu/4839,PARENT_CONCEPT_OF
http://eurovoc.europa.eu/1794,http://eurovoc.europa.eu/1532,PARENT_CONCEPT_OF
http://eurovoc.europa.eu/4069,http://eurovoc.europa.eu/5020,PARENT_CONCEPT_OF
http://eurovoc.europa.eu/4069,http://eurovoc.europa.eu/2224,PARENT_CONCEPT_OF
http://eurovoc.europa.eu/4069,http://eurovoc.europa.eu/1208,PARENT_CONCEPT_OF
http://eurovoc.europa.eu/8278,http://eurovoc.europa.eu/5469,PARENT_CONCEPT_OF
http://eurovoc.europa.eu/8366,http://eurovoc.europa.eu/3774,PARENT_CONCEPT_OF
http://eurovoc.europa.eu/8366,http://eurovoc.europa.eu/7198,PARENT_CONCEPT_OF
http://eurovoc.europa.eu/c_2b2e17b1,http://eurovoc.europa.eu/5946,PARENT_CONCEPT_OF
http://eurovoc.europa.eu/5083,http://eurovoc.europa.eu/6280,PARENT_CONCEPT_OF
http://eurovoc.europa.eu/5083,http://eurovoc.europa.eu/3405,PARENT_CONCEPT_OF
http://eurovoc.europa.eu/5083,http://eurovoc.europa.eu/3401,PARENT_CONCEPT_OF
http://eurovoc.europa.eu/5083,http://eurovoc.europa.eu/3833,PARENT_CONCEPT_OF
http://eurovoc.europa.eu/5083,http://eurovoc.europa.eu/1769,PARENT_CONCEPT_OF
http://eurovoc.europa.eu/5265,http://eurovoc.europa.eu/1228,PARENT_CONCEPT_OF
http://eurovoc.europa.eu/5265,http://eurovoc.europa.eu/3401,PARENT_CONCEPT_OF
http://eurovoc.europa.eu/c_964c9649,http://eurovoc.europa.eu/690,PARENT_CONCEPT_OF
http://eurovoc.europa.eu/c_964c9649,http://eurovoc.europa.eu/891,PARENT_CONCEPT_OF
http://eurovoc.europa.eu/c_964c9649,http://eurovoc.europa.eu/321,PARENT_CONCEPT_OF
http://eurovoc.europa.eu/1847,http://eurovoc.europa.eu/5049,PARENT_CONCEPT_OF
http://eurovoc.europa.eu/1847,http://eurovoc.europa.eu/2368,PARENT_CONCEPT_OF
http://eurovoc.europa.eu/6205,http://eurovoc.europa.eu/5876,PARENT_CONCEPT_OF
http://eurovoc.europa.eu/6205,http://eurovoc.europa.eu/235,PARENT_CONCEPT_OF
http://eurovoc.europa.eu/5781,http://eurovoc.europa.eu/5469,PARENT_CONCEPT_OF
http://eurovoc.europa.eu/8369,http://eurovoc.europa.eu/1560,PARENT_CONCEPT_OF
http://eurovoc.europa.eu/5302,http://eurovoc.europa.eu/1216,PARENT_CONCEPT_OF
http://eurovoc.europa.eu/5780,http://eurovoc.europa.eu/1125,PARENT_CONCEPT_OF
http://eurovoc.europa.eu/5780,http://eurovoc.europa.eu/1518,PARENT_CONCEPT_OF
http://eurovoc.europa.eu/c_b2c019c8,http://eurovoc.europa.eu/5989,PARENT_CONCEPT_OF
http://eurovoc.europa.eu/c_b2c019c8,http://eurovoc.europa.eu/6278,PARENT_CONCEPT_OF
http://eurovoc.europa.eu/c_b2c019c8,http://eurovoc.europa.eu/4466,PARENT_CONCEPT_OF
http://eurovoc.europa.eu/c_b2c019c8,http://eurovoc.europa.eu/4148,PARENT_CONCEPT_OF
http://eurovoc.europa.eu/5778,http://eurovoc.europa.eu/2231,PARENT_CONCEPT_OF
http://eurovoc.europa.eu/5778,http://eurovoc.europa.eu/5040,PARENT_CONCEPT_OF
http://eurovoc.europa.eu/2148,http://eurovoc.europa.eu/4662,PARENT_CONCEPT_OF
http://eurovoc.europa.eu/2106,http://eurovoc.europa.eu/1019,PARENT_CONCEPT_OF
http://eurovoc.europa.eu/2106,http://eurovoc.europa.eu/5860,PARENT_CONCEPT_OF
http://eurovoc.europa.eu/2106,http://eurovoc.europa.eu/863,PARENT_CONCEPT_OF
http://eurovoc.europa.eu/2106,http://eurovoc.europa.eu/5965,PARENT_CONCEPT_OF
http://eurovoc.europa.eu/37846,http://eurovoc.europa.eu/484,PARENT_CONCEPT_OF
http://eurovoc.europa.eu/37846,http://eurovoc.europa.eu/4217,PARENT_CONCEPT_OF
http://eurovoc.europa.eu/37846,http://eurovoc.europa.eu/2203,PARENT_CONCEPT_OF
http://eurovoc.europa.eu/2737,http://eurovoc.europa.eu/c_f0515b4a,PARENT_CONCEPT_OF
http://eurovoc.europa.eu/4300,http://eurovoc.europa.eu/115,PARENT_CONCEPT_OF
http://eurovoc.europa.eu/2469,http://eurovoc.europa.eu/1956,PARENT_CONCEPT_OF
http://eurovoc.europa.eu/4703,http://eurovoc.europa.eu/2889,PARENT_CONCEPT_OF
http://eurovoc.europa.eu/744,http://eurovoc.europa.eu/749,PARENT_CONCEPT_OF
http://eurovoc.europa.eu/5923,http://eurovoc.europa.eu/5691,PARENT_CONCEPT_OF
http://eurovoc.europa.eu/5923,http://eurovoc.europa.eu/1541,PARENT_CONCEPT_OF
http://eurovoc.europa.eu/138,http://eurovoc.europa.eu/6216,PARENT_CONCEPT_OF
http://eurovoc.europa.eu/2702,http://eurovoc.europa.eu/4119,PARENT_CONCEPT_OF
http://eurovoc.europa.eu/494,http://eurovoc.europa.eu/6188,PARENT_CONCEPT_OF
http://eurovoc.europa.eu/486,http://eurovoc.europa.eu/6765,PARENT_CONCEPT_OF
http://eurovoc.europa.eu/486,http://eurovoc.europa.eu/4168,PARENT_CONCEPT_OF
http://eurovoc.europa.eu/4366,http://eurovoc.europa.eu/2492,PARENT_CONCEPT_OF
http://eurovoc.europa.eu/4415,http://eurovoc.europa.eu/3909,PARENT_CONCEPT_OF
http://eurovoc.europa.eu/4415,http://eurovoc.europa.eu/3651,PARENT_CONCEPT_OF
http://eurovoc.europa.eu/3632,http://eurovoc.europa.eu/179,PARENT_CONCEPT_OF
http://eurovoc.europa.eu/3689,http://eurovoc.europa.eu/3692,PARENT_CONCEPT_OF
http://eurovoc.europa.eu/1737,http://eurovoc.europa.eu/4559,PARENT_CONCEPT_OF
http://eurovoc.europa.eu/1737,http://eurovoc.europa.eu/c_9eb9cbaa,PARENT_CONCEPT_OF
http://eurovoc.europa.eu/1802,http://eurovoc.europa.eu/4851,PARENT_CONCEPT_OF
http://eurovoc.europa.eu/1802,http://eurovoc.europa.eu/1946,PARENT_CONCEPT_OF
http://eurovoc.europa.eu/929,http://eurovoc.europa.eu/763,PARENT_CONCEPT_OF
http://eurovoc.europa.eu/929,http://eurovoc.europa.eu/1675,PARENT_CONCEPT_OF
http://eurovoc.europa.eu/394,http://eurovoc.europa.eu/398,PARENT_CONCEPT_OF
http://eurovoc.europa.eu/1386,http://eurovoc.europa.eu/1393,PARENT_CONCEPT_OF
http://eurovoc.europa.eu/1386,http://eurovoc.europa.eu/6825,PARENT_CONCEPT_OF
http://eurovoc.europa.eu/2493,http://eurovoc.europa.eu/4312,PARENT_CONCEPT_OF
http://eurovoc.europa.eu/795,http://eurovoc.europa.eu/801,PARENT_CONCEPT_OF
http://eurovoc.europa.eu/784,http://eurovoc.europa.eu/672,PARENT_CONCEPT_OF
http://eurovoc.europa.eu/2170,http://eurovoc.europa.eu/2118,PARENT_CONCEPT_OF
http://eurovoc.europa.eu/2172,http://eurovoc.europa.eu/34565,PARENT_CONCEPT_OF
http://eurovoc.europa.eu/2172,http://eurovoc.europa.eu/2201,PARENT_CONCEPT_OF
http://eurovoc.europa.eu/4416,http://eurovoc.europa.eu/2226,PARENT_CONCEPT_OF
http://eurovoc.europa.eu/5640,http://eurovoc.europa.eu/8465,PARENT_CONCEPT_OF
http://eurovoc.europa.eu/2163,http://eurovoc.europa.eu/6054,PARENT_CONCEPT_OF
http://eurovoc.europa.eu/1451,http://eurovoc.europa.eu/5455,PARENT_CONCEPT_OF
http://eurovoc.europa.eu/5769,http://eurovoc.europa.eu/5427,PARENT_CONCEPT_OF
http://eurovoc.europa.eu/5769,http://eurovoc.europa.eu/6128,PARENT_CONCEPT_OF
http://eurovoc.europa.eu/5769,http://eurovoc.europa.eu/c_047e5912,PARENT_CONCEPT_OF
http://eurovoc.europa.eu/5769,http://eurovoc.europa.eu/6072,PARENT_CONCEPT_OF
http://eurovoc.europa.eu/3058,http://eurovoc.europa.eu/5846,PARENT_CONCEPT_OF
http://eurovoc.europa.eu/4515,http://eurovoc.europa.eu/2040,PARENT_CONCEPT_OF
http://eurovoc.europa.eu/4522,http://eurovoc.europa.eu/3129,PARENT_CONCEPT_OF
http://eurovoc.europa.eu/2517,http://eurovoc.europa.eu/3347,PARENT_CONCEPT_OF
http://eurovoc.europa.eu/2690,http://eurovoc.europa.eu/5314,PARENT_CONCEPT_OF
http://eurovoc.europa.eu/2705,http://eurovoc.europa.eu/1518,PARENT_CONCEPT_OF
http://eurovoc.europa.eu/2705,http://eurovoc.europa.eu/4776,PARENT_CONCEPT_OF
http://eurovoc.europa.eu/2858,http://eurovoc.europa.eu/4164,PARENT_CONCEPT_OF
http://eurovoc.europa.eu/2858,http://eurovoc.europa.eu/4966,PARENT_CONCEPT_OF
http://eurovoc.europa.eu/2417,http://eurovoc.europa.eu/1554,PARENT_CONCEPT_OF
http://eurovoc.europa.eu/3956,http://eurovoc.europa.eu/3933,PARENT_CONCEPT_OF
http://eurovoc.europa.eu/3783,http://eurovoc.europa.eu/3782,PARENT_CONCEPT_OF
http://eurovoc.europa.eu/3783,http://eurovoc.europa.eu/751,PARENT_CONCEPT_OF
http://eurovoc.europa.eu/753,http://eurovoc.europa.eu/6047,PARENT_CONCEPT_OF
http://eurovoc.europa.eu/2015,http://eurovoc.europa.eu/4651,PARENT_CONCEPT_OF
http://eurovoc.europa.eu/1954,http://eurovoc.europa.eu/4528,PARENT_CONCEPT_OF
http://eurovoc.europa.eu/2181,http://eurovoc.europa.eu/2350,PARENT_CONCEPT_OF
http://eurovoc.europa.eu/1538,http://eurovoc.europa.eu/5954,PARENT_CONCEPT_OF
http://eurovoc.europa.eu/5259,http://eurovoc.europa.eu/1293,PARENT_CONCEPT_OF
http://eurovoc.europa.eu/1615,http://eurovoc.europa.eu/888,PARENT_CONCEPT_OF
http://eurovoc.europa.eu/3584,http://eurovoc.europa.eu/810,PARENT_CONCEPT_OF
http://eurovoc.europa.eu/3185,http://eurovoc.europa.eu/2851,PARENT_CONCEPT_OF
http://eurovoc.europa.eu/11,http://eurovoc.europa.eu/2748,PARENT_CONCEPT_OF
http://eurovoc.europa.eu/11,http://eurovoc.europa.eu/1616,PARENT_CONCEPT_OF
http://eurovoc.europa.eu/53,http://eurovoc.europa.eu/7952,PARENT_CONCEPT_OF
http://eurovoc.europa.eu/2481,http://eurovoc.europa.eu/c_b18ab65c,PARENT_CONCEPT_OF
http://eurovoc.europa.eu/2707,http://eurovoc.europa.eu/2721,PARENT_CONCEPT_OF
http://eurovoc.europa.eu/523,http://eurovoc.europa.eu/186,PARENT_CONCEPT_OF
http://eurovoc.europa.eu/523,http://eurovoc.europa.eu/4274,PARENT_CONCEPT_OF
http://eurovoc.europa.eu/5974,http://eurovoc.europa.eu/3515,PARENT_CONCEPT_OF
http://eurovoc.europa.eu/2468,http://eurovoc.europa.eu/1742,PARENT_CONCEPT_OF
http://eurovoc.europa.eu/1018,http://eurovoc.europa.eu/1017,PARENT_CONCEPT_OF
http://eurovoc.europa.eu/1018,http://eurovoc.europa.eu/5054,PARENT_CONCEPT_OF
http://eurovoc.europa.eu/4414,http://eurovoc.europa.eu/5447,PARENT_CONCEPT_OF
http://eurovoc.europa.eu/4414,http://eurovoc.europa.eu/5678,PARENT_CONCEPT_OF
http://eurovoc.europa.eu/2443,http://eurovoc.europa.eu/c_8b0ac3e2,PARENT_CONCEPT_OF
http://eurovoc.europa.eu/2443,http://eurovoc.europa.eu/8459,PARENT_CONCEPT_OF
http://eurovoc.europa.eu/2467,http://eurovoc.europa.eu/5178,PARENT_CONCEPT_OF
http://eurovoc.europa.eu/2187,http://eurovoc.europa.eu/6161,PARENT_CONCEPT_OF
http://eurovoc.europa.eu/656,http://eurovoc.europa.eu/666,PARENT_CONCEPT_OF
http://eurovoc.europa.eu/3451,http://eurovoc.europa.eu/4292,PARENT_CONCEPT_OF
http://eurovoc.europa.eu/2628,http://eurovoc.europa.eu/5783,PARENT_CONCEPT_OF
http://eurovoc.europa.eu/2647,http://eurovoc.europa.eu/1944,PARENT_CONCEPT_OF
http://eurovoc.europa.eu/2464,http://eurovoc.europa.eu/2499,PARENT_CONCEPT_OF
http://eurovoc.europa.eu/2464,http://eurovoc.europa.eu/6379,PARENT_CONCEPT_OF
http://eurovoc.europa.eu/335,http://eurovoc.europa.eu/1421,PARENT_CONCEPT_OF
http://eurovoc.europa.eu/4305,http://eurovoc.europa.eu/1470,PARENT_CONCEPT_OF
http://eurovoc.europa.eu/2510,http://eurovoc.europa.eu/178,PARENT_CONCEPT_OF
http://eurovoc.europa.eu/2510,http://eurovoc.europa.eu/1075,PARENT_CONCEPT_OF
http://eurovoc.europa.eu/2486,http://eurovoc.europa.eu/204,PARENT_CONCEPT_OF
http://eurovoc.europa.eu/1372,http://eurovoc.europa.eu/4260,PARENT_CONCEPT_OF
http://eurovoc.europa.eu/1372,http://eurovoc.europa.eu/c_cb1ce6ff,PARENT_CONCEPT_OF
http://eurovoc.europa.eu/2320,http://eurovoc.europa.eu/2384,PARENT_CONCEPT_OF
http://eurovoc.europa.eu/3946,http://eurovoc.europa.eu/709,PARENT_CONCEPT_OF
http://eurovoc.europa.eu/3946,http://eurovoc.europa.eu/5287,PARENT_CONCEPT_OF
http://eurovoc.europa.eu/3131,http://eurovoc.europa.eu/172,PARENT_CONCEPT_OF
http://eurovoc.europa.eu/3131,http://eurovoc.europa.eu/3107,PARENT_CONCEPT_OF
http://eurovoc.europa.eu/3878,http://eurovoc.europa.eu/1549,PARENT_CONCEPT_OF
http://eurovoc.europa.eu/3878,http://eurovoc.europa.eu/2314,PARENT_CONCEPT_OF
http://eurovoc.europa.eu/573,http://eurovoc.europa.eu/c_c3185a19,PARENT_CONCEPT_OF
http://eurovoc.europa.eu/3954,http://eurovoc.europa.eu/3963,PARENT_CONCEPT_OF
http://eurovoc.europa.eu/1432,http://eurovoc.europa.eu/7944,PARENT_CONCEPT_OF
http://eurovoc.europa.eu/1432,http://eurovoc.europa.eu/6612,PARENT_CONCEPT_OF
http://eurovoc.europa.eu/1520,http://eurovoc.europa.eu/4468,PARENT_CONCEPT_OF
http://eurovoc.europa.eu/1520,http://eurovoc.europa.eu/2139,PARENT_CONCEPT_OF
http://eurovoc.europa.eu/7855,http://eurovoc.europa.eu/7856,PARENT_CONCEPT_OF
http://eurovoc.europa.eu/6135,http://eurovoc.europa.eu/6249,PARENT_CONCEPT_OF
http://eurovoc.europa.eu/6135,http://eurovoc.europa.eu/6250,PARENT_CONCEPT_OF
http://eurovoc.europa.eu/7817,http://eurovoc.europa.eu/7839,PARENT_CONCEPT_OF
http://eurovoc.europa.eu/8189,http://eurovoc.europa.eu/8497,PARENT_CONCEPT_OF
http://eurovoc.europa.eu/8189,http://eurovoc.europa.eu/8490,PARENT_CONCEPT_OF
http://eurovoc.europa.eu/337,http://eurovoc.europa.eu/4296,PARENT_CONCEPT_OF
http://eurovoc.europa.eu/7816,http://eurovoc.europa.eu/7843,PARENT_CONCEPT_OF
http://eurovoc.europa.eu/1506,http://eurovoc.europa.eu/1610,PARENT_CONCEPT_OF
http://eurovoc.europa.eu/1329,http://eurovoc.europa.eu/5039,PARENT_CONCEPT_OF
http://eurovoc.europa.eu/1184,http://eurovoc.europa.eu/7889,PARENT_CONCEPT_OF
http://eurovoc.europa.eu/1748,http://eurovoc.europa.eu/1746,PARENT_CONCEPT_OF
http://eurovoc.europa.eu/1953,http://eurovoc.europa.eu/3977,PARENT_CONCEPT_OF
http://eurovoc.europa.eu/4222,http://eurovoc.europa.eu/148,PARENT_CONCEPT_OF
http://eurovoc.europa.eu/4222,http://eurovoc.europa.eu/5813,PARENT_CONCEPT_OF
http://eurovoc.europa.eu/4222,http://eurovoc.europa.eu/528,PARENT_CONCEPT_OF
http://eurovoc.europa.eu/3581,http://eurovoc.europa.eu/2863,PARENT_CONCEPT_OF
http://eurovoc.europa.eu/3151,http://eurovoc.europa.eu/3723,PARENT_CONCEPT_OF
http://eurovoc.europa.eu/2090,http://eurovoc.europa.eu/2521,PARENT_CONCEPT_OF
http://eurovoc.europa.eu/2524,http://eurovoc.europa.eu/2539,PARENT_CONCEPT_OF
http://eurovoc.europa.eu/2524,http://eurovoc.europa.eu/c_c66cbe5f,PARENT_CONCEPT_OF
http://eurovoc.europa.eu/2524,http://eurovoc.europa.eu/2532,PARENT_CONCEPT_OF
http://eurovoc.europa.eu/371,http://eurovoc.europa.eu/4800,PARENT_CONCEPT_OF
http://eurovoc.europa.eu/343,http://eurovoc.europa.eu/5336,PARENT_CONCEPT_OF
http://eurovoc.europa.eu/4619,http://eurovoc.europa.eu/4443,PARENT_CONCEPT_OF
http://eurovoc.europa.eu/2179,http://eurovoc.europa.eu/258,PARENT_CONCEPT_OF
http://eurovoc.europa.eu/1455,http://eurovoc.europa.eu/4591,PARENT_CONCEPT_OF
http://eurovoc.europa.eu/1455,http://eurovoc.europa.eu/5249,PARENT_CONCEPT_OF
http://eurovoc.europa.eu/1455,http://eurovoc.europa.eu/2141,PARENT_CONCEPT_OF
http://eurovoc.europa.eu/8380,http://eurovoc.europa.eu/8383,PARENT_CONCEPT_OF
http://eurovoc.europa.eu/8380,http://eurovoc.europa.eu/4611,PARENT_CONCEPT_OF
http://eurovoc.europa.eu/4365,http://eurovoc.europa.eu/4614,PARENT_CONCEPT_OF
http://eurovoc.europa.eu/2736,http://eurovoc.europa.eu/2730,PARENT_CONCEPT_OF
http://eurovoc.europa.eu/2736,http://eurovoc.europa.eu/2753,PARENT_CONCEPT_OF
http://eurovoc.europa.eu/1258,http://eurovoc.europa.eu/2760,PARENT_CONCEPT_OF
http://eurovoc.europa.eu/1258,http://eurovoc.europa.eu/2757,PARENT_CONCEPT_OF
http://eurovoc.europa.eu/4413,http://eurovoc.europa.eu/2165,PARENT_CONCEPT_OF
http://eurovoc.europa.eu/99,http://eurovoc.europa.eu/5335,PARENT_CONCEPT_OF
http://eurovoc.europa.eu/3450,http://eurovoc.europa.eu/5957,PARENT_CONCEPT_OF
http://eurovoc.europa.eu/3476,http://eurovoc.europa.eu/4270,PARENT_CONCEPT_OF
http://eurovoc.europa.eu/4697,http://eurovoc.europa.eu/3498,PARENT_CONCEPT_OF
http://eurovoc.europa.eu/6722,http://eurovoc.europa.eu/3112,PARENT_CONCEPT_OF
http://eurovoc.europa.eu/4671,http://eurovoc.europa.eu/4633,PARENT_CONCEPT_OF
http://eurovoc.europa.eu/1063,http://eurovoc.europa.eu/6328,PARENT_CONCEPT_OF
http://eurovoc.europa.eu/651,http://eurovoc.europa.eu/2994,PARENT_CONCEPT_OF
http://eurovoc.europa.eu/557,http://eurovoc.europa.eu/4000,PARENT_CONCEPT_OF
http://eurovoc.europa.eu/2178,http://eurovoc.europa.eu/4252,PARENT_CONCEPT_OF
http://eurovoc.europa.eu/965,http://eurovoc.europa.eu/967,PARENT_CONCEPT_OF
http://eurovoc.europa.eu/540,http://eurovoc.europa.eu/483,PARENT_CONCEPT_OF
http://eurovoc.europa.eu/914,http://eurovoc.europa.eu/5892,PARENT_CONCEPT_OF
http://eurovoc.europa.eu/911,http://eurovoc.europa.eu/5774,PARENT_CONCEPT_OF
http://eurovoc.europa.eu/2014,http://eurovoc.europa.eu/764,PARENT_CONCEPT_OF
http://eurovoc.europa.eu/2014,http://eurovoc.europa.eu/c_39cda9ba,PARENT_CONCEPT_OF
http://eurovoc.europa.eu/5842,http://eurovoc.europa.eu/3174,PARENT_CONCEPT_OF
http://eurovoc.europa.eu/4436,http://eurovoc.europa.eu/1137,PARENT_CONCEPT_OF
http://eurovoc.europa.eu/5576,http://eurovoc.europa.eu/5577,PARENT_CONCEPT_OF
http://eurovoc.europa.eu/5576,http://eurovoc.europa.eu/5579,PARENT_CONCEPT_OF
http://eurovoc.europa.eu/54,http://eurovoc.europa.eu/3602,PARENT_CONCEPT_OF
http://eurovoc.europa.eu/1488,http://eurovoc.europa.eu/1497,PARENT_CONCEPT_OF
http://eurovoc.europa.eu/1488,http://eurovoc.europa.eu/1495,PARENT_CONCEPT_OF
http://eurovoc.europa.eu/1000,http://eurovoc.europa.eu/1001,PARENT_CONCEPT_OF
http://eurovoc.europa.eu/1410,http://eurovoc.europa.eu/5243,PARENT_CONCEPT_OF
http://eurovoc.europa.eu/6011,http://eurovoc.europa.eu/4786,PARENT_CONCEPT_OF
http://eurovoc.europa.eu/3146,http://eurovoc.europa.eu/2389,PARENT_CONCEPT_OF
http://eurovoc.europa.eu/2479,http://eurovoc.europa.eu/72687,PARENT_CONCEPT_OF
http://eurovoc.europa.eu/1754,http://eurovoc.europa.eu/1760,PARENT_CONCEPT_OF
http://eurovoc.europa.eu/1754,http://eurovoc.europa.eu/5431,PARENT_CONCEPT_OF
http://eurovoc.europa.eu/5881,http://eurovoc.europa.eu/2923,PARENT_CONCEPT_OF
http://eurovoc.europa.eu/3778,http://eurovoc.europa.eu/15933,PARENT_CONCEPT_OF
http://eurovoc.europa.eu/2287,http://eurovoc.europa.eu/2820,PARENT_CONCEPT_OF
http://eurovoc.europa.eu/4189,http://eurovoc.europa.eu/1247,PARENT_CONCEPT_OF
http://eurovoc.europa.eu/4189,http://eurovoc.europa.eu/4201,PARENT_CONCEPT_OF
http://eurovoc.europa.eu/2460,http://eurovoc.europa.eu/500,PARENT_CONCEPT_OF
http://eurovoc.europa.eu/3489,http://eurovoc.europa.eu/208,PARENT_CONCEPT_OF
http://eurovoc.europa.eu/3489,http://eurovoc.europa.eu/4123,PARENT_CONCEPT_OF
http://eurovoc.europa.eu/3074,http://eurovoc.europa.eu/3075,PARENT_CONCEPT_OF
http://eurovoc.europa.eu/3074,http://eurovoc.europa.eu/c_50620749,PARENT_CONCEPT_OF
http://eurovoc.europa.eu/1362,http://eurovoc.europa.eu/6914,PARENT_CONCEPT_OF
http://eurovoc.europa.eu/3809,http://eurovoc.europa.eu/c_b9c60592,PARENT_CONCEPT_OF
http://eurovoc.europa.eu/538,http://eurovoc.europa.eu/3916,PARENT_CONCEPT_OF
http://eurovoc.europa.eu/6034,http://eurovoc.europa.eu/5119,PARENT_CONCEPT_OF
http://eurovoc.europa.eu/2166,http://eurovoc.europa.eu/5450,PARENT_CONCEPT_OF
http://eurovoc.europa.eu/517,http://eurovoc.europa.eu/7365,PARENT_CONCEPT_OF
http://eurovoc.europa.eu/5877,http://eurovoc.europa.eu/1755,PARENT_CONCEPT_OF
http://eurovoc.europa.eu/5877,http://eurovoc.europa.eu/5462,PARENT_CONCEPT_OF
http://eurovoc.europa.eu/4486,http://eurovoc.europa.eu/4501,PARENT_CONCEPT_OF
http://eurovoc.europa.eu/4486,http://eurovoc.europa.eu/4441,PARENT_CONCEPT_OF
http://eurovoc.europa.eu/2498,http://eurovoc.europa.eu/4507,PARENT_CONCEPT_OF
http://eurovoc.europa.eu/2639,http://eurovoc.europa.eu/2682,PARENT_CONCEPT_OF
http://eurovoc.europa.eu/2632,http://eurovoc.europa.eu/2670,PARENT_CONCEPT_OF
http://eurovoc.europa.eu/2656,http://eurovoc.europa.eu/2668,PARENT_CONCEPT_OF
http://eurovoc.europa.eu/3895,http://eurovoc.europa.eu/1384,PARENT_CONCEPT_OF
http://eurovoc.europa.eu/4630,http://eurovoc.europa.eu/4444,PARENT_CONCEPT_OF
http://eurovoc.europa.eu/4412,http://eurovoc.europa.eu/832,PARENT_CONCEPT_OF
http://eurovoc.europa.eu/2488,http://eurovoc.europa.eu/3167,PARENT_CONCEPT_OF
http://eurovoc.europa.eu/2487,http://eurovoc.europa.eu/5542,PARENT_CONCEPT_OF
http://eurovoc.europa.eu/1282,http://eurovoc.europa.eu/1478,PARENT_CONCEPT_OF
http://eurovoc.europa.eu/2191,http://eurovoc.europa.eu/1044,PARENT_CONCEPT_OF
http://eurovoc.europa.eu/5442,http://eurovoc.europa.eu/5499,PARENT_CONCEPT_OF
http://eurovoc.europa.eu/1804,http://eurovoc.europa.eu/4263,PARENT_CONCEPT_OF
http://eurovoc.europa.eu/1804,http://eurovoc.europa.eu/4187,PARENT_CONCEPT_OF
http://eurovoc.europa.eu/1804,http://eurovoc.europa.eu/1459,PARENT_CONCEPT_OF
http://eurovoc.europa.eu/1882,http://eurovoc.europa.eu/3837,PARENT_CONCEPT_OF
http://eurovoc.europa.eu/3820,http://eurovoc.europa.eu/5289,PARENT_CONCEPT_OF
http://eurovoc.europa.eu/1158,http://eurovoc.europa.eu/718,PARENT_CONCEPT_OF
http://eurovoc.europa.eu/2470,http://eurovoc.europa.eu/5682,PARENT_CONCEPT_OF
http://eurovoc.europa.eu/2470,http://eurovoc.europa.eu/2869,PARENT_CONCEPT_OF
http://eurovoc.europa.eu/1004,http://eurovoc.europa.eu/3360,PARENT_CONCEPT_OF
http://eurovoc.europa.eu/4590,http://eurovoc.europa.eu/1712,PARENT_CONCEPT_OF
http://eurovoc.europa.eu/c_6e703074,http://eurovoc.europa.eu/690,PARENT_CONCEPT_OF
http://eurovoc.europa.eu/c_6e703074,http://eurovoc.europa.eu/33,PARENT_CONCEPT_OF
http://eurovoc.europa.eu/2200,http://eurovoc.europa.eu/5706,PARENT_CONCEPT_OF
http://eurovoc.europa.eu/2200,http://eurovoc.europa.eu/5859,PARENT_CONCEPT_OF
http://eurovoc.europa.eu/122,http://eurovoc.europa.eu/4320,PARENT_CONCEPT_OF
http://eurovoc.europa.eu/122,http://eurovoc.europa.eu/5892,PARENT_CONCEPT_OF
http://eurovoc.europa.eu/122,http://eurovoc.europa.eu/5713,PARENT_CONCEPT_OF
http://eurovoc.europa.eu/2119,http://eurovoc.europa.eu/691,PARENT_CONCEPT_OF
http://eurovoc.europa.eu/2119,http://eurovoc.europa.eu/1228,PARENT_CONCEPT_OF
http://eurovoc.europa.eu/239,http://eurovoc.europa.eu/241,PARENT_CONCEPT_OF
http://eurovoc.europa.eu/239,http://eurovoc.europa.eu/1176,PARENT_CONCEPT_OF
http://eurovoc.europa.eu/2763,http://eurovoc.europa.eu/2958,PARENT_CONCEPT_OF
http://eurovoc.europa.eu/2775,http://eurovoc.europa.eu/2847,PARENT_CONCEPT_OF
http://eurovoc.europa.eu/813,http://eurovoc.europa.eu/830,PARENT_CONCEPT_OF
http://eurovoc.europa.eu/813,http://eurovoc.europa.eu/821,PARENT_CONCEPT_OF
http://eurovoc.europa.eu/3461,http://eurovoc.europa.eu/3462,PARENT_CONCEPT_OF
http://eurovoc.europa.eu/3461,http://eurovoc.europa.eu/1379,PARENT_CONCEPT_OF
http://eurovoc.europa.eu/3474,http://eurovoc.europa.eu/3483,PARENT_CONCEPT_OF
http://eurovoc.europa.eu/3474,http://eurovoc.europa.eu/3196,PARENT_CONCEPT_OF
http://eurovoc.europa.eu/3474,http://eurovoc.europa.eu/5744,PARENT_CONCEPT_OF
http://eurovoc.europa.eu/4303,http://eurovoc.europa.eu/1376,PARENT_CONCEPT_OF
http://eurovoc.europa.eu/2507,http://eurovoc.europa.eu/451069,PARENT_CONCEPT_OF
http://eurovoc.europa.eu/567,http://eurovoc.europa.eu/537,PARENT_CONCEPT_OF
http://eurovoc.europa.eu/566,http://eurovoc.europa.eu/2035,PARENT_CONCEPT_OF
http://eurovoc.europa.eu/13,http://eurovoc.europa.eu/2081,PARENT_CONCEPT_OF
http://eurovoc.europa.eu/13,http://eurovoc.europa.eu/c_8de0648a,PARENT_CONCEPT_OF
http://eurovoc.europa.eu/5268,http://eurovoc.europa.eu/2602,PARENT_CONCEPT_OF
http://eurovoc.europa.eu/2001,http://eurovoc.europa.eu/419,PARENT_CONCEPT_OF
http://eurovoc.europa.eu/4704,http://eurovoc.europa.eu/3589,PARENT_CONCEPT_OF
http://eurovoc.europa.eu/4704,http://eurovoc.europa.eu/3054,PARENT_CONCEPT_OF
http://eurovoc.europa.eu/4045,http://eurovoc.europa.eu/4087,PARENT_CONCEPT_OF
http://eurovoc.europa.eu/4045,http://eurovoc.europa.eu/2162,PARENT_CONCEPT_OF
http://eurovoc.europa.eu/1370,http://eurovoc.europa.eu/1366,PARENT_CONCEPT_OF
http://eurovoc.europa.eu/2012,http://eurovoc.europa.eu/2013,PARENT_CONCEPT_OF
http://eurovoc.europa.eu/2478,http://eurovoc.europa.eu/3652,PARENT_CONCEPT_OF
http://eurovoc.europa.eu/2478,http://eurovoc.europa.eu/2797,PARENT_CONCEPT_OF
http://eurovoc.europa.eu/2184,http://eurovoc.europa.eu/1503,PARENT_CONCEPT_OF
http://eurovoc.europa.eu/1326,http://eurovoc.europa.eu/1328,PARENT_CONCEPT_OF
http://eurovoc.europa.eu/1321,http://eurovoc.europa.eu/4407,PARENT_CONCEPT_OF
http://eurovoc.europa.eu/1325,http://eurovoc.europa.eu/1322,PARENT_CONCEPT_OF
http://eurovoc.europa.eu/2504,http://eurovoc.europa.eu/561,PARENT_CONCEPT_OF
http://eurovoc.europa.eu/1388,http://eurovoc.europa.eu/3886,PARENT_CONCEPT_OF
http://eurovoc.europa.eu/2814,http://eurovoc.europa.eu/4811,PARENT_CONCEPT_OF
http://eurovoc.europa.eu/4358,http://eurovoc.europa.eu/942,PARENT_CONCEPT_OF
http://eurovoc.europa.eu/2551,http://eurovoc.europa.eu/5906,PARENT_CONCEPT_OF
http://eurovoc.europa.eu/4886,http://eurovoc.europa.eu/2312,PARENT_CONCEPT_OF
http://eurovoc.europa.eu/2199,http://eurovoc.europa.eu/5478,PARENT_CONCEPT_OF
http://eurovoc.europa.eu/36,http://eurovoc.europa.eu/8468,PARENT_CONCEPT_OF
http://eurovoc.europa.eu/6284,http://eurovoc.europa.eu/4473,PARENT_CONCEPT_OF
http://eurovoc.europa.eu/3102,http://eurovoc.europa.eu/440710,PARENT_CONCEPT_OF
http://eurovoc.europa.eu/5606,http://eurovoc.europa.eu/5115,PARENT_CONCEPT_OF
http://eurovoc.europa.eu/5606,http://eurovoc.europa.eu/440238,PARENT_CONCEPT_OF
http://eurovoc.europa.eu/2247,http://eurovoc.europa.eu/5581,PARENT_CONCEPT_OF
http://eurovoc.europa.eu/278,http://eurovoc.europa.eu/5023,PARENT_CONCEPT_OF
http://eurovoc.europa.eu/2278,http://eurovoc.europa.eu/5896,PARENT_CONCEPT_OF
http://eurovoc.europa.eu/726,http://eurovoc.europa.eu/4592,PARENT_CONCEPT_OF
http://eurovoc.europa.eu/1355,http://eurovoc.europa.eu/4325,PARENT_CONCEPT_OF
http://eurovoc.europa.eu/4681,http://eurovoc.europa.eu/4691,PARENT_CONCEPT_OF
http://eurovoc.europa.eu/4681,http://eurovoc.europa.eu/4688,PARENT_CONCEPT_OF
http://eurovoc.europa.eu/2463,http://eurovoc.europa.eu/2805,PARENT_CONCEPT_OF
http://eurovoc.europa.eu/150,http://eurovoc.europa.eu/1301,PARENT_CONCEPT_OF
http://eurovoc.europa.eu/756,http://eurovoc.europa.eu/6031,PARENT_CONCEPT_OF
http://eurovoc.europa.eu/42,http://eurovoc.europa.eu/44,PARENT_CONCEPT_OF
http://eurovoc.europa.eu/47,http://eurovoc.europa.eu/1225,PARENT_CONCEPT_OF
http://eurovoc.europa.eu/4099,http://eurovoc.europa.eu/7136,PARENT_CONCEPT_OF
http://eurovoc.europa.eu/1589,http://eurovoc.europa.eu/5599,PARENT_CONCEPT_OF
http://eurovoc.europa.eu/6188,http://eurovoc.europa.eu/6189,PARENT_CONCEPT_OF
http://eurovoc.europa.eu/2859,http://eurovoc.europa.eu/2860,PARENT_CONCEPT_OF
http://eurovoc.europa.eu/5311,http://eurovoc.europa.eu/6768,PARENT_CONCEPT_OF
http://eurovoc.europa.eu/4865,http://eurovoc.europa.eu/4867,PARENT_CONCEPT_OF
http://eurovoc.europa.eu/453,http://eurovoc.europa.eu/92,PARENT_CONCEPT_OF
http://eurovoc.europa.eu/3800,http://eurovoc.europa.eu/4721,PARENT_CONCEPT_OF
http://eurovoc.europa.eu/4921,http://eurovoc.europa.eu/3282,PARENT_CONCEPT_OF
http://eurovoc.europa.eu/4921,http://eurovoc.europa.eu/5740,PARENT_CONCEPT_OF
http://eurovoc.europa.eu/2207,http://eurovoc.europa.eu/2209,PARENT_CONCEPT_OF
http://eurovoc.europa.eu/4771,http://eurovoc.europa.eu/131,PARENT_CONCEPT_OF
http://eurovoc.europa.eu/2516,http://eurovoc.europa.eu/c_f05a3667,PARENT_CONCEPT_OF
http://eurovoc.europa.eu/132,http://eurovoc.europa.eu/109,PARENT_CONCEPT_OF
http://eurovoc.europa.eu/1590,http://eurovoc.europa.eu/181,PARENT_CONCEPT_OF
http://eurovoc.europa.eu/5508,http://eurovoc.europa.eu/c_5cec7cfa,PARENT_CONCEPT_OF
http://eurovoc.europa.eu/2243,http://eurovoc.europa.eu/2248,PARENT_CONCEPT_OF
http://eurovoc.europa.eu/4038,http://eurovoc.europa.eu/4044,PARENT_CONCEPT_OF
http://eurovoc.europa.eu/114,http://eurovoc.europa.eu/447536,PARENT_CONCEPT_OF
http://eurovoc.europa.eu/7928,http://eurovoc.europa.eu/c_e9845504,PARENT_CONCEPT_OF
http://eurovoc.europa.eu/3052,http://eurovoc.europa.eu/1900,PARENT_CONCEPT_OF
http://eurovoc.europa.eu/2445,http://eurovoc.europa.eu/604,PARENT_CONCEPT_OF
http://eurovoc.europa.eu/3346,http://eurovoc.europa.eu/6253,PARENT_CONCEPT_OF
http://eurovoc.europa.eu/4470,http://eurovoc.europa.eu/443600,PARENT_CONCEPT_OF
http://eurovoc.europa.eu/4470,http://eurovoc.europa.eu/1373,PARENT_CONCEPT_OF
http://eurovoc.europa.eu/1727,http://eurovoc.europa.eu/4354,PARENT_CONCEPT_OF
http://eurovoc.europa.eu/5777,http://eurovoc.europa.eu/2336,PARENT_CONCEPT_OF
http://eurovoc.europa.eu/2546,http://eurovoc.europa.eu/3411,PARENT_CONCEPT_OF
http://eurovoc.europa.eu/2546,http://eurovoc.europa.eu/4466,PARENT_CONCEPT_OF
http://eurovoc.europa.eu/1670,http://eurovoc.europa.eu/7941,PARENT_CONCEPT_OF
http://eurovoc.europa.eu/4509,http://eurovoc.europa.eu/3681,PARENT_CONCEPT_OF
http://eurovoc.europa.eu/5415,http://eurovoc.europa.eu/5412,PARENT_CONCEPT_OF
http://eurovoc.europa.eu/930,http://eurovoc.europa.eu/6900,PARENT_CONCEPT_OF
http://eurovoc.europa.eu/1180,http://eurovoc.europa.eu/3415,PARENT_CONCEPT_OF
http://eurovoc.europa.eu/1624,http://eurovoc.europa.eu/841,PARENT_CONCEPT_OF
http://eurovoc.europa.eu/2748,http://eurovoc.europa.eu/1839,PARENT_CONCEPT_OF
http://eurovoc.europa.eu/4274,http://eurovoc.europa.eu/884,PARENT_CONCEPT_OF
http://eurovoc.europa.eu/3497,http://eurovoc.europa.eu/3635,PARENT_CONCEPT_OF
http://eurovoc.europa.eu/2454,http://eurovoc.europa.eu/532,PARENT_CONCEPT_OF
http://eurovoc.europa.eu/2454,http://eurovoc.europa.eu/6346,PARENT_CONCEPT_OF
http://eurovoc.europa.eu/2454,http://eurovoc.europa.eu/1627,PARENT_CONCEPT_OF
http://eurovoc.europa.eu/2971,http://eurovoc.europa.eu/6312,PARENT_CONCEPT_OF
http://eurovoc.europa.eu/2511,http://eurovoc.europa.eu/1988,PARENT_CONCEPT_OF
http://eurovoc.europa.eu/1788,http://eurovoc.europa.eu/1789,PARENT_CONCEPT_OF
http://eurovoc.europa.eu/302,http://eurovoc.europa.eu/1124,PARENT_CONCEPT_OF
http://eurovoc.europa.eu/357,http://eurovoc.europa.eu/5556,PARENT_CONCEPT_OF
http://eurovoc.europa.eu/665,http://eurovoc.europa.eu/2225,PARENT_CONCEPT_OF
http://eurovoc.europa.eu/1969,http://eurovoc.europa.eu/1972,PARENT_CONCEPT_OF
http://eurovoc.europa.eu/3931,http://eurovoc.europa.eu/6392,PARENT_CONCEPT_OF
http://eurovoc.europa.eu/632,http://eurovoc.europa.eu/c_23740d84,PARENT_CONCEPT_OF
http://eurovoc.europa.eu/4379,http://eurovoc.europa.eu/1099,PARENT_CONCEPT_OF
http://eurovoc.europa.eu/5631,http://eurovoc.europa.eu/3960,PARENT_CONCEPT_OF
http://eurovoc.europa.eu/574,http://eurovoc.europa.eu/3951,PARENT_CONCEPT_OF
http://eurovoc.europa.eu/2509,http://eurovoc.europa.eu/185,PARENT_CONCEPT_OF
http://eurovoc.europa.eu/8492,http://eurovoc.europa.eu/8509,PARENT_CONCEPT_OF
http://eurovoc.europa.eu/8496,http://eurovoc.europa.eu/8531,PARENT_CONCEPT_OF
http://eurovoc.europa.eu/8324,http://eurovoc.europa.eu/8325,PARENT_CONCEPT_OF
http://eurovoc.europa.eu/8328,http://eurovoc.europa.eu/8310,PARENT_CONCEPT_OF
http://eurovoc.europa.eu/3035,http://eurovoc.europa.eu/159,PARENT_CONCEPT_OF
http://eurovoc.europa.eu/360,http://eurovoc.europa.eu/4757,PARENT_CONCEPT_OF
http://eurovoc.europa.eu/3977,http://eurovoc.europa.eu/2223,PARENT_CONCEPT_OF
http://eurovoc.europa.eu/5105,http://eurovoc.europa.eu/355,PARENT_CONCEPT_OF
http://eurovoc.europa.eu/5097,http://eurovoc.europa.eu/1013,PARENT_CONCEPT_OF
http://eurovoc.europa.eu/5097,http://eurovoc.europa.eu/2796,PARENT_CONCEPT_OF
http://eurovoc.europa.eu/803,http://eurovoc.europa.eu/5267,PARENT_CONCEPT_OF
http://eurovoc.europa.eu/2816,http://eurovoc.europa.eu/167,PARENT_CONCEPT_OF
http://eurovoc.europa.eu/3864,http://eurovoc.europa.eu/3863,PARENT_CONCEPT_OF
http://eurovoc.europa.eu/4308,http://eurovoc.europa.eu/4307,PARENT_CONCEPT_OF
http://eurovoc.europa.eu/2521,http://eurovoc.europa.eu/3469,PARENT_CONCEPT_OF
http://eurovoc.europa.eu/2527,http://eurovoc.europa.eu/5605,PARENT_CONCEPT_OF
http://eurovoc.europa.eu/3377,http://eurovoc.europa.eu/477,PARENT_CONCEPT_OF
http://eurovoc.europa.eu/2130,http://eurovoc.europa.eu/5526,PARENT_CONCEPT_OF
http://eurovoc.europa.eu/2733,http://eurovoc.europa.eu/1863,PARENT_CONCEPT_OF
http://eurovoc.europa.eu/2458,http://eurovoc.europa.eu/2390,PARENT_CONCEPT_OF
http://eurovoc.europa.eu/c_04ae3ba8,http://eurovoc.europa.eu/c_ff983fb3,PARENT_CONCEPT_OF
http://eurovoc.europa.eu/3026,http://eurovoc.europa.eu/1427,PARENT_CONCEPT_OF
http://eurovoc.europa.eu/6275,http://eurovoc.europa.eu/6276,PARENT_CONCEPT_OF
http://eurovoc.europa.eu/6030,http://eurovoc.europa.eu/4426,PARENT_CONCEPT_OF
http://eurovoc.europa.eu/3754,http://eurovoc.europa.eu/1933,PARENT_CONCEPT_OF
http://eurovoc.europa.eu/2266,http://eurovoc.europa.eu/3569,PARENT_CONCEPT_OF
http://eurovoc.europa.eu/846,http://eurovoc.europa.eu/4484,PARENT_CONCEPT_OF
http://eurovoc.europa.eu/491,http://eurovoc.europa.eu/5369,PARENT_CONCEPT_OF
http://eurovoc.europa.eu/4381,http://eurovoc.europa.eu/6155,PARENT_CONCEPT_OF
http://eurovoc.europa.eu/3560,http://eurovoc.europa.eu/2591,PARENT_CONCEPT_OF
http://eurovoc.europa.eu/5579,http://eurovoc.europa.eu/5580,PARENT_CONCEPT_OF
http://eurovoc.europa.eu/5138,http://eurovoc.europa.eu/1056,PARENT_CONCEPT_OF
http://eurovoc.europa.eu/3602,http://eurovoc.europa.eu/5270,PARENT_CONCEPT_OF
http://eurovoc.europa.eu/5092,http://eurovoc.europa.eu/265,PARENT_CONCEPT_OF
http://eurovoc.europa.eu/5092,http://eurovoc.europa.eu/264,PARENT_CONCEPT_OF
http://eurovoc.europa.eu/1719,http://eurovoc.europa.eu/4476,PARENT_CONCEPT_OF
http://eurovoc.europa.eu/3149,http://eurovoc.europa.eu/c_d59d3160,PARENT_CONCEPT_OF
http://eurovoc.europa.eu/2107,http://eurovoc.europa.eu/2110,PARENT_CONCEPT_OF
http://eurovoc.europa.eu/3813,http://eurovoc.europa.eu/c_6f563894,PARENT_CONCEPT_OF
http://eurovoc.europa.eu/5764,http://eurovoc.europa.eu/3364,PARENT_CONCEPT_OF
http://eurovoc.europa.eu/1852,http://eurovoc.europa.eu/6904,PARENT_CONCEPT_OF
http://eurovoc.europa.eu/1852,http://eurovoc.europa.eu/5732,PARENT_CONCEPT_OF
http://eurovoc.europa.eu/5019,http://eurovoc.europa.eu/1665,PARENT_CONCEPT_OF
http://eurovoc.europa.eu/227,http://eurovoc.europa.eu/6757,PARENT_CONCEPT_OF
http://eurovoc.europa.eu/3003,http://eurovoc.europa.eu/2294,PARENT_CONCEPT_OF
http://eurovoc.europa.eu/220,http://eurovoc.europa.eu/1467,PARENT_CONCEPT_OF
http://eurovoc.europa.eu/458,http://eurovoc.europa.eu/2086,PARENT_CONCEPT_OF
http://eurovoc.europa.eu/458,http://eurovoc.europa.eu/2051,PARENT_CONCEPT_OF
http://eurovoc.europa.eu/2786,http://eurovoc.europa.eu/263,PARENT_CONCEPT_OF
http://eurovoc.europa.eu/4663,http://eurovoc.europa.eu/4666,PARENT_CONCEPT_OF
http://eurovoc.europa.eu/4663,http://eurovoc.europa.eu/4670,PARENT_CONCEPT_OF
http://eurovoc.europa.eu/4663,http://eurovoc.europa.eu/4672,PARENT_CONCEPT_OF
http://eurovoc.europa.eu/38,http://eurovoc.europa.eu/5116,PARENT_CONCEPT_OF
http://eurovoc.europa.eu/1172,http://eurovoc.europa.eu/5959,PARENT_CONCEPT_OF
http://eurovoc.europa.eu/4743,http://eurovoc.europa.eu/4746,PARENT_CONCEPT_OF
http://eurovoc.europa.eu/3843,http://eurovoc.europa.eu/5869,PARENT_CONCEPT_OF
http://eurovoc.europa.eu/1026,http://eurovoc.europa.eu/1349,PARENT_CONCEPT_OF
http://eurovoc.europa.eu/1384,http://eurovoc.europa.eu/3610,PARENT_CONCEPT_OF
http://eurovoc.europa.eu/1486,http://eurovoc.europa.eu/2401,PARENT_CONCEPT_OF
http://eurovoc.europa.eu/3123,http://eurovoc.europa.eu/1641,PARENT_CONCEPT_OF
http://eurovoc.europa.eu/1010,http://eurovoc.europa.eu/287,PARENT_CONCEPT_OF
http://eurovoc.europa.eu/5499,http://eurovoc.europa.eu/5864,PARENT_CONCEPT_OF
http://eurovoc.europa.eu/3234,http://eurovoc.europa.eu/c_fd848a9f,PARENT_CONCEPT_OF
http://eurovoc.europa.eu/12,http://eurovoc.europa.eu/6708,PARENT_CONCEPT_OF
http://eurovoc.europa.eu/7932,http://eurovoc.europa.eu/c_6547ccb7,PARENT_CONCEPT_OF
http://eurovoc.europa.eu/c_8f89faac,http://eurovoc.europa.eu/c_a3b85311,PARENT_CONCEPT_OF
http://eurovoc.europa.eu/1886,http://eurovoc.europa.eu/2424,PARENT_CONCEPT_OF
http://eurovoc.europa.eu/1885,http://eurovoc.europa.eu/4783,PARENT_CONCEPT_OF
http://eurovoc.europa.eu/535,http://eurovoc.europa.eu/5754,PARENT_CONCEPT_OF
http://eurovoc.europa.eu/2919,http://eurovoc.europa.eu/6402,PARENT_CONCEPT_OF
http://eurovoc.europa.eu/3144,http://eurovoc.europa.eu/4628,PARENT_CONCEPT_OF
http://eurovoc.europa.eu/597,http://eurovoc.europa.eu/3147,PARENT_CONCEPT_OF
http://eurovoc.europa.eu/1102,http://eurovoc.europa.eu/1108,PARENT_CONCEPT_OF
http://eurovoc.europa.eu/1102,http://eurovoc.europa.eu/1110,PARENT_CONCEPT_OF
http://eurovoc.europa.eu/2359,http://eurovoc.europa.eu/2358,PARENT_CONCEPT_OF
http://eurovoc.europa.eu/5486,http://eurovoc.europa.eu/5394,PARENT_CONCEPT_OF
http://eurovoc.europa.eu/581,http://eurovoc.europa.eu/951,PARENT_CONCEPT_OF
http://eurovoc.europa.eu/2034,http://eurovoc.europa.eu/2036,PARENT_CONCEPT_OF
http://eurovoc.europa.eu/488,http://eurovoc.europa.eu/2271,PARENT_CONCEPT_OF
http://eurovoc.europa.eu/4730,http://eurovoc.europa.eu/769,PARENT_CONCEPT_OF
http://eurovoc.europa.eu/175,http://eurovoc.europa.eu/1984,PARENT_CONCEPT_OF
http://eurovoc.europa.eu/4424,http://eurovoc.europa.eu/3860,PARENT_CONCEPT_OF
http://eurovoc.europa.eu/592,http://eurovoc.europa.eu/2953,PARENT_CONCEPT_OF
http://eurovoc.europa.eu/592,http://eurovoc.europa.eu/3548,PARENT_CONCEPT_OF
http://eurovoc.europa.eu/3099,http://eurovoc.europa.eu/448,PARENT_CONCEPT_OF
http://eurovoc.europa.eu/3099,http://eurovoc.europa.eu/2669,PARENT_CONCEPT_OF
http://eurovoc.europa.eu/4493,http://eurovoc.europa.eu/3236,PARENT_CONCEPT_OF
http://eurovoc.europa.eu/4438,http://eurovoc.europa.eu/c_681e6d24,PARENT_CONCEPT_OF
http://eurovoc.europa.eu/5187,http://eurovoc.europa.eu/5185,PARENT_CONCEPT_OF
http://eurovoc.europa.eu/3430,http://eurovoc.europa.eu/7358,PARENT_CONCEPT_OF
http://eurovoc.europa.eu/159,http://eurovoc.europa.eu/2091,PARENT_CONCEPT_OF
http://eurovoc.europa.eu/4878,http://eurovoc.europa.eu/2750,PARENT_CONCEPT_OF
http://eurovoc.europa.eu/1697,http://eurovoc.europa.eu/5711,PARENT_CONCEPT_OF
http://eurovoc.europa.eu/2077,http://eurovoc.europa.eu/6298,PARENT_CONCEPT_OF
http://eurovoc.europa.eu/2209,http://eurovoc.europa.eu/5743,PARENT_CONCEPT_OF
http://eurovoc.europa.eu/4713,http://eurovoc.europa.eu/4719,PARENT_CONCEPT_OF
http://eurovoc.europa.eu/6709,http://eurovoc.europa.eu/8477,PARENT_CONCEPT_OF
http://eurovoc.europa.eu/2944,http://eurovoc.europa.eu/6547,PARENT_CONCEPT_OF
http://eurovoc.europa.eu/4767,http://eurovoc.europa.eu/5956,PARENT_CONCEPT_OF
http://eurovoc.europa.eu/2032,http://eurovoc.europa.eu/1822,PARENT_CONCEPT_OF
http://eurovoc.europa.eu/2206,http://eurovoc.europa.eu/6912,PARENT_CONCEPT_OF
http://eurovoc.europa.eu/5491,http://eurovoc.europa.eu/5834,PARENT_CONCEPT_OF
http://eurovoc.europa.eu/3860,http://eurovoc.europa.eu/3875,PARENT_CONCEPT_OF
http://eurovoc.europa.eu/4502,http://eurovoc.europa.eu/3017,PARENT_CONCEPT_OF
http://eurovoc.europa.eu/4432,http://eurovoc.europa.eu/5189,PARENT_CONCEPT_OF
http://eurovoc.europa.eu/3701,http://eurovoc.europa.eu/5705,PARENT_CONCEPT_OF
http://eurovoc.europa.eu/5742,http://eurovoc.europa.eu/1050,PARENT_CONCEPT_OF
http://eurovoc.europa.eu/248,http://eurovoc.europa.eu/4642,PARENT_CONCEPT_OF
http://eurovoc.europa.eu/3367,http://eurovoc.europa.eu/5670,PARENT_CONCEPT_OF
http://eurovoc.europa.eu/3367,http://eurovoc.europa.eu/5756,PARENT_CONCEPT_OF
http://eurovoc.europa.eu/5438,http://eurovoc.europa.eu/3399,PARENT_CONCEPT_OF
http://eurovoc.europa.eu/2188,http://eurovoc.europa.eu/5495,PARENT_CONCEPT_OF
http://eurovoc.europa.eu/4017,http://eurovoc.europa.eu/40,PARENT_CONCEPT_OF
http://eurovoc.europa.eu/4017,http://eurovoc.europa.eu/36,PARENT_CONCEPT_OF
http://eurovoc.europa.eu/525,http://eurovoc.europa.eu/1551,PARENT_CONCEPT_OF
http://eurovoc.europa.eu/285,http://eurovoc.europa.eu/3229,PARENT_CONCEPT_OF
http://eurovoc.europa.eu/4006,http://eurovoc.europa.eu/6783,PARENT_CONCEPT_OF
http://eurovoc.europa.eu/4505,http://eurovoc.europa.eu/1033,PARENT_CONCEPT_OF
http://eurovoc.europa.eu/3092,http://eurovoc.europa.eu/3093,PARENT_CONCEPT_OF
http://eurovoc.europa.eu/3257,http://eurovoc.europa.eu/7397,PARENT_CONCEPT_OF
http://eurovoc.europa.eu/2459,http://eurovoc.europa.eu/2022,PARENT_CONCEPT_OF
http://eurovoc.europa.eu/5283,http://eurovoc.europa.eu/5989,PARENT_CONCEPT_OF
http://eurovoc.europa.eu/5283,http://eurovoc.europa.eu/5898,PARENT_CONCEPT_OF
http://eurovoc.europa.eu/5776,http://eurovoc.europa.eu/2138,PARENT_CONCEPT_OF
http://eurovoc.europa.eu/4069,http://eurovoc.europa.eu/4342,PARENT_CONCEPT_OF
http://eurovoc.europa.eu/4069,http://eurovoc.europa.eu/841,PARENT_CONCEPT_OF
http://eurovoc.europa.eu/4069,http://eurovoc.europa.eu/691,PARENT_CONCEPT_OF
http://eurovoc.europa.eu/4069,http://eurovoc.europa.eu/2055,PARENT_CONCEPT_OF
http://eurovoc.europa.eu/8366,http://eurovoc.europa.eu/3411,PARENT_CONCEPT_OF
http://eurovoc.europa.eu/c_2b2e17b1,http://eurovoc.europa.eu/5858,PARENT_CONCEPT_OF
http://eurovoc.europa.eu/5083,http://eurovoc.europa.eu/4410,PARENT_CONCEPT_OF
http://eurovoc.europa.eu/5083,http://eurovoc.europa.eu/1522,PARENT_CONCEPT_OF
http://eurovoc.europa.eu/5083,http://eurovoc.europa.eu/4841,PARENT_CONCEPT_OF
http://eurovoc.europa.eu/5083,http://eurovoc.europa.eu/1559,PARENT_CONCEPT_OF
http://eurovoc.europa.eu/5083,http://eurovoc.europa.eu/2229,PARENT_CONCEPT_OF
http://eurovoc.europa.eu/5083,http://eurovoc.europa.eu/4092,PARENT_CONCEPT_OF
http://eurovoc.europa.eu/5083,http://eurovoc.europa.eu/3784,PARENT_CONCEPT_OF
http://eurovoc.europa.eu/4607,http://eurovoc.europa.eu/1217,PARENT_CONCEPT_OF
http://eurovoc.europa.eu/4690,http://eurovoc.europa.eu/5713,PARENT_CONCEPT_OF
http://eurovoc.europa.eu/5265,http://eurovoc.europa.eu/1185,PARENT_CONCEPT_OF
http://eurovoc.europa.eu/8365,http://eurovoc.europa.eu/3784,PARENT_CONCEPT_OF
http://eurovoc.europa.eu/8365,http://eurovoc.europa.eu/451486,PARENT_CONCEPT_OF
http://eurovoc.europa.eu/187,http://eurovoc.europa.eu/1509,PARENT_CONCEPT_OF
http://eurovoc.europa.eu/2117,http://eurovoc.europa.eu/2224,PARENT_CONCEPT_OF
http://eurovoc.europa.eu/2117,http://eurovoc.europa.eu/1253,PARENT_CONCEPT_OF
http://eurovoc.europa.eu/1847,http://eurovoc.europa.eu/1555,PARENT_CONCEPT_OF
http://eurovoc.europa.eu/6205,http://eurovoc.europa.eu/4707,PARENT_CONCEPT_OF
http://eurovoc.europa.eu/5087,http://eurovoc.europa.eu/5063,PARENT_CONCEPT_OF
http://eurovoc.europa.eu/8369,http://eurovoc.europa.eu/4212,PARENT_CONCEPT_OF
http://eurovoc.europa.eu/5302,http://eurovoc.europa.eu/1128,PARENT_CONCEPT_OF
http://eurovoc.europa.eu/5780,http://eurovoc.europa.eu/5469,PARENT_CONCEPT_OF
http://eurovoc.europa.eu/c_b2c019c8,http://eurovoc.europa.eu/4816,PARENT_CONCEPT_OF
http://eurovoc.europa.eu/c_b2c019c8,http://eurovoc.europa.eu/4841,PARENT_CONCEPT_OF
http://eurovoc.europa.eu/c_b2c019c8,http://eurovoc.europa.eu/7198,PARENT_CONCEPT_OF
http://eurovoc.europa.eu/c_b2c019c8,http://eurovoc.europa.eu/3833,PARENT_CONCEPT_OF
http://eurovoc.europa.eu/c_b2c019c8,http://eurovoc.europa.eu/496,PARENT_CONCEPT_OF
http://eurovoc.europa.eu/c_b2c019c8,http://eurovoc.europa.eu/2027,PARENT_CONCEPT_OF
http://eurovoc.europa.eu/c_b2c019c8,http://eurovoc.europa.eu/4351,PARENT_CONCEPT_OF
http://eurovoc.europa.eu/c_b2c019c8,http://eurovoc.europa.eu/1965,PARENT_CONCEPT_OF
http://eurovoc.europa.eu/c_b2c019c8,http://eurovoc.europa.eu/1716,PARENT_CONCEPT_OF
http://eurovoc.europa.eu/c_b2c019c8,http://eurovoc.europa.eu/3799,PARENT_CONCEPT_OF
http://eurovoc.europa.eu/5778,http://eurovoc.europa.eu/5020,PARENT_CONCEPT_OF
http://eurovoc.europa.eu/2148,http://eurovoc.europa.eu/1876,PARENT_CONCEPT_OF
http://eurovoc.europa.eu/2106,http://eurovoc.europa.eu/4580,PARENT_CONCEPT_OF
http://eurovoc.europa.eu/1105,http://eurovoc.europa.eu/841,PARENT_CONCEPT_OF
http://eurovoc.europa.eu/1105,http://eurovoc.europa.eu/5965,PARENT_CONCEPT_OF
http://eurovoc.europa.eu/37846,http://eurovoc.europa.eu/1557,PARENT_CONCEPT_OF
http://eurovoc.europa.eu/37846,http://eurovoc.europa.eu/1611,PARENT_CONCEPT_OF
http://eurovoc.europa.eu/3582,http://eurovoc.europa.eu/733,PARENT_CONCEPT_OF
http://eurovoc.europa.eu/2469,http://eurovoc.europa.eu/1307,PARENT_CONCEPT_OF
http://eurovoc.europa.eu/744,http://eurovoc.europa.eu/4900,PARENT_CONCEPT_OF
http://eurovoc.europa.eu/138,http://eurovoc.europa.eu/47,PARENT_CONCEPT_OF
http://eurovoc.europa.eu/138,http://eurovoc.europa.eu/c_28f09d0a,PARENT_CONCEPT_OF
http://eurovoc.europa.eu/139,http://eurovoc.europa.eu/393,PARENT_CONCEPT_OF
http://eurovoc.europa.eu/139,http://eurovoc.europa.eu/140,PARENT_CONCEPT_OF
http://eurovoc.europa.eu/486,http://eurovoc.europa.eu/6767,PARENT_CONCEPT_OF
http://eurovoc.europa.eu/486,http://eurovoc.europa.eu/5627,PARENT_CONCEPT_OF
http://eurovoc.europa.eu/486,http://eurovoc.europa.eu/1902,PARENT_CONCEPT_OF
http://eurovoc.europa.eu/3641,http://eurovoc.europa.eu/3649,PARENT_CONCEPT_OF
http://eurovoc.europa.eu/3797,http://eurovoc.europa.eu/3796,PARENT_CONCEPT_OF
http://eurovoc.europa.eu/4276,http://eurovoc.europa.eu/2784,PARENT_CONCEPT_OF
http://eurovoc.europa.eu/4276,http://eurovoc.europa.eu/6717,PARENT_CONCEPT_OF
http://eurovoc.europa.eu/1737,http://eurovoc.europa.eu/6354,PARENT_CONCEPT_OF
http://eurovoc.europa.eu/1802,http://eurovoc.europa.eu/735,PARENT_CONCEPT_OF
http://eurovoc.europa.eu/929,http://eurovoc.europa.eu/933,PARENT_CONCEPT_OF
http://eurovoc.europa.eu/929,http://eurovoc.europa.eu/173,PARENT_CONCEPT_OF
http://eurovoc.europa.eu/2477,http://eurovoc.europa.eu/1144,PARENT_CONCEPT_OF
http://eurovoc.europa.eu/2972,http://eurovoc.europa.eu/2893,PARENT_CONCEPT_OF
http://eurovoc.europa.eu/784,http://eurovoc.europa.eu/3276,PARENT_CONCEPT_OF
http://eurovoc.europa.eu/2190,http://eurovoc.europa.eu/6116,PARENT_CONCEPT_OF
http://eurovoc.europa.eu/2167,http://eurovoc.europa.eu/5341,PARENT_CONCEPT_OF
http://eurovoc.europa.eu/4416,http://eurovoc.europa.eu/4726,PARENT_CONCEPT_OF
http://eurovoc.europa.eu/2163,http://eurovoc.europa.eu/5645,PARENT_CONCEPT_OF
http://eurovoc.europa.eu/5769,http://eurovoc.europa.eu/c_f5ed5adb,PARENT_CONCEPT_OF
http://eurovoc.europa.eu/5769,http://eurovoc.europa.eu/6255,PARENT_CONCEPT_OF
http://eurovoc.europa.eu/5769,http://eurovoc.europa.eu/7984,PARENT_CONCEPT_OF
http://eurovoc.europa.eu/5769,http://eurovoc.europa.eu/8439,PARENT_CONCEPT_OF
http://eurovoc.europa.eu/3058,http://eurovoc.europa.eu/3052,PARENT_CONCEPT_OF
http://eurovoc.europa.eu/2517,http://eurovoc.europa.eu/4086,PARENT_CONCEPT_OF
http://eurovoc.europa.eu/2690,http://eurovoc.europa.eu/4728,PARENT_CONCEPT_OF
http://eurovoc.europa.eu/2690,http://eurovoc.europa.eu/6542,PARENT_CONCEPT_OF
http://eurovoc.europa.eu/2414,http://eurovoc.europa.eu/2064,PARENT_CONCEPT_OF
http://eurovoc.europa.eu/2416,http://eurovoc.europa.eu/2548,PARENT_CONCEPT_OF
http://eurovoc.europa.eu/2413,http://eurovoc.europa.eu/2950,PARENT_CONCEPT_OF
http://eurovoc.europa.eu/5360,http://eurovoc.europa.eu/4497,PARENT_CONCEPT_OF
http://eurovoc.europa.eu/3098,http://eurovoc.europa.eu/4517,PARENT_CONCEPT_OF
http://eurovoc.europa.eu/3098,http://eurovoc.europa.eu/4532,PARENT_CONCEPT_OF
http://eurovoc.europa.eu/1954,http://eurovoc.europa.eu/4537,PARENT_CONCEPT_OF
http://eurovoc.europa.eu/5259,http://eurovoc.europa.eu/1298,PARENT_CONCEPT_OF
http://eurovoc.europa.eu/3185,http://eurovoc.europa.eu/2452,PARENT_CONCEPT_OF
http://eurovoc.europa.eu/11,http://eurovoc.europa.eu/620,PARENT_CONCEPT_OF
http://eurovoc.europa.eu/2481,http://eurovoc.europa.eu/c_ab46334d,PARENT_CONCEPT_OF
http://eurovoc.europa.eu/3929,http://eurovoc.europa.eu/2031,PARENT_CONCEPT_OF
http://eurovoc.europa.eu/2468,http://eurovoc.europa.eu/5979,PARENT_CONCEPT_OF
http://eurovoc.europa.eu/1018,http://eurovoc.europa.eu/3256,PARENT_CONCEPT_OF
http://eurovoc.europa.eu/4414,http://eurovoc.europa.eu/626,PARENT_CONCEPT_OF
http://eurovoc.europa.eu/2442,http://eurovoc.europa.eu/1788,PARENT_CONCEPT_OF
http://eurovoc.europa.eu/2442,http://eurovoc.europa.eu/1598,PARENT_CONCEPT_OF
http://eurovoc.europa.eu/2442,http://eurovoc.europa.eu/2965,PARENT_CONCEPT_OF
http://eurovoc.europa.eu/2187,http://eurovoc.europa.eu/c_90ad7755,PARENT_CONCEPT_OF
http://eurovoc.europa.eu/3451,http://eurovoc.europa.eu/7,PARENT_CONCEPT_OF
http://eurovoc.europa.eu/3451,http://eurovoc.europa.eu/1365,PARENT_CONCEPT_OF
http://eurovoc.europa.eu/2628,http://eurovoc.europa.eu/3442,PARENT_CONCEPT_OF
http://eurovoc.europa.eu/2628,http://eurovoc.europa.eu/5610,PARENT_CONCEPT_OF
http://eurovoc.europa.eu/2647,http://eurovoc.europa.eu/6363,PARENT_CONCEPT_OF
http://eurovoc.europa.eu/427,http://eurovoc.europa.eu/2299,PARENT_CONCEPT_OF
http://eurovoc.europa.eu/4305,http://eurovoc.europa.eu/2873,PARENT_CONCEPT_OF
http://eurovoc.europa.eu/1820,http://eurovoc.europa.eu/4214,PARENT_CONCEPT_OF
http://eurovoc.europa.eu/85,http://eurovoc.europa.eu/2083,PARENT_CONCEPT_OF
http://eurovoc.europa.eu/281,http://eurovoc.europa.eu/291,PARENT_CONCEPT_OF
http://eurovoc.europa.eu/5424,http://eurovoc.europa.eu/302,PARENT_CONCEPT_OF
http://eurovoc.europa.eu/2510,http://eurovoc.europa.eu/729,PARENT_CONCEPT_OF
http://eurovoc.europa.eu/4602,http://eurovoc.europa.eu/5883,PARENT_CONCEPT_OF
http://eurovoc.europa.eu/2320,http://eurovoc.europa.eu/714,PARENT_CONCEPT_OF
http://eurovoc.europa.eu/3952,http://eurovoc.europa.eu/1151,PARENT_CONCEPT_OF
http://eurovoc.europa.eu/3946,http://eurovoc.europa.eu/5966,PARENT_CONCEPT_OF
http://eurovoc.europa.eu/3946,http://eurovoc.europa.eu/3291,PARENT_CONCEPT_OF
http://eurovoc.europa.eu/3946,http://eurovoc.europa.eu/c_590e8349,PARENT_CONCEPT_OF
http://eurovoc.europa.eu/3941,http://eurovoc.europa.eu/632,PARENT_CONCEPT_OF
http://eurovoc.europa.eu/1414,http://eurovoc.europa.eu/3767,PARENT_CONCEPT_OF
http://eurovoc.europa.eu/1414,http://eurovoc.europa.eu/3766,PARENT_CONCEPT_OF
http://eurovoc.europa.eu/1414,http://eurovoc.europa.eu/1061,PARENT_CONCEPT_OF
http://eurovoc.europa.eu/2494,http://eurovoc.europa.eu/5295,PARENT_CONCEPT_OF
http://eurovoc.europa.eu/3160,http://eurovoc.europa.eu/3111,PARENT_CONCEPT_OF
http://eurovoc.europa.eu/3101,http://eurovoc.europa.eu/4379,PARENT_CONCEPT_OF
http://eurovoc.europa.eu/573,http://eurovoc.europa.eu/7349,PARENT_CONCEPT_OF
http://eurovoc.europa.eu/1432,http://eurovoc.europa.eu/8420,PARENT_CONCEPT_OF
http://eurovoc.europa.eu/1916,http://eurovoc.europa.eu/1925,PARENT_CONCEPT_OF
http://eurovoc.europa.eu/1909,http://eurovoc.europa.eu/3320,PARENT_CONCEPT_OF
http://eurovoc.europa.eu/1909,http://eurovoc.europa.eu/3322,PARENT_CONCEPT_OF
http://eurovoc.europa.eu/1520,http://eurovoc.europa.eu/1586,PARENT_CONCEPT_OF
http://eurovoc.europa.eu/1520,http://eurovoc.europa.eu/1659,PARENT_CONCEPT_OF
http://eurovoc.europa.eu/864,http://eurovoc.europa.eu/3382,PARENT_CONCEPT_OF
http://eurovoc.europa.eu/6135,http://eurovoc.europa.eu/6252,PARENT_CONCEPT_OF
http://eurovoc.europa.eu/7817,http://eurovoc.europa.eu/7835,PARENT_CONCEPT_OF
http://eurovoc.europa.eu/1088,http://eurovoc.europa.eu/c_bbd07d89,PARENT_CONCEPT_OF
http://eurovoc.europa.eu/337,http://eurovoc.europa.eu/4297,PARENT_CONCEPT_OF
http://eurovoc.europa.eu/337,http://eurovoc.europa.eu/232,PARENT_CONCEPT_OF
http://eurovoc.europa.eu/337,http://eurovoc.europa.eu/8283,PARENT_CONCEPT_OF
http://eurovoc.europa.eu/337,http://eurovoc.europa.eu/1,PARENT_CONCEPT_OF
http://eurovoc.europa.eu/7879,http://eurovoc.europa.eu/7901,PARENT_CONCEPT_OF
http://eurovoc.europa.eu/6138,http://eurovoc.europa.eu/6246,PARENT_CONCEPT_OF
http://eurovoc.europa.eu/2564,http://eurovoc.europa.eu/1177,PARENT_CONCEPT_OF
http://eurovoc.europa.eu/6136,http://eurovoc.europa.eu/6197,PARENT_CONCEPT_OF
http://eurovoc.europa.eu/1184,http://eurovoc.europa.eu/7890,PARENT_CONCEPT_OF
http://eurovoc.europa.eu/1184,http://eurovoc.europa.eu/1183,PARENT_CONCEPT_OF
http://eurovoc.europa.eu/1748,http://eurovoc.europa.eu/4593,PARENT_CONCEPT_OF
http://eurovoc.europa.eu/1953,http://eurovoc.europa.eu/3982,PARENT_CONCEPT_OF
http://eurovoc.europa.eu/4222,http://eurovoc.europa.eu/485,PARENT_CONCEPT_OF
http://eurovoc.europa.eu/3935,http://eurovoc.europa.eu/576,PARENT_CONCEPT_OF
http://eurovoc.europa.eu/3935,http://eurovoc.europa.eu/3922,PARENT_CONCEPT_OF
http://eurovoc.europa.eu/3581,http://eurovoc.europa.eu/588,PARENT_CONCEPT_OF
http://eurovoc.europa.eu/3581,http://eurovoc.europa.eu/2134,PARENT_CONCEPT_OF
http://eurovoc.europa.eu/3151,http://eurovoc.europa.eu/549,PARENT_CONCEPT_OF
http://eurovoc.europa.eu/2090,http://eurovoc.europa.eu/6720,PARENT_CONCEPT_OF
http://eurovoc.europa.eu/2524,http://eurovoc.europa.eu/3159,PARENT_CONCEPT_OF
http://eurovoc.europa.eu/2524,http://eurovoc.europa.eu/6413,PARENT_CONCEPT_OF
http://eurovoc.europa.eu/2524,http://eurovoc.europa.eu/2542,PARENT_CONCEPT_OF
http://eurovoc.europa.eu/2496,http://eurovoc.europa.eu/4058,PARENT_CONCEPT_OF
http://eurovoc.europa.eu/1455,http://eurovoc.europa.eu/4595,PARENT_CONCEPT_OF
http://eurovoc.europa.eu/1455,http://eurovoc.europa.eu/992,PARENT_CONCEPT_OF
http://eurovoc.europa.eu/4365,http://eurovoc.europa.eu/1045,PARENT_CONCEPT_OF
http://eurovoc.europa.eu/2736,http://eurovoc.europa.eu/2732,PARENT_CONCEPT_OF
http://eurovoc.europa.eu/1258,http://eurovoc.europa.eu/2782,PARENT_CONCEPT_OF
http://eurovoc.europa.eu/1154,http://eurovoc.europa.eu/2629,PARENT_CONCEPT_OF
http://eurovoc.europa.eu/99,http://eurovoc.europa.eu/440,PARENT_CONCEPT_OF
http://eurovoc.europa.eu/99,http://eurovoc.europa.eu/1436,PARENT_CONCEPT_OF
http://eurovoc.europa.eu/99,http://eurovoc.europa.eu/541,PARENT_CONCEPT_OF
http://eurovoc.europa.eu/3476,http://eurovoc.europa.eu/c_e78f03db,PARENT_CONCEPT_OF
http://eurovoc.europa.eu/3476,http://eurovoc.europa.eu/4275,PARENT_CONCEPT_OF
http://eurovoc.europa.eu/6722,http://eurovoc.europa.eu/3496,PARENT_CONCEPT_OF
http://eurovoc.europa.eu/2497,http://eurovoc.europa.eu/410,PARENT_CONCEPT_OF
http://eurovoc.europa.eu/712,http://eurovoc.europa.eu/976,PARENT_CONCEPT_OF
http://eurovoc.europa.eu/712,http://eurovoc.europa.eu/723,PARENT_CONCEPT_OF
http://eurovoc.europa.eu/5922,http://eurovoc.europa.eu/5684,PARENT_CONCEPT_OF
http://eurovoc.europa.eu/557,http://eurovoc.europa.eu/533,PARENT_CONCEPT_OF
http://eurovoc.europa.eu/2178,http://eurovoc.europa.eu/3566,PARENT_CONCEPT_OF
http://eurovoc.europa.eu/540,http://eurovoc.europa.eu/5296,PARENT_CONCEPT_OF
http://eurovoc.europa.eu/540,http://eurovoc.europa.eu/3317,PARENT_CONCEPT_OF
http://eurovoc.europa.eu/911,http://eurovoc.europa.eu/1294,PARENT_CONCEPT_OF
http://eurovoc.europa.eu/5962,http://eurovoc.europa.eu/2211,PARENT_CONCEPT_OF
http://eurovoc.europa.eu/2520,http://eurovoc.europa.eu/4381,PARENT_CONCEPT_OF
http://eurovoc.europa.eu/2180,http://eurovoc.europa.eu/1928,PARENT_CONCEPT_OF
http://eurovoc.europa.eu/438855,http://eurovoc.europa.eu/3087,PARENT_CONCEPT_OF
http://eurovoc.europa.eu/54,http://eurovoc.europa.eu/3446,PARENT_CONCEPT_OF
http://eurovoc.europa.eu/1488,http://eurovoc.europa.eu/1490,PARENT_CONCEPT_OF
http://eurovoc.europa.eu/1488,http://eurovoc.europa.eu/1489,PARENT_CONCEPT_OF
http://eurovoc.europa.eu/1000,http://eurovoc.europa.eu/c_537931f1,PARENT_CONCEPT_OF
http://eurovoc.europa.eu/1845,http://eurovoc.europa.eu/3842,PARENT_CONCEPT_OF
http://eurovoc.europa.eu/1410,http://eurovoc.europa.eu/3840,PARENT_CONCEPT_OF
http://eurovoc.europa.eu/3150,http://eurovoc.europa.eu/865,PARENT_CONCEPT_OF
http://eurovoc.europa.eu/1268,http://eurovoc.europa.eu/4849,PARENT_CONCEPT_OF
http://eurovoc.europa.eu/1754,http://eurovoc.europa.eu/c_6741b0ee,PARENT_CONCEPT_OF
http://eurovoc.europa.eu/1754,http://eurovoc.europa.eu/1757,PARENT_CONCEPT_OF
http://eurovoc.europa.eu/1754,http://eurovoc.europa.eu/5718,PARENT_CONCEPT_OF
http://eurovoc.europa.eu/1754,http://eurovoc.europa.eu/7354,PARENT_CONCEPT_OF
http://eurovoc.europa.eu/3778,http://eurovoc.europa.eu/1986,PARENT_CONCEPT_OF
http://eurovoc.europa.eu/3778,http://eurovoc.europa.eu/1771,PARENT_CONCEPT_OF
http://eurovoc.europa.eu/4189,http://eurovoc.europa.eu/4191,PARENT_CONCEPT_OF
http://eurovoc.europa.eu/2460,http://eurovoc.europa.eu/881,PARENT_CONCEPT_OF
http://eurovoc.europa.eu/3489,http://eurovoc.europa.eu/6373,PARENT_CONCEPT_OF
http://eurovoc.europa.eu/3489,http://eurovoc.europa.eu/6917,PARENT_CONCEPT_OF
http://eurovoc.europa.eu/3798,http://eurovoc.europa.eu/3,PARENT_CONCEPT_OF
http://eurovoc.europa.eu/1362,http://eurovoc.europa.eu/c_e5d85c14,PARENT_CONCEPT_OF
http://eurovoc.europa.eu/3908,http://eurovoc.europa.eu/456,PARENT_CONCEPT_OF
http://eurovoc.europa.eu/474,http://eurovoc.europa.eu/1078,PARENT_CONCEPT_OF
http://eurovoc.europa.eu/77,http://eurovoc.europa.eu/68,PARENT_CONCEPT_OF
http://eurovoc.europa.eu/77,http://eurovoc.europa.eu/5945,PARENT_CONCEPT_OF
http://eurovoc.europa.eu/3062,http://eurovoc.europa.eu/1172,PARENT_CONCEPT_OF
http://eurovoc.europa.eu/2723,http://eurovoc.europa.eu/4734,PARENT_CONCEPT_OF
http://eurovoc.europa.eu/2723,http://eurovoc.europa.eu/6320,PARENT_CONCEPT_OF
http://eurovoc.europa.eu/4486,http://eurovoc.europa.eu/c_b680e7cc,PARENT_CONCEPT_OF
http://eurovoc.europa.eu/2472,http://eurovoc.europa.eu/5196,PARENT_CONCEPT_OF
http://eurovoc.europa.eu/2498,http://eurovoc.europa.eu/475,PARENT_CONCEPT_OF
http://eurovoc.europa.eu/2498,http://eurovoc.europa.eu/6697,PARENT_CONCEPT_OF
http://eurovoc.europa.eu/2491,http://eurovoc.europa.eu/3553,PARENT_CONCEPT_OF
http://eurovoc.europa.eu/2491,http://eurovoc.europa.eu/1026,PARENT_CONCEPT_OF
http://eurovoc.europa.eu/1163,http://eurovoc.europa.eu/414,PARENT_CONCEPT_OF
http://eurovoc.europa.eu/2639,http://eurovoc.europa.eu/2651,PARENT_CONCEPT_OF
http://eurovoc.europa.eu/2489,http://eurovoc.europa.eu/1025,PARENT_CONCEPT_OF
http://eurovoc.europa.eu/3895,http://eurovoc.europa.eu/1391,PARENT_CONCEPT_OF
http://eurovoc.europa.eu/4630,http://eurovoc.europa.eu/4450,PARENT_CONCEPT_OF
http://eurovoc.europa.eu/1786,http://eurovoc.europa.eu/1803,PARENT_CONCEPT_OF
http://eurovoc.europa.eu/2449,http://eurovoc.europa.eu/3123,PARENT_CONCEPT_OF
http://eurovoc.europa.eu/2450,http://eurovoc.europa.eu/927,PARENT_CONCEPT_OF
http://eurovoc.europa.eu/1282,http://eurovoc.europa.eu/1823,PARENT_CONCEPT_OF
http://eurovoc.europa.eu/2573,http://eurovoc.europa.eu/2579,PARENT_CONCEPT_OF
http://eurovoc.europa.eu/3025,http://eurovoc.europa.eu/3042,PARENT_CONCEPT_OF
http://eurovoc.europa.eu/3025,http://eurovoc.europa.eu/3002,PARENT_CONCEPT_OF
http://eurovoc.europa.eu/883,http://eurovoc.europa.eu/5621,PARENT_CONCEPT_OF
http://eurovoc.europa.eu/4057,http://eurovoc.europa.eu/2324,PARENT_CONCEPT_OF
http://eurovoc.europa.eu/1804,http://eurovoc.europa.eu/4491,PARENT_CONCEPT_OF
http://eurovoc.europa.eu/1882,http://eurovoc.europa.eu/6823,PARENT_CONCEPT_OF
http://eurovoc.europa.eu/3820,http://eurovoc.europa.eu/1945,PARENT_CONCEPT_OF
http://eurovoc.europa.eu/2825,http://eurovoc.europa.eu/3142,PARENT_CONCEPT_OF
http://eurovoc.europa.eu/2825,http://eurovoc.europa.eu/1706,PARENT_CONCEPT_OF
http://eurovoc.europa.eu/1004,http://eurovoc.europa.eu/3357,PARENT_CONCEPT_OF
http://eurovoc.europa.eu/108,http://eurovoc.europa.eu/102,PARENT_CONCEPT_OF
http://eurovoc.europa.eu/2200,http://eurovoc.europa.eu/1712,PARENT_CONCEPT_OF
http://eurovoc.europa.eu/122,http://eurovoc.europa.eu/1318,PARENT_CONCEPT_OF
http://eurovoc.europa.eu/122,http://eurovoc.europa.eu/1874,PARENT_CONCEPT_OF
http://eurovoc.europa.eu/1658,http://eurovoc.europa.eu/2866,PARENT_CONCEPT_OF
http://eurovoc.europa.eu/2119,http://eurovoc.europa.eu/6036,PARENT_CONCEPT_OF
http://eurovoc.europa.eu/2119,http://eurovoc.europa.eu/2055,PARENT_CONCEPT_OF
http://eurovoc.europa.eu/2763,http://eurovoc.europa.eu/4227,PARENT_CONCEPT_OF
http://eurovoc.europa.eu/2507,http://eurovoc.europa.eu/3224,PARENT_CONCEPT_OF
http://eurovoc.europa.eu/566,http://eurovoc.europa.eu/488,PARENT_CONCEPT_OF
http://eurovoc.europa.eu/13,http://eurovoc.europa.eu/3173,PARENT_CONCEPT_OF
http://eurovoc.europa.eu/13,http://eurovoc.europa.eu/2803,PARENT_CONCEPT_OF
http://eurovoc.europa.eu/5268,http://eurovoc.europa.eu/c_1e7f033d,PARENT_CONCEPT_OF
http://eurovoc.europa.eu/4179,http://eurovoc.europa.eu/5313,PARENT_CONCEPT_OF
http://eurovoc.europa.eu/2001,http://eurovoc.europa.eu/4153,PARENT_CONCEPT_OF
http://eurovoc.europa.eu/2001,http://eurovoc.europa.eu/2004,PARENT_CONCEPT_OF
http://eurovoc.europa.eu/4704,http://eurovoc.europa.eu/7187,PARENT_CONCEPT_OF
http://eurovoc.europa.eu/4704,http://eurovoc.europa.eu/4959,PARENT_CONCEPT_OF
http://eurovoc.europa.eu/4045,http://eurovoc.europa.eu/4730,PARENT_CONCEPT_OF
http://eurovoc.europa.eu/1370,http://eurovoc.europa.eu/1363,PARENT_CONCEPT_OF
http://eurovoc.europa.eu/3855,http://eurovoc.europa.eu/2125,PARENT_CONCEPT_OF
http://eurovoc.europa.eu/2914,http://eurovoc.europa.eu/3669,PARENT_CONCEPT_OF
http://eurovoc.europa.eu/82,http://eurovoc.europa.eu/c_2efea99f,PARENT_CONCEPT_OF
http://eurovoc.europa.eu/1418,http://eurovoc.europa.eu/2783,PARENT_CONCEPT_OF
http://eurovoc.europa.eu/2551,http://eurovoc.europa.eu/2980,PARENT_CONCEPT_OF
http://eurovoc.europa.eu/3605,http://eurovoc.europa.eu/3679,PARENT_CONCEPT_OF
http://eurovoc.europa.eu/937,http://eurovoc.europa.eu/944,PARENT_CONCEPT_OF
http://eurovoc.europa.eu/1894,http://eurovoc.europa.eu/6263,PARENT_CONCEPT_OF
http://eurovoc.europa.eu/1835,http://eurovoc.europa.eu/68424,PARENT_CONCEPT_OF
http://eurovoc.europa.eu/2105,http://eurovoc.europa.eu/3716,PARENT_CONCEPT_OF
http://eurovoc.europa.eu/3102,http://eurovoc.europa.eu/4023,PARENT_CONCEPT_OF
http://eurovoc.europa.eu/1551,http://eurovoc.europa.eu/5136,PARENT_CONCEPT_OF
http://eurovoc.europa.eu/4195,http://eurovoc.europa.eu/c_9ffe3bdc,PARENT_CONCEPT_OF
http://eurovoc.europa.eu/1975,http://eurovoc.europa.eu/1971,PARENT_CONCEPT_OF
http://eurovoc.europa.eu/736,http://eurovoc.europa.eu/3263,PARENT_CONCEPT_OF
http://eurovoc.europa.eu/5667,http://eurovoc.europa.eu/6559,PARENT_CONCEPT_OF
http://eurovoc.europa.eu/4837,http://eurovoc.europa.eu/4112,PARENT_CONCEPT_OF
http://eurovoc.europa.eu/5987,http://eurovoc.europa.eu/5165,PARENT_CONCEPT_OF
http://eurovoc.europa.eu/5107,http://eurovoc.europa.eu/1557,PARENT_CONCEPT_OF
http://eurovoc.europa.eu/5107,http://eurovoc.europa.eu/4376,PARENT_CONCEPT_OF
http://eurovoc.europa.eu/1355,http://eurovoc.europa.eu/1526,PARENT_CONCEPT_OF
http://eurovoc.europa.eu/1903,http://eurovoc.europa.eu/1559,PARENT_CONCEPT_OF
http://eurovoc.europa.eu/4681,http://eurovoc.europa.eu/4687,PARENT_CONCEPT_OF
http://eurovoc.europa.eu/4681,http://eurovoc.europa.eu/4683,PARENT_CONCEPT_OF
http://eurovoc.europa.eu/240,http://eurovoc.europa.eu/1262,PARENT_CONCEPT_OF
http://eurovoc.europa.eu/c_eb46b396,http://eurovoc.europa.eu/752,PARENT_CONCEPT_OF
http://eurovoc.europa.eu/2124,http://eurovoc.europa.eu/2085,PARENT_CONCEPT_OF
http://eurovoc.europa.eu/1543,http://eurovoc.europa.eu/3983,PARENT_CONCEPT_OF
http://eurovoc.europa.eu/5691,http://eurovoc.europa.eu/3987,PARENT_CONCEPT_OF
http://eurovoc.europa.eu/08133,http://eurovoc.europa.eu/3198,PARENT_CONCEPT_OF
http://eurovoc.europa.eu/1752,http://eurovoc.europa.eu/6004,PARENT_CONCEPT_OF
http://eurovoc.europa.eu/1752,http://eurovoc.europa.eu/78,PARENT_CONCEPT_OF
http://eurovoc.europa.eu/492,http://eurovoc.europa.eu/3032,PARENT_CONCEPT_OF
http://eurovoc.europa.eu/5973,http://eurovoc.europa.eu/3638,PARENT_CONCEPT_OF
http://eurovoc.europa.eu/3800,http://eurovoc.europa.eu/4819,PARENT_CONCEPT_OF
http://eurovoc.europa.eu/4921,http://eurovoc.europa.eu/5651,PARENT_CONCEPT_OF
http://eurovoc.europa.eu/4921,http://eurovoc.europa.eu/5338,PARENT_CONCEPT_OF
http://eurovoc.europa.eu/3744,http://eurovoc.europa.eu/3848,PARENT_CONCEPT_OF
http://eurovoc.europa.eu/1434,http://eurovoc.europa.eu/4624,PARENT_CONCEPT_OF
http://eurovoc.europa.eu/5080,http://eurovoc.europa.eu/5085,PARENT_CONCEPT_OF
http://eurovoc.europa.eu/2725,http://eurovoc.europa.eu/6315,PARENT_CONCEPT_OF
http://eurovoc.europa.eu/4872,http://eurovoc.europa.eu/1461,PARENT_CONCEPT_OF
http://eurovoc.europa.eu/132,http://eurovoc.europa.eu/1715,PARENT_CONCEPT_OF
http://eurovoc.europa.eu/1590,http://eurovoc.europa.eu/1442,PARENT_CONCEPT_OF
http://eurovoc.europa.eu/5937,http://eurovoc.europa.eu/5829,PARENT_CONCEPT_OF
http://eurovoc.europa.eu/256,http://eurovoc.europa.eu/5308,PARENT_CONCEPT_OF
http://eurovoc.europa.eu/3067,http://eurovoc.europa.eu/5849,PARENT_CONCEPT_OF
http://eurovoc.europa.eu/5211,http://eurovoc.europa.eu/5103,PARENT_CONCEPT_OF
http://eurovoc.europa.eu/4205,http://eurovoc.europa.eu/7392,PARENT_CONCEPT_OF
http://eurovoc.europa.eu/2729,http://eurovoc.europa.eu/4088,PARENT_CONCEPT_OF
http://eurovoc.europa.eu/1245,http://eurovoc.europa.eu/5803,PARENT_CONCEPT_OF
http://eurovoc.europa.eu/2704,http://eurovoc.europa.eu/3972,PARENT_CONCEPT_OF
http://eurovoc.europa.eu/2362,http://eurovoc.europa.eu/1185,PARENT_CONCEPT_OF
http://eurovoc.europa.eu/2362,http://eurovoc.europa.eu/3406,PARENT_CONCEPT_OF
http://eurovoc.europa.eu/2362,http://eurovoc.europa.eu/2032,PARENT_CONCEPT_OF
http://eurovoc.europa.eu/2177,http://eurovoc.europa.eu/2708,PARENT_CONCEPT_OF
http://eurovoc.europa.eu/3497,http://eurovoc.europa.eu/1339,PARENT_CONCEPT_OF
http://eurovoc.europa.eu/1826,http://eurovoc.europa.eu/3881,PARENT_CONCEPT_OF
http://eurovoc.europa.eu/1826,http://eurovoc.europa.eu/5993,PARENT_CONCEPT_OF
http://eurovoc.europa.eu/1396,http://eurovoc.europa.eu/4676,PARENT_CONCEPT_OF
http://eurovoc.europa.eu/121,http://eurovoc.europa.eu/257,PARENT_CONCEPT_OF
http://eurovoc.europa.eu/1944,http://eurovoc.europa.eu/366,PARENT_CONCEPT_OF
http://eurovoc.europa.eu/2567,http://eurovoc.europa.eu/5952,PARENT_CONCEPT_OF
http://eurovoc.europa.eu/3420,http://eurovoc.europa.eu/3423,PARENT_CONCEPT_OF
http://eurovoc.europa.eu/86,http://eurovoc.europa.eu/83,PARENT_CONCEPT_OF
http://eurovoc.europa.eu/351,http://eurovoc.europa.eu/4846,PARENT_CONCEPT_OF
http://eurovoc.europa.eu/302,http://eurovoc.europa.eu/3888,PARENT_CONCEPT_OF
http://eurovoc.europa.eu/5883,http://eurovoc.europa.eu/c_d1f03d01,PARENT_CONCEPT_OF
http://eurovoc.europa.eu/2308,http://eurovoc.europa.eu/2304,PARENT_CONCEPT_OF
http://eurovoc.europa.eu/2772,http://eurovoc.europa.eu/3775,PARENT_CONCEPT_OF
http://eurovoc.europa.eu/2772,http://eurovoc.europa.eu/3769,PARENT_CONCEPT_OF
http://eurovoc.europa.eu/1141,http://eurovoc.europa.eu/c_ece9dd5b,PARENT_CONCEPT_OF
http://eurovoc.europa.eu/4033,http://eurovoc.europa.eu/c_28c51c2a,PARENT_CONCEPT_OF
http://eurovoc.europa.eu/4033,http://eurovoc.europa.eu/5889,PARENT_CONCEPT_OF
http://eurovoc.europa.eu/3943,http://eurovoc.europa.eu/5428,PARENT_CONCEPT_OF
http://eurovoc.europa.eu/c_c44f1704,http://eurovoc.europa.eu/1702,PARENT_CONCEPT_OF
http://eurovoc.europa.eu/8493,http://eurovoc.europa.eu/8512,PARENT_CONCEPT_OF
http://eurovoc.europa.eu/3061,http://eurovoc.europa.eu/1028,PARENT_CONCEPT_OF
http://eurovoc.europa.eu/5517,http://eurovoc.europa.eu/5516,PARENT_CONCEPT_OF
http://eurovoc.europa.eu/1309,http://eurovoc.europa.eu/3175,PARENT_CONCEPT_OF
http://eurovoc.europa.eu/148,http://eurovoc.europa.eu/3699,PARENT_CONCEPT_OF
http://eurovoc.europa.eu/1591,http://eurovoc.europa.eu/519,PARENT_CONCEPT_OF
http://eurovoc.europa.eu/5048,http://eurovoc.europa.eu/2063,PARENT_CONCEPT_OF
http://eurovoc.europa.eu/4709,http://eurovoc.europa.eu/1897,PARENT_CONCEPT_OF
http://eurovoc.europa.eu/440,http://eurovoc.europa.eu/6930,PARENT_CONCEPT_OF
http://eurovoc.europa.eu/3112,http://eurovoc.europa.eu/5375,PARENT_CONCEPT_OF
http://eurovoc.europa.eu/2558,http://eurovoc.europa.eu/1865,PARENT_CONCEPT_OF
http://eurovoc.europa.eu/1864,http://eurovoc.europa.eu/2340,PARENT_CONCEPT_OF
http://eurovoc.europa.eu/1460,http://eurovoc.europa.eu/1052,PARENT_CONCEPT_OF
http://eurovoc.europa.eu/1677,http://eurovoc.europa.eu/1970,PARENT_CONCEPT_OF
http://eurovoc.europa.eu/2404,http://eurovoc.europa.eu/2426,PARENT_CONCEPT_OF
http://eurovoc.europa.eu/3026,http://eurovoc.europa.eu/5520,PARENT_CONCEPT_OF
http://eurovoc.europa.eu/2155,http://eurovoc.europa.eu/5960,PARENT_CONCEPT_OF
http://eurovoc.europa.eu/55,http://eurovoc.europa.eu/409,PARENT_CONCEPT_OF
http://eurovoc.europa.eu/55,http://eurovoc.europa.eu/1057,PARENT_CONCEPT_OF
http://eurovoc.europa.eu/61,http://eurovoc.europa.eu/62,PARENT_CONCEPT_OF
http://eurovoc.europa.eu/664,http://eurovoc.europa.eu/6405,PARENT_CONCEPT_OF
http://eurovoc.europa.eu/4786,http://eurovoc.europa.eu/4807,PARENT_CONCEPT_OF
http://eurovoc.europa.eu/5764,http://eurovoc.europa.eu/1594,PARENT_CONCEPT_OF
http://eurovoc.europa.eu/3365,http://eurovoc.europa.eu/3366,PARENT_CONCEPT_OF
http://eurovoc.europa.eu/5921,http://eurovoc.europa.eu/1181,PARENT_CONCEPT_OF
http://eurovoc.europa.eu/1852,http://eurovoc.europa.eu/5594,PARENT_CONCEPT_OF
http://eurovoc.europa.eu/5019,http://eurovoc.europa.eu/606,PARENT_CONCEPT_OF
http://eurovoc.europa.eu/3003,http://eurovoc.europa.eu/4627,PARENT_CONCEPT_OF
http://eurovoc.europa.eu/4280,http://eurovoc.europa.eu/4288,PARENT_CONCEPT_OF
http://eurovoc.europa.eu/4293,http://eurovoc.europa.eu/6701,PARENT_CONCEPT_OF
http://eurovoc.europa.eu/5,http://eurovoc.europa.eu/3213,PARENT_CONCEPT_OF
http://eurovoc.europa.eu/6,http://eurovoc.europa.eu/3217,PARENT_CONCEPT_OF
http://eurovoc.europa.eu/4663,http://eurovoc.europa.eu/4665,PARENT_CONCEPT_OF
http://eurovoc.europa.eu/5852,http://eurovoc.europa.eu/2939,PARENT_CONCEPT_OF
http://eurovoc.europa.eu/39,http://eurovoc.europa.eu/2587,PARENT_CONCEPT_OF
http://eurovoc.europa.eu/1755,http://eurovoc.europa.eu/6124,PARENT_CONCEPT_OF
http://eurovoc.europa.eu/1755,http://eurovoc.europa.eu/2356,PARENT_CONCEPT_OF
http://eurovoc.europa.eu/1755,http://eurovoc.europa.eu/994,PARENT_CONCEPT_OF
http://eurovoc.europa.eu/642,http://eurovoc.europa.eu/1241,PARENT_CONCEPT_OF
http://eurovoc.europa.eu/5475,http://eurovoc.europa.eu/5436,PARENT_CONCEPT_OF
http://eurovoc.europa.eu/3123,http://eurovoc.europa.eu/5666,PARENT_CONCEPT_OF
http://eurovoc.europa.eu/1136,http://eurovoc.europa.eu/5393,PARENT_CONCEPT_OF
http://eurovoc.europa.eu/5629,http://eurovoc.europa.eu/5491,PARENT_CONCEPT_OF
http://eurovoc.europa.eu/5327,http://eurovoc.europa.eu/2930,PARENT_CONCEPT_OF
http://eurovoc.europa.eu/5344,http://eurovoc.europa.eu/4037,PARENT_CONCEPT_OF
http://eurovoc.europa.eu/12,http://eurovoc.europa.eu/6706,PARENT_CONCEPT_OF
http://eurovoc.europa.eu/12,http://eurovoc.europa.eu/6710,PARENT_CONCEPT_OF
http://eurovoc.europa.eu/542,http://eurovoc.europa.eu/5143,PARENT_CONCEPT_OF
http://eurovoc.europa.eu/3638,http://eurovoc.europa.eu/435061,PARENT_CONCEPT_OF
http://eurovoc.europa.eu/597,http://eurovoc.europa.eu/607,PARENT_CONCEPT_OF
http://eurovoc.europa.eu/597,http://eurovoc.europa.eu/599,PARENT_CONCEPT_OF
http://eurovoc.europa.eu/1565,http://eurovoc.europa.eu/1569,PARENT_CONCEPT_OF
http://eurovoc.europa.eu/5161,http://eurovoc.europa.eu/1940,PARENT_CONCEPT_OF
http://eurovoc.europa.eu/5486,http://eurovoc.europa.eu/5485,PARENT_CONCEPT_OF
http://eurovoc.europa.eu/3624,http://eurovoc.europa.eu/3625,PARENT_CONCEPT_OF
http://eurovoc.europa.eu/537,http://eurovoc.europa.eu/4001,PARENT_CONCEPT_OF
http://eurovoc.europa.eu/1562,http://eurovoc.europa.eu/5696,PARENT_CONCEPT_OF
http://eurovoc.europa.eu/419,http://eurovoc.europa.eu/5654,PARENT_CONCEPT_OF
http://eurovoc.europa.eu/2162,http://eurovoc.europa.eu/3055,PARENT_CONCEPT_OF
http://eurovoc.europa.eu/667,http://eurovoc.europa.eu/6104,PARENT_CONCEPT_OF
http://eurovoc.europa.eu/6088,http://eurovoc.europa.eu/6177,PARENT_CONCEPT_OF
http://eurovoc.europa.eu/4424,http://eurovoc.europa.eu/4425,PARENT_CONCEPT_OF
http://eurovoc.europa.eu/4424,http://eurovoc.europa.eu/30,PARENT_CONCEPT_OF
http://eurovoc.europa.eu/4424,http://eurovoc.europa.eu/3022,PARENT_CONCEPT_OF
http://eurovoc.europa.eu/529,http://eurovoc.europa.eu/c_c95f62c1,PARENT_CONCEPT_OF
http://eurovoc.europa.eu/592,http://eurovoc.europa.eu/4551,PARENT_CONCEPT_OF
http://eurovoc.europa.eu/592,http://eurovoc.europa.eu/1535,PARENT_CONCEPT_OF
http://eurovoc.europa.eu/3298,http://eurovoc.europa.eu/2900,PARENT_CONCEPT_OF
http://eurovoc.europa.eu/3009,http://eurovoc.europa.eu/4446,PARENT_CONCEPT_OF
http://eurovoc.europa.eu/3424,http://eurovoc.europa.eu/2984,PARENT_CONCEPT_OF
http://eurovoc.europa.eu/2110,http://eurovoc.europa.eu/1875,PARENT_CONCEPT_OF
http://eurovoc.europa.eu/6089,http://eurovoc.europa.eu/c_8f56da2a,PARENT_CONCEPT_OF
http://eurovoc.europa.eu/5262,http://eurovoc.europa.eu/3772,PARENT_CONCEPT_OF
http://eurovoc.europa.eu/1296,http://eurovoc.europa.eu/1289,PARENT_CONCEPT_OF
http://eurovoc.europa.eu/2024,http://eurovoc.europa.eu/1299,PARENT_CONCEPT_OF
http://eurovoc.europa.eu/2233,http://eurovoc.europa.eu/4197,PARENT_CONCEPT_OF
http://eurovoc.europa.eu/2768,http://eurovoc.europa.eu/3686,PARENT_CONCEPT_OF
http://eurovoc.europa.eu/5028,http://eurovoc.europa.eu/442791,PARENT_CONCEPT_OF
http://eurovoc.europa.eu/4713,http://eurovoc.europa.eu/4725,PARENT_CONCEPT_OF
http://eurovoc.europa.eu/4713,http://eurovoc.europa.eu/4722,PARENT_CONCEPT_OF
http://eurovoc.europa.eu/1879,http://eurovoc.europa.eu/5221,PARENT_CONCEPT_OF
http://eurovoc.europa.eu/1467,http://eurovoc.europa.eu/2898,PARENT_CONCEPT_OF
http://eurovoc.europa.eu/940,http://eurovoc.europa.eu/c_d978c1fc,PARENT_CONCEPT_OF
http://eurovoc.europa.eu/2773,http://eurovoc.europa.eu/4635,PARENT_CONCEPT_OF
http://eurovoc.europa.eu/2773,http://eurovoc.europa.eu/3815,PARENT_CONCEPT_OF
http://eurovoc.europa.eu/2042,http://eurovoc.europa.eu/333,PARENT_CONCEPT_OF
http://eurovoc.europa.eu/1052,http://eurovoc.europa.eu/450658,PARENT_CONCEPT_OF
http://eurovoc.europa.eu/1052,http://eurovoc.europa.eu/c_aa454f82,PARENT_CONCEPT_OF
http://eurovoc.europa.eu/1052,http://eurovoc.europa.eu/450652,PARENT_CONCEPT_OF
http://eurovoc.europa.eu/941,http://eurovoc.europa.eu/840,PARENT_CONCEPT_OF
http://eurovoc.europa.eu/4126,http://eurovoc.europa.eu/5926,PARENT_CONCEPT_OF
http://eurovoc.europa.eu/2522,http://eurovoc.europa.eu/2572,PARENT_CONCEPT_OF
http://eurovoc.europa.eu/2535,http://eurovoc.europa.eu/2529,PARENT_CONCEPT_OF
http://eurovoc.europa.eu/2609,http://eurovoc.europa.eu/2610,PARENT_CONCEPT_OF
http://eurovoc.europa.eu/c_0e092eaf,http://eurovoc.europa.eu/6404,PARENT_CONCEPT_OF
http://eurovoc.europa.eu/5722,http://eurovoc.europa.eu/5727,PARENT_CONCEPT_OF
http://eurovoc.europa.eu/5722,http://eurovoc.europa.eu/8444,PARENT_CONCEPT_OF
http://eurovoc.europa.eu/5902,http://eurovoc.europa.eu/c_efec98c3,PARENT_CONCEPT_OF
http://eurovoc.europa.eu/5413,http://eurovoc.europa.eu/5674,PARENT_CONCEPT_OF
http://eurovoc.europa.eu/8423,http://eurovoc.europa.eu/c_b007a1dc,PARENT_CONCEPT_OF
http://eurovoc.europa.eu/c_a18525ab,http://eurovoc.europa.eu/c_18180cde,PARENT_CONCEPT_OF
http://eurovoc.europa.eu/5438,http://eurovoc.europa.eu/1906,PARENT_CONCEPT_OF
http://eurovoc.europa.eu/5438,http://eurovoc.europa.eu/3398,PARENT_CONCEPT_OF
http://eurovoc.europa.eu/4256,http://eurovoc.europa.eu/3326,PARENT_CONCEPT_OF
http://eurovoc.europa.eu/4256,http://eurovoc.europa.eu/2902,PARENT_CONCEPT_OF
http://eurovoc.europa.eu/4705,http://eurovoc.europa.eu/3280,PARENT_CONCEPT_OF
http://eurovoc.europa.eu/4705,http://eurovoc.europa.eu/1950,PARENT_CONCEPT_OF
http://eurovoc.europa.eu/4554,http://eurovoc.europa.eu/184,PARENT_CONCEPT_OF
http://eurovoc.europa.eu/2188,http://eurovoc.europa.eu/2105,PARENT_CONCEPT_OF
http://eurovoc.europa.eu/2188,http://eurovoc.europa.eu/2070,PARENT_CONCEPT_OF
http://eurovoc.europa.eu/2188,http://eurovoc.europa.eu/4604,PARENT_CONCEPT_OF
http://eurovoc.europa.eu/4479,http://eurovoc.europa.eu/4034,PARENT_CONCEPT_OF
http://eurovoc.europa.eu/8473,http://eurovoc.europa.eu/8474,PARENT_CONCEPT_OF
http://eurovoc.europa.eu/2149,http://eurovoc.europa.eu/3612,PARENT_CONCEPT_OF
http://eurovoc.europa.eu/285,http://eurovoc.europa.eu/6339,PARENT_CONCEPT_OF
http://eurovoc.europa.eu/637,http://eurovoc.europa.eu/c_87ccc7c3,PARENT_CONCEPT_OF
http://eurovoc.europa.eu/3013,http://eurovoc.europa.eu/6032,PARENT_CONCEPT_OF
http://eurovoc.europa.eu/3013,http://eurovoc.europa.eu/640,PARENT_CONCEPT_OF
http://eurovoc.europa.eu/4505,http://eurovoc.europa.eu/3125,PARENT_CONCEPT_OF
http://eurovoc.europa.eu/2688,http://eurovoc.europa.eu/3601,PARENT_CONCEPT_OF
http://eurovoc.europa.eu/2459,http://eurovoc.europa.eu/442,PARENT_CONCEPT_OF
http://eurovoc.europa.eu/2459,http://eurovoc.europa.eu/3200,PARENT_CONCEPT_OF
http://eurovoc.europa.eu/2459,http://eurovoc.europa.eu/2840,PARENT_CONCEPT_OF
http://eurovoc.europa.eu/5283,http://eurovoc.europa.eu/4353,PARENT_CONCEPT_OF
http://eurovoc.europa.eu/5283,http://eurovoc.europa.eu/1255,PARENT_CONCEPT_OF
http://eurovoc.europa.eu/5283,http://eurovoc.europa.eu/1712,PARENT_CONCEPT_OF
http://eurovoc.europa.eu/5283,http://eurovoc.europa.eu/5709,PARENT_CONCEPT_OF
http://eurovoc.europa.eu/1794,http://eurovoc.europa.eu/690,PARENT_CONCEPT_OF
http://eurovoc.europa.eu/4587,http://eurovoc.europa.eu/1124,PARENT_CONCEPT_OF
http://eurovoc.europa.eu/5776,http://eurovoc.europa.eu/2336,PARENT_CONCEPT_OF
http://eurovoc.europa.eu/5776,http://eurovoc.europa.eu/726,PARENT_CONCEPT_OF
http://eurovoc.europa.eu/4069,http://eurovoc.europa.eu/314,PARENT_CONCEPT_OF
http://eurovoc.europa.eu/4069,http://eurovoc.europa.eu/6036,PARENT_CONCEPT_OF
http://eurovoc.europa.eu/4069,http://eurovoc.europa.eu/4621,PARENT_CONCEPT_OF
http://eurovoc.europa.eu/4069,http://eurovoc.europa.eu/1228,PARENT_CONCEPT_OF
http://eurovoc.europa.eu/1191,http://eurovoc.europa.eu/5020,PARENT_CONCEPT_OF
http://eurovoc.europa.eu/1844,http://eurovoc.europa.eu/2224,PARENT_CONCEPT_OF
http://eurovoc.europa.eu/c_2b2e17b1,http://eurovoc.europa.eu/5892,PARENT_CONCEPT_OF
http://eurovoc.europa.eu/c_2b2e17b1,http://eurovoc.europa.eu/5746,PARENT_CONCEPT_OF
http://eurovoc.europa.eu/5083,http://eurovoc.europa.eu/1219,PARENT_CONCEPT_OF
http://eurovoc.europa.eu/5083,http://eurovoc.europa.eu/1236,PARENT_CONCEPT_OF
http://eurovoc.europa.eu/5083,http://eurovoc.europa.eu/1766,PARENT_CONCEPT_OF
http://eurovoc.europa.eu/5083,http://eurovoc.europa.eu/4161,PARENT_CONCEPT_OF
http://eurovoc.europa.eu/4607,http://eurovoc.europa.eu/2057,PARENT_CONCEPT_OF
http://eurovoc.europa.eu/4690,http://eurovoc.europa.eu/5892,PARENT_CONCEPT_OF
http://eurovoc.europa.eu/5265,http://eurovoc.europa.eu/1522,PARENT_CONCEPT_OF
http://eurovoc.europa.eu/5265,http://eurovoc.europa.eu/4567,PARENT_CONCEPT_OF
http://eurovoc.europa.eu/8367,http://eurovoc.europa.eu/2052,PARENT_CONCEPT_OF
http://eurovoc.europa.eu/1847,http://eurovoc.europa.eu/1355,PARENT_CONCEPT_OF
http://eurovoc.europa.eu/6205,http://eurovoc.europa.eu/2229,PARENT_CONCEPT_OF
http://eurovoc.europa.eu/5781,http://eurovoc.europa.eu/3763,PARENT_CONCEPT_OF
http://eurovoc.europa.eu/5781,http://eurovoc.europa.eu/5709,PARENT_CONCEPT_OF
http://eurovoc.europa.eu/5087,http://eurovoc.europa.eu/1308,PARENT_CONCEPT_OF
http://eurovoc.europa.eu/5302,http://eurovoc.europa.eu/1769,PARENT_CONCEPT_OF
http://eurovoc.europa.eu/4845,http://eurovoc.europa.eu/1712,PARENT_CONCEPT_OF
http://eurovoc.europa.eu/5780,http://eurovoc.europa.eu/4580,PARENT_CONCEPT_OF
http://eurovoc.europa.eu/c_b2c019c8,http://eurovoc.europa.eu/4570,PARENT_CONCEPT_OF
http://eurovoc.europa.eu/c_b2c019c8,http://eurovoc.europa.eu/3410,PARENT_CONCEPT_OF
http://eurovoc.europa.eu/c_b2c019c8,http://eurovoc.europa.eu/3405,PARENT_CONCEPT_OF
http://eurovoc.europa.eu/c_b2c019c8,http://eurovoc.europa.eu/5029,PARENT_CONCEPT_OF
http://eurovoc.europa.eu/5778,http://eurovoc.europa.eu/4621,PARENT_CONCEPT_OF
http://eurovoc.europa.eu/2106,http://eurovoc.europa.eu/1085,PARENT_CONCEPT_OF
http://eurovoc.europa.eu/2106,http://eurovoc.europa.eu/1318,PARENT_CONCEPT_OF
http://eurovoc.europa.eu/2106,http://eurovoc.europa.eu/4324,PARENT_CONCEPT_OF
http://eurovoc.europa.eu/37846,http://eurovoc.europa.eu/33,PARENT_CONCEPT_OF
http://eurovoc.europa.eu/37846,http://eurovoc.europa.eu/2057,PARENT_CONCEPT_OF
http://eurovoc.europa.eu/37846,http://eurovoc.europa.eu/4092,PARENT_CONCEPT_OF
http://eurovoc.europa.eu/2737,http://eurovoc.europa.eu/4681,PARENT_CONCEPT_OF
http://eurovoc.europa.eu/2737,http://eurovoc.europa.eu/1907,PARENT_CONCEPT_OF
http://eurovoc.europa.eu/2469,http://eurovoc.europa.eu/6752,PARENT_CONCEPT_OF
http://eurovoc.europa.eu/4703,http://eurovoc.europa.eu/7201,PARENT_CONCEPT_OF
http://eurovoc.europa.eu/744,http://eurovoc.europa.eu/750,PARENT_CONCEPT_OF
http://eurovoc.europa.eu/744,http://eurovoc.europa.eu/c_eb46b396,PARENT_CONCEPT_OF
http://eurovoc.europa.eu/5923,http://eurovoc.europa.eu/6623,PARENT_CONCEPT_OF
http://eurovoc.europa.eu/139,http://eurovoc.europa.eu/143,PARENT_CONCEPT_OF
http://eurovoc.europa.eu/486,http://eurovoc.europa.eu/2891,PARENT_CONCEPT_OF
http://eurovoc.europa.eu/4415,http://eurovoc.europa.eu/7219,PARENT_CONCEPT_OF
http://eurovoc.europa.eu/4415,http://eurovoc.europa.eu/923,PARENT_CONCEPT_OF
http://eurovoc.europa.eu/3641,http://eurovoc.europa.eu/2076,PARENT_CONCEPT_OF
http://eurovoc.europa.eu/4418,http://eurovoc.europa.eu/3640,PARENT_CONCEPT_OF
http://eurovoc.europa.eu/3632,http://eurovoc.europa.eu/3997,PARENT_CONCEPT_OF
http://eurovoc.europa.eu/5275,http://eurovoc.europa.eu/481,PARENT_CONCEPT_OF
http://eurovoc.europa.eu/5275,http://eurovoc.europa.eu/732,PARENT_CONCEPT_OF
http://eurovoc.europa.eu/1737,http://eurovoc.europa.eu/4558,PARENT_CONCEPT_OF
http://eurovoc.europa.eu/1737,http://eurovoc.europa.eu/3540,PARENT_CONCEPT_OF
http://eurovoc.europa.eu/1802,http://eurovoc.europa.eu/4054,PARENT_CONCEPT_OF
http://eurovoc.europa.eu/1802,http://eurovoc.europa.eu/5755,PARENT_CONCEPT_OF
http://eurovoc.europa.eu/1802,http://eurovoc.europa.eu/6348,PARENT_CONCEPT_OF
http://eurovoc.europa.eu/1012,http://eurovoc.europa.eu/3558,PARENT_CONCEPT_OF
http://eurovoc.europa.eu/929,http://eurovoc.europa.eu/341,PARENT_CONCEPT_OF
http://eurovoc.europa.eu/2698,http://eurovoc.europa.eu/917,PARENT_CONCEPT_OF
http://eurovoc.europa.eu/1386,http://eurovoc.europa.eu/2754,PARENT_CONCEPT_OF
http://eurovoc.europa.eu/2477,http://eurovoc.europa.eu/1201,PARENT_CONCEPT_OF
http://eurovoc.europa.eu/795,http://eurovoc.europa.eu/1070,PARENT_CONCEPT_OF
http://eurovoc.europa.eu/2167,http://eurovoc.europa.eu/2102,PARENT_CONCEPT_OF
http://eurovoc.europa.eu/2171,http://eurovoc.europa.eu/8300,PARENT_CONCEPT_OF
http://eurovoc.europa.eu/2172,http://eurovoc.europa.eu/6336,PARENT_CONCEPT_OF
http://eurovoc.europa.eu/4416,http://eurovoc.europa.eu/132,PARENT_CONCEPT_OF
http://eurovoc.europa.eu/4416,http://eurovoc.europa.eu/4498,PARENT_CONCEPT_OF
http://eurovoc.europa.eu/5640,http://eurovoc.europa.eu/5854,PARENT_CONCEPT_OF
http://eurovoc.europa.eu/2163,http://eurovoc.europa.eu/c_adf49204,PARENT_CONCEPT_OF
http://eurovoc.europa.eu/1451,http://eurovoc.europa.eu/255,PARENT_CONCEPT_OF
http://eurovoc.europa.eu/1451,http://eurovoc.europa.eu/4038,PARENT_CONCEPT_OF
http://eurovoc.europa.eu/1451,http://eurovoc.europa.eu/114,PARENT_CONCEPT_OF
http://eurovoc.europa.eu/5769,http://eurovoc.europa.eu/5342,PARENT_CONCEPT_OF
http://eurovoc.europa.eu/5769,http://eurovoc.europa.eu/8284,PARENT_CONCEPT_OF
http://eurovoc.europa.eu/5769,http://eurovoc.europa.eu/2198,PARENT_CONCEPT_OF
http://eurovoc.europa.eu/4706,http://eurovoc.europa.eu/101,PARENT_CONCEPT_OF
http://eurovoc.europa.eu/1700,http://eurovoc.europa.eu/4470,PARENT_CONCEPT_OF
http://eurovoc.europa.eu/2690,http://eurovoc.europa.eu/3352,PARENT_CONCEPT_OF
http://eurovoc.europa.eu/5448,http://eurovoc.europa.eu/5693,PARENT_CONCEPT_OF
http://eurovoc.europa.eu/2113,http://eurovoc.europa.eu/4160,PARENT_CONCEPT_OF
http://eurovoc.europa.eu/5360,http://eurovoc.europa.eu/5363,PARENT_CONCEPT_OF
http://eurovoc.europa.eu/5360,http://eurovoc.europa.eu/5361,PARENT_CONCEPT_OF
http://eurovoc.europa.eu/5360,http://eurovoc.europa.eu/4571,PARENT_CONCEPT_OF
http://eurovoc.europa.eu/2417,http://eurovoc.europa.eu/4173,PARENT_CONCEPT_OF
http://eurovoc.europa.eu/2418,http://eurovoc.europa.eu/5088,PARENT_CONCEPT_OF
http://eurovoc.europa.eu/3956,http://eurovoc.europa.eu/3947,PARENT_CONCEPT_OF
http://eurovoc.europa.eu/3928,http://eurovoc.europa.eu/4094,PARENT_CONCEPT_OF
http://eurovoc.europa.eu/3098,http://eurovoc.europa.eu/4521,PARENT_CONCEPT_OF
http://eurovoc.europa.eu/3098,http://eurovoc.europa.eu/4518,PARENT_CONCEPT_OF
http://eurovoc.europa.eu/3098,http://eurovoc.europa.eu/3614,PARENT_CONCEPT_OF
http://eurovoc.europa.eu/2181,http://eurovoc.europa.eu/4531,PARENT_CONCEPT_OF
http://eurovoc.europa.eu/2181,http://eurovoc.europa.eu/3113,PARENT_CONCEPT_OF
http://eurovoc.europa.eu/53,http://eurovoc.europa.eu/5379,PARENT_CONCEPT_OF
http://eurovoc.europa.eu/2246,http://eurovoc.europa.eu/1303,PARENT_CONCEPT_OF
http://eurovoc.europa.eu/2246,http://eurovoc.europa.eu/4120,PARENT_CONCEPT_OF
http://eurovoc.europa.eu/2481,http://eurovoc.europa.eu/479,PARENT_CONCEPT_OF
http://eurovoc.europa.eu/5974,http://eurovoc.europa.eu/5982,PARENT_CONCEPT_OF
http://eurovoc.europa.eu/2468,http://eurovoc.europa.eu/2904,PARENT_CONCEPT_OF
http://eurovoc.europa.eu/2468,http://eurovoc.europa.eu/2427,PARENT_CONCEPT_OF
http://eurovoc.europa.eu/3522,http://eurovoc.europa.eu/4332,PARENT_CONCEPT_OF
http://eurovoc.europa.eu/424,http://eurovoc.europa.eu/1682,PARENT_CONCEPT_OF
http://eurovoc.europa.eu/1018,http://eurovoc.europa.eu/58,PARENT_CONCEPT_OF
http://eurovoc.europa.eu/4565,http://eurovoc.europa.eu/1523,PARENT_CONCEPT_OF
http://eurovoc.europa.eu/2187,http://eurovoc.europa.eu/7185,PARENT_CONCEPT_OF
http://eurovoc.europa.eu/2187,http://eurovoc.europa.eu/168,PARENT_CONCEPT_OF
http://eurovoc.europa.eu/2187,http://eurovoc.europa.eu/5365,PARENT_CONCEPT_OF
http://eurovoc.europa.eu/2187,http://eurovoc.europa.eu/421,PARENT_CONCEPT_OF
http://eurovoc.europa.eu/2628,http://eurovoc.europa.eu/5591,PARENT_CONCEPT_OF
http://eurovoc.europa.eu/2628,http://eurovoc.europa.eu/3436,PARENT_CONCEPT_OF
http://eurovoc.europa.eu/2647,http://eurovoc.europa.eu/2567,PARENT_CONCEPT_OF
http://eurovoc.europa.eu/2464,http://eurovoc.europa.eu/472,PARENT_CONCEPT_OF
http://eurovoc.europa.eu/84,http://eurovoc.europa.eu/5992,PARENT_CONCEPT_OF
http://eurovoc.europa.eu/4305,http://eurovoc.europa.eu/4277,PARENT_CONCEPT_OF
http://eurovoc.europa.eu/3487,http://eurovoc.europa.eu/1202,PARENT_CONCEPT_OF
http://eurovoc.europa.eu/281,http://eurovoc.europa.eu/332,PARENT_CONCEPT_OF
http://eurovoc.europa.eu/4602,http://eurovoc.europa.eu/c_c565cff5,PARENT_CONCEPT_OF
http://eurovoc.europa.eu/4602,http://eurovoc.europa.eu/5474,PARENT_CONCEPT_OF
http://eurovoc.europa.eu/5913,http://eurovoc.europa.eu/1035,PARENT_CONCEPT_OF
http://eurovoc.europa.eu/3952,http://eurovoc.europa.eu/1148,PARENT_CONCEPT_OF
http://eurovoc.europa.eu/3952,http://eurovoc.europa.eu/2114,PARENT_CONCEPT_OF
http://eurovoc.europa.eu/3946,http://eurovoc.europa.eu/5301,PARENT_CONCEPT_OF
http://eurovoc.europa.eu/3131,http://eurovoc.europa.eu/6021,PARENT_CONCEPT_OF
http://eurovoc.europa.eu/1432,http://eurovoc.europa.eu/5571,PARENT_CONCEPT_OF
http://eurovoc.europa.eu/1432,http://eurovoc.europa.eu/574,PARENT_CONCEPT_OF
http://eurovoc.europa.eu/1432,http://eurovoc.europa.eu/8449,PARENT_CONCEPT_OF
http://eurovoc.europa.eu/1432,http://eurovoc.europa.eu/3355,PARENT_CONCEPT_OF
http://eurovoc.europa.eu/1909,http://eurovoc.europa.eu/1912,PARENT_CONCEPT_OF
http://eurovoc.europa.eu/1520,http://eurovoc.europa.eu/4568,PARENT_CONCEPT_OF
http://eurovoc.europa.eu/7868,http://eurovoc.europa.eu/7876,PARENT_CONCEPT_OF
http://eurovoc.europa.eu/1088,http://eurovoc.europa.eu/246,PARENT_CONCEPT_OF
http://eurovoc.europa.eu/1088,http://eurovoc.europa.eu/c_0a700c19,PARENT_CONCEPT_OF
http://eurovoc.europa.eu/2288,http://eurovoc.europa.eu/5037,PARENT_CONCEPT_OF
http://eurovoc.europa.eu/337,http://eurovoc.europa.eu/4678,PARENT_CONCEPT_OF
http://eurovoc.europa.eu/337,http://eurovoc.europa.eu/4659,PARENT_CONCEPT_OF
http://eurovoc.europa.eu/337,http://eurovoc.europa.eu/4206,PARENT_CONCEPT_OF
http://eurovoc.europa.eu/7816,http://eurovoc.europa.eu/7844,PARENT_CONCEPT_OF
http://eurovoc.europa.eu/8301,http://eurovoc.europa.eu/8332,PARENT_CONCEPT_OF
http://eurovoc.europa.eu/1329,http://eurovoc.europa.eu/3713,PARENT_CONCEPT_OF
http://eurovoc.europa.eu/1329,http://eurovoc.europa.eu/5879,PARENT_CONCEPT_OF
http://eurovoc.europa.eu/2564,http://eurovoc.europa.eu/3395,PARENT_CONCEPT_OF
http://eurovoc.europa.eu/7815,http://eurovoc.europa.eu/7819,PARENT_CONCEPT_OF
http://eurovoc.europa.eu/6136,http://eurovoc.europa.eu/6199,PARENT_CONCEPT_OF
http://eurovoc.europa.eu/1184,http://eurovoc.europa.eu/2315,PARENT_CONCEPT_OF
http://eurovoc.europa.eu/614,http://eurovoc.europa.eu/4573,PARENT_CONCEPT_OF
http://eurovoc.europa.eu/1748,http://eurovoc.europa.eu/1750,PARENT_CONCEPT_OF
http://eurovoc.europa.eu/4750,http://eurovoc.europa.eu/5067,PARENT_CONCEPT_OF
http://eurovoc.europa.eu/4222,http://eurovoc.europa.eu/6023,PARENT_CONCEPT_OF
http://eurovoc.europa.eu/4222,http://eurovoc.europa.eu/1550,PARENT_CONCEPT_OF
http://eurovoc.europa.eu/802,http://eurovoc.europa.eu/806,PARENT_CONCEPT_OF
http://eurovoc.europa.eu/539,http://eurovoc.europa.eu/5541,PARENT_CONCEPT_OF
http://eurovoc.europa.eu/1400,http://eurovoc.europa.eu/2192,PARENT_CONCEPT_OF
http://eurovoc.europa.eu/371,http://eurovoc.europa.eu/420,PARENT_CONCEPT_OF
http://eurovoc.europa.eu/343,http://eurovoc.europa.eu/347,PARENT_CONCEPT_OF
http://eurovoc.europa.eu/343,http://eurovoc.europa.eu/c_b8d2bcb4,PARENT_CONCEPT_OF
http://eurovoc.europa.eu/1687,http://eurovoc.europa.eu/4598,PARENT_CONCEPT_OF
http://eurovoc.europa.eu/4365,http://eurovoc.europa.eu/2791,PARENT_CONCEPT_OF
http://eurovoc.europa.eu/2736,http://eurovoc.europa.eu/6789,PARENT_CONCEPT_OF
http://eurovoc.europa.eu/1258,http://eurovoc.europa.eu/c_16b63d4f,PARENT_CONCEPT_OF
http://eurovoc.europa.eu/1154,http://eurovoc.europa.eu/4286,PARENT_CONCEPT_OF
http://eurovoc.europa.eu/1154,http://eurovoc.europa.eu/c_5b447e3a,PARENT_CONCEPT_OF
http://eurovoc.europa.eu/99,http://eurovoc.europa.eu/498,PARENT_CONCEPT_OF
http://eurovoc.europa.eu/3450,http://eurovoc.europa.eu/6927,PARENT_CONCEPT_OF
http://eurovoc.europa.eu/3476,http://eurovoc.europa.eu/3502,PARENT_CONCEPT_OF
http://eurovoc.europa.eu/6722,http://eurovoc.europa.eu/1743,PARENT_CONCEPT_OF
http://eurovoc.europa.eu/6722,http://eurovoc.europa.eu/5773,PARENT_CONCEPT_OF
http://eurovoc.europa.eu/6722,http://eurovoc.europa.eu/6117,PARENT_CONCEPT_OF
http://eurovoc.europa.eu/2497,http://eurovoc.europa.eu/2490,PARENT_CONCEPT_OF
http://eurovoc.europa.eu/712,http://eurovoc.europa.eu/889,PARENT_CONCEPT_OF
http://eurovoc.europa.eu/3318,http://eurovoc.europa.eu/4231,PARENT_CONCEPT_OF
http://eurovoc.europa.eu/385,http://eurovoc.europa.eu/589,PARENT_CONCEPT_OF
http://eurovoc.europa.eu/3239,http://eurovoc.europa.eu/219,PARENT_CONCEPT_OF
http://eurovoc.europa.eu/3239,http://eurovoc.europa.eu/c_5673e35a,PARENT_CONCEPT_OF
http://eurovoc.europa.eu/1063,http://eurovoc.europa.eu/1067,PARENT_CONCEPT_OF
http://eurovoc.europa.eu/2505,http://eurovoc.europa.eu/4352,PARENT_CONCEPT_OF
http://eurovoc.europa.eu/2505,http://eurovoc.europa.eu/1513,PARENT_CONCEPT_OF
http://eurovoc.europa.eu/5922,http://eurovoc.europa.eu/c_04ae3ba8,PARENT_CONCEPT_OF
http://eurovoc.europa.eu/4488,http://eurovoc.europa.eu/3024,PARENT_CONCEPT_OF
http://eurovoc.europa.eu/1411,http://eurovoc.europa.eu/3753,PARENT_CONCEPT_OF
http://eurovoc.europa.eu/965,http://eurovoc.europa.eu/2501,PARENT_CONCEPT_OF
http://eurovoc.europa.eu/540,http://eurovoc.europa.eu/3314,PARENT_CONCEPT_OF
http://eurovoc.europa.eu/540,http://eurovoc.europa.eu/719,PARENT_CONCEPT_OF
http://eurovoc.europa.eu/914,http://eurovoc.europa.eu/5858,PARENT_CONCEPT_OF
http://eurovoc.europa.eu/914,http://eurovoc.europa.eu/5695,PARENT_CONCEPT_OF
http://eurovoc.europa.eu/913,http://eurovoc.europa.eu/2286,PARENT_CONCEPT_OF
http://eurovoc.europa.eu/912,http://eurovoc.europa.eu/1519,PARENT_CONCEPT_OF
http://eurovoc.europa.eu/2014,http://eurovoc.europa.eu/2985,PARENT_CONCEPT_OF
http://eurovoc.europa.eu/2519,http://eurovoc.europa.eu/4385,PARENT_CONCEPT_OF
http://eurovoc.europa.eu/2519,http://eurovoc.europa.eu/3611,PARENT_CONCEPT_OF
http://eurovoc.europa.eu/2520,http://eurovoc.europa.eu/4499,PARENT_CONCEPT_OF
http://eurovoc.europa.eu/2258,http://eurovoc.europa.eu/3050,PARENT_CONCEPT_OF
http://eurovoc.europa.eu/5620,http://eurovoc.europa.eu/5825,PARENT_CONCEPT_OF
http://eurovoc.europa.eu/1155,http://eurovoc.europa.eu/1333,PARENT_CONCEPT_OF
http://eurovoc.europa.eu/1488,http://eurovoc.europa.eu/1494,PARENT_CONCEPT_OF
http://eurovoc.europa.eu/1000,http://eurovoc.europa.eu/6025,PARENT_CONCEPT_OF
http://eurovoc.europa.eu/5615,http://eurovoc.europa.eu/2549,PARENT_CONCEPT_OF
http://eurovoc.europa.eu/5615,http://eurovoc.europa.eu/1077,PARENT_CONCEPT_OF
http://eurovoc.europa.eu/5615,http://eurovoc.europa.eu/5440,PARENT_CONCEPT_OF
http://eurovoc.europa.eu/3549,http://eurovoc.europa.eu/3687,PARENT_CONCEPT_OF
http://eurovoc.europa.eu/5881,http://eurovoc.europa.eu/838,PARENT_CONCEPT_OF
http://eurovoc.europa.eu/3778,http://eurovoc.europa.eu/1298,PARENT_CONCEPT_OF
http://eurovoc.europa.eu/4314,http://eurovoc.europa.eu/1511,PARENT_CONCEPT_OF
http://eurovoc.europa.eu/3489,http://eurovoc.europa.eu/220,PARENT_CONCEPT_OF
http://eurovoc.europa.eu/3489,http://eurovoc.europa.eu/5551,PARENT_CONCEPT_OF
http://eurovoc.europa.eu/3798,http://eurovoc.europa.eu/28,PARENT_CONCEPT_OF
http://eurovoc.europa.eu/4291,http://eurovoc.europa.eu/4280,PARENT_CONCEPT_OF
http://eurovoc.europa.eu/474,http://eurovoc.europa.eu/5,PARENT_CONCEPT_OF
http://eurovoc.europa.eu/2166,http://eurovoc.europa.eu/340,PARENT_CONCEPT_OF
http://eurovoc.europa.eu/77,http://eurovoc.europa.eu/5118,PARENT_CONCEPT_OF
http://eurovoc.europa.eu/2723,http://eurovoc.europa.eu/2025,PARENT_CONCEPT_OF
http://eurovoc.europa.eu/711,http://eurovoc.europa.eu/6322,PARENT_CONCEPT_OF
http://eurovoc.europa.eu/711,http://eurovoc.europa.eu/4251,PARENT_CONCEPT_OF
http://eurovoc.europa.eu/711,http://eurovoc.europa.eu/4427,PARENT_CONCEPT_OF
http://eurovoc.europa.eu/4486,http://eurovoc.europa.eu/1482,PARENT_CONCEPT_OF
http://eurovoc.europa.eu/1422,http://eurovoc.europa.eu/4330,PARENT_CONCEPT_OF
http://eurovoc.europa.eu/2472,http://eurovoc.europa.eu/5334,PARENT_CONCEPT_OF
http://eurovoc.europa.eu/2498,http://eurovoc.europa.eu/1685,PARENT_CONCEPT_OF
http://eurovoc.europa.eu/2498,http://eurovoc.europa.eu/c_d8d35f08,PARENT_CONCEPT_OF
http://eurovoc.europa.eu/1163,http://eurovoc.europa.eu/3562,PARENT_CONCEPT_OF
http://eurovoc.europa.eu/1163,http://eurovoc.europa.eu/62714,PARENT_CONCEPT_OF
http://eurovoc.europa.eu/2639,http://eurovoc.europa.eu/2644,PARENT_CONCEPT_OF
http://eurovoc.europa.eu/2632,http://eurovoc.europa.eu/2660,PARENT_CONCEPT_OF
http://eurovoc.europa.eu/2656,http://eurovoc.europa.eu/2635,PARENT_CONCEPT_OF
http://eurovoc.europa.eu/4363,http://eurovoc.europa.eu/319,PARENT_CONCEPT_OF
http://eurovoc.europa.eu/4412,http://eurovoc.europa.eu/2842,PARENT_CONCEPT_OF
http://eurovoc.europa.eu/c_4c7717f3,http://eurovoc.europa.eu/c_163e1e96,PARENT_CONCEPT_OF
http://eurovoc.europa.eu/2450,http://eurovoc.europa.eu/618,PARENT_CONCEPT_OF
http://eurovoc.europa.eu/2488,http://eurovoc.europa.eu/288,PARENT_CONCEPT_OF
http://eurovoc.europa.eu/1282,http://eurovoc.europa.eu/32,PARENT_CONCEPT_OF
http://eurovoc.europa.eu/1282,http://eurovoc.europa.eu/907,PARENT_CONCEPT_OF
http://eurovoc.europa.eu/3025,http://eurovoc.europa.eu/3016,PARENT_CONCEPT_OF
http://eurovoc.europa.eu/883,http://eurovoc.europa.eu/6881,PARENT_CONCEPT_OF
http://eurovoc.europa.eu/2191,http://eurovoc.europa.eu/6148,PARENT_CONCEPT_OF
http://eurovoc.europa.eu/4060,http://eurovoc.europa.eu/5788,PARENT_CONCEPT_OF
http://eurovoc.europa.eu/5442,http://eurovoc.europa.eu/c_59f9c651,PARENT_CONCEPT_OF
http://eurovoc.europa.eu/26,http://eurovoc.europa.eu/5343,PARENT_CONCEPT_OF
http://eurovoc.europa.eu/4057,http://eurovoc.europa.eu/12,PARENT_CONCEPT_OF
http://eurovoc.europa.eu/1804,http://eurovoc.europa.eu/c_dcf3f7c0,PARENT_CONCEPT_OF
http://eurovoc.europa.eu/1630,http://eurovoc.europa.eu/2002,PARENT_CONCEPT_OF
http://eurovoc.europa.eu/3820,http://eurovoc.europa.eu/4228,PARENT_CONCEPT_OF
http://eurovoc.europa.eu/1707,http://eurovoc.europa.eu/177,PARENT_CONCEPT_OF
http://eurovoc.europa.eu/1707,http://eurovoc.europa.eu/2877,PARENT_CONCEPT_OF
http://eurovoc.europa.eu/2470,http://eurovoc.europa.eu/c_749f2ce9,PARENT_CONCEPT_OF
http://eurovoc.europa.eu/2825,http://eurovoc.europa.eu/2841,PARENT_CONCEPT_OF
http://eurovoc.europa.eu/c_98d1408a,http://eurovoc.europa.eu/3144,PARENT_CONCEPT_OF
http://eurovoc.europa.eu/4050,http://eurovoc.europa.eu/4028,PARENT_CONCEPT_OF
http://eurovoc.europa.eu/1004,http://eurovoc.europa.eu/4209,PARENT_CONCEPT_OF
http://eurovoc.europa.eu/4590,http://eurovoc.europa.eu/1519,PARENT_CONCEPT_OF
http://eurovoc.europa.eu/c_6e703074,http://eurovoc.europa.eu/4217,PARENT_CONCEPT_OF
http://eurovoc.europa.eu/c_6e703074,http://eurovoc.europa.eu/1819,PARENT_CONCEPT_OF
http://eurovoc.europa.eu/5775,http://eurovoc.europa.eu/5445,PARENT_CONCEPT_OF
http://eurovoc.europa.eu/2200,http://eurovoc.europa.eu/1125,PARENT_CONCEPT_OF
http://eurovoc.europa.eu/2200,http://eurovoc.europa.eu/4580,PARENT_CONCEPT_OF
http://eurovoc.europa.eu/122,http://eurovoc.europa.eu/4839,PARENT_CONCEPT_OF
http://eurovoc.europa.eu/122,http://eurovoc.europa.eu/5858,PARENT_CONCEPT_OF
http://eurovoc.europa.eu/122,http://eurovoc.europa.eu/5652,PARENT_CONCEPT_OF
http://eurovoc.europa.eu/2119,http://eurovoc.europa.eu/888,PARENT_CONCEPT_OF
http://eurovoc.europa.eu/2119,http://eurovoc.europa.eu/3401,PARENT_CONCEPT_OF
http://eurovoc.europa.eu/2763,http://eurovoc.europa.eu/1565,PARENT_CONCEPT_OF
http://eurovoc.europa.eu/2775,http://eurovoc.europa.eu/2849,PARENT_CONCEPT_OF
http://eurovoc.europa.eu/2775,http://eurovoc.europa.eu/2845,PARENT_CONCEPT_OF
http://eurovoc.europa.eu/813,http://eurovoc.europa.eu/829,PARENT_CONCEPT_OF
http://eurovoc.europa.eu/3461,http://eurovoc.europa.eu/3466,PARENT_CONCEPT_OF
http://eurovoc.europa.eu/1346,http://eurovoc.europa.eu/3488,PARENT_CONCEPT_OF
http://eurovoc.europa.eu/1346,http://eurovoc.europa.eu/2005,PARENT_CONCEPT_OF
http://eurovoc.europa.eu/1346,http://eurovoc.europa.eu/359,PARENT_CONCEPT_OF
http://eurovoc.europa.eu/3474,http://eurovoc.europa.eu/c_cd74cde9,PARENT_CONCEPT_OF
http://eurovoc.europa.eu/3474,http://eurovoc.europa.eu/435,PARENT_CONCEPT_OF
http://eurovoc.europa.eu/3474,http://eurovoc.europa.eu/3650,PARENT_CONCEPT_OF
http://eurovoc.europa.eu/2507,http://eurovoc.europa.eu/c_aaa778de,PARENT_CONCEPT_OF
http://eurovoc.europa.eu/566,http://eurovoc.europa.eu/2034,PARENT_CONCEPT_OF
http://eurovoc.europa.eu/13,http://eurovoc.europa.eu/895,PARENT_CONCEPT_OF
http://eurovoc.europa.eu/5268,http://eurovoc.europa.eu/1688,PARENT_CONCEPT_OF
http://eurovoc.europa.eu/2001,http://eurovoc.europa.eu/1198,PARENT_CONCEPT_OF
http://eurovoc.europa.eu/2001,http://eurovoc.europa.eu/1999,PARENT_CONCEPT_OF
http://eurovoc.europa.eu/4704,http://eurovoc.europa.eu/67,PARENT_CONCEPT_OF
http://eurovoc.europa.eu/4704,http://eurovoc.europa.eu/6017,PARENT_CONCEPT_OF
http://eurovoc.europa.eu/4704,http://eurovoc.europa.eu/3379,PARENT_CONCEPT_OF
http://eurovoc.europa.eu/2914,http://eurovoc.europa.eu/2922,PARENT_CONCEPT_OF
http://eurovoc.europa.eu/82,http://eurovoc.europa.eu/855,PARENT_CONCEPT_OF
http://eurovoc.europa.eu/1310,http://eurovoc.europa.eu/1317,PARENT_CONCEPT_OF
http://eurovoc.europa.eu/2504,http://eurovoc.europa.eu/1985,PARENT_CONCEPT_OF
http://eurovoc.europa.eu/2504,http://eurovoc.europa.eu/6342,PARENT_CONCEPT_OF
http://eurovoc.europa.eu/2814,http://eurovoc.europa.eu/2655,PARENT_CONCEPT_OF
http://eurovoc.europa.eu/962,http://eurovoc.europa.eu/964,PARENT_CONCEPT_OF
http://eurovoc.europa.eu/4267,http://eurovoc.europa.eu/c_d0e30aa9,PARENT_CONCEPT_OF
http://eurovoc.europa.eu/4886,http://eurovoc.europa.eu/6700,PARENT_CONCEPT_OF
http://eurovoc.europa.eu/1894,http://eurovoc.europa.eu/6304,PARENT_CONCEPT_OF
http://eurovoc.europa.eu/1991,http://eurovoc.europa.eu/1993,PARENT_CONCEPT_OF
http://eurovoc.europa.eu/4257,http://eurovoc.europa.eu/6316,PARENT_CONCEPT_OF
http://eurovoc.europa.eu/3484,http://eurovoc.europa.eu/6290,PARENT_CONCEPT_OF
http://eurovoc.europa.eu/449,http://eurovoc.europa.eu/440657,PARENT_CONCEPT_OF
http://eurovoc.europa.eu/6284,http://eurovoc.europa.eu/4027,PARENT_CONCEPT_OF
http://eurovoc.europa.eu/2247,http://eurovoc.europa.eu/5953,PARENT_CONCEPT_OF
http://eurovoc.europa.eu/4195,http://eurovoc.europa.eu/c_dd52c1e9,PARENT_CONCEPT_OF
http://eurovoc.europa.eu/2002,http://eurovoc.europa.eu/5153,PARENT_CONCEPT_OF
http://eurovoc.europa.eu/4646,http://eurovoc.europa.eu/2098,PARENT_CONCEPT_OF
http://eurovoc.europa.eu/736,http://eurovoc.europa.eu/742,PARENT_CONCEPT_OF
http://eurovoc.europa.eu/2350,http://eurovoc.europa.eu/2343,PARENT_CONCEPT_OF
http://eurovoc.europa.eu/2278,http://eurovoc.europa.eu/4098,PARENT_CONCEPT_OF
http://eurovoc.europa.eu/2278,http://eurovoc.europa.eu/c_e9ccc5a7,PARENT_CONCEPT_OF
http://eurovoc.europa.eu/2278,http://eurovoc.europa.eu/2122,PARENT_CONCEPT_OF
http://eurovoc.europa.eu/1450,http://eurovoc.europa.eu/5132,PARENT_CONCEPT_OF
http://eurovoc.europa.eu/4049,http://eurovoc.europa.eu/200,PARENT_CONCEPT_OF
http://eurovoc.europa.eu/5107,http://eurovoc.europa.eu/5072,PARENT_CONCEPT_OF
http://eurovoc.europa.eu/2291,http://eurovoc.europa.eu/5063,PARENT_CONCEPT_OF
http://eurovoc.europa.eu/1903,http://eurovoc.europa.eu/3410,PARENT_CONCEPT_OF
http://eurovoc.europa.eu/871,http://eurovoc.europa.eu/437,PARENT_CONCEPT_OF
http://eurovoc.europa.eu/871,http://eurovoc.europa.eu/4203,PARENT_CONCEPT_OF
http://eurovoc.europa.eu/215,http://eurovoc.europa.eu/3821,PARENT_CONCEPT_OF
http://eurovoc.europa.eu/2463,http://eurovoc.europa.eu/3148,PARENT_CONCEPT_OF
http://eurovoc.europa.eu/4533,http://eurovoc.europa.eu/c_7a2f7820,PARENT_CONCEPT_OF
http://eurovoc.europa.eu/47,http://eurovoc.europa.eu/1996,PARENT_CONCEPT_OF
http://eurovoc.europa.eu/1438,http://eurovoc.europa.eu/2800,PARENT_CONCEPT_OF
http://eurovoc.europa.eu/4762,http://eurovoc.europa.eu/4756,PARENT_CONCEPT_OF
http://eurovoc.europa.eu/4762,http://eurovoc.europa.eu/2878,PARENT_CONCEPT_OF
http://eurovoc.europa.eu/452,http://eurovoc.europa.eu/5568,PARENT_CONCEPT_OF
http://eurovoc.europa.eu/453,http://eurovoc.europa.eu/437655,PARENT_CONCEPT_OF
http://eurovoc.europa.eu/5973,http://eurovoc.europa.eu/4421,PARENT_CONCEPT_OF
http://eurovoc.europa.eu/1429,http://eurovoc.europa.eu/5635,PARENT_CONCEPT_OF
http://eurovoc.europa.eu/4851,http://eurovoc.europa.eu/6353,PARENT_CONCEPT_OF
http://eurovoc.europa.eu/2754,http://eurovoc.europa.eu/5467,PARENT_CONCEPT_OF
http://eurovoc.europa.eu/1590,http://eurovoc.europa.eu/c_1af36ac9,PARENT_CONCEPT_OF
http://eurovoc.europa.eu/447472,http://eurovoc.europa.eu/c_2865dc8b,PARENT_CONCEPT_OF
http://eurovoc.europa.eu/6049,http://eurovoc.europa.eu/6050,PARENT_CONCEPT_OF
http://eurovoc.europa.eu/1048,http://eurovoc.europa.eu/8542,PARENT_CONCEPT_OF
http://eurovoc.europa.eu/4809,http://eurovoc.europa.eu/6740,PARENT_CONCEPT_OF
http://eurovoc.europa.eu/3256,http://eurovoc.europa.eu/7384,PARENT_CONCEPT_OF
http://eurovoc.europa.eu/4827,http://eurovoc.europa.eu/4830,PARENT_CONCEPT_OF
http://eurovoc.europa.eu/1231,http://eurovoc.europa.eu/6550,PARENT_CONCEPT_OF
http://eurovoc.europa.eu/101,http://eurovoc.europa.eu/1710,PARENT_CONCEPT_OF
http://eurovoc.europa.eu/4205,http://eurovoc.europa.eu/7391,PARENT_CONCEPT_OF
http://eurovoc.europa.eu/4470,http://eurovoc.europa.eu/c_6e3cbbca,PARENT_CONCEPT_OF
http://eurovoc.europa.eu/4470,http://eurovoc.europa.eu/4471,PARENT_CONCEPT_OF
http://eurovoc.europa.eu/5777,http://eurovoc.europa.eu/727,PARENT_CONCEPT_OF
http://eurovoc.europa.eu/1862,http://eurovoc.europa.eu/2088,PARENT_CONCEPT_OF
http://eurovoc.europa.eu/1245,http://eurovoc.europa.eu/7362,PARENT_CONCEPT_OF
http://eurovoc.europa.eu/1245,http://eurovoc.europa.eu/5663,PARENT_CONCEPT_OF
http://eurovoc.europa.eu/4651,http://eurovoc.europa.eu/3090,PARENT_CONCEPT_OF
http://eurovoc.europa.eu/2704,http://eurovoc.europa.eu/3973,PARENT_CONCEPT_OF
http://eurovoc.europa.eu/2704,http://eurovoc.europa.eu/1457,PARENT_CONCEPT_OF
http://eurovoc.europa.eu/2362,http://eurovoc.europa.eu/2042,PARENT_CONCEPT_OF
http://eurovoc.europa.eu/1624,http://eurovoc.europa.eu/1219,PARENT_CONCEPT_OF
http://eurovoc.europa.eu/1606,http://eurovoc.europa.eu/1253,PARENT_CONCEPT_OF
http://eurovoc.europa.eu/1606,http://eurovoc.europa.eu/2055,PARENT_CONCEPT_OF
http://eurovoc.europa.eu/809,http://eurovoc.europa.eu/4403,PARENT_CONCEPT_OF
http://eurovoc.europa.eu/18,http://eurovoc.europa.eu/15,PARENT_CONCEPT_OF
http://eurovoc.europa.eu/18,http://eurovoc.europa.eu/22,PARENT_CONCEPT_OF
http://eurovoc.europa.eu/18,http://eurovoc.europa.eu/7190,PARENT_CONCEPT_OF
http://eurovoc.europa.eu/5068,http://eurovoc.europa.eu/2598,PARENT_CONCEPT_OF
http://eurovoc.europa.eu/5123,http://eurovoc.europa.eu/2719,PARENT_CONCEPT_OF
http://eurovoc.europa.eu/4274,http://eurovoc.europa.eu/3940,PARENT_CONCEPT_OF
http://eurovoc.europa.eu/3497,http://eurovoc.europa.eu/3927,PARENT_CONCEPT_OF
http://eurovoc.europa.eu/2454,http://eurovoc.europa.eu/1634,PARENT_CONCEPT_OF
http://eurovoc.europa.eu/1646,http://eurovoc.europa.eu/6236,PARENT_CONCEPT_OF
http://eurovoc.europa.eu/4831,http://eurovoc.europa.eu/c_e404140a,PARENT_CONCEPT_OF
http://eurovoc.europa.eu/6091,http://eurovoc.europa.eu/6093,PARENT_CONCEPT_OF
http://eurovoc.europa.eu/4588,http://eurovoc.europa.eu/4839,PARENT_CONCEPT_OF
http://eurovoc.europa.eu/4588,http://eurovoc.europa.eu/1712,PARENT_CONCEPT_OF
http://eurovoc.europa.eu/2465,http://eurovoc.europa.eu/2627,PARENT_CONCEPT_OF
http://eurovoc.europa.eu/351,http://eurovoc.europa.eu/1842,PARENT_CONCEPT_OF
http://eurovoc.europa.eu/351,http://eurovoc.europa.eu/1236,PARENT_CONCEPT_OF
http://eurovoc.europa.eu/342,http://eurovoc.europa.eu/321,PARENT_CONCEPT_OF
http://eurovoc.europa.eu/5228,http://eurovoc.europa.eu/2329,PARENT_CONCEPT_OF
http://eurovoc.europa.eu/2308,http://eurovoc.europa.eu/2306,PARENT_CONCEPT_OF
http://eurovoc.europa.eu/1151,http://eurovoc.europa.eu/1276,PARENT_CONCEPT_OF
http://eurovoc.europa.eu/4033,http://eurovoc.europa.eu/730,PARENT_CONCEPT_OF
http://eurovoc.europa.eu/555,http://eurovoc.europa.eu/c_a02c420c,PARENT_CONCEPT_OF
http://eurovoc.europa.eu/2325,http://eurovoc.europa.eu/2326,PARENT_CONCEPT_OF
http://eurovoc.europa.eu/3943,http://eurovoc.europa.eu/5572,PARENT_CONCEPT_OF
http://eurovoc.europa.eu/c_c44f1704,http://eurovoc.europa.eu/5381,PARENT_CONCEPT_OF
http://eurovoc.europa.eu/8491,http://eurovoc.europa.eu/8500,PARENT_CONCEPT_OF
http://eurovoc.europa.eu/8495,http://eurovoc.europa.eu/8527,PARENT_CONCEPT_OF
http://eurovoc.europa.eu/8495,http://eurovoc.europa.eu/8526,PARENT_CONCEPT_OF
http://eurovoc.europa.eu/8494,http://eurovoc.europa.eu/8519,PARENT_CONCEPT_OF
http://eurovoc.europa.eu/8496,http://eurovoc.europa.eu/8530,PARENT_CONCEPT_OF
http://eurovoc.europa.eu/8332,http://eurovoc.europa.eu/8337,PARENT_CONCEPT_OF
http://eurovoc.europa.eu/8332,http://eurovoc.europa.eu/8333,PARENT_CONCEPT_OF
http://eurovoc.europa.eu/8317,http://eurovoc.europa.eu/8318,PARENT_CONCEPT_OF
http://eurovoc.europa.eu/8311,http://eurovoc.europa.eu/8315,PARENT_CONCEPT_OF
http://eurovoc.europa.eu/6245,http://eurovoc.europa.eu/7994,PARENT_CONCEPT_OF
http://eurovoc.europa.eu/c_46e54685,http://eurovoc.europa.eu/c_7d7c383b,PARENT_CONCEPT_OF
http://eurovoc.europa.eu/4171,http://eurovoc.europa.eu/7896,PARENT_CONCEPT_OF
http://eurovoc.europa.eu/3977,http://eurovoc.europa.eu/1678,PARENT_CONCEPT_OF
http://eurovoc.europa.eu/2816,http://eurovoc.europa.eu/1821,PARENT_CONCEPT_OF
http://eurovoc.europa.eu/4709,http://eurovoc.europa.eu/5230,PARENT_CONCEPT_OF
http://eurovoc.europa.eu/4709,http://eurovoc.europa.eu/2361,PARENT_CONCEPT_OF
http://eurovoc.europa.eu/4812,http://eurovoc.europa.eu/4149,PARENT_CONCEPT_OF
http://eurovoc.europa.eu/2733,http://eurovoc.europa.eu/4170,PARENT_CONCEPT_OF
http://eurovoc.europa.eu/6064,http://eurovoc.europa.eu/c_b3d1a308,PARENT_CONCEPT_OF
http://eurovoc.europa.eu/6010,http://eurovoc.europa.eu/c_b9573656,PARENT_CONCEPT_OF
http://eurovoc.europa.eu/1851,http://eurovoc.europa.eu/c_4d5b6dbd,PARENT_CONCEPT_OF
http://eurovoc.europa.eu/1513,http://eurovoc.europa.eu/5016,PARENT_CONCEPT_OF
http://eurovoc.europa.eu/c_04ae3ba8,http://eurovoc.europa.eu/17280,PARENT_CONCEPT_OF
http://eurovoc.europa.eu/3026,http://eurovoc.europa.eu/1429,PARENT_CONCEPT_OF
http://eurovoc.europa.eu/3026,http://eurovoc.europa.eu/5071,PARENT_CONCEPT_OF
http://eurovoc.europa.eu/3027,http://eurovoc.europa.eu/3033,PARENT_CONCEPT_OF
http://eurovoc.europa.eu/3374,http://eurovoc.europa.eu/3571,PARENT_CONCEPT_OF
http://eurovoc.europa.eu/7208,http://eurovoc.europa.eu/5445,PARENT_CONCEPT_OF
http://eurovoc.europa.eu/2050,http://eurovoc.europa.eu/8552,PARENT_CONCEPT_OF
http://eurovoc.europa.eu/491,http://eurovoc.europa.eu/5368,PARENT_CONCEPT_OF
http://eurovoc.europa.eu/6886,http://eurovoc.europa.eu/6887,PARENT_CONCEPT_OF
http://eurovoc.europa.eu/5579,http://eurovoc.europa.eu/5578,PARENT_CONCEPT_OF
http://eurovoc.europa.eu/972,http://eurovoc.europa.eu/5722,PARENT_CONCEPT_OF
http://eurovoc.europa.eu/5921,http://eurovoc.europa.eu/c_41ef4cb8,PARENT_CONCEPT_OF
http://eurovoc.europa.eu/5018,http://eurovoc.europa.eu/5990,PARENT_CONCEPT_OF
http://eurovoc.europa.eu/3913,http://eurovoc.europa.eu/c_558c1e00,PARENT_CONCEPT_OF
http://eurovoc.europa.eu/1636,http://eurovoc.europa.eu/6277,PARENT_CONCEPT_OF
http://eurovoc.europa.eu/2786,http://eurovoc.europa.eu/3603,PARENT_CONCEPT_OF
http://eurovoc.europa.eu/39,http://eurovoc.europa.eu/c_cef8ea9d,PARENT_CONCEPT_OF
http://eurovoc.europa.eu/3030,http://eurovoc.europa.eu/c_65b9cd79,PARENT_CONCEPT_OF
http://eurovoc.europa.eu/5181,http://eurovoc.europa.eu/c_4cd4362b,PARENT_CONCEPT_OF
http://eurovoc.europa.eu/6044,http://eurovoc.europa.eu/44590,PARENT_CONCEPT_OF
http://eurovoc.europa.eu/4093,http://eurovoc.europa.eu/2584,PARENT_CONCEPT_OF
http://eurovoc.europa.eu/5343,http://eurovoc.europa.eu/8479,PARENT_CONCEPT_OF
http://eurovoc.europa.eu/3319,http://eurovoc.europa.eu/3721,PARENT_CONCEPT_OF
http://eurovoc.europa.eu/1885,http://eurovoc.europa.eu/4647,PARENT_CONCEPT_OF
http://eurovoc.europa.eu/1885,http://eurovoc.europa.eu/2428,PARENT_CONCEPT_OF
http://eurovoc.europa.eu/542,http://eurovoc.europa.eu/3995,PARENT_CONCEPT_OF
http://eurovoc.europa.eu/5682,http://eurovoc.europa.eu/5839,PARENT_CONCEPT_OF
http://eurovoc.europa.eu/2826,http://eurovoc.europa.eu/2830,PARENT_CONCEPT_OF
http://eurovoc.europa.eu/2605,http://eurovoc.europa.eu/3332,PARENT_CONCEPT_OF
http://eurovoc.europa.eu/2605,http://eurovoc.europa.eu/3751,PARENT_CONCEPT_OF
http://eurovoc.europa.eu/1565,http://eurovoc.europa.eu/1576,PARENT_CONCEPT_OF
http://eurovoc.europa.eu/5161,http://eurovoc.europa.eu/1747,PARENT_CONCEPT_OF
http://eurovoc.europa.eu/5206,http://eurovoc.europa.eu/22808,PARENT_CONCEPT_OF
http://eurovoc.europa.eu/581,http://eurovoc.europa.eu/1114,PARENT_CONCEPT_OF
http://eurovoc.europa.eu/3057,http://eurovoc.europa.eu/7199,PARENT_CONCEPT_OF
http://eurovoc.europa.eu/4730,http://eurovoc.europa.eu/3053,PARENT_CONCEPT_OF
http://eurovoc.europa.eu/2013,http://eurovoc.europa.eu/5320,PARENT_CONCEPT_OF
http://eurovoc.europa.eu/c_99a79cea,http://eurovoc.europa.eu/c_18ac5876,PARENT_CONCEPT_OF
http://eurovoc.europa.eu/592,http://eurovoc.europa.eu/1257,PARENT_CONCEPT_OF
http://eurovoc.europa.eu/6700,http://eurovoc.europa.eu/c_87617344,PARENT_CONCEPT_OF
http://eurovoc.europa.eu/5552,http://eurovoc.europa.eu/7986,PARENT_CONCEPT_OF
http://eurovoc.europa.eu/5953,http://eurovoc.europa.eu/3866,PARENT_CONCEPT_OF
http://eurovoc.europa.eu/3438,http://eurovoc.europa.eu/2385,PARENT_CONCEPT_OF
http://eurovoc.europa.eu/2233,http://eurovoc.europa.eu/4261,PARENT_CONCEPT_OF
http://eurovoc.europa.eu/3885,http://eurovoc.europa.eu/3730,PARENT_CONCEPT_OF
http://eurovoc.europa.eu/4713,http://eurovoc.europa.eu/5380,PARENT_CONCEPT_OF
http://eurovoc.europa.eu/3751,http://eurovoc.europa.eu/331,PARENT_CONCEPT_OF
http://eurovoc.europa.eu/2595,http://eurovoc.europa.eu/3421,PARENT_CONCEPT_OF
http://eurovoc.europa.eu/1457,http://eurovoc.europa.eu/5802,PARENT_CONCEPT_OF
http://eurovoc.europa.eu/1211,http://eurovoc.europa.eu/5528,PARENT_CONCEPT_OF
http://eurovoc.europa.eu/4394,http://eurovoc.europa.eu/1816,PARENT_CONCEPT_OF
http://eurovoc.europa.eu/6045,http://eurovoc.europa.eu/4469,PARENT_CONCEPT_OF
http://eurovoc.europa.eu/4432,http://eurovoc.europa.eu/3019,PARENT_CONCEPT_OF
http://eurovoc.europa.eu/4504,http://eurovoc.europa.eu/4513,PARENT_CONCEPT_OF
http://eurovoc.europa.eu/5742,http://eurovoc.europa.eu/1683,PARENT_CONCEPT_OF
http://eurovoc.europa.eu/5722,http://eurovoc.europa.eu/8445,PARENT_CONCEPT_OF
http://eurovoc.europa.eu/c_ece0a719,http://eurovoc.europa.eu/5172,PARENT_CONCEPT_OF
http://eurovoc.europa.eu/192,http://eurovoc.europa.eu/c_8c634c9b,PARENT_CONCEPT_OF
http://eurovoc.europa.eu/5902,http://eurovoc.europa.eu/3285,PARENT_CONCEPT_OF
http://eurovoc.europa.eu/5902,http://eurovoc.europa.eu/3356,PARENT_CONCEPT_OF
http://eurovoc.europa.eu/2440,http://eurovoc.europa.eu/7381,PARENT_CONCEPT_OF
http://eurovoc.europa.eu/5681,http://eurovoc.europa.eu/5504,PARENT_CONCEPT_OF
http://eurovoc.europa.eu/4435,http://eurovoc.europa.eu/107,PARENT_CONCEPT_OF
http://eurovoc.europa.eu/3367,http://eurovoc.europa.eu/7417,PARENT_CONCEPT_OF
http://eurovoc.europa.eu/1775,http://eurovoc.europa.eu/6406,PARENT_CONCEPT_OF
http://eurovoc.europa.eu/1800,http://eurovoc.europa.eu/1901,PARENT_CONCEPT_OF
http://eurovoc.europa.eu/4256,http://eurovoc.europa.eu/1895,PARENT_CONCEPT_OF
http://eurovoc.europa.eu/2616,http://eurovoc.europa.eu/2612,PARENT_CONCEPT_OF
http://eurovoc.europa.eu/2175,http://eurovoc.europa.eu/2794,PARENT_CONCEPT_OF
http://eurovoc.europa.eu/2175,http://eurovoc.europa.eu/2195,PARENT_CONCEPT_OF
http://eurovoc.europa.eu/2188,http://eurovoc.europa.eu/c_9fe65404,PARENT_CONCEPT_OF
http://eurovoc.europa.eu/4017,http://eurovoc.europa.eu/43,PARENT_CONCEPT_OF
http://eurovoc.europa.eu/5258,http://eurovoc.europa.eu/4014,PARENT_CONCEPT_OF
http://eurovoc.europa.eu/5258,http://eurovoc.europa.eu/4457,PARENT_CONCEPT_OF
http://eurovoc.europa.eu/4479,http://eurovoc.europa.eu/4031,PARENT_CONCEPT_OF
http://eurovoc.europa.eu/4479,http://eurovoc.europa.eu/7127,PARENT_CONCEPT_OF
http://eurovoc.europa.eu/4479,http://eurovoc.europa.eu/8553,PARENT_CONCEPT_OF
http://eurovoc.europa.eu/2149,http://eurovoc.europa.eu/3252,PARENT_CONCEPT_OF
http://eurovoc.europa.eu/285,http://eurovoc.europa.eu/c_896e199b,PARENT_CONCEPT_OF
http://eurovoc.europa.eu/637,http://eurovoc.europa.eu/652,PARENT_CONCEPT_OF
http://eurovoc.europa.eu/637,http://eurovoc.europa.eu/647,PARENT_CONCEPT_OF
http://eurovoc.europa.eu/3013,http://eurovoc.europa.eu/657,PARENT_CONCEPT_OF
http://eurovoc.europa.eu/2459,http://eurovoc.europa.eu/4089,PARENT_CONCEPT_OF
http://eurovoc.europa.eu/2459,http://eurovoc.europa.eu/1780,PARENT_CONCEPT_OF
http://eurovoc.europa.eu/5283,http://eurovoc.europa.eu/863,PARENT_CONCEPT_OF
http://eurovoc.europa.eu/5776,http://eurovoc.europa.eu/2866,PARENT_CONCEPT_OF
http://eurovoc.europa.eu/8366,http://eurovoc.europa.eu/1289,PARENT_CONCEPT_OF
http://eurovoc.europa.eu/8366,http://eurovoc.europa.eu/4583,PARENT_CONCEPT_OF
http://eurovoc.europa.eu/8366,http://eurovoc.europa.eu/6281,PARENT_CONCEPT_OF
http://eurovoc.europa.eu/5083,http://eurovoc.europa.eu/4466,PARENT_CONCEPT_OF
http://eurovoc.europa.eu/5083,http://eurovoc.europa.eu/4217,PARENT_CONCEPT_OF
http://eurovoc.europa.eu/5083,http://eurovoc.europa.eu/4780,PARENT_CONCEPT_OF
http://eurovoc.europa.eu/5083,http://eurovoc.europa.eu/3888,PARENT_CONCEPT_OF
http://eurovoc.europa.eu/5083,http://eurovoc.europa.eu/321,PARENT_CONCEPT_OF
http://eurovoc.europa.eu/5265,http://eurovoc.europa.eu/3833,PARENT_CONCEPT_OF
http://eurovoc.europa.eu/5265,http://eurovoc.europa.eu/496,PARENT_CONCEPT_OF
http://eurovoc.europa.eu/5265,http://eurovoc.europa.eu/3403,PARENT_CONCEPT_OF
http://eurovoc.europa.eu/5781,http://eurovoc.europa.eu/5860,PARENT_CONCEPT_OF
http://eurovoc.europa.eu/5781,http://eurovoc.europa.eu/5892,PARENT_CONCEPT_OF
http://eurovoc.europa.eu/8369,http://eurovoc.europa.eu/1500,PARENT_CONCEPT_OF
http://eurovoc.europa.eu/8369,http://eurovoc.europa.eu/690,PARENT_CONCEPT_OF
http://eurovoc.europa.eu/8369,http://eurovoc.europa.eu/4572,PARENT_CONCEPT_OF
http://eurovoc.europa.eu/8369,http://eurovoc.europa.eu/1819,PARENT_CONCEPT_OF
http://eurovoc.europa.eu/5302,http://eurovoc.europa.eu/1617,PARENT_CONCEPT_OF
http://eurovoc.europa.eu/4845,http://eurovoc.europa.eu/4839,PARENT_CONCEPT_OF
http://eurovoc.europa.eu/5780,http://eurovoc.europa.eu/690,PARENT_CONCEPT_OF
http://eurovoc.europa.eu/5780,http://eurovoc.europa.eu/5746,PARENT_CONCEPT_OF
http://eurovoc.europa.eu/c_b2c019c8,http://eurovoc.europa.eu/5619,PARENT_CONCEPT_OF
http://eurovoc.europa.eu/c_b2c019c8,http://eurovoc.europa.eu/1774,PARENT_CONCEPT_OF
http://eurovoc.europa.eu/c_b2c019c8,http://eurovoc.europa.eu/1128,PARENT_CONCEPT_OF
http://eurovoc.europa.eu/c_b2c019c8,http://eurovoc.europa.eu/4461,PARENT_CONCEPT_OF
http://eurovoc.europa.eu/c_b2c019c8,http://eurovoc.europa.eu/4649,PARENT_CONCEPT_OF
http://eurovoc.europa.eu/2148,http://eurovoc.europa.eu/2336,PARENT_CONCEPT_OF
http://eurovoc.europa.eu/2106,http://eurovoc.europa.eu/5706,PARENT_CONCEPT_OF
http://eurovoc.europa.eu/2106,http://eurovoc.europa.eu/2089,PARENT_CONCEPT_OF
http://eurovoc.europa.eu/1105,http://eurovoc.europa.eu/6036,PARENT_CONCEPT_OF
http://eurovoc.europa.eu/69,http://eurovoc.europa.eu/2264,PARENT_CONCEPT_OF
http://eurovoc.europa.eu/554,http://eurovoc.europa.eu/2831,PARENT_CONCEPT_OF
http://eurovoc.europa.eu/744,http://eurovoc.europa.eu/757,PARENT_CONCEPT_OF
http://eurovoc.europa.eu/139,http://eurovoc.europa.eu/3201,PARENT_CONCEPT_OF
http://eurovoc.europa.eu/139,http://eurovoc.europa.eu/3202,PARENT_CONCEPT_OF
http://eurovoc.europa.eu/2702,http://eurovoc.europa.eu/1438,PARENT_CONCEPT_OF
http://eurovoc.europa.eu/2703,http://eurovoc.europa.eu/5851,PARENT_CONCEPT_OF
http://eurovoc.europa.eu/2703,http://eurovoc.europa.eu/4762,PARENT_CONCEPT_OF
http://eurovoc.europa.eu/494,http://eurovoc.europa.eu/1752,PARENT_CONCEPT_OF
http://eurovoc.europa.eu/486,http://eurovoc.europa.eu/5340,PARENT_CONCEPT_OF
http://eurovoc.europa.eu/3689,http://eurovoc.europa.eu/3696,PARENT_CONCEPT_OF
http://eurovoc.europa.eu/1737,http://eurovoc.europa.eu/2555,PARENT_CONCEPT_OF
http://eurovoc.europa.eu/1802,http://eurovoc.europa.eu/4113,PARENT_CONCEPT_OF
http://eurovoc.europa.eu/1802,http://eurovoc.europa.eu/c_a9a17fe5,PARENT_CONCEPT_OF
http://eurovoc.europa.eu/2477,http://eurovoc.europa.eu/3576,PARENT_CONCEPT_OF
http://eurovoc.europa.eu/795,http://eurovoc.europa.eu/790,PARENT_CONCEPT_OF
http://eurovoc.europa.eu/784,http://eurovoc.europa.eu/791,PARENT_CONCEPT_OF
http://eurovoc.europa.eu/2059,http://eurovoc.europa.eu/800,PARENT_CONCEPT_OF
http://eurovoc.europa.eu/2059,http://eurovoc.europa.eu/679,PARENT_CONCEPT_OF
http://eurovoc.europa.eu/2167,http://eurovoc.europa.eu/3722,PARENT_CONCEPT_OF
http://eurovoc.europa.eu/2172,http://eurovoc.europa.eu/3725,PARENT_CONCEPT_OF
http://eurovoc.europa.eu/4416,http://eurovoc.europa.eu/1857,PARENT_CONCEPT_OF
http://eurovoc.europa.eu/5640,http://eurovoc.europa.eu/c_63c1308e,PARENT_CONCEPT_OF
http://eurovoc.europa.eu/5640,http://eurovoc.europa.eu/5519,PARENT_CONCEPT_OF
http://eurovoc.europa.eu/1451,http://eurovoc.europa.eu/c_a18a0eda,PARENT_CONCEPT_OF
http://eurovoc.europa.eu/5769,http://eurovoc.europa.eu/6219,PARENT_CONCEPT_OF
http://eurovoc.europa.eu/5769,http://eurovoc.europa.eu/448275,PARENT_CONCEPT_OF
http://eurovoc.europa.eu/5769,http://eurovoc.europa.eu/7937,PARENT_CONCEPT_OF
http://eurovoc.europa.eu/3058,http://eurovoc.europa.eu/4128,PARENT_CONCEPT_OF
http://eurovoc.europa.eu/2512,http://eurovoc.europa.eu/6911,PARENT_CONCEPT_OF
http://eurovoc.europa.eu/2517,http://eurovoc.europa.eu/4564,PARENT_CONCEPT_OF
http://eurovoc.europa.eu/2690,http://eurovoc.europa.eu/1162,PARENT_CONCEPT_OF
http://eurovoc.europa.eu/5448,http://eurovoc.europa.eu/5770,PARENT_CONCEPT_OF
http://eurovoc.europa.eu/956,http://eurovoc.europa.eu/1254,PARENT_CONCEPT_OF
http://eurovoc.europa.eu/956,http://eurovoc.europa.eu/1524,PARENT_CONCEPT_OF
http://eurovoc.europa.eu/1115,http://eurovoc.europa.eu/693,PARENT_CONCEPT_OF
http://eurovoc.europa.eu/2416,http://eurovoc.europa.eu/4857,PARENT_CONCEPT_OF
http://eurovoc.europa.eu/2416,http://eurovoc.europa.eu/4858,PARENT_CONCEPT_OF
http://eurovoc.europa.eu/3956,http://eurovoc.europa.eu/2453,PARENT_CONCEPT_OF
http://eurovoc.europa.eu/2701,http://eurovoc.europa.eu/2704,PARENT_CONCEPT_OF
http://eurovoc.europa.eu/2701,http://eurovoc.europa.eu/435469,PARENT_CONCEPT_OF
http://eurovoc.europa.eu/2701,http://eurovoc.europa.eu/c_6496f5ea,PARENT_CONCEPT_OF
http://eurovoc.europa.eu/3185,http://eurovoc.europa.eu/4524,PARENT_CONCEPT_OF
http://eurovoc.europa.eu/2246,http://eurovoc.europa.eu/7217,PARENT_CONCEPT_OF
http://eurovoc.europa.eu/2481,http://eurovoc.europa.eu/4863,PARENT_CONCEPT_OF
http://eurovoc.europa.eu/2481,http://eurovoc.europa.eu/5147,PARENT_CONCEPT_OF
http://eurovoc.europa.eu/2707,http://eurovoc.europa.eu/2722,PARENT_CONCEPT_OF
http://eurovoc.europa.eu/2707,http://eurovoc.europa.eu/2713,PARENT_CONCEPT_OF
http://eurovoc.europa.eu/1074,http://eurovoc.europa.eu/7209,PARENT_CONCEPT_OF
http://eurovoc.europa.eu/1074,http://eurovoc.europa.eu/c_6659516b,PARENT_CONCEPT_OF
http://eurovoc.europa.eu/5974,http://eurovoc.europa.eu/5978,PARENT_CONCEPT_OF
http://eurovoc.europa.eu/4299,http://eurovoc.europa.eu/3530,PARENT_CONCEPT_OF
http://eurovoc.europa.eu/4299,http://eurovoc.europa.eu/4552,PARENT_CONCEPT_OF
http://eurovoc.europa.eu/2448,http://eurovoc.europa.eu/4282,PARENT_CONCEPT_OF
http://eurovoc.europa.eu/4565,http://eurovoc.europa.eu/153,PARENT_CONCEPT_OF
http://eurovoc.europa.eu/2443,http://eurovoc.europa.eu/2173,PARENT_CONCEPT_OF
http://eurovoc.europa.eu/2443,http://eurovoc.europa.eu/2969,PARENT_CONCEPT_OF
http://eurovoc.europa.eu/2442,http://eurovoc.europa.eu/2444,PARENT_CONCEPT_OF
http://eurovoc.europa.eu/2467,http://eurovoc.europa.eu/1419,PARENT_CONCEPT_OF
http://eurovoc.europa.eu/2187,http://eurovoc.europa.eu/3715,PARENT_CONCEPT_OF
http://eurovoc.europa.eu/2187,http://eurovoc.europa.eu/3720,PARENT_CONCEPT_OF
http://eurovoc.europa.eu/2187,http://eurovoc.europa.eu/2123,PARENT_CONCEPT_OF
http://eurovoc.europa.eu/2187,http://eurovoc.europa.eu/6207,PARENT_CONCEPT_OF
http://eurovoc.europa.eu/2647,http://eurovoc.europa.eu/3431,PARENT_CONCEPT_OF
http://eurovoc.europa.eu/2464,http://eurovoc.europa.eu/3448,PARENT_CONCEPT_OF
http://eurovoc.europa.eu/4305,http://eurovoc.europa.eu/1951,PARENT_CONCEPT_OF
http://eurovoc.europa.eu/1809,http://eurovoc.europa.eu/c_20fde7af,PARENT_CONCEPT_OF
http://eurovoc.europa.eu/3952,http://eurovoc.europa.eu/c_a935cf3f,PARENT_CONCEPT_OF
http://eurovoc.europa.eu/3952,http://eurovoc.europa.eu/6390,PARENT_CONCEPT_OF
http://eurovoc.europa.eu/3946,http://eurovoc.europa.eu/2376,PARENT_CONCEPT_OF
http://eurovoc.europa.eu/6382,http://eurovoc.europa.eu/3790,PARENT_CONCEPT_OF
http://eurovoc.europa.eu/3941,http://eurovoc.europa.eu/4921,PARENT_CONCEPT_OF
http://eurovoc.europa.eu/3941,http://eurovoc.europa.eu/2232,PARENT_CONCEPT_OF
http://eurovoc.europa.eu/2494,http://eurovoc.europa.eu/6850,PARENT_CONCEPT_OF
http://eurovoc.europa.eu/3160,http://eurovoc.europa.eu/3108,PARENT_CONCEPT_OF
http://eurovoc.europa.eu/3954,http://eurovoc.europa.eu/3961,PARENT_CONCEPT_OF
http://eurovoc.europa.eu/3513,http://eurovoc.europa.eu/6615,PARENT_CONCEPT_OF
http://eurovoc.europa.eu/1909,http://eurovoc.europa.eu/977,PARENT_CONCEPT_OF
http://eurovoc.europa.eu/1909,http://eurovoc.europa.eu/1914,PARENT_CONCEPT_OF
http://eurovoc.europa.eu/1520,http://eurovoc.europa.eu/4640,PARENT_CONCEPT_OF
http://eurovoc.europa.eu/864,http://eurovoc.europa.eu/3386,PARENT_CONCEPT_OF
http://eurovoc.europa.eu/864,http://eurovoc.europa.eu/1873,PARENT_CONCEPT_OF
http://eurovoc.europa.eu/864,http://eurovoc.europa.eu/3384,PARENT_CONCEPT_OF
http://eurovoc.europa.eu/864,http://eurovoc.europa.eu/3822,PARENT_CONCEPT_OF
http://eurovoc.europa.eu/6135,http://eurovoc.europa.eu/6247,PARENT_CONCEPT_OF
http://eurovoc.europa.eu/2288,http://eurovoc.europa.eu/1189,PARENT_CONCEPT_OF
http://eurovoc.europa.eu/2288,http://eurovoc.europa.eu/1660,PARENT_CONCEPT_OF
http://eurovoc.europa.eu/337,http://eurovoc.europa.eu/1097,PARENT_CONCEPT_OF
http://eurovoc.europa.eu/337,http://eurovoc.europa.eu/5027,PARENT_CONCEPT_OF
http://eurovoc.europa.eu/337,http://eurovoc.europa.eu/4693,PARENT_CONCEPT_OF
http://eurovoc.europa.eu/7816,http://eurovoc.europa.eu/7841,PARENT_CONCEPT_OF
http://eurovoc.europa.eu/7879,http://eurovoc.europa.eu/7899,PARENT_CONCEPT_OF
http://eurovoc.europa.eu/6138,http://eurovoc.europa.eu/6242,PARENT_CONCEPT_OF
http://eurovoc.europa.eu/7814,http://eurovoc.europa.eu/7975,PARENT_CONCEPT_OF
http://eurovoc.europa.eu/1184,http://eurovoc.europa.eu/4459,PARENT_CONCEPT_OF
http://eurovoc.europa.eu/1184,http://eurovoc.europa.eu/4458,PARENT_CONCEPT_OF
http://eurovoc.europa.eu/4750,http://eurovoc.europa.eu/5984,PARENT_CONCEPT_OF
http://eurovoc.europa.eu/4750,http://eurovoc.europa.eu/4766,PARENT_CONCEPT_OF
http://eurovoc.europa.eu/4367,http://eurovoc.europa.eu/2966,PARENT_CONCEPT_OF
http://eurovoc.europa.eu/4222,http://eurovoc.europa.eu/c_7afb6cd4,PARENT_CONCEPT_OF
http://eurovoc.europa.eu/3581,http://eurovoc.europa.eu/6134,PARENT_CONCEPT_OF
http://eurovoc.europa.eu/3581,http://eurovoc.europa.eu/2135,PARENT_CONCEPT_OF
http://eurovoc.europa.eu/539,http://eurovoc.europa.eu/1591,PARENT_CONCEPT_OF
http://eurovoc.europa.eu/3151,http://eurovoc.europa.eu/3567,PARENT_CONCEPT_OF
http://eurovoc.europa.eu/1401,http://eurovoc.europa.eu/3859,PARENT_CONCEPT_OF
http://eurovoc.europa.eu/2090,http://eurovoc.europa.eu/c_be0de7b7,PARENT_CONCEPT_OF
http://eurovoc.europa.eu/371,http://eurovoc.europa.eu/5958,PARENT_CONCEPT_OF
http://eurovoc.europa.eu/343,http://eurovoc.europa.eu/6410,PARENT_CONCEPT_OF
http://eurovoc.europa.eu/343,http://eurovoc.europa.eu/6408,PARENT_CONCEPT_OF
http://eurovoc.europa.eu/2475,http://eurovoc.europa.eu/2327,PARENT_CONCEPT_OF
http://eurovoc.europa.eu/4619,http://eurovoc.europa.eu/6033,PARENT_CONCEPT_OF
http://eurovoc.europa.eu/4619,http://eurovoc.europa.eu/3377,PARENT_CONCEPT_OF
http://eurovoc.europa.eu/1690,http://eurovoc.europa.eu/556,PARENT_CONCEPT_OF
http://eurovoc.europa.eu/490,http://eurovoc.europa.eu/515,PARENT_CONCEPT_OF
http://eurovoc.europa.eu/2179,http://eurovoc.europa.eu/124,PARENT_CONCEPT_OF
http://eurovoc.europa.eu/4365,http://eurovoc.europa.eu/6015,PARENT_CONCEPT_OF
http://eurovoc.europa.eu/2736,http://eurovoc.europa.eu/1654,PARENT_CONCEPT_OF
http://eurovoc.europa.eu/712,http://eurovoc.europa.eu/3068,PARENT_CONCEPT_OF
http://eurovoc.europa.eu/712,http://eurovoc.europa.eu/3070,PARENT_CONCEPT_OF
http://eurovoc.europa.eu/3300,http://eurovoc.europa.eu/3245,PARENT_CONCEPT_OF
http://eurovoc.europa.eu/52,http://eurovoc.europa.eu/5799,PARENT_CONCEPT_OF
http://eurovoc.europa.eu/3239,http://eurovoc.europa.eu/4344,PARENT_CONCEPT_OF
http://eurovoc.europa.eu/1016,http://eurovoc.europa.eu/1677,PARENT_CONCEPT_OF
http://eurovoc.europa.eu/1016,http://eurovoc.europa.eu/3186,PARENT_CONCEPT_OF
http://eurovoc.europa.eu/1063,http://eurovoc.europa.eu/5316,PARENT_CONCEPT_OF
http://eurovoc.europa.eu/1063,http://eurovoc.europa.eu/6323,PARENT_CONCEPT_OF
http://eurovoc.europa.eu/2767,http://eurovoc.europa.eu/1935,PARENT_CONCEPT_OF
http://eurovoc.europa.eu/3743,http://eurovoc.europa.eu/5386,PARENT_CONCEPT_OF
http://eurovoc.europa.eu/965,http://eurovoc.europa.eu/4234,PARENT_CONCEPT_OF
http://eurovoc.europa.eu/965,http://eurovoc.europa.eu/3301,PARENT_CONCEPT_OF
http://eurovoc.europa.eu/540,http://eurovoc.europa.eu/7352,PARENT_CONCEPT_OF
http://eurovoc.europa.eu/4184,http://eurovoc.europa.eu/5345,PARENT_CONCEPT_OF
http://eurovoc.europa.eu/914,http://eurovoc.europa.eu/6223,PARENT_CONCEPT_OF
http://eurovoc.europa.eu/912,http://eurovoc.europa.eu/863,PARENT_CONCEPT_OF
http://eurovoc.europa.eu/5962,http://eurovoc.europa.eu/6918,PARENT_CONCEPT_OF
http://eurovoc.europa.eu/5962,http://eurovoc.europa.eu/4612,PARENT_CONCEPT_OF
http://eurovoc.europa.eu/2519,http://eurovoc.europa.eu/2050,PARENT_CONCEPT_OF
http://eurovoc.europa.eu/2519,http://eurovoc.europa.eu/3176,PARENT_CONCEPT_OF
http://eurovoc.europa.eu/3156,http://eurovoc.europa.eu/3948,PARENT_CONCEPT_OF
http://eurovoc.europa.eu/4380,http://eurovoc.europa.eu/2069,PARENT_CONCEPT_OF
http://eurovoc.europa.eu/4380,http://eurovoc.europa.eu/4405,PARENT_CONCEPT_OF
http://eurovoc.europa.eu/2180,http://eurovoc.europa.eu/3964,PARENT_CONCEPT_OF
http://eurovoc.europa.eu/2258,http://eurovoc.europa.eu/7377,PARENT_CONCEPT_OF
http://eurovoc.europa.eu/2258,http://eurovoc.europa.eu/2260,PARENT_CONCEPT_OF
http://eurovoc.europa.eu/2258,http://eurovoc.europa.eu/2259,PARENT_CONCEPT_OF
http://eurovoc.europa.eu/2258,http://eurovoc.europa.eu/2250,PARENT_CONCEPT_OF
http://eurovoc.europa.eu/3258,http://eurovoc.europa.eu/1311,PARENT_CONCEPT_OF
http://eurovoc.europa.eu/54,http://eurovoc.europa.eu/5964,PARENT_CONCEPT_OF
http://eurovoc.europa.eu/1155,http://eurovoc.europa.eu/2216,PARENT_CONCEPT_OF
http://eurovoc.europa.eu/1155,http://eurovoc.europa.eu/957,PARENT_CONCEPT_OF
http://eurovoc.europa.eu/1488,http://eurovoc.europa.eu/1491,PARENT_CONCEPT_OF
http://eurovoc.europa.eu/1000,http://eurovoc.europa.eu/5154,PARENT_CONCEPT_OF
http://eurovoc.europa.eu/1000,http://eurovoc.europa.eu/1014,PARENT_CONCEPT_OF
http://eurovoc.europa.eu/1410,http://eurovoc.europa.eu/3841,PARENT_CONCEPT_OF
http://eurovoc.europa.eu/1718,http://eurovoc.europa.eu/4579,PARENT_CONCEPT_OF
http://eurovoc.europa.eu/3146,http://eurovoc.europa.eu/260,PARENT_CONCEPT_OF
http://eurovoc.europa.eu/3146,http://eurovoc.europa.eu/2107,PARENT_CONCEPT_OF
http://eurovoc.europa.eu/3146,http://eurovoc.europa.eu/1987,PARENT_CONCEPT_OF
http://eurovoc.europa.eu/3146,http://eurovoc.europa.eu/5697,PARENT_CONCEPT_OF
http://eurovoc.europa.eu/2479,http://eurovoc.europa.eu/c_31da5694,PARENT_CONCEPT_OF
http://eurovoc.europa.eu/2479,http://eurovoc.europa.eu/c_1f023b72,PARENT_CONCEPT_OF
http://eurovoc.europa.eu/1754,http://eurovoc.europa.eu/5719,PARENT_CONCEPT_OF
http://eurovoc.europa.eu/1754,http://eurovoc.europa.eu/1758,PARENT_CONCEPT_OF
http://eurovoc.europa.eu/1754,http://eurovoc.europa.eu/837,PARENT_CONCEPT_OF
http://eurovoc.europa.eu/1087,http://eurovoc.europa.eu/4772,PARENT_CONCEPT_OF
http://eurovoc.europa.eu/1087,http://eurovoc.europa.eu/3823,PARENT_CONCEPT_OF
http://eurovoc.europa.eu/3778,http://eurovoc.europa.eu/4848,PARENT_CONCEPT_OF
http://eurovoc.europa.eu/2287,http://eurovoc.europa.eu/333,PARENT_CONCEPT_OF
http://eurovoc.europa.eu/4314,http://eurovoc.europa.eu/1563,PARENT_CONCEPT_OF
http://eurovoc.europa.eu/4314,http://eurovoc.europa.eu/3793,PARENT_CONCEPT_OF
http://eurovoc.europa.eu/4189,http://eurovoc.europa.eu/227,PARENT_CONCEPT_OF
http://eurovoc.europa.eu/2460,http://eurovoc.europa.eu/845,PARENT_CONCEPT_OF
http://eurovoc.europa.eu/3489,http://eurovoc.europa.eu/2300,PARENT_CONCEPT_OF
http://eurovoc.europa.eu/3489,http://eurovoc.europa.eu/221,PARENT_CONCEPT_OF
http://eurovoc.europa.eu/3489,http://eurovoc.europa.eu/224,PARENT_CONCEPT_OF
http://eurovoc.europa.eu/3489,http://eurovoc.europa.eu/226,PARENT_CONCEPT_OF
http://eurovoc.europa.eu/3798,http://eurovoc.europa.eu/2420,PARENT_CONCEPT_OF
http://eurovoc.europa.eu/1362,http://eurovoc.europa.eu/2739,PARENT_CONCEPT_OF
http://eurovoc.europa.eu/1362,http://eurovoc.europa.eu/3808,PARENT_CONCEPT_OF
http://eurovoc.europa.eu/3899,http://eurovoc.europa.eu/688,PARENT_CONCEPT_OF
http://eurovoc.europa.eu/3899,http://eurovoc.europa.eu/512,PARENT_CONCEPT_OF
http://eurovoc.europa.eu/538,http://eurovoc.europa.eu/857,PARENT_CONCEPT_OF
http://eurovoc.europa.eu/538,http://eurovoc.europa.eu/17665,PARENT_CONCEPT_OF
http://eurovoc.europa.eu/538,http://eurovoc.europa.eu/3911,PARENT_CONCEPT_OF
http://eurovoc.europa.eu/474,http://eurovoc.europa.eu/1684,PARENT_CONCEPT_OF
http://eurovoc.europa.eu/6034,http://eurovoc.europa.eu/4451,PARENT_CONCEPT_OF
http://eurovoc.europa.eu/2166,http://eurovoc.europa.eu/3088,PARENT_CONCEPT_OF
http://eurovoc.europa.eu/2166,http://eurovoc.europa.eu/361,PARENT_CONCEPT_OF
http://eurovoc.europa.eu/517,http://eurovoc.europa.eu/2700,PARENT_CONCEPT_OF
http://eurovoc.europa.eu/517,http://eurovoc.europa.eu/5217,PARENT_CONCEPT_OF
http://eurovoc.europa.eu/711,http://eurovoc.europa.eu/721,PARENT_CONCEPT_OF
http://eurovoc.europa.eu/2491,http://eurovoc.europa.eu/3850,PARENT_CONCEPT_OF
http://eurovoc.europa.eu/2491,http://eurovoc.europa.eu/3555,PARENT_CONCEPT_OF
http://eurovoc.europa.eu/2639,http://eurovoc.europa.eu/2672,PARENT_CONCEPT_OF
http://eurovoc.europa.eu/2639,http://eurovoc.europa.eu/2643,PARENT_CONCEPT_OF
http://eurovoc.europa.eu/2632,http://eurovoc.europa.eu/2666,PARENT_CONCEPT_OF
http://eurovoc.europa.eu/2632,http://eurovoc.europa.eu/3268,PARENT_CONCEPT_OF
http://eurovoc.europa.eu/2489,http://eurovoc.europa.eu/3152,PARENT_CONCEPT_OF
http://eurovoc.europa.eu/3895,http://eurovoc.europa.eu/2205,PARENT_CONCEPT_OF
http://eurovoc.europa.eu/3895,http://eurovoc.europa.eu/2745,PARENT_CONCEPT_OF
http://eurovoc.europa.eu/4363,http://eurovoc.europa.eu/6317,PARENT_CONCEPT_OF
http://eurovoc.europa.eu/2449,http://eurovoc.europa.eu/3165,PARENT_CONCEPT_OF
http://eurovoc.europa.eu/2449,http://eurovoc.europa.eu/2590,PARENT_CONCEPT_OF
http://eurovoc.europa.eu/524,http://eurovoc.europa.eu/6366,PARENT_CONCEPT_OF
http://eurovoc.europa.eu/1453,http://eurovoc.europa.eu/6884,PARENT_CONCEPT_OF
http://eurovoc.europa.eu/1282,http://eurovoc.europa.eu/7413,PARENT_CONCEPT_OF
http://eurovoc.europa.eu/2573,http://eurovoc.europa.eu/3048,PARENT_CONCEPT_OF
http://eurovoc.europa.eu/2370,http://eurovoc.europa.eu/1601,PARENT_CONCEPT_OF
http://eurovoc.europa.eu/2370,http://eurovoc.europa.eu/381,PARENT_CONCEPT_OF
http://eurovoc.europa.eu/883,http://eurovoc.europa.eu/6882,PARENT_CONCEPT_OF
http://eurovoc.europa.eu/883,http://eurovoc.europa.eu/5622,PARENT_CONCEPT_OF
http://eurovoc.europa.eu/4040,http://eurovoc.europa.eu/1474,PARENT_CONCEPT_OF
http://eurovoc.europa.eu/4040,http://eurovoc.europa.eu/c_427566b7,PARENT_CONCEPT_OF
http://eurovoc.europa.eu/4040,http://eurovoc.europa.eu/5409,PARENT_CONCEPT_OF
http://eurovoc.europa.eu/1804,http://eurovoc.europa.eu/1485,PARENT_CONCEPT_OF
http://eurovoc.europa.eu/56,http://eurovoc.europa.eu/3083,PARENT_CONCEPT_OF
http://eurovoc.europa.eu/1882,http://eurovoc.europa.eu/1884,PARENT_CONCEPT_OF
http://eurovoc.europa.eu/1882,http://eurovoc.europa.eu/1340,PARENT_CONCEPT_OF
http://eurovoc.europa.eu/1882,http://eurovoc.europa.eu/4084,PARENT_CONCEPT_OF
http://eurovoc.europa.eu/3820,http://eurovoc.europa.eu/3826,PARENT_CONCEPT_OF
http://eurovoc.europa.eu/3820,http://eurovoc.europa.eu/3829,PARENT_CONCEPT_OF
http://eurovoc.europa.eu/1417,http://eurovoc.europa.eu/3824,PARENT_CONCEPT_OF
http://eurovoc.europa.eu/434743,http://eurovoc.europa.eu/434966,PARENT_CONCEPT_OF
http://eurovoc.europa.eu/2470,http://eurovoc.europa.eu/2919,PARENT_CONCEPT_OF
http://eurovoc.europa.eu/2825,http://eurovoc.europa.eu/5225,PARENT_CONCEPT_OF
http://eurovoc.europa.eu/1004,http://eurovoc.europa.eu/3358,PARENT_CONCEPT_OF
http://eurovoc.europa.eu/c_6e703074,http://eurovoc.europa.eu/4775,PARENT_CONCEPT_OF
http://eurovoc.europa.eu/5437,http://eurovoc.europa.eu/2291,PARENT_CONCEPT_OF
http://eurovoc.europa.eu/5437,http://eurovoc.europa.eu/5931,PARENT_CONCEPT_OF
http://eurovoc.europa.eu/5437,http://eurovoc.europa.eu/4778,PARENT_CONCEPT_OF
http://eurovoc.europa.eu/5775,http://eurovoc.europa.eu/5770,PARENT_CONCEPT_OF
http://eurovoc.europa.eu/5775,http://eurovoc.europa.eu/5944,PARENT_CONCEPT_OF
http://eurovoc.europa.eu/122,http://eurovoc.europa.eu/5706,PARENT_CONCEPT_OF
http://eurovoc.europa.eu/122,http://eurovoc.europa.eu/5469,PARENT_CONCEPT_OF
http://eurovoc.europa.eu/122,http://eurovoc.europa.eu/5946,PARENT_CONCEPT_OF
http://eurovoc.europa.eu/122,http://eurovoc.europa.eu/1509,PARENT_CONCEPT_OF
http://eurovoc.europa.eu/122,http://eurovoc.europa.eu/3814,PARENT_CONCEPT_OF
http://eurovoc.europa.eu/1658,http://eurovoc.europa.eu/5930,PARENT_CONCEPT_OF
http://eurovoc.europa.eu/5655,http://eurovoc.europa.eu/5859,PARENT_CONCEPT_OF
http://eurovoc.europa.eu/5985,http://eurovoc.europa.eu/823,PARENT_CONCEPT_OF
http://eurovoc.europa.eu/5985,http://eurovoc.europa.eu/817,PARENT_CONCEPT_OF
http://eurovoc.europa.eu/3474,http://eurovoc.europa.eu/5124,PARENT_CONCEPT_OF
http://eurovoc.europa.eu/4303,http://eurovoc.europa.eu/1377,PARENT_CONCEPT_OF
http://eurovoc.europa.eu/4303,http://eurovoc.europa.eu/3619,PARENT_CONCEPT_OF
http://eurovoc.europa.eu/2507,http://eurovoc.europa.eu/4264,PARENT_CONCEPT_OF
http://eurovoc.europa.eu/2507,http://eurovoc.europa.eu/2677,PARENT_CONCEPT_OF
http://eurovoc.europa.eu/87,http://eurovoc.europa.eu/2742,PARENT_CONCEPT_OF
http://eurovoc.europa.eu/87,http://eurovoc.europa.eu/2589,PARENT_CONCEPT_OF
http://eurovoc.europa.eu/4704,http://eurovoc.europa.eu/3237,PARENT_CONCEPT_OF
http://eurovoc.europa.eu/4704,http://eurovoc.europa.eu/3517,PARENT_CONCEPT_OF
http://eurovoc.europa.eu/4045,http://eurovoc.europa.eu/c_ef31184b,PARENT_CONCEPT_OF
http://eurovoc.europa.eu/4361,http://eurovoc.europa.eu/c_b12a760a,PARENT_CONCEPT_OF
http://eurovoc.europa.eu/2478,http://eurovoc.europa.eu/3660,PARENT_CONCEPT_OF
http://eurovoc.europa.eu/2914,http://eurovoc.europa.eu/1894,PARENT_CONCEPT_OF
http://eurovoc.europa.eu/2914,http://eurovoc.europa.eu/3667,PARENT_CONCEPT_OF
http://eurovoc.europa.eu/2914,http://eurovoc.europa.eu/3668,PARENT_CONCEPT_OF
http://eurovoc.europa.eu/1326,http://eurovoc.europa.eu/1314,PARENT_CONCEPT_OF
http://eurovoc.europa.eu/1310,http://eurovoc.europa.eu/1313,PARENT_CONCEPT_OF
http://eurovoc.europa.eu/2504,http://eurovoc.europa.eu/504,PARENT_CONCEPT_OF
http://eurovoc.europa.eu/1388,http://eurovoc.europa.eu/315,PARENT_CONCEPT_OF
http://eurovoc.europa.eu/4886,http://eurovoc.europa.eu/2127,PARENT_CONCEPT_OF
http://eurovoc.europa.eu/4886,http://eurovoc.europa.eu/2654,PARENT_CONCEPT_OF
http://eurovoc.europa.eu/1894,http://eurovoc.europa.eu/6270,PARENT_CONCEPT_OF
http://eurovoc.europa.eu/36,http://eurovoc.europa.eu/5204,PARENT_CONCEPT_OF
http://eurovoc.europa.eu/5606,http://eurovoc.europa.eu/5203,PARENT_CONCEPT_OF
http://eurovoc.europa.eu/278,http://eurovoc.europa.eu/1476,PARENT_CONCEPT_OF
http://eurovoc.europa.eu/4738,http://eurovoc.europa.eu/4813,PARENT_CONCEPT_OF
http://eurovoc.europa.eu/2466,http://eurovoc.europa.eu/1952,PARENT_CONCEPT_OF
http://eurovoc.europa.eu/3125,http://eurovoc.europa.eu/8463,PARENT_CONCEPT_OF
http://eurovoc.europa.eu/2350,http://eurovoc.europa.eu/2352,PARENT_CONCEPT_OF
http://eurovoc.europa.eu/4417,http://eurovoc.europa.eu/5468,PARENT_CONCEPT_OF
http://eurovoc.europa.eu/4096,http://eurovoc.europa.eu/5994,PARENT_CONCEPT_OF
http://eurovoc.europa.eu/2278,http://eurovoc.europa.eu/4102,PARENT_CONCEPT_OF
http://eurovoc.europa.eu/1355,http://eurovoc.europa.eu/5026,PARENT_CONCEPT_OF
http://eurovoc.europa.eu/4681,http://eurovoc.europa.eu/4682,PARENT_CONCEPT_OF
http://eurovoc.europa.eu/5691,http://eurovoc.europa.eu/3986,PARENT_CONCEPT_OF
http://eurovoc.europa.eu/2836,http://eurovoc.europa.eu/2871,PARENT_CONCEPT_OF
http://eurovoc.europa.eu/08133,http://eurovoc.europa.eu/4879,PARENT_CONCEPT_OF
http://eurovoc.europa.eu/1589,http://eurovoc.europa.eu/3099,PARENT_CONCEPT_OF
http://eurovoc.europa.eu/1589,http://eurovoc.europa.eu/571,PARENT_CONCEPT_OF
http://eurovoc.europa.eu/3984,http://eurovoc.europa.eu/489,PARENT_CONCEPT_OF
http://eurovoc.europa.eu/2891,http://eurovoc.europa.eu/c_65366e84,PARENT_CONCEPT_OF
http://eurovoc.europa.eu/7219,http://eurovoc.europa.eu/c_658ff033,PARENT_CONCEPT_OF
http://eurovoc.europa.eu/4496,http://eurovoc.europa.eu/6297,PARENT_CONCEPT_OF
http://eurovoc.europa.eu/3801,http://eurovoc.europa.eu/3802,PARENT_CONCEPT_OF
http://eurovoc.europa.eu/4921,http://eurovoc.europa.eu/1246,PARENT_CONCEPT_OF
http://eurovoc.europa.eu/2550,http://eurovoc.europa.eu/2553,PARENT_CONCEPT_OF
http://eurovoc.europa.eu/3182,http://eurovoc.europa.eu/508,PARENT_CONCEPT_OF
http://eurovoc.europa.eu/6039,http://eurovoc.europa.eu/6040,PARENT_CONCEPT_OF
http://eurovoc.europa.eu/4038,http://eurovoc.europa.eu/5807,PARENT_CONCEPT_OF
http://eurovoc.europa.eu/6049,http://eurovoc.europa.eu/6060,PARENT_CONCEPT_OF
http://eurovoc.europa.eu/3435,http://eurovoc.europa.eu/4735,PARENT_CONCEPT_OF
http://eurovoc.europa.eu/4827,http://eurovoc.europa.eu/7945,PARENT_CONCEPT_OF
http://eurovoc.europa.eu/3346,http://eurovoc.europa.eu/5060,PARENT_CONCEPT_OF
http://eurovoc.europa.eu/4205,http://eurovoc.europa.eu/7394,PARENT_CONCEPT_OF
http://eurovoc.europa.eu/3348,http://eurovoc.europa.eu/5560,PARENT_CONCEPT_OF
http://eurovoc.europa.eu/374,http://eurovoc.europa.eu/6739,PARENT_CONCEPT_OF
http://eurovoc.europa.eu/2546,http://eurovoc.europa.eu/3858,PARENT_CONCEPT_OF
http://eurovoc.europa.eu/1224,http://eurovoc.europa.eu/4854,PARENT_CONCEPT_OF
http://eurovoc.europa.eu/2729,http://eurovoc.europa.eu/1206,PARENT_CONCEPT_OF
http://eurovoc.europa.eu/1670,http://eurovoc.europa.eu/1580,PARENT_CONCEPT_OF
http://eurovoc.europa.eu/1245,http://eurovoc.europa.eu/443080,PARENT_CONCEPT_OF
http://eurovoc.europa.eu/4042,http://eurovoc.europa.eu/2882,PARENT_CONCEPT_OF
http://eurovoc.europa.eu/4422,http://eurovoc.europa.eu/3631,PARENT_CONCEPT_OF
http://eurovoc.europa.eu/4509,http://eurovoc.europa.eu/5401,PARENT_CONCEPT_OF
http://eurovoc.europa.eu/4509,http://eurovoc.europa.eu/5392,PARENT_CONCEPT_OF
http://eurovoc.europa.eu/4541,http://eurovoc.europa.eu/4538,PARENT_CONCEPT_OF
http://eurovoc.europa.eu/2704,http://eurovoc.europa.eu/4882,PARENT_CONCEPT_OF
http://eurovoc.europa.eu/2704,http://eurovoc.europa.eu/3970,PARENT_CONCEPT_OF
http://eurovoc.europa.eu/5817,http://eurovoc.europa.eu/5832,PARENT_CONCEPT_OF
http://eurovoc.europa.eu/5835,http://eurovoc.europa.eu/5838,PARENT_CONCEPT_OF
http://eurovoc.europa.eu/5835,http://eurovoc.europa.eu/2940,PARENT_CONCEPT_OF
http://eurovoc.europa.eu/1180,http://eurovoc.europa.eu/4567,PARENT_CONCEPT_OF
http://eurovoc.europa.eu/1624,http://eurovoc.europa.eu/2331,PARENT_CONCEPT_OF
http://eurovoc.europa.eu/1624,http://eurovoc.europa.eu/5040,PARENT_CONCEPT_OF
http://eurovoc.europa.eu/809,http://eurovoc.europa.eu/1881,PARENT_CONCEPT_OF
http://eurovoc.europa.eu/3226,http://eurovoc.europa.eu/214,PARENT_CONCEPT_OF
http://eurovoc.europa.eu/1826,http://eurovoc.europa.eu/4856,PARENT_CONCEPT_OF
http://eurovoc.europa.eu/2511,http://eurovoc.europa.eu/4395,PARENT_CONCEPT_OF
http://eurovoc.europa.eu/1595,http://eurovoc.europa.eu/191,PARENT_CONCEPT_OF
http://eurovoc.europa.eu/121,http://eurovoc.europa.eu/16,PARENT_CONCEPT_OF
http://eurovoc.europa.eu/4127,http://eurovoc.europa.eu/4106,PARENT_CONCEPT_OF
http://eurovoc.europa.eu/1210,http://eurovoc.europa.eu/7214,PARENT_CONCEPT_OF
http://eurovoc.europa.eu/3429,http://eurovoc.europa.eu/5801,PARENT_CONCEPT_OF
http://eurovoc.europa.eu/2465,http://eurovoc.europa.eu/c_1137acd8,PARENT_CONCEPT_OF
http://eurovoc.europa.eu/6002,http://eurovoc.europa.eu/6003,PARENT_CONCEPT_OF
http://eurovoc.europa.eu/351,http://eurovoc.europa.eu/249,PARENT_CONCEPT_OF
http://eurovoc.europa.eu/351,http://eurovoc.europa.eu/2058,PARENT_CONCEPT_OF
http://eurovoc.europa.eu/357,http://eurovoc.europa.eu/5072,PARENT_CONCEPT_OF
http://eurovoc.europa.eu/904,http://eurovoc.europa.eu/900,PARENT_CONCEPT_OF
http://eurovoc.europa.eu/904,http://eurovoc.europa.eu/903,PARENT_CONCEPT_OF
http://eurovoc.europa.eu/1825,http://eurovoc.europa.eu/3220,PARENT_CONCEPT_OF
http://eurovoc.europa.eu/5474,http://eurovoc.europa.eu/5584,PARENT_CONCEPT_OF
http://eurovoc.europa.eu/1035,http://eurovoc.europa.eu/4829,PARENT_CONCEPT_OF
http://eurovoc.europa.eu/5255,http://eurovoc.europa.eu/5257,PARENT_CONCEPT_OF
http://eurovoc.europa.eu/3992,http://eurovoc.europa.eu/603,PARENT_CONCEPT_OF
http://eurovoc.europa.eu/3992,http://eurovoc.europa.eu/1171,PARENT_CONCEPT_OF
http://eurovoc.europa.eu/1148,http://eurovoc.europa.eu/6389,PARENT_CONCEPT_OF
http://eurovoc.europa.eu/1148,http://eurovoc.europa.eu/1150,PARENT_CONCEPT_OF
http://eurovoc.europa.eu/1151,http://eurovoc.europa.eu/3294,PARENT_CONCEPT_OF
http://eurovoc.europa.eu/2772,http://eurovoc.europa.eu/3773,PARENT_CONCEPT_OF
http://eurovoc.europa.eu/4423,http://eurovoc.europa.eu/2886,PARENT_CONCEPT_OF
http://eurovoc.europa.eu/4387,http://eurovoc.europa.eu/531,PARENT_CONCEPT_OF
http://eurovoc.europa.eu/5631,http://eurovoc.europa.eu/2597,PARENT_CONCEPT_OF
http://eurovoc.europa.eu/3943,http://eurovoc.europa.eu/6613,PARENT_CONCEPT_OF
http://eurovoc.europa.eu/2509,http://eurovoc.europa.eu/1462,PARENT_CONCEPT_OF
http://eurovoc.europa.eu/c_0a700c19,http://eurovoc.europa.eu/3714,PARENT_CONCEPT_OF
http://eurovoc.europa.eu/8491,http://eurovoc.europa.eu/8504,PARENT_CONCEPT_OF
http://eurovoc.europa.eu/8495,http://eurovoc.europa.eu/8524,PARENT_CONCEPT_OF
http://eurovoc.europa.eu/8493,http://eurovoc.europa.eu/8516,PARENT_CONCEPT_OF
http://eurovoc.europa.eu/8494,http://eurovoc.europa.eu/8518,PARENT_CONCEPT_OF
http://eurovoc.europa.eu/8496,http://eurovoc.europa.eu/8528,PARENT_CONCEPT_OF
http://eurovoc.europa.eu/8324,http://eurovoc.europa.eu/8326,PARENT_CONCEPT_OF
http://eurovoc.europa.eu/6241,http://eurovoc.europa.eu/7989,PARENT_CONCEPT_OF
http://eurovoc.europa.eu/2268,http://eurovoc.europa.eu/4758,PARENT_CONCEPT_OF
http://eurovoc.europa.eu/3977,http://eurovoc.europa.eu/4764,PARENT_CONCEPT_OF
http://eurovoc.europa.eu/706,http://eurovoc.europa.eu/3041,PARENT_CONCEPT_OF
http://eurovoc.europa.eu/2521,http://eurovoc.europa.eu/2522,PARENT_CONCEPT_OF
http://eurovoc.europa.eu/3140,http://eurovoc.europa.eu/c_fc586505,PARENT_CONCEPT_OF
http://eurovoc.europa.eu/413,http://eurovoc.europa.eu/c_3f9a7b14,PARENT_CONCEPT_OF
http://eurovoc.europa.eu/3377,http://eurovoc.europa.eu/7395,PARENT_CONCEPT_OF
http://eurovoc.europa.eu/1240,http://eurovoc.europa.eu/5698,PARENT_CONCEPT_OF
http://eurovoc.europa.eu/2792,http://eurovoc.europa.eu/928,PARENT_CONCEPT_OF
http://eurovoc.europa.eu/6064,http://eurovoc.europa.eu/c_441fb0c4,PARENT_CONCEPT_OF
http://eurovoc.europa.eu/1721,http://eurovoc.europa.eu/3283,PARENT_CONCEPT_OF
http://eurovoc.europa.eu/564,http://eurovoc.europa.eu/3920,PARENT_CONCEPT_OF
http://eurovoc.europa.eu/5788,http://eurovoc.europa.eu/6709,PARENT_CONCEPT_OF
http://eurovoc.europa.eu/1773,http://eurovoc.europa.eu/4259,PARENT_CONCEPT_OF
http://eurovoc.europa.eu/5729,http://eurovoc.europa.eu/4394,PARENT_CONCEPT_OF
http://eurovoc.europa.eu/441716,http://eurovoc.europa.eu/2607,PARENT_CONCEPT_OF
http://eurovoc.europa.eu/4371,http://eurovoc.europa.eu/1858,PARENT_CONCEPT_OF
http://eurovoc.europa.eu/1677,http://eurovoc.europa.eu/587,PARENT_CONCEPT_OF
http://eurovoc.europa.eu/2995,http://eurovoc.europa.eu/2997,PARENT_CONCEPT_OF
http://eurovoc.europa.eu/5949,http://eurovoc.europa.eu/5915,PARENT_CONCEPT_OF
http://eurovoc.europa.eu/5862,http://eurovoc.europa.eu/5893,PARENT_CONCEPT_OF
http://eurovoc.europa.eu/3026,http://eurovoc.europa.eu/1431,PARENT_CONCEPT_OF
http://eurovoc.europa.eu/3026,http://eurovoc.europa.eu/3023,PARENT_CONCEPT_OF
http://eurovoc.europa.eu/1696,http://eurovoc.europa.eu/c_e45400c4,PARENT_CONCEPT_OF
http://eurovoc.europa.eu/5386,http://eurovoc.europa.eu/1656,PARENT_CONCEPT_OF
http://eurovoc.europa.eu/98,http://eurovoc.europa.eu/1186,PARENT_CONCEPT_OF
http://eurovoc.europa.eu/2266,http://eurovoc.europa.eu/5604,PARENT_CONCEPT_OF
http://eurovoc.europa.eu/2266,http://eurovoc.europa.eu/6026,PARENT_CONCEPT_OF
http://eurovoc.europa.eu/5774,http://eurovoc.europa.eu/5619,PARENT_CONCEPT_OF
http://eurovoc.europa.eu/3174,http://eurovoc.europa.eu/2321,PARENT_CONCEPT_OF
http://eurovoc.europa.eu/3174,http://eurovoc.europa.eu/97,PARENT_CONCEPT_OF
http://eurovoc.europa.eu/1069,http://eurovoc.europa.eu/3181,PARENT_CONCEPT_OF
http://eurovoc.europa.eu/491,http://eurovoc.europa.eu/3180,PARENT_CONCEPT_OF
http://eurovoc.europa.eu/5590,http://eurovoc.europa.eu/5787,PARENT_CONCEPT_OF
http://eurovoc.europa.eu/5590,http://eurovoc.europa.eu/5904,PARENT_CONCEPT_OF
http://eurovoc.europa.eu/3602,http://eurovoc.europa.eu/4842,PARENT_CONCEPT_OF
http://eurovoc.europa.eu/3602,http://eurovoc.europa.eu/2911,PARENT_CONCEPT_OF
http://eurovoc.europa.eu/3602,http://eurovoc.europa.eu/2355,PARENT_CONCEPT_OF
http://eurovoc.europa.eu/4675,http://eurovoc.europa.eu/c_0e4239f5,PARENT_CONCEPT_OF
http://eurovoc.europa.eu/1160,http://eurovoc.europa.eu/919,PARENT_CONCEPT_OF
http://eurovoc.europa.eu/664,http://eurovoc.europa.eu/5464,PARENT_CONCEPT_OF
http://eurovoc.europa.eu/5741,http://eurovoc.europa.eu/597,PARENT_CONCEPT_OF
http://eurovoc.europa.eu/4786,http://eurovoc.europa.eu/4792,PARENT_CONCEPT_OF
http://eurovoc.europa.eu/972,http://eurovoc.europa.eu/5857,PARENT_CONCEPT_OF
http://eurovoc.europa.eu/2446,http://eurovoc.europa.eu/c_46c93760,PARENT_CONCEPT_OF
http://eurovoc.europa.eu/3813,http://eurovoc.europa.eu/c_aaa8331c,PARENT_CONCEPT_OF
http://eurovoc.europa.eu/1594,http://eurovoc.europa.eu/c_7951978e,PARENT_CONCEPT_OF
http://eurovoc.europa.eu/5764,http://eurovoc.europa.eu/1854,PARENT_CONCEPT_OF
http://eurovoc.europa.eu/1852,http://eurovoc.europa.eu/6741,PARENT_CONCEPT_OF
http://eurovoc.europa.eu/5018,http://eurovoc.europa.eu/601,PARENT_CONCEPT_OF
http://eurovoc.europa.eu/4193,http://eurovoc.europa.eu/4196,PARENT_CONCEPT_OF
http://eurovoc.europa.eu/1229,http://eurovoc.europa.eu/1042,PARENT_CONCEPT_OF
http://eurovoc.europa.eu/3370,http://eurovoc.europa.eu/6566,PARENT_CONCEPT_OF
http://eurovoc.europa.eu/4280,http://eurovoc.europa.eu/4289,PARENT_CONCEPT_OF
http://eurovoc.europa.eu/2045,http://eurovoc.europa.eu/1477,PARENT_CONCEPT_OF
http://eurovoc.europa.eu/39,http://eurovoc.europa.eu/1593,PARENT_CONCEPT_OF
http://eurovoc.europa.eu/1755,http://eurovoc.europa.eu/8464,PARENT_CONCEPT_OF
http://eurovoc.europa.eu/1898,http://eurovoc.europa.eu/1908,PARENT_CONCEPT_OF
http://eurovoc.europa.eu/6044,http://eurovoc.europa.eu/3739,PARENT_CONCEPT_OF
http://eurovoc.europa.eu/1806,http://eurovoc.europa.eu/6926,PARENT_CONCEPT_OF
http://eurovoc.europa.eu/1486,http://eurovoc.europa.eu/2839,PARENT_CONCEPT_OF
http://eurovoc.europa.eu/1486,http://eurovoc.europa.eu/3065,PARENT_CONCEPT_OF
http://eurovoc.europa.eu/1010,http://eurovoc.europa.eu/1006,PARENT_CONCEPT_OF
http://eurovoc.europa.eu/3299,http://eurovoc.europa.eu/c_6f7bbe63,PARENT_CONCEPT_OF
http://eurovoc.europa.eu/5763,http://eurovoc.europa.eu/1450,PARENT_CONCEPT_OF
http://eurovoc.europa.eu/1886,http://eurovoc.europa.eu/2514,PARENT_CONCEPT_OF
http://eurovoc.europa.eu/1885,http://eurovoc.europa.eu/879,PARENT_CONCEPT_OF
http://eurovoc.europa.eu/1885,http://eurovoc.europa.eu/6018,PARENT_CONCEPT_OF
http://eurovoc.europa.eu/3824,http://eurovoc.europa.eu/3832,PARENT_CONCEPT_OF
http://eurovoc.europa.eu/2605,http://eurovoc.europa.eu/1369,PARENT_CONCEPT_OF
http://eurovoc.europa.eu/106,http://eurovoc.europa.eu/6273,PARENT_CONCEPT_OF
http://eurovoc.europa.eu/1102,http://eurovoc.europa.eu/1103,PARENT_CONCEPT_OF
http://eurovoc.europa.eu/1102,http://eurovoc.europa.eu/1104,PARENT_CONCEPT_OF
http://eurovoc.europa.eu/1565,http://eurovoc.europa.eu/1570,PARENT_CONCEPT_OF
http://eurovoc.europa.eu/3468,http://eurovoc.europa.eu/3472,PARENT_CONCEPT_OF
http://eurovoc.europa.eu/3290,http://eurovoc.europa.eu/2936,PARENT_CONCEPT_OF
http://eurovoc.europa.eu/581,http://eurovoc.europa.eu/3677,PARENT_CONCEPT_OF
http://eurovoc.europa.eu/5313,http://eurovoc.europa.eu/5609,PARENT_CONCEPT_OF
http://eurovoc.europa.eu/1363,http://eurovoc.europa.eu/5183,PARENT_CONCEPT_OF
http://eurovoc.europa.eu/3873,http://eurovoc.europa.eu/5477,PARENT_CONCEPT_OF
http://eurovoc.europa.eu/6088,http://eurovoc.europa.eu/c_324b44f1,PARENT_CONCEPT_OF
http://eurovoc.europa.eu/4424,http://eurovoc.europa.eu/4429,PARENT_CONCEPT_OF
http://eurovoc.europa.eu/2013,http://eurovoc.europa.eu/3012,PARENT_CONCEPT_OF
http://eurovoc.europa.eu/2924,http://eurovoc.europa.eu/6303,PARENT_CONCEPT_OF
http://eurovoc.europa.eu/855,http://eurovoc.europa.eu/2857,PARENT_CONCEPT_OF
http://eurovoc.europa.eu/592,http://eurovoc.europa.eu/4435,PARENT_CONCEPT_OF
http://eurovoc.europa.eu/2783,http://eurovoc.europa.eu/990,PARENT_CONCEPT_OF
http://eurovoc.europa.eu/5739,http://eurovoc.europa.eu/c_70c441cc,PARENT_CONCEPT_OF
http://eurovoc.europa.eu/5953,http://eurovoc.europa.eu/5648,PARENT_CONCEPT_OF
http://eurovoc.europa.eu/4048,http://eurovoc.europa.eu/5618,PARENT_CONCEPT_OF
http://eurovoc.europa.eu/3885,http://eurovoc.europa.eu/3371,PARENT_CONCEPT_OF
http://eurovoc.europa.eu/1534,http://eurovoc.europa.eu/2680,PARENT_CONCEPT_OF
http://eurovoc.europa.eu/4151,http://eurovoc.europa.eu/5174,PARENT_CONCEPT_OF
http://eurovoc.europa.eu/4713,http://eurovoc.europa.eu/4717,PARENT_CONCEPT_OF
http://eurovoc.europa.eu/4713,http://eurovoc.europa.eu/4716,PARENT_CONCEPT_OF
http://eurovoc.europa.eu/6709,http://eurovoc.europa.eu/7982,PARENT_CONCEPT_OF
http://eurovoc.europa.eu/6709,http://eurovoc.europa.eu/8481,PARENT_CONCEPT_OF
http://eurovoc.europa.eu/1114,http://eurovoc.europa.eu/5649,PARENT_CONCEPT_OF
http://eurovoc.europa.eu/5914,http://eurovoc.europa.eu/5934,PARENT_CONCEPT_OF
http://eurovoc.europa.eu/2506,http://eurovoc.europa.eu/383,PARENT_CONCEPT_OF
http://eurovoc.europa.eu/185,http://eurovoc.europa.eu/1915,PARENT_CONCEPT_OF
http://eurovoc.europa.eu/4637,http://eurovoc.europa.eu/4639,PARENT_CONCEPT_OF
http://eurovoc.europa.eu/5722,http://eurovoc.europa.eu/5874,PARENT_CONCEPT_OF
http://eurovoc.europa.eu/5899,http://eurovoc.europa.eu/6570,PARENT_CONCEPT_OF
http://eurovoc.europa.eu/4452,http://eurovoc.europa.eu/c_9d09fbc3,PARENT_CONCEPT_OF
http://eurovoc.europa.eu/5413,http://eurovoc.europa.eu/5824,PARENT_CONCEPT_OF
http://eurovoc.europa.eu/3065,http://eurovoc.europa.eu/4283,PARENT_CONCEPT_OF
http://eurovoc.europa.eu/5405,http://eurovoc.europa.eu/6626,PARENT_CONCEPT_OF
http://eurovoc.europa.eu/5826,http://eurovoc.europa.eu/5312,PARENT_CONCEPT_OF
http://eurovoc.europa.eu/4037,http://eurovoc.europa.eu/1531,PARENT_CONCEPT_OF
http://eurovoc.europa.eu/5681,http://eurovoc.europa.eu/5510,PARENT_CONCEPT_OF
http://eurovoc.europa.eu/4705,http://eurovoc.europa.eu/1380,PARENT_CONCEPT_OF
http://eurovoc.europa.eu/4554,http://eurovoc.europa.eu/5102,PARENT_CONCEPT_OF
http://eurovoc.europa.eu/2175,http://eurovoc.europa.eu/5094,PARENT_CONCEPT_OF
http://eurovoc.europa.eu/2188,http://eurovoc.europa.eu/2026,PARENT_CONCEPT_OF
http://eurovoc.europa.eu/4479,http://eurovoc.europa.eu/c_777eba81,PARENT_CONCEPT_OF
http://eurovoc.europa.eu/8473,http://eurovoc.europa.eu/4065,PARENT_CONCEPT_OF
http://eurovoc.europa.eu/525,http://eurovoc.europa.eu/5411,PARENT_CONCEPT_OF
http://eurovoc.europa.eu/1452,http://eurovoc.europa.eu/3246,PARENT_CONCEPT_OF
http://eurovoc.europa.eu/1452,http://eurovoc.europa.eu/4195,PARENT_CONCEPT_OF
http://eurovoc.europa.eu/2149,http://eurovoc.europa.eu/2447,PARENT_CONCEPT_OF
http://eurovoc.europa.eu/285,http://eurovoc.europa.eu/6713,PARENT_CONCEPT_OF
http://eurovoc.europa.eu/4505,http://eurovoc.europa.eu/5471,PARENT_CONCEPT_OF
http://eurovoc.europa.eu/317,http://eurovoc.europa.eu/7374,PARENT_CONCEPT_OF
http://eurovoc.europa.eu/2688,http://eurovoc.europa.eu/3598,PARENT_CONCEPT_OF
http://eurovoc.europa.eu/4069,http://eurovoc.europa.eu/1522,PARENT_CONCEPT_OF
http://eurovoc.europa.eu/4069,http://eurovoc.europa.eu/2331,PARENT_CONCEPT_OF
http://eurovoc.europa.eu/4069,http://eurovoc.europa.eu/3415,PARENT_CONCEPT_OF
http://eurovoc.europa.eu/1191,http://eurovoc.europa.eu/6036,PARENT_CONCEPT_OF
http://eurovoc.europa.eu/8366,http://eurovoc.europa.eu/4648,PARENT_CONCEPT_OF
http://eurovoc.europa.eu/1844,http://eurovoc.europa.eu/1253,PARENT_CONCEPT_OF
http://eurovoc.europa.eu/c_2b2e17b1,http://eurovoc.europa.eu/4580,PARENT_CONCEPT_OF
http://eurovoc.europa.eu/5083,http://eurovoc.europa.eu/1218,PARENT_CONCEPT_OF
http://eurovoc.europa.eu/5083,http://eurovoc.europa.eu/1185,PARENT_CONCEPT_OF
http://eurovoc.europa.eu/5083,http://eurovoc.europa.eu/33,PARENT_CONCEPT_OF
http://eurovoc.europa.eu/5083,http://eurovoc.europa.eu/496,PARENT_CONCEPT_OF
http://eurovoc.europa.eu/5083,http://eurovoc.europa.eu/4846,PARENT_CONCEPT_OF
http://eurovoc.europa.eu/5083,http://eurovoc.europa.eu/2058,PARENT_CONCEPT_OF
http://eurovoc.europa.eu/5083,http://eurovoc.europa.eu/5617,PARENT_CONCEPT_OF
http://eurovoc.europa.eu/5265,http://eurovoc.europa.eu/1219,PARENT_CONCEPT_OF
http://eurovoc.europa.eu/c_964c9649,http://eurovoc.europa.eu/5969,PARENT_CONCEPT_OF
http://eurovoc.europa.eu/1847,http://eurovoc.europa.eu/4707,PARENT_CONCEPT_OF
http://eurovoc.europa.eu/6205,http://eurovoc.europa.eu/888,PARENT_CONCEPT_OF
http://eurovoc.europa.eu/5781,http://eurovoc.europa.eu/5713,PARENT_CONCEPT_OF
http://eurovoc.europa.eu/5087,http://eurovoc.europa.eu/4411,PARENT_CONCEPT_OF
http://eurovoc.europa.eu/8369,http://eurovoc.europa.eu/4354,PARENT_CONCEPT_OF
http://eurovoc.europa.eu/5302,http://eurovoc.europa.eu/1217,PARENT_CONCEPT_OF
http://eurovoc.europa.eu/c_b2c019c8,http://eurovoc.europa.eu/4567,PARENT_CONCEPT_OF
http://eurovoc.europa.eu/c_b2c019c8,http://eurovoc.europa.eu/1185,PARENT_CONCEPT_OF
http://eurovoc.europa.eu/c_b2c019c8,http://eurovoc.europa.eu/33,PARENT_CONCEPT_OF
http://eurovoc.europa.eu/2106,http://eurovoc.europa.eu/4839,PARENT_CONCEPT_OF
http://eurovoc.europa.eu/2106,http://eurovoc.europa.eu/1504,PARENT_CONCEPT_OF
http://eurovoc.europa.eu/2106,http://eurovoc.europa.eu/2543,PARENT_CONCEPT_OF
http://eurovoc.europa.eu/2106,http://eurovoc.europa.eu/1509,PARENT_CONCEPT_OF
http://eurovoc.europa.eu/1105,http://eurovoc.europa.eu/1899,PARENT_CONCEPT_OF
http://eurovoc.europa.eu/37846,http://eurovoc.europa.eu/4376,PARENT_CONCEPT_OF
http://eurovoc.europa.eu/2469,http://eurovoc.europa.eu/215,PARENT_CONCEPT_OF
http://eurovoc.europa.eu/4703,http://eurovoc.europa.eu/150,PARENT_CONCEPT_OF
http://eurovoc.europa.eu/69,http://eurovoc.europa.eu/1193,PARENT_CONCEPT_OF
http://eurovoc.europa.eu/5923,http://eurovoc.europa.eu/5692,PARENT_CONCEPT_OF
http://eurovoc.europa.eu/139,http://eurovoc.europa.eu/146,PARENT_CONCEPT_OF
http://eurovoc.europa.eu/139,http://eurovoc.europa.eu/c_5a59a5d2,PARENT_CONCEPT_OF
http://eurovoc.europa.eu/139,http://eurovoc.europa.eu/145,PARENT_CONCEPT_OF
http://eurovoc.europa.eu/2702,http://eurovoc.europa.eu/4449,PARENT_CONCEPT_OF
http://eurovoc.europa.eu/2702,http://eurovoc.europa.eu/1558,PARENT_CONCEPT_OF
http://eurovoc.europa.eu/494,http://eurovoc.europa.eu/8470,PARENT_CONCEPT_OF
http://eurovoc.europa.eu/486,http://eurovoc.europa.eu/3930,PARENT_CONCEPT_OF
http://eurovoc.europa.eu/486,http://eurovoc.europa.eu/c_cdec6719,PARENT_CONCEPT_OF
http://eurovoc.europa.eu/4366,http://eurovoc.europa.eu/5066,PARENT_CONCEPT_OF
http://eurovoc.europa.eu/4366,http://eurovoc.europa.eu/4626,PARENT_CONCEPT_OF
http://eurovoc.europa.eu/4366,http://eurovoc.europa.eu/7398,PARENT_CONCEPT_OF
http://eurovoc.europa.eu/4415,http://eurovoc.europa.eu/3636,PARENT_CONCEPT_OF
http://eurovoc.europa.eu/4415,http://eurovoc.europa.eu/5928,PARENT_CONCEPT_OF
http://eurovoc.europa.eu/3632,http://eurovoc.europa.eu/1848,PARENT_CONCEPT_OF
http://eurovoc.europa.eu/3632,http://eurovoc.europa.eu/3744,PARENT_CONCEPT_OF
http://eurovoc.europa.eu/5275,http://eurovoc.europa.eu/5080,PARENT_CONCEPT_OF
http://eurovoc.europa.eu/4276,http://eurovoc.europa.eu/3545,PARENT_CONCEPT_OF
http://eurovoc.europa.eu/4276,http://eurovoc.europa.eu/3854,PARENT_CONCEPT_OF
http://eurovoc.europa.eu/2477,http://eurovoc.europa.eu/5096,PARENT_CONCEPT_OF
http://eurovoc.europa.eu/2972,http://eurovoc.europa.eu/2977,PARENT_CONCEPT_OF
http://eurovoc.europa.eu/784,http://eurovoc.europa.eu/798,PARENT_CONCEPT_OF
http://eurovoc.europa.eu/778,http://eurovoc.europa.eu/787,PARENT_CONCEPT_OF
http://eurovoc.europa.eu/2190,http://eurovoc.europa.eu/3676,PARENT_CONCEPT_OF
http://eurovoc.europa.eu/2167,http://eurovoc.europa.eu/37333,PARENT_CONCEPT_OF
http://eurovoc.europa.eu/4304,http://eurovoc.europa.eu/5762,PARENT_CONCEPT_OF
http://eurovoc.europa.eu/4304,http://eurovoc.europa.eu/5885,PARENT_CONCEPT_OF
http://eurovoc.europa.eu/1451,http://eurovoc.europa.eu/2243,PARENT_CONCEPT_OF
http://eurovoc.europa.eu/5769,http://eurovoc.europa.eu/7221,PARENT_CONCEPT_OF
http://eurovoc.europa.eu/5769,http://eurovoc.europa.eu/c_edee9606,PARENT_CONCEPT_OF
http://eurovoc.europa.eu/5130,http://eurovoc.europa.eu/4071,PARENT_CONCEPT_OF
http://eurovoc.europa.eu/2515,http://eurovoc.europa.eu/4268,PARENT_CONCEPT_OF
http://eurovoc.europa.eu/2515,http://eurovoc.europa.eu/6782,PARENT_CONCEPT_OF
http://eurovoc.europa.eu/2515,http://eurovoc.europa.eu/c_c8363c09,PARENT_CONCEPT_OF
http://eurovoc.europa.eu/4515,http://eurovoc.europa.eu/5210,PARENT_CONCEPT_OF
http://eurovoc.europa.eu/4522,http://eurovoc.europa.eu/4827,PARENT_CONCEPT_OF
http://eurovoc.europa.eu/4522,http://eurovoc.europa.eu/5211,PARENT_CONCEPT_OF
http://eurovoc.europa.eu/4522,http://eurovoc.europa.eu/3130,PARENT_CONCEPT_OF
http://eurovoc.europa.eu/4522,http://eurovoc.europa.eu/1037,PARENT_CONCEPT_OF
http://eurovoc.europa.eu/2512,http://eurovoc.europa.eu/3105,PARENT_CONCEPT_OF
http://eurovoc.europa.eu/2517,http://eurovoc.europa.eu/1469,PARENT_CONCEPT_OF
http://eurovoc.europa.eu/4706,http://eurovoc.europa.eu/5382,PARENT_CONCEPT_OF
http://eurovoc.europa.eu/2690,http://eurovoc.europa.eu/5634,PARENT_CONCEPT_OF
http://eurovoc.europa.eu/2705,http://eurovoc.europa.eu/4580,PARENT_CONCEPT_OF
http://eurovoc.europa.eu/2848,http://eurovoc.europa.eu/8373,PARENT_CONCEPT_OF
http://eurovoc.europa.eu/2858,http://eurovoc.europa.eu/1555,PARENT_CONCEPT_OF
http://eurovoc.europa.eu/2858,http://eurovoc.europa.eu/1765,PARENT_CONCEPT_OF
http://eurovoc.europa.eu/1115,http://eurovoc.europa.eu/1120,PARENT_CONCEPT_OF
http://eurovoc.europa.eu/1115,http://eurovoc.europa.eu/1116,PARENT_CONCEPT_OF
http://eurovoc.europa.eu/2416,http://eurovoc.europa.eu/1285,PARENT_CONCEPT_OF
http://eurovoc.europa.eu/2418,http://eurovoc.europa.eu/5078,PARENT_CONCEPT_OF
http://eurovoc.europa.eu/1412,http://eurovoc.europa.eu/c_e0e4608a,PARENT_CONCEPT_OF
http://eurovoc.europa.eu/2181,http://eurovoc.europa.eu/6848,PARENT_CONCEPT_OF
http://eurovoc.europa.eu/2181,http://eurovoc.europa.eu/4541,PARENT_CONCEPT_OF
http://eurovoc.europa.eu/2701,http://eurovoc.europa.eu/8458,PARENT_CONCEPT_OF
http://eurovoc.europa.eu/5259,http://eurovoc.europa.eu/1180,PARENT_CONCEPT_OF
http://eurovoc.europa.eu/3185,http://eurovoc.europa.eu/6173,PARENT_CONCEPT_OF
http://eurovoc.europa.eu/3185,http://eurovoc.europa.eu/2275,PARENT_CONCEPT_OF
http://eurovoc.europa.eu/11,http://eurovoc.europa.eu/482,PARENT_CONCEPT_OF
http://eurovoc.europa.eu/2242,http://eurovoc.europa.eu/2244,PARENT_CONCEPT_OF
http://eurovoc.europa.eu/3929,http://eurovoc.europa.eu/4625,PARENT_CONCEPT_OF
http://eurovoc.europa.eu/523,http://eurovoc.europa.eu/5598,PARENT_CONCEPT_OF
http://eurovoc.europa.eu/1074,http://eurovoc.europa.eu/3532,PARENT_CONCEPT_OF
http://eurovoc.europa.eu/1074,http://eurovoc.europa.eu/3534,PARENT_CONCEPT_OF
http://eurovoc.europa.eu/5974,http://eurovoc.europa.eu/5977,PARENT_CONCEPT_OF
http://eurovoc.europa.eu/5974,http://eurovoc.europa.eu/6344,PARENT_CONCEPT_OF
http://eurovoc.europa.eu/4299,http://eurovoc.europa.eu/6008,PARENT_CONCEPT_OF
http://eurovoc.europa.eu/2468,http://eurovoc.europa.eu/2454,PARENT_CONCEPT_OF
http://eurovoc.europa.eu/2448,http://eurovoc.europa.eu/5062,PARENT_CONCEPT_OF
http://eurovoc.europa.eu/2442,http://eurovoc.europa.eu/6311,PARENT_CONCEPT_OF
http://eurovoc.europa.eu/2442,http://eurovoc.europa.eu/1849,PARENT_CONCEPT_OF
http://eurovoc.europa.eu/2187,http://eurovoc.europa.eu/8488,PARENT_CONCEPT_OF
http://eurovoc.europa.eu/2187,http://eurovoc.europa.eu/5284,PARENT_CONCEPT_OF
http://eurovoc.europa.eu/1360,http://eurovoc.europa.eu/136,PARENT_CONCEPT_OF
http://eurovoc.europa.eu/1360,http://eurovoc.europa.eu/1378,PARENT_CONCEPT_OF
http://eurovoc.europa.eu/2464,http://eurovoc.europa.eu/5053,PARENT_CONCEPT_OF
http://eurovoc.europa.eu/2464,http://eurovoc.europa.eu/7340,PARENT_CONCEPT_OF
http://eurovoc.europa.eu/335,http://eurovoc.europa.eu/1040,PARENT_CONCEPT_OF
http://eurovoc.europa.eu/335,http://eurovoc.europa.eu/4254,PARENT_CONCEPT_OF
http://eurovoc.europa.eu/2486,http://eurovoc.europa.eu/3227,PARENT_CONCEPT_OF
http://eurovoc.europa.eu/2486,http://eurovoc.europa.eu/6335,PARENT_CONCEPT_OF
http://eurovoc.europa.eu/3544,http://eurovoc.europa.eu/2411,PARENT_CONCEPT_OF
http://eurovoc.europa.eu/1274,http://eurovoc.europa.eu/1141,PARENT_CONCEPT_OF
http://eurovoc.europa.eu/3160,http://eurovoc.europa.eu/4318,PARENT_CONCEPT_OF
http://eurovoc.europa.eu/3954,http://eurovoc.europa.eu/3962,PARENT_CONCEPT_OF
http://eurovoc.europa.eu/1916,http://eurovoc.europa.eu/2065,PARENT_CONCEPT_OF
http://eurovoc.europa.eu/1916,http://eurovoc.europa.eu/1923,PARENT_CONCEPT_OF
http://eurovoc.europa.eu/1909,http://eurovoc.europa.eu/259,PARENT_CONCEPT_OF
http://eurovoc.europa.eu/1909,http://eurovoc.europa.eu/1913,PARENT_CONCEPT_OF
http://eurovoc.europa.eu/1520,http://eurovoc.europa.eu/1960,PARENT_CONCEPT_OF
http://eurovoc.europa.eu/1520,http://eurovoc.europa.eu/1813,PARENT_CONCEPT_OF
http://eurovoc.europa.eu/7868,http://eurovoc.europa.eu/7870,PARENT_CONCEPT_OF
http://eurovoc.europa.eu/7868,http://eurovoc.europa.eu/7873,PARENT_CONCEPT_OF
http://eurovoc.europa.eu/864,http://eurovoc.europa.eu/3391,PARENT_CONCEPT_OF
http://eurovoc.europa.eu/864,http://eurovoc.europa.eu/2289,PARENT_CONCEPT_OF
http://eurovoc.europa.eu/864,http://eurovoc.europa.eu/3392,PARENT_CONCEPT_OF
http://eurovoc.europa.eu/337,http://eurovoc.europa.eu/8282,PARENT_CONCEPT_OF
http://eurovoc.europa.eu/337,http://eurovoc.europa.eu/2074,PARENT_CONCEPT_OF
http://eurovoc.europa.eu/337,http://eurovoc.europa.eu/3752,PARENT_CONCEPT_OF
http://eurovoc.europa.eu/7879,http://eurovoc.europa.eu/7903,PARENT_CONCEPT_OF
http://eurovoc.europa.eu/1184,http://eurovoc.europa.eu/1295,PARENT_CONCEPT_OF
http://eurovoc.europa.eu/1184,http://eurovoc.europa.eu/305,PARENT_CONCEPT_OF
http://eurovoc.europa.eu/2292,http://eurovoc.europa.eu/4186,PARENT_CONCEPT_OF
http://eurovoc.europa.eu/4750,http://eurovoc.europa.eu/2268,PARENT_CONCEPT_OF
http://eurovoc.europa.eu/695,http://eurovoc.europa.eu/696,PARENT_CONCEPT_OF
http://eurovoc.europa.eu/4222,http://eurovoc.europa.eu/1589,PARENT_CONCEPT_OF
http://eurovoc.europa.eu/3935,http://eurovoc.europa.eu/7370,PARENT_CONCEPT_OF
http://eurovoc.europa.eu/3151,http://eurovoc.europa.eu/3274,PARENT_CONCEPT_OF
http://eurovoc.europa.eu/1401,http://eurovoc.europa.eu/3861,PARENT_CONCEPT_OF
http://eurovoc.europa.eu/1400,http://eurovoc.europa.eu/849,PARENT_CONCEPT_OF
http://eurovoc.europa.eu/1400,http://eurovoc.europa.eu/1720,PARENT_CONCEPT_OF
http://eurovoc.europa.eu/2524,http://eurovoc.europa.eu/6414,PARENT_CONCEPT_OF
http://eurovoc.europa.eu/371,http://eurovoc.europa.eu/243,PARENT_CONCEPT_OF
http://eurovoc.europa.eu/371,http://eurovoc.europa.eu/5482,PARENT_CONCEPT_OF
http://eurovoc.europa.eu/343,http://eurovoc.europa.eu/345,PARENT_CONCEPT_OF
http://eurovoc.europa.eu/2475,http://eurovoc.europa.eu/775,PARENT_CONCEPT_OF
http://eurovoc.europa.eu/2475,http://eurovoc.europa.eu/3378,PARENT_CONCEPT_OF
http://eurovoc.europa.eu/2475,http://eurovoc.europa.eu/4243,PARENT_CONCEPT_OF
http://eurovoc.europa.eu/4619,http://eurovoc.europa.eu/6035,PARENT_CONCEPT_OF
http://eurovoc.europa.eu/4619,http://eurovoc.europa.eu/2691,PARENT_CONCEPT_OF
http://eurovoc.europa.eu/2179,http://eurovoc.europa.eu/123,PARENT_CONCEPT_OF
http://eurovoc.europa.eu/1455,http://eurovoc.europa.eu/2142,PARENT_CONCEPT_OF
http://eurovoc.europa.eu/2735,http://eurovoc.europa.eu/387,PARENT_CONCEPT_OF
http://eurovoc.europa.eu/2736,http://eurovoc.europa.eu/2731,PARENT_CONCEPT_OF
http://eurovoc.europa.eu/2736,http://eurovoc.europa.eu/2729,PARENT_CONCEPT_OF
http://eurovoc.europa.eu/2736,http://eurovoc.europa.eu/4311,PARENT_CONCEPT_OF
http://eurovoc.europa.eu/1258,http://eurovoc.europa.eu/2764,PARENT_CONCEPT_OF
http://eurovoc.europa.eu/1258,http://eurovoc.europa.eu/2743,PARENT_CONCEPT_OF
http://eurovoc.europa.eu/1154,http://eurovoc.europa.eu/1161,PARENT_CONCEPT_OF
http://eurovoc.europa.eu/1154,http://eurovoc.europa.eu/3443,PARENT_CONCEPT_OF
http://eurovoc.europa.eu/1164,http://eurovoc.europa.eu/1782,PARENT_CONCEPT_OF
http://eurovoc.europa.eu/1164,http://eurovoc.europa.eu/1811,PARENT_CONCEPT_OF
http://eurovoc.europa.eu/99,http://eurovoc.europa.eu/3493,PARENT_CONCEPT_OF
http://eurovoc.europa.eu/3450,http://eurovoc.europa.eu/5753,PARENT_CONCEPT_OF
http://eurovoc.europa.eu/3450,http://eurovoc.europa.eu/411,PARENT_CONCEPT_OF
http://eurovoc.europa.eu/3450,http://eurovoc.europa.eu/3505,PARENT_CONCEPT_OF
http://eurovoc.europa.eu/6722,http://eurovoc.europa.eu/c_959c23de,PARENT_CONCEPT_OF
http://eurovoc.europa.eu/6722,http://eurovoc.europa.eu/c_d26a38be,PARENT_CONCEPT_OF
http://eurovoc.europa.eu/2497,http://eurovoc.europa.eu/2518,PARENT_CONCEPT_OF
http://eurovoc.europa.eu/712,http://eurovoc.europa.eu/3071,PARENT_CONCEPT_OF
http://eurovoc.europa.eu/3300,http://eurovoc.europa.eu/389,PARENT_CONCEPT_OF
http://eurovoc.europa.eu/3300,http://eurovoc.europa.eu/66,PARENT_CONCEPT_OF
http://eurovoc.europa.eu/3239,http://eurovoc.europa.eu/c_42832883,PARENT_CONCEPT_OF
http://eurovoc.europa.eu/1063,http://eurovoc.europa.eu/1068,PARENT_CONCEPT_OF
http://eurovoc.europa.eu/1411,http://eurovoc.europa.eu/3749,PARENT_CONCEPT_OF
http://eurovoc.europa.eu/557,http://eurovoc.europa.eu/3564,PARENT_CONCEPT_OF
http://eurovoc.europa.eu/540,http://eurovoc.europa.eu/4581,PARENT_CONCEPT_OF
http://eurovoc.europa.eu/540,http://eurovoc.europa.eu/3315,PARENT_CONCEPT_OF
http://eurovoc.europa.eu/4184,http://eurovoc.europa.eu/2341,PARENT_CONCEPT_OF
http://eurovoc.europa.eu/914,http://eurovoc.europa.eu/5859,PARENT_CONCEPT_OF
http://eurovoc.europa.eu/914,http://eurovoc.europa.eu/1125,PARENT_CONCEPT_OF
http://eurovoc.europa.eu/914,http://eurovoc.europa.eu/7208,PARENT_CONCEPT_OF
http://eurovoc.europa.eu/2014,http://eurovoc.europa.eu/4081,PARENT_CONCEPT_OF
http://eurovoc.europa.eu/5962,http://eurovoc.europa.eu/842,PARENT_CONCEPT_OF
http://eurovoc.europa.eu/5962,http://eurovoc.europa.eu/5252,PARENT_CONCEPT_OF
http://eurovoc.europa.eu/2519,http://eurovoc.europa.eu/1232,PARENT_CONCEPT_OF
http://eurovoc.europa.eu/3156,http://eurovoc.europa.eu/1069,PARENT_CONCEPT_OF
http://eurovoc.europa.eu/4380,http://eurovoc.europa.eu/2387,PARENT_CONCEPT_OF
http://eurovoc.europa.eu/2258,http://eurovoc.europa.eu/7376,PARENT_CONCEPT_OF
http://eurovoc.europa.eu/2258,http://eurovoc.europa.eu/6888,PARENT_CONCEPT_OF
http://eurovoc.europa.eu/2258,http://eurovoc.europa.eu/2251,PARENT_CONCEPT_OF
http://eurovoc.europa.eu/4436,http://eurovoc.europa.eu/582,PARENT_CONCEPT_OF
http://eurovoc.europa.eu/5051,http://eurovoc.europa.eu/5057,PARENT_CONCEPT_OF
http://eurovoc.europa.eu/5576,http://eurovoc.europa.eu/401,PARENT_CONCEPT_OF
http://eurovoc.europa.eu/1155,http://eurovoc.europa.eu/1791,PARENT_CONCEPT_OF
http://eurovoc.europa.eu/1155,http://eurovoc.europa.eu/6013,PARENT_CONCEPT_OF
http://eurovoc.europa.eu/1000,http://eurovoc.europa.eu/1003,PARENT_CONCEPT_OF
http://eurovoc.europa.eu/1845,http://eurovoc.europa.eu/1403,PARENT_CONCEPT_OF
http://eurovoc.europa.eu/1410,http://eurovoc.europa.eu/1846,PARENT_CONCEPT_OF
http://eurovoc.europa.eu/1718,http://eurovoc.europa.eu/1725,PARENT_CONCEPT_OF
http://eurovoc.europa.eu/3549,http://eurovoc.europa.eu/3531,PARENT_CONCEPT_OF
http://eurovoc.europa.eu/3549,http://eurovoc.europa.eu/3551,PARENT_CONCEPT_OF
http://eurovoc.europa.eu/1268,http://eurovoc.europa.eu/1590,PARENT_CONCEPT_OF
http://eurovoc.europa.eu/2479,http://eurovoc.europa.eu/273,PARENT_CONCEPT_OF
http://eurovoc.europa.eu/1754,http://eurovoc.europa.eu/5716,PARENT_CONCEPT_OF
http://eurovoc.europa.eu/3778,http://eurovoc.europa.eu/1291,PARENT_CONCEPT_OF
http://eurovoc.europa.eu/4189,http://eurovoc.europa.eu/4194,PARENT_CONCEPT_OF
http://eurovoc.europa.eu/4189,http://eurovoc.europa.eu/1200,PARENT_CONCEPT_OF
http://eurovoc.europa.eu/2460,http://eurovoc.europa.eu/899,PARENT_CONCEPT_OF
http://eurovoc.europa.eu/2460,http://eurovoc.europa.eu/4221,PARENT_CONCEPT_OF
http://eurovoc.europa.eu/2460,http://eurovoc.europa.eu/5337,PARENT_CONCEPT_OF
http://eurovoc.europa.eu/3489,http://eurovoc.europa.eu/2285,PARENT_CONCEPT_OF
http://eurovoc.europa.eu/3810,http://eurovoc.europa.eu/51,PARENT_CONCEPT_OF
http://eurovoc.europa.eu/3810,http://eurovoc.europa.eu/5035,PARENT_CONCEPT_OF
http://eurovoc.europa.eu/3798,http://eurovoc.europa.eu/1704,PARENT_CONCEPT_OF
http://eurovoc.europa.eu/1362,http://eurovoc.europa.eu/2716,PARENT_CONCEPT_OF
http://eurovoc.europa.eu/584,http://eurovoc.europa.eu/564,PARENT_CONCEPT_OF
http://eurovoc.europa.eu/538,http://eurovoc.europa.eu/2828,PARENT_CONCEPT_OF
http://eurovoc.europa.eu/3908,http://eurovoc.europa.eu/459,PARENT_CONCEPT_OF
http://eurovoc.europa.eu/474,http://eurovoc.europa.eu/3218,PARENT_CONCEPT_OF
http://eurovoc.europa.eu/6034,http://eurovoc.europa.eu/27,PARENT_CONCEPT_OF
http://eurovoc.europa.eu/2166,http://eurovoc.europa.eu/1046,PARENT_CONCEPT_OF
http://eurovoc.europa.eu/2166,http://eurovoc.europa.eu/206,PARENT_CONCEPT_OF
http://eurovoc.europa.eu/2166,http://eurovoc.europa.eu/362,PARENT_CONCEPT_OF
http://eurovoc.europa.eu/517,http://eurovoc.europa.eu/4012,PARENT_CONCEPT_OF
http://eurovoc.europa.eu/517,http://eurovoc.europa.eu/2695,PARENT_CONCEPT_OF
http://eurovoc.europa.eu/711,http://eurovoc.europa.eu/2115,PARENT_CONCEPT_OF
http://eurovoc.europa.eu/4486,http://eurovoc.europa.eu/6120,PARENT_CONCEPT_OF
http://eurovoc.europa.eu/1422,http://eurovoc.europa.eu/3585,PARENT_CONCEPT_OF
http://eurovoc.europa.eu/2472,http://eurovoc.europa.eu/c_05f9c614,PARENT_CONCEPT_OF
http://eurovoc.europa.eu/1163,http://eurovoc.europa.eu/2342,PARENT_CONCEPT_OF
http://eurovoc.europa.eu/2632,http://eurovoc.europa.eu/3208,PARENT_CONCEPT_OF
http://eurovoc.europa.eu/2656,http://eurovoc.europa.eu/2653,PARENT_CONCEPT_OF
http://eurovoc.europa.eu/4363,http://eurovoc.europa.eu/2419,PARENT_CONCEPT_OF
http://eurovoc.europa.eu/4630,http://eurovoc.europa.eu/4447,PARENT_CONCEPT_OF
http://eurovoc.europa.eu/1786,http://eurovoc.europa.eu/1806,PARENT_CONCEPT_OF
http://eurovoc.europa.eu/2449,http://eurovoc.europa.eu/1486,PARENT_CONCEPT_OF
http://eurovoc.europa.eu/c_4c7717f3,http://eurovoc.europa.eu/c_34465dac,PARENT_CONCEPT_OF
http://eurovoc.europa.eu/1282,http://eurovoc.europa.eu/2033,PARENT_CONCEPT_OF
http://eurovoc.europa.eu/1282,http://eurovoc.europa.eu/1785,PARENT_CONCEPT_OF
http://eurovoc.europa.eu/1282,http://eurovoc.europa.eu/5875,PARENT_CONCEPT_OF
http://eurovoc.europa.eu/2573,http://eurovoc.europa.eu/2583,PARENT_CONCEPT_OF
http://eurovoc.europa.eu/3025,http://eurovoc.europa.eu/1966,PARENT_CONCEPT_OF
http://eurovoc.europa.eu/2191,http://eurovoc.europa.eu/6157,PARENT_CONCEPT_OF
http://eurovoc.europa.eu/5442,http://eurovoc.europa.eu/5418,PARENT_CONCEPT_OF
http://eurovoc.europa.eu/4040,http://eurovoc.europa.eu/7932,PARENT_CONCEPT_OF
http://eurovoc.europa.eu/1630,http://eurovoc.europa.eu/2502,PARENT_CONCEPT_OF
http://eurovoc.europa.eu/434743,http://eurovoc.europa.eu/6400,PARENT_CONCEPT_OF
http://eurovoc.europa.eu/2470,http://eurovoc.europa.eu/6397,PARENT_CONCEPT_OF
http://eurovoc.europa.eu/2825,http://eurovoc.europa.eu/c_c706cbe7,PARENT_CONCEPT_OF
http://eurovoc.europa.eu/2825,http://eurovoc.europa.eu/3141,PARENT_CONCEPT_OF
http://eurovoc.europa.eu/1004,http://eurovoc.europa.eu/2929,PARENT_CONCEPT_OF
http://eurovoc.europa.eu/c_6e703074,http://eurovoc.europa.eu/4212,PARENT_CONCEPT_OF
http://eurovoc.europa.eu/5775,http://eurovoc.europa.eu/5694,PARENT_CONCEPT_OF
http://eurovoc.europa.eu/2200,http://eurovoc.europa.eu/2286,PARENT_CONCEPT_OF
http://eurovoc.europa.eu/2200,http://eurovoc.europa.eu/1085,PARENT_CONCEPT_OF
http://eurovoc.europa.eu/2200,http://eurovoc.europa.eu/5563,PARENT_CONCEPT_OF
http://eurovoc.europa.eu/122,http://eurovoc.europa.eu/5063,PARENT_CONCEPT_OF
http://eurovoc.europa.eu/1658,http://eurovoc.europa.eu/2336,PARENT_CONCEPT_OF
http://eurovoc.europa.eu/1658,http://eurovoc.europa.eu/1613,PARENT_CONCEPT_OF
http://eurovoc.europa.eu/130,http://eurovoc.europa.eu/6252,PARENT_CONCEPT_OF
http://eurovoc.europa.eu/2119,http://eurovoc.europa.eu/4570,PARENT_CONCEPT_OF
http://eurovoc.europa.eu/2119,http://eurovoc.europa.eu/841,PARENT_CONCEPT_OF
http://eurovoc.europa.eu/5655,http://eurovoc.europa.eu/2543,PARENT_CONCEPT_OF
http://eurovoc.europa.eu/2763,http://eurovoc.europa.eu/5073,PARENT_CONCEPT_OF
http://eurovoc.europa.eu/2763,http://eurovoc.europa.eu/1568,PARENT_CONCEPT_OF
http://eurovoc.europa.eu/2775,http://eurovoc.europa.eu/2846,PARENT_CONCEPT_OF
http://eurovoc.europa.eu/3461,http://eurovoc.europa.eu/5574,PARENT_CONCEPT_OF
http://eurovoc.europa.eu/3461,http://eurovoc.europa.eu/2850,PARENT_CONCEPT_OF
http://eurovoc.europa.eu/1346,http://eurovoc.europa.eu/1347,PARENT_CONCEPT_OF
http://eurovoc.europa.eu/3474,http://eurovoc.europa.eu/3480,PARENT_CONCEPT_OF
http://eurovoc.europa.eu/4303,http://eurovoc.europa.eu/3622,PARENT_CONCEPT_OF
http://eurovoc.europa.eu/2507,http://eurovoc.europa.eu/1434,PARENT_CONCEPT_OF
http://eurovoc.europa.eu/2507,http://eurovoc.europa.eu/8450,PARENT_CONCEPT_OF
http://eurovoc.europa.eu/565,http://eurovoc.europa.eu/4009,PARENT_CONCEPT_OF
http://eurovoc.europa.eu/87,http://eurovoc.europa.eu/2756,PARENT_CONCEPT_OF
http://eurovoc.europa.eu/87,http://eurovoc.europa.eu/893,PARENT_CONCEPT_OF
http://eurovoc.europa.eu/5268,http://eurovoc.europa.eu/4663,PARENT_CONCEPT_OF
http://eurovoc.europa.eu/2001,http://eurovoc.europa.eu/2003,PARENT_CONCEPT_OF
http://eurovoc.europa.eu/4704,http://eurovoc.europa.eu/1192,PARENT_CONCEPT_OF
http://eurovoc.europa.eu/1370,http://eurovoc.europa.eu/5184,PARENT_CONCEPT_OF
http://eurovoc.europa.eu/2473,http://eurovoc.europa.eu/3255,PARENT_CONCEPT_OF
http://eurovoc.europa.eu/3855,http://eurovoc.europa.eu/3856,PARENT_CONCEPT_OF
http://eurovoc.europa.eu/2914,http://eurovoc.europa.eu/2916,PARENT_CONCEPT_OF
http://eurovoc.europa.eu/2914,http://eurovoc.europa.eu/6302,PARENT_CONCEPT_OF
http://eurovoc.europa.eu/82,http://eurovoc.europa.eu/1653,PARENT_CONCEPT_OF
http://eurovoc.europa.eu/1021,http://eurovoc.europa.eu/5566,PARENT_CONCEPT_OF
http://eurovoc.europa.eu/1310,http://eurovoc.europa.eu/3264,PARENT_CONCEPT_OF
http://eurovoc.europa.eu/962,http://eurovoc.europa.eu/586,PARENT_CONCEPT_OF
http://eurovoc.europa.eu/4358,http://eurovoc.europa.eu/615,PARENT_CONCEPT_OF
http://eurovoc.europa.eu/2551,http://eurovoc.europa.eu/1738,PARENT_CONCEPT_OF
http://eurovoc.europa.eu/4886,http://eurovoc.europa.eu/2715,PARENT_CONCEPT_OF
http://eurovoc.europa.eu/1894,http://eurovoc.europa.eu/6271,PARENT_CONCEPT_OF
http://eurovoc.europa.eu/1927,http://eurovoc.europa.eu/897,PARENT_CONCEPT_OF
http://eurovoc.europa.eu/2105,http://eurovoc.europa.eu/428,PARENT_CONCEPT_OF
http://eurovoc.europa.eu/36,http://eurovoc.europa.eu/6265,PARENT_CONCEPT_OF
http://eurovoc.europa.eu/6284,http://eurovoc.europa.eu/445203,PARENT_CONCEPT_OF
http://eurovoc.europa.eu/6284,http://eurovoc.europa.eu/445228,PARENT_CONCEPT_OF
http://eurovoc.europa.eu/5606,http://eurovoc.europa.eu/2809,PARENT_CONCEPT_OF
http://eurovoc.europa.eu/2002,http://eurovoc.europa.eu/4493,PARENT_CONCEPT_OF
http://eurovoc.europa.eu/2278,http://eurovoc.europa.eu/5513,PARENT_CONCEPT_OF
http://eurovoc.europa.eu/5107,http://eurovoc.europa.eu/4212,PARENT_CONCEPT_OF
http://eurovoc.europa.eu/5107,http://eurovoc.europa.eu/3784,PARENT_CONCEPT_OF
http://eurovoc.europa.eu/176,http://eurovoc.europa.eu/6101,PARENT_CONCEPT_OF
http://eurovoc.europa.eu/1355,http://eurovoc.europa.eu/1502,PARENT_CONCEPT_OF
http://eurovoc.europa.eu/1355,http://eurovoc.europa.eu/4679,PARENT_CONCEPT_OF
http://eurovoc.europa.eu/2291,http://eurovoc.europa.eu/1255,PARENT_CONCEPT_OF
http://eurovoc.europa.eu/2291,http://eurovoc.europa.eu/4620,PARENT_CONCEPT_OF
http://eurovoc.europa.eu/1903,http://eurovoc.europa.eu/2037,PARENT_CONCEPT_OF
http://eurovoc.europa.eu/1903,http://eurovoc.europa.eu/1296,PARENT_CONCEPT_OF
http://eurovoc.europa.eu/2463,http://eurovoc.europa.eu/3674,PARENT_CONCEPT_OF
http://eurovoc.europa.eu/2264,http://eurovoc.europa.eu/999,PARENT_CONCEPT_OF
http://eurovoc.europa.eu/756,http://eurovoc.europa.eu/2374,PARENT_CONCEPT_OF
http://eurovoc.europa.eu/4514,http://eurovoc.europa.eu/193,PARENT_CONCEPT_OF
http://eurovoc.europa.eu/4533,http://eurovoc.europa.eu/1195,PARENT_CONCEPT_OF
http://eurovoc.europa.eu/4533,http://eurovoc.europa.eu/2233,PARENT_CONCEPT_OF
http://eurovoc.europa.eu/08133,http://eurovoc.europa.eu/4880,PARENT_CONCEPT_OF
http://eurovoc.europa.eu/4865,http://eurovoc.europa.eu/6764,PARENT_CONCEPT_OF
http://eurovoc.europa.eu/2076,http://eurovoc.europa.eu/3647,PARENT_CONCEPT_OF
http://eurovoc.europa.eu/71,http://eurovoc.europa.eu/c_18802d13,PARENT_CONCEPT_OF
http://eurovoc.europa.eu/2871,http://eurovoc.europa.eu/3642,PARENT_CONCEPT_OF
http://eurovoc.europa.eu/1429,http://eurovoc.europa.eu/c_dea47e63,PARENT_CONCEPT_OF
http://eurovoc.europa.eu/5080,http://eurovoc.europa.eu/5084,PARENT_CONCEPT_OF
http://eurovoc.europa.eu/4700,http://eurovoc.europa.eu/3516,PARENT_CONCEPT_OF
http://eurovoc.europa.eu/4352,http://eurovoc.europa.eu/6324,PARENT_CONCEPT_OF
http://eurovoc.europa.eu/2516,http://eurovoc.europa.eu/5149,PARENT_CONCEPT_OF
http://eurovoc.europa.eu/2725,http://eurovoc.europa.eu/2709,PARENT_CONCEPT_OF
http://eurovoc.europa.eu/2243,http://eurovoc.europa.eu/443167,PARENT_CONCEPT_OF
http://eurovoc.europa.eu/128,http://eurovoc.europa.eu/439592,PARENT_CONCEPT_OF
http://eurovoc.europa.eu/2445,http://eurovoc.europa.eu/6313,PARENT_CONCEPT_OF
http://eurovoc.europa.eu/2040,http://eurovoc.europa.eu/3700,PARENT_CONCEPT_OF
http://eurovoc.europa.eu/4827,http://eurovoc.europa.eu/2043,PARENT_CONCEPT_OF
http://eurovoc.europa.eu/4702,http://eurovoc.europa.eu/2174,PARENT_CONCEPT_OF
http://eurovoc.europa.eu/4702,http://eurovoc.europa.eu/3330,PARENT_CONCEPT_OF
http://eurovoc.europa.eu/2270,http://eurovoc.europa.eu/3748,PARENT_CONCEPT_OF
http://eurovoc.europa.eu/4205,http://eurovoc.europa.eu/6395,PARENT_CONCEPT_OF
http://eurovoc.europa.eu/4470,http://eurovoc.europa.eu/1404,PARENT_CONCEPT_OF
http://eurovoc.europa.eu/4245,http://eurovoc.europa.eu/5723,PARENT_CONCEPT_OF
http://eurovoc.europa.eu/1727,http://eurovoc.europa.eu/5930,PARENT_CONCEPT_OF
http://eurovoc.europa.eu/1727,http://eurovoc.europa.eu/1613,PARENT_CONCEPT_OF
http://eurovoc.europa.eu/5777,http://eurovoc.europa.eu/2138,PARENT_CONCEPT_OF
http://eurovoc.europa.eu/2546,http://eurovoc.europa.eu/6281,PARENT_CONCEPT_OF
http://eurovoc.europa.eu/241,http://eurovoc.europa.eu/4861,PARENT_CONCEPT_OF
http://eurovoc.europa.eu/5361,http://eurovoc.europa.eu/5364,PARENT_CONCEPT_OF
http://eurovoc.europa.eu/2856,http://eurovoc.europa.eu/7812,PARENT_CONCEPT_OF
http://eurovoc.europa.eu/4541,http://eurovoc.europa.eu/6849,PARENT_CONCEPT_OF
http://eurovoc.europa.eu/2704,http://eurovoc.europa.eu/8443,PARENT_CONCEPT_OF
http://eurovoc.europa.eu/3966,http://eurovoc.europa.eu/5633,PARENT_CONCEPT_OF
http://eurovoc.europa.eu/5836,http://eurovoc.europa.eu/2941,PARENT_CONCEPT_OF
http://eurovoc.europa.eu/2362,http://eurovoc.europa.eu/3405,PARENT_CONCEPT_OF
http://eurovoc.europa.eu/2362,http://eurovoc.europa.eu/3403,PARENT_CONCEPT_OF
http://eurovoc.europa.eu/1624,http://eurovoc.europa.eu/6036,PARENT_CONCEPT_OF
http://eurovoc.europa.eu/1606,http://eurovoc.europa.eu/247,PARENT_CONCEPT_OF
http://eurovoc.europa.eu/1567,http://eurovoc.europa.eu/c_8150867f,PARENT_CONCEPT_OF
http://eurovoc.europa.eu/2579,http://eurovoc.europa.eu/1448,PARENT_CONCEPT_OF
http://eurovoc.europa.eu/2177,http://eurovoc.europa.eu/4232,PARENT_CONCEPT_OF
http://eurovoc.europa.eu/2177,http://eurovoc.europa.eu/2717,PARENT_CONCEPT_OF
http://eurovoc.europa.eu/4274,http://eurovoc.europa.eu/2338,PARENT_CONCEPT_OF
http://eurovoc.europa.eu/4274,http://eurovoc.europa.eu/5910,PARENT_CONCEPT_OF
http://eurovoc.europa.eu/3497,http://eurovoc.europa.eu/3926,PARENT_CONCEPT_OF
http://eurovoc.europa.eu/576,http://eurovoc.europa.eu/8427,PARENT_CONCEPT_OF
http://eurovoc.europa.eu/5555,http://eurovoc.europa.eu/5917,PARENT_CONCEPT_OF
http://eurovoc.europa.eu/1826,http://eurovoc.europa.eu/1827,PARENT_CONCEPT_OF
http://eurovoc.europa.eu/2710,http://eurovoc.europa.eu/c_ee706406,PARENT_CONCEPT_OF
http://eurovoc.europa.eu/4127,http://eurovoc.europa.eu/2097,PARENT_CONCEPT_OF
http://eurovoc.europa.eu/1210,http://eurovoc.europa.eu/1212,PARENT_CONCEPT_OF
http://eurovoc.europa.eu/1944,http://eurovoc.europa.eu/3426,PARENT_CONCEPT_OF
http://eurovoc.europa.eu/3420,http://eurovoc.europa.eu/2557,PARENT_CONCEPT_OF
http://eurovoc.europa.eu/6002,http://eurovoc.europa.eu/6000,PARENT_CONCEPT_OF
http://eurovoc.europa.eu/3486,http://eurovoc.europa.eu/6546,PARENT_CONCEPT_OF
http://eurovoc.europa.eu/351,http://eurovoc.europa.eu/3830,PARENT_CONCEPT_OF
http://eurovoc.europa.eu/302,http://eurovoc.europa.eu/1876,PARENT_CONCEPT_OF
http://eurovoc.europa.eu/357,http://eurovoc.europa.eu/4148,PARENT_CONCEPT_OF
http://eurovoc.europa.eu/357,http://eurovoc.europa.eu/1843,PARENT_CONCEPT_OF
http://eurovoc.europa.eu/1799,http://eurovoc.europa.eu/1808,PARENT_CONCEPT_OF
http://eurovoc.europa.eu/1799,http://eurovoc.europa.eu/433,PARENT_CONCEPT_OF
http://eurovoc.europa.eu/665,http://eurovoc.europa.eu/1351,PARENT_CONCEPT_OF
http://eurovoc.europa.eu/5255,http://eurovoc.europa.eu/2872,PARENT_CONCEPT_OF
http://eurovoc.europa.eu/1148,http://eurovoc.europa.eu/1149,PARENT_CONCEPT_OF
http://eurovoc.europa.eu/1892,http://eurovoc.europa.eu/6384,PARENT_CONCEPT_OF
http://eurovoc.europa.eu/5966,http://eurovoc.europa.eu/5300,PARENT_CONCEPT_OF
http://eurovoc.europa.eu/2772,http://eurovoc.europa.eu/1266,PARENT_CONCEPT_OF
http://eurovoc.europa.eu/2366,http://eurovoc.europa.eu/3770,PARENT_CONCEPT_OF
http://eurovoc.europa.eu/3706,http://eurovoc.europa.eu/3303,PARENT_CONCEPT_OF
http://eurovoc.europa.eu/4379,http://eurovoc.europa.eu/3269,PARENT_CONCEPT_OF
http://eurovoc.europa.eu/3943,http://eurovoc.europa.eu/3945,PARENT_CONCEPT_OF
http://eurovoc.europa.eu/3944,http://eurovoc.europa.eu/8433,PARENT_CONCEPT_OF
http://eurovoc.europa.eu/8495,http://eurovoc.europa.eu/8525,PARENT_CONCEPT_OF
http://eurovoc.europa.eu/8494,http://eurovoc.europa.eu/8517,PARENT_CONCEPT_OF
http://eurovoc.europa.eu/8497,http://eurovoc.europa.eu/8534,PARENT_CONCEPT_OF
http://eurovoc.europa.eu/8304,http://eurovoc.europa.eu/8306,PARENT_CONCEPT_OF
http://eurovoc.europa.eu/8328,http://eurovoc.europa.eu/8329,PARENT_CONCEPT_OF
http://eurovoc.europa.eu/6240,http://eurovoc.europa.eu/7990,PARENT_CONCEPT_OF
http://eurovoc.europa.eu/6245,http://eurovoc.europa.eu/7995,PARENT_CONCEPT_OF
http://eurovoc.europa.eu/6238,http://eurovoc.europa.eu/8002,PARENT_CONCEPT_OF
http://eurovoc.europa.eu/6238,http://eurovoc.europa.eu/8004,PARENT_CONCEPT_OF
http://eurovoc.europa.eu/c_46e54685,http://eurovoc.europa.eu/c_14e0ae65,PARENT_CONCEPT_OF
http://eurovoc.europa.eu/c_46e54685,http://eurovoc.europa.eu/c_fee7acae,PARENT_CONCEPT_OF
http://eurovoc.europa.eu/c_46e54685,http://eurovoc.europa.eu/c_b4cffbee,PARENT_CONCEPT_OF
http://eurovoc.europa.eu/c_d4ca9a6c,http://eurovoc.europa.eu/c_070e15e7,PARENT_CONCEPT_OF
http://eurovoc.europa.eu/c_d4ca9a6c,http://eurovoc.europa.eu/c_a5c15adc,PARENT_CONCEPT_OF
http://eurovoc.europa.eu/c_d4ca9a6c,http://eurovoc.europa.eu/c_095c8a84,PARENT_CONCEPT_OF
http://eurovoc.europa.eu/3061,http://eurovoc.europa.eu/1027,PARENT_CONCEPT_OF
http://eurovoc.europa.eu/1717,http://eurovoc.europa.eu/7893,PARENT_CONCEPT_OF
http://eurovoc.europa.eu/6023,http://eurovoc.europa.eu/8425,PARENT_CONCEPT_OF
http://eurovoc.europa.eu/806,http://eurovoc.europa.eu/3008,PARENT_CONCEPT_OF
http://eurovoc.europa.eu/4308,http://eurovoc.europa.eu/2759,PARENT_CONCEPT_OF
http://eurovoc.europa.eu/3377,http://eurovoc.europa.eu/476,PARENT_CONCEPT_OF
http://eurovoc.europa.eu/4709,http://eurovoc.europa.eu/1861,PARENT_CONCEPT_OF
http://eurovoc.europa.eu/515,http://eurovoc.europa.eu/4709,PARENT_CONCEPT_OF
http://eurovoc.europa.eu/8384,http://eurovoc.europa.eu/c_b605a1d4,PARENT_CONCEPT_OF
http://eurovoc.europa.eu/411,http://eurovoc.europa.eu/3455,PARENT_CONCEPT_OF
http://eurovoc.europa.eu/2490,http://eurovoc.europa.eu/1131,PARENT_CONCEPT_OF
http://eurovoc.europa.eu/202,http://eurovoc.europa.eu/5562,PARENT_CONCEPT_OF
http://eurovoc.europa.eu/1851,http://eurovoc.europa.eu/3238,PARENT_CONCEPT_OF
http://eurovoc.europa.eu/5862,http://eurovoc.europa.eu/5929,PARENT_CONCEPT_OF
http://eurovoc.europa.eu/2828,http://eurovoc.europa.eu/8426,PARENT_CONCEPT_OF
http://eurovoc.europa.eu/5613,http://eurovoc.europa.eu/2157,PARENT_CONCEPT_OF
http://eurovoc.europa.eu/5613,http://eurovoc.europa.eu/3701,PARENT_CONCEPT_OF
http://eurovoc.europa.eu/3753,http://eurovoc.europa.eu/1831,PARENT_CONCEPT_OF
http://eurovoc.europa.eu/98,http://eurovoc.europa.eu/3417,PARENT_CONCEPT_OF
http://eurovoc.europa.eu/2501,http://eurovoc.europa.eu/3305,PARENT_CONCEPT_OF
http://eurovoc.europa.eu/764,http://eurovoc.europa.eu/765,PARENT_CONCEPT_OF
http://eurovoc.europa.eu/846,http://eurovoc.europa.eu/1719,PARENT_CONCEPT_OF
http://eurovoc.europa.eu/5138,http://eurovoc.europa.eu/980,PARENT_CONCEPT_OF
http://eurovoc.europa.eu/55,http://eurovoc.europa.eu/4884,PARENT_CONCEPT_OF
http://eurovoc.europa.eu/5092,http://eurovoc.europa.eu/275,PARENT_CONCEPT_OF
http://eurovoc.europa.eu/5092,http://eurovoc.europa.eu/266,PARENT_CONCEPT_OF
http://eurovoc.europa.eu/1719,http://eurovoc.europa.eu/1722,PARENT_CONCEPT_OF
http://eurovoc.europa.eu/1160,http://eurovoc.europa.eu/941,PARENT_CONCEPT_OF
http://eurovoc.europa.eu/972,http://eurovoc.europa.eu/5760,PARENT_CONCEPT_OF
http://eurovoc.europa.eu/972,http://eurovoc.europa.eu/5676,PARENT_CONCEPT_OF
http://eurovoc.europa.eu/1870,http://eurovoc.europa.eu/1879,PARENT_CONCEPT_OF
http://eurovoc.europa.eu/5970,http://eurovoc.europa.eu/6903,PARENT_CONCEPT_OF
http://eurovoc.europa.eu/838,http://eurovoc.europa.eu/5951,PARENT_CONCEPT_OF
http://eurovoc.europa.eu/5018,http://eurovoc.europa.eu/1671,PARENT_CONCEPT_OF
http://eurovoc.europa.eu/3003,http://eurovoc.europa.eu/2793,PARENT_CONCEPT_OF
http://eurovoc.europa.eu/3003,http://eurovoc.europa.eu/231,PARENT_CONCEPT_OF
http://eurovoc.europa.eu/2739,http://eurovoc.europa.eu/26754,PARENT_CONCEPT_OF
http://eurovoc.europa.eu/3808,http://eurovoc.europa.eu/1382,PARENT_CONCEPT_OF
http://eurovoc.europa.eu/583,http://eurovoc.europa.eu/548,PARENT_CONCEPT_OF
http://eurovoc.europa.eu/6231,http://eurovoc.europa.eu/1942,PARENT_CONCEPT_OF
http://eurovoc.europa.eu/3218,http://eurovoc.europa.eu/407,PARENT_CONCEPT_OF
http://eurovoc.europa.eu/2786,http://eurovoc.europa.eu/3604,PARENT_CONCEPT_OF
http://eurovoc.europa.eu/4663,http://eurovoc.europa.eu/3210,PARENT_CONCEPT_OF
http://eurovoc.europa.eu/4663,http://eurovoc.europa.eu/4668,PARENT_CONCEPT_OF
http://eurovoc.europa.eu/1026,http://eurovoc.europa.eu/625,PARENT_CONCEPT_OF
http://eurovoc.europa.eu/1136,http://eurovoc.europa.eu/1631,PARENT_CONCEPT_OF
http://eurovoc.europa.eu/5418,http://eurovoc.europa.eu/2451,PARENT_CONCEPT_OF
http://eurovoc.europa.eu/3319,http://eurovoc.europa.eu/2280,PARENT_CONCEPT_OF
http://eurovoc.europa.eu/1885,http://eurovoc.europa.eu/3838,PARENT_CONCEPT_OF
http://eurovoc.europa.eu/1885,http://eurovoc.europa.eu/3834,PARENT_CONCEPT_OF
http://eurovoc.europa.eu/1885,http://eurovoc.europa.eu/1964,PARENT_CONCEPT_OF
http://eurovoc.europa.eu/542,http://eurovoc.europa.eu/611,PARENT_CONCEPT_OF
http://eurovoc.europa.eu/5682,http://eurovoc.europa.eu/5533,PARENT_CONCEPT_OF
http://eurovoc.europa.eu/4801,http://eurovoc.europa.eu/3457,PARENT_CONCEPT_OF
http://eurovoc.europa.eu/2605,http://eurovoc.europa.eu/7981,PARENT_CONCEPT_OF
http://eurovoc.europa.eu/6108,http://eurovoc.europa.eu/7134,PARENT_CONCEPT_OF
http://eurovoc.europa.eu/1102,http://eurovoc.europa.eu/1106,PARENT_CONCEPT_OF
http://eurovoc.europa.eu/2850,http://eurovoc.europa.eu/5827,PARENT_CONCEPT_OF
http://eurovoc.europa.eu/3521,http://eurovoc.europa.eu/4003,PARENT_CONCEPT_OF
http://eurovoc.europa.eu/4730,http://eurovoc.europa.eu/2630,PARENT_CONCEPT_OF
http://eurovoc.europa.eu/2162,http://eurovoc.europa.eu/885,PARENT_CONCEPT_OF
http://eurovoc.europa.eu/667,http://eurovoc.europa.eu/6110,PARENT_CONCEPT_OF
http://eurovoc.europa.eu/5191,http://eurovoc.europa.eu/5193,PARENT_CONCEPT_OF
http://eurovoc.europa.eu/175,http://eurovoc.europa.eu/5348,PARENT_CONCEPT_OF
http://eurovoc.europa.eu/2013,http://eurovoc.europa.eu/3015,PARENT_CONCEPT_OF
http://eurovoc.europa.eu/1439,http://eurovoc.europa.eu/c_20f6ad03,PARENT_CONCEPT_OF
http://eurovoc.europa.eu/4039,http://eurovoc.europa.eu/825,PARENT_CONCEPT_OF
http://eurovoc.europa.eu/2110,http://eurovoc.europa.eu/1877,PARENT_CONCEPT_OF
http://eurovoc.europa.eu/3780,http://eurovoc.europa.eu/663,PARENT_CONCEPT_OF
http://eurovoc.europa.eu/5556,http://eurovoc.europa.eu/891,PARENT_CONCEPT_OF
http://eurovoc.europa.eu/2024,http://eurovoc.europa.eu/1986,PARENT_CONCEPT_OF
http://eurovoc.europa.eu/4232,http://eurovoc.europa.eu/6913,PARENT_CONCEPT_OF
http://eurovoc.europa.eu/3885,http://eurovoc.europa.eu/1596,PARENT_CONCEPT_OF
http://eurovoc.europa.eu/5768,http://eurovoc.europa.eu/6295,PARENT_CONCEPT_OF
http://eurovoc.europa.eu/1879,http://eurovoc.europa.eu/5224,PARENT_CONCEPT_OF
http://eurovoc.europa.eu/1373,http://eurovoc.europa.eu/5167,PARENT_CONCEPT_OF
http://eurovoc.europa.eu/4767,http://eurovoc.europa.eu/4768,PARENT_CONCEPT_OF
http://eurovoc.europa.eu/1052,http://eurovoc.europa.eu/978,PARENT_CONCEPT_OF
http://eurovoc.europa.eu/c_1c478aa5,http://eurovoc.europa.eu/58556,PARENT_CONCEPT_OF
http://eurovoc.europa.eu/5572,http://eurovoc.europa.eu/6616,PARENT_CONCEPT_OF
http://eurovoc.europa.eu/2609,http://eurovoc.europa.eu/2608,PARENT_CONCEPT_OF
http://eurovoc.europa.eu/5722,http://eurovoc.europa.eu/1775,PARENT_CONCEPT_OF
http://eurovoc.europa.eu/6565,http://eurovoc.europa.eu/3370,PARENT_CONCEPT_OF
http://eurovoc.europa.eu/3368,http://eurovoc.europa.eu/1480,PARENT_CONCEPT_OF
http://eurovoc.europa.eu/5413,http://eurovoc.europa.eu/5315,PARENT_CONCEPT_OF
http://eurovoc.europa.eu/5413,http://eurovoc.europa.eu/5567,PARENT_CONCEPT_OF
http://eurovoc.europa.eu/5681,http://eurovoc.europa.eu/5505,PARENT_CONCEPT_OF
http://eurovoc.europa.eu/3367,http://eurovoc.europa.eu/5535,PARENT_CONCEPT_OF
http://eurovoc.europa.eu/c_25fe24f4,http://eurovoc.europa.eu/c_18cee978,PARENT_CONCEPT_OF
http://eurovoc.europa.eu/5438,http://eurovoc.europa.eu/3396,PARENT_CONCEPT_OF
http://eurovoc.europa.eu/4705,http://eurovoc.europa.eu/48,PARENT_CONCEPT_OF
http://eurovoc.europa.eu/4554,http://eurovoc.europa.eu/3615,PARENT_CONCEPT_OF
http://eurovoc.europa.eu/2175,http://eurovoc.europa.eu/373,PARENT_CONCEPT_OF
http://eurovoc.europa.eu/2188,http://eurovoc.europa.eu/1034,PARENT_CONCEPT_OF
http://eurovoc.europa.eu/2188,http://eurovoc.europa.eu/5086,PARENT_CONCEPT_OF
http://eurovoc.europa.eu/2188,http://eurovoc.europa.eu/c_d3334ae3,PARENT_CONCEPT_OF
http://eurovoc.europa.eu/5258,http://eurovoc.europa.eu/4022,PARENT_CONCEPT_OF
http://eurovoc.europa.eu/5258,http://eurovoc.europa.eu/2927,PARENT_CONCEPT_OF
http://eurovoc.europa.eu/4479,http://eurovoc.europa.eu/6142,PARENT_CONCEPT_OF
http://eurovoc.europa.eu/525,http://eurovoc.europa.eu/5606,PARENT_CONCEPT_OF
http://eurovoc.europa.eu/285,http://eurovoc.europa.eu/297,PARENT_CONCEPT_OF
http://eurovoc.europa.eu/637,http://eurovoc.europa.eu/655,PARENT_CONCEPT_OF
http://eurovoc.europa.eu/4505,http://eurovoc.europa.eu/2039,PARENT_CONCEPT_OF
http://eurovoc.europa.eu/317,http://eurovoc.europa.eu/c_827bea7d,PARENT_CONCEPT_OF
http://eurovoc.europa.eu/2688,http://eurovoc.europa.eu/4837,PARENT_CONCEPT_OF
http://eurovoc.europa.eu/3257,http://eurovoc.europa.eu/6560,PARENT_CONCEPT_OF
http://eurovoc.europa.eu/2459,http://eurovoc.europa.eu/4105,PARENT_CONCEPT_OF
http://eurovoc.europa.eu/5283,http://eurovoc.europa.eu/1019,PARENT_CONCEPT_OF
http://eurovoc.europa.eu/4587,http://eurovoc.europa.eu/5349,PARENT_CONCEPT_OF
http://eurovoc.europa.eu/8278,http://eurovoc.europa.eu/1125,PARENT_CONCEPT_OF
http://eurovoc.europa.eu/1191,http://eurovoc.europa.eu/2331,PARENT_CONCEPT_OF
http://eurovoc.europa.eu/1844,http://eurovoc.europa.eu/4841,PARENT_CONCEPT_OF
http://eurovoc.europa.eu/c_2b2e17b1,http://eurovoc.europa.eu/5469,PARENT_CONCEPT_OF
http://eurovoc.europa.eu/c_2b2e17b1,http://eurovoc.europa.eu/5652,PARENT_CONCEPT_OF
http://eurovoc.europa.eu/5083,http://eurovoc.europa.eu/1228,PARENT_CONCEPT_OF
http://eurovoc.europa.eu/5083,http://eurovoc.europa.eu/205,PARENT_CONCEPT_OF
http://eurovoc.europa.eu/5083,http://eurovoc.europa.eu/2037,PARENT_CONCEPT_OF
http://eurovoc.europa.eu/5083,http://eurovoc.europa.eu/4465,PARENT_CONCEPT_OF
http://eurovoc.europa.eu/5083,http://eurovoc.europa.eu/4779,PARENT_CONCEPT_OF
http://eurovoc.europa.eu/5083,http://eurovoc.europa.eu/4376,PARENT_CONCEPT_OF
http://eurovoc.europa.eu/5083,http://eurovoc.europa.eu/2018,PARENT_CONCEPT_OF
http://eurovoc.europa.eu/5083,http://eurovoc.europa.eu/1166,PARENT_CONCEPT_OF
http://eurovoc.europa.eu/5083,http://eurovoc.europa.eu/1841,PARENT_CONCEPT_OF
http://eurovoc.europa.eu/5083,http://eurovoc.europa.eu/1729,PARENT_CONCEPT_OF
http://eurovoc.europa.eu/4607,http://eurovoc.europa.eu/1236,PARENT_CONCEPT_OF
http://eurovoc.europa.eu/6205,http://eurovoc.europa.eu/5965,PARENT_CONCEPT_OF
http://eurovoc.europa.eu/6205,http://eurovoc.europa.eu/4453,PARENT_CONCEPT_OF
http://eurovoc.europa.eu/5781,http://eurovoc.europa.eu/5619,PARENT_CONCEPT_OF
http://eurovoc.europa.eu/5087,http://eurovoc.europa.eu/4707,PARENT_CONCEPT_OF
http://eurovoc.europa.eu/8369,http://eurovoc.europa.eu/2336,PARENT_CONCEPT_OF
http://eurovoc.europa.eu/8369,http://eurovoc.europa.eu/2138,PARENT_CONCEPT_OF
http://eurovoc.europa.eu/8369,http://eurovoc.europa.eu/4578,PARENT_CONCEPT_OF
http://eurovoc.europa.eu/c_b2c019c8,http://eurovoc.europa.eu/1218,PARENT_CONCEPT_OF
http://eurovoc.europa.eu/c_b2c019c8,http://eurovoc.europa.eu/1219,PARENT_CONCEPT_OF
http://eurovoc.europa.eu/c_b2c019c8,http://eurovoc.europa.eu/2037,PARENT_CONCEPT_OF
http://eurovoc.europa.eu/c_b2c019c8,http://eurovoc.europa.eu/1217,PARENT_CONCEPT_OF
http://eurovoc.europa.eu/2106,http://eurovoc.europa.eu/2286,PARENT_CONCEPT_OF
http://eurovoc.europa.eu/2106,http://eurovoc.europa.eu/888,PARENT_CONCEPT_OF
http://eurovoc.europa.eu/1105,http://eurovoc.europa.eu/5040,PARENT_CONCEPT_OF
http://eurovoc.europa.eu/37846,http://eurovoc.europa.eu/1842,PARENT_CONCEPT_OF
http://eurovoc.europa.eu/37846,http://eurovoc.europa.eu/1124,PARENT_CONCEPT_OF
http://eurovoc.europa.eu/37846,http://eurovoc.europa.eu/2018,PARENT_CONCEPT_OF
http://eurovoc.europa.eu/2737,http://eurovoc.europa.eu/5728,PARENT_CONCEPT_OF
http://eurovoc.europa.eu/2469,http://eurovoc.europa.eu/5205,PARENT_CONCEPT_OF
http://eurovoc.europa.eu/4703,http://eurovoc.europa.eu/5374,PARENT_CONCEPT_OF
http://eurovoc.europa.eu/4539,http://eurovoc.europa.eu/4514,PARENT_CONCEPT_OF
http://eurovoc.europa.eu/2351,http://eurovoc.europa.eu/1735,PARENT_CONCEPT_OF
http://eurovoc.europa.eu/494,http://eurovoc.europa.eu/774,PARENT_CONCEPT_OF
http://eurovoc.europa.eu/494,http://eurovoc.europa.eu/5109,PARENT_CONCEPT_OF
http://eurovoc.europa.eu/486,http://eurovoc.europa.eu/452,PARENT_CONCEPT_OF
http://eurovoc.europa.eu/486,http://eurovoc.europa.eu/6766,PARENT_CONCEPT_OF
http://eurovoc.europa.eu/486,http://eurovoc.europa.eu/c_25ddd844,PARENT_CONCEPT_OF
http://eurovoc.europa.eu/4366,http://eurovoc.europa.eu/6769,PARENT_CONCEPT_OF
http://eurovoc.europa.eu/1737,http://eurovoc.europa.eu/4556,PARENT_CONCEPT_OF
http://eurovoc.europa.eu/1737,http://eurovoc.europa.eu/3539,PARENT_CONCEPT_OF
http://eurovoc.europa.eu/1802,http://eurovoc.europa.eu/376,PARENT_CONCEPT_OF
http://eurovoc.europa.eu/1012,http://eurovoc.europa.eu/3554,PARENT_CONCEPT_OF
http://eurovoc.europa.eu/394,http://eurovoc.europa.eu/403,PARENT_CONCEPT_OF
http://eurovoc.europa.eu/2698,http://eurovoc.europa.eu/144,PARENT_CONCEPT_OF
http://eurovoc.europa.eu/2972,http://eurovoc.europa.eu/2622,PARENT_CONCEPT_OF
http://eurovoc.europa.eu/778,http://eurovoc.europa.eu/794,PARENT_CONCEPT_OF
http://eurovoc.europa.eu/873,http://eurovoc.europa.eu/631,PARENT_CONCEPT_OF
http://eurovoc.europa.eu/2190,http://eurovoc.europa.eu/4064,PARENT_CONCEPT_OF
http://eurovoc.europa.eu/2190,http://eurovoc.europa.eu/5738,PARENT_CONCEPT_OF
http://eurovoc.europa.eu/2190,http://eurovoc.europa.eu/4872,PARENT_CONCEPT_OF
http://eurovoc.europa.eu/2167,http://eurovoc.europa.eu/8400,PARENT_CONCEPT_OF
http://eurovoc.europa.eu/2167,http://eurovoc.europa.eu/8399,PARENT_CONCEPT_OF
http://eurovoc.europa.eu/4416,http://eurovoc.europa.eu/473,PARENT_CONCEPT_OF
http://eurovoc.europa.eu/5769,http://eurovoc.europa.eu/2164,PARENT_CONCEPT_OF
http://eurovoc.europa.eu/5769,http://eurovoc.europa.eu/447660,PARENT_CONCEPT_OF
http://eurovoc.europa.eu/5769,http://eurovoc.europa.eu/c_bbc13d07,PARENT_CONCEPT_OF
http://eurovoc.europa.eu/3058,http://eurovoc.europa.eu/3078,PARENT_CONCEPT_OF
http://eurovoc.europa.eu/2515,http://eurovoc.europa.eu/1468,PARENT_CONCEPT_OF
http://eurovoc.europa.eu/2517,http://eurovoc.europa.eu/580,PARENT_CONCEPT_OF
http://eurovoc.europa.eu/4706,http://eurovoc.europa.eu/4702,PARENT_CONCEPT_OF
http://eurovoc.europa.eu/1700,http://eurovoc.europa.eu/3334,PARENT_CONCEPT_OF
http://eurovoc.europa.eu/2690,http://eurovoc.europa.eu/2823,PARENT_CONCEPT_OF
http://eurovoc.europa.eu/2690,http://eurovoc.europa.eu/5800,PARENT_CONCEPT_OF
http://eurovoc.europa.eu/2858,http://eurovoc.europa.eu/4453,PARENT_CONCEPT_OF
http://eurovoc.europa.eu/2858,http://eurovoc.europa.eu/1767,PARENT_CONCEPT_OF
http://eurovoc.europa.eu/2113,http://eurovoc.europa.eu/1903,PARENT_CONCEPT_OF
http://eurovoc.europa.eu/1115,http://eurovoc.europa.eu/1119,PARENT_CONCEPT_OF
http://eurovoc.europa.eu/1115,http://eurovoc.europa.eu/1117,PARENT_CONCEPT_OF
http://eurovoc.europa.eu/1602,http://eurovoc.europa.eu/1603,PARENT_CONCEPT_OF
http://eurovoc.europa.eu/5360,http://eurovoc.europa.eu/4994,PARENT_CONCEPT_OF
http://eurovoc.europa.eu/5360,http://eurovoc.europa.eu/3732,PARENT_CONCEPT_OF
http://eurovoc.europa.eu/5350,http://eurovoc.europa.eu/2903,PARENT_CONCEPT_OF
http://eurovoc.europa.eu/1412,http://eurovoc.europa.eu/4042,PARENT_CONCEPT_OF
http://eurovoc.europa.eu/2181,http://eurovoc.europa.eu/818,PARENT_CONCEPT_OF
http://eurovoc.europa.eu/2181,http://eurovoc.europa.eu/4535,PARENT_CONCEPT_OF
http://eurovoc.europa.eu/2701,http://eurovoc.europa.eu/5809,PARENT_CONCEPT_OF
http://eurovoc.europa.eu/1538,http://eurovoc.europa.eu/1080,PARENT_CONCEPT_OF
http://eurovoc.europa.eu/5259,http://eurovoc.europa.eu/1291,PARENT_CONCEPT_OF
http://eurovoc.europa.eu/1632,http://eurovoc.europa.eu/1606,PARENT_CONCEPT_OF
http://eurovoc.europa.eu/11,http://eurovoc.europa.eu/621,PARENT_CONCEPT_OF
http://eurovoc.europa.eu/2481,http://eurovoc.europa.eu/5123,PARENT_CONCEPT_OF
http://eurovoc.europa.eu/2707,http://eurovoc.europa.eu/3634,PARENT_CONCEPT_OF
http://eurovoc.europa.eu/1074,http://eurovoc.europa.eu/6345,PARENT_CONCEPT_OF
http://eurovoc.europa.eu/4299,http://eurovoc.europa.eu/4547,PARENT_CONCEPT_OF
http://eurovoc.europa.eu/2468,http://eurovoc.europa.eu/731,PARENT_CONCEPT_OF
http://eurovoc.europa.eu/2448,http://eurovoc.europa.eu/6340,PARENT_CONCEPT_OF
http://eurovoc.europa.eu/3879,http://eurovoc.europa.eu/47644,PARENT_CONCEPT_OF
http://eurovoc.europa.eu/2467,http://eurovoc.europa.eu/5905,PARENT_CONCEPT_OF
http://eurovoc.europa.eu/2467,http://eurovoc.europa.eu/269,PARENT_CONCEPT_OF
http://eurovoc.europa.eu/2467,http://eurovoc.europa.eu/5175,PARENT_CONCEPT_OF
http://eurovoc.europa.eu/2467,http://eurovoc.europa.eu/2397,PARENT_CONCEPT_OF
http://eurovoc.europa.eu/3683,http://eurovoc.europa.eu/2313,PARENT_CONCEPT_OF
http://eurovoc.europa.eu/3683,http://eurovoc.europa.eu/669,PARENT_CONCEPT_OF
http://eurovoc.europa.eu/2187,http://eurovoc.europa.eu/2829,PARENT_CONCEPT_OF
http://eurovoc.europa.eu/2187,http://eurovoc.europa.eu/7186,PARENT_CONCEPT_OF
http://eurovoc.europa.eu/2187,http://eurovoc.europa.eu/6148,PARENT_CONCEPT_OF
http://eurovoc.europa.eu/1360,http://eurovoc.europa.eu/4984,PARENT_CONCEPT_OF
http://eurovoc.europa.eu/1360,http://eurovoc.europa.eu/5031,PARENT_CONCEPT_OF
http://eurovoc.europa.eu/2628,http://eurovoc.europa.eu/3440,PARENT_CONCEPT_OF
http://eurovoc.europa.eu/2647,http://eurovoc.europa.eu/4417,PARENT_CONCEPT_OF
http://eurovoc.europa.eu/2464,http://eurovoc.europa.eu/4822,PARENT_CONCEPT_OF
http://eurovoc.europa.eu/84,http://eurovoc.europa.eu/274,PARENT_CONCEPT_OF
http://eurovoc.europa.eu/3487,http://eurovoc.europa.eu/3486,PARENT_CONCEPT_OF
http://eurovoc.europa.eu/5424,http://eurovoc.europa.eu/351,PARENT_CONCEPT_OF
http://eurovoc.europa.eu/2486,http://eurovoc.europa.eu/182,PARENT_CONCEPT_OF
http://eurovoc.europa.eu/1809,http://eurovoc.europa.eu/904,PARENT_CONCEPT_OF
http://eurovoc.europa.eu/1809,http://eurovoc.europa.eu/1825,PARENT_CONCEPT_OF
http://eurovoc.europa.eu/2476,http://eurovoc.europa.eu/c_8702d5f7,PARENT_CONCEPT_OF
http://eurovoc.europa.eu/1652,http://eurovoc.europa.eu/2308,PARENT_CONCEPT_OF
http://eurovoc.europa.eu/3946,http://eurovoc.europa.eu/4107,PARENT_CONCEPT_OF
http://eurovoc.europa.eu/2364,http://eurovoc.europa.eu/2772,PARENT_CONCEPT_OF
http://eurovoc.europa.eu/2494,http://eurovoc.europa.eu/5212,PARENT_CONCEPT_OF
http://eurovoc.europa.eu/2494,http://eurovoc.europa.eu/555,PARENT_CONCEPT_OF
http://eurovoc.europa.eu/3131,http://eurovoc.europa.eu/2325,PARENT_CONCEPT_OF
http://eurovoc.europa.eu/3101,http://eurovoc.europa.eu/4387,PARENT_CONCEPT_OF
http://eurovoc.europa.eu/1520,http://eurovoc.europa.eu/2570,PARENT_CONCEPT_OF
http://eurovoc.europa.eu/1520,http://eurovoc.europa.eu/4823,PARENT_CONCEPT_OF
http://eurovoc.europa.eu/7855,http://eurovoc.europa.eu/7860,PARENT_CONCEPT_OF
http://eurovoc.europa.eu/7868,http://eurovoc.europa.eu/7871,PARENT_CONCEPT_OF
http://eurovoc.europa.eu/7868,http://eurovoc.europa.eu/7877,PARENT_CONCEPT_OF
http://eurovoc.europa.eu/7868,http://eurovoc.europa.eu/7875,PARENT_CONCEPT_OF
http://eurovoc.europa.eu/6135,http://eurovoc.europa.eu/7881,PARENT_CONCEPT_OF
http://eurovoc.europa.eu/1088,http://eurovoc.europa.eu/2293,PARENT_CONCEPT_OF
http://eurovoc.europa.eu/2288,http://eurovoc.europa.eu/5637,PARENT_CONCEPT_OF
http://eurovoc.europa.eu/8189,http://eurovoc.europa.eu/8495,PARENT_CONCEPT_OF
http://eurovoc.europa.eu/7816,http://eurovoc.europa.eu/7849,PARENT_CONCEPT_OF
http://eurovoc.europa.eu/8301,http://eurovoc.europa.eu/8311,PARENT_CONCEPT_OF
http://eurovoc.europa.eu/1506,http://eurovoc.europa.eu/5947,PARENT_CONCEPT_OF
http://eurovoc.europa.eu/7879,http://eurovoc.europa.eu/7900,PARENT_CONCEPT_OF
http://eurovoc.europa.eu/7879,http://eurovoc.europa.eu/7905,PARENT_CONCEPT_OF
http://eurovoc.europa.eu/7814,http://eurovoc.europa.eu/7976,PARENT_CONCEPT_OF
http://eurovoc.europa.eu/7815,http://eurovoc.europa.eu/7818,PARENT_CONCEPT_OF
http://eurovoc.europa.eu/1184,http://eurovoc.europa.eu/495,PARENT_CONCEPT_OF
http://eurovoc.europa.eu/4750,http://eurovoc.europa.eu/4761,PARENT_CONCEPT_OF
http://eurovoc.europa.eu/4367,http://eurovoc.europa.eu/698,PARENT_CONCEPT_OF
http://eurovoc.europa.eu/2186,http://eurovoc.europa.eu/706,PARENT_CONCEPT_OF
http://eurovoc.europa.eu/3935,http://eurovoc.europa.eu/7350,PARENT_CONCEPT_OF
http://eurovoc.europa.eu/3935,http://eurovoc.europa.eu/6611,PARENT_CONCEPT_OF
http://eurovoc.europa.eu/3151,http://eurovoc.europa.eu/3590,PARENT_CONCEPT_OF
http://eurovoc.europa.eu/3151,http://eurovoc.europa.eu/3187,PARENT_CONCEPT_OF
http://eurovoc.europa.eu/1400,http://eurovoc.europa.eu/3874,PARENT_CONCEPT_OF
http://eurovoc.europa.eu/2524,http://eurovoc.europa.eu/2541,PARENT_CONCEPT_OF
http://eurovoc.europa.eu/4619,http://eurovoc.europa.eu/662,PARENT_CONCEPT_OF
http://eurovoc.europa.eu/4619,http://eurovoc.europa.eu/3376,PARENT_CONCEPT_OF
http://eurovoc.europa.eu/4619,http://eurovoc.europa.eu/5173,PARENT_CONCEPT_OF
http://eurovoc.europa.eu/2179,http://eurovoc.europa.eu/3709,PARENT_CONCEPT_OF
http://eurovoc.europa.eu/1455,http://eurovoc.europa.eu/4616,PARENT_CONCEPT_OF
http://eurovoc.europa.eu/1455,http://eurovoc.europa.eu/2093,PARENT_CONCEPT_OF
http://eurovoc.europa.eu/8380,http://eurovoc.europa.eu/8381,PARENT_CONCEPT_OF
http://eurovoc.europa.eu/2736,http://eurovoc.europa.eu/2733,PARENT_CONCEPT_OF
http://eurovoc.europa.eu/1258,http://eurovoc.europa.eu/2741,PARENT_CONCEPT_OF
http://eurovoc.europa.eu/4413,http://eurovoc.europa.eu/1165,PARENT_CONCEPT_OF
http://eurovoc.europa.eu/4413,http://eurovoc.europa.eu/4360,PARENT_CONCEPT_OF
http://eurovoc.europa.eu/99,http://eurovoc.europa.eu/3495,PARENT_CONCEPT_OF
http://eurovoc.europa.eu/3476,http://eurovoc.europa.eu/8354,PARENT_CONCEPT_OF
http://eurovoc.europa.eu/3476,http://eurovoc.europa.eu/2986,PARENT_CONCEPT_OF
http://eurovoc.europa.eu/2500,http://eurovoc.europa.eu/2053,PARENT_CONCEPT_OF
http://eurovoc.europa.eu/2500,http://eurovoc.europa.eu/2071,PARENT_CONCEPT_OF
http://eurovoc.europa.eu/2497,http://eurovoc.europa.eu/1409,PARENT_CONCEPT_OF
http://eurovoc.europa.eu/2402,http://eurovoc.europa.eu/2406,PARENT_CONCEPT_OF
http://eurovoc.europa.eu/3300,http://eurovoc.europa.eu/2558,PARENT_CONCEPT_OF
http://eurovoc.europa.eu/4370,http://eurovoc.europa.eu/5729,PARENT_CONCEPT_OF
http://eurovoc.europa.eu/1063,http://eurovoc.europa.eu/1066,PARENT_CONCEPT_OF
http://eurovoc.europa.eu/651,http://eurovoc.europa.eu/6331,PARENT_CONCEPT_OF
http://eurovoc.europa.eu/2505,http://eurovoc.europa.eu/c_65467c72,PARENT_CONCEPT_OF
http://eurovoc.europa.eu/1426,http://eurovoc.europa.eu/c_692dd83f,PARENT_CONCEPT_OF
http://eurovoc.europa.eu/4488,http://eurovoc.europa.eu/773,PARENT_CONCEPT_OF
http://eurovoc.europa.eu/3209,http://eurovoc.europa.eu/2266,PARENT_CONCEPT_OF
http://eurovoc.europa.eu/540,http://eurovoc.europa.eu/6536,PARENT_CONCEPT_OF
http://eurovoc.europa.eu/540,http://eurovoc.europa.eu/117,PARENT_CONCEPT_OF
http://eurovoc.europa.eu/914,http://eurovoc.europa.eu/5469,PARENT_CONCEPT_OF
http://eurovoc.europa.eu/2014,http://eurovoc.europa.eu/2409,PARENT_CONCEPT_OF
http://eurovoc.europa.eu/5962,http://eurovoc.europa.eu/2560,PARENT_CONCEPT_OF
http://eurovoc.europa.eu/2519,http://eurovoc.europa.eu/161,PARENT_CONCEPT_OF
http://eurovoc.europa.eu/2519,http://eurovoc.europa.eu/4836,PARENT_CONCEPT_OF
http://eurovoc.europa.eu/5842,http://eurovoc.europa.eu/5843,PARENT_CONCEPT_OF
http://eurovoc.europa.eu/3156,http://eurovoc.europa.eu/502,PARENT_CONCEPT_OF
http://eurovoc.europa.eu/2180,http://eurovoc.europa.eu/149,PARENT_CONCEPT_OF
http://eurovoc.europa.eu/2258,http://eurovoc.europa.eu/2261,PARENT_CONCEPT_OF
http://eurovoc.europa.eu/2258,http://eurovoc.europa.eu/6886,PARENT_CONCEPT_OF
http://eurovoc.europa.eu/1005,http://eurovoc.europa.eu/1460,PARENT_CONCEPT_OF
http://eurovoc.europa.eu/5620,http://eurovoc.europa.eu/5452,PARENT_CONCEPT_OF
http://eurovoc.europa.eu/1488,http://eurovoc.europa.eu/2463,PARENT_CONCEPT_OF
http://eurovoc.europa.eu/1000,http://eurovoc.europa.eu/2466,PARENT_CONCEPT_OF
http://eurovoc.europa.eu/1845,http://eurovoc.europa.eu/2159,PARENT_CONCEPT_OF
http://eurovoc.europa.eu/1410,http://eurovoc.europa.eu/155,PARENT_CONCEPT_OF
http://eurovoc.europa.eu/833,http://eurovoc.europa.eu/4940,PARENT_CONCEPT_OF
http://eurovoc.europa.eu/3146,http://eurovoc.europa.eu/3414,PARENT_CONCEPT_OF
http://eurovoc.europa.eu/3146,http://eurovoc.europa.eu/3154,PARENT_CONCEPT_OF
http://eurovoc.europa.eu/2789,http://eurovoc.europa.eu/5821,PARENT_CONCEPT_OF
http://eurovoc.europa.eu/2789,http://eurovoc.europa.eu/3594,PARENT_CONCEPT_OF
http://eurovoc.europa.eu/1754,http://eurovoc.europa.eu/5104,PARENT_CONCEPT_OF
http://eurovoc.europa.eu/1086,http://eurovoc.europa.eu/1561,PARENT_CONCEPT_OF
http://eurovoc.europa.eu/4314,http://eurovoc.europa.eu/4317,PARENT_CONCEPT_OF
http://eurovoc.europa.eu/4314,http://eurovoc.europa.eu/4319,PARENT_CONCEPT_OF
http://eurovoc.europa.eu/4189,http://eurovoc.europa.eu/4204,PARENT_CONCEPT_OF
http://eurovoc.europa.eu/4189,http://eurovoc.europa.eu/874,PARENT_CONCEPT_OF
http://eurovoc.europa.eu/4189,http://eurovoc.europa.eu/4193,PARENT_CONCEPT_OF
http://eurovoc.europa.eu/2460,http://eurovoc.europa.eu/4055,PARENT_CONCEPT_OF
http://eurovoc.europa.eu/2460,http://eurovoc.europa.eu/c_58d943b0,PARENT_CONCEPT_OF
http://eurovoc.europa.eu/2460,http://eurovoc.europa.eu/969,PARENT_CONCEPT_OF
http://eurovoc.europa.eu/3489,http://eurovoc.europa.eu/216,PARENT_CONCEPT_OF
http://eurovoc.europa.eu/3489,http://eurovoc.europa.eu/2298,PARENT_CONCEPT_OF
http://eurovoc.europa.eu/3809,http://eurovoc.europa.eu/4545,PARENT_CONCEPT_OF
http://eurovoc.europa.eu/3899,http://eurovoc.europa.eu/516,PARENT_CONCEPT_OF
http://eurovoc.europa.eu/3899,http://eurovoc.europa.eu/513,PARENT_CONCEPT_OF
http://eurovoc.europa.eu/3899,http://eurovoc.europa.eu/7411,PARENT_CONCEPT_OF
http://eurovoc.europa.eu/584,http://eurovoc.europa.eu/2833,PARENT_CONCEPT_OF
http://eurovoc.europa.eu/3908,http://eurovoc.europa.eu/454,PARENT_CONCEPT_OF
http://eurovoc.europa.eu/6034,http://eurovoc.europa.eu/2296,PARENT_CONCEPT_OF
http://eurovoc.europa.eu/6034,http://eurovoc.europa.eu/5502,PARENT_CONCEPT_OF
http://eurovoc.europa.eu/77,http://eurovoc.europa.eu/5120,PARENT_CONCEPT_OF
http://eurovoc.europa.eu/77,http://eurovoc.europa.eu/878,PARENT_CONCEPT_OF
http://eurovoc.europa.eu/77,http://eurovoc.europa.eu/c_58f7390b,PARENT_CONCEPT_OF
http://eurovoc.europa.eu/517,http://eurovoc.europa.eu/52595,PARENT_CONCEPT_OF
http://eurovoc.europa.eu/2723,http://eurovoc.europa.eu/6321,PARENT_CONCEPT_OF
http://eurovoc.europa.eu/2734,http://eurovoc.europa.eu/4225,PARENT_CONCEPT_OF
http://eurovoc.europa.eu/2711,http://eurovoc.europa.eu/2989,PARENT_CONCEPT_OF
http://eurovoc.europa.eu/1277,http://eurovoc.europa.eu/1224,PARENT_CONCEPT_OF
http://eurovoc.europa.eu/4486,http://eurovoc.europa.eu/5200,PARENT_CONCEPT_OF
http://eurovoc.europa.eu/1422,http://eurovoc.europa.eu/156,PARENT_CONCEPT_OF
http://eurovoc.europa.eu/2472,http://eurovoc.europa.eu/c_7e60137b,PARENT_CONCEPT_OF
http://eurovoc.europa.eu/3737,http://eurovoc.europa.eu/3741,PARENT_CONCEPT_OF
http://eurovoc.europa.eu/3273,http://eurovoc.europa.eu/3664,PARENT_CONCEPT_OF
http://eurovoc.europa.eu/1163,http://eurovoc.europa.eu/166,PARENT_CONCEPT_OF
http://eurovoc.europa.eu/1163,http://eurovoc.europa.eu/2267,PARENT_CONCEPT_OF
http://eurovoc.europa.eu/2632,http://eurovoc.europa.eu/2633,PARENT_CONCEPT_OF
http://eurovoc.europa.eu/2489,http://eurovoc.europa.eu/4235,PARENT_CONCEPT_OF
http://eurovoc.europa.eu/2656,http://eurovoc.europa.eu/3272,PARENT_CONCEPT_OF
http://eurovoc.europa.eu/2656,http://eurovoc.europa.eu/2664,PARENT_CONCEPT_OF
http://eurovoc.europa.eu/3895,http://eurovoc.europa.eu/3897,PARENT_CONCEPT_OF
http://eurovoc.europa.eu/4363,http://eurovoc.europa.eu/568,PARENT_CONCEPT_OF
http://eurovoc.europa.eu/4363,http://eurovoc.europa.eu/2536,PARENT_CONCEPT_OF
http://eurovoc.europa.eu/4412,http://eurovoc.europa.eu/1521,PARENT_CONCEPT_OF
http://eurovoc.europa.eu/2449,http://eurovoc.europa.eu/2182,PARENT_CONCEPT_OF
http://eurovoc.europa.eu/1282,http://eurovoc.europa.eu/435136,PARENT_CONCEPT_OF
http://eurovoc.europa.eu/2573,http://eurovoc.europa.eu/5114,PARENT_CONCEPT_OF
http://eurovoc.europa.eu/883,http://eurovoc.europa.eu/5625,PARENT_CONCEPT_OF
http://eurovoc.europa.eu/2191,http://eurovoc.europa.eu/5370,PARENT_CONCEPT_OF
http://eurovoc.europa.eu/2191,http://eurovoc.europa.eu/1664,PARENT_CONCEPT_OF
http://eurovoc.europa.eu/4060,http://eurovoc.europa.eu/6222,PARENT_CONCEPT_OF
http://eurovoc.europa.eu/1804,http://eurovoc.europa.eu/c_3e6af2e7,PARENT_CONCEPT_OF
http://eurovoc.europa.eu/1804,http://eurovoc.europa.eu/c_8f89faac,PARENT_CONCEPT_OF
http://eurovoc.europa.eu/3659,http://eurovoc.europa.eu/3319,PARENT_CONCEPT_OF
http://eurovoc.europa.eu/56,http://eurovoc.europa.eu/536,PARENT_CONCEPT_OF
http://eurovoc.europa.eu/56,http://eurovoc.europa.eu/59,PARENT_CONCEPT_OF
http://eurovoc.europa.eu/56,http://eurovoc.europa.eu/2778,PARENT_CONCEPT_OF
http://eurovoc.europa.eu/1882,http://eurovoc.europa.eu/1886,PARENT_CONCEPT_OF
http://eurovoc.europa.eu/1707,http://eurovoc.europa.eu/2626,PARENT_CONCEPT_OF
http://eurovoc.europa.eu/1158,http://eurovoc.europa.eu/c_a4590937,PARENT_CONCEPT_OF
http://eurovoc.europa.eu/2470,http://eurovoc.europa.eu/8550,PARENT_CONCEPT_OF
http://eurovoc.europa.eu/4050,http://eurovoc.europa.eu/2605,PARENT_CONCEPT_OF
http://eurovoc.europa.eu/1004,http://eurovoc.europa.eu/6233,PARENT_CONCEPT_OF
http://eurovoc.europa.eu/c_6e703074,http://eurovoc.europa.eu/1500,PARENT_CONCEPT_OF
http://eurovoc.europa.eu/c_6e703074,http://eurovoc.europa.eu/1842,PARENT_CONCEPT_OF
http://eurovoc.europa.eu/c_6e703074,http://eurovoc.europa.eu/4578,PARENT_CONCEPT_OF
http://eurovoc.europa.eu/2079,http://eurovoc.europa.eu/2089,PARENT_CONCEPT_OF
http://eurovoc.europa.eu/5775,http://eurovoc.europa.eu/5946,PARENT_CONCEPT_OF
http://eurovoc.europa.eu/2200,http://eurovoc.europa.eu/1519,PARENT_CONCEPT_OF
http://eurovoc.europa.eu/122,http://eurovoc.europa.eu/2286,PARENT_CONCEPT_OF
http://eurovoc.europa.eu/122,http://eurovoc.europa.eu/1712,PARENT_CONCEPT_OF
http://eurovoc.europa.eu/122,http://eurovoc.europa.eu/2084,PARENT_CONCEPT_OF
http://eurovoc.europa.eu/122,http://eurovoc.europa.eu/1649,PARENT_CONCEPT_OF
http://eurovoc.europa.eu/1658,http://eurovoc.europa.eu/1532,PARENT_CONCEPT_OF
http://eurovoc.europa.eu/1658,http://eurovoc.europa.eu/4212,PARENT_CONCEPT_OF
http://eurovoc.europa.eu/1658,http://eurovoc.europa.eu/4578,PARENT_CONCEPT_OF
http://eurovoc.europa.eu/2119,http://eurovoc.europa.eu/4816,PARENT_CONCEPT_OF
http://eurovoc.europa.eu/2119,http://eurovoc.europa.eu/2525,PARENT_CONCEPT_OF
http://eurovoc.europa.eu/813,http://eurovoc.europa.eu/816,PARENT_CONCEPT_OF
http://eurovoc.europa.eu/813,http://eurovoc.europa.eu/3005,PARENT_CONCEPT_OF
http://eurovoc.europa.eu/5985,http://eurovoc.europa.eu/5206,PARENT_CONCEPT_OF
http://eurovoc.europa.eu/13,http://eurovoc.europa.eu/3207,PARENT_CONCEPT_OF
http://eurovoc.europa.eu/4179,http://eurovoc.europa.eu/3561,PARENT_CONCEPT_OF
http://eurovoc.europa.eu/2001,http://eurovoc.europa.eu/8428,PARENT_CONCEPT_OF
http://eurovoc.europa.eu/2001,http://eurovoc.europa.eu/22073,PARENT_CONCEPT_OF
http://eurovoc.europa.eu/4704,http://eurovoc.europa.eu/8419,PARENT_CONCEPT_OF
http://eurovoc.europa.eu/2478,http://eurovoc.europa.eu/3586,PARENT_CONCEPT_OF
http://eurovoc.europa.eu/2478,http://eurovoc.europa.eu/2801,PARENT_CONCEPT_OF
http://eurovoc.europa.eu/2478,http://eurovoc.europa.eu/3657,PARENT_CONCEPT_OF
http://eurovoc.europa.eu/2478,http://eurovoc.europa.eu/3656,PARENT_CONCEPT_OF
http://eurovoc.europa.eu/2478,http://eurovoc.europa.eu/5236,PARENT_CONCEPT_OF
http://eurovoc.europa.eu/1326,http://eurovoc.europa.eu/1312,PARENT_CONCEPT_OF
http://eurovoc.europa.eu/1021,http://eurovoc.europa.eu/924,PARENT_CONCEPT_OF
http://eurovoc.europa.eu/1310,http://eurovoc.europa.eu/1319,PARENT_CONCEPT_OF
http://eurovoc.europa.eu/1388,http://eurovoc.europa.eu/1368,PARENT_CONCEPT_OF
http://eurovoc.europa.eu/2814,http://eurovoc.europa.eu/2978,PARENT_CONCEPT_OF
http://eurovoc.europa.eu/4358,http://eurovoc.europa.eu/1525,PARENT_CONCEPT_OF
http://eurovoc.europa.eu/3605,http://eurovoc.europa.eu/2725,PARENT_CONCEPT_OF
http://eurovoc.europa.eu/634,http://eurovoc.europa.eu/1955,PARENT_CONCEPT_OF
http://eurovoc.europa.eu/1894,http://eurovoc.europa.eu/6267,PARENT_CONCEPT_OF
http://eurovoc.europa.eu/2105,http://eurovoc.europa.eu/1024,PARENT_CONCEPT_OF
http://eurovoc.europa.eu/36,http://eurovoc.europa.eu/5812,PARENT_CONCEPT_OF
http://eurovoc.europa.eu/6284,http://eurovoc.europa.eu/8489,PARENT_CONCEPT_OF
http://eurovoc.europa.eu/5606,http://eurovoc.europa.eu/5511,PARENT_CONCEPT_OF
http://eurovoc.europa.eu/5606,http://eurovoc.europa.eu/440265,PARENT_CONCEPT_OF
http://eurovoc.europa.eu/255,http://eurovoc.europa.eu/8462,PARENT_CONCEPT_OF
http://eurovoc.europa.eu/4738,http://eurovoc.europa.eu/4815,PARENT_CONCEPT_OF
http://eurovoc.europa.eu/4738,http://eurovoc.europa.eu/5090,PARENT_CONCEPT_OF
http://eurovoc.europa.eu/4195,http://eurovoc.europa.eu/c_ee45cd99,PARENT_CONCEPT_OF
http://eurovoc.europa.eu/2466,http://eurovoc.europa.eu/3240,PARENT_CONCEPT_OF
http://eurovoc.europa.eu/2466,http://eurovoc.europa.eu/4226,PARENT_CONCEPT_OF
http://eurovoc.europa.eu/1975,http://eurovoc.europa.eu/4731,PARENT_CONCEPT_OF
http://eurovoc.europa.eu/5987,http://eurovoc.europa.eu/5162,PARENT_CONCEPT_OF
http://eurovoc.europa.eu/4101,http://eurovoc.europa.eu/7342,PARENT_CONCEPT_OF
http://eurovoc.europa.eu/2278,http://eurovoc.europa.eu/4103,PARENT_CONCEPT_OF
http://eurovoc.europa.eu/5107,http://eurovoc.europa.eu/2203,PARENT_CONCEPT_OF
http://eurovoc.europa.eu/1903,http://eurovoc.europa.eu/6278,PARENT_CONCEPT_OF
http://eurovoc.europa.eu/1672,http://eurovoc.europa.eu/1674,PARENT_CONCEPT_OF
http://eurovoc.europa.eu/756,http://eurovoc.europa.eu/2256,PARENT_CONCEPT_OF
http://eurovoc.europa.eu/4514,http://eurovoc.europa.eu/3430,PARENT_CONCEPT_OF
http://eurovoc.europa.eu/1543,http://eurovoc.europa.eu/1540,PARENT_CONCEPT_OF
http://eurovoc.europa.eu/1543,http://eurovoc.europa.eu/5139,PARENT_CONCEPT_OF
http://eurovoc.europa.eu/1589,http://eurovoc.europa.eu/3924,PARENT_CONCEPT_OF
http://eurovoc.europa.eu/2891,http://eurovoc.europa.eu/7130,PARENT_CONCEPT_OF
http://eurovoc.europa.eu/492,http://eurovoc.europa.eu/8414,PARENT_CONCEPT_OF
http://eurovoc.europa.eu/492,http://eurovoc.europa.eu/493,PARENT_CONCEPT_OF
http://eurovoc.europa.eu/7219,http://eurovoc.europa.eu/c_ab84e157,PARENT_CONCEPT_OF
http://eurovoc.europa.eu/4921,http://eurovoc.europa.eu/c_f0a7cb51,PARENT_CONCEPT_OF
http://eurovoc.europa.eu/2399,http://eurovoc.europa.eu/6293,PARENT_CONCEPT_OF
http://eurovoc.europa.eu/2868,http://eurovoc.europa.eu/6351,PARENT_CONCEPT_OF
http://eurovoc.europa.eu/144,http://eurovoc.europa.eu/1959,PARENT_CONCEPT_OF
http://eurovoc.europa.eu/2754,http://eurovoc.europa.eu/5346,PARENT_CONCEPT_OF
http://eurovoc.europa.eu/2725,http://eurovoc.europa.eu/2727,PARENT_CONCEPT_OF
http://eurovoc.europa.eu/4726,http://eurovoc.europa.eu/5385,PARENT_CONCEPT_OF
http://eurovoc.europa.eu/1048,http://eurovoc.europa.eu/2348,PARENT_CONCEPT_OF
http://eurovoc.europa.eu/1231,http://eurovoc.europa.eu/3349,PARENT_CONCEPT_OF
http://eurovoc.europa.eu/3334,http://eurovoc.europa.eu/1527,PARENT_CONCEPT_OF
http://eurovoc.europa.eu/4470,http://eurovoc.europa.eu/5099,PARENT_CONCEPT_OF
http://eurovoc.europa.eu/4470,http://eurovoc.europa.eu/3340,PARENT_CONCEPT_OF
http://eurovoc.europa.eu/374,http://eurovoc.europa.eu/375,PARENT_CONCEPT_OF
http://eurovoc.europa.eu/5777,http://eurovoc.europa.eu/1501,PARENT_CONCEPT_OF
http://eurovoc.europa.eu/2546,http://eurovoc.europa.eu/1237,PARENT_CONCEPT_OF
http://eurovoc.europa.eu/1670,http://eurovoc.europa.eu/4888,PARENT_CONCEPT_OF
http://eurovoc.europa.eu/4509,http://eurovoc.europa.eu/158,PARENT_CONCEPT_OF
http://eurovoc.europa.eu/5414,http://eurovoc.europa.eu/5416,PARENT_CONCEPT_OF
http://eurovoc.europa.eu/1180,http://eurovoc.europa.eu/1522,PARENT_CONCEPT_OF
http://eurovoc.europa.eu/2362,http://eurovoc.europa.eu/4570,PARENT_CONCEPT_OF
http://eurovoc.europa.eu/2362,http://eurovoc.europa.eu/496,PARENT_CONCEPT_OF
http://eurovoc.europa.eu/1567,http://eurovoc.europa.eu/6145,PARENT_CONCEPT_OF
http://eurovoc.europa.eu/2771,http://eurovoc.europa.eu/5367,PARENT_CONCEPT_OF
http://eurovoc.europa.eu/482,http://eurovoc.europa.eu/3094,PARENT_CONCEPT_OF
http://eurovoc.europa.eu/5598,http://eurovoc.europa.eu/5559,PARENT_CONCEPT_OF
http://eurovoc.europa.eu/2454,http://eurovoc.europa.eu/6099,PARENT_CONCEPT_OF
http://eurovoc.europa.eu/2915,http://eurovoc.europa.eu/1475,PARENT_CONCEPT_OF
http://eurovoc.europa.eu/2915,http://eurovoc.europa.eu/984,PARENT_CONCEPT_OF
http://eurovoc.europa.eu/121,http://eurovoc.europa.eu/5644,PARENT_CONCEPT_OF
http://eurovoc.europa.eu/1210,http://eurovoc.europa.eu/1215,PARENT_CONCEPT_OF
http://eurovoc.europa.eu/351,http://eurovoc.europa.eu/2057,PARENT_CONCEPT_OF
http://eurovoc.europa.eu/351,http://eurovoc.europa.eu/4465,PARENT_CONCEPT_OF
http://eurovoc.europa.eu/351,http://eurovoc.europa.eu/1217,PARENT_CONCEPT_OF
http://eurovoc.europa.eu/357,http://eurovoc.europa.eu/4217,PARENT_CONCEPT_OF
http://eurovoc.europa.eu/357,http://eurovoc.europa.eu/1841,PARENT_CONCEPT_OF
http://eurovoc.europa.eu/342,http://eurovoc.europa.eu/4351,PARENT_CONCEPT_OF
http://eurovoc.europa.eu/2411,http://eurovoc.europa.eu/1204,PARENT_CONCEPT_OF
http://eurovoc.europa.eu/5255,http://eurovoc.europa.eu/2309,PARENT_CONCEPT_OF
http://eurovoc.europa.eu/5255,http://eurovoc.europa.eu/5256,PARENT_CONCEPT_OF
http://eurovoc.europa.eu/4790,http://eurovoc.europa.eu/4788,PARENT_CONCEPT_OF
http://eurovoc.europa.eu/3706,http://eurovoc.europa.eu/3541,PARENT_CONCEPT_OF
http://eurovoc.europa.eu/4379,http://eurovoc.europa.eu/4378,PARENT_CONCEPT_OF
http://eurovoc.europa.eu/4387,http://eurovoc.europa.eu/4398,PARENT_CONCEPT_OF
http://eurovoc.europa.eu/5631,http://eurovoc.europa.eu/4349,PARENT_CONCEPT_OF
http://eurovoc.europa.eu/574,http://eurovoc.europa.eu/c_b499ede2,PARENT_CONCEPT_OF
http://eurovoc.europa.eu/3943,http://eurovoc.europa.eu/5933,PARENT_CONCEPT_OF
http://eurovoc.europa.eu/724,http://eurovoc.europa.eu/934,PARENT_CONCEPT_OF
http://eurovoc.europa.eu/1913,http://eurovoc.europa.eu/4495,PARENT_CONCEPT_OF
http://eurovoc.europa.eu/c_be8fda35,http://eurovoc.europa.eu/2439,PARENT_CONCEPT_OF
http://eurovoc.europa.eu/8493,http://eurovoc.europa.eu/8511,PARENT_CONCEPT_OF
http://eurovoc.europa.eu/8324,http://eurovoc.europa.eu/8327,PARENT_CONCEPT_OF
http://eurovoc.europa.eu/3061,http://eurovoc.europa.eu/5036,PARENT_CONCEPT_OF
http://eurovoc.europa.eu/946,http://eurovoc.europa.eu/2961,PARENT_CONCEPT_OF
http://eurovoc.europa.eu/2804,http://eurovoc.europa.eu/5376,PARENT_CONCEPT_OF
http://eurovoc.europa.eu/3313,http://eurovoc.europa.eu/2880,PARENT_CONCEPT_OF
http://eurovoc.europa.eu/1979,http://eurovoc.europa.eu/1981,PARENT_CONCEPT_OF
http://eurovoc.europa.eu/4442,http://eurovoc.europa.eu/5712,PARENT_CONCEPT_OF
http://eurovoc.europa.eu/4598,http://eurovoc.europa.eu/547,PARENT_CONCEPT_OF
http://eurovoc.europa.eu/1721,http://eurovoc.europa.eu/2724,PARENT_CONCEPT_OF
http://eurovoc.europa.eu/5788,http://eurovoc.europa.eu/8478,PARENT_CONCEPT_OF
http://eurovoc.europa.eu/862,http://eurovoc.europa.eu/852,PARENT_CONCEPT_OF
http://eurovoc.europa.eu/3460,http://eurovoc.europa.eu/1949,PARENT_CONCEPT_OF
http://eurovoc.europa.eu/3327,http://eurovoc.europa.eu/2333,PARENT_CONCEPT_OF
http://eurovoc.europa.eu/6333,http://eurovoc.europa.eu/5602,PARENT_CONCEPT_OF
http://eurovoc.europa.eu/5862,http://eurovoc.europa.eu/c_433922a6,PARENT_CONCEPT_OF
http://eurovoc.europa.eu/3026,http://eurovoc.europa.eu/1428,PARENT_CONCEPT_OF
http://eurovoc.europa.eu/3026,http://eurovoc.europa.eu/5197,PARENT_CONCEPT_OF
http://eurovoc.europa.eu/4821,http://eurovoc.europa.eu/5358,PARENT_CONCEPT_OF
http://eurovoc.europa.eu/5386,http://eurovoc.europa.eu/6027,PARENT_CONCEPT_OF
http://eurovoc.europa.eu/3753,http://eurovoc.europa.eu/1060,PARENT_CONCEPT_OF
http://eurovoc.europa.eu/3572,http://eurovoc.europa.eu/3573,PARENT_CONCEPT_OF
http://eurovoc.europa.eu/2239,http://eurovoc.europa.eu/759,PARENT_CONCEPT_OF
http://eurovoc.europa.eu/1290,http://eurovoc.europa.eu/451991,PARENT_CONCEPT_OF
http://eurovoc.europa.eu/2050,http://eurovoc.europa.eu/4477,PARENT_CONCEPT_OF
http://eurovoc.europa.eu/3174,http://eurovoc.europa.eu/2322,PARENT_CONCEPT_OF
http://eurovoc.europa.eu/3560,http://eurovoc.europa.eu/5539,PARENT_CONCEPT_OF
http://eurovoc.europa.eu/55,http://eurovoc.europa.eu/5202,PARENT_CONCEPT_OF
http://eurovoc.europa.eu/4786,http://eurovoc.europa.eu/4803,PARENT_CONCEPT_OF
http://eurovoc.europa.eu/2318,http://eurovoc.europa.eu/4230,PARENT_CONCEPT_OF
http://eurovoc.europa.eu/5921,http://eurovoc.europa.eu/5731,PARENT_CONCEPT_OF
http://eurovoc.europa.eu/1852,http://eurovoc.europa.eu/5902,PARENT_CONCEPT_OF
http://eurovoc.europa.eu/451912,http://eurovoc.europa.eu/3787,PARENT_CONCEPT_OF
http://eurovoc.europa.eu/5018,http://eurovoc.europa.eu/4713,PARENT_CONCEPT_OF
http://eurovoc.europa.eu/3003,http://eurovoc.europa.eu/6374,PARENT_CONCEPT_OF
http://eurovoc.europa.eu/3003,http://eurovoc.europa.eu/4843,PARENT_CONCEPT_OF
http://eurovoc.europa.eu/217,http://eurovoc.europa.eu/860,PARENT_CONCEPT_OF
http://eurovoc.europa.eu/1387,http://eurovoc.europa.eu/2430,PARENT_CONCEPT_OF
http://eurovoc.europa.eu/3370,http://eurovoc.europa.eu/7396,PARENT_CONCEPT_OF
http://eurovoc.europa.eu/2834,http://eurovoc.europa.eu/553,PARENT_CONCEPT_OF
http://eurovoc.europa.eu/5,http://eurovoc.europa.eu/3214,PARENT_CONCEPT_OF
http://eurovoc.europa.eu/2410,http://eurovoc.europa.eu/3345,PARENT_CONCEPT_OF
http://eurovoc.europa.eu/1384,http://eurovoc.europa.eu/5888,PARENT_CONCEPT_OF
http://eurovoc.europa.eu/1384,http://eurovoc.europa.eu/5532,PARENT_CONCEPT_OF
http://eurovoc.europa.eu/1384,http://eurovoc.europa.eu/5500,PARENT_CONCEPT_OF
http://eurovoc.europa.eu/4337,http://eurovoc.europa.eu/2237,PARENT_CONCEPT_OF
http://eurovoc.europa.eu/4337,http://eurovoc.europa.eu/2017,PARENT_CONCEPT_OF
http://eurovoc.europa.eu/6222,http://eurovoc.europa.eu/5550,PARENT_CONCEPT_OF
http://eurovoc.europa.eu/5344,http://eurovoc.europa.eu/2931,PARENT_CONCEPT_OF
http://eurovoc.europa.eu/7932,http://eurovoc.europa.eu/c_2e7c1ac5,PARENT_CONCEPT_OF
http://eurovoc.europa.eu/1885,http://eurovoc.europa.eu/3835,PARENT_CONCEPT_OF
http://eurovoc.europa.eu/718,http://eurovoc.europa.eu/3132,PARENT_CONCEPT_OF
http://eurovoc.europa.eu/3144,http://eurovoc.europa.eu/141,PARENT_CONCEPT_OF
http://eurovoc.europa.eu/2605,http://eurovoc.europa.eu/3512,PARENT_CONCEPT_OF
http://eurovoc.europa.eu/1102,http://eurovoc.europa.eu/1111,PARENT_CONCEPT_OF
http://eurovoc.europa.eu/2758,http://eurovoc.europa.eu/2751,PARENT_CONCEPT_OF
http://eurovoc.europa.eu/1562,http://eurovoc.europa.eu/c_f2c7a2f7,PARENT_CONCEPT_OF
http://eurovoc.europa.eu/309,http://eurovoc.europa.eu/471,PARENT_CONCEPT_OF
http://eurovoc.europa.eu/49,http://eurovoc.europa.eu/2269,PARENT_CONCEPT_OF
http://eurovoc.europa.eu/49,http://eurovoc.europa.eu/2332,PARENT_CONCEPT_OF
http://eurovoc.europa.eu/4039,http://eurovoc.europa.eu/1280,PARENT_CONCEPT_OF
http://eurovoc.europa.eu/4585,http://eurovoc.europa.eu/4392,PARENT_CONCEPT_OF
http://eurovoc.europa.eu/5566,http://eurovoc.europa.eu/7351,PARENT_CONCEPT_OF
http://eurovoc.europa.eu/2783,http://eurovoc.europa.eu/3893,PARENT_CONCEPT_OF
http://eurovoc.europa.eu/2110,http://eurovoc.europa.eu/1871,PARENT_CONCEPT_OF
http://eurovoc.europa.eu/2110,http://eurovoc.europa.eu/1776,PARENT_CONCEPT_OF
http://eurovoc.europa.eu/3780,http://eurovoc.europa.eu/1505,PARENT_CONCEPT_OF
http://eurovoc.europa.eu/2024,http://eurovoc.europa.eu/3402,PARENT_CONCEPT_OF
http://eurovoc.europa.eu/1734,http://eurovoc.europa.eu/1196,PARENT_CONCEPT_OF
http://eurovoc.europa.eu/4003,http://eurovoc.europa.eu/39362,PARENT_CONCEPT_OF
http://eurovoc.europa.eu/3885,http://eurovoc.europa.eu/69780,PARENT_CONCEPT_OF
http://eurovoc.europa.eu/2768,http://eurovoc.europa.eu/2769,PARENT_CONCEPT_OF
http://eurovoc.europa.eu/5651,http://eurovoc.europa.eu/c_2c5a05a0,PARENT_CONCEPT_OF
http://eurovoc.europa.eu/4810,http://eurovoc.europa.eu/442765,PARENT_CONCEPT_OF
http://eurovoc.europa.eu/6555,http://eurovoc.europa.eu/6556,PARENT_CONCEPT_OF
http://eurovoc.europa.eu/5560,http://eurovoc.europa.eu/5168,PARENT_CONCEPT_OF
http://eurovoc.europa.eu/5914,http://eurovoc.europa.eu/4306,PARENT_CONCEPT_OF
http://eurovoc.europa.eu/5392,http://eurovoc.europa.eu/5111,PARENT_CONCEPT_OF
http://eurovoc.europa.eu/2032,http://eurovoc.europa.eu/8547,PARENT_CONCEPT_OF
http://eurovoc.europa.eu/2042,http://eurovoc.europa.eu/451885,PARENT_CONCEPT_OF
http://eurovoc.europa.eu/1052,http://eurovoc.europa.eu/452085,PARENT_CONCEPT_OF
http://eurovoc.europa.eu/5572,http://eurovoc.europa.eu/6132,PARENT_CONCEPT_OF
http://eurovoc.europa.eu/5491,http://eurovoc.europa.eu/c_c4c48e5c,PARENT_CONCEPT_OF
http://eurovoc.europa.eu/3860,http://eurovoc.europa.eu/5745,PARENT_CONCEPT_OF
http://eurovoc.europa.eu/5525,http://eurovoc.europa.eu/5523,PARENT_CONCEPT_OF
http://eurovoc.europa.eu/3454,http://eurovoc.europa.eu/3510,PARENT_CONCEPT_OF
http://eurovoc.europa.eu/2609,http://eurovoc.europa.eu/2054,PARENT_CONCEPT_OF
http://eurovoc.europa.eu/4502,http://eurovoc.europa.eu/3011,PARENT_CONCEPT_OF
http://eurovoc.europa.eu/5722,http://eurovoc.europa.eu/8446,PARENT_CONCEPT_OF
http://eurovoc.europa.eu/c_25fe24f4,http://eurovoc.europa.eu/c_ccac12ef,PARENT_CONCEPT_OF
http://eurovoc.europa.eu/c_25fe24f4,http://eurovoc.europa.eu/c_9ffd3927,PARENT_CONCEPT_OF
http://eurovoc.europa.eu/5438,http://eurovoc.europa.eu/8498,PARENT_CONCEPT_OF
http://eurovoc.europa.eu/4256,http://eurovoc.europa.eu/4262,PARENT_CONCEPT_OF
http://eurovoc.europa.eu/2175,http://eurovoc.europa.eu/5266,PARENT_CONCEPT_OF
http://eurovoc.europa.eu/2188,http://eurovoc.europa.eu/c_764bcd4e,PARENT_CONCEPT_OF
http://eurovoc.europa.eu/5258,http://eurovoc.europa.eu/3484,PARENT_CONCEPT_OF
http://eurovoc.europa.eu/4479,http://eurovoc.europa.eu/4481,PARENT_CONCEPT_OF
http://eurovoc.europa.eu/525,http://eurovoc.europa.eu/5534,PARENT_CONCEPT_OF
http://eurovoc.europa.eu/2495,http://eurovoc.europa.eu/1130,PARENT_CONCEPT_OF
http://eurovoc.europa.eu/2495,http://eurovoc.europa.eu/2959,PARENT_CONCEPT_OF
http://eurovoc.europa.eu/1452,http://eurovoc.europa.eu/4738,PARENT_CONCEPT_OF
http://eurovoc.europa.eu/285,http://eurovoc.europa.eu/295,PARENT_CONCEPT_OF
http://eurovoc.europa.eu/285,http://eurovoc.europa.eu/290,PARENT_CONCEPT_OF
http://eurovoc.europa.eu/3092,http://eurovoc.europa.eu/5216,PARENT_CONCEPT_OF
http://eurovoc.europa.eu/2688,http://eurovoc.europa.eu/1680,PARENT_CONCEPT_OF
http://eurovoc.europa.eu/3257,http://eurovoc.europa.eu/3904,PARENT_CONCEPT_OF
http://eurovoc.europa.eu/3257,http://eurovoc.europa.eu/5030,PARENT_CONCEPT_OF
http://eurovoc.europa.eu/3257,http://eurovoc.europa.eu/c_847fc9f2,PARENT_CONCEPT_OF
http://eurovoc.europa.eu/8278,http://eurovoc.europa.eu/5892,PARENT_CONCEPT_OF
http://eurovoc.europa.eu/8366,http://eurovoc.europa.eu/4772,PARENT_CONCEPT_OF
http://eurovoc.europa.eu/8366,http://eurovoc.europa.eu/2229,PARENT_CONCEPT_OF
http://eurovoc.europa.eu/1844,http://eurovoc.europa.eu/1208,PARENT_CONCEPT_OF
http://eurovoc.europa.eu/5083,http://eurovoc.europa.eu/1842,PARENT_CONCEPT_OF
http://eurovoc.europa.eu/5083,http://eurovoc.europa.eu/1557,PARENT_CONCEPT_OF
http://eurovoc.europa.eu/5083,http://eurovoc.europa.eu/4351,PARENT_CONCEPT_OF
http://eurovoc.europa.eu/4607,http://eurovoc.europa.eu/4465,PARENT_CONCEPT_OF
http://eurovoc.europa.eu/2117,http://eurovoc.europa.eu/691,PARENT_CONCEPT_OF
http://eurovoc.europa.eu/1847,http://eurovoc.europa.eu/4966,PARENT_CONCEPT_OF
http://eurovoc.europa.eu/1847,http://eurovoc.europa.eu/1584,PARENT_CONCEPT_OF
http://eurovoc.europa.eu/6205,http://eurovoc.europa.eu/5049,PARENT_CONCEPT_OF
http://eurovoc.europa.eu/6205,http://eurovoc.europa.eu/4164,PARENT_CONCEPT_OF
http://eurovoc.europa.eu/5781,http://eurovoc.europa.eu/5706,PARENT_CONCEPT_OF
http://eurovoc.europa.eu/5781,http://eurovoc.europa.eu/5652,PARENT_CONCEPT_OF
http://eurovoc.europa.eu/5087,http://eurovoc.europa.eu/314,PARENT_CONCEPT_OF
http://eurovoc.europa.eu/5087,http://eurovoc.europa.eu/4620,PARENT_CONCEPT_OF
http://eurovoc.europa.eu/8369,http://eurovoc.europa.eu/1842,PARENT_CONCEPT_OF
http://eurovoc.europa.eu/8369,http://eurovoc.europa.eu/5930,PARENT_CONCEPT_OF
http://eurovoc.europa.eu/8369,http://eurovoc.europa.eu/1613,PARENT_CONCEPT_OF
http://eurovoc.europa.eu/5780,http://eurovoc.europa.eu/1196,PARENT_CONCEPT_OF
http://eurovoc.europa.eu/c_b2c019c8,http://eurovoc.europa.eu/4648,PARENT_CONCEPT_OF
http://eurovoc.europa.eu/2148,http://eurovoc.europa.eu/1560,PARENT_CONCEPT_OF
http://eurovoc.europa.eu/2148,http://eurovoc.europa.eu/2058,PARENT_CONCEPT_OF
http://eurovoc.europa.eu/2106,http://eurovoc.europa.eu/4353,PARENT_CONCEPT_OF
http://eurovoc.europa.eu/2106,http://eurovoc.europa.eu/1255,PARENT_CONCEPT_OF
http://eurovoc.europa.eu/2106,http://eurovoc.europa.eu/247,PARENT_CONCEPT_OF
http://eurovoc.europa.eu/37846,http://eurovoc.europa.eu/1166,PARENT_CONCEPT_OF
http://eurovoc.europa.eu/2737,http://eurovoc.europa.eu/4207,PARENT_CONCEPT_OF
http://eurovoc.europa.eu/2469,http://eurovoc.europa.eu/6751,PARENT_CONCEPT_OF
http://eurovoc.europa.eu/4703,http://eurovoc.europa.eu/6749,PARENT_CONCEPT_OF
http://eurovoc.europa.eu/69,http://eurovoc.europa.eu/3004,PARENT_CONCEPT_OF
http://eurovoc.europa.eu/69,http://eurovoc.europa.eu/110,PARENT_CONCEPT_OF
http://eurovoc.europa.eu/139,http://eurovoc.europa.eu/4208,PARENT_CONCEPT_OF
http://eurovoc.europa.eu/494,http://eurovoc.europa.eu/4295,PARENT_CONCEPT_OF
http://eurovoc.europa.eu/486,http://eurovoc.europa.eu/4137,PARENT_CONCEPT_OF
http://eurovoc.europa.eu/486,http://eurovoc.europa.eu/1681,PARENT_CONCEPT_OF
http://eurovoc.europa.eu/486,http://eurovoc.europa.eu/7368,PARENT_CONCEPT_OF
http://eurovoc.europa.eu/486,http://eurovoc.europa.eu/4905,PARENT_CONCEPT_OF
http://eurovoc.europa.eu/486,http://eurovoc.europa.eu/4144,PARENT_CONCEPT_OF
http://eurovoc.europa.eu/4415,http://eurovoc.europa.eu/7931,PARENT_CONCEPT_OF
http://eurovoc.europa.eu/3641,http://eurovoc.europa.eu/3645,PARENT_CONCEPT_OF
http://eurovoc.europa.eu/4418,http://eurovoc.europa.eu/3801,PARENT_CONCEPT_OF
http://eurovoc.europa.eu/3632,http://eurovoc.europa.eu/4253,PARENT_CONCEPT_OF
http://eurovoc.europa.eu/3689,http://eurovoc.europa.eu/3697,PARENT_CONCEPT_OF
http://eurovoc.europa.eu/1737,http://eurovoc.europa.eu/1740,PARENT_CONCEPT_OF
http://eurovoc.europa.eu/1737,http://eurovoc.europa.eu/1529,PARENT_CONCEPT_OF
http://eurovoc.europa.eu/1737,http://eurovoc.europa.eu/4563,PARENT_CONCEPT_OF
http://eurovoc.europa.eu/1737,http://eurovoc.europa.eu/4557,PARENT_CONCEPT_OF
http://eurovoc.europa.eu/1802,http://eurovoc.europa.eu/5207,PARENT_CONCEPT_OF
http://eurovoc.europa.eu/2698,http://eurovoc.europa.eu/5061,PARENT_CONCEPT_OF
http://eurovoc.europa.eu/2972,http://eurovoc.europa.eu/926,PARENT_CONCEPT_OF
http://eurovoc.europa.eu/778,http://eurovoc.europa.eu/789,PARENT_CONCEPT_OF
http://eurovoc.europa.eu/2167,http://eurovoc.europa.eu/34565,PARENT_CONCEPT_OF
http://eurovoc.europa.eu/2171,http://eurovoc.europa.eu/2146,PARENT_CONCEPT_OF
http://eurovoc.europa.eu/2172,http://eurovoc.europa.eu/5279,PARENT_CONCEPT_OF
http://eurovoc.europa.eu/4416,http://eurovoc.europa.eu/2887,PARENT_CONCEPT_OF
http://eurovoc.europa.eu/6052,http://eurovoc.europa.eu/6039,PARENT_CONCEPT_OF
http://eurovoc.europa.eu/1451,http://eurovoc.europa.eu/256,PARENT_CONCEPT_OF
http://eurovoc.europa.eu/5769,http://eurovoc.europa.eu/2153,PARENT_CONCEPT_OF
http://eurovoc.europa.eu/3058,http://eurovoc.europa.eu/3047,PARENT_CONCEPT_OF
http://eurovoc.europa.eu/4522,http://eurovoc.europa.eu/569,PARENT_CONCEPT_OF
http://eurovoc.europa.eu/2517,http://eurovoc.europa.eu/6552,PARENT_CONCEPT_OF
http://eurovoc.europa.eu/2690,http://eurovoc.europa.eu/1817,PARENT_CONCEPT_OF
http://eurovoc.europa.eu/956,http://eurovoc.europa.eu/235,PARENT_CONCEPT_OF
http://eurovoc.europa.eu/956,http://eurovoc.europa.eu/1968,PARENT_CONCEPT_OF
http://eurovoc.europa.eu/2858,http://eurovoc.europa.eu/4707,PARENT_CONCEPT_OF
http://eurovoc.europa.eu/2414,http://eurovoc.europa.eu/2136,PARENT_CONCEPT_OF
http://eurovoc.europa.eu/2412,http://eurovoc.europa.eu/1714,PARENT_CONCEPT_OF
http://eurovoc.europa.eu/2416,http://eurovoc.europa.eu/1781,PARENT_CONCEPT_OF
http://eurovoc.europa.eu/1602,http://eurovoc.europa.eu/1607,PARENT_CONCEPT_OF
http://eurovoc.europa.eu/2417,http://eurovoc.europa.eu/1556,PARENT_CONCEPT_OF
http://eurovoc.europa.eu/3928,http://eurovoc.europa.eu/2856,PARENT_CONCEPT_OF
http://eurovoc.europa.eu/2181,http://eurovoc.europa.eu/3114,PARENT_CONCEPT_OF
http://eurovoc.europa.eu/5371,http://eurovoc.europa.eu/5836,PARENT_CONCEPT_OF
http://eurovoc.europa.eu/5259,http://eurovoc.europa.eu/2362,PARENT_CONCEPT_OF
http://eurovoc.europa.eu/1615,http://eurovoc.europa.eu/1188,PARENT_CONCEPT_OF
http://eurovoc.europa.eu/1632,http://eurovoc.europa.eu/1624,PARENT_CONCEPT_OF
http://eurovoc.europa.eu/11,http://eurovoc.europa.eu/6081,PARENT_CONCEPT_OF
http://eurovoc.europa.eu/2242,http://eurovoc.europa.eu/2245,PARENT_CONCEPT_OF
http://eurovoc.europa.eu/53,http://eurovoc.europa.eu/18,PARENT_CONCEPT_OF
http://eurovoc.europa.eu/53,http://eurovoc.europa.eu/5068,PARENT_CONCEPT_OF
http://eurovoc.europa.eu/2246,http://eurovoc.europa.eu/1778,PARENT_CONCEPT_OF
http://eurovoc.europa.eu/2481,http://eurovoc.europa.eu/1465,PARENT_CONCEPT_OF
http://eurovoc.europa.eu/3929,http://eurovoc.europa.eu/4503,PARENT_CONCEPT_OF
http://eurovoc.europa.eu/523,http://eurovoc.europa.eu/3497,PARENT_CONCEPT_OF
http://eurovoc.europa.eu/4299,http://eurovoc.europa.eu/3529,PARENT_CONCEPT_OF
http://eurovoc.europa.eu/2468,http://eurovoc.europa.eu/4029,PARENT_CONCEPT_OF
http://eurovoc.europa.eu/2187,http://eurovoc.europa.eu/4588,PARENT_CONCEPT_OF
http://eurovoc.europa.eu/656,http://eurovoc.europa.eu/5967,PARENT_CONCEPT_OF
http://eurovoc.europa.eu/2628,http://eurovoc.europa.eu/5786,PARENT_CONCEPT_OF
http://eurovoc.europa.eu/2464,http://eurovoc.europa.eu/3447,PARENT_CONCEPT_OF
http://eurovoc.europa.eu/1820,http://eurovoc.europa.eu/1353,PARENT_CONCEPT_OF
http://eurovoc.europa.eu/4602,http://eurovoc.europa.eu/5555,PARENT_CONCEPT_OF
http://eurovoc.europa.eu/1372,http://eurovoc.europa.eu/2307,PARENT_CONCEPT_OF
http://eurovoc.europa.eu/1372,http://eurovoc.europa.eu/2310,PARENT_CONCEPT_OF
http://eurovoc.europa.eu/2476,http://eurovoc.europa.eu/2921,PARENT_CONCEPT_OF
http://eurovoc.europa.eu/3949,http://eurovoc.europa.eu/3925,PARENT_CONCEPT_OF
http://eurovoc.europa.eu/3949,http://eurovoc.europa.eu/685,PARENT_CONCEPT_OF
http://eurovoc.europa.eu/3952,http://eurovoc.europa.eu/1892,PARENT_CONCEPT_OF
http://eurovoc.europa.eu/3131,http://eurovoc.europa.eu/3143,PARENT_CONCEPT_OF
http://eurovoc.europa.eu/3160,http://eurovoc.europa.eu/3110,PARENT_CONCEPT_OF
http://eurovoc.europa.eu/3878,http://eurovoc.europa.eu/2631,PARENT_CONCEPT_OF
http://eurovoc.europa.eu/3513,http://eurovoc.europa.eu/4695,PARENT_CONCEPT_OF
http://eurovoc.europa.eu/1520,http://eurovoc.europa.eu/4660,PARENT_CONCEPT_OF
http://eurovoc.europa.eu/1520,http://eurovoc.europa.eu/5098,PARENT_CONCEPT_OF
http://eurovoc.europa.eu/1520,http://eurovoc.europa.eu/725,PARENT_CONCEPT_OF
http://eurovoc.europa.eu/864,http://eurovoc.europa.eu/869,PARENT_CONCEPT_OF
http://eurovoc.europa.eu/7817,http://eurovoc.europa.eu/7838,PARENT_CONCEPT_OF
http://eurovoc.europa.eu/7817,http://eurovoc.europa.eu/7830,PARENT_CONCEPT_OF
http://eurovoc.europa.eu/1088,http://eurovoc.europa.eu/1288,PARENT_CONCEPT_OF
http://eurovoc.europa.eu/8189,http://eurovoc.europa.eu/8491,PARENT_CONCEPT_OF
http://eurovoc.europa.eu/8189,http://eurovoc.europa.eu/8494,PARENT_CONCEPT_OF
http://eurovoc.europa.eu/337,http://eurovoc.europa.eu/1020,PARENT_CONCEPT_OF
http://eurovoc.europa.eu/7816,http://eurovoc.europa.eu/7845,PARENT_CONCEPT_OF
http://eurovoc.europa.eu/7816,http://eurovoc.europa.eu/7848,PARENT_CONCEPT_OF
http://eurovoc.europa.eu/7816,http://eurovoc.europa.eu/7846,PARENT_CONCEPT_OF
http://eurovoc.europa.eu/8301,http://eurovoc.europa.eu/8328,PARENT_CONCEPT_OF
http://eurovoc.europa.eu/6138,http://eurovoc.europa.eu/6237,PARENT_CONCEPT_OF
http://eurovoc.europa.eu/1329,http://eurovoc.europa.eu/5730,PARENT_CONCEPT_OF
http://eurovoc.europa.eu/1329,http://eurovoc.europa.eu/1239,PARENT_CONCEPT_OF
http://eurovoc.europa.eu/1329,http://eurovoc.europa.eu/5932,PARENT_CONCEPT_OF
http://eurovoc.europa.eu/1329,http://eurovoc.europa.eu/4825,PARENT_CONCEPT_OF
http://eurovoc.europa.eu/1329,http://eurovoc.europa.eu/1230,PARENT_CONCEPT_OF
http://eurovoc.europa.eu/2564,http://eurovoc.europa.eu/1187,PARENT_CONCEPT_OF
http://eurovoc.europa.eu/7814,http://eurovoc.europa.eu/7977,PARENT_CONCEPT_OF
http://eurovoc.europa.eu/7814,http://eurovoc.europa.eu/7966,PARENT_CONCEPT_OF
http://eurovoc.europa.eu/c_6acbfd25,http://eurovoc.europa.eu/c_4b33c289,PARENT_CONCEPT_OF
http://eurovoc.europa.eu/7815,http://eurovoc.europa.eu/7825,PARENT_CONCEPT_OF
http://eurovoc.europa.eu/4840,http://eurovoc.europa.eu/5517,PARENT_CONCEPT_OF
http://eurovoc.europa.eu/6136,http://eurovoc.europa.eu/6194,PARENT_CONCEPT_OF
http://eurovoc.europa.eu/1184,http://eurovoc.europa.eu/4244,PARENT_CONCEPT_OF
http://eurovoc.europa.eu/1184,http://eurovoc.europa.eu/1717,PARENT_CONCEPT_OF
http://eurovoc.europa.eu/4157,http://eurovoc.europa.eu/4159,PARENT_CONCEPT_OF
http://eurovoc.europa.eu/695,http://eurovoc.europa.eu/5607,PARENT_CONCEPT_OF
http://eurovoc.europa.eu/1953,http://eurovoc.europa.eu/3981,PARENT_CONCEPT_OF
http://eurovoc.europa.eu/4367,http://eurovoc.europa.eu/6890,PARENT_CONCEPT_OF
http://eurovoc.europa.eu/802,http://eurovoc.europa.eu/3006,PARENT_CONCEPT_OF
http://eurovoc.europa.eu/3581,http://eurovoc.europa.eu/2998,PARENT_CONCEPT_OF
http://eurovoc.europa.eu/3151,http://eurovoc.europa.eu/34,PARENT_CONCEPT_OF
http://eurovoc.europa.eu/2524,http://eurovoc.europa.eu/2526,PARENT_CONCEPT_OF
http://eurovoc.europa.eu/343,http://eurovoc.europa.eu/346,PARENT_CONCEPT_OF
http://eurovoc.europa.eu/2736,http://eurovoc.europa.eu/1250,PARENT_CONCEPT_OF
http://eurovoc.europa.eu/4413,http://eurovoc.europa.eu/5480,PARENT_CONCEPT_OF
http://eurovoc.europa.eu/99,http://eurovoc.europa.eu/c_47ea173d,PARENT_CONCEPT_OF
http://eurovoc.europa.eu/99,http://eurovoc.europa.eu/c_54f7dd1f,PARENT_CONCEPT_OF
http://eurovoc.europa.eu/2497,http://eurovoc.europa.eu/2844,PARENT_CONCEPT_OF
http://eurovoc.europa.eu/1016,http://eurovoc.europa.eu/3449,PARENT_CONCEPT_OF
http://eurovoc.europa.eu/2505,http://eurovoc.europa.eu/2920,PARENT_CONCEPT_OF
http://eurovoc.europa.eu/4488,http://eurovoc.europa.eu/c_19e0c668,PARENT_CONCEPT_OF
http://eurovoc.europa.eu/1405,http://eurovoc.europa.eu/5613,PARENT_CONCEPT_OF
http://eurovoc.europa.eu/2767,http://eurovoc.europa.eu/3757,PARENT_CONCEPT_OF
http://eurovoc.europa.eu/3209,http://eurovoc.europa.eu/5587,PARENT_CONCEPT_OF
http://eurovoc.europa.eu/914,http://eurovoc.europa.eu/5563,PARENT_CONCEPT_OF
http://eurovoc.europa.eu/913,http://eurovoc.europa.eu/1318,PARENT_CONCEPT_OF
http://eurovoc.europa.eu/913,http://eurovoc.europa.eu/1712,PARENT_CONCEPT_OF
http://eurovoc.europa.eu/913,http://eurovoc.europa.eu/1965,PARENT_CONCEPT_OF
http://eurovoc.europa.eu/913,http://eurovoc.europa.eu/1874,PARENT_CONCEPT_OF
http://eurovoc.europa.eu/912,http://eurovoc.europa.eu/2563,PARENT_CONCEPT_OF
http://eurovoc.europa.eu/5962,http://eurovoc.europa.eu/5034,PARENT_CONCEPT_OF
http://eurovoc.europa.eu/2519,http://eurovoc.europa.eu/2957,PARENT_CONCEPT_OF
http://eurovoc.europa.eu/2520,http://eurovoc.europa.eu/4402,PARENT_CONCEPT_OF
http://eurovoc.europa.eu/2258,http://eurovoc.europa.eu/2254,PARENT_CONCEPT_OF
http://eurovoc.europa.eu/2258,http://eurovoc.europa.eu/2255,PARENT_CONCEPT_OF
http://eurovoc.europa.eu/1155,http://eurovoc.europa.eu/4675,PARENT_CONCEPT_OF
http://eurovoc.europa.eu/1155,http://eurovoc.europa.eu/2864,PARENT_CONCEPT_OF
http://eurovoc.europa.eu/1488,http://eurovoc.europa.eu/1492,PARENT_CONCEPT_OF
http://eurovoc.europa.eu/2789,http://eurovoc.europa.eu/5487,PARENT_CONCEPT_OF
http://eurovoc.europa.eu/5881,http://eurovoc.europa.eu/1859,PARENT_CONCEPT_OF
http://eurovoc.europa.eu/3489,http://eurovoc.europa.eu/c_8f1cd55b,PARENT_CONCEPT_OF
http://eurovoc.europa.eu/3489,http://eurovoc.europa.eu/217,PARENT_CONCEPT_OF
http://eurovoc.europa.eu/3489,http://eurovoc.europa.eu/3491,PARENT_CONCEPT_OF
http://eurovoc.europa.eu/3810,http://eurovoc.europa.eu/3817,PARENT_CONCEPT_OF
http://eurovoc.europa.eu/3798,http://eurovoc.europa.eu/2747,PARENT_CONCEPT_OF
http://eurovoc.europa.eu/3809,http://eurovoc.europa.eu/5290,PARENT_CONCEPT_OF
http://eurovoc.europa.eu/3809,http://eurovoc.europa.eu/1229,PARENT_CONCEPT_OF
http://eurovoc.europa.eu/3908,http://eurovoc.europa.eu/c_96af33df,PARENT_CONCEPT_OF
http://eurovoc.europa.eu/6034,http://eurovoc.europa.eu/65,PARENT_CONCEPT_OF
http://eurovoc.europa.eu/2166,http://eurovoc.europa.eu/4272,PARENT_CONCEPT_OF
http://eurovoc.europa.eu/517,http://eurovoc.europa.eu/4011,PARENT_CONCEPT_OF
http://eurovoc.europa.eu/2723,http://eurovoc.europa.eu/2625,PARENT_CONCEPT_OF
http://eurovoc.europa.eu/2723,http://eurovoc.europa.eu/322,PARENT_CONCEPT_OF
http://eurovoc.europa.eu/2723,http://eurovoc.europa.eu/323,PARENT_CONCEPT_OF
http://eurovoc.europa.eu/2723,http://eurovoc.europa.eu/7133,PARENT_CONCEPT_OF
http://eurovoc.europa.eu/2723,http://eurovoc.europa.eu/1763,PARENT_CONCEPT_OF
http://eurovoc.europa.eu/2723,http://eurovoc.europa.eu/1031,PARENT_CONCEPT_OF
http://eurovoc.europa.eu/4486,http://eurovoc.europa.eu/4478,PARENT_CONCEPT_OF
http://eurovoc.europa.eu/1422,http://eurovoc.europa.eu/5422,PARENT_CONCEPT_OF
http://eurovoc.europa.eu/2498,http://eurovoc.europa.eu/308,PARENT_CONCEPT_OF
http://eurovoc.europa.eu/2498,http://eurovoc.europa.eu/2917,PARENT_CONCEPT_OF
http://eurovoc.europa.eu/3737,http://eurovoc.europa.eu/203,PARENT_CONCEPT_OF
http://eurovoc.europa.eu/3273,http://eurovoc.europa.eu/3843,PARENT_CONCEPT_OF
http://eurovoc.europa.eu/2639,http://eurovoc.europa.eu/3270,PARENT_CONCEPT_OF
http://eurovoc.europa.eu/2639,http://eurovoc.europa.eu/2645,PARENT_CONCEPT_OF
http://eurovoc.europa.eu/2632,http://eurovoc.europa.eu/2665,PARENT_CONCEPT_OF
http://eurovoc.europa.eu/2632,http://eurovoc.europa.eu/2679,PARENT_CONCEPT_OF
http://eurovoc.europa.eu/2632,http://eurovoc.europa.eu/2687,PARENT_CONCEPT_OF
http://eurovoc.europa.eu/2489,http://eurovoc.europa.eu/188,PARENT_CONCEPT_OF
http://eurovoc.europa.eu/2489,http://eurovoc.europa.eu/2456,PARENT_CONCEPT_OF
http://eurovoc.europa.eu/2489,http://eurovoc.europa.eu/233,PARENT_CONCEPT_OF
http://eurovoc.europa.eu/2656,http://eurovoc.europa.eu/2648,PARENT_CONCEPT_OF
http://eurovoc.europa.eu/2656,http://eurovoc.europa.eu/2642,PARENT_CONCEPT_OF
http://eurovoc.europa.eu/4630,http://eurovoc.europa.eu/4445,PARENT_CONCEPT_OF
http://eurovoc.europa.eu/4412,http://eurovoc.europa.eu/1483,PARENT_CONCEPT_OF
http://eurovoc.europa.eu/2449,http://eurovoc.europa.eu/2804,PARENT_CONCEPT_OF
http://eurovoc.europa.eu/2449,http://eurovoc.europa.eu/692,PARENT_CONCEPT_OF
http://eurovoc.europa.eu/1810,http://eurovoc.europa.eu/6365,PARENT_CONCEPT_OF
http://eurovoc.europa.eu/1810,http://eurovoc.europa.eu/2218,PARENT_CONCEPT_OF
http://eurovoc.europa.eu/1282,http://eurovoc.europa.eu/3096,PARENT_CONCEPT_OF
http://eurovoc.europa.eu/1282,http://eurovoc.europa.eu/1829,PARENT_CONCEPT_OF
http://eurovoc.europa.eu/3025,http://eurovoc.europa.eu/3020,PARENT_CONCEPT_OF
http://eurovoc.europa.eu/2191,http://eurovoc.europa.eu/3853,PARENT_CONCEPT_OF
http://eurovoc.europa.eu/2191,http://eurovoc.europa.eu/991,PARENT_CONCEPT_OF
http://eurovoc.europa.eu/4060,http://eurovoc.europa.eu/5547,PARENT_CONCEPT_OF
http://eurovoc.europa.eu/26,http://eurovoc.europa.eu/5327,PARENT_CONCEPT_OF
http://eurovoc.europa.eu/4057,http://eurovoc.europa.eu/4063,PARENT_CONCEPT_OF
http://eurovoc.europa.eu/1804,http://eurovoc.europa.eu/c_834b57c4,PARENT_CONCEPT_OF
http://eurovoc.europa.eu/4362,http://eurovoc.europa.eu/4372,PARENT_CONCEPT_OF
http://eurovoc.europa.eu/2470,http://eurovoc.europa.eu/1160,PARENT_CONCEPT_OF
http://eurovoc.europa.eu/2470,http://eurovoc.europa.eu/c_838aa925,PARENT_CONCEPT_OF
http://eurovoc.europa.eu/2825,http://eurovoc.europa.eu/134,PARENT_CONCEPT_OF
http://eurovoc.europa.eu/2825,http://eurovoc.europa.eu/4801,PARENT_CONCEPT_OF
http://eurovoc.europa.eu/4050,http://eurovoc.europa.eu/6564,PARENT_CONCEPT_OF
http://eurovoc.europa.eu/4050,http://eurovoc.europa.eu/250,PARENT_CONCEPT_OF
http://eurovoc.europa.eu/1004,http://eurovoc.europa.eu/c_1c7d7d1e,PARENT_CONCEPT_OF
http://eurovoc.europa.eu/1004,http://eurovoc.europa.eu/c_f5622f5f,PARENT_CONCEPT_OF
http://eurovoc.europa.eu/108,http://eurovoc.europa.eu/105,PARENT_CONCEPT_OF
http://eurovoc.europa.eu/4590,http://eurovoc.europa.eu/4839,PARENT_CONCEPT_OF
http://eurovoc.europa.eu/c_6e703074,http://eurovoc.europa.eu/4354,PARENT_CONCEPT_OF
http://eurovoc.europa.eu/c_6e703074,http://eurovoc.europa.eu/2866,PARENT_CONCEPT_OF
http://eurovoc.europa.eu/c_6e703074,http://eurovoc.europa.eu/2138,PARENT_CONCEPT_OF
http://eurovoc.europa.eu/c_6e703074,http://eurovoc.europa.eu/1196,PARENT_CONCEPT_OF
http://eurovoc.europa.eu/2200,http://eurovoc.europa.eu/1019,PARENT_CONCEPT_OF
http://eurovoc.europa.eu/2200,http://eurovoc.europa.eu/888,PARENT_CONCEPT_OF
http://eurovoc.europa.eu/122,http://eurovoc.europa.eu/4324,PARENT_CONCEPT_OF
http://eurovoc.europa.eu/122,http://eurovoc.europa.eu/5445,PARENT_CONCEPT_OF
http://eurovoc.europa.eu/1658,http://eurovoc.europa.eu/1500,PARENT_CONCEPT_OF
http://eurovoc.europa.eu/1658,http://eurovoc.europa.eu/4775,PARENT_CONCEPT_OF
http://eurovoc.europa.eu/130,http://eurovoc.europa.eu/1509,PARENT_CONCEPT_OF
http://eurovoc.europa.eu/2119,http://eurovoc.europa.eu/4342,PARENT_CONCEPT_OF
http://eurovoc.europa.eu/2119,http://eurovoc.europa.eu/2331,PARENT_CONCEPT_OF
http://eurovoc.europa.eu/2119,http://eurovoc.europa.eu/1253,PARENT_CONCEPT_OF
http://eurovoc.europa.eu/2119,http://eurovoc.europa.eu/3833,PARENT_CONCEPT_OF
http://eurovoc.europa.eu/239,http://eurovoc.europa.eu/1814,PARENT_CONCEPT_OF
http://eurovoc.europa.eu/2189,http://eurovoc.europa.eu/6372,PARENT_CONCEPT_OF
http://eurovoc.europa.eu/3461,http://eurovoc.europa.eu/3463,PARENT_CONCEPT_OF
http://eurovoc.europa.eu/3474,http://eurovoc.europa.eu/3481,PARENT_CONCEPT_OF
http://eurovoc.europa.eu/4303,http://eurovoc.europa.eu/1402,PARENT_CONCEPT_OF
http://eurovoc.europa.eu/4303,http://eurovoc.europa.eu/1408,PARENT_CONCEPT_OF
http://eurovoc.europa.eu/2507,http://eurovoc.europa.eu/3707,PARENT_CONCEPT_OF
http://eurovoc.europa.eu/567,http://eurovoc.europa.eu/4334,PARENT_CONCEPT_OF
http://eurovoc.europa.eu/13,http://eurovoc.europa.eu/4104,PARENT_CONCEPT_OF
http://eurovoc.europa.eu/4179,http://eurovoc.europa.eu/7184,PARENT_CONCEPT_OF
http://eurovoc.europa.eu/4704,http://eurovoc.europa.eu/1749,PARENT_CONCEPT_OF
http://eurovoc.europa.eu/4704,http://eurovoc.europa.eu/99370,PARENT_CONCEPT_OF
http://eurovoc.europa.eu/4704,http://eurovoc.europa.eu/5841,PARENT_CONCEPT_OF
http://eurovoc.europa.eu/1370,http://eurovoc.europa.eu/1385,PARENT_CONCEPT_OF
http://eurovoc.europa.eu/1370,http://eurovoc.europa.eu/5188,PARENT_CONCEPT_OF
http://eurovoc.europa.eu/2914,http://eurovoc.europa.eu/c_0b6b83e1,PARENT_CONCEPT_OF
http://eurovoc.europa.eu/2914,http://eurovoc.europa.eu/1439,PARENT_CONCEPT_OF
http://eurovoc.europa.eu/2914,http://eurovoc.europa.eu/6306,PARENT_CONCEPT_OF
http://eurovoc.europa.eu/2184,http://eurovoc.europa.eu/896,PARENT_CONCEPT_OF
http://eurovoc.europa.eu/1326,http://eurovoc.europa.eu/1323,PARENT_CONCEPT_OF
http://eurovoc.europa.eu/1321,http://eurovoc.europa.eu/1015,PARENT_CONCEPT_OF
http://eurovoc.europa.eu/1325,http://eurovoc.europa.eu/530,PARENT_CONCEPT_OF
http://eurovoc.europa.eu/4358,http://eurovoc.europa.eu/559,PARENT_CONCEPT_OF
http://eurovoc.europa.eu/2551,http://eurovoc.europa.eu/936,PARENT_CONCEPT_OF
http://eurovoc.europa.eu/3605,http://eurovoc.europa.eu/4257,PARENT_CONCEPT_OF
http://eurovoc.europa.eu/3605,http://eurovoc.europa.eu/3682,PARENT_CONCEPT_OF
http://eurovoc.europa.eu/349,http://eurovoc.europa.eu/440579,PARENT_CONCEPT_OF
http://eurovoc.europa.eu/2247,http://eurovoc.europa.eu/5739,PARENT_CONCEPT_OF
http://eurovoc.europa.eu/255,http://eurovoc.europa.eu/5328,PARENT_CONCEPT_OF
http://eurovoc.europa.eu/2466,http://eurovoc.europa.eu/2394,PARENT_CONCEPT_OF
http://eurovoc.europa.eu/2002,http://eurovoc.europa.eu/2386,PARENT_CONCEPT_OF
http://eurovoc.europa.eu/2002,http://eurovoc.europa.eu/3235,PARENT_CONCEPT_OF
http://eurovoc.europa.eu/4646,http://eurovoc.europa.eu/5362,PARENT_CONCEPT_OF
http://eurovoc.europa.eu/2039,http://eurovoc.europa.eu/c_52792cef,PARENT_CONCEPT_OF
http://eurovoc.europa.eu/1355,http://eurovoc.europa.eu/1963,PARENT_CONCEPT_OF
http://eurovoc.europa.eu/2291,http://eurovoc.europa.eu/1308,PARENT_CONCEPT_OF
http://eurovoc.europa.eu/2291,http://eurovoc.europa.eu/5434,PARENT_CONCEPT_OF
http://eurovoc.europa.eu/4681,http://eurovoc.europa.eu/2955,PARENT_CONCEPT_OF
http://eurovoc.europa.eu/2463,http://eurovoc.europa.eu/2798,PARENT_CONCEPT_OF
http://eurovoc.europa.eu/4533,http://eurovoc.europa.eu/5209,PARENT_CONCEPT_OF
http://eurovoc.europa.eu/4533,http://eurovoc.europa.eu/1283,PARENT_CONCEPT_OF
http://eurovoc.europa.eu/4533,http://eurovoc.europa.eu/4520,PARENT_CONCEPT_OF
http://eurovoc.europa.eu/2124,http://eurovoc.europa.eu/1272,PARENT_CONCEPT_OF
http://eurovoc.europa.eu/1543,http://eurovoc.europa.eu/1544,PARENT_CONCEPT_OF
http://eurovoc.europa.eu/42,http://eurovoc.europa.eu/94,PARENT_CONCEPT_OF
http://eurovoc.europa.eu/2836,http://eurovoc.europa.eu/1425,PARENT_CONCEPT_OF
http://eurovoc.europa.eu/4099,http://eurovoc.europa.eu/4131,PARENT_CONCEPT_OF
http://eurovoc.europa.eu/441,http://eurovoc.europa.eu/444,PARENT_CONCEPT_OF
http://eurovoc.europa.eu/453,http://eurovoc.europa.eu/7939,PARENT_CONCEPT_OF
http://eurovoc.europa.eu/3640,http://eurovoc.europa.eu/2693,PARENT_CONCEPT_OF
http://eurovoc.europa.eu/4930,http://eurovoc.europa.eu/82377,PARENT_CONCEPT_OF
http://eurovoc.europa.eu/4921,http://eurovoc.europa.eu/5608,PARENT_CONCEPT_OF
http://eurovoc.europa.eu/1434,http://eurovoc.europa.eu/850,PARENT_CONCEPT_OF
http://eurovoc.europa.eu/1429,http://eurovoc.europa.eu/3740,PARENT_CONCEPT_OF
http://eurovoc.europa.eu/1375,http://eurovoc.europa.eu/3883,PARENT_CONCEPT_OF
http://eurovoc.europa.eu/2754,http://eurovoc.europa.eu/988,PARENT_CONCEPT_OF
http://eurovoc.europa.eu/4074,http://eurovoc.europa.eu/4075,PARENT_CONCEPT_OF
http://eurovoc.europa.eu/783,http://eurovoc.europa.eu/1581,PARENT_CONCEPT_OF
http://eurovoc.europa.eu/132,http://eurovoc.europa.eu/417,PARENT_CONCEPT_OF
http://eurovoc.europa.eu/132,http://eurovoc.europa.eu/4340,PARENT_CONCEPT_OF
http://eurovoc.europa.eu/114,http://eurovoc.europa.eu/5806,PARENT_CONCEPT_OF
http://eurovoc.europa.eu/1048,http://eurovoc.europa.eu/8407,PARENT_CONCEPT_OF
http://eurovoc.europa.eu/2518,http://eurovoc.europa.eu/5673,PARENT_CONCEPT_OF
http://eurovoc.europa.eu/3334,http://eurovoc.europa.eu/c_e2de1ffd,PARENT_CONCEPT_OF
http://eurovoc.europa.eu/4470,http://eurovoc.europa.eu/8471,PARENT_CONCEPT_OF
http://eurovoc.europa.eu/4728,http://eurovoc.europa.eu/6557,PARENT_CONCEPT_OF
http://eurovoc.europa.eu/1270,http://eurovoc.europa.eu/1264,PARENT_CONCEPT_OF
http://eurovoc.europa.eu/1245,http://eurovoc.europa.eu/5661,PARENT_CONCEPT_OF
http://eurovoc.europa.eu/2369,http://eurovoc.europa.eu/1989,PARENT_CONCEPT_OF
http://eurovoc.europa.eu/2903,http://eurovoc.europa.eu/4341,PARENT_CONCEPT_OF
http://eurovoc.europa.eu/4422,http://eurovoc.europa.eu/1023,PARENT_CONCEPT_OF
http://eurovoc.europa.eu/3731,http://eurovoc.europa.eu/6703,PARENT_CONCEPT_OF
http://eurovoc.europa.eu/4651,http://eurovoc.europa.eu/4652,PARENT_CONCEPT_OF
http://eurovoc.europa.eu/4651,http://eurovoc.europa.eu/848,PARENT_CONCEPT_OF
http://eurovoc.europa.eu/4541,http://eurovoc.europa.eu/3089,PARENT_CONCEPT_OF
http://eurovoc.europa.eu/2704,http://eurovoc.europa.eu/3971,PARENT_CONCEPT_OF
http://eurovoc.europa.eu/5836,http://eurovoc.europa.eu/3978,PARENT_CONCEPT_OF
http://eurovoc.europa.eu/1624,http://eurovoc.europa.eu/5965,PARENT_CONCEPT_OF
http://eurovoc.europa.eu/1624,http://eurovoc.europa.eu/4621,PARENT_CONCEPT_OF
http://eurovoc.europa.eu/1567,http://eurovoc.europa.eu/1136,PARENT_CONCEPT_OF
http://eurovoc.europa.eu/1567,http://eurovoc.europa.eu/6115,PARENT_CONCEPT_OF
http://eurovoc.europa.eu/5068,http://eurovoc.europa.eu/5117,PARENT_CONCEPT_OF
http://eurovoc.europa.eu/5549,http://eurovoc.europa.eu/5558,PARENT_CONCEPT_OF
http://eurovoc.europa.eu/5123,http://eurovoc.europa.eu/3628,PARENT_CONCEPT_OF
http://eurovoc.europa.eu/2713,http://eurovoc.europa.eu/4281,PARENT_CONCEPT_OF
http://eurovoc.europa.eu/186,http://eurovoc.europa.eu/c_fd56c432,PARENT_CONCEPT_OF
http://eurovoc.europa.eu/4274,http://eurovoc.europa.eu/2337,PARENT_CONCEPT_OF
http://eurovoc.europa.eu/164,http://eurovoc.europa.eu/437483,PARENT_CONCEPT_OF
http://eurovoc.europa.eu/164,http://eurovoc.europa.eu/1281,PARENT_CONCEPT_OF
http://eurovoc.europa.eu/164,http://eurovoc.europa.eu/1129,PARENT_CONCEPT_OF
http://eurovoc.europa.eu/5940,http://eurovoc.europa.eu/5941,PARENT_CONCEPT_OF
http://eurovoc.europa.eu/5940,http://eurovoc.europa.eu/6718,PARENT_CONCEPT_OF
http://eurovoc.europa.eu/7810,http://eurovoc.europa.eu/7811,PARENT_CONCEPT_OF
http://eurovoc.europa.eu/1210,http://eurovoc.europa.eu/6376,PARENT_CONCEPT_OF
http://eurovoc.europa.eu/1944,http://eurovoc.europa.eu/3427,PARENT_CONCEPT_OF
http://eurovoc.europa.eu/6002,http://eurovoc.europa.eu/5997,PARENT_CONCEPT_OF
http://eurovoc.europa.eu/351,http://eurovoc.europa.eu/1166,PARENT_CONCEPT_OF
http://eurovoc.europa.eu/351,http://eurovoc.europa.eu/1216,PARENT_CONCEPT_OF
http://eurovoc.europa.eu/302,http://eurovoc.europa.eu/5095,PARENT_CONCEPT_OF
http://eurovoc.europa.eu/357,http://eurovoc.europa.eu/451486,PARENT_CONCEPT_OF
http://eurovoc.europa.eu/357,http://eurovoc.europa.eu/4780,PARENT_CONCEPT_OF
http://eurovoc.europa.eu/357,http://eurovoc.europa.eu/1729,PARENT_CONCEPT_OF
http://eurovoc.europa.eu/342,http://eurovoc.europa.eu/2027,PARENT_CONCEPT_OF
http://eurovoc.europa.eu/4390,http://eurovoc.europa.eu/4393,PARENT_CONCEPT_OF
http://eurovoc.europa.eu/2435,http://eurovoc.europa.eu/2436,PARENT_CONCEPT_OF
http://eurovoc.europa.eu/2455,http://eurovoc.europa.eu/915,PARENT_CONCEPT_OF
http://eurovoc.europa.eu/3992,http://eurovoc.europa.eu/605,PARENT_CONCEPT_OF
http://eurovoc.europa.eu/5966,http://eurovoc.europa.eu/4889,PARENT_CONCEPT_OF
http://eurovoc.europa.eu/5238,http://eurovoc.europa.eu/c_99918a35,PARENT_CONCEPT_OF
http://eurovoc.europa.eu/4379,http://eurovoc.europa.eu/4382,PARENT_CONCEPT_OF
http://eurovoc.europa.eu/3944,http://eurovoc.europa.eu/2,PARENT_CONCEPT_OF
http://eurovoc.europa.eu/4695,http://eurovoc.europa.eu/6727,PARENT_CONCEPT_OF
http://eurovoc.europa.eu/c_be8fda35,http://eurovoc.europa.eu/1666,PARENT_CONCEPT_OF
http://eurovoc.europa.eu/c_8331ae25,http://eurovoc.europa.eu/1235,PARENT_CONCEPT_OF
http://eurovoc.europa.eu/c_c44f1704,http://eurovoc.europa.eu/1430,PARENT_CONCEPT_OF
http://eurovoc.europa.eu/8497,http://eurovoc.europa.eu/8537,PARENT_CONCEPT_OF
http://eurovoc.europa.eu/8497,http://eurovoc.europa.eu/8535,PARENT_CONCEPT_OF
http://eurovoc.europa.eu/8304,http://eurovoc.europa.eu/8305,PARENT_CONCEPT_OF
http://eurovoc.europa.eu/8328,http://eurovoc.europa.eu/8331,PARENT_CONCEPT_OF
http://eurovoc.europa.eu/6238,http://eurovoc.europa.eu/8006,PARENT_CONCEPT_OF
http://eurovoc.europa.eu/6246,http://eurovoc.europa.eu/8000,PARENT_CONCEPT_OF
http://eurovoc.europa.eu/6241,http://eurovoc.europa.eu/7988,PARENT_CONCEPT_OF
http://eurovoc.europa.eu/c_46e54685,http://eurovoc.europa.eu/c_7a080afd,PARENT_CONCEPT_OF
http://eurovoc.europa.eu/c_d4ca9a6c,http://eurovoc.europa.eu/c_82778b62,PARENT_CONCEPT_OF
http://eurovoc.europa.eu/c_d4ca9a6c,http://eurovoc.europa.eu/c_412ed48a,PARENT_CONCEPT_OF
http://eurovoc.europa.eu/c_d4ca9a6c,http://eurovoc.europa.eu/c_23635024,PARENT_CONCEPT_OF
http://eurovoc.europa.eu/3061,http://eurovoc.europa.eu/2061,PARENT_CONCEPT_OF
http://eurovoc.europa.eu/3084,http://eurovoc.europa.eu/2028,PARENT_CONCEPT_OF
http://eurovoc.europa.eu/1717,http://eurovoc.europa.eu/7891,PARENT_CONCEPT_OF
http://eurovoc.europa.eu/4186,http://eurovoc.europa.eu/4389,PARENT_CONCEPT_OF
http://eurovoc.europa.eu/698,http://eurovoc.europa.eu/705,PARENT_CONCEPT_OF
http://eurovoc.europa.eu/5097,http://eurovoc.europa.eu/1359,PARENT_CONCEPT_OF
http://eurovoc.europa.eu/6023,http://eurovoc.europa.eu/5497,PARENT_CONCEPT_OF
http://eurovoc.europa.eu/2611,http://eurovoc.europa.eu/5593,PARENT_CONCEPT_OF
http://eurovoc.europa.eu/413,http://eurovoc.europa.eu/1440,PARENT_CONCEPT_OF
http://eurovoc.europa.eu/3377,http://eurovoc.europa.eu/c_95f58142,PARENT_CONCEPT_OF
http://eurovoc.europa.eu/556,http://eurovoc.europa.eu/1703,PARENT_CONCEPT_OF
http://eurovoc.europa.eu/8384,http://eurovoc.europa.eu/17,PARENT_CONCEPT_OF
http://eurovoc.europa.eu/4812,http://eurovoc.europa.eu/8375,PARENT_CONCEPT_OF
http://eurovoc.europa.eu/1463,http://eurovoc.europa.eu/6705,PARENT_CONCEPT_OF
http://eurovoc.europa.eu/1773,http://eurovoc.europa.eu/2554,PARENT_CONCEPT_OF
http://eurovoc.europa.eu/5862,http://eurovoc.europa.eu/5863,PARENT_CONCEPT_OF
http://eurovoc.europa.eu/1696,http://eurovoc.europa.eu/5199,PARENT_CONCEPT_OF
http://eurovoc.europa.eu/1046,http://eurovoc.europa.eu/4271,PARENT_CONCEPT_OF
http://eurovoc.europa.eu/3168,http://eurovoc.europa.eu/4504,PARENT_CONCEPT_OF
http://eurovoc.europa.eu/2239,http://eurovoc.europa.eu/761,PARENT_CONCEPT_OF
http://eurovoc.europa.eu/2069,http://eurovoc.europa.eu/3183,PARENT_CONCEPT_OF
http://eurovoc.europa.eu/2155,http://eurovoc.europa.eu/5074,PARENT_CONCEPT_OF
http://eurovoc.europa.eu/5138,http://eurovoc.europa.eu/4056,PARENT_CONCEPT_OF
http://eurovoc.europa.eu/5138,http://eurovoc.europa.eu/5668,PARENT_CONCEPT_OF
http://eurovoc.europa.eu/3967,http://eurovoc.europa.eu/2215,PARENT_CONCEPT_OF
http://eurovoc.europa.eu/4940,http://eurovoc.europa.eu/5463,PARENT_CONCEPT_OF
http://eurovoc.europa.eu/6384,http://eurovoc.europa.eu/6385,PARENT_CONCEPT_OF
http://eurovoc.europa.eu/2107,http://eurovoc.europa.eu/2109,PARENT_CONCEPT_OF
http://eurovoc.europa.eu/1870,http://eurovoc.europa.eu/5736,PARENT_CONCEPT_OF
http://eurovoc.europa.eu/3813,http://eurovoc.europa.eu/2773,PARENT_CONCEPT_OF
http://eurovoc.europa.eu/1594,http://eurovoc.europa.eu/5752,PARENT_CONCEPT_OF
http://eurovoc.europa.eu/c_31da5694,http://eurovoc.europa.eu/6929,PARENT_CONCEPT_OF
http://eurovoc.europa.eu/5764,http://eurovoc.europa.eu/5938,PARENT_CONCEPT_OF
http://eurovoc.europa.eu/5764,http://eurovoc.europa.eu/6565,PARENT_CONCEPT_OF
http://eurovoc.europa.eu/5921,http://eurovoc.europa.eu/3372,PARENT_CONCEPT_OF
http://eurovoc.europa.eu/5921,http://eurovoc.europa.eu/3375,PARENT_CONCEPT_OF
http://eurovoc.europa.eu/1759,http://eurovoc.europa.eu/5721,PARENT_CONCEPT_OF
http://eurovoc.europa.eu/1759,http://eurovoc.europa.eu/c_ece0a719,PARENT_CONCEPT_OF
http://eurovoc.europa.eu/4204,http://eurovoc.europa.eu/1051,PARENT_CONCEPT_OF
http://eurovoc.europa.eu/3003,http://eurovoc.europa.eu/3295,PARENT_CONCEPT_OF
http://eurovoc.europa.eu/4889,http://eurovoc.europa.eu/6111,PARENT_CONCEPT_OF
http://eurovoc.europa.eu/1755,http://eurovoc.europa.eu/2988,PARENT_CONCEPT_OF
http://eurovoc.europa.eu/5196,http://eurovoc.europa.eu/437539,PARENT_CONCEPT_OF
http://eurovoc.europa.eu/642,http://eurovoc.europa.eu/2945,PARENT_CONCEPT_OF
http://eurovoc.europa.eu/2943,http://eurovoc.europa.eu/6355,PARENT_CONCEPT_OF
http://eurovoc.europa.eu/1384,http://eurovoc.europa.eu/5927,PARENT_CONCEPT_OF
http://eurovoc.europa.eu/5623,http://eurovoc.europa.eu/1579,PARENT_CONCEPT_OF
http://eurovoc.europa.eu/5621,http://eurovoc.europa.eu/5624,PARENT_CONCEPT_OF
http://eurovoc.europa.eu/1464,http://eurovoc.europa.eu/2008,PARENT_CONCEPT_OF
http://eurovoc.europa.eu/5763,http://eurovoc.europa.eu/116,PARENT_CONCEPT_OF
http://eurovoc.europa.eu/3319,http://eurovoc.europa.eu/2281,PARENT_CONCEPT_OF
http://eurovoc.europa.eu/3319,http://eurovoc.europa.eu/3310,PARENT_CONCEPT_OF
http://eurovoc.europa.eu/3824,http://eurovoc.europa.eu/5065,PARENT_CONCEPT_OF
http://eurovoc.europa.eu/3133,http://eurovoc.europa.eu/5912,PARENT_CONCEPT_OF
http://eurovoc.europa.eu/597,http://eurovoc.europa.eu/602,PARENT_CONCEPT_OF
http://eurovoc.europa.eu/597,http://eurovoc.europa.eu/c_25e0bb6d,PARENT_CONCEPT_OF
http://eurovoc.europa.eu/597,http://eurovoc.europa.eu/610,PARENT_CONCEPT_OF
http://eurovoc.europa.eu/2605,http://eurovoc.europa.eu/3249,PARENT_CONCEPT_OF
http://eurovoc.europa.eu/2605,http://eurovoc.europa.eu/2604,PARENT_CONCEPT_OF
http://eurovoc.europa.eu/3650,http://eurovoc.europa.eu/5525,PARENT_CONCEPT_OF
http://eurovoc.europa.eu/3206,http://eurovoc.europa.eu/3367,PARENT_CONCEPT_OF
http://eurovoc.europa.eu/2758,http://eurovoc.europa.eu/5819,PARENT_CONCEPT_OF
http://eurovoc.europa.eu/2162,http://eurovoc.europa.eu/526,PARENT_CONCEPT_OF
http://eurovoc.europa.eu/175,http://eurovoc.europa.eu/6770,PARENT_CONCEPT_OF
http://eurovoc.europa.eu/6088,http://eurovoc.europa.eu/6771,PARENT_CONCEPT_OF
http://eurovoc.europa.eu/6088,http://eurovoc.europa.eu/c_b1ac7db6,PARENT_CONCEPT_OF
http://eurovoc.europa.eu/2013,http://eurovoc.europa.eu/2599,PARENT_CONCEPT_OF
http://eurovoc.europa.eu/592,http://eurovoc.europa.eu/593,PARENT_CONCEPT_OF
http://eurovoc.europa.eu/365,http://eurovoc.europa.eu/5647,PARENT_CONCEPT_OF
http://eurovoc.europa.eu/897,http://eurovoc.europa.eu/898,PARENT_CONCEPT_OF
http://eurovoc.europa.eu/5739,http://eurovoc.europa.eu/c_ccc9fea1,PARENT_CONCEPT_OF
http://eurovoc.europa.eu/5953,http://eurovoc.europa.eu/5814,PARENT_CONCEPT_OF
http://eurovoc.europa.eu/2236,http://eurovoc.europa.eu/2617,PARENT_CONCEPT_OF
http://eurovoc.europa.eu/5262,http://eurovoc.europa.eu/3771,PARENT_CONCEPT_OF
http://eurovoc.europa.eu/197,http://eurovoc.europa.eu/4247,PARENT_CONCEPT_OF
http://eurovoc.europa.eu/4682,http://eurovoc.europa.eu/4686,PARENT_CONCEPT_OF
http://eurovoc.europa.eu/3438,http://eurovoc.europa.eu/4345,PARENT_CONCEPT_OF
http://eurovoc.europa.eu/2599,http://eurovoc.europa.eu/5179,PARENT_CONCEPT_OF
http://eurovoc.europa.eu/1821,http://eurovoc.europa.eu/3666,PARENT_CONCEPT_OF
http://eurovoc.europa.eu/1879,http://eurovoc.europa.eu/5220,PARENT_CONCEPT_OF
http://eurovoc.europa.eu/1099,http://eurovoc.europa.eu/2641,PARENT_CONCEPT_OF
http://eurovoc.europa.eu/848,http://eurovoc.europa.eu/469,PARENT_CONCEPT_OF
http://eurovoc.europa.eu/5392,http://eurovoc.europa.eu/5388,PARENT_CONCEPT_OF
http://eurovoc.europa.eu/4871,http://eurovoc.europa.eu/5378,PARENT_CONCEPT_OF
http://eurovoc.europa.eu/1052,http://eurovoc.europa.eu/5138,PARENT_CONCEPT_OF
http://eurovoc.europa.eu/3455,http://eurovoc.europa.eu/3509,PARENT_CONCEPT_OF
http://eurovoc.europa.eu/6613,http://eurovoc.europa.eu/c_6926daf8,PARENT_CONCEPT_OF
http://eurovoc.europa.eu/1383,http://eurovoc.europa.eu/1837,PARENT_CONCEPT_OF
http://eurovoc.europa.eu/2109,http://eurovoc.europa.eu/c_1c2d26cf,PARENT_CONCEPT_OF
http://eurovoc.europa.eu/2440,http://eurovoc.europa.eu/7223,PARENT_CONCEPT_OF
http://eurovoc.europa.eu/4435,http://eurovoc.europa.eu/3547,PARENT_CONCEPT_OF
http://eurovoc.europa.eu/3022,http://eurovoc.europa.eu/4699,PARENT_CONCEPT_OF
http://eurovoc.europa.eu/5438,http://eurovoc.europa.eu/3397,PARENT_CONCEPT_OF
http://eurovoc.europa.eu/1800,http://eurovoc.europa.eu/634,PARENT_CONCEPT_OF
http://eurovoc.europa.eu/4705,http://eurovoc.europa.eu/4534,PARENT_CONCEPT_OF
http://eurovoc.europa.eu/2175,http://eurovoc.europa.eu/4357,PARENT_CONCEPT_OF
http://eurovoc.europa.eu/2175,http://eurovoc.europa.eu/684,PARENT_CONCEPT_OF
http://eurovoc.europa.eu/2188,http://eurovoc.europa.eu/5991,PARENT_CONCEPT_OF
http://eurovoc.europa.eu/2188,http://eurovoc.europa.eu/3675,PARENT_CONCEPT_OF
http://eurovoc.europa.eu/2188,http://eurovoc.europa.eu/6129,PARENT_CONCEPT_OF
http://eurovoc.europa.eu/5258,http://eurovoc.europa.eu/440549,PARENT_CONCEPT_OF
http://eurovoc.europa.eu/4479,http://eurovoc.europa.eu/6726,PARENT_CONCEPT_OF
http://eurovoc.europa.eu/4479,http://eurovoc.europa.eu/4032,PARENT_CONCEPT_OF
http://eurovoc.europa.eu/2149,http://eurovoc.europa.eu/521,PARENT_CONCEPT_OF
http://eurovoc.europa.eu/285,http://eurovoc.europa.eu/8432,PARENT_CONCEPT_OF
http://eurovoc.europa.eu/285,http://eurovoc.europa.eu/2606,PARENT_CONCEPT_OF
http://eurovoc.europa.eu/285,http://eurovoc.europa.eu/286,PARENT_CONCEPT_OF
http://eurovoc.europa.eu/637,http://eurovoc.europa.eu/3082,PARENT_CONCEPT_OF
http://eurovoc.europa.eu/637,http://eurovoc.europa.eu/658,PARENT_CONCEPT_OF
http://eurovoc.europa.eu/3257,http://eurovoc.europa.eu/c_57946f1a,PARENT_CONCEPT_OF
http://eurovoc.europa.eu/2459,http://eurovoc.europa.eu/5322,PARENT_CONCEPT_OF
http://eurovoc.europa.eu/5283,http://eurovoc.europa.eu/2286,PARENT_CONCEPT_OF
http://eurovoc.europa.eu/5283,http://eurovoc.europa.eu/2563,PARENT_CONCEPT_OF
http://eurovoc.europa.eu/5283,http://eurovoc.europa.eu/1504,PARENT_CONCEPT_OF
http://eurovoc.europa.eu/4587,http://eurovoc.europa.eu/5095,PARENT_CONCEPT_OF
http://eurovoc.europa.eu/7207,http://eurovoc.europa.eu/888,PARENT_CONCEPT_OF
http://eurovoc.europa.eu/4069,http://eurovoc.europa.eu/1219,PARENT_CONCEPT_OF
http://eurovoc.europa.eu/8366,http://eurovoc.europa.eu/2088,PARENT_CONCEPT_OF
http://eurovoc.europa.eu/8366,http://eurovoc.europa.eu/993,PARENT_CONCEPT_OF
http://eurovoc.europa.eu/1844,http://eurovoc.europa.eu/247,PARENT_CONCEPT_OF
http://eurovoc.europa.eu/c_2b2e17b1,http://eurovoc.europa.eu/5713,PARENT_CONCEPT_OF
http://eurovoc.europa.eu/5083,http://eurovoc.europa.eu/314,PARENT_CONCEPT_OF
http://eurovoc.europa.eu/5083,http://eurovoc.europa.eu/4567,PARENT_CONCEPT_OF
http://eurovoc.europa.eu/5083,http://eurovoc.europa.eu/2057,PARENT_CONCEPT_OF
http://eurovoc.europa.eu/5083,http://eurovoc.europa.eu/249,PARENT_CONCEPT_OF
http://eurovoc.europa.eu/5083,http://eurovoc.europa.eu/1876,PARENT_CONCEPT_OF
http://eurovoc.europa.eu/5083,http://eurovoc.europa.eu/5029,PARENT_CONCEPT_OF
http://eurovoc.europa.eu/4607,http://eurovoc.europa.eu/1769,PARENT_CONCEPT_OF
http://eurovoc.europa.eu/8365,http://eurovoc.europa.eu/4212,PARENT_CONCEPT_OF
http://eurovoc.europa.eu/5781,http://eurovoc.europa.eu/5859,PARENT_CONCEPT_OF
http://eurovoc.europa.eu/5781,http://eurovoc.europa.eu/5563,PARENT_CONCEPT_OF
http://eurovoc.europa.eu/5780,http://eurovoc.europa.eu/4578,PARENT_CONCEPT_OF
http://eurovoc.europa.eu/c_b2c019c8,http://eurovoc.europa.eu/4572,PARENT_CONCEPT_OF
http://eurovoc.europa.eu/c_b2c019c8,http://eurovoc.europa.eu/5108,PARENT_CONCEPT_OF
http://eurovoc.europa.eu/c_b2c019c8,http://eurovoc.europa.eu/1649,PARENT_CONCEPT_OF
http://eurovoc.europa.eu/2106,http://eurovoc.europa.eu/1712,PARENT_CONCEPT_OF
http://eurovoc.europa.eu/1105,http://eurovoc.europa.eu/2525,PARENT_CONCEPT_OF
http://eurovoc.europa.eu/37846,http://eurovoc.europa.eu/1196,PARENT_CONCEPT_OF
http://eurovoc.europa.eu/4300,http://eurovoc.europa.eu/447,PARENT_CONCEPT_OF
http://eurovoc.europa.eu/4300,http://eurovoc.europa.eu/871,PARENT_CONCEPT_OF
http://eurovoc.europa.eu/4703,http://eurovoc.europa.eu/1672,PARENT_CONCEPT_OF
http://eurovoc.europa.eu/69,http://eurovoc.europa.eu/2129,PARENT_CONCEPT_OF
http://eurovoc.europa.eu/69,http://eurovoc.europa.eu/1122,PARENT_CONCEPT_OF
http://eurovoc.europa.eu/744,http://eurovoc.europa.eu/754,PARENT_CONCEPT_OF
http://eurovoc.europa.eu/744,http://eurovoc.europa.eu/4892,PARENT_CONCEPT_OF
http://eurovoc.europa.eu/5923,http://eurovoc.europa.eu/42,PARENT_CONCEPT_OF
http://eurovoc.europa.eu/139,http://eurovoc.europa.eu/1135,PARENT_CONCEPT_OF
http://eurovoc.europa.eu/486,http://eurovoc.europa.eu/5665,PARENT_CONCEPT_OF
http://eurovoc.europa.eu/486,http://eurovoc.europa.eu/7364,PARENT_CONCEPT_OF
http://eurovoc.europa.eu/486,http://eurovoc.europa.eu/492,PARENT_CONCEPT_OF
http://eurovoc.europa.eu/4418,http://eurovoc.europa.eu/3803,PARENT_CONCEPT_OF
http://eurovoc.europa.eu/3689,http://eurovoc.europa.eu/3691,PARENT_CONCEPT_OF
http://eurovoc.europa.eu/1737,http://eurovoc.europa.eu/4562,PARENT_CONCEPT_OF
http://eurovoc.europa.eu/1802,http://eurovoc.europa.eu/3325,PARENT_CONCEPT_OF
http://eurovoc.europa.eu/1012,http://eurovoc.europa.eu/368,PARENT_CONCEPT_OF
http://eurovoc.europa.eu/2972,http://eurovoc.europa.eu/4404,PARENT_CONCEPT_OF
http://eurovoc.europa.eu/2059,http://eurovoc.europa.eu/799,PARENT_CONCEPT_OF
http://eurovoc.europa.eu/2172,http://eurovoc.europa.eu/4615,PARENT_CONCEPT_OF
http://eurovoc.europa.eu/2163,http://eurovoc.europa.eu/2140,PARENT_CONCEPT_OF
http://eurovoc.europa.eu/5769,http://eurovoc.europa.eu/6076,PARENT_CONCEPT_OF
http://eurovoc.europa.eu/5848,http://eurovoc.europa.eu/5457,PARENT_CONCEPT_OF
http://eurovoc.europa.eu/5848,http://eurovoc.europa.eu/c_a6b5bad0,PARENT_CONCEPT_OF
http://eurovoc.europa.eu/3058,http://eurovoc.europa.eu/3081,PARENT_CONCEPT_OF
http://eurovoc.europa.eu/3058,http://eurovoc.europa.eu/3064,PARENT_CONCEPT_OF
http://eurovoc.europa.eu/2515,http://eurovoc.europa.eu/c_6f9a80e0,PARENT_CONCEPT_OF
http://eurovoc.europa.eu/2517,http://eurovoc.europa.eu/81,PARENT_CONCEPT_OF
http://eurovoc.europa.eu/2517,http://eurovoc.europa.eu/6215,PARENT_CONCEPT_OF
http://eurovoc.europa.eu/1700,http://eurovoc.europa.eu/5903,PARENT_CONCEPT_OF
http://eurovoc.europa.eu/1700,http://eurovoc.europa.eu/5166,PARENT_CONCEPT_OF
http://eurovoc.europa.eu/1700,http://eurovoc.europa.eu/4634,PARENT_CONCEPT_OF
http://eurovoc.europa.eu/2690,http://eurovoc.europa.eu/442990,PARENT_CONCEPT_OF
http://eurovoc.europa.eu/2690,http://eurovoc.europa.eu/3348,PARENT_CONCEPT_OF
http://eurovoc.europa.eu/2690,http://eurovoc.europa.eu/374,PARENT_CONCEPT_OF
http://eurovoc.europa.eu/2690,http://eurovoc.europa.eu/442958,PARENT_CONCEPT_OF
http://eurovoc.europa.eu/5448,http://eurovoc.europa.eu/5925,PARENT_CONCEPT_OF
http://eurovoc.europa.eu/2848,http://eurovoc.europa.eu/4732,PARENT_CONCEPT_OF
http://eurovoc.europa.eu/2113,http://eurovoc.europa.eu/2547,PARENT_CONCEPT_OF
http://eurovoc.europa.eu/2113,http://eurovoc.europa.eu/6279,PARENT_CONCEPT_OF
http://eurovoc.europa.eu/2414,http://eurovoc.europa.eu/4472,PARENT_CONCEPT_OF
http://eurovoc.europa.eu/1115,http://eurovoc.europa.eu/4582,PARENT_CONCEPT_OF
http://eurovoc.europa.eu/1602,http://eurovoc.europa.eu/1608,PARENT_CONCEPT_OF
http://eurovoc.europa.eu/1602,http://eurovoc.europa.eu/1605,PARENT_CONCEPT_OF
http://eurovoc.europa.eu/2413,http://eurovoc.europa.eu/5106,PARENT_CONCEPT_OF
http://eurovoc.europa.eu/5360,http://eurovoc.europa.eu/2193,PARENT_CONCEPT_OF
http://eurovoc.europa.eu/5360,http://eurovoc.europa.eu/3898,PARENT_CONCEPT_OF
http://eurovoc.europa.eu/5360,http://eurovoc.europa.eu/4215,PARENT_CONCEPT_OF
http://eurovoc.europa.eu/3956,http://eurovoc.europa.eu/1670,PARENT_CONCEPT_OF
http://eurovoc.europa.eu/3098,http://eurovoc.europa.eu/4508,PARENT_CONCEPT_OF
http://eurovoc.europa.eu/2181,http://eurovoc.europa.eu/4509,PARENT_CONCEPT_OF
http://eurovoc.europa.eu/2181,http://eurovoc.europa.eu/6851,PARENT_CONCEPT_OF
http://eurovoc.europa.eu/5400,http://eurovoc.europa.eu/7200,PARENT_CONCEPT_OF
http://eurovoc.europa.eu/3584,http://eurovoc.europa.eu/3579,PARENT_CONCEPT_OF
http://eurovoc.europa.eu/3185,http://eurovoc.europa.eu/4828,PARENT_CONCEPT_OF
http://eurovoc.europa.eu/3232,http://eurovoc.europa.eu/5549,PARENT_CONCEPT_OF
http://eurovoc.europa.eu/3929,http://eurovoc.europa.eu/546,PARENT_CONCEPT_OF
http://eurovoc.europa.eu/523,http://eurovoc.europa.eu/96,PARENT_CONCEPT_OF
http://eurovoc.europa.eu/1074,http://eurovoc.europa.eu/7191,PARENT_CONCEPT_OF
http://eurovoc.europa.eu/1074,http://eurovoc.europa.eu/7212,PARENT_CONCEPT_OF
http://eurovoc.europa.eu/1074,http://eurovoc.europa.eu/104,PARENT_CONCEPT_OF
http://eurovoc.europa.eu/5974,http://eurovoc.europa.eu/5976,PARENT_CONCEPT_OF
http://eurovoc.europa.eu/4299,http://eurovoc.europa.eu/4549,PARENT_CONCEPT_OF
http://eurovoc.europa.eu/2468,http://eurovoc.europa.eu/3518,PARENT_CONCEPT_OF
http://eurovoc.europa.eu/2468,http://eurovoc.europa.eu/284,PARENT_CONCEPT_OF
http://eurovoc.europa.eu/2468,http://eurovoc.europa.eu/545,PARENT_CONCEPT_OF
http://eurovoc.europa.eu/3522,http://eurovoc.europa.eu/3626,PARENT_CONCEPT_OF
http://eurovoc.europa.eu/2448,http://eurovoc.europa.eu/4241,PARENT_CONCEPT_OF
http://eurovoc.europa.eu/4414,http://eurovoc.europa.eu/1514,PARENT_CONCEPT_OF
http://eurovoc.europa.eu/4565,http://eurovoc.europa.eu/510,PARENT_CONCEPT_OF
http://eurovoc.europa.eu/3879,http://eurovoc.europa.eu/3880,PARENT_CONCEPT_OF
http://eurovoc.europa.eu/2442,http://eurovoc.europa.eu/1595,PARENT_CONCEPT_OF
http://eurovoc.europa.eu/2442,http://eurovoc.europa.eu/2970,PARENT_CONCEPT_OF
http://eurovoc.europa.eu/2467,http://eurovoc.europa.eu/671,PARENT_CONCEPT_OF
http://eurovoc.europa.eu/1360,http://eurovoc.europa.eu/1406,PARENT_CONCEPT_OF
http://eurovoc.europa.eu/1360,http://eurovoc.europa.eu/1943,PARENT_CONCEPT_OF
http://eurovoc.europa.eu/656,http://eurovoc.europa.eu/1395,PARENT_CONCEPT_OF
http://eurovoc.europa.eu/84,http://eurovoc.europa.eu/1472,PARENT_CONCEPT_OF
http://eurovoc.europa.eu/3544,http://eurovoc.europa.eu/1961,PARENT_CONCEPT_OF
http://eurovoc.europa.eu/5913,http://eurovoc.europa.eu/2561,PARENT_CONCEPT_OF
http://eurovoc.europa.eu/1414,http://eurovoc.europa.eu/4423,PARENT_CONCEPT_OF
http://eurovoc.europa.eu/1274,http://eurovoc.europa.eu/2366,PARENT_CONCEPT_OF
http://eurovoc.europa.eu/2494,http://eurovoc.europa.eu/4033,PARENT_CONCEPT_OF
http://eurovoc.europa.eu/2494,http://eurovoc.europa.eu/2400,PARENT_CONCEPT_OF
http://eurovoc.europa.eu/3954,http://eurovoc.europa.eu/2353,PARENT_CONCEPT_OF
http://eurovoc.europa.eu/1432,http://eurovoc.europa.eu/3943,PARENT_CONCEPT_OF
http://eurovoc.europa.eu/1520,http://eurovoc.europa.eu/1100,PARENT_CONCEPT_OF
http://eurovoc.europa.eu/1520,http://eurovoc.europa.eu/5075,PARENT_CONCEPT_OF
http://eurovoc.europa.eu/7855,http://eurovoc.europa.eu/7858,PARENT_CONCEPT_OF
http://eurovoc.europa.eu/1088,http://eurovoc.europa.eu/2853,PARENT_CONCEPT_OF
http://eurovoc.europa.eu/2288,http://eurovoc.europa.eu/511,PARENT_CONCEPT_OF
http://eurovoc.europa.eu/1329,http://eurovoc.europa.eu/5470,PARENT_CONCEPT_OF
http://eurovoc.europa.eu/1329,http://eurovoc.europa.eu/5880,PARENT_CONCEPT_OF
http://eurovoc.europa.eu/2564,http://eurovoc.europa.eu/3393,PARENT_CONCEPT_OF
http://eurovoc.europa.eu/7814,http://eurovoc.europa.eu/7972,PARENT_CONCEPT_OF
http://eurovoc.europa.eu/7814,http://eurovoc.europa.eu/7980,PARENT_CONCEPT_OF
http://eurovoc.europa.eu/7815,http://eurovoc.europa.eu/7822,PARENT_CONCEPT_OF
http://eurovoc.europa.eu/4840,http://eurovoc.europa.eu/3084,PARENT_CONCEPT_OF
http://eurovoc.europa.eu/2292,http://eurovoc.europa.eu/4025,PARENT_CONCEPT_OF
http://eurovoc.europa.eu/614,http://eurovoc.europa.eu/4643,PARENT_CONCEPT_OF
http://eurovoc.europa.eu/4750,http://eurovoc.europa.eu/7215,PARENT_CONCEPT_OF
http://eurovoc.europa.eu/4750,http://eurovoc.europa.eu/4760,PARENT_CONCEPT_OF
http://eurovoc.europa.eu/4750,http://eurovoc.europa.eu/3035,PARENT_CONCEPT_OF
http://eurovoc.europa.eu/695,http://eurovoc.europa.eu/697,PARENT_CONCEPT_OF
http://eurovoc.europa.eu/695,http://eurovoc.europa.eu/700,PARENT_CONCEPT_OF
http://eurovoc.europa.eu/3935,http://eurovoc.europa.eu/1484,PARENT_CONCEPT_OF
http://eurovoc.europa.eu/802,http://eurovoc.europa.eu/4574,PARENT_CONCEPT_OF
http://eurovoc.europa.eu/3151,http://eurovoc.europa.eu/3706,PARENT_CONCEPT_OF
http://eurovoc.europa.eu/2090,http://eurovoc.europa.eu/5048,PARENT_CONCEPT_OF
http://eurovoc.europa.eu/2524,http://eurovoc.europa.eu/2528,PARENT_CONCEPT_OF
http://eurovoc.europa.eu/371,http://eurovoc.europa.eu/c_3f4ff841,PARENT_CONCEPT_OF
http://eurovoc.europa.eu/1221,http://eurovoc.europa.eu/1223,PARENT_CONCEPT_OF
http://eurovoc.europa.eu/1455,http://eurovoc.europa.eu/2143,PARENT_CONCEPT_OF
http://eurovoc.europa.eu/2736,http://eurovoc.europa.eu/2749,PARENT_CONCEPT_OF
http://eurovoc.europa.eu/1154,http://eurovoc.europa.eu/6910,PARENT_CONCEPT_OF
http://eurovoc.europa.eu/1154,http://eurovoc.europa.eu/2792,PARENT_CONCEPT_OF
http://eurovoc.europa.eu/1154,http://eurovoc.europa.eu/7926,PARENT_CONCEPT_OF
http://eurovoc.europa.eu/3476,http://eurovoc.europa.eu/8356,PARENT_CONCEPT_OF
http://eurovoc.europa.eu/2497,http://eurovoc.europa.eu/2465,PARENT_CONCEPT_OF
http://eurovoc.europa.eu/712,http://eurovoc.europa.eu/3069,PARENT_CONCEPT_OF
http://eurovoc.europa.eu/385,http://eurovoc.europa.eu/2484,PARENT_CONCEPT_OF
http://eurovoc.europa.eu/1016,http://eurovoc.europa.eu/423,PARENT_CONCEPT_OF
http://eurovoc.europa.eu/1063,http://eurovoc.europa.eu/1064,PARENT_CONCEPT_OF
http://eurovoc.europa.eu/1063,http://eurovoc.europa.eu/8437,PARENT_CONCEPT_OF
http://eurovoc.europa.eu/5922,http://eurovoc.europa.eu/5441,PARENT_CONCEPT_OF
http://eurovoc.europa.eu/4488,http://eurovoc.europa.eu/c_782eaeb3,PARENT_CONCEPT_OF
http://eurovoc.europa.eu/4488,http://eurovoc.europa.eu/6019,PARENT_CONCEPT_OF
http://eurovoc.europa.eu/2767,http://eurovoc.europa.eu/3756,PARENT_CONCEPT_OF
http://eurovoc.europa.eu/3743,http://eurovoc.europa.eu/5260,PARENT_CONCEPT_OF
http://eurovoc.europa.eu/557,http://eurovoc.europa.eu/2082,PARENT_CONCEPT_OF
http://eurovoc.europa.eu/914,http://eurovoc.europa.eu/2543,PARENT_CONCEPT_OF
http://eurovoc.europa.eu/914,http://eurovoc.europa.eu/5713,PARENT_CONCEPT_OF
http://eurovoc.europa.eu/2519,http://eurovoc.europa.eu/4333,PARENT_CONCEPT_OF
http://eurovoc.europa.eu/2519,http://eurovoc.europa.eu/4350,PARENT_CONCEPT_OF
http://eurovoc.europa.eu/3156,http://eurovoc.europa.eu/491,PARENT_CONCEPT_OF
http://eurovoc.europa.eu/2180,http://eurovoc.europa.eu/6014,PARENT_CONCEPT_OF
http://eurovoc.europa.eu/3258,http://eurovoc.europa.eu/3259,PARENT_CONCEPT_OF
http://eurovoc.europa.eu/54,http://eurovoc.europa.eu/61,PARENT_CONCEPT_OF
http://eurovoc.europa.eu/1000,http://eurovoc.europa.eu/1007,PARENT_CONCEPT_OF
http://eurovoc.europa.eu/1000,http://eurovoc.europa.eu/c_10aa91c7,PARENT_CONCEPT_OF
http://eurovoc.europa.eu/1410,http://eurovoc.europa.eu/1371,PARENT_CONCEPT_OF
http://eurovoc.europa.eu/3549,http://eurovoc.europa.eu/3546,PARENT_CONCEPT_OF
http://eurovoc.europa.eu/3150,http://eurovoc.europa.eu/1030,PARENT_CONCEPT_OF
http://eurovoc.europa.eu/2789,http://eurovoc.europa.eu/3595,PARENT_CONCEPT_OF
http://eurovoc.europa.eu/c_4ee83dea,http://eurovoc.europa.eu/64089,PARENT_CONCEPT_OF
http://eurovoc.europa.eu/2479,http://eurovoc.europa.eu/4116,PARENT_CONCEPT_OF
http://eurovoc.europa.eu/1087,http://eurovoc.europa.eu/2547,PARENT_CONCEPT_OF
http://eurovoc.europa.eu/1087,http://eurovoc.europa.eu/2088,PARENT_CONCEPT_OF
http://eurovoc.europa.eu/3778,http://eurovoc.europa.eu/3830,PARENT_CONCEPT_OF
http://eurovoc.europa.eu/4189,http://eurovoc.europa.eu/3007,PARENT_CONCEPT_OF
http://eurovoc.europa.eu/2460,http://eurovoc.europa.eu/3003,PARENT_CONCEPT_OF
http://eurovoc.europa.eu/3489,http://eurovoc.europa.eu/218,PARENT_CONCEPT_OF
http://eurovoc.europa.eu/3489,http://eurovoc.europa.eu/213,PARENT_CONCEPT_OF
http://eurovoc.europa.eu/3489,http://eurovoc.europa.eu/5779,PARENT_CONCEPT_OF
http://eurovoc.europa.eu/3810,http://eurovoc.europa.eu/4062,PARENT_CONCEPT_OF
http://eurovoc.europa.eu/3899,http://eurovoc.europa.eu/3565,PARENT_CONCEPT_OF
http://eurovoc.europa.eu/3899,http://eurovoc.europa.eu/6628,PARENT_CONCEPT_OF
http://eurovoc.europa.eu/3899,http://eurovoc.europa.eu/3913,PARENT_CONCEPT_OF
http://eurovoc.europa.eu/3908,http://eurovoc.europa.eu/6230,PARENT_CONCEPT_OF
http://eurovoc.europa.eu/3908,http://eurovoc.europa.eu/5592,PARENT_CONCEPT_OF
http://eurovoc.europa.eu/4291,http://eurovoc.europa.eu/5140,PARENT_CONCEPT_OF
http://eurovoc.europa.eu/6034,http://eurovoc.europa.eu/3031,PARENT_CONCEPT_OF
http://eurovoc.europa.eu/77,http://eurovoc.europa.eu/c_9829e6b7,PARENT_CONCEPT_OF
http://eurovoc.europa.eu/77,http://eurovoc.europa.eu/5852,PARENT_CONCEPT_OF
http://eurovoc.europa.eu/2723,http://eurovoc.europa.eu/324,PARENT_CONCEPT_OF
http://eurovoc.europa.eu/2723,http://eurovoc.europa.eu/1260,PARENT_CONCEPT_OF
http://eurovoc.europa.eu/711,http://eurovoc.europa.eu/768,PARENT_CONCEPT_OF
http://eurovoc.europa.eu/1277,http://eurovoc.europa.eu/4163,PARENT_CONCEPT_OF
http://eurovoc.europa.eu/4486,http://eurovoc.europa.eu/3030,PARENT_CONCEPT_OF
http://eurovoc.europa.eu/1422,http://eurovoc.europa.eu/3404,PARENT_CONCEPT_OF
http://eurovoc.europa.eu/2472,http://eurovoc.europa.eu/5351,PARENT_CONCEPT_OF
http://eurovoc.europa.eu/2498,http://eurovoc.europa.eu/5861,PARENT_CONCEPT_OF
http://eurovoc.europa.eu/2498,http://eurovoc.europa.eu/c_22f8c0e6,PARENT_CONCEPT_OF
http://eurovoc.europa.eu/1163,http://eurovoc.europa.eu/4273,PARENT_CONCEPT_OF
http://eurovoc.europa.eu/2489,http://eurovoc.europa.eu/1072,PARENT_CONCEPT_OF
http://eurovoc.europa.eu/2656,http://eurovoc.europa.eu/2638,PARENT_CONCEPT_OF
http://eurovoc.europa.eu/26526,http://eurovoc.europa.eu/2755,PARENT_CONCEPT_OF
http://eurovoc.europa.eu/1810,http://eurovoc.europa.eu/1796,PARENT_CONCEPT_OF
http://eurovoc.europa.eu/2450,http://eurovoc.europa.eu/619,PARENT_CONCEPT_OF
http://eurovoc.europa.eu/1453,http://eurovoc.europa.eu/2588,PARENT_CONCEPT_OF
http://eurovoc.europa.eu/1282,http://eurovoc.europa.eu/1138,PARENT_CONCEPT_OF
http://eurovoc.europa.eu/1282,http://eurovoc.europa.eu/c_3a2df4eb,PARENT_CONCEPT_OF
http://eurovoc.europa.eu/2370,http://eurovoc.europa.eu/1588,PARENT_CONCEPT_OF
http://eurovoc.europa.eu/3025,http://eurovoc.europa.eu/4950,PARENT_CONCEPT_OF
http://eurovoc.europa.eu/3025,http://eurovoc.europa.eu/6883,PARENT_CONCEPT_OF
http://eurovoc.europa.eu/2191,http://eurovoc.europa.eu/90,PARENT_CONCEPT_OF
http://eurovoc.europa.eu/5442,http://eurovoc.europa.eu/4070,PARENT_CONCEPT_OF
http://eurovoc.europa.eu/5442,http://eurovoc.europa.eu/3234,PARENT_CONCEPT_OF
http://eurovoc.europa.eu/1630,http://eurovoc.europa.eu/560,PARENT_CONCEPT_OF
http://eurovoc.europa.eu/1882,http://eurovoc.europa.eu/1883,PARENT_CONCEPT_OF
http://eurovoc.europa.eu/1417,http://eurovoc.europa.eu/3831,PARENT_CONCEPT_OF
http://eurovoc.europa.eu/434743,http://eurovoc.europa.eu/434938,PARENT_CONCEPT_OF
http://eurovoc.europa.eu/2470,http://eurovoc.europa.eu/c_d8ba2fe4,PARENT_CONCEPT_OF
http://eurovoc.europa.eu/4590,http://eurovoc.europa.eu/2563,PARENT_CONCEPT_OF
http://eurovoc.europa.eu/4590,http://eurovoc.europa.eu/3774,PARENT_CONCEPT_OF
http://eurovoc.europa.eu/c_6e703074,http://eurovoc.europa.eu/726,PARENT_CONCEPT_OF
http://eurovoc.europa.eu/c_6e703074,http://eurovoc.europa.eu/1501,PARENT_CONCEPT_OF
http://eurovoc.europa.eu/2200,http://eurovoc.europa.eu/863,PARENT_CONCEPT_OF
http://eurovoc.europa.eu/122,http://eurovoc.europa.eu/4353,PARENT_CONCEPT_OF
http://eurovoc.europa.eu/122,http://eurovoc.europa.eu/3763,PARENT_CONCEPT_OF
http://eurovoc.europa.eu/122,http://eurovoc.europa.eu/1085,PARENT_CONCEPT_OF
http://eurovoc.europa.eu/122,http://eurovoc.europa.eu/1965,PARENT_CONCEPT_OF
http://eurovoc.europa.eu/2119,http://eurovoc.europa.eu/5965,PARENT_CONCEPT_OF
http://eurovoc.europa.eu/2119,http://eurovoc.europa.eu/2224,PARENT_CONCEPT_OF
http://eurovoc.europa.eu/2119,http://eurovoc.europa.eu/4841,PARENT_CONCEPT_OF
http://eurovoc.europa.eu/5985,http://eurovoc.europa.eu/827,PARENT_CONCEPT_OF
http://eurovoc.europa.eu/5985,http://eurovoc.europa.eu/822,PARENT_CONCEPT_OF
http://eurovoc.europa.eu/3461,http://eurovoc.europa.eu/3465,PARENT_CONCEPT_OF
http://eurovoc.europa.eu/3474,http://eurovoc.europa.eu/3870,PARENT_CONCEPT_OF
http://eurovoc.europa.eu/3474,http://eurovoc.europa.eu/c_39046afb,PARENT_CONCEPT_OF
http://eurovoc.europa.eu/3474,http://eurovoc.europa.eu/3479,PARENT_CONCEPT_OF
http://eurovoc.europa.eu/2507,http://eurovoc.europa.eu/3627,PARENT_CONCEPT_OF
http://eurovoc.europa.eu/2507,http://eurovoc.europa.eu/1957,PARENT_CONCEPT_OF
http://eurovoc.europa.eu/2507,http://eurovoc.europa.eu/3617,PARENT_CONCEPT_OF
http://eurovoc.europa.eu/567,http://eurovoc.europa.eu/542,PARENT_CONCEPT_OF
http://eurovoc.europa.eu/4179,http://eurovoc.europa.eu/4180,PARENT_CONCEPT_OF
http://eurovoc.europa.eu/2152,http://eurovoc.europa.eu/5669,PARENT_CONCEPT_OF
http://eurovoc.europa.eu/4045,http://eurovoc.europa.eu/c_2f00dd5a,PARENT_CONCEPT_OF
http://eurovoc.europa.eu/4045,http://eurovoc.europa.eu/4729,PARENT_CONCEPT_OF
http://eurovoc.europa.eu/2478,http://eurovoc.europa.eu/c_99a79cea,PARENT_CONCEPT_OF
http://eurovoc.europa.eu/2478,http://eurovoc.europa.eu/5237,PARENT_CONCEPT_OF
http://eurovoc.europa.eu/2478,http://eurovoc.europa.eu/c_b35395c8,PARENT_CONCEPT_OF
http://eurovoc.europa.eu/82,http://eurovoc.europa.eu/4039,PARENT_CONCEPT_OF
http://eurovoc.europa.eu/2184,http://eurovoc.europa.eu/4546,PARENT_CONCEPT_OF
http://eurovoc.europa.eu/1021,http://eurovoc.europa.eu/3685,PARENT_CONCEPT_OF
http://eurovoc.europa.eu/1310,http://eurovoc.europa.eu/1320,PARENT_CONCEPT_OF
http://eurovoc.europa.eu/1418,http://eurovoc.europa.eu/3890,PARENT_CONCEPT_OF
http://eurovoc.europa.eu/1894,http://eurovoc.europa.eu/6269,PARENT_CONCEPT_OF
http://eurovoc.europa.eu/1927,http://eurovoc.europa.eu/716,PARENT_CONCEPT_OF
http://eurovoc.europa.eu/5127,http://eurovoc.europa.eu/2227,PARENT_CONCEPT_OF
http://eurovoc.europa.eu/3484,http://eurovoc.europa.eu/6289,PARENT_CONCEPT_OF
http://eurovoc.europa.eu/6284,http://eurovoc.europa.eu/6285,PARENT_CONCEPT_OF
http://eurovoc.europa.eu/349,http://eurovoc.europa.eu/440605,PARENT_CONCEPT_OF
http://eurovoc.europa.eu/1033,http://eurovoc.europa.eu/1238,PARENT_CONCEPT_OF
http://eurovoc.europa.eu/4417,http://eurovoc.europa.eu/5453,PARENT_CONCEPT_OF
http://eurovoc.europa.eu/4837,http://eurovoc.europa.eu/2471,PARENT_CONCEPT_OF
http://eurovoc.europa.eu/5987,http://eurovoc.europa.eu/5163,PARENT_CONCEPT_OF
http://eurovoc.europa.eu/5987,http://eurovoc.europa.eu/5164,PARENT_CONCEPT_OF
http://eurovoc.europa.eu/2278,http://eurovoc.europa.eu/5747,PARENT_CONCEPT_OF
http://eurovoc.europa.eu/4595,http://eurovoc.europa.eu/4610,PARENT_CONCEPT_OF
http://eurovoc.europa.eu/3774,http://eurovoc.europa.eu/3780,PARENT_CONCEPT_OF
http://eurovoc.europa.eu/4049,http://eurovoc.europa.eu/196,PARENT_CONCEPT_OF
http://eurovoc.europa.eu/2116,http://eurovoc.europa.eu/7206,PARENT_CONCEPT_OF
http://eurovoc.europa.eu/2291,http://eurovoc.europa.eu/4411,PARENT_CONCEPT_OF
http://eurovoc.europa.eu/240,http://eurovoc.europa.eu/3806,PARENT_CONCEPT_OF
http://eurovoc.europa.eu/871,http://eurovoc.europa.eu/4313,PARENT_CONCEPT_OF
http://eurovoc.europa.eu/150,http://eurovoc.europa.eu/5218,PARENT_CONCEPT_OF
http://eurovoc.europa.eu/748,http://eurovoc.europa.eu/c_e8e1003b,PARENT_CONCEPT_OF
http://eurovoc.europa.eu/756,http://eurovoc.europa.eu/2482,PARENT_CONCEPT_OF
http://eurovoc.europa.eu/2575,http://eurovoc.europa.eu/2241,PARENT_CONCEPT_OF
http://eurovoc.europa.eu/08133,http://eurovoc.europa.eu/5317,PARENT_CONCEPT_OF
http://eurovoc.europa.eu/08133,http://eurovoc.europa.eu/3195,PARENT_CONCEPT_OF
http://eurovoc.europa.eu/08133,http://eurovoc.europa.eu/4878,PARENT_CONCEPT_OF
http://eurovoc.europa.eu/3984,http://eurovoc.europa.eu/356,PARENT_CONCEPT_OF
http://eurovoc.europa.eu/5109,http://eurovoc.europa.eu/617,PARENT_CONCEPT_OF
http://eurovoc.europa.eu/1752,http://eurovoc.europa.eu/5272,PARENT_CONCEPT_OF
http://eurovoc.europa.eu/7219,http://eurovoc.europa.eu/c_79e507c2,PARENT_CONCEPT_OF
http://eurovoc.europa.eu/3800,http://eurovoc.europa.eu/1669,PARENT_CONCEPT_OF
http://eurovoc.europa.eu/2207,http://eurovoc.europa.eu/2208,PARENT_CONCEPT_OF
http://eurovoc.europa.eu/2207,http://eurovoc.europa.eu/1783,PARENT_CONCEPT_OF
http://eurovoc.europa.eu/1375,http://eurovoc.europa.eu/2228,PARENT_CONCEPT_OF
http://eurovoc.europa.eu/2938,http://eurovoc.europa.eu/2937,PARENT_CONCEPT_OF
http://eurovoc.europa.eu/800,http://eurovoc.europa.eu/4151,PARENT_CONCEPT_OF
http://eurovoc.europa.eu/132,http://eurovoc.europa.eu/2273,PARENT_CONCEPT_OF
http://eurovoc.europa.eu/447472,http://eurovoc.europa.eu/447503,PARENT_CONCEPT_OF
http://eurovoc.europa.eu/2445,http://eurovoc.europa.eu/645,PARENT_CONCEPT_OF
http://eurovoc.europa.eu/2518,http://eurovoc.europa.eu/6061,PARENT_CONCEPT_OF
http://eurovoc.europa.eu/4827,http://eurovoc.europa.eu/4832,PARENT_CONCEPT_OF
http://eurovoc.europa.eu/569,http://eurovoc.europa.eu/2283,PARENT_CONCEPT_OF
http://eurovoc.europa.eu/1231,http://eurovoc.europa.eu/3351,PARENT_CONCEPT_OF
http://eurovoc.europa.eu/3346,http://eurovoc.europa.eu/5395,PARENT_CONCEPT_OF
http://eurovoc.europa.eu/2270,http://eurovoc.europa.eu/2265,PARENT_CONCEPT_OF
http://eurovoc.europa.eu/4205,http://eurovoc.europa.eu/7393,PARENT_CONCEPT_OF
http://eurovoc.europa.eu/5166,http://eurovoc.europa.eu/6121,PARENT_CONCEPT_OF
http://eurovoc.europa.eu/4728,http://eurovoc.europa.eu/6555,PARENT_CONCEPT_OF
http://eurovoc.europa.eu/2546,http://eurovoc.europa.eu/4772,PARENT_CONCEPT_OF
http://eurovoc.europa.eu/2546,http://eurovoc.europa.eu/205,PARENT_CONCEPT_OF
http://eurovoc.europa.eu/2856,http://eurovoc.europa.eu/c_9a62e4bf,PARENT_CONCEPT_OF
http://eurovoc.europa.eu/6047,http://eurovoc.europa.eu/3792,PARENT_CONCEPT_OF
http://eurovoc.europa.eu/1840,http://eurovoc.europa.eu/2429,PARENT_CONCEPT_OF
http://eurovoc.europa.eu/2376,http://eurovoc.europa.eu/5299,PARENT_CONCEPT_OF
http://eurovoc.europa.eu/4651,http://eurovoc.europa.eu/c_05303ddd,PARENT_CONCEPT_OF
http://eurovoc.europa.eu/4511,http://eurovoc.europa.eu/4512,PARENT_CONCEPT_OF
http://eurovoc.europa.eu/1624,http://eurovoc.europa.eu/4342,PARENT_CONCEPT_OF
http://eurovoc.europa.eu/1567,http://eurovoc.europa.eu/6146,PARENT_CONCEPT_OF
http://eurovoc.europa.eu/190,http://eurovoc.europa.eu/2363,PARENT_CONCEPT_OF
http://eurovoc.europa.eu/4182,http://eurovoc.europa.eu/5855,PARENT_CONCEPT_OF
http://eurovoc.europa.eu/164,http://eurovoc.europa.eu/3475,PARENT_CONCEPT_OF
http://eurovoc.europa.eu/1646,http://eurovoc.europa.eu/1648,PARENT_CONCEPT_OF
http://eurovoc.europa.eu/1826,http://eurovoc.europa.eu/6821,PARENT_CONCEPT_OF
http://eurovoc.europa.eu/1598,http://eurovoc.europa.eu/1445,PARENT_CONCEPT_OF
http://eurovoc.europa.eu/2915,http://eurovoc.europa.eu/4255,PARENT_CONCEPT_OF
http://eurovoc.europa.eu/121,http://eurovoc.europa.eu/8395,PARENT_CONCEPT_OF
http://eurovoc.europa.eu/4127,http://eurovoc.europa.eu/1441,PARENT_CONCEPT_OF
http://eurovoc.europa.eu/1210,http://eurovoc.europa.eu/c_9f458445,PARENT_CONCEPT_OF
http://eurovoc.europa.eu/3429,http://eurovoc.europa.eu/5901,PARENT_CONCEPT_OF
http://eurovoc.europa.eu/3420,http://eurovoc.europa.eu/3419,PARENT_CONCEPT_OF
http://eurovoc.europa.eu/3486,http://eurovoc.europa.eu/7361,PARENT_CONCEPT_OF
http://eurovoc.europa.eu/302,http://eurovoc.europa.eu/4410,PARENT_CONCEPT_OF
http://eurovoc.europa.eu/302,http://eurovoc.europa.eu/111,PARENT_CONCEPT_OF
http://eurovoc.europa.eu/357,http://eurovoc.europa.eu/33,PARENT_CONCEPT_OF
http://eurovoc.europa.eu/4390,http://eurovoc.europa.eu/2240,PARENT_CONCEPT_OF
http://eurovoc.europa.eu/5228,http://eurovoc.europa.eu/2323,PARENT_CONCEPT_OF
http://eurovoc.europa.eu/1148,http://eurovoc.europa.eu/6387,PARENT_CONCEPT_OF
http://eurovoc.europa.eu/1151,http://eurovoc.europa.eu/1936,PARENT_CONCEPT_OF
http://eurovoc.europa.eu/2772,http://eurovoc.europa.eu/5262,PARENT_CONCEPT_OF
http://eurovoc.europa.eu/4033,http://eurovoc.europa.eu/4047,PARENT_CONCEPT_OF
http://eurovoc.europa.eu/4379,http://eurovoc.europa.eu/2865,PARENT_CONCEPT_OF
http://eurovoc.europa.eu/5631,http://eurovoc.europa.eu/4114,PARENT_CONCEPT_OF
http://eurovoc.europa.eu/c_bbd07d89,http://eurovoc.europa.eu/2377,PARENT_CONCEPT_OF
http://eurovoc.europa.eu/8493,http://eurovoc.europa.eu/8513,PARENT_CONCEPT_OF
http://eurovoc.europa.eu/8497,http://eurovoc.europa.eu/8538,PARENT_CONCEPT_OF
http://eurovoc.europa.eu/6729,http://eurovoc.europa.eu/6735,PARENT_CONCEPT_OF
http://eurovoc.europa.eu/6729,http://eurovoc.europa.eu/6734,PARENT_CONCEPT_OF
http://eurovoc.europa.eu/803,http://eurovoc.europa.eu/3306,PARENT_CONCEPT_OF
http://eurovoc.europa.eu/806,http://eurovoc.europa.eu/478,PARENT_CONCEPT_OF
http://eurovoc.europa.eu/2666,http://eurovoc.europa.eu/2684,PARENT_CONCEPT_OF
http://eurovoc.europa.eu/165,http://eurovoc.europa.eu/1341,PARENT_CONCEPT_OF
http://eurovoc.europa.eu/2530,http://eurovoc.europa.eu/916,PARENT_CONCEPT_OF
http://eurovoc.europa.eu/3376,http://eurovoc.europa.eu/6737,PARENT_CONCEPT_OF
http://eurovoc.europa.eu/847,http://eurovoc.europa.eu/5429,PARENT_CONCEPT_OF
http://eurovoc.europa.eu/4709,http://eurovoc.europa.eu/4710,PARENT_CONCEPT_OF
http://eurovoc.europa.eu/3709,http://eurovoc.europa.eu/23,PARENT_CONCEPT_OF
http://eurovoc.europa.eu/4812,http://eurovoc.europa.eu/8377,PARENT_CONCEPT_OF
http://eurovoc.europa.eu/2792,http://eurovoc.europa.eu/894,PARENT_CONCEPT_OF
http://eurovoc.europa.eu/5788,http://eurovoc.europa.eu/c_2e08d60f,PARENT_CONCEPT_OF
http://eurovoc.europa.eu/3112,http://eurovoc.europa.eu/2380,PARENT_CONCEPT_OF
http://eurovoc.europa.eu/2490,http://eurovoc.europa.eu/4249,PARENT_CONCEPT_OF
http://eurovoc.europa.eu/3460,http://eurovoc.europa.eu/3464,PARENT_CONCEPT_OF
http://eurovoc.europa.eu/1460,http://eurovoc.europa.eu/441716,PARENT_CONCEPT_OF
http://eurovoc.europa.eu/1851,http://eurovoc.europa.eu/73,PARENT_CONCEPT_OF
http://eurovoc.europa.eu/1677,http://eurovoc.europa.eu/1973,PARENT_CONCEPT_OF
http://eurovoc.europa.eu/1696,http://eurovoc.europa.eu/c_8ce6dcec,PARENT_CONCEPT_OF
http://eurovoc.europa.eu/1696,http://eurovoc.europa.eu/5919,PARENT_CONCEPT_OF
http://eurovoc.europa.eu/5071,http://eurovoc.europa.eu/5924,PARENT_CONCEPT_OF
http://eurovoc.europa.eu/3753,http://eurovoc.europa.eu/952,PARENT_CONCEPT_OF
http://eurovoc.europa.eu/2266,http://eurovoc.europa.eu/1424,PARENT_CONCEPT_OF
http://eurovoc.europa.eu/2266,http://eurovoc.europa.eu/4233,PARENT_CONCEPT_OF
http://eurovoc.europa.eu/2239,http://eurovoc.europa.eu/3302,PARENT_CONCEPT_OF
http://eurovoc.europa.eu/1818,http://eurovoc.europa.eu/4007,PARENT_CONCEPT_OF
http://eurovoc.europa.eu/117,http://eurovoc.europa.eu/6534,PARENT_CONCEPT_OF
http://eurovoc.europa.eu/1290,http://eurovoc.europa.eu/451941,PARENT_CONCEPT_OF
http://eurovoc.europa.eu/5774,http://eurovoc.europa.eu/5706,PARENT_CONCEPT_OF
http://eurovoc.europa.eu/2050,http://eurovoc.europa.eu/5750,PARENT_CONCEPT_OF
http://eurovoc.europa.eu/491,http://eurovoc.europa.eu/1644,PARENT_CONCEPT_OF
http://eurovoc.europa.eu/5579,http://eurovoc.europa.eu/5575,PARENT_CONCEPT_OF
http://eurovoc.europa.eu/5787,http://eurovoc.europa.eu/5872,PARENT_CONCEPT_OF
http://eurovoc.europa.eu/5741,http://eurovoc.europa.eu/5742,PARENT_CONCEPT_OF
http://eurovoc.europa.eu/c_058697c2,http://eurovoc.europa.eu/c_348000be,PARENT_CONCEPT_OF
http://eurovoc.europa.eu/5764,http://eurovoc.europa.eu/5878,PARENT_CONCEPT_OF
http://eurovoc.europa.eu/5764,http://eurovoc.europa.eu/2843,PARENT_CONCEPT_OF
http://eurovoc.europa.eu/5764,http://eurovoc.europa.eu/c_e307d2a8,PARENT_CONCEPT_OF
http://eurovoc.europa.eu/5764,http://eurovoc.europa.eu/3368,PARENT_CONCEPT_OF
http://eurovoc.europa.eu/3365,http://eurovoc.europa.eu/1084,PARENT_CONCEPT_OF
http://eurovoc.europa.eu/5921,http://eurovoc.europa.eu/5894,PARENT_CONCEPT_OF
http://eurovoc.europa.eu/1852,http://eurovoc.europa.eu/5307,PARENT_CONCEPT_OF
http://eurovoc.europa.eu/5018,http://eurovoc.europa.eu/1134,PARENT_CONCEPT_OF
http://eurovoc.europa.eu/213,http://eurovoc.europa.eu/2006,PARENT_CONCEPT_OF
http://eurovoc.europa.eu/457,http://eurovoc.europa.eu/1473,PARENT_CONCEPT_OF
http://eurovoc.europa.eu/5,http://eurovoc.europa.eu/2434,PARENT_CONCEPT_OF
http://eurovoc.europa.eu/5,http://eurovoc.europa.eu/5353,PARENT_CONCEPT_OF
http://eurovoc.europa.eu/39,http://eurovoc.europa.eu/3507,PARENT_CONCEPT_OF
http://eurovoc.europa.eu/1755,http://eurovoc.europa.eu/1612,PARENT_CONCEPT_OF
http://eurovoc.europa.eu/534,http://eurovoc.europa.eu/572,PARENT_CONCEPT_OF
http://eurovoc.europa.eu/6043,http://eurovoc.europa.eu/1139,PARENT_CONCEPT_OF
http://eurovoc.europa.eu/5475,http://eurovoc.europa.eu/6356,PARENT_CONCEPT_OF
http://eurovoc.europa.eu/5475,http://eurovoc.europa.eu/6150,PARENT_CONCEPT_OF
http://eurovoc.europa.eu/1801,http://eurovoc.europa.eu/5033,PARENT_CONCEPT_OF
http://eurovoc.europa.eu/1010,http://eurovoc.europa.eu/4310,PARENT_CONCEPT_OF
http://eurovoc.europa.eu/381,http://eurovoc.europa.eu/8423,PARENT_CONCEPT_OF
http://eurovoc.europa.eu/1464,http://eurovoc.europa.eu/5137,PARENT_CONCEPT_OF
http://eurovoc.europa.eu/5327,http://eurovoc.europa.eu/353,PARENT_CONCEPT_OF
http://eurovoc.europa.eu/5344,http://eurovoc.europa.eu/388,PARENT_CONCEPT_OF
http://eurovoc.europa.eu/4063,http://eurovoc.europa.eu/5494,PARENT_CONCEPT_OF
http://eurovoc.europa.eu/1474,http://eurovoc.europa.eu/5404,PARENT_CONCEPT_OF
http://eurovoc.europa.eu/3319,http://eurovoc.europa.eu/959,PARENT_CONCEPT_OF
http://eurovoc.europa.eu/1885,http://eurovoc.europa.eu/4462,PARENT_CONCEPT_OF
http://eurovoc.europa.eu/1885,http://eurovoc.europa.eu/2568,PARENT_CONCEPT_OF
http://eurovoc.europa.eu/542,http://eurovoc.europa.eu/5444,PARENT_CONCEPT_OF
http://eurovoc.europa.eu/597,http://eurovoc.europa.eu/609,PARENT_CONCEPT_OF
http://eurovoc.europa.eu/c_1c7d7d1e,http://eurovoc.europa.eu/23261,PARENT_CONCEPT_OF
http://eurovoc.europa.eu/1102,http://eurovoc.europa.eu/1109,PARENT_CONCEPT_OF
http://eurovoc.europa.eu/1565,http://eurovoc.europa.eu/1572,PARENT_CONCEPT_OF
http://eurovoc.europa.eu/2359,http://eurovoc.europa.eu/2016,PARENT_CONCEPT_OF
http://eurovoc.europa.eu/3470,http://eurovoc.europa.eu/3490,PARENT_CONCEPT_OF
http://eurovoc.europa.eu/3624,http://eurovoc.europa.eu/70,PARENT_CONCEPT_OF
http://eurovoc.europa.eu/3290,http://eurovoc.europa.eu/3600,PARENT_CONCEPT_OF
http://eurovoc.europa.eu/5188,http://eurovoc.europa.eu/c_8c5cfba6,PARENT_CONCEPT_OF
http://eurovoc.europa.eu/5191,http://eurovoc.europa.eu/5192,PARENT_CONCEPT_OF
http://eurovoc.europa.eu/4424,http://eurovoc.europa.eu/5195,PARENT_CONCEPT_OF
http://eurovoc.europa.eu/1439,http://eurovoc.europa.eu/71651,PARENT_CONCEPT_OF
http://eurovoc.europa.eu/4039,http://eurovoc.europa.eu/1761,PARENT_CONCEPT_OF
http://eurovoc.europa.eu/197,http://eurovoc.europa.eu/199,PARENT_CONCEPT_OF
http://eurovoc.europa.eu/197,http://eurovoc.europa.eu/4053,PARENT_CONCEPT_OF
http://eurovoc.europa.eu/4048,http://eurovoc.europa.eu/4049,PARENT_CONCEPT_OF
http://eurovoc.europa.eu/1697,http://eurovoc.europa.eu/1699,PARENT_CONCEPT_OF
http://eurovoc.europa.eu/6189,http://eurovoc.europa.eu/6191,PARENT_CONCEPT_OF
http://eurovoc.europa.eu/4713,http://eurovoc.europa.eu/4718,PARENT_CONCEPT_OF
http://eurovoc.europa.eu/4174,http://eurovoc.europa.eu/5135,PARENT_CONCEPT_OF
http://eurovoc.europa.eu/6709,http://eurovoc.europa.eu/8482,PARENT_CONCEPT_OF
http://eurovoc.europa.eu/1099,http://eurovoc.europa.eu/2671,PARENT_CONCEPT_OF
http://eurovoc.europa.eu/4767,http://eurovoc.europa.eu/4769,PARENT_CONCEPT_OF
http://eurovoc.europa.eu/2032,http://eurovoc.europa.eu/3816,PARENT_CONCEPT_OF
http://eurovoc.europa.eu/4432,http://eurovoc.europa.eu/4428,PARENT_CONCEPT_OF
http://eurovoc.europa.eu/3739,http://eurovoc.europa.eu/890,PARENT_CONCEPT_OF
http://eurovoc.europa.eu/5902,http://eurovoc.europa.eu/3284,PARENT_CONCEPT_OF
http://eurovoc.europa.eu/5902,http://eurovoc.europa.eu/3286,PARENT_CONCEPT_OF
http://eurovoc.europa.eu/6710,http://eurovoc.europa.eu/7132,PARENT_CONCEPT_OF
http://eurovoc.europa.eu/5681,http://eurovoc.europa.eu/5531,PARENT_CONCEPT_OF
http://eurovoc.europa.eu/3771,http://eurovoc.europa.eu/3777,PARENT_CONCEPT_OF
http://eurovoc.europa.eu/1800,http://eurovoc.europa.eu/1731,PARENT_CONCEPT_OF
http://eurovoc.europa.eu/4256,http://eurovoc.europa.eu/2907,PARENT_CONCEPT_OF
http://eurovoc.europa.eu/4256,http://eurovoc.europa.eu/4258,PARENT_CONCEPT_OF
http://eurovoc.europa.eu/2616,http://eurovoc.europa.eu/2614,PARENT_CONCEPT_OF
http://eurovoc.europa.eu/2616,http://eurovoc.europa.eu/2613,PARENT_CONCEPT_OF
http://eurovoc.europa.eu/4705,http://eurovoc.europa.eu/1098,PARENT_CONCEPT_OF
http://eurovoc.europa.eu/3278,http://eurovoc.europa.eu/1784,PARENT_CONCEPT_OF
http://eurovoc.europa.eu/4554,http://eurovoc.europa.eu/6037,PARENT_CONCEPT_OF
http://eurovoc.europa.eu/2175,http://eurovoc.europa.eu/2196,PARENT_CONCEPT_OF
http://eurovoc.europa.eu/2188,http://eurovoc.europa.eu/2147,PARENT_CONCEPT_OF
http://eurovoc.europa.eu/4017,http://eurovoc.europa.eu/7930,PARENT_CONCEPT_OF
http://eurovoc.europa.eu/5258,http://eurovoc.europa.eu/4015,PARENT_CONCEPT_OF
http://eurovoc.europa.eu/5258,http://eurovoc.europa.eu/6284,PARENT_CONCEPT_OF
http://eurovoc.europa.eu/4479,http://eurovoc.europa.eu/4480,PARENT_CONCEPT_OF
http://eurovoc.europa.eu/4479,http://eurovoc.europa.eu/443137,PARENT_CONCEPT_OF
http://eurovoc.europa.eu/2495,http://eurovoc.europa.eu/278,PARENT_CONCEPT_OF
http://eurovoc.europa.eu/2149,http://eurovoc.europa.eu/2151,PARENT_CONCEPT_OF
http://eurovoc.europa.eu/285,http://eurovoc.europa.eu/293,PARENT_CONCEPT_OF
http://eurovoc.europa.eu/4006,http://eurovoc.europa.eu/4021,PARENT_CONCEPT_OF
http://eurovoc.europa.eu/4006,http://eurovoc.europa.eu/4016,PARENT_CONCEPT_OF
http://eurovoc.europa.eu/4006,http://eurovoc.europa.eu/4008,PARENT_CONCEPT_OF
http://eurovoc.europa.eu/637,http://eurovoc.europa.eu/643,PARENT_CONCEPT_OF
http://eurovoc.europa.eu/4505,http://eurovoc.europa.eu/4408,PARENT_CONCEPT_OF
http://eurovoc.europa.eu/3257,http://eurovoc.europa.eu/3296,PARENT_CONCEPT_OF
http://eurovoc.europa.eu/2459,http://eurovoc.europa.eu/2278,PARENT_CONCEPT_OF
http://eurovoc.europa.eu/5283,http://eurovoc.europa.eu/4320,PARENT_CONCEPT_OF
http://eurovoc.europa.eu/4587,http://eurovoc.europa.eu/1218,PARENT_CONCEPT_OF
http://eurovoc.europa.eu/4069,http://eurovoc.europa.eu/1899,PARENT_CONCEPT_OF
http://eurovoc.europa.eu/4069,http://eurovoc.europa.eu/4570,PARENT_CONCEPT_OF
http://eurovoc.europa.eu/4069,http://eurovoc.europa.eu/4816,PARENT_CONCEPT_OF
http://eurovoc.europa.eu/4069,http://eurovoc.europa.eu/4662,PARENT_CONCEPT_OF
http://eurovoc.europa.eu/4069,http://eurovoc.europa.eu/1253,PARENT_CONCEPT_OF
http://eurovoc.europa.eu/8366,http://eurovoc.europa.eu/205,PARENT_CONCEPT_OF
http://eurovoc.europa.eu/5083,http://eurovoc.europa.eu/1128,PARENT_CONCEPT_OF
http://eurovoc.europa.eu/5265,http://eurovoc.europa.eu/4841,PARENT_CONCEPT_OF
http://eurovoc.europa.eu/8367,http://eurovoc.europa.eu/1338,PARENT_CONCEPT_OF
http://eurovoc.europa.eu/1847,http://eurovoc.europa.eu/1767,PARENT_CONCEPT_OF
http://eurovoc.europa.eu/6205,http://eurovoc.europa.eu/1355,PARENT_CONCEPT_OF
http://eurovoc.europa.eu/6205,http://eurovoc.europa.eu/4375,PARENT_CONCEPT_OF
http://eurovoc.europa.eu/5781,http://eurovoc.europa.eu/5746,PARENT_CONCEPT_OF
http://eurovoc.europa.eu/8369,http://eurovoc.europa.eu/1532,PARENT_CONCEPT_OF
http://eurovoc.europa.eu/8369,http://eurovoc.europa.eu/1196,PARENT_CONCEPT_OF
http://eurovoc.europa.eu/4845,http://eurovoc.europa.eu/2286,PARENT_CONCEPT_OF
http://eurovoc.europa.eu/5780,http://eurovoc.europa.eu/1965,PARENT_CONCEPT_OF
http://eurovoc.europa.eu/c_b2c019c8,http://eurovoc.europa.eu/1712,PARENT_CONCEPT_OF
http://eurovoc.europa.eu/c_b2c019c8,http://eurovoc.europa.eu/4342,PARENT_CONCEPT_OF
http://eurovoc.europa.eu/c_b2c019c8,http://eurovoc.europa.eu/5746,PARENT_CONCEPT_OF
http://eurovoc.europa.eu/c_b2c019c8,http://eurovoc.europa.eu/3403,PARENT_CONCEPT_OF
http://eurovoc.europa.eu/c_b2c019c8,http://eurovoc.europa.eu/1768,PARENT_CONCEPT_OF
http://eurovoc.europa.eu/c_b2c019c8,http://eurovoc.europa.eu/5049,PARENT_CONCEPT_OF
http://eurovoc.europa.eu/2148,http://eurovoc.europa.eu/1218,PARENT_CONCEPT_OF
http://eurovoc.europa.eu/2148,http://eurovoc.europa.eu/1501,PARENT_CONCEPT_OF
http://eurovoc.europa.eu/2106,http://eurovoc.europa.eu/336,PARENT_CONCEPT_OF
http://eurovoc.europa.eu/2106,http://eurovoc.europa.eu/5859,PARENT_CONCEPT_OF
http://eurovoc.europa.eu/2106,http://eurovoc.europa.eu/5898,PARENT_CONCEPT_OF
http://eurovoc.europa.eu/37846,http://eurovoc.europa.eu/4410,PARENT_CONCEPT_OF
http://eurovoc.europa.eu/2737,http://eurovoc.europa.eu/5263,PARENT_CONCEPT_OF
http://eurovoc.europa.eu/2469,http://eurovoc.europa.eu/644,PARENT_CONCEPT_OF
http://eurovoc.europa.eu/2469,http://eurovoc.europa.eu/7942,PARENT_CONCEPT_OF
http://eurovoc.europa.eu/4703,http://eurovoc.europa.eu/6753,PARENT_CONCEPT_OF
http://eurovoc.europa.eu/4703,http://eurovoc.europa.eu/6748,PARENT_CONCEPT_OF
http://eurovoc.europa.eu/2351,http://eurovoc.europa.eu/1938,PARENT_CONCEPT_OF
http://eurovoc.europa.eu/2351,http://eurovoc.europa.eu/5141,PARENT_CONCEPT_OF
http://eurovoc.europa.eu/4366,http://eurovoc.europa.eu/1705,PARENT_CONCEPT_OF
http://eurovoc.europa.eu/4415,http://eurovoc.europa.eu/6299,PARENT_CONCEPT_OF
http://eurovoc.europa.eu/4418,http://eurovoc.europa.eu/6361,PARENT_CONCEPT_OF
http://eurovoc.europa.eu/3797,http://eurovoc.europa.eu/4890,PARENT_CONCEPT_OF
http://eurovoc.europa.eu/3632,http://eurovoc.europa.eu/71,PARENT_CONCEPT_OF
http://eurovoc.europa.eu/3632,http://eurovoc.europa.eu/866,PARENT_CONCEPT_OF
http://eurovoc.europa.eu/1802,http://eurovoc.europa.eu/372,PARENT_CONCEPT_OF
http://eurovoc.europa.eu/929,http://eurovoc.europa.eu/3350,PARENT_CONCEPT_OF
http://eurovoc.europa.eu/2698,http://eurovoc.europa.eu/5059,PARENT_CONCEPT_OF
http://eurovoc.europa.eu/1386,http://eurovoc.europa.eu/1375,PARENT_CONCEPT_OF
http://eurovoc.europa.eu/2493,http://eurovoc.europa.eu/1342,PARENT_CONCEPT_OF
http://eurovoc.europa.eu/2493,http://eurovoc.europa.eu/4771,PARENT_CONCEPT_OF
http://eurovoc.europa.eu/2972,http://eurovoc.europa.eu/2974,PARENT_CONCEPT_OF
http://eurovoc.europa.eu/784,http://eurovoc.europa.eu/680,PARENT_CONCEPT_OF
http://eurovoc.europa.eu/778,http://eurovoc.europa.eu/796,PARENT_CONCEPT_OF
http://eurovoc.europa.eu/778,http://eurovoc.europa.eu/785,PARENT_CONCEPT_OF
http://eurovoc.europa.eu/778,http://eurovoc.europa.eu/782,PARENT_CONCEPT_OF
http://eurovoc.europa.eu/2190,http://eurovoc.europa.eu/1190,PARENT_CONCEPT_OF
http://eurovoc.europa.eu/2190,http://eurovoc.europa.eu/c_5bad9438,PARENT_CONCEPT_OF
http://eurovoc.europa.eu/2167,http://eurovoc.europa.eu/8398,PARENT_CONCEPT_OF
http://eurovoc.europa.eu/2167,http://eurovoc.europa.eu/2202,PARENT_CONCEPT_OF
http://eurovoc.europa.eu/2171,http://eurovoc.europa.eu/8370,PARENT_CONCEPT_OF
http://eurovoc.europa.eu/2171,http://eurovoc.europa.eu/1657,PARENT_CONCEPT_OF
http://eurovoc.europa.eu/2172,http://eurovoc.europa.eu/5446,PARENT_CONCEPT_OF
http://eurovoc.europa.eu/5640,http://eurovoc.europa.eu/5937,PARENT_CONCEPT_OF
http://eurovoc.europa.eu/2163,http://eurovoc.europa.eu/5680,PARENT_CONCEPT_OF
http://eurovoc.europa.eu/4304,http://eurovoc.europa.eu/4175,PARENT_CONCEPT_OF
http://eurovoc.europa.eu/5769,http://eurovoc.europa.eu/7928,PARENT_CONCEPT_OF
http://eurovoc.europa.eu/5769,http://eurovoc.europa.eu/447917,PARENT_CONCEPT_OF
http://eurovoc.europa.eu/5769,http://eurovoc.europa.eu/c_4768a12e,PARENT_CONCEPT_OF
http://eurovoc.europa.eu/5769,http://eurovoc.europa.eu/3717,PARENT_CONCEPT_OF
http://eurovoc.europa.eu/5130,http://eurovoc.europa.eu/5251,PARENT_CONCEPT_OF
http://eurovoc.europa.eu/5848,http://eurovoc.europa.eu/3073,PARENT_CONCEPT_OF
http://eurovoc.europa.eu/5848,http://eurovoc.europa.eu/c_6eb6fb87,PARENT_CONCEPT_OF
http://eurovoc.europa.eu/4515,http://eurovoc.europa.eu/2571,PARENT_CONCEPT_OF
http://eurovoc.europa.eu/4706,http://eurovoc.europa.eu/6046,PARENT_CONCEPT_OF
http://eurovoc.europa.eu/4706,http://eurovoc.europa.eu/5291,PARENT_CONCEPT_OF
http://eurovoc.europa.eu/5448,http://eurovoc.europa.eu/261,PARENT_CONCEPT_OF
http://eurovoc.europa.eu/2858,http://eurovoc.europa.eu/3791,PARENT_CONCEPT_OF
http://eurovoc.europa.eu/2113,http://eurovoc.europa.eu/2546,PARENT_CONCEPT_OF
http://eurovoc.europa.eu/2414,http://eurovoc.europa.eu/4210,PARENT_CONCEPT_OF
http://eurovoc.europa.eu/1115,http://eurovoc.europa.eu/1118,PARENT_CONCEPT_OF
http://eurovoc.europa.eu/1602,http://eurovoc.europa.eu/5231,PARENT_CONCEPT_OF
http://eurovoc.europa.eu/3956,http://eurovoc.europa.eu/2369,PARENT_CONCEPT_OF
http://eurovoc.europa.eu/1954,http://eurovoc.europa.eu/4510,PARENT_CONCEPT_OF
http://eurovoc.europa.eu/2181,http://eurovoc.europa.eu/3120,PARENT_CONCEPT_OF
http://eurovoc.europa.eu/2701,http://eurovoc.europa.eu/3974,PARENT_CONCEPT_OF
http://eurovoc.europa.eu/2701,http://eurovoc.europa.eu/5817,PARENT_CONCEPT_OF
http://eurovoc.europa.eu/5371,http://eurovoc.europa.eu/5414,PARENT_CONCEPT_OF
http://eurovoc.europa.eu/5400,http://eurovoc.europa.eu/3969,PARENT_CONCEPT_OF
http://eurovoc.europa.eu/5259,http://eurovoc.europa.eu/1297,PARENT_CONCEPT_OF
http://eurovoc.europa.eu/11,http://eurovoc.europa.eu/5151,PARENT_CONCEPT_OF
http://eurovoc.europa.eu/11,http://eurovoc.europa.eu/8,PARENT_CONCEPT_OF
http://eurovoc.europa.eu/53,http://eurovoc.europa.eu/1197,PARENT_CONCEPT_OF
http://eurovoc.europa.eu/41,http://eurovoc.europa.eu/1599,PARENT_CONCEPT_OF
http://eurovoc.europa.eu/41,http://eurovoc.europa.eu/190,PARENT_CONCEPT_OF
http://eurovoc.europa.eu/2246,http://eurovoc.europa.eu/4328,PARENT_CONCEPT_OF
http://eurovoc.europa.eu/2448,http://eurovoc.europa.eu/2403,PARENT_CONCEPT_OF
http://eurovoc.europa.eu/2187,http://eurovoc.europa.eu/5370,PARENT_CONCEPT_OF
http://eurovoc.europa.eu/1360,http://eurovoc.europa.eu/3563,PARENT_CONCEPT_OF
http://eurovoc.europa.eu/3451,http://eurovoc.europa.eu/3458,PARENT_CONCEPT_OF
http://eurovoc.europa.eu/2647,http://eurovoc.europa.eu/c_9104c45f,PARENT_CONCEPT_OF
http://eurovoc.europa.eu/2464,http://eurovoc.europa.eu/6380,PARENT_CONCEPT_OF
http://eurovoc.europa.eu/427,http://eurovoc.europa.eu/2297,PARENT_CONCEPT_OF
http://eurovoc.europa.eu/427,http://eurovoc.europa.eu/6781,PARENT_CONCEPT_OF
http://eurovoc.europa.eu/5424,http://eurovoc.europa.eu/357,PARENT_CONCEPT_OF
http://eurovoc.europa.eu/4602,http://eurovoc.europa.eu/c_2d0e694e,PARENT_CONCEPT_OF
http://eurovoc.europa.eu/2320,http://eurovoc.europa.eu/3000,PARENT_CONCEPT_OF
http://eurovoc.europa.eu/2476,http://eurovoc.europa.eu/1159,PARENT_CONCEPT_OF
http://eurovoc.europa.eu/2476,http://eurovoc.europa.eu/4790,PARENT_CONCEPT_OF
http://eurovoc.europa.eu/3946,http://eurovoc.europa.eu/3292,PARENT_CONCEPT_OF
http://eurovoc.europa.eu/2494,http://eurovoc.europa.eu/5908,PARENT_CONCEPT_OF
http://eurovoc.europa.eu/3101,http://eurovoc.europa.eu/4805,PARENT_CONCEPT_OF
http://eurovoc.europa.eu/1432,http://eurovoc.europa.eu/3993,PARENT_CONCEPT_OF
http://eurovoc.europa.eu/1432,http://eurovoc.europa.eu/3944,PARENT_CONCEPT_OF
http://eurovoc.europa.eu/1909,http://eurovoc.europa.eu/6540,PARENT_CONCEPT_OF
http://eurovoc.europa.eu/1909,http://eurovoc.europa.eu/1922,PARENT_CONCEPT_OF
http://eurovoc.europa.eu/7868,http://eurovoc.europa.eu/7878,PARENT_CONCEPT_OF
http://eurovoc.europa.eu/864,http://eurovoc.europa.eu/3388,PARENT_CONCEPT_OF
http://eurovoc.europa.eu/864,http://eurovoc.europa.eu/3385,PARENT_CONCEPT_OF
http://eurovoc.europa.eu/1088,http://eurovoc.europa.eu/c_c44f1704,PARENT_CONCEPT_OF
http://eurovoc.europa.eu/2288,http://eurovoc.europa.eu/1249,PARENT_CONCEPT_OF
http://eurovoc.europa.eu/337,http://eurovoc.europa.eu/8280,PARENT_CONCEPT_OF
http://eurovoc.europa.eu/337,http://eurovoc.europa.eu/8281,PARENT_CONCEPT_OF
http://eurovoc.europa.eu/1506,http://eurovoc.europa.eu/113,PARENT_CONCEPT_OF
http://eurovoc.europa.eu/6138,http://eurovoc.europa.eu/6241,PARENT_CONCEPT_OF
http://eurovoc.europa.eu/1329,http://eurovoc.europa.eu/4835,PARENT_CONCEPT_OF
http://eurovoc.europa.eu/c_6acbfd25,http://eurovoc.europa.eu/c_c5c9cfc7,PARENT_CONCEPT_OF
http://eurovoc.europa.eu/c_6acbfd25,http://eurovoc.europa.eu/c_de77a2c0,PARENT_CONCEPT_OF
http://eurovoc.europa.eu/7815,http://eurovoc.europa.eu/7823,PARENT_CONCEPT_OF
http://eurovoc.europa.eu/7815,http://eurovoc.europa.eu/7821,PARENT_CONCEPT_OF
http://eurovoc.europa.eu/7815,http://eurovoc.europa.eu/7829,PARENT_CONCEPT_OF
http://eurovoc.europa.eu/4840,http://eurovoc.europa.eu/3039,PARENT_CONCEPT_OF
http://eurovoc.europa.eu/6136,http://eurovoc.europa.eu/6201,PARENT_CONCEPT_OF
http://eurovoc.europa.eu/2292,http://eurovoc.europa.eu/2317,PARENT_CONCEPT_OF
http://eurovoc.europa.eu/614,http://eurovoc.europa.eu/1309,PARENT_CONCEPT_OF
http://eurovoc.europa.eu/614,http://eurovoc.europa.eu/3189,PARENT_CONCEPT_OF
http://eurovoc.europa.eu/4750,http://eurovoc.europa.eu/4765,PARENT_CONCEPT_OF
http://eurovoc.europa.eu/4157,http://eurovoc.europa.eu/3313,PARENT_CONCEPT_OF
http://eurovoc.europa.eu/695,http://eurovoc.europa.eu/699,PARENT_CONCEPT_OF
http://eurovoc.europa.eu/2186,http://eurovoc.europa.eu/5105,PARENT_CONCEPT_OF
http://eurovoc.europa.eu/3935,http://eurovoc.europa.eu/7399,PARENT_CONCEPT_OF
http://eurovoc.europa.eu/2474,http://eurovoc.europa.eu/75,PARENT_CONCEPT_OF
http://eurovoc.europa.eu/2474,http://eurovoc.europa.eu/1635,PARENT_CONCEPT_OF
http://eurovoc.europa.eu/3581,http://eurovoc.europa.eu/2993,PARENT_CONCEPT_OF
http://eurovoc.europa.eu/539,http://eurovoc.europa.eu/3145,PARENT_CONCEPT_OF
http://eurovoc.europa.eu/3151,http://eurovoc.europa.eu/165,PARENT_CONCEPT_OF
http://eurovoc.europa.eu/3151,http://eurovoc.europa.eu/3242,PARENT_CONCEPT_OF
http://eurovoc.europa.eu/1400,http://eurovoc.europa.eu/50,PARENT_CONCEPT_OF
http://eurovoc.europa.eu/2524,http://eurovoc.europa.eu/6407,PARENT_CONCEPT_OF
http://eurovoc.europa.eu/2524,http://eurovoc.europa.eu/3164,PARENT_CONCEPT_OF
http://eurovoc.europa.eu/371,http://eurovoc.europa.eu/1335,PARENT_CONCEPT_OF
http://eurovoc.europa.eu/343,http://eurovoc.europa.eu/6103,PARENT_CONCEPT_OF
http://eurovoc.europa.eu/343,http://eurovoc.europa.eu/612,PARENT_CONCEPT_OF
http://eurovoc.europa.eu/4619,http://eurovoc.europa.eu/4618,PARENT_CONCEPT_OF
http://eurovoc.europa.eu/4619,http://eurovoc.europa.eu/4167,PARENT_CONCEPT_OF
http://eurovoc.europa.eu/4619,http://eurovoc.europa.eu/847,PARENT_CONCEPT_OF
http://eurovoc.europa.eu/4619,http://eurovoc.europa.eu/861,PARENT_CONCEPT_OF
http://eurovoc.europa.eu/4619,http://eurovoc.europa.eu/2391,PARENT_CONCEPT_OF
http://eurovoc.europa.eu/4619,http://eurovoc.europa.eu/c_4b5a18f8,PARENT_CONCEPT_OF
http://eurovoc.europa.eu/2179,http://eurovoc.europa.eu/4002,PARENT_CONCEPT_OF
http://eurovoc.europa.eu/1455,http://eurovoc.europa.eu/2145,PARENT_CONCEPT_OF
http://eurovoc.europa.eu/1455,http://eurovoc.europa.eu/968,PARENT_CONCEPT_OF
http://eurovoc.europa.eu/1455,http://eurovoc.europa.eu/2130,PARENT_CONCEPT_OF
http://eurovoc.europa.eu/4365,http://eurovoc.europa.eu/8393,PARENT_CONCEPT_OF
http://eurovoc.europa.eu/2736,http://eurovoc.europa.eu/2212,PARENT_CONCEPT_OF
http://eurovoc.europa.eu/1258,http://eurovoc.europa.eu/2779,PARENT_CONCEPT_OF
http://eurovoc.europa.eu/1154,http://eurovoc.europa.eu/6064,PARENT_CONCEPT_OF
http://eurovoc.europa.eu/3450,http://eurovoc.europa.eu/3506,PARENT_CONCEPT_OF
http://eurovoc.europa.eu/3450,http://eurovoc.europa.eu/c_c5f984c3,PARENT_CONCEPT_OF
http://eurovoc.europa.eu/3476,http://eurovoc.europa.eu/c_7d7608fa,PARENT_CONCEPT_OF
http://eurovoc.europa.eu/3476,http://eurovoc.europa.eu/c_ff638149,PARENT_CONCEPT_OF
http://eurovoc.europa.eu/6722,http://eurovoc.europa.eu/2485,PARENT_CONCEPT_OF
http://eurovoc.europa.eu/2497,http://eurovoc.europa.eu/4077,PARENT_CONCEPT_OF
http://eurovoc.europa.eu/2402,http://eurovoc.europa.eu/2407,PARENT_CONCEPT_OF
http://eurovoc.europa.eu/712,http://eurovoc.europa.eu/745,PARENT_CONCEPT_OF
http://eurovoc.europa.eu/52,http://eurovoc.europa.eu/1864,PARENT_CONCEPT_OF
http://eurovoc.europa.eu/52,http://eurovoc.europa.eu/3327,PARENT_CONCEPT_OF
http://eurovoc.europa.eu/1016,http://eurovoc.europa.eu/2219,PARENT_CONCEPT_OF
http://eurovoc.europa.eu/651,http://eurovoc.europa.eu/943,PARENT_CONCEPT_OF
http://eurovoc.europa.eu/1426,http://eurovoc.europa.eu/4430,PARENT_CONCEPT_OF
http://eurovoc.europa.eu/4488,http://eurovoc.europa.eu/c_f7c1b2bd,PARENT_CONCEPT_OF
http://eurovoc.europa.eu/557,http://eurovoc.europa.eu/1443,PARENT_CONCEPT_OF
http://eurovoc.europa.eu/3209,http://eurovoc.europa.eu/3572,PARENT_CONCEPT_OF
http://eurovoc.europa.eu/3209,http://eurovoc.europa.eu/194,PARENT_CONCEPT_OF
http://eurovoc.europa.eu/3209,http://eurovoc.europa.eu/3374,PARENT_CONCEPT_OF
http://eurovoc.europa.eu/965,http://eurovoc.europa.eu/5961,PARENT_CONCEPT_OF
http://eurovoc.europa.eu/965,http://eurovoc.europa.eu/966,PARENT_CONCEPT_OF
http://eurovoc.europa.eu/965,http://eurovoc.europa.eu/2239,PARENT_CONCEPT_OF
http://eurovoc.europa.eu/4184,http://eurovoc.europa.eu/2238,PARENT_CONCEPT_OF
http://eurovoc.europa.eu/4184,http://eurovoc.europa.eu/6538,PARENT_CONCEPT_OF
http://eurovoc.europa.eu/4184,http://eurovoc.europa.eu/2339,PARENT_CONCEPT_OF
http://eurovoc.europa.eu/913,http://eurovoc.europa.eu/1290,PARENT_CONCEPT_OF
http://eurovoc.europa.eu/912,http://eurovoc.europa.eu/3814,PARENT_CONCEPT_OF
http://eurovoc.europa.eu/3156,http://eurovoc.europa.eu/4079,PARENT_CONCEPT_OF
http://eurovoc.europa.eu/4436,http://eurovoc.europa.eu/955,PARENT_CONCEPT_OF
http://eurovoc.europa.eu/438855,http://eurovoc.europa.eu/5158,PARENT_CONCEPT_OF
http://eurovoc.europa.eu/3258,http://eurovoc.europa.eu/3560,PARENT_CONCEPT_OF
http://eurovoc.europa.eu/1488,http://eurovoc.europa.eu/1496,PARENT_CONCEPT_OF
http://eurovoc.europa.eu/1000,http://eurovoc.europa.eu/c_39d242fc,PARENT_CONCEPT_OF
http://eurovoc.europa.eu/1718,http://eurovoc.europa.eu/1724,PARENT_CONCEPT_OF
http://eurovoc.europa.eu/833,http://eurovoc.europa.eu/844,PARENT_CONCEPT_OF
http://eurovoc.europa.eu/1268,http://eurovoc.europa.eu/2446,PARENT_CONCEPT_OF
http://eurovoc.europa.eu/1268,http://eurovoc.europa.eu/465,PARENT_CONCEPT_OF
http://eurovoc.europa.eu/2479,http://eurovoc.europa.eu/c_058697c2,PARENT_CONCEPT_OF
http://eurovoc.europa.eu/1754,http://eurovoc.europa.eu/c_28750470,PARENT_CONCEPT_OF
http://eurovoc.europa.eu/1754,http://eurovoc.europa.eu/5717,PARENT_CONCEPT_OF
http://eurovoc.europa.eu/1754,http://eurovoc.europa.eu/5720,PARENT_CONCEPT_OF
http://eurovoc.europa.eu/5881,http://eurovoc.europa.eu/1852,PARENT_CONCEPT_OF
http://eurovoc.europa.eu/1086,http://eurovoc.europa.eu/1220,PARENT_CONCEPT_OF
http://eurovoc.europa.eu/1087,http://eurovoc.europa.eu/8374,PARENT_CONCEPT_OF
http://eurovoc.europa.eu/3778,http://eurovoc.europa.eu/1299,PARENT_CONCEPT_OF
http://eurovoc.europa.eu/2287,http://eurovoc.europa.eu/451885,PARENT_CONCEPT_OF
http://eurovoc.europa.eu/4189,http://eurovoc.europa.eu/3060,PARENT_CONCEPT_OF
http://eurovoc.europa.eu/3489,http://eurovoc.europa.eu/5545,PARENT_CONCEPT_OF
http://eurovoc.europa.eu/3489,http://eurovoc.europa.eu/207,PARENT_CONCEPT_OF
http://eurovoc.europa.eu/3074,http://eurovoc.europa.eu/c_af37e15d,PARENT_CONCEPT_OF
http://eurovoc.europa.eu/3810,http://eurovoc.europa.eu/2213,PARENT_CONCEPT_OF
http://eurovoc.europa.eu/3809,http://eurovoc.europa.eu/1887,PARENT_CONCEPT_OF
http://eurovoc.europa.eu/3809,http://eurovoc.europa.eu/2214,PARENT_CONCEPT_OF
http://eurovoc.europa.eu/3901,http://eurovoc.europa.eu/3915,PARENT_CONCEPT_OF
http://eurovoc.europa.eu/538,http://eurovoc.europa.eu/1620,PARENT_CONCEPT_OF
http://eurovoc.europa.eu/3908,http://eurovoc.europa.eu/3910,PARENT_CONCEPT_OF
http://eurovoc.europa.eu/2166,http://eurovoc.europa.eu/2968,PARENT_CONCEPT_OF
http://eurovoc.europa.eu/3062,http://eurovoc.europa.eu/39,PARENT_CONCEPT_OF
http://eurovoc.europa.eu/2723,http://eurovoc.europa.eu/320,PARENT_CONCEPT_OF
http://eurovoc.europa.eu/5877,http://eurovoc.europa.eu/1856,PARENT_CONCEPT_OF
http://eurovoc.europa.eu/2711,http://eurovoc.europa.eu/4743,PARENT_CONCEPT_OF
http://eurovoc.europa.eu/1422,http://eurovoc.europa.eu/c_eaccd9f4,PARENT_CONCEPT_OF
http://eurovoc.europa.eu/3737,http://eurovoc.europa.eu/746,PARENT_CONCEPT_OF
http://eurovoc.europa.eu/3737,http://eurovoc.europa.eu/6043,PARENT_CONCEPT_OF
http://eurovoc.europa.eu/3273,http://eurovoc.europa.eu/2619,PARENT_CONCEPT_OF
http://eurovoc.europa.eu/2491,http://eurovoc.europa.eu/1866,PARENT_CONCEPT_OF
http://eurovoc.europa.eu/1163,http://eurovoc.europa.eu/2943,PARENT_CONCEPT_OF
http://eurovoc.europa.eu/2632,http://eurovoc.europa.eu/2689,PARENT_CONCEPT_OF
http://eurovoc.europa.eu/2656,http://eurovoc.europa.eu/2636,PARENT_CONCEPT_OF
http://eurovoc.europa.eu/26526,http://eurovoc.europa.eu/86576,PARENT_CONCEPT_OF
http://eurovoc.europa.eu/3895,http://eurovoc.europa.eu/1458,PARENT_CONCEPT_OF
http://eurovoc.europa.eu/3895,http://eurovoc.europa.eu/2774,PARENT_CONCEPT_OF
http://eurovoc.europa.eu/4363,http://eurovoc.europa.eu/636,PARENT_CONCEPT_OF
http://eurovoc.europa.eu/4363,http://eurovoc.europa.eu/328,PARENT_CONCEPT_OF
http://eurovoc.europa.eu/4630,http://eurovoc.europa.eu/4338,PARENT_CONCEPT_OF
http://eurovoc.europa.eu/2449,http://eurovoc.europa.eu/5707,PARENT_CONCEPT_OF
http://eurovoc.europa.eu/2450,http://eurovoc.europa.eu/4605,PARENT_CONCEPT_OF
http://eurovoc.europa.eu/2488,http://eurovoc.europa.eu/6268,PARENT_CONCEPT_OF
http://eurovoc.europa.eu/2488,http://eurovoc.europa.eu/3570,PARENT_CONCEPT_OF
http://eurovoc.europa.eu/2573,http://eurovoc.europa.eu/2582,PARENT_CONCEPT_OF
http://eurovoc.europa.eu/2573,http://eurovoc.europa.eu/2578,PARENT_CONCEPT_OF
http://eurovoc.europa.eu/2573,http://eurovoc.europa.eu/2577,PARENT_CONCEPT_OF
http://eurovoc.europa.eu/2573,http://eurovoc.europa.eu/2576,PARENT_CONCEPT_OF
http://eurovoc.europa.eu/2370,http://eurovoc.europa.eu/4093,PARENT_CONCEPT_OF
http://eurovoc.europa.eu/883,http://eurovoc.europa.eu/5623,PARENT_CONCEPT_OF
http://eurovoc.europa.eu/2191,http://eurovoc.europa.eu/125,PARENT_CONCEPT_OF
http://eurovoc.europa.eu/2191,http://eurovoc.europa.eu/1510,PARENT_CONCEPT_OF
http://eurovoc.europa.eu/4040,http://eurovoc.europa.eu/5763,PARENT_CONCEPT_OF
http://eurovoc.europa.eu/4040,http://eurovoc.europa.eu/442821,PARENT_CONCEPT_OF
http://eurovoc.europa.eu/1804,http://eurovoc.europa.eu/2150,PARENT_CONCEPT_OF
http://eurovoc.europa.eu/1804,http://eurovoc.europa.eu/728,PARENT_CONCEPT_OF
http://eurovoc.europa.eu/3659,http://eurovoc.europa.eu/5056,PARENT_CONCEPT_OF
http://eurovoc.europa.eu/3659,http://eurovoc.europa.eu/3684,PARENT_CONCEPT_OF
http://eurovoc.europa.eu/56,http://eurovoc.europa.eu/3328,PARENT_CONCEPT_OF
http://eurovoc.europa.eu/3820,http://eurovoc.europa.eu/2766,PARENT_CONCEPT_OF
http://eurovoc.europa.eu/3820,http://eurovoc.europa.eu/708,PARENT_CONCEPT_OF
http://eurovoc.europa.eu/2470,http://eurovoc.europa.eu/6396,PARENT_CONCEPT_OF
http://eurovoc.europa.eu/4590,http://eurovoc.europa.eu/1182,PARENT_CONCEPT_OF
http://eurovoc.europa.eu/4590,http://eurovoc.europa.eu/1318,PARENT_CONCEPT_OF
http://eurovoc.europa.eu/c_6e703074,http://eurovoc.europa.eu/5930,PARENT_CONCEPT_OF
http://eurovoc.europa.eu/2079,http://eurovoc.europa.eu/888,PARENT_CONCEPT_OF
http://eurovoc.europa.eu/2079,http://eurovoc.europa.eu/4160,PARENT_CONCEPT_OF
http://eurovoc.europa.eu/5775,http://eurovoc.europa.eu/5693,PARENT_CONCEPT_OF
http://eurovoc.europa.eu/2200,http://eurovoc.europa.eu/5709,PARENT_CONCEPT_OF
http://eurovoc.europa.eu/2200,http://eurovoc.europa.eu/5898,PARENT_CONCEPT_OF
http://eurovoc.europa.eu/2200,http://eurovoc.europa.eu/3774,PARENT_CONCEPT_OF
http://eurovoc.europa.eu/122,http://eurovoc.europa.eu/1519,PARENT_CONCEPT_OF
http://eurovoc.europa.eu/122,http://eurovoc.europa.eu/5619,PARENT_CONCEPT_OF
http://eurovoc.europa.eu/122,http://eurovoc.europa.eu/1774,PARENT_CONCEPT_OF
http://eurovoc.europa.eu/122,http://eurovoc.europa.eu/5563,PARENT_CONCEPT_OF
http://eurovoc.europa.eu/130,http://eurovoc.europa.eu/336,PARENT_CONCEPT_OF
http://eurovoc.europa.eu/2119,http://eurovoc.europa.eu/1219,PARENT_CONCEPT_OF
http://eurovoc.europa.eu/2763,http://eurovoc.europa.eu/301,PARENT_CONCEPT_OF
http://eurovoc.europa.eu/813,http://eurovoc.europa.eu/820,PARENT_CONCEPT_OF
http://eurovoc.europa.eu/813,http://eurovoc.europa.eu/6754,PARENT_CONCEPT_OF
http://eurovoc.europa.eu/3461,http://eurovoc.europa.eu/5537,PARENT_CONCEPT_OF
http://eurovoc.europa.eu/3467,http://eurovoc.europa.eu/3468,PARENT_CONCEPT_OF
http://eurovoc.europa.eu/1346,http://eurovoc.europa.eu/4596,PARENT_CONCEPT_OF
http://eurovoc.europa.eu/3474,http://eurovoc.europa.eu/3241,PARENT_CONCEPT_OF
http://eurovoc.europa.eu/2507,http://eurovoc.europa.eu/2405,PARENT_CONCEPT_OF
http://eurovoc.europa.eu/2507,http://eurovoc.europa.eu/1356,PARENT_CONCEPT_OF
http://eurovoc.europa.eu/13,http://eurovoc.europa.eu/6371,PARENT_CONCEPT_OF
http://eurovoc.europa.eu/2001,http://eurovoc.europa.eu/2073,PARENT_CONCEPT_OF
http://eurovoc.europa.eu/4704,http://eurovoc.europa.eu/7189,PARENT_CONCEPT_OF
http://eurovoc.europa.eu/4704,http://eurovoc.europa.eu/49,PARENT_CONCEPT_OF
http://eurovoc.europa.eu/4045,http://eurovoc.europa.eu/3057,PARENT_CONCEPT_OF
http://eurovoc.europa.eu/1370,http://eurovoc.europa.eu/1629,PARENT_CONCEPT_OF
http://eurovoc.europa.eu/3855,http://eurovoc.europa.eu/3873,PARENT_CONCEPT_OF
http://eurovoc.europa.eu/3855,http://eurovoc.europa.eu/2176,PARENT_CONCEPT_OF
http://eurovoc.europa.eu/2478,http://eurovoc.europa.eu/c_fea6771b,PARENT_CONCEPT_OF
http://eurovoc.europa.eu/2478,http://eurovoc.europa.eu/3654,PARENT_CONCEPT_OF
http://eurovoc.europa.eu/2817,http://eurovoc.europa.eu/2816,PARENT_CONCEPT_OF
http://eurovoc.europa.eu/1321,http://eurovoc.europa.eu/4409,PARENT_CONCEPT_OF
http://eurovoc.europa.eu/1321,http://eurovoc.europa.eu/4585,PARENT_CONCEPT_OF
http://eurovoc.europa.eu/1310,http://eurovoc.europa.eu/1316,PARENT_CONCEPT_OF
http://eurovoc.europa.eu/1418,http://eurovoc.europa.eu/4169,PARENT_CONCEPT_OF
http://eurovoc.europa.eu/5127,http://eurovoc.europa.eu/5811,PARENT_CONCEPT_OF
http://eurovoc.europa.eu/36,http://eurovoc.europa.eu/6133,PARENT_CONCEPT_OF
http://eurovoc.europa.eu/449,http://eurovoc.europa.eu/440631,PARENT_CONCEPT_OF
http://eurovoc.europa.eu/6284,http://eurovoc.europa.eu/5129,PARENT_CONCEPT_OF
http://eurovoc.europa.eu/5606,http://eurovoc.europa.eu/5815,PARENT_CONCEPT_OF
http://eurovoc.europa.eu/1009,http://eurovoc.europa.eu/1493,PARENT_CONCEPT_OF
http://eurovoc.europa.eu/4738,http://eurovoc.europa.eu/4806,PARENT_CONCEPT_OF
http://eurovoc.europa.eu/4738,http://eurovoc.europa.eu/3247,PARENT_CONCEPT_OF
http://eurovoc.europa.eu/4738,http://eurovoc.europa.eu/4814,PARENT_CONCEPT_OF
http://eurovoc.europa.eu/1033,http://eurovoc.europa.eu/4438,PARENT_CONCEPT_OF
http://eurovoc.europa.eu/5667,http://eurovoc.europa.eu/8442,PARENT_CONCEPT_OF
http://eurovoc.europa.eu/892,http://eurovoc.europa.eu/6394,PARENT_CONCEPT_OF
http://eurovoc.europa.eu/871,http://eurovoc.europa.eu/998,PARENT_CONCEPT_OF
http://eurovoc.europa.eu/5374,http://eurovoc.europa.eu/3122,PARENT_CONCEPT_OF
http://eurovoc.europa.eu/1672,http://eurovoc.europa.eu/960,PARENT_CONCEPT_OF
http://eurovoc.europa.eu/c_eb46b396,http://eurovoc.europa.eu/743,PARENT_CONCEPT_OF
http://eurovoc.europa.eu/4533,http://eurovoc.europa.eu/3438,PARENT_CONCEPT_OF
http://eurovoc.europa.eu/4533,http://eurovoc.europa.eu/3127,PARENT_CONCEPT_OF
http://eurovoc.europa.eu/1543,http://eurovoc.europa.eu/1547,PARENT_CONCEPT_OF
http://eurovoc.europa.eu/1543,http://eurovoc.europa.eu/6624,PARENT_CONCEPT_OF
http://eurovoc.europa.eu/2836,http://eurovoc.europa.eu/4036,PARENT_CONCEPT_OF
http://eurovoc.europa.eu/4762,http://eurovoc.europa.eu/450,PARENT_CONCEPT_OF
http://eurovoc.europa.eu/1752,http://eurovoc.europa.eu/1350,PARENT_CONCEPT_OF
http://eurovoc.europa.eu/438,http://eurovoc.europa.eu/4135,PARENT_CONCEPT_OF
http://eurovoc.europa.eu/4865,http://eurovoc.europa.eu/4868,PARENT_CONCEPT_OF
http://eurovoc.europa.eu/2076,http://eurovoc.europa.eu/3648,PARENT_CONCEPT_OF
http://eurovoc.europa.eu/4111,http://eurovoc.europa.eu/5768,PARENT_CONCEPT_OF
http://eurovoc.europa.eu/4921,http://eurovoc.europa.eu/5303,PARENT_CONCEPT_OF
http://eurovoc.europa.eu/3408,http://eurovoc.europa.eu/3308,PARENT_CONCEPT_OF
http://eurovoc.europa.eu/2754,http://eurovoc.europa.eu/1650,PARENT_CONCEPT_OF
http://eurovoc.europa.eu/2516,http://eurovoc.europa.eu/5823,PARENT_CONCEPT_OF
http://eurovoc.europa.eu/2938,http://eurovoc.europa.eu/2620,PARENT_CONCEPT_OF
http://eurovoc.europa.eu/783,http://eurovoc.europa.eu/1582,PARENT_CONCEPT_OF
http://eurovoc.europa.eu/5854,http://eurovoc.europa.eu/5548,PARENT_CONCEPT_OF
http://eurovoc.europa.eu/5854,http://eurovoc.europa.eu/5408,PARENT_CONCEPT_OF
http://eurovoc.europa.eu/5937,http://eurovoc.europa.eu/5399,PARENT_CONCEPT_OF
http://eurovoc.europa.eu/5455,http://eurovoc.europa.eu/447442,PARENT_CONCEPT_OF
http://eurovoc.europa.eu/2243,http://eurovoc.europa.eu/19,PARENT_CONCEPT_OF
http://eurovoc.europa.eu/4038,http://eurovoc.europa.eu/4124,PARENT_CONCEPT_OF
http://eurovoc.europa.eu/3435,http://eurovoc.europa.eu/4736,PARENT_CONCEPT_OF
http://eurovoc.europa.eu/569,http://eurovoc.europa.eu/2282,PARENT_CONCEPT_OF
http://eurovoc.europa.eu/1231,http://eurovoc.europa.eu/6548,PARENT_CONCEPT_OF
http://eurovoc.europa.eu/3250,http://eurovoc.europa.eu/c_c7c1e23c,PARENT_CONCEPT_OF
http://eurovoc.europa.eu/4470,http://eurovoc.europa.eu/c_67699417,PARENT_CONCEPT_OF
http://eurovoc.europa.eu/4634,http://eurovoc.europa.eu/3702,PARENT_CONCEPT_OF
http://eurovoc.europa.eu/5800,http://eurovoc.europa.eu/6553,PARENT_CONCEPT_OF
http://eurovoc.europa.eu/5777,http://eurovoc.europa.eu/1500,PARENT_CONCEPT_OF
http://eurovoc.europa.eu/5777,http://eurovoc.europa.eu/2866,PARENT_CONCEPT_OF
http://eurovoc.europa.eu/2546,http://eurovoc.europa.eu/3416,PARENT_CONCEPT_OF
http://eurovoc.europa.eu/1862,http://eurovoc.europa.eu/993,PARENT_CONCEPT_OF
http://eurovoc.europa.eu/1862,http://eurovoc.europa.eu/2229,PARENT_CONCEPT_OF
http://eurovoc.europa.eu/2729,http://eurovoc.europa.eu/2221,PARENT_CONCEPT_OF
http://eurovoc.europa.eu/4042,http://eurovoc.europa.eu/2884,PARENT_CONCEPT_OF
http://eurovoc.europa.eu/4422,http://eurovoc.europa.eu/3789,PARENT_CONCEPT_OF
http://eurovoc.europa.eu/4651,http://eurovoc.europa.eu/2433,PARENT_CONCEPT_OF
http://eurovoc.europa.eu/2704,http://eurovoc.europa.eu/8455,PARENT_CONCEPT_OF
http://eurovoc.europa.eu/5836,http://eurovoc.europa.eu/3979,PARENT_CONCEPT_OF
http://eurovoc.europa.eu/809,http://eurovoc.europa.eu/3591,PARENT_CONCEPT_OF
http://eurovoc.europa.eu/482,http://eurovoc.europa.eu/4240,PARENT_CONCEPT_OF
http://eurovoc.europa.eu/482,http://eurovoc.europa.eu/46,PARENT_CONCEPT_OF
http://eurovoc.europa.eu/190,http://eurovoc.europa.eu/6891,PARENT_CONCEPT_OF
http://eurovoc.europa.eu/4503,http://eurovoc.europa.eu/501,PARENT_CONCEPT_OF
http://eurovoc.europa.eu/5598,http://eurovoc.europa.eu/5582,PARENT_CONCEPT_OF
http://eurovoc.europa.eu/2454,http://eurovoc.europa.eu/1638,PARENT_CONCEPT_OF
http://eurovoc.europa.eu/1646,http://eurovoc.europa.eu/1343,PARENT_CONCEPT_OF
http://eurovoc.europa.eu/1514,http://eurovoc.europa.eu/1515,PARENT_CONCEPT_OF
http://eurovoc.europa.eu/2173,http://eurovoc.europa.eu/6048,PARENT_CONCEPT_OF
http://eurovoc.europa.eu/7810,http://eurovoc.europa.eu/7943,PARENT_CONCEPT_OF
http://eurovoc.europa.eu/121,http://eurovoc.europa.eu/118,PARENT_CONCEPT_OF
http://eurovoc.europa.eu/1210,http://eurovoc.europa.eu/1213,PARENT_CONCEPT_OF
http://eurovoc.europa.eu/3486,http://eurovoc.europa.eu/6545,PARENT_CONCEPT_OF
http://eurovoc.europa.eu/351,http://eurovoc.europa.eu/4161,PARENT_CONCEPT_OF
http://eurovoc.europa.eu/357,http://eurovoc.europa.eu/1557,PARENT_CONCEPT_OF
http://eurovoc.europa.eu/357,http://eurovoc.europa.eu/2018,PARENT_CONCEPT_OF
http://eurovoc.europa.eu/342,http://eurovoc.europa.eu/5029,PARENT_CONCEPT_OF
http://eurovoc.europa.eu/1075,http://eurovoc.europa.eu/426,PARENT_CONCEPT_OF
http://eurovoc.europa.eu/904,http://eurovoc.europa.eu/901,PARENT_CONCEPT_OF
http://eurovoc.europa.eu/3931,http://eurovoc.europa.eu/6386,PARENT_CONCEPT_OF
http://eurovoc.europa.eu/1151,http://eurovoc.europa.eu/1152,PARENT_CONCEPT_OF
http://eurovoc.europa.eu/5966,http://eurovoc.europa.eu/707,PARENT_CONCEPT_OF
http://eurovoc.europa.eu/2772,http://eurovoc.europa.eu/3768,PARENT_CONCEPT_OF
http://eurovoc.europa.eu/3943,http://eurovoc.europa.eu/1251,PARENT_CONCEPT_OF
http://eurovoc.europa.eu/c_f2f1fb47,http://eurovoc.europa.eu/5032,PARENT_CONCEPT_OF
http://eurovoc.europa.eu/8492,http://eurovoc.europa.eu/8505,PARENT_CONCEPT_OF
http://eurovoc.europa.eu/8311,http://eurovoc.europa.eu/8312,PARENT_CONCEPT_OF
http://eurovoc.europa.eu/8328,http://eurovoc.europa.eu/8330,PARENT_CONCEPT_OF
http://eurovoc.europa.eu/c_46e54685,http://eurovoc.europa.eu/c_eb3ada47,PARENT_CONCEPT_OF
http://eurovoc.europa.eu/c_d4ca9a6c,http://eurovoc.europa.eu/c_496cee2d,PARENT_CONCEPT_OF
http://eurovoc.europa.eu/706,http://eurovoc.europa.eu/1679,PARENT_CONCEPT_OF
http://eurovoc.europa.eu/6023,http://eurovoc.europa.eu/5496,PARENT_CONCEPT_OF
http://eurovoc.europa.eu/6023,http://eurovoc.europa.eu/6610,PARENT_CONCEPT_OF
http://eurovoc.europa.eu/6729,http://eurovoc.europa.eu/6731,PARENT_CONCEPT_OF
http://eurovoc.europa.eu/806,http://eurovoc.europa.eu/64,PARENT_CONCEPT_OF
http://eurovoc.europa.eu/165,http://eurovoc.europa.eu/4166,PARENT_CONCEPT_OF
http://eurovoc.europa.eu/2530,http://eurovoc.europa.eu/2533,PARENT_CONCEPT_OF
http://eurovoc.europa.eu/413,http://eurovoc.europa.eu/5565,PARENT_CONCEPT_OF
http://eurovoc.europa.eu/4598,http://eurovoc.europa.eu/591,PARENT_CONCEPT_OF
http://eurovoc.europa.eu/3709,http://eurovoc.europa.eu/8386,PARENT_CONCEPT_OF
http://eurovoc.europa.eu/2432,http://eurovoc.europa.eu/434664,PARENT_CONCEPT_OF
http://eurovoc.europa.eu/2792,http://eurovoc.europa.eu/918,PARENT_CONCEPT_OF
http://eurovoc.europa.eu/1773,http://eurovoc.europa.eu/6543,PARENT_CONCEPT_OF
http://eurovoc.europa.eu/3337,http://eurovoc.europa.eu/5281,PARENT_CONCEPT_OF
http://eurovoc.europa.eu/5219,http://eurovoc.europa.eu/6721,PARENT_CONCEPT_OF
http://eurovoc.europa.eu/2828,http://eurovoc.europa.eu/1498,PARENT_CONCEPT_OF
http://eurovoc.europa.eu/6030,http://eurovoc.europa.eu/5198,PARENT_CONCEPT_OF
http://eurovoc.europa.eu/1935,http://eurovoc.europa.eu/1643,PARENT_CONCEPT_OF
http://eurovoc.europa.eu/7208,http://eurovoc.europa.eu/5454,PARENT_CONCEPT_OF
http://eurovoc.europa.eu/2985,http://eurovoc.europa.eu/2357,PARENT_CONCEPT_OF
http://eurovoc.europa.eu/3560,http://eurovoc.europa.eu/5868,PARENT_CONCEPT_OF
http://eurovoc.europa.eu/3259,http://eurovoc.europa.eu/5538,PARENT_CONCEPT_OF
http://eurovoc.europa.eu/5844,http://eurovoc.europa.eu/5561,PARENT_CONCEPT_OF
http://eurovoc.europa.eu/55,http://eurovoc.europa.eu/c_fa8f51b0,PARENT_CONCEPT_OF
http://eurovoc.europa.eu/55,http://eurovoc.europa.eu/4641,PARENT_CONCEPT_OF
http://eurovoc.europa.eu/55,http://eurovoc.europa.eu/1815,PARENT_CONCEPT_OF
http://eurovoc.europa.eu/3602,http://eurovoc.europa.eu/392,PARENT_CONCEPT_OF
http://eurovoc.europa.eu/4675,http://eurovoc.europa.eu/c_441fb0c4,PARENT_CONCEPT_OF
http://eurovoc.europa.eu/972,http://eurovoc.europa.eu/c_a2e1def8,PARENT_CONCEPT_OF
http://eurovoc.europa.eu/3414,http://eurovoc.europa.eu/1983,PARENT_CONCEPT_OF
http://eurovoc.europa.eu/3813,http://eurovoc.europa.eu/1997,PARENT_CONCEPT_OF
http://eurovoc.europa.eu/1854,http://eurovoc.europa.eu/4636,PARENT_CONCEPT_OF
http://eurovoc.europa.eu/1852,http://eurovoc.europa.eu/3289,PARENT_CONCEPT_OF
http://eurovoc.europa.eu/4193,http://eurovoc.europa.eu/4200,PARENT_CONCEPT_OF
http://eurovoc.europa.eu/3003,http://eurovoc.europa.eu/958,PARENT_CONCEPT_OF
http://eurovoc.europa.eu/458,http://eurovoc.europa.eu/100,PARENT_CONCEPT_OF
http://eurovoc.europa.eu/5,http://eurovoc.europa.eu/6901,PARENT_CONCEPT_OF
http://eurovoc.europa.eu/39,http://eurovoc.europa.eu/171,PARENT_CONCEPT_OF
http://eurovoc.europa.eu/6044,http://eurovoc.europa.eu/8412,PARENT_CONCEPT_OF
http://eurovoc.europa.eu/1486,http://eurovoc.europa.eu/4347,PARENT_CONCEPT_OF
http://eurovoc.europa.eu/5418,http://eurovoc.europa.eu/5413,PARENT_CONCEPT_OF
http://eurovoc.europa.eu/5327,http://eurovoc.europa.eu/4026,PARENT_CONCEPT_OF
http://eurovoc.europa.eu/5327,http://eurovoc.europa.eu/352,PARENT_CONCEPT_OF
http://eurovoc.europa.eu/434056,http://eurovoc.europa.eu/c_a4094c9b,PARENT_CONCEPT_OF
http://eurovoc.europa.eu/597,http://eurovoc.europa.eu/1169,PARENT_CONCEPT_OF
http://eurovoc.europa.eu/2605,http://eurovoc.europa.eu/1399,PARENT_CONCEPT_OF
http://eurovoc.europa.eu/2605,http://eurovoc.europa.eu/7382,PARENT_CONCEPT_OF
http://eurovoc.europa.eu/1565,http://eurovoc.europa.eu/1566,PARENT_CONCEPT_OF
http://eurovoc.europa.eu/1565,http://eurovoc.europa.eu/1574,PARENT_CONCEPT_OF
http://eurovoc.europa.eu/1633,http://eurovoc.europa.eu/5405,PARENT_CONCEPT_OF
http://eurovoc.europa.eu/2034,http://eurovoc.europa.eu/58876,PARENT_CONCEPT_OF
http://eurovoc.europa.eu/4730,http://eurovoc.europa.eu/2991,PARENT_CONCEPT_OF
http://eurovoc.europa.eu/5191,http://eurovoc.europa.eu/5194,PARENT_CONCEPT_OF
http://eurovoc.europa.eu/3873,http://eurovoc.europa.eu/3868,PARENT_CONCEPT_OF
http://eurovoc.europa.eu/3873,http://eurovoc.europa.eu/3871,PARENT_CONCEPT_OF
http://eurovoc.europa.eu/6088,http://eurovoc.europa.eu/c_a17a2156,PARENT_CONCEPT_OF
http://eurovoc.europa.eu/6088,http://eurovoc.europa.eu/6182,PARENT_CONCEPT_OF
http://eurovoc.europa.eu/4424,http://eurovoc.europa.eu/3018,PARENT_CONCEPT_OF
http://eurovoc.europa.eu/2566,http://eurovoc.europa.eu/4133,PARENT_CONCEPT_OF
http://eurovoc.europa.eu/2795,http://eurovoc.europa.eu/8454,PARENT_CONCEPT_OF
http://eurovoc.europa.eu/3660,http://eurovoc.europa.eu/c_4254375b,PARENT_CONCEPT_OF
http://eurovoc.europa.eu/592,http://eurovoc.europa.eu/1259,PARENT_CONCEPT_OF
http://eurovoc.europa.eu/561,http://eurovoc.europa.eu/562,PARENT_CONCEPT_OF
http://eurovoc.europa.eu/1129,http://eurovoc.europa.eu/3942,PARENT_CONCEPT_OF
http://eurovoc.europa.eu/1734,http://eurovoc.europa.eu/4578,PARENT_CONCEPT_OF
http://eurovoc.europa.eu/3438,http://eurovoc.europa.eu/4739,PARENT_CONCEPT_OF
http://eurovoc.europa.eu/3438,http://eurovoc.europa.eu/6854,PARENT_CONCEPT_OF
http://eurovoc.europa.eu/3885,http://eurovoc.europa.eu/192,PARENT_CONCEPT_OF
http://eurovoc.europa.eu/1697,http://eurovoc.europa.eu/3921,PARENT_CONCEPT_OF
http://eurovoc.europa.eu/6110,http://eurovoc.europa.eu/435228,PARENT_CONCEPT_OF
http://eurovoc.europa.eu/2599,http://eurovoc.europa.eu/2600,PARENT_CONCEPT_OF
http://eurovoc.europa.eu/2077,http://eurovoc.europa.eu/5233,PARENT_CONCEPT_OF
http://eurovoc.europa.eu/4713,http://eurovoc.europa.eu/4714,PARENT_CONCEPT_OF
http://eurovoc.europa.eu/1381,http://eurovoc.europa.eu/6038,PARENT_CONCEPT_OF
http://eurovoc.europa.eu/4174,http://eurovoc.europa.eu/5134,PARENT_CONCEPT_OF
http://eurovoc.europa.eu/1879,http://eurovoc.europa.eu/5222,PARENT_CONCEPT_OF
http://eurovoc.europa.eu/5392,http://eurovoc.europa.eu/5391,PARENT_CONCEPT_OF
http://eurovoc.europa.eu/2032,http://eurovoc.europa.eu/1207,PARENT_CONCEPT_OF
http://eurovoc.europa.eu/5493,http://eurovoc.europa.eu/5492,PARENT_CONCEPT_OF
http://eurovoc.europa.eu/6218,http://eurovoc.europa.eu/8430,PARENT_CONCEPT_OF
http://eurovoc.europa.eu/3454,http://eurovoc.europa.eu/3456,PARENT_CONCEPT_OF
http://eurovoc.europa.eu/4432,http://eurovoc.europa.eu/3021,PARENT_CONCEPT_OF
http://eurovoc.europa.eu/6051,http://eurovoc.europa.eu/6084,PARENT_CONCEPT_OF
http://eurovoc.europa.eu/4504,http://eurovoc.europa.eu/4525,PARENT_CONCEPT_OF
http://eurovoc.europa.eu/c_d701b19c,http://eurovoc.europa.eu/5791,PARENT_CONCEPT_OF
http://eurovoc.europa.eu/4673,http://eurovoc.europa.eu/6089,PARENT_CONCEPT_OF
http://eurovoc.europa.eu/c_a18525ab,http://eurovoc.europa.eu/294,PARENT_CONCEPT_OF
http://eurovoc.europa.eu/c_324b44f1,http://eurovoc.europa.eu/8413,PARENT_CONCEPT_OF
http://eurovoc.europa.eu/c_25fe24f4,http://eurovoc.europa.eu/c_ad1c90d4,PARENT_CONCEPT_OF
http://eurovoc.europa.eu/5438,http://eurovoc.europa.eu/596,PARENT_CONCEPT_OF
http://eurovoc.europa.eu/100282,http://eurovoc.europa.eu/2117,PARENT_CONCEPT_OF
http://eurovoc.europa.eu/100282,http://eurovoc.europa.eu/c_8051840b,PARENT_CONCEPT_OF
http://eurovoc.europa.eu/100282,http://eurovoc.europa.eu/1847,PARENT_CONCEPT_OF
http://eurovoc.europa.eu/100195,http://eurovoc.europa.eu/138,PARENT_CONCEPT_OF
http://eurovoc.europa.eu/100205,http://eurovoc.europa.eu/2698,PARENT_CONCEPT_OF
http://eurovoc.europa.eu/100187,http://eurovoc.europa.eu/5848,PARENT_CONCEPT_OF
http://eurovoc.europa.eu/100281,http://eurovoc.europa.eu/2838,PARENT_CONCEPT_OF
http://eurovoc.europa.eu/100253,http://eurovoc.europa.eu/2412,PARENT_CONCEPT_OF
http://eurovoc.europa.eu/100238,http://eurovoc.europa.eu/3098,PARENT_CONCEPT_OF
http://eurovoc.europa.eu/100238,http://eurovoc.europa.eu/2181,PARENT_CONCEPT_OF
http://eurovoc.europa.eu/100279,http://eurovoc.europa.eu/1615,PARENT_CONCEPT_OF
http://eurovoc.europa.eu/100194,http://eurovoc.europa.eu/11,PARENT_CONCEPT_OF
http://eurovoc.europa.eu/100166,http://eurovoc.europa.eu/3232,PARENT_CONCEPT_OF
http://eurovoc.europa.eu/100273,http://eurovoc.europa.eu/3879,PARENT_CONCEPT_OF
http://eurovoc.europa.eu/100258,http://eurovoc.europa.eu/656,PARENT_CONCEPT_OF
http://eurovoc.europa.eu/100224,http://eurovoc.europa.eu/3946,PARENT_CONCEPT_OF
http://eurovoc.europa.eu/100244,http://eurovoc.europa.eu/371,PARENT_CONCEPT_OF
http://eurovoc.europa.eu/100257,http://eurovoc.europa.eu/2736,PARENT_CONCEPT_OF
http://eurovoc.europa.eu/100185,http://eurovoc.europa.eu/2402,PARENT_CONCEPT_OF
http://eurovoc.europa.eu/100210,http://eurovoc.europa.eu/3300,PARENT_CONCEPT_OF
http://eurovoc.europa.eu/100251,http://eurovoc.europa.eu/651,PARENT_CONCEPT_OF
http://eurovoc.europa.eu/100208,http://eurovoc.europa.eu/4184,PARENT_CONCEPT_OF
http://eurovoc.europa.eu/100277,http://eurovoc.europa.eu/909,PARENT_CONCEPT_OF
http://eurovoc.europa.eu/100249,http://eurovoc.europa.eu/2014,PARENT_CONCEPT_OF
http://eurovoc.europa.eu/100192,http://eurovoc.europa.eu/3156,PARENT_CONCEPT_OF
http://eurovoc.europa.eu/100192,http://eurovoc.europa.eu/2520,PARENT_CONCEPT_OF
http://eurovoc.europa.eu/100177,http://eurovoc.europa.eu/5576,PARENT_CONCEPT_OF
http://eurovoc.europa.eu/100202,http://eurovoc.europa.eu/1488,PARENT_CONCEPT_OF
http://eurovoc.europa.eu/100243,http://eurovoc.europa.eu/3150,PARENT_CONCEPT_OF
http://eurovoc.europa.eu/100228,http://eurovoc.europa.eu/4189,PARENT_CONCEPT_OF
http://eurovoc.europa.eu/100269,http://eurovoc.europa.eu/3809,PARENT_CONCEPT_OF
http://eurovoc.europa.eu/100263,http://eurovoc.europa.eu/2498,PARENT_CONCEPT_OF
http://eurovoc.europa.eu/100207,http://eurovoc.europa.eu/1039,PARENT_CONCEPT_OF
http://eurovoc.europa.eu/100242,http://eurovoc.europa.eu/1158,PARENT_CONCEPT_OF
http://eurovoc.europa.eu/100283,http://eurovoc.europa.eu/c_6e703074,PARENT_CONCEPT_OF
http://eurovoc.europa.eu/100183,http://eurovoc.europa.eu/4010,PARENT_CONCEPT_OF
http://eurovoc.europa.eu/100213,http://eurovoc.europa.eu/3257,PARENT_CONCEPT_OF
http://eurovoc.europa.eu/100282,http://eurovoc.europa.eu/4845,PARENT_CONCEPT_OF
http://eurovoc.europa.eu/100282,http://eurovoc.europa.eu/5778,PARENT_CONCEPT_OF
http://eurovoc.europa.eu/100226,http://eurovoc.europa.eu/69,PARENT_CONCEPT_OF
http://eurovoc.europa.eu/100233,http://eurovoc.europa.eu/1737,PARENT_CONCEPT_OF
http://eurovoc.europa.eu/100218,http://eurovoc.europa.eu/795,PARENT_CONCEPT_OF
http://eurovoc.europa.eu/100240,http://eurovoc.europa.eu/4515,PARENT_CONCEPT_OF
http://eurovoc.europa.eu/100212,http://eurovoc.europa.eu/1700,PARENT_CONCEPT_OF
http://eurovoc.europa.eu/100194,http://eurovoc.europa.eu/3584,PARENT_CONCEPT_OF
http://eurovoc.europa.eu/100166,http://eurovoc.europa.eu/53,PARENT_CONCEPT_OF
http://eurovoc.europa.eu/100232,http://eurovoc.europa.eu/3522,PARENT_CONCEPT_OF
http://eurovoc.europa.eu/100278,http://eurovoc.europa.eu/7868,PARENT_CONCEPT_OF
http://eurovoc.europa.eu/100278,http://eurovoc.europa.eu/6135,PARENT_CONCEPT_OF
http://eurovoc.europa.eu/100278,http://eurovoc.europa.eu/7817,PARENT_CONCEPT_OF
http://eurovoc.europa.eu/100244,http://eurovoc.europa.eu/343,PARENT_CONCEPT_OF
http://eurovoc.europa.eu/100172,http://eurovoc.europa.eu/6722,PARENT_CONCEPT_OF
http://eurovoc.europa.eu/100223,http://eurovoc.europa.eu/1405,PARENT_CONCEPT_OF
http://eurovoc.europa.eu/100208,http://eurovoc.europa.eu/2398,PARENT_CONCEPT_OF
http://eurovoc.europa.eu/100184,http://eurovoc.europa.eu/3899,PARENT_CONCEPT_OF
http://eurovoc.europa.eu/100184,http://eurovoc.europa.eu/3900,PARENT_CONCEPT_OF
http://eurovoc.europa.eu/100169,http://eurovoc.europa.eu/6034,PARENT_CONCEPT_OF
http://eurovoc.europa.eu/100169,http://eurovoc.europa.eu/77,PARENT_CONCEPT_OF
http://eurovoc.europa.eu/100222,http://eurovoc.europa.eu/2472,PARENT_CONCEPT_OF
http://eurovoc.europa.eu/100207,http://eurovoc.europa.eu/2656,PARENT_CONCEPT_OF
http://eurovoc.europa.eu/100163,http://eurovoc.europa.eu/2573,PARENT_CONCEPT_OF
http://eurovoc.europa.eu/100283,http://eurovoc.europa.eu/5655,PARENT_CONCEPT_OF
http://eurovoc.europa.eu/100255,http://eurovoc.europa.eu/6788,PARENT_CONCEPT_OF
http://eurovoc.europa.eu/100221,http://eurovoc.europa.eu/1370,PARENT_CONCEPT_OF
http://eurovoc.europa.eu/100206,http://eurovoc.europa.eu/1325,PARENT_CONCEPT_OF
http://eurovoc.europa.eu/100219,http://eurovoc.europa.eu/3278,PARENT_CONCEPT_OF
http://eurovoc.europa.eu/100282,http://eurovoc.europa.eu/5781,PARENT_CONCEPT_OF
http://eurovoc.europa.eu/100277,http://eurovoc.europa.eu/5781,PARENT_CONCEPT_OF
http://eurovoc.europa.eu/100261,http://eurovoc.europa.eu/3641,PARENT_CONCEPT_OF
http://eurovoc.europa.eu/100287,http://eurovoc.europa.eu/2170,PARENT_CONCEPT_OF
http://eurovoc.europa.eu/100187,http://eurovoc.europa.eu/3058,PARENT_CONCEPT_OF
http://eurovoc.europa.eu/100281,http://eurovoc.europa.eu/2848,PARENT_CONCEPT_OF
http://eurovoc.europa.eu/100166,http://eurovoc.europa.eu/41,PARENT_CONCEPT_OF
http://eurovoc.europa.eu/100204,http://eurovoc.europa.eu/1018,PARENT_CONCEPT_OF
http://eurovoc.europa.eu/100211,http://eurovoc.europa.eu/1820,PARENT_CONCEPT_OF
http://eurovoc.europa.eu/100211,http://eurovoc.europa.eu/85,PARENT_CONCEPT_OF
http://eurovoc.europa.eu/100265,http://eurovoc.europa.eu/1414,PARENT_CONCEPT_OF
http://eurovoc.europa.eu/100180,http://eurovoc.europa.eu/1432,PARENT_CONCEPT_OF
http://eurovoc.europa.eu/100193,http://eurovoc.europa.eu/2128,PARENT_CONCEPT_OF
http://eurovoc.europa.eu/100203,http://eurovoc.europa.eu/3151,PARENT_CONCEPT_OF
http://eurovoc.europa.eu/100198,http://eurovoc.europa.eu/3239,PARENT_CONCEPT_OF
http://eurovoc.europa.eu/100223,http://eurovoc.europa.eu/3028,PARENT_CONCEPT_OF
http://eurovoc.europa.eu/100271,http://eurovoc.europa.eu/1845,PARENT_CONCEPT_OF
http://eurovoc.europa.eu/100243,http://eurovoc.europa.eu/833,PARENT_CONCEPT_OF
http://eurovoc.europa.eu/100215,http://eurovoc.europa.eu/2789,PARENT_CONCEPT_OF
http://eurovoc.europa.eu/100215,http://eurovoc.europa.eu/2479,PARENT_CONCEPT_OF
http://eurovoc.europa.eu/100171,http://eurovoc.europa.eu/3074,PARENT_CONCEPT_OF
http://eurovoc.europa.eu/100197,http://eurovoc.europa.eu/4291,PARENT_CONCEPT_OF
http://eurovoc.europa.eu/100276,http://eurovoc.europa.eu/26526,PARENT_CONCEPT_OF
http://eurovoc.europa.eu/100248,http://eurovoc.europa.eu/4630,PARENT_CONCEPT_OF
http://eurovoc.europa.eu/100270,http://eurovoc.europa.eu/3820,PARENT_CONCEPT_OF
http://eurovoc.europa.eu/100283,http://eurovoc.europa.eu/4483,PARENT_CONCEPT_OF
http://eurovoc.europa.eu/100283,http://eurovoc.europa.eu/2079,PARENT_CONCEPT_OF
http://eurovoc.europa.eu/100255,http://eurovoc.europa.eu/2763,PARENT_CONCEPT_OF
http://eurovoc.europa.eu/100227,http://eurovoc.europa.eu/813,PARENT_CONCEPT_OF
http://eurovoc.europa.eu/100227,http://eurovoc.europa.eu/445,PARENT_CONCEPT_OF
http://eurovoc.europa.eu/100170,http://eurovoc.europa.eu/2189,PARENT_CONCEPT_OF
http://eurovoc.europa.eu/100170,http://eurovoc.europa.eu/3467,PARENT_CONCEPT_OF
http://eurovoc.europa.eu/100268,http://eurovoc.europa.eu/2720,PARENT_CONCEPT_OF
http://eurovoc.europa.eu/100221,http://eurovoc.europa.eu/2473,PARENT_CONCEPT_OF
http://eurovoc.europa.eu/100275,http://eurovoc.europa.eu/1418,PARENT_CONCEPT_OF
http://eurovoc.europa.eu/100200,http://eurovoc.europa.eu/2495,PARENT_CONCEPT_OF
http://eurovoc.europa.eu/100188,http://eurovoc.europa.eu/637,PARENT_CONCEPT_OF
http://eurovoc.europa.eu/100282,http://eurovoc.europa.eu/c_c385cfb4,PARENT_CONCEPT_OF
http://eurovoc.europa.eu/100282,http://eurovoc.europa.eu/187,PARENT_CONCEPT_OF
http://eurovoc.europa.eu/100282,http://eurovoc.europa.eu/c_b2c019c8,PARENT_CONCEPT_OF
http://eurovoc.europa.eu/100282,http://eurovoc.europa.eu/2106,PARENT_CONCEPT_OF
http://eurovoc.europa.eu/100226,http://eurovoc.europa.eu/4300,PARENT_CONCEPT_OF
http://eurovoc.europa.eu/100167,http://eurovoc.europa.eu/2702,PARENT_CONCEPT_OF
http://eurovoc.europa.eu/100167,http://eurovoc.europa.eu/2703,PARENT_CONCEPT_OF
http://eurovoc.europa.eu/100174,http://eurovoc.europa.eu/5640,PARENT_CONCEPT_OF
http://eurovoc.europa.eu/100232,http://eurovoc.europa.eu/1074,PARENT_CONCEPT_OF
http://eurovoc.europa.eu/100232,http://eurovoc.europa.eu/4299,PARENT_CONCEPT_OF
http://eurovoc.europa.eu/100186,http://eurovoc.europa.eu/427,PARENT_CONCEPT_OF
http://eurovoc.europa.eu/100280,http://eurovoc.europa.eu/281,PARENT_CONCEPT_OF
http://eurovoc.europa.eu/100280,http://eurovoc.europa.eu/5424,PARENT_CONCEPT_OF
http://eurovoc.europa.eu/100199,http://eurovoc.europa.eu/2486,PARENT_CONCEPT_OF
http://eurovoc.europa.eu/100252,http://eurovoc.europa.eu/2320,PARENT_CONCEPT_OF
http://eurovoc.europa.eu/100224,http://eurovoc.europa.eu/3949,PARENT_CONCEPT_OF
http://eurovoc.europa.eu/100165,http://eurovoc.europa.eu/1748,PARENT_CONCEPT_OF
http://eurovoc.europa.eu/100231,http://eurovoc.europa.eu/3581,PARENT_CONCEPT_OF
http://eurovoc.europa.eu/100285,http://eurovoc.europa.eu/1455,PARENT_CONCEPT_OF
http://eurovoc.europa.eu/100172,http://eurovoc.europa.eu/3450,PARENT_CONCEPT_OF
http://eurovoc.europa.eu/100208,http://eurovoc.europa.eu/3307,PARENT_CONCEPT_OF
http://eurovoc.europa.eu/100164,http://eurovoc.europa.eu/2258,PARENT_CONCEPT_OF
http://eurovoc.europa.eu/100271,http://eurovoc.europa.eu/5614,PARENT_CONCEPT_OF
http://eurovoc.europa.eu/100169,http://eurovoc.europa.eu/3062,PARENT_CONCEPT_OF
http://eurovoc.europa.eu/100250,http://eurovoc.europa.eu/2734,PARENT_CONCEPT_OF
http://eurovoc.europa.eu/100222,http://eurovoc.europa.eu/4486,PARENT_CONCEPT_OF
http://eurovoc.europa.eu/100276,http://eurovoc.europa.eu/1398,PARENT_CONCEPT_OF
http://eurovoc.europa.eu/100163,http://eurovoc.europa.eu/3025,PARENT_CONCEPT_OF
http://eurovoc.europa.eu/100163,http://eurovoc.europa.eu/883,PARENT_CONCEPT_OF
http://eurovoc.europa.eu/100283,http://eurovoc.europa.eu/1658,PARENT_CONCEPT_OF
http://eurovoc.europa.eu/100268,http://eurovoc.europa.eu/4303,PARENT_CONCEPT_OF
http://eurovoc.europa.eu/100196,http://eurovoc.europa.eu/87,PARENT_CONCEPT_OF
http://eurovoc.europa.eu/100221,http://eurovoc.europa.eu/c_415bab24,PARENT_CONCEPT_OF
http://eurovoc.europa.eu/100247,http://eurovoc.europa.eu/4358,PARENT_CONCEPT_OF
http://eurovoc.europa.eu/100282,http://eurovoc.europa.eu/1191,PARENT_CONCEPT_OF
http://eurovoc.europa.eu/100282,http://eurovoc.europa.eu/1844,PARENT_CONCEPT_OF
http://eurovoc.europa.eu/100282,http://eurovoc.europa.eu/4607,PARENT_CONCEPT_OF
http://eurovoc.europa.eu/100282,http://eurovoc.europa.eu/1105,PARENT_CONCEPT_OF
http://eurovoc.europa.eu/100254,http://eurovoc.europa.eu/2737,PARENT_CONCEPT_OF
http://eurovoc.europa.eu/100266,http://eurovoc.europa.eu/5350,PARENT_CONCEPT_OF
http://eurovoc.europa.eu/100279,http://eurovoc.europa.eu/5259,PARENT_CONCEPT_OF
http://eurovoc.europa.eu/100279,http://eurovoc.europa.eu/1632,PARENT_CONCEPT_OF
http://eurovoc.europa.eu/100216,http://eurovoc.europa.eu/2475,PARENT_CONCEPT_OF
http://eurovoc.europa.eu/100216,http://eurovoc.europa.eu/490,PARENT_CONCEPT_OF
http://eurovoc.europa.eu/100172,http://eurovoc.europa.eu/3476,PARENT_CONCEPT_OF
http://eurovoc.europa.eu/100264,http://eurovoc.europa.eu/3743,PARENT_CONCEPT_OF
http://eurovoc.europa.eu/100192,http://eurovoc.europa.eu/2519,PARENT_CONCEPT_OF
http://eurovoc.europa.eu/100230,http://eurovoc.europa.eu/1155,PARENT_CONCEPT_OF
http://eurovoc.europa.eu/100284,http://eurovoc.europa.eu/1086,PARENT_CONCEPT_OF
http://eurovoc.europa.eu/100184,http://eurovoc.europa.eu/584,PARENT_CONCEPT_OF
http://eurovoc.europa.eu/100207,http://eurovoc.europa.eu/2632,PARENT_CONCEPT_OF
http://eurovoc.europa.eu/100191,http://eurovoc.europa.eu/2488,PARENT_CONCEPT_OF
http://eurovoc.europa.eu/100283,http://eurovoc.europa.eu/5437,PARENT_CONCEPT_OF
http://eurovoc.europa.eu/100255,http://eurovoc.europa.eu/2775,PARENT_CONCEPT_OF
http://eurovoc.europa.eu/100221,http://eurovoc.europa.eu/2012,PARENT_CONCEPT_OF
http://eurovoc.europa.eu/100247,http://eurovoc.europa.eu/962,PARENT_CONCEPT_OF
http://eurovoc.europa.eu/100247,http://eurovoc.europa.eu/937,PARENT_CONCEPT_OF
http://eurovoc.europa.eu/100175,http://eurovoc.europa.eu/4479,PARENT_CONCEPT_OF
http://eurovoc.europa.eu/100213,http://eurovoc.europa.eu/2688,PARENT_CONCEPT_OF
http://eurovoc.europa.eu/100282,http://eurovoc.europa.eu/5283,PARENT_CONCEPT_OF
http://eurovoc.europa.eu/100282,http://eurovoc.europa.eu/1794,PARENT_CONCEPT_OF
http://eurovoc.europa.eu/100282,http://eurovoc.europa.eu/c_2b2e17b1,PARENT_CONCEPT_OF
http://eurovoc.europa.eu/100282,http://eurovoc.europa.eu/8365,PARENT_CONCEPT_OF
http://eurovoc.europa.eu/100282,http://eurovoc.europa.eu/8367,PARENT_CONCEPT_OF
http://eurovoc.europa.eu/100282,http://eurovoc.europa.eu/5087,PARENT_CONCEPT_OF
http://eurovoc.europa.eu/100282,http://eurovoc.europa.eu/5780,PARENT_CONCEPT_OF
http://eurovoc.europa.eu/100174,http://eurovoc.europa.eu/4067,PARENT_CONCEPT_OF
http://eurovoc.europa.eu/100240,http://eurovoc.europa.eu/2512,PARENT_CONCEPT_OF
http://eurovoc.europa.eu/100281,http://eurovoc.europa.eu/2705,PARENT_CONCEPT_OF
http://eurovoc.europa.eu/100199,http://eurovoc.europa.eu/2510,PARENT_CONCEPT_OF
http://eurovoc.europa.eu/100265,http://eurovoc.europa.eu/2364,PARENT_CONCEPT_OF
http://eurovoc.europa.eu/100278,http://eurovoc.europa.eu/7855,PARENT_CONCEPT_OF
http://eurovoc.europa.eu/100278,http://eurovoc.europa.eu/c_6acbfd25,PARENT_CONCEPT_OF
http://eurovoc.europa.eu/100278,http://eurovoc.europa.eu/7815,PARENT_CONCEPT_OF
http://eurovoc.europa.eu/100272,http://eurovoc.europa.eu/1401,PARENT_CONCEPT_OF
http://eurovoc.europa.eu/100272,http://eurovoc.europa.eu/1400,PARENT_CONCEPT_OF
http://eurovoc.europa.eu/100229,http://eurovoc.europa.eu/1154,PARENT_CONCEPT_OF
http://eurovoc.europa.eu/100208,http://eurovoc.europa.eu/965,PARENT_CONCEPT_OF
http://eurovoc.europa.eu/100164,http://eurovoc.europa.eu/2180,PARENT_CONCEPT_OF
http://eurovoc.europa.eu/100177,http://eurovoc.europa.eu/5620,PARENT_CONCEPT_OF
http://eurovoc.europa.eu/100202,http://eurovoc.europa.eu/1000,PARENT_CONCEPT_OF
http://eurovoc.europa.eu/100215,http://eurovoc.europa.eu/1268,PARENT_CONCEPT_OF
http://eurovoc.europa.eu/100215,http://eurovoc.europa.eu/1754,PARENT_CONCEPT_OF
http://eurovoc.europa.eu/100250,http://eurovoc.europa.eu/2723,PARENT_CONCEPT_OF
http://eurovoc.europa.eu/100276,http://eurovoc.europa.eu/3895,PARENT_CONCEPT_OF
http://eurovoc.europa.eu/100248,http://eurovoc.europa.eu/4412,PARENT_CONCEPT_OF
http://eurovoc.europa.eu/100176,http://eurovoc.europa.eu/4060,PARENT_CONCEPT_OF
http://eurovoc.europa.eu/100176,http://eurovoc.europa.eu/5442,PARENT_CONCEPT_OF
http://eurovoc.europa.eu/100176,http://eurovoc.europa.eu/4057,PARENT_CONCEPT_OF
http://eurovoc.europa.eu/100214,http://eurovoc.europa.eu/108,PARENT_CONCEPT_OF
http://eurovoc.europa.eu/100283,http://eurovoc.europa.eu/4590,PARENT_CONCEPT_OF
http://eurovoc.europa.eu/100283,http://eurovoc.europa.eu/130,PARENT_CONCEPT_OF
http://eurovoc.europa.eu/100268,http://eurovoc.europa.eu/3587,PARENT_CONCEPT_OF
http://eurovoc.europa.eu/100234,http://eurovoc.europa.eu/4543,PARENT_CONCEPT_OF
http://eurovoc.europa.eu/100219,http://eurovoc.europa.eu/4705,PARENT_CONCEPT_OF
http://eurovoc.europa.eu/100219,http://eurovoc.europa.eu/4554,PARENT_CONCEPT_OF
http://eurovoc.europa.eu/100175,http://eurovoc.europa.eu/525,PARENT_CONCEPT_OF
http://eurovoc.europa.eu/100195,http://eurovoc.europa.eu/139,PARENT_CONCEPT_OF
http://eurovoc.europa.eu/100233,http://eurovoc.europa.eu/1802,PARENT_CONCEPT_OF
http://eurovoc.europa.eu/100246,http://eurovoc.europa.eu/2493,PARENT_CONCEPT_OF
http://eurovoc.europa.eu/100218,http://eurovoc.europa.eu/784,PARENT_CONCEPT_OF
http://eurovoc.europa.eu/100287,http://eurovoc.europa.eu/2167,PARENT_CONCEPT_OF
http://eurovoc.europa.eu/100174,http://eurovoc.europa.eu/5767,PARENT_CONCEPT_OF
http://eurovoc.europa.eu/100253,http://eurovoc.europa.eu/2413,PARENT_CONCEPT_OF
http://eurovoc.europa.eu/100253,http://eurovoc.europa.eu/5360,PARENT_CONCEPT_OF
http://eurovoc.europa.eu/100238,http://eurovoc.europa.eu/1954,PARENT_CONCEPT_OF
http://eurovoc.europa.eu/100181,http://eurovoc.europa.eu/1538,PARENT_CONCEPT_OF
http://eurovoc.europa.eu/100179,http://eurovoc.europa.eu/3929,PARENT_CONCEPT_OF
http://eurovoc.europa.eu/100211,http://eurovoc.europa.eu/3487,PARENT_CONCEPT_OF
http://eurovoc.europa.eu/100280,http://eurovoc.europa.eu/311,PARENT_CONCEPT_OF
http://eurovoc.europa.eu/100180,http://eurovoc.europa.eu/3878,PARENT_CONCEPT_OF
http://eurovoc.europa.eu/100178,http://eurovoc.europa.eu/5789,PARENT_CONCEPT_OF
http://eurovoc.europa.eu/100231,http://eurovoc.europa.eu/2474,PARENT_CONCEPT_OF
http://eurovoc.europa.eu/100243,http://eurovoc.europa.eu/6011,PARENT_CONCEPT_OF
http://eurovoc.europa.eu/100284,http://eurovoc.europa.eu/1087,PARENT_CONCEPT_OF
http://eurovoc.europa.eu/100184,http://eurovoc.europa.eu/3908,PARENT_CONCEPT_OF
http://eurovoc.europa.eu/100263,http://eurovoc.europa.eu/3737,PARENT_CONCEPT_OF
http://eurovoc.europa.eu/100235,http://eurovoc.europa.eu/1163,PARENT_CONCEPT_OF
http://eurovoc.europa.eu/100207,http://eurovoc.europa.eu/2639,PARENT_CONCEPT_OF
http://eurovoc.europa.eu/100191,http://eurovoc.europa.eu/2450,PARENT_CONCEPT_OF
http://eurovoc.europa.eu/100163,http://eurovoc.europa.eu/1453,PARENT_CONCEPT_OF
http://eurovoc.europa.eu/100196,http://eurovoc.europa.eu/5268,PARENT_CONCEPT_OF
http://eurovoc.europa.eu/100262,http://eurovoc.europa.eu/2914,PARENT_CONCEPT_OF
http://eurovoc.europa.eu/100206,http://eurovoc.europa.eu/1310,PARENT_CONCEPT_OF
http://eurovoc.europa.eu/100190,http://eurovoc.europa.eu/4256,PARENT_CONCEPT_OF
http://eurovoc.europa.eu/100200,http://eurovoc.europa.eu/285,PARENT_CONCEPT_OF
http://eurovoc.europa.eu/100241,http://eurovoc.europa.eu/3092,PARENT_CONCEPT_OF
http://eurovoc.europa.eu/100282,http://eurovoc.europa.eu/2148,PARENT_CONCEPT_OF
http://eurovoc.europa.eu/100182,http://eurovoc.europa.eu/5923,PARENT_CONCEPT_OF
http://eurovoc.europa.eu/100233,http://eurovoc.europa.eu/5275,PARENT_CONCEPT_OF
http://eurovoc.europa.eu/100205,http://eurovoc.europa.eu/394,PARENT_CONCEPT_OF
http://eurovoc.europa.eu/100246,http://eurovoc.europa.eu/2972,PARENT_CONCEPT_OF
http://eurovoc.europa.eu/100212,http://eurovoc.europa.eu/2517,PARENT_CONCEPT_OF
http://eurovoc.europa.eu/100281,http://eurovoc.europa.eu/956,PARENT_CONCEPT_OF
http://eurovoc.europa.eu/100266,http://eurovoc.europa.eu/3783,PARENT_CONCEPT_OF
http://eurovoc.europa.eu/100279,http://eurovoc.europa.eu/1587,PARENT_CONCEPT_OF
http://eurovoc.europa.eu/100166,http://eurovoc.europa.eu/2242,PARENT_CONCEPT_OF
http://eurovoc.europa.eu/100204,http://eurovoc.europa.eu/424,PARENT_CONCEPT_OF
http://eurovoc.europa.eu/100199,http://eurovoc.europa.eu/1809,PARENT_CONCEPT_OF
http://eurovoc.europa.eu/100278,http://eurovoc.europa.eu/7879,PARENT_CONCEPT_OF
http://eurovoc.europa.eu/100278,http://eurovoc.europa.eu/7814,PARENT_CONCEPT_OF
http://eurovoc.europa.eu/100278,http://eurovoc.europa.eu/4840,PARENT_CONCEPT_OF
http://eurovoc.europa.eu/100193,http://eurovoc.europa.eu/2292,PARENT_CONCEPT_OF
http://eurovoc.europa.eu/100165,http://eurovoc.europa.eu/2186,PARENT_CONCEPT_OF
http://eurovoc.europa.eu/100172,http://eurovoc.europa.eu/99,PARENT_CONCEPT_OF
http://eurovoc.europa.eu/100236,http://eurovoc.europa.eu/2178,PARENT_CONCEPT_OF
http://eurovoc.europa.eu/100277,http://eurovoc.europa.eu/912,PARENT_CONCEPT_OF
http://eurovoc.europa.eu/100177,http://eurovoc.europa.eu/1005,PARENT_CONCEPT_OF
http://eurovoc.europa.eu/100284,http://eurovoc.europa.eu/2287,PARENT_CONCEPT_OF
http://eurovoc.europa.eu/100171,http://eurovoc.europa.eu/3489,PARENT_CONCEPT_OF
http://eurovoc.europa.eu/100169,http://eurovoc.europa.eu/2166,PARENT_CONCEPT_OF
http://eurovoc.europa.eu/100169,http://eurovoc.europa.eu/517,PARENT_CONCEPT_OF
http://eurovoc.europa.eu/100201,http://eurovoc.europa.eu/1630,PARENT_CONCEPT_OF
http://eurovoc.europa.eu/100214,http://eurovoc.europa.eu/1004,PARENT_CONCEPT_OF
http://eurovoc.europa.eu/100227,http://eurovoc.europa.eu/5985,PARENT_CONCEPT_OF
http://eurovoc.europa.eu/100170,http://eurovoc.europa.eu/1346,PARENT_CONCEPT_OF
http://eurovoc.europa.eu/100268,http://eurovoc.europa.eu/2507,PARENT_CONCEPT_OF
http://eurovoc.europa.eu/100183,http://eurovoc.europa.eu/566,PARENT_CONCEPT_OF
http://eurovoc.europa.eu/100234,http://eurovoc.europa.eu/2184,PARENT_CONCEPT_OF
http://eurovoc.europa.eu/100206,http://eurovoc.europa.eu/1021,PARENT_CONCEPT_OF
http://eurovoc.europa.eu/100247,http://eurovoc.europa.eu/3605,PARENT_CONCEPT_OF
http://eurovoc.europa.eu/100175,http://eurovoc.europa.eu/4017,PARENT_CONCEPT_OF
http://eurovoc.europa.eu/100282,http://eurovoc.europa.eu/4690,PARENT_CONCEPT_OF
http://eurovoc.europa.eu/100282,http://eurovoc.europa.eu/6205,PARENT_CONCEPT_OF
http://eurovoc.europa.eu/100282,http://eurovoc.europa.eu/8369,PARENT_CONCEPT_OF
http://eurovoc.europa.eu/100282,http://eurovoc.europa.eu/5302,PARENT_CONCEPT_OF
http://eurovoc.europa.eu/100220,http://eurovoc.europa.eu/486,PARENT_CONCEPT_OF
http://eurovoc.europa.eu/100220,http://eurovoc.europa.eu/4366,PARENT_CONCEPT_OF
http://eurovoc.europa.eu/100205,http://eurovoc.europa.eu/929,PARENT_CONCEPT_OF
http://eurovoc.europa.eu/100174,http://eurovoc.europa.eu/4304,PARENT_CONCEPT_OF
http://eurovoc.europa.eu/100260,http://eurovoc.europa.eu/2707,PARENT_CONCEPT_OF
http://eurovoc.europa.eu/100245,http://eurovoc.europa.eu/2443,PARENT_CONCEPT_OF
http://eurovoc.europa.eu/100217,http://eurovoc.europa.eu/3683,PARENT_CONCEPT_OF
http://eurovoc.europa.eu/100173,http://eurovoc.europa.eu/3451,PARENT_CONCEPT_OF
http://eurovoc.europa.eu/100186,http://eurovoc.europa.eu/335,PARENT_CONCEPT_OF
http://eurovoc.europa.eu/100199,http://eurovoc.europa.eu/4602,PARENT_CONCEPT_OF
http://eurovoc.europa.eu/100224,http://eurovoc.europa.eu/3941,PARENT_CONCEPT_OF
http://eurovoc.europa.eu/100237,http://eurovoc.europa.eu/3131,PARENT_CONCEPT_OF
http://eurovoc.europa.eu/100237,http://eurovoc.europa.eu/3101,PARENT_CONCEPT_OF
http://eurovoc.europa.eu/100278,http://eurovoc.europa.eu/2288,PARENT_CONCEPT_OF
http://eurovoc.europa.eu/100178,http://eurovoc.europa.eu/4222,PARENT_CONCEPT_OF
http://eurovoc.europa.eu/100231,http://eurovoc.europa.eu/539,PARENT_CONCEPT_OF
http://eurovoc.europa.eu/100216,http://eurovoc.europa.eu/2496,PARENT_CONCEPT_OF
http://eurovoc.europa.eu/100223,http://eurovoc.europa.eu/5922,PARENT_CONCEPT_OF
http://eurovoc.europa.eu/100223,http://eurovoc.europa.eu/1426,PARENT_CONCEPT_OF
http://eurovoc.europa.eu/100277,http://eurovoc.europa.eu/913,PARENT_CONCEPT_OF
http://eurovoc.europa.eu/100249,http://eurovoc.europa.eu/5962,PARENT_CONCEPT_OF
http://eurovoc.europa.eu/100230,http://eurovoc.europa.eu/54,PARENT_CONCEPT_OF
http://eurovoc.europa.eu/100243,http://eurovoc.europa.eu/3146,PARENT_CONCEPT_OF
http://eurovoc.europa.eu/100215,http://eurovoc.europa.eu/c_4ee83dea,PARENT_CONCEPT_OF
http://eurovoc.europa.eu/100269,http://eurovoc.europa.eu/3798,PARENT_CONCEPT_OF
http://eurovoc.europa.eu/100276,http://eurovoc.europa.eu/5359,PARENT_CONCEPT_OF
http://eurovoc.europa.eu/100191,http://eurovoc.europa.eu/c_4c7717f3,PARENT_CONCEPT_OF
http://eurovoc.europa.eu/100191,http://eurovoc.europa.eu/524,PARENT_CONCEPT_OF
http://eurovoc.europa.eu/100176,http://eurovoc.europa.eu/4040,PARENT_CONCEPT_OF
http://eurovoc.europa.eu/100189,http://eurovoc.europa.eu/4362,PARENT_CONCEPT_OF
http://eurovoc.europa.eu/100270,http://eurovoc.europa.eu/1882,PARENT_CONCEPT_OF
http://eurovoc.europa.eu/100168,http://eurovoc.europa.eu/4179,PARENT_CONCEPT_OF
http://eurovoc.europa.eu/100221,http://eurovoc.europa.eu/4361,PARENT_CONCEPT_OF
http://eurovoc.europa.eu/100234,http://eurovoc.europa.eu/82,PARENT_CONCEPT_OF
http://eurovoc.europa.eu/100275,http://eurovoc.europa.eu/1388,PARENT_CONCEPT_OF
http://eurovoc.europa.eu/100190,http://eurovoc.europa.eu/2616,PARENT_CONCEPT_OF
http://eurovoc.europa.eu/100282,http://eurovoc.europa.eu/5776,PARENT_CONCEPT_OF
http://eurovoc.europa.eu/100282,http://eurovoc.europa.eu/8278,PARENT_CONCEPT_OF
http://eurovoc.europa.eu/100226,http://eurovoc.europa.eu/4703,PARENT_CONCEPT_OF
http://eurovoc.europa.eu/100226,http://eurovoc.europa.eu/554,PARENT_CONCEPT_OF
http://eurovoc.europa.eu/100261,http://eurovoc.europa.eu/3689,PARENT_CONCEPT_OF
http://eurovoc.europa.eu/100218,http://eurovoc.europa.eu/2059,PARENT_CONCEPT_OF
http://eurovoc.europa.eu/100174,http://eurovoc.europa.eu/5769,PARENT_CONCEPT_OF
http://eurovoc.europa.eu/100281,http://eurovoc.europa.eu/5448,PARENT_CONCEPT_OF
http://eurovoc.europa.eu/100253,http://eurovoc.europa.eu/2414,PARENT_CONCEPT_OF
http://eurovoc.europa.eu/100253,http://eurovoc.europa.eu/1602,PARENT_CONCEPT_OF
http://eurovoc.europa.eu/100253,http://eurovoc.europa.eu/2418,PARENT_CONCEPT_OF
http://eurovoc.europa.eu/100181,http://eurovoc.europa.eu/5371,PARENT_CONCEPT_OF
http://eurovoc.europa.eu/100232,http://eurovoc.europa.eu/2468,PARENT_CONCEPT_OF
http://eurovoc.europa.eu/100217,http://eurovoc.europa.eu/2467,PARENT_CONCEPT_OF
http://eurovoc.europa.eu/100173,http://eurovoc.europa.eu/2647,PARENT_CONCEPT_OF
http://eurovoc.europa.eu/100211,http://eurovoc.europa.eu/4305,PARENT_CONCEPT_OF
http://eurovoc.europa.eu/100252,http://eurovoc.europa.eu/3544,PARENT_CONCEPT_OF
http://eurovoc.europa.eu/100252,http://eurovoc.europa.eu/5913,PARENT_CONCEPT_OF
http://eurovoc.europa.eu/100278,http://eurovoc.europa.eu/1329,PARENT_CONCEPT_OF
http://eurovoc.europa.eu/100285,http://eurovoc.europa.eu/8380,PARENT_CONCEPT_OF
http://eurovoc.europa.eu/100229,http://eurovoc.europa.eu/4413,PARENT_CONCEPT_OF
http://eurovoc.europa.eu/100198,http://eurovoc.europa.eu/4370,PARENT_CONCEPT_OF
http://eurovoc.europa.eu/100264,http://eurovoc.europa.eu/1411,PARENT_CONCEPT_OF
http://eurovoc.europa.eu/100277,http://eurovoc.europa.eu/911,PARENT_CONCEPT_OF
http://eurovoc.europa.eu/100271,http://eurovoc.europa.eu/5615,PARENT_CONCEPT_OF
http://eurovoc.europa.eu/100289,http://eurovoc.europa.eu/2191,PARENT_CONCEPT_OF
http://eurovoc.europa.eu/100176,http://eurovoc.europa.eu/26,PARENT_CONCEPT_OF
http://eurovoc.europa.eu/100189,http://eurovoc.europa.eu/56,PARENT_CONCEPT_OF
http://eurovoc.europa.eu/100242,http://eurovoc.europa.eu/2825,PARENT_CONCEPT_OF
http://eurovoc.europa.eu/100183,http://eurovoc.europa.eu/6922,PARENT_CONCEPT_OF
http://eurovoc.europa.eu/100168,http://eurovoc.europa.eu/2152,PARENT_CONCEPT_OF
http://eurovoc.europa.eu/100262,http://eurovoc.europa.eu/4185,PARENT_CONCEPT_OF
http://eurovoc.europa.eu/100288,http://eurovoc.europa.eu/2188,PARENT_CONCEPT_OF
http://eurovoc.europa.eu/100200,http://eurovoc.europa.eu/1452,PARENT_CONCEPT_OF
http://eurovoc.europa.eu/100213,http://eurovoc.europa.eu/317,PARENT_CONCEPT_OF
http://eurovoc.europa.eu/100282,http://eurovoc.europa.eu/594,PARENT_CONCEPT_OF
http://eurovoc.europa.eu/100226,http://eurovoc.europa.eu/2469,PARENT_CONCEPT_OF
http://eurovoc.europa.eu/100182,http://eurovoc.europa.eu/2351,PARENT_CONCEPT_OF
http://eurovoc.europa.eu/100261,http://eurovoc.europa.eu/3797,PARENT_CONCEPT_OF
http://eurovoc.europa.eu/100287,http://eurovoc.europa.eu/2172,PARENT_CONCEPT_OF
http://eurovoc.europa.eu/100174,http://eurovoc.europa.eu/1451,PARENT_CONCEPT_OF
http://eurovoc.europa.eu/100225,http://eurovoc.europa.eu/3956,PARENT_CONCEPT_OF
http://eurovoc.europa.eu/100266,http://eurovoc.europa.eu/1412,PARENT_CONCEPT_OF
http://eurovoc.europa.eu/100245,http://eurovoc.europa.eu/2442,PARENT_CONCEPT_OF
http://eurovoc.europa.eu/100252,http://eurovoc.europa.eu/2476,PARENT_CONCEPT_OF
http://eurovoc.europa.eu/100252,http://eurovoc.europa.eu/1652,PARENT_CONCEPT_OF
http://eurovoc.europa.eu/100180,http://eurovoc.europa.eu/3954,PARENT_CONCEPT_OF
http://eurovoc.europa.eu/100278,http://eurovoc.europa.eu/6138,PARENT_CONCEPT_OF
http://eurovoc.europa.eu/100278,http://eurovoc.europa.eu/2564,PARENT_CONCEPT_OF
http://eurovoc.europa.eu/100278,http://eurovoc.europa.eu/6136,PARENT_CONCEPT_OF
http://eurovoc.europa.eu/100165,http://eurovoc.europa.eu/4750,PARENT_CONCEPT_OF
http://eurovoc.europa.eu/100165,http://eurovoc.europa.eu/695,PARENT_CONCEPT_OF
http://eurovoc.europa.eu/100216,http://eurovoc.europa.eu/4619,PARENT_CONCEPT_OF
http://eurovoc.europa.eu/100257,http://eurovoc.europa.eu/1258,PARENT_CONCEPT_OF
http://eurovoc.europa.eu/100210,http://eurovoc.europa.eu/385,PARENT_CONCEPT_OF
http://eurovoc.europa.eu/100198,http://eurovoc.europa.eu/6332,PARENT_CONCEPT_OF
http://eurovoc.europa.eu/100208,http://eurovoc.europa.eu/540,PARENT_CONCEPT_OF
http://eurovoc.europa.eu/100250,http://eurovoc.europa.eu/1277,PARENT_CONCEPT_OF
http://eurovoc.europa.eu/100248,http://eurovoc.europa.eu/4363,PARENT_CONCEPT_OF
http://eurovoc.europa.eu/100163,http://eurovoc.europa.eu/1282,PARENT_CONCEPT_OF
http://eurovoc.europa.eu/100189,http://eurovoc.europa.eu/3659,PARENT_CONCEPT_OF
http://eurovoc.europa.eu/100242,http://eurovoc.europa.eu/c_98d1408a,PARENT_CONCEPT_OF
http://eurovoc.europa.eu/100283,http://eurovoc.europa.eu/2200,PARENT_CONCEPT_OF
http://eurovoc.europa.eu/100262,http://eurovoc.europa.eu/2478,PARENT_CONCEPT_OF
http://eurovoc.europa.eu/100206,http://eurovoc.europa.eu/2504,PARENT_CONCEPT_OF
http://eurovoc.europa.eu/100190,http://eurovoc.europa.eu/1800,PARENT_CONCEPT_OF
http://eurovoc.europa.eu/100219,http://eurovoc.europa.eu/2175,PARENT_CONCEPT_OF
http://eurovoc.europa.eu/100175,http://eurovoc.europa.eu/5258,PARENT_CONCEPT_OF
http://eurovoc.europa.eu/100200,http://eurovoc.europa.eu/8469,PARENT_CONCEPT_OF
http://eurovoc.europa.eu/100200,http://eurovoc.europa.eu/2149,PARENT_CONCEPT_OF
http://eurovoc.europa.eu/100188,http://eurovoc.europa.eu/3013,PARENT_CONCEPT_OF
http://eurovoc.europa.eu/100261,http://eurovoc.europa.eu/4418,PARENT_CONCEPT_OF
http://eurovoc.europa.eu/100261,http://eurovoc.europa.eu/3632,PARENT_CONCEPT_OF
http://eurovoc.europa.eu/100225,http://eurovoc.europa.eu/3928,PARENT_CONCEPT_OF
http://eurovoc.europa.eu/100194,http://eurovoc.europa.eu/3185,PARENT_CONCEPT_OF
http://eurovoc.europa.eu/100260,http://eurovoc.europa.eu/2481,PARENT_CONCEPT_OF
http://eurovoc.europa.eu/100273,http://eurovoc.europa.eu/4414,PARENT_CONCEPT_OF
http://eurovoc.europa.eu/100173,http://eurovoc.europa.eu/2628,PARENT_CONCEPT_OF
http://eurovoc.europa.eu/100224,http://eurovoc.europa.eu/3952,PARENT_CONCEPT_OF
http://eurovoc.europa.eu/100278,http://eurovoc.europa.eu/1520,PARENT_CONCEPT_OF
http://eurovoc.europa.eu/100278,http://eurovoc.europa.eu/864,PARENT_CONCEPT_OF
http://eurovoc.europa.eu/100278,http://eurovoc.europa.eu/337,PARENT_CONCEPT_OF
http://eurovoc.europa.eu/100193,http://eurovoc.europa.eu/614,PARENT_CONCEPT_OF
http://eurovoc.europa.eu/100244,http://eurovoc.europa.eu/2090,PARENT_CONCEPT_OF
http://eurovoc.europa.eu/100229,http://eurovoc.europa.eu/1164,PARENT_CONCEPT_OF
http://eurovoc.europa.eu/100185,http://eurovoc.europa.eu/2497,PARENT_CONCEPT_OF
http://eurovoc.europa.eu/100198,http://eurovoc.europa.eu/4671,PARENT_CONCEPT_OF
http://eurovoc.europa.eu/100251,http://eurovoc.europa.eu/1063,PARENT_CONCEPT_OF
http://eurovoc.europa.eu/100192,http://eurovoc.europa.eu/4380,PARENT_CONCEPT_OF
http://eurovoc.europa.eu/100164,http://eurovoc.europa.eu/4436,PARENT_CONCEPT_OF
http://eurovoc.europa.eu/100271,http://eurovoc.europa.eu/1834,PARENT_CONCEPT_OF
http://eurovoc.europa.eu/100271,http://eurovoc.europa.eu/1718,PARENT_CONCEPT_OF
http://eurovoc.europa.eu/100284,http://eurovoc.europa.eu/3778,PARENT_CONCEPT_OF
http://eurovoc.europa.eu/100197,http://eurovoc.europa.eu/474,PARENT_CONCEPT_OF
http://eurovoc.europa.eu/100250,http://eurovoc.europa.eu/711,PARENT_CONCEPT_OF
http://eurovoc.europa.eu/100163,http://eurovoc.europa.eu/2370,PARENT_CONCEPT_OF
http://eurovoc.europa.eu/100214,http://eurovoc.europa.eu/4050,PARENT_CONCEPT_OF
http://eurovoc.europa.eu/100283,http://eurovoc.europa.eu/122,PARENT_CONCEPT_OF
http://eurovoc.europa.eu/100168,http://eurovoc.europa.eu/2001,PARENT_CONCEPT_OF
http://eurovoc.europa.eu/100168,http://eurovoc.europa.eu/4704,PARENT_CONCEPT_OF
http://eurovoc.europa.eu/100168,http://eurovoc.europa.eu/4045,PARENT_CONCEPT_OF
http://eurovoc.europa.eu/100175,http://eurovoc.europa.eu/8473,PARENT_CONCEPT_OF
http://eurovoc.europa.eu/100282,http://eurovoc.europa.eu/5083,PARENT_CONCEPT_OF
http://eurovoc.europa.eu/100282,http://eurovoc.europa.eu/c_964c9649,PARENT_CONCEPT_OF
http://eurovoc.europa.eu/100233,http://eurovoc.europa.eu/4276,PARENT_CONCEPT_OF
http://eurovoc.europa.eu/100274,http://eurovoc.europa.eu/1386,PARENT_CONCEPT_OF
http://eurovoc.europa.eu/100246,http://eurovoc.europa.eu/2477,PARENT_CONCEPT_OF
http://eurovoc.europa.eu/100259,http://eurovoc.europa.eu/6052,PARENT_CONCEPT_OF
http://eurovoc.europa.eu/100187,http://eurovoc.europa.eu/2515,PARENT_CONCEPT_OF
http://eurovoc.europa.eu/100240,http://eurovoc.europa.eu/4522,PARENT_CONCEPT_OF
http://eurovoc.europa.eu/100238,http://eurovoc.europa.eu/2015,PARENT_CONCEPT_OF
http://eurovoc.europa.eu/100232,http://eurovoc.europa.eu/5974,PARENT_CONCEPT_OF
http://eurovoc.europa.eu/100217,http://eurovoc.europa.eu/668,PARENT_CONCEPT_OF
http://eurovoc.europa.eu/100286,http://eurovoc.europa.eu/2187,PARENT_CONCEPT_OF
http://eurovoc.europa.eu/100209,http://eurovoc.europa.eu/1909,PARENT_CONCEPT_OF
http://eurovoc.europa.eu/100216,http://eurovoc.europa.eu/1687,PARENT_CONCEPT_OF
http://eurovoc.europa.eu/100210,http://eurovoc.europa.eu/52,PARENT_CONCEPT_OF
http://eurovoc.europa.eu/100264,http://eurovoc.europa.eu/2767,PARENT_CONCEPT_OF
http://eurovoc.europa.eu/100277,http://eurovoc.europa.eu/914,PARENT_CONCEPT_OF
http://eurovoc.europa.eu/100243,http://eurovoc.europa.eu/3549,PARENT_CONCEPT_OF
http://eurovoc.europa.eu/100184,http://eurovoc.europa.eu/3901,PARENT_CONCEPT_OF
http://eurovoc.europa.eu/100276,http://eurovoc.europa.eu/1390,PARENT_CONCEPT_OF
http://eurovoc.europa.eu/100201,http://eurovoc.europa.eu/1804,PARENT_CONCEPT_OF
http://eurovoc.europa.eu/100283,http://eurovoc.europa.eu/c_789ead37,PARENT_CONCEPT_OF
http://eurovoc.europa.eu/100283,http://eurovoc.europa.eu/5775,PARENT_CONCEPT_OF
http://eurovoc.europa.eu/100170,http://eurovoc.europa.eu/3474,PARENT_CONCEPT_OF
http://eurovoc.europa.eu/100247,http://eurovoc.europa.eu/2551,PARENT_CONCEPT_OF
http://eurovoc.europa.eu/100188,http://eurovoc.europa.eu/4006,PARENT_CONCEPT_OF
http://eurovoc.europa.eu/100241,http://eurovoc.europa.eu/4505,PARENT_CONCEPT_OF
http://eurovoc.europa.eu/100239,http://eurovoc.europa.eu/4539,PARENT_CONCEPT_OF
http://eurovoc.europa.eu/100261,http://eurovoc.europa.eu/4415,PARENT_CONCEPT_OF
http://eurovoc.europa.eu/100218,http://eurovoc.europa.eu/873,PARENT_CONCEPT_OF
http://eurovoc.europa.eu/100259,http://eurovoc.europa.eu/4416,PARENT_CONCEPT_OF
http://eurovoc.europa.eu/100174,http://eurovoc.europa.eu/5130,PARENT_CONCEPT_OF
http://eurovoc.europa.eu/100212,http://eurovoc.europa.eu/4706,PARENT_CONCEPT_OF
http://eurovoc.europa.eu/100212,http://eurovoc.europa.eu/2690,PARENT_CONCEPT_OF
http://eurovoc.europa.eu/100281,http://eurovoc.europa.eu/2858,PARENT_CONCEPT_OF
http://eurovoc.europa.eu/100253,http://eurovoc.europa.eu/2416,PARENT_CONCEPT_OF
http://eurovoc.europa.eu/100266,http://eurovoc.europa.eu/753,PARENT_CONCEPT_OF
http://eurovoc.europa.eu/100181,http://eurovoc.europa.eu/2701,PARENT_CONCEPT_OF
http://eurovoc.europa.eu/100166,http://eurovoc.europa.eu/2246,PARENT_CONCEPT_OF
http://eurovoc.europa.eu/100173,http://eurovoc.europa.eu/2464,PARENT_CONCEPT_OF
http://eurovoc.europa.eu/100186,http://eurovoc.europa.eu/84,PARENT_CONCEPT_OF
http://eurovoc.europa.eu/100252,http://eurovoc.europa.eu/1372,PARENT_CONCEPT_OF
http://eurovoc.europa.eu/100265,http://eurovoc.europa.eu/1274,PARENT_CONCEPT_OF
http://eurovoc.europa.eu/100278,http://eurovoc.europa.eu/1088,PARENT_CONCEPT_OF
http://eurovoc.europa.eu/100278,http://eurovoc.europa.eu/8301,PARENT_CONCEPT_OF
http://eurovoc.europa.eu/100278,http://eurovoc.europa.eu/1506,PARENT_CONCEPT_OF
http://eurovoc.europa.eu/100165,http://eurovoc.europa.eu/4367,PARENT_CONCEPT_OF
http://eurovoc.europa.eu/100244,http://eurovoc.europa.eu/2524,PARENT_CONCEPT_OF
http://eurovoc.europa.eu/100216,http://eurovoc.europa.eu/1690,PARENT_CONCEPT_OF
http://eurovoc.europa.eu/100285,http://eurovoc.europa.eu/2179,PARENT_CONCEPT_OF
http://eurovoc.europa.eu/100257,http://eurovoc.europa.eu/2735,PARENT_CONCEPT_OF
http://eurovoc.europa.eu/100210,http://eurovoc.europa.eu/3318,PARENT_CONCEPT_OF
http://eurovoc.europa.eu/100198,http://eurovoc.europa.eu/1850,PARENT_CONCEPT_OF
http://eurovoc.europa.eu/100198,http://eurovoc.europa.eu/1016,PARENT_CONCEPT_OF
http://eurovoc.europa.eu/100251,http://eurovoc.europa.eu/2505,PARENT_CONCEPT_OF
http://eurovoc.europa.eu/100223,http://eurovoc.europa.eu/4488,PARENT_CONCEPT_OF
http://eurovoc.europa.eu/100236,http://eurovoc.europa.eu/557,PARENT_CONCEPT_OF
http://eurovoc.europa.eu/100192,http://eurovoc.europa.eu/5842,PARENT_CONCEPT_OF
http://eurovoc.europa.eu/100177,http://eurovoc.europa.eu/5051,PARENT_CONCEPT_OF
http://eurovoc.europa.eu/100177,http://eurovoc.europa.eu/3258,PARENT_CONCEPT_OF
http://eurovoc.europa.eu/100215,http://eurovoc.europa.eu/1415,PARENT_CONCEPT_OF
http://eurovoc.europa.eu/100256,http://eurovoc.europa.eu/5017,PARENT_CONCEPT_OF
http://eurovoc.europa.eu/100171,http://eurovoc.europa.eu/2460,PARENT_CONCEPT_OF
http://eurovoc.europa.eu/100269,http://eurovoc.europa.eu/1362,PARENT_CONCEPT_OF
http://eurovoc.europa.eu/100235,http://eurovoc.europa.eu/3273,PARENT_CONCEPT_OF
http://eurovoc.europa.eu/100207,http://eurovoc.europa.eu/2489,PARENT_CONCEPT_OF
http://eurovoc.europa.eu/100191,http://eurovoc.europa.eu/1786,PARENT_CONCEPT_OF
http://eurovoc.europa.eu/100183,http://eurovoc.europa.eu/565,PARENT_CONCEPT_OF
http://eurovoc.europa.eu/100282,http://eurovoc.europa.eu/4069,PARENT_CONCEPT_OF
http://eurovoc.europa.eu/100282,http://eurovoc.europa.eu/8366,PARENT_CONCEPT_OF
http://eurovoc.europa.eu/100267,http://eurovoc.europa.eu/744,PARENT_CONCEPT_OF
http://eurovoc.europa.eu/100195,http://eurovoc.europa.eu/3193,PARENT_CONCEPT_OF
http://eurovoc.europa.eu/100220,http://eurovoc.europa.eu/494,PARENT_CONCEPT_OF
http://eurovoc.europa.eu/100287,http://eurovoc.europa.eu/2171,PARENT_CONCEPT_OF
http://eurovoc.europa.eu/100174,http://eurovoc.europa.eu/2163,PARENT_CONCEPT_OF
http://eurovoc.europa.eu/100281,http://eurovoc.europa.eu/2113,PARENT_CONCEPT_OF
http://eurovoc.europa.eu/100181,http://eurovoc.europa.eu/5400,PARENT_CONCEPT_OF
http://eurovoc.europa.eu/100179,http://eurovoc.europa.eu/523,PARENT_CONCEPT_OF
http://eurovoc.europa.eu/100204,http://eurovoc.europa.eu/2448,PARENT_CONCEPT_OF
http://eurovoc.europa.eu/100258,http://eurovoc.europa.eu/1360,PARENT_CONCEPT_OF
http://eurovoc.europa.eu/100237,http://eurovoc.europa.eu/3160,PARENT_CONCEPT_OF
http://eurovoc.europa.eu/100278,http://eurovoc.europa.eu/1184,PARENT_CONCEPT_OF
http://eurovoc.europa.eu/100216,http://eurovoc.europa.eu/1221,PARENT_CONCEPT_OF
http://eurovoc.europa.eu/100285,http://eurovoc.europa.eu/4826,PARENT_CONCEPT_OF
http://eurovoc.europa.eu/100289,http://eurovoc.europa.eu/4826,PARENT_CONCEPT_OF
http://eurovoc.europa.eu/100185,http://eurovoc.europa.eu/712,PARENT_CONCEPT_OF
http://eurovoc.europa.eu/100236,http://eurovoc.europa.eu/3209,PARENT_CONCEPT_OF
http://eurovoc.europa.eu/100177,http://eurovoc.europa.eu/438855,PARENT_CONCEPT_OF
http://eurovoc.europa.eu/100256,http://eurovoc.europa.eu/4314,PARENT_CONCEPT_OF
http://eurovoc.europa.eu/100250,http://eurovoc.europa.eu/5877,PARENT_CONCEPT_OF
http://eurovoc.europa.eu/100250,http://eurovoc.europa.eu/2711,PARENT_CONCEPT_OF
http://eurovoc.europa.eu/100222,http://eurovoc.europa.eu/1422,PARENT_CONCEPT_OF
http://eurovoc.europa.eu/100235,http://eurovoc.europa.eu/2491,PARENT_CONCEPT_OF
http://eurovoc.europa.eu/100191,http://eurovoc.europa.eu/2449,PARENT_CONCEPT_OF
http://eurovoc.europa.eu/100191,http://eurovoc.europa.eu/1810,PARENT_CONCEPT_OF
http://eurovoc.europa.eu/100191,http://eurovoc.europa.eu/2487,PARENT_CONCEPT_OF
http://eurovoc.europa.eu/100270,http://eurovoc.europa.eu/1417,PARENT_CONCEPT_OF
http://eurovoc.europa.eu/100242,http://eurovoc.europa.eu/1707,PARENT_CONCEPT_OF
http://eurovoc.europa.eu/100242,http://eurovoc.europa.eu/434743,PARENT_CONCEPT_OF
http://eurovoc.europa.eu/100283,http://eurovoc.europa.eu/2119,PARENT_CONCEPT_OF
http://eurovoc.europa.eu/100255,http://eurovoc.europa.eu/239,PARENT_CONCEPT_OF
http://eurovoc.europa.eu/100170,http://eurovoc.europa.eu/3461,PARENT_CONCEPT_OF
http://eurovoc.europa.eu/100196,http://eurovoc.europa.eu/13,PARENT_CONCEPT_OF
http://eurovoc.europa.eu/100262,http://eurovoc.europa.eu/2817,PARENT_CONCEPT_OF
http://eurovoc.europa.eu/100206,http://eurovoc.europa.eu/1326,PARENT_CONCEPT_OF
http://eurovoc.europa.eu/100247,http://eurovoc.europa.eu/2814,PARENT_CONCEPT_OF
http://eurovoc.europa.eu/100213,http://eurovoc.europa.eu/2459,PARENT_CONCEPT_OF
http://eurovoc.europa.eu/100282,http://eurovoc.europa.eu/4587,PARENT_CONCEPT_OF
http://eurovoc.europa.eu/100282,http://eurovoc.europa.eu/7207,PARENT_CONCEPT_OF
http://eurovoc.europa.eu/100282,http://eurovoc.europa.eu/5265,PARENT_CONCEPT_OF
http://eurovoc.europa.eu/100282,http://eurovoc.europa.eu/37846,PARENT_CONCEPT_OF
http://eurovoc.europa.eu/100226,http://eurovoc.europa.eu/3582,PARENT_CONCEPT_OF
http://eurovoc.europa.eu/100205,http://eurovoc.europa.eu/1012,PARENT_CONCEPT_OF
http://eurovoc.europa.eu/100218,http://eurovoc.europa.eu/778,PARENT_CONCEPT_OF
http://eurovoc.europa.eu/100287,http://eurovoc.europa.eu/2190,PARENT_CONCEPT_OF
http://eurovoc.europa.eu/100253,http://eurovoc.europa.eu/1115,PARENT_CONCEPT_OF
http://eurovoc.europa.eu/100253,http://eurovoc.europa.eu/2417,PARENT_CONCEPT_OF
http://eurovoc.europa.eu/100273,http://eurovoc.europa.eu/4565,PARENT_CONCEPT_OF
http://eurovoc.europa.eu/100224,http://eurovoc.europa.eu/6382,PARENT_CONCEPT_OF
http://eurovoc.europa.eu/100237,http://eurovoc.europa.eu/2494,PARENT_CONCEPT_OF
http://eurovoc.europa.eu/100180,http://eurovoc.europa.eu/573,PARENT_CONCEPT_OF
http://eurovoc.europa.eu/100180,http://eurovoc.europa.eu/3513,PARENT_CONCEPT_OF
http://eurovoc.europa.eu/100209,http://eurovoc.europa.eu/1916,PARENT_CONCEPT_OF
http://eurovoc.europa.eu/100278,http://eurovoc.europa.eu/8189,PARENT_CONCEPT_OF
http://eurovoc.europa.eu/100278,http://eurovoc.europa.eu/7816,PARENT_CONCEPT_OF
http://eurovoc.europa.eu/100278,http://eurovoc.europa.eu/7861,PARENT_CONCEPT_OF
http://eurovoc.europa.eu/100165,http://eurovoc.europa.eu/4157,PARENT_CONCEPT_OF
http://eurovoc.europa.eu/100165,http://eurovoc.europa.eu/1953,PARENT_CONCEPT_OF
http://eurovoc.europa.eu/100165,http://eurovoc.europa.eu/558,PARENT_CONCEPT_OF
http://eurovoc.europa.eu/100178,http://eurovoc.europa.eu/3935,PARENT_CONCEPT_OF
http://eurovoc.europa.eu/100231,http://eurovoc.europa.eu/802,PARENT_CONCEPT_OF
http://eurovoc.europa.eu/100285,http://eurovoc.europa.eu/4365,PARENT_CONCEPT_OF
http://eurovoc.europa.eu/100172,http://eurovoc.europa.eu/4697,PARENT_CONCEPT_OF
http://eurovoc.europa.eu/100172,http://eurovoc.europa.eu/2500,PARENT_CONCEPT_OF
http://eurovoc.europa.eu/100271,http://eurovoc.europa.eu/1410,PARENT_CONCEPT_OF
http://eurovoc.europa.eu/100215,http://eurovoc.europa.eu/5881,PARENT_CONCEPT_OF
http://eurovoc.europa.eu/100269,http://eurovoc.europa.eu/3810,PARENT_CONCEPT_OF
http://eurovoc.europa.eu/100184,http://eurovoc.europa.eu/538,PARENT_CONCEPT_OF
http://eurovoc.europa.eu/100184,http://eurovoc.europa.eu/7347,PARENT_CONCEPT_OF
http://eurovoc.europa.eu/100242,http://eurovoc.europa.eu/2470,PARENT_CONCEPT_OF
http://eurovoc.europa.eu/100183,http://eurovoc.europa.eu/567,PARENT_CONCEPT_OF
http://eurovoc.europa.eu/100221,http://eurovoc.europa.eu/3855,PARENT_CONCEPT_OF
http://eurovoc.europa.eu/100206,http://eurovoc.europa.eu/1321,PARENT_CONCEPT_OF
