Id,Label,year,type,era,seed_concepts,indegree,outdegree,degree,modularity_class,Eccentricity,closnesscentrality,harmonicclosnesscentrality,betweenesscentrality
32008L0114,32008L0114,2008,Directive,Late 2000s,0,9,0,9,331,0,0,0,0
31973Y0919(11),31973Y091911,1973,Legislative_Act,Pre-Single European Act,1,0,3,3,17,2,0.8,0.875,0
31985D0066,31985D0066,1985,Decision,Pre-Single European Act,1,0,0,0,1,0,0,0,0
31990Y0818(01),31990Y081801,1990,Legislative_Act,Pre-Maastricht,1,0,0,0,2,0,0,0,0
31996R0902,31996R0902,1996,Regulation,1990s,1,3,1,4,300,1,1,1,3
31997D0486,31997D0486,1997,Decision,1990s,1,0,3,3,59,1,1,1,0
31997D0487,31997D0487,1997,Decision,1990s,1,0,3,3,59,1,1,1,0
31998Y1215(01),31998Y121501,1998,Legislative_Act,1990s,1,2,3,5,177,2,0.714286,0.8,5.5
32000R1896,32000R1896,2000,Regulation,Early 2000s,1,5,1,6,231,1,1,1,1
32001D0079,32001D0079,2001,Decision,Early 2000s,1,2,3,5,330,1,1,1,6
32002L0058R(01),32002L0058R01,2002,Regulation,Early 2000s,1,0,1,1,331,2,0.52381,0.545455,0
32003D0521,32003D0521,2003,Decision,Early 2000s,1,0,11,11,84,1,1,1,0
32003R1139R(01),32003R1139R01,2003,Regulation,Early 2000s,1,0,0,0,3,0,0,0,0
32004D0733,32004D0733,2004,Decision,Early 2000s,1,1,1,2,330,1,1,1,1
32004R0785R(01),32004R0785R01,2004,Regulation,Early 2000s,2,0,0,0,4,0,0,0,0
32005L0044R(01),32005L0044R01,2005,Regulation,Late 2000s,1,0,0,0,5,0,0,0,0
32005R2073R(10),32005R2073R10,2005,Regulation,Late 2000s,1,0,1,1,333,5,0.265985,0.295833,0
32006D0267,32006D0267,2006,Decision,Late 2000s,2,0,3,3,330,2,0.8,0.875,0
32006L0007R(01),32006L0007R01,2006,Regulation,Late 2000s,1,0,0,0,6,0,0,0,0
32006R0907R(02),32006R0907R02,2006,Regulation,Late 2000s,1,0,1,1,103,1,1,1,0
32007D0725,32007D0725,2007,Decision,Late 2000s,2,0,1,1,330,1,1,1,0
32008D0712,32008D0712,2008,Decision,Late 2000s,2,0,3,3,330,2,0.714286,0.8,0
32008D0981,32008D0981,2008,Decision,Late 2000s,1,0,1,1,84,1,1,1,0
32008L0098R(09),32008L0098R09,2008,Regulation,Late 2000s,1,0,0,0,7,0,0,0,0
32008R1234,32008R1234,2008,Regulation,Late 2000s,1,5,6,11,333,1,1,1,49.5
32008R1334R(06),32008R1334R06,2008,Regulation,Late 2000s,1,0,0,0,8,0,0,0,0
32009D0341,32009D0341,2009,Decision,Late 2000s,1,1,4,5,84,4,0.46,0.532609,16
32009R0767,32009R0767,2009,Regulation,Late 2000s,1,16,43,59,333,3,0.53252,0.629771,3318.139472
31983H0419,31983H0419,1983,Legislative_Act,Pre-Single European Act,1,0,1,1,17,1,1,1,0
31990Y0707(02),31990Y070702,1990,Legislative_Act,Pre-Maastricht,1,0,1,1,59,2,0.666667,0.75,0
31994D0244,31994D0244,1994,Decision,1990s,1,0,8,8,266,1,1,1,0
32000D0354R(02),32000D0354R02,2000,Regulation,Early 2000s,1,0,0,0,18,0,0,0,0
32001D0432,32001D0432,2001,Decision,Early 2000s,1,0,3,3,266,1,1,1,0
32002D0180,32002D0180,2002,Decision,Early 2000s,1,0,14,14,84,2,0.694444,0.78,0
32004R0785R(07),32004R0785R07,2004,Regulation,Early 2000s,2,0,0,0,19,0,0,0,0
32005E0329,32005E0329,2005,Legislative_Act,Late 2000s,1,2,4,6,330,2,0.833333,0.9,10
32005R1209,32005R1209,2005,Regulation,Late 2000s,1,0,1,1,20,1,1,1,0
32006R0474R(01),32006R0474R01,2006,Regulation,Late 2000s,1,0,0,0,21,0,0,0,0
32007D0193,32007D0193,2007,Decision,Late 2000s,2,0,1,1,22,1,1,1,0
32007R0333,32007R0333,2007,Regulation,Late 2000s,1,7,8,15,333,2,0.75,0.833333,82
32007R0333R(01),32007R0333R01,2007,Regulation,Late 2000s,1,0,1,1,333,3,0.448276,0.487179,0
32008D0172,32008D0172,2008,Decision,Late 2000s,1,1,3,4,330,1,1,1,1
32008D0918R(01),32008D0918R01,2008,Regulation,Late 2000s,1,0,1,1,330,4,0.354167,0.397059,0
32008R1331R(01),32008R1331R01,2008,Regulation,Late 2000s,1,0,1,1,333,4,0.339286,0.381579,0
32009R1024R(02),32009R1024R02,2009,Regulation,Late 2000s,1,0,1,1,23,1,1,1,0
31973Y0919(07),31973Y091907,1973,Legislative_Act,Pre-Single European Act,1,0,3,3,17,2,0.8,0.875,0
31978D0154,31978D0154,1978,Decision,Pre-Single European Act,2,0,4,4,36,1,1,1,0
31988R4064,31988R4064,1988,Regulation,Pre-Maastricht,1,0,1,1,37,1,1,1,0
31990H0143,31990H0143,1990,Legislative_Act,Pre-Maastricht,1,0,4,4,38,1,1,1,0
31994L0022,31994L0022,1994,Directive,1990s,1,6,7,13,324,1,1,1,841.195986
31995D0419,31995D0419,1995,Decision,1990s,1,0,1,1,17,2,0.666667,0.75,0
31996L0067,31996L0067,1996,Directive,1990s,1,14,9,23,84,1,1,1,7802.845533
31997L0009,31997L0009,1997,Directive,1990s,1,9,8,17,280,1,1,1,4279.829193
31999D0834,31999D0834,1999,Decision,1990s,1,1,7,8,231,1,1,1,1
31999Y0713(01),31999Y071301,1999,Legislative_Act,1990s,1,1,3,4,333,1,1,1,3
32001D0546,32001D0546,2001,Decision,Early 2000s,2,0,2,2,39,1,1,1,0
32003D0564,32003D0564,2003,Decision,Early 2000s,3,2,7,9,280,1,1,1,12.333333
32003D0790,32003D0790,2003,Decision,Early 2000s,1,0,4,4,266,2,0.75,0.833333,0
32003R0260,32003R0260,2003,Regulation,Early 2000s,1,0,2,2,333,1,1,1,0
32003R1128,32003R1128,2003,Regulation,Early 2000s,1,0,2,2,333,1,1,1,0
32004D0090,32004D0090,2004,Decision,Early 2000s,1,0,1,1,40,1,1,1,0
32004D0822,32004D0822,2004,Decision,Early 2000s,2,0,3,3,330,2,0.8,0.875,0
32004L0066,32004L0066,2004,Directive,Early 2000s,1,6,10,16,231,1,1,1,6432.414533
32004R0851R(02),32004R0851R02,2004,Regulation,Early 2000s,1,0,0,0,41,0,0,0,0
32006D0351,32006D0351,2006,Decision,Late 2000s,1,1,2,3,17,2,0.75,0.833333,3
32006L0038R(03),32006L0038R03,2006,Regulation,Late 2000s,1,0,1,1,157,3,0.4,0.4375,0
32006L0043R(02),32006L0043R02,2006,Regulation,Late 2000s,1,0,0,0,42,0,0,0,0
32007E0178,32007E0178,2007,Legislative_Act,Late 2000s,1,0,4,4,330,1,1,1,0
32007E0528,32007E0528,2007,Legislative_Act,Late 2000s,1,0,2,2,330,1,1,1,0
32007E0887,32007E0887,2007,Legislative_Act,Late 2000s,1,0,3,3,330,1,1,1,0
32007H0078,32007H0078,2007,Legislative_Act,Late 2000s,1,0,1,1,43,1,1,1,0
32008D0170,32008D0170,2008,Decision,Late 2000s,1,0,5,5,329,1,1,1,0
32009D0027,32009D0027,2009,Decision,Late 2000s,1,0,2,2,333,1,1,1,0
32009D0460R(01),32009D0460R01,2009,Regulation,Late 2000s,1,0,1,1,84,2,0.571429,0.625,0
32009D0548,32009D0548,2009,Decision,Late 2000s,1,0,1,1,329,1,1,1,0
32009D0739,32009D0739,2009,Decision,Late 2000s,2,1,5,6,300,3,0.449153,0.493711,3.5
32009D0758,32009D0758,2009,Decision,Late 2000s,1,0,3,3,330,3,0.5,0.571429,0
32009H1205(01),32009H120501,2009,Legislative_Act,Late 2000s,1,0,1,1,329,1,1,1,0
32009L0138R(09),32009L0138R09,2009,Regulation,Late 2000s,2,0,1,1,280,7,0.218792,0.274759,0
31974H0165,31974H0165,1974,Legislative_Act,Pre-Single European Act,1,0,2,2,266,1,1,1,0
31980D1350,31980D1350,1980,Decision,Pre-Single European Act,1,0,2,2,56,1,1,1,0
31981D0375,31981D0375,1981,Decision,Pre-Single European Act,1,0,2,2,56,1,1,1,0
31984D0520,31984D0520,1984,Decision,Pre-Single European Act,1,1,0,1,311,0,0,0,0
31985D0069,31985D0069,1985,Decision,Pre-Single European Act,1,0,0,0,57,0,0,0,0
31985D0530,31985D0530,1985,Decision,Pre-Single European Act,1,0,2,2,17,1,1,1,0
31987H0371,31987H0371,1987,Legislative_Act,Pre-Maastricht,2,3,5,8,59,1,1,1,9
31989D0630,31989D0630,1989,Decision,Pre-Maastricht,1,0,2,2,58,1,1,1,0
31992Y0625(01),31992Y062501,1992,Legislative_Act,Pre-Maastricht,1,1,2,3,50,1,1,1,2
31993R0315,31993R0315,1993,Regulation,1990s,1,10,4,14,333,1,1,1,2927.300081
31994D0718,31994D0718,1994,Decision,1990s,1,0,9,9,266,1,1,1,0
31994Y0617(01),31994Y061701,1994,Legislative_Act,1990s,1,2,3,5,177,1,1,1,6.5
31995Y1230(06),31995Y123006,1995,Legislative_Act,1990s,1,0,1,1,177,1,1,1,0
31997D0545,31997D0545,1997,Decision,1990s,1,0,4,4,59,1,1,1,0
31998D0535,31998D0535,1998,Decision,1990s,1,0,3,3,59,1,1,1,0
31998D0828(01),31998D082801,1998,Decision,1990s,1,0,1,1,323,1,1,1,0
31999D0833,31999D0833,1999,Decision,1990s,1,1,7,8,231,1,1,1,1
31999R1225,31999R1225,1999,Regulation,1990s,1,0,2,2,333,1,1,1,0
32001D0098,32001D0098,2001,Decision,Early 2000s,1,1,11,12,266,2,0.703704,0.789474,18
32002E0589R(01),32002E0589R01,2002,Regulation,Early 2000s,1,0,0,0,60,0,0,0,0
32002G0216(02),32002G021602,2002,Legislative_Act,Early 2000s,1,2,7,9,324,1,1,1,13
32004D0821,32004D0821,2004,Decision,Early 2000s,3,0,2,2,330,1,1,1,0
32004L0027,32004L0027,2004,Directive,Early 2000s,1,3,4,7,333,1,1,1,12
32004R0851R(01),32004R0851R01,2004,Regulation,Early 2000s,1,0,0,0,61,0,0,0,0
32006D0558,32006D0558,2006,Decision,Late 2000s,2,1,11,12,280,3,0.55,0.641414,33
32006D0951,32006D0951,2006,Decision,Late 2000s,1,0,1,1,84,1,1,1,0
32006R0907R(01),32006R0907R01,2006,Regulation,Late 2000s,1,0,1,1,103,1,1,1,0
32008D0477,32008D0477,2008,Decision,Late 2000s,1,4,0,4,324,0,0,0,0
32008D0745,32008D0745,2008,Decision,Late 2000s,1,0,3,3,231,1,1,1,0
32008E0944R(01),32008E0944R01,2008,Regulation,Late 2000s,2,0,0,0,62,0,0,0,0
32008R0702,32008R0702,2008,Regulation,Late 2000s,1,0,2,2,300,2,0.75,0.833333,0
32009D0512,32009D0512,2009,Decision,Late 2000s,1,0,2,2,331,1,1,1,0
32009D1007,32009D1007,2009,Decision,Late 2000s,1,0,1,1,279,1,1,1,0
31971Y0119(01),31971Y011901,1971,Legislative_Act,Pre-Single European Act,1,0,0,0,75,0,0,0,0
31975Y0709(04),31975Y070904,1975,Legislative_Act,Pre-Single European Act,1,1,1,2,17,1,1,1,3
31977H0714,31977H0714,1977,Legislative_Act,Pre-Single European Act,1,1,2,3,17,1,1,1,2
31977L0312,31977L0312,1977,Directive,Pre-Single European Act,1,0,2,2,59,1,1,1,0
31980D0157,31980D0157,1980,Decision,Pre-Single European Act,1,0,3,3,17,1,1,1,0
31984H0549,31984H0549,1984,Legislative_Act,Pre-Single European Act,1,4,1,5,59,1,1,1,1.5
31989Y0720(01),31989Y072001,1989,Legislative_Act,Pre-Maastricht,1,1,0,1,59,0,0,0,0
31991D0251,31991D0251,1991,Decision,Pre-Maastricht,2,3,2,5,266,1,1,1,1
31993Y1216(01),31993Y121601,1993,Legislative_Act,1990s,1,0,3,3,177,1,1,1,0
31994D0424,31994D0424,1994,Decision,1990s,1,0,8,8,266,1,1,1,0
31996E0668,31996E0668,1996,Legislative_Act,1990s,1,1,3,4,50,5,0.405405,0.507778,1060
31998L0029,31998L0029,1998,Directive,1990s,1,1,9,10,17,3,0.625,0.716667,20
31999D0645,31999D0645,1999,Decision,1990s,1,0,3,3,59,1,1,1,0
31999D0847,31999D0847,1999,Decision,1990s,1,3,4,7,329,1,1,1,186.194444
31999Y0409(03),31999Y040903,1999,Legislative_Act,1990s,1,0,1,1,329,1,1,1,0
32000D0054,32000D0054,2000,Decision,Early 2000s,1,0,1,1,266,1,1,1,0
32000D0354R(01),32000D0354R01,2000,Regulation,Early 2000s,1,0,0,0,76,0,0,0,0
32001R1248,32001R1248,2001,Regulation,Early 2000s,1,0,2,2,77,1,1,1,0
32001R1326R(01),32001R1326R01,2001,Regulation,Early 2000s,1,0,0,0,78,0,0,0,0
32002H0077,32002H0077,2002,Legislative_Act,Early 2000s,1,0,3,3,333,2,0.666667,0.75,0
32005H0698,32005H0698,2005,Legislative_Act,Late 2000s,2,1,5,6,324,2,0.647059,0.727273,1406.5
32006D0771(01),32006D077101,2006,Decision,Late 2000s,1,2,8,10,324,2,0.9,0.944444,24.95
32007D0446,32007D0446,2007,Decision,Late 2000s,1,0,0,0,79,0,0,0,0
32008A0509(01),32008A050901,2008,Legislative_Act,Late 2000s,1,0,1,1,231,1,1,1,0
32008F0909R(01),32008F0909R01,2008,Regulation,Late 2000s,1,0,0,0,80,0,0,0,0
32008L0096R(02),32008L0096R02,2008,Regulation,Late 2000s,1,0,0,0,81,0,0,0,0
32009D0146,32009D0146,2009,Decision,Late 2000s,1,1,1,2,82,1,1,1,0
32009D0460,32009D0460,2009,Decision,Late 2000s,2,2,3,5,84,1,1,1,5
32009R1284R(01),32009R1284R01,2009,Regulation,Late 2000s,1,0,1,1,300,2,0.555556,0.6,0
31972Y1011(01),31972Y101101,1972,Legislative_Act,Pre-Single European Act,1,1,0,1,288,0,0,0,0
31986R4058,31986R4058,1986,Regulation,Pre-Single European Act,1,4,3,7,50,2,0.8,0.875,1075.833333
31986Y0626(01),31986Y062601,1986,Legislative_Act,Pre-Single European Act,1,0,2,2,17,2,0.75,0.833333,0
31991H0288,31991H0288,1991,Legislative_Act,Pre-Maastricht,1,1,6,7,59,2,0.875,0.928571,12
31994D0211,31994D0211,1994,Decision,1990s,1,0,1,1,329,1,1,1,0
31994D0414,31994D0414,1994,Decision,1990s,1,0,8,8,266,1,1,1,0
31996R2271,31996R2271,1996,Regulation,1990s,1,4,6,10,50,4,0.555556,0.672222,6930.288837
31997D0310,31997D0310,1997,Decision,1990s,1,1,7,8,266,1,1,1,0
31998D0388,31998D0388,1998,Decision,1990s,1,1,3,4,84,2,0.571429,0.625,1
31998H0322,31998H0322,1998,Legislative_Act,1990s,1,1,6,7,266,1,1,1,1002
31999D0511,31999D0511,1999,Decision,1990s,2,0,3,3,59,2,0.714286,0.8,0
32003D0602,32003D0602,2003,Decision,Early 2000s,1,0,2,2,333,1,1,1,0
32003D0752,32003D0752,2003,Decision,Early 2000s,1,1,1,2,17,3,0.5,0.583333,0
32003D0834,32003D0834,2003,Decision,Early 2000s,3,0,4,4,333,1,1,1,0
32005D0012,32005D0012,2005,Decision,Late 2000s,1,0,2,2,329,2,0.6,0.666667,0
32006D0355,32006D0355,2006,Decision,Late 2000s,1,0,1,1,329,1,1,1,0
32006L0038R(01),32006L0038R01,2006,Regulation,Late 2000s,2,0,1,1,157,3,0.4,0.4375,0
32006R0907,32006R0907,2006,Regulation,Late 2000s,1,2,0,2,103,0,0,0,0
32007D0102,32007D0102,2007,Decision,Late 2000s,1,0,5,5,329,1,1,1,0
32007D0258,32007D0258,2007,Decision,Late 2000s,1,0,6,6,84,1,1,1,0
32007D0784,32007D0784,2007,Decision,Late 2000s,1,0,0,0,104,0,0,0,0
32007R0412R(01),32007R0412R01,2007,Regulation,Late 2000s,1,0,0,0,105,0,0,0,0
32008D0432R(01),32008D0432R01,2008,Regulation,Late 2000s,1,0,0,0,106,0,0,0,0
32008D0743(01),32008D074301,2008,Decision,Late 2000s,1,0,3,3,231,1,1,1,0
32008F0909R(06),32008F0909R06,2008,Regulation,Late 2000s,1,0,0,0,107,0,0,0,0
32008R1234R(01),32008R1234R01,2008,Regulation,Late 2000s,1,0,1,1,333,2,0.538462,0.571429,0
32008R1333R(06),32008R1333R06,2008,Regulation,Late 2000s,1,0,0,0,108,0,0,0,0
32009A0903(01),32009A090301,2009,Legislative_Act,Late 2000s,1,0,1,1,329,1,1,1,0
32009A1021(01),32009A102101,2009,Legislative_Act,Late 2000s,1,0,1,1,329,1,1,1,0
32009D0964,32009D0964,2009,Decision,Late 2000s,1,2,4,6,329,1,1,1,6
32009D0964R(01),32009D0964R01,2009,Regulation,Late 2000s,1,0,1,1,329,2,0.555556,0.6,0
32009L0081,32009L0081,2009,Directive,Late 2000s,1,27,17,44,324,2,0.742857,0.826923,6298.821543
31971Y0610(01),31971Y061001,1971,Legislative_Act,Pre-Single European Act,1,0,1,1,115,1,1,1,0
31985D0527,31985D0527,1985,Decision,Pre-Single European Act,1,0,2,2,17,1,1,1,0
31994D0694,31994D0694,1994,Decision,1990s,1,1,8,9,266,1,1,1,8
31999D0494,31999D0494,1999,Decision,1990s,1,0,3,3,245,1,1,1,0
31999R1228,31999R1228,1999,Regulation,1990s,1,0,1,1,333,1,1,1,0
32000D0299,32000D0299,2000,Decision,Early 2000s,1,1,1,2,324,1,1,1,0
32003D0751,32003D0751,2003,Decision,Early 2000s,1,2,2,4,17,2,0.75,0.833333,3
32003D0822,32003D0822,2003,Decision,Early 2000s,1,0,5,5,333,1,1,1,0
32004D0739R(01),32004D0739R01,2004,Regulation,Early 2000s,2,0,1,1,330,2,0.6,0.666667,0
32004L0024,32004L0024,2004,Directive,Early 2000s,1,2,4,6,333,1,1,1,8
32004L0113,32004L0113,2004,Directive,Early 2000s,2,6,5,11,329,1,1,1,114.030769
32004R0785R(05),32004R0785R05,2004,Regulation,Early 2000s,2,0,0,0,116,0,0,0,0
32004R0785R(06),32004R0785R06,2004,Regulation,Early 2000s,2,0,0,0,117,0,0,0,0
32005D0851,32005D0851,2005,Decision,Late 2000s,2,0,1,1,118,1,1,1,0
32005R2073R(08),32005R2073R08,2005,Regulation,Late 2000s,1,0,1,1,333,5,0.265985,0.295833,0
32006D0375,32006D0375,2006,Decision,Late 2000s,1,0,1,1,324,1,1,1,0
32006L0021R(01),32006L0021R01,2006,Regulation,Late 2000s,1,0,1,1,329,5,0.376623,0.426437,0
32007A0802(02),32007A080202,2007,Legislative_Act,Late 2000s,1,0,1,1,329,1,1,1,0
32007D0026,32007D0026,2007,Decision,Late 2000s,1,0,3,3,333,5,0.258152,0.293158,0
32007D0711,32007D0711,2007,Decision,Late 2000s,2,0,2,2,330,1,1,1,0
32007D0793,32007D0793,2007,Decision,Late 2000s,1,1,1,2,300,2,0.555556,0.6,0
32008R1099R(02),32008R1099R02,2008,Regulation,Late 2000s,1,0,0,0,119,0,0,0,0
32008R1272R(16),32008R1272R16,2008,Regulation,Late 2000s,1,0,0,0,120,0,0,0,0
32008R1332,32008R1332,2008,Regulation,Late 2000s,1,8,13,21,333,2,0.782609,0.861111,522.844048
32009L0119,32009L0119,2009,Directive,Late 2000s,1,4,7,11,300,1,1,1,46.085965
32009L0119R(02),32009L0119R02,2009,Regulation,Late 2000s,1,0,1,1,300,2,0.533333,0.5625,0
32009L0138R(08),32009L0138R08,2009,Regulation,Late 2000s,2,0,1,1,280,7,0.218792,0.274759,0
31995Y1207(03),31995Y120703,1995,Legislative_Act,1990s,1,0,1,1,177,1,1,1,0
31998D0387,31998D0387,1998,Decision,1990s,1,1,6,7,84,2,0.625,0.7,3
31998D0520,31998D0520,1998,Decision,1990s,1,0,5,5,59,1,1,1,0
31998D0522,31998D0522,1998,Decision,1990s,2,0,4,4,59,1,1,1,0
32000D0141,32000D0141,2000,Decision,Early 2000s,1,0,1,1,17,2,0.666667,0.75,0
32003D0124,32003D0124,2003,Decision,Early 2000s,1,0,4,4,231,1,1,1,0
32003D0498,32003D0498,2003,Decision,Early 2000s,1,0,0,0,132,0,0,0,0
32003R2160R(01),32003R2160R01,2003,Regulation,Early 2000s,1,0,1,1,333,2,0.555556,0.6,0
32004D0777R(02),32004D0777R02,2004,Regulation,Early 2000s,1,0,0,0,133,0,0,0,0
32004L0066R(01),32004L0066R01,2004,Regulation,Early 2000s,1,0,1,1,231,2,0.52381,0.545455,0
32004R0785R(04),32004R0785R04,2004,Regulation,Early 2000s,2,0,0,0,134,0,0,0,0
32004R0793R(01),32004R0793R01,2004,Regulation,Early 2000s,1,0,0,0,135,0,0,0,0
32005R2073,32005R2073,2005,Regulation,Late 2000s,1,20,17,37,333,4,0.358885,0.442557,1061.491026
32005R2073R(06),32005R2073R06,2005,Regulation,Late 2000s,1,0,1,1,333,5,0.265985,0.295833,0
32006D0730,32006D0730,2006,Decision,Late 2000s,1,7,4,11,50,1,1,1,50
32006R1907R(13),32006R1907R13,2006,Regulation,Late 2000s,1,0,1,1,231,4,0.351648,0.378906,0
32007D0597,32007D0597,2007,Decision,Late 2000s,1,0,2,2,231,1,1,1,0
32007D0724,32007D0724,2007,Decision,Late 2000s,2,0,3,3,330,2,0.8,0.875,0
32008D0412R(01),32008D0412R01,2008,Regulation,Late 2000s,2,0,0,0,136,0,0,0,0
32008R1272R(08),32008R1272R08,2008,Regulation,Late 2000s,1,0,0,0,137,0,0,0,0
32008R1272R(09),32008R1272R09,2008,Regulation,Late 2000s,1,0,0,0,138,0,0,0,0
32009D0302R(01),32009D0302R01,2009,Regulation,Late 2000s,1,0,0,0,139,0,0,0,0
32009D0604,32009D0604,2009,Decision,Late 2000s,1,0,2,2,329,1,1,1,0
32009L0081R(02),32009L0081R02,2009,Regulation,Late 2000s,1,0,1,1,324,3,0.435484,0.462963,0
32009L0138R(10),32009L0138R10,2009,Regulation,Late 2000s,2,0,1,1,280,7,0.218792,0.274759,0
32009R0169,32009R0169,2009,Regulation,Late 2000s,1,0,10,10,266,3,0.571429,0.708333,0
31984R1890,31984R1890,1984,Regulation,Pre-Single European Act,1,2,5,7,17,2,0.857143,0.916667,12
31985D0276,31985D0276,1985,Decision,Pre-Single European Act,1,0,14,14,266,1,1,1,0
31986Y1209(01),31986Y120901,1986,Legislative_Act,Pre-Single European Act,1,1,6,7,17,1,1,1,6
31991D0274,31991D0274,1991,Decision,Pre-Maastricht,1,0,1,1,329,1,1,1,0
31993R0315R(01),31993R0315R01,1993,Regulation,1990s,1,0,1,1,333,2,0.555556,0.6,0
31993R3604,31993R3604,1993,Regulation,1990s,1,1,8,9,280,1,1,1,8
31995D2717,31995D2717,1995,Decision,1990s,1,0,4,4,50,2,0.75,0.833333,0
31995Y1219(03),31995Y121903,1995,Legislative_Act,1990s,1,0,1,1,177,1,1,1,0
31997D0865,31997D0865,1997,Decision,1990s,1,2,1,3,231,1,1,1,0
31999L0062,31999L0062,1999,Directive,1990s,1,9,9,18,157,1,1,1,140.666667
32001L0083R(02),32001L0083R02,2001,Regulation,Early 2000s,1,0,0,0,156,0,0,0,0
32001R2580,32001R2580,2001,Regulation,Early 2000s,1,12,5,17,300,1,1,1,70.333333
32002G0216(01),32002G021601,2002,Legislative_Act,Early 2000s,1,0,2,2,329,2,0.6,0.666667,0
32003D0668,32003D0668,2003,Decision,Early 2000s,1,0,3,3,266,2,0.8,0.875,0
32003D0777,32003D0777,2003,Decision,Early 2000s,1,0,2,2,266,1,1,1,0
32003L0051,32003L0051,2003,Directive,Early 2000s,2,1,8,9,280,2,0.75,0.833333,22
32004D0545,32004D0545,2004,Decision,Early 2000s,1,2,2,4,324,2,0.75,0.833333,2.25
32004L0027R(03),32004L0027R03,2004,Regulation,Early 2000s,1,0,1,1,333,2,0.555556,0.6,0
32006D0499,32006D0499,2006,Decision,Late 2000s,1,0,3,3,330,1,1,1,0
32006E0787,32006E0787,2006,Legislative_Act,Late 2000s,1,1,2,3,330,1,1,1,0.5
32006L0038,32006L0038,2006,Directive,Late 2000s,1,3,6,9,157,2,0.625,0.7,45
32006R1412R(01),32006R1412R01,2006,Regulation,Late 2000s,2,0,0,0,158,0,0,0,0
32006R1923,32006R1923,2006,Regulation,Late 2000s,1,0,4,4,333,1,1,1,0
32007A1221(01),32007A122101,2007,Legislative_Act,Late 2000s,1,0,1,1,329,1,1,1,0
32008D0014,32008D0014,2008,Decision,Late 2000s,1,0,4,4,86,2,0.75,0.833333,0
32008E0851,32008E0851,2008,Legislative_Act,Late 2000s,1,21,9,30,330,2,0.8,0.875,270.333333
32008F0909R(03),32008F0909R03,2008,Regulation,Late 2000s,1,0,0,0,159,0,0,0,0
32008H0653,32008H0653,2008,Legislative_Act,Late 2000s,1,0,1,1,333,1,1,1,0
32008R1272R(03),32008R1272R03,2008,Regulation,Late 2000s,1,0,0,0,160,0,0,0,0
32008R1272R(05),32008R1272R05,2008,Regulation,Late 2000s,1,0,0,0,161,0,0,0,0
32008R1272R(15),32008R1272R15,2008,Regulation,Late 2000s,1,0,0,0,162,0,0,0,0
32008R1333R(07),32008R1333R07,2008,Regulation,Late 2000s,1,0,0,0,163,0,0,0,0
32009D0369,32009D0369,2009,Decision,Late 2000s,1,3,2,5,330,3,0.481481,0.538462,1
32009D0516,32009D0516,2009,Decision,Late 2000s,1,0,2,2,331,1,1,1,0
32009D0517,32009D0517,2009,Decision,Late 2000s,1,0,2,2,331,1,1,1,0
32009L0020,32009L0020,2009,Directive,Late 2000s,1,0,2,2,331,1,1,1,0
32009L0110R(01),32009L0110R01,2009,Regulation,Late 2000s,2,0,0,0,164,0,0,0,0
32009R0767R(01),32009R0767R01,2009,Regulation,Late 2000s,1,0,1,1,333,4,0.349206,0.375631,0
32009R1025,32009R1025,2009,Regulation,Late 2000s,1,0,0,0,165,0,0,0,0
32009R1168,32009R1168,2009,Regulation,Late 2000s,1,0,0,0,166,0,0,0,0
31973H0304,31973H0304,1973,Legislative_Act,Pre-Single European Act,1,0,2,2,17,1,1,1,0
31975Y0705(03),31975Y070503,1975,Legislative_Act,Pre-Single European Act,3,0,3,3,17,2,0.8,0.875,0
31975Y0709(03),31975Y070903,1975,Legislative_Act,Pre-Single European Act,1,4,0,4,17,0,0,0,0
31978Y0607(01),31978Y060701,1978,Legislative_Act,Pre-Single European Act,1,0,1,1,17,1,1,1,0
31985D0075,31985D0075,1985,Decision,Pre-Single European Act,1,0,11,11,280,2,0.823529,0.892857,0
31985D0535,31985D0535,1985,Decision,Pre-Single European Act,1,0,1,1,17,3,0.5,0.547619,0
31991R1534,31991R1534,1991,Regulation,Pre-Maastricht,1,1,4,5,266,1,1,1,647
31991Y1214(01),31991Y121401,1991,Legislative_Act,Pre-Maastricht,1,0,1,1,17,1,1,1,0
31992D0146,31992D0146,1992,Decision,Pre-Maastricht,1,0,1,1,329,1,1,1,0
31994Y0216(01),31994Y021601,1994,Legislative_Act,1990s,1,0,2,2,266,1,1,1,0
31996D0172,31996D0172,1996,Decision,1990s,1,0,2,2,17,2,0.75,0.833333,0
31996Y1211(02),31996Y121102,1996,Legislative_Act,1990s,1,1,1,2,177,1,1,1,1
31999D0170,31999D0170,1999,Decision,1990s,1,0,7,7,177,1,1,1,0
31999D0321,31999D0321,1999,Decision,1990s,2,0,2,2,331,1,1,1,0
31999D0835,31999D0835,1999,Decision,1990s,1,1,7,8,231,1,1,1,1
32000D0142,32000D0142,2000,Decision,Early 2000s,1,0,4,4,17,2,0.833333,0.9,0
32000Y1014(03),32000Y101403,2000,Legislative_Act,Early 2000s,1,0,2,2,329,1,1,1,0
32000Y1014(07),32000Y101407,2000,Legislative_Act,Early 2000s,1,0,2,2,266,2,0.6,0.666667,0
32002L0058,32002L0058,2002,Directive,Early 2000s,1,72,10,82,331,1,1,1,3806.925075
32003D0500,32003D0500,2003,Decision,Early 2000s,2,0,2,2,330,1,1,1,0
32003D0563,32003D0563,2003,Decision,Early 2000s,1,0,3,3,330,2,0.615385,0.6875,0
32004D0739,32004D0739,2004,Decision,Early 2000s,2,4,2,6,330,1,1,1,5
32005D0483,32005D0483,2005,Decision,Late 2000s,1,0,1,1,330,1,1,1,0
32005D0714,32005D0714,2005,Decision,Late 2000s,1,0,2,2,330,1,1,1,0
32005L0082,32005L0082,2005,Directive,Late 2000s,1,0,3,3,333,1,1,1,0
32006D0492,32006D0492,2006,Decision,Late 2000s,1,0,2,2,330,1,1,1,0
32006L0046,32006L0046,2006,Directive,Late 2000s,1,0,7,7,280,2,0.705882,0.791667,0
32006L0086,32006L0086,2006,Directive,Late 2000s,1,2,3,5,329,2,0.615385,0.6875,9.5
32006R1041,32006R1041,2006,Regulation,Late 2000s,1,1,0,1,178,0,0,0,0
32006R1907R(11),32006R1907R11,2006,Regulation,Late 2000s,1,0,1,1,231,4,0.351648,0.378906,0
32008D0748,32008D0748,2008,Decision,Late 2000s,1,0,1,1,231,1,1,1,0
32008H0295,32008H0295,2008,Legislative_Act,Late 2000s,2,0,5,5,324,3,0.466667,0.595238,0
32008L0098R(07),32008L0098R07,2008,Regulation,Late 2000s,1,0,0,0,179,0,0,0,0
32008R1272R(04),32008R1272R04,2008,Regulation,Late 2000s,1,0,0,0,180,0,0,0,0
32009D0513,32009D0513,2009,Decision,Late 2000s,1,0,2,2,331,1,1,1,0
32009D0514,32009D0514,2009,Decision,Late 2000s,1,0,2,2,331,1,1,1,0
32009L0110R(02),32009L0110R02,2009,Regulation,Late 2000s,2,0,0,0,181,0,0,0,0
32009L0114R(01),32009L0114R01,2009,Regulation,Late 2000s,1,0,0,0,182,0,0,0,0
32009R0545,32009R0545,2009,Regulation,Late 2000s,1,0,1,1,331,1,1,1,0
31981Y0313(02),31981Y031302,1981,Legislative_Act,Pre-Single European Act,1,0,5,5,328,1,1,1,0
31983H0251,31983H0251,1983,Legislative_Act,Pre-Single European Act,1,0,1,1,59,1,1,1,0
31985D0524,31985D0524,1985,Decision,Pre-Single European Act,1,0,2,2,17,1,1,1,0
31995R0540R(01),31995R0540R01,1995,Regulation,1990s,1,0,1,1,333,2,0.6,0.666667,0
31996R1356,31996R1356,1996,Regulation,1990s,1,0,2,2,329,1,1,1,0
31997D0039,31997D0039,1997,Decision,1990s,1,0,3,3,266,2,0.636364,0.714286,0
31997D0522,31997D0522,1997,Decision,1990s,1,0,4,4,59,1,1,1,0
31997D0607,31997D0607,1997,Decision,1990s,1,0,13,13,266,3,0.772727,0.872549,0
31998D0537,31998D0537,1998,Decision,1990s,1,0,3,3,50,2,0.551724,0.59375,0
31998H0511,31998H0511,1998,Legislative_Act,1990s,1,0,2,2,266,1,1,1,0
31998R1718,31998R1718,1998,Regulation,1990s,1,1,0,1,300,0,0,0,0
32000Y1002(01),32000Y100201,2000,Legislative_Act,Early 2000s,1,0,7,7,266,1,1,1,0
32001L0083R(04),32001L0083R04,2001,Regulation,Early 2000s,1,0,0,0,196,0,0,0,0
32003D0148,32003D0148,2003,Decision,Early 2000s,1,1,4,5,17,2,0.833333,0.9,1
32003D0315(01),32003D031501,2003,Decision,Early 2000s,2,0,2,2,330,2,0.583333,0.642857,0
32003D0792,32003D0792,2003,Decision,Early 2000s,1,0,1,1,266,1,1,1,0
32003H0878,32003H0878,2003,Legislative_Act,Early 2000s,1,0,2,2,333,1,1,1,0
32003R0147,32003R0147,2003,Regulation,Early 2000s,1,7,4,11,300,1,1,1,45.333333
32003R0150R(02),32003R0150R02,2003,Regulation,Early 2000s,1,0,0,0,197,0,0,0,0
32004G0113(01),32004G011301,2004,Legislative_Act,Early 2000s,1,0,2,2,329,1,1,1,0
32004L0024R(02),32004L0024R02,2004,Regulation,Early 2000s,1,0,1,1,333,2,0.555556,0.6,0
32005D0849,32005D0849,2005,Decision,Late 2000s,3,1,2,3,280,2,0.571429,0.625,0.333333
32007D0344,32007D0344,2007,Decision,Late 2000s,1,5,4,9,324,2,0.611111,0.681818,200.388889
32007D0794,32007D0794,2007,Decision,Late 2000s,1,1,1,2,231,1,1,1,1
32007E0720,32007E0720,2007,Legislative_Act,Late 2000s,2,0,1,1,330,1,1,1,0
32008D0731,32008D0731,2008,Decision,Late 2000s,2,0,3,3,330,2,0.8,0.875,0
32008E0851R(03),32008E0851R03,2008,Regulation,Late 2000s,1,0,1,1,330,3,0.464286,0.5,0
32008R1338,32008R1338,2008,Regulation,Late 2000s,1,11,18,29,329,3,0.714286,0.84,6092.172066
32009D0363,32009D0363,2009,Decision,Late 2000s,1,0,2,2,333,1,1,1,0
32009L0041,32009L0041,2009,Directive,Late 2000s,1,3,11,14,329,3,0.462687,0.512545,3921.726441
32009L0103,32009L0103,2009,Directive,Late 2000s,5,4,14,18,280,1,1,1,50.575
31987R4070,31987R4070,1987,Regulation,Pre-Maastricht,1,1,3,4,17,1,1,1,3
31993R3604R(01),31993R3604R01,1993,Regulation,1990s,1,0,1,1,280,2,0.529412,0.555556,0
31993Y0323(01),31993Y032301,1993,Legislative_Act,1990s,2,0,12,12,17,2,0.833333,0.9,0
31994D0691,31994D0691,1994,Decision,1990s,1,0,8,8,266,1,1,1,0
31994R3163,31994R3163,1994,Regulation,1990s,1,0,3,3,326,2,0.8,0.875,0
31996R0242,31996R0242,1996,Regulation,1990s,1,0,1,1,300,1,1,1,0
31997Y0304(01),31997Y030401,1997,Legislative_Act,1990s,1,0,1,1,17,2,0.666667,0.75,0
31998D0542,31998D0542,1998,Decision,1990s,2,0,5,5,59,1,1,1,0
31999Y1126(02),31999Y112602,1999,Legislative_Act,1990s,1,0,2,2,329,1,1,1,0
32000D0122,32000D0122,2000,Decision,Early 2000s,1,0,4,4,84,2,0.566667,0.617647,0
32000E0401R(01),32000E0401R01,2000,Regulation,Early 2000s,1,0,0,0,211,0,0,0,0
32001L0083R(05),32001L0083R05,2001,Regulation,Early 2000s,1,0,0,0,212,0,0,0,0
32002D0748,32002D0748,2002,Decision,Early 2000s,1,0,2,2,231,1,1,1,0
32002R0894,32002R0894,2002,Regulation,Early 2000s,1,0,2,2,329,1,1,1,0
32003D0295,32003D0295,2003,Decision,Early 2000s,1,0,7,7,84,1,1,1,0
32003D0529,32003D0529,2003,Decision,Early 2000s,1,0,3,3,330,1,1,1,0
32004D0142,32004D0142,2004,Decision,Early 2000s,1,0,6,6,231,1,1,1,0
32004D0732,32004D0732,2004,Decision,Early 2000s,3,3,1,4,330,1,1,1,1
32004L0113R(03),32004L0113R03,2004,Regulation,Early 2000s,2,0,1,1,329,2,0.545455,0.583333,0
32007D0602,32007D0602,2007,Decision,Late 2000s,1,2,4,6,300,1,1,1,8
32008D0815R(01),32008D0815R01,2008,Regulation,Late 2000s,1,0,0,0,213,0,0,0,0
32008E0307,32008E0307,2008,Legislative_Act,Late 2000s,1,1,3,4,330,3,0.538462,0.666667,7
32008E0588,32008E0588,2008,Legislative_Act,Late 2000s,1,3,2,5,330,1,1,1,5
32008R1272R(10),32008R1272R10,2008,Regulation,Late 2000s,1,0,0,0,214,0,0,0,0
32009D0022,32009D0022,2009,Decision,Late 2000s,2,0,3,3,330,2,0.666667,0.75,0
32009D0515,32009D0515,2009,Decision,Late 2000s,1,0,2,2,331,1,1,1,0
32009L0138R(06),32009L0138R06,2009,Regulation,Late 2000s,2,0,1,1,280,7,0.218792,0.274759,0
31958D1127(01),31958D112701,1958,Decision,Pre-Single European Act,1,0,2,2,229,1,1,1,0
31985D0534,31985D0534,1985,Decision,Pre-Single European Act,1,0,1,1,17,3,0.5,0.547619,0
31990D0456,31990D0456,1990,Decision,Pre-Maastricht,1,3,13,16,266,1,1,1,36
31992L0013,31992L0013,1992,Directive,Pre-Maastricht,1,12,6,18,324,2,0.875,0.928571,1871.910978
31992Y0723(01),31992Y072301,1992,Legislative_Act,Pre-Maastricht,1,1,2,3,17,1,1,1,1
31993D0426,31993D0426,1993,Decision,1990s,1,0,0,0,230,0,0,0,0
31993Y0106(01),31993Y010601,1993,Legislative_Act,1990s,1,1,3,4,266,1,1,1,3
31994D0687,31994D0687,1994,Decision,1990s,1,0,9,9,266,1,1,1,0
31994D0706,31994D0706,1994,Decision,1990s,1,0,9,9,266,1,1,1,0
31995D0255,31995D0255,1995,Decision,1990s,1,0,6,6,266,3,0.647059,0.757576,0
31998D0575,31998D0575,1998,Decision,1990s,1,1,4,5,59,1,1,1,2
31998H0477,31998H0477,1998,Legislative_Act,1990s,1,0,3,3,231,1,1,1,0
31998R2316,31998R2316,1998,Regulation,1990s,1,2,2,4,333,1,1,1,2
31999Y0423(01),31999Y042301,1999,Legislative_Act,1990s,1,0,2,2,266,1,1,1,0
31999Y0803(01),31999Y080301,1999,Legislative_Act,1990s,1,1,5,6,266,2,0.777778,0.857143,7
32000Y0324(01),32000Y032401,2000,Legislative_Act,Early 2000s,1,0,3,3,177,2,0.636364,0.714286,0
32001D0696,32001D0696,2001,Decision,Early 2000s,2,0,5,5,266,2,0.692308,0.777778,0
32003L0040,32003L0040,2003,Directive,Early 2000s,1,1,2,3,333,1,1,1,2
32003R1234R(03),32003R1234R03,2003,Regulation,Early 2000s,1,0,1,1,333,2,0.666667,0.75,0
32004D0667,32004D0667,2004,Decision,Early 2000s,1,0,4,4,231,2,0.833333,0.9,0
32004R0013,32004R0013,2004,Regulation,Early 2000s,1,0,2,2,17,1,1,1,0
32006D0089,32006D0089,2006,Decision,Late 2000s,1,0,4,4,329,1,1,1,0
32006R1907,32006R1907,2006,Regulation,Late 2000s,1,175,44,219,231,3,0.538136,0.639108,42789.63959
32006R1907R(08),32006R1907R08,2006,Regulation,Late 2000s,1,0,1,1,231,4,0.351648,0.378906,0
32008D0711,32008D0711,2008,Decision,Late 2000s,1,0,9,9,84,1,1,1,0
32008D0888,32008D0888,2008,Decision,Late 2000s,1,0,2,2,330,3,0.481481,0.538462,0
32008R1334R(05),32008R1334R05,2008,Regulation,Late 2000s,1,0,0,0,232,0,0,0,0
32009D0288,32009D0288,2009,Decision,Late 2000s,1,0,2,2,330,3,0.481481,0.538462,0
32009L0119R(01),32009L0119R01,2009,Regulation,Late 2000s,2,0,1,1,300,2,0.533333,0.5625,0
32009R1072R(03),32009R1072R03,2009,Regulation,Late 2000s,1,0,0,0,233,0,0,0,0
32009R1284,32009R1284,2009,Regulation,Late 2000s,1,7,4,11,300,1,1,1,21.733333
31982D0854,31982D0854,1982,Decision,Pre-Single European Act,2,0,2,2,59,1,1,1,0
31985D0067,31985D0067,1985,Decision,Pre-Single European Act,1,0,0,0,244,0,0,0,0
31991L0287,31991L0287,1991,Directive,Pre-Maastricht,1,1,6,7,59,3,0.647059,0.757576,20.5
31994D0242,31994D0242,1994,Decision,1990s,1,0,8,8,266,1,1,1,0
31995Y0705(01),31995Y070501,1995,Legislative_Act,1990s,1,0,3,3,177,1,1,1,0
31995Y0811(03),31995Y081103,1995,Legislative_Act,1990s,1,3,4,7,328,2,0.833333,0.9,15
31997D0544,31997D0544,1997,Decision,1990s,1,0,3,3,59,1,1,1,0
31998D0181,31998D0181,1998,Decision,1990s,1,6,15,21,50,1,1,1,88
31998D0543,31998D0543,1998,Decision,1990s,2,0,4,4,59,1,1,1,0
31999D0287,31999D0287,1999,Decision,1990s,1,2,3,5,266,1,1,1,6
31999D0574,31999D0574,1999,Decision,1990s,1,0,4,4,266,2,0.666667,0.75,0
32000D0044,32000D0044,2000,Decision,Early 2000s,1,0,3,3,245,1,1,1,0
32000Y0209(01),32000Y020901,2000,Legislative_Act,Early 2000s,1,0,2,2,329,1,1,1,0
32003D0288,32003D0288,2003,Decision,Early 2000s,1,0,1,1,157,2,0.526316,0.55,0
32003H0203,32003H0203,2003,Legislative_Act,Early 2000s,2,0,6,6,329,2,0.65,0.730769,0
32003R0150R(03),32003R0150R03,2003,Regulation,Early 2000s,1,0,0,0,246,0,0,0,0
32003R1139R(02),32003R1139R02,2003,Regulation,Early 2000s,1,0,0,0,247,0,0,0,0
32004D0777R(04),32004D0777R04,2004,Regulation,Early 2000s,1,0,0,0,248,0,0,0,0
32005D0905,32005D0905,2005,Decision,Late 2000s,1,0,8,8,333,1,1,1,0
32006L0043R(01),32006L0043R01,2006,Regulation,Late 2000s,1,0,0,0,249,0,0,0,0
32007D0849,32007D0849,2007,Decision,Late 2000s,1,1,1,2,333,2,0.555556,0.6,0
32007D0874,32007D0874,2007,Decision,Late 2000s,1,0,2,2,333,2,0.6,0.666667,0
32007E0147,32007E0147,2007,Legislative_Act,Late 2000s,1,0,3,3,330,1,1,1,0
32008D0918,32008D0918,2008,Decision,Late 2000s,1,1,4,5,330,3,0.516129,0.59375,16
32008R0571,32008R0571,2008,Regulation,Late 2000s,1,0,0,0,250,0,0,0,0
32008R1332R(02),32008R1332R02,2008,Regulation,Late 2000s,1,0,1,1,333,3,0.452381,0.482456,0
32009D0765,32009D0765,2009,Decision,Late 2000s,1,0,1,1,157,2,0.526316,0.55,0
32009L0110R(03),32009L0110R03,2009,Regulation,Late 2000s,2,0,0,0,251,0,0,0,0
32009L0138,32009L0138,2009,Directive,Late 2000s,2,93,37,130,280,6,0.278351,0.431173,33804.88421
31986R4057,31986R4057,1986,Regulation,Pre-Single European Act,1,3,2,5,50,1,1,1,5.333333
31988L0361,31988L0361,1988,Directive,Pre-Maastricht,1,0,23,23,265,1,1,1,0
31991L0675,31991L0675,1991,Directive,Pre-Maastricht,1,1,4,5,333,1,1,1,882.186265
31993Y0806(01),31993Y080601,1993,Legislative_Act,1990s,1,2,4,6,266,2,0.833333,0.9,9
31994D0573,31994D0573,1994,Decision,1990s,1,0,1,1,328,1,1,1,0
31996Y0810(01),31996Y081001,1996,Legislative_Act,1990s,2,0,0,0,267,0,0,0,0
31997D0521,31997D0521,1997,Decision,1990s,1,0,3,3,59,1,1,1,0
31999D0201,31999D0201,1999,Decision,1990s,1,1,3,4,50,1,1,1,2
31999Y0715(01),31999Y071501,1999,Legislative_Act,1990s,1,0,2,2,177,3,0.5,0.611111,0
32001D0022,32001D0022,2001,Decision,Early 2000s,1,0,1,1,324,1,1,1,0
32001Y0123(01),32001Y012301,2001,Legislative_Act,Early 2000s,1,0,0,0,268,0,0,0,0
32002D0154,32002D0154,2002,Decision,Early 2000s,1,1,3,4,17,2,0.8,0.875,0
32003D0020,32003D0020,2003,Decision,Early 2000s,1,0,1,1,280,1,1,1,0
32004D0777R(01),32004D0777R01,2004,Regulation,Early 2000s,1,0,0,0,269,0,0,0,0
32004D0777R(03),32004D0777R03,2004,Regulation,Early 2000s,1,0,0,0,270,0,0,0,0
32004L0027R(05),32004L0027R05,2004,Regulation,Early 2000s,1,0,1,1,333,2,0.555556,0.6,0
32005R1367,32005R1367,2005,Regulation,Late 2000s,1,0,1,1,300,2,0.666667,0.75,0
32005R2073R(01),32005R2073R01,2005,Regulation,Late 2000s,1,0,1,1,333,5,0.265985,0.295833,0
32006D0351R(01),32006D0351R01,2006,Regulation,Late 2000s,1,0,1,1,17,3,0.5,0.583333,0
32006L0021,32006L0021,2006,Directive,Late 2000s,1,6,16,22,329,4,0.583333,0.741071,162.482082
32006L0097,32006L0097,2006,Directive,Late 2000s,1,2,5,7,324,3,0.6,0.694444,392.328408
32006R2024,32006R2024,2006,Regulation,Late 2000s,1,0,7,7,231,2,0.818182,0.888889,0
32007D0098,32007D0098,2007,Decision,Late 2000s,2,0,0,0,271,0,0,0,0
32008D0411,32008D0411,2008,Decision,Late 2000s,1,3,3,6,324,1,1,1,4.166667
32008R0553R(01),32008R0553R01,2008,Regulation,Late 2000s,1,0,0,0,272,0,0,0,0
32008R1272R(17),32008R1272R17,2008,Regulation,Late 2000s,1,0,0,0,273,0,0,0,0
32008R1333R(02),32008R1333R02,2008,Regulation,Late 2000s,1,0,0,0,274,0,0,0,0
32009D0182,32009D0182,2009,Decision,Late 2000s,1,0,3,3,84,2,0.536585,0.568182,0
32009D0710,32009D0710,2009,Decision,Late 2000s,1,0,1,1,275,1,1,1,0
32009D1005,32009D1005,2009,Decision,Late 2000s,1,2,2,4,279,1,1,1,4
32009R0077R(03),32009R0077R03,2009,Regulation,Late 2000s,1,0,0,0,276,0,0,0,0
32009R1177,32009R1177,2009,Regulation,Late 2000s,1,2,3,5,324,3,0.45,0.5,0
31967R0423,31967R0423,1967,Regulation,Pre-Single European Act,2,1,3,4,327,1,1,1,1
31973Y1127(01),31973Y112701,1973,Legislative_Act,Pre-Single European Act,1,0,2,2,288,1,1,1,0
31974D0393,31974D0393,1974,Decision,Pre-Single European Act,1,0,2,2,59,1,1,1,0
31985D0523,31985D0523,1985,Decision,Pre-Single European Act,1,0,2,2,17,1,1,1,0
31985D0528,31985D0528,1985,Decision,Pre-Single European Act,1,0,2,2,17,1,1,1,0
31989L0105,31989L0105,1989,Directive,Pre-Maastricht,1,1,3,4,333,1,1,1,682.772666
31990H0543,31990H0543,1990,Legislative_Act,Pre-Maastricht,1,0,6,6,59,1,1,1,0
31992Y0715(05),31992Y071505,1992,Legislative_Act,Pre-Maastricht,1,0,0,0,289,0,0,0,0
31994Y1231(03),31994Y123103,1994,Legislative_Act,1990s,1,1,3,4,266,1,1,1,4
31995D0276,31995D0276,1995,Decision,1990s,1,1,2,3,231,1,1,1,1
31995Y1230(03),31995Y123003,1995,Legislative_Act,1990s,1,0,2,2,177,1,1,1,0
31996E0408,31996E0408,1996,Legislative_Act,1990s,1,1,2,3,330,1,1,1,6
31997R2184R(01),31997R2184R01,1997,Regulation,1990s,1,0,0,0,290,0,0,0,0
31997Y1004(01),31997Y100401,1997,Legislative_Act,1990s,1,0,1,1,266,2,0.571429,0.625,0
31998D0270,31998D0270,1998,Decision,1990s,1,1,2,3,231,1,1,1,0.5
31998D0521,31998D0521,1998,Decision,1990s,1,0,3,3,59,1,1,1,0
31999D0310,31999D0310,1999,Decision,1990s,2,1,4,5,59,2,0.75,0.833333,0
31999D0329,31999D0329,1999,Decision,1990s,1,0,11,11,266,2,0.789474,0.866667,0
31999D0498,31999D0498,1999,Decision,1990s,2,0,5,5,59,2,0.777778,0.857143,0
32000D0198,32000D0198,2000,Decision,Early 2000s,1,0,3,3,333,1,1,1,0
32000E0056,32000E0056,2000,Legislative_Act,Early 2000s,1,0,3,3,291,1,1,1,0
32004R0549,32004R0549,2004,Regulation,Early 2000s,1,50,7,57,177,2,0.888889,0.9375,571.37381
32004R0785R(03),32004R0785R03,2004,Regulation,Early 2000s,2,0,0,0,292,0,0,0,0
32006E0029,32006E0029,2006,Legislative_Act,Late 2000s,1,0,5,5,330,1,1,1,0
32006L0043R(04),32006L0043R04,2006,Regulation,Late 2000s,1,0,0,0,293,0,0,0,0
32007R0690,32007R0690,2007,Regulation,Late 2000s,2,0,0,0,294,0,0,0,0
32008D0060,32008D0060,2008,Decision,Late 2000s,1,0,2,2,324,1,1,1,0
32008D0101,32008D0101,2008,Decision,Late 2000s,1,0,2,2,330,1,1,1,0
32008R1272R(06),32008R1272R06,2008,Regulation,Late 2000s,1,0,0,0,295,0,0,0,0
32009D0537,32009D0537,2009,Decision,Late 2000s,1,0,3,3,333,5,0.258152,0.293158,0
32009G1204(01),32009G120401,2009,Legislative_Act,Late 2000s,1,3,0,3,331,0,0,0,0
32009L0138R(12),32009L0138R12,2009,Regulation,Late 2000s,2,0,1,1,280,7,0.218792,0.274759,0
32009R0298,32009R0298,2009,Regulation,Late 2000s,1,0,2,2,333,3,0.538462,0.619048,0
32009R1167,32009R1167,2009,Regulation,Late 2000s,1,0,0,0,296,0,0,0,0
31985D0636,31985D0636,1985,Decision,Pre-Single European Act,1,0,1,1,311,1,1,1,0
31986A0537,31986A0537,1986,Legislative_Act,Pre-Single European Act,1,0,21,21,17,1,1,1,0
31988Y1027(01),31988Y102701,1988,Legislative_Act,Pre-Maastricht,1,0,2,2,312,1,1,1,0
31989L0117,31989L0117,1989,Directive,Pre-Maastricht,1,0,7,7,280,2,0.818182,0.888889,0
31989Y0511(01),31989Y051101,1989,Legislative_Act,Pre-Maastricht,1,1,1,2,59,1,1,1,1
31991L0371,31991L0371,1991,Directive,Pre-Maastricht,1,0,4,4,59,1,1,1,0
31992Y1204(02),31992Y120402,1992,Legislative_Act,Pre-Maastricht,1,1,3,4,266,1,1,1,3
31996D0077,31996D0077,1996,Decision,1990s,1,0,3,3,333,1,1,1,0
31997D0815,31997D0815,1997,Decision,1990s,1,0,4,4,266,1,1,1,0
31998D0515,31998D0515,1998,Decision,1990s,1,2,5,7,59,1,1,1,4
31999D0832,31999D0832,1999,Decision,1990s,1,1,7,8,231,1,1,1,1
32001A0306(01),32001A030601,2001,Legislative_Act,Early 2000s,1,1,2,3,329,1,1,1,2
32002R1687,32002R1687,2002,Regulation,Early 2000s,1,0,2,2,231,1,1,1,0
32003E0092,32003E0092,2003,Legislative_Act,Early 2000s,2,2,6,8,330,1,1,1,10
32005E0792,32005E0792,2005,Legislative_Act,Late 2000s,2,3,1,4,330,1,1,1,1.5
32005R2073R(12),32005R2073R12,2005,Regulation,Late 2000s,1,0,1,1,333,5,0.265985,0.295833,0
32006R0474R(03),32006R0474R03,2006,Regulation,Late 2000s,1,0,0,0,313,0,0,0,0
32007D0565,32007D0565,2007,Decision,Late 2000s,1,0,2,2,231,1,1,1,0
32007D0848,32007D0848,2007,Decision,Late 2000s,1,1,3,4,333,2,0.636364,0.714286,2
32007E0338,32007E0338,2007,Legislative_Act,Late 2000s,2,0,3,3,330,2,0.8,0.875,0
32008D1351,32008D1351,2008,Decision,Late 2000s,1,0,6,6,329,3,0.44898,0.55303,0
32008R1333R(05),32008R1333R05,2008,Regulation,Late 2000s,1,0,0,0,314,0,0,0,0
32009D0010,32009D0010,2009,Decision,Late 2000s,2,1,2,3,333,1,1,1,2
32009L0053,32009L0053,2009,Directive,Late 2000s,1,1,3,4,329,1,1,1,2
32009L0081R(01),32009L0081R01,2009,Regulation,Late 2000s,1,0,1,1,324,3,0.435484,0.462963,0
32009L0138R(01),32009L0138R01,2009,Regulation,Late 2000s,2,0,1,1,280,7,0.218792,0.274759,0
32009R0767R(07),32009R0767R07,2009,Regulation,Late 2000s,1,0,1,1,333,4,0.349206,0.375631,0
11957A126,11957A126,1957,Treaty,Pre-Treaty of Rome,0,2,0,2,245,0,0,0,0
11957E053,11957E053,1957,Treaty,Pre-Treaty of Rome,0,1,0,1,266,0,0,0,0
11957E059,11957E059,1957,Treaty,Pre-Treaty of Rome,0,1,0,1,280,0,0,0,0
11957E169,11957E169,1957,Treaty,Pre-Treaty of Rome,0,2,0,2,280,0,0,0,0
11985I224,11985I224,1985,Treaty,Pre-Single European Act,0,1,0,1,265,0,0,0,0
11992E130I,11992E130I,1992,Treaty,Pre-Maastricht,0,1,0,1,177,0,0,0,0
11992MJ02,11992MJ02,1992,Treaty,Pre-Maastricht,0,1,0,1,330,0,0,0,0
11994NN01/03/B,11994NN0103B,1994,Treaty,1990s,0,1,0,1,266,0,0,0,0
11997D/AFI,11997DAFI,1997,Treaty,1990s,0,1,0,1,331,0,0,0,0
11997M015,11997M015,1997,Treaty,1990s,0,1,0,1,291,0,0,0,0
12002E055,12002E055,2002,Treaty,Early 2000s,0,3,0,3,333,0,0,0,0
12002M017,12002M017,2002,Treaty,Early 2000s,0,1,0,1,330,0,0,0,0
12003T003,12003T003,2003,Treaty,Early 2000s,0,6,0,6,331,0,0,0,0
12003T057,12003T057,2003,Treaty,Early 2000s,0,1,0,1,231,0,0,0,0
12005S/ACT,12005SACT,2005,Treaty,Late 2000s,0,1,0,1,84,0,0,0,0
12006E047,12006E047,2006,Treaty,Late 2000s,0,4,0,4,324,0,0,0,0
12006E087,12006E087,2006,Treaty,Late 2000s,0,4,0,4,84,0,0,0,0
12006E285,12006E285,2006,Treaty,Late 2000s,0,2,0,2,329,0,0,0,0
12006M025,12006M025,2006,Treaty,Late 2000s,0,11,0,11,330,0,0,0,0
12008M029,12008M029,2008,Treaty,Late 2000s,0,1,0,1,300,0,0,0,0
31970L0524,31970L0524,1970,Directive,Pre-Single European Act,0,5,0,5,333,0,0,0,0
31970R1107,31970R1107,1970,Regulation,Pre-Single European Act,0,2,0,2,17,0,0,0,0
31975L0442,31975L0442,1975,Directive,Pre-Single European Act,0,3,0,3,329,0,0,0,0
31975Y1217(01),31975Y121701,1975,Legislative_Act,Pre-Single European Act,0,0,1,1,17,1,1,1,0
31977D0455,31977D0455,1977,Decision,Pre-Single European Act,0,1,0,1,17,0,0,0,0
31977L0249,31977L0249,1977,Directive,Pre-Single European Act,0,7,1,8,324,1,1,1,703.431013
31977Q1231,31977Q1231,1977,Legislative_Act,Pre-Single European Act,0,9,0,9,266,0,0,0,0
31978Y0530(02),31978Y053002,1978,Legislative_Act,Pre-Single European Act,0,1,0,1,17,0,0,0,0
31979L0239,31979L0239,1979,Directive,Pre-Single European Act,0,1,0,1,59,0,0,0,0
31984L0467,31984L0467,1984,Directive,Pre-Single European Act,0,1,0,1,38,0,0,0,0
31987H0371R(01),31987H0371R01,1987,Regulation,Pre-Maastricht,0,0,1,1,59,2,0.545455,0.583333,0
31988H0611,31988H0611,1988,Legislative_Act,Pre-Maastricht,0,0,3,3,17,2,0.578947,0.636364,0
31988Y1212(01),31988Y121201,1988,Legislative_Act,Pre-Maastricht,0,1,0,1,17,0,0,0,0
31989L0665,31989L0665,1989,Directive,Pre-Maastricht,0,10,3,13,324,1,1,1,527.828717
31991L0323,31991L0323,1991,Directive,Pre-Maastricht,0,1,0,1,280,0,0,0,0
31991L0493,31991L0493,1991,Directive,Pre-Maastricht,0,2,0,2,333,0,0,0,0
31992R2409,31992R2409,1992,Regulation,Pre-Maastricht,0,9,0,9,84,0,0,0,0
31993L0067,31993L0067,1993,Directive,1990s,0,1,0,1,231,0,0,0,0
31993R0793,31993R0793,1993,Regulation,1990s,0,3,0,3,231,0,0,0,0
31994D0604,31994D0604,1994,Decision,1990s,0,3,0,3,17,0,0,0,0
31994D0796,31994D0796,1994,Decision,1990s,0,1,0,1,59,0,0,0,0
31994D1067,31994D1067,1994,Decision,1990s,0,1,0,1,50,0,0,0,0
31994L0069,31994L0069,1994,Directive,1990s,0,4,0,4,231,0,0,0,0
31994R1164,31994R1164,1994,Regulation,1990s,0,1,0,1,266,0,0,0,0
31995R0540,31995R0540,1995,Regulation,1990s,0,1,2,3,333,1,1,1,2
31996E0184,31996E0184,1996,Legislative_Act,1990s,0,1,0,1,330,0,0,0,0
31997L0033,31997L0033,1997,Directive,1990s,0,6,0,6,266,0,0,0,0
31997R0322,31997R0322,1997,Regulation,1990s,0,4,0,4,329,0,0,0,0
31998L0078,31998L0078,1998,Directive,1990s,0,9,0,9,280,0,0,0,0
31998Y0115(01),31998Y011501,1998,Legislative_Act,1990s,0,1,0,1,323,0,0,0,0
31998Y0310(01),31998Y031001,1998,Legislative_Act,1990s,0,5,0,5,84,0,0,0,0
31999L0005,31999L0005,1999,Directive,1990s,0,13,0,13,324,0,0,0,0
31999L0094,31999L0094,1999,Directive,1990s,0,2,1,3,329,1,1,1,91.043687
32000E0722,32000E0722,2000,Legislative_Act,Early 2000s,0,1,0,1,330,0,0,0,0
32000L0009,32000L0009,2000,Directive,Early 2000s,0,1,0,1,84,0,0,0,0
32000L0043,32000L0043,2000,Directive,Early 2000s,0,8,0,8,329,0,0,0,0
32001D0264,32001D0264,2001,Decision,Early 2000s,0,5,0,5,330,0,0,0,0
32001R2423,32001R2423,2001,Regulation,Early 2000s,0,1,0,1,86,0,0,0,0
32002D0730,32002D0730,2002,Decision,Early 2000s,0,1,0,1,157,0,0,0,0
32002R0063,32002R0063,2002,Regulation,Early 2000s,0,1,0,1,86,0,0,0,0
32003D0479,32003D0479,2003,Decision,Early 2000s,0,1,0,1,333,0,0,0,0
32003G0724(01),32003G072401,2003,Legislative_Act,Early 2000s,0,1,4,5,329,2,0.7,0.785714,1147.289551
32003R0324,32003R0324,2003,Regulation,Early 2000s,0,1,0,1,231,0,0,0,0
32003R1085,32003R1085,2003,Regulation,Early 2000s,0,1,0,1,333,0,0,0,0
32004D0002,32004D0002,2004,Decision,Early 2000s,0,12,0,12,86,0,0,0,0
32004E0495,32004E0495,2004,Legislative_Act,Early 2000s,0,1,0,1,330,0,0,0,0
32005R1207,32005R1207,2005,Regulation,Late 2000s,0,0,1,1,300,2,0.545455,0.583333,0
32006D0679,32006D0679,2006,Decision,Late 2000s,0,1,0,1,157,0,0,0,0
32006D1720,32006D1720,2006,Decision,Late 2000s,0,1,0,1,325,0,0,0,0
32006L0098,32006L0098,2006,Directive,Late 2000s,0,2,5,7,231,1,1,1,721.201354
32006R1781,32006R1781,2006,Regulation,Late 2000s,0,5,0,5,280,0,0,0,0
32006R1920,32006R1920,2006,Regulation,Late 2000s,0,2,0,2,331,0,0,0,0
32007L0036,32007L0036,2007,Directive,Late 2000s,0,6,6,12,280,2,0.875,0.928571,118.23004
32007R1379,32007R1379,2007,Regulation,Late 2000s,0,1,0,1,231,0,0,0,0
32008D0922,32008D0922,2008,Decision,Late 2000s,0,1,0,1,300,0,0,0,0
32008R0351,32008R0351,2008,Regulation,Late 2000s,0,3,0,3,333,0,0,0,0
32008R0766,32008R0766,2008,Regulation,Late 2000s,0,0,5,5,329,2,0.619048,0.692308,0
32009L0033,32009L0033,2009,Directive,Late 2000s,0,5,8,13,324,1,1,1,415.284504
32009L0111,32009L0111,2009,Directive,Late 2000s,0,2,0,2,280,0,0,0,0
32009R1164,32009R1164,2009,Regulation,Late 2000s,0,1,0,1,68,0,0,0,0
32009R1171,32009R1171,2009,Regulation,Late 2000s,0,1,0,1,68,0,0,0,0
32009R1179,32009R1179,2009,Regulation,Late 2000s,0,1,3,4,300,2,0.8,0.875,1
61973CJ0173,61973CJ0173,1973,Case_Law,Pre-Single European Act,0,13,0,13,84,0,0,0,0
61978CO0209,61978CO0209,1978,Case_Law,Pre-Single European Act,0,1,0,1,266,0,0,0,0
61984CJ0248,61984CJ0248,1984,Case_Law,Pre-Single European Act,0,4,0,4,84,0,0,0,0
61989CJ0261,61989CJ0261,1989,Case_Law,Pre-Maastricht,0,1,0,1,84,0,0,0,0
61989TJ0030,61989TJ0030,1989,Case_Law,Pre-Maastricht,0,1,0,1,84,0,0,0,0
61991CJ0072,61991CJ0072,1991,Case_Law,Pre-Maastricht,0,2,0,2,84,0,0,0,0
61994CJ0244,61994CJ0244,1994,Case_Law,1990s,0,6,0,6,84,0,0,0,0
61999CJ0513,61999CJ0513,1999,Case_Law,1990s,0,1,0,1,84,0,0,0,0
62001CJ0159,62001CJ0159,2001,Case_Law,Early 2000s,0,4,0,4,84,0,0,0,0
62001TJ0109,62001TJ0109,2001,Case_Law,Early 2000s,0,4,0,4,84,0,0,0,0
62004CJ0340,62004CJ0340,2004,Case_Law,Early 2000s,0,1,0,1,84,0,0,0,0
62007CJ0113,62007CJ0113,2007,Case_Law,Late 2000s,0,7,0,7,84,0,0,0,0
62007CJ0570,62007CJ0570,2007,Case_Law,Late 2000s,0,1,0,1,210,0,0,0,0
11957E008C,11957E008C,1957,Treaty,Pre-Treaty of Rome,0,1,0,1,265,0,0,0,0
11957E083,11957E083,1957,Treaty,Pre-Treaty of Rome,0,1,0,1,229,0,0,0,0
11957E177,11957E177,1957,Treaty,Pre-Treaty of Rome,0,1,0,1,324,0,0,0,0
11985I230,11985I230,1985,Treaty,Pre-Single European Act,0,1,0,1,265,0,0,0,0
11992E030,11992E030,1992,Treaty,Pre-Maastricht,0,9,0,9,266,0,0,0,0
11992E061,11992E061,1992,Treaty,Pre-Maastricht,0,2,0,2,84,0,0,0,0
11992MJ03,11992MJ03,1992,Treaty,Pre-Maastricht,0,2,0,2,50,0,0,0,0
11997D/AFI/DCL/22,11997DAFIDCL22,1997,Treaty,1990s,0,3,0,3,331,0,0,0,0
11997D/TXT,11997DTXT,1997,Treaty,1990s,0,1,0,1,331,0,0,0,0
11997E093,11997E093,1997,Treaty,1990s,0,2,0,2,84,0,0,0,0
11997E248,11997E248,1997,Treaty,1990s,0,3,0,3,266,0,0,0,0
12002E,12002E,2002,Treaty,Early 2000s,0,2,0,2,329,0,0,0,0
12002E251,12002E251,2002,Treaty,Early 2000s,0,29,0,29,333,0,0,0,0
12005SAN06/04/B,12005SAN0604B,2005,Treaty,Late 2000s,0,3,0,3,333,0,0,0,0
12005SAN06/APP,12005SAN06APP,2005,Treaty,Late 2000s,0,2,0,2,333,0,0,0,0
12006E088,12006E088,2006,Treaty,Late 2000s,0,12,0,12,84,0,0,0,0
12006E175,12006E175,2006,Treaty,Late 2000s,0,5,0,5,329,0,0,0,0
12006M034,12006M034,2006,Treaty,Late 2000s,0,1,0,1,330,0,0,0,0
12008E215,12008E215,2008,Treaty,Late 2000s,0,1,0,1,300,0,0,0,0
12008M037,12008M037,2008,Treaty,Late 2000s,0,1,0,1,330,0,0,0,0
31962D0720,31962D0720,1962,Decision,Pre-Single European Act,0,1,0,1,157,0,0,0,0
31967L0548,31967L0548,1967,Directive,Pre-Single European Act,0,18,0,18,231,0,0,0,0
31969R0549,31969R0549,1969,Regulation,Pre-Single European Act,0,1,3,4,326,1,1,1,1
31971L0118,31971L0118,1971,Directive,Pre-Single European Act,0,3,0,3,329,0,0,0,0
31972L0156,31972L0156,1972,Directive,Pre-Single European Act,0,1,0,1,265,0,0,0,0
31973D0391,31973D0391,1973,Decision,Pre-Single European Act,0,1,0,1,17,0,0,0,0
31978D0174,31978D0174,1978,Decision,Pre-Single European Act,0,6,0,6,17,0,0,0,0
31979D0785,31979D0785,1979,Decision,Pre-Single European Act,0,1,0,1,17,0,0,0,0
31983D0918,31983D0918,1983,Decision,Pre-Single European Act,0,1,0,1,17,0,0,0,0
31986L0354,31986L0354,1986,Directive,Pre-Single European Act,0,1,0,1,333,0,0,0,0
31986R4058R(03),31986R4058R03,1986,Regulation,Pre-Single European Act,0,0,1,1,50,3,0.5,0.566667,0
31987D0095,31987D0095,1987,Decision,Pre-Maastricht,0,7,0,7,59,0,0,0,0
31987L0344,31987L0344,1987,Directive,Pre-Maastricht,0,4,0,4,280,0,0,0,0
31989L0048,31989L0048,1989,Directive,Pre-Maastricht,0,2,0,2,324,0,0,0,0
31989L0336,31989L0336,1989,Directive,Pre-Maastricht,0,19,0,19,59,0,0,0,0
31991D0323,31991D0323,1991,Decision,Pre-Maastricht,0,1,0,1,280,0,0,0,0
31991L0414,31991L0414,1991,Directive,Pre-Maastricht,0,28,0,28,231,0,0,0,0
31991L0681,31991L0681,1991,Directive,Pre-Maastricht,0,1,0,1,333,0,0,0,0
31993L0022,31993L0022,1993,Directive,1990s,0,6,0,6,280,0,0,0,0
31993M0331,31993M0331,1993,Legislative_Act,1990s,0,1,1,2,266,1,1,1,0
31994D0579,31994D0579,1994,Decision,1990s,0,2,0,2,266,0,0,0,0
31994L0036,31994L0036,1994,Directive,1990s,0,2,0,2,333,0,0,0,0
31994L0060,31994L0060,1994,Directive,1990s,0,5,0,5,231,0,0,0,0
31994R0933,31994R0933,1994,Regulation,1990s,0,3,1,4,231,1,1,1,0
31995R2494,31995R2494,1995,Regulation,1990s,0,4,0,4,231,0,0,0,0
31996L0067R(01),31996L0067R01,1996,Regulation,1990s,0,0,1,1,84,2,0.526316,0.55,0
31997D0789,31997D0789,1997,Decision,1990s,0,2,0,2,84,0,0,0,0
31997R0120,31997R0120,1997,Regulation,1990s,0,1,0,1,231,0,0,0,0
31997R0258,31997R0258,1997,Regulation,1990s,0,6,0,6,333,0,0,0,0
31999D0276,31999D0276,1999,Decision,1990s,0,3,2,5,324,1,1,1,320.143637
31999R2157,31999R2157,1999,Regulation,1990s,0,5,2,7,86,1,1,1,22
32000R0013,32000R0013,2000,Regulation,Early 2000s,0,1,0,1,333,0,0,0,0
32001D0493,32001D0493,2001,Decision,Early 2000s,0,1,0,1,330,0,0,0,0
32001H0453,32001H0453,2001,Legislative_Act,Early 2000s,0,1,0,1,280,0,0,0,0
32001L0013,32001L0013,2001,Directive,Early 2000s,0,3,0,3,84,0,0,0,0
32001R0044,32001R0044,2001,Regulation,Early 2000s,0,8,0,8,331,0,0,0,0
32002D0622,32002D0622,2002,Decision,Early 2000s,0,3,0,3,331,0,0,0,0
32002G0705(01),32002G070501,2002,Legislative_Act,Early 2000s,0,1,0,1,329,0,0,0,0
32002L0024,32002L0024,2002,Directive,Early 2000s,0,4,0,4,329,0,0,0,0
32002L0058R(02),32002L0058R02,2002,Regulation,Early 2000s,0,0,1,1,331,2,0.52381,0.545455,0
32002R0881,32002R0881,2002,Regulation,Early 2000s,0,5,4,9,300,1,1,1,23.333333
32003H0670,32003H0670,2003,Legislative_Act,Early 2000s,0,1,0,1,329,0,0,0,0
32003L0054,32003L0054,2003,Directive,Early 2000s,0,2,0,2,324,0,0,0,0
32004L0016,32004L0016,2004,Directive,Early 2000s,0,1,0,1,333,0,0,0,0
32005D0345,32005D0345,2005,Decision,Late 2000s,0,2,6,8,84,1,1,1,10
32005D0743,32005D0743,2005,Decision,Late 2000s,0,0,2,2,231,1,1,1,0
32005R2111,32005R2111,2005,Regulation,Late 2000s,0,17,4,21,333,2,0.833333,0.9,201.788095
32006L0123,32006L0123,2006,Directive,Late 2000s,0,18,26,44,324,2,0.675676,0.76,4229.308408
32006Q0614(01),32006Q061401,2006,Legislative_Act,Late 2000s,0,7,0,7,279,0,0,0,0
32006R1896,32006R1896,2006,Regulation,Late 2000s,0,1,3,4,331,1,1,1,3.816667
32007D0007,32007D0007,2007,Decision,Late 2000s,0,2,0,2,86,0,0,0,0
32007R1535,32007R1535,2007,Regulation,Late 2000s,0,2,0,2,325,0,0,0,0
32008D0721,32008D0721,2008,Decision,Late 2000s,0,2,0,2,82,0,0,0,0
32008R1263,32008R1263,2008,Regulation,Late 2000s,0,1,0,1,68,0,0,0,0
32009D0006(01),32009D000601,2009,Decision,Late 2000s,0,1,0,1,86,0,0,0,0
32009D0783,32009D0783,2009,Decision,Late 2000s,0,1,0,1,300,0,0,0,0
32009R0713,32009R0713,2009,Regulation,Late 2000s,0,13,0,13,210,0,0,0,0
61988CJ0303,61988CJ0303,1988,Case_Law,Pre-Maastricht,0,6,0,6,84,0,0,0,0
61992CJ0364,61992CJ0364,1992,Case_Law,Pre-Maastricht,0,8,0,8,84,0,0,0,0
61995CJ0355,61995CJ0355,1995,Case_Law,1990s,0,1,0,1,84,0,0,0,0
61996CJ0160,61996CJ0160,1996,Case_Law,1990s,0,1,0,1,17,0,0,0,0
61996CJ0266,61996CJ0266,1996,Case_Law,1990s,0,1,0,1,84,0,0,0,0
61996TJ0214,61996TJ0214,1996,Case_Law,1990s,0,1,0,1,84,0,0,0,0
61998CJ0156,61998CJ0156,1998,Case_Law,1990s,0,4,0,4,84,0,0,0,0
62004CJ0148,62004CJ0148,2004,Case_Law,Early 2000s,0,4,0,4,84,0,0,0,0
62006CJ0341,62006CJ0341,2006,Case_Law,Late 2000s,0,1,0,1,84,0,0,0,0
62009CJ0148,62009CJ0148,2009,Case_Law,Late 2000s,0,1,0,1,84,0,0,0,0
11957E091,11957E091,1957,Treaty,Pre-Treaty of Rome,0,2,0,2,266,0,0,0,0
11957E149,11957E149,1957,Treaty,Pre-Treaty of Rome,0,11,0,11,59,0,0,0,0
11957E155,11957E155,1957,Treaty,Pre-Treaty of Rome,0,2,0,2,266,0,0,0,0
11992E104A,11992E104A,1992,Treaty,Pre-Maastricht,0,1,0,1,280,0,0,0,0
11992E235,11992E235,1992,Treaty,Pre-Maastricht,0,2,0,2,50,0,0,0,0
11997D/PRO/05,11997DPRO05,1997,Treaty,1990s,0,13,0,13,330,0,0,0,0
11997E060,11997E060,1997,Treaty,1990s,0,3,0,3,300,0,0,0,0
11997E207,11997E207,1997,Treaty,1990s,0,1,0,1,330,0,0,0,0
11997E213,11997E213,1997,Treaty,1990s,0,2,0,2,245,0,0,0,0
12002E089,12002E089,2002,Treaty,Early 2000s,0,1,0,1,333,0,0,0,0
12006M015,12006M015,2006,Treaty,Late 2000s,0,2,0,2,330,0,0,0,0
31971L0305,31971L0305,1971,Directive,Pre-Single European Act,0,3,0,3,324,0,0,0,0
31972R0516,31972R0516,1972,Regulation,Pre-Single European Act,0,2,0,2,17,0,0,0,0
31973D0101(01),31973D010101,1973,Decision,Pre-Single European Act,0,1,12,13,17,2,0.928571,0.961538,22
31973L0023,31973L0023,1973,Directive,Pre-Single European Act,0,18,0,18,59,0,0,0,0
31975R0724,31975R0724,1975,Regulation,Pre-Single European Act,0,1,0,1,17,0,0,0,0
31976L0769,31976L0769,1976,Directive,Pre-Single European Act,0,7,0,7,231,0,0,0,0
31977L0780,31977L0780,1977,Directive,Pre-Single European Act,0,4,0,4,280,0,0,0,0
31978L0660,31978L0660,1978,Directive,Pre-Single European Act,0,12,0,12,280,0,0,0,0
31982H0604,31982H0604,1982,Legislative_Act,Pre-Single European Act,0,1,0,1,17,0,0,0,0
31986R4057R(03),31986R4057R03,1986,Regulation,Pre-Single European Act,0,0,1,1,50,2,0.6,0.666667,0
31988L0388,31988L0388,1988,Directive,Pre-Maastricht,0,3,0,3,231,0,0,0,0
31990L0044,31990L0044,1990,Directive,Pre-Maastricht,0,1,0,1,333,0,0,0,0
31991L0492,31991L0492,1991,Directive,Pre-Maastricht,0,2,0,2,333,0,0,0,0
31992R2408,31992R2408,1992,Regulation,Pre-Maastricht,0,12,0,12,84,0,0,0,0
31993D0043,31993D0043,1993,Decision,1990s,0,1,0,1,280,0,0,0,0
31994D0356,31994D0356,1994,Decision,1990s,0,1,0,1,333,0,0,0,0
31994L0035,31994L0035,1994,Directive,1990s,0,2,0,2,333,0,0,0,0
31996D0177,31996D0177,1996,Decision,1990s,0,1,3,4,266,1,1,1,4
31996L0051,31996L0051,1996,Directive,1990s,0,1,0,1,333,0,0,0,0
31998D0500,31998D0500,1998,Decision,1990s,0,4,1,5,177,1,1,1,130
31998L0030,31998L0030,1998,Directive,1990s,0,2,0,2,266,0,0,0,0
31998L0087,31998L0087,1998,Directive,1990s,0,1,0,1,333,0,0,0,0
31999D0103,31999D0103,1999,Decision,1990s,0,1,0,1,280,0,0,0,0
31999D0481,31999D0481,1999,Decision,1990s,0,1,0,1,330,0,0,0,0
31999L0061,31999L0061,1999,Directive,1990s,0,1,0,1,333,0,0,0,0
31999Y1009(01),31999Y100901,1999,Legislative_Act,1990s,0,7,0,7,84,0,0,0,0
32000L0012,32000L0012,2000,Directive,Early 2000s,0,5,0,5,280,0,0,0,0
32000X1218(01),32000X121801,2000,Legislative_Act,Early 2000s,0,30,0,30,329,0,0,0,0
32001D0051,32001D0051,2001,Decision,Early 2000s,0,1,0,1,329,0,0,0,0
32001D0792,32001D0792,2001,Decision,Early 2000s,0,3,0,3,329,0,0,0,0
32001D0937,32001D0937,2001,Decision,Early 2000s,0,0,2,2,329,2,0.666667,0.75,0
32001L0012,32001L0012,2001,Directive,Early 2000s,0,5,0,5,84,0,0,0,0
32001Y0115(02),32001Y011502,2001,Legislative_Act,Early 2000s,0,3,0,3,331,0,0,0,0
32002D1513,32002D1513,2002,Decision,Early 2000s,0,1,0,1,329,0,0,0,0
32002F0475,32002F0475,2002,Legislative_Act,Early 2000s,0,8,0,8,324,0,0,0,0
32002L0046,32002L0046,2002,Directive,Early 2000s,0,2,4,6,333,1,1,1,12.833333
32002R1030,32002R1030,2002,Regulation,Early 2000s,0,3,5,8,331,2,0.857143,0.916667,29.285714
32003L0008,32003L0008,2003,Directive,Early 2000s,0,1,7,8,329,1,1,1,13.596429
32003R1882,32003R1882,2003,Regulation,Early 2000s,0,17,56,73,333,2,0.754545,0.837349,78350.050901
32004D0338,32004D0338,2004,Decision,Early 2000s,0,1,3,4,333,1,1,1,72
32004R0854,32004R0854,2004,Regulation,Early 2000s,0,5,0,5,333,0,0,0,0
32004R0882,32004R0882,2004,Regulation,Early 2000s,0,15,0,15,231,0,0,0,0
32005D0290,32005D0290,2005,Decision,Late 2000s,0,0,2,2,50,2,0.666667,0.75,0
32005D0513,32005D0513,2005,Decision,Late 2000s,0,1,0,1,324,0,0,0,0
32005D0718,32005D0718,2005,Decision,Late 2000s,0,1,0,1,329,0,0,0,0
32005E0557,32005E0557,2005,Legislative_Act,Late 2000s,0,1,0,1,330,0,0,0,0
32006D0976,32006D0976,2006,Decision,Late 2000s,0,1,0,1,325,0,0,0,0
32006D1982,32006D1982,2006,Decision,Late 2000s,0,5,0,5,325,0,0,0,0
32006E0419,32006E0419,2006,Legislative_Act,Late 2000s,0,2,0,2,330,0,0,0,0
32006R0561,32006R0561,2006,Regulation,Late 2000s,0,3,6,9,329,2,0.65,0.730769,67.640476
32007G0324(01),32007G032401,2007,Legislative_Act,Late 2000s,0,0,6,6,324,2,0.583333,0.642857,0
32008E0368,32008E0368,2008,Legislative_Act,Late 2000s,0,1,2,3,330,1,1,1,1
32008R1008,32008R1008,2008,Regulation,Late 2000s,0,10,6,16,84,3,0.450262,0.486434,2889.933116
32009L0028,32009L0028,2009,Directive,Late 2000s,0,10,0,10,329,0,0,0,0
32009L0128,32009L0128,2009,Directive,Late 2000s,0,6,16,22,329,3,0.5375,0.647287,1342.777365
32009R0308,32009R0308,2009,Regulation,Late 2000s,0,1,0,1,231,0,0,0,0
32009R1165,32009R1165,2009,Regulation,Late 2000s,0,1,0,1,68,0,0,0,0
61976CJ0078,61976CJ0078,1976,Case_Law,Pre-Single European Act,0,5,0,5,84,0,0,0,0
61976CJ0085,61976CJ0085,1976,Case_Law,Pre-Single European Act,0,1,0,1,266,0,0,0,0
61991CJ0320,61991CJ0320,1991,Case_Law,Pre-Maastricht,0,3,0,3,84,0,0,0,0
61996CJ0288,61996CJ0288,1996,Case_Law,1990s,0,1,0,1,84,0,0,0,0
61997CJ0075,61997CJ0075,1997,Case_Law,1990s,0,14,0,14,84,0,0,0,0
62001CJ0264,62001CJ0264,2001,Case_Law,Early 2000s,0,1,0,1,84,0,0,0,0
62003CJ0458,62003CJ0458,2003,Case_Law,Early 2000s,0,1,0,1,84,0,0,0,0
62003TJ0068,62003TJ0068,2003,Case_Law,Early 2000s,0,3,0,3,84,0,0,0,0
62004CJ0372,62004CJ0372,2004,Case_Law,Early 2000s,0,1,0,1,210,0,0,0,0
62004TJ0199(01),62004TJ019901,2004,Case_Law,Early 2000s,0,1,0,1,50,0,0,0,0
11957A101,11957A101,1957,Treaty,Pre-Treaty of Rome,0,1,0,1,50,0,0,0,0
11957E069,11957E069,1957,Treaty,Pre-Treaty of Rome,0,1,0,1,265,0,0,0,0
11957E093,11957E093,1957,Treaty,Pre-Treaty of Rome,0,2,0,2,266,0,0,0,0
11957E148,11957E148,1957,Treaty,Pre-Treaty of Rome,0,5,0,5,17,0,0,0,0
11985I228,11985I228,1985,Treaty,Pre-Single European Act,0,1,0,1,265,0,0,0,0
11992E099,11992E099,1992,Treaty,Pre-Maastricht,0,1,0,1,50,0,0,0,0
11992E113,11992E113,1992,Treaty,Pre-Maastricht,0,5,0,5,50,0,0,0,0
11997E080,11997E080,1997,Treaty,1990s,0,2,0,2,329,0,0,0,0
11997E082,11997E082,1997,Treaty,1990s,0,3,0,3,84,0,0,0,0
12002E044,12002E044,2002,Treaty,Early 2000s,0,3,0,3,280,0,0,0,0
12002E207,12002E207,2002,Treaty,Early 2000s,0,2,0,2,333,0,0,0,0
12002E211,12002E211,2002,Treaty,Early 2000s,0,1,0,1,43,0,0,0,0
12005SA004,12005SA004,2005,Treaty,Late 2000s,0,6,0,6,331,0,0,0,0
12006M014,12006M014,2006,Treaty,Late 2000s,0,9,0,9,330,0,0,0,0
31972L0430,31972L0430,1972,Directive,Pre-Single European Act,0,1,0,1,280,0,0,0,0
31972R0517,31972R0517,1972,Regulation,Pre-Single European Act,0,2,0,2,17,0,0,0,0
31976H0492,31976H0492,1976,Legislative_Act,Pre-Single European Act,0,0,2,2,17,1,1,1,0
31978D0689,31978D0689,1978,Decision,Pre-Single European Act,0,1,0,1,17,0,0,0,0
31979L0373,31979L0373,1979,Directive,Pre-Single European Act,0,3,0,3,333,0,0,0,0
31980L0511,31980L0511,1980,Directive,Pre-Single European Act,0,1,0,1,333,0,0,0,0
31980L0723,31980L0723,1980,Directive,Pre-Single European Act,0,3,0,3,84,0,0,0,0
31980Y1024(02),31980Y102402,1980,Legislative_Act,Pre-Single European Act,0,1,0,1,328,0,0,0,0
31983D0573,31983D0573,1983,Decision,Pre-Single European Act,0,1,3,4,50,1,1,1,536
31984L0641,31984L0641,1984,Directive,Pre-Single European Act,0,4,0,4,280,0,0,0,0
31986R4057R(02),31986R4057R02,1986,Regulation,Pre-Single European Act,0,0,1,1,50,2,0.6,0.666667,0
31987D0373,31987D0373,1987,Decision,Pre-Maastricht,0,4,0,4,333,0,0,0,0
31990L0388,31990L0388,1990,Directive,Pre-Maastricht,0,9,0,9,266,0,0,0,0
31990L0531,31990L0531,1990,Directive,Pre-Maastricht,0,6,0,6,266,0,0,0,0
31994L0019,31994L0019,1994,Directive,1990s,0,9,0,9,280,0,0,0,0
31994Y1207(01),31994Y120701,1994,Legislative_Act,1990s,0,1,0,1,328,0,0,0,0
31995D0408,31995D0408,1995,Decision,1990s,0,2,0,2,333,0,0,0,0
31995L0002,31995L0002,1995,Directive,1990s,0,4,0,4,333,0,0,0,0
31996L0019,31996L0019,1996,Directive,1990s,0,2,0,2,266,0,0,0,0
31997L0047,31997L0047,1997,Directive,1990s,0,1,0,1,333,0,0,0,0
31997Y1122(02),31997Y112202,1997,Legislative_Act,1990s,0,0,2,2,328,3,0.538462,0.619048,0
31998D0134,31998D0134,1998,Decision,1990s,0,1,0,1,39,0,0,0,0
31998L0024,31998L0024,1998,Directive,1990s,0,5,3,8,231,2,0.714286,0.8,273.476371
31998Y0213(02),31998Y021302,1998,Legislative_Act,1990s,0,0,1,1,328,3,0.5,0.555556,0
31999D0128,31999D0128,1999,Decision,1990s,0,1,0,1,324,0,0,0,0
31999L0020,31999L0020,1999,Directive,1990s,0,1,0,1,333,0,0,0,0
32000D0096,32000D0096,2000,Decision,Early 2000s,0,1,0,1,333,0,0,0,0
32000L0013,32000L0013,2000,Directive,Early 2000s,0,7,0,7,333,0,0,0,0
32000L0016,32000L0016,2000,Directive,Early 2000s,0,2,0,2,333,0,0,0,0
32000L0052,32000L0052,2000,Directive,Early 2000s,0,3,0,3,84,0,0,0,0
32000Y0628(01),32000Y062801,2000,Legislative_Act,Early 2000s,0,0,2,2,266,3,0.5,0.574074,0
32001D0160,32001D0160,2001,Decision,Early 2000s,0,1,0,1,280,0,0,0,0
32001D0204,32001D0204,2001,Decision,Early 2000s,0,1,0,1,329,0,0,0,0
32001D0519,32001D0519,2001,Decision,Early 2000s,0,1,3,4,266,1,1,1,1
32001R0070,32001R0070,2001,Regulation,Early 2000s,0,3,0,3,84,0,0,0,0
32002F0584R(03),32002F0584R03,2002,Regulation,Early 2000s,0,1,1,2,331,2,0.555556,0.6,0.820635
32002L0002,32002L0002,2002,Directive,Early 2000s,0,1,0,1,333,0,0,0,0
32002L0059,32002L0059,2002,Directive,Early 2000s,0,6,4,10,329,1,1,1,68.977814
32003D0807,32003D0807,2003,Decision,Early 2000s,0,2,0,2,330,0,0,0,0
32003L0104,32003L0104,2003,Directive,Early 2000s,0,1,0,1,333,0,0,0,0
32003R1831,32003R1831,2003,Regulation,Early 2000s,0,13,14,27,333,2,0.818182,0.888889,7097.523568
32004L0017,32004L0017,2004,Directive,Early 2000s,0,21,0,21,324,0,0,0,0
32004L0037,32004L0037,2004,Directive,Early 2000s,0,5,4,9,231,2,0.75,0.833333,182.641342
32004R0850,32004R0850,2004,Regulation,Early 2000s,0,10,0,10,50,0,0,0,0
32005D0854,32005D0854,2005,Decision,Late 2000s,0,1,6,7,329,2,0.59375,0.657895,14
32006D0964,32006D0964,2006,Decision,Late 2000s,0,1,1,2,333,1,1,1,4
32006D0971,32006D0971,2006,Decision,Late 2000s,0,2,0,2,325,0,0,0,0
32006L0048,32006L0048,2006,Directive,Late 2000s,0,20,0,20,280,0,0,0,0
32006R1907R(02),32006R1907R02,2006,Regulation,Late 2000s,0,0,1,1,231,4,0.351648,0.378906,0
32006R1934,32006R1934,2006,Regulation,Late 2000s,0,1,0,1,325,0,0,0,0
32007D0131,32007D0131,2007,Decision,Late 2000s,0,3,0,3,324,0,0,0,0
32007D0226,32007D0226,2007,Decision,Late 2000s,0,1,3,4,231,1,1,1,1
32007G1219(01),32007G121901,2007,Legislative_Act,Late 2000s,0,0,5,5,329,2,0.647059,0.727273,0
32008D1298,32008D1298,2008,Decision,Late 2000s,0,1,0,1,325,0,0,0,0
32008L0048,32008L0048,2008,Directive,Late 2000s,0,16,3,19,280,1,1,1,230.007189
32008R0669,32008R0669,2008,Regulation,Late 2000s,0,1,0,1,231,0,0,0,0
32009D1041,32009D1041,2009,Decision,Late 2000s,0,1,0,1,325,0,0,0,0
32009L0039,32009L0039,2009,Directive,Late 2000s,0,3,0,3,333,0,0,0,0
32009L0072,32009L0072,2009,Directive,Late 2000s,0,20,0,20,210,0,0,0,0
32009L0140,32009L0140,2009,Directive,Late 2000s,0,2,0,2,324,0,0,0,0
32009R0494,32009R0494,2009,Regulation,Late 2000s,0,1,0,1,68,0,0,0,0
32009R0824,32009R0824,2009,Regulation,Late 2000s,0,1,0,1,68,0,0,0,0
32009R1293,32009R1293,2009,Regulation,Late 2000s,0,1,0,1,68,0,0,0,0
61991CJ0225,61991CJ0225,1991,Case_Law,Pre-Maastricht,0,3,0,3,84,0,0,0,0
61993CJ0391,61993CJ0391,1993,Case_Law,1990s,0,1,0,1,17,0,0,0,0
61993TJ0024,61993TJ0024,1993,Case_Law,1990s,0,1,0,1,266,0,0,0,0
61993TJ0459,61993TJ0459,1993,Case_Law,1990s,0,4,0,4,84,0,0,0,0
62000CJ0053,62000CJ0053,2000,Case_Law,Early 2000s,0,3,0,3,84,0,0,0,0
62001CJ0083,62001CJ0083,2001,Case_Law,Early 2000s,0,2,0,2,84,0,0,0,0
62001TJ0157,62001TJ0157,2001,Case_Law,Early 2000s,0,3,0,3,84,0,0,0,0
62004TJ0233,62004TJ0233,2004,Case_Law,Early 2000s,0,1,0,1,84,0,0,0,0
62007CJ0049,62007CJ0049,2007,Case_Law,Late 2000s,0,3,0,3,84,0,0,0,0
62007CJ0350,62007CJ0350,2007,Case_Law,Late 2000s,0,1,0,1,84,0,0,0,0
11951K056,11951K056,1951,Treaty,Pre-Treaty of Rome,0,2,0,2,328,0,0,0,0
11957E052,11957E052,1957,Treaty,Pre-Treaty of Rome,0,1,0,1,266,0,0,0,0
11965F034,11965F034,1965,Treaty,Pre-Single European Act,0,2,0,2,327,0,0,0,0
11985I066,11985I066,1985,Treaty,Pre-Single European Act,0,1,0,1,265,0,0,0,0
11985I223,11985I223,1985,Treaty,Pre-Single European Act,0,1,0,1,265,0,0,0,0
11992E087,11992E087,1992,Treaty,Pre-Maastricht,0,1,0,1,50,0,0,0,0
11992E130F,11992E130F,1992,Treaty,Pre-Maastricht,0,1,0,1,266,0,0,0,0
11992E130S,11992E130S,1992,Treaty,Pre-Maastricht,0,2,0,2,329,0,0,0,0
11997E071,11997E071,1997,Treaty,1990s,0,1,0,1,157,0,0,0,0
11997E073,11997E073,1997,Treaty,1990s,0,1,0,1,84,0,0,0,0
11997E086,11997E086,1997,Treaty,1990s,0,1,0,1,84,0,0,0,0
11997E284,11997E284,1997,Treaty,1990s,0,1,0,1,300,0,0,0,0
11997M024,11997M024,1997,Treaty,1990s,0,2,0,2,330,0,0,0,0
12002E300,12002E300,2002,Treaty,Early 2000s,0,5,0,5,333,0,0,0,0
12003TN02/05,12003TN0205,2003,Treaty,Early 2000s,0,1,0,1,266,0,0,0,0
12006M031,12006M031,2006,Treaty,Late 2000s,0,1,0,1,330,0,0,0,0
31973L0240,31973L0240,1973,Directive,Pre-Single European Act,0,5,0,5,280,0,0,0,0
31975L0130,31975L0130,1975,Directive,Pre-Single European Act,0,2,0,2,17,0,0,0,0
31980L0777,31980L0777,1980,Directive,Pre-Single European Act,0,3,0,3,333,0,0,0,0
31983Y0804(01),31983Y080401,1983,Legislative_Act,Pre-Single European Act,0,1,0,1,17,0,0,0,0
31984L0005,31984L0005,1984,Directive,Pre-Single European Act,0,2,0,2,280,0,0,0,0
31988R0091,31988R0091,1988,Regulation,Pre-Maastricht,0,1,0,1,37,0,0,0,0
31988R2052,31988R2052,1988,Regulation,Pre-Maastricht,0,1,0,1,17,0,0,0,0
31989L0391,31989L0391,1989,Directive,Pre-Maastricht,0,12,2,14,231,1,1,1,1032.822198
31989L0646,31989L0646,1989,Directive,Pre-Maastricht,0,2,0,2,84,0,0,0,0
31989R4064,31989R4064,1989,Regulation,Pre-Maastricht,0,21,0,21,266,0,0,0,0
31990L0232,31990L0232,1990,Directive,Pre-Maastricht,0,1,0,1,280,0,0,0,0
31990L0425,31990L0425,1990,Directive,Pre-Maastricht,0,4,0,4,333,0,0,0,0
31991L0155,31991L0155,1991,Directive,Pre-Maastricht,0,1,0,1,231,0,0,0,0
31992L0096,31992L0096,1992,Directive,Pre-Maastricht,0,2,0,2,280,0,0,0,0
31993R0792,31993R0792,1993,Regulation,1990s,0,10,0,10,266,0,0,0,0
31994D1110,31994D1110,1994,Decision,1990s,0,2,0,2,177,0,0,0,0
31997R2519,31997R2519,1997,Regulation,1990s,0,0,3,3,50,2,0.6,0.666667,0
31998D0013,31998D0013,1998,Decision,1990s,0,1,0,1,59,0,0,0,0
31998L0010,31998L0010,1998,Directive,1990s,0,2,0,2,324,0,0,0,0
31998L0079,31998L0079,1998,Directive,1990s,0,22,0,22,329,0,0,0,0
31998R0410,31998R0410,1998,Regulation,1990s,0,1,0,1,333,0,0,0,0
32000D0600,32000D0600,2000,Decision,Early 2000s,0,1,0,1,84,0,0,0,0
32000L0078,32000L0078,2000,Directive,Early 2000s,0,7,3,10,329,1,1,1,608.991241
32000R1896R(01),32000R1896R01,2000,Regulation,Early 2000s,0,0,1,1,231,2,0.666667,0.75,0
32001L0024,32001L0024,2001,Directive,Early 2000s,0,6,4,10,280,1,1,1,86.194319
32002R2342,32002R2342,2002,Regulation,Early 2000s,0,11,0,11,329,0,0,0,0
32003E0472,32003E0472,2003,Legislative_Act,Early 2000s,0,1,0,1,330,0,0,0,0
32003L0006,32003L0006,2003,Directive,Early 2000s,0,5,0,5,210,0,0,0,0
32003Q1231(01),32003Q123101,2003,Legislative_Act,Early 2000s,0,16,0,16,324,0,0,0,0
32003R0807,32003R0807,2003,Regulation,Early 2000s,0,2,12,14,329,5,0.5,0.658642,10044.817872
32004L0040,32004L0040,2004,Directive,Early 2000s,0,1,0,1,324,0,0,0,0
32004R2006,32004R2006,2004,Regulation,Early 2000s,0,6,0,6,331,0,0,0,0
32005D0303,32005D0303,2005,Decision,Late 2000s,0,1,2,3,231,1,1,1,1
32005L0010,32005L0010,2005,Directive,Late 2000s,0,1,0,1,333,0,0,0,0
32006D1855,32006D1855,2006,Decision,Late 2000s,0,1,0,1,325,0,0,0,0
32006R1543,32006R1543,2006,Regulation,Late 2000s,0,3,0,3,333,0,0,0,0
32007D0779(01),32007D077901,2007,Decision,Late 2000s,0,1,0,1,331,0,0,0,0
32008E0314,32008E0314,2008,Legislative_Act,Late 2000s,0,1,0,1,330,0,0,0,0
32008L0057,32008L0057,2008,Directive,Late 2000s,0,8,0,8,157,0,0,0,0
32008R0033,32008R0033,2008,Regulation,Late 2000s,0,2,2,4,231,1,1,1,0
32008R1262,32008R1262,2008,Regulation,Late 2000s,0,1,0,1,68,0,0,0,0
32008R1336,32008R1336,2008,Regulation,Late 2000s,0,0,5,5,329,4,0.357143,0.396154,0
32009D0079,32009D0079,2009,Decision,Late 2000s,0,4,0,4,280,0,0,0,0
32009H0848,32009H0848,2009,Legislative_Act,Late 2000s,0,1,0,1,324,0,0,0,0
32009L0090,32009L0090,2009,Directive,Late 2000s,0,1,1,2,333,3,0.5,0.530303,3.542857
32009R0070,32009R0070,2009,Regulation,Late 2000s,0,1,0,1,68,0,0,0,0
61976CJ0027,61976CJ0027,1976,Case_Law,Pre-Single European Act,0,2,0,2,84,0,0,0,0
61979CJ0730,61979CJ0730,1979,Case_Law,Pre-Single European Act,0,13,0,13,84,0,0,0,0
61986CJ0001,61986CJ0001,1986,Case_Law,Pre-Single European Act,0,1,0,1,266,0,0,0,0
61986CJ0066,61986CJ0066,1986,Case_Law,Pre-Single European Act,0,2,0,2,84,0,0,0,0
61995CJ0343,61995CJ0343,1995,Case_Law,1990s,0,8,0,8,84,0,0,0,0
61997TJ0296,61997TJ0296,1997,Case_Law,1990s,0,8,0,8,84,0,0,0,0
61999CJ0143,61999CJ0143,1999,Case_Law,1990s,0,7,0,7,84,0,0,0,0
62001CJ0005,62001CJ0005,2001,Case_Law,Early 2000s,0,1,0,1,84,0,0,0,0
62003CJ0172,62003CJ0172,2003,Case_Law,Early 2000s,0,11,0,11,84,0,0,0,0
62003TJ0442,62003TJ0442,2003,Case_Law,Early 2000s,0,2,0,2,84,0,0,0,0
62009CJ0173,62009CJ0173,2009,Case_Law,Late 2000s,0,1,0,1,17,0,0,0,0
62009TJ0139,62009TJ0139,2009,Case_Law,Late 2000s,0,1,0,1,84,0,0,0,0
11957E070,11957E070,1957,Treaty,Pre-Treaty of Rome,0,1,0,1,265,0,0,0,0
11957E089,11957E089,1957,Treaty,Pre-Treaty of Rome,0,3,0,3,266,0,0,0,0
11957E153,11957E153,1957,Treaty,Pre-Treaty of Rome,0,1,0,1,229,0,0,0,0
11965F/PRO/PRI/16,11965FPROPRI16,1965,Treaty,Pre-Single European Act,0,3,0,3,326,0,0,0,0
11965F032,11965F032,1965,Treaty,Pre-Single European Act,0,1,0,1,327,0,0,0,0
11992E059,11992E059,1992,Treaty,Pre-Maastricht,0,11,0,11,266,0,0,0,0
11992E075,11992E075,1992,Treaty,Pre-Maastricht,0,1,0,1,329,0,0,0,0
11992E084,11992E084,1992,Treaty,Pre-Maastricht,0,1,0,1,84,0,0,0,0
11992E130R,11992E130R,1992,Treaty,Pre-Maastricht,0,3,0,3,266,0,0,0,0
11997M017,11997M017,1997,Treaty,1990s,0,2,0,2,331,0,0,0,0
12002M015,12002M015,2002,Treaty,Early 2000s,0,5,0,5,330,0,0,0,0
12006E055,12006E055,2006,Treaty,Late 2000s,0,3,0,3,324,0,0,0,0
31958D0255,31958D0255,1958,Decision,Pre-Single European Act,0,1,0,1,324,0,0,0,0
31964L0225,31964L0225,1964,Directive,Pre-Single European Act,0,5,0,5,280,0,0,0,0
31967R0422,31967R0422,1967,Regulation,Pre-Single European Act,0,3,0,3,327,0,0,0,0
31970L0509,31970L0509,1970,Directive,Pre-Single European Act,0,2,0,2,17,0,0,0,0
31970L0510,31970L0510,1970,Directive,Pre-Single European Act,0,2,0,2,17,0,0,0,0
31970R1108,31970R1108,1970,Regulation,Pre-Single European Act,0,3,0,3,17,0,0,0,0
31975D0327,31975D0327,1975,Decision,Pre-Single European Act,0,1,0,1,17,0,0,0,0
31975D0487,31975D0487,1975,Decision,Pre-Single European Act,0,1,0,1,36,0,0,0,0
31979R0214,31979R0214,1979,Regulation,Pre-Single European Act,0,1,0,1,17,0,0,0,0
31979Y0329(02),31979Y032902,1979,Legislative_Act,Pre-Single European Act,0,1,0,1,328,0,0,0,0
31984L0253,31984L0253,1984,Directive,Pre-Single European Act,0,3,0,3,280,0,0,0,0
31985R3640,31985R3640,1985,Regulation,Pre-Single European Act,0,1,0,1,17,0,0,0,0
31986Y0131,31986Y0131,1986,Legislative_Act,Pre-Single European Act,0,1,0,1,17,0,0,0,0
31990R1588,31990R1588,1990,Regulation,Pre-Maastricht,0,2,0,2,329,0,0,0,0
31991L0356,31991L0356,1991,Directive,Pre-Maastricht,0,1,0,1,333,0,0,0,0
31993L0026,31993L0026,1993,Directive,1990s,0,1,0,1,333,0,0,0,0
31993L0074,31993L0074,1993,Directive,1990s,0,2,0,2,333,0,0,0,0
31993L0105,31993L0105,1993,Directive,1990s,0,1,0,1,231,0,0,0,0
31996D0642,31996D0642,1996,Decision,1990s,0,1,0,1,39,0,0,0,0
31996L0002,31996L0002,1996,Directive,1990s,0,2,0,2,266,0,0,0,0
31996L0026,31996L0026,1996,Directive,1990s,0,1,0,1,231,0,0,0,0
31996R2232,31996R2232,1996,Regulation,1990s,0,4,0,4,333,0,0,0,0
31997D0828,31997D0828,1997,Decision,1990s,0,1,0,1,280,0,0,0,0
31997R0058,31997R0058,1997,Regulation,1990s,0,4,0,4,333,0,0,0,0
31998D0498,31998D0498,1998,Decision,1990s,0,1,0,1,330,0,0,0,0
31998R2532,31998R2532,1998,Regulation,1990s,0,11,0,11,86,0,0,0,0
31998Y0206(01),31998Y020601,1998,Legislative_Act,1990s,0,1,0,1,84,0,0,0,0
32000D0764,32000D0764,2000,Decision,Early 2000s,0,1,0,1,77,0,0,0,0
32000L0035,32000L0035,2000,Directive,Early 2000s,0,1,0,1,325,0,0,0,0
32001L0017,32001L0017,2001,Directive,Early 2000s,0,6,0,6,280,0,0,0,0
32001L0022,32001L0022,2001,Directive,Early 2000s,0,1,0,1,333,0,0,0,0
32002D0842,32002D0842,2002,Decision,Early 2000s,0,1,0,1,330,0,0,0,0
32002L0019,32002L0019,2002,Directive,Early 2000s,0,7,0,7,324,0,0,0,0
32002L0060,32002L0060,2002,Directive,Early 2000s,0,1,0,1,280,0,0,0,0
32003L0087,32003L0087,2003,Directive,Early 2000s,0,23,9,32,210,2,0.846154,0.909091,1818.061543
32003R0622,32003R0622,2003,Regulation,Early 2000s,0,1,0,1,84,0,0,0,0
32003R2160,32003R2160,2003,Regulation,Early 2000s,0,12,4,16,333,1,1,1,93.709524
32004D0145,32004D0145,2004,Decision,Early 2000s,0,1,3,4,231,1,1,1,1
32004D0393,32004D0393,2004,Decision,Early 2000s,0,3,22,25,84,2,0.823529,0.892857,110.5
32004L0027R(01),32004L0027R01,2004,Regulation,Early 2000s,0,0,1,1,333,2,0.555556,0.6,0
32004L0050,32004L0050,2004,Directive,Early 2000s,0,2,0,2,84,0,0,0,0
32004R0551,32004R0551,2004,Regulation,Early 2000s,0,9,0,9,177,0,0,0,0
32004R0852,32004R0852,2004,Regulation,Early 2000s,0,20,9,29,333,3,0.462312,0.505435,3296.495303
32005D0864,32005D0864,2005,Decision,Late 2000s,0,1,2,3,231,1,1,1,0.5
32006D0972,32006D0972,2006,Decision,Late 2000s,0,2,0,2,325,0,0,0,0
32006E0412,32006E0412,2006,Legislative_Act,Late 2000s,0,1,0,1,330,0,0,0,0
32006L0031,32006L0031,2006,Directive,Late 2000s,0,1,0,1,280,0,0,0,0
32007R1451,32007R1451,2007,Regulation,Late 2000s,0,9,0,9,231,0,0,0,0
32008D0017,32008D0017,2008,Decision,Late 2000s,0,1,0,1,86,0,0,0,0
32008R0683,32008R0683,2008,Regulation,Late 2000s,0,3,0,3,324,0,0,0,0
32009D0337,32009D0337,2009,Decision,Late 2000s,0,0,5,5,329,4,0.46875,0.536111,0
32009E0788,32009E0788,2009,Legislative_Act,Late 2000s,0,3,0,3,300,0,0,0,0
32009R0053,32009R0053,2009,Regulation,Late 2000s,0,1,0,1,68,0,0,0,0
61977CJ0082,61977CJ0082,1977,Case_Law,Pre-Single European Act,0,2,0,2,84,0,0,0,0
61977CJ0156,61977CJ0156,1977,Case_Law,Pre-Single European Act,0,2,0,2,84,0,0,0,0
61984CJ0107,61984CJ0107,1984,Case_Law,Pre-Single European Act,0,1,0,1,280,0,0,0,0
61985CJ0045,61985CJ0045,1985,Case_Law,Pre-Single European Act,0,1,0,1,84,0,0,0,0
61985CJ0118,61985CJ0118,1985,Case_Law,Pre-Single European Act,0,12,0,12,84,0,0,0,0
61997TJ0288,61997TJ0288,1997,Case_Law,1990s,0,2,0,2,84,0,0,0,0
61997TJ0298,61997TJ0298,1997,Case_Law,1990s,0,6,0,6,84,0,0,0,0
61998CJ0180,61998CJ0180,1998,Case_Law,1990s,0,6,0,6,84,0,0,0,0
62006CJ0390,62006CJ0390,2006,Case_Law,Late 2000s,0,1,0,1,84,0,0,0,0
62008TJ0396,62008TJ0396,2008,Case_Law,Late 2000s,0,1,0,1,84,0,0,0,0
11957A037,11957A037,1957,Treaty,Pre-Treaty of Rome,0,10,0,10,329,0,0,0,0
11985I065,11985I065,1985,Treaty,Pre-Single European Act,0,1,0,1,265,0,0,0,0
11992E057,11992E057,1992,Treaty,Pre-Maastricht,0,5,0,5,324,0,0,0,0
11992E130,11992E130,1992,Treaty,Pre-Maastricht,0,1,0,1,17,0,0,0,0
11992E228,11992E228,1992,Treaty,Pre-Maastricht,0,4,0,4,50,0,0,0,0
11997E104,11997E104,1997,Treaty,1990s,0,1,0,1,266,0,0,0,0
12002E175,12002E175,2002,Treaty,Early 2000s,0,6,0,6,333,0,0,0,0
12002M028,12002M028,2002,Treaty,Early 2000s,0,2,0,2,333,0,0,0,0
12003T/TTE/02,12003TTTE02,2003,Treaty,Early 2000s,0,1,0,1,231,0,0,0,0
12006E/PRO/22,12006EPRO22,2006,Treaty,Late 2000s,0,1,0,1,330,0,0,0,0
12006E095,12006E095,2006,Treaty,Late 2000s,0,15,0,15,329,0,0,0,0
12006E153,12006E153,2006,Treaty,Late 2000s,0,2,0,2,300,0,0,0,0
31962L2005,31962L2005,1962,Directive,Pre-Single European Act,0,1,0,1,17,0,0,0,0
31968R1017,31968R1017,1968,Regulation,Pre-Single European Act,0,4,0,4,266,0,0,0,0
31969R1629,31969R1629,1969,Regulation,Pre-Single European Act,0,1,0,1,266,0,0,0,0
31971R1408,31971R1408,1971,Regulation,Pre-Single European Act,0,23,1,24,17,1,1,1,571
31972R0574,31972R0574,1972,Regulation,Pre-Single European Act,0,13,0,13,17,0,0,0,0
31977D0457,31977D0457,1977,Decision,Pre-Single European Act,0,1,0,1,36,0,0,0,0
31980D0917,31980D0917,1980,Decision,Pre-Single European Act,0,1,0,1,266,0,0,0,0
31982L0471,31982L0471,1982,Directive,Pre-Single European Act,0,5,0,5,333,0,0,0,0
31988R4254,31988R4254,1988,Regulation,Pre-Maastricht,0,1,0,1,17,0,0,0,0
31989D0357,31989D0357,1989,Decision,Pre-Maastricht,0,1,0,1,58,0,0,0,0
31989D0382,31989D0382,1989,Decision,Pre-Maastricht,0,2,0,2,329,0,0,0,0
31990L0219,31990L0219,1990,Directive,Pre-Maastricht,0,4,0,4,329,0,0,0,0
31990L0387,31990L0387,1990,Directive,Pre-Maastricht,0,7,0,7,266,0,0,0,0
31992L0050,31992L0050,1992,Directive,Pre-Maastricht,0,2,0,2,324,0,0,0,0
31993L0099,31993L0099,1993,Directive,1990s,0,3,0,3,324,0,0,0,0
31994L0022R(01),31994L0022R01,1994,Regulation,1990s,0,0,1,1,324,2,0.533333,0.5625,0
31995R0297,31995R0297,1995,Regulation,1990s,0,4,0,4,331,0,0,0,0
31997D0780,31997D0780,1997,Decision,1990s,0,2,0,2,266,0,0,0,0
31998L0083,31998L0083,1998,Directive,1990s,0,12,0,12,333,0,0,0,0
31998Y0604(02),31998Y060402,1998,Legislative_Act,1990s,0,0,2,2,177,2,0.75,0.833333,0
31999D0217,31999D0217,1999,Decision,1990s,0,2,0,2,333,0,0,0,0
31999H0519,31999H0519,1999,Legislative_Act,1990s,0,5,1,6,324,1,1,1,185
32000L0046,32000L0046,2000,Directive,Early 2000s,0,1,0,1,266,0,0,0,0
32001R0069,32001R0069,2001,Regulation,Early 2000s,0,3,0,3,84,0,0,0,0
32001Y0206(01),32001Y020601,2001,Legislative_Act,Early 2000s,0,1,0,1,177,0,0,0,0
32002D0187,32002D0187,2002,Decision,Early 2000s,0,4,0,4,331,0,0,0,0
32002D0627,32002D0627,2002,Decision,Early 2000s,0,2,0,2,324,0,0,0,0
32002D0732,32002D0732,2002,Decision,Early 2000s,0,1,0,1,157,0,0,0,0
32002L0022,32002L0022,2002,Directive,Early 2000s,0,10,0,10,324,0,0,0,0
32002L0083,32002L0083,2002,Directive,Early 2000s,0,11,0,11,280,0,0,0,0
32002R2343,32002R2343,2002,Regulation,Early 2000s,0,4,0,4,280,0,0,0,0
32003L0102,32003L0102,2003,Directive,Early 2000s,0,1,0,1,40,0,0,0,0
32003R1177,32003R1177,2003,Regulation,Early 2000s,0,2,0,2,331,0,0,0,0
32004L0018,32004L0018,2004,Directive,Early 2000s,0,22,0,22,324,0,0,0,0
32004L0051,32004L0051,2004,Directive,Early 2000s,0,4,0,4,84,0,0,0,0
32005L0004,32005L0004,2005,Directive,Late 2000s,0,1,0,1,333,0,0,0,0
32005R1698,32005R1698,2005,Regulation,Late 2000s,0,5,0,5,325,0,0,0,0
32006D0804,32006D0804,2006,Decision,Late 2000s,0,1,0,1,324,0,0,0,0
32006L0067,32006L0067,2006,Directive,Late 2000s,0,1,0,1,300,0,0,0,0
32006R0473,32006R0473,2006,Regulation,Late 2000s,0,9,0,9,333,0,0,0,0
32006R0562,32006R0562,2006,Regulation,Late 2000s,0,5,0,5,331,0,0,0,0
32006R1927,32006R1927,2006,Regulation,Late 2000s,0,2,0,2,279,0,0,0,0
32007D0162,32007D0162,2007,Decision,Late 2000s,0,1,0,1,331,0,0,0,0
32007D0257,32007D0257,2007,Decision,Late 2000s,0,1,2,3,84,1,1,1,3
32007H0196,32007H0196,2007,Legislative_Act,Late 2000s,0,0,3,3,333,3,0.482759,0.559524,0
32007L0058,32007L0058,2007,Directive,Late 2000s,0,3,0,3,84,0,0,0,0
32007L0064,32007L0064,2007,Directive,Late 2000s,0,14,0,14,280,0,0,0,0
32007R1418,32007R1418,2007,Regulation,Late 2000s,0,8,0,8,231,0,0,0,0
32007R1441,32007R1441,2007,Regulation,Late 2000s,0,0,2,2,333,4,0.338762,0.366186,0
32008R1007,32008R1007,2008,Regulation,Late 2000s,0,1,0,1,331,0,0,0,0
32008R1131,32008R1131,2008,Regulation,Late 2000s,0,4,0,4,333,0,0,0,0
32008R1261,32008R1261,2008,Regulation,Late 2000s,0,1,0,1,68,0,0,0,0
32009R0025,32009R0025,2009,Regulation,Late 2000s,0,3,0,3,86,0,0,0,0
32009R0967,32009R0967,2009,Regulation,Late 2000s,0,1,1,2,231,1,1,1,0
32009R1069,32009R1069,2009,Regulation,Late 2000s,0,13,21,34,231,4,0.408964,0.484589,1436.965694
61985CJ0040,61985CJ0040,1985,Case_Law,Pre-Single European Act,0,6,0,6,84,0,0,0,0
61987CJ0094,61987CJ0094,1987,Case_Law,Pre-Maastricht,0,1,0,1,84,0,0,0,0
61993CJ0392,61993CJ0392,1993,Case_Law,1990s,0,1,0,1,266,0,0,0,0
61994CJ0021,61994CJ0021,1994,Case_Law,1990s,0,1,0,1,157,0,0,0,0
61994CJ0039,61994CJ0039,1994,Case_Law,1990s,0,11,0,11,84,0,0,0,0
61996TJ0014,61996TJ0014,1996,Case_Law,1990s,0,1,0,1,84,0,0,0,0
62001CJ0082,62001CJ0082,2001,Case_Law,Early 2000s,0,9,0,9,84,0,0,0,0
62008CJ0078,62008CJ0078,2008,Case_Law,Late 2000s,0,3,0,3,84,0,0,0,0
62009CJ0071,62009CJ0071,2009,Case_Law,Late 2000s,0,1,0,1,84,0,0,0,0
62009CJ0400,62009CJ0400,2009,Case_Law,Late 2000s,0,2,0,2,329,0,0,0,0
11957E086,11957E086,1957,Treaty,Pre-Treaty of Rome,0,4,0,4,266,0,0,0,0
11985I226,11985I226,1985,Treaty,Pre-Single European Act,0,1,0,1,265,0,0,0,0
11992E100A,11992E100A,1992,Treaty,Pre-Maastricht,0,10,0,10,231,0,0,0,0
11992E130M,11992E130M,1992,Treaty,Pre-Maastricht,0,1,0,1,177,0,0,0,0
11997E088,11997E088,1997,Treaty,1990s,0,2,0,2,84,0,0,0,0
11997E301,11997E301,1997,Treaty,1990s,0,3,0,3,300,0,0,0,0
12002E087,12002E087,2002,Treaty,Early 2000s,0,6,0,6,84,0,0,0,0
12002E133,12002E133,2002,Treaty,Early 2000s,0,4,0,4,333,0,0,0,0
12005SA042,12005SA042,2005,Treaty,Late 2000s,0,1,0,1,231,0,0,0,0
12005SA056,12005SA056,2005,Treaty,Late 2000s,0,3,0,3,231,0,0,0,0
12006E100,12006E100,2006,Treaty,Late 2000s,0,1,0,1,300,0,0,0,0
31971R0281,31971R0281,1971,Regulation,Pre-Single European Act,0,1,0,1,17,0,0,0,0
31983L0643,31983L0643,1983,Directive,Pre-Single European Act,0,5,0,5,17,0,0,0,0
31985R2137,31985R2137,1985,Regulation,Pre-Single European Act,0,3,1,4,157,1,1,1,256
31985R3821,31985R3821,1985,Regulation,Pre-Single European Act,0,5,0,5,329,0,0,0,0
31986L0635,31986L0635,1986,Directive,Pre-Single European Act,0,20,7,27,280,1,1,1,2319.680955
31988R0077,31988R0077,1988,Regulation,Pre-Maastricht,0,1,0,1,157,0,0,0,0
31990L0385,31990L0385,1990,Directive,Pre-Maastricht,0,16,0,16,329,0,0,0,0
31990L0439,31990L0439,1990,Directive,Pre-Maastricht,0,1,0,1,333,0,0,0,0
31991D0396,31991D0396,1991,Decision,Pre-Maastricht,0,1,0,1,210,0,0,0,0
31991L0440,31991L0440,1991,Directive,Pre-Maastricht,0,9,0,9,84,0,0,0,0
31991L0672,31991L0672,1991,Directive,Pre-Maastricht,0,4,2,6,17,1,1,1,1377.30977
31992L0042,31992L0042,1992,Directive,Pre-Maastricht,0,0,4,4,59,1,1,1,0
31992L0091,31992L0091,1992,Directive,Pre-Maastricht,0,2,1,3,59,1,1,1,4.5
31993L0097,31993L0097,1993,Directive,1990s,0,1,0,1,177,0,0,0,0
31995L0047,31995L0047,1995,Directive,1990s,0,1,0,1,266,0,0,0,0
31996L0023,31996L0023,1996,Directive,1990s,0,10,0,10,231,0,0,0,0
31996L0048,31996L0048,1996,Directive,1990s,0,4,0,4,157,0,0,0,0
31997D0347,31997D0347,1997,Decision,1990s,0,1,0,1,59,0,0,0,0
31997D0528,31997D0528,1997,Decision,1990s,0,1,0,1,59,0,0,0,0
31997L0065,31997L0065,1997,Directive,1990s,0,1,0,1,231,0,0,0,0
31998D0565,31998D0565,1998,Decision,1990s,0,1,2,3,17,2,0.75,0.833333,0
31998L0008,31998L0008,1998,Directive,1990s,0,35,0,35,231,0,0,0,0
31998R0994,31998R0994,1998,Regulation,1990s,0,7,0,7,84,0,0,0,0
31998R2842,31998R2842,1998,Regulation,1990s,0,1,0,1,84,0,0,0,0
31999L0031,31999L0031,1999,Directive,1990s,0,7,6,13,329,1,1,1,3006.880811
31999R1258,31999R1258,1999,Regulation,1990s,0,3,0,3,231,0,0,0,0
32000Y0811(02),32000Y081102,2000,Legislative_Act,Early 2000s,0,1,0,1,266,0,0,0,0
32001D0471,32001D0471,2001,Decision,Early 2000s,0,1,0,1,333,0,0,0,0
32001L0014,32001L0014,2001,Directive,Early 2000s,0,7,0,7,84,0,0,0,0
32001L0097,32001L0097,2001,Directive,Early 2000s,0,1,0,1,280,0,0,0,0
32001R2580R(02),32001R2580R02,2001,Regulation,Early 2000s,0,0,1,1,300,2,0.545455,0.583333,0
32002D0075,32002D0075,2002,Decision,Early 2000s,0,1,0,1,333,0,0,0,0
32002E0960,32002E0960,2002,Legislative_Act,Early 2000s,0,1,0,1,300,0,0,0,0
32002R2320,32002R2320,2002,Regulation,Early 2000s,0,2,0,2,324,0,0,0,0
32003L0105,32003L0105,2003,Directive,Early 2000s,0,1,0,1,329,0,0,0,0
32004L0108,32004L0108,2004,Directive,Early 2000s,0,3,0,3,329,0,0,0,0
32004R0552,32004R0552,2004,Regulation,Early 2000s,0,2,0,2,177,0,0,0,0
32006D0203,32006D0203,2006,Decision,Late 2000s,0,0,5,5,17,2,0.777778,0.857143,0
32006D1718,32006D1718,2006,Decision,Late 2000s,0,1,0,1,325,0,0,0,0
32006R1085,32006R1085,2006,Regulation,Late 2000s,0,3,0,3,325,0,0,0,0
32006R1195,32006R1195,2006,Regulation,Late 2000s,0,1,0,1,50,0,0,0,0
32006R1998,32006R1998,2006,Regulation,Late 2000s,0,10,0,10,84,0,0,0,0
32007D0580,32007D0580,2007,Decision,Late 2000s,0,1,5,6,84,1,1,1,1.5
32007G0630(01),32007G063001,2007,Legislative_Act,Late 2000s,0,1,0,1,329,0,0,0,0
32007R1238,32007R1238,2007,Regulation,Late 2000s,0,0,1,1,231,4,0.351648,0.378906,0
32007R1351,32007R1351,2007,Regulation,Late 2000s,0,1,0,1,329,0,0,0,0
32008D0146,32008D0146,2008,Decision,Late 2000s,0,13,4,17,331,2,0.833333,0.9,88.297619
32008R1126,32008R1126,2008,Regulation,Late 2000s,0,4,0,4,280,0,0,0,0
32009D0713(01),32009D071301,2009,Decision,Late 2000s,0,2,1,3,200,1,1,1,1
32009R0495,32009R0495,2009,Regulation,Late 2000s,0,1,0,1,68,0,0,0,0
32009R0544,32009R0544,2009,Regulation,Late 2000s,0,1,0,1,331,0,0,0,0
32009R0715,32009R0715,2009,Regulation,Late 2000s,0,13,0,13,210,0,0,0,0
32009R0953,32009R0953,2009,Regulation,Late 2000s,0,2,0,2,333,0,0,0,0
32009R1142,32009R1142,2009,Regulation,Late 2000s,0,1,0,1,68,0,0,0,0
61985CJ0005,61985CJ0005,1985,Case_Law,Pre-Single European Act,0,4,0,4,86,0,0,0,0
61990CJ0076,61990CJ0076,1990,Case_Law,Pre-Maastricht,0,2,0,2,84,0,0,0,0
61991CJ0116,61991CJ0116,1991,Case_Law,Pre-Maastricht,0,2,0,2,84,0,0,0,0
61991CJ0159,61991CJ0159,1991,Case_Law,Pre-Maastricht,0,6,0,6,84,0,0,0,0
61991TJ0083,61991TJ0083,1991,Case_Law,Pre-Maastricht,0,1,0,1,84,0,0,0,0
61993CJ0042,61993CJ0042,1993,Case_Law,1990s,0,1,0,1,84,0,0,0,0
61996CJ0035,61996CJ0035,1996,Case_Law,1990s,0,9,0,9,84,0,0,0,0
62000CJ0055,62000CJ0055,2000,Case_Law,Early 2000s,0,1,0,1,17,0,0,0,0
62000CJ0218,62000CJ0218,2000,Case_Law,Early 2000s,0,1,0,1,84,0,0,0,0
62003CJ0094,62003CJ0094,2003,Case_Law,Early 2000s,0,1,0,1,50,0,0,0,0
11951K070,11951K070,1951,Treaty,Pre-Treaty of Rome,0,1,0,1,17,0,0,0,0
11957A031,11957A031,1957,Treaty,Pre-Treaty of Rome,0,1,0,1,38,0,0,0,0
11957E088,11957E088,1957,Treaty,Pre-Treaty of Rome,0,2,0,2,266,0,0,0,0
11957E170,11957E170,1957,Treaty,Pre-Treaty of Rome,0,2,0,2,280,0,0,0,0
11965F028,11965F028,1965,Treaty,Pre-Single European Act,0,2,0,2,326,0,0,0,0
11972BN01/5/PT1A5,11972BN015PT1A5,1972,Treaty,Pre-Single European Act,0,2,0,2,17,0,0,0,0
11985I229,11985I229,1985,Treaty,Pre-Single European Act,0,1,0,1,265,0,0,0,0
11992E189B,11992E189B,1992,Treaty,Pre-Maastricht,0,8,0,8,324,0,0,0,0
11997E087,11997E087,1997,Treaty,1990s,0,2,0,2,84,0,0,0,0
11997E154,11997E154,1997,Treaty,1990s,0,1,0,1,266,0,0,0,0
12002E047,12002E047,2002,Treaty,Early 2000s,0,3,0,3,333,0,0,0,0
12002E088,12002E088,2002,Treaty,Early 2000s,0,11,0,11,84,0,0,0,0
12008M028,12008M028,2008,Treaty,Late 2000s,0,1,0,1,330,0,0,0,0
31960D0503,31960D0503,1960,Decision,Pre-Single European Act,0,1,0,1,17,0,0,0,0
31960L0921,31960L0921,1960,Directive,Pre-Single European Act,0,1,0,1,265,0,0,0,0
31962D0403(01),31962D040301,1962,Decision,Pre-Single European Act,0,1,0,1,17,0,0,0,0
31965L0065,31965L0065,1965,Directive,Pre-Single European Act,0,2,0,2,333,0,0,0,0
31968R0421,31968R0421,1968,Regulation,Pre-Single European Act,0,0,3,3,327,2,0.8,0.875,0
31972L0166,31972L0166,1972,Directive,Pre-Single European Act,0,5,0,5,280,0,0,0,0
31974L0561,31974L0561,1974,Directive,Pre-Single European Act,0,1,0,1,17,0,0,0,0
31980L0836,31980L0836,1980,Directive,Pre-Single European Act,0,1,0,1,38,0,0,0,0
31980Y0618(01),31980Y061801,1980,Legislative_Act,Pre-Single European Act,0,1,0,1,17,0,0,0,0
31983L0349,31983L0349,1983,Directive,Pre-Single European Act,0,13,0,13,280,0,0,0,0
31983L0417,31983L0417,1983,Directive,Pre-Single European Act,0,2,0,2,329,0,0,0,0
31985D0615,31985D0615,1985,Decision,Pre-Single European Act,0,1,0,1,266,0,0,0,0
31985L0337,31985L0337,1985,Directive,Pre-Single European Act,0,4,0,4,329,0,0,0,0
31986L0609,31986L0609,1986,Directive,Pre-Single European Act,0,4,0,4,231,0,0,0,0
31989L0107,31989L0107,1989,Directive,Pre-Maastricht,0,4,0,4,333,0,0,0,0
31991D0403,31991D0403,1991,Decision,Pre-Maastricht,0,0,3,3,266,2,0.8,0.875,0
31991L0321,31991L0321,1991,Directive,Pre-Maastricht,0,1,0,1,333,0,0,0,0
31992L0082,31992L0082,1992,Directive,Pre-Maastricht,0,1,0,1,157,0,0,0,0
31993D0112,31993D0112,1993,Decision,1990s,0,1,0,1,17,0,0,0,0
31995L0051,31995L0051,1995,Directive,1990s,0,3,0,3,266,0,0,0,0
31996L0061,31996L0061,1996,Directive,1990s,0,6,0,6,329,0,0,0,0
31997E0288,31997E0288,1997,Legislative_Act,1990s,0,1,1,2,330,1,1,1,3
31997Y0719(01),31997Y071901,1997,Legislative_Act,1990s,0,1,1,2,328,3,0.5,0.555556,0
31998L0013,31998L0013,1998,Directive,1990s,0,10,0,10,59,0,0,0,0
31998R0447,31998R0447,1998,Regulation,1990s,0,2,0,2,266,0,0,0,0
31999D0065,31999D0065,1999,Decision,1990s,0,1,0,1,177,0,0,0,0
31999D0468,31999D0468,1999,Decision,1990s,0,62,0,62,329,0,0,0,0
31999L0045,31999L0045,1999,Directive,1990s,0,15,0,15,231,0,0,0,0
32001D0413,32001D0413,2001,Decision,Early 2000s,0,1,0,1,280,0,0,0,0
32001L0023,32001L0023,2001,Directive,Early 2000s,0,4,0,4,280,0,0,0,0
32002D1786,32002D1786,2002,Decision,Early 2000s,0,3,0,3,329,0,0,0,0
32002L0676,32002L0676,2002,Directive,Early 2000s,0,1,0,1,329,0,0,0,0
32002R1602,32002R1602,2002,Regulation,Early 2000s,0,1,0,1,329,0,0,0,0
32003L0041,32003L0041,2003,Directive,Early 2000s,0,11,0,11,280,0,0,0,0
32003R1084,32003R1084,2003,Regulation,Early 2000s,0,1,0,1,333,0,0,0,0
32003R2201,32003R2201,2003,Regulation,Early 2000s,0,3,0,3,331,0,0,0,0
32004L0023,32004L0023,2004,Directive,Early 2000s,0,6,6,12,329,1,1,1,315.419733
32004R0314,32004R0314,2004,Regulation,Early 2000s,0,17,1,18,300,1,1,1,10.5
32004R0460,32004R0460,2004,Regulation,Early 2000s,0,2,0,2,324,0,0,0,0
32004R0805,32004R0805,2004,Regulation,Early 2000s,0,2,4,6,331,1,1,1,20.742857
32005L0060,32005L0060,2005,Directive,Late 2000s,0,17,0,17,280,0,0,0,0
32006D1719,32006D1719,2006,Decision,Late 2000s,0,1,0,1,325,0,0,0,0
32006R1907R(07),32006R1907R07,2006,Regulation,Late 2000s,0,0,1,1,231,4,0.351648,0.378906,0
32007L0047,32007L0047,2007,Directive,Late 2000s,0,2,0,2,329,0,0,0,0
32007R0717,32007R0717,2007,Regulation,Late 2000s,0,1,0,1,331,0,0,0,0
32008D0217,32008D0217,2008,Decision,Late 2000s,0,1,0,1,157,0,0,0,0
32008D0477R(01),32008D0477R01,2008,Regulation,Late 2000s,0,0,1,1,324,1,1,1,0
32008L0020,32008L0020,2008,Directive,Late 2000s,0,1,0,1,280,0,0,0,0
32008R0271,32008R0271,2008,Regulation,Late 2000s,0,6,2,8,84,1,1,1,1.333333
32008R0593,32008R0593,2008,Regulation,Late 2000s,0,12,2,14,280,1,1,1,852.303008
32009D0613,32009D0613,2009,Decision,Late 2000s,0,1,3,4,84,2,0.56,0.607143,4
32009L0008,32009L0008,2009,Directive,Late 2000s,0,0,2,2,333,3,0.48,0.513889,0
32009L0065,32009L0065,2009,Directive,Late 2000s,0,50,10,60,280,2,0.692308,0.777778,1677.969563
32009L0073,32009L0073,2009,Directive,Late 2000s,0,21,0,21,210,0,0,0,0
32009R0254,32009R0254,2009,Regulation,Late 2000s,0,1,0,1,68,0,0,0,0
32009R0304,32009R0304,2009,Regulation,Late 2000s,0,1,0,1,50,0,0,0,0
32009R0460,32009R0460,2009,Regulation,Late 2000s,0,1,0,1,68,0,0,0,0
32009R0636,32009R0636,2009,Regulation,Late 2000s,0,1,0,1,68,0,0,0,0
32009R0924,32009R0924,2009,Regulation,Late 2000s,0,4,0,4,280,0,0,0,0
32009R1136,32009R1136,2009,Regulation,Late 2000s,0,1,0,1,68,0,0,0,0
32009R1211,32009R1211,2009,Regulation,Late 2000s,0,2,0,2,331,0,0,0,0
61964CJ0056,61964CJ0056,1964,Case_Law,Pre-Single European Act,0,1,0,1,280,0,0,0,0
61972CJ0070,61972CJ0070,1972,Case_Law,Pre-Single European Act,0,12,0,12,84,0,0,0,0
61978CJ0209,61978CJ0209,1978,Case_Law,Pre-Single European Act,0,4,0,4,84,0,0,0,0
61987CJ0030,61987CJ0030,1987,Case_Law,Pre-Maastricht,0,7,0,7,84,0,0,0,0
61993CJ0056,61993CJ0056,1993,Case_Law,1990s,0,2,0,2,84,0,0,0,0
61994CJ0259,61994CJ0259,1994,Case_Law,1990s,0,1,0,1,266,0,0,0,0
61995TJ0011,61995TJ0011,1995,Case_Law,1990s,0,5,0,5,84,0,0,0,0
61996CJ0342,61996CJ0342,1996,Case_Law,1990s,0,11,0,11,84,0,0,0,0
61997CJ0219,61997CJ0219,1997,Case_Law,1990s,0,1,0,1,84,0,0,0,0
61999CJ0310,61999CJ0310,1999,Case_Law,1990s,0,1,0,1,84,0,0,0,0
61999TJ0228,61999TJ0228,1999,Case_Law,1990s,0,4,0,4,84,0,0,0,0
62001TJ0116,62001TJ0116,2001,Case_Law,Early 2000s,0,2,0,2,84,0,0,0,0
62002CJ0301,62002CJ0301,2002,Case_Law,Early 2000s,0,5,0,5,86,0,0,0,0
62006CJ0206,62006CJ0206,2006,Case_Law,Late 2000s,0,2,0,2,84,0,0,0,0
11957E003,11957E003,1957,Treaty,Pre-Treaty of Rome,0,3,0,3,17,0,0,0,0
11957E080,11957E080,1957,Treaty,Pre-Treaty of Rome,0,1,0,1,17,0,0,0,0
11957E087,11957E087,1957,Treaty,Pre-Treaty of Rome,0,4,0,4,266,0,0,0,0
11985I231,11985I231,1985,Treaty,Pre-Single European Act,0,1,0,1,265,0,0,0,0
11992E,11992E,1992,Treaty,Pre-Maastricht,0,8,0,8,177,0,0,0,0
11992E052,11992E052,1992,Treaty,Pre-Maastricht,0,10,0,10,266,0,0,0,0
11992E066,11992E066,1992,Treaty,Pre-Maastricht,0,3,0,3,324,0,0,0,0
11992E086,11992E086,1992,Treaty,Pre-Maastricht,0,3,0,3,84,0,0,0,0
11992M/PRO/SEBC/27,11992MPROSEBC27,1992,Treaty,Pre-Maastricht,0,1,0,1,275,0,0,0,0
11997E308,11997E308,1997,Treaty,1990s,0,4,0,4,329,0,0,0,0
11997M028,11997M028,1997,Treaty,1990s,0,3,0,3,329,0,0,0,0
12002M018,12002M018,2002,Treaty,Early 2000s,0,1,0,1,330,0,0,0,0
12008E218,12008E218,2008,Treaty,Late 2000s,0,1,0,1,330,0,0,0,0
12008M038,12008M038,2008,Treaty,Late 2000s,0,1,0,1,330,0,0,0,0
12008M043,12008M043,2008,Treaty,Late 2000s,0,1,0,1,330,0,0,0,0
31966R0117,31966R0117,1966,Regulation,Pre-Single European Act,0,1,0,1,17,0,0,0,0
31972L0462,31972L0462,1972,Directive,Pre-Single European Act,0,4,0,4,50,0,0,0,0
31977Y0727(02),31977Y072702,1977,Legislative_Act,Pre-Single European Act,0,1,0,1,328,0,0,0,0
31982L0891,31982L0891,1982,Directive,Pre-Single European Act,0,2,0,2,84,0,0,0,0
31985L0509,31985L0509,1985,Directive,Pre-Single European Act,0,1,0,1,333,0,0,0,0
31989L0520,31989L0520,1989,Directive,Pre-Maastricht,0,1,0,1,333,0,0,0,0
31991L0308,31991L0308,1991,Directive,Pre-Maastricht,0,2,0,2,280,0,0,0,0
31992L0118,31992L0118,1992,Directive,Pre-Maastricht,0,3,0,3,333,0,0,0,0
31992R2407,31992R2407,1992,Regulation,Pre-Maastricht,0,10,0,10,84,0,0,0,0
31993D0051,31993D0051,1993,Decision,1990s,0,1,0,1,333,0,0,0,0
31993L0005,31993L0005,1993,Directive,1990s,0,3,0,3,333,0,0,0,0
31993L0006,31993L0006,1993,Directive,1990s,0,1,0,1,280,0,0,0,0
31993Y0120(03),31993Y012003,1993,Legislative_Act,1990s,0,2,1,3,328,1,1,1,5
31994L0046,31994L0046,1994,Directive,1990s,0,3,0,3,266,0,0,0,0
31995D0354,31995D0354,1995,Decision,1990s,0,0,5,5,266,4,0.461538,0.618056,0
31995L0018,31995L0018,1995,Directive,1990s,0,5,0,5,84,0,0,0,0
31995L0019,31995L0019,1995,Directive,1990s,0,3,0,3,84,0,0,0,0
31996D0629,31996D0629,1996,Decision,1990s,0,1,0,1,59,0,0,0,0
31996L0082,31996L0082,1996,Directive,1990s,0,3,0,3,333,0,0,0,0
31997D0527,31997D0527,1997,Decision,1990s,0,1,0,1,59,0,0,0,0
31997Y0917(01),31997Y091701,1997,Legislative_Act,1990s,0,2,0,2,84,0,0,0,0
31998D0676,31998D0676,1998,Decision,1990s,0,1,1,2,231,1,1,1,0
31998L0005,31998L0005,1998,Directive,1990s,0,2,7,9,324,2,0.888889,0.9375,768.741786
31998R2119,31998R2119,1998,Regulation,1990s,0,2,0,2,333,0,0,0,0
31998Y0302(04),31998Y030204,1998,Legislative_Act,1990s,0,3,0,3,266,0,0,0,0
31999R0936,31999R0936,1999,Regulation,1990s,0,2,1,3,300,2,0.666667,0.75,0
32000L0018,32000L0018,2000,Directive,Early 2000s,0,2,0,2,329,0,0,0,0
32001D0873,32001D0873,2001,Decision,Early 2000s,0,1,0,1,333,0,0,0,0
32001L0095,32001L0095,2001,Directive,Early 2000s,0,15,0,15,329,0,0,0,0
32002D0059,32002D0059,2002,Decision,Early 2000s,0,0,10,10,231,2,0.777778,0.857143,0
32002D1600,32002D1600,2002,Decision,Early 2000s,0,8,0,8,329,0,0,0,0
32002L0092,32002L0092,2002,Directive,Early 2000s,0,6,0,6,280,0,0,0,0
32002R1318,32002R1318,2002,Regulation,Early 2000s,0,1,0,1,300,0,0,0,0
32003H0361,32003H0361,2003,Legislative_Act,Early 2000s,0,48,0,48,331,0,0,0,0
32003R0859,32003R0859,2003,Regulation,Early 2000s,0,3,4,7,329,2,0.833333,0.9,603.242262
32003R2032,32003R2032,2003,Regulation,Early 2000s,0,6,0,6,231,0,0,0,0
32004D0009,32004D0009,2004,Decision,Early 2000s,0,1,0,1,280,0,0,0,0
32004D0677,32004D0677,2004,Decision,Early 2000s,0,1,0,1,330,0,0,0,0
32004D0791(01),32004D079101,2004,Decision,Early 2000s,0,1,0,1,330,0,0,0,0
32004D0858,32004D0858,2004,Decision,Early 2000s,0,6,0,6,329,0,0,0,0
32004R0145,32004R0145,2004,Regulation,Early 2000s,0,1,0,1,231,0,0,0,0
32004R0883,32004R0883,2004,Regulation,Early 2000s,0,19,3,22,17,2,0.8,0.875,472.931442
32005D0174,32005D0174,2005,Decision,Late 2000s,0,1,0,1,329,0,0,0,0
32006E0319,32006E0319,2006,Legislative_Act,Late 2000s,0,3,0,3,330,0,0,0,0
32006L0070,32006L0070,2006,Directive,Late 2000s,0,2,0,2,280,0,0,0,0
32006R1083,32006R1083,2006,Regulation,Late 2000s,0,3,0,3,157,0,0,0,0
32006R1857,32006R1857,2006,Regulation,Late 2000s,0,1,0,1,84,0,0,0,0
32007D0643,32007D0643,2007,Decision,Late 2000s,0,2,0,2,330,0,0,0,0
32007H0879,32007H0879,2007,Legislative_Act,Late 2000s,0,1,0,1,324,0,0,0,0
32007L0046,32007L0046,2007,Directive,Late 2000s,0,8,0,8,329,0,0,0,0
32007R0323,32007R0323,2007,Regulation,Late 2000s,0,1,0,1,50,0,0,0,0
32007R0787,32007R0787,2007,Regulation,Late 2000s,0,1,0,1,333,0,0,0,0
32007R1354,32007R1354,2007,Regulation,Late 2000s,0,0,2,2,231,4,0.353425,0.383721,0
32008D0137,32008D0137,2008,Decision,Late 2000s,0,2,4,6,84,1,1,1,7
32008D0232,32008D0232,2008,Decision,Late 2000s,0,1,0,1,157,0,0,0,0
32008D0284,32008D0284,2008,Decision,Late 2000s,0,1,0,1,157,0,0,0,0
32008D0376,32008D0376,2008,Decision,Late 2000s,0,1,1,2,325,1,1,1,1
32008E0736,32008E0736,2008,Legislative_Act,Late 2000s,0,7,0,7,330,0,0,0,0
32008E0858,32008E0858,2008,Legislative_Act,Late 2000s,0,1,0,1,330,0,0,0,0
32008R1274,32008R1274,2008,Regulation,Late 2000s,0,1,0,1,68,0,0,0,0
32009D0013,32009D0013,2009,Decision,Late 2000s,0,1,0,1,86,0,0,0,0
32009D0316,32009D0316,2009,Decision,Late 2000s,0,2,0,2,280,0,0,0,0
32009D0360,32009D0360,2009,Decision,Late 2000s,0,0,3,3,329,4,0.454545,0.502778,0
32009D0424,32009D0424,2009,Decision,Late 2000s,0,2,0,2,231,0,0,0,0
32009R0790,32009R0790,2009,Regulation,Late 2000s,0,1,1,2,231,4,0.351648,0.378906,30.338889
61959CJ0030,61959CJ0030,1959,Case_Law,Pre-Single European Act,0,3,0,3,84,0,0,0,0
61973CJ0127(01),61973CJ012701,1973,Case_Law,Pre-Single European Act,0,2,0,2,84,0,0,0,0
61992CJ0278,61992CJ0278,1992,Case_Law,Pre-Maastricht,0,14,0,14,84,0,0,0,0
61996CJ0067,61996CJ0067,1996,Case_Law,1990s,0,2,0,2,84,0,0,0,0
61996TJ0102,61996TJ0102,1996,Case_Law,1990s,0,1,0,1,266,0,0,0,0
61997CJ0115,61997CJ0115,1997,Case_Law,1990s,0,1,0,1,84,0,0,0,0
61998CJ0083,61998CJ0083,1998,Case_Law,1990s,0,3,0,3,84,0,0,0,0
61998CJ0379,61998CJ0379,1998,Case_Law,1990s,0,7,0,7,84,0,0,0,0
62000CJ0280,62000CJ0280,2000,Case_Law,Early 2000s,0,21,0,21,84,0,0,0,0
62003CJ0182,62003CJ0182,2003,Case_Law,Early 2000s,0,3,0,3,84,0,0,0,0
62004TJ0196,62004TJ0196,2004,Case_Law,Early 2000s,0,7,0,7,84,0,0,0,0
62007CJ0169,62007CJ0169,2007,Case_Law,Late 2000s,0,1,0,1,210,0,0,0,0
11951K009,11951K009,1951,Treaty,Pre-Treaty of Rome,0,2,0,2,245,0,0,0,0
11957E090,11957E090,1957,Treaty,Pre-Treaty of Rome,0,2,0,2,266,0,0,0,0
11979HN01/04,11979HN0104,1979,Treaty,Pre-Single European Act,0,1,0,1,266,0,0,0,0
11985I061,11985I061,1985,Treaty,Pre-Single European Act,0,1,0,1,265,0,0,0,0
11985I222,11985I222,1985,Treaty,Pre-Single European Act,0,1,0,1,265,0,0,0,0
11992E007A,11992E007A,1992,Treaty,Pre-Maastricht,0,3,0,3,324,0,0,0,0
11992E073C,11992E073C,1992,Treaty,Pre-Maastricht,0,2,0,2,50,0,0,0,0
11992MK03,11992MK03,1992,Treaty,Pre-Maastricht,0,1,0,1,50,0,0,0,0
11997E256,11997E256,1997,Treaty,1990s,0,2,0,2,84,0,0,0,0
11997M014,11997M014,1997,Treaty,1990s,0,1,0,1,330,0,0,0,0
11997M026,11997M026,1997,Treaty,1990s,0,1,0,1,330,0,0,0,0
12005S/TTE/04,12005STTE04,2005,Treaty,Late 2000s,0,4,0,4,333,0,0,0,0
12006M002,12006M002,2006,Treaty,Late 2000s,0,1,0,1,330,0,0,0,0
12007L/TXT,12007LTXT,2007,Treaty,Late 2000s,0,8,0,8,331,0,0,0,0
12007P/TXT,12007PTXT,2007,Treaty,Late 2000s,0,1,0,1,329,0,0,0,0
31963R0099,31963R0099,1963,Regulation,Pre-Single European Act,0,2,0,2,280,0,0,0,0
31964D0331(02),31964D033102,1964,Decision,Pre-Single European Act,0,1,0,1,17,0,0,0,0
31965L0269,31965L0269,1965,Directive,Pre-Single European Act,0,2,0,2,17,0,0,0,0
31969R1192,31969R1192,1969,Regulation,Pre-Single European Act,0,3,0,3,17,0,0,0,0
31978L0473,31978L0473,1978,Directive,Pre-Single European Act,0,5,0,5,280,0,0,0,0
31979R2784,31979R2784,1979,Regulation,Pre-Single European Act,0,2,0,2,56,0,0,0,0
31983R1972,31983R1972,1983,Regulation,Pre-Single European Act,0,1,0,1,17,0,0,0,0
31990L0220,31990L0220,1990,Directive,Pre-Maastricht,0,4,0,4,329,0,0,0,0
31991L0263,31991L0263,1991,Directive,Pre-Maastricht,0,7,0,7,59,0,0,0,0
31992L0104,31992L0104,1992,Directive,Pre-Maastricht,0,1,2,3,59,1,1,1,4.5
31992R2913,31992R2913,1992,Regulation,Pre-Maastricht,0,11,0,11,300,0,0,0,0
31993D0247,31993D0247,1993,Decision,1990s,0,1,3,4,266,3,0.5625,0.648148,7
31994R1488,31994R1488,1994,Regulation,1990s,0,1,0,1,231,0,0,0,0
31994Y1105(01),31994Y110501,1994,Legislative_Act,1990s,0,2,0,2,266,0,0,0,0
31995F1127(03),31995F112703,1995,Legislative_Act,1990s,0,3,0,3,324,0,0,0,0
31996D0278,31996D0278,1996,Decision,1990s,0,2,4,6,84,1,1,1,5.5
31996L0025,31996L0025,1996,Directive,1990s,0,3,0,3,333,0,0,0,0
31998D0022,31998D0022,1998,Decision,1990s,0,1,0,1,329,0,0,0,0
31998D2119,31998D2119,1998,Decision,1990s,0,4,0,4,333,0,0,0,0
31998E0240,31998E0240,1998,Legislative_Act,1990s,0,1,0,1,291,0,0,0,0
31998F0733,31998F0733,1998,Legislative_Act,1990s,0,1,0,1,280,0,0,0,0
31998L0034,31998L0034,1998,Directive,1990s,0,19,0,19,329,0,0,0,0
31999M1349,31999M1349,1999,Legislative_Act,1990s,0,1,1,2,266,1,1,1,0
31999Q0531,31999Q0531,1999,Legislative_Act,1990s,0,11,1,12,331,2,0.666667,0.75,4.833333
31999Y0618(02),31999Y061802,1999,Legislative_Act,1990s,0,3,0,3,329,0,0,0,0
32000L0021,32000L0021,2000,Directive,Early 2000s,0,1,0,1,231,0,0,0,0
32000L0054,32000L0054,2000,Directive,Early 2000s,0,3,4,7,329,2,0.75,0.833333,503.149524
32000L0060,32000L0060,2000,Directive,Early 2000s,0,36,9,45,329,2,0.909091,0.95,2472.673602
32001D0718,32001D0718,2001,Decision,Early 2000s,0,0,2,2,266,3,0.434783,0.483333,0
32001H0703(01),32001H070301,2001,Legislative_Act,Early 2000s,0,1,0,1,324,0,0,0,0
32001R0703,32001R0703,2001,Regulation,Early 2000s,0,1,1,2,231,1,1,1,0
32002L0021,32002L0021,2002,Directive,Early 2000s,0,23,0,23,324,0,0,0,0
32003E0423,32003E0423,2003,Legislative_Act,Early 2000s,0,2,0,2,330,0,0,0,0
32003L0094,32003L0094,2003,Directive,Early 2000s,0,1,0,1,329,0,0,0,0
32003R0001,32003R0001,2003,Regulation,Early 2000s,0,5,6,11,266,2,0.6875,0.772727,2617.579455
32003R0806,32003R0806,2003,Regulation,Early 2000s,0,0,16,16,333,4,0.529412,0.668981,0
32004D0327,32004D0327,2004,Decision,Early 2000s,0,0,4,4,17,2,0.833333,0.9,0
32004D0676,32004D0676,2004,Decision,Early 2000s,0,1,0,1,330,0,0,0,0
32004L0025,32004L0025,2004,Directive,Early 2000s,0,11,1,12,280,1,1,1,567
32004L0052,32004L0052,2004,Directive,Early 2000s,0,3,0,3,157,0,0,0,0
32005D0418,32005D0418,2005,Decision,Late 2000s,0,1,6,7,84,3,0.619048,0.717949,22
32005D0842,32005D0842,2005,Decision,Late 2000s,0,8,0,8,84,0,0,0,0
32005Q0215(01),32005Q021501,2005,Legislative_Act,Late 2000s,0,2,0,2,200,0,0,0,0
32006L0042,32006L0042,2006,Directive,Late 2000s,0,17,4,21,329,1,1,1,392.006158
32006L0065,32006L0065,2006,Directive,Late 2000s,0,1,0,1,280,0,0,0,0
32007D0642,32007D0642,2007,Decision,Late 2000s,0,0,3,3,333,5,0.270833,0.313462,0
32008R0216,32008R0216,2008,Regulation,Late 2000s,0,6,0,6,50,0,0,0,0
32008R0765,32008R0765,2008,Regulation,Late 2000s,0,47,9,56,329,1,1,1,1942.887046
32008R0767,32008R0767,2008,Regulation,Late 2000s,0,9,10,19,331,2,0.8125,0.884615,174.78254
32009E0068,32009E0068,2009,Legislative_Act,Late 2000s,0,2,0,2,300,0,0,0,0
32009R0223,32009R0223,2009,Regulation,Late 2000s,0,23,13,36,329,3,0.467662,0.52305,37845.785614
32009R0428,32009R0428,2009,Regulation,Late 2000s,0,11,3,14,300,1,1,1,84.671104
61985CJ0352,61985CJ0352,1985,Case_Law,Pre-Single European Act,0,1,0,1,331,0,0,0,0
61989CJ0288,61989CJ0288,1989,Case_Law,Pre-Maastricht,0,1,0,1,84,0,0,0,0
61992CJ0387,61992CJ0387,1992,Case_Law,Pre-Maastricht,0,4,0,4,84,0,0,0,0
61995CJ0242,61995CJ0242,1995,Case_Law,1990s,0,3,0,3,84,0,0,0,0
61995TJ0214,61995TJ0214,1995,Case_Law,1990s,0,9,0,9,84,0,0,0,0
61999CJ0157,61999CJ0157,1999,Case_Law,1990s,0,1,0,1,210,0,0,0,0
62000CJ0278,62000CJ0278,2000,Case_Law,Early 2000s,0,4,0,4,84,0,0,0,0
62000TJ0092,62000TJ0092,2000,Case_Law,Early 2000s,0,4,0,4,84,0,0,0,0
62000TJ0169,62000TJ0169,2000,Case_Law,Early 2000s,0,1,0,1,84,0,0,0,0
62001CJ0338,62001CJ0338,2001,Case_Law,Early 2000s,0,1,0,1,280,0,0,0,0
62004CJ0338,62004CJ0338,2004,Case_Law,Early 2000s,0,1,0,1,210,0,0,0,0
62004TJ0156,62004TJ0156,2004,Case_Law,Early 2000s,0,1,0,1,84,0,0,0,0
62006TJ0162,62006TJ0162,2006,Case_Law,Late 2000s,0,1,0,1,84,0,0,0,0
62008CJ0029,62008CJ0029,2008,Case_Law,Late 2000s,0,1,0,1,84,0,0,0,0
11957E100A,11957E100A,1957,Treaty,Pre-Treaty of Rome,0,7,0,7,324,0,0,0,0
11972B124,11972B124,1972,Treaty,Pre-Single European Act,0,1,0,1,36,0,0,0,0
11992E036,11992E036,1992,Treaty,Pre-Maastricht,0,1,0,1,324,0,0,0,0
11992E085,11992E085,1992,Treaty,Pre-Maastricht,0,3,0,3,266,0,0,0,0
11992E090,11992E090,1992,Treaty,Pre-Maastricht,0,5,0,5,84,0,0,0,0
11992E129B,11992E129B,1992,Treaty,Pre-Maastricht,0,1,0,1,266,0,0,0,0
11992E129D,11992E129D,1992,Treaty,Pre-Maastricht,0,1,0,1,50,0,0,0,0
11992E130D,11992E130D,1992,Treaty,Pre-Maastricht,0,1,0,1,266,0,0,0,0
11992E189C,11992E189C,1992,Treaty,Pre-Maastricht,0,5,0,5,329,0,0,0,0
11992MJ05,11992MJ05,1992,Treaty,Pre-Maastricht,0,1,0,1,330,0,0,0,0
11997E005,11997E005,1997,Treaty,1990s,0,6,0,6,329,0,0,0,0
12006E037,12006E037,2006,Treaty,Late 2000s,0,4,0,4,231,0,0,0,0
12006E251,12006E251,2006,Treaty,Late 2000s,0,29,0,29,329,0,0,0,0
31969R1191,31969R1191,1969,Regulation,Pre-Single European Act,0,4,0,4,84,0,0,0,0
31974L0562,31974L0562,1974,Directive,Pre-Single European Act,0,1,0,1,17,0,0,0,0
31978D0774,31978D0774,1978,Decision,Pre-Single European Act,0,2,0,2,50,0,0,0,0
31980Y0122(04),31980Y012204,1980,Legislative_Act,Pre-Single European Act,0,1,0,1,328,0,0,0,0
31982D0174,31982D0174,1982,Decision,Pre-Single European Act,0,1,0,1,280,0,0,0,0
31985L0611,31985L0611,1985,Directive,Pre-Single European Act,0,6,0,6,280,0,0,0,0
31986L0361,31986L0361,1986,Directive,Pre-Single European Act,0,2,0,2,59,0,0,0,0
31986R4055,31986R4055,1986,Regulation,Pre-Single European Act,0,3,5,8,50,3,0.7,0.833333,3211.642857
31988L0357,31988L0357,1988,Directive,Pre-Maastricht,0,5,0,5,280,0,0,0,0
31988R4253,31988R4253,1988,Regulation,Pre-Maastricht,0,10,0,10,266,0,0,0,0
31990R3359,31990R3359,1990,Regulation,Pre-Maastricht,0,1,0,1,17,0,0,0,0
31992R0443,31992R0443,1992,Regulation,Pre-Maastricht,0,2,0,2,329,0,0,0,0
31993L0043,31993L0043,1993,Directive,1990s,0,4,0,4,333,0,0,0,0
31994D0662,31994D0662,1994,Decision,1990s,0,1,8,9,84,1,1,1,5.5
31994L0458,31994L0458,1994,Directive,1990s,0,1,0,1,333,0,0,0,0
31996D0071,31996D0071,1996,Decision,1990s,0,1,0,1,59,0,0,0,0
31997D0529,31997D0529,1997,Decision,1990s,0,1,0,1,59,0,0,0,0
31998D0179,31998D0179,1998,Decision,1990s,0,3,0,3,231,0,0,0,0
31998D0365,31998D0365,1998,Decision,1990s,0,1,3,4,84,1,1,1,2
31998E0725,31998E0725,1998,Legislative_Act,1990s,0,1,0,1,291,0,0,0,0
31998L0081,31998L0081,1998,Directive,1990s,0,1,0,1,329,0,0,0,0
31999D0182,31999D0182,1999,Decision,1990s,0,2,0,2,177,0,0,0,0
31999R0468,31999R0468,1999,Regulation,1990s,0,2,0,2,333,0,0,0,0
32000D0532,32000D0532,2000,Decision,Early 2000s,0,3,0,3,50,0,0,0,0
32001F0413,32001F0413,2001,Legislative_Act,Early 2000s,0,3,0,3,331,0,0,0,0
32001L0065,32001L0065,2001,Directive,Early 2000s,0,1,0,1,280,0,0,0,0
32002D0844,32002D0844,2002,Decision,Early 2000s,0,1,0,1,84,0,0,0,0
32002H0590,32002H0590,2002,Legislative_Act,Early 2000s,0,1,0,1,324,0,0,0,0
32002R1774,32002R1774,2002,Regulation,Early 2000s,0,5,0,5,333,0,0,0,0
32003D0623,32003D0623,2003,Decision,Early 2000s,0,2,0,2,231,0,0,0,0
32003L0048,32003L0048,2003,Directive,Early 2000s,0,3,0,3,231,0,0,0,0
32003L0098,32003L0098,2003,Directive,Early 2000s,0,10,0,10,329,0,0,0,0
32003R1334,32003R1334,2003,Regulation,Early 2000s,0,1,2,3,333,2,0.75,0.833333,0
32004L0035,32004L0035,2004,Directive,Early 2000s,0,9,6,15,329,3,0.592593,0.677083,197.836363
32006D1672,32006D1672,2006,Decision,Late 2000s,0,2,3,5,329,1,1,1,232.117949
32006E0184,32006E0184,2006,Legislative_Act,Late 2000s,0,2,0,2,330,0,0,0,0
32006F0783R(01),32006F0783R01,2006,Regulation,Late 2000s,0,1,0,1,331,0,0,0,0
32006L0112,32006L0112,2006,Directive,Late 2000s,0,20,5,25,331,2,0.586207,0.647059,2588.279673
32006R1905,32006R1905,2006,Regulation,Late 2000s,0,1,0,1,325,0,0,0,0
32007D0198,32007D0198,2007,Decision,Late 2000s,0,1,5,6,324,3,0.433962,0.521739,17
32007D0235,32007D0235,2007,Decision,Late 2000s,0,1,0,1,300,0,0,0,0
32007D0473,32007D0473,2007,Decision,Late 2000s,0,0,2,2,330,4,0.368421,0.411905,0
32009D0022(01),32009D002201,2009,Decision,Late 2000s,0,1,0,1,86,0,0,0,0
32009D0425,32009D0425,2009,Decision,Late 2000s,0,2,0,2,231,0,0,0,0
32009D0561,32009D0561,2009,Decision,Late 2000s,0,1,0,1,84,0,0,0,0
32009R0470,32009R0470,2009,Regulation,Late 2000s,0,2,11,13,231,2,0.789474,0.866667,19.333333
32009R1221,32009R1221,2009,Regulation,Late 2000s,0,5,8,13,329,3,0.508772,0.597701,628.919888
61990CJ0041,61990CJ0041,1990,Case_Law,Pre-Maastricht,0,8,0,8,84,0,0,0,0
61995TJ0129,61995TJ0129,1995,Case_Law,1990s,0,3,0,3,84,0,0,0,0
61996TJ0132,61996TJ0132,1996,Case_Law,1990s,0,2,0,2,84,0,0,0,0
61997CJ0251,61997CJ0251,1997,Case_Law,1990s,0,2,0,2,84,0,0,0,0
61999CJ0205,61999CJ0205,1999,Case_Law,1990s,0,2,0,2,210,0,0,0,0
61999CJ0385,61999CJ0385,1999,Case_Law,1990s,0,1,0,1,210,0,0,0,0
61999CJ0482,61999CJ0482,1999,Case_Law,1990s,0,20,0,20,84,0,0,0,0
62002TJ0171,62002TJ0171,2002,Case_Law,Early 2000s,0,3,0,3,84,0,0,0,0
62008CJ0279,62008CJ0279,2008,Case_Law,Late 2000s,0,6,0,6,84,0,0,0,0
62008TJ0267,62008TJ0267,2008,Case_Law,Late 2000s,0,8,0,8,84,0,0,0,0
62008TJ0443,62008TJ0443,2008,Case_Law,Late 2000s,0,8,0,8,84,0,0,0,0
62008TN0455,62008TN0455,2008,Case_Law,Late 2000s,0,2,0,2,84,0,0,0,0
62009CJ0106,62009CJ0106,2009,Case_Law,Late 2000s,0,2,0,2,84,0,0,0,0
11957E085,11957E085,1957,Treaty,Pre-Treaty of Rome,0,5,0,5,266,0,0,0,0
11957E108,11957E108,1957,Treaty,Pre-Treaty of Rome,0,1,0,1,36,0,0,0,0
11957E116,11957E116,1957,Treaty,Pre-Treaty of Rome,0,1,0,1,58,0,0,0,0
11957E209,11957E209,1957,Treaty,Pre-Treaty of Rome,0,2,0,2,17,0,0,0,0
11979HN08/01,11979HN0801,1979,Treaty,Pre-Single European Act,0,1,0,1,266,0,0,0,0
11992E007,11992E007,1992,Treaty,Pre-Maastricht,0,9,0,9,266,0,0,0,0
11992E054,11992E054,1992,Treaty,Pre-Maastricht,0,1,0,1,50,0,0,0,0
11992E112,11992E112,1992,Treaty,Pre-Maastricht,0,1,0,1,17,0,0,0,0
11997E152,11997E152,1997,Treaty,1990s,0,2,0,2,333,0,0,0,0
12002E071,12002E071,2002,Treaty,Early 2000s,0,3,0,3,157,0,0,0,0
12002M025,12002M025,2002,Treaty,Early 2000s,0,11,0,11,330,0,0,0,0
12003T/TTE,12003TTTE,2003,Treaty,Early 2000s,0,1,0,1,121,0,0,0,0
12003TN10/03,12003TN1003,2003,Treaty,Early 2000s,0,1,0,1,121,0,0,0,0
12006E/PRO/30,12006EPRO30,2006,Treaty,Late 2000s,0,1,0,1,300,0,0,0,0
12006E083,12006E083,2006,Treaty,Late 2000s,0,1,0,1,266,0,0,0,0
12006E207,12006E207,2006,Treaty,Late 2000s,0,2,0,2,330,0,0,0,0
12006E211,12006E211,2006,Treaty,Late 2000s,0,2,0,2,333,0,0,0,0
12006M029,12006M029,2006,Treaty,Late 2000s,0,1,0,1,330,0,0,0,0
31968R0259,31968R0259,1968,Regulation,Pre-Single European Act,0,20,1,21,331,1,1,1,404
31969D0314,31969D0314,1969,Decision,Pre-Single European Act,0,1,0,1,333,0,0,0,0
31969R1630,31969R1630,1969,Regulation,Pre-Single European Act,0,1,0,1,266,0,0,0,0
31970D0552,31970D0552,1970,Decision,Pre-Single European Act,0,1,0,1,59,0,0,0,0
31973D0402,31973D0402,1973,Decision,Pre-Single European Act,0,1,0,1,17,0,0,0,0
31973L0239,31973L0239,1973,Directive,Pre-Single European Act,0,10,0,10,280,0,0,0,0
31974D0234,31974D0234,1974,Decision,Pre-Single European Act,0,2,0,2,324,0,0,0,0
31975L0404,31975L0404,1975,Directive,Pre-Single European Act,0,1,0,1,312,0,0,0,0
31976L0464,31976L0464,1976,Directive,Pre-Single European Act,0,3,0,3,329,0,0,0,0
31976L0580,31976L0580,1976,Directive,Pre-Single European Act,0,4,0,4,280,0,0,0,0
31976L0768,31976L0768,1976,Directive,Pre-Single European Act,0,4,0,4,329,0,0,0,0
31977L0388,31977L0388,1977,Directive,Pre-Single European Act,0,4,0,4,231,0,0,0,0
31989L0662,31989L0662,1989,Directive,Pre-Maastricht,0,3,0,3,333,0,0,0,0
31990D0424,31990D0424,1990,Decision,Pre-Maastricht,0,5,0,5,231,0,0,0,0
31990L0167,31990L0167,1990,Directive,Pre-Maastricht,0,2,0,2,333,0,0,0,0
31990L0434,31990L0434,1990,Directive,Pre-Maastricht,0,2,0,2,231,0,0,0,0
31990L0544,31990L0544,1990,Directive,Pre-Maastricht,0,1,0,1,333,0,0,0,0
31992L0049,31992L0049,1992,Directive,Pre-Maastricht,0,9,0,9,280,0,0,0,0
31992Y0114(01),31992Y011401,1992,Legislative_Act,Pre-Maastricht,0,2,0,2,177,0,0,0,0
31993L0038,31993L0038,1993,Directive,1990s,0,4,0,4,266,0,0,0,0
31993L0113,31993L0113,1993,Directive,1990s,0,1,0,1,333,0,0,0,0
31993Y1113(01),31993Y111301,1993,Legislative_Act,1990s,0,4,0,4,84,0,0,0,0
31994D0652,31994D0652,1994,Decision,1990s,0,1,1,2,333,1,1,1,0
31995L0033,31995L0033,1995,Directive,1990s,0,1,0,1,333,0,0,0,0
31996L0024,31996L0024,1996,Directive,1990s,0,1,0,1,333,0,0,0,0
31996L0029,31996L0029,1996,Directive,1990s,0,11,0,11,329,0,0,0,0
31997D0346,31997D0346,1997,Decision,1990s,0,1,0,1,59,0,0,0,0
31997L0007,31997L0007,1997,Directive,1990s,0,3,0,3,333,0,0,0,0
31997Y0311(02),31997Y031102,1997,Legislative_Act,1990s,0,1,0,1,266,0,0,0,0
31998D0513,31998D0513,1998,Decision,1990s,0,0,12,12,84,2,0.676471,0.76087,0
31998L0070,31998L0070,1998,Directive,1990s,0,5,5,10,210,1,1,1,2440.321338
31998R2821,31998R2821,1998,Regulation,1990s,0,1,0,1,333,0,0,0,0
31999L0093,31999L0093,1999,Directive,1990s,0,13,0,13,324,0,0,0,0
31999R1260,31999R1260,1999,Regulation,1990s,0,1,0,1,84,0,0,0,0
32000Y0311(03),32000Y031103,2000,Legislative_Act,Early 2000s,0,3,0,3,84,0,0,0,0
32001D0723,32001D0723,2001,Decision,Early 2000s,0,0,8,8,84,2,0.625,0.7,0
32001L0016,32001L0016,2001,Directive,Early 2000s,0,2,0,2,157,0,0,0,0
32001R0045,32001R0045,2001,Regulation,Early 2000s,0,96,0,96,300,0,0,0,0
32001R0467,32001R0467,2001,Regulation,Early 2000s,0,2,0,2,300,0,0,0,0
32002D0733,32002D0733,2002,Decision,Early 2000s,0,1,0,1,157,0,0,0,0
32002R1780,32002R1780,2002,Regulation,Early 2000s,0,1,0,1,329,0,0,0,0
32003L0037,32003L0037,2003,Directive,Early 2000s,0,5,0,5,329,0,0,0,0
32004L0049,32004L0049,2004,Directive,Early 2000s,0,9,0,9,84,0,0,0,0
32005C0295,32005C0295,2005,Legislative_Act,Late 2000s,0,1,0,1,331,0,0,0,0
32005D0145,32005D0145,2005,Decision,Late 2000s,0,2,11,13,84,1,1,1,23.5
32005R0174,32005R0174,2005,Regulation,Late 2000s,0,1,0,1,20,0,0,0,0
32006D0974,32006D0974,2006,Decision,Late 2000s,0,3,0,3,325,0,0,0,0
32006D1904,32006D1904,2006,Decision,Late 2000s,0,1,0,1,325,0,0,0,0
32006E0243,32006E0243,2006,Legislative_Act,Late 2000s,0,3,0,3,330,0,0,0,0
32006R0910,32006R0910,2006,Regulation,Late 2000s,0,1,0,1,333,0,0,0,0
32006R1881,32006R1881,2006,Regulation,Late 2000s,0,5,0,5,333,0,0,0,0
32007D0125,32007D0125,2007,Decision,Late 2000s,0,1,0,1,325,0,0,0,0
32007D0384,32007D0384,2007,Decision,Late 2000s,0,1,0,1,330,0,0,0,0
32007R1371,32007R1371,2007,Regulation,Late 2000s,0,4,0,4,331,0,0,0,0
32008F0977,32008F0977,2008,Legislative_Act,Late 2000s,0,6,0,6,331,0,0,0,0
32008L0056,32008L0056,2008,Directive,Late 2000s,0,12,8,20,329,2,0.653846,0.735294,243.462309
32008R0605,32008R0605,2008,Regulation,Late 2000s,0,1,0,1,300,0,0,0,0
32008R1331,32008R1331,2008,Regulation,Late 2000s,0,23,4,27,333,3,0.486486,0.564815,376.95
32009D0320,32009D0320,2009,Decision,Late 2000s,0,3,0,3,177,0,0,0,0
32009D0343,32009D0343,2009,Decision,Late 2000s,0,1,0,1,324,0,0,0,0
32009L0101,32009L0101,2009,Directive,Late 2000s,0,1,0,1,280,0,0,0,0
32009R1024,32009R1024,2009,Regulation,Late 2000s,0,1,0,1,23,0,0,0,0
61981CJ0322,61981CJ0322,1981,Case_Law,Pre-Single European Act,0,4,0,4,84,0,0,0,0
61984CJ0311,61984CJ0311,1984,Case_Law,Pre-Single European Act,0,3,0,3,84,0,0,0,0
61989CJ0305,61989CJ0305,1989,Case_Law,Pre-Maastricht,0,13,0,13,84,0,0,0,0
61992CJ0250,61992CJ0250,1992,Case_Law,Pre-Maastricht,0,1,0,1,266,0,0,0,0
61994TJ0358,61994TJ0358,1994,Case_Law,1990s,0,8,0,8,84,0,0,0,0
61998CJ0444,61998CJ0444,1998,Case_Law,1990s,0,1,0,1,17,0,0,0,0
61999TJ0055,61999TJ0055,1999,Case_Law,1990s,0,1,0,1,84,0,0,0,0
62000TJ0318,62000TJ0318,2000,Case_Law,Early 2000s,0,1,0,1,84,0,0,0,0
62002CJ0345,62002CJ0345,2002,Case_Law,Early 2000s,0,3,0,3,84,0,0,0,0
62006CJ0487,62006CJ0487,2006,Case_Law,Late 2000s,0,4,0,4,84,0,0,0,0
62009TJ0347,62009TJ0347,2009,Case_Law,Late 2000s,0,1,0,1,84,0,0,0,0
11957E007,11957E007,1957,Treaty,Pre-Treaty of Rome,0,3,0,3,266,0,0,0,0
11957E008A,11957E008A,1957,Treaty,Pre-Treaty of Rome,0,1,0,1,265,0,0,0,0
11957E206BIS,11957E206BIS,1957,Treaty,Pre-Treaty of Rome,0,1,0,1,17,0,0,0,0
11985I062,11985I062,1985,Treaty,Pre-Single European Act,0,1,0,1,265,0,0,0,0
11985I227,11985I227,1985,Treaty,Pre-Single European Act,0,1,0,1,265,0,0,0,0
11985I232,11985I232,1985,Treaty,Pre-Single European Act,0,1,0,1,265,0,0,0,0
11997E251,11997E251,1997,Treaty,1990s,0,11,0,11,329,0,0,0,0
11997M025,11997M025,1997,Treaty,1990s,0,2,0,2,330,0,0,0,0
12002E080,12002E080,2002,Treaty,Early 2000s,0,5,0,5,333,0,0,0,0
12002E095,12002E095,2002,Treaty,Early 2000s,0,11,0,11,333,0,0,0,0
12002E152,12002E152,2002,Treaty,Early 2000s,0,10,0,10,333,0,0,0,0
12006E/PRO/05,12006EPRO05,2006,Treaty,Late 2000s,0,6,0,6,330,0,0,0,0
12006M028,12006M028,2006,Treaty,Late 2000s,0,2,0,2,330,0,0,0,0
31960D0217(08),31960D021708,1960,Decision,Pre-Single European Act,0,1,0,1,17,0,0,0,0
31968D0416,31968D0416,1968,Decision,Pre-Single European Act,0,1,0,1,300,0,0,0,0
31975L0405,31975L0405,1975,Directive,Pre-Single European Act,0,1,0,1,312,0,0,0,0
31976L0207,31976L0207,1976,Directive,Pre-Single European Act,0,2,0,2,329,0,0,0,0
31980L0068,31980L0068,1980,Directive,Pre-Single European Act,0,4,0,4,329,0,0,0,0
31982D0529,31982D0529,1982,Decision,Pre-Single European Act,0,1,0,1,17,0,0,0,0
31983L0189,31983L0189,1983,Directive,Pre-Single European Act,0,5,0,5,59,0,0,0,0
31984D0191,31984D0191,1984,Decision,Pre-Single European Act,0,1,0,1,280,0,0,0,0
31984R1787,31984R1787,1984,Regulation,Pre-Single European Act,0,1,0,1,17,0,0,0,0
31988L0485,31988L0485,1988,Directive,Pre-Maastricht,0,1,0,1,333,0,0,0,0
31989D0336,31989D0336,1989,Decision,Pre-Maastricht,0,1,0,1,59,0,0,0,0
31991L0271,31991L0271,1991,Directive,Pre-Maastricht,0,6,1,7,329,1,1,1,320.034539
31992D0290,31992D0290,1992,Decision,Pre-Maastricht,0,1,0,1,333,0,0,0,0
31992L0044,31992L0044,1992,Directive,Pre-Maastricht,0,3,0,3,266,0,0,0,0
31993R2309,31993R2309,1993,Regulation,1990s,0,6,0,6,333,0,0,0,0
31993S3632,31993S3632,1993,Legislative_Act,1990s,0,2,0,2,328,0,0,0,0
31994D0797,31994D0797,1994,Decision,1990s,0,1,0,1,59,0,0,0,0
31994D0913,31994D0913,1994,Decision,1990s,0,1,0,1,177,0,0,0,0
31994D0998,31994D0998,1994,Decision,1990s,0,1,0,1,50,0,0,0,0
31994Y0427(01),31994Y042701,1994,Legislative_Act,1990s,0,1,1,2,328,2,0.666667,0.75,0
31997L0067,31997L0067,1997,Directive,1990s,0,12,7,19,324,1,1,1,4523.855983
31998D0190,31998D0190,1998,Decision,1990s,0,1,8,9,84,2,0.625,0.7,14
31999D0573,31999D0573,1999,Decision,1990s,0,1,0,1,266,0,0,0,0
31999E0878,31999E0878,1999,Legislative_Act,1990s,0,1,0,1,330,0,0,0,0
31999L0002,31999L0002,1999,Directive,1990s,0,2,6,8,324,1,1,1,1939.539212
31999R1493,31999R1493,1999,Regulation,1990s,0,2,0,2,333,0,0,0,0
32000L0082,32000L0082,2000,Directive,Early 2000s,0,0,2,2,231,2,0.75,0.833333,0
32001L0082,32001L0082,2001,Directive,Early 2000s,0,12,0,12,231,0,0,0,0
32002R1605,32002R1605,2002,Regulation,Early 2000s,0,18,0,18,329,0,0,0,0
32003D0664,32003D0664,2003,Decision,Early 2000s,0,1,0,1,333,0,0,0,0
32003G0228(01),32003G022801,2003,Legislative_Act,Early 2000s,0,1,1,2,324,2,0.533333,0.5625,0
32003L0004,32003L0004,2003,Directive,Early 2000s,0,17,2,19,329,1,1,1,462.876341
32003R1745,32003R1745,2003,Regulation,Early 2000s,0,10,0,10,86,0,0,0,0
32003R1830,32003R1830,2003,Regulation,Early 2000s,0,4,6,10,333,1,1,1,1202.745728
32004D0033,32004D0033,2004,Decision,Early 2000s,0,0,14,14,84,3,0.540541,0.641667,0
32004L0039,32004L0039,2004,Directive,Early 2000s,0,29,0,29,280,0,0,0,0
32005D0456,32005D0456,2005,Decision,Late 2000s,0,1,5,6,329,2,0.608696,0.678571,5
32005D0928,32005D0928,2005,Decision,Late 2000s,0,1,0,1,324,0,0,0,0
32005L0029,32005L0029,2005,Directive,Late 2000s,0,14,6,20,331,2,0.625,0.7,792.859815
32006D0973,32006D0973,2006,Decision,Late 2000s,0,2,0,2,325,0,0,0,0
32006L0111,32006L0111,2006,Directive,Late 2000s,0,10,2,12,84,1,1,1,60.833333
32007D0256,32007D0256,2007,Decision,Late 2000s,0,1,19,20,84,1,1,1,19
32007D0480,32007D0480,2007,Decision,Late 2000s,0,1,0,1,300,0,0,0,0
32007D1350,32007D1350,2007,Decision,Late 2000s,0,5,0,5,329,0,0,0,0
32007R0172,32007R0172,2007,Regulation,Late 2000s,0,1,0,1,50,0,0,0,0
32008D0768,32008D0768,2008,Decision,Late 2000s,0,33,2,35,329,1,1,1,185.85859
32008E0749,32008E0749,2008,Legislative_Act,Late 2000s,0,1,0,1,330,0,0,0,0
32008L0038,32008L0038,2008,Directive,Late 2000s,0,2,0,2,333,0,0,0,0
32008L0118,32008L0118,2008,Directive,Late 2000s,0,5,0,5,331,0,0,0,0
32008R1260,32008R1260,2008,Regulation,Late 2000s,0,1,0,1,68,0,0,0,0
32009D0407,32009D0407,2009,Decision,Late 2000s,0,1,0,1,279,0,0,0,0
32009D0476,32009D0476,2009,Decision,Late 2000s,0,1,1,2,84,1,1,1,0.5
32009R0004,32009R0004,2009,Regulation,Late 2000s,0,3,5,8,331,2,0.777778,0.857143,865.416667
61983CJ0013,61983CJ0013,1983,Case_Law,Pre-Single European Act,0,1,0,1,17,0,0,0,0
61985CJ0310,61985CJ0310,1985,Case_Law,Pre-Single European Act,0,2,0,2,84,0,0,0,0
61989TJ0068,61989TJ0068,1989,Case_Law,Pre-Maastricht,0,1,0,1,266,0,0,0,0
61990CJ0179,61990CJ0179,1990,Case_Law,Pre-Maastricht,0,3,0,3,84,0,0,0,0
11957E054,11957E054,1957,Treaty,Pre-Treaty of Rome,0,2,0,2,280,0,0,0,0
11957E084,11957E084,1957,Treaty,Pre-Treaty of Rome,0,5,0,5,50,0,0,0,0
11957E092,11957E092,1957,Treaty,Pre-Treaty of Rome,0,2,0,2,266,0,0,0,0
11957E094,11957E094,1957,Treaty,Pre-Treaty of Rome,0,2,0,2,266,0,0,0,0
11957E113,11957E113,1957,Treaty,Pre-Treaty of Rome,0,2,0,2,59,0,0,0,0
11985I063,11985I063,1985,Treaty,Pre-Single European Act,0,1,0,1,265,0,0,0,0
11985I064,11985I064,1985,Treaty,Pre-Single European Act,0,1,0,1,265,0,0,0,0
11985I225,11985I225,1985,Treaty,Pre-Single European Act,0,1,0,1,265,0,0,0,0
11992E003,11992E003,1992,Treaty,Pre-Maastricht,0,2,0,2,324,0,0,0,0
11992E129,11992E129,1992,Treaty,Pre-Maastricht,0,2,0,2,177,0,0,0,0
11992E130J,11992E130J,1992,Treaty,Pre-Maastricht,0,1,0,1,177,0,0,0,0
11997E014,11997E014,1997,Treaty,1990s,0,1,0,1,331,0,0,0,0
12002E083,12002E083,2002,Treaty,Early 2000s,0,1,0,1,333,0,0,0,0
12002E111,12002E111,2002,Treaty,Early 2000s,0,1,0,1,280,0,0,0,0
12006E300,12006E300,2006,Treaty,Late 2000s,0,7,0,7,331,0,0,0,0
12006M/PRO/05,12006MPRO05,2006,Treaty,Late 2000s,0,1,0,1,330,0,0,0,0
31973L0238,31973L0238,1973,Directive,Pre-Single European Act,0,1,0,1,300,0,0,0,0
31975D0510,31975D0510,1975,Decision,Pre-Single European Act,0,1,0,1,17,0,0,0,0
31976R3164,31976R3164,1976,Regulation,Pre-Single European Act,0,1,0,1,17,0,0,0,0
31977D0587,31977D0587,1977,Decision,Pre-Single European Act,0,3,1,4,50,1,1,1,0
31986R4058R(01),31986R4058R01,1986,Regulation,Pre-Single European Act,0,0,1,1,50,3,0.5,0.566667,0
31988L0301,31988L0301,1988,Directive,Pre-Maastricht,0,1,0,1,266,0,0,0,0
31992L0030,31992L0030,1992,Directive,Pre-Maastricht,0,1,0,1,280,0,0,0,0
31992R1768,31992R1768,1992,Regulation,Pre-Maastricht,0,1,0,1,333,0,0,0,0
31993L0056,31993L0056,1993,Directive,1990s,0,1,0,1,333,0,0,0,0
31995L0046,31995L0046,1995,Directive,1990s,0,94,0,94,300,0,0,0,0
31995M0570,31995M0570,1995,Legislative_Act,1990s,0,1,1,2,266,1,1,1,0
31996D1692,31996D1692,1996,Decision,1990s,0,1,0,1,157,0,0,0,0
31996Y0705(02),31996Y070502,1996,Legislative_Act,1990s,0,1,0,1,177,0,0,0,0
31997L0078,31997L0078,1997,Directive,1990s,0,4,0,4,333,0,0,0,0
31998R0232,31998R0232,1998,Regulation,1990s,0,1,0,1,86,0,0,0,0
31999D0288,31999D0288,1999,Decision,1990s,0,1,0,1,84,0,0,0,0
31999L0021,31999L0021,1999,Directive,1990s,0,1,0,1,333,0,0,0,0
31999Y1203(02),31999Y120302,1999,Legislative_Act,1990s,0,1,0,1,266,0,0,0,0
32000D0383,32000D0383,2000,Decision,Early 2000s,0,1,0,1,280,0,0,0,0
32000L0026,32000L0026,2000,Directive,Early 2000s,0,3,0,3,280,0,0,0,0
32001L0041,32001L0041,2001,Directive,Early 2000s,0,1,0,1,231,0,0,0,0
32002D0928,32002D0928,2002,Decision,Early 2000s,0,1,0,1,231,0,0,0,0
32002F0584,32002F0584,2002,Legislative_Act,Early 2000s,0,13,4,17,331,1,1,1,239.07904
32002R1490,32002R1490,2002,Regulation,Early 2000s,0,5,1,6,231,1,1,1,0
32003D0565,32003D0565,2003,Decision,Early 2000s,0,1,0,1,231,0,0,0,0
32003H0311,32003H0311,2003,Legislative_Act,Early 2000s,0,1,0,1,22,0,0,0,0
32003L0055,32003L0055,2003,Directive,Early 2000s,0,4,0,4,210,0,0,0,0
32004D0587,32004D0587,2004,Decision,Early 2000s,0,1,0,1,231,0,0,0,0
32004R0156,32004R0156,2004,Regulation,Early 2000s,0,3,0,3,231,0,0,0,0
32004R0881,32004R0881,2004,Regulation,Early 2000s,0,5,0,5,84,0,0,0,0
32005D0592,32005D0592,2005,Decision,Late 2000s,0,1,0,1,300,0,0,0,0
32006E0242,32006E0242,2006,Legislative_Act,Late 2000s,0,1,2,3,330,2,0.666667,0.75,8
32006L0012,32006L0012,2006,Directive,Late 2000s,0,5,0,5,329,0,0,0,0
32006R1638,32006R1638,2006,Regulation,Late 2000s,0,1,0,1,325,0,0,0,0
32007D0623,32007D0623,2007,Decision,Late 2000s,0,1,0,1,333,0,0,0,0
32007O0009,32007O0009,2007,Legislative_Act,Late 2000s,0,2,0,2,86,0,0,0,0
32008D0049,32008D0049,2008,Decision,Late 2000s,0,3,0,3,300,0,0,0,0
32008D0386,32008D0386,2008,Decision,Late 2000s,0,2,0,2,84,0,0,0,0
32008E0348,32008E0348,2008,Legislative_Act,Late 2000s,0,0,2,2,330,2,0.75,0.833333,0
32008L0068,32008L0068,2008,Directive,Late 2000s,0,6,6,12,329,3,0.611111,0.742424,158.185412
32008R0987,32008R0987,2008,Regulation,Late 2000s,0,0,2,2,231,4,0.352617,0.382813,0
32009D0395,32009D0395,2009,Decision,Late 2000s,0,1,0,1,231,0,0,0,0
32009D0766,32009D0766,2009,Decision,Late 2000s,0,2,0,2,324,0,0,0,0
32009D0875,32009D0875,2009,Decision,Late 2000s,0,1,3,4,231,4,0.357923,0.391858,56.995671
32009R0069,32009R0069,2009,Regulation,Late 2000s,0,1,0,1,68,0,0,0,0
32009R0661,32009R0661,2009,Regulation,Late 2000s,0,2,0,2,329,0,0,0,0
61977CJ0080,61977CJ0080,1977,Case_Law,Pre-Single European Act,0,2,0,2,84,0,0,0,0
61993CJ0348,61993CJ0348,1993,Case_Law,1990s,0,1,0,1,84,0,0,0,0
61997CJ0204,61997CJ0204,1997,Case_Law,1990s,0,1,0,1,84,0,0,0,0
61998TJ0128,61998TJ0128,1998,Case_Law,1990s,0,10,0,10,84,0,0,0,0
61999CJ0334,61999CJ0334,1999,Case_Law,1990s,0,1,0,1,84,0,0,0,0
61999TJ0127,61999TJ0127,1999,Case_Law,1990s,0,4,0,4,84,0,0,0,0
62003CJ0286,62003CJ0286,2003,Case_Law,Early 2000s,0,1,0,1,17,0,0,0,0
62003TJ0388,62003TJ0388,2003,Case_Law,Early 2000s,0,1,0,1,84,0,0,0,0
11957A033,11957A033,1957,Treaty,Pre-Treaty of Rome,0,1,0,1,38,0,0,0,0
11957E,11957E,1957,Treaty,Pre-Treaty of Rome,0,12,0,12,17,0,0,0,0
11957E075,11957E075,1957,Treaty,Pre-Treaty of Rome,0,2,0,2,17,0,0,0,0
11957E103,11957E103,1957,Treaty,Pre-Treaty of Rome,0,1,0,1,115,0,0,0,0
11992E148,11992E148,1992,Treaty,Pre-Maastricht,0,8,0,8,324,0,0,0,0
11992E155,11992E155,1992,Treaty,Pre-Maastricht,0,1,0,1,231,0,0,0,0
11997E081,11997E081,1997,Treaty,1990s,0,4,0,4,266,0,0,0,0
11997E095,11997E095,1997,Treaty,1990s,0,8,0,8,231,0,0,0,0
12002E037,12002E037,2002,Treaty,Early 2000s,0,3,0,3,333,0,0,0,0
12002E308,12002E308,2002,Treaty,Early 2000s,0,3,0,3,329,0,0,0,0
12006M017,12006M017,2006,Treaty,Late 2000s,0,1,0,1,330,0,0,0,0
31958R0001,31958R0001,1958,Regulation,Pre-Single European Act,0,20,0,20,331,0,0,0,0
31962R0017,31962R0017,1962,Regulation,Pre-Single European Act,0,12,4,16,266,1,1,1,690
31973Y1220(01),31973Y122001,1973,Legislative_Act,Pre-Single European Act,0,1,0,1,59,0,0,0,0
31975R1798,31975R1798,1975,Regulation,Pre-Single European Act,0,2,0,2,56,0,0,0,0
31983L0228,31983L0228,1983,Directive,Pre-Single European Act,0,2,0,2,333,0,0,0,0
31984L0443,31984L0443,1984,Directive,Pre-Single European Act,0,1,0,1,333,0,0,0,0
31986L0530,31986L0530,1986,Directive,Pre-Single European Act,0,1,0,1,333,0,0,0,0
31989R0396,31989R0396,1989,Regulation,Pre-Maastricht,0,1,0,1,333,0,0,0,0
31994L0051,31994L0051,1994,Directive,1990s,0,1,0,1,329,0,0,0,0
31995L0062,31995L0062,1995,Directive,1990s,0,3,0,3,266,0,0,0,0
31997L0040,31997L0040,1997,Directive,1990s,0,1,0,1,333,0,0,0,0
31997L0066,31997L0066,1997,Directive,1990s,0,4,0,4,329,0,0,0,0
31997R1466,31997R1466,1997,Regulation,1990s,0,26,0,26,325,0,0,0,0
31997Y0920(01),31997Y092001,1997,Legislative_Act,1990s,0,0,5,5,324,2,0.631579,0.708333,0
31999D0437,31999D0437,1999,Decision,1990s,0,18,2,20,331,1,1,1,73.337302
31999R1265,31999R1265,1999,Regulation,1990s,0,1,0,1,266,0,0,0,0
32001D0844,32001D0844,2001,Decision,Early 2000s,0,9,0,9,300,0,0,0,0
32002D0731,32002D0731,2002,Decision,Early 2000s,0,1,0,1,157,0,0,0,0
32002L0047,32002L0047,2002,Directive,Early 2000s,0,12,12,24,280,2,0.928571,0.961538,2367.356084
32002L0064,32002L0064,2002,Directive,Early 2000s,0,1,0,1,280,0,0,0,0
32003D0100,32003D0100,2003,Decision,Early 2000s,0,1,0,1,333,0,0,0,0
32003D0370,32003D0370,2003,Decision,Early 2000s,0,0,2,2,231,1,1,1,0
32003L0071,32003L0071,2003,Directive,Early 2000s,0,9,0,9,280,0,0,0,0
32003R0008,32003R0008,2003,Regulation,Early 2000s,0,1,0,1,331,0,0,0,0
32003R1234,32003R1234,2003,Regulation,Early 2000s,0,1,1,2,333,1,1,1,1
32004D0217,32004D0217,2004,Decision,Early 2000s,0,1,0,1,333,0,0,0,0
32004D0292,32004D0292,2004,Decision,Early 2000s,0,4,0,4,231,0,0,0,0
32004R0794,32004R0794,2004,Regulation,Early 2000s,0,20,1,21,84,1,1,1,6.333333
32004R0853,32004R0853,2004,Regulation,Early 2000s,0,16,10,26,333,4,0.336996,0.395833,775.826343
32005L0014,32005L0014,2005,Directive,Late 2000s,0,1,0,1,280,0,0,0,0
32006D0066,32006D0066,2006,Decision,Late 2000s,0,2,0,2,157,0,0,0,0
32006R1168,32006R1168,2006,Regulation,Late 2000s,0,1,0,1,333,0,0,0,0
32007E0677,32007E0677,2007,Legislative_Act,Late 2000s,0,3,0,3,330,0,0,0,0
32007R0235,32007R0235,2007,Regulation,Late 2000s,0,3,0,3,333,0,0,0,0
32008D0975,32008D0975,2008,Decision,Late 2000s,0,1,0,1,330,0,0,0,0
32008D1348,32008D1348,2008,Decision,Late 2000s,0,1,0,1,231,0,0,0,0
32008L0006,32008L0006,2008,Directive,Late 2000s,0,2,8,10,324,3,0.461538,0.521605,112.033333
32009H0396,32009H0396,2009,Legislative_Act,Late 2000s,0,1,0,1,331,0,0,0,0
32009R0714,32009R0714,2009,Regulation,Late 2000s,0,14,0,14,210,0,0,0,0
32009R0839,32009R0839,2009,Regulation,Late 2000s,0,1,0,1,68,0,0,0,0
32009R1070,32009R1070,2009,Regulation,Late 2000s,0,1,0,1,177,0,0,0,0
61987CJ0301,61987CJ0301,1987,Case_Law,Pre-Maastricht,0,4,0,4,84,0,0,0,0
61999CJ0328,61999CJ0328,1999,Case_Law,1990s,0,6,0,6,84,0,0,0,0
62000CC0355,62000CC0355,2000,Case_Law,Early 2000s,0,1,0,1,84,0,0,0,0
62004CJ0222,62004CJ0222,2004,Case_Law,Early 2000s,0,11,0,11,84,0,0,0,0
11951K095,11951K095,1951,Treaty,Pre-Treaty of Rome,0,1,0,1,50,0,0,0,0
11957E057,11957E057,1957,Treaty,Pre-Treaty of Rome,0,4,0,4,333,0,0,0,0
11957E235,11957E235,1957,Treaty,Pre-Treaty of Rome,0,11,0,11,59,0,0,0,0
11992E169,11992E169,1992,Treaty,Pre-Maastricht,0,10,0,10,266,0,0,0,0
11997E163,11997E163,1997,Treaty,1990s,0,1,0,1,266,0,0,0,0
12002E013,12002E013,2002,Treaty,Early 2000s,0,3,0,3,329,0,0,0,0
12002M024,12002M024,2002,Treaty,Early 2000s,0,1,0,1,118,0,0,0,0
12006E080,12006E080,2006,Treaty,Late 2000s,0,9,0,9,331,0,0,0,0
12006E152,12006E152,2006,Treaty,Late 2000s,0,7,0,7,329,0,0,0,0
12008M/PRO/22,12008MPRO22,2008,Treaty,Late 2000s,0,1,0,1,330,0,0,0,0
31964L0433,31964L0433,1964,Directive,Pre-Single European Act,0,2,0,2,333,0,0,0,0
31992L0081,31992L0081,1992,Directive,Pre-Maastricht,0,2,0,2,157,0,0,0,0
31992R3932,31992R3932,1992,Regulation,Pre-Maastricht,0,1,0,1,266,0,0,0,0
31993L0042,31993L0042,1993,Directive,1990s,0,21,0,21,329,0,0,0,0
31993L0089,31993L0089,1993,Directive,1990s,0,1,0,1,157,0,0,0,0
31993Y0420(01),31993Y042001,1993,Legislative_Act,1990s,0,0,2,2,17,2,0.75,0.833333,0
31994D0821,31994D0821,1994,Decision,1990s,0,1,0,1,59,0,0,0,0
31995D0290,31995D0290,1995,Decision,1990s,0,1,0,1,59,0,0,0,0
31995L0069,31995L0069,1995,Directive,1990s,0,3,0,3,333,0,0,0,0
31998D0272,31998D0272,1998,Decision,1990s,0,1,0,1,77,0,0,0,0
31998R2533,31998R2533,1998,Regulation,1990s,0,28,3,31,86,1,1,1,1075.315313
31999R0659,31999R0659,1999,Regulation,1990s,0,24,0,24,84,0,0,0,0
32002L0020,32002L0020,2002,Directive,Early 2000s,0,13,0,13,324,0,0,0,0
32003L0059,32003L0059,2003,Directive,Early 2000s,0,3,0,3,231,0,0,0,0
32003R0058,32003R0058,2003,Regulation,Early 2000s,0,5,6,11,331,2,0.875,0.928571,674.89812
32004D0010,32004D0010,2004,Decision,Early 2000s,0,1,0,1,280,0,0,0,0
32004E0161,32004E0161,2004,Legislative_Act,Early 2000s,0,3,0,3,300,0,0,0,0
32004L0116,32004L0116,2004,Directive,Early 2000s,0,1,0,1,333,0,0,0,0
32004R0261,32004R0261,2004,Regulation,Early 2000s,0,2,3,5,333,1,1,1,94.438889
32004R2182,32004R2182,2004,Regulation,Early 2000s,0,1,0,1,280,0,0,0,0
32005L0068,32005L0068,2005,Directive,Late 2000s,0,7,0,7,280,0,0,0,0
32005R1003,32005R1003,2005,Regulation,Late 2000s,0,2,0,2,333,0,0,0,0
32006L0049,32006L0049,2006,Directive,Late 2000s,0,9,0,9,280,0,0,0,0
32006R1794,32006R1794,2006,Regulation,Late 2000s,0,1,0,1,177,0,0,0,0
32006R1893,32006R1893,2006,Regulation,Late 2000s,0,7,2,9,210,1,1,1,55.505445
32007D0124,32007D0124,2007,Decision,Late 2000s,0,2,0,2,325,0,0,0,0
32007E0245,32007E0245,2007,Legislative_Act,Late 2000s,0,1,0,1,330,0,0,0,0
32007L0066,32007L0066,2007,Directive,Late 2000s,0,1,8,9,324,2,0.7,0.785714,17.441758
32008E0632,32008E0632,2008,Legislative_Act,Late 2000s,0,1,0,1,300,0,0,0,0
32009D0455,32009D0455,2009,Decision,Late 2000s,0,2,0,2,231,0,0,0,0
32009L0048,32009L0048,2009,Directive,Late 2000s,0,7,9,16,329,4,0.369863,0.419753,143.576733
32009R0024,32009R0024,2009,Regulation,Late 2000s,0,2,0,2,86,0,0,0,0
32009R1107,32009R1107,2009,Regulation,Late 2000s,0,43,12,55,231,4,0.52439,0.610465,2920.627293
61973CJ0127,61973CJ0127,1973,Case_Law,Pre-Single European Act,0,3,0,3,84,0,0,0,0
61986CO0062,61986CO0062,1986,Case_Law,Pre-Single European Act,0,1,0,1,266,0,0,0,0
61989TJ0128,61989TJ0128,1989,Case_Law,Pre-Maastricht,0,2,0,2,84,0,0,0,0
61990CJ0364,61990CJ0364,1990,Case_Law,Pre-Maastricht,0,6,0,6,84,0,0,0,0
61994CJ0241,61994CJ0241,1994,Case_Law,1990s,0,3,0,3,84,0,0,0,0
61997CJ0006,61997CJ0006,1997,Case_Law,1990s,0,3,0,3,84,0,0,0,0
61997CJ0200,61997CJ0200,1997,Case_Law,1990s,0,3,0,3,84,0,0,0,0
62001TJ0301,62001TJ0301,2001,Case_Law,Early 2000s,0,1,0,1,84,0,0,0,0
62003CJ0088,62003CJ0088,2003,Case_Law,Early 2000s,0,7,0,7,84,0,0,0,0
