id:ID,url,name,eurovoc_concepts:STRING[],domains:STRING[],subdomains:STRING[],:LABEL
http://eurovoc.europa.eu/100150,http://eurovoc.europa.eu/100150,32 EDUCATION AND COMMUNICATIONS,32 EDUCATION AND COMMUNICATIONS,32 EDUCATION AND COMMUNICATIONS,,EurovocConcept;Domain
http://eurovoc.europa.eu/100154,http://eurovoc.europa.eu/100154,48 TRANSPORT,48 TRANSPORT,48 TRANSPORT,,EurovocConcept;Domain
http://eurovoc.europa.eu/100156,http://eurovoc.europa.eu/100156,"56 AGRICULTURE, FORESTRY AND FISHERIES","56 AGRICULTURE, FORESTRY AND FISHERIES","56 AGRICULTURE, FORESTRY AND FISHERIES",,EurovocConcept;Domain
http://eurovoc.europa.eu/100157,http://eurovoc.europa.eu/100157,60 AGRI-FOODSTUFFS,60 AGRI-FOODSTUFFS,60 AGRI-FOODSTUFFS,,EurovocConcept;Domain
http://eurovoc.europa.eu/100158,http://eurovoc.europa.eu/100158,"64 PRODUCTION, TECHNOLOGY AND RESEARCH","64 PRODUCTION, TECHNOLOGY AND RESEARCH","64 PRODUCTION, TECHNOLOGY AND RESEARCH",,EurovocConcept;Domain
http://eurovoc.europa.eu/100159,http://eurovoc.europa.eu/100159,66 ENERGY,66 ENERGY,66 ENERGY,,EurovocConcept;Domain
http://eurovoc.europa.eu/100168,http://eurovoc.europa.eu/100168,0431 politics and public safety,04 POLITICS;0431 politics and public safety,04 POLITICS,0431 politics and public safety,EurovocConcept;SubDomain
http://eurovoc.europa.eu/100172,http://eurovoc.europa.eu/100172,0816 international security,0816 international security;08 INTERNATIONAL RELATIONS,08 INTERNATIONAL RELATIONS,0816 international security,EurovocConcept;SubDomain
http://eurovoc.europa.eu/100173,http://eurovoc.europa.eu/100173,0821 defence,0821 defence;08 INTERNATIONAL RELATIONS,08 INTERNATIONAL RELATIONS,0821 defence,EurovocConcept;SubDomain
http://eurovoc.europa.eu/100200,http://eurovoc.europa.eu/100200,2416 financial institutions and credit,2416 financial institutions and credit;24 FINANCE,24 FINANCE,2416 financial institutions and credit,EurovocConcept;SubDomain
http://eurovoc.europa.eu/100201,http://eurovoc.europa.eu/100201,2421 free movement of capital,24 FINANCE;2421 free movement of capital,24 FINANCE,2421 free movement of capital,EurovocConcept;SubDomain
http://eurovoc.europa.eu/100203,http://eurovoc.europa.eu/100203,2431 insurance,2431 insurance;24 FINANCE,24 FINANCE,2431 insurance,EurovocConcept;SubDomain
http://eurovoc.europa.eu/100215,http://eurovoc.europa.eu/100215,2841 health,28 SOCIAL QUESTIONS;2841 health,28 SOCIAL QUESTIONS,2841 health,EurovocConcept;SubDomain
http://eurovoc.europa.eu/100221,http://eurovoc.europa.eu/100221,3226 communications,32 EDUCATION AND COMMUNICATIONS;3226 communications,32 EDUCATION AND COMMUNICATIONS,3226 communications,EurovocConcept;SubDomain
http://eurovoc.europa.eu/100223,http://eurovoc.europa.eu/100223,3236 information technology and data processing,32 EDUCATION AND COMMUNICATIONS;3236 information technology and data processing,32 EDUCATION AND COMMUNICATIONS,3236 information technology and data processing,EurovocConcept;SubDomain
http://eurovoc.europa.eu/100237,http://eurovoc.europa.eu/100237,4806 transport policy,4806 transport policy;48 TRANSPORT,48 TRANSPORT,4806 transport policy,EurovocConcept;SubDomain
http://eurovoc.europa.eu/100238,http://eurovoc.europa.eu/100238,4811 organisation of transport,4811 organisation of transport;48 TRANSPORT,48 TRANSPORT,4811 organisation of transport,EurovocConcept;SubDomain
http://eurovoc.europa.eu/100239,http://eurovoc.europa.eu/100239,4816 land transport,4816 land transport;48 TRANSPORT,48 TRANSPORT,4816 land transport,EurovocConcept;SubDomain
http://eurovoc.europa.eu/100240,http://eurovoc.europa.eu/100240,4821 maritime and inland waterway transport,4821 maritime and inland waterway transport;48 TRANSPORT,48 TRANSPORT,4821 maritime and inland waterway transport,EurovocConcept;SubDomain
http://eurovoc.europa.eu/100241,http://eurovoc.europa.eu/100241,4826 air and space transport,4826 air and space transport;48 TRANSPORT,48 TRANSPORT,4826 air and space transport,EurovocConcept;SubDomain
http://eurovoc.europa.eu/100247,http://eurovoc.europa.eu/100247,5616 farming systems,"5616 farming systems;56 AGRICULTURE, FORESTRY AND FISHERIES","56 AGRICULTURE, FORESTRY AND FISHERIES",5616 farming systems,EurovocConcept;SubDomain
http://eurovoc.europa.eu/100257,http://eurovoc.europa.eu/100257,6026 foodstuff,60 AGRI-FOODSTUFFS;6026 foodstuff,60 AGRI-FOODSTUFFS,6026 foodstuff,EurovocConcept;SubDomain
http://eurovoc.europa.eu/100258,http://eurovoc.europa.eu/100258,6031 agri-foodstuffs,6031 agri-foodstuffs;60 AGRI-FOODSTUFFS,60 AGRI-FOODSTUFFS,6031 agri-foodstuffs,EurovocConcept;SubDomain
http://eurovoc.europa.eu/100259,http://eurovoc.europa.eu/100259,6036 food technology,60 AGRI-FOODSTUFFS;6036 food technology,60 AGRI-FOODSTUFFS,6036 food technology,EurovocConcept;SubDomain
http://eurovoc.europa.eu/100261,http://eurovoc.europa.eu/100261,6411 technology and technical regulations,"64 PRODUCTION, TECHNOLOGY AND RESEARCH;6411 technology and technical regulations","64 PRODUCTION, TECHNOLOGY AND RESEARCH",6411 technology and technical regulations,EurovocConcept;SubDomain
http://eurovoc.europa.eu/100262,http://eurovoc.europa.eu/100262,6416 research and intellectual property,"64 PRODUCTION, TECHNOLOGY AND RESEARCH;6416 research and intellectual property","64 PRODUCTION, TECHNOLOGY AND RESEARCH",6416 research and intellectual property,EurovocConcept;SubDomain
http://eurovoc.europa.eu/100263,http://eurovoc.europa.eu/100263,6606 energy policy,66 ENERGY;6606 energy policy,66 ENERGY,6606 energy policy,EurovocConcept;SubDomain
http://eurovoc.europa.eu/100267,http://eurovoc.europa.eu/100267,6626 soft energy,6626 soft energy;66 ENERGY,66 ENERGY,6626 soft energy,EurovocConcept;SubDomain
http://eurovoc.europa.eu/100272,http://eurovoc.europa.eu/100272,6826 electronics and electrical engineering,6826 electronics and electrical engineering;68 INDUSTRY,68 INDUSTRY,6826 electronics and electrical engineering,EurovocConcept;SubDomain
http://eurovoc.europa.eu/1010,http://eurovoc.europa.eu/1010,export financing,export policy;export financing;20 TRADE;2006 trade policy,20 TRADE,2006 trade policy,EurovocConcept
http://eurovoc.europa.eu/1056,http://eurovoc.europa.eu/1056,European Regional Development Fund,fund (EU);EU financing;European Regional Development Fund;EU financial instrument;10 EUROPEAN UNION;1021 EU finance;Structural Funds,10 EUROPEAN UNION,1021 EU finance,EurovocConcept
http://eurovoc.europa.eu/1084,http://eurovoc.europa.eu/1084,pharmaceutical expenses,28 SOCIAL QUESTIONS;health expenditure;2841 health;health policy;pharmaceutical expenses,28 SOCIAL QUESTIONS,2841 health,EurovocConcept
http://eurovoc.europa.eu/1130,http://eurovoc.europa.eu/1130,credit guarantee,credit policy;2416 financial institutions and credit;credit guarantee;24 FINANCE,24 FINANCE,2416 financial institutions and credit,EurovocConcept
http://eurovoc.europa.eu/1175,http://eurovoc.europa.eu/1175,food fat,food fat;fats;60 AGRI-FOODSTUFFS;6016 processed agricultural produce,60 AGRI-FOODSTUFFS,6016 processed agricultural produce,EurovocConcept
http://eurovoc.europa.eu/1181,http://eurovoc.europa.eu/1181,free medical care,28 SOCIAL QUESTIONS;2841 health;health policy;free medical care;health care system,28 SOCIAL QUESTIONS,2841 health,EurovocConcept
http://eurovoc.europa.eu/1240,http://eurovoc.europa.eu/1240,baby food,60 AGRI-FOODSTUFFS;baby food;processed food product;6026 foodstuff,60 AGRI-FOODSTUFFS,6026 foodstuff,EurovocConcept
http://eurovoc.europa.eu/1250,http://eurovoc.europa.eu/1250,prepared foodstuff,60 AGRI-FOODSTUFFS;prepared foodstuff;processed food product;6026 foodstuff,60 AGRI-FOODSTUFFS,6026 foodstuff,EurovocConcept
http://eurovoc.europa.eu/1258,http://eurovoc.europa.eu/1258,processed foodstuff,60 AGRI-FOODSTUFFS;processed foodstuff;6026 foodstuff,60 AGRI-FOODSTUFFS,6026 foodstuff,EurovocConcept
http://eurovoc.europa.eu/1279,http://eurovoc.europa.eu/1279,food hygiene,28 SOCIAL QUESTIONS;food hygiene;nutrition;2841 health,28 SOCIAL QUESTIONS,2841 health,EurovocConcept
http://eurovoc.europa.eu/1309,http://eurovoc.europa.eu/1309,import,import;20 TRADE;2016 trade;trading operation,20 TRADE,2016 trade,EurovocConcept
http://eurovoc.europa.eu/132,http://eurovoc.europa.eu/132,food preserving,food technology;60 AGRI-FOODSTUFFS;6036 food technology;food preserving,60 AGRI-FOODSTUFFS,6036 food technology,EurovocConcept
http://eurovoc.europa.eu/1341,http://eurovoc.europa.eu/1341,insurance indemnity,2431 insurance;insurance contract;24 FINANCE;insurance;insurance indemnity,24 FINANCE,2431 insurance,EurovocConcept
http://eurovoc.europa.eu/1360,http://eurovoc.europa.eu/1360,food industry,6031 agri-foodstuffs;60 AGRI-FOODSTUFFS;food industry,60 AGRI-FOODSTUFFS,6031 agri-foodstuffs,EurovocConcept
http://eurovoc.europa.eu/1370,http://eurovoc.europa.eu/1370,communications industry,communications industry;32 EDUCATION AND COMMUNICATIONS;3226 communications,32 EDUCATION AND COMMUNICATIONS,3226 communications,EurovocConcept
http://eurovoc.europa.eu/1376,http://eurovoc.europa.eu/1376,advanced technology industry,advanced technology industry;6806 industrial structures and policy;68 INDUSTRY;industrial structures,68 INDUSTRY,6806 industrial structures and policy,EurovocConcept
http://eurovoc.europa.eu/1385,http://eurovoc.europa.eu/1385,telecommunications industry,communications industry;32 EDUCATION AND COMMUNICATIONS;telecommunications industry;3226 communications,32 EDUCATION AND COMMUNICATIONS,3226 communications,EurovocConcept
http://eurovoc.europa.eu/140,http://eurovoc.europa.eu/140,food consumption,2026 consumption;food consumption;20 TRADE;consumption,20 TRADE,2026 consumption,EurovocConcept
http://eurovoc.europa.eu/1400,http://eurovoc.europa.eu/1400,electronics industry,6826 electronics and electrical engineering;electronics industry;68 INDUSTRY,68 INDUSTRY,6826 electronics and electrical engineering,EurovocConcept
http://eurovoc.europa.eu/1402,http://eurovoc.europa.eu/1402,export industry,6806 industrial structures and policy;export industry;68 INDUSTRY;industrial structures,68 INDUSTRY,6806 industrial structures and policy,EurovocConcept
http://eurovoc.europa.eu/1405,http://eurovoc.europa.eu/1405,information technology industry,information technology industry;32 EDUCATION AND COMMUNICATIONS;3236 information technology and data processing,32 EDUCATION AND COMMUNICATIONS,3236 information technology and data processing,EurovocConcept
http://eurovoc.europa.eu/1415,http://eurovoc.europa.eu/1415,pharmaceutical industry,28 SOCIAL QUESTIONS;pharmaceutical industry;2841 health,28 SOCIAL QUESTIONS,2841 health,EurovocConcept
http://eurovoc.europa.eu/142,http://eurovoc.europa.eu/142,energy consumption,energy policy;66 ENERGY;energy consumption;6606 energy policy;energy market,66 ENERGY,6606 energy policy,EurovocConcept
http://eurovoc.europa.eu/1431,http://eurovoc.europa.eu/1431,medical computing,computer systems;32 EDUCATION AND COMMUNICATIONS;medical computing;computer applications;3236 information technology and data processing,32 EDUCATION AND COMMUNICATIONS,3236 information technology and data processing,EurovocConcept
http://eurovoc.europa.eu/1433,http://eurovoc.europa.eu/1433,transport infrastructure,transport policy;transport infrastructure;4806 transport policy;48 TRANSPORT,48 TRANSPORT,4806 transport policy,EurovocConcept
http://eurovoc.europa.eu/1434,http://eurovoc.europa.eu/1434,industrial infrastructure,industrial policy;6806 industrial structures and policy;industrial infrastructure;68 INDUSTRY,68 INDUSTRY,6806 industrial structures and policy,EurovocConcept
http://eurovoc.europa.eu/1439,http://eurovoc.europa.eu/1439,innovation,"64 PRODUCTION, TECHNOLOGY AND RESEARCH;innovation;6416 research and intellectual property;research","64 PRODUCTION, TECHNOLOGY AND RESEARCH",6416 research and intellectual property,EurovocConcept
http://eurovoc.europa.eu/1441,http://eurovoc.europa.eu/1441,failure to report for duty,national service;0821 defence;08 INTERNATIONAL RELATIONS;armed forces;failure to report for duty,08 INTERNATIONAL RELATIONS,0821 defence,EurovocConcept
http://eurovoc.europa.eu/1442,http://eurovoc.europa.eu/1442,food inspection,28 SOCIAL QUESTIONS;foodstuffs legislation;nutrition;2841 health;food inspection,28 SOCIAL QUESTIONS,2841 health,EurovocConcept
http://eurovoc.europa.eu/1452,http://eurovoc.europa.eu/1452,financial institution,2416 financial institutions and credit;24 FINANCE;financial institution,24 FINANCE,2416 financial institutions and credit,EurovocConcept
http://eurovoc.europa.eu/1459,http://eurovoc.europa.eu/1459,financial instrument,financial instrument;24 FINANCE;financial market;2421 free movement of capital,24 FINANCE,2421 free movement of capital,EurovocConcept
http://eurovoc.europa.eu/1460,http://eurovoc.europa.eu/1460,EU financial instrument,EU financing;EU financial instrument;10 EUROPEAN UNION;1021 EU finance,10 EUROPEAN UNION,1021 EU finance,EurovocConcept
http://eurovoc.europa.eu/1485,http://eurovoc.europa.eu/1485,financial intervention,24 FINANCE;financial market;2421 free movement of capital;financial intervention,24 FINANCE,2421 free movement of capital,EurovocConcept
http://eurovoc.europa.eu/1492,http://eurovoc.europa.eu/1492,foreign investment,investment;2426 financing and investment;24 FINANCE;foreign investment,24 FINANCE,2426 financing and investment,EurovocConcept
http://eurovoc.europa.eu/1513,http://eurovoc.europa.eu/1513,forestry development,"forestry development;forestry policy;56 AGRICULTURE, FORESTRY AND FISHERIES;5636 forestry","56 AGRICULTURE, FORESTRY AND FISHERIES",5636 forestry,EurovocConcept
http://eurovoc.europa.eu/1534,http://eurovoc.europa.eu/1534,water management in agriculture,"5621 cultivation of agricultural land;cultivation techniques;water management in agriculture;soil improvement;56 AGRICULTURE, FORESTRY AND FISHERIES","56 AGRICULTURE, FORESTRY AND FISHERIES",5621 cultivation of agricultural land,EurovocConcept
http://eurovoc.europa.eu/1544,http://eurovoc.europa.eu/1544,military court,legal system;military court;12 LAW;ordinary court of law;1226 organisation of the legal system,12 LAW,1226 organisation of the legal system,EurovocConcept
http://eurovoc.europa.eu/1590,http://eurovoc.europa.eu/1590,foodstuffs legislation,28 SOCIAL QUESTIONS;foodstuffs legislation;nutrition;2841 health,28 SOCIAL QUESTIONS,2841 health,EurovocConcept
http://eurovoc.europa.eu/1594,http://eurovoc.europa.eu/1594,pharmaceutical legislation,28 SOCIAL QUESTIONS;pharmaceutical legislation;organisation of health care;2841 health;health policy,28 SOCIAL QUESTIONS,2841 health,EurovocConcept
http://eurovoc.europa.eu/1595,http://eurovoc.europa.eu/1595,plant health legislation,"agricultural policy;5606 agricultural policy;56 AGRICULTURE, FORESTRY AND FISHERIES;plant health legislation","56 AGRICULTURE, FORESTRY AND FISHERIES",5606 agricultural policy,EurovocConcept
http://eurovoc.europa.eu/1596,http://eurovoc.europa.eu/1596,health legislation,28 SOCIAL QUESTIONS;public health;organisation of health care;health legislation;2841 health;health policy,28 SOCIAL QUESTIONS,2841 health,EurovocConcept
http://eurovoc.europa.eu/1600,http://eurovoc.europa.eu/1600,self-defence,criminal liability;1216 criminal law;12 LAW;self-defence;mitigating circumstances,12 LAW,1216 criminal law,EurovocConcept
http://eurovoc.europa.eu/1621,http://eurovoc.europa.eu/1621,freedom of communication,freedom of communication;12 LAW;political rights;1236 rights and freedoms,12 LAW,1236 rights and freedoms,EurovocConcept
http://eurovoc.europa.eu/1630,http://eurovoc.europa.eu/1630,free movement of capital,24 FINANCE;free movement of capital;2421 free movement of capital,24 FINANCE,2421 free movement of capital,EurovocConcept
http://eurovoc.europa.eu/1642,http://eurovoc.europa.eu/1642,export licence,2011 tariff policy;customs document;customs regulations;export licence;20 TRADE,20 TRADE,2011 tariff policy,EurovocConcept
http://eurovoc.europa.eu/1644,http://eurovoc.europa.eu/1644,import licence,import licence;2011 tariff policy;customs document;customs regulations;20 TRADE,20 TRADE,2011 tariff policy,EurovocConcept
http://eurovoc.europa.eu/1645,http://eurovoc.europa.eu/1645,transport licence,transport regulations;4806 transport policy;48 TRANSPORT;transport licence,48 TRANSPORT,4806 transport policy,EurovocConcept
http://eurovoc.europa.eu/165,http://eurovoc.europa.eu/165,insurance contract,2431 insurance;insurance contract;24 FINANCE;insurance,24 FINANCE,2431 insurance,EurovocConcept
http://eurovoc.europa.eu/1655,http://eurovoc.europa.eu/1655,transport lines,transport network;4811 organisation of transport;transport lines;organisation of transport;48 TRANSPORT,48 TRANSPORT,4811 organisation of transport,EurovocConcept
http://eurovoc.europa.eu/1685,http://eurovoc.europa.eu/1685,energy site,energy policy;66 ENERGY;energy site;6606 energy policy,66 ENERGY,6606 energy policy,EurovocConcept
http://eurovoc.europa.eu/175,http://eurovoc.europa.eu/175,control of communications,communications policy;control of communications;32 EDUCATION AND COMMUNICATIONS;3226 communications,32 EDUCATION AND COMMUNICATIONS,3226 communications,EurovocConcept
http://eurovoc.europa.eu/1804,http://eurovoc.europa.eu/1804,financial market,24 FINANCE;financial market;2421 free movement of capital,24 FINANCE,2421 free movement of capital,EurovocConcept
http://eurovoc.europa.eu/181,http://eurovoc.europa.eu/181,food control,28 SOCIAL QUESTIONS;foodstuffs legislation;nutrition;2841 health;food control,28 SOCIAL QUESTIONS,2841 health,EurovocConcept
http://eurovoc.europa.eu/1849,http://eurovoc.europa.eu/1849,mechanisation of agriculture,"mechanisation of agriculture;agricultural policy;5606 agricultural policy;56 AGRICULTURE, FORESTRY AND FISHERIES","56 AGRICULTURE, FORESTRY AND FISHERIES",5606 agricultural policy,EurovocConcept
http://eurovoc.europa.eu/1851,http://eurovoc.europa.eu/1851,support mechanism,EU financing;EU financial instrument;10 EUROPEAN UNION;support mechanism;1021 EU finance,10 EUROPEAN UNION,1021 EU finance,EurovocConcept
http://eurovoc.europa.eu/189,http://eurovoc.europa.eu/189,financial control,financial control;2441 budget;24 FINANCE;implementation of the budget,24 FINANCE,2441 budget,EurovocConcept
http://eurovoc.europa.eu/1890,http://eurovoc.europa.eu/1890,share farming,"type of tenure;5616 farming systems;share farming;56 AGRICULTURE, FORESTRY AND FISHERIES","56 AGRICULTURE, FORESTRY AND FISHERIES",5616 farming systems,EurovocConcept
http://eurovoc.europa.eu/1894,http://eurovoc.europa.eu/1894,research method,"64 PRODUCTION, TECHNOLOGY AND RESEARCH;6416 research and intellectual property;research;research method","64 PRODUCTION, TECHNOLOGY AND RESEARCH",6416 research and intellectual property,EurovocConcept
http://eurovoc.europa.eu/191,http://eurovoc.europa.eu/191,plant health control,"agricultural policy;plant health control;5606 agricultural policy;56 AGRICULTURE, FORESTRY AND FISHERIES;plant health legislation","56 AGRICULTURE, FORESTRY AND FISHERIES",5606 agricultural policy,EurovocConcept
http://eurovoc.europa.eu/192,http://eurovoc.europa.eu/192,health control,28 SOCIAL QUESTIONS;public health;organisation of health care;2841 health;health policy;health control,28 SOCIAL QUESTIONS,2841 health,EurovocConcept
http://eurovoc.europa.eu/195,http://eurovoc.europa.eu/195,airport,air transport;4826 air and space transport;airport;48 TRANSPORT,48 TRANSPORT,4826 air and space transport,EurovocConcept
http://eurovoc.europa.eu/1954,http://eurovoc.europa.eu/1954,mode of transport,4811 organisation of transport;mode of transport;48 TRANSPORT,48 TRANSPORT,4811 organisation of transport,EurovocConcept
http://eurovoc.europa.eu/2002,http://eurovoc.europa.eu/2002,capital movement,capital movement;24 FINANCE;free movement of capital;2421 free movement of capital,24 FINANCE,2421 free movement of capital,EurovocConcept
http://eurovoc.europa.eu/2012,http://eurovoc.europa.eu/2012,means of communication,means of communication;32 EDUCATION AND COMMUNICATIONS;3226 communications,32 EDUCATION AND COMMUNICATIONS,3226 communications,EurovocConcept
http://eurovoc.europa.eu/2015,http://eurovoc.europa.eu/2015,means of transport,means of transport;4811 organisation of transport;48 TRANSPORT,48 TRANSPORT,4811 organisation of transport,EurovocConcept
http://eurovoc.europa.eu/203,http://eurovoc.europa.eu/203,energy conversion,66 ENERGY;energy conversion;energy industry;6606 energy policy,66 ENERGY,6606 energy policy,EurovocConcept
http://eurovoc.europa.eu/2078,http://eurovoc.europa.eu/2078,food standard,28 SOCIAL QUESTIONS;food standard;foodstuffs legislation;nutrition;2841 health,28 SOCIAL QUESTIONS,2841 health,EurovocConcept
http://eurovoc.europa.eu/21067,http://eurovoc.europa.eu/21067,climate security,climate security;international security;0816 international security;08 INTERNATIONAL RELATIONS,08 INTERNATIONAL RELATIONS,0816 international security,EurovocConcept
http://eurovoc.europa.eu/211,http://eurovoc.europa.eu/211,financial cooperation,cooperation policy;08 INTERNATIONAL RELATIONS;financial cooperation;0811 cooperation policy,08 INTERNATIONAL RELATIONS,0811 cooperation policy,EurovocConcept
http://eurovoc.europa.eu/2127,http://eurovoc.europa.eu/2127,available energy,available energy;energy policy;66 ENERGY;6606 energy policy;energy market,66 ENERGY,6606 energy policy,EurovocConcept
http://eurovoc.europa.eu/2149,http://eurovoc.europa.eu/2149,banking,2416 financial institutions and credit;banking;24 FINANCE,24 FINANCE,2416 financial institutions and credit,EurovocConcept
http://eurovoc.europa.eu/2162,http://eurovoc.europa.eu/2162,public order,public order;04 POLITICS;0431 politics and public safety;public safety,04 POLITICS,0431 politics and public safety,EurovocConcept
http://eurovoc.europa.eu/218,http://eurovoc.europa.eu/218,military cooperation,cooperation policy;military cooperation;08 INTERNATIONAL RELATIONS;0811 cooperation policy,08 INTERNATIONAL RELATIONS,0811 cooperation policy,EurovocConcept
http://eurovoc.europa.eu/2181,http://eurovoc.europa.eu/2181,organisation of transport,4811 organisation of transport;organisation of transport;48 TRANSPORT,48 TRANSPORT,4811 organisation of transport,EurovocConcept
http://eurovoc.europa.eu/2256,http://eurovoc.europa.eu/2256,solar energy end-use applications,solar energy;soft energy;6626 soft energy;66 ENERGY;solar energy end-use applications,66 ENERGY,6626 soft energy,EurovocConcept
http://eurovoc.europa.eu/2271,http://eurovoc.europa.eu/2271,passport,passport;identity document;1231 international law;12 LAW;private international law,12 LAW,1231 international law,EurovocConcept
http://eurovoc.europa.eu/2272,http://eurovoc.europa.eu/2272,European passport,passport;identity document;1231 international law;European passport;12 LAW;private international law,12 LAW,1231 international law,EurovocConcept
http://eurovoc.europa.eu/230,http://eurovoc.europa.eu/230,credit union,2416 financial institutions and credit;bank;24 FINANCE;financial institution;credit union;cooperative bank,24 FINANCE,2416 financial institutions and credit,EurovocConcept
http://eurovoc.europa.eu/2312,http://eurovoc.europa.eu/2312,energy supply,energy policy;66 ENERGY;energy supply;6606 energy policy;energy market,66 ENERGY,6606 energy policy,EurovocConcept
http://eurovoc.europa.eu/2318,http://eurovoc.europa.eu/2318,food shortage,28 SOCIAL QUESTIONS;food shortage;nutrition;2841 health,28 SOCIAL QUESTIONS,2841 health,EurovocConcept
http://eurovoc.europa.eu/2319,http://eurovoc.europa.eu/2319,financial equalisation,2436 public finance and budget policy;public finance;financial equalisation;24 FINANCE,24 FINANCE,2436 public finance and budget policy,EurovocConcept
http://eurovoc.europa.eu/2350,http://eurovoc.europa.eu/2350,transport staff,4811 organisation of transport;organisation of transport;48 TRANSPORT;transport staff,48 TRANSPORT,4811 organisation of transport,EurovocConcept
http://eurovoc.europa.eu/2384,http://eurovoc.europa.eu/2384,fish farming,"aquaculture;fish farming;5641 fisheries;56 AGRICULTURE, FORESTRY AND FISHERIES","56 AGRICULTURE, FORESTRY AND FISHERIES",5641 fisheries,EurovocConcept
http://eurovoc.europa.eu/2400,http://eurovoc.europa.eu/2400,transport planning,transport policy;4806 transport policy;48 TRANSPORT;transport planning,48 TRANSPORT,4806 transport policy,EurovocConcept
http://eurovoc.europa.eu/2403,http://eurovoc.europa.eu/2403,financial planning,2436 public finance and budget policy;budget policy;financial planning;24 FINANCE,24 FINANCE,2436 public finance and budget policy,EurovocConcept
http://eurovoc.europa.eu/2446,http://eurovoc.europa.eu/2446,food policy,28 SOCIAL QUESTIONS;nutrition;2841 health;food policy,28 SOCIAL QUESTIONS,2841 health,EurovocConcept
http://eurovoc.europa.eu/2447,http://eurovoc.europa.eu/2447,banking policy,2416 financial institutions and credit;banking;24 FINANCE;banking policy,24 FINANCE,2416 financial institutions and credit,EurovocConcept
http://eurovoc.europa.eu/2457,http://eurovoc.europa.eu/2457,common transport policy,transport policy;common transport policy;4806 transport policy;48 TRANSPORT,48 TRANSPORT,4806 transport policy,EurovocConcept
http://eurovoc.europa.eu/2464,http://eurovoc.europa.eu/2464,defence policy,0821 defence;08 INTERNATIONAL RELATIONS;defence policy,08 INTERNATIONAL RELATIONS,0821 defence,EurovocConcept
http://eurovoc.europa.eu/2473,http://eurovoc.europa.eu/2473,communications policy,communications policy;32 EDUCATION AND COMMUNICATIONS;3226 communications,32 EDUCATION AND COMMUNICATIONS,3226 communications,EurovocConcept
http://eurovoc.europa.eu/2478,http://eurovoc.europa.eu/2478,research policy,"64 PRODUCTION, TECHNOLOGY AND RESEARCH;research policy;6416 research and intellectual property","64 PRODUCTION, TECHNOLOGY AND RESEARCH",6416 research and intellectual property,EurovocConcept
http://eurovoc.europa.eu/2479,http://eurovoc.europa.eu/2479,health policy,28 SOCIAL QUESTIONS;2841 health;health policy,28 SOCIAL QUESTIONS,2841 health,EurovocConcept
http://eurovoc.europa.eu/2487,http://eurovoc.europa.eu/2487,export policy,export policy;20 TRADE;2006 trade policy,20 TRADE,2006 trade policy,EurovocConcept
http://eurovoc.europa.eu/2488,http://eurovoc.europa.eu/2488,import policy,import policy;20 TRADE;2006 trade policy,20 TRADE,2006 trade policy,EurovocConcept
http://eurovoc.europa.eu/2494,http://eurovoc.europa.eu/2494,transport policy,transport policy;4806 transport policy;48 TRANSPORT,48 TRANSPORT,4806 transport policy,EurovocConcept
http://eurovoc.europa.eu/2495,http://eurovoc.europa.eu/2495,credit policy,credit policy;2416 financial institutions and credit;24 FINANCE,24 FINANCE,2416 financial institutions and credit,EurovocConcept
http://eurovoc.europa.eu/2498,http://eurovoc.europa.eu/2498,energy policy,energy policy;66 ENERGY;6606 energy policy,66 ENERGY,6606 energy policy,EurovocConcept
http://eurovoc.europa.eu/2499,http://eurovoc.europa.eu/2499,European defence policy,0821 defence;08 INTERNATIONAL RELATIONS;European defence policy;defence policy,08 INTERNATIONAL RELATIONS,0821 defence,EurovocConcept
http://eurovoc.europa.eu/250,http://eurovoc.europa.eu/250,social-security contribution,28 SOCIAL QUESTIONS;social security;2836 social protection;social-security contribution,28 SOCIAL QUESTIONS,2836 social protection,EurovocConcept
http://eurovoc.europa.eu/2502,http://eurovoc.europa.eu/2502,financial policy,24 FINANCE;financial policy;free movement of capital;2421 free movement of capital,24 FINANCE,2421 free movement of capital,EurovocConcept
http://eurovoc.europa.eu/2512,http://eurovoc.europa.eu/2512,ports policy,4821 maritime and inland waterway transport;ports policy;48 TRANSPORT,48 TRANSPORT,4821 maritime and inland waterway transport,EurovocConcept
http://eurovoc.europa.eu/2513,http://eurovoc.europa.eu/2513,common ports policy,4821 maritime and inland waterway transport;common ports policy;ports policy;48 TRANSPORT,48 TRANSPORT,4821 maritime and inland waterway transport,EurovocConcept
http://eurovoc.europa.eu/2536,http://eurovoc.europa.eu/2536,dry farming,"5621 cultivation of agricultural land;dry farming;cultivation system;56 AGRICULTURE, FORESTRY AND FISHERIES","56 AGRICULTURE, FORESTRY AND FISHERIES",5621 cultivation of agricultural land,EurovocConcept
http://eurovoc.europa.eu/2551,http://eurovoc.europa.eu/2551,working population engaged in agriculture,"working population engaged in agriculture;5616 farming systems;56 AGRICULTURE, FORESTRY AND FISHERIES","56 AGRICULTURE, FORESTRY AND FISHERIES",5616 farming systems,EurovocConcept
http://eurovoc.europa.eu/2561,http://eurovoc.europa.eu/2561,fishing port,"fisheries structure;fishing port;5641 fisheries;56 AGRICULTURE, FORESTRY AND FISHERIES","56 AGRICULTURE, FORESTRY AND FISHERIES",5641 fisheries,EurovocConcept
http://eurovoc.europa.eu/2566,http://eurovoc.europa.eu/2566,postal and telecommunications services,communications systems;32 EDUCATION AND COMMUNICATIONS;3226 communications;postal and telecommunications services,32 EDUCATION AND COMMUNICATIONS,3226 communications,EurovocConcept
http://eurovoc.europa.eu/2605,http://eurovoc.europa.eu/2605,social-security benefit,28 SOCIAL QUESTIONS;social security;2836 social protection;social-security benefit,28 SOCIAL QUESTIONS,2836 social protection,EurovocConcept
http://eurovoc.europa.eu/2623,http://eurovoc.europa.eu/2623,insurance premium,2431 insurance;insurance contract;24 FINANCE;insurance premium;insurance,24 FINANCE,2431 insurance,EurovocConcept
http://eurovoc.europa.eu/2634,http://eurovoc.europa.eu/2634,export price,export price;24 FINANCE;market prices;2451 prices,24 FINANCE,2451 prices,EurovocConcept
http://eurovoc.europa.eu/2635,http://eurovoc.europa.eu/2635,import price,24 FINANCE;market prices;2451 prices;import price,24 FINANCE,2451 prices,EurovocConcept
http://eurovoc.europa.eu/2640,http://eurovoc.europa.eu/2640,food price,food price;24 FINANCE;market prices;2451 prices,24 FINANCE,2451 prices,EurovocConcept
http://eurovoc.europa.eu/2647,http://eurovoc.europa.eu/2647,military equipment,0821 defence;military equipment;08 INTERNATIONAL RELATIONS,08 INTERNATIONAL RELATIONS,0821 defence,EurovocConcept
http://eurovoc.europa.eu/2654,http://eurovoc.europa.eu/2654,price of energy,price of energy;energy policy;66 ENERGY;6606 energy policy;energy market,66 ENERGY,6606 energy policy,EurovocConcept
http://eurovoc.europa.eu/2662,http://eurovoc.europa.eu/2662,support price,farm prices;24 FINANCE;support price;2451 prices,24 FINANCE,2451 prices,EurovocConcept
http://eurovoc.europa.eu/2710,http://eurovoc.europa.eu/2710,food production,6031 agri-foodstuffs;60 AGRI-FOODSTUFFS;agri-foodstuffs;food production,60 AGRI-FOODSTUFFS,6031 agri-foodstuffs,EurovocConcept
http://eurovoc.europa.eu/2715,http://eurovoc.europa.eu/2715,energy production,energy production;energy policy;66 ENERGY;6606 energy policy;energy market,66 ENERGY,6606 energy policy,EurovocConcept
http://eurovoc.europa.eu/273,http://eurovoc.europa.eu/273,health costs,28 SOCIAL QUESTIONS;2841 health;health policy;health costs,28 SOCIAL QUESTIONS,2841 health,EurovocConcept
http://eurovoc.europa.eu/2735,http://eurovoc.europa.eu/2735,foodstuff,foodstuff;60 AGRI-FOODSTUFFS;6026 foodstuff,60 AGRI-FOODSTUFFS,6026 foodstuff,EurovocConcept
http://eurovoc.europa.eu/2736,http://eurovoc.europa.eu/2736,processed food product,60 AGRI-FOODSTUFFS;processed food product;6026 foodstuff,60 AGRI-FOODSTUFFS,6026 foodstuff,EurovocConcept
http://eurovoc.europa.eu/2745,http://eurovoc.europa.eu/2745,sports equipment,6846 miscellaneous industries;miscellaneous industries;68 INDUSTRY;sports equipment,68 INDUSTRY,6846 miscellaneous industries,EurovocConcept
http://eurovoc.europa.eu/2773,http://eurovoc.europa.eu/2773,pharmaceutical product,28 SOCIAL QUESTIONS;pharmaceutical industry;2841 health;pharmaceutical product;medicinal product,28 SOCIAL QUESTIONS,2841 health,EurovocConcept
http://eurovoc.europa.eu/2787,http://eurovoc.europa.eu/2787,financial occupation,financial occupation;24 FINANCE;financial market;2421 free movement of capital,24 FINANCE,2421 free movement of capital,EurovocConcept
http://eurovoc.europa.eu/2789,http://eurovoc.europa.eu/2789,health care profession,28 SOCIAL QUESTIONS;health care profession;2841 health,28 SOCIAL QUESTIONS,2841 health,EurovocConcept
http://eurovoc.europa.eu/2790,http://eurovoc.europa.eu/2790,paramedical profession,28 SOCIAL QUESTIONS;health care profession;2841 health;paramedical profession,28 SOCIAL QUESTIONS,2841 health,EurovocConcept
http://eurovoc.europa.eu/2795,http://eurovoc.europa.eu/2795,research programme,"64 PRODUCTION, TECHNOLOGY AND RESEARCH;research policy;research programme;6416 research and intellectual property","64 PRODUCTION, TECHNOLOGY AND RESEARCH",6416 research and intellectual property,EurovocConcept
http://eurovoc.europa.eu/2801,http://eurovoc.europa.eu/2801,research project,"64 PRODUCTION, TECHNOLOGY AND RESEARCH;research policy;research project;6416 research and intellectual property","64 PRODUCTION, TECHNOLOGY AND RESEARCH",6416 research and intellectual property,EurovocConcept
http://eurovoc.europa.eu/2806,http://eurovoc.europa.eu/2806,property development,28 SOCIAL QUESTIONS;property development;construction policy;2846 construction and town planning,28 SOCIAL QUESTIONS,2846 construction and town planning,EurovocConcept
http://eurovoc.europa.eu/2832,http://eurovoc.europa.eu/2832,protection of communications,12 LAW;fundamental rights;protection of communications;protection of privacy;1236 rights and freedoms,12 LAW,1236 rights and freedoms,EurovocConcept
http://eurovoc.europa.eu/285,http://eurovoc.europa.eu/285,credit,credit;2416 financial institutions and credit;24 FINANCE,24 FINANCE,2416 financial institutions and credit,EurovocConcept
http://eurovoc.europa.eu/286,http://eurovoc.europa.eu/286,short-term credit,credit;2416 financial institutions and credit;24 FINANCE;short-term credit,24 FINANCE,2416 financial institutions and credit,EurovocConcept
http://eurovoc.europa.eu/287,http://eurovoc.europa.eu/287,export credit,export policy;export financing;export credit;20 TRADE;2006 trade policy,20 TRADE,2006 trade policy,EurovocConcept
http://eurovoc.europa.eu/288,http://eurovoc.europa.eu/288,import credit,import policy;20 TRADE;2006 trade policy;import credit,20 TRADE,2006 trade policy,EurovocConcept
http://eurovoc.europa.eu/289,http://eurovoc.europa.eu/289,consumer credit,credit;2416 financial institutions and credit;24 FINANCE;consumer credit,24 FINANCE,2416 financial institutions and credit,EurovocConcept
http://eurovoc.europa.eu/2891,http://eurovoc.europa.eu/2891,report,report;3221 documentation;document;32 EDUCATION AND COMMUNICATIONS,32 EDUCATION AND COMMUNICATIONS,3221 documentation,EurovocConcept
http://eurovoc.europa.eu/2892,http://eurovoc.europa.eu/2892,agriculture-trade relationship,"regulation of agricultural production;5611 agricultural structures and production;agriculture-trade relationship;56 AGRICULTURE, FORESTRY AND FISHERIES","56 AGRICULTURE, FORESTRY AND FISHERIES",5611 agricultural structures and production,EurovocConcept
http://eurovoc.europa.eu/2893,http://eurovoc.europa.eu/2893,agriculture-industry relationship,"regulation of agricultural production;5611 agricultural structures and production;agriculture-industry relationship;56 AGRICULTURE, FORESTRY AND FISHERIES","56 AGRICULTURE, FORESTRY AND FISHERIES",5611 agricultural structures and production,EurovocConcept
http://eurovoc.europa.eu/2894,http://eurovoc.europa.eu/2894,activity report,report;3221 documentation;document;32 EDUCATION AND COMMUNICATIONS;activity report,32 EDUCATION AND COMMUNICATIONS,3221 documentation,EurovocConcept
http://eurovoc.europa.eu/2895,http://eurovoc.europa.eu/2895,committee report,0426 parliamentary proceedings;04 POLITICS;parliamentary procedure;document for discussion at a sitting;parliamentary sitting;committee report,04 POLITICS,0426 parliamentary proceedings,EurovocConcept
http://eurovoc.europa.eu/2896,http://eurovoc.europa.eu/2896,research report,report;3221 documentation;research report;document;32 EDUCATION AND COMMUNICATIONS,32 EDUCATION AND COMMUNICATIONS,3221 documentation,EurovocConcept
http://eurovoc.europa.eu/29,http://eurovoc.europa.eu/29,mass communications,communications policy;32 EDUCATION AND COMMUNICATIONS;mass communications;3226 communications,32 EDUCATION AND COMMUNICATIONS,3226 communications,EurovocConcept
http://eurovoc.europa.eu/290,http://eurovoc.europa.eu/290,long-term credit,long-term credit;credit;2416 financial institutions and credit;24 FINANCE,24 FINANCE,2416 financial institutions and credit,EurovocConcept
http://eurovoc.europa.eu/2906,http://eurovoc.europa.eu/2906,reinsurance,2431 insurance;24 FINANCE;insurance;reinsurance,24 FINANCE,2431 insurance,EurovocConcept
http://eurovoc.europa.eu/2912,http://eurovoc.europa.eu/2912,export revenue,export policy;20 TRADE;2006 trade policy;export revenue,20 TRADE,2006 trade policy,EurovocConcept
http://eurovoc.europa.eu/2914,http://eurovoc.europa.eu/2914,research,"64 PRODUCTION, TECHNOLOGY AND RESEARCH;6416 research and intellectual property;research","64 PRODUCTION, TECHNOLOGY AND RESEARCH",6416 research and intellectual property,EurovocConcept
http://eurovoc.europa.eu/2915,http://eurovoc.europa.eu/2915,agronomic research,"agronomic research;agricultural policy;5606 agricultural policy;56 AGRICULTURE, FORESTRY AND FISHERIES","56 AGRICULTURE, FORESTRY AND FISHERIES",5606 agricultural policy,EurovocConcept
http://eurovoc.europa.eu/2916,http://eurovoc.europa.eu/2916,applied research,"64 PRODUCTION, TECHNOLOGY AND RESEARCH;applied research;6416 research and intellectual property;research","64 PRODUCTION, TECHNOLOGY AND RESEARCH",6416 research and intellectual property,EurovocConcept
http://eurovoc.europa.eu/2917,http://eurovoc.europa.eu/2917,energy research,energy research;energy policy;66 ENERGY;6606 energy policy,66 ENERGY,6606 energy policy,EurovocConcept
http://eurovoc.europa.eu/292,http://eurovoc.europa.eu/292,medium-term credit,credit;2416 financial institutions and credit;medium-term credit;24 FINANCE,24 FINANCE,2416 financial institutions and credit,EurovocConcept
http://eurovoc.europa.eu/2920,http://eurovoc.europa.eu/2920,forestry research,"forestry policy;forestry research;56 AGRICULTURE, FORESTRY AND FISHERIES;5636 forestry","56 AGRICULTURE, FORESTRY AND FISHERIES",5636 forestry,EurovocConcept
http://eurovoc.europa.eu/2921,http://eurovoc.europa.eu/2921,fishery research,"fisheries policy;5641 fisheries;fishery research;56 AGRICULTURE, FORESTRY AND FISHERIES","56 AGRICULTURE, FORESTRY AND FISHERIES",5641 fisheries,EurovocConcept
http://eurovoc.europa.eu/2922,http://eurovoc.europa.eu/2922,industrial research,"64 PRODUCTION, TECHNOLOGY AND RESEARCH;industrial research;6416 research and intellectual property;research","64 PRODUCTION, TECHNOLOGY AND RESEARCH",6416 research and intellectual property,EurovocConcept
http://eurovoc.europa.eu/2923,http://eurovoc.europa.eu/2923,medical research,medical research;28 SOCIAL QUESTIONS;medical science;2841 health,28 SOCIAL QUESTIONS,2841 health,EurovocConcept
http://eurovoc.europa.eu/2924,http://eurovoc.europa.eu/2924,scientific research,"64 PRODUCTION, TECHNOLOGY AND RESEARCH;6416 research and intellectual property;research;scientific research","64 PRODUCTION, TECHNOLOGY AND RESEARCH",6416 research and intellectual property,EurovocConcept
http://eurovoc.europa.eu/293,http://eurovoc.europa.eu/293,trade credit,credit;2416 financial institutions and credit;trade credit;24 FINANCE,24 FINANCE,2416 financial institutions and credit,EurovocConcept
http://eurovoc.europa.eu/2945,http://eurovoc.europa.eu/2945,energy recovery,energy saving;energy recovery;energy policy;66 ENERGY;6606 energy policy,66 ENERGY,6606 energy policy,EurovocConcept
http://eurovoc.europa.eu/2950,http://eurovoc.europa.eu/2950,medical plant,6006 plant product;60 AGRI-FOODSTUFFS;industrial plant;medical plant,60 AGRI-FOODSTUFFS,6006 plant product,EurovocConcept
http://eurovoc.europa.eu/2961,http://eurovoc.europa.eu/2961,re-export,export;re-export;20 TRADE;2016 trade;trading operation,20 TRADE,2016 trade,EurovocConcept
http://eurovoc.europa.eu/2965,http://eurovoc.europa.eu/2965,aid to agriculture,"aid to agriculture;agricultural policy;5606 agricultural policy;56 AGRICULTURE, FORESTRY AND FISHERIES","56 AGRICULTURE, FORESTRY AND FISHERIES",5606 agricultural policy,EurovocConcept
http://eurovoc.europa.eu/297,http://eurovoc.europa.eu/297,documentary credit,credit;2416 financial institutions and credit;documentary credit;24 FINANCE,24 FINANCE,2416 financial institutions and credit,EurovocConcept
http://eurovoc.europa.eu/2971,http://eurovoc.europa.eu/2971,farm development plan,"common agricultural policy;5606 agricultural policy;56 AGRICULTURE, FORESTRY AND FISHERIES;farm development plan","56 AGRICULTURE, FORESTRY AND FISHERIES",5606 agricultural policy,EurovocConcept
http://eurovoc.europa.eu/298,http://eurovoc.europa.eu/298,real estate credit,real estate credit;credit;2416 financial institutions and credit;24 FINANCE,24 FINANCE,2416 financial institutions and credit,EurovocConcept
http://eurovoc.europa.eu/2985,http://eurovoc.europa.eu/2985,plant health product,"plant health product;5626 means of agricultural production;means of agricultural production;56 AGRICULTURE, FORESTRY AND FISHERIES","56 AGRICULTURE, FORESTRY AND FISHERIES",5626 means of agricultural production,EurovocConcept
http://eurovoc.europa.eu/299,http://eurovoc.europa.eu/299,industrial credit,industrial policy;industrial financing;6806 industrial structures and policy;68 INDUSTRY;industrial credit,68 INDUSTRY,6806 industrial structures and policy,EurovocConcept
http://eurovoc.europa.eu/2999,http://eurovoc.europa.eu/2999,shellfish farming,"shellfish farming;aquaculture;5641 fisheries;56 AGRICULTURE, FORESTRY AND FISHERIES","56 AGRICULTURE, FORESTRY AND FISHERIES",5641 fisheries,EurovocConcept
http://eurovoc.europa.eu/30,http://eurovoc.europa.eu/30,satellite communications,communications systems;telecommunications;32 EDUCATION AND COMMUNICATIONS;satellite communications;3226 communications,32 EDUCATION AND COMMUNICATIONS,3226 communications,EurovocConcept
http://eurovoc.europa.eu/300,http://eurovoc.europa.eu/300,international credit,international liquidity;international credit;24 FINANCE;2406 monetary relations;international finance,24 FINANCE,2406 monetary relations,EurovocConcept
http://eurovoc.europa.eu/3016,http://eurovoc.europa.eu/3016,military regime,political system;04 POLITICS;0406 political framework;military regime,04 POLITICS,0406 political framework,EurovocConcept
http://eurovoc.europa.eu/304,http://eurovoc.europa.eu/304,Scientific and Technical Research Committee,"EU research policy;64 PRODUCTION, TECHNOLOGY AND RESEARCH;research policy;Scientific and Technical Research Committee;6416 research and intellectual property","64 PRODUCTION, TECHNOLOGY AND RESEARCH",6416 research and intellectual property,EurovocConcept
http://eurovoc.europa.eu/3057,http://eurovoc.europa.eu/3057,civil defence,04 POLITICS;0431 politics and public safety;civil defence;public safety,04 POLITICS,0431 politics and public safety,EurovocConcept
http://eurovoc.europa.eu/3065,http://eurovoc.europa.eu/3065,market support,market support;market intervention;20 TRADE;2006 trade policy;trade policy,20 TRADE,2006 trade policy,EurovocConcept
http://eurovoc.europa.eu/3077,http://eurovoc.europa.eu/3077,development aid,aid policy;08 INTERNATIONAL RELATIONS;development aid;0811 cooperation policy,08 INTERNATIONAL RELATIONS,0811 cooperation policy,EurovocConcept
http://eurovoc.europa.eu/308,http://eurovoc.europa.eu/308,energy crisis,energy crisis;energy policy;66 ENERGY;6606 energy policy,66 ENERGY,6606 energy policy,EurovocConcept
http://eurovoc.europa.eu/3089,http://eurovoc.europa.eu/3089,underground railway,4811 organisation of transport;urban transport;underground railway;organisation of transport;48 TRANSPORT,48 TRANSPORT,4811 organisation of transport,EurovocConcept
http://eurovoc.europa.eu/3092,http://eurovoc.europa.eu/3092,space transport,space transport;4826 air and space transport;48 TRANSPORT,48 TRANSPORT,4826 air and space transport,EurovocConcept
http://eurovoc.europa.eu/3098,http://eurovoc.europa.eu/3098,destination of transport,destination of transport;4811 organisation of transport;48 TRANSPORT,48 TRANSPORT,4811 organisation of transport,EurovocConcept
http://eurovoc.europa.eu/3100,http://eurovoc.europa.eu/3100,ship's passport,ship's passport;traffic regulations;4806 transport policy;48 TRANSPORT,48 TRANSPORT,4806 transport policy,EurovocConcept
http://eurovoc.europa.eu/3101,http://eurovoc.europa.eu/3101,transport price,4806 transport policy;transport price;48 TRANSPORT,48 TRANSPORT,4806 transport policy,EurovocConcept
http://eurovoc.europa.eu/3105,http://eurovoc.europa.eu/3105,port traffic,4821 maritime and inland waterway transport;port traffic;ports policy;48 TRANSPORT,48 TRANSPORT,4821 maritime and inland waterway transport,EurovocConcept
http://eurovoc.europa.eu/3108,http://eurovoc.europa.eu/3108,transport quota,transport regulations;4806 transport policy;transport quota;48 TRANSPORT,48 TRANSPORT,4806 transport policy,EurovocConcept
http://eurovoc.europa.eu/3109,http://eurovoc.europa.eu/3109,transport market,transport policy;4806 transport policy;48 TRANSPORT;transport market,48 TRANSPORT,4806 transport policy,EurovocConcept
http://eurovoc.europa.eu/3114,http://eurovoc.europa.eu/3114,high-speed transport,high-speed transport;4811 organisation of transport;organisation of transport;48 TRANSPORT,48 TRANSPORT,4811 organisation of transport,EurovocConcept
http://eurovoc.europa.eu/3115,http://eurovoc.europa.eu/3115,transport document,transport regulations;4806 transport policy;48 TRANSPORT;transport document,48 TRANSPORT,4806 transport policy,EurovocConcept
http://eurovoc.europa.eu/3119,http://eurovoc.europa.eu/3119,financial regulation,2436 public finance and budget policy;public finance;financial regulation;24 FINANCE,24 FINANCE,2436 public finance and budget policy,EurovocConcept
http://eurovoc.europa.eu/3151,http://eurovoc.europa.eu/3151,insurance,2431 insurance;24 FINANCE;insurance,24 FINANCE,2431 insurance,EurovocConcept
http://eurovoc.europa.eu/3160,http://eurovoc.europa.eu/3160,transport regulations,transport regulations;4806 transport policy;48 TRANSPORT,48 TRANSPORT,4806 transport policy,EurovocConcept
http://eurovoc.europa.eu/3166,http://eurovoc.europa.eu/3166,export levy,export policy;export levy;20 TRADE;2006 trade policy,20 TRADE,2006 trade policy,EurovocConcept
http://eurovoc.europa.eu/3167,http://eurovoc.europa.eu/3167,import levy,import policy;20 TRADE;2006 trade policy;import levy,20 TRADE,2006 trade policy,EurovocConcept
http://eurovoc.europa.eu/3175,http://eurovoc.europa.eu/3175,re-import,import;20 TRADE;re-import;2016 trade;trading operation,20 TRADE,2016 trade,EurovocConcept
http://eurovoc.europa.eu/3186,http://eurovoc.europa.eu/3186,financial agreement,24 FINANCE;2406 monetary relations;financial agreement;international finance,24 FINANCE,2406 monetary relations,EurovocConcept
http://eurovoc.europa.eu/3187,http://eurovoc.europa.eu/3187,export credit insurance,2431 insurance;export credit insurance;24 FINANCE;insurance,24 FINANCE,2431 insurance,EurovocConcept
http://eurovoc.europa.eu/3190,http://eurovoc.europa.eu/3190,export (EU),export;20 TRADE;export (EU);2016 trade;trading operation,20 TRADE,2016 trade,EurovocConcept
http://eurovoc.europa.eu/3191,http://eurovoc.europa.eu/3191,import (EU),import;import (EU);20 TRADE;2016 trade;trading operation,20 TRADE,2016 trade,EurovocConcept
http://eurovoc.europa.eu/3222,http://eurovoc.europa.eu/3222,personal accident insurance,2431 insurance;24 FINANCE;personal accident insurance;insurance,24 FINANCE,2431 insurance,EurovocConcept
http://eurovoc.europa.eu/3229,http://eurovoc.europa.eu/3229,free credit,credit;2416 financial institutions and credit;24 FINANCE;free credit,24 FINANCE,2416 financial institutions and credit,EurovocConcept
http://eurovoc.europa.eu/3231,http://eurovoc.europa.eu/3231,credit control,credit policy;credit control;2416 financial institutions and credit;24 FINANCE,24 FINANCE,2416 financial institutions and credit,EurovocConcept
http://eurovoc.europa.eu/3242,http://eurovoc.europa.eu/3242,property insurance,2431 insurance;24 FINANCE;insurance;property insurance,24 FINANCE,2431 insurance,EurovocConcept
http://eurovoc.europa.eu/3243,http://eurovoc.europa.eu/3243,personal insurance,personal insurance;2431 insurance;24 FINANCE;insurance,24 FINANCE,2431 insurance,EurovocConcept
http://eurovoc.europa.eu/3244,http://eurovoc.europa.eu/3244,co-insurance,2431 insurance;24 FINANCE;co-insurance;insurance,24 FINANCE,2431 insurance,EurovocConcept
http://eurovoc.europa.eu/3246,http://eurovoc.europa.eu/3246,credit institution,2416 financial institutions and credit;24 FINANCE;financial institution;credit institution,24 FINANCE,2416 financial institutions and credit,EurovocConcept
http://eurovoc.europa.eu/3248,http://eurovoc.europa.eu/3248,electronic banking,2416 financial institutions and credit;banking;24 FINANCE;electronic banking,24 FINANCE,2416 financial institutions and credit,EurovocConcept
http://eurovoc.europa.eu/3249,http://eurovoc.europa.eu/3249,occupational accident insurance,28 SOCIAL QUESTIONS;social security;2836 social protection;social-security benefit;occupational accident insurance,28 SOCIAL QUESTIONS,2836 social protection,EurovocConcept
http://eurovoc.europa.eu/3251,http://eurovoc.europa.eu/3251,banking supervision,2416 financial institutions and credit;banking supervision;banking;24 FINANCE,24 FINANCE,2416 financial institutions and credit,EurovocConcept
http://eurovoc.europa.eu/3267,http://eurovoc.europa.eu/3267,remission of export duties,export policy;export financing;20 TRADE;2006 trade policy;remission of export duties,20 TRADE,2006 trade policy,EurovocConcept
http://eurovoc.europa.eu/3269,http://eurovoc.europa.eu/3269,support tariff,4806 transport policy;transport price;48 TRANSPORT;transportation tariff;support tariff,48 TRANSPORT,4806 transport policy,EurovocConcept
http://eurovoc.europa.eu/3271,http://eurovoc.europa.eu/3271,import substitution,import substitution;import policy;20 TRADE;2006 trade policy,20 TRADE,2006 trade policy,EurovocConcept
http://eurovoc.europa.eu/3274,http://eurovoc.europa.eu/3274,agricultural insurance,2431 insurance;agricultural insurance;24 FINANCE;insurance,24 FINANCE,2431 insurance,EurovocConcept
http://eurovoc.europa.eu/329,http://eurovoc.europa.eu/329,tropical agriculture,"5631 agricultural activity;crop production;tropical agriculture;56 AGRICULTURE, FORESTRY AND FISHERIES","56 AGRICULTURE, FORESTRY AND FISHERIES",5631 agricultural activity,EurovocConcept
http://eurovoc.europa.eu/330,http://eurovoc.europa.eu/330,self-sufficiency farming,"5631 agricultural activity;self-sufficiency farming;crop production;56 AGRICULTURE, FORESTRY AND FISHERIES","56 AGRICULTURE, FORESTRY AND FISHERIES",5631 agricultural activity,EurovocConcept
http://eurovoc.europa.eu/3303,http://eurovoc.europa.eu/3303,motor vehicle insurance,motor vehicle insurance;transport insurance;2431 insurance;24 FINANCE;insurance,24 FINANCE,2431 insurance,EurovocConcept
http://eurovoc.europa.eu/3332,http://eurovoc.europa.eu/3332,unemployment insurance,28 SOCIAL QUESTIONS;social security;2836 social protection;social-security benefit;unemployment insurance,28 SOCIAL QUESTIONS,2836 social protection,EurovocConcept
http://eurovoc.europa.eu/3343,http://eurovoc.europa.eu/3343,tourist infrastructure,28 SOCIAL QUESTIONS;2826 social affairs;tourism;tourist infrastructure;leisure,28 SOCIAL QUESTIONS,2826 social affairs,EurovocConcept
http://eurovoc.europa.eu/3359,http://eurovoc.europa.eu/3359,social security legislation,28 SOCIAL QUESTIONS;social security;social security legislation;2836 social protection,28 SOCIAL QUESTIONS,2836 social protection,EurovocConcept
http://eurovoc.europa.eu/3364,http://eurovoc.europa.eu/3364,health card,28 SOCIAL QUESTIONS;organisation of health care;2841 health;health policy;health card,28 SOCIAL QUESTIONS,2841 health,EurovocConcept
http://eurovoc.europa.eu/3365,http://eurovoc.europa.eu/3365,health expenditure,28 SOCIAL QUESTIONS;health expenditure;2841 health;health policy,28 SOCIAL QUESTIONS,2841 health,EurovocConcept
http://eurovoc.europa.eu/3373,http://eurovoc.europa.eu/3373,credit insurance,credit insurance;2431 insurance;24 FINANCE;insurance,24 FINANCE,2431 insurance,EurovocConcept
http://eurovoc.europa.eu/3375,http://eurovoc.europa.eu/3375,private medical treatment,28 SOCIAL QUESTIONS;private medical treatment;2841 health;health policy;health care system,28 SOCIAL QUESTIONS,2841 health,EurovocConcept
http://eurovoc.europa.eu/3377,http://eurovoc.europa.eu/3377,urban infrastructure,28 SOCIAL QUESTIONS;urban infrastructure;town planning;2846 construction and town planning,28 SOCIAL QUESTIONS,2846 construction and town planning,EurovocConcept
http://eurovoc.europa.eu/3383,http://eurovoc.europa.eu/3383,proportional representation,04 POLITICS;0416 electoral procedure and voting;proportional representation;voting method,04 POLITICS,0416 electoral procedure and voting,EurovocConcept
http://eurovoc.europa.eu/34,http://eurovoc.europa.eu/34,insurance company,2431 insurance;insurance company;24 FINANCE;insurance,24 FINANCE,2431 insurance,EurovocConcept
http://eurovoc.europa.eu/3412,http://eurovoc.europa.eu/3412,disability insurance,28 SOCIAL QUESTIONS;social security;2836 social protection;social-security benefit;disability insurance,28 SOCIAL QUESTIONS,2836 social protection,EurovocConcept
http://eurovoc.europa.eu/3428,http://eurovoc.europa.eu/3428,transport network,transport network;4811 organisation of transport;organisation of transport;48 TRANSPORT,48 TRANSPORT,4811 organisation of transport,EurovocConcept
http://eurovoc.europa.eu/3437,http://eurovoc.europa.eu/3437,paramilitary force,0821 defence;08 INTERNATIONAL RELATIONS;armed forces;paramilitary force,08 INTERNATIONAL RELATIONS,0821 defence,EurovocConcept
http://eurovoc.europa.eu/3444,http://eurovoc.europa.eu/3444,women's military service,national service;women's military service;0821 defence;08 INTERNATIONAL RELATIONS;armed forces,08 INTERNATIONAL RELATIONS,0821 defence,EurovocConcept
http://eurovoc.europa.eu/3445,http://eurovoc.europa.eu/3445,voluntary military service,national service;0821 defence;08 INTERNATIONAL RELATIONS;armed forces;voluntary military service,08 INTERNATIONAL RELATIONS,0821 defence,EurovocConcept
http://eurovoc.europa.eu/3447,http://eurovoc.europa.eu/3447,defence expenditure,0821 defence;08 INTERNATIONAL RELATIONS;defence policy;defence expenditure,08 INTERNATIONAL RELATIONS,0821 defence,EurovocConcept
http://eurovoc.europa.eu/3448,http://eurovoc.europa.eu/3448,strategic defence,0821 defence;strategic defence;08 INTERNATIONAL RELATIONS;defence policy,08 INTERNATIONAL RELATIONS,0821 defence,EurovocConcept
http://eurovoc.europa.eu/3450,http://eurovoc.europa.eu/3450,international security,international security;0816 international security;08 INTERNATIONAL RELATIONS,08 INTERNATIONAL RELATIONS,0816 international security,EurovocConcept
http://eurovoc.europa.eu/3453,http://eurovoc.europa.eu/3453,European security,international security;European security;0816 international security;08 INTERNATIONAL RELATIONS,08 INTERNATIONAL RELATIONS,0816 international security,EurovocConcept
http://eurovoc.europa.eu/3477,http://eurovoc.europa.eu/3477,indemnity insurance,indemnity insurance;2431 insurance;24 FINANCE;insurance,24 FINANCE,2431 insurance,EurovocConcept
http://eurovoc.europa.eu/3488,http://eurovoc.europa.eu/3488,self-sufficiency in food,0806 international affairs;08 INTERNATIONAL RELATIONS;self-sufficiency in food;national independence,08 INTERNATIONAL RELATIONS,0806 international affairs,EurovocConcept
http://eurovoc.europa.eu/3493,http://eurovoc.europa.eu/3493,military occupation,military occupation;0816 international security;08 INTERNATIONAL RELATIONS;international conflict,08 INTERNATIONAL RELATIONS,0816 international security,EurovocConcept
http://eurovoc.europa.eu/3512,http://eurovoc.europa.eu/3512,health insurance,28 SOCIAL QUESTIONS;social security;2836 social protection;social-security benefit;health insurance,28 SOCIAL QUESTIONS,2836 social protection,EurovocConcept
http://eurovoc.europa.eu/3541,http://eurovoc.europa.eu/3541,marine insurance,transport insurance;2431 insurance;24 FINANCE;insurance;marine insurance,24 FINANCE,2431 insurance,EurovocConcept
http://eurovoc.europa.eu/3567,http://eurovoc.europa.eu/3567,compulsory insurance,compulsory insurance;2431 insurance;24 FINANCE;insurance,24 FINANCE,2431 insurance,EurovocConcept
http://eurovoc.europa.eu/3568,http://eurovoc.europa.eu/3568,export refund,export policy;export financing;20 TRADE;2006 trade policy;export refund,20 TRADE,2006 trade policy,EurovocConcept
http://eurovoc.europa.eu/3570,http://eurovoc.europa.eu/3570,import refund,import policy;20 TRADE;import refund;2006 trade policy,20 TRADE,2006 trade policy,EurovocConcept
http://eurovoc.europa.eu/3577,http://eurovoc.europa.eu/3577,export restriction,2021 international trade;20 TRADE;trade restriction;export restriction,20 TRADE,2021 international trade,EurovocConcept
http://eurovoc.europa.eu/3579,http://eurovoc.europa.eu/3579,import restriction,2021 international trade;import restriction;20 TRADE;trade restriction,20 TRADE,2021 international trade,EurovocConcept
http://eurovoc.europa.eu/3580,http://eurovoc.europa.eu/3580,communications profession,communications profession;communications industry;32 EDUCATION AND COMMUNICATIONS;3226 communications,32 EDUCATION AND COMMUNICATIONS,3226 communications,EurovocConcept
http://eurovoc.europa.eu/3590,http://eurovoc.europa.eu/3590,insurance occupation,2431 insurance;24 FINANCE;insurance occupation;insurance,24 FINANCE,2431 insurance,EurovocConcept
http://eurovoc.europa.eu/3599,http://eurovoc.europa.eu/3599,private insurance,2431 insurance;private insurance;24 FINANCE;insurance,24 FINANCE,2431 insurance,EurovocConcept
http://eurovoc.europa.eu/3607,http://eurovoc.europa.eu/3607,information technology profession,information technology profession;computer systems;32 EDUCATION AND COMMUNICATIONS;3236 information technology and data processing,32 EDUCATION AND COMMUNICATIONS,3236 information technology and data processing,EurovocConcept
http://eurovoc.europa.eu/3612,http://eurovoc.europa.eu/3612,banking profession,2416 financial institutions and credit;banking;24 FINANCE;banking profession,24 FINANCE,2416 financial institutions and credit,EurovocConcept
http://eurovoc.europa.eu/3613,http://eurovoc.europa.eu/3613,professional sport,sport;28 SOCIAL QUESTIONS;2826 social affairs;leisure;professional sport,28 SOCIAL QUESTIONS,2826 social affairs,EurovocConcept
http://eurovoc.europa.eu/3627,http://eurovoc.europa.eu/3627,technology park,industrial policy;6806 industrial structures and policy;technology park;68 INDUSTRY,68 INDUSTRY,6806 industrial structures and policy,EurovocConcept
http://eurovoc.europa.eu/3630,http://eurovoc.europa.eu/3630,public insurance,public insurance;2431 insurance;24 FINANCE;insurance,24 FINANCE,2431 insurance,EurovocConcept
http://eurovoc.europa.eu/3636,http://eurovoc.europa.eu/3636,new technology,"64 PRODUCTION, TECHNOLOGY AND RESEARCH;technology;6411 technology and technical regulations;new technology","64 PRODUCTION, TECHNOLOGY AND RESEARCH",6411 technology and technical regulations,EurovocConcept
http://eurovoc.europa.eu/3638,http://eurovoc.europa.eu/3638,clean technology,"clean technology;choice of technology;64 PRODUCTION, TECHNOLOGY AND RESEARCH;technology;6411 technology and technical regulations","64 PRODUCTION, TECHNOLOGY AND RESEARCH",6411 technology and technical regulations,EurovocConcept
http://eurovoc.europa.eu/3639,http://eurovoc.europa.eu/3639,traditional technology,"choice of technology;traditional technology;64 PRODUCTION, TECHNOLOGY AND RESEARCH;technology;6411 technology and technical regulations","64 PRODUCTION, TECHNOLOGY AND RESEARCH",6411 technology and technical regulations,EurovocConcept
http://eurovoc.europa.eu/3651,http://eurovoc.europa.eu/3651,recycling technology,"recycling technology;64 PRODUCTION, TECHNOLOGY AND RESEARCH;technology;6411 technology and technical regulations","64 PRODUCTION, TECHNOLOGY AND RESEARCH",6411 technology and technical regulations,EurovocConcept
http://eurovoc.europa.eu/3652,http://eurovoc.europa.eu/3652,research budget,"research budget;64 PRODUCTION, TECHNOLOGY AND RESEARCH;research policy;6416 research and intellectual property","64 PRODUCTION, TECHNOLOGY AND RESEARCH",6416 research and intellectual property,EurovocConcept
http://eurovoc.europa.eu/3655,http://eurovoc.europa.eu/3655,research staff,"64 PRODUCTION, TECHNOLOGY AND RESEARCH;research policy;6416 research and intellectual property;research staff","64 PRODUCTION, TECHNOLOGY AND RESEARCH",6416 research and intellectual property,EurovocConcept
http://eurovoc.europa.eu/3656,http://eurovoc.europa.eu/3656,EU research policy,"EU research policy;64 PRODUCTION, TECHNOLOGY AND RESEARCH;research policy;6416 research and intellectual property","64 PRODUCTION, TECHNOLOGY AND RESEARCH",6416 research and intellectual property,EurovocConcept
http://eurovoc.europa.eu/3657,http://eurovoc.europa.eu/3657,industry-research relations,"industry-research relations;64 PRODUCTION, TECHNOLOGY AND RESEARCH;research policy;6416 research and intellectual property","64 PRODUCTION, TECHNOLOGY AND RESEARCH",6416 research and intellectual property,EurovocConcept
http://eurovoc.europa.eu/366,http://eurovoc.europa.eu/366,anti-missile defence,0821 defence;military equipment;missile;08 INTERNATIONAL RELATIONS;anti-missile defence,08 INTERNATIONAL RELATIONS,0821 defence,EurovocConcept
http://eurovoc.europa.eu/3660,http://eurovoc.europa.eu/3660,research body,"64 PRODUCTION, TECHNOLOGY AND RESEARCH;research policy;research body;6416 research and intellectual property","64 PRODUCTION, TECHNOLOGY AND RESEARCH",6416 research and intellectual property,EurovocConcept
http://eurovoc.europa.eu/3669,http://eurovoc.europa.eu/3669,company research,"64 PRODUCTION, TECHNOLOGY AND RESEARCH;company research;6416 research and intellectual property;research","64 PRODUCTION, TECHNOLOGY AND RESEARCH",6416 research and intellectual property,EurovocConcept
http://eurovoc.europa.eu/3670,http://eurovoc.europa.eu/3670,basic research,"64 PRODUCTION, TECHNOLOGY AND RESEARCH;basic research;6416 research and intellectual property;research","64 PRODUCTION, TECHNOLOGY AND RESEARCH",6416 research and intellectual property,EurovocConcept
http://eurovoc.europa.eu/3671,http://eurovoc.europa.eu/3671,military research,"64 PRODUCTION, TECHNOLOGY AND RESEARCH;military research;6416 research and intellectual property;research","64 PRODUCTION, TECHNOLOGY AND RESEARCH",6416 research and intellectual property,EurovocConcept
http://eurovoc.europa.eu/3672,http://eurovoc.europa.eu/3672,university research,"university research;64 PRODUCTION, TECHNOLOGY AND RESEARCH;6416 research and intellectual property;research","64 PRODUCTION, TECHNOLOGY AND RESEARCH",6416 research and intellectual property,EurovocConcept
http://eurovoc.europa.eu/3673,http://eurovoc.europa.eu/3673,third-party insurance,third-party insurance;2431 insurance;24 FINANCE;insurance,24 FINANCE,2431 insurance,EurovocConcept
http://eurovoc.europa.eu/3681,http://eurovoc.europa.eu/3681,transport of dangerous goods,transport of dangerous goods;4811 organisation of transport;carriage of goods;organisation of transport;48 TRANSPORT,48 TRANSPORT,4811 organisation of transport,EurovocConcept
http://eurovoc.europa.eu/3706,http://eurovoc.europa.eu/3706,transport insurance,transport insurance;2431 insurance;24 FINANCE;insurance,24 FINANCE,2431 insurance,EurovocConcept
http://eurovoc.europa.eu/3730,http://eurovoc.europa.eu/3730,health risk,28 SOCIAL QUESTIONS;public health;health risk;organisation of health care;2841 health;health policy,28 SOCIAL QUESTIONS,2841 health,EurovocConcept
http://eurovoc.europa.eu/3736,http://eurovoc.europa.eu/3736,agro-energy,energy policy;66 ENERGY;agro-energy;6606 energy policy,66 ENERGY,6606 energy policy,EurovocConcept
http://eurovoc.europa.eu/3737,http://eurovoc.europa.eu/3737,energy industry,66 ENERGY;energy industry;6606 energy policy,66 ENERGY,6606 energy policy,EurovocConcept
http://eurovoc.europa.eu/3741,http://eurovoc.europa.eu/3741,energy-generating product,energy-generating product;66 ENERGY;energy industry;6606 energy policy,66 ENERGY,6606 energy policy,EurovocConcept
http://eurovoc.europa.eu/378,http://eurovoc.europa.eu/378,energy demand,energy demand;energy policy;66 ENERGY;6606 energy policy;energy market,66 ENERGY,6606 energy policy,EurovocConcept
http://eurovoc.europa.eu/3786,http://eurovoc.europa.eu/3786,hydroelectric development,6621 electrical and nuclear industries;66 ENERGY;hydroelectric development;electrical industry,66 ENERGY,6621 electrical and nuclear industries,EurovocConcept
http://eurovoc.europa.eu/3797,http://eurovoc.europa.eu/3797,biotechnology,"64 PRODUCTION, TECHNOLOGY AND RESEARCH;biotechnology;6411 technology and technical regulations","64 PRODUCTION, TECHNOLOGY AND RESEARCH",6411 technology and technical regulations,EurovocConcept
http://eurovoc.europa.eu/3844,http://eurovoc.europa.eu/3844,medical device,28 SOCIAL QUESTIONS;medical device;organisation of health care;2841 health;health policy,28 SOCIAL QUESTIONS,2841 health,EurovocConcept
http://eurovoc.europa.eu/3860,http://eurovoc.europa.eu/3860,telecommunications equipment,communications systems;telecommunications equipment;telecommunications;32 EDUCATION AND COMMUNICATIONS;3226 communications,32 EDUCATION AND COMMUNICATIONS,3226 communications,EurovocConcept
http://eurovoc.europa.eu/3875,http://eurovoc.europa.eu/3875,radio telecommunications,communications systems;telecommunications equipment;telecommunications;32 EDUCATION AND COMMUNICATIONS;3226 communications;radio telecommunications,32 EDUCATION AND COMMUNICATIONS,3226 communications,EurovocConcept
http://eurovoc.europa.eu/3876,http://eurovoc.europa.eu/3876,microelectronics,6826 electronics and electrical engineering;electronics industry;microelectronics;68 INDUSTRY,68 INDUSTRY,6826 electronics and electrical engineering,EurovocConcept
http://eurovoc.europa.eu/3885,http://eurovoc.europa.eu/3885,public health,28 SOCIAL QUESTIONS;public health;organisation of health care;2841 health;health policy,28 SOCIAL QUESTIONS,2841 health,EurovocConcept
http://eurovoc.europa.eu/3915,http://eurovoc.europa.eu/3915,right to development,right to development;12 LAW;economic rights;1236 rights and freedoms,12 LAW,1236 rights and freedoms,EurovocConcept
http://eurovoc.europa.eu/393,http://eurovoc.europa.eu/393,food expenditure,2026 consumption;20 TRADE;food expenditure;consumption,20 TRADE,2026 consumption,EurovocConcept
http://eurovoc.europa.eu/3942,http://eurovoc.europa.eu/3942,financial solvency,civil law;financial solvency;12 LAW;contract;guarantee;1211 civil law,12 LAW,1211 civil law,EurovocConcept
http://eurovoc.europa.eu/3974,http://eurovoc.europa.eu/3974,rights of the defence,rights of the defence;1221 justice;12 LAW;judicial proceedings,12 LAW,1221 justice,EurovocConcept
http://eurovoc.europa.eu/3993,http://eurovoc.europa.eu/3993,threat to national security,offence;1216 criminal law;12 LAW;threat to national security,12 LAW,1216 criminal law,EurovocConcept
http://eurovoc.europa.eu/3994,http://eurovoc.europa.eu/3994,banking secrecy,2416 financial institutions and credit;banking secrecy;banking;24 FINANCE,24 FINANCE,2416 financial institutions and credit,EurovocConcept
http://eurovoc.europa.eu/4025,http://eurovoc.europa.eu/4025,security of supply,security of supply;20 TRADE;2016 trade;supply,20 TRADE,2016 trade,EurovocConcept
http://eurovoc.europa.eu/4028,http://eurovoc.europa.eu/4028,social-security harmonisation,28 SOCIAL QUESTIONS;social security;2836 social protection;social-security harmonisation,28 SOCIAL QUESTIONS,2836 social protection,EurovocConcept
http://eurovoc.europa.eu/4033,http://eurovoc.europa.eu/4033,transport safety,transport policy;transport safety;4806 transport policy;48 TRANSPORT,48 TRANSPORT,4806 transport policy,EurovocConcept
http://eurovoc.europa.eu/4045,http://eurovoc.europa.eu/4045,public safety,04 POLITICS;0431 politics and public safety;public safety,04 POLITICS,0431 politics and public safety,EurovocConcept
http://eurovoc.europa.eu/4050,http://eurovoc.europa.eu/4050,social security,28 SOCIAL QUESTIONS;social security;2836 social protection,28 SOCIAL QUESTIONS,2836 social protection,EurovocConcept
http://eurovoc.europa.eu/406,http://eurovoc.europa.eu/406,deportee,0816 international security;deportee;08 INTERNATIONAL RELATIONS;war victim,08 INTERNATIONAL RELATIONS,0816 international security,EurovocConcept
http://eurovoc.europa.eu/4116,http://eurovoc.europa.eu/4116,health service,28 SOCIAL QUESTIONS;health service;2841 health;health policy,28 SOCIAL QUESTIONS,2841 health,EurovocConcept
http://eurovoc.europa.eu/4118,http://eurovoc.europa.eu/4118,post office financial services,post office financial services;2416 financial institutions and credit;24 FINANCE;financial institution,24 FINANCE,2416 financial institutions and credit,EurovocConcept
http://eurovoc.europa.eu/4120,http://eurovoc.europa.eu/4120,financial interests of members,financial interests of members;Member of Parliament;04 POLITICS;0421 parliament,04 POLITICS,0421 parliament,EurovocConcept
http://eurovoc.europa.eu/4142,http://eurovoc.europa.eu/4142,single-crop farming,"5621 cultivation of agricultural land;cultivation system;single-crop farming;56 AGRICULTURE, FORESTRY AND FISHERIES","56 AGRICULTURE, FORESTRY AND FISHERIES",5621 cultivation of agricultural land,EurovocConcept
http://eurovoc.europa.eu/4152,http://eurovoc.europa.eu/4152,transport of animals,transport of animals;4811 organisation of transport;organisation of transport;48 TRANSPORT,48 TRANSPORT,4811 organisation of transport,EurovocConcept
http://eurovoc.europa.eu/4163,http://eurovoc.europa.eu/4163,pet food,"5631 agricultural activity;animal nutrition;pet food;56 AGRICULTURE, FORESTRY AND FISHERIES","56 AGRICULTURE, FORESTRY AND FISHERIES",5631 agricultural activity,EurovocConcept
http://eurovoc.europa.eu/4166,http://eurovoc.europa.eu/4166,insurance claim,insurance claim;2431 insurance;insurance contract;24 FINANCE;insurance,24 FINANCE,2431 insurance,EurovocConcept
http://eurovoc.europa.eu/4187,http://eurovoc.europa.eu/4187,financial situation,24 FINANCE;financial market;2421 free movement of capital;financial situation,24 FINANCE,2421 free movement of capital,EurovocConcept
http://eurovoc.europa.eu/4235,http://eurovoc.europa.eu/4235,price support,prices policy;24 FINANCE;price support;2451 prices,24 FINANCE,2451 prices,EurovocConcept
http://eurovoc.europa.eu/4236,http://eurovoc.europa.eu/4236,farm price support,"farm price support;common agricultural policy;agri-monetary policy;5606 agricultural policy;56 AGRICULTURE, FORESTRY AND FISHERIES","56 AGRICULTURE, FORESTRY AND FISHERIES",5606 agricultural policy,EurovocConcept
http://eurovoc.europa.eu/4237,http://eurovoc.europa.eu/4237,short-term monetary support,EU financing;EU financial instrument;short-term monetary support;10 EUROPEAN UNION;support mechanism;1021 EU finance,10 EUROPEAN UNION,1021 EU finance,EurovocConcept
http://eurovoc.europa.eu/4245,http://eurovoc.europa.eu/4245,sport,sport;28 SOCIAL QUESTIONS;2826 social affairs;leisure,28 SOCIAL QUESTIONS,2826 social affairs,EurovocConcept
http://eurovoc.europa.eu/4251,http://eurovoc.europa.eu/4251,indoor livestock farming,"5631 agricultural activity;livestock farming;indoor livestock farming;56 AGRICULTURE, FORESTRY AND FISHERIES","56 AGRICULTURE, FORESTRY AND FISHERIES",5631 agricultural activity,EurovocConcept
http://eurovoc.europa.eu/4263,http://eurovoc.europa.eu/4263,financial statistics,financial statistics;24 FINANCE;financial market;2421 free movement of capital,24 FINANCE,2421 free movement of capital,EurovocConcept
http://eurovoc.europa.eu/4282,http://eurovoc.europa.eu/4282,financial autonomy,2436 public finance and budget policy;budget policy;financial autonomy;24 FINANCE,24 FINANCE,2436 public finance and budget policy,EurovocConcept
http://eurovoc.europa.eu/429,http://eurovoc.europa.eu/429,industrial development,industrial policy;industrial development;6806 industrial structures and policy;68 INDUSTRY,68 INDUSTRY,6806 industrial structures and policy,EurovocConcept
http://eurovoc.europa.eu/4293,http://eurovoc.europa.eu/4293,energy storage,energy storage;energy policy;66 ENERGY;6606 energy policy,66 ENERGY,6606 energy policy,EurovocConcept
http://eurovoc.europa.eu/4294,http://eurovoc.europa.eu/4294,storage of food,food technology;60 AGRI-FOODSTUFFS;6036 food technology;storage of food,60 AGRI-FOODSTUFFS,6036 food technology,EurovocConcept
http://eurovoc.europa.eu/4310,http://eurovoc.europa.eu/4310,export subsidy,export policy;export financing;20 TRADE;2006 trade policy;export subsidy,20 TRADE,2006 trade policy,EurovocConcept
http://eurovoc.europa.eu/4311,http://eurovoc.europa.eu/4311,food substitute,60 AGRI-FOODSTUFFS;processed food product;food substitute;6026 foodstuff,60 AGRI-FOODSTUFFS,6026 foodstuff,EurovocConcept
http://eurovoc.europa.eu/4318,http://eurovoc.europa.eu/4318,transport authorisation,transport authorisation;transport regulations;4806 transport policy;48 TRANSPORT,48 TRANSPORT,4806 transport policy,EurovocConcept
http://eurovoc.europa.eu/432,http://eurovoc.europa.eu/432,social development,28 SOCIAL QUESTIONS;social life;2826 social affairs;social development,28 SOCIAL QUESTIONS,2826 social affairs,EurovocConcept
http://eurovoc.europa.eu/435164,http://eurovoc.europa.eu/435164,energy cooperation,cooperation policy;08 INTERNATIONAL RELATIONS;0811 cooperation policy;energy cooperation,08 INTERNATIONAL RELATIONS,0811 cooperation policy,EurovocConcept
http://eurovoc.europa.eu/4356,http://eurovoc.europa.eu/4356,banking system,2416 financial institutions and credit;banking;banking system;24 FINANCE,24 FINANCE,2416 financial institutions and credit,EurovocConcept
http://eurovoc.europa.eu/4358,http://eurovoc.europa.eu/4358,farming system,"5616 farming systems;farming system;56 AGRICULTURE, FORESTRY AND FISHERIES","56 AGRICULTURE, FORESTRY AND FISHERIES",5616 farming systems,EurovocConcept
http://eurovoc.europa.eu/4361,http://eurovoc.europa.eu/4361,communications systems,communications systems;32 EDUCATION AND COMMUNICATIONS;3226 communications,32 EDUCATION AND COMMUNICATIONS,3226 communications,EurovocConcept
http://eurovoc.europa.eu/4379,http://eurovoc.europa.eu/4379,transportation tariff,4806 transport policy;transport price;48 TRANSPORT;transportation tariff,48 TRANSPORT,4806 transport policy,EurovocConcept
http://eurovoc.europa.eu/4382,http://eurovoc.europa.eu/4382,railway tariff,4806 transport policy;transport price;48 TRANSPORT;transportation tariff;railway tariff,48 TRANSPORT,4806 transport policy,EurovocConcept
http://eurovoc.europa.eu/4387,http://eurovoc.europa.eu/4387,charges for use of infrastructure,4806 transport policy;transport price;charges for use of infrastructure;48 TRANSPORT,48 TRANSPORT,4806 transport policy,EurovocConcept
http://eurovoc.europa.eu/4399,http://eurovoc.europa.eu/4399,export tax,2446 taxation;24 FINANCE;export tax;tax on consumption,24 FINANCE,2446 taxation,EurovocConcept
http://eurovoc.europa.eu/4400,http://eurovoc.europa.eu/4400,import tax,2446 taxation;24 FINANCE;import tax;tax on consumption,24 FINANCE,2446 taxation,EurovocConcept
http://eurovoc.europa.eu/4415,http://eurovoc.europa.eu/4415,technology,"64 PRODUCTION, TECHNOLOGY AND RESEARCH;technology;6411 technology and technical regulations","64 PRODUCTION, TECHNOLOGY AND RESEARCH",6411 technology and technical regulations,EurovocConcept
http://eurovoc.europa.eu/4416,http://eurovoc.europa.eu/4416,food technology,food technology;60 AGRI-FOODSTUFFS;6036 food technology,60 AGRI-FOODSTUFFS,6036 food technology,EurovocConcept
http://eurovoc.europa.eu/4417,http://eurovoc.europa.eu/4417,military aircraft,military aircraft;0821 defence;military equipment;08 INTERNATIONAL RELATIONS,08 INTERNATIONAL RELATIONS,0821 defence,EurovocConcept
http://eurovoc.europa.eu/4418,http://eurovoc.europa.eu/4418,materials technology,"materials technology;64 PRODUCTION, TECHNOLOGY AND RESEARCH;6411 technology and technical regulations","64 PRODUCTION, TECHNOLOGY AND RESEARCH",6411 technology and technical regulations,EurovocConcept
http://eurovoc.europa.eu/4419,http://eurovoc.europa.eu/4419,soft technology,"choice of technology;soft technology;64 PRODUCTION, TECHNOLOGY AND RESEARCH;technology;6411 technology and technical regulations","64 PRODUCTION, TECHNOLOGY AND RESEARCH",6411 technology and technical regulations,EurovocConcept
http://eurovoc.europa.eu/4420,http://eurovoc.europa.eu/4420,energy technology,66 ENERGY;energy technology;energy industry;6606 energy policy,66 ENERGY,6606 energy policy,EurovocConcept
http://eurovoc.europa.eu/4421,http://eurovoc.europa.eu/4421,intermediate technology,"choice of technology;64 PRODUCTION, TECHNOLOGY AND RESEARCH;intermediate technology;technology;6411 technology and technical regulations","64 PRODUCTION, TECHNOLOGY AND RESEARCH",6411 technology and technical regulations,EurovocConcept
http://eurovoc.europa.eu/4422,http://eurovoc.europa.eu/4422,nuclear technology,nuclear industry;6621 electrical and nuclear industries;66 ENERGY;nuclear technology,66 ENERGY,6621 electrical and nuclear industries,EurovocConcept
http://eurovoc.europa.eu/4423,http://eurovoc.europa.eu/4423,oil technology,6616 oil industry;oil technology;66 ENERGY;oil industry,66 ENERGY,6616 oil industry,EurovocConcept
http://eurovoc.europa.eu/4424,http://eurovoc.europa.eu/4424,telecommunications,communications systems;telecommunications;32 EDUCATION AND COMMUNICATIONS;3226 communications,32 EDUCATION AND COMMUNICATIONS,3226 communications,EurovocConcept
http://eurovoc.europa.eu/4427,http://eurovoc.europa.eu/4427,poultry farming,"5631 agricultural activity;livestock farming;poultry farming;56 AGRICULTURE, FORESTRY AND FISHERIES","56 AGRICULTURE, FORESTRY AND FISHERIES",5631 agricultural activity,EurovocConcept
http://eurovoc.europa.eu/447795,http://eurovoc.europa.eu/447795,European Institute of Innovation and Technology,EU office or agency;European Institute of Innovation and Technology;1006 EU institutions and European civil service;10 EUROPEAN UNION,10 EUROPEAN UNION,1006 EU institutions and European civil service,EurovocConcept
http://eurovoc.europa.eu/447917,http://eurovoc.europa.eu/447917,European Union Agency for the Cooperation of Energy Regulators,EU office or agency;European Union Agency for the Cooperation of Energy Regulators;1006 EU institutions and European civil service;10 EUROPEAN UNION,10 EUROPEAN UNION,1006 EU institutions and European civil service,EurovocConcept
http://eurovoc.europa.eu/4490,http://eurovoc.europa.eu/4490,plant health treatment,"5621 cultivation of agricultural land;cultivation techniques;plant health treatment;56 AGRICULTURE, FORESTRY AND FISHERIES","56 AGRICULTURE, FORESTRY AND FISHERIES",5621 cultivation of agricultural land,EurovocConcept
http://eurovoc.europa.eu/4491,http://eurovoc.europa.eu/4491,financial transaction,financial transaction;24 FINANCE;financial market;2421 free movement of capital,24 FINANCE,2421 free movement of capital,EurovocConcept
http://eurovoc.europa.eu/4496,http://eurovoc.europa.eu/4496,technology transfer,"64 PRODUCTION, TECHNOLOGY AND RESEARCH;technology transfer;technology;6411 technology and technical regulations","64 PRODUCTION, TECHNOLOGY AND RESEARCH",6411 technology and technical regulations,EurovocConcept
http://eurovoc.europa.eu/4498,http://eurovoc.europa.eu/4498,food processing,food technology;60 AGRI-FOODSTUFFS;6036 food technology;food processing,60 AGRI-FOODSTUFFS,6036 food technology,EurovocConcept
http://eurovoc.europa.eu/4505,http://eurovoc.europa.eu/4505,air transport,air transport;4826 air and space transport;48 TRANSPORT,48 TRANSPORT,4826 air and space transport,EurovocConcept
http://eurovoc.europa.eu/4506,http://eurovoc.europa.eu/4506,combined transport,4811 organisation of transport;combined transport;mode of transport;48 TRANSPORT,48 TRANSPORT,4811 organisation of transport,EurovocConcept
http://eurovoc.europa.eu/4507,http://eurovoc.europa.eu/4507,energy transport,energy transport;energy policy;66 ENERGY;6606 energy policy,66 ENERGY,6606 energy policy,EurovocConcept
http://eurovoc.europa.eu/4508,http://eurovoc.europa.eu/4508,hinterland transport,hinterland transport;destination of transport;4811 organisation of transport;48 TRANSPORT,48 TRANSPORT,4811 organisation of transport,EurovocConcept
http://eurovoc.europa.eu/4510,http://eurovoc.europa.eu/4510,surface transport,surface transport;4811 organisation of transport;mode of transport;48 TRANSPORT,48 TRANSPORT,4811 organisation of transport,EurovocConcept
http://eurovoc.europa.eu/4512,http://eurovoc.europa.eu/4512,public transport,public transport;carriage of passengers;4811 organisation of transport;organisation of transport;48 TRANSPORT,48 TRANSPORT,4811 organisation of transport,EurovocConcept
http://eurovoc.europa.eu/4514,http://eurovoc.europa.eu/4514,rail transport,rail transport;4816 land transport;48 TRANSPORT;land transport,48 TRANSPORT,4816 land transport,EurovocConcept
http://eurovoc.europa.eu/4515,http://eurovoc.europa.eu/4515,inland waterway transport,4821 maritime and inland waterway transport;inland waterway transport;48 TRANSPORT,48 TRANSPORT,4821 maritime and inland waterway transport,EurovocConcept
http://eurovoc.europa.eu/4516,http://eurovoc.europa.eu/4516,private means of transport,4811 organisation of transport;organisation of transport;48 TRANSPORT;private means of transport,48 TRANSPORT,4811 organisation of transport,EurovocConcept
http://eurovoc.europa.eu/4517,http://eurovoc.europa.eu/4517,intercontinental transport,destination of transport;4811 organisation of transport;48 TRANSPORT;intercontinental transport,48 TRANSPORT,4811 organisation of transport,EurovocConcept
http://eurovoc.europa.eu/4518,http://eurovoc.europa.eu/4518,inland transport,destination of transport;4811 organisation of transport;48 TRANSPORT;inland transport,48 TRANSPORT,4811 organisation of transport,EurovocConcept
http://eurovoc.europa.eu/4519,http://eurovoc.europa.eu/4519,international transport,destination of transport;4811 organisation of transport;48 TRANSPORT;international transport,48 TRANSPORT,4811 organisation of transport,EurovocConcept
http://eurovoc.europa.eu/4520,http://eurovoc.europa.eu/4520,international road transport,4816 land transport;international road transport;48 TRANSPORT;land transport;road transport,48 TRANSPORT,4816 land transport,EurovocConcept
http://eurovoc.europa.eu/4521,http://eurovoc.europa.eu/4521,intra-EU transport,destination of transport;4811 organisation of transport;intra-EU transport;48 TRANSPORT,48 TRANSPORT,4811 organisation of transport,EurovocConcept
http://eurovoc.europa.eu/4522,http://eurovoc.europa.eu/4522,maritime transport,maritime transport;4821 maritime and inland waterway transport;48 TRANSPORT,48 TRANSPORT,4821 maritime and inland waterway transport,EurovocConcept
http://eurovoc.europa.eu/4526,http://eurovoc.europa.eu/4526,national transport,national transport;destination of transport;4811 organisation of transport;48 TRANSPORT,48 TRANSPORT,4811 organisation of transport,EurovocConcept
http://eurovoc.europa.eu/4527,http://eurovoc.europa.eu/4527,cable transport,4811 organisation of transport;cable transport;mode of transport;48 TRANSPORT,48 TRANSPORT,4811 organisation of transport,EurovocConcept
http://eurovoc.europa.eu/4528,http://eurovoc.europa.eu/4528,pipeline transport,pipeline transport;4811 organisation of transport;mode of transport;48 TRANSPORT,48 TRANSPORT,4811 organisation of transport,EurovocConcept
http://eurovoc.europa.eu/4530,http://eurovoc.europa.eu/4530,own-account transport,own-account transport;4811 organisation of transport;organisation of transport;48 TRANSPORT,48 TRANSPORT,4811 organisation of transport,EurovocConcept
http://eurovoc.europa.eu/4532,http://eurovoc.europa.eu/4532,regional transport,destination of transport;4811 organisation of transport;regional transport;48 TRANSPORT,48 TRANSPORT,4811 organisation of transport,EurovocConcept
http://eurovoc.europa.eu/4533,http://eurovoc.europa.eu/4533,road transport,4816 land transport;48 TRANSPORT;land transport;road transport,48 TRANSPORT,4816 land transport,EurovocConcept
http://eurovoc.europa.eu/4534,http://eurovoc.europa.eu/4534,school transport,school life;32 EDUCATION AND COMMUNICATIONS;3216 organisation of teaching;school transport,32 EDUCATION AND COMMUNICATIONS,3216 organisation of teaching,EurovocConcept
http://eurovoc.europa.eu/4535,http://eurovoc.europa.eu/4535,semi-public transport,4811 organisation of transport;semi-public transport;organisation of transport;48 TRANSPORT,48 TRANSPORT,4811 organisation of transport,EurovocConcept
http://eurovoc.europa.eu/4536,http://eurovoc.europa.eu/4536,transport under customs control,transport policy;transport under customs control;4806 transport policy;48 TRANSPORT,48 TRANSPORT,4806 transport policy,EurovocConcept
http://eurovoc.europa.eu/4537,http://eurovoc.europa.eu/4537,underground transport,4811 organisation of transport;underground transport;mode of transport;48 TRANSPORT,48 TRANSPORT,4811 organisation of transport,EurovocConcept
http://eurovoc.europa.eu/4538,http://eurovoc.europa.eu/4538,suburban transport,4811 organisation of transport;suburban transport;urban transport;organisation of transport;48 TRANSPORT,48 TRANSPORT,4811 organisation of transport,EurovocConcept
http://eurovoc.europa.eu/4539,http://eurovoc.europa.eu/4539,land transport,4816 land transport;48 TRANSPORT;land transport,48 TRANSPORT,4816 land transport,EurovocConcept
http://eurovoc.europa.eu/4540,http://eurovoc.europa.eu/4540,cross-border transport,cross-border transport;destination of transport;4811 organisation of transport;48 TRANSPORT,48 TRANSPORT,4811 organisation of transport,EurovocConcept
http://eurovoc.europa.eu/4541,http://eurovoc.europa.eu/4541,urban transport,4811 organisation of transport;urban transport;organisation of transport;48 TRANSPORT,48 TRANSPORT,4811 organisation of transport,EurovocConcept
http://eurovoc.europa.eu/4622,http://eurovoc.europa.eu/4622,transport user,carriage of passengers;4811 organisation of transport;transport user;organisation of transport;48 TRANSPORT,48 TRANSPORT,4811 organisation of transport,EurovocConcept
http://eurovoc.europa.eu/4629,http://eurovoc.europa.eu/4629,energy use,energy use;energy policy;66 ENERGY;6606 energy policy;energy market,66 ENERGY,6606 energy policy,EurovocConcept
http://eurovoc.europa.eu/4631,http://eurovoc.europa.eu/4631,peaceful use of energy,energy policy;peaceful use of energy;66 ENERGY;6606 energy policy,66 ENERGY,6606 energy policy,EurovocConcept
http://eurovoc.europa.eu/464,http://eurovoc.europa.eu/464,medical centre,28 SOCIAL QUESTIONS;health service;medical centre;2841 health;health policy,28 SOCIAL QUESTIONS,2841 health,EurovocConcept
http://eurovoc.europa.eu/465,http://eurovoc.europa.eu/465,food resources,28 SOCIAL QUESTIONS;nutrition;2841 health;food resources,28 SOCIAL QUESTIONS,2841 health,EurovocConcept
http://eurovoc.europa.eu/466,http://eurovoc.europa.eu/466,available energy resources,energy policy;available energy resources;66 ENERGY;6606 energy policy;energy market,66 ENERGY,6606 energy policy,EurovocConcept
http://eurovoc.europa.eu/4664,http://eurovoc.europa.eu/4664,credit sale,credit sale;sale;20 TRADE;2031 marketing;commercial transaction,20 TRADE,2031 marketing,EurovocConcept
http://eurovoc.europa.eu/4731,http://eurovoc.europa.eu/4731,credit transfer,credit transfer;money market;money;24 FINANCE;deposit money;2411 monetary economics,24 FINANCE,2411 monetary economics,EurovocConcept
http://eurovoc.europa.eu/475,http://eurovoc.europa.eu/475,energy distribution,energy distribution;energy policy;66 ENERGY;6606 energy policy,66 ENERGY,6606 energy policy,EurovocConcept
http://eurovoc.europa.eu/477,http://eurovoc.europa.eu/477,electricity supply,28 SOCIAL QUESTIONS;electricity supply;urban infrastructure;town planning;2846 construction and town planning,28 SOCIAL QUESTIONS,2846 construction and town planning,EurovocConcept
http://eurovoc.europa.eu/480,http://eurovoc.europa.eu/480,diversification of exports,export policy;diversification of exports;20 TRADE;2006 trade policy,20 TRADE,2006 trade policy,EurovocConcept
http://eurovoc.europa.eu/4806,http://eurovoc.europa.eu/4806,development bank,2416 financial institutions and credit;bank;24 FINANCE;financial institution;development bank,24 FINANCE,2416 financial institutions and credit,EurovocConcept
http://eurovoc.europa.eu/4822,http://eurovoc.europa.eu/4822,military base,0821 defence;military base;08 INTERNATIONAL RELATIONS;defence policy,08 INTERNATIONAL RELATIONS,0821 defence,EurovocConcept
http://eurovoc.europa.eu/4886,http://eurovoc.europa.eu/4886,energy market,energy policy;66 ENERGY;6606 energy policy;energy market,66 ENERGY,6606 energy policy,EurovocConcept
http://eurovoc.europa.eu/4892,http://eurovoc.europa.eu/4892,bioenergy,soft energy;6626 soft energy;bioenergy;66 ENERGY,66 ENERGY,6626 soft energy,EurovocConcept
http://eurovoc.europa.eu/5015,http://eurovoc.europa.eu/5015,credit purchase,purchase;20 TRADE;2031 marketing;credit purchase;commercial transaction,20 TRADE,2031 marketing,EurovocConcept
http://eurovoc.europa.eu/5053,http://eurovoc.europa.eu/5053,defence budget,0821 defence;08 INTERNATIONAL RELATIONS;defence policy;defence budget,08 INTERNATIONAL RELATIONS,0821 defence,EurovocConcept
http://eurovoc.europa.eu/5124,http://eurovoc.europa.eu/5124,military sanctions,international affairs;0806 international affairs;military sanctions;08 INTERNATIONAL RELATIONS,08 INTERNATIONAL RELATIONS,0806 international affairs,EurovocConcept
http://eurovoc.europa.eu/5152,http://eurovoc.europa.eu/5152,transport capacity,transport capacity;4811 organisation of transport;organisation of transport;48 TRANSPORT,48 TRANSPORT,4811 organisation of transport,EurovocConcept
http://eurovoc.europa.eu/5181,http://eurovoc.europa.eu/5181,data protection,data protection;32 EDUCATION AND COMMUNICATIONS;3231 information and information processing;information policy,32 EDUCATION AND COMMUNICATIONS,3231 information and information processing,EurovocConcept
http://eurovoc.europa.eu/5188,http://eurovoc.europa.eu/5188,information technology,communications industry;32 EDUCATION AND COMMUNICATIONS;3226 communications;information technology,32 EDUCATION AND COMMUNICATIONS,3226 communications,EurovocConcept
http://eurovoc.europa.eu/5190,http://eurovoc.europa.eu/5190,video communications,communications systems;telecommunications;32 EDUCATION AND COMMUNICATIONS;3226 communications;video communications,32 EDUCATION AND COMMUNICATIONS,3226 communications,EurovocConcept
http://eurovoc.europa.eu/5191,http://eurovoc.europa.eu/5191,audiovisual communications policy,communications policy;32 EDUCATION AND COMMUNICATIONS;audiovisual communications policy;3226 communications,32 EDUCATION AND COMMUNICATIONS,3226 communications,EurovocConcept
http://eurovoc.europa.eu/5201,http://eurovoc.europa.eu/5201,self-sufficiency in energy,self-sufficiency in energy;energy policy;66 ENERGY;6606 energy policy,66 ENERGY,6606 energy policy,EurovocConcept
http://eurovoc.europa.eu/521,http://eurovoc.europa.eu/521,law of banking,law of banking;2416 financial institutions and credit;banking;24 FINANCE,24 FINANCE,2416 financial institutions and credit,EurovocConcept
http://eurovoc.europa.eu/5210,http://eurovoc.europa.eu/5210,waterway transport,4821 maritime and inland waterway transport;waterway transport;inland waterway transport;48 TRANSPORT,48 TRANSPORT,4821 maritime and inland waterway transport,EurovocConcept
http://eurovoc.europa.eu/5215,http://eurovoc.europa.eu/5215,road transport tariff,road transport tariff;4806 transport policy;transport price;48 TRANSPORT;transportation tariff,48 TRANSPORT,4806 transport policy,EurovocConcept
http://eurovoc.europa.eu/5237,http://eurovoc.europa.eu/5237,research and development,"64 PRODUCTION, TECHNOLOGY AND RESEARCH;research policy;6416 research and intellectual property;research and development","64 PRODUCTION, TECHNOLOGY AND RESEARCH",6416 research and intellectual property,EurovocConcept
http://eurovoc.europa.eu/5238,http://eurovoc.europa.eu/5238,space research,"64 PRODUCTION, TECHNOLOGY AND RESEARCH;space policy;space research;6416 research and intellectual property","64 PRODUCTION, TECHNOLOGY AND RESEARCH",6416 research and intellectual property,EurovocConcept
http://eurovoc.europa.eu/5239,http://eurovoc.europa.eu/5239,space technology,space transport;4826 air and space transport;space technology;48 TRANSPORT,48 TRANSPORT,4826 air and space transport,EurovocConcept
http://eurovoc.europa.eu/5243,http://eurovoc.europa.eu/5243,railway industry,6821 mechanical engineering;mechanical engineering;railway industry;68 INDUSTRY,68 INDUSTRY,6821 mechanical engineering,EurovocConcept
http://eurovoc.europa.eu/5305,http://eurovoc.europa.eu/5305,medical diagnosis,28 SOCIAL QUESTIONS;medicine;medical science;2841 health;medical diagnosis,28 SOCIAL QUESTIONS,2841 health,EurovocConcept
http://eurovoc.europa.eu/5307,http://eurovoc.europa.eu/5307,medical examination,28 SOCIAL QUESTIONS;medicine;medical science;2841 health;medical examination,28 SOCIAL QUESTIONS,2841 health,EurovocConcept
http://eurovoc.europa.eu/5333,http://eurovoc.europa.eu/5333,impact of information technology,computer systems;impact of information technology;32 EDUCATION AND COMMUNICATIONS;3236 information technology and data processing,32 EDUCATION AND COMMUNICATIONS,3236 information technology and data processing,EurovocConcept
http://eurovoc.europa.eu/5335,http://eurovoc.europa.eu/5335,military intervention,0816 international security;military intervention;08 INTERNATIONAL RELATIONS;international conflict,08 INTERNATIONAL RELATIONS,0816 international security,EurovocConcept
http://eurovoc.europa.eu/5337,http://eurovoc.europa.eu/5337,development worker,development worker;aid policy;08 INTERNATIONAL RELATIONS;0811 cooperation policy,08 INTERNATIONAL RELATIONS,0811 cooperation policy,EurovocConcept
http://eurovoc.europa.eu/534,http://eurovoc.europa.eu/534,energy law,energy law;energy policy;66 ENERGY;6606 energy policy,66 ENERGY,6606 energy policy,EurovocConcept
http://eurovoc.europa.eu/5354,http://eurovoc.europa.eu/5354,Joint Research Centre,EU office or agency;Joint Research Centre;1006 EU institutions and European civil service;10 EUROPEAN UNION,10 EUROPEAN UNION,1006 EU institutions and European civil service,EurovocConcept
http://eurovoc.europa.eu/5361,http://eurovoc.europa.eu/5361,food cereals,6006 plant product;60 AGRI-FOODSTUFFS;food cereals;cereals,60 AGRI-FOODSTUFFS,6006 plant product,EurovocConcept
http://eurovoc.europa.eu/5369,http://eurovoc.europa.eu/5369,health certificate,2011 tariff policy;customs document;customs regulations;20 TRADE;health certificate,20 TRADE,2011 tariff policy,EurovocConcept
http://eurovoc.europa.eu/5373,http://eurovoc.europa.eu/5373,cessation of farming,"5611 agricultural structures and production;policy on agricultural structures;cessation of farming;56 AGRICULTURE, FORESTRY AND FISHERIES","56 AGRICULTURE, FORESTRY AND FISHERIES",5611 agricultural structures and production,EurovocConcept
http://eurovoc.europa.eu/5410,http://eurovoc.europa.eu/5410,electricity storage device,electrical engineering;6826 electronics and electrical engineering;electricity storage device;electrical equipment;68 INDUSTRY,68 INDUSTRY,6826 electronics and electrical engineering,EurovocConcept
http://eurovoc.europa.eu/5419,http://eurovoc.europa.eu/5419,adaptation of financial perspectives,drawing up of the EU budget;multiannual financial framework;budgetary discipline (EU);10 EUROPEAN UNION;adaptation of financial perspectives;1021 EU finance,10 EUROPEAN UNION,1021 EU finance,EurovocConcept
http://eurovoc.europa.eu/5427,http://eurovoc.europa.eu/5427,European Agency for Safety and Health at Work,EU office or agency;1006 EU institutions and European civil service;10 EUROPEAN UNION;European Agency for Safety and Health at Work,10 EUROPEAN UNION,1006 EU institutions and European civil service,EurovocConcept
http://eurovoc.europa.eu/5441,http://eurovoc.europa.eu/5441,information technology applications,32 EDUCATION AND COMMUNICATIONS;computer system;3236 information technology and data processing;information technology applications,32 EDUCATION AND COMMUNICATIONS,3236 information technology and data processing,EurovocConcept
http://eurovoc.europa.eu/549,http://eurovoc.europa.eu/549,insurance law,2431 insurance;24 FINANCE;insurance law;insurance,24 FINANCE,2431 insurance,EurovocConcept
http://eurovoc.europa.eu/5537,http://eurovoc.europa.eu/5537,financial compensation of an agreement,0806 international affairs;international agreement;financial compensation of an agreement;08 INTERNATIONAL RELATIONS,08 INTERNATIONAL RELATIONS,0806 international affairs,EurovocConcept
http://eurovoc.europa.eu/5542,http://eurovoc.europa.eu/5542,export monitoring,export policy;20 TRADE;2006 trade policy;export monitoring,20 TRADE,2006 trade policy,EurovocConcept
http://eurovoc.europa.eu/555,http://eurovoc.europa.eu/555,transport law,transport policy;transport law;4806 transport policy;48 TRANSPORT,48 TRANSPORT,4806 transport policy,EurovocConcept
http://eurovoc.europa.eu/5578,http://eurovoc.europa.eu/5578,research expenditure (EU),EU expenditure;research expenditure (EU);operational expenditure (EU);10 EUROPEAN UNION;1021 EU finance,10 EUROPEAN UNION,1021 EU finance,EurovocConcept
http://eurovoc.europa.eu/559,http://eurovoc.europa.eu/559,part-time farming,"5616 farming systems;farming system;56 AGRICULTURE, FORESTRY AND FISHERIES;part-time farming","56 AGRICULTURE, FORESTRY AND FISHERIES",5616 farming systems,EurovocConcept
http://eurovoc.europa.eu/5591,http://eurovoc.europa.eu/5591,military discipline,0821 defence;08 INTERNATIONAL RELATIONS;armed forces;military discipline,08 INTERNATIONAL RELATIONS,0821 defence,EurovocConcept
http://eurovoc.europa.eu/5594,http://eurovoc.europa.eu/5594,medical data,28 SOCIAL QUESTIONS;medicine;medical data;medical science;2841 health,28 SOCIAL QUESTIONS,2841 health,EurovocConcept
http://eurovoc.europa.eu/560,http://eurovoc.europa.eu/560,financial legislation,24 FINANCE;financial legislation;free movement of capital;2421 free movement of capital,24 FINANCE,2421 free movement of capital,EurovocConcept
http://eurovoc.europa.eu/5610,http://eurovoc.europa.eu/5610,military training,0821 defence;08 INTERNATIONAL RELATIONS;armed forces;military training,08 INTERNATIONAL RELATIONS,0821 defence,EurovocConcept
http://eurovoc.europa.eu/5633,http://eurovoc.europa.eu/5633,expert's report ordered by a court,expert's report ordered by a court;legal hearing;1221 justice;12 LAW;judicial proceedings,12 LAW,1221 justice,EurovocConcept
http://eurovoc.europa.eu/568,http://eurovoc.europa.eu/568,organic farming,"5621 cultivation of agricultural land;cultivation system;organic farming;56 AGRICULTURE, FORESTRY AND FISHERIES","56 AGRICULTURE, FORESTRY AND FISHERIES",5621 cultivation of agricultural land,EurovocConcept
http://eurovoc.europa.eu/5689,http://eurovoc.europa.eu/5689,food poisoning,28 SOCIAL QUESTIONS;nutrition;2841 health;food poisoning,28 SOCIAL QUESTIONS,2841 health,EurovocConcept
http://eurovoc.europa.eu/5723,http://eurovoc.europa.eu/5723,sporting event,sport;28 SOCIAL QUESTIONS;2826 social affairs;leisure;sporting event,28 SOCIAL QUESTIONS,2826 social affairs,EurovocConcept
http://eurovoc.europa.eu/5724,http://eurovoc.europa.eu/5724,military manoeuvres,0821 defence;08 INTERNATIONAL RELATIONS;armed forces;military manoeuvres;military training,08 INTERNATIONAL RELATIONS,0821 defence,EurovocConcept
http://eurovoc.europa.eu/5731,http://eurovoc.europa.eu/5731,standard agreement health care,28 SOCIAL QUESTIONS;standard agreement health care;2841 health;health policy;health care system,28 SOCIAL QUESTIONS,2841 health,EurovocConcept
http://eurovoc.europa.eu/5764,http://eurovoc.europa.eu/5764,organisation of health care,28 SOCIAL QUESTIONS;organisation of health care;2841 health;health policy,28 SOCIAL QUESTIONS,2841 health,EurovocConcept
http://eurovoc.europa.eu/5766,http://eurovoc.europa.eu/5766,sports body,sport;28 SOCIAL QUESTIONS;sports body;2826 social affairs;leisure,28 SOCIAL QUESTIONS,2826 social affairs,EurovocConcept
http://eurovoc.europa.eu/577,http://eurovoc.europa.eu/577,commercial farming,"5616 farming systems;farming system;commercial farming;56 AGRICULTURE, FORESTRY AND FISHERIES","56 AGRICULTURE, FORESTRY AND FISHERIES",5616 farming systems,EurovocConcept
http://eurovoc.europa.eu/5786,http://eurovoc.europa.eu/5786,military personnel,0821 defence;08 INTERNATIONAL RELATIONS;armed forces;military personnel,08 INTERNATIONAL RELATIONS,0821 defence,EurovocConcept
http://eurovoc.europa.eu/5787,http://eurovoc.europa.eu/5787,multiannual financial framework,drawing up of the EU budget;multiannual financial framework;budgetary discipline (EU);10 EUROPEAN UNION;1021 EU finance,10 EUROPEAN UNION,1021 EU finance,EurovocConcept
http://eurovoc.europa.eu/5788,http://eurovoc.europa.eu/5788,common foreign and security policy,European Union;common foreign and security policy;10 EUROPEAN UNION;1016 European construction,10 EUROPEAN UNION,1016 European construction,EurovocConcept
http://eurovoc.europa.eu/5827,http://eurovoc.europa.eu/5827,financial protocol,financial protocol;protocol to an agreement;0806 international affairs;international agreement;08 INTERNATIONAL RELATIONS,08 INTERNATIONAL RELATIONS,0806 international affairs,EurovocConcept
http://eurovoc.europa.eu/5843,http://eurovoc.europa.eu/5843,export customs procedure,2011 tariff policy;export customs procedure;20 TRADE;EU customs procedure,20 TRADE,2011 tariff policy,EurovocConcept
http://eurovoc.europa.eu/586,http://eurovoc.europa.eu/586,contract farming,"contract farming;type of tenure;5616 farming systems;56 AGRICULTURE, FORESTRY AND FISHERIES","56 AGRICULTURE, FORESTRY AND FISHERIES",5616 farming systems,EurovocConcept
http://eurovoc.europa.eu/5861,http://eurovoc.europa.eu/5861,energy grid,energy policy;66 ENERGY;energy grid;6606 energy policy,66 ENERGY,6606 energy policy,EurovocConcept
http://eurovoc.europa.eu/5872,http://eurovoc.europa.eu/5872,revision of financial perspectives,revision of financial perspectives;drawing up of the EU budget;multiannual financial framework;budgetary discipline (EU);10 EUROPEAN UNION;1021 EU finance,10 EUROPEAN UNION,1021 EU finance,EurovocConcept
http://eurovoc.europa.eu/5877,http://eurovoc.europa.eu/5877,animal health,"5631 agricultural activity;animal health;56 AGRICULTURE, FORESTRY AND FISHERIES","56 AGRICULTURE, FORESTRY AND FISHERIES",5631 agricultural activity,EurovocConcept
http://eurovoc.europa.eu/5878,http://eurovoc.europa.eu/5878,mental health,28 SOCIAL QUESTIONS;mental health;organisation of health care;2841 health;health policy,28 SOCIAL QUESTIONS,2841 health,EurovocConcept
http://eurovoc.europa.eu/5881,http://eurovoc.europa.eu/5881,medical science,28 SOCIAL QUESTIONS;medical science;2841 health,28 SOCIAL QUESTIONS,2841 health,EurovocConcept
http://eurovoc.europa.eu/5888,http://eurovoc.europa.eu/5888,security services,security services;6846 miscellaneous industries;miscellaneous industries;service industry;68 INDUSTRY,68 INDUSTRY,6846 miscellaneous industries,EurovocConcept
http://eurovoc.europa.eu/5894,http://eurovoc.europa.eu/5894,State health service,28 SOCIAL QUESTIONS;State health service;2841 health;health policy;health care system,28 SOCIAL QUESTIONS,2841 health,EurovocConcept
http://eurovoc.europa.eu/5899,http://eurovoc.europa.eu/5899,health care,28 SOCIAL QUESTIONS;organisation of health care;2841 health;health policy;health care,28 SOCIAL QUESTIONS,2841 health,EurovocConcept
http://eurovoc.europa.eu/5902,http://eurovoc.europa.eu/5902,medical specialisation,28 SOCIAL QUESTIONS;medicine;medical specialisation;medical science;2841 health,28 SOCIAL QUESTIONS,2841 health,EurovocConcept
http://eurovoc.europa.eu/5907,http://eurovoc.europa.eu/5907,health statistics,28 SOCIAL QUESTIONS;2841 health;health policy;health statistics,28 SOCIAL QUESTIONS,2841 health,EurovocConcept
http://eurovoc.europa.eu/5908,http://eurovoc.europa.eu/5908,transport statistics,transport policy;4806 transport policy;48 TRANSPORT;transport statistics,48 TRANSPORT,4806 transport policy,EurovocConcept
http://eurovoc.europa.eu/5921,http://eurovoc.europa.eu/5921,health care system,28 SOCIAL QUESTIONS;2841 health;health policy;health care system,28 SOCIAL QUESTIONS,2841 health,EurovocConcept
http://eurovoc.europa.eu/5928,http://eurovoc.europa.eu/5928,dual-use technology,"64 PRODUCTION, TECHNOLOGY AND RESEARCH;technology;dual-use technology;6411 technology and technical regulations","64 PRODUCTION, TECHNOLOGY AND RESEARCH",6411 technology and technical regulations,EurovocConcept
http://eurovoc.europa.eu/5938,http://eurovoc.europa.eu/5938,transport of patients,28 SOCIAL QUESTIONS;organisation of health care;2841 health;health policy;transport of patients,28 SOCIAL QUESTIONS,2841 health,EurovocConcept
http://eurovoc.europa.eu/5949,http://eurovoc.europa.eu/5949,information technology user,32 EDUCATION AND COMMUNICATIONS;computer system;3236 information technology and data processing;information technology user,32 EDUCATION AND COMMUNICATIONS,3236 information technology and data processing,EurovocConcept
http://eurovoc.europa.eu/595,http://eurovoc.europa.eu/595,group farming,"5616 farming systems;farming system;group farming;grouping of farms;56 AGRICULTURE, FORESTRY AND FISHERIES","56 AGRICULTURE, FORESTRY AND FISHERIES",5616 farming systems,EurovocConcept
http://eurovoc.europa.eu/5967,http://eurovoc.europa.eu/5967,food chemistry,6031 agri-foodstuffs;60 AGRI-FOODSTUFFS;agri-foodstuffs;food chemistry,60 AGRI-FOODSTUFFS,6031 agri-foodstuffs,EurovocConcept
http://eurovoc.europa.eu/5973,http://eurovoc.europa.eu/5973,choice of technology,"choice of technology;64 PRODUCTION, TECHNOLOGY AND RESEARCH;technology;6411 technology and technical regulations","64 PRODUCTION, TECHNOLOGY AND RESEARCH",6411 technology and technical regulations,EurovocConcept
http://eurovoc.europa.eu/6039,http://eurovoc.europa.eu/6039,food colouring,60 AGRI-FOODSTUFFS;6036 food technology;food colouring;food additive,60 AGRI-FOODSTUFFS,6036 food technology,EurovocConcept
http://eurovoc.europa.eu/604,http://eurovoc.europa.eu/604,hill farming,"hill farming;regional farm policy;agricultural policy;5606 agricultural policy;56 AGRICULTURE, FORESTRY AND FISHERIES","56 AGRICULTURE, FORESTRY AND FISHERIES",5606 agricultural policy,EurovocConcept
http://eurovoc.europa.eu/6040,http://eurovoc.europa.eu/6040,artificial food colouring,artificial food colouring;60 AGRI-FOODSTUFFS;6036 food technology;food colouring;food additive,60 AGRI-FOODSTUFFS,6036 food technology,EurovocConcept
http://eurovoc.europa.eu/6041,http://eurovoc.europa.eu/6041,natural food colouring,60 AGRI-FOODSTUFFS;6036 food technology;food colouring;food additive;natural food colouring,60 AGRI-FOODSTUFFS,6036 food technology,EurovocConcept
http://eurovoc.europa.eu/6048,http://eurovoc.europa.eu/6048,EU agriculture committee,"EU agriculture committee;common agricultural policy;5606 agricultural policy;56 AGRICULTURE, FORESTRY AND FISHERIES;common organisation of markets","56 AGRICULTURE, FORESTRY AND FISHERIES",5606 agricultural policy,EurovocConcept
http://eurovoc.europa.eu/6052,http://eurovoc.europa.eu/6052,food additive,60 AGRI-FOODSTUFFS;6036 food technology;food additive,60 AGRI-FOODSTUFFS,6036 food technology,EurovocConcept
http://eurovoc.europa.eu/6079,http://eurovoc.europa.eu/6079,European Energy Charter,energy policy;European Energy Charter;66 ENERGY;6606 energy policy,66 ENERGY,6606 energy policy,EurovocConcept
http://eurovoc.europa.eu/6133,http://eurovoc.europa.eu/6133,principle of proportionality,principle of proportionality;EU competence;EU legal system;1011 European Union law;10 EUROPEAN UNION,10 EUROPEAN UNION,1011 European Union law,EurovocConcept
http://eurovoc.europa.eu/6139,http://eurovoc.europa.eu/6139,regulation of telecommunications,communications systems;telecommunications;32 EDUCATION AND COMMUNICATIONS;3226 communications;regulation of telecommunications,32 EDUCATION AND COMMUNICATIONS,3226 communications,EurovocConcept
http://eurovoc.europa.eu/615,http://eurovoc.europa.eu/615,subsistence farming,"5616 farming systems;farming system;subsistence farming;56 AGRICULTURE, FORESTRY AND FISHERIES","56 AGRICULTURE, FORESTRY AND FISHERIES",5616 farming systems,EurovocConcept
http://eurovoc.europa.eu/6222,http://eurovoc.europa.eu/6222,"area of freedom, security and justice","European Union;area of freedom, security and justice;10 EUROPEAN UNION;1016 European construction",10 EUROPEAN UNION,1016 European construction,EurovocConcept
http://eurovoc.europa.eu/624,http://eurovoc.europa.eu/624,extensive farming,"5621 cultivation of agricultural land;cultivation system;56 AGRICULTURE, FORESTRY AND FISHERIES;extensive farming","56 AGRICULTURE, FORESTRY AND FISHERIES",5621 cultivation of agricultural land,EurovocConcept
http://eurovoc.europa.eu/6268,http://eurovoc.europa.eu/6268,surveillance concerning imports,import policy;20 TRADE;surveillance concerning imports;2006 trade policy,20 TRADE,2006 trade policy,EurovocConcept
http://eurovoc.europa.eu/6288,http://eurovoc.europa.eu/6288,High Representative of the Union for Foreign Affairs and Security Policy,EU body;High Representative of the Union for Foreign Affairs and Security Policy;1006 EU institutions and European civil service;10 EUROPEAN UNION;European External Action Service,10 EUROPEAN UNION,1006 EU institutions and European civil service,EurovocConcept
http://eurovoc.europa.eu/6297,http://eurovoc.europa.eu/6297,diffusion of innovations,"64 PRODUCTION, TECHNOLOGY AND RESEARCH;technology transfer;technology;diffusion of innovations;6411 technology and technical regulations","64 PRODUCTION, TECHNOLOGY AND RESEARCH",6411 technology and technical regulations,EurovocConcept
http://eurovoc.europa.eu/6299,http://eurovoc.europa.eu/6299,obsolete technology,"64 PRODUCTION, TECHNOLOGY AND RESEARCH;obsolete technology;technology;6411 technology and technical regulations","64 PRODUCTION, TECHNOLOGY AND RESEARCH",6411 technology and technical regulations,EurovocConcept
http://eurovoc.europa.eu/6302,http://eurovoc.europa.eu/6302,organisation of research,"organisation of research;64 PRODUCTION, TECHNOLOGY AND RESEARCH;6416 research and intellectual property;research","64 PRODUCTION, TECHNOLOGY AND RESEARCH",6416 research and intellectual property,EurovocConcept
http://eurovoc.europa.eu/6305,http://eurovoc.europa.eu/6305,field research,"field research;64 PRODUCTION, TECHNOLOGY AND RESEARCH;6416 research and intellectual property;research","64 PRODUCTION, TECHNOLOGY AND RESEARCH",6416 research and intellectual property,EurovocConcept
http://eurovoc.europa.eu/6306,http://eurovoc.europa.eu/6306,research results,"64 PRODUCTION, TECHNOLOGY AND RESEARCH;6416 research and intellectual property;research results;research","64 PRODUCTION, TECHNOLOGY AND RESEARCH",6416 research and intellectual property,EurovocConcept
http://eurovoc.europa.eu/6308,http://eurovoc.europa.eu/6308,sustainable agriculture,"agricultural policy;sustainable agriculture;5606 agricultural policy;56 AGRICULTURE, FORESTRY AND FISHERIES","56 AGRICULTURE, FORESTRY AND FISHERIES",5606 agricultural policy,EurovocConcept
http://eurovoc.europa.eu/6312,http://eurovoc.europa.eu/6312,farming project,"common agricultural policy;farming project;5606 agricultural policy;56 AGRICULTURE, FORESTRY AND FISHERIES;farm development plan","56 AGRICULTURE, FORESTRY AND FISHERIES",5606 agricultural policy,EurovocConcept
http://eurovoc.europa.eu/6317,http://eurovoc.europa.eu/6317,irrigated agriculture,"5621 cultivation of agricultural land;cultivation system;56 AGRICULTURE, FORESTRY AND FISHERIES;irrigated agriculture","56 AGRICULTURE, FORESTRY AND FISHERIES",5621 cultivation of agricultural land,EurovocConcept
http://eurovoc.europa.eu/6320,http://eurovoc.europa.eu/6320,energy crop,"5631 agricultural activity;crop production;56 AGRICULTURE, FORESTRY AND FISHERIES;energy crop","56 AGRICULTURE, FORESTRY AND FISHERIES",5631 agricultural activity,EurovocConcept
http://eurovoc.europa.eu/6339,http://eurovoc.europa.eu/6339,agricultural credit,credit;2416 financial institutions and credit;24 FINANCE;agricultural credit,24 FINANCE,2416 financial institutions and credit,EurovocConcept
http://eurovoc.europa.eu/636,http://eurovoc.europa.eu/636,intensive farming,"5621 cultivation of agricultural land;intensive farming;cultivation system;56 AGRICULTURE, FORESTRY AND FISHERIES","56 AGRICULTURE, FORESTRY AND FISHERIES",5621 cultivation of agricultural land,EurovocConcept
http://eurovoc.europa.eu/6379,http://eurovoc.europa.eu/6379,military secret,military secret;0821 defence;08 INTERNATIONAL RELATIONS;defence policy,08 INTERNATIONAL RELATIONS,0821 defence,EurovocConcept
http://eurovoc.europa.eu/6380,http://eurovoc.europa.eu/6380,defence statistics,0821 defence;08 INTERNATIONAL RELATIONS;defence policy;defence statistics,08 INTERNATIONAL RELATIONS,0821 defence,EurovocConcept
http://eurovoc.europa.eu/642,http://eurovoc.europa.eu/642,energy saving,energy saving;energy policy;66 ENERGY;6606 energy policy,66 ENERGY,6606 energy policy,EurovocConcept
http://eurovoc.europa.eu/645,http://eurovoc.europa.eu/645,Mediterranean agriculture,"Mediterranean agriculture;regional farm policy;agricultural policy;5606 agricultural policy;56 AGRICULTURE, FORESTRY AND FISHERIES","56 AGRICULTURE, FORESTRY AND FISHERIES",5606 agricultural policy,EurovocConcept
http://eurovoc.europa.eu/648,http://eurovoc.europa.eu/648,transport economics,transport policy;4806 transport policy;transport economics;48 TRANSPORT,48 TRANSPORT,4806 transport policy,EurovocConcept
http://eurovoc.europa.eu/656,http://eurovoc.europa.eu/656,agri-foodstuffs,6031 agri-foodstuffs;60 AGRI-FOODSTUFFS;agri-foodstuffs,60 AGRI-FOODSTUFFS,6031 agri-foodstuffs,EurovocConcept
http://eurovoc.europa.eu/6564,http://eurovoc.europa.eu/6564,universal health coverage,28 SOCIAL QUESTIONS;social security;2836 social protection;universal health coverage,28 SOCIAL QUESTIONS,2836 social protection,EurovocConcept
http://eurovoc.europa.eu/6565,http://eurovoc.europa.eu/6565,medical law,28 SOCIAL QUESTIONS;organisation of health care;2841 health;health policy;medical law,28 SOCIAL QUESTIONS,2841 health,EurovocConcept
http://eurovoc.europa.eu/6566,http://eurovoc.europa.eu/6566,medical error,28 SOCIAL QUESTIONS;patient's rights;organisation of health care;2841 health;health policy;medical error;medical law,28 SOCIAL QUESTIONS,2841 health,EurovocConcept
http://eurovoc.europa.eu/6569,http://eurovoc.europa.eu/6569,food safety,28 SOCIAL QUESTIONS;food safety;nutrition;2841 health,28 SOCIAL QUESTIONS,2841 health,EurovocConcept
http://eurovoc.europa.eu/6628,http://eurovoc.europa.eu/6628,right to health,social rights;12 LAW;1236 rights and freedoms;right to health,12 LAW,1236 rights and freedoms,EurovocConcept
http://eurovoc.europa.eu/6697,http://eurovoc.europa.eu/6697,energy diversification,energy diversification;energy policy;66 ENERGY;6606 energy policy,66 ENERGY,6606 energy policy,EurovocConcept
http://eurovoc.europa.eu/6700,http://eurovoc.europa.eu/6700,energy efficiency,energy efficiency;energy policy;66 ENERGY;6606 energy policy;energy market,66 ENERGY,6606 energy policy,EurovocConcept
http://eurovoc.europa.eu/6703,http://eurovoc.europa.eu/6703,nuclear research,nuclear industry;6621 electrical and nuclear industries;nuclear policy;66 ENERGY;nuclear research,66 ENERGY,6621 electrical and nuclear industries,EurovocConcept
http://eurovoc.europa.eu/6709,http://eurovoc.europa.eu/6709,common security and defence policy,European Union;common security and defence policy;common foreign and security policy;10 EUROPEAN UNION;1016 European construction,10 EUROPEAN UNION,1016 European construction,EurovocConcept
http://eurovoc.europa.eu/6741,http://eurovoc.europa.eu/6741,emergency medical treatment,emergency medical treatment;28 SOCIAL QUESTIONS;medicine;medical science;2841 health,28 SOCIAL QUESTIONS,2841 health,EurovocConcept
http://eurovoc.europa.eu/6774,http://eurovoc.europa.eu/6774,telecommunications policy,communications systems;telecommunications policy;telecommunications;32 EDUCATION AND COMMUNICATIONS;3226 communications,32 EDUCATION AND COMMUNICATIONS,3226 communications,EurovocConcept
http://eurovoc.europa.eu/6789,http://eurovoc.europa.eu/6789,food supplement,60 AGRI-FOODSTUFFS;processed food product;food supplement;6026 foodstuff,60 AGRI-FOODSTUFFS,6026 foodstuff,EurovocConcept
http://eurovoc.europa.eu/680,http://eurovoc.europa.eu/680,health education,3211 teaching;general education;32 EDUCATION AND COMMUNICATIONS;health education,32 EDUCATION AND COMMUNICATIONS,3211 teaching,EurovocConcept
http://eurovoc.europa.eu/6851,http://eurovoc.europa.eu/6851,intelligent transport system,4811 organisation of transport;intelligent transport system;organisation of transport;48 TRANSPORT,48 TRANSPORT,4811 organisation of transport,EurovocConcept
http://eurovoc.europa.eu/6904,http://eurovoc.europa.eu/6904,medical report,28 SOCIAL QUESTIONS;medicine;medical report;medical science;2841 health,28 SOCIAL QUESTIONS,2841 health,EurovocConcept
http://eurovoc.europa.eu/6911,http://eurovoc.europa.eu/6911,port administration,4821 maritime and inland waterway transport;ports policy;48 TRANSPORT;port administration,48 TRANSPORT,4821 maritime and inland waterway transport,EurovocConcept
http://eurovoc.europa.eu/6917,http://eurovoc.europa.eu/6917,cooperation on agriculture,cooperation policy;cooperation on agriculture;08 INTERNATIONAL RELATIONS;0811 cooperation policy,08 INTERNATIONAL RELATIONS,0811 cooperation policy,EurovocConcept
http://eurovoc.europa.eu/6927,http://eurovoc.europa.eu/6927,regional security,international security;0816 international security;08 INTERNATIONAL RELATIONS;regional security,08 INTERNATIONAL RELATIONS,0816 international security,EurovocConcept
http://eurovoc.europa.eu/69780,http://eurovoc.europa.eu/69780,child development,28 SOCIAL QUESTIONS;public health;child development;organisation of health care;2841 health;health policy,28 SOCIAL QUESTIONS,2841 health,EurovocConcept
http://eurovoc.europa.eu/711,http://eurovoc.europa.eu/711,livestock farming,"5631 agricultural activity;livestock farming;56 AGRICULTURE, FORESTRY AND FISHERIES","56 AGRICULTURE, FORESTRY AND FISHERIES",5631 agricultural activity,EurovocConcept
http://eurovoc.europa.eu/7126,http://eurovoc.europa.eu/7126,European Food Safety Authority,European Food Safety Authority;EU office or agency;1006 EU institutions and European civil service;10 EUROPEAN UNION,10 EUROPEAN UNION,1006 EU institutions and European civil service,EurovocConcept
http://eurovoc.europa.eu/713,http://eurovoc.europa.eu/713,free-range farming,"5631 agricultural activity;livestock farming;56 AGRICULTURE, FORESTRY AND FISHERIES;free-range farming","56 AGRICULTURE, FORESTRY AND FISHERIES",5631 agricultural activity,EurovocConcept
http://eurovoc.europa.eu/7130,http://eurovoc.europa.eu/7130,scientific report,report;3221 documentation;document;32 EDUCATION AND COMMUNICATIONS;scientific report,32 EDUCATION AND COMMUNICATIONS,3221 documentation,EurovocConcept
http://eurovoc.europa.eu/7135,http://eurovoc.europa.eu/7135,reproductive health,28 SOCIAL QUESTIONS;public health;organisation of health care;reproductive health;2841 health;health policy,28 SOCIAL QUESTIONS,2841 health,EurovocConcept
http://eurovoc.europa.eu/714,http://eurovoc.europa.eu/714,crustacean farming,"aquaculture;crustacean farming;5641 fisheries;56 AGRICULTURE, FORESTRY AND FISHERIES","56 AGRICULTURE, FORESTRY AND FISHERIES",5641 fisheries,EurovocConcept
http://eurovoc.europa.eu/715,http://eurovoc.europa.eu/715,intensive livestock farming,"5631 agricultural activity;intensive livestock farming;livestock farming;56 AGRICULTURE, FORESTRY AND FISHERIES","56 AGRICULTURE, FORESTRY AND FISHERIES",5631 agricultural activity,EurovocConcept
http://eurovoc.europa.eu/71651,http://eurovoc.europa.eu/71651,disruptive technology,"64 PRODUCTION, TECHNOLOGY AND RESEARCH;disruptive technology;innovation;6416 research and intellectual property;research","64 PRODUCTION, TECHNOLOGY AND RESEARCH",6416 research and intellectual property,EurovocConcept
http://eurovoc.europa.eu/7195,http://eurovoc.europa.eu/7195,personal development,28 SOCIAL QUESTIONS;personal development;social life;2826 social affairs,28 SOCIAL QUESTIONS,2826 social affairs,EurovocConcept
http://eurovoc.europa.eu/7219,http://eurovoc.europa.eu/7219,digital technology,"64 PRODUCTION, TECHNOLOGY AND RESEARCH;technology;digital technology;6411 technology and technical regulations","64 PRODUCTION, TECHNOLOGY AND RESEARCH",6411 technology and technical regulations,EurovocConcept
http://eurovoc.europa.eu/7222,http://eurovoc.europa.eu/7222,Food and Veterinary Office,EU office or agency;Food and Veterinary Office;1006 EU institutions and European civil service;10 EUROPEAN UNION,10 EUROPEAN UNION,1006 EU institutions and European civil service,EurovocConcept
http://eurovoc.europa.eu/72687,http://eurovoc.europa.eu/72687,One Health approach,28 SOCIAL QUESTIONS;2841 health;health policy;One Health approach,28 SOCIAL QUESTIONS,2841 health,EurovocConcept
http://eurovoc.europa.eu/730,http://eurovoc.europa.eu/730,transport accident,transport policy;transport accident;transport safety;4806 transport policy;48 TRANSPORT,48 TRANSPORT,4806 transport policy,EurovocConcept
http://eurovoc.europa.eu/7340,http://eurovoc.europa.eu/7340,military science,0821 defence;military science;08 INTERNATIONAL RELATIONS;defence policy,08 INTERNATIONAL RELATIONS,0821 defence,EurovocConcept
http://eurovoc.europa.eu/7349,http://eurovoc.europa.eu/7349,military criminal law,1216 criminal law;criminal law;12 LAW;military criminal law,12 LAW,1216 criminal law,EurovocConcept
http://eurovoc.europa.eu/7358,http://eurovoc.europa.eu/7358,railway station,rail network;rail transport;4816 land transport;48 TRANSPORT;land transport;railway station,48 TRANSPORT,4816 land transport,EurovocConcept
http://eurovoc.europa.eu/741,http://eurovoc.europa.eu/741,food emulsifier,food emulsifier;60 AGRI-FOODSTUFFS;6036 food technology;food additive,60 AGRI-FOODSTUFFS,6036 food technology,EurovocConcept
http://eurovoc.europa.eu/743,http://eurovoc.europa.eu/743,wave energy,marine energy;wave energy;soft energy;6626 soft energy;66 ENERGY,66 ENERGY,6626 soft energy,EurovocConcept
http://eurovoc.europa.eu/744,http://eurovoc.europa.eu/744,soft energy,soft energy;6626 soft energy;66 ENERGY,66 ENERGY,6626 soft energy,EurovocConcept
http://eurovoc.europa.eu/746,http://eurovoc.europa.eu/746,hard energy,66 ENERGY;hard energy;energy industry;6606 energy policy,66 ENERGY,6606 energy policy,EurovocConcept
http://eurovoc.europa.eu/747,http://eurovoc.europa.eu/747,electrical energy,6621 electrical and nuclear industries;66 ENERGY;electrical industry;electrical energy,66 ENERGY,6621 electrical and nuclear industries,EurovocConcept
http://eurovoc.europa.eu/748,http://eurovoc.europa.eu/748,wind energy,soft energy;6626 soft energy;66 ENERGY;wind energy,66 ENERGY,6626 soft energy,EurovocConcept
http://eurovoc.europa.eu/749,http://eurovoc.europa.eu/749,geothermal energy,geothermal energy;soft energy;6626 soft energy;66 ENERGY,66 ENERGY,6626 soft energy,EurovocConcept
http://eurovoc.europa.eu/750,http://eurovoc.europa.eu/750,hydraulic energy,hydraulic energy;soft energy;6626 soft energy;66 ENERGY,66 ENERGY,6626 soft energy,EurovocConcept
http://eurovoc.europa.eu/752,http://eurovoc.europa.eu/752,tidal energy,marine energy;tidal energy;soft energy;6626 soft energy;66 ENERGY,66 ENERGY,6626 soft energy,EurovocConcept
http://eurovoc.europa.eu/753,http://eurovoc.europa.eu/753,nuclear energy,6621 electrical and nuclear industries;nuclear energy;66 ENERGY,66 ENERGY,6621 electrical and nuclear industries,EurovocConcept
http://eurovoc.europa.eu/754,http://eurovoc.europa.eu/754,renewable energy,soft energy;renewable energy;6626 soft energy;66 ENERGY,66 ENERGY,6626 soft energy,EurovocConcept
http://eurovoc.europa.eu/756,http://eurovoc.europa.eu/756,solar energy,solar energy;soft energy;6626 soft energy;66 ENERGY,66 ENERGY,6626 soft energy,EurovocConcept
http://eurovoc.europa.eu/757,http://eurovoc.europa.eu/757,thermal energy,thermal energy;soft energy;6626 soft energy;66 ENERGY,66 ENERGY,6626 soft energy,EurovocConcept
http://eurovoc.europa.eu/7809,http://eurovoc.europa.eu/7809,military law,0821 defence;08 INTERNATIONAL RELATIONS;armed forces;military law,08 INTERNATIONAL RELATIONS,0821 defence,EurovocConcept
http://eurovoc.europa.eu/788,http://eurovoc.europa.eu/788,medical training,vocational education;3211 teaching;32 EDUCATION AND COMMUNICATIONS;medical training,32 EDUCATION AND COMMUNICATIONS,3211 teaching,EurovocConcept
http://eurovoc.europa.eu/790,http://eurovoc.europa.eu/790,paramedical training,vocational education;3211 teaching;32 EDUCATION AND COMMUNICATIONS;paramedical training,32 EDUCATION AND COMMUNICATIONS,3211 teaching,EurovocConcept
http://eurovoc.europa.eu/7927,http://eurovoc.europa.eu/7927,European Data Protection Supervisor,EU body;European Data Protection Supervisor;1006 EU institutions and European civil service;10 EUROPEAN UNION,10 EUROPEAN UNION,1006 EU institutions and European civil service,EurovocConcept
http://eurovoc.europa.eu/7931,http://eurovoc.europa.eu/7931,nanotechnology,"64 PRODUCTION, TECHNOLOGY AND RESEARCH;nanotechnology;technology;6411 technology and technical regulations","64 PRODUCTION, TECHNOLOGY AND RESEARCH",6411 technology and technical regulations,EurovocConcept
http://eurovoc.europa.eu/7938,http://eurovoc.europa.eu/7938,European Union Agency for Cybersecurity,EU office or agency;European Union Agency for Cybersecurity;1006 EU institutions and European civil service;10 EUROPEAN UNION,10 EUROPEAN UNION,1006 EU institutions and European civil service,EurovocConcept
http://eurovoc.europa.eu/7953,http://eurovoc.europa.eu/7953,European Union Institute for Security Studies,European Union;common security and defence policy;European Union Institute for Security Studies;common foreign and security policy;10 EUROPEAN UNION;1016 European construction,10 EUROPEAN UNION,1016 European construction,EurovocConcept
http://eurovoc.europa.eu/7959,http://eurovoc.europa.eu/7959,military cemetery,28 SOCIAL QUESTIONS;cemetery;community facilities;town planning;military cemetery;2846 construction and town planning,28 SOCIAL QUESTIONS,2846 construction and town planning,EurovocConcept
http://eurovoc.europa.eu/7982,http://eurovoc.europa.eu/7982,European Defence Agency,European Defence Agency;European Union;common security and defence policy;common foreign and security policy;10 EUROPEAN UNION;1016 European construction,10 EUROPEAN UNION,1016 European construction,EurovocConcept
http://eurovoc.europa.eu/7985,http://eurovoc.europa.eu/7985,European Union Agency for Railways,EU office or agency;1006 EU institutions and European civil service;European Union Agency for Railways;10 EUROPEAN UNION,10 EUROPEAN UNION,1006 EU institutions and European civil service,EurovocConcept
http://eurovoc.europa.eu/807,http://eurovoc.europa.eu/807,food aid,aid policy;08 INTERNATIONAL RELATIONS;0811 cooperation policy;food aid,08 INTERNATIONAL RELATIONS,0811 cooperation policy,EurovocConcept
http://eurovoc.europa.eu/818,http://eurovoc.europa.eu/818,transport company,transport company;4811 organisation of transport;organisation of transport;48 TRANSPORT,48 TRANSPORT,4811 organisation of transport,EurovocConcept
http://eurovoc.europa.eu/8426,http://eurovoc.europa.eu/8426,right of personal portrayal,12 LAW;fundamental rights;right of personal portrayal;protection of privacy;1236 rights and freedoms,12 LAW,1236 rights and freedoms,EurovocConcept
http://eurovoc.europa.eu/8454,http://eurovoc.europa.eu/8454,Framework Programme for Research and Development,"64 PRODUCTION, TECHNOLOGY AND RESEARCH;research policy;research programme;Framework Programme for Research and Development;6416 research and intellectual property","64 PRODUCTION, TECHNOLOGY AND RESEARCH",6416 research and intellectual property,EurovocConcept
http://eurovoc.europa.eu/8466,http://eurovoc.europa.eu/8466,public policy,0436 executive power and public service;04 POLITICS;public administration;public policy,04 POLITICS,0436 executive power and public service,EurovocConcept
http://eurovoc.europa.eu/8469,http://eurovoc.europa.eu/8469,financial services,2416 financial institutions and credit;24 FINANCE;financial services,24 FINANCE,2416 financial institutions and credit,EurovocConcept
http://eurovoc.europa.eu/8475,http://eurovoc.europa.eu/8475,EU Military Committee,European Union;common security and defence policy;common foreign and security policy;10 EUROPEAN UNION;EU Military Committee;1016 European construction,10 EUROPEAN UNION,1016 European construction,EurovocConcept
http://eurovoc.europa.eu/8477,http://eurovoc.europa.eu/8477,EU Military Staff,European Union;common security and defence policy;common foreign and security policy;EU Military Staff;10 EUROPEAN UNION;1016 European construction,10 EUROPEAN UNION,1016 European construction,EurovocConcept
http://eurovoc.europa.eu/8478,http://eurovoc.europa.eu/8478,Political and Security Committee,European Union;common foreign and security policy;Political and Security Committee;10 EUROPEAN UNION;1016 European construction,10 EUROPEAN UNION,1016 European construction,EurovocConcept
http://eurovoc.europa.eu/8482,http://eurovoc.europa.eu/8482,EU military mission,European Union;EU military mission;common security and defence policy;common foreign and security policy;10 EUROPEAN UNION;1016 European construction,10 EUROPEAN UNION,1016 European construction,EurovocConcept
http://eurovoc.europa.eu/853,http://eurovoc.europa.eu/853,sports facilities,sport;28 SOCIAL QUESTIONS;2826 social affairs;sports facilities;leisure,28 SOCIAL QUESTIONS,2826 social affairs,EurovocConcept
http://eurovoc.europa.eu/876,http://eurovoc.europa.eu/876,medical institution,28 SOCIAL QUESTIONS;medical institution;health service;2841 health;health policy,28 SOCIAL QUESTIONS,2841 health,EurovocConcept
http://eurovoc.europa.eu/895,http://eurovoc.europa.eu/895,market research,20 TRADE;2031 marketing;market research;marketing,20 TRADE,2031 marketing,EurovocConcept
http://eurovoc.europa.eu/900,http://eurovoc.europa.eu/900,Eurocredit,Eurocredit;money market;Euromarket;24 FINANCE;2411 monetary economics,24 FINANCE,2411 monetary economics,EurovocConcept
http://eurovoc.europa.eu/91023,http://eurovoc.europa.eu/91023,financial incentive,financial incentive;24 FINANCE;financial policy;free movement of capital;2421 free movement of capital,24 FINANCE,2421 free movement of capital,EurovocConcept
http://eurovoc.europa.eu/922,http://eurovoc.europa.eu/922,financial aid,aid policy;08 INTERNATIONAL RELATIONS;financial aid;0811 cooperation policy,08 INTERNATIONAL RELATIONS,0811 cooperation policy,EurovocConcept
http://eurovoc.europa.eu/923,http://eurovoc.europa.eu/923,technology assessment,"technology assessment;64 PRODUCTION, TECHNOLOGY AND RESEARCH;technology;6411 technology and technical regulations","64 PRODUCTION, TECHNOLOGY AND RESEARCH",6411 technology and technical regulations,EurovocConcept
http://eurovoc.europa.eu/933,http://eurovoc.europa.eu/933,financial year,2441 budget;24 FINANCE;implementation of the budget;financial year,24 FINANCE,2441 budget,EurovocConcept
http://eurovoc.europa.eu/942,http://eurovoc.europa.eu/942,family farming,"5616 farming systems;farming system;family farming;56 AGRICULTURE, FORESTRY AND FISHERIES","56 AGRICULTURE, FORESTRY AND FISHERIES",5616 farming systems,EurovocConcept
http://eurovoc.europa.eu/946,http://eurovoc.europa.eu/946,export,export;20 TRADE;2016 trade;trading operation,20 TRADE,2016 trade,EurovocConcept
http://eurovoc.europa.eu/947,http://eurovoc.europa.eu/947,export of capital,capital movement;24 FINANCE;free movement of capital;export of capital;2421 free movement of capital,24 FINANCE,2421 free movement of capital,EurovocConcept
http://eurovoc.europa.eu/963,http://eurovoc.europa.eu/963,owner farming,"type of tenure;5616 farming systems;owner farming;56 AGRICULTURE, FORESTRY AND FISHERIES","56 AGRICULTURE, FORESTRY AND FISHERIES",5616 farming systems,EurovocConcept
http://eurovoc.europa.eu/982,http://eurovoc.europa.eu/982,tenant farming,"type of tenure;5616 farming systems;tenant farming;56 AGRICULTURE, FORESTRY AND FISHERIES","56 AGRICULTURE, FORESTRY AND FISHERIES",5616 farming systems,EurovocConcept
http://eurovoc.europa.eu/986,http://eurovoc.europa.eu/986,health aid,aid policy;08 INTERNATIONAL RELATIONS;health aid;0811 cooperation policy,08 INTERNATIONAL RELATIONS,0811 cooperation policy,EurovocConcept
http://eurovoc.europa.eu/c_047e5912,http://eurovoc.europa.eu/c_047e5912,European Banking Authority,EU office or agency;European Banking Authority;1006 EU institutions and European civil service;10 EUROPEAN UNION,10 EUROPEAN UNION,1006 EU institutions and European civil service,EurovocConcept
http://eurovoc.europa.eu/c_04ae3ba8,http://eurovoc.europa.eu/c_04ae3ba8,information security,information security;32 EDUCATION AND COMMUNICATIONS;computer system;3236 information technology and data processing,32 EDUCATION AND COMMUNICATIONS,3236 information technology and data processing,EurovocConcept
http://eurovoc.europa.eu/c_058697c2,http://eurovoc.europa.eu/c_058697c2,health determinant,28 SOCIAL QUESTIONS;health determinant;2841 health;health policy,28 SOCIAL QUESTIONS,2841 health,EurovocConcept
http://eurovoc.europa.eu/c_16b63d4f,http://eurovoc.europa.eu/c_16b63d4f,functional food,60 AGRI-FOODSTUFFS;processed foodstuff;6026 foodstuff;functional food,60 AGRI-FOODSTUFFS,6026 foodstuff,EurovocConcept
http://eurovoc.europa.eu/c_1af36ac9,http://eurovoc.europa.eu/c_1af36ac9,food fraud,28 SOCIAL QUESTIONS;foodstuffs legislation;nutrition;food fraud;2841 health,28 SOCIAL QUESTIONS,2841 health,EurovocConcept
http://eurovoc.europa.eu/c_20f6ad03,http://eurovoc.europa.eu/c_20f6ad03,open innovation,"open innovation;64 PRODUCTION, TECHNOLOGY AND RESEARCH;innovation;6416 research and intellectual property;research","64 PRODUCTION, TECHNOLOGY AND RESEARCH",6416 research and intellectual property,EurovocConcept
http://eurovoc.europa.eu/c_22f8c0e6,http://eurovoc.europa.eu/c_22f8c0e6,energy statistics,energy policy;energy statistics;66 ENERGY;6606 energy policy,66 ENERGY,6606 energy policy,EurovocConcept
http://eurovoc.europa.eu/c_25fe24f4,http://eurovoc.europa.eu/c_25fe24f4,mobile communication,communications systems;telecommunications;mobile communication;32 EDUCATION AND COMMUNICATIONS;3226 communications;data transmission,32 EDUCATION AND COMMUNICATIONS,3226 communications,EurovocConcept
http://eurovoc.europa.eu/c_28750470,http://eurovoc.europa.eu/c_28750470,food-borne disease,28 SOCIAL QUESTIONS;food-borne disease;2841 health;illness,28 SOCIAL QUESTIONS,2841 health,EurovocConcept
http://eurovoc.europa.eu/c_2ad19da5,http://eurovoc.europa.eu/c_2ad19da5,non-motorised transport,means of transport;4811 organisation of transport;non-motorised transport;48 TRANSPORT,48 TRANSPORT,4811 organisation of transport,EurovocConcept
http://eurovoc.europa.eu/c_2d0e694e,http://eurovoc.europa.eu/c_2d0e694e,Economic and Financial Committee,Economic and Monetary Union;24 FINANCE;Economic and Financial Committee;2411 monetary economics,24 FINANCE,2411 monetary economics,EurovocConcept
http://eurovoc.europa.eu/c_2f3d274d,http://eurovoc.europa.eu/c_2f3d274d,Health Emergency Preparedness and Response Authority,EU office or agency;Health Emergency Preparedness and Response Authority;1006 EU institutions and European civil service;10 EUROPEAN UNION,10 EUROPEAN UNION,1006 EU institutions and European civil service,EurovocConcept
http://eurovoc.europa.eu/c_31da5694,http://eurovoc.europa.eu/c_31da5694,e-Health,28 SOCIAL QUESTIONS;2841 health;health policy;e-Health,28 SOCIAL QUESTIONS,2841 health,EurovocConcept
http://eurovoc.europa.eu/c_34746c6e,http://eurovoc.europa.eu/c_34746c6e,financial transparency,EU financing;financial transparency;10 EUROPEAN UNION;1021 EU finance,10 EUROPEAN UNION,1021 EU finance,EurovocConcept
http://eurovoc.europa.eu/c_3e6af2e7,http://eurovoc.europa.eu/c_3e6af2e7,financial stability,24 FINANCE;financial market;financial stability;2421 free movement of capital,24 FINANCE,2421 free movement of capital,EurovocConcept
http://eurovoc.europa.eu/c_439a1859,http://eurovoc.europa.eu/c_439a1859,information technology incident,32 EDUCATION AND COMMUNICATIONS;computer system;3236 information technology and data processing;information technology incident,32 EDUCATION AND COMMUNICATIONS,3236 information technology and data processing,EurovocConcept
http://eurovoc.europa.eu/c_4523e1dd,http://eurovoc.europa.eu/c_4523e1dd,food security,28 SOCIAL QUESTIONS;nutrition;2841 health;food security,28 SOCIAL QUESTIONS,2841 health,EurovocConcept
http://eurovoc.europa.eu/c_46c93760,http://eurovoc.europa.eu/c_46c93760,food systems,28 SOCIAL QUESTIONS;nutrition;2841 health;food systems;food policy,28 SOCIAL QUESTIONS,2841 health,EurovocConcept
http://eurovoc.europa.eu/c_4768a12e,http://eurovoc.europa.eu/c_4768a12e,Body of European Regulators for Electronic Communications,Body of European Regulators for Electronic Communications;EU office or agency;1006 EU institutions and European civil service;10 EUROPEAN UNION,10 EUROPEAN UNION,1006 EU institutions and European civil service,EurovocConcept
http://eurovoc.europa.eu/c_4d5b6dbd,http://eurovoc.europa.eu/c_4d5b6dbd,macro-financial assistance,EU financing;EU financial instrument;macro-financial assistance;10 EUROPEAN UNION;support mechanism;1021 EU finance,10 EUROPEAN UNION,1021 EU finance,EurovocConcept
http://eurovoc.europa.eu/c_4ee83dea,http://eurovoc.europa.eu/c_4ee83dea,health technology,28 SOCIAL QUESTIONS;health technology;2841 health,28 SOCIAL QUESTIONS,2841 health,EurovocConcept
http://eurovoc.europa.eu/c_57f3c49f,http://eurovoc.europa.eu/c_57f3c49f,critical infrastructure security,04 POLITICS;0431 politics and public safety;critical infrastructure security;public safety,04 POLITICS,0431 politics and public safety,EurovocConcept
http://eurovoc.europa.eu/c_5a195ffd,http://eurovoc.europa.eu/c_5a195ffd,smart technology,"smart technology;64 PRODUCTION, TECHNOLOGY AND RESEARCH;technology;digital technology;6411 technology and technical regulations","64 PRODUCTION, TECHNOLOGY AND RESEARCH",6411 technology and technical regulations,EurovocConcept
http://eurovoc.europa.eu/c_60d786af,http://eurovoc.europa.eu/c_60d786af,novel food,foodstuff;60 AGRI-FOODSTUFFS;6026 foodstuff;novel food,60 AGRI-FOODSTUFFS,6026 foodstuff,EurovocConcept
http://eurovoc.europa.eu/c_65366e84,http://eurovoc.europa.eu/c_65366e84,EU study report,report;3221 documentation;document;32 EDUCATION AND COMMUNICATIONS;EU study report,32 EDUCATION AND COMMUNICATIONS,3221 documentation,EurovocConcept
http://eurovoc.europa.eu/c_67699417,http://eurovoc.europa.eu/c_67699417,medical tourism,28 SOCIAL QUESTIONS;2826 social affairs;tourism;leisure;medical tourism,28 SOCIAL QUESTIONS,2826 social affairs,EurovocConcept
http://eurovoc.europa.eu/c_6c8b04b9,http://eurovoc.europa.eu/c_6c8b04b9,energy audit,energy audit;energy policy;66 ENERGY;energy consumption;6606 energy policy;energy market,66 ENERGY,6606 energy policy,EurovocConcept
http://eurovoc.europa.eu/c_6fb74d78,http://eurovoc.europa.eu/c_6fb74d78,financial stress test,24 FINANCE;financial stress test;financial market;2421 free movement of capital,24 FINANCE,2421 free movement of capital,EurovocConcept
http://eurovoc.europa.eu/c_79e507c2,http://eurovoc.europa.eu/c_79e507c2,financial technology,"64 PRODUCTION, TECHNOLOGY AND RESEARCH;financial technology;technology;digital technology;6411 technology and technical regulations","64 PRODUCTION, TECHNOLOGY AND RESEARCH",6411 technology and technical regulations,EurovocConcept
http://eurovoc.europa.eu/c_7bc27da2,http://eurovoc.europa.eu/c_7bc27da2,research infrastructure,"research infrastructure;64 PRODUCTION, TECHNOLOGY AND RESEARCH;research policy;6416 research and intellectual property","64 PRODUCTION, TECHNOLOGY AND RESEARCH",6416 research and intellectual property,EurovocConcept
http://eurovoc.europa.eu/c_834b57c4,http://eurovoc.europa.eu/c_834b57c4,shadow banking,shadow banking;24 FINANCE;financial market;2421 free movement of capital,24 FINANCE,2421 free movement of capital,EurovocConcept
http://eurovoc.europa.eu/c_859ae4e1,http://eurovoc.europa.eu/c_859ae4e1,financial literacy,financing;2426 financing and investment;financial literacy;24 FINANCE,24 FINANCE,2426 financing and investment,EurovocConcept
http://eurovoc.europa.eu/c_86d7db98,http://eurovoc.europa.eu/c_86d7db98,energy transition,energy transition;energy policy;66 ENERGY;6606 energy policy,66 ENERGY,6606 energy policy,EurovocConcept
http://eurovoc.europa.eu/c_87617344,http://eurovoc.europa.eu/c_87617344,EU energy label,energy efficiency;EU energy label;energy policy;66 ENERGY;6606 energy policy;energy market,66 ENERGY,6606 energy policy,EurovocConcept
http://eurovoc.europa.eu/c_896e199b,http://eurovoc.europa.eu/c_896e199b,credit rating,credit;2416 financial institutions and credit;24 FINANCE;credit rating,24 FINANCE,2416 financial institutions and credit,EurovocConcept
http://eurovoc.europa.eu/c_8a658bb0,http://eurovoc.europa.eu/c_8a658bb0,"European Agency for the Operational Management of Large-Scale IT Systems in the Area of Freedom, Security and Justice","EU office or agency;European Agency for the Operational Management of Large-Scale IT Systems in the Area of Freedom, Security and Justice;1006 EU institutions and European civil service;10 EUROPEAN UNION",10 EUROPEAN UNION,1006 EU institutions and European civil service,EurovocConcept
http://eurovoc.europa.eu/c_8c5cfba6,http://eurovoc.europa.eu/c_8c5cfba6,quantum technology,communications industry;32 EDUCATION AND COMMUNICATIONS;3226 communications;information technology;quantum technology,32 EDUCATION AND COMMUNICATIONS,3226 communications,EurovocConcept
http://eurovoc.europa.eu/c_8f89faac,http://eurovoc.europa.eu/c_8f89faac,financial supervision,financial supervision;24 FINANCE;financial market;2421 free movement of capital,24 FINANCE,2421 free movement of capital,EurovocConcept
http://eurovoc.europa.eu/c_95f58142,http://eurovoc.europa.eu/c_95f58142,digital infrastructure supply,28 SOCIAL QUESTIONS;digital infrastructure supply;urban infrastructure;town planning;2846 construction and town planning,28 SOCIAL QUESTIONS,2846 construction and town planning,EurovocConcept
http://eurovoc.europa.eu/c_9a9e5627,http://eurovoc.europa.eu/c_9a9e5627,monitoring report,report;3221 documentation;monitoring report;document;32 EDUCATION AND COMMUNICATIONS,32 EDUCATION AND COMMUNICATIONS,3221 documentation,EurovocConcept
http://eurovoc.europa.eu/c_9eea2203,http://eurovoc.europa.eu/c_9eea2203,political communication,political communication;politics;04 POLITICS;0431 politics and public safety,04 POLITICS,0431 politics and public safety,EurovocConcept
http://eurovoc.europa.eu/c_a18525ab,http://eurovoc.europa.eu/c_a18525ab,financial derivative,financial derivative;financial instrument;24 FINANCE;financial market;2421 free movement of capital,24 FINANCE,2421 free movement of capital,EurovocConcept
http://eurovoc.europa.eu/c_b18ab65c,http://eurovoc.europa.eu/c_b18ab65c,supply chain,"supply chain;production policy;64 PRODUCTION, TECHNOLOGY AND RESEARCH;6406 production","64 PRODUCTION, TECHNOLOGY AND RESEARCH",6406 production,EurovocConcept
http://eurovoc.europa.eu/c_b1ac7db6,http://eurovoc.europa.eu/c_b1ac7db6,web development,communications systems;web development;32 EDUCATION AND COMMUNICATIONS;Internet;3226 communications,32 EDUCATION AND COMMUNICATIONS,3226 communications,EurovocConcept
http://eurovoc.europa.eu/c_c4afa011,http://eurovoc.europa.eu/c_c4afa011,healthcare industry,28 SOCIAL QUESTIONS;2841 health;health policy;healthcare industry,28 SOCIAL QUESTIONS,2841 health,EurovocConcept
http://eurovoc.europa.eu/c_c565cff5,http://eurovoc.europa.eu/c_c565cff5,EU banking union,EU banking union;Economic and Monetary Union;24 FINANCE;2411 monetary economics,24 FINANCE,2411 monetary economics,EurovocConcept
http://eurovoc.europa.eu/c_c8c80a5b,http://eurovoc.europa.eu/c_c8c80a5b,aviation security,air transport;4826 air and space transport;aviation security;48 TRANSPORT,48 TRANSPORT,4826 air and space transport,EurovocConcept
http://eurovoc.europa.eu/c_d6ede0c7,http://eurovoc.europa.eu/c_d6ede0c7,EU sport policy,sport;28 SOCIAL QUESTIONS;2826 social affairs;EU sport policy;leisure,28 SOCIAL QUESTIONS,2826 social affairs,EurovocConcept
http://eurovoc.europa.eu/c_d8d35f08,http://eurovoc.europa.eu/c_d8d35f08,EU energy policy,energy policy;66 ENERGY;6606 energy policy;EU energy policy,66 ENERGY,6606 energy policy,EurovocConcept
http://eurovoc.europa.eu/c_d9e3506f,http://eurovoc.europa.eu/c_d9e3506f,precision agriculture,"5626 means of agricultural production;precision agriculture;means of agricultural production;56 AGRICULTURE, FORESTRY AND FISHERIES","56 AGRICULTURE, FORESTRY AND FISHERIES",5626 means of agricultural production,EurovocConcept
http://eurovoc.europa.eu/c_dcf3f7c0,http://eurovoc.europa.eu/c_dcf3f7c0,financial risk,financial risk;24 FINANCE;financial market;2421 free movement of capital,24 FINANCE,2421 free movement of capital,EurovocConcept
http://eurovoc.europa.eu/c_e0e4608a,http://eurovoc.europa.eu/c_e0e4608a,nuclear security,nuclear industry;6621 electrical and nuclear industries;66 ENERGY;nuclear security,66 ENERGY,6621 electrical and nuclear industries,EurovocConcept
http://eurovoc.europa.eu/c_e8e1003b,http://eurovoc.europa.eu/c_e8e1003b,offshore wind energy production,soft energy;6626 soft energy;66 ENERGY;offshore wind energy production;wind energy,66 ENERGY,6626 soft energy,EurovocConcept
http://eurovoc.europa.eu/c_eb46b396,http://eurovoc.europa.eu/c_eb46b396,marine energy,marine energy;soft energy;6626 soft energy;66 ENERGY,66 ENERGY,6626 soft energy,EurovocConcept
http://eurovoc.europa.eu/c_edee9606,http://eurovoc.europa.eu/c_edee9606,European Data Protection Board,European Data Protection Board;EU office or agency;1006 EU institutions and European civil service;10 EUROPEAN UNION,10 EUROPEAN UNION,1006 EU institutions and European civil service,EurovocConcept
http://eurovoc.europa.eu/c_ee706406,http://eurovoc.europa.eu/c_ee706406,food contact material,6031 agri-foodstuffs;60 AGRI-FOODSTUFFS;agri-foodstuffs;food contact material;food production,60 AGRI-FOODSTUFFS,6031 agri-foodstuffs,EurovocConcept
http://eurovoc.europa.eu/c_f5ed5adb,http://eurovoc.europa.eu/c_f5ed5adb,European Insurance and Occupational Pensions Authority,European Insurance and Occupational Pensions Authority;EU office or agency;1006 EU institutions and European civil service;10 EUROPEAN UNION,10 EUROPEAN UNION,1006 EU institutions and European civil service,EurovocConcept
http://eurovoc.europa.eu/c_fea6771b,http://eurovoc.europa.eu/c_fea6771b,research integrity,"64 PRODUCTION, TECHNOLOGY AND RESEARCH;research policy;research integrity;6416 research and intellectual property","64 PRODUCTION, TECHNOLOGY AND RESEARCH",6416 research and intellectual property,EurovocConcept
http://eurovoc.europa.eu/c_ff1a6c36,http://eurovoc.europa.eu/c_ff1a6c36,European Health Union,28 SOCIAL QUESTIONS;European Health Union;2841 health;health policy,28 SOCIAL QUESTIONS,2841 health,EurovocConcept
