celex,articolo_id,lamf_L1,lamf_L2,lamf_L3,lamf_L4,n_tokens_labeled,n_fragments,entropy,dominant_lamf
32014L0023,1,100.0,0.0,0.0,0.0,54,1,0.0,L1
32014L0023,10,92.36842105263158,7.631578947368421,0.0,0.0,1520,1,0.1945313511627784,L1
32014L0023,11,100.0,0.0,0.0,0.0,84,1,0.0,L1
32014L0023,12,100.0,0.0,0.0,0.0,125,1,0.0,L1
32014L0023,13,48.17708333333333,51.822916666666664,0.0,0.0,384,1,0.4995204811005603,L2
32014L0023,14,100.0,0.0,0.0,0.0,118,1,0.0,L1
32014L0023,15,0.0,100.0,0.0,0.0,88,1,0.0,L2
32014L0023,16,100.0,0.0,0.0,0.0,54,1,0.0,L1
32014L0023,17,83.76344086021506,16.236559139784944,0.0,0.0,930,1,0.31996944069041733,L1
32014L0023,18,12.0,88.0,0.0,0.0,100,1,0.26468043120098717,L2
32014L0023,19,100.0,0.0,0.0,0.0,46,1,0.0,L1
32014L0023,2,100.0,0.0,0.0,0.0,35,1,0.0,L1
32014L0023,20,56.20437956204379,43.79562043795621,0.0,0.0,411,1,0.4944321007309314,L1
32014L0023,21,12.813370473537605,87.1866295264624,0.0,0.0,359,1,0.27614877721182207,L2
32014L0023,22,5.847953216374268,94.15204678362574,0.0,0.0,342,1,0.16068971118935638,L2
32014L0023,23,0.0,100.0,0.0,0.0,296,1,0.0,L2
32014L0023,24,77.55102040816327,22.448979591836736,0.0,0.0,98,1,0.38414070310606707,L1
32014L0023,25,47.22222222222222,52.77777777777778,0.0,0.0,72,1,0.498886234602296,L2
32014L0023,26,30.90277777777778,69.09722222222221,0.0,0.0,288,1,0.44602400128506614,L2
32014L0023,27,100.0,0.0,0.0,0.0,84,1,0.0,L1
32014L0023,28,78.72340425531915,21.27659574468085,0.0,0.0,141,1,0.3733683022988389,L1
32014L0023,29,0.0,100.0,0.0,0.0,255,1,0.0,L2
32014L0023,3,37.86407766990291,62.13592233009708,0.0,0.0,103,1,0.47853819158761474,L2
32014L0023,30,34.97536945812808,65.02463054187191,0.0,0.0,203,1,0.46692394424312395,L2
32014L0023,31,0.0,100.0,0.0,0.0,422,1,0.0,L2
32014L0023,32,0.0,100.0,0.0,0.0,123,1,0.0,L2
32014L0023,33,0.0,100.0,0.0,0.0,348,1,0.0,L2
32014L0023,34,0.0,100.0,0.0,0.0,228,1,0.0,L2
32014L0023,35,55.497382198952884,0.0,0.0,44.50261780104712,191,1,0.49563117237778725,L1
32014L0023,36,0.0,100.0,0.0,0.0,283,1,0.0,L2
32014L0023,37,0.0,100.0,0.0,0.0,330,1,0.0,L2
32014L0023,38,0.0,100.0,0.0,0.0,1826,1,0.0,L2
32014L0023,39,0.0,100.0,0.0,0.0,237,1,0.0,L2
32014L0023,4,100.0,0.0,0.0,0.0,99,1,0.0,L1
32014L0023,40,0.0,100.0,0.0,0.0,180,1,0.0,L2
32014L0023,41,17.88321167883212,82.11678832116789,0.0,0.0,274,1,0.3387577364144323,L2
32014L0023,42,12.972972972972974,48.82882882882883,0.0,38.1981981981982,555,1,0.7087880805464539,L2
32014L0023,43,0.0,90.17543859649123,0.0,9.824561403508772,855,1,0.23170476017030506,L2
32014L0023,44,12.121212121212121,87.87878787878788,0.0,0.0,165,1,0.2664175300744167,L2
32014L0023,45,0.0,0.0,18.51851851851852,81.48148148148148,243,1,0.34564493326019946,L4
32014L0023,46,27.42248062015504,64.43798449612403,0.0,8.13953488372093,1032,1,0.6074847743154015,L2
32014L0023,47,29.766536964980546,63.91050583657587,0.0,6.3229571984435795,1028,1,0.5925155560697781,L2
32014L0023,48,56.97674418604651,43.02325581395349,0.0,0.0,258,1,0.49295471957163106,L1
32014L0023,49,0.0,0.0,0.0,100.0,99,1,0.0,L4
32014L0023,5,100.0,0.0,0.0,0.0,757,1,0.0,L1
32014L0023,50,48.333333333333336,51.66666666666667,0.0,0.0,60,1,0.4995991756891248,L2
32014L0023,51,0.0,100.0,0.0,0.0,91,1,0.0,L2
32014L0023,52,100.0,0.0,0.0,0.0,35,1,0.0,L1
32014L0023,53,0.0,0.0,0.0,100.0,225,1,0.0,L4
32014L0023,54,53.06122448979592,46.93877551020408,0.0,0.0,49,1,0.4986471893804224,L1
32014L0023,55,100.0,0.0,0.0,0.0,11,1,0.0,L1
32014L0023,6,100.0,0.0,0.0,0.0,256,1,0.0,L1
32014L0023,7,71.08753315649867,28.912466843501328,0.0,0.0,377,1,0.4337939169378334,L1
32014L0023,8,6.708595387840671,93.29140461215934,0.0,0.0,477,1,0.17747683661779323,L2
32014L0023,9,16.630196936542667,64.55142231947484,0.0,18.818380743982495,457,1,0.6457606814048085,L2
32014L0024,1,100.0,0.0,0.0,0.0,278,1,0.0,L1
32014L0024,10,100.0,0.0,0.0,0.0,594,1,0.0,L1
32014L0024,11,100.0,0.0,0.0,0.0,65,1,0.0,L1
32014L0024,12,82.97055057618438,17.02944942381562,0.0,0.0,781,1,0.32918900540621077,L1
32014L0024,13,23.118279569892472,76.88172043010752,0.0,0.0,186,1,0.3900337438653532,L2
32014L0024,14,51.515151515151516,48.484848484848484,0.0,0.0,66,1,0.49966875064174726,L1
32014L0024,15,100.0,0.0,0.0,0.0,273,1,0.0,L1
32014L0024,16,13.468013468013467,86.53198653198653,0.0,0.0,297,1,0.28506758431404955,L2
32014L0024,17,87.91208791208791,12.087912087912088,0.0,0.0,273,1,0.2659412999973165,L1
32014L0024,18,100.0,0.0,0.0,0.0,137,1,0.0,L1
32014L0024,19,55.92105263157895,44.07894736842105,0.0,0.0,304,1,0.4949301851068102,L1
32014L0024,2,100.0,0.0,0.0,0.0,1089,1,0.0,L1
32014L0024,20,87.20930232558139,12.790697674418606,0.0,0.0,86,1,0.2758349945583462,L1
32014L0024,21,0.0,25.64102564102564,0.0,74.35897435897436,117,1,0.41064046942979815,L4
32014L0024,22,13.274336283185843,84.38685208596713,0.0,2.338811630847029,1582,1,0.36005505362618706,L2
32014L0024,23,100.0,0.0,0.0,0.0,73,1,0.0,L1
32014L0024,24,57.25190839694656,0.0,0.0,42.74809160305343,131,1,0.49238601298092743,L1
32014L0024,25,100.0,0.0,0.0,0.0,79,1,0.0,L1
32014L0024,26,16.636528028933093,83.3634719710669,0.0,0.0,553,1,0.3246610746374343,L2
32014L0024,27,0.0,100.0,0.0,0.0,271,1,0.0,L2
32014L0024,28,0.0,100.0,0.0,0.0,459,1,0.0,L2
32014L0024,29,0.0,100.0,0.0,0.0,603,1,0.0,L2
32014L0024,3,100.0,0.0,0.0,0.0,460,1,0.0,L1
32014L0024,30,0.0,100.0,0.0,0.0,618,1,0.0,L2
32014L0024,31,0.0,100.0,0.0,0.0,510,1,0.0,L2
32014L0024,32,1.3440860215053763,98.65591397849462,0.0,0.0,744,1,0.051412542192105774,L2
32014L0024,33,13.36206896551724,86.63793103448276,0.0,0.0,696,1,0.2836424884724751,L2
32014L0024,34,12.750263435194942,87.24973656480506,0.0,0.0,949,1,0.2752745751502268,L2
32014L0024,35,0.0,100.0,0.0,0.0,904,1,0.0,L2
32014L0024,36,0.0,100.0,0.0,0.0,530,1,0.0,L2
32014L0024,37,50.2092050209205,49.7907949790795,0.0,0.0,478,1,0.4999936843328937,L1
32014L0024,38,13.571428571428571,0.0,0.0,86.42857142857143,140,1,0.28645195536673795,L4
32014L0024,39,73.05194805194806,26.948051948051948,0.0,0.0,616,1,0.4203591117202944,L1
32014L0024,4,16.470588235294116,83.52941176470588,0.0,0.0,170,1,0.3227247937223977,L2
32014L0024,40,0.0,100.0,0.0,0.0,106,1,0.0,L2
32014L0024,41,0.0,93.78238341968913,0.0,6.217616580310881,193,1,0.16801179291488388,L2
32014L0024,42,0.0,100.0,0.0,0.0,771,1,0.0,L2
32014L0024,43,0.0,100.0,0.0,0.0,380,1,0.0,L2
32014L0024,44,0.0,82.33333333333334,0.0,17.666666666666668,300,1,0.3363651933164706,L2
32014L0024,45,0.0,100.0,0.0,0.0,220,1,0.0,L2
32014L0024,46,26.060606060606062,73.93939393939394,0.0,0.0,330,1,0.41382977345335736,L2
32014L0024,47,0.0,100.0,0.0,0.0,264,1,0.0,L2
32014L0024,48,0.0,100.0,0.0,0.0,331,1,0.0,L2
32014L0024,49,41.30434782608695,58.69565217391305,0.0,0.0,46,1,0.48903548404405295,L2
32014L0024,5,0.0,100.0,0.0,0.0,945,1,0.0,L2
32014L0024,50,0.0,100.0,0.0,0.0,288,1,0.0,L2
32014L0024,51,0.0,100.0,0.0,0.0,464,1,0.0,L2
32014L0024,52,0.0,100.0,0.0,0.0,162,1,0.0,L2
32014L0024,53,0.0,100.0,0.0,0.0,339,1,0.0,L2
32014L0024,54,0.0,100.0,0.0,0.0,176,1,0.0,L2
32014L0024,55,0.0,100.0,0.0,0.0,298,1,0.0,L2
32014L0024,56,17.21698113207547,82.78301886792453,0.0,0.0,424,1,0.33132219856868983,L2
32014L0024,57,72.4841660802252,27.515833919774806,0.0,0.0,1421,1,0.4243847649486202,L1
32014L0024,58,7.032348804500703,92.9676511954993,0.0,0.0,711,1,0.18356484204118953,L2
32014L0024,59,41.19278779472954,32.73231622746186,12.62135922330097,13.453536754507628,721,1,0.9103414551071053,L1
32014L0024,6,27.20125786163522,72.79874213836479,0.0,0.0,636,1,0.4221688780621848,L2
32014L0024,60,0.0,90.28571428571428,0.0,9.714285714285714,525,1,0.2299363358642179,L2
32014L0024,61,0.0,100.0,0.0,0.0,85,1,0.0,L2
32014L0024,62,0.0,89.04899135446685,0.0,10.951008645533141,347,1,0.24921822868893118,L2
32014L0024,63,0.0,76.57894736842105,0.0,23.42105263157895,380,1,0.3926396446407789,L2
32014L0024,64,24.40677966101695,75.59322033898304,0.0,0.0,590,1,0.40086984562076367,L2
32014L0024,65,0.0,100.0,0.0,0.0,239,1,0.0,L2
32014L0024,66,0.0,100.0,0.0,0.0,78,1,0.0,L2
32014L0024,67,28.60125260960334,60.125260960334025,0.0,11.273486430062631,479,1,0.6563952830236661,L2
32014L0024,68,35.49222797927461,64.50777202072538,0.0,0.0,386,1,0.469193703136236,L2
32014L0024,69,0.0,100.0,0.0,0.0,321,1,0.0,L2
32014L0024,7,9.813084112149532,90.18691588785047,0.0,0.0,214,1,0.2315211691618656,L2
32014L0024,70,0.0,100.0,0.0,0.0,55,1,0.0,L2
32014L0024,71,10.157367668097281,53.0758226037196,0.0,36.76680972818312,699,1,0.6754579261359952,L2
32014L0024,72,19.906323185011708,76.5807962529274,0.0,3.51288056206089,854,1,0.46403371494865536,L2
32014L0024,73,31.496062992125985,68.50393700787401,0.0,0.0,127,1,0.4494084524381365,L2
32014L0024,74,82.85714285714286,17.142857142857142,0.0,0.0,35,1,0.3304811661294092,L1
32014L0024,75,13.571428571428571,86.42857142857143,0.0,0.0,280,1,0.28645195536673795,L2
32014L0024,76,0.0,100.0,0.0,0.0,167,1,0.0,L2
32014L0024,77,78.90295358649789,9.282700421940929,0.0,11.814345991561181,237,1,0.4760536952247041,L1
32014L0024,78,31.20567375886525,68.79432624113475,0.0,0.0,141,1,0.44776667861417524,L2
32014L0024,79,0.0,100.0,0.0,0.0,191,1,0.0,L2
32014L0024,8,100.0,0.0,0.0,0.0,90,1,0.0,L1
32014L0024,80,20.0,80.0,0.0,0.0,135,1,0.3609640460009861,L2
32014L0024,81,100.0,0.0,0.0,0.0,51,1,0.0,L1
32014L0024,82,13.47517730496454,86.52482269503547,0.0,0.0,141,1,0.28516369625280014,L2
32014L0024,83,0.0,0.0,12.267657992565056,87.73234200743495,538,1,0.2685029910099228,L4
32014L0024,84,0.0,73.36244541484717,0.0,26.637554585152838,458,1,0.4181077777189477,L2
32014L0024,85,0.0,60.820895522388064,0.0,39.17910447761194,268,1,0.4829728242066977,L2
32014L0024,86,0.0,0.0,0.0,100.0,149,1,0.0,L4
32014L0024,87,100.0,0.0,0.0,0.0,229,1,0.0,L1
32014L0024,88,18.181818181818183,0.0,0.0,81.81818181818183,99,1,0.3420192163768258,L4
32014L0024,89,49.36708860759494,50.63291139240506,0.0,0.0,79,1,0.4999422059931844,L2
32014L0024,9,100.0,0.0,0.0,0.0,280,1,0.0,L1
32014L0024,90,0.0,100.0,0.0,0.0,318,1,0.0,L2
32014L0024,91,100.0,0.0,0.0,0.0,36,1,0.0,L1
32014L0024,92,0.0,52.25225225225225,0.0,47.74774774774775,111,1,0.4992679235825888,L2
32014L0024,93,100.0,0.0,0.0,0.0,23,1,0.0,L1
32014L0024,94,100.0,0.0,0.0,0.0,11,1,0.0,L1
32014L0025,1,100.0,0.0,0.0,0.0,241,1,0.0,L1
32014L0025,10,55.020080321285135,44.97991967871486,0.0,0.0,249,1,0.49635809986033375,L1
32014L0025,100,0.0,88.55218855218855,0.0,11.447811447811448,297,1,0.25663863170787804,L2
32014L0025,101,0.0,45.812807881773395,0.0,54.187192118226605,203,1,0.497467617443589,L4
32014L0025,102,0.0,28.985507246376812,0.0,71.01449275362319,138,1,0.4342669786899224,L4
32014L0025,103,100.0,0.0,0.0,0.0,232,1,0.0,L1
32014L0025,104,0.0,0.0,0.0,100.0,99,1,0.0,L4
32014L0025,105,50.0,50.0,0.0,0.0,78,1,0.499999998557305,L1
32014L0025,106,0.0,100.0,0.0,0.0,248,1,0.0,L2
32014L0025,107,100.0,0.0,0.0,0.0,36,1,0.0,L1
32014L0025,108,0.0,51.37614678899083,0.0,48.62385321100918,109,1,0.49972674935367917,L2
32014L0025,109,100.0,0.0,0.0,0.0,23,1,0.0,L1
32014L0025,11,100.0,0.0,0.0,0.0,86,1,0.0,L1
32014L0025,110,100.0,0.0,0.0,0.0,11,1,0.0,L1
32014L0025,12,100.0,0.0,0.0,0.0,41,1,0.0,L1
32014L0025,13,100.0,0.0,0.0,0.0,154,1,0.0,L1
32014L0025,14,100.0,0.0,0.0,0.0,52,1,0.0,L1
32014L0025,15,53.333333333333336,46.666666666666664,0.0,0.0,105,1,0.4983958145481233,L1
32014L0025,16,0.0,100.0,0.0,0.0,947,1,0.0,L2
32014L0025,17,21.691176470588236,63.23529411764706,0.0,15.073529411764705,272,1,0.6539279075963277,L2
32014L0025,18,49.28571428571429,50.71428571428571,0.0,0.0,140,1,0.4999263891636236,L2
32014L0025,19,59.87261146496815,40.12738853503185,0.0,0.0,157,1,0.4858454454929507,L1
32014L0025,2,100.0,0.0,0.0,0.0,929,1,0.0,L1
32014L0025,20,88.04347826086956,0.0,0.0,11.956521739130435,276,1,0.2640549002887197,L1
32014L0025,21,100.0,0.0,0.0,0.0,523,1,0.0,L1
32014L0025,22,100.0,0.0,0.0,0.0,63,1,0.0,L1
32014L0025,23,100.0,0.0,0.0,0.0,35,1,0.0,L1
32014L0025,24,100.0,0.0,0.0,0.0,268,1,0.0,L1
32014L0025,25,17.15210355987055,82.84789644012946,0.0,0.0,309,1,0.33058623080747035,L2
32014L0025,26,0.0,100.0,0.0,0.0,284,1,0.0,L2
32014L0025,27,87.73234200743495,12.267657992565056,0.0,0.0,269,1,0.2685029910099228,L1
32014L0025,28,83.35500650195058,16.644993498049416,0.0,0.0,769,1,0.3247594696626572,L1
32014L0025,29,43.86792452830189,56.132075471698116,0.0,0.0,424,1,0.4945614445495361,L2
32014L0025,3,100.0,0.0,0.0,0.0,225,1,0.0,L1
32014L0025,30,100.0,0.0,0.0,0.0,113,1,0.0,L1
32014L0025,31,33.75,66.25,0.0,0.0,80,1,0.46120312943684105,L2
32014L0025,32,51.515151515151516,48.484848484848484,0.0,0.0,66,1,0.49966875064174726,L1
32014L0025,33,10.256410256410255,89.74358974358975,0.0,0.0,195,1,0.2385356516669698,L2
32014L0025,34,15.898617511520738,84.10138248847926,0.0,0.0,434,1,0.31593931738002023,L2
32014L0025,35,36.874051593323216,63.12594840667678,0.0,0.0,659,1,0.474850056620588,L2
32014L0025,36,23.357664233576642,76.64233576642336,0.0,0.0,137,1,0.39209713728230244,L2
32014L0025,37,39.603960396039604,60.396039603960396,0.0,0.0,303,1,0.4842933568300808,L2
32014L0025,38,0.0,100.0,0.0,0.0,85,1,0.0,L2
32014L0025,39,56.493506493506494,43.506493506493506,0.0,0.0,154,1,0.49389956793232015,L1
32014L0025,4,100.0,0.0,0.0,0.0,388,1,0.0,L1
32014L0025,40,16.129032258064516,83.87096774193549,0.0,0.0,1581,1,0.3186937481684005,L2
32014L0025,41,100.0,0.0,0.0,0.0,73,1,0.0,L1
32014L0025,42,56.92307692307692,0.0,0.0,43.07692307692308,130,1,0.49306304087242414,L1
32014L0025,43,100.0,0.0,0.0,0.0,87,1,0.0,L1
32014L0025,44,20.074349442379184,79.92565055762083,0.0,0.0,269,1,0.3617062954888489,L2
32014L0025,45,0.0,100.0,0.0,0.0,269,1,0.0,L2
32014L0025,46,0.0,100.0,0.0,0.0,190,1,0.0,L2
32014L0025,47,0.0,100.0,0.0,0.0,100,1,0.0,L2
32014L0025,48,1.7964071856287425,98.20359281437125,0.0,0.0,668,1,0.06492574880771679,L2
32014L0025,49,16.213151927437643,83.78684807256236,0.0,0.0,882,1,0.3196922622242086,L2
32014L0025,5,100.0,0.0,0.0,0.0,419,1,0.0,L1
32014L0025,50,1.6272189349112427,98.37278106508876,0.0,0.0,676,1,0.05998206099322165,L2
32014L0025,51,10.0,90.0,0.0,0.0,230,1,0.2344977953519456,L2
32014L0025,52,7.07070707070707,92.92929292929293,0.0,0.0,990,1,0.1842783873261582,L2
32014L0025,53,3.147953830010493,96.8520461699895,0.0,0.0,953,1,0.10087912337937713,L2
32014L0025,54,0.0,100.0,0.0,0.0,540,1,0.0,L2
32014L0025,55,92.82296650717703,7.177033492822966,0.0,0.0,418,1,0.1862478652713575,L1
32014L0025,56,13.380281690140844,86.61971830985915,0.0,0.0,142,1,0.28388797059079174,L2
32014L0025,57,50.3448275862069,49.6551724137931,0.0,0.0,580,1,0.49998284390240066,L1
32014L0025,58,0.0,100.0,0.0,0.0,100,1,0.0,L2
32014L0025,59,0.0,94.73684210526315,0.0,5.263157894736842,190,1,0.1487361230169498,L2
32014L0025,6,20.677966101694913,79.3220338983051,0.0,0.0,295,1,0.36764095716690215,L2
32014L0025,60,0.0,100.0,0.0,0.0,760,1,0.0,L2
32014L0025,61,0.0,100.0,0.0,0.0,380,1,0.0,L2
32014L0025,62,0.0,81.04575163398692,0.0,18.954248366013072,306,1,0.35025669328051934,L2
32014L0025,63,0.0,100.0,0.0,0.0,172,1,0.0,L2
32014L0025,64,0.0,100.0,0.0,0.0,172,1,0.0,L2
32014L0025,65,43.278688524590166,56.72131147540984,0.0,0.0,305,1,0.49346270308329937,L2
32014L0025,66,0.0,100.0,0.0,0.0,260,1,0.0,L2
32014L0025,67,0.0,100.0,0.0,0.0,313,1,0.0,L2
32014L0025,68,0.0,100.0,0.0,0.0,132,1,0.0,L2
32014L0025,69,0.0,100.0,0.0,0.0,35,1,0.0,L2
32014L0025,7,100.0,0.0,0.0,0.0,35,1,0.0,L1
32014L0025,70,0.0,100.0,0.0,0.0,394,1,0.0,L2
32014L0025,71,0.0,100.0,0.0,0.0,516,1,0.0,L2
32014L0025,72,0.0,100.0,0.0,0.0,170,1,0.0,L2
32014L0025,73,0.0,100.0,0.0,0.0,417,1,0.0,L2
32014L0025,74,0.0,100.0,0.0,0.0,179,1,0.0,L2
32014L0025,75,0.0,100.0,0.0,0.0,495,1,0.0,L2
32014L0025,76,21.192052980132452,78.80794701986756,0.0,0.0,604,1,0.37256887870446276,L2
32014L0025,77,7.395498392282958,92.60450160771704,0.0,0.0,311,1,0.19025624310058495,L2
32014L0025,78,0.0,100.0,0.0,0.0,118,1,0.0,L2
32014L0025,79,0.0,100.0,0.0,0.0,800,1,0.0,L2
32014L0025,8,37.77777777777778,62.22222222222222,0.0,0.0,180,1,0.4782287009569347,L2
32014L0025,80,65.8119658119658,34.18803418803419,0.0,0.0,234,1,0.46330335224216157,L1
32014L0025,81,0.0,90.03021148036254,0.0,9.969788519637463,331,1,0.23401858861264627,L2
32014L0025,82,13.729508196721312,86.27049180327869,0.0,0.0,488,1,0.2885553990276585,L2
32014L0025,83,26.42487046632124,73.57512953367875,0.0,0.0,386,1,0.41654514048095365,L2
32014L0025,84,0.0,100.0,0.0,0.0,327,1,0.0,L2
32014L0025,85,15.142857142857144,68.0,0.0,16.857142857142858,350,1,0.6118593370785665,L2
32014L0025,86,10.975609756097562,0.0,0.0,89.02439024390245,410,1,0.24958991665157812,L4
32014L0025,87,32.72727272727273,67.27272727272727,0.0,0.0,55,1,0.45605781391751865,L2
32014L0025,88,3.6775106082036775,73.55021216407354,0.0,22.772277227722775,707,1,0.4936599238453825,L2
32014L0025,89,0.0,96.09375,0.0,3.90625,768,1,0.11898857421682327,L2
32014L0025,9,31.76470588235294,68.23529411764706,0.0,0.0,170,1,0.45090217088608037,L2
32014L0025,90,30.82191780821918,69.17808219178082,0.0,0.0,146,1,0.4455535482275649,L2
32014L0025,91,45.09803921568628,54.90196078431373,0.0,0.0,51,1,0.4965277400634036,L2
32014L0025,92,0.0,100.0,0.0,0.0,271,1,0.0,L2
32014L0025,93,0.0,100.0,0.0,0.0,167,1,0.0,L2
32014L0025,94,79.33884297520662,9.090909090909092,0.0,11.570247933884298,242,1,0.46970799340280955,L1
32014L0025,95,0.0,100.0,0.0,0.0,127,1,0.0,L2
32014L0025,96,8.333333333333332,91.66666666666666,0.0,0.0,204,1,0.20690842370912177,L2
32014L0025,97,39.77900552486188,60.22099447513812,0.0,0.0,181,1,0.4848215843515832,L2
32014L0025,98,13.47517730496454,86.52482269503547,0.0,0.0,141,1,0.28516369625280014,L2
32014L0025,99,0.0,0.0,19.083969465648856,80.91603053435115,524,1,0.35161236601279644,L4
dl_135_2018,art1,68.85625965996908,31.143740340030913,0.0,0.0,1294,1,0.44741286444041983,L1
dl_135_2018,art10,54.22222222222223,45.77777777777778,0.0,0.0,225,1,0.49742501753794877,L1
dl_135_2018,art11,51.73267326732673,48.26732673267327,0.0,0.0,808,1,0.4995667921781546,L1
dl_135_2018,art12,48.57142857142857,51.42857142857142,0.0,0.0,35,1,0.49970553092668263,L2
dl_135_2018,art2,57.25806451612904,42.74193548387097,0.0,0.0,248,1,0.49237303448992814,L1
dl_135_2018,art3,0.0,100.0,0.0,0.0,852,1,0.0,L2
dl_135_2018,art4,0.0,100.0,0.0,0.0,511,1,0.0,L2
dl_135_2018,art5,0.0,100.0,0.0,0.0,249,1,0.0,L2
dl_135_2018,art6,2.6262626262626263,97.37373737373738,0.0,0.0,495,1,0.08764399604212861,L2
dl_135_2018,art7,61.21495327102804,38.78504672897196,0.0,0.0,428,1,0.48169917866628786,L1
dl_135_2018,art8,34.741442097596504,65.2585579024035,0.0,0.0,1373,1,0.4658688448623767,L2
dl_135_2018,art9,49.152542372881356,50.847457627118644,0.0,0.0,472,1,0.49989638148436844,L2
dl_13_2023,art1,100.0,0.0,0.0,0.0,253,1,0.0,L1
dl_13_2023,art10,25.773195876288657,74.22680412371135,0.0,0.0,485,1,0.4116522709487317,L2
dl_13_2023,art11,27.155172413793103,72.84482758620689,0.0,0.0,464,1,0.4218412290689706,L2
dl_13_2023,art12,0.0,100.0,0.0,0.0,570,1,0.0,L2
dl_13_2023,art13,9.95260663507109,90.04739336492891,0.0,0.0,211,1,0.2337457268890159,L2
dl_13_2023,art14,0.0,100.0,0.0,0.0,2302,1,0.0,L2
dl_13_2023,art15,17.579771222155326,82.42022877784467,0.0,0.0,1661,1,0.3353985850384842,L2
dl_13_2023,art16,21.688741721854303,78.31125827814569,0.0,0.0,604,1,0.37722157534654976,L2
dl_13_2023,art17,0.0,100.0,0.0,0.0,705,1,0.0,L2
dl_13_2023,art18,0.0,100.0,0.0,0.0,2348,1,0.0,L2
dl_13_2023,art19,18.526543878656554,81.47345612134345,0.0,0.0,923,1,0.3457306890448336,L2
dl_13_2023,art2,65.05847953216374,28.50877192982456,0.0,6.432748538011696,1368,1,0.5871398653621385,L1
dl_13_2023,art20,17.1334431630972,68.5337726523888,0.0,14.332784184514002,607,1,0.6056719542815849,L2
dl_13_2023,art21,5.785123966942149,57.30027548209367,0.0,36.91460055096419,363,1,0.6144664773392836,L2
dl_13_2023,art22,45.54896142433235,54.45103857566765,0.0,0.0,674,1,0.497137980897415,L2
dl_13_2023,art23,69.95305164319248,30.046948356807512,0.0,0.0,213,1,0.4409320163020033,L1
dl_13_2023,art24,20.089285714285715,79.91071428571429,0.0,0.0,1120,1,0.3618551081014256,L2
dl_13_2023,art25,100.0,0.0,0.0,0.0,186,1,0.0,L1
dl_13_2023,art26,79.8237885462555,18.06167400881057,2.1145374449339207,0.0,1135,1,0.4115496369877335,L1
dl_13_2023,art27,52.9045643153527,13.070539419087138,0.0,34.024896265560166,482,1,0.6994246552280449,L1
dl_13_2023,art28,20.821114369501466,79.17888563049853,0.0,0.0,341,1,0.3690247303882229,L2
dl_13_2023,art29,0.0,75.36231884057972,0.0,24.637681159420293,552,1,0.4027424179276029,L2
dl_13_2023,art3,11.188811188811188,2.797202797202797,0.0,86.01398601398601,572,1,0.3424206866561784,L4
dl_13_2023,art30,0.0,100.0,0.0,0.0,367,1,0.0,L2
dl_13_2023,art31,1.0163499779054352,98.98365002209457,0.0,0.0,2263,1,0.04093754698968274,L2
dl_13_2023,art32,0.0,100.0,0.0,0.0,175,1,0.0,L2
dl_13_2023,art33,22.72333044232437,56.331309627059845,0.0,20.945359930615783,2306,1,0.7122836184419605,L2
dl_13_2023,art34,42.463235294117645,57.53676470588235,0.0,0.0,544,1,0.49177376508595,L2
dl_13_2023,art35,0.0,100.0,0.0,0.0,390,1,0.0,L2
dl_13_2023,art36,11.57556270096463,88.42443729903538,0.0,0.0,311,1,0.25851810490037264,L2
dl_13_2023,art37,0.0,100.0,0.0,0.0,41,1,0.0,L2
dl_13_2023,art38,0.0,100.0,0.0,0.0,20,1,0.0,L2
dl_13_2023,art39,0.0,100.0,0.0,0.0,93,1,0.0,L2
dl_13_2023,art4,63.711911357340725,36.288088642659275,0.0,0.0,361,1,0.4725242918920092,L1
dl_13_2023,art40,13.356164383561644,86.64383561643835,0.0,0.0,584,1,0.2835628585909983,L2
dl_13_2023,art41,0.0,100.0,0.0,0.0,126,1,0.0,L2
dl_13_2023,art42,100.0,0.0,0.0,0.0,104,1,0.0,L1
dl_13_2023,art43,0.0,100.0,0.0,0.0,137,1,0.0,L2
dl_13_2023,art44,0.0,100.0,0.0,0.0,146,1,0.0,L2
dl_13_2023,art45,7.985480943738657,92.01451905626135,0.0,0.0,1102,1,0.20083369632679055,L2
dl_13_2023,art46,0.0,100.0,0.0,0.0,131,1,0.0,L2
dl_13_2023,art47,0.0,100.0,0.0,0.0,2293,1,0.0,L2
dl_13_2023,art48,6.739526411657559,93.26047358834244,0.0,0.0,549,1,0.1780636138447211,L2
dl_13_2023,art49,10.173697270471465,89.82630272952854,0.0,0.0,403,1,0.2372388027549589,L2
dl_13_2023,art5,0.0,100.0,0.0,0.0,1054,1,0.0,L2
dl_13_2023,art50,37.14664310954063,62.85335689045937,0.0,0.0,2264,1,0.4758957017506841,L2
dl_13_2023,art51,26.284875183553595,73.7151248164464,0.0,0.0,681,1,0.4155074101745083,L2
dl_13_2023,art52,16.62531017369727,83.37468982630273,0.0,0.0,1209,1,0.3245306309176482,L2
dl_13_2023,art53,0.0,100.0,0.0,0.0,254,1,0.0,L2
dl_13_2023,art54,30.51881993896236,53.91658189216684,0.0,15.564598168870802,983,1,0.7103784916015999,L2
dl_13_2023,art55,100.0,0.0,0.0,0.0,679,1,0.0,L1
dl_13_2023,art56,100.0,0.0,0.0,0.0,34,1,0.0,L1
dl_13_2023,art57,100.0,0.0,0.0,0.0,39,1,0.0,L1
dl_13_2023,art58,100.0,0.0,0.0,0.0,36,1,0.0,L1
dl_13_2023,art6,0.0,100.0,0.0,0.0,303,1,0.0,L2
dl_13_2023,art7,0.0,100.0,0.0,0.0,526,1,0.0,L2
dl_13_2023,art8,94.25133689839572,5.748663101604278,0.0,0.0,1496,1,0.15869295390959248,L1
dl_13_2023,art9,100.0,0.0,0.0,0.0,495,1,0.0,L1
dlgs_163_2006,art1,100.0,0.0,0.0,0.0,35,1,0.0,L1
dlgs_163_2006,art10,100.0,0.0,0.0,0.0,33,1,0.0,L1
dlgs_163_2006,art100,0.0,0.0,100.0,0.0,33,1,0.0,L3
dlgs_163_2006,art103,100.0,0.0,0.0,0.0,33,1,0.0,L1
dlgs_163_2006,art104,0.0,0.0,100.0,0.0,33,1,0.0,L3
dlgs_163_2006,art105,100.0,0.0,0.0,0.0,29,1,0.0,L1
dlgs_163_2006,art106,100.0,0.0,0.0,0.0,29,1,0.0,L1
dlgs_163_2006,art109,100.0,0.0,0.0,0.0,33,1,0.0,L1
dlgs_163_2006,art111,0.0,0.0,100.0,0.0,33,1,0.0,L3
dlgs_163_2006,art112,0.0,0.0,100.0,0.0,33,1,0.0,L3
dlgs_163_2006,art113,0.0,0.0,100.0,0.0,33,1,0.0,L3
dlgs_163_2006,art115,100.0,0.0,0.0,0.0,29,1,0.0,L1
dlgs_163_2006,art116,100.0,0.0,0.0,0.0,29,1,0.0,L1
dlgs_163_2006,art118,100.0,0.0,0.0,0.0,33,1,0.0,L1
dlgs_163_2006,art119,0.0,0.0,100.0,0.0,33,1,0.0,L3
dlgs_163_2006,art12,100.0,0.0,0.0,0.0,33,1,0.0,L1
dlgs_163_2006,art120,100.0,0.0,0.0,0.0,33,1,0.0,L1
dlgs_163_2006,art121,100.0,0.0,0.0,0.0,29,1,0.0,L1
dlgs_163_2006,art122,0.0,0.0,100.0,0.0,33,1,0.0,L3
dlgs_163_2006,art125,100.0,0.0,0.0,0.0,33,1,0.0,L1
dlgs_163_2006,art126,100.0,0.0,0.0,0.0,33,1,0.0,L1
dlgs_163_2006,art127,100.0,0.0,0.0,0.0,29,1,0.0,L1
dlgs_163_2006,art128,0.0,0.0,100.0,0.0,33,1,0.0,L3
dlgs_163_2006,art129,0.0,0.0,100.0,0.0,33,1,0.0,L3
dlgs_163_2006,art130,100.0,0.0,0.0,0.0,33,1,0.0,L1
dlgs_163_2006,art131,100.0,0.0,0.0,0.0,33,1,0.0,L1
dlgs_163_2006,art132,0.0,0.0,100.0,0.0,33,1,0.0,L3
dlgs_163_2006,art133,100.0,0.0,0.0,0.0,33,1,0.0,L1
dlgs_163_2006,art134,100.0,0.0,0.0,0.0,33,1,0.0,L1
dlgs_163_2006,art135,0.0,0.0,100.0,0.0,33,1,0.0,L3
dlgs_163_2006,art136,100.0,0.0,0.0,0.0,29,1,0.0,L1
dlgs_163_2006,art137,100.0,0.0,0.0,0.0,29,1,0.0,L1
dlgs_163_2006,art138,100.0,0.0,0.0,0.0,29,1,0.0,L1
dlgs_163_2006,art139,0.0,0.0,100.0,0.0,33,1,0.0,L3
dlgs_163_2006,art14,0.0,0.0,100.0,0.0,33,1,0.0,L3
dlgs_163_2006,art140,0.0,0.0,100.0,0.0,33,1,0.0,L3
dlgs_163_2006,art141,100.0,0.0,0.0,0.0,33,1,0.0,L1
dlgs_163_2006,art142,0.0,0.0,100.0,0.0,33,1,0.0,L3
dlgs_163_2006,art143,100.0,0.0,0.0,0.0,33,1,0.0,L1
dlgs_163_2006,art144,100.0,0.0,0.0,0.0,29,1,0.0,L1
dlgs_163_2006,art145,0.0,0.0,100.0,0.0,33,1,0.0,L3
dlgs_163_2006,art146,100.0,0.0,0.0,0.0,33,1,0.0,L1
dlgs_163_2006,art147,100.0,0.0,0.0,0.0,33,1,0.0,L1
dlgs_163_2006,art149,100.0,0.0,0.0,0.0,33,1,0.0,L1
dlgs_163_2006,art151,100.0,0.0,0.0,0.0,33,1,0.0,L1
dlgs_163_2006,art154,100.0,0.0,0.0,0.0,33,1,0.0,L1
dlgs_163_2006,art155,100.0,0.0,0.0,0.0,33,1,0.0,L1
dlgs_163_2006,art156,100.0,0.0,0.0,0.0,33,1,0.0,L1
dlgs_163_2006,art159,100.0,0.0,0.0,0.0,33,1,0.0,L1
dlgs_163_2006,art160,100.0,0.0,0.0,0.0,33,1,0.0,L1
dlgs_163_2006,art164,100.0,0.0,0.0,0.0,33,1,0.0,L1
dlgs_163_2006,art165,100.0,0.0,0.0,0.0,33,1,0.0,L1
dlgs_163_2006,art166,100.0,0.0,0.0,0.0,33,1,0.0,L1
dlgs_163_2006,art167,100.0,0.0,0.0,0.0,33,1,0.0,L1
dlgs_163_2006,art172,100.0,0.0,0.0,0.0,33,1,0.0,L1
dlgs_163_2006,art173,100.0,0.0,0.0,0.0,33,1,0.0,L1
dlgs_163_2006,art175,100.0,0.0,0.0,0.0,29,1,0.0,L1
dlgs_163_2006,art176,100.0,0.0,0.0,0.0,33,1,0.0,L1
dlgs_163_2006,art177,100.0,0.0,0.0,0.0,33,1,0.0,L1
dlgs_163_2006,art178,100.0,0.0,0.0,0.0,33,1,0.0,L1
dlgs_163_2006,art18,0.0,0.0,100.0,0.0,33,1,0.0,L3
dlgs_163_2006,art180,100.0,0.0,0.0,0.0,33,1,0.0,L1
dlgs_163_2006,art181,100.0,0.0,0.0,0.0,33,1,0.0,L1
dlgs_163_2006,art182,100.0,0.0,0.0,0.0,33,1,0.0,L1
dlgs_163_2006,art183,100.0,0.0,0.0,0.0,33,1,0.0,L1
dlgs_163_2006,art184,100.0,0.0,0.0,0.0,33,1,0.0,L1
dlgs_163_2006,art186,100.0,0.0,0.0,0.0,321,1,0.0,L1
dlgs_163_2006,art187,100.0,0.0,0.0,0.0,321,1,0.0,L1
dlgs_163_2006,art188,100.0,0.0,0.0,0.0,321,1,0.0,L1
dlgs_163_2006,art189,100.0,0.0,0.0,0.0,321,1,0.0,L1
dlgs_163_2006,art190,65.73208722741433,34.26791277258567,0.0,0.0,321,1,0.46367969958741506,L1
dlgs_163_2006,art191,65.73208722741433,34.26791277258567,0.0,0.0,321,1,0.46367969958741506,L1
dlgs_163_2006,art192,100.0,0.0,0.0,0.0,321,1,0.0,L1
dlgs_163_2006,art193,0.0,0.0,100.0,0.0,321,1,0.0,L3
dlgs_163_2006,art195,100.0,0.0,0.0,0.0,33,1,0.0,L1
dlgs_163_2006,art196,100.0,0.0,0.0,0.0,33,1,0.0,L1
dlgs_163_2006,art201,100.0,0.0,0.0,0.0,33,1,0.0,L1
dlgs_163_2006,art203,100.0,0.0,0.0,0.0,29,1,0.0,L1
dlgs_163_2006,art204,100.0,0.0,0.0,0.0,33,1,0.0,L1
dlgs_163_2006,art205,100.0,0.0,0.0,0.0,33,1,0.0,L1
dlgs_163_2006,art206,100.0,0.0,0.0,0.0,35,1,0.0,L1
dlgs_163_2006,art207,100.0,0.0,0.0,0.0,35,1,0.0,L1
dlgs_163_2006,art209,100.0,0.0,0.0,0.0,33,1,0.0,L1
dlgs_163_2006,art210,100.0,0.0,0.0,0.0,33,1,0.0,L1
dlgs_163_2006,art211,100.0,0.0,0.0,0.0,33,1,0.0,L1
dlgs_163_2006,art212,100.0,0.0,0.0,0.0,33,1,0.0,L1
dlgs_163_2006,art213,100.0,0.0,0.0,0.0,29,1,0.0,L1
dlgs_163_2006,art214,100.0,0.0,0.0,0.0,33,1,0.0,L1
dlgs_163_2006,art216,100.0,0.0,0.0,0.0,33,1,0.0,L1
dlgs_163_2006,art217,100.0,0.0,0.0,0.0,29,1,0.0,L1
dlgs_163_2006,art219,0.0,0.0,100.0,0.0,33,1,0.0,L3
dlgs_163_2006,art22,0.0,0.0,100.0,0.0,33,1,0.0,L3
dlgs_163_2006,art220,100.0,0.0,0.0,0.0,33,1,0.0,L1
dlgs_163_2006,art221,100.0,0.0,0.0,0.0,29,1,0.0,L1
dlgs_163_2006,art222,100.0,0.0,0.0,0.0,33,1,0.0,L1
dlgs_163_2006,art223,100.0,0.0,0.0,0.0,33,1,0.0,L1
dlgs_163_2006,art224,100.0,0.0,0.0,0.0,33,1,0.0,L1
dlgs_163_2006,art225,100.0,0.0,0.0,0.0,33,1,0.0,L1
dlgs_163_2006,art226,100.0,0.0,0.0,0.0,33,1,0.0,L1
dlgs_163_2006,art227,100.0,0.0,0.0,0.0,33,1,0.0,L1
dlgs_163_2006,art228,100.0,0.0,0.0,0.0,33,1,0.0,L1
dlgs_163_2006,art229,100.0,0.0,0.0,0.0,33,1,0.0,L1
dlgs_163_2006,art230,100.0,0.0,0.0,0.0,33,1,0.0,L1
dlgs_163_2006,art231,100.0,0.0,0.0,0.0,33,1,0.0,L1
dlgs_163_2006,art232,100.0,0.0,0.0,0.0,33,1,0.0,L1
dlgs_163_2006,art233,100.0,0.0,0.0,0.0,33,1,0.0,L1
dlgs_163_2006,art235,100.0,0.0,0.0,0.0,29,1,0.0,L1
dlgs_163_2006,art236,100.0,0.0,0.0,0.0,33,1,0.0,L1
dlgs_163_2006,art238,0.0,0.0,100.0,0.0,33,1,0.0,L3
dlgs_163_2006,art239,100.0,0.0,0.0,0.0,33,1,0.0,L1
dlgs_163_2006,art240,100.0,0.0,0.0,0.0,33,1,0.0,L1
dlgs_163_2006,art241,0.0,0.0,16.766467065868262,83.23353293413174,167,1,0.32616727375786264,L4
dlgs_163_2006,art242,100.0,0.0,0.0,0.0,33,1,0.0,L1
dlgs_163_2006,art243,100.0,0.0,0.0,0.0,33,1,0.0,L1
dlgs_163_2006,art244,100.0,0.0,0.0,0.0,33,1,0.0,L1
dlgs_163_2006,art246,100.0,0.0,0.0,0.0,33,1,0.0,L1
dlgs_163_2006,art247,100.0,0.0,0.0,0.0,30,1,0.0,L1
dlgs_163_2006,art248,100.0,0.0,0.0,0.0,33,1,0.0,L1
dlgs_163_2006,art249,100.0,0.0,0.0,0.0,33,1,0.0,L1
dlgs_163_2006,art25,0.0,0.0,100.0,0.0,33,1,0.0,L3
dlgs_163_2006,art251,100.0,0.0,0.0,0.0,33,1,0.0,L1
dlgs_163_2006,art252,100.0,0.0,0.0,0.0,33,1,0.0,L1
dlgs_163_2006,art253,100.0,0.0,0.0,0.0,33,1,0.0,L1
dlgs_163_2006,art254,100.0,0.0,0.0,0.0,29,1,0.0,L1
dlgs_163_2006,art255,0.0,0.0,100.0,0.0,33,1,0.0,L3
dlgs_163_2006,art256,0.0,0.0,100.0,0.0,33,1,0.0,L3
dlgs_163_2006,art257,100.0,0.0,0.0,0.0,33,1,0.0,L1
dlgs_163_2006,art26,100.0,0.0,0.0,0.0,29,1,0.0,L1
dlgs_163_2006,art27,0.0,0.0,100.0,0.0,33,1,0.0,L3
dlgs_163_2006,art29,0.0,0.0,100.0,0.0,33,1,0.0,L3
dlgs_163_2006,art30,100.0,0.0,0.0,0.0,33,1,0.0,L1
dlgs_163_2006,art31,100.0,0.0,0.0,0.0,33,1,0.0,L1
dlgs_163_2006,art32,100.0,0.0,0.0,0.0,33,1,0.0,L1
dlgs_163_2006,art33,0.0,0.0,100.0,0.0,33,1,0.0,L3
dlgs_163_2006,art34,0.0,0.0,100.0,0.0,33,1,0.0,L3
dlgs_163_2006,art35,100.0,0.0,0.0,0.0,33,1,0.0,L1
dlgs_163_2006,art38,0.0,0.0,100.0,0.0,33,1,0.0,L3
dlgs_163_2006,art39,100.0,0.0,0.0,0.0,35,1,0.0,L1
dlgs_163_2006,art4,100.0,0.0,0.0,0.0,33,1,0.0,L1
dlgs_163_2006,art41,100.0,0.0,0.0,0.0,33,1,0.0,L1
dlgs_163_2006,art43,100.0,0.0,0.0,0.0,35,1,0.0,L1
dlgs_163_2006,art44,100.0,0.0,0.0,0.0,33,1,0.0,L1
dlgs_163_2006,art48,100.0,0.0,0.0,0.0,33,1,0.0,L1
dlgs_163_2006,art49,0.0,0.0,100.0,0.0,33,1,0.0,L3
dlgs_163_2006,art5,100.0,0.0,0.0,0.0,33,1,0.0,L1
dlgs_163_2006,art50,100.0,0.0,0.0,0.0,33,1,0.0,L1
dlgs_163_2006,art51,100.0,0.0,0.0,0.0,33,1,0.0,L1
dlgs_163_2006,art53,100.0,0.0,0.0,0.0,33,1,0.0,L1
dlgs_163_2006,art54,100.0,0.0,0.0,0.0,33,1,0.0,L1
dlgs_163_2006,art55,100.0,0.0,0.0,0.0,33,1,0.0,L1
dlgs_163_2006,art56,100.0,0.0,0.0,0.0,33,1,0.0,L1
dlgs_163_2006,art57,0.0,0.0,100.0,0.0,33,1,0.0,L3
dlgs_163_2006,art58,100.0,0.0,0.0,0.0,33,1,0.0,L1
dlgs_163_2006,art6,0.0,0.0,100.0,0.0,33,1,0.0,L3
dlgs_163_2006,art60,100.0,0.0,0.0,0.0,33,1,0.0,L1
dlgs_163_2006,art62,100.0,0.0,0.0,0.0,33,1,0.0,L1
dlgs_163_2006,art65,100.0,0.0,0.0,0.0,29,1,0.0,L1
dlgs_163_2006,art67,0.0,0.0,100.0,0.0,33,1,0.0,L3
dlgs_163_2006,art68,0.0,0.0,100.0,0.0,33,1,0.0,L3
dlgs_163_2006,art69,0.0,0.0,100.0,0.0,33,1,0.0,L3
dlgs_163_2006,art70,0.0,0.0,100.0,0.0,33,1,0.0,L3
dlgs_163_2006,art74,100.0,0.0,0.0,0.0,35,1,0.0,L1
dlgs_163_2006,art75,100.0,0.0,0.0,0.0,29,1,0.0,L1
dlgs_163_2006,art76,100.0,0.0,0.0,0.0,33,1,0.0,L1
dlgs_163_2006,art79,100.0,0.0,0.0,0.0,33,1,0.0,L1
dlgs_163_2006,art81,0.0,0.0,100.0,0.0,33,1,0.0,L3
dlgs_163_2006,art82,100.0,0.0,0.0,0.0,33,1,0.0,L1
dlgs_163_2006,art83,0.0,0.0,100.0,0.0,33,1,0.0,L3
dlgs_163_2006,art85,0.0,0.0,100.0,0.0,33,1,0.0,L3
dlgs_163_2006,art89,100.0,0.0,0.0,0.0,33,1,0.0,L1
dlgs_163_2006,art93,100.0,0.0,0.0,0.0,33,1,0.0,L1
dlgs_163_2006,art94,100.0,0.0,0.0,0.0,29,1,0.0,L1
dlgs_163_2006,art95,0.0,0.0,100.0,0.0,33,1,0.0,L3
dlgs_163_2006,art99,0.0,0.0,100.0,0.0,33,1,0.0,L3
dlgs_209_2024,art1,47.368421052631575,52.63157894736842,0.0,0.0,38,1,0.4990004404934547,L2
dlgs_209_2024,art10,0.0,100.0,0.0,0.0,183,1,0.0,L2
dlgs_209_2024,art11,0.0,100.0,0.0,0.0,158,1,0.0,L2
dlgs_209_2024,art12,33.088235294117645,0.0,0.0,66.91176470588235,272,1,0.4579126633261632,L4
dlgs_209_2024,art13,0.0,100.0,0.0,0.0,166,1,0.0,L2
dlgs_209_2024,art14,0.0,100.0,0.0,0.0,830,1,0.0,L2
dlgs_209_2024,art15,54.263565891472865,45.73643410852713,0.0,0.0,258,1,0.4973742809259232,L1
dlgs_209_2024,art16,0.0,100.0,0.0,0.0,274,1,0.0,L2
dlgs_209_2024,art17,0.0,100.0,0.0,0.0,76,1,0.0,L2
dlgs_209_2024,art18,0.0,100.0,0.0,0.0,58,1,0.0,L2
dlgs_209_2024,art19,25.0,75.0,0.0,0.0,60,1,0.4056390607868714,L2
dlgs_209_2024,art2,0.0,100.0,0.0,0.0,253,1,0.0,L2
dlgs_209_2024,art20,0.0,100.0,0.0,0.0,123,1,0.0,L2
dlgs_209_2024,art21,83.11111111111111,16.88888888888889,0.0,0.0,225,1,0.3275783508106139,L1
dlgs_209_2024,art22,0.0,100.0,0.0,0.0,236,1,0.0,L2
dlgs_209_2024,art23,0.0,100.0,0.0,0.0,535,1,0.0,L2
dlgs_209_2024,art24,0.0,100.0,0.0,0.0,146,1,0.0,L2
dlgs_209_2024,art25,0.0,100.0,0.0,0.0,472,1,0.0,L2
dlgs_209_2024,art26,0.0,100.0,0.0,0.0,243,1,0.0,L2
dlgs_209_2024,art27,1.263157894736842,98.73684210526315,0.0,0.0,475,1,0.048886519877998504,L2
dlgs_209_2024,art28,0.0,100.0,0.0,0.0,35,1,0.0,L2
dlgs_209_2024,art29,62.893081761006286,16.037735849056602,0.0,21.069182389937108,318,1,0.6588111198866855,L1
dlgs_209_2024,art3,0.0,100.0,0.0,0.0,42,1,0.0,L2
dlgs_209_2024,art30,0.0,100.0,0.0,0.0,56,1,0.0,L2
dlgs_209_2024,art31,0.0,62.15139442231076,0.0,37.84860557768924,251,1,0.4784828732738248,L2
dlgs_209_2024,art32,0.0,100.0,0.0,0.0,103,1,0.0,L2
dlgs_209_2024,art33,30.597014925373134,69.40298507462687,0.0,0.0,134,1,0.4442333937026526,L2
dlgs_209_2024,art34,0.0,100.0,0.0,0.0,142,1,0.0,L2
dlgs_209_2024,art35,0.0,100.0,0.0,0.0,188,1,0.0,L2
dlgs_209_2024,art36,0.0,100.0,0.0,0.0,170,1,0.0,L2
dlgs_209_2024,art37,100.0,0.0,0.0,0.0,28,1,0.0,L1
dlgs_209_2024,art38,0.0,100.0,0.0,0.0,42,1,0.0,L2
dlgs_209_2024,art39,0.0,100.0,0.0,0.0,102,1,0.0,L2
dlgs_209_2024,art4,0.0,100.0,0.0,0.0,78,1,0.0,L2
dlgs_209_2024,art40,0.0,100.0,0.0,0.0,556,1,0.0,L2
dlgs_209_2024,art41,0.0,100.0,0.0,0.0,414,1,0.0,L2
dlgs_209_2024,art42,0.0,100.0,0.0,0.0,400,1,0.0,L2
dlgs_209_2024,art43,0.0,100.0,0.0,0.0,42,1,0.0,L2
dlgs_209_2024,art44,0.0,100.0,0.0,0.0,246,1,0.0,L2
dlgs_209_2024,art45,0.0,100.0,0.0,0.0,320,1,0.0,L2
dlgs_209_2024,art46,100.0,0.0,0.0,0.0,60,1,0.0,L1
dlgs_209_2024,art47,79.22077922077922,20.77922077922078,0.0,0.0,154,1,0.36862068714283314,L1
dlgs_209_2024,art48,100.0,0.0,0.0,0.0,74,1,0.0,L1
dlgs_209_2024,art49,0.0,100.0,0.0,0.0,48,1,0.0,L2
dlgs_209_2024,art5,0.0,100.0,0.0,0.0,93,1,0.0,L2
dlgs_209_2024,art50,100.0,0.0,0.0,0.0,49,1,0.0,L1
dlgs_209_2024,art51,0.0,100.0,0.0,0.0,102,1,0.0,L2
dlgs_209_2024,art52,0.0,100.0,0.0,0.0,42,1,0.0,L2
dlgs_209_2024,art53,100.0,0.0,0.0,0.0,15,1,0.0,L1
dlgs_209_2024,art54,14.86146095717884,85.13853904282117,0.0,0.0,397,1,0.3031812377135107,L2
dlgs_209_2024,art55,100.0,0.0,0.0,0.0,78,1,0.0,L1
dlgs_209_2024,art56,0.0,0.0,0.0,100.0,134,1,0.0,L4
dlgs_209_2024,art57,6.515242080095636,93.48475791990435,0.0,0.0,1673,1,0.17378364469142937,L2
dlgs_209_2024,art58,0.0,100.0,0.0,0.0,15,1,0.0,L2
dlgs_209_2024,art59,0.0,100.0,0.0,0.0,137,1,0.0,L2
dlgs_209_2024,art6,0.0,100.0,0.0,0.0,90,1,0.0,L2
dlgs_209_2024,art60,20.27027027027027,79.72972972972973,0.0,0.0,74,1,0.36365033781450684,L2
dlgs_209_2024,art61,0.0,100.0,0.0,0.0,77,1,0.0,L2
dlgs_209_2024,art62,66.42857142857143,33.57142857142857,0.0,0.0,140,1,0.4603292018087315,L1
dlgs_209_2024,art63,6.172839506172839,93.82716049382715,0.0,0.0,162,1,0.1671340648382019,L2
dlgs_209_2024,art64,100.0,0.0,0.0,0.0,181,1,0.0,L1
dlgs_209_2024,art65,19.480519480519483,0.0,0.0,80.51948051948052,77,1,0.35570800800791125,L4
dlgs_209_2024,art66,0.0,100.0,0.0,0.0,39,1,0.0,L2
dlgs_209_2024,art67,0.0,100.0,0.0,0.0,61,1,0.0,L2
dlgs_209_2024,art68,0.0,100.0,0.0,0.0,35,1,0.0,L2
dlgs_209_2024,art69,3.6585365853658534,96.34146341463415,0.0,0.0,164,1,0.1132054727678432,L2
dlgs_209_2024,art7,0.0,100.0,0.0,0.0,51,1,0.0,L2
dlgs_209_2024,art70,0.0,100.0,0.0,0.0,431,1,0.0,L2
dlgs_209_2024,art71,100.0,0.0,0.0,0.0,71,1,0.0,L1
dlgs_209_2024,art72,79.87915407854985,20.12084592145015,0.0,0.0,1655,1,0.36216921818166486,L1
dlgs_209_2024,art73,13.716814159292035,86.28318584070797,0.0,0.0,1356,1,0.2883870532092191,L2
dlgs_209_2024,art74,100.0,0.0,0.0,0.0,630,1,0.0,L1
dlgs_209_2024,art75,87.08333333333333,12.916666666666668,0.0,0.0,240,1,0.2775741625555276,L1
dlgs_209_2024,art76,0.0,100.0,0.0,0.0,258,1,0.0,L2
dlgs_209_2024,art77,0.0,100.0,0.0,0.0,1028,1,0.0,L2
dlgs_209_2024,art78,0.0,100.0,0.0,0.0,2140,1,0.0,L2
dlgs_209_2024,art79,0.0,100.0,0.0,0.0,225,1,0.0,L2
dlgs_209_2024,art8,0.0,100.0,0.0,0.0,86,1,0.0,L2
dlgs_209_2024,art80,9.662162162162161,82.43243243243244,0.0,7.905405405405405,1480,1,0.42246569399280565,L2
dlgs_209_2024,art81,100.0,0.0,0.0,0.0,54,1,0.0,L1
dlgs_209_2024,art82,100.0,0.0,0.0,0.0,219,1,0.0,L1
dlgs_209_2024,art83,0.0,100.0,0.0,0.0,284,1,0.0,L2
dlgs_209_2024,art84,0.0,100.0,0.0,0.0,210,1,0.0,L2
dlgs_209_2024,art85,0.0,100.0,0.0,0.0,62,1,0.0,L2
dlgs_209_2024,art86,11.855203619909501,88.1447963800905,0.0,0.0,2210,1,0.262592181683305,L2
dlgs_209_2024,art87,100.0,0.0,0.0,0.0,72,1,0.0,L1
dlgs_209_2024,art88,17.041420118343193,81.30177514792899,0.0,1.6568047337278107,1690,1,0.3879277814476336,L2
dlgs_209_2024,art89,81.30990415335462,18.69009584664537,0.0,0.0,1252,1,0.34747164898544547,L1
dlgs_209_2024,art9,0.0,100.0,0.0,0.0,73,1,0.0,L2
dlgs_209_2024,art90,39.473684210526315,60.526315789473685,0.0,0.0,76,1,0.48389422997068887,L2
dlgs_209_2024,art91,0.0,100.0,0.0,0.0,420,1,0.0,L2
dlgs_209_2024,art92,0.0,100.0,0.0,0.0,729,1,0.0,L2
dlgs_209_2024,art93,0.0,100.0,0.0,0.0,42,1,0.0,L2
dlgs_209_2024,art94,58.17438692098092,39.509536784741144,0.0,2.316076294277929,2202,1,0.5548958495548825,L1
dlgs_209_2024,art95,100.0,0.0,0.0,0.0,83,1,0.0,L1
dlgs_209_2024,art96,40.909090909090914,59.09090909090909,0.0,0.0,44,1,0.48801032267561245,L2
dlgs_209_2024,art97,100.0,0.0,0.0,0.0,35,1,0.0,L1
dlgs_218_2012,art1,100.0,0.0,0.0,0.0,71,1,0.0,L1
dlgs_218_2012,art10,100.0,0.0,0.0,0.0,40,1,0.0,L1
dlgs_218_2012,art2,0.0,100.0,0.0,0.0,497,1,0.0,L2
dlgs_218_2012,art3,0.0,100.0,0.0,0.0,103,1,0.0,L2
dlgs_218_2012,art4,0.0,51.132075471698116,0.0,48.867924528301884,530,1,0.4998150876998341,L2
dlgs_218_2012,art5,8.695652173913043,91.30434782608695,0.0,0.0,92,1,0.2131143270563774,L2
dlgs_218_2012,art6,0.0,100.0,0.0,0.0,191,1,0.0,L2
dlgs_218_2012,art7,100.0,0.0,0.0,0.0,85,1,0.0,L1
dlgs_218_2012,art8,0.0,100.0,0.0,0.0,355,1,0.0,L2
dlgs_218_2012,art9,0.0,100.0,0.0,0.0,162,1,0.0,L2
dlgs_228_2011,art1,100.0,0.0,0.0,0.0,133,1,0.0,L1
dlgs_228_2011,art10,0.0,0.0,0.0,100.0,42,1,0.0,L4
dlgs_228_2011,art11,46.666666666666664,53.333333333333336,0.0,0.0,45,1,0.4983958145481233,L2
dlgs_228_2011,art2,100.0,0.0,0.0,0.0,42,1,0.0,L1
dlgs_228_2011,art3,12.345679012345679,87.65432098765432,0.0,0.0,324,1,0.2696081701619257,L2
dlgs_228_2011,art4,16.486486486486488,77.29729729729729,0.0,6.216216216216217,370,1,0.4825284241761855,L2
dlgs_228_2011,art5,25.214899713467048,74.78510028653295,0.0,0.0,349,1,0.40733323409075284,L2
dlgs_228_2011,art6,20.80745341614907,79.19254658385093,0.0,0.0,322,1,0.3688930615902664,L2
dlgs_228_2011,art7,72.636815920398,0.0,0.0,27.363184079601986,603,1,0.4233139788722946,L1
dlgs_228_2011,art8,16.19047619047619,83.80952380952381,0.0,0.0,210,1,0.31942346814589995,L2
dlgs_228_2011,art9,100.0,0.0,0.0,0.0,33,1,0.0,L1
dlgs_229_2011,art1,100.0,0.0,0.0,0.0,359,1,0.0,L1
dlgs_229_2011,art10,0.0,100.0,0.0,0.0,317,1,0.0,L2
dlgs_229_2011,art11,0.0,100.0,0.0,0.0,91,1,0.0,L2
dlgs_229_2011,art12,0.0,100.0,0.0,0.0,38,1,0.0,L2
dlgs_229_2011,art2,0.0,100.0,0.0,0.0,97,1,0.0,L2
dlgs_229_2011,art3,0.0,0.0,100.0,0.0,46,1,0.0,L3
dlgs_229_2011,art4,70.73791348600508,0.0,0.0,29.262086513994912,393,1,0.4360413831780354,L1
dlgs_229_2011,art5,33.33333333333333,66.66666666666666,0.0,0.0,138,1,0.45914791558454976,L2
dlgs_229_2011,art6,0.0,100.0,0.0,0.0,300,1,0.0,L2
dlgs_229_2011,art7,0.0,100.0,0.0,0.0,64,1,0.0,L2
dlgs_229_2011,art8,28.125,71.875,0.0,0.0,224,1,0.42857421727149075,L2
dlgs_229_2011,art9,0.0,100.0,0.0,0.0,53,1,0.0,L2
dlgs_33_2013,art1,100.0,0.0,0.0,0.0,224,1,0.0,L1
dlgs_33_2013,art10,72.06572769953051,22.300469483568076,5.633802816901409,0.0,426,1,0.5285772253932511,L1
dlgs_33_2013,art11,100.0,0.0,0.0,0.0,33,1,0.0,L1
dlgs_33_2013,art12,77.90262172284645,22.09737827715356,0.0,0.0,267,1,0.38097080843535946,L1
dlgs_33_2013,art13,24.264705882352942,75.73529411764706,0.0,0.0,136,1,0.39970730065784066,L2
dlgs_33_2013,art14,60.13179571663921,39.86820428336079,0.0,0.0,607,1,0.4850872066723409,L1
dlgs_33_2013,art15,36.41456582633053,45.09803921568628,0.0,18.487394957983195,357,1,0.7495323638171594,L2
dlgs_33_2013,art16,0.0,100.0,0.0,0.0,220,1,0.0,L2
dlgs_33_2013,art17,0.0,100.0,0.0,0.0,118,1,0.0,L2
dlgs_33_2013,art18,100.0,0.0,0.0,0.0,47,1,0.0,L1
dlgs_33_2013,art19,0.0,100.0,0.0,0.0,136,1,0.0,L2
dlgs_33_2013,art2,55.47445255474452,44.52554744525548,0.0,0.0,137,1,0.49566761444250057,L1
dlgs_33_2013,art20,0.0,100.0,0.0,0.0,108,1,0.0,L2
dlgs_33_2013,art21,0.0,100.0,0.0,0.0,145,1,0.0,L2
dlgs_33_2013,art22,23.623445825932503,62.34458259325044,0.0,14.031971580817052,563,1,0.6571535491206991,L2
dlgs_33_2013,art23,0.0,100.0,0.0,0.0,152,1,0.0,L2
dlgs_33_2013,art24,100.0,0.0,0.0,0.0,33,1,0.0,L1
dlgs_33_2013,art25,100.0,0.0,0.0,0.0,29,1,0.0,L1
dlgs_33_2013,art26,13.486842105263158,57.23684210526315,0.0,29.276315789473685,304,1,0.6847004719540832,L2
dlgs_33_2013,art27,0.0,100.0,0.0,0.0,142,1,0.0,L2
dlgs_33_2013,art28,0.0,71.07438016528926,0.0,28.92561983471074,121,1,0.4338792432381797,L2
dlgs_33_2013,art29,0.0,100.0,0.0,0.0,201,1,0.0,L2
dlgs_33_2013,art3,23.636363636363637,76.36363636363637,0.0,0.0,220,1,0.3944703272056155,L2
dlgs_33_2013,art30,0.0,100.0,0.0,0.0,47,1,0.0,L2
dlgs_33_2013,art31,0.0,100.0,0.0,0.0,93,1,0.0,L2
dlgs_33_2013,art32,40.69767441860465,59.30232558139535,0.0,0.0,86,1,0.48744285245707425,L2
dlgs_33_2013,art33,0.0,100.0,0.0,0.0,140,1,0.0,L2
dlgs_33_2013,art34,100.0,0.0,0.0,0.0,33,1,0.0,L1
dlgs_33_2013,art35,0.0,100.0,0.0,0.0,548,1,0.0,L2
dlgs_33_2013,art36,29.268292682926827,70.73170731707317,0.0,0.0,41,1,0.43608089272788986,L2
dlgs_33_2013,art37,56.92307692307692,43.07692307692308,0.0,0.0,130,1,0.49306304087242414,L1
dlgs_33_2013,art38,47.39336492890995,52.60663507109005,0.0,0.0,211,1,0.49901930821342305,L2
dlgs_33_2013,art39,50.282485875706215,49.717514124293785,0.0,0.0,177,1,0.499988486039223,L1
dlgs_33_2013,art4,100.0,0.0,0.0,0.0,33,1,0.0,L1
dlgs_33_2013,art40,37.890625,62.109375,0.0,0.0,256,1,0.47863293687300046,L2
dlgs_33_2013,art41,35.04273504273504,55.27065527065527,9.686609686609685,0.0,351,1,0.6645779781541341,L2
dlgs_33_2013,art42,29.166666666666668,70.83333333333334,0.0,0.0,192,1,0.4354322331749872,L2
dlgs_33_2013,art43,25.957446808510635,11.48936170212766,0.0,62.5531914893617,235,1,0.6435589501808078,L4
dlgs_33_2013,art44,46.06741573033708,53.93258426966292,0.0,0.0,89,1,0.497766533007038,L2
dlgs_33_2013,art45,0.0,0.0,0.0,100.0,178,1,0.0,L4
dlgs_33_2013,art46,0.0,0.0,0.0,100.0,44,1,0.0,L4
dlgs_33_2013,art47,0.0,0.0,0.0,100.0,345,1,0.0,L4
dlgs_33_2013,art48,14.814814814814813,85.18518518518519,0.0,0.0,297,1,0.30259328687401527,L2
dlgs_33_2013,art49,0.0,70.86092715231787,0.0,29.13907284768212,151,1,0.4352554848921497,L2
dlgs_33_2013,art5,16.925892040256176,22.2323879231473,0.0,60.84172003659653,1093,1,0.676096475035995,L4
dlgs_33_2013,art50,100.0,0.0,0.0,0.0,27,1,0.0,L1
dlgs_33_2013,art51,55.26315789473685,44.73684210526316,0.0,0.0,38,1,0.49599620028423275,L1
dlgs_33_2013,art52,0.0,100.0,0.0,0.0,478,1,0.0,L2
dlgs_33_2013,art53,100.0,0.0,0.0,0.0,319,1,0.0,L1
dlgs_33_2013,art6,100.0,0.0,0.0,0.0,95,1,0.0,L1
dlgs_33_2013,art7,0.0,100.0,0.0,0.0,109,1,0.0,L2
dlgs_33_2013,art8,0.0,100.0,0.0,0.0,204,1,0.0,L2
dlgs_33_2013,art9,41.73913043478261,58.26086956521739,0.0,0.0,115,1,0.4901094770934654,L2
dlgs_36_2023,art1,100.0,0.0,0.0,0.0,188,1,0.0,L1
dlgs_36_2023,art10,49.68944099378882,50.31055900621118,0.0,0.0,161,1,0.4999860841219316,L2
dlgs_36_2023,art100,2.4725274725274726,97.52747252747253,0.0,0.0,1092,1,0.0836033267306139,L2
dlgs_36_2023,art101,0.0,100.0,0.0,0.0,347,1,0.0,L2
dlgs_36_2023,art102,76.53061224489795,23.46938775510204,0.0,0.0,196,1,0.393052232979693,L1
dlgs_36_2023,art103,0.0,100.0,0.0,0.0,173,1,0.0,L2
dlgs_36_2023,art104,13.484358144552319,64.83279395900755,0.0,21.68284789644013,927,1,0.6366548575547919,L2
dlgs_36_2023,art105,0.0,100.0,0.0,0.0,54,1,0.0,L2
dlgs_36_2023,art106,0.0,100.0,0.0,0.0,998,1,0.0,L2
dlgs_36_2023,art107,0.0,100.0,0.0,0.0,246,1,0.0,L2
dlgs_36_2023,art108,0.0,100.0,0.0,0.0,1311,1,0.0,L2
dlgs_36_2023,art109,100.0,0.0,0.0,0.0,33,1,0.0,L1
dlgs_36_2023,art11,7.177814029363784,58.56443719412724,0.0,34.257748776508976,613,1,0.6271464077625861,L2
dlgs_36_2023,art110,0.0,47.61904761904761,0.0,52.38095238095239,399,1,0.4991818348542114,L4
dlgs_36_2023,art111,0.0,100.0,0.0,0.0,302,1,0.0,L2
dlgs_36_2023,art112,0.0,73.4126984126984,0.0,26.58730158730159,504,1,0.41774006753704795,L2
dlgs_36_2023,art113,0.0,100.0,0.0,0.0,87,1,0.0,L2
dlgs_36_2023,art114,0.0,100.0,0.0,0.0,697,1,0.0,L2
dlgs_36_2023,art115,0.0,100.0,0.0,0.0,230,1,0.0,L2
dlgs_36_2023,art116,15.11111111111111,83.91111111111111,0.0,0.9777777777777777,1125,1,0.3448034206454915,L2
dlgs_36_2023,art117,0.0,100.0,0.0,0.0,1629,1,0.0,L2
dlgs_36_2023,art118,6.995884773662551,93.00411522633745,0.0,0.0,486,1,0.18288502853491112,L2
dlgs_36_2023,art119,10.583768391077362,53.6782154722354,0.0,35.738016136687236,2107,1,0.6776263214798557,L2
dlgs_36_2023,art12,100.0,0.0,0.0,0.0,35,1,0.0,L1
dlgs_36_2023,art120,0.0,82.68229166666666,0.0,17.317708333333336,1536,1,0.3324606237385481,L2
dlgs_36_2023,art121,0.0,85.71428571428571,0.0,14.285714285714285,791,1,0.29583638784846866,L2
dlgs_36_2023,art122,0.0,83.04093567251462,0.0,16.95906432748538,684,1,0.3283837418822292,L2
dlgs_36_2023,art123,0.0,100.0,0.0,0.0,190,1,0.0,L2
dlgs_36_2023,art124,0.0,100.0,0.0,0.0,460,1,0.0,L2
dlgs_36_2023,art125,0.0,95.93082400813834,0.0,4.069175991861648,983,1,0.12272746972753909,L2
dlgs_36_2023,art126,0.0,100.0,0.0,0.0,345,1,0.0,L2
dlgs_36_2023,art127,0.0,100.0,0.0,0.0,252,1,0.0,L2
dlgs_36_2023,art128,65.27777777777779,34.72222222222222,0.0,0.0,288,1,0.46578138279778697,L1
dlgs_36_2023,art129,30.102040816326532,69.89795918367348,0.0,0.0,196,1,0.4412673306201621,L2
dlgs_36_2023,art13,42.42424242424242,57.57575757575758,0.0,0.0,363,1,0.4916880936269168,L2
dlgs_36_2023,art130,30.211480362537763,69.78851963746223,0.0,0.0,331,1,0.44193033708994434,L2
dlgs_36_2023,art131,8.213552361396303,91.78644763860369,0.0,0.0,487,1,0.20482974934751352,L2
dlgs_36_2023,art132,100.0,0.0,0.0,0.0,104,1,0.0,L1
dlgs_36_2023,art133,100.0,0.0,0.0,0.0,42,1,0.0,L1
dlgs_36_2023,art134,20.0,80.0,0.0,0.0,495,1,0.3609640460009861,L2
dlgs_36_2023,art135,100.0,0.0,0.0,0.0,142,1,0.0,L1
dlgs_36_2023,art136,55.58139534883721,44.41860465116279,0.0,0.0,430,1,0.4954963381633992,L1
dlgs_36_2023,art137,100.0,0.0,0.0,0.0,348,1,0.0,L1
dlgs_36_2023,art138,92.63157894736842,0.0,0.0,7.368421052631578,285,1,0.1897621874886453,L1
dlgs_36_2023,art139,4.956268221574344,72.01166180758017,0.0,23.03206997084548,343,1,0.5219183086065294,L2
dlgs_36_2023,art14,0.0,100.0,0.0,0.0,1983,1,0.0,L2
dlgs_36_2023,art140,0.0,82.77830637488105,0.0,17.221693625118935,1051,1,0.331375573776996,L2
dlgs_36_2023,art141,31.558185404339252,68.44181459566076,0.0,0.0,507,1,0.4497560084528268,L2
dlgs_36_2023,art142,49.353448275862064,35.12931034482759,0.0,15.517241379310345,464,1,0.7250519644539328,L1
dlgs_36_2023,art143,19.77040816326531,80.2295918367347,0.0,0.0,784,1,0.35865621082882504,L2
dlgs_36_2023,art144,71.97452229299363,28.02547770700637,0.0,0.0,157,1,0.42789886353510165,L1
dlgs_36_2023,art145,69.62962962962963,30.37037037037037,0.0,0.0,135,1,0.44288563320479696,L1
dlgs_36_2023,art146,100.0,0.0,0.0,0.0,231,1,0.0,L1
dlgs_36_2023,art147,100.0,0.0,0.0,0.0,210,1,0.0,L1
dlgs_36_2023,art148,100.0,0.0,0.0,0.0,387,1,0.0,L1
dlgs_36_2023,art149,100.0,0.0,0.0,0.0,176,1,0.0,L1
dlgs_36_2023,art15,82.74647887323944,17.253521126760564,0.0,0.0,568,1,0.331735768161019,L1
dlgs_36_2023,art150,100.0,0.0,0.0,0.0,46,1,0.0,L1
dlgs_36_2023,art151,100.0,0.0,0.0,0.0,219,1,0.0,L1
dlgs_36_2023,art152,100.0,0.0,0.0,0.0,96,1,0.0,L1
dlgs_36_2023,art153,0.0,100.0,0.0,0.0,273,1,0.0,L2
dlgs_36_2023,art154,0.0,100.0,0.0,0.0,42,1,0.0,L2
dlgs_36_2023,art155,0.0,100.0,0.0,0.0,177,1,0.0,L2
dlgs_36_2023,art156,0.0,100.0,0.0,0.0,193,1,0.0,L2
dlgs_36_2023,art157,0.0,100.0,0.0,0.0,220,1,0.0,L2
dlgs_36_2023,art158,8.86214442013129,91.13785557986871,0.0,0.0,914,1,0.21592577939971194,L2
dlgs_36_2023,art159,0.0,100.0,0.0,0.0,314,1,0.0,L2
dlgs_36_2023,art16,39.81481481481482,38.88888888888889,0.0,21.296296296296298,216,1,0.7670333730000555,L1
dlgs_36_2023,art160,0.0,100.0,0.0,0.0,150,1,0.0,L2
dlgs_36_2023,art161,0.0,100.0,0.0,0.0,281,1,0.0,L2
dlgs_36_2023,art162,39.565217391304344,60.43478260869565,0.0,0.0,230,1,0.48417519497156014,L2
dlgs_36_2023,art163,0.0,100.0,0.0,0.0,223,1,0.0,L2
dlgs_36_2023,art164,0.0,100.0,0.0,0.0,447,1,0.0,L2
dlgs_36_2023,art165,0.0,100.0,0.0,0.0,147,1,0.0,L2
dlgs_36_2023,art166,23.61111111111111,76.38888888888889,0.0,0.0,216,1,0.3942565788262942,L2
dlgs_36_2023,art167,0.0,100.0,0.0,0.0,278,1,0.0,L2
dlgs_36_2023,art168,2.4752475247524752,97.52475247524752,0.0,0.0,404,1,0.08367542085562085,L2
dlgs_36_2023,art169,0.0,100.0,0.0,0.0,35,1,0.0,L2
dlgs_36_2023,art17,24.070021881838073,63.89496717724289,0.0,12.035010940919037,457,1,0.6375512979858524,L2
dlgs_36_2023,art170,21.086956521739133,78.91304347826087,0.0,0.0,460,1,0.37157079730709164,L2
dlgs_36_2023,art171,21.804511278195488,0.0,0.0,78.19548872180451,133,1,0.3782909172651435,L4
dlgs_36_2023,art172,0.0,89.25373134328358,0.0,10.746268656716417,335,1,0.24610744624904157,L2
dlgs_36_2023,art173,100.0,0.0,0.0,0.0,87,1,0.0,L1
dlgs_36_2023,art174,100.0,0.0,0.0,0.0,331,1,0.0,L1
dlgs_36_2023,art175,9.444444444444445,45.83333333333333,16.38888888888889,28.333333333333332,720,1,0.890259563687069,L2
dlgs_36_2023,art176,100.0,0.0,0.0,0.0,74,1,0.0,L1
dlgs_36_2023,art177,100.0,0.0,0.0,0.0,630,1,0.0,L1
dlgs_36_2023,art178,25.301204819277107,50.602409638554214,0.0,24.096385542168676,249,1,0.7468295958418949,L2
dlgs_36_2023,art179,0.0,100.0,0.0,0.0,400,1,0.0,L2
dlgs_36_2023,art18,0.0,68.32386363636364,0.0,31.676136363636363,704,1,0.4504123625807703,L2
dlgs_36_2023,art180,100.0,0.0,0.0,0.0,208,1,0.0,L1
dlgs_36_2023,art181,100.0,0.0,0.0,0.0,87,1,0.0,L1
dlgs_36_2023,art182,13.614262560777956,86.38573743922204,0.0,0.0,617,1,0.2870234258596828,L2
dlgs_36_2023,art183,0.0,100.0,0.0,0.0,569,1,0.0,L2
dlgs_36_2023,art184,0.0,100.0,0.0,0.0,369,1,0.0,L2
dlgs_36_2023,art185,23.015873015873016,65.47619047619048,0.0,11.507936507936508,252,1,0.6233869597314348,L2
dlgs_36_2023,art186,4.595588235294118,53.125,0.0,42.279411764705884,544,1,0.6070470078873491,L2
dlgs_36_2023,art187,0.0,100.0,0.0,0.0,129,1,0.0,L2
dlgs_36_2023,art188,100.0,0.0,0.0,0.0,35,1,0.0,L1
dlgs_36_2023,art189,0.0,97.02457956015525,0.0,2.975420439844761,773,1,0.09657885030838084,L2
dlgs_36_2023,art19,31.09404990403071,68.90595009596929,0.0,0.0,521,1,0.4471280593416794,L2
dlgs_36_2023,art190,0.0,56.57686212361332,0.0,43.42313787638668,631,1,0.493741483537032,L2
dlgs_36_2023,art191,55.60747663551402,44.39252336448598,0.0,0.0,214,1,0.49545406039085665,L1
dlgs_36_2023,art192,48.4375,51.5625,0.0,0.0,320,1,0.4996477207383824,L2
dlgs_36_2023,art193,4.387568555758683,95.61243144424132,0.0,0.0,1641,1,0.12989411116523034,L2
dlgs_36_2023,art194,67.38095238095238,32.61904761904762,0.0,0.0,420,1,0.4554933787153486,L1
dlgs_36_2023,art195,64.5412130637636,35.45878693623639,0.0,0.0,643,1,0.46904940108847126,L1
dlgs_36_2023,art196,26.108374384236456,73.89162561576354,0.0,0.0,406,1,0.4141886771838052,L2
dlgs_36_2023,art197,0.0,92.23985890652557,0.0,7.760141093474426,567,1,0.19683535037833877,L2
dlgs_36_2023,art198,4.81283422459893,95.18716577540107,0.0,0.0,187,1,0.13919622388882485,L2
dlgs_36_2023,art199,55.833333333333336,44.166666666666664,0.0,0.0,360,1,0.4950796303093963,L1
dlgs_36_2023,art2,74.6606334841629,25.339366515837103,0.0,0.0,221,1,0.4083063891449089,L1
dlgs_36_2023,art20,15.053763440860216,84.94623655913979,0.0,0.0,93,1,0.30559204919305405,L2
dlgs_36_2023,art200,14.754098360655737,85.24590163934425,0.0,0.0,122,1,0.3018261234345055,L2
dlgs_36_2023,art201,70.55961070559611,29.44038929440389,0.0,0.0,411,1,0.43717114950452485,L1
dlgs_36_2023,art202,0.0,100.0,0.0,0.0,152,1,0.0,L2
dlgs_36_2023,art203,50.0,50.0,0.0,0.0,132,1,0.499999998557305,L1
dlgs_36_2023,art204,10.436432637571158,78.08349146110058,0.0,11.480075901328274,1054,1,0.4887232478457714,L2
dlgs_36_2023,art205,14.399999999999999,85.6,0.0,0.0,375,1,0.2973096706048111,L2
dlgs_36_2023,art206,0.0,0.0,0.0,100.0,140,1,0.0,L4
dlgs_36_2023,art207,37.5,62.5,0.0,0.0,272,1,0.47721700001978745,L2
dlgs_36_2023,art208,62.06896551724138,37.93103448275862,0.0,0.0,174,1,0.4787767404146791,L1
dlgs_36_2023,art209,0.0,0.0,0.0,100.0,2010,1,0.0,L4
dlgs_36_2023,art21,22.83464566929134,77.16535433070865,0.0,0.0,127,1,0.38755882390405727,L2
dlgs_36_2023,art210,20.869565217391305,72.34782608695653,0.0,6.782608695652175,575,1,0.5364564787906574,L2
dlgs_36_2023,art211,26.190476190476193,73.80952380952381,0.0,0.0,42,1,0.4148035501014065,L2
dlgs_36_2023,art212,0.0,20.56737588652482,0.0,79.43262411347519,141,1,0.3665657452207044,L4
dlgs_36_2023,art213,5.11669658886894,88.8689407540395,0.0,6.014362657091562,1114,1,0.30732215399907775,L2
dlgs_36_2023,art214,60.0,40.0,0.0,0.0,480,1,0.4854752957846393,L1
dlgs_36_2023,art215,0.0,61.57407407407407,0.0,38.425925925925924,216,1,0.48049736833475,L2
dlgs_36_2023,art216,0.0,0.0,0.0,100.0,415,1,0.0,L4
dlgs_36_2023,art217,0.0,82.6923076923077,0.0,17.307692307692307,156,1,0.33234765123197585,L2
dlgs_36_2023,art218,22.22222222222222,77.77777777777779,0.0,0.0,90,1,0.38210225181161506,L2
dlgs_36_2023,art219,0.0,0.0,0.0,100.0,80,1,0.0,L4
dlgs_36_2023,art22,44.61538461538462,55.38461538461539,0.0,0.0,195,1,0.4958089134513565,L2
dlgs_36_2023,art220,0.0,0.0,0.0,100.0,325,1,0.0,L4
dlgs_36_2023,art221,19.34032983508246,61.6191904047976,2.998500749625187,16.041979010494753,667,1,0.7320498690446524,L2
dlgs_36_2023,art222,0.0,21.005385996409338,0.0,78.99461400359067,557,1,0.37079283788970097,L4
dlgs_36_2023,art223,49.963154016212236,41.93072955047899,0.0,8.106116433308769,1357,1,0.6598874836822308,L1
dlgs_36_2023,art224,17.228464419475657,82.77153558052434,0.0,0.0,534,1,0.3314522422959715,L2
dlgs_36_2023,art225,0.0,100.0,0.0,0.0,1760,1,0.0,L2
dlgs_36_2023,art226,100.0,0.0,0.0,0.0,506,1,0.0,L1
dlgs_36_2023,art227,100.0,0.0,0.0,0.0,37,1,0.0,L1
dlgs_36_2023,art228,51.92307692307693,48.07692307692308,0.0,0.0,52,1,0.499466325870334,L1
dlgs_36_2023,art229,100.0,0.0,0.0,0.0,176,1,0.0,L1
dlgs_36_2023,art23,7.493188010899182,79.42779291553134,0.0,13.079019073569482,734,1,0.4639343075075797,L2
dlgs_36_2023,art24,47.61904761904761,27.31829573934837,0.0,25.062656641604008,399,1,0.760736155219013,L1
dlgs_36_2023,art25,23.076923076923077,76.92307692307693,0.0,0.0,325,1,0.3896749172033475,L2
dlgs_36_2023,art26,0.0,70.88607594936708,0.0,29.11392405063291,158,1,0.43509416616144425,L2
dlgs_36_2023,art27,9.659090909090908,90.3409090909091,0.0,0.0,176,1,0.22904746074110052,L2
dlgs_36_2023,art28,0.0,100.0,0.0,0.0,252,1,0.0,L2
dlgs_36_2023,art29,0.0,100.0,0.0,0.0,93,1,0.0,L2
dlgs_36_2023,art3,100.0,0.0,0.0,0.0,43,1,0.0,L1
dlgs_36_2023,art30,0.0,100.0,0.0,0.0,320,1,0.0,L2
dlgs_36_2023,art31,23.62204724409449,76.37795275590551,0.0,0.0,127,1,0.3943491783197386,L2
dlgs_36_2023,art32,7.2727272727272725,92.72727272727272,0.0,0.0,1320,1,0.1880099240419414,L2
dlgs_36_2023,art33,0.0,100.0,0.0,0.0,1192,1,0.0,L2
dlgs_36_2023,art34,0.0,100.0,0.0,0.0,555,1,0.0,L2
dlgs_36_2023,art35,0.0,91.39784946236558,0.0,8.60215053763441,651,1,0.21152440641398387,L2
dlgs_36_2023,art36,0.0,88.24833702882484,0.0,11.751662971175167,451,1,0.26109005512044803,L2
dlgs_36_2023,art37,13.41772151898734,86.58227848101265,0.0,0.0,395,1,0.28439195909861786,L2
dlgs_36_2023,art38,5.853994490358127,94.14600550964187,0.0,0.0,1452,1,0.16081078428755338,L2
dlgs_36_2023,art39,20.579710144927535,67.3913043478261,0.0,12.028985507246377,690,1,0.6103003497126959,L2
dlgs_36_2023,art4,100.0,0.0,0.0,0.0,18,1,0.0,L1
dlgs_36_2023,art40,15.273775216138327,84.72622478386167,0.0,0.0,347,1,0.30832466623873994,L2
dlgs_36_2023,art41,12.493946731234868,87.50605326876514,0.0,0.0,2065,1,0.2716972397030742,L2
dlgs_36_2023,art42,0.0,100.0,0.0,0.0,355,1,0.0,L2
dlgs_36_2023,art43,0.0,100.0,0.0,0.0,402,1,0.0,L2
dlgs_36_2023,art44,0.0,100.0,0.0,0.0,278,1,0.0,L2
dlgs_36_2023,art45,0.0,100.0,0.0,0.0,594,1,0.0,L2
dlgs_36_2023,art46,13.705583756345177,86.29441624365482,0.0,0.0,394,1,0.28823803594584096,L2
dlgs_36_2023,art47,90.35532994923858,9.644670050761421,0.0,0.0,394,1,0.228814808114308,L1
dlgs_36_2023,art48,57.77777777777777,42.22222222222222,0.0,0.0,135,1,0.49123704197662543,L1
dlgs_36_2023,art49,9.734513274336283,90.2654867256637,0.0,0.0,226,1,0.23026145902993067,L2
dlgs_36_2023,art5,100.0,0.0,0.0,0.0,169,1,0.0,L1
dlgs_36_2023,art50,11.553273427471117,88.44672657252889,0.0,0.0,779,1,0.25819101711129266,L2
dlgs_36_2023,art51,48.57142857142857,51.42857142857142,0.0,0.0,35,1,0.49970553092668263,L2
dlgs_36_2023,art52,0.0,38.582677165354326,0.0,61.417322834645674,127,1,0.4810267693729132,L4
dlgs_36_2023,art53,0.0,100.0,0.0,0.0,209,1,0.0,L2
dlgs_36_2023,art54,0.0,100.0,0.0,0.0,165,1,0.0,L2
dlgs_36_2023,art55,0.0,100.0,0.0,0.0,41,1,0.0,L2
dlgs_36_2023,art56,100.0,0.0,0.0,0.0,1048,1,0.0,L1
dlgs_36_2023,art57,36.52849740932643,63.47150259067358,0.0,0.0,386,1,0.4734914242588844,L2
dlgs_36_2023,art58,0.0,100.0,0.0,0.0,328,1,0.0,L2
dlgs_36_2023,art59,18.25,81.75,0.0,0.0,800,1,0.34275783752452454,L2
dlgs_36_2023,art6,100.0,0.0,0.0,0.0,137,1,0.0,L1
dlgs_36_2023,art60,4.552590266875981,95.44740973312402,0.0,0.0,637,1,0.13353916192062032,L2
dlgs_36_2023,art61,92.19330855018588,7.806691449814126,0.0,0.0,269,1,0.1976654719279981,L1
dlgs_36_2023,art62,24.398249452954047,58.97155361050328,0.0,16.630196936542667,1828,1,0.6881302584343285,L2
dlgs_36_2023,art63,37.29372937293729,45.984598459845984,0.0,16.721672167216724,909,1,0.7387634790658743,L2
dlgs_36_2023,art64,0.0,100.0,0.0,0.0,252,1,0.0,L2
dlgs_36_2023,art65,83.6405529953917,16.359447004608295,0.0,0.0,434,1,0.32141986780110005,L1
dlgs_36_2023,art66,71.67235494880546,28.327645051194537,0.0,0.0,586,1,0.4299384402536157,L1
dlgs_36_2023,art67,3.3670033670033668,96.63299663299664,0.0,0.0,891,1,0.10623772578463059,L2
dlgs_36_2023,art68,51.54109589041096,39.46917808219178,0.0,8.98972602739726,1168,1,0.667322379886322,L1
dlgs_36_2023,art69,100.0,0.0,0.0,0.0,77,1,0.0,L1
dlgs_36_2023,art7,55.0561797752809,44.9438202247191,0.0,0.0,356,1,0.49630544349477523,L1
dlgs_36_2023,art70,7.7631578947368425,92.23684210526316,0.0,0.0,760,1,0.19688921433212397,L2
dlgs_36_2023,art71,10.762331838565023,89.23766816143498,0.0,0.0,223,1,0.24635264020917513,L2
dlgs_36_2023,art72,0.0,100.0,0.0,0.0,364,1,0.0,L2
dlgs_36_2023,art73,0.0,100.0,0.0,0.0,479,1,0.0,L2
dlgs_36_2023,art74,21.267893660531698,78.7321063394683,0.0,0.0,489,1,0.3732861589722306,L2
dlgs_36_2023,art75,13.295880149812733,86.70411985018727,0.0,0.0,534,1,0.2827486133389828,L2
dlgs_36_2023,art76,8.59375,91.40625,0.0,0.0,896,1,0.21138117044688076,L2
dlgs_36_2023,art77,0.0,100.0,0.0,0.0,122,1,0.0,L2
dlgs_36_2023,art78,0.0,94.08866995073892,0.0,5.911330049261084,203,1,0.16195747398860763,L2
dlgs_36_2023,art79,0.0,100.0,0.0,0.0,13,1,0.0,L2
dlgs_36_2023,art8,100.0,0.0,0.0,0.0,133,1,0.0,L1
dlgs_36_2023,art80,100.0,0.0,0.0,0.0,11,1,0.0,L1
dlgs_36_2023,art81,0.0,100.0,0.0,0.0,357,1,0.0,L2
dlgs_36_2023,art82,0.0,100.0,0.0,0.0,63,1,0.0,L2
dlgs_36_2023,art83,0.0,100.0,0.0,0.0,142,1,0.0,L2
dlgs_36_2023,art84,0.0,100.0,0.0,0.0,204,1,0.0,L2
dlgs_36_2023,art85,0.0,100.0,0.0,0.0,328,1,0.0,L2
dlgs_36_2023,art86,0.0,100.0,0.0,0.0,126,1,0.0,L2
dlgs_36_2023,art87,18.6046511627907,81.3953488372093,0.0,0.0,86,1,0.346563706221449,L2
dlgs_36_2023,art88,0.0,100.0,0.0,0.0,170,1,0.0,L2
dlgs_36_2023,art89,0.0,100.0,0.0,0.0,145,1,0.0,L2
dlgs_36_2023,art9,8.438818565400844,91.56118143459916,0.0,0.0,237,1,0.20872778474019132,L2
dlgs_36_2023,art90,0.0,73.21428571428571,0.0,26.785714285714285,280,1,0.41918646741227483,L2
dlgs_36_2023,art91,0.0,100.0,0.0,0.0,341,1,0.0,L2
dlgs_36_2023,art92,0.0,100.0,0.0,0.0,273,1,0.0,L2
dlgs_36_2023,art93,67.67441860465117,32.325581395348834,0.0,0.0,430,1,0.4539434769626419,L1
dlgs_36_2023,art94,100.0,0.0,0.0,0.0,1371,1,0.0,L1
dlgs_36_2023,art95,18.414918414918414,81.58508158508158,0.0,0.0,429,1,0.3445351361330612,L2
dlgs_36_2023,art96,32.065217391304344,67.93478260869566,0.0,0.0,1104,1,0.4525446301317094,L2
dlgs_36_2023,art97,13.131313131313133,86.86868686868688,0.0,0.0,297,1,0.28051424172733896,L2
dlgs_36_2023,art98,2.666666666666667,97.33333333333334,0.0,0.0,975,1,0.08869472515030369,L2
dlgs_36_2023,art99,0.0,100.0,0.0,0.0,418,1,0.0,L2
dlgs_50_2016,art1,100.0,0.0,0.0,0.0,280,1,0.0,L1
dlgs_50_2016,art10,100.0,0.0,0.0,0.0,284,1,0.0,L1
dlgs_50_2016,art100,100.0,0.0,0.0,0.0,284,1,0.0,L1
dlgs_50_2016,art101,100.0,0.0,0.0,0.0,280,1,0.0,L1
dlgs_50_2016,art102,100.0,0.0,0.0,0.0,284,1,0.0,L1
dlgs_50_2016,art103,100.0,0.0,0.0,0.0,284,1,0.0,L1
dlgs_50_2016,art104,100.0,0.0,0.0,0.0,284,1,0.0,L1
dlgs_50_2016,art105,52.62008733624454,0.0,0.0,47.379912663755455,458,1,0.4990091551910687,L1
dlgs_50_2016,art106,100.0,0.0,0.0,0.0,280,1,0.0,L1
dlgs_50_2016,art107,100.0,0.0,0.0,0.0,284,1,0.0,L1
dlgs_50_2016,art108,100.0,0.0,0.0,0.0,284,1,0.0,L1
dlgs_50_2016,art109,100.0,0.0,0.0,0.0,280,1,0.0,L1
dlgs_50_2016,art11,100.0,0.0,0.0,0.0,280,1,0.0,L1
dlgs_50_2016,art110,100.0,0.0,0.0,0.0,284,1,0.0,L1
dlgs_50_2016,art111,52.62008733624454,47.379912663755455,0.0,0.0,458,1,0.4990091551910687,L1
dlgs_50_2016,art112,100.0,0.0,0.0,0.0,284,1,0.0,L1
dlgs_50_2016,art113,100.0,0.0,0.0,0.0,280,1,0.0,L1
dlgs_50_2016,art114,100.0,0.0,0.0,0.0,284,1,0.0,L1
dlgs_50_2016,art115,100.0,0.0,0.0,0.0,284,1,0.0,L1
dlgs_50_2016,art116,100.0,0.0,0.0,0.0,284,1,0.0,L1
dlgs_50_2016,art117,100.0,0.0,0.0,0.0,284,1,0.0,L1
dlgs_50_2016,art118,100.0,0.0,0.0,0.0,284,1,0.0,L1
dlgs_50_2016,art119,100.0,0.0,0.0,0.0,284,1,0.0,L1
dlgs_50_2016,art12,100.0,0.0,0.0,0.0,280,1,0.0,L1
dlgs_50_2016,art120,100.0,0.0,0.0,0.0,284,1,0.0,L1
dlgs_50_2016,art121,100.0,0.0,0.0,0.0,284,1,0.0,L1
dlgs_50_2016,art122,100.0,0.0,0.0,0.0,284,1,0.0,L1
dlgs_50_2016,art123,100.0,0.0,0.0,0.0,284,1,0.0,L1
dlgs_50_2016,art124,100.0,0.0,0.0,0.0,284,1,0.0,L1
dlgs_50_2016,art125,100.0,0.0,0.0,0.0,284,1,0.0,L1
dlgs_50_2016,art126,100.0,0.0,0.0,0.0,280,1,0.0,L1
dlgs_50_2016,art127,57.279236276849645,42.720763723150355,0.0,0.0,419,1,0.4923283143612214,L1
dlgs_50_2016,art128,100.0,0.0,0.0,0.0,284,1,0.0,L1
dlgs_50_2016,art129,57.51789976133651,42.482100238663485,0.0,0.0,419,1,0.49181505222865196,L1
dlgs_50_2016,art13,100.0,0.0,0.0,0.0,280,1,0.0,L1
dlgs_50_2016,art130,100.0,0.0,0.0,0.0,284,1,0.0,L1
dlgs_50_2016,art131,100.0,0.0,0.0,0.0,280,1,0.0,L1
dlgs_50_2016,art132,100.0,0.0,0.0,0.0,280,1,0.0,L1
dlgs_50_2016,art133,100.0,0.0,0.0,0.0,284,1,0.0,L1
dlgs_50_2016,art134,100.0,0.0,0.0,0.0,284,1,0.0,L1
dlgs_50_2016,art135,100.0,0.0,0.0,0.0,280,1,0.0,L1
dlgs_50_2016,art136,100.0,0.0,0.0,0.0,284,1,0.0,L1
dlgs_50_2016,art137,100.0,0.0,0.0,0.0,284,1,0.0,L1
dlgs_50_2016,art138,100.0,0.0,0.0,0.0,284,1,0.0,L1
dlgs_50_2016,art139,100.0,0.0,0.0,0.0,284,1,0.0,L1
dlgs_50_2016,art14,100.0,0.0,0.0,0.0,284,1,0.0,L1
dlgs_50_2016,art140,100.0,0.0,0.0,0.0,284,1,0.0,L1
dlgs_50_2016,art141,100.0,0.0,0.0,0.0,284,1,0.0,L1
dlgs_50_2016,art142,100.0,0.0,0.0,0.0,284,1,0.0,L1
dlgs_50_2016,art143,100.0,0.0,0.0,0.0,284,1,0.0,L1
dlgs_50_2016,art144,100.0,0.0,0.0,0.0,284,1,0.0,L1
dlgs_50_2016,art145,100.0,0.0,0.0,0.0,284,1,0.0,L1
dlgs_50_2016,art146,100.0,0.0,0.0,0.0,280,1,0.0,L1
dlgs_50_2016,art147,100.0,0.0,0.0,0.0,284,1,0.0,L1
dlgs_50_2016,art148,100.0,0.0,0.0,0.0,284,1,0.0,L1
dlgs_50_2016,art149,100.0,0.0,0.0,0.0,284,1,0.0,L1
dlgs_50_2016,art15,100.0,0.0,0.0,0.0,284,1,0.0,L1
dlgs_50_2016,art150,100.0,0.0,0.0,0.0,284,1,0.0,L1
dlgs_50_2016,art151,100.0,0.0,0.0,0.0,284,1,0.0,L1
dlgs_50_2016,art152,100.0,0.0,0.0,0.0,284,1,0.0,L1
dlgs_50_2016,art153,100.0,0.0,0.0,0.0,284,1,0.0,L1
dlgs_50_2016,art154,100.0,0.0,0.0,0.0,280,1,0.0,L1
dlgs_50_2016,art155,100.0,0.0,0.0,0.0,280,1,0.0,L1
dlgs_50_2016,art156,100.0,0.0,0.0,0.0,283,1,0.0,L1
dlgs_50_2016,art157,100.0,0.0,0.0,0.0,284,1,0.0,L1
dlgs_50_2016,art158,100.0,0.0,0.0,0.0,284,1,0.0,L1
dlgs_50_2016,art159,100.0,0.0,0.0,0.0,280,1,0.0,L1
dlgs_50_2016,art16,100.0,0.0,0.0,0.0,280,1,0.0,L1
dlgs_50_2016,art160,100.0,0.0,0.0,0.0,280,1,0.0,L1
dlgs_50_2016,art161,100.0,0.0,0.0,0.0,284,1,0.0,L1
dlgs_50_2016,art162,100.0,0.0,0.0,0.0,284,1,0.0,L1
dlgs_50_2016,art163,100.0,0.0,0.0,0.0,284,1,0.0,L1
dlgs_50_2016,art164,100.0,0.0,0.0,0.0,284,1,0.0,L1
dlgs_50_2016,art165,100.0,0.0,0.0,0.0,280,1,0.0,L1
dlgs_50_2016,art166,100.0,0.0,0.0,0.0,284,1,0.0,L1
dlgs_50_2016,art167,100.0,0.0,0.0,0.0,284,1,0.0,L1
dlgs_50_2016,art168,100.0,0.0,0.0,0.0,284,1,0.0,L1
dlgs_50_2016,art169,100.0,0.0,0.0,0.0,280,1,0.0,L1
dlgs_50_2016,art17,100.0,0.0,0.0,0.0,284,1,0.0,L1
dlgs_50_2016,art170,100.0,0.0,0.0,0.0,284,1,0.0,L1
dlgs_50_2016,art171,100.0,0.0,0.0,0.0,280,1,0.0,L1
dlgs_50_2016,art172,100.0,0.0,0.0,0.0,284,1,0.0,L1
dlgs_50_2016,art173,100.0,0.0,0.0,0.0,284,1,0.0,L1
dlgs_50_2016,art174,100.0,0.0,0.0,0.0,280,1,0.0,L1
dlgs_50_2016,art175,100.0,0.0,0.0,0.0,284,1,0.0,L1
dlgs_50_2016,art176,100.0,0.0,0.0,0.0,284,1,0.0,L1
dlgs_50_2016,art177,100.0,0.0,0.0,0.0,284,1,0.0,L1
dlgs_50_2016,art178,100.0,0.0,0.0,0.0,280,1,0.0,L1
dlgs_50_2016,art179,100.0,0.0,0.0,0.0,284,1,0.0,L1
dlgs_50_2016,art18,100.0,0.0,0.0,0.0,280,1,0.0,L1
dlgs_50_2016,art180,100.0,0.0,0.0,0.0,284,1,0.0,L1
dlgs_50_2016,art181,100.0,0.0,0.0,0.0,280,1,0.0,L1
dlgs_50_2016,art182,100.0,0.0,0.0,0.0,284,1,0.0,L1
dlgs_50_2016,art183,100.0,0.0,0.0,0.0,280,1,0.0,L1
dlgs_50_2016,art184,100.0,0.0,0.0,0.0,284,1,0.0,L1
dlgs_50_2016,art185,100.0,0.0,0.0,0.0,280,1,0.0,L1
dlgs_50_2016,art186,100.0,0.0,0.0,0.0,284,1,0.0,L1
dlgs_50_2016,art187,100.0,0.0,0.0,0.0,284,1,0.0,L1
dlgs_50_2016,art188,100.0,0.0,0.0,0.0,284,1,0.0,L1
dlgs_50_2016,art189,100.0,0.0,0.0,0.0,284,1,0.0,L1
dlgs_50_2016,art19,100.0,0.0,0.0,0.0,284,1,0.0,L1
dlgs_50_2016,art190,100.0,0.0,0.0,0.0,280,1,0.0,L1
dlgs_50_2016,art191,100.0,0.0,0.0,0.0,284,1,0.0,L1
dlgs_50_2016,art192,100.0,0.0,0.0,0.0,280,1,0.0,L1
dlgs_50_2016,art193,100.0,0.0,0.0,0.0,284,1,0.0,L1
dlgs_50_2016,art194,100.0,0.0,0.0,0.0,280,1,0.0,L1
dlgs_50_2016,art195,100.0,0.0,0.0,0.0,280,1,0.0,L1
dlgs_50_2016,art196,100.0,0.0,0.0,0.0,280,1,0.0,L1
dlgs_50_2016,art197,100.0,0.0,0.0,0.0,284,1,0.0,L1
dlgs_50_2016,art198,100.0,0.0,0.0,0.0,284,1,0.0,L1
dlgs_50_2016,art199,100.0,0.0,0.0,0.0,280,1,0.0,L1
dlgs_50_2016,art2,100.0,0.0,0.0,0.0,280,1,0.0,L1
dlgs_50_2016,art20,100.0,0.0,0.0,0.0,284,1,0.0,L1
dlgs_50_2016,art200,100.0,0.0,0.0,0.0,280,1,0.0,L1
dlgs_50_2016,art201,100.0,0.0,0.0,0.0,284,1,0.0,L1
dlgs_50_2016,art202,100.0,0.0,0.0,0.0,280,1,0.0,L1
dlgs_50_2016,art203,100.0,0.0,0.0,0.0,284,1,0.0,L1
dlgs_50_2016,art204,100.0,0.0,0.0,0.0,284,1,0.0,L1
dlgs_50_2016,art205,100.0,0.0,0.0,0.0,284,1,0.0,L1
dlgs_50_2016,art206,100.0,0.0,0.0,0.0,280,1,0.0,L1
dlgs_50_2016,art207,100.0,0.0,0.0,0.0,284,1,0.0,L1
dlgs_50_2016,art208,100.0,0.0,0.0,0.0,284,1,0.0,L1
dlgs_50_2016,art209,100.0,0.0,0.0,0.0,280,1,0.0,L1
dlgs_50_2016,art21,52.62008733624454,47.379912663755455,0.0,0.0,458,1,0.4990091551910687,L1
dlgs_50_2016,art210,100.0,0.0,0.0,0.0,280,1,0.0,L1
dlgs_50_2016,art211,100.0,0.0,0.0,0.0,280,1,0.0,L1
dlgs_50_2016,art212,100.0,0.0,0.0,0.0,280,1,0.0,L1
dlgs_50_2016,art213,52.62008733624454,47.379912663755455,0.0,0.0,458,1,0.4990091551910687,L1
dlgs_50_2016,art214,52.62008733624454,47.379912663755455,0.0,0.0,458,1,0.4990091551910687,L1
dlgs_50_2016,art215,100.0,0.0,0.0,0.0,280,1,0.0,L1
dlgs_50_2016,art216,100.0,0.0,0.0,0.0,280,1,0.0,L1
dlgs_50_2016,art217,100.0,0.0,0.0,0.0,280,1,0.0,L1
dlgs_50_2016,art218,100.0,0.0,0.0,0.0,280,1,0.0,L1
dlgs_50_2016,art219,100.0,0.0,0.0,0.0,284,1,0.0,L1
dlgs_50_2016,art22,100.0,0.0,0.0,0.0,280,1,0.0,L1
dlgs_50_2016,art220,100.0,0.0,0.0,0.0,284,1,0.0,L1
dlgs_50_2016,art23,16.173120728929387,83.82687927107062,0.0,0.0,439,1,0.31921755499490073,L2
dlgs_50_2016,art24,100.0,0.0,0.0,0.0,284,1,0.0,L1
dlgs_50_2016,art25,100.0,0.0,0.0,0.0,284,1,0.0,L1
dlgs_50_2016,art26,100.0,0.0,0.0,0.0,283,1,0.0,L1
dlgs_50_2016,art27,100.0,0.0,0.0,0.0,284,1,0.0,L1
dlgs_50_2016,art28,100.0,0.0,0.0,0.0,284,1,0.0,L1
dlgs_50_2016,art29,52.62008733624454,47.379912663755455,0.0,0.0,458,1,0.4990091551910687,L1
dlgs_50_2016,art3,100.0,0.0,0.0,0.0,280,1,0.0,L1
dlgs_50_2016,art30,100.0,0.0,0.0,0.0,284,1,0.0,L1
dlgs_50_2016,art31,100.0,0.0,0.0,0.0,284,1,0.0,L1
dlgs_50_2016,art32,100.0,0.0,0.0,0.0,284,1,0.0,L1
dlgs_50_2016,art33,100.0,0.0,0.0,0.0,284,1,0.0,L1
dlgs_50_2016,art34,100.0,0.0,0.0,0.0,280,1,0.0,L1
dlgs_50_2016,art35,100.0,0.0,0.0,0.0,284,1,0.0,L1
dlgs_50_2016,art36,100.0,0.0,0.0,0.0,280,1,0.0,L1
dlgs_50_2016,art37,100.0,0.0,0.0,0.0,284,1,0.0,L1
dlgs_50_2016,art38,100.0,0.0,0.0,0.0,284,1,0.0,L1
dlgs_50_2016,art39,100.0,0.0,0.0,0.0,284,1,0.0,L1
dlgs_50_2016,art4,100.0,0.0,0.0,0.0,280,1,0.0,L1
dlgs_50_2016,art40,52.62008733624454,47.379912663755455,0.0,0.0,458,1,0.4990091551910687,L1
dlgs_50_2016,art41,52.62008733624454,47.379912663755455,0.0,0.0,458,1,0.4990091551910687,L1
dlgs_50_2016,art42,100.0,0.0,0.0,0.0,284,1,0.0,L1
dlgs_50_2016,art43,100.0,0.0,0.0,0.0,280,1,0.0,L1
dlgs_50_2016,art44,52.62008733624454,47.379912663755455,0.0,0.0,458,1,0.4990091551910687,L1
dlgs_50_2016,art45,100.0,0.0,0.0,0.0,284,1,0.0,L1
dlgs_50_2016,art46,100.0,0.0,0.0,0.0,280,1,0.0,L1
dlgs_50_2016,art47,100.0,0.0,0.0,0.0,284,1,0.0,L1
dlgs_50_2016,art48,100.0,0.0,0.0,0.0,284,1,0.0,L1
dlgs_50_2016,art49,100.0,0.0,0.0,0.0,284,1,0.0,L1
dlgs_50_2016,art5,100.0,0.0,0.0,0.0,284,1,0.0,L1
dlgs_50_2016,art50,100.0,0.0,0.0,0.0,283,1,0.0,L1
dlgs_50_2016,art51,100.0,0.0,0.0,0.0,280,1,0.0,L1
dlgs_50_2016,art52,52.62008733624454,0.0,0.0,47.379912663755455,458,1,0.4990091551910687,L1
dlgs_50_2016,art53,52.62008733624454,47.379912663755455,0.0,0.0,458,1,0.4990091551910687,L1
dlgs_50_2016,art54,100.0,0.0,0.0,0.0,284,1,0.0,L1
dlgs_50_2016,art55,100.0,0.0,0.0,0.0,284,1,0.0,L1
dlgs_50_2016,art56,100.0,0.0,0.0,0.0,284,1,0.0,L1
dlgs_50_2016,art57,100.0,0.0,0.0,0.0,280,1,0.0,L1
dlgs_50_2016,art58,52.62008733624454,47.379912663755455,0.0,0.0,458,1,0.4990091551910687,L1
dlgs_50_2016,art59,100.0,0.0,0.0,0.0,280,1,0.0,L1
dlgs_50_2016,art6,100.0,0.0,0.0,0.0,284,1,0.0,L1
dlgs_50_2016,art60,100.0,0.0,0.0,0.0,280,1,0.0,L1
dlgs_50_2016,art61,100.0,0.0,0.0,0.0,280,1,0.0,L1
dlgs_50_2016,art62,100.0,0.0,0.0,0.0,284,1,0.0,L1
dlgs_50_2016,art63,100.0,0.0,0.0,0.0,280,1,0.0,L1
dlgs_50_2016,art64,100.0,0.0,0.0,0.0,280,1,0.0,L1
dlgs_50_2016,art65,100.0,0.0,0.0,0.0,284,1,0.0,L1
dlgs_50_2016,art66,100.0,0.0,0.0,0.0,284,1,0.0,L1
dlgs_50_2016,art67,100.0,0.0,0.0,0.0,284,1,0.0,L1
dlgs_50_2016,art68,100.0,0.0,0.0,0.0,284,1,0.0,L1
dlgs_50_2016,art69,100.0,0.0,0.0,0.0,280,1,0.0,L1
dlgs_50_2016,art7,100.0,0.0,0.0,0.0,284,1,0.0,L1
dlgs_50_2016,art70,57.51789976133651,42.482100238663485,0.0,0.0,419,1,0.49181505222865196,L1
dlgs_50_2016,art71,100.0,0.0,0.0,0.0,284,1,0.0,L1
dlgs_50_2016,art72,57.51789976133651,42.482100238663485,0.0,0.0,419,1,0.49181505222865196,L1
dlgs_50_2016,art73,57.51789976133651,42.482100238663485,0.0,0.0,419,1,0.49181505222865196,L1
dlgs_50_2016,art74,52.62008733624454,47.379912663755455,0.0,0.0,458,1,0.4990091551910687,L1
dlgs_50_2016,art75,100.0,0.0,0.0,0.0,284,1,0.0,L1
dlgs_50_2016,art76,100.0,0.0,0.0,0.0,284,1,0.0,L1
dlgs_50_2016,art77,100.0,0.0,0.0,0.0,280,1,0.0,L1
dlgs_50_2016,art78,100.0,0.0,0.0,0.0,284,1,0.0,L1
dlgs_50_2016,art79,100.0,0.0,0.0,0.0,280,1,0.0,L1
dlgs_50_2016,art8,100.0,0.0,0.0,0.0,280,1,0.0,L1
dlgs_50_2016,art80,100.0,0.0,0.0,0.0,284,1,0.0,L1
dlgs_50_2016,art81,52.62008733624454,47.379912663755455,0.0,0.0,458,1,0.4990091551910687,L1
dlgs_50_2016,art82,100.0,0.0,0.0,0.0,280,1,0.0,L1
dlgs_50_2016,art83,100.0,0.0,0.0,0.0,284,1,0.0,L1
dlgs_50_2016,art84,100.0,0.0,0.0,0.0,284,1,0.0,L1
dlgs_50_2016,art85,52.62008733624454,47.379912663755455,0.0,0.0,458,1,0.4990091551910687,L1
dlgs_50_2016,art86,100.0,0.0,0.0,0.0,284,1,0.0,L1
dlgs_50_2016,art87,100.0,0.0,0.0,0.0,280,1,0.0,L1
dlgs_50_2016,art88,100.0,0.0,0.0,0.0,280,1,0.0,L1
dlgs_50_2016,art89,100.0,0.0,0.0,0.0,284,1,0.0,L1
dlgs_50_2016,art9,100.0,0.0,0.0,0.0,280,1,0.0,L1
dlgs_50_2016,art90,100.0,0.0,0.0,0.0,284,1,0.0,L1
dlgs_50_2016,art91,100.0,0.0,0.0,0.0,280,1,0.0,L1
dlgs_50_2016,art92,100.0,0.0,0.0,0.0,284,1,0.0,L1
dlgs_50_2016,art93,100.0,0.0,0.0,0.0,284,1,0.0,L1
dlgs_50_2016,art94,100.0,0.0,0.0,0.0,284,1,0.0,L1
dlgs_50_2016,art95,100.0,0.0,0.0,0.0,284,1,0.0,L1
dlgs_50_2016,art96,100.0,0.0,0.0,0.0,284,1,0.0,L1
dlgs_50_2016,art97,100.0,0.0,0.0,0.0,284,1,0.0,L1
dlgs_50_2016,art98,100.0,0.0,0.0,0.0,280,1,0.0,L1
dlgs_50_2016,art99,100.0,0.0,0.0,0.0,284,1,0.0,L1
dlgs_56_2017,art1,100.0,0.0,0.0,0.0,1938,1,0.0,L1
dlgs_56_2017,art10,0.0,100.0,0.0,0.0,50,1,0.0,L2
dlgs_56_2017,art100,0.0,100.0,0.0,0.0,35,1,0.0,L2
dlgs_56_2017,art101,0.0,100.0,0.0,0.0,283,1,0.0,L2
dlgs_56_2017,art102,0.0,100.0,0.0,0.0,50,1,0.0,L2
dlgs_56_2017,art103,0.0,100.0,0.0,0.0,35,1,0.0,L2
dlgs_56_2017,art104,35.13513513513514,64.86486486486487,0.0,0.0,333,1,0.46763456849148327,L2
dlgs_56_2017,art105,0.0,100.0,0.0,0.0,309,1,0.0,L2
dlgs_56_2017,art106,100.0,0.0,0.0,0.0,26,1,0.0,L1
dlgs_56_2017,art107,0.0,100.0,0.0,0.0,133,1,0.0,L2
dlgs_56_2017,art108,0.0,100.0,0.0,0.0,73,1,0.0,L2
dlgs_56_2017,art109,51.42857142857142,48.57142857142857,0.0,0.0,35,1,0.49970553092668263,L1
dlgs_56_2017,art11,0.0,100.0,0.0,0.0,173,1,0.0,L2
dlgs_56_2017,art110,0.0,100.0,0.0,0.0,90,1,0.0,L2
dlgs_56_2017,art111,0.0,100.0,0.0,0.0,109,1,0.0,L2
dlgs_56_2017,art112,0.0,100.0,0.0,0.0,167,1,0.0,L2
dlgs_56_2017,art113,0.0,48.57142857142857,0.0,51.42857142857142,35,1,0.49970553092668263,L4
dlgs_56_2017,art114,0.0,100.0,0.0,0.0,81,1,0.0,L2
dlgs_56_2017,art115,0.0,100.0,0.0,0.0,137,1,0.0,L2
dlgs_56_2017,art116,0.0,100.0,0.0,0.0,35,1,0.0,L2
dlgs_56_2017,art117,0.0,100.0,0.0,0.0,130,1,0.0,L2
dlgs_56_2017,art118,18.0,82.0,0.0,0.0,50,1,0.3400385214214449,L2
dlgs_56_2017,art119,0.0,100.0,0.0,0.0,301,1,0.0,L2
dlgs_56_2017,art12,0.0,40.0,0.0,60.0,160,1,0.4854752957846393,L4
dlgs_56_2017,art120,0.0,100.0,0.0,0.0,96,1,0.0,L2
dlgs_56_2017,art121,100.0,0.0,0.0,0.0,35,1,0.0,L1
dlgs_56_2017,art122,0.0,100.0,0.0,0.0,39,1,0.0,L2
dlgs_56_2017,art123,0.0,100.0,0.0,0.0,57,1,0.0,L2
dlgs_56_2017,art124,0.0,100.0,0.0,0.0,33,1,0.0,L2
dlgs_56_2017,art125,0.0,89.25619834710744,10.743801652892563,0.0,847,1,0.2460697718661361,L2
dlgs_56_2017,art126,5.381165919282512,94.61883408071749,0.0,0.0,223,1,0.15118654307828705,L2
dlgs_56_2017,art127,0.0,100.0,0.0,0.0,175,1,0.0,L2
dlgs_56_2017,art128,0.0,100.0,0.0,0.0,1003,1,0.0,L2
dlgs_56_2017,art129,0.0,100.0,0.0,0.0,327,1,0.0,L2
dlgs_56_2017,art13,0.0,100.0,0.0,0.0,790,1,0.0,L2
dlgs_56_2017,art130,40.909090909090914,59.09090909090909,0.0,0.0,44,1,0.48801032267561245,L2
dlgs_56_2017,art131,100.0,0.0,0.0,0.0,21,1,0.0,L1
dlgs_56_2017,art14,0.0,100.0,0.0,0.0,253,1,0.0,L2
dlgs_56_2017,art15,0.0,100.0,0.0,0.0,232,1,0.0,L2
dlgs_56_2017,art16,0.0,19.12568306010929,0.0,80.87431693989072,183,1,0.35204662888468574,L4
dlgs_56_2017,art17,0.0,88.66995073891626,0.0,11.330049261083744,406,1,0.2548958331876942,L2
dlgs_56_2017,art18,2.575107296137339,97.42489270386267,0.0,0.0,233,1,0.08630705882572268,L2
dlgs_56_2017,art19,0.0,100.0,0.0,0.0,506,1,0.0,L2
dlgs_56_2017,art2,0.0,100.0,0.0,0.0,57,1,0.0,L2
dlgs_56_2017,art20,0.0,100.0,0.0,0.0,120,1,0.0,L2
dlgs_56_2017,art21,0.0,100.0,0.0,0.0,252,1,0.0,L2
dlgs_56_2017,art22,0.0,100.0,0.0,0.0,150,1,0.0,L2
dlgs_56_2017,art23,0.0,100.0,0.0,0.0,215,1,0.0,L2
dlgs_56_2017,art24,0.0,100.0,0.0,0.0,90,1,0.0,L2
dlgs_56_2017,art25,0.0,100.0,0.0,0.0,487,1,0.0,L2
dlgs_56_2017,art26,0.0,100.0,0.0,0.0,165,1,0.0,L2
dlgs_56_2017,art27,0.0,100.0,0.0,0.0,218,1,0.0,L2
dlgs_56_2017,art28,0.0,100.0,0.0,0.0,59,1,0.0,L2
dlgs_56_2017,art29,63.63636363636363,36.36363636363637,0.0,0.0,44,1,0.47283015085762503,L1
dlgs_56_2017,art3,0.0,100.0,0.0,0.0,38,1,0.0,L2
dlgs_56_2017,art30,0.0,100.0,0.0,0.0,41,1,0.0,L2
dlgs_56_2017,art31,0.0,73.22834645669292,26.77165354330709,0.0,127,1,0.41908444416559865,L2
dlgs_56_2017,art32,0.0,100.0,0.0,0.0,363,1,0.0,L2
dlgs_56_2017,art33,0.0,100.0,0.0,0.0,40,1,0.0,L2
dlgs_56_2017,art34,0.0,100.0,0.0,0.0,70,1,0.0,L2
dlgs_56_2017,art35,0.0,100.0,0.0,0.0,46,1,0.0,L2
dlgs_56_2017,art36,0.0,100.0,0.0,0.0,41,1,0.0,L2
dlgs_56_2017,art37,0.0,100.0,0.0,0.0,45,1,0.0,L2
dlgs_56_2017,art38,0.0,100.0,0.0,0.0,473,1,0.0,L2
dlgs_56_2017,art39,0.0,100.0,0.0,0.0,60,1,0.0,L2
dlgs_56_2017,art4,100.0,0.0,0.0,0.0,975,1,0.0,L1
dlgs_56_2017,art40,0.0,100.0,0.0,0.0,93,1,0.0,L2
dlgs_56_2017,art41,0.0,100.0,0.0,0.0,83,1,0.0,L2
dlgs_56_2017,art42,0.0,100.0,0.0,0.0,42,1,0.0,L2
dlgs_56_2017,art43,0.0,100.0,0.0,0.0,43,1,0.0,L2
dlgs_56_2017,art44,5.128205128205128,94.87179487179486,0.0,0.0,39,1,0.1459091268567479,L2
dlgs_56_2017,art45,0.0,100.0,0.0,0.0,109,1,0.0,L2
dlgs_56_2017,art46,0.0,100.0,0.0,0.0,314,1,0.0,L2
dlgs_56_2017,art47,0.0,100.0,0.0,0.0,103,1,0.0,L2
dlgs_56_2017,art48,0.0,87.16981132075472,0.0,12.830188679245284,265,1,0.2763813201323577,L2
dlgs_56_2017,art49,0.0,100.0,0.0,0.0,338,1,0.0,L2
dlgs_56_2017,art5,0.0,100.0,0.0,0.0,42,1,0.0,L2
dlgs_56_2017,art50,0.0,100.0,0.0,0.0,62,1,0.0,L2
dlgs_56_2017,art51,0.0,100.0,0.0,0.0,119,1,0.0,L2
dlgs_56_2017,art52,0.0,100.0,0.0,0.0,592,1,0.0,L2
dlgs_56_2017,art53,0.0,41.4985590778098,0.0,58.501440922190206,347,1,0.48952216202758275,L4
dlgs_56_2017,art54,0.0,100.0,0.0,0.0,62,1,0.0,L2
dlgs_56_2017,art55,0.0,27.647058823529413,0.0,72.35294117647058,170,1,0.4252985249038751,L4
dlgs_56_2017,art56,0.0,100.0,0.0,0.0,160,1,0.0,L2
dlgs_56_2017,art57,0.0,100.0,0.0,0.0,41,1,0.0,L2
dlgs_56_2017,art58,0.0,100.0,0.0,0.0,43,1,0.0,L2
dlgs_56_2017,art59,0.0,100.0,0.0,0.0,415,1,0.0,L2
dlgs_56_2017,art6,0.0,100.0,0.0,0.0,54,1,0.0,L2
dlgs_56_2017,art60,0.0,100.0,0.0,0.0,491,1,0.0,L2
dlgs_56_2017,art61,41.02564102564102,58.97435897435898,0.0,0.0,39,1,0.48831745427930995,L2
dlgs_56_2017,art62,0.0,100.0,0.0,0.0,246,1,0.0,L2
dlgs_56_2017,art63,42.857142857142854,57.14285714285714,0.0,0.0,42,1,0.49261406657443074,L2
dlgs_56_2017,art64,0.0,100.0,0.0,0.0,35,1,0.0,L2
dlgs_56_2017,art65,0.0,100.0,0.0,0.0,142,1,0.0,L2
dlgs_56_2017,art66,0.0,100.0,0.0,0.0,687,1,0.0,L2
dlgs_56_2017,art67,0.0,100.0,0.0,0.0,138,1,0.0,L2
dlgs_56_2017,art68,0.0,100.0,0.0,0.0,121,1,0.0,L2
dlgs_56_2017,art69,0.0,100.0,0.0,0.0,585,1,0.0,L2
dlgs_56_2017,art7,0.0,100.0,0.0,0.0,45,1,0.0,L2
dlgs_56_2017,art70,0.0,100.0,0.0,0.0,290,1,0.0,L2
dlgs_56_2017,art71,0.0,100.0,0.0,0.0,84,1,0.0,L2
dlgs_56_2017,art72,0.0,100.0,0.0,0.0,109,1,0.0,L2
dlgs_56_2017,art73,0.0,100.0,0.0,0.0,75,1,0.0,L2
dlgs_56_2017,art74,0.0,70.0,0.0,30.0,80,1,0.4406454481726513,L2
dlgs_56_2017,art75,0.0,100.0,0.0,0.0,321,1,0.0,L2
dlgs_56_2017,art76,0.0,100.0,0.0,0.0,285,1,0.0,L2
dlgs_56_2017,art77,0.0,100.0,0.0,0.0,236,1,0.0,L2
dlgs_56_2017,art78,0.0,100.0,0.0,0.0,73,1,0.0,L2
dlgs_56_2017,art79,0.0,100.0,0.0,0.0,135,1,0.0,L2
dlgs_56_2017,art8,0.0,100.0,0.0,0.0,51,1,0.0,L2
dlgs_56_2017,art80,0.0,100.0,0.0,0.0,35,1,0.0,L2
dlgs_56_2017,art81,51.42857142857142,48.57142857142857,0.0,0.0,35,1,0.49970553092668263,L1
dlgs_56_2017,art82,0.0,100.0,0.0,0.0,42,1,0.0,L2
dlgs_56_2017,art83,51.42857142857142,48.57142857142857,0.0,0.0,35,1,0.49970553092668263,L1
dlgs_56_2017,art84,0.0,100.0,0.0,0.0,35,1,0.0,L2
dlgs_56_2017,art85,0.0,100.0,0.0,0.0,85,1,0.0,L2
dlgs_56_2017,art86,0.0,100.0,0.0,0.0,111,1,0.0,L2
dlgs_56_2017,art87,0.0,100.0,0.0,0.0,126,1,0.0,L2
dlgs_56_2017,art88,12.980769230769232,87.01923076923077,0.0,0.0,416,1,0.278455270799789,L2
dlgs_56_2017,art89,40.0,60.0,0.0,0.0,40,1,0.4854752957846393,L2
dlgs_56_2017,art9,25.850340136054424,74.14965986394559,0.0,0.0,147,1,0.41223978692262586,L2
dlgs_56_2017,art90,0.0,100.0,0.0,0.0,57,1,0.0,L2
dlgs_56_2017,art91,0.0,100.0,0.0,0.0,42,1,0.0,L2
dlgs_56_2017,art92,51.42857142857142,48.57142857142857,0.0,0.0,35,1,0.49970553092668263,L1
dlgs_56_2017,art93,0.0,100.0,0.0,0.0,283,1,0.0,L2
dlgs_56_2017,art94,0.0,100.0,0.0,0.0,35,1,0.0,L2
dlgs_56_2017,art95,0.0,100.0,0.0,0.0,76,1,0.0,L2
dlgs_56_2017,art96,0.0,100.0,0.0,0.0,38,1,0.0,L2
dlgs_56_2017,art97,0.0,100.0,0.0,0.0,130,1,0.0,L2
dlgs_56_2017,art98,0.0,100.0,0.0,0.0,64,1,0.0,L2
dlgs_56_2017,art99,0.0,25.19280205655527,0.0,74.80719794344472,389,1,0.40715984263189064,L4
dlgs_59_2010,art1,100.0,0.0,0.0,0.0,42,1,0.0,L1
dlgs_59_2010,art10,100.0,0.0,0.0,0.0,42,1,0.0,L1
dlgs_59_2010,art11,100.0,0.0,0.0,0.0,324,1,0.0,L1
dlgs_59_2010,art12,100.0,0.0,0.0,0.0,285,1,0.0,L1
dlgs_59_2010,art13,0.0,0.0,0.0,100.0,170,1,0.0,L4
dlgs_59_2010,art14,100.0,0.0,0.0,0.0,151,1,0.0,L1
dlgs_59_2010,art15,49.586776859504134,50.413223140495866,0.0,0.0,121,1,0.4999753637737461,L2
dlgs_59_2010,art16,0.0,100.0,0.0,0.0,197,1,0.0,L2
dlgs_59_2010,art17,0.0,100.0,0.0,0.0,254,1,0.0,L2
dlgs_59_2010,art18,0.0,0.0,0.0,100.0,97,1,0.0,L4
dlgs_59_2010,art19,56.730769230769226,18.75,0.0,24.519230769230766,208,1,0.7070076963274862,L1
dlgs_59_2010,art2,100.0,0.0,0.0,0.0,164,1,0.0,L1
dlgs_59_2010,art20,48.57142857142857,51.42857142857142,0.0,0.0,105,1,0.49970553092668263,L2
dlgs_59_2010,art21,100.0,0.0,0.0,0.0,261,1,0.0,L1
dlgs_59_2010,art22,100.0,0.0,0.0,0.0,400,1,0.0,L1
dlgs_59_2010,art23,100.0,0.0,0.0,0.0,110,1,0.0,L1
dlgs_59_2010,art24,100.0,0.0,0.0,0.0,39,1,0.0,L1
dlgs_59_2010,art25,0.0,100.0,0.0,0.0,509,1,0.0,L2
dlgs_59_2010,art26,58.91472868217055,41.08527131782946,0.0,0.0,258,1,0.48847302505357515,L1
dlgs_59_2010,art27,0.0,100.0,0.0,0.0,196,1,0.0,L2
dlgs_59_2010,art28,100.0,0.0,0.0,0.0,76,1,0.0,L1
dlgs_59_2010,art29,100.0,0.0,0.0,0.0,99,1,0.0,L1
dlgs_59_2010,art3,100.0,0.0,0.0,0.0,53,1,0.0,L1
dlgs_59_2010,art30,0.0,0.0,37.640449438202246,62.35955056179775,356,1,0.4777314979575473,L4
dlgs_59_2010,art31,0.0,100.0,0.0,0.0,569,1,0.0,L2
dlgs_59_2010,art32,0.0,100.0,0.0,0.0,279,1,0.0,L2
dlgs_59_2010,art33,0.0,100.0,0.0,0.0,109,1,0.0,L2
dlgs_59_2010,art34,40.36144578313253,15.66265060240964,43.97590361445783,0.0,166,1,0.7342166977546595,L3
dlgs_59_2010,art35,60.86956521739131,39.130434782608695,0.0,0.0,161,1,0.48281806524260984,L1
dlgs_59_2010,art36,15.09433962264151,5.89622641509434,0.0,79.00943396226415,424,1,0.46056140986403316,L4
dlgs_59_2010,art37,0.0,0.0,0.0,100.0,200,1,0.0,L4
dlgs_59_2010,art38,0.0,0.0,0.0,100.0,201,1,0.0,L4
dlgs_59_2010,art39,0.0,0.0,0.0,100.0,181,1,0.0,L4
dlgs_59_2010,art4,46.0,54.0,0.0,0.0,150,1,0.49768921796741783,L2
dlgs_59_2010,art40,0.0,0.0,0.0,100.0,255,1,0.0,L4
dlgs_59_2010,art41,0.0,31.15942028985507,0.0,68.84057971014492,138,1,0.447502563020193,L4
dlgs_59_2010,art42,17.010309278350515,58.24742268041238,0.0,24.742268041237114,194,1,0.6937104686038494,L2
dlgs_59_2010,art43,0.0,100.0,0.0,0.0,295,1,0.0,L2
dlgs_59_2010,art44,100.0,0.0,0.0,0.0,68,1,0.0,L1
dlgs_59_2010,art45,10.185185185185185,89.81481481481481,0.0,0.0,216,1,0.2374192427077353,L2
dlgs_59_2010,art46,100.0,0.0,0.0,0.0,100,1,0.0,L1
dlgs_59_2010,art47,100.0,0.0,0.0,0.0,76,1,0.0,L1
dlgs_59_2010,art48,100.0,0.0,0.0,0.0,35,1,0.0,L1
dlgs_59_2010,art49,9.39947780678851,90.60052219321149,0.0,0.0,383,1,0.22483257033364804,L2
dlgs_59_2010,art5,100.0,0.0,0.0,0.0,45,1,0.0,L1
dlgs_59_2010,art50,0.0,100.0,0.0,0.0,279,1,0.0,L2
dlgs_59_2010,art51,0.0,100.0,0.0,0.0,254,1,0.0,L2
dlgs_59_2010,art52,100.0,0.0,0.0,0.0,256,1,0.0,L1
dlgs_59_2010,art53,0.0,100.0,0.0,0.0,235,1,0.0,L2
dlgs_59_2010,art54,0.0,100.0,0.0,0.0,297,1,0.0,L2
dlgs_59_2010,art55,62.60869565217392,37.391304347826086,0.0,0.0,115,1,0.47681465639455034,L1
dlgs_59_2010,art56,82.11382113821138,17.88617886178862,0.0,0.0,246,1,0.3387903594872834,L1
dlgs_59_2010,art57,0.0,100.0,0.0,0.0,210,1,0.0,L2
dlgs_59_2010,art58,46.45161290322581,53.5483870967742,0.0,0.0,155,1,0.4981819660149359,L2
dlgs_59_2010,art59,48.64864864864865,51.35135135135135,0.0,0.0,37,1,0.4997365086502968,L2
dlgs_59_2010,art6,100.0,0.0,0.0,0.0,84,1,0.0,L1
dlgs_59_2010,art60,0.0,100.0,0.0,0.0,215,1,0.0,L2
dlgs_59_2010,art61,0.0,100.0,0.0,0.0,129,1,0.0,L2
dlgs_59_2010,art62,0.0,100.0,0.0,0.0,134,1,0.0,L2
dlgs_59_2010,art63,100.0,0.0,0.0,0.0,35,1,0.0,L1
dlgs_59_2010,art64,3.691275167785235,86.80089485458613,0.0,9.507829977628637,894,1,0.3378621521369314,L2
dlgs_59_2010,art65,0.0,100.0,0.0,0.0,123,1,0.0,L2
dlgs_59_2010,art66,10.714285714285714,89.28571428571429,0.0,0.0,168,1,0.24561866946947153,L2
dlgs_59_2010,art67,14.782608695652174,85.21739130434783,0.0,0.0,115,1,0.302186619574944,L2
dlgs_59_2010,art68,12.878787878787879,87.12121212121212,0.0,0.0,132,1,0.27705226975221764,L2
dlgs_59_2010,art69,0.0,100.0,0.0,0.0,367,1,0.0,L2
dlgs_59_2010,art7,100.0,0.0,0.0,0.0,154,1,0.0,L1
dlgs_59_2010,art70,100.0,0.0,0.0,0.0,33,1,0.0,L1
dlgs_59_2010,art71,67.5257731958763,32.47422680412371,0.0,0.0,776,1,0.4547320681511246,L1
dlgs_59_2010,art72,0.0,100.0,0.0,0.0,82,1,0.0,L2
dlgs_59_2010,art73,12.669683257918551,87.33031674208145,0.0,0.0,221,1,0.27415456782235914,L2
dlgs_59_2010,art74,43.38461538461538,30.461538461538463,0.0,26.153846153846157,325,1,0.775561373874149,L1
dlgs_59_2010,art75,33.33333333333333,26.330532212885156,0.0,40.33613445378151,357,1,0.7817894770507368,L4
dlgs_59_2010,art76,75.9075907590759,16.5016501650165,0.0,7.590759075907591,606,1,0.506574702121519,L1
dlgs_59_2010,art77,34.02061855670103,65.97938144329896,0.0,0.0,194,1,0.462507935430101,L2
dlgs_59_2010,art78,74.14965986394559,25.850340136054424,0.0,0.0,294,1,0.41223978692262586,L1
dlgs_59_2010,art79,41.390728476821195,58.609271523178805,0.0,0.0,302,1,0.4892533318830043,L2
dlgs_59_2010,art8,100.0,0.0,0.0,0.0,658,1,0.0,L1
dlgs_59_2010,art80,0.0,100.0,0.0,0.0,75,1,0.0,L2
dlgs_59_2010,art81,0.0,62.048192771084345,0.0,37.95180722891566,166,1,0.47885046880797744,L2
dlgs_59_2010,art82,0.0,100.0,0.0,0.0,350,1,0.0,L2
dlgs_59_2010,art83,100.0,0.0,0.0,0.0,33,1,0.0,L1
dlgs_59_2010,art84,100.0,0.0,0.0,0.0,102,1,0.0,L1
dlgs_59_2010,art85,0.0,0.0,0.0,100.0,314,1,0.0,L4
dlgs_59_2010,art86,48.837209302325576,51.162790697674424,0.0,0.0,43,1,0.4998049167412085,L2
dlgs_59_2010,art9,100.0,0.0,0.0,0.0,124,1,0.0,L1
dlgs_97_2016,art1,100.0,0.0,0.0,0.0,51,1,0.0,L1
dlgs_97_2016,art10,57.55813953488372,42.44186046511628,0.0,0.0,172,1,0.49172685792543935,L1
dlgs_97_2016,art11,0.0,100.0,0.0,0.0,35,1,0.0,L2
dlgs_97_2016,art12,0.0,100.0,0.0,0.0,37,1,0.0,L2
dlgs_97_2016,art13,81.9253438113949,18.07465618860511,0.0,0.0,509,1,0.3408537604127657,L1
dlgs_97_2016,art14,0.0,100.0,0.0,0.0,632,1,0.0,L2
dlgs_97_2016,art15,0.0,100.0,0.0,0.0,117,1,0.0,L2
dlgs_97_2016,art16,0.0,100.0,0.0,0.0,118,1,0.0,L2
dlgs_97_2016,art17,0.0,100.0,0.0,0.0,35,1,0.0,L2
dlgs_97_2016,art18,0.0,100.0,0.0,0.0,88,1,0.0,L2
dlgs_97_2016,art19,5.555555555555555,94.44444444444444,0.0,0.0,108,1,0.15477171313246757,L2
dlgs_97_2016,art2,100.0,0.0,0.0,0.0,42,1,0.0,L1
dlgs_97_2016,art20,100.0,0.0,0.0,0.0,42,1,0.0,L1
dlgs_97_2016,art21,0.0,100.0,0.0,0.0,310,1,0.0,L2
dlgs_97_2016,art22,0.0,100.0,0.0,0.0,97,1,0.0,L2
dlgs_97_2016,art23,100.0,0.0,0.0,0.0,57,1,0.0,L1
dlgs_97_2016,art24,100.0,0.0,0.0,0.0,35,1,0.0,L1
dlgs_97_2016,art25,0.0,100.0,0.0,0.0,35,1,0.0,L2
dlgs_97_2016,art26,0.0,100.0,0.0,0.0,58,1,0.0,L2
dlgs_97_2016,art27,0.0,100.0,0.0,0.0,105,1,0.0,L2
dlgs_97_2016,art28,0.0,100.0,0.0,0.0,96,1,0.0,L2
dlgs_97_2016,art29,0.0,100.0,0.0,0.0,35,1,0.0,L2
dlgs_97_2016,art3,100.0,0.0,0.0,0.0,416,1,0.0,L1
dlgs_97_2016,art30,0.0,100.0,0.0,0.0,65,1,0.0,L2
dlgs_97_2016,art31,68.91891891891892,31.08108108108108,0.0,0.0,148,1,0.447053590629499,L1
dlgs_97_2016,art32,20.2970297029703,79.70297029702971,0.0,0.0,202,1,0.3639145281366806,L2
dlgs_97_2016,art33,0.0,100.0,0.0,0.0,134,1,0.0,L2
dlgs_97_2016,art34,0.0,57.77777777777777,0.0,42.22222222222222,90,1,0.49123704197662543,L2
dlgs_97_2016,art35,0.0,100.0,0.0,0.0,42,1,0.0,L2
dlgs_97_2016,art36,25.120772946859905,41.06280193236715,0.0,33.81642512077295,207,1,0.7784562637808154,L2
dlgs_97_2016,art37,0.0,100.0,0.0,0.0,35,1,0.0,L2
dlgs_97_2016,art38,0.0,0.0,0.0,100.0,175,1,0.0,L4
dlgs_97_2016,art39,0.0,100.0,0.0,0.0,108,1,0.0,L2
dlgs_97_2016,art4,0.0,100.0,0.0,0.0,224,1,0.0,L2
dlgs_97_2016,art40,77.5,22.5,0.0,0.0,80,1,0.38459641306381187,L1
dlgs_97_2016,art41,55.88972431077694,4.928989139515455,0.0,39.1812865497076,1197,1,0.6063952055678599,L1
dlgs_97_2016,art42,0.0,100.0,0.0,0.0,309,1,0.0,L2
dlgs_97_2016,art43,100.0,0.0,0.0,0.0,124,1,0.0,L1
dlgs_97_2016,art44,50.0,50.0,0.0,0.0,44,1,0.499999998557305,L1
dlgs_97_2016,art5,14.102564102564102,85.8974358974359,0.0,0.0,234,1,0.29345929025970463,L2
dlgs_97_2016,art6,0.0,100.0,0.0,0.0,2242,1,0.0,L2
dlgs_97_2016,art7,80.6083650190114,19.39163498098859,0.0,0.0,526,1,0.3547963205647784,L1
dlgs_97_2016,art8,0.0,100.0,0.0,0.0,114,1,0.0,L2
dlgs_97_2016,art9,0.0,100.0,0.0,0.0,363,1,0.0,L2
dm_154_2017,art1,100.0,0.0,0.0,0.0,27,1,0.0,L1
dm_154_2017,art10,0.0,0.0,100.0,0.0,33,1,0.0,L3
dm_154_2017,art12,100.0,0.0,0.0,0.0,29,1,0.0,L1
dm_154_2017,art15,100.0,0.0,0.0,0.0,29,1,0.0,L1
dm_154_2017,art2,100.0,0.0,0.0,0.0,33,1,0.0,L1
dm_154_2017,art23,100.0,0.0,0.0,0.0,33,1,0.0,L1
dm_154_2017,art24,100.0,0.0,0.0,0.0,33,1,0.0,L1
dm_154_2017,art25,100.0,0.0,0.0,0.0,29,1,0.0,L1
dm_154_2017,art26,100.0,0.0,0.0,0.0,29,1,0.0,L1
dm_154_2017,art27,100.0,0.0,0.0,0.0,33,1,0.0,L1
dm_154_2017,art28,100.0,0.0,0.0,0.0,29,1,0.0,L1
dm_154_2017,art5,0.0,0.0,100.0,0.0,33,1,0.0,L3
dm_154_2017,art6,100.0,0.0,0.0,0.0,29,1,0.0,L1
dm_154_2017,art8,100.0,0.0,0.0,0.0,29,1,0.0,L1
dpr_207_2010,art1,100.0,0.0,0.0,0.0,1514,1,0.0,L1
dpr_207_2010,art10,1.872399445214979,98.12760055478502,0.0,0.0,1442,1,0.06710746297274228,L2
dpr_207_2010,art100,100.0,0.0,0.0,0.0,33,1,0.0,L1
dpr_207_2010,art101,100.0,0.0,0.0,0.0,35,1,0.0,L1
dpr_207_2010,art102,0.0,0.0,100.0,0.0,33,1,0.0,L3
dpr_207_2010,art103,100.0,0.0,0.0,0.0,33,1,0.0,L1
dpr_207_2010,art105,100.0,0.0,0.0,0.0,33,1,0.0,L1
dpr_207_2010,art106,100.0,0.0,0.0,0.0,33,1,0.0,L1
dpr_207_2010,art107,100.0,0.0,0.0,0.0,33,1,0.0,L1
dpr_207_2010,art108,100.0,0.0,0.0,0.0,33,1,0.0,L1
dpr_207_2010,art109,100.0,0.0,0.0,0.0,33,1,0.0,L1
dpr_207_2010,art11,100.0,0.0,0.0,0.0,35,1,0.0,L1
dpr_207_2010,art110,100.0,0.0,0.0,0.0,33,1,0.0,L1
dpr_207_2010,art111,100.0,0.0,0.0,0.0,33,1,0.0,L1
dpr_207_2010,art112,100.0,0.0,0.0,0.0,33,1,0.0,L1
dpr_207_2010,art113,100.0,0.0,0.0,0.0,33,1,0.0,L1
dpr_207_2010,art114,100.0,0.0,0.0,0.0,33,1,0.0,L1
dpr_207_2010,art115,100.0,0.0,0.0,0.0,33,1,0.0,L1
dpr_207_2010,art116,100.0,0.0,0.0,0.0,33,1,0.0,L1
dpr_207_2010,art117,100.0,0.0,0.0,0.0,35,1,0.0,L1
dpr_207_2010,art118,100.0,0.0,0.0,0.0,33,1,0.0,L1
dpr_207_2010,art119,100.0,0.0,0.0,0.0,35,1,0.0,L1
dpr_207_2010,art12,100.0,0.0,0.0,0.0,33,1,0.0,L1
dpr_207_2010,art120,100.0,0.0,0.0,0.0,33,1,0.0,L1
dpr_207_2010,art121,100.0,0.0,0.0,0.0,33,1,0.0,L1
dpr_207_2010,art122,100.0,0.0,0.0,0.0,33,1,0.0,L1
dpr_207_2010,art123,100.0,0.0,0.0,0.0,33,1,0.0,L1
dpr_207_2010,art124,100.0,0.0,0.0,0.0,35,1,0.0,L1
dpr_207_2010,art125,100.0,0.0,0.0,0.0,33,1,0.0,L1
dpr_207_2010,art126,100.0,0.0,0.0,0.0,33,1,0.0,L1
dpr_207_2010,art127,100.0,0.0,0.0,0.0,33,1,0.0,L1
dpr_207_2010,art128,100.0,0.0,0.0,0.0,35,1,0.0,L1
dpr_207_2010,art129,100.0,0.0,0.0,0.0,33,1,0.0,L1
dpr_207_2010,art13,0.0,0.0,0.0,100.0,35,1,0.0,L4
dpr_207_2010,art130,100.0,0.0,0.0,0.0,33,1,0.0,L1
dpr_207_2010,art132,100.0,0.0,0.0,0.0,33,1,0.0,L1
dpr_207_2010,art133,100.0,0.0,0.0,0.0,33,1,0.0,L1
dpr_207_2010,art134,100.0,0.0,0.0,0.0,33,1,0.0,L1
dpr_207_2010,art136,100.0,0.0,0.0,0.0,33,1,0.0,L1
dpr_207_2010,art137,100.0,0.0,0.0,0.0,35,1,0.0,L1
dpr_207_2010,art138,100.0,0.0,0.0,0.0,33,1,0.0,L1
dpr_207_2010,art139,100.0,0.0,0.0,0.0,35,1,0.0,L1
dpr_207_2010,art14,25.354609929078016,74.64539007092199,0.0,0.0,564,1,0.4084251647653343,L2
dpr_207_2010,art140,100.0,0.0,0.0,0.0,33,1,0.0,L1
dpr_207_2010,art141,100.0,0.0,0.0,0.0,35,1,0.0,L1
dpr_207_2010,art142,100.0,0.0,0.0,0.0,33,1,0.0,L1
dpr_207_2010,art143,100.0,0.0,0.0,0.0,33,1,0.0,L1
dpr_207_2010,art144,100.0,0.0,0.0,0.0,33,1,0.0,L1
dpr_207_2010,art145,100.0,0.0,0.0,0.0,33,1,0.0,L1
dpr_207_2010,art146,100.0,0.0,0.0,0.0,33,1,0.0,L1
dpr_207_2010,art147,100.0,0.0,0.0,0.0,33,1,0.0,L1
dpr_207_2010,art148,100.0,0.0,0.0,0.0,33,1,0.0,L1
dpr_207_2010,art149,100.0,0.0,0.0,0.0,33,1,0.0,L1
dpr_207_2010,art15,19.635099913119028,80.36490008688098,0.0,0.0,1151,1,0.3572848915703223,L2
dpr_207_2010,art150,100.0,0.0,0.0,0.0,33,1,0.0,L1
dpr_207_2010,art154,100.0,0.0,0.0,0.0,35,1,0.0,L1
dpr_207_2010,art155,100.0,0.0,0.0,0.0,30,1,0.0,L1
dpr_207_2010,art156,100.0,0.0,0.0,0.0,33,1,0.0,L1
dpr_207_2010,art157,100.0,0.0,0.0,0.0,33,1,0.0,L1
dpr_207_2010,art158,100.0,0.0,0.0,0.0,33,1,0.0,L1
dpr_207_2010,art159,100.0,0.0,0.0,0.0,35,1,0.0,L1
dpr_207_2010,art16,7.482993197278912,92.51700680272108,0.0,0.0,294,1,0.1918474151419619,L2
dpr_207_2010,art160,100.0,0.0,0.0,0.0,33,1,0.0,L1
dpr_207_2010,art161,100.0,0.0,0.0,0.0,33,1,0.0,L1
dpr_207_2010,art162,100.0,0.0,0.0,0.0,33,1,0.0,L1
dpr_207_2010,art163,100.0,0.0,0.0,0.0,33,1,0.0,L1
dpr_207_2010,art164,100.0,0.0,0.0,0.0,33,1,0.0,L1
dpr_207_2010,art165,100.0,0.0,0.0,0.0,33,1,0.0,L1
dpr_207_2010,art166,100.0,0.0,0.0,0.0,33,1,0.0,L1
dpr_207_2010,art167,100.0,0.0,0.0,0.0,33,1,0.0,L1
dpr_207_2010,art168,100.0,0.0,0.0,0.0,30,1,0.0,L1
dpr_207_2010,art17,2.8257456828885403,97.17425431711146,0.0,0.0,637,1,0.09278818161670206,L2
dpr_207_2010,art170,100.0,0.0,0.0,0.0,33,1,0.0,L1
dpr_207_2010,art171,100.0,0.0,0.0,0.0,33,1,0.0,L1
dpr_207_2010,art172,100.0,0.0,0.0,0.0,33,1,0.0,L1
dpr_207_2010,art173,100.0,0.0,0.0,0.0,33,1,0.0,L1
dpr_207_2010,art174,100.0,0.0,0.0,0.0,33,1,0.0,L1
dpr_207_2010,art175,100.0,0.0,0.0,0.0,33,1,0.0,L1
dpr_207_2010,art178,100.0,0.0,0.0,0.0,32,1,0.0,L1
dpr_207_2010,art179,100.0,0.0,0.0,0.0,32,1,0.0,L1
dpr_207_2010,art18,0.0,100.0,0.0,0.0,493,1,0.0,L2
dpr_207_2010,art180,100.0,0.0,0.0,0.0,32,1,0.0,L1
dpr_207_2010,art181,100.0,0.0,0.0,0.0,32,1,0.0,L1
dpr_207_2010,art182,100.0,0.0,0.0,0.0,32,1,0.0,L1
dpr_207_2010,art183,100.0,0.0,0.0,0.0,35,1,0.0,L1
dpr_207_2010,art184,100.0,0.0,0.0,0.0,29,1,0.0,L1
dpr_207_2010,art185,100.0,0.0,0.0,0.0,32,1,0.0,L1
dpr_207_2010,art186,100.0,0.0,0.0,0.0,32,1,0.0,L1
dpr_207_2010,art187,100.0,0.0,0.0,0.0,32,1,0.0,L1
dpr_207_2010,art188,100.0,0.0,0.0,0.0,29,1,0.0,L1
dpr_207_2010,art189,100.0,0.0,0.0,0.0,32,1,0.0,L1
dpr_207_2010,art19,0.0,100.0,0.0,0.0,262,1,0.0,L2
dpr_207_2010,art190,100.0,0.0,0.0,0.0,29,1,0.0,L1
dpr_207_2010,art191,100.0,0.0,0.0,0.0,32,1,0.0,L1
dpr_207_2010,art192,100.0,0.0,0.0,0.0,32,1,0.0,L1
dpr_207_2010,art193,100.0,0.0,0.0,0.0,32,1,0.0,L1
dpr_207_2010,art194,100.0,0.0,0.0,0.0,32,1,0.0,L1
dpr_207_2010,art195,100.0,0.0,0.0,0.0,35,1,0.0,L1
dpr_207_2010,art196,100.0,0.0,0.0,0.0,35,1,0.0,L1
dpr_207_2010,art197,100.0,0.0,0.0,0.0,32,1,0.0,L1
dpr_207_2010,art198,0.0,0.0,100.0,0.0,35,1,0.0,L3
dpr_207_2010,art199,100.0,0.0,0.0,0.0,35,1,0.0,L1
dpr_207_2010,art2,100.0,0.0,0.0,0.0,33,1,0.0,L1
dpr_207_2010,art20,0.0,100.0,0.0,0.0,281,1,0.0,L2
dpr_207_2010,art200,0.0,0.0,100.0,0.0,29,1,0.0,L3
dpr_207_2010,art201,100.0,0.0,0.0,0.0,32,1,0.0,L1
dpr_207_2010,art202,100.0,0.0,0.0,0.0,32,1,0.0,L1
dpr_207_2010,art203,100.0,0.0,0.0,0.0,35,1,0.0,L1
dpr_207_2010,art204,0.0,0.0,100.0,0.0,32,1,0.0,L3
dpr_207_2010,art205,100.0,0.0,0.0,0.0,29,1,0.0,L1
dpr_207_2010,art206,100.0,0.0,0.0,0.0,32,1,0.0,L1
dpr_207_2010,art207,100.0,0.0,0.0,0.0,32,1,0.0,L1
dpr_207_2010,art208,100.0,0.0,0.0,0.0,32,1,0.0,L1
dpr_207_2010,art209,100.0,0.0,0.0,0.0,32,1,0.0,L1
dpr_207_2010,art21,0.0,100.0,0.0,0.0,989,1,0.0,L2
dpr_207_2010,art210,100.0,0.0,0.0,0.0,32,1,0.0,L1
dpr_207_2010,art211,100.0,0.0,0.0,0.0,33,1,0.0,L1
dpr_207_2010,art212,0.0,0.0,100.0,0.0,33,1,0.0,L3
dpr_207_2010,art213,100.0,0.0,0.0,0.0,33,1,0.0,L1
dpr_207_2010,art214,100.0,0.0,0.0,0.0,33,1,0.0,L1
dpr_207_2010,art215,16.358839050131927,41.68865435356201,0.0,41.952506596306065,379,1,0.7396155138262777,L4
dpr_207_2010,art216,0.0,85.90308370044053,0.0,14.096916299559473,681,1,0.29338567131911913,L2
dpr_207_2010,art217,0.0,93.05555555555556,0.0,6.944444444444445,360,1,0.18192349764576973,L2
dpr_207_2010,art218,0.0,0.0,0.0,100.0,172,1,0.0,L4
dpr_207_2010,art219,0.0,0.0,0.0,100.0,207,1,0.0,L4
dpr_207_2010,art22,0.0,100.0,0.0,0.0,298,1,0.0,L2
dpr_207_2010,art220,0.0,100.0,0.0,0.0,101,1,0.0,L2
dpr_207_2010,art221,0.0,0.0,0.0,100.0,182,1,0.0,L4
dpr_207_2010,art222,7.027027027027027,55.67567567567567,0.0,37.2972972972973,185,1,0.6351408411930342,L2
dpr_207_2010,art223,0.0,100.0,0.0,0.0,247,1,0.0,L2
dpr_207_2010,art224,0.0,42.3469387755102,0.0,57.6530612244898,196,1,0.4915169217508504,L4
dpr_207_2010,art225,0.0,0.0,0.0,100.0,187,1,0.0,L4
dpr_207_2010,art226,0.0,0.0,0.0,100.0,42,1,0.0,L4
dpr_207_2010,art227,0.0,41.53005464480874,0.0,58.46994535519126,183,1,0.4896000309052409,L4
dpr_207_2010,art228,0.0,0.0,0.0,100.0,147,1,0.0,L4
dpr_207_2010,art229,0.0,0.0,0.0,100.0,461,1,0.0,L4
dpr_207_2010,art23,0.0,100.0,0.0,0.0,165,1,0.0,L2
dpr_207_2010,art230,11.553784860557768,56.97211155378486,0.0,31.47410358565737,251,1,0.6735372546440119,L2
dpr_207_2010,art231,0.0,100.0,0.0,0.0,93,1,0.0,L2
dpr_207_2010,art232,0.0,0.0,0.0,100.0,57,1,0.0,L4
dpr_207_2010,art233,0.0,69.72477064220183,0.0,30.275229357798167,109,1,0.4423146519524588,L2
dpr_207_2010,art234,0.0,0.0,0.0,100.0,307,1,0.0,L4
dpr_207_2010,art235,0.0,0.0,0.0,100.0,152,1,0.0,L4
dpr_207_2010,art236,65.74074074074075,34.25925925925926,0.0,0.0,108,1,0.46363902735615237,L1
dpr_207_2010,art237,0.0,0.0,0.0,100.0,113,1,0.0,L4
dpr_207_2010,art238,0.0,100.0,0.0,0.0,252,1,0.0,L2
dpr_207_2010,art239,100.0,0.0,0.0,0.0,103,1,0.0,L1
dpr_207_2010,art24,21.94513715710723,78.05486284289277,0.0,0.0,401,1,0.3795822273334039,L2
dpr_207_2010,art240,53.35689045936396,46.64310954063604,0.0,0.0,283,1,0.49837304330645676,L1
dpr_207_2010,art241,29.29936305732484,70.70063694267516,0.0,0.0,157,1,0.43627849038055677,L2
dpr_207_2010,art242,4.0733197556008145,95.9266802443992,0.0,0.0,491,1,0.12282191481305471,L2
dpr_207_2010,art243,45.42372881355932,54.57627118644067,0.0,0.0,295,1,0.4969744369568308,L2
dpr_207_2010,art244,0.0,100.0,0.0,0.0,178,1,0.0,L2
dpr_207_2010,art245,60.229885057471265,39.770114942528735,0.0,0.0,435,1,0.484794978081712,L1
dpr_207_2010,art246,0.0,100.0,0.0,0.0,129,1,0.0,L2
dpr_207_2010,art247,3.722084367245657,96.27791563275434,0.0,0.0,403,1,0.11470071542335653,L2
dpr_207_2010,art248,46.373056994818654,53.626943005181346,0.0,0.0,386,1,0.4981005063977413,L2
dpr_207_2010,art249,100.0,0.0,0.0,0.0,33,1,0.0,L1
dpr_207_2010,art25,4.878048780487805,95.1219512195122,0.0,0.0,369,1,0.14059689677332624,L2
dpr_207_2010,art250,100.0,0.0,0.0,0.0,33,1,0.0,L1
dpr_207_2010,art251,7.563025210084033,92.43697478991596,0.0,0.0,238,1,0.19329588230920375,L2
dpr_207_2010,art252,100.0,0.0,0.0,0.0,33,1,0.0,L1
dpr_207_2010,art253,100.0,0.0,0.0,0.0,35,1,0.0,L1
dpr_207_2010,art254,100.0,0.0,0.0,0.0,29,1,0.0,L1
dpr_207_2010,art255,100.0,0.0,0.0,0.0,29,1,0.0,L1
dpr_207_2010,art256,100.0,0.0,0.0,0.0,32,1,0.0,L1
dpr_207_2010,art257,100.0,0.0,0.0,0.0,33,1,0.0,L1
dpr_207_2010,art258,100.0,0.0,0.0,0.0,33,1,0.0,L1
dpr_207_2010,art259,100.0,0.0,0.0,0.0,33,1,0.0,L1
dpr_207_2010,art26,2.4128686327077746,97.58713136729223,0.0,0.0,746,1,0.08201647966976798,L2
dpr_207_2010,art262,100.0,0.0,0.0,0.0,33,1,0.0,L1
dpr_207_2010,art264,100.0,0.0,0.0,0.0,35,1,0.0,L1
dpr_207_2010,art265,100.0,0.0,0.0,0.0,33,1,0.0,L1
dpr_207_2010,art266,100.0,0.0,0.0,0.0,33,1,0.0,L1
dpr_207_2010,art268,100.0,0.0,0.0,0.0,33,1,0.0,L1
dpr_207_2010,art27,9.473684210526317,90.52631578947368,0.0,0.0,190,1,0.2260430978945619,L2
dpr_207_2010,art271,100.0,0.0,0.0,0.0,33,1,0.0,L1
dpr_207_2010,art272,100.0,0.0,0.0,0.0,33,1,0.0,L1
dpr_207_2010,art273,100.0,0.0,0.0,0.0,33,1,0.0,L1
dpr_207_2010,art274,100.0,0.0,0.0,0.0,33,1,0.0,L1
dpr_207_2010,art276,100.0,0.0,0.0,0.0,33,1,0.0,L1
dpr_207_2010,art277,100.0,0.0,0.0,0.0,33,1,0.0,L1
dpr_207_2010,art278,100.0,0.0,0.0,0.0,33,1,0.0,L1
dpr_207_2010,art279,100.0,0.0,0.0,0.0,35,1,0.0,L1
dpr_207_2010,art28,1.0861132660977502,98.91388673390225,0.0,0.0,1289,1,0.043224664559217675,L2
dpr_207_2010,art280,100.0,0.0,0.0,0.0,33,1,0.0,L1
dpr_207_2010,art281,100.0,0.0,0.0,0.0,33,1,0.0,L1
dpr_207_2010,art282,100.0,0.0,0.0,0.0,33,1,0.0,L1
dpr_207_2010,art283,100.0,0.0,0.0,0.0,33,1,0.0,L1
dpr_207_2010,art284,100.0,0.0,0.0,0.0,33,1,0.0,L1
dpr_207_2010,art285,100.0,0.0,0.0,0.0,33,1,0.0,L1
dpr_207_2010,art286,100.0,0.0,0.0,0.0,33,1,0.0,L1
dpr_207_2010,art287,100.0,0.0,0.0,0.0,33,1,0.0,L1
dpr_207_2010,art288,100.0,0.0,0.0,0.0,33,1,0.0,L1
dpr_207_2010,art289,100.0,0.0,0.0,0.0,33,1,0.0,L1
dpr_207_2010,art29,0.0,100.0,0.0,0.0,180,1,0.0,L2
dpr_207_2010,art292,100.0,0.0,0.0,0.0,33,1,0.0,L1
dpr_207_2010,art293,100.0,0.0,0.0,0.0,33,1,0.0,L1
dpr_207_2010,art294,100.0,0.0,0.0,0.0,33,1,0.0,L1
dpr_207_2010,art295,100.0,0.0,0.0,0.0,33,1,0.0,L1
dpr_207_2010,art296,100.0,0.0,0.0,0.0,33,1,0.0,L1
dpr_207_2010,art297,100.0,0.0,0.0,0.0,33,1,0.0,L1
dpr_207_2010,art298,100.0,0.0,0.0,0.0,33,1,0.0,L1
dpr_207_2010,art299,100.0,0.0,0.0,0.0,33,1,0.0,L1
dpr_207_2010,art3,100.0,0.0,0.0,0.0,33,1,0.0,L1
dpr_207_2010,art30,27.142857142857142,72.85714285714285,0.0,0.0,70,1,0.4217535413442568,L2
dpr_207_2010,art300,100.0,0.0,0.0,0.0,33,1,0.0,L1
dpr_207_2010,art301,100.0,0.0,0.0,0.0,33,1,0.0,L1
dpr_207_2010,art302,100.0,0.0,0.0,0.0,33,1,0.0,L1
dpr_207_2010,art303,100.0,0.0,0.0,0.0,35,1,0.0,L1
dpr_207_2010,art304,100.0,0.0,0.0,0.0,33,1,0.0,L1
dpr_207_2010,art305,100.0,0.0,0.0,0.0,33,1,0.0,L1
dpr_207_2010,art306,100.0,0.0,0.0,0.0,33,1,0.0,L1
dpr_207_2010,art307,100.0,0.0,0.0,0.0,33,1,0.0,L1
dpr_207_2010,art308,100.0,0.0,0.0,0.0,33,1,0.0,L1
dpr_207_2010,art309,100.0,0.0,0.0,0.0,33,1,0.0,L1
dpr_207_2010,art31,34.841628959276015,65.15837104072398,0.0,0.0,221,1,0.46632285327292944,L2
dpr_207_2010,art310,100.0,0.0,0.0,0.0,33,1,0.0,L1
dpr_207_2010,art311,100.0,0.0,0.0,0.0,33,1,0.0,L1
dpr_207_2010,art312,100.0,0.0,0.0,0.0,33,1,0.0,L1
dpr_207_2010,art313,100.0,0.0,0.0,0.0,33,1,0.0,L1
dpr_207_2010,art314,100.0,0.0,0.0,0.0,33,1,0.0,L1
dpr_207_2010,art315,0.0,0.0,100.0,0.0,33,1,0.0,L3
dpr_207_2010,art316,100.0,0.0,0.0,0.0,33,1,0.0,L1
dpr_207_2010,art318,100.0,0.0,0.0,0.0,35,1,0.0,L1
dpr_207_2010,art319,100.0,0.0,0.0,0.0,33,1,0.0,L1
dpr_207_2010,art32,0.0,100.0,0.0,0.0,874,1,0.0,L2
dpr_207_2010,art320,100.0,0.0,0.0,0.0,33,1,0.0,L1
dpr_207_2010,art321,100.0,0.0,0.0,0.0,33,1,0.0,L1
dpr_207_2010,art322,100.0,0.0,0.0,0.0,33,1,0.0,L1
dpr_207_2010,art323,100.0,0.0,0.0,0.0,35,1,0.0,L1
dpr_207_2010,art324,100.0,0.0,0.0,0.0,33,1,0.0,L1
dpr_207_2010,art326,100.0,0.0,0.0,0.0,33,1,0.0,L1
dpr_207_2010,art327,100.0,0.0,0.0,0.0,33,1,0.0,L1
dpr_207_2010,art328,100.0,0.0,0.0,0.0,33,1,0.0,L1
dpr_207_2010,art329,100.0,0.0,0.0,0.0,35,1,0.0,L1
dpr_207_2010,art33,7.929515418502203,92.07048458149781,0.0,0.0,227,1,0.19984536856649354,L2
dpr_207_2010,art330,100.0,0.0,0.0,0.0,33,1,0.0,L1
dpr_207_2010,art331,100.0,0.0,0.0,0.0,33,1,0.0,L1
dpr_207_2010,art332,100.0,0.0,0.0,0.0,33,1,0.0,L1
dpr_207_2010,art333,100.0,0.0,0.0,0.0,33,1,0.0,L1
dpr_207_2010,art334,100.0,0.0,0.0,0.0,33,1,0.0,L1
dpr_207_2010,art335,100.0,0.0,0.0,0.0,33,1,0.0,L1
dpr_207_2010,art336,100.0,0.0,0.0,0.0,33,1,0.0,L1
dpr_207_2010,art338,100.0,0.0,0.0,0.0,33,1,0.0,L1
dpr_207_2010,art339,100.0,0.0,0.0,0.0,33,1,0.0,L1
dpr_207_2010,art34,0.0,100.0,0.0,0.0,162,1,0.0,L2
dpr_207_2010,art340,100.0,0.0,0.0,0.0,33,1,0.0,L1
dpr_207_2010,art342,100.0,0.0,0.0,0.0,33,1,0.0,L1
dpr_207_2010,art343,100.0,0.0,0.0,0.0,30,1,0.0,L1
dpr_207_2010,art344,100.0,0.0,0.0,0.0,35,1,0.0,L1
dpr_207_2010,art345,100.0,0.0,0.0,0.0,33,1,0.0,L1
dpr_207_2010,art346,100.0,0.0,0.0,0.0,33,1,0.0,L1
dpr_207_2010,art347,100.0,0.0,0.0,0.0,30,1,0.0,L1
dpr_207_2010,art348,100.0,0.0,0.0,0.0,35,1,0.0,L1
dpr_207_2010,art349,100.0,0.0,0.0,0.0,33,1,0.0,L1
dpr_207_2010,art35,0.0,100.0,0.0,0.0,42,1,0.0,L2
dpr_207_2010,art350,100.0,0.0,0.0,0.0,33,1,0.0,L1
dpr_207_2010,art351,100.0,0.0,0.0,0.0,33,1,0.0,L1
dpr_207_2010,art352,100.0,0.0,0.0,0.0,33,1,0.0,L1
dpr_207_2010,art353,100.0,0.0,0.0,0.0,35,1,0.0,L1
dpr_207_2010,art354,100.0,0.0,0.0,0.0,33,1,0.0,L1
dpr_207_2010,art355,100.0,0.0,0.0,0.0,33,1,0.0,L1
dpr_207_2010,art356,100.0,0.0,0.0,0.0,35,1,0.0,L1
dpr_207_2010,art357,100.0,0.0,0.0,0.0,33,1,0.0,L1
dpr_207_2010,art358,100.0,0.0,0.0,0.0,33,1,0.0,L1
dpr_207_2010,art359,9.0625,0.0,0.0,90.9375,320,1,0.21927627468065772,L4
dpr_207_2010,art36,0.0,100.0,0.0,0.0,198,1,0.0,L2
dpr_207_2010,art37,0.0,100.0,0.0,0.0,535,1,0.0,L2
dpr_207_2010,art38,2.7732463295269167,97.22675367047309,0.0,0.0,613,1,0.09144478986704803,L2
dpr_207_2010,art39,0.0,100.0,0.0,0.0,281,1,0.0,L2
dpr_207_2010,art4,100.0,0.0,0.0,0.0,35,1,0.0,L1
dpr_207_2010,art40,0.0,100.0,0.0,0.0,142,1,0.0,L2
dpr_207_2010,art41,0.0,100.0,0.0,0.0,53,1,0.0,L2
dpr_207_2010,art42,0.0,100.0,0.0,0.0,249,1,0.0,L2
dpr_207_2010,art43,0.0,100.0,0.0,0.0,834,1,0.0,L2
dpr_207_2010,art44,100.0,0.0,0.0,0.0,33,1,0.0,L1
dpr_207_2010,art46,100.0,0.0,0.0,0.0,33,1,0.0,L1
dpr_207_2010,art47,100.0,0.0,0.0,0.0,35,1,0.0,L1
dpr_207_2010,art48,100.0,0.0,0.0,0.0,35,1,0.0,L1
dpr_207_2010,art49,0.0,0.0,100.0,0.0,35,1,0.0,L3
dpr_207_2010,art5,100.0,0.0,0.0,0.0,33,1,0.0,L1
dpr_207_2010,art50,100.0,0.0,0.0,0.0,33,1,0.0,L1
dpr_207_2010,art51,100.0,0.0,0.0,0.0,33,1,0.0,L1
dpr_207_2010,art52,100.0,0.0,0.0,0.0,33,1,0.0,L1
dpr_207_2010,art53,100.0,0.0,0.0,0.0,33,1,0.0,L1
dpr_207_2010,art54,100.0,0.0,0.0,0.0,33,1,0.0,L1
dpr_207_2010,art55,100.0,0.0,0.0,0.0,33,1,0.0,L1
dpr_207_2010,art57,100.0,0.0,0.0,0.0,35,1,0.0,L1
dpr_207_2010,art59,100.0,0.0,0.0,0.0,35,1,0.0,L1
dpr_207_2010,art6,100.0,0.0,0.0,0.0,33,1,0.0,L1
dpr_207_2010,art60,100.0,0.0,0.0,0.0,147,1,0.0,L1
dpr_207_2010,art61,46.017699115044245,53.98230088495575,0.0,0.0,339,1,0.49770964377077115,L2
dpr_207_2010,art62,0.0,100.0,0.0,0.0,80,1,0.0,L2
dpr_207_2010,art63,42.857142857142854,57.14285714285714,0.0,0.0,203,1,0.49261406657443074,L2
dpr_207_2010,art64,41.996830427892235,58.00316957210776,0.0,0.0,631,1,0.49071956481533197,L2
dpr_207_2010,art65,0.0,0.0,0.0,100.0,134,1,0.0,L4
dpr_207_2010,art66,35.095137420718814,29.175475687103592,0.0,35.72938689217759,473,1,0.7895907369679531,L4
dpr_207_2010,art67,0.0,57.98319327731093,0.0,42.016806722689076,357,1,0.49076603564644516,L2
dpr_207_2010,art68,6.691449814126393,93.3085501858736,0.0,0.0,269,1,0.17715110164304196,L2
dpr_207_2010,art69,18.181818181818183,81.81818181818183,0.0,0.0,99,1,0.3420192163768258,L2
dpr_207_2010,art7,100.0,0.0,0.0,0.0,33,1,0.0,L1
dpr_207_2010,art70,40.447154471544714,59.552845528455286,0.0,0.0,492,1,0.48675312741198107,L2
dpr_207_2010,art71,0.0,0.0,0.0,100.0,392,1,0.0,L4
dpr_207_2010,art72,0.0,0.0,0.0,100.0,89,1,0.0,L4
dpr_207_2010,art73,0.0,0.0,0.0,100.0,500,1,0.0,L4
dpr_207_2010,art74,0.0,15.335463258785943,0.0,84.66453674121406,313,1,0.3090859944852526,L4
dpr_207_2010,art75,0.0,0.0,0.0,100.0,207,1,0.0,L4
dpr_207_2010,art76,15.235008103727715,71.47487844408428,0.0,13.290113452188008,617,1,0.5734007901438533,L2
dpr_207_2010,art77,0.0,100.0,0.0,0.0,487,1,0.0,L2
dpr_207_2010,art78,40.11299435028249,17.51412429378531,0.0,42.3728813559322,354,1,0.7468718889960533,L4
dpr_207_2010,art79,0.9109311740890688,99.08906882591093,0.0,0.0,1976,1,0.037414429848126526,L2
dpr_207_2010,art8,100.0,0.0,0.0,0.0,33,1,0.0,L1
dpr_207_2010,art80,0.0,100.0,0.0,0.0,451,1,0.0,L2
dpr_207_2010,art81,100.0,0.0,0.0,0.0,35,1,0.0,L1
dpr_207_2010,art82,0.0,100.0,0.0,0.0,144,1,0.0,L2
dpr_207_2010,art83,0.0,86.27450980392157,0.0,13.725490196078432,510,1,0.28850212371516737,L2
dpr_207_2010,art84,0.0,100.0,0.0,0.0,370,1,0.0,L2
dpr_207_2010,art85,0.0,100.0,0.0,0.0,580,1,0.0,L2
dpr_207_2010,art86,0.0,100.0,0.0,0.0,557,1,0.0,L2
dpr_207_2010,art87,20.308483290488432,59.12596401028277,0.0,20.565552699228792,389,1,0.6922815014162175,L2
dpr_207_2010,art88,20.195439739413683,69.38110749185668,0.0,10.423452768729643,307,1,0.5860094394915849,L2
dpr_207_2010,art89,77.61194029850746,22.388059701492537,0.0,0.0,67,1,0.38359515887973916,L1
dpr_207_2010,art9,3.9911308203991127,96.0088691796009,0.0,0.0,451,1,0.12094269488274095,L2
dpr_207_2010,art90,0.0,100.0,0.0,0.0,352,1,0.0,L2
dpr_207_2010,art91,0.0,0.0,0.0,100.0,146,1,0.0,L4
dpr_207_2010,art92,6.474820143884892,93.5251798561151,0.0,0.0,278,1,0.173006000002944,L2
dpr_207_2010,art93,49.56896551724138,50.43103448275862,0.0,0.0,232,1,0.49997319428949305,L2
dpr_207_2010,art94,0.0,100.0,0.0,0.0,168,1,0.0,L2
dpr_207_2010,art95,0.0,100.0,0.0,0.0,373,1,0.0,L2
dpr_207_2010,art96,49.554896142433236,50.445103857566764,0.0,0.0,337,1,0.49997141587438254,L2
dpr_207_2010,art97,100.0,0.0,0.0,0.0,33,1,0.0,L1
dpr_207_2010,art98,100.0,0.0,0.0,0.0,33,1,0.0,L1
dpr_207_2010,art99,100.0,0.0,0.0,0.0,33,1,0.0,L1
l_105_2025,art1,100.0,0.0,0.0,0.0,101,1,0.0,L1
l_108_2021,art1,31.61592505854801,7.02576112412178,0.0,61.35831381733021,427,1,0.6133861160853951,L4
l_114_2014,art1,100.0,0.0,0.0,0.0,58,1,0.0,L1
l_11_2016,art1,100.0,0.0,0.0,0.0,2117,1,0.0,L1
l_120_2020,art1,100.0,0.0,0.0,0.0,51,1,0.0,L1
l_136_2010,art1,94.27293064876957,5.727069351230425,0.0,0.0,2235,1,0.15825696605392828,L1
l_136_2010,art10,100.0,0.0,0.0,0.0,110,1,0.0,L1
l_136_2010,art11,0.0,100.0,0.0,0.0,185,1,0.0,L2
l_136_2010,art12,15.384615384615385,84.61538461538461,0.0,0.0,117,1,0.30969109589668686,L2
l_136_2010,art13,0.0,100.0,0.0,0.0,210,1,0.0,L2
l_136_2010,art14,0.0,100.0,0.0,0.0,242,1,0.0,L2
l_136_2010,art15,100.0,0.0,0.0,0.0,99,1,0.0,L1
l_136_2010,art16,100.0,0.0,0.0,0.0,18,1,0.0,L1
l_136_2010,art2,86.12167300380229,13.878326996197718,0.0,0.0,1052,1,0.2905217056186788,L1
l_136_2010,art3,0.0,96.56862745098039,0.0,3.431372549019608,816,1,0.10779185364278478,L2
l_136_2010,art4,0.0,100.0,0.0,0.0,49,1,0.0,L2
l_136_2010,art5,0.0,100.0,0.0,0.0,81,1,0.0,L2
l_136_2010,art6,0.0,0.0,0.0,100.0,439,1,0.0,L4
l_136_2010,art7,0.0,100.0,0.0,0.0,767,1,0.0,L2
l_136_2010,art8,0.0,96.996996996997,0.0,3.003003003003003,1665,1,0.09727121585418025,L2
l_136_2010,art9,40.909090909090914,59.09090909090909,0.0,0.0,44,1,0.48801032267561245,L2
l_145_2018,art1 (commi 1-100),95.09033778476041,4.9096622152395915,0.0,0.0,2546,1,0.1412735029384266,L1
l_145_2018,art10,100.0,0.0,0.0,0.0,49,1,0.0,L1
l_145_2018,art11,9.18580375782881,90.81419624217119,0.0,0.0,479,1,0.22132074064226298,L2
l_145_2018,art12,26.231884057971016,73.76811594202898,0.0,0.0,690,1,0.4151127053939916,L2
l_145_2018,art13,8.480565371024735,91.51943462897526,0.0,0.0,566,1,0.20944493882814863,L2
l_145_2018,art14,11.1368909512761,88.8631090487239,0.0,0.0,431,1,0.25201562101151287,L2
l_145_2018,art15,30.4,69.6,0.0,0.0,125,1,0.44306282228956606,L2
l_145_2018,art16,100.0,0.0,0.0,0.0,50,1,0.0,L1
l_145_2018,art17,100.0,0.0,0.0,0.0,35,1,0.0,L1
l_145_2018,art18,2.5547445255474455,97.44525547445255,0.0,0.0,2192,1,0.08577279511972144,L2
l_145_2018,art19,100.0,0.0,0.0,0.0,20,1,0.0,L1
l_145_2018,art2,100.0,0.0,0.0,0.0,55,1,0.0,L1
l_145_2018,art3,5.323925593329057,94.67607440667093,0.0,0.0,1559,1,0.15000044526959078,L2
l_145_2018,art4,28.169014084507044,71.83098591549296,0.0,0.0,142,1,0.4288717671949029,L2
l_145_2018,art5,38.01652892561984,61.98347107438017,0.0,0.0,121,1,0.4790793371705788,L2
l_145_2018,art6,22.75449101796407,0.0,0.0,77.24550898203593,167,1,0.3868534577869778,L4
l_145_2018,art7,6.741573033707865,93.25842696629213,0.0,0.0,267,1,0.1781024005229663,L2
l_145_2018,art8,100.0,0.0,0.0,0.0,41,1,0.0,L1
l_145_2018,art9,3.085714285714286,96.91428571428573,0.0,0.0,875,1,0.09933616875828971,L2
l_190_2012,art1,23.62204724409449,55.99814729041223,0.0,20.379805465493284,2159,1,0.7139438061707261,L2
l_190_2012,art2,50.0,50.0,0.0,0.0,44,1,0.499999998557305,L1
l_241_1990,art1,100.0,0.0,0.0,0.0,162,1,0.0,L1
l_241_1990,art10,43.859649122807014,56.14035087719298,0.0,0.0,57,1,0.49454671840837655,L2
l_241_1990,art11,41.56378600823045,39.91769547325103,0.0,18.51851851851852,243,1,0.7529323920567121,L1
l_241_1990,art12,68.6046511627907,31.3953488372093,0.0,0.0,86,1,0.44884224526438715,L1
l_241_1990,art13,100.0,0.0,0.0,0.0,115,1,0.0,L1
l_241_1990,art14,39.658444022770404,60.341555977229596,0.0,0.0,527,1,0.4844587599685788,L2
l_241_1990,art15,23.376623376623375,76.62337662337663,0.0,0.0,154,1,0.3922595680066371,L2
l_241_1990,art16,33.44594594594595,50.67567567567568,0.0,15.878378378378377,296,1,0.7234854897870667,L2
l_241_1990,art17,20.12987012987013,79.87012987012987,0.0,0.0,154,1,0.3622589514413802,L2
l_241_1990,art18,0.0,100.0,0.0,0.0,289,1,0.0,L2
l_241_1990,art19,28.00429184549356,34.763948497854074,0.0,37.23175965665236,932,1,0.787428027843347,L4
l_241_1990,art2,10.971524288107203,89.0284757118928,0.0,0.0,1194,1,0.24952822197489583,L2
l_241_1990,art20,55.52884615384615,30.528846153846157,0.0,13.942307692307693,416,1,0.6950757685596602,L1
l_241_1990,art21,0.0,0.0,0.0,100.0,174,1,0.0,L4
l_241_1990,art22,84.31372549019608,15.686274509803921,0.0,0.0,357,1,0.31337556707059977,L1
l_241_1990,art23,100.0,0.0,0.0,0.0,65,1,0.0,L1
l_241_1990,art24,100.0,0.0,0.0,0.0,564,1,0.0,L1
l_241_1990,art25,21.794871794871796,75.0915750915751,3.1135531135531136,0.0,546,1,0.47260840077561456,L2
l_241_1990,art26,100.0,0.0,0.0,0.0,79,1,0.0,L1
l_241_1990,art27,72.81553398058253,7.766990291262135,0.0,19.41747572815534,412,1,0.5393669425686427,L1
l_241_1990,art28,12.244897959183673,87.75510204081633,0.0,0.0,147,1,0.2681798241198362,L2
l_241_1990,art29,100.0,0.0,0.0,0.0,350,1,0.0,L1
l_241_1990,art3,57.36434108527132,42.63565891472868,0.0,0.0,129,1,0.49214721812785234,L1
l_241_1990,art30,0.0,100.0,0.0,0.0,98,1,0.0,L2
l_241_1990,art31,100.0,0.0,0.0,0.0,35,1,0.0,L1
l_241_1990,art4,100.0,0.0,0.0,0.0,72,1,0.0,L1
l_241_1990,art5,100.0,0.0,0.0,0.0,104,1,0.0,L1
l_241_1990,art6,0.0,100.0,0.0,0.0,171,1,0.0,L2
l_241_1990,art7,77.6923076923077,22.30769230769231,0.0,0.0,130,1,0.38287310269987507,L1
l_241_1990,art8,0.0,91.42857142857143,0.0,8.571428571428571,245,1,0.21100025699888153,L2
l_241_1990,art9,100.0,0.0,0.0,0.0,40,1,0.0,L1
l_55_2019,art1,100.0,0.0,0.0,0.0,103,1,0.0,L1
l_56_2024,art1,100.0,0.0,0.0,0.0,56,1,0.0,L1
l_78_2022,art1,100.0,0.0,0.0,0.0,2062,1,0.0,L1
l_78_2022,art2,100.0,0.0,0.0,0.0,45,1,0.0,L1
l_90_2024,art1,64.5381984036488,10.376282782212087,0.0,25.085518814139114,877,1,0.6236868591687277,L1
l_90_2024,art10,100.0,0.0,0.0,0.0,292,1,0.0,L1
l_90_2024,art11,55.76036866359447,44.23963133640553,0.0,0.0,217,1,0.4952022235826392,L1
l_90_2024,art12,86.53846153846155,13.461538461538462,0.0,0.0,260,1,0.28498068657748,L1
l_90_2024,art13,78.08857808857809,21.91142191142191,0.0,0.0,429,1,0.3792733944069402,L1
l_90_2024,art14,62.849533954727036,37.150466045272964,0.0,0.0,751,1,0.47591020290756175,L1
l_90_2024,art15,9.502262443438914,90.49773755656109,0.0,0.0,221,1,0.22650805691071554,L2
l_90_2024,art16,0.0,100.0,0.0,0.0,1838,1,0.0,L2
l_90_2024,art17,0.0,100.0,0.0,0.0,172,1,0.0,L2
l_90_2024,art18,0.0,100.0,0.0,0.0,109,1,0.0,L2
l_90_2024,art19,100.0,0.0,0.0,0.0,89,1,0.0,L1
l_90_2024,art2,0.0,67.35751295336787,0.0,32.64248704663213,193,1,0.455615950159755,L2
l_90_2024,art20,0.0,100.0,0.0,0.0,156,1,0.0,L2
l_90_2024,art21,0.0,100.0,0.0,0.0,43,1,0.0,L2
l_90_2024,art22,28.920570264765782,0.0,0.0,71.07942973523421,491,1,0.4338464927647192,L4
l_90_2024,art23,0.0,0.0,0.0,100.0,107,1,0.0,L4
l_90_2024,art24,100.0,0.0,0.0,0.0,94,1,0.0,L1
l_90_2024,art3,0.0,73.13432835820896,0.0,26.865671641791046,134,1,0.41976524761002076,L2
l_90_2024,art4,0.0,100.0,0.0,0.0,128,1,0.0,L2
l_90_2024,art5,100.0,0.0,0.0,0.0,133,1,0.0,L1
l_90_2024,art6,0.0,0.0,0.0,100.0,244,1,0.0,L4
l_90_2024,art7,100.0,0.0,0.0,0.0,42,1,0.0,L1
l_90_2024,art8,18.416523235800344,81.58347676419966,0.0,0.0,581,1,0.3445523667202428,L2
l_90_2024,art9,0.0,100.0,0.0,0.0,128,1,0.0,L2
l_98_2013,art1,100.0,0.0,0.0,0.0,100,1,0.0,L1
