relative_path,source,act_id,article_id,official_identifier,celex,publication_date,redaction_code,source_version,declared_retrieval_month,included_in_final_corpus,size_bytes,sha256
data/output/appalti_it/raw/dl_135_2018.html,Normattiva,dl_135_2018,,urn:nir:stato:decreto.legge:2018-12-14;135,,2018-12-14,18G00163,4,2026-04,True,112176,7faaf17d977fa6d922b7adc11101e954490ee4e3125d260cf124feb9719c6115
data/output/appalti_it/raw/dl_135_2018_art_001.html,Normattiva,dl_135_2018,001,urn:nir:stato:decreto.legge:2018-12-14;135,,2018-12-14,18G00163,1,2026-04,True,17539,ec0e37b5c58413a981f4be5faa48ca60928f48bd2579c714ba4ae7d3e3486791
data/output/appalti_it/raw/dl_135_2018_art_002.html,Normattiva,dl_135_2018,002,urn:nir:stato:decreto.legge:2018-12-14;135,,2018-12-14,18G00163,1,2026-04,True,7321,30bfdb982d71586ae7c95ff250d58cd14bf198a420dd0389250772f1bec05a8c
data/output/appalti_it/raw/dl_135_2018_art_003.html,Normattiva,dl_135_2018,003,urn:nir:stato:decreto.legge:2018-12-14;135,,2018-12-14,18G00163,3,2026-04,True,14792,feda0d3d558d423f501d09d1a0280e6e7ffeda30f4f7210cb12c5b4df11f18f7
data/output/appalti_it/raw/dl_135_2018_art_004.html,Normattiva,dl_135_2018,004,urn:nir:stato:decreto.legge:2018-12-14;135,,2018-12-14,18G00163,1,2026-04,True,10495,b5f05da3fade0e9a85c1146b75d85417cafae7323d07313f3fc5d548c5d8fff1
data/output/appalti_it/raw/dl_135_2018_art_005.html,Normattiva,dl_135_2018,005,urn:nir:stato:decreto.legge:2018-12-14;135,,2018-12-14,18G00163,1,2026-04,True,6150,51418ccc8b36f03082914ba1a4c604e85d2fd47a735e97a706475dfd4e95dcbc
data/output/appalti_it/raw/dl_135_2018_art_006.html,Normattiva,dl_135_2018,006,urn:nir:stato:decreto.legge:2018-12-14;135,,2018-12-14,18G00163,1,2026-04,True,10542,fcfc23a0bde76a8ba162db9cd96450038496940511af19818b95f1ccdceac9fa
data/output/appalti_it/raw/dl_135_2018_art_007.html,Normattiva,dl_135_2018,007,urn:nir:stato:decreto.legge:2018-12-14;135,,2018-12-14,18G00163,4,2026-04,True,8466,ac8706c1cfb90eb92f90f18782b09ce65ae2646a0957503b1a731fee1f58154b
data/output/appalti_it/raw/dl_135_2018_art_008.html,Normattiva,dl_135_2018,008,urn:nir:stato:decreto.legge:2018-12-14;135,,2018-12-14,18G00163,3,2026-04,True,18361,39d24eed8cd94922c4e2345634f27c541b870f4ab2b053357c669b691257dc7b
data/output/appalti_it/raw/dl_135_2018_art_009.html,Normattiva,dl_135_2018,009,urn:nir:stato:decreto.legge:2018-12-14;135,,2018-12-14,18G00163,1,2026-04,True,8981,233f8ab968382ad2a38d44379197df3cf97dca6c8f77b086dfdbc403509fdc0f
data/output/appalti_it/raw/dl_135_2018_art_010.html,Normattiva,dl_135_2018,010,urn:nir:stato:decreto.legge:2018-12-14;135,,2018-12-14,18G00163,2,2026-04,True,6690,19443f5aff7f1584a574a880633e3efb897daaf0a1d3580f343f411d4b1eb37a
data/output/appalti_it/raw/dl_135_2018_art_011.html,Normattiva,dl_135_2018,011,urn:nir:stato:decreto.legge:2018-12-14;135,,2018-12-14,18G00163,4,2026-04,True,12833,604a9b0fedd88e32c3d2c44a7bddbc168122329b692b7a01128df8a8375420fd
data/output/appalti_it/raw/dl_135_2018_art_012.html,Normattiva,dl_135_2018,012,urn:nir:stato:decreto.legge:2018-12-14;135,,2018-12-14,18G00163,1,2026-04,True,4727,a4cb25f20baf038422839eccde6e84421a7d934ea4b6a5a12179229cd91fe5a8
data/output/appalti_it/raw/dl_13_2023.html,Normattiva,dl_13_2023,,urn:nir:stato:decreto.legge:2023-02-24;13,,2023-02-24,23G00022,2,2026-04,True,181547,a5fdb80ddf27064caf81faeb5c5a7a1970fa5b46169cd475d87099bace1f580a
data/output/appalti_it/raw/dl_13_2023_art_001.html,Normattiva,dl_13_2023,001,urn:nir:stato:decreto.legge:2023-02-24;13,,2023-02-24,23G00022,4,2026-04,True,30844,94f05ec7b77e82209242f6204ae9ddd5f2fa25085da54d2084abbd096bda3116
data/output/appalti_it/raw/dl_13_2023_art_002.html,Normattiva,dl_13_2023,002,urn:nir:stato:decreto.legge:2023-02-24;13,,2023-02-24,23G00022,2,2026-04,True,16781,5e775e2aefcdc383d2783a16b8f0c3993d40d09ce1ff3de6d56fb36acfbbd298
data/output/appalti_it/raw/dl_13_2023_art_003.html,Normattiva,dl_13_2023,003,urn:nir:stato:decreto.legge:2023-02-24;13,,2023-02-24,23G00022,4,2026-04,True,9510,ad031648e93ad7e962e52730852cca67904eb76f69f4886e19a2c873905cc7af
data/output/appalti_it/raw/dl_13_2023_art_004.html,Normattiva,dl_13_2023,004,urn:nir:stato:decreto.legge:2023-02-24;13,,2023-02-24,23G00022,2,2026-04,True,7994,b6466c438a79717e090c19e058b3ff884b1343c10a71e5ca1f3f0c0479fe5024
data/output/appalti_it/raw/dl_13_2023_art_005.html,Normattiva,dl_13_2023,005,urn:nir:stato:decreto.legge:2023-02-24;13,,2023-02-24,23G00022,1,2026-04,True,14549,28fa19a0420e4fdec2ddccfe0b78f6231b94e0831336f02cff1586a5eed5164f
data/output/appalti_it/raw/dl_13_2023_art_006.html,Normattiva,dl_13_2023,006,urn:nir:stato:decreto.legge:2023-02-24;13,,2023-02-24,23G00022,3,2026-04,True,8008,8f5cbc3d4df0ba73e4eec2f9e2f8f80f8386b136e24f096667d23a1ac3c54813
data/output/appalti_it/raw/dl_13_2023_art_007.html,Normattiva,dl_13_2023,007,urn:nir:stato:decreto.legge:2023-02-24;13,,2023-02-24,23G00022,1,2026-04,True,9280,c1a8ace70e6bba19c703cfafba620a56877178968559527fe275fffa508547c7
data/output/appalti_it/raw/dl_13_2023_art_008.html,Normattiva,dl_13_2023,008,urn:nir:stato:decreto.legge:2023-02-24;13,,2023-02-24,23G00022,1,2026-04,True,19594,072d0349c7cb2175ee5f1091c85eda93a608a0b4228bc221c83f8094769ba076
data/output/appalti_it/raw/dl_13_2023_art_009.html,Normattiva,dl_13_2023,009,urn:nir:stato:decreto.legge:2023-02-24;13,,2023-02-24,23G00022,1,2026-04,True,9159,6f5f0c0d1a0b1a4dc27235aa9d9c40d2e3e2c5f784811898acc136c3678dd2f6
data/output/appalti_it/raw/dl_13_2023_art_010.html,Normattiva,dl_13_2023,010,urn:nir:stato:decreto.legge:2023-02-24;13,,2023-02-24,23G00022,2,2026-04,True,9109,82b867a1bf2de593276743828610673a1cb147e2753f3ba09513241c87932ae9
data/output/appalti_it/raw/dl_13_2023_art_011.html,Normattiva,dl_13_2023,011,urn:nir:stato:decreto.legge:2023-02-24;13,,2023-02-24,23G00022,2,2026-04,True,8696,729dd80f7a463c3e6584d589be2bb90ba3588f79b16ece6bc6f74f8ffac62e24
data/output/appalti_it/raw/dl_13_2023_art_012.html,Normattiva,dl_13_2023,012,urn:nir:stato:decreto.legge:2023-02-24;13,,2023-02-24,23G00022,3,2026-04,True,9977,86453868a2e8571927a39643ba1a2bccf8e6c1779649b4ffdc8084f01577246d
data/output/appalti_it/raw/dl_13_2023_art_013.html,Normattiva,dl_13_2023,013,urn:nir:stato:decreto.legge:2023-02-24;13,,2023-02-24,23G00022,2,2026-04,True,5860,7741044c9b90bba3e5729a5e267bab6f29cb86753e1af840555e1c69e4acfa92
data/output/appalti_it/raw/dl_13_2023_art_014.html,Normattiva,dl_13_2023,014,urn:nir:stato:decreto.legge:2023-02-24;13,,2023-02-24,23G00022,1,2026-04,True,30327,7cc6c9eba917c5f4fc84fdac4e59635ab4afd9685d987b04fb43f1a914922b45
data/output/appalti_it/raw/dl_13_2023_art_015.html,Normattiva,dl_13_2023,015,urn:nir:stato:decreto.legge:2023-02-24;13,,2023-02-24,23G00022,1,2026-04,True,19482,88cebf1e4d0d8b54ec02646afa30e8d82f28b437d64c939151601dcbc3b58272
data/output/appalti_it/raw/dl_13_2023_art_016.html,Normattiva,dl_13_2023,016,urn:nir:stato:decreto.legge:2023-02-24;13,,2023-02-24,23G00022,3,2026-04,True,10368,0fa8231baf574fe513841d2db2f0677acb774052a8f6f56ccd79f3253fe5084f
data/output/appalti_it/raw/dl_13_2023_art_017.html,Normattiva,dl_13_2023,017,urn:nir:stato:decreto.legge:2023-02-24;13,,2023-02-24,23G00022,2,2026-04,True,11167,4a8d1517e272b8f7ed1784c02214cb91f045fde49f0efa025b2e7103a3a390f8
data/output/appalti_it/raw/dl_13_2023_art_018.html,Normattiva,dl_13_2023,018,urn:nir:stato:decreto.legge:2023-02-24;13,,2023-02-24,23G00022,2,2026-04,True,31033,99a71fc01cb5beb0295468c56cbeca163a038c339d6895591884ad4699c130c2
data/output/appalti_it/raw/dl_13_2023_art_019.html,Normattiva,dl_13_2023,019,urn:nir:stato:decreto.legge:2023-02-24;13,,2023-02-24,23G00022,1,2026-04,True,13275,fbad18108117b188ec11a1396c7f08cc54211432790b792a03dd79acc7e1ae23
data/output/appalti_it/raw/dl_13_2023_art_020.html,Normattiva,dl_13_2023,020,urn:nir:stato:decreto.legge:2023-02-24;13,,2023-02-24,23G00022,2,2026-04,True,10640,7ac5e8f28379f1b5004345efb787bd80af95683bb9922dcf9b14282301dce105
data/output/appalti_it/raw/dl_13_2023_art_021.html,Normattiva,dl_13_2023,021,urn:nir:stato:decreto.legge:2023-02-24;13,,2023-02-24,23G00022,3,2026-04,True,8133,40a0d962a57e9edd0f1f010c87350820d10ee5c69cf781cf3bdda1cdc0704d94
data/output/appalti_it/raw/dl_13_2023_art_022.html,Normattiva,dl_13_2023,022,urn:nir:stato:decreto.legge:2023-02-24;13,,2023-02-24,23G00022,2,2026-04,True,10937,e87cdecf94615df69edb50d121fc7993ff57fbd3f68175b144a47f5d14c1adc1
data/output/appalti_it/raw/dl_13_2023_art_023.html,Normattiva,dl_13_2023,023,urn:nir:stato:decreto.legge:2023-02-24;13,,2023-02-24,23G00022,2,2026-04,True,6620,94554e65c73cff632bfcfc299ad11b3c45167a2e006e7c354f848a5c1494713f
data/output/appalti_it/raw/dl_13_2023_art_024.html,Normattiva,dl_13_2023,024,urn:nir:stato:decreto.legge:2023-02-24;13,,2023-02-24,23G00022,2,2026-04,True,15540,913da8afec0fb165bba77bf0270899485ca87e704db93a26f21f31ec5b91da15
data/output/appalti_it/raw/dl_13_2023_art_025.html,Normattiva,dl_13_2023,025,urn:nir:stato:decreto.legge:2023-02-24;13,,2023-02-24,23G00022,6,2026-04,True,6254,5e1eb015a5e71e4bc40819af9836b90facc2eac8f60be0b5add5a7c6a93b5b70
data/output/appalti_it/raw/dl_13_2023_art_026.html,Normattiva,dl_13_2023,026,urn:nir:stato:decreto.legge:2023-02-24;13,,2023-02-24,23G00022,2,2026-04,True,15580,f779588780f7c412850ad1fcebb00df44542808b334fbb59351b397e9fe48f2f
data/output/appalti_it/raw/dl_13_2023_art_027.html,Normattiva,dl_13_2023,027,urn:nir:stato:decreto.legge:2023-02-24;13,,2023-02-24,23G00022,3,2026-04,True,8877,e680ff2627dce7507bd8803c37fe25d319a062f95294d35e2798d581d17ff0a7
data/output/appalti_it/raw/dl_13_2023_art_028.html,Normattiva,dl_13_2023,028,urn:nir:stato:decreto.legge:2023-02-24;13,,2023-02-24,23G00022,1,2026-04,True,7666,c6738b741f79a97beaa0ea16619dfe1a889c032965de65f96177eca9ff93fbf4
data/output/appalti_it/raw/dl_13_2023_art_029.html,Normattiva,dl_13_2023,029,urn:nir:stato:decreto.legge:2023-02-24;13,,2023-02-24,23G00022,2,2026-04,True,12274,de2259210e92da02dc4915d7fe16c3e4da4e0a636eef0defd0b3cddd9e9c5f78
data/output/appalti_it/raw/dl_13_2023_art_030.html,Normattiva,dl_13_2023,030,urn:nir:stato:decreto.legge:2023-02-24;13,,2023-02-24,23G00022,1,2026-04,True,8655,261a06eb9803acf244e2dae01cd0faa3c3eefddd88dd27638c220a80150f20c6
data/output/appalti_it/raw/dl_13_2023_art_031.html,Normattiva,dl_13_2023,031,urn:nir:stato:decreto.legge:2023-02-24;13,,2023-02-24,23G00022,2,2026-04,True,28266,1ce358fd0011f18a0d8b748a33d6b67728359d4b6fe67bb7f479466abc6360a0
data/output/appalti_it/raw/dl_13_2023_art_032.html,Normattiva,dl_13_2023,032,urn:nir:stato:decreto.legge:2023-02-24;13,,2023-02-24,23G00022,1,2026-04,True,5925,3973c66b6107f883f057f15748c9fe2db8b2e02a0d5489ccc033e6adf72b4118
data/output/appalti_it/raw/dl_13_2023_art_033.html,Normattiva,dl_13_2023,033,urn:nir:stato:decreto.legge:2023-02-24;13,,2023-02-24,23G00022,1,2026-04,True,31827,a96551cedfb8672cf335e844fdd6359cfb0c75e98ddaa1ef801849b2b2a58554
data/output/appalti_it/raw/dl_13_2023_art_034.html,Normattiva,dl_13_2023,034,urn:nir:stato:decreto.legge:2023-02-24;13,,2023-02-24,23G00022,3,2026-04,True,9245,f740f9c5cc9df0a2cc895b84f609e9f8b6a8d113cb711b02682ebc4b988082fe
data/output/appalti_it/raw/dl_13_2023_art_035.html,Normattiva,dl_13_2023,035,urn:nir:stato:decreto.legge:2023-02-24;13,,2023-02-24,23G00022,2,2026-04,True,8727,906f4b32a97066aaf6f08673c2bbe0a2f70bb774bfed8537b4b88bc0ec353118
data/output/appalti_it/raw/dl_13_2023_art_036.html,Normattiva,dl_13_2023,036,urn:nir:stato:decreto.legge:2023-02-24;13,,2023-02-24,23G00022,2,2026-04,True,7496,52371555c9e7f831e167813c4fdd370629935c682b6ee63a90679310ff3c684b
data/output/appalti_it/raw/dl_13_2023_art_037.html,Normattiva,dl_13_2023,037,urn:nir:stato:decreto.legge:2023-02-24;13,,2023-02-24,23G00022,2,2026-04,True,4632,3aee8f842ec8b217a757fdb2d097053dae2d2210667bdf8d9ea88218152233b3
data/output/appalti_it/raw/dl_13_2023_art_038.html,Normattiva,dl_13_2023,038,urn:nir:stato:decreto.legge:2023-02-24;13,,2023-02-24,23G00022,1,2026-04,True,6071,a3e027804abe1df62189c0accae141fe232754f51a0db03cc63942905e2409dd
data/output/appalti_it/raw/dl_13_2023_art_039.html,Normattiva,dl_13_2023,039,urn:nir:stato:decreto.legge:2023-02-24;13,,2023-02-24,23G00022,4,2026-04,True,5191,364b97b85063d81e9947f63822708822a4578886498097b110d4552607a5854f
data/output/appalti_it/raw/dl_13_2023_art_040.html,Normattiva,dl_13_2023,040,urn:nir:stato:decreto.legge:2023-02-24;13,,2023-02-24,23G00022,1,2026-04,True,9926,a98d290865996ed960c2e1ac5630c94630e1bc01a17f326c9a68b3cc0b04175f
data/output/appalti_it/raw/dl_13_2023_art_041.html,Normattiva,dl_13_2023,041,urn:nir:stato:decreto.legge:2023-02-24;13,,2023-02-24,23G00022,3,2026-04,True,5279,1395d413afc3f81f94c2a00d7f027a688dbf79b9b92fcdd2f9410f761d4fb2b2
data/output/appalti_it/raw/dl_13_2023_art_042.html,Normattiva,dl_13_2023,042,urn:nir:stato:decreto.legge:2023-02-24;13,,2023-02-24,23G00022,1,2026-04,True,5875,f6d2fcc8656fa5a9da25fe84b149024ac61ef6cccd7b3f61918cb371f8f4b769
data/output/appalti_it/raw/dl_13_2023_art_043.html,Normattiva,dl_13_2023,043,urn:nir:stato:decreto.legge:2023-02-24;13,,2023-02-24,23G00022,2,2026-04,True,5349,b058161f93ca744ca5125aba08de0fa347691b9390f92db4fd35764c88411cb0
data/output/appalti_it/raw/dl_13_2023_art_044.html,Normattiva,dl_13_2023,044,urn:nir:stato:decreto.legge:2023-02-24;13,,2023-02-24,23G00022,1,2026-04,True,5434,63f82efea4d6bc9790fa2780ea0a15a872261a6e8f767d649bf57f7f2f506760
data/output/appalti_it/raw/dl_13_2023_art_045.html,Normattiva,dl_13_2023,045,urn:nir:stato:decreto.legge:2023-02-24;13,,2023-02-24,23G00022,1,2026-04,True,13581,22b801e5d50ecc5a8487a38ae26ab2db07916ac6e78a2d1e44640864505b9a0d
data/output/appalti_it/raw/dl_13_2023_art_046.html,Normattiva,dl_13_2023,046,urn:nir:stato:decreto.legge:2023-02-24;13,,2023-02-24,23G00022,1,2026-04,True,9305,9e93bb26e6ef790bbe6766ceaceb02922fb0ab713ff30757ec81ec340381dde6
data/output/appalti_it/raw/dl_13_2023_art_047.html,Normattiva,dl_13_2023,047,urn:nir:stato:decreto.legge:2023-02-24;13,,2023-02-24,23G00022,2,2026-04,True,36153,50f4fea0570c6025295fb283458b9019d200db9bc58b7c2c80188b6aaf0887a0
data/output/appalti_it/raw/dl_13_2023_art_048.html,Normattiva,dl_13_2023,048,urn:nir:stato:decreto.legge:2023-02-24;13,,2023-02-24,23G00022,1,2026-04,True,9883,5e9847effc9e1696e0baaea4fbc4584976c9cb33f7b1f767cc4e4e87dbb6b868
data/output/appalti_it/raw/dl_13_2023_art_049.html,Normattiva,dl_13_2023,049,urn:nir:stato:decreto.legge:2023-02-24;13,,2023-02-24,23G00022,3,2026-04,True,10094,8540f9c682d459497f556318fbce840e15ca35800ec3aba84dabebcdb0d960ae
data/output/appalti_it/raw/dl_13_2023_art_050.html,Normattiva,dl_13_2023,050,urn:nir:stato:decreto.legge:2023-02-24;13,,2023-02-24,23G00022,1,2026-04,True,27831,cf5ed602264d99e1576090eaade66e3f0effff4ef154eba3497d8767b043f3e5
data/output/appalti_it/raw/dl_13_2023_art_051.html,Normattiva,dl_13_2023,051,urn:nir:stato:decreto.legge:2023-02-24;13,,2023-02-24,23G00022,7,2026-04,True,10500,d90ae8c21e517b5001946150127cd35acedeeea6785c1a49ea8364b13b903b81
data/output/appalti_it/raw/dl_13_2023_art_052.html,Normattiva,dl_13_2023,052,urn:nir:stato:decreto.legge:2023-02-24;13,,2023-02-24,23G00022,1,2026-04,True,16385,623c4323aebc3faa85e0265c895d9cdb61200404396e9693d9c8b5de3e264fa5
data/output/appalti_it/raw/dl_13_2023_art_053.html,Normattiva,dl_13_2023,053,urn:nir:stato:decreto.legge:2023-02-24;13,,2023-02-24,23G00022,2,2026-04,True,7328,8b1f2ef4c9a9da686af7e54b41d1223ef0d0ea44078670800ad0f03ab71944a3
data/output/appalti_it/raw/dl_13_2023_art_054.html,Normattiva,dl_13_2023,054,urn:nir:stato:decreto.legge:2023-02-24;13,,2023-02-24,23G00022,2,2026-04,True,13771,e327acf69793fcdacbc96cb5e476a7047f1bc5f99734f52ba48c8f9aecfddacb
data/output/appalti_it/raw/dl_13_2023_art_055.html,Normattiva,dl_13_2023,055,urn:nir:stato:decreto.legge:2023-02-24;13,,2023-02-24,23G00022,2,2026-04,True,11248,1b3d6ee4b1b39bfb5293739b047ef9e265359e491437264b265c573bdcaa2a81
data/output/appalti_it/raw/dl_13_2023_art_056.html,Normattiva,dl_13_2023,056,urn:nir:stato:decreto.legge:2023-02-24;13,,2023-02-24,23G00022,3,2026-04,True,5508,84cdea07cf2718b233d722922d6bae67c9b5aac67d29940c705de584db37e4ce
data/output/appalti_it/raw/dl_13_2023_art_057.html,Normattiva,dl_13_2023,057,urn:nir:stato:decreto.legge:2023-02-24;13,,2023-02-24,23G00022,2,2026-04,True,5499,ed99d20afbaf4c667158f7c835e36538936557a3f1314fc5f0f025ad5c0a1e15
data/output/appalti_it/raw/dl_13_2023_art_058.html,Normattiva,dl_13_2023,058,urn:nir:stato:decreto.legge:2023-02-24;13,,2023-02-24,23G00022,2,2026-04,True,7567,35ae3b12a2baff674728d0e989a368ee371b9c411e005d7014be2081afcd839d
data/output/appalti_it/raw/dlgs_163_2006.html,Normattiva,dlgs_163_2006,,urn:nir:stato:decreto.legislativo:2006-04-12;163,,2006-05-02,006G0184,3,2026-04,True,651374,8a7d6bab721ab48c988e621a4b2f9ac0f469146f66c0c3d7c29155e8ddcc2ab7
data/output/appalti_it/raw/dlgs_163_2006_art_001.html,Normattiva,dlgs_163_2006,001,urn:nir:stato:decreto.legislativo:2006-04-12;163,,2006-05-02,006G0184,5,2026-04,True,3730,7bf787e811ac763e8e321938c2743222a16657766995fa27117bf431a05905b6
data/output/appalti_it/raw/dlgs_163_2006_art_002.html,Normattiva,dlgs_163_2006,002,urn:nir:stato:decreto.legislativo:2006-04-12;163,,2006-05-02,006G0184,3,2026-04,True,4734,61e3c856fb649fc246d9b034af11cff3f64354ae07148e4437e718c227255c9d
data/output/appalti_it/raw/dlgs_163_2006_art_003.html,Normattiva,dlgs_163_2006,003,urn:nir:stato:decreto.legislativo:2006-04-12;163,,2006-05-02,006G0184,5,2026-04,True,4734,029b05b9ad21d7107a168fa50b64e1a3f1d8c1ba31ac921d57ed8e80e10d7687
data/output/appalti_it/raw/dlgs_163_2006_art_004.html,Normattiva,dlgs_163_2006,004,urn:nir:stato:decreto.legislativo:2006-04-12;163,,2006-05-02,006G0184,7,2026-04,True,4734,806c4454d19302d7205ff2dca29ad765484f78462ad57f01d244ad14a637a420
data/output/appalti_it/raw/dlgs_163_2006_art_005.html,Normattiva,dlgs_163_2006,005,urn:nir:stato:decreto.legislativo:2006-04-12;163,,2006-05-02,006G0184,2,2026-04,True,4734,15485247f2b2b8e5fc1082ba61f68c7a0dc158edbba22b2642a75a1118edea8b
data/output/appalti_it/raw/dlgs_163_2006_art_006.html,Normattiva,dlgs_163_2006,006,urn:nir:stato:decreto.legislativo:2006-04-12;163,,2006-05-02,006G0184,7,2026-04,True,4734,5df7044f07840427a4657ae3b006bf135c5b26557200824a0e884640dfa08251
data/output/appalti_it/raw/dlgs_163_2006_art_007.html,Normattiva,dlgs_163_2006,007,urn:nir:stato:decreto.legislativo:2006-04-12;163,,2006-05-02,006G0184,4,2026-04,True,4734,a7b0c4f1ed848ade399b4d20fc6c45721db04c8c85d1411fa0496975b6463c11
data/output/appalti_it/raw/dlgs_163_2006_art_008.html,Normattiva,dlgs_163_2006,008,urn:nir:stato:decreto.legislativo:2006-04-12;163,,2006-05-02,006G0184,9,2026-04,True,4734,eb28a1ce80b35c7fbc0c087149fbbfbb6690d8f288913efada75ae0c39f2b468
data/output/appalti_it/raw/dlgs_163_2006_art_009.html,Normattiva,dlgs_163_2006,009,urn:nir:stato:decreto.legislativo:2006-04-12;163,,2006-05-02,006G0184,2,2026-04,True,4736,0ec898bc2c8cdc6752fcafa26f658b15e70272d9d684d911cc111e67ad646bc4
data/output/appalti_it/raw/dlgs_163_2006_art_010.html,Normattiva,dlgs_163_2006,010,urn:nir:stato:decreto.legislativo:2006-04-12;163,,2006-05-02,006G0184,3,2026-04,True,4740,7d0f9d1327a12a82b8bdf11c1dc25f4249857d581da388631033fb90817b8ce7
data/output/appalti_it/raw/dlgs_163_2006_art_011.html,Normattiva,dlgs_163_2006,011,urn:nir:stato:decreto.legislativo:2006-04-12;163,,2006-05-02,006G0184,3,2026-04,True,4742,109054ba15a8b49489b8a886dd954730fb927b8999145e9c125748f62153d537
data/output/appalti_it/raw/dlgs_163_2006_art_012.html,Normattiva,dlgs_163_2006,012,urn:nir:stato:decreto.legislativo:2006-04-12;163,,2006-05-02,006G0184,9,2026-04,True,4742,fa0232852c790d508d3b3c2fb99f6eef4bb708b370405016d3f0f60be0ffaa6b
data/output/appalti_it/raw/dlgs_163_2006_art_013.html,Normattiva,dlgs_163_2006,013,urn:nir:stato:decreto.legislativo:2006-04-12;163,,2006-05-02,006G0184,2,2026-04,True,4742,1ab6b3b1c51fe393c4b2e4fa77cb027b0ae833e75f17d5a7290c95b4f0386199
data/output/appalti_it/raw/dlgs_163_2006_art_014.html,Normattiva,dlgs_163_2006,014,urn:nir:stato:decreto.legislativo:2006-04-12;163,,2006-05-02,006G0184,3,2026-04,True,4742,47365fd572ab1839ce9d0d2292ac3b539f8283f5d6295707cc4b6668e3a27a69
data/output/appalti_it/raw/dlgs_163_2006_art_015.html,Normattiva,dlgs_163_2006,015,urn:nir:stato:decreto.legislativo:2006-04-12;163,,2006-05-02,006G0184,2,2026-04,True,4742,f6cedc130fb4ebedc577cf0f8562ba0fc2cbc7389c124dfed241e2aea06ddf4d
data/output/appalti_it/raw/dlgs_163_2006_art_016.html,Normattiva,dlgs_163_2006,016,urn:nir:stato:decreto.legislativo:2006-04-12;163,,2006-05-02,006G0184,2,2026-04,True,4742,b312333057d828ce9205fd155967ac90b73e1ff350334da2729dccd98386f44b
data/output/appalti_it/raw/dlgs_163_2006_art_017.html,Normattiva,dlgs_163_2006,017,urn:nir:stato:decreto.legislativo:2006-04-12;163,,2006-05-02,006G0184,3,2026-04,True,4742,65e45232e4ce8e2e42aae738d5d420ade60f040c92b5a3f606285cf790de0e23
data/output/appalti_it/raw/dlgs_163_2006_art_018.html,Normattiva,dlgs_163_2006,018,urn:nir:stato:decreto.legislativo:2006-04-12;163,,2006-05-02,006G0184,7,2026-04,True,4742,b80b178d319a77b5d7591e9e85bc26e0d97464d80b9f83c702c7f6216a617683
data/output/appalti_it/raw/dlgs_163_2006_art_019.html,Normattiva,dlgs_163_2006,019,urn:nir:stato:decreto.legislativo:2006-04-12;163,,2006-05-02,006G0184,3,2026-04,True,4742,23c8e6218f8573096f595d082072515025f925db0dc68425d4e03ba33ac79f1a
data/output/appalti_it/raw/dlgs_163_2006_art_020.html,Normattiva,dlgs_163_2006,020,urn:nir:stato:decreto.legislativo:2006-04-12;163,,2006-05-02,006G0184,2,2026-04,True,4742,2d5bca38eefb4c553679ef6c7e87c8ae1b86993ae7092dab49ccc90af679a941
data/output/appalti_it/raw/dlgs_163_2006_art_021.html,Normattiva,dlgs_163_2006,021,urn:nir:stato:decreto.legislativo:2006-04-12;163,,2006-05-02,006G0184,2,2026-04,True,4742,9801fe18f0084ba4dfef6e957503edc6ac3bbca4d5025693b7c8b12e47c26220
data/output/appalti_it/raw/dlgs_163_2006_art_022.html,Normattiva,dlgs_163_2006,022,urn:nir:stato:decreto.legislativo:2006-04-12;163,,2006-05-02,006G0184,3,2026-04,True,4742,c734c0885c032d67f495537bdc1f9ad8cf21409be762fdbbeee40ec25f0558e6
data/output/appalti_it/raw/dlgs_163_2006_art_023.html,Normattiva,dlgs_163_2006,023,urn:nir:stato:decreto.legislativo:2006-04-12;163,,2006-05-02,006G0184,2,2026-04,True,4742,0add161e93c393509d546f493559b672b41019fede217ad7bfab4277ad31f5b0
data/output/appalti_it/raw/dlgs_163_2006_art_024.html,Normattiva,dlgs_163_2006,024,urn:nir:stato:decreto.legislativo:2006-04-12;163,,2006-05-02,006G0184,2,2026-04,True,4742,22999c2f33fe74b17afa1e204e7cdb4491803bb52d526c7e230d1865fa9ba542
data/output/appalti_it/raw/dlgs_163_2006_art_025.html,Normattiva,dlgs_163_2006,025,urn:nir:stato:decreto.legislativo:2006-04-12;163,,2006-05-02,006G0184,3,2026-04,True,4742,3b5cbf26e267fedb5388fdb2b33fa3229129277ebe0aae33cab4debdfd85ad5c
data/output/appalti_it/raw/dlgs_163_2006_art_026.html,Normattiva,dlgs_163_2006,026,urn:nir:stato:decreto.legislativo:2006-04-12;163,,2006-05-02,006G0184,2,2026-04,True,4742,b36808db565e69cc94574836b9f3a52509fca231272c8f74d8a7263a89669720
data/output/appalti_it/raw/dlgs_163_2006_art_027.html,Normattiva,dlgs_163_2006,027,urn:nir:stato:decreto.legislativo:2006-04-12;163,,2006-05-02,006G0184,4,2026-04,True,4742,d51facfa24ca0fcb625766da2aa3b4e874f75f67ab742d815daa59af152a2afe
data/output/appalti_it/raw/dlgs_163_2006_art_028.html,Normattiva,dlgs_163_2006,028,urn:nir:stato:decreto.legislativo:2006-04-12;163,,2006-05-02,006G0184,4,2026-04,True,4742,7a4d1d7f9dfbcce662eab028ea8db458983b8b3848dff34b7a9cc8c29b94c643
data/output/appalti_it/raw/dlgs_163_2006_art_029.html,Normattiva,dlgs_163_2006,029,urn:nir:stato:decreto.legislativo:2006-04-12;163,,2006-05-02,006G0184,2,2026-04,True,4742,c217c03d1afe733041a1588e030a6907eb83e5d0374c5e0fb03806dbe074812b
data/output/appalti_it/raw/dlgs_163_2006_art_030.html,Normattiva,dlgs_163_2006,030,urn:nir:stato:decreto.legislativo:2006-04-12;163,,2006-05-02,006G0184,2,2026-04,True,4742,26d1475672373e747f43b3245a0c6644217bb34fe278bfe26c5af5525a9d6442
data/output/appalti_it/raw/dlgs_163_2006_art_031.html,Normattiva,dlgs_163_2006,031,urn:nir:stato:decreto.legislativo:2006-04-12;163,,2006-05-02,006G0184,2,2026-04,True,4742,863d1a031f002a20725a9252c7803a5251d3a140dd4ea4d55a2d069d9be1ef35
data/output/appalti_it/raw/dlgs_163_2006_art_032.html,Normattiva,dlgs_163_2006,032,urn:nir:stato:decreto.legislativo:2006-04-12;163,,2006-05-02,006G0184,2,2026-04,True,4744,1d9151996a50c638762221a9908a827656dcebb09b519b62c54e5db435b6ce86
data/output/appalti_it/raw/dlgs_163_2006_art_033.html,Normattiva,dlgs_163_2006,033,urn:nir:stato:decreto.legislativo:2006-04-12;163,,2006-05-02,006G0184,4,2026-04,True,4744,a2a151e7707f6eb1991236ecece053fd589db2b2665e77ef39bef2722452db90
data/output/appalti_it/raw/dlgs_163_2006_art_034.html,Normattiva,dlgs_163_2006,034,urn:nir:stato:decreto.legislativo:2006-04-12;163,,2006-05-02,006G0184,13,2026-04,True,4744,a3375ff26882efe60371ea009424232e8d6e7732646fef6f511e445b8df94359
data/output/appalti_it/raw/dlgs_163_2006_art_035.html,Normattiva,dlgs_163_2006,035,urn:nir:stato:decreto.legislativo:2006-04-12;163,,2006-05-02,006G0184,6,2026-04,True,4742,2caad6724018b3e17589519b7dbc5f0ba92913a9c1a55dee501cf3c1278cc1a4
data/output/appalti_it/raw/dlgs_163_2006_art_036.html,Normattiva,dlgs_163_2006,036,urn:nir:stato:decreto.legislativo:2006-04-12;163,,2006-05-02,006G0184,2,2026-04,True,4742,fe90228e305d212bb59cff2ba12b2123496b0e5051c1d313af5043b4d25a8bb8
data/output/appalti_it/raw/dlgs_163_2006_art_037.html,Normattiva,dlgs_163_2006,037,urn:nir:stato:decreto.legislativo:2006-04-12;163,,2006-05-02,006G0184,5,2026-04,True,4744,c8e35eee82a4249cf1d378d5cdae3114a73ba389d936eaa1b7a60da64f2bdcc6
data/output/appalti_it/raw/dlgs_163_2006_art_038.html,Normattiva,dlgs_163_2006,038,urn:nir:stato:decreto.legislativo:2006-04-12;163,,2006-05-02,006G0184,9,2026-04,True,4744,3051b489330662e63b0d9a4fb32dae7d0e67f0d370b5e46f25278c2f0ec07b46
data/output/appalti_it/raw/dlgs_163_2006_art_039.html,Normattiva,dlgs_163_2006,039,urn:nir:stato:decreto.legislativo:2006-04-12;163,,2006-05-02,006G0184,12,2026-04,True,4744,5e88d3ceed2fc5fef60700bda460c86ec4270e8a93edc45f4b59f3d74d0b845e
data/output/appalti_it/raw/dlgs_163_2006_art_040.html,Normattiva,dlgs_163_2006,040,urn:nir:stato:decreto.legislativo:2006-04-12;163,,2006-05-02,006G0184,2,2026-04,True,4742,d3f99cd7f68a2d1714eaa1a088242f8f89917cd645aacebbd1f55e8a5dd322e9
data/output/appalti_it/raw/dlgs_163_2006_art_041.html,Normattiva,dlgs_163_2006,041,urn:nir:stato:decreto.legislativo:2006-04-12;163,,2006-05-02,006G0184,6,2026-04,True,4742,dc6a56b10528c825699d1d8acaf6ee2e0221eb8a48f380a78f0126035097fb9f
data/output/appalti_it/raw/dlgs_163_2006_art_042.html,Normattiva,dlgs_163_2006,042,urn:nir:stato:decreto.legislativo:2006-04-12;163,,2006-05-02,006G0184,4,2026-04,True,4742,c18c8c101bace1acc66ea3869581ba5bd0b0680872cb64de81447703109a28ea
data/output/appalti_it/raw/dlgs_163_2006_art_043.html,Normattiva,dlgs_163_2006,043,urn:nir:stato:decreto.legislativo:2006-04-12;163,,2006-05-02,006G0184,5,2026-04,True,4742,7137c92990cddffee7dc752aacd8644990dafeba121e0e2db4614aa77748bf31
data/output/appalti_it/raw/dlgs_163_2006_art_044.html,Normattiva,dlgs_163_2006,044,urn:nir:stato:decreto.legislativo:2006-04-12;163,,2006-05-02,006G0184,2,2026-04,True,4742,d51b1ef08604de5a712f616e2f957d5a199f7462a0be6db5d3a4887d5a0d7a1c
data/output/appalti_it/raw/dlgs_163_2006_art_045.html,Normattiva,dlgs_163_2006,045,urn:nir:stato:decreto.legislativo:2006-04-12;163,,2006-05-02,006G0184,2,2026-04,True,4742,48896231698edda2d5ebc2ce9b31c651df5c4babb1725b4ad1d816bd798887c8
data/output/appalti_it/raw/dlgs_163_2006_art_046.html,Normattiva,dlgs_163_2006,046,urn:nir:stato:decreto.legislativo:2006-04-12;163,,2006-05-02,006G0184,3,2026-04,True,4742,5710882884fb6a932c4d07f81f55370c2a05443154b9b1f54d58eb27d8972eb1
data/output/appalti_it/raw/dlgs_163_2006_art_047.html,Normattiva,dlgs_163_2006,047,urn:nir:stato:decreto.legislativo:2006-04-12;163,,2006-05-02,006G0184,4,2026-04,True,4742,d0a6dea4e4da6d08f75ada6cd836e07c5b1b01f785d4eb060ae29dda5cab3ecc
data/output/appalti_it/raw/dlgs_163_2006_art_048.html,Normattiva,dlgs_163_2006,048,urn:nir:stato:decreto.legislativo:2006-04-12;163,,2006-05-02,006G0184,3,2026-04,True,4742,b0e46f6f1cc33ed2379b9de488bd9ac1c9f94d3bd4db9c0587ff61038c4a35c9
data/output/appalti_it/raw/dlgs_163_2006_art_049.html,Normattiva,dlgs_163_2006,049,urn:nir:stato:decreto.legislativo:2006-04-12;163,,2006-05-02,006G0184,7,2026-04,True,4742,adfd75968990703f13815e009efd9eeac31ef97f943d78a0f4005a27e99858dd
data/output/appalti_it/raw/dlgs_163_2006_art_050.html,Normattiva,dlgs_163_2006,050,urn:nir:stato:decreto.legislativo:2006-04-12;163,,2006-05-02,006G0184,8,2026-04,True,4742,f194ec5a7eb3f276166e7f605e24175a50fdc7eeb829a16c4ba440ffcdf4ebcc
data/output/appalti_it/raw/dlgs_163_2006_art_051.html,Normattiva,dlgs_163_2006,051,urn:nir:stato:decreto.legislativo:2006-04-12;163,,2006-05-02,006G0184,3,2026-04,True,4742,c96827d0290da92f938d98feb91a4600a5f5afecf8439df8154852303f1f26e5
data/output/appalti_it/raw/dlgs_163_2006_art_052.html,Normattiva,dlgs_163_2006,052,urn:nir:stato:decreto.legislativo:2006-04-12;163,,2006-05-02,006G0184,2,2026-04,True,4742,edc02fec1f6e6d754aa73a6d0ba9fbad2b091ee7ece10569a510999ee4efaf6c
data/output/appalti_it/raw/dlgs_163_2006_art_053.html,Normattiva,dlgs_163_2006,053,urn:nir:stato:decreto.legislativo:2006-04-12;163,,2006-05-02,006G0184,2,2026-04,True,4742,67411a795140d43ffc437bbd95f73e7d2cf22dd4e32215aafc59248e6d65ff39
data/output/appalti_it/raw/dlgs_163_2006_art_054.html,Normattiva,dlgs_163_2006,054,urn:nir:stato:decreto.legislativo:2006-04-12;163,,2006-05-02,006G0184,4,2026-04,True,4742,756d0952da9405b01021f4966fee1ebae6c3bef65c92d95bb8b6e3124f3dc54e
data/output/appalti_it/raw/dlgs_163_2006_art_055.html,Normattiva,dlgs_163_2006,055,urn:nir:stato:decreto.legislativo:2006-04-12;163,,2006-05-02,006G0184,3,2026-04,True,4742,9a2ab07fd07cfb71151871ce45e895d445650b137a25ee8215c0cba8d620a187
data/output/appalti_it/raw/dlgs_163_2006_art_056.html,Normattiva,dlgs_163_2006,056,urn:nir:stato:decreto.legislativo:2006-04-12;163,,2006-05-02,006G0184,4,2026-04,True,4742,f73522c38847eae96937596a02268ee3561b4ffa228d6ab1c74af7301790d587
data/output/appalti_it/raw/dlgs_163_2006_art_057.html,Normattiva,dlgs_163_2006,057,urn:nir:stato:decreto.legislativo:2006-04-12;163,,2006-05-02,006G0184,4,2026-04,True,4742,0f556231394a215f94e427a4aeee716eb0ba5d7204fb15b57a31782d4b72b0da
data/output/appalti_it/raw/dlgs_163_2006_art_058.html,Normattiva,dlgs_163_2006,058,urn:nir:stato:decreto.legislativo:2006-04-12;163,,2006-05-02,006G0184,5,2026-04,True,4742,021109e2d7b9e297dab34892e2469b5d2de23cbe4eb8d2d23d9114a9b4254566
data/output/appalti_it/raw/dlgs_163_2006_art_059.html,Normattiva,dlgs_163_2006,059,urn:nir:stato:decreto.legislativo:2006-04-12;163,,2006-05-02,006G0184,5,2026-04,True,4742,de0630d3406ff7de0b560a65a85544fed9aa6c2011a95a3136db513ed522c8bc
data/output/appalti_it/raw/dlgs_163_2006_art_060.html,Normattiva,dlgs_163_2006,060,urn:nir:stato:decreto.legislativo:2006-04-12;163,,2006-05-02,006G0184,3,2026-04,True,4742,d52dd381dbd6e00704273d297a700084ed78b4ba43e892c0e50575b2add7ccf1
data/output/appalti_it/raw/dlgs_163_2006_art_061.html,Normattiva,dlgs_163_2006,061,urn:nir:stato:decreto.legislativo:2006-04-12;163,,2006-05-02,006G0184,2,2026-04,True,4742,c4fcd6a4562e09008aeaada2d7ca302ebfced73a865fe781d0094f97c6e31aa7
data/output/appalti_it/raw/dlgs_163_2006_art_062.html,Normattiva,dlgs_163_2006,062,urn:nir:stato:decreto.legislativo:2006-04-12;163,,2006-05-02,006G0184,2,2026-04,True,4742,4d188912e99d9c43247f28bc8f44cc5adeef1fc72affa40bdbc0e9059dfdb8c9
data/output/appalti_it/raw/dlgs_163_2006_art_063.html,Normattiva,dlgs_163_2006,063,urn:nir:stato:decreto.legislativo:2006-04-12;163,,2006-05-02,006G0184,4,2026-04,True,4742,c0bbf148006f0e29b701d64d9602ab510db549eefb5c2dab67301082a59322e6
data/output/appalti_it/raw/dlgs_163_2006_art_064.html,Normattiva,dlgs_163_2006,064,urn:nir:stato:decreto.legislativo:2006-04-12;163,,2006-05-02,006G0184,2,2026-04,True,4742,32ac71d371ffa32f113ef63547138cd84340fa661bca6e22999ea60c2112eb4f
data/output/appalti_it/raw/dlgs_163_2006_art_065.html,Normattiva,dlgs_163_2006,065,urn:nir:stato:decreto.legislativo:2006-04-12;163,,2006-05-02,006G0184,5,2026-04,True,4742,3bfbb96d4994c2a56e8461ffaff90aa45befb1d377d1d8d3e13afd83f4f6f6b5
data/output/appalti_it/raw/dlgs_163_2006_art_066.html,Normattiva,dlgs_163_2006,066,urn:nir:stato:decreto.legislativo:2006-04-12;163,,2006-05-02,006G0184,4,2026-04,True,4742,f8647ea2b6a82bc7b89e2cf4f6a9740fa877681da5de470c832923cf413e6281
data/output/appalti_it/raw/dlgs_163_2006_art_067.html,Normattiva,dlgs_163_2006,067,urn:nir:stato:decreto.legislativo:2006-04-12;163,,2006-05-02,006G0184,5,2026-04,True,4742,d98ee8d0959ea0e902df322a7e01c38f193516cb56df460b80a62466297adfbf
data/output/appalti_it/raw/dlgs_163_2006_art_068.html,Normattiva,dlgs_163_2006,068,urn:nir:stato:decreto.legislativo:2006-04-12;163,,2006-05-02,006G0184,2,2026-04,True,4742,4c4c4b3dd3e9f531d41e66e427ea3459ab19a72a6024c8b0d920024b17c798a9
data/output/appalti_it/raw/dlgs_163_2006_art_069.html,Normattiva,dlgs_163_2006,069,urn:nir:stato:decreto.legislativo:2006-04-12;163,,2006-05-02,006G0184,2,2026-04,True,4742,ffa85a34f77cdcd518bfce197fd7f5954e155aca5e77fa42bcdc95122fe87e08
data/output/appalti_it/raw/dlgs_163_2006_art_070.html,Normattiva,dlgs_163_2006,070,urn:nir:stato:decreto.legislativo:2006-04-12;163,,2006-05-02,006G0184,2,2026-04,True,4742,1a3d422aed645e3e4b4bb2049767dc3baafd86a520962c2ea1f901e08b282789
data/output/appalti_it/raw/dlgs_163_2006_art_071.html,Normattiva,dlgs_163_2006,071,urn:nir:stato:decreto.legislativo:2006-04-12;163,,2006-05-02,006G0184,7,2026-04,True,4742,f35c2b47de79fcbcd899c637297607558d565bdc1e1ab3c79f70718ece0e9d52
data/output/appalti_it/raw/dlgs_163_2006_art_072.html,Normattiva,dlgs_163_2006,072,urn:nir:stato:decreto.legislativo:2006-04-12;163,,2006-05-02,006G0184,3,2026-04,True,4742,c966f4e1556a718738e26e755a38df17ee8eebb33108f9a5611c03f0631f391e
data/output/appalti_it/raw/dlgs_163_2006_art_073.html,Normattiva,dlgs_163_2006,073,urn:nir:stato:decreto.legislativo:2006-04-12;163,,2006-05-02,006G0184,3,2026-04,True,4742,49367523e98dbe3abb6780ba36ab2d84f91feda04bb0fc5d1f13dc1b033d4952
data/output/appalti_it/raw/dlgs_163_2006_art_074.html,Normattiva,dlgs_163_2006,074,urn:nir:stato:decreto.legislativo:2006-04-12;163,,2006-05-02,006G0184,3,2026-04,True,4742,89caced2581db95d73a4db07626223f58df03efe64a2dda7606725961ae5479a
data/output/appalti_it/raw/dlgs_163_2006_art_075.html,Normattiva,dlgs_163_2006,075,urn:nir:stato:decreto.legislativo:2006-04-12;163,,2006-05-02,006G0184,5,2026-04,True,4742,60d7fe1b0009c03f8e7a291f1c819d9aeffc7b3b7ddc8372d2603cd22b184ab6
data/output/appalti_it/raw/dlgs_163_2006_art_076.html,Normattiva,dlgs_163_2006,076,urn:nir:stato:decreto.legislativo:2006-04-12;163,,2006-05-02,006G0184,7,2026-04,True,4742,e765b92f7f12e2bf97e29754849b19403e10bb90e5815e0e984408ddf78e61b1
data/output/appalti_it/raw/dlgs_163_2006_art_077.html,Normattiva,dlgs_163_2006,077,urn:nir:stato:decreto.legislativo:2006-04-12;163,,2006-05-02,006G0184,2,2026-04,True,4742,63fc6d392d5079155f075abe6aa90b90a615abb65f0b4e0c00a16543af74fa1f
data/output/appalti_it/raw/dlgs_163_2006_art_078.html,Normattiva,dlgs_163_2006,078,urn:nir:stato:decreto.legislativo:2006-04-12;163,,2006-05-02,006G0184,3,2026-04,True,4742,5a5363b80bc9736ebfdc9f808291518afd0fcc758e47769d37a6a52f6cff4018
data/output/appalti_it/raw/dlgs_163_2006_art_079.html,Normattiva,dlgs_163_2006,079,urn:nir:stato:decreto.legislativo:2006-04-12;163,,2006-05-02,006G0184,2,2026-04,True,4742,6c86ea0a63af784351070c561c451decb5e1d4bb7865ed0158658cf461e61ef3
data/output/appalti_it/raw/dlgs_163_2006_art_080.html,Normattiva,dlgs_163_2006,080,urn:nir:stato:decreto.legislativo:2006-04-12;163,,2006-05-02,006G0184,2,2026-04,True,4742,f6cfb781c296d54ce855bcba75169e9dc5497fb5719bdbaf284abe79fbd8c9cd
data/output/appalti_it/raw/dlgs_163_2006_art_081.html,Normattiva,dlgs_163_2006,081,urn:nir:stato:decreto.legislativo:2006-04-12;163,,2006-05-02,006G0184,2,2026-04,True,4742,72c981d72c04ec7a433b82681ab2633180a8a96a0b73a96d6d9550830eae688b
data/output/appalti_it/raw/dlgs_163_2006_art_082.html,Normattiva,dlgs_163_2006,082,urn:nir:stato:decreto.legislativo:2006-04-12;163,,2006-05-02,006G0184,4,2026-04,True,4742,b691093a0142dec779a79949803ab00080a0e4bdfc4d434aee312f3bdbc36eb4
data/output/appalti_it/raw/dlgs_163_2006_art_083.html,Normattiva,dlgs_163_2006,083,urn:nir:stato:decreto.legislativo:2006-04-12;163,,2006-05-02,006G0184,3,2026-04,True,4742,49074b62ff9799e7667fe8baea5149a01d950d4a0a4e7a23914a8200e7682210
data/output/appalti_it/raw/dlgs_163_2006_art_084.html,Normattiva,dlgs_163_2006,084,urn:nir:stato:decreto.legislativo:2006-04-12;163,,2006-05-02,006G0184,6,2026-04,True,4742,fac1a111edd308b49b9cac97afb9f6368d2b0549918b4df395bb3c265d34379e
data/output/appalti_it/raw/dlgs_163_2006_art_085.html,Normattiva,dlgs_163_2006,085,urn:nir:stato:decreto.legislativo:2006-04-12;163,,2006-05-02,006G0184,4,2026-04,True,4742,f76fd7012f58186144bca9bdb1e829f16862a5727956bfcb7759b7a4ad06f66b
data/output/appalti_it/raw/dlgs_163_2006_art_086.html,Normattiva,dlgs_163_2006,086,urn:nir:stato:decreto.legislativo:2006-04-12;163,,2006-05-02,006G0184,3,2026-04,True,4742,388e7b306f9e6bec60d90bca5045f05679480e1c3b764510234cde04e8b19afb
data/output/appalti_it/raw/dlgs_163_2006_art_087.html,Normattiva,dlgs_163_2006,087,urn:nir:stato:decreto.legislativo:2006-04-12;163,,2006-05-02,006G0184,5,2026-04,True,4742,704a0989fc6d3cd525fbdc67e0606d616978b2bff35764681a7b72ae72565b3d
data/output/appalti_it/raw/dlgs_163_2006_art_088.html,Normattiva,dlgs_163_2006,088,urn:nir:stato:decreto.legislativo:2006-04-12;163,,2006-05-02,006G0184,6,2026-04,True,4742,9a9c1b3a9a676fb91b220b346e84551c2096dc8adfab709d9765ef318222541a
data/output/appalti_it/raw/dlgs_163_2006_art_089.html,Normattiva,dlgs_163_2006,089,urn:nir:stato:decreto.legislativo:2006-04-12;163,,2006-05-02,006G0184,4,2026-04,True,4744,783b4bb32035be2f179c84f5a28a7860c3c52f8dc71b3d7bf67ca9972b30de4b
data/output/appalti_it/raw/dlgs_163_2006_art_090.html,Normattiva,dlgs_163_2006,090,urn:nir:stato:decreto.legislativo:2006-04-12;163,,2006-05-02,006G0184,3,2026-04,True,4744,4cffde00e85c4eaa871f8ca2729fb63f4ce3748a9e917e5b55e3a66e23ca6802
data/output/appalti_it/raw/dlgs_163_2006_art_091.html,Normattiva,dlgs_163_2006,091,urn:nir:stato:decreto.legislativo:2006-04-12;163,,2006-05-02,006G0184,4,2026-04,True,4746,b793d53d5f4d8ecbb08bd1e94155cc41fa39af0591cc4e1d3c55e012965a223b
data/output/appalti_it/raw/dlgs_163_2006_art_092.html,Normattiva,dlgs_163_2006,092,urn:nir:stato:decreto.legislativo:2006-04-12;163,,2006-05-02,006G0184,6,2026-04,True,4746,aa92dc07731baf4269754b1429fadd97a97999c86597d8255a7d193b87dfc778
data/output/appalti_it/raw/dlgs_163_2006_art_093.html,Normattiva,dlgs_163_2006,093,urn:nir:stato:decreto.legislativo:2006-04-12;163,,2006-05-02,006G0184,7,2026-04,True,4746,04304889b9fee20606592e98936c0a74a8e21d08cab09c03110621fd7a690415
data/output/appalti_it/raw/dlgs_163_2006_art_094.html,Normattiva,dlgs_163_2006,094,urn:nir:stato:decreto.legislativo:2006-04-12;163,,2006-05-02,006G0184,4,2026-04,True,4746,79b40d1ce1db147495f82052a67c3c449fb992c2ce623e07c02284d3139bea2c
data/output/appalti_it/raw/dlgs_163_2006_art_095.html,Normattiva,dlgs_163_2006,095,urn:nir:stato:decreto.legislativo:2006-04-12;163,,2006-05-02,006G0184,2,2026-04,True,4746,88ef1e164c18219b01bffcb32ccd1ac5cc5e70cb127a488f9f249e6cbc96c505
data/output/appalti_it/raw/dlgs_163_2006_art_096.html,Normattiva,dlgs_163_2006,096,urn:nir:stato:decreto.legislativo:2006-04-12;163,,2006-05-02,006G0184,2,2026-04,True,4746,772e47e13e75fab346a6f2925e90658ed46611aab17fc2d08a6e0603677ecd7e
data/output/appalti_it/raw/dlgs_163_2006_art_097.html,Normattiva,dlgs_163_2006,097,urn:nir:stato:decreto.legislativo:2006-04-12;163,,2006-05-02,006G0184,3,2026-04,True,4746,58a0302c065a34715d1deb43954e5830a805195e3f24d7657b5b203465d67ec5
data/output/appalti_it/raw/dlgs_163_2006_art_098.html,Normattiva,dlgs_163_2006,098,urn:nir:stato:decreto.legislativo:2006-04-12;163,,2006-05-02,006G0184,3,2026-04,True,4746,a942940c15c04418442243b02921a314bd57dc2f3324dbdbfb82934dad366c3c
data/output/appalti_it/raw/dlgs_163_2006_art_099.html,Normattiva,dlgs_163_2006,099,urn:nir:stato:decreto.legislativo:2006-04-12;163,,2006-05-02,006G0184,3,2026-04,True,4748,774b8bc784670587f7d4ce067cd28b0b90d2c7c593054344055d224095a22911
data/output/appalti_it/raw/dlgs_163_2006_art_100.html,Normattiva,dlgs_163_2006,100,urn:nir:stato:decreto.legislativo:2006-04-12;163,,2006-05-02,006G0184,2,2026-04,True,4752,3b95b36eba096ae21a5fbac3e24093451517dd1e3bd09ede7bb6b1a97a35cc94
data/output/appalti_it/raw/dlgs_163_2006_art_101.html,Normattiva,dlgs_163_2006,101,urn:nir:stato:decreto.legislativo:2006-04-12;163,,2006-05-02,006G0184,2,2026-04,True,4754,c7b144a972758cd6db51e3d69d116e6261d400fe4e2aef273ef4be65b95a4f18
data/output/appalti_it/raw/dlgs_163_2006_art_102.html,Normattiva,dlgs_163_2006,102,urn:nir:stato:decreto.legislativo:2006-04-12;163,,2006-05-02,006G0184,3,2026-04,True,4754,69b0d4d81076aa2e2570448728c4775d7501c3a9f0802509ec3e3a13bab1fd10
data/output/appalti_it/raw/dlgs_163_2006_art_103.html,Normattiva,dlgs_163_2006,103,urn:nir:stato:decreto.legislativo:2006-04-12;163,,2006-05-02,006G0184,3,2026-04,True,4754,f5ec6ceb616c4fbda198cd5c629f18a65068502bd847c5eb5ea1a60337b802ae
data/output/appalti_it/raw/dlgs_163_2006_art_104.html,Normattiva,dlgs_163_2006,104,urn:nir:stato:decreto.legislativo:2006-04-12;163,,2006-05-02,006G0184,2,2026-04,True,4754,4390fefa5e05544dcb04665c9f38f96cab687a56a993a03086854b6d874485d4
data/output/appalti_it/raw/dlgs_163_2006_art_105.html,Normattiva,dlgs_163_2006,105,urn:nir:stato:decreto.legislativo:2006-04-12;163,,2006-05-02,006G0184,2,2026-04,True,4754,122b147e8c7ee3a9c8c85d33ba30b44c62b974ccf196aa730ab940fdb049cf30
data/output/appalti_it/raw/dlgs_163_2006_art_106.html,Normattiva,dlgs_163_2006,106,urn:nir:stato:decreto.legislativo:2006-04-12;163,,2006-05-02,006G0184,2,2026-04,True,4754,a727b594a015749562a4f694cc147b5b6ac94173b9fd9614f8076896f8c939bb
data/output/appalti_it/raw/dlgs_163_2006_art_107.html,Normattiva,dlgs_163_2006,107,urn:nir:stato:decreto.legislativo:2006-04-12;163,,2006-05-02,006G0184,2,2026-04,True,4754,fb51363cefa7ba79cc6d39e884aef3d7dd601af812afae9cd7e15680679c6178
data/output/appalti_it/raw/dlgs_163_2006_art_108.html,Normattiva,dlgs_163_2006,108,urn:nir:stato:decreto.legislativo:2006-04-12;163,,2006-05-02,006G0184,2,2026-04,True,4754,63d166f876a9b9b8d038d83e054111947091a7296aabcc2514b2c948fefac556
data/output/appalti_it/raw/dlgs_163_2006_art_109.html,Normattiva,dlgs_163_2006,109,urn:nir:stato:decreto.legislativo:2006-04-12;163,,2006-05-02,006G0184,2,2026-04,True,4754,8d34d5f93020d566edfbbb5e795ed800b965cded09b54ea6ac2a3af72cdaba12
data/output/appalti_it/raw/dlgs_163_2006_art_110.html,Normattiva,dlgs_163_2006,110,urn:nir:stato:decreto.legislativo:2006-04-12;163,,2006-05-02,006G0184,2,2026-04,True,4754,b3b2c887cc57305b26e9e6c7c60d128e6361f40a81f3a19e527417bbc5d2ce80
data/output/appalti_it/raw/dlgs_163_2006_art_111.html,Normattiva,dlgs_163_2006,111,urn:nir:stato:decreto.legislativo:2006-04-12;163,,2006-05-02,006G0184,3,2026-04,True,4754,1ae7be47221ccae658b41092b799196542c553a507bba88a350a07bd22908ad4
data/output/appalti_it/raw/dlgs_163_2006_art_112.html,Normattiva,dlgs_163_2006,112,urn:nir:stato:decreto.legislativo:2006-04-12;163,,2006-05-02,006G0184,2,2026-04,True,4754,b4fecddca1aa56b69a1053ebb510d2aed60af14299e715cd2374c6aa2a8266f8
data/output/appalti_it/raw/dlgs_163_2006_art_113.html,Normattiva,dlgs_163_2006,113,urn:nir:stato:decreto.legislativo:2006-04-12;163,,2006-05-02,006G0184,2,2026-04,True,4754,9efbb08bdfea4011ee03a0e8ec676193cc83103801af2eccfa4de168c9b02e1b
data/output/appalti_it/raw/dlgs_163_2006_art_114.html,Normattiva,dlgs_163_2006,114,urn:nir:stato:decreto.legislativo:2006-04-12;163,,2006-05-02,006G0184,6,2026-04,True,4754,cbfc3028890c8acd3c4d061be5e17003b54d6692cda54ff4339a64ee84549bc8
data/output/appalti_it/raw/dlgs_163_2006_art_115.html,Normattiva,dlgs_163_2006,115,urn:nir:stato:decreto.legislativo:2006-04-12;163,,2006-05-02,006G0184,2,2026-04,True,4754,015e64401ca4b845ad2df2605e89ca554383b6aad788639e2bfd428fe3c47535
data/output/appalti_it/raw/dlgs_163_2006_art_116.html,Normattiva,dlgs_163_2006,116,urn:nir:stato:decreto.legislativo:2006-04-12;163,,2006-05-02,006G0184,2,2026-04,True,4754,c76fe45244da9e2035c89322038b841563e08cda08dce451e13957beb2c575f7
data/output/appalti_it/raw/dlgs_163_2006_art_117.html,Normattiva,dlgs_163_2006,117,urn:nir:stato:decreto.legislativo:2006-04-12;163,,2006-05-02,006G0184,2,2026-04,True,4754,94e435af73ca6d1d08c53f3360990bf4992ff7ed054b63a163e6869c5bb92dd8
data/output/appalti_it/raw/dlgs_163_2006_art_118.html,Normattiva,dlgs_163_2006,118,urn:nir:stato:decreto.legislativo:2006-04-12;163,,2006-05-02,006G0184,3,2026-04,True,4754,7b321f4848dee992e44601621e0351c7c9de82e379c8104652f92bc973cf9629
data/output/appalti_it/raw/dlgs_163_2006_art_119.html,Normattiva,dlgs_163_2006,119,urn:nir:stato:decreto.legislativo:2006-04-12;163,,2006-05-02,006G0184,9,2026-04,True,4754,b3dec84150ba9f8ba42294bb8e638c83f5b107b9e9c5e6013f599d23c5447718
data/output/appalti_it/raw/dlgs_163_2006_art_120.html,Normattiva,dlgs_163_2006,120,urn:nir:stato:decreto.legislativo:2006-04-12;163,,2006-05-02,006G0184,2,2026-04,True,4754,96452a17a7e5106d47e43bab6b4192d3ff9175f7d5c76f8ddcf2a750cdc23b30
data/output/appalti_it/raw/dlgs_163_2006_art_121.html,Normattiva,dlgs_163_2006,121,urn:nir:stato:decreto.legislativo:2006-04-12;163,,2006-05-02,006G0184,3,2026-04,True,4756,b6ff15ddc99ab5f447ec2e8fac4af07b04f4d9a9ed6c2194e9009589c8a21f4d
data/output/appalti_it/raw/dlgs_163_2006_art_122.html,Normattiva,dlgs_163_2006,122,urn:nir:stato:decreto.legislativo:2006-04-12;163,,2006-05-02,006G0184,2,2026-04,True,4756,6959b44bee273ab34adbb134f93a95866b331ed1856a8bf343931b686db13b7f
data/output/appalti_it/raw/dlgs_163_2006_art_123.html,Normattiva,dlgs_163_2006,123,urn:nir:stato:decreto.legislativo:2006-04-12;163,,2006-05-02,006G0184,10,2026-04,True,4756,c0eebb83f657740438c97b818212368ac81c40c47cec17422d1240a3f9bb2aa5
data/output/appalti_it/raw/dlgs_163_2006_art_124.html,Normattiva,dlgs_163_2006,124,urn:nir:stato:decreto.legislativo:2006-04-12;163,,2006-05-02,006G0184,4,2026-04,True,4754,ce26b2b8e93f735cbbdc0c9fa450acf79dccb5a0d1dd791edb29ada21d8b2671
data/output/appalti_it/raw/dlgs_163_2006_art_125.html,Normattiva,dlgs_163_2006,125,urn:nir:stato:decreto.legislativo:2006-04-12;163,,2006-05-02,006G0184,6,2026-04,True,4754,96697b67fce984389e65e3a478ce6f27fe46a4eb6bfaf53a7fde014d136ff564
data/output/appalti_it/raw/dlgs_163_2006_art_126.html,Normattiva,dlgs_163_2006,126,urn:nir:stato:decreto.legislativo:2006-04-12;163,,2006-05-02,006G0184,4,2026-04,True,4754,cbdfb36398b0eef6d3c4212a294504d94b0486719cda882c376acfc18bff5193
data/output/appalti_it/raw/dlgs_163_2006_art_127.html,Normattiva,dlgs_163_2006,127,urn:nir:stato:decreto.legislativo:2006-04-12;163,,2006-05-02,006G0184,2,2026-04,True,4754,f0f82dcf372cebc42f3957b80eb05984d2ead7ce733e5cb976a3239bf0428e77
data/output/appalti_it/raw/dlgs_163_2006_art_128.html,Normattiva,dlgs_163_2006,128,urn:nir:stato:decreto.legislativo:2006-04-12;163,,2006-05-02,006G0184,4,2026-04,True,4754,982d361b785ce6d5f256bce998e46e4ca64e1fefe15c6dbce2e1eb6b849b592b
data/output/appalti_it/raw/dlgs_163_2006_art_129.html,Normattiva,dlgs_163_2006,129,urn:nir:stato:decreto.legislativo:2006-04-12;163,,2006-05-02,006G0184,5,2026-04,True,4754,57777556cdcf5b69505e04e0b164608e995be43e8ec2d2258ef1b39bbbc06d35
data/output/appalti_it/raw/dlgs_163_2006_art_130.html,Normattiva,dlgs_163_2006,130,urn:nir:stato:decreto.legislativo:2006-04-12;163,,2006-05-02,006G0184,4,2026-04,True,4754,b1874d828a8b5369cee07b367e1d3735fbaa2636a6e0c2f8e7051742b3b3def7
data/output/appalti_it/raw/dlgs_163_2006_art_131.html,Normattiva,dlgs_163_2006,131,urn:nir:stato:decreto.legislativo:2006-04-12;163,,2006-05-02,006G0184,2,2026-04,True,4754,501c1a8175807c0d8c9b76bfdc68d705071ae26d1896ebc2686d4a11404fdbc8
data/output/appalti_it/raw/dlgs_163_2006_art_132.html,Normattiva,dlgs_163_2006,132,urn:nir:stato:decreto.legislativo:2006-04-12;163,,2006-05-02,006G0184,3,2026-04,True,4754,2b2db9dc1ab5f9b1d7c85352563abc8d14c72ad4aec098502409547d89dadbb5
data/output/appalti_it/raw/dlgs_163_2006_art_133.html,Normattiva,dlgs_163_2006,133,urn:nir:stato:decreto.legislativo:2006-04-12;163,,2006-05-02,006G0184,5,2026-04,True,4754,5474ef85fd44a439b5f3232e29ad2d68a5c9ed3eb50cd97031a3cdaa6705b55a
data/output/appalti_it/raw/dlgs_163_2006_art_134.html,Normattiva,dlgs_163_2006,134,urn:nir:stato:decreto.legislativo:2006-04-12;163,,2006-05-02,006G0184,7,2026-04,True,4754,8a01367c464cd6e512401e9b5d93bdd7782f81918181093063287989b8a59856
data/output/appalti_it/raw/dlgs_163_2006_art_135.html,Normattiva,dlgs_163_2006,135,urn:nir:stato:decreto.legislativo:2006-04-12;163,,2006-05-02,006G0184,2,2026-04,True,4754,5f66313fe788e9546e76f3a447413c13f5360252f010dd21952425a4e3549843
data/output/appalti_it/raw/dlgs_163_2006_art_136.html,Normattiva,dlgs_163_2006,136,urn:nir:stato:decreto.legislativo:2006-04-12;163,,2006-05-02,006G0184,6,2026-04,True,4754,657a7f89bf530a4a9f2d4d02ba8e67321d94d9806b929d0dc9a9157ededc8422
data/output/appalti_it/raw/dlgs_163_2006_art_137.html,Normattiva,dlgs_163_2006,137,urn:nir:stato:decreto.legislativo:2006-04-12;163,,2006-05-02,006G0184,2,2026-04,True,4754,dbeebba808a8a3619b9e68e15af3762b58feaf3c611ac51a068982f4982a50df
data/output/appalti_it/raw/dlgs_163_2006_art_138.html,Normattiva,dlgs_163_2006,138,urn:nir:stato:decreto.legislativo:2006-04-12;163,,2006-05-02,006G0184,2,2026-04,True,4754,d5c5290d76906c22ee0737982a1dc8683aafa827607f6d6c95aa1628ef43a686
data/output/appalti_it/raw/dlgs_163_2006_art_139.html,Normattiva,dlgs_163_2006,139,urn:nir:stato:decreto.legislativo:2006-04-12;163,,2006-05-02,006G0184,2,2026-04,True,4754,566cf2a7c1705c128d590aeb5c5fc74c324f839d2d65a9384c5dc25a1b52dcf3
data/output/appalti_it/raw/dlgs_163_2006_art_140.html,Normattiva,dlgs_163_2006,140,urn:nir:stato:decreto.legislativo:2006-04-12;163,,2006-05-02,006G0184,2,2026-04,True,4754,ce0d1703550e848decbe8abd3bfc23a2e384fa462d45152453c1a26238a50315
data/output/appalti_it/raw/dlgs_163_2006_art_141.html,Normattiva,dlgs_163_2006,141,urn:nir:stato:decreto.legislativo:2006-04-12;163,,2006-05-02,006G0184,5,2026-04,True,4754,e43a7222ee4da3b6b49eb12247e14d0be2235130705404dccde2f29286e8c2d8
data/output/appalti_it/raw/dlgs_163_2006_art_142.html,Normattiva,dlgs_163_2006,142,urn:nir:stato:decreto.legislativo:2006-04-12;163,,2006-05-02,006G0184,4,2026-04,True,4754,7e6b31336dc06523e02967316bfa82577aa2f868ea1f45d5d225514fc976eccd
data/output/appalti_it/raw/dlgs_163_2006_art_143.html,Normattiva,dlgs_163_2006,143,urn:nir:stato:decreto.legislativo:2006-04-12;163,,2006-05-02,006G0184,3,2026-04,True,4754,f7805d603a315ab990171375e8ca88908bbc3fe65c4fcf7bd809a8ba19b171d8
data/output/appalti_it/raw/dlgs_163_2006_art_144.html,Normattiva,dlgs_163_2006,144,urn:nir:stato:decreto.legislativo:2006-04-12;163,,2006-05-02,006G0184,6,2026-04,True,4754,9c4c710592724dbd584f190ed2a2570120a3d2ffbd0af0f32323f7559e0eff08
data/output/appalti_it/raw/dlgs_163_2006_art_145.html,Normattiva,dlgs_163_2006,145,urn:nir:stato:decreto.legislativo:2006-04-12;163,,2006-05-02,006G0184,6,2026-04,True,4754,913000bae1844f852323331dcc5dfe80fa0713f3b9c910d34361c1f324189ef1
data/output/appalti_it/raw/dlgs_163_2006_art_146.html,Normattiva,dlgs_163_2006,146,urn:nir:stato:decreto.legislativo:2006-04-12;163,,2006-05-02,006G0184,3,2026-04,True,4754,49a4fcf61c0477a90e7bdb8afa87fe8f8fe3c358f13f98954a1a47f6f8f35d50
data/output/appalti_it/raw/dlgs_163_2006_art_147.html,Normattiva,dlgs_163_2006,147,urn:nir:stato:decreto.legislativo:2006-04-12;163,,2006-05-02,006G0184,2,2026-04,True,4754,f6bedc656153b4115d99bc42ae4a533423ec9841c7a9513bdc9640de14d0a9e9
data/output/appalti_it/raw/dlgs_163_2006_art_148.html,Normattiva,dlgs_163_2006,148,urn:nir:stato:decreto.legislativo:2006-04-12;163,,2006-05-02,006G0184,2,2026-04,True,4754,6f0bb081af9f26146a293712d42c8a404deab84da8346221b49d9d48b9b2a3bf
data/output/appalti_it/raw/dlgs_163_2006_art_149.html,Normattiva,dlgs_163_2006,149,urn:nir:stato:decreto.legislativo:2006-04-12;163,,2006-05-02,006G0184,2,2026-04,True,4754,1ca75b9d277d367fcf7f49f212e49e34878304c1a23bcbb70977e15c2badf2c6
data/output/appalti_it/raw/dlgs_163_2006_art_150.html,Normattiva,dlgs_163_2006,150,urn:nir:stato:decreto.legislativo:2006-04-12;163,,2006-05-02,006G0184,3,2026-04,True,4754,7c7236776afd7d9617ca32c92f47870faa45bb43f8fd74ddc3c755552944abb7
data/output/appalti_it/raw/dlgs_163_2006_art_151.html,Normattiva,dlgs_163_2006,151,urn:nir:stato:decreto.legislativo:2006-04-12;163,,2006-05-02,006G0184,3,2026-04,True,4754,52fbf81c366d12898b17099b89d462b1adbb204a3fca4e365a86032617085ab2
data/output/appalti_it/raw/dlgs_163_2006_art_152.html,Normattiva,dlgs_163_2006,152,urn:nir:stato:decreto.legislativo:2006-04-12;163,,2006-05-02,006G0184,3,2026-04,True,4754,b2249c1b57abdad52c3404742f034caeabe79981cae14bce16983132cee07bd6
data/output/appalti_it/raw/dlgs_163_2006_art_153.html,Normattiva,dlgs_163_2006,153,urn:nir:stato:decreto.legislativo:2006-04-12;163,,2006-05-02,006G0184,2,2026-04,True,4754,827148ce253e2104e787602f1c15fdee3523a30c81e99cd1573a385298505ce6
data/output/appalti_it/raw/dlgs_163_2006_art_154.html,Normattiva,dlgs_163_2006,154,urn:nir:stato:decreto.legislativo:2006-04-12;163,,2006-05-02,006G0184,9,2026-04,True,4754,5e4b95a2da2644f6cf16a97ee35c56131922c28dbef5f512a2c0b3fd5a99b2e2
data/output/appalti_it/raw/dlgs_163_2006_art_155.html,Normattiva,dlgs_163_2006,155,urn:nir:stato:decreto.legislativo:2006-04-12;163,,2006-05-02,006G0184,4,2026-04,True,4754,cd5255d24dbaee8d11e3e66934d60be8eddb1f23068a658e352c338f298e732a
data/output/appalti_it/raw/dlgs_163_2006_art_156.html,Normattiva,dlgs_163_2006,156,urn:nir:stato:decreto.legislativo:2006-04-12;163,,2006-05-02,006G0184,4,2026-04,True,4754,ddaed147398b8b6ca60bf5368e27e505fb738efed1951bcf71e8df493f750784
data/output/appalti_it/raw/dlgs_163_2006_art_157.html,Normattiva,dlgs_163_2006,157,urn:nir:stato:decreto.legislativo:2006-04-12;163,,2006-05-02,006G0184,3,2026-04,True,4754,6205eb97b12812830f32b4361baf2cb90a6ea3b9cf3d034a53a3f5511e40d4e2
data/output/appalti_it/raw/dlgs_163_2006_art_158.html,Normattiva,dlgs_163_2006,158,urn:nir:stato:decreto.legislativo:2006-04-12;163,,2006-05-02,006G0184,6,2026-04,True,4754,2a87254f45f00223b84efc8f46d539ae4e8ace3f9dadefef8eedb60257da7c25
data/output/appalti_it/raw/dlgs_163_2006_art_159.html,Normattiva,dlgs_163_2006,159,urn:nir:stato:decreto.legislativo:2006-04-12;163,,2006-05-02,006G0184,3,2026-04,True,4754,60e578d6fa6855ffa8bf3b2a1e5ea6b19a4fa77575e86b5576f1b54f1bbcc0d6
data/output/appalti_it/raw/dlgs_163_2006_art_160.html,Normattiva,dlgs_163_2006,160,urn:nir:stato:decreto.legislativo:2006-04-12;163,,2006-05-02,006G0184,6,2026-04,True,4754,6e2c65fb987fccf725c2284fdbd3fbef467d0f8fcbb0dbc0cbcecf0c14d928f0
data/output/appalti_it/raw/dlgs_163_2006_art_161.html,Normattiva,dlgs_163_2006,161,urn:nir:stato:decreto.legislativo:2006-04-12;163,,2006-05-02,006G0184,4,2026-04,True,4754,f0b072f3f74e03469be88505ecb6f49eb602c09631829142a7a7a3922f6f60e8
data/output/appalti_it/raw/dlgs_163_2006_art_162.html,Normattiva,dlgs_163_2006,162,urn:nir:stato:decreto.legislativo:2006-04-12;163,,2006-05-02,006G0184,4,2026-04,True,4754,e147d56c80b25f50f5088909e4de348a41b40ca41e9ea5784daaa41cfef6827f
data/output/appalti_it/raw/dlgs_163_2006_art_163.html,Normattiva,dlgs_163_2006,163,urn:nir:stato:decreto.legislativo:2006-04-12;163,,2006-05-02,006G0184,3,2026-04,True,4754,143e62af13ecebdde15b60bb9bd560b21a5a4994415577adf50edc30e695756f
data/output/appalti_it/raw/dlgs_163_2006_art_164.html,Normattiva,dlgs_163_2006,164,urn:nir:stato:decreto.legislativo:2006-04-12;163,,2006-05-02,006G0184,7,2026-04,True,4754,ab9905b0407f7d6eadc7213ca26ee921c7edf2cff976d8e85ad6231e27a70054
data/output/appalti_it/raw/dlgs_163_2006_art_165.html,Normattiva,dlgs_163_2006,165,urn:nir:stato:decreto.legislativo:2006-04-12;163,,2006-05-02,006G0184,4,2026-04,True,4754,2b05ab1bee833a407adc4c1eeb525d0b623474486e37ba6a3954d489d7605574
data/output/appalti_it/raw/dlgs_163_2006_art_166.html,Normattiva,dlgs_163_2006,166,urn:nir:stato:decreto.legislativo:2006-04-12;163,,2006-05-02,006G0184,6,2026-04,True,4754,5a3817fe0aada3fb5252c18d1036df2407d45cf6dfd05c0be7b411fddd880bb9
data/output/appalti_it/raw/dlgs_163_2006_art_167.html,Normattiva,dlgs_163_2006,167,urn:nir:stato:decreto.legislativo:2006-04-12;163,,2006-05-02,006G0184,5,2026-04,True,4754,41d854bc5ec96bcf32a4d7c16d8da5914b132ccc39e4fb3b85c1ef0a28ea9801
data/output/appalti_it/raw/dlgs_163_2006_art_168.html,Normattiva,dlgs_163_2006,168,urn:nir:stato:decreto.legislativo:2006-04-12;163,,2006-05-02,006G0184,4,2026-04,True,4754,64fc7ec3c6772559768f097946054a6958b1006a7d85e341ef2e405a85d5c6bc
data/output/appalti_it/raw/dlgs_163_2006_art_169.html,Normattiva,dlgs_163_2006,169,urn:nir:stato:decreto.legislativo:2006-04-12;163,,2006-05-02,006G0184,5,2026-04,True,4754,31fa2289be51b1ae04d00ca63fa39d3937f86a0eb7ecf081132ed3376b4501c5
data/output/appalti_it/raw/dlgs_163_2006_art_170.html,Normattiva,dlgs_163_2006,170,urn:nir:stato:decreto.legislativo:2006-04-12;163,,2006-05-02,006G0184,3,2026-04,True,4754,76c5fd94557f9b685c3d402b69e45c641b1cfbb0404319a306a36a3d617a8d88
data/output/appalti_it/raw/dlgs_163_2006_art_171.html,Normattiva,dlgs_163_2006,171,urn:nir:stato:decreto.legislativo:2006-04-12;163,,2006-05-02,006G0184,4,2026-04,True,4754,81090d9a6a95364813c135793321df91399fc4ab045d00e7aec3fc53e46a6108
data/output/appalti_it/raw/dlgs_163_2006_art_172.html,Normattiva,dlgs_163_2006,172,urn:nir:stato:decreto.legislativo:2006-04-12;163,,2006-05-02,006G0184,2,2026-04,True,4754,f129b5ca58e070a1c1a15633ec352e9d2c3b1ada3b69ea8b2331a0ea1b0707f6
data/output/appalti_it/raw/dlgs_163_2006_art_173.html,Normattiva,dlgs_163_2006,173,urn:nir:stato:decreto.legislativo:2006-04-12;163,,2006-05-02,006G0184,3,2026-04,True,4754,bbe5bc84a37db20e2cb101cdc0c9c7ce7732f63ebe9faa4b6bd0fd2baf56641d
data/output/appalti_it/raw/dlgs_163_2006_art_174.html,Normattiva,dlgs_163_2006,174,urn:nir:stato:decreto.legislativo:2006-04-12;163,,2006-05-02,006G0184,2,2026-04,True,4754,ebed61e33f454412da1805db457b765a396c9122a467838b03c8c4356f326c4e
data/output/appalti_it/raw/dlgs_163_2006_art_175.html,Normattiva,dlgs_163_2006,175,urn:nir:stato:decreto.legislativo:2006-04-12;163,,2006-05-02,006G0184,6,2026-04,True,4754,140de90a3916b0865c8fc2e3e1ee35a322616e0df9e568fc04f1b984f394325d
data/output/appalti_it/raw/dlgs_163_2006_art_176.html,Normattiva,dlgs_163_2006,176,urn:nir:stato:decreto.legislativo:2006-04-12;163,,2006-05-02,006G0184,9,2026-04,True,4754,bf276d3792a58939d3d045166b68ae33854db590f96f10cc974b163a1705b8c8
data/output/appalti_it/raw/dlgs_163_2006_art_177.html,Normattiva,dlgs_163_2006,177,urn:nir:stato:decreto.legislativo:2006-04-12;163,,2006-05-02,006G0184,7,2026-04,True,4754,37016639e33184597b60b67b66e98a332ee30aec803d2af3b9c9b4a648264ec8
data/output/appalti_it/raw/dlgs_163_2006_art_178.html,Normattiva,dlgs_163_2006,178,urn:nir:stato:decreto.legislativo:2006-04-12;163,,2006-05-02,006G0184,5,2026-04,True,4754,e8f632d1677495a3faddbc4ab991ce0e6e937a15df6bd1efdba93b03f8abe3cd
data/output/appalti_it/raw/dlgs_163_2006_art_179.html,Normattiva,dlgs_163_2006,179,urn:nir:stato:decreto.legislativo:2006-04-12;163,,2006-05-02,006G0184,3,2026-04,True,4754,bea7488cd9ac052a0255ea843611d22e13b83d51eaa7ce837a46b9f0f6705346
data/output/appalti_it/raw/dlgs_163_2006_art_180.html,Normattiva,dlgs_163_2006,180,urn:nir:stato:decreto.legislativo:2006-04-12;163,,2006-05-02,006G0184,4,2026-04,True,4754,bb8f270873bd5b17d48c640abca2490eebe051784f15bd744b95a97db6178103
data/output/appalti_it/raw/dlgs_163_2006_art_181.html,Normattiva,dlgs_163_2006,181,urn:nir:stato:decreto.legislativo:2006-04-12;163,,2006-05-02,006G0184,3,2026-04,True,4754,e283d54a0061974c304c73b85cca68679682153ab9ae6fb3d0c19e12fac033d4
data/output/appalti_it/raw/dlgs_163_2006_art_182.html,Normattiva,dlgs_163_2006,182,urn:nir:stato:decreto.legislativo:2006-04-12;163,,2006-05-02,006G0184,2,2026-04,True,4754,0dca7e19491791262a8f3d7e156e5c98f4de31fee1568db2763b5119fc6b0648
data/output/appalti_it/raw/dlgs_163_2006_art_183.html,Normattiva,dlgs_163_2006,183,urn:nir:stato:decreto.legislativo:2006-04-12;163,,2006-05-02,006G0184,2,2026-04,True,4754,14a0f94556e2563b565607c858a0b430a571f42fc99fba16381a2e78fb7eec60
data/output/appalti_it/raw/dlgs_163_2006_art_184.html,Normattiva,dlgs_163_2006,184,urn:nir:stato:decreto.legislativo:2006-04-12;163,,2006-05-02,006G0184,4,2026-04,True,4754,d7088dc651dc41c1aa77ad35193a254466557af3bc457699565820ddc009de2d
data/output/appalti_it/raw/dlgs_163_2006_art_185.html,Normattiva,dlgs_163_2006,185,urn:nir:stato:decreto.legislativo:2006-04-12;163,,2006-05-02,006G0184,4,2026-04,True,4754,b46a4f035021b6e1cda1d330321cdf66b87913b5b1dee6b763c2df4735524701
data/output/appalti_it/raw/dlgs_163_2006_art_186.html,Normattiva,dlgs_163_2006,186,urn:nir:stato:decreto.legislativo:2006-04-12;163,,2006-05-02,006G0184,3,2026-04,True,8073,3d8eab22d13ad37b4ac2fac7b702dc0c58fd22585f0ef99fe529322c57821994
data/output/appalti_it/raw/dlgs_163_2006_art_187.html,Normattiva,dlgs_163_2006,187,urn:nir:stato:decreto.legislativo:2006-04-12;163,,2006-05-02,006G0184,5,2026-04,True,8073,8f73d14baa45843359211ba9861eeed254aa49ffa8036d3dce3c01e173f8282b
data/output/appalti_it/raw/dlgs_163_2006_art_188.html,Normattiva,dlgs_163_2006,188,urn:nir:stato:decreto.legislativo:2006-04-12;163,,2006-05-02,006G0184,5,2026-04,True,8075,2e8899ee65cc9befe98d03e4b9dfd2eb370764e58ff0766cdb8376a2bdda6936
data/output/appalti_it/raw/dlgs_163_2006_art_189.html,Normattiva,dlgs_163_2006,189,urn:nir:stato:decreto.legislativo:2006-04-12;163,,2006-05-02,006G0184,5,2026-04,True,8075,542096225d963abc7912392666566bff8220c9ce7033e6e27dcfb4b6e016e58b
data/output/appalti_it/raw/dlgs_163_2006_art_190.html,Normattiva,dlgs_163_2006,190,urn:nir:stato:decreto.legislativo:2006-04-12;163,,2006-05-02,006G0184,11,2026-04,True,8075,33416b8e02f3f445feec5a8a5c1bdd83e0b42477f1e6e6510ea8221f10dc1c64
data/output/appalti_it/raw/dlgs_163_2006_art_191.html,Normattiva,dlgs_163_2006,191,urn:nir:stato:decreto.legislativo:2006-04-12;163,,2006-05-02,006G0184,4,2026-04,True,8073,c7a5d0a26c055b3cb9abee5a0fe01f250f6a3f021d5a467376f2eb24afbe7983
data/output/appalti_it/raw/dlgs_163_2006_art_192.html,Normattiva,dlgs_163_2006,192,urn:nir:stato:decreto.legislativo:2006-04-12;163,,2006-05-02,006G0184,6,2026-04,True,8073,05daf56477431e573086ab7889e9cef9f7b7d2f82243b05b1259e49acba750b3
data/output/appalti_it/raw/dlgs_163_2006_art_193.html,Normattiva,dlgs_163_2006,193,urn:nir:stato:decreto.legislativo:2006-04-12;163,,2006-05-02,006G0184,6,2026-04,True,8073,8cc90ad44e653c19c78163d2a65d9a2d01049c016d5848e2ca8c795f10041a6a
data/output/appalti_it/raw/dlgs_163_2006_art_194.html,Normattiva,dlgs_163_2006,194,urn:nir:stato:decreto.legislativo:2006-04-12;163,,2006-05-02,006G0184,4,2026-04,True,4754,6af347eb7e85f3b91c8a8cb50b2964420dde82a97716e33661e08dd6799684f7
data/output/appalti_it/raw/dlgs_163_2006_art_195.html,Normattiva,dlgs_163_2006,195,urn:nir:stato:decreto.legislativo:2006-04-12;163,,2006-05-02,006G0184,4,2026-04,True,4754,28e0285cdc656ca5f1e25067bab953048c3ae550326381939b2abae572f0cb6f
data/output/appalti_it/raw/dlgs_163_2006_art_196.html,Normattiva,dlgs_163_2006,196,urn:nir:stato:decreto.legislativo:2006-04-12;163,,2006-05-02,006G0184,3,2026-04,True,4754,b2e444f0c1bde22317cdc4cb864d65d4dd63e71dc40f53e600916b5517e984a5
data/output/appalti_it/raw/dlgs_163_2006_art_197.html,Normattiva,dlgs_163_2006,197,urn:nir:stato:decreto.legislativo:2006-04-12;163,,2006-05-02,006G0184,4,2026-04,True,4754,1c1387608f3369c6cc42cea76b7d8b63aa077f7c6423cb061d9ee82675c22ada
data/output/appalti_it/raw/dlgs_163_2006_art_198.html,Normattiva,dlgs_163_2006,198,urn:nir:stato:decreto.legislativo:2006-04-12;163,,2006-05-02,006G0184,2,2026-04,True,4754,5f414e8a502a46baac9e2472a5da020daae01f808554e4e784707108d21cdfdb
data/output/appalti_it/raw/dlgs_163_2006_art_199.html,Normattiva,dlgs_163_2006,199,urn:nir:stato:decreto.legislativo:2006-04-12;163,,2006-05-02,006G0184,2,2026-04,True,4754,80e8fa12469df89260f2745957612b297cc576939ef95946a5262ccef57c52de
data/output/appalti_it/raw/dlgs_163_2006_art_200.html,Normattiva,dlgs_163_2006,200,urn:nir:stato:decreto.legislativo:2006-04-12;163,,2006-05-02,006G0184,2,2026-04,True,4754,3a15bf89bf44be470ff957f534665ad045b954335539abc99115cc26a42d73a2
data/output/appalti_it/raw/dlgs_163_2006_art_201.html,Normattiva,dlgs_163_2006,201,urn:nir:stato:decreto.legislativo:2006-04-12;163,,2006-05-02,006G0184,2,2026-04,True,4754,31452b05b23ec5f22c45b490cfdf94212a4ec71074dd449e1fa259c3655de832
data/output/appalti_it/raw/dlgs_163_2006_art_202.html,Normattiva,dlgs_163_2006,202,urn:nir:stato:decreto.legislativo:2006-04-12;163,,2006-05-02,006G0184,3,2026-04,True,4754,2d22d6034baf6a0c751727b33c645fa368e75d0530c99a941f96aecbcc8674b1
data/output/appalti_it/raw/dlgs_163_2006_art_203.html,Normattiva,dlgs_163_2006,203,urn:nir:stato:decreto.legislativo:2006-04-12;163,,2006-05-02,006G0184,2,2026-04,True,4754,dff24ea731953d84656df3a95c51dd1ca364cf9c48e5579966ec21a0514ffa83
data/output/appalti_it/raw/dlgs_163_2006_art_204.html,Normattiva,dlgs_163_2006,204,urn:nir:stato:decreto.legislativo:2006-04-12;163,,2006-05-02,006G0184,4,2026-04,True,4754,b12825c669d74331b7e52ff9ffed599881c5fef91bf092e00de2d6b68ef51189
data/output/appalti_it/raw/dlgs_163_2006_art_205.html,Normattiva,dlgs_163_2006,205,urn:nir:stato:decreto.legislativo:2006-04-12;163,,2006-05-02,006G0184,6,2026-04,True,4754,b3a52dc2cc84b3f0a02758b8324a434429a368497f2b8af53dbaf3a7242dd214
data/output/appalti_it/raw/dlgs_163_2006_art_206.html,Normattiva,dlgs_163_2006,206,urn:nir:stato:decreto.legislativo:2006-04-12;163,,2006-05-02,006G0184,2,2026-04,True,4754,7d47ca0c9f52438555bcb17639f1c8d696447a4d1822f46513180a6105ed3bc1
data/output/appalti_it/raw/dlgs_163_2006_art_207.html,Normattiva,dlgs_163_2006,207,urn:nir:stato:decreto.legislativo:2006-04-12;163,,2006-05-02,006G0184,5,2026-04,True,4754,10b068fd6e4a5b7ae3bda162f32f0230fb79b751c542f5d17058eb9c3249b5b1
data/output/appalti_it/raw/dlgs_163_2006_art_208.html,Normattiva,dlgs_163_2006,208,urn:nir:stato:decreto.legislativo:2006-04-12;163,,2006-05-02,006G0184,3,2026-04,True,4754,a88c496a546703d3bd18f91a4dd2985d59b5d224a631b1301f4be5315f115f00
data/output/appalti_it/raw/dlgs_163_2006_art_209.html,Normattiva,dlgs_163_2006,209,urn:nir:stato:decreto.legislativo:2006-04-12;163,,2006-05-02,006G0184,2,2026-04,True,4754,29c4da6e4b57a2a361a7f87552bbfa4a7d344a0b2235b66423bd526dbeb93dae
data/output/appalti_it/raw/dlgs_163_2006_art_210.html,Normattiva,dlgs_163_2006,210,urn:nir:stato:decreto.legislativo:2006-04-12;163,,2006-05-02,006G0184,2,2026-04,True,4754,9896ef5eb61595838cee6e0e024b8ce446cbbbe2f68fb43b66cbdd8cd4fb7f24
data/output/appalti_it/raw/dlgs_163_2006_art_211.html,Normattiva,dlgs_163_2006,211,urn:nir:stato:decreto.legislativo:2006-04-12;163,,2006-05-02,006G0184,2,2026-04,True,4754,3b5a08e728c86a700f57bf352ead98fc3cbea27d0c74b5b3cb0c76ba6c850861
data/output/appalti_it/raw/dlgs_163_2006_art_212.html,Normattiva,dlgs_163_2006,212,urn:nir:stato:decreto.legislativo:2006-04-12;163,,2006-05-02,006G0184,3,2026-04,True,4754,590e0f63bd5d28c95c83096e63464fa627986d59116089ee29faaaa2f54dd04c
data/output/appalti_it/raw/dlgs_163_2006_art_213.html,Normattiva,dlgs_163_2006,213,urn:nir:stato:decreto.legislativo:2006-04-12;163,,2006-05-02,006G0184,2,2026-04,True,4754,c065d170b9af736b4213a4e424f758e8546890251725c5f496658ba74fef42df
data/output/appalti_it/raw/dlgs_163_2006_art_214.html,Normattiva,dlgs_163_2006,214,urn:nir:stato:decreto.legislativo:2006-04-12;163,,2006-05-02,006G0184,2,2026-04,True,4754,542d80e2ce35fa4c20c937a703465761929149f80fec6f13ebb2cc082a37a1f0
data/output/appalti_it/raw/dlgs_163_2006_art_215.html,Normattiva,dlgs_163_2006,215,urn:nir:stato:decreto.legislativo:2006-04-12;163,,2006-05-02,006G0184,2,2026-04,True,4754,aef115c5e55ffb89df115a1ea03b19bf9f797906d695d2e82a78d66eca196b51
data/output/appalti_it/raw/dlgs_163_2006_art_216.html,Normattiva,dlgs_163_2006,216,urn:nir:stato:decreto.legislativo:2006-04-12;163,,2006-05-02,006G0184,2,2026-04,True,4754,59b33028d890e99878a348c7bbccf3faeac091402323538e12d72dfedd3c75a2
data/output/appalti_it/raw/dlgs_163_2006_art_217.html,Normattiva,dlgs_163_2006,217,urn:nir:stato:decreto.legislativo:2006-04-12;163,,2006-05-02,006G0184,3,2026-04,True,4754,043d1ae3545f66cb5e4ead8f4a3be409ef27489dd4035f005cb8619b3cf00b91
data/output/appalti_it/raw/dlgs_163_2006_art_218.html,Normattiva,dlgs_163_2006,218,urn:nir:stato:decreto.legislativo:2006-04-12;163,,2006-05-02,006G0184,2,2026-04,True,4754,5f927c7c5756a17d5bc03df20d5b961f1e41f693e445062123a1f661ef5efde0
data/output/appalti_it/raw/dlgs_163_2006_art_219.html,Normattiva,dlgs_163_2006,219,urn:nir:stato:decreto.legislativo:2006-04-12;163,,2006-05-02,006G0184,2,2026-04,True,4754,5c3d19d755695c5ad994473ed852b143f074c53a408fc00125839f199bd7724d
data/output/appalti_it/raw/dlgs_163_2006_art_220.html,Normattiva,dlgs_163_2006,220,urn:nir:stato:decreto.legislativo:2006-04-12;163,,2006-05-02,006G0184,3,2026-04,True,4754,9f18b064a72e1a2f38d9de386444021998d5369573aa170eeb836a4bb1a65e8a
data/output/appalti_it/raw/dlgs_163_2006_art_221.html,Normattiva,dlgs_163_2006,221,urn:nir:stato:decreto.legislativo:2006-04-12;163,,2006-05-02,006G0184,2,2026-04,True,4754,82fe651b52f2d270866a4861fef204f7f4792d6109f07269cfdeeff8c2f3d2e4
data/output/appalti_it/raw/dlgs_163_2006_art_222.html,Normattiva,dlgs_163_2006,222,urn:nir:stato:decreto.legislativo:2006-04-12;163,,2006-05-02,006G0184,2,2026-04,True,4754,3d30fddb9b9d4ee9b87f2c35a99291caca5c9c58bbd1985fda32118e9083d0da
data/output/appalti_it/raw/dlgs_163_2006_art_223.html,Normattiva,dlgs_163_2006,223,urn:nir:stato:decreto.legislativo:2006-04-12;163,,2006-05-02,006G0184,3,2026-04,True,4754,d1aff285f0a67bfbc47dfc4db7b22d6bc0bcc8b2fd139ec6fb55b47fa4d3df5a
data/output/appalti_it/raw/dlgs_163_2006_art_224.html,Normattiva,dlgs_163_2006,224,urn:nir:stato:decreto.legislativo:2006-04-12;163,,2006-05-02,006G0184,2,2026-04,True,4754,adb16750f0ba1fb0deb340e61ebba43030a672832cfaa17a431c899e7975ba3e
data/output/appalti_it/raw/dlgs_163_2006_art_225.html,Normattiva,dlgs_163_2006,225,urn:nir:stato:decreto.legislativo:2006-04-12;163,,2006-05-02,006G0184,2,2026-04,True,4754,17020e9b30980af9b6dabb21ba59677f4040e54cfbc4708909d1201d2ed96ab4
data/output/appalti_it/raw/dlgs_163_2006_art_226.html,Normattiva,dlgs_163_2006,226,urn:nir:stato:decreto.legislativo:2006-04-12;163,,2006-05-02,006G0184,3,2026-04,True,4754,a5720513ded18a519f84a8473ba924cebe2e50a000320200181bba0229f0ba51
data/output/appalti_it/raw/dlgs_163_2006_art_227.html,Normattiva,dlgs_163_2006,227,urn:nir:stato:decreto.legislativo:2006-04-12;163,,2006-05-02,006G0184,2,2026-04,True,4754,7be8a083405345727791bb7726716e60702c26f7fbbf28d02a3a89a4c0e028d3
data/output/appalti_it/raw/dlgs_163_2006_art_228.html,Normattiva,dlgs_163_2006,228,urn:nir:stato:decreto.legislativo:2006-04-12;163,,2006-05-02,006G0184,2,2026-04,True,4754,766258f61f2176afacff4bb0f46fc3d59a0ae6b6033a429fa02bea1ce83c306d
data/output/appalti_it/raw/dlgs_163_2006_art_229.html,Normattiva,dlgs_163_2006,229,urn:nir:stato:decreto.legislativo:2006-04-12;163,,2006-05-02,006G0184,2,2026-04,True,4754,524fa854513c26ae59435470c6ac7502d31f73a9e5921211b1fd3ce8bb39a8a5
data/output/appalti_it/raw/dlgs_163_2006_art_230.html,Normattiva,dlgs_163_2006,230,urn:nir:stato:decreto.legislativo:2006-04-12;163,,2006-05-02,006G0184,2,2026-04,True,4754,63e838867d15ec50f2b7fc99a4d3b777d288521e8a63261bc14fcf5bef81208a
data/output/appalti_it/raw/dlgs_163_2006_art_231.html,Normattiva,dlgs_163_2006,231,urn:nir:stato:decreto.legislativo:2006-04-12;163,,2006-05-02,006G0184,3,2026-04,True,4754,6392b707ef2f4e700c10e8704fcd14d194781d5401a0c2f3a2c97ab58b1fea2c
data/output/appalti_it/raw/dlgs_163_2006_art_232.html,Normattiva,dlgs_163_2006,232,urn:nir:stato:decreto.legislativo:2006-04-12;163,,2006-05-02,006G0184,2,2026-04,True,4754,eaf067a92d75888357b223e3e01f89c7725107feadde0bddde1c704198a0d7d7
data/output/appalti_it/raw/dlgs_163_2006_art_233.html,Normattiva,dlgs_163_2006,233,urn:nir:stato:decreto.legislativo:2006-04-12;163,,2006-05-02,006G0184,3,2026-04,True,4754,03c5148485fe039f30a39c75c49253dc2c6a58bfd8acf4ede806e972b3eb8cb2
data/output/appalti_it/raw/dlgs_163_2006_art_234.html,Normattiva,dlgs_163_2006,234,urn:nir:stato:decreto.legislativo:2006-04-12;163,,2006-05-02,006G0184,2,2026-04,True,4754,ed46c3b26cdfea4810fb1e486b1ca6235a093764dd4a0ca20594889e40036cf0
data/output/appalti_it/raw/dlgs_163_2006_art_235.html,Normattiva,dlgs_163_2006,235,urn:nir:stato:decreto.legislativo:2006-04-12;163,,2006-05-02,006G0184,3,2026-04,True,4754,76e6985ed1fec59ad708243b0c59e89cfc0b9b4ca41edc080a662614dd0ea23f
data/output/appalti_it/raw/dlgs_163_2006_art_236.html,Normattiva,dlgs_163_2006,236,urn:nir:stato:decreto.legislativo:2006-04-12;163,,2006-05-02,006G0184,2,2026-04,True,4754,229470135ab73bec607e195c6fda5610a0c6e6d562d4508f7d6e6e2147f50944
data/output/appalti_it/raw/dlgs_163_2006_art_237.html,Normattiva,dlgs_163_2006,237,urn:nir:stato:decreto.legislativo:2006-04-12;163,,2006-05-02,006G0184,2,2026-04,True,4754,e8ff1bcf78cbee848a30f732c21f34d4978724c678b46c87d6a73065b5d844e1
data/output/appalti_it/raw/dlgs_163_2006_art_238.html,Normattiva,dlgs_163_2006,238,urn:nir:stato:decreto.legislativo:2006-04-12;163,,2006-05-02,006G0184,3,2026-04,True,4754,0fcc3fef3c315972e06f44b933b8f973d30400e112e5fa34a7a99a9d50a4c744
data/output/appalti_it/raw/dlgs_163_2006_art_239.html,Normattiva,dlgs_163_2006,239,urn:nir:stato:decreto.legislativo:2006-04-12;163,,2006-05-02,006G0184,2,2026-04,True,4754,ec44685017efa744e9e3269b240c12f55f0341f826b7b278450605695e687445
data/output/appalti_it/raw/dlgs_163_2006_art_240.html,Normattiva,dlgs_163_2006,240,urn:nir:stato:decreto.legislativo:2006-04-12;163,,2006-05-02,006G0184,2,2026-04,True,4754,c25d63b093dc0b8aafc7d33209ba9d9fc247c12aa8e90ef315a235e5c1218821
data/output/appalti_it/raw/dlgs_163_2006_art_241.html,Normattiva,dlgs_163_2006,241,urn:nir:stato:decreto.legislativo:2006-04-12;163,,2006-05-02,006G0184,3,2026-04,True,6138,95c4e0c2812970b6332093c241ced4efe19777d481637f8b319ea57d0f668432
data/output/appalti_it/raw/dlgs_163_2006_art_242.html,Normattiva,dlgs_163_2006,242,urn:nir:stato:decreto.legislativo:2006-04-12;163,,2006-05-02,006G0184,7,2026-04,True,4754,87d03488d7db51f0d0ea1fb2fa93cc1cc6fd2409c3f2f84f3611205e9d6fc737
data/output/appalti_it/raw/dlgs_163_2006_art_243.html,Normattiva,dlgs_163_2006,243,urn:nir:stato:decreto.legislativo:2006-04-12;163,,2006-05-02,006G0184,2,2026-04,True,4754,9555625cd9e7d7614bdd7d075d3f5762a7124850c9572069dbc9691489bf6d5b
data/output/appalti_it/raw/dlgs_163_2006_art_244.html,Normattiva,dlgs_163_2006,244,urn:nir:stato:decreto.legislativo:2006-04-12;163,,2006-05-02,006G0184,3,2026-04,True,4754,33e90c25016d9eb80fb23bc1bd7de0cda4d7dad22f6c57ec6f2f95ad1873f113
data/output/appalti_it/raw/dlgs_163_2006_art_245.html,Normattiva,dlgs_163_2006,245,urn:nir:stato:decreto.legislativo:2006-04-12;163,,2006-05-02,006G0184,4,2026-04,True,4754,4c203b609d12173d4087b7d642ed684a9f5bc7e4532c2d93a584b1ae98d815ab
data/output/appalti_it/raw/dlgs_163_2006_art_246.html,Normattiva,dlgs_163_2006,246,urn:nir:stato:decreto.legislativo:2006-04-12;163,,2006-05-02,006G0184,3,2026-04,True,4754,0a1ea07116e07118ab5af4959725fbd750e3fe21a56a5169b00a8eda6b7a8ec1
data/output/appalti_it/raw/dlgs_163_2006_art_247.html,Normattiva,dlgs_163_2006,247,urn:nir:stato:decreto.legislativo:2006-04-12;163,,2006-05-02,006G0184,3,2026-04,True,4754,f832d84de1c9406dffeaf25534e3b40cc806c0942f345a9278156236cd251a11
data/output/appalti_it/raw/dlgs_163_2006_art_248.html,Normattiva,dlgs_163_2006,248,urn:nir:stato:decreto.legislativo:2006-04-12;163,,2006-05-02,006G0184,3,2026-04,True,4754,76276ade40abae32eab1870c7e132f10626a00b4623549ff576a90525f42d2f8
data/output/appalti_it/raw/dlgs_163_2006_art_249.html,Normattiva,dlgs_163_2006,249,urn:nir:stato:decreto.legislativo:2006-04-12;163,,2006-05-02,006G0184,3,2026-04,True,4754,d1669ff981deaff6e1b95f9e2a378ce1ef2fb7e5d4cb9228ebab5092d0c2eafb
data/output/appalti_it/raw/dlgs_163_2006_art_250.html,Normattiva,dlgs_163_2006,250,urn:nir:stato:decreto.legislativo:2006-04-12;163,,2006-05-02,006G0184,2,2026-04,True,4754,dd71b6eee86929bdc0db3890c7dbe8de509f50988c7b54e04192db6f2f98aa72
data/output/appalti_it/raw/dlgs_163_2006_art_251.html,Normattiva,dlgs_163_2006,251,urn:nir:stato:decreto.legislativo:2006-04-12;163,,2006-05-02,006G0184,2,2026-04,True,4754,f0246c92e971b494f78d9495b7db33aed84a06d4f4b372ab7d65d405903501c4
data/output/appalti_it/raw/dlgs_163_2006_art_252.html,Normattiva,dlgs_163_2006,252,urn:nir:stato:decreto.legislativo:2006-04-12;163,,2006-05-02,006G0184,2,2026-04,True,4756,896cc79920f9c30db73fea4f85de92e8ddbbd1bc2b5d0813879621f0342dabe2
data/output/appalti_it/raw/dlgs_163_2006_art_253.html,Normattiva,dlgs_163_2006,253,urn:nir:stato:decreto.legislativo:2006-04-12;163,,2006-05-02,006G0184,3,2026-04,True,4756,740a888de8ac592f6a3ea49b29c58164e4dbdd2a2e69ef12bf276fb382aab9a4
data/output/appalti_it/raw/dlgs_163_2006_art_254.html,Normattiva,dlgs_163_2006,254,urn:nir:stato:decreto.legislativo:2006-04-12;163,,2006-05-02,006G0184,15,2026-04,True,4756,0737e12bd88c455db9bf68c161dfa23d661c8a6da5afe9755bbcd80244211e63
data/output/appalti_it/raw/dlgs_163_2006_art_255.html,Normattiva,dlgs_163_2006,255,urn:nir:stato:decreto.legislativo:2006-04-12;163,,2006-05-02,006G0184,2,2026-04,True,4754,e5c2e91032d0381c93039a6bf3e704a77fa65f69fbd52beb6b9f9ed98899a342
data/output/appalti_it/raw/dlgs_163_2006_art_256.html,Normattiva,dlgs_163_2006,256,urn:nir:stato:decreto.legislativo:2006-04-12;163,,2006-05-02,006G0184,2,2026-04,True,4754,8ef4420ea1d74c3c809a69e5ac419669f962ef5b3a11fc4b91fba74eab85f4f3
data/output/appalti_it/raw/dlgs_163_2006_art_257.html,Normattiva,dlgs_163_2006,257,urn:nir:stato:decreto.legislativo:2006-04-12;163,,2006-05-02,006G0184,9,2026-04,True,4750,b4bb9e29e4683e1266838ddac03cac9d88e048bc11077137780d45f4f908d317
data/output/appalti_it/raw/dlgs_209_2024.html,Normattiva,dlgs_209_2024,,urn:nir:stato:decreto.legislativo:2024-12-31;209,,2024-12-31,24G00231,1,2026-04,True,111453,35fe797c799ea03023bc84ac0a31811a1edd62150a3327404c47c361e7aa996b
data/output/appalti_it/raw/dlgs_209_2024_art_001.html,Normattiva,dlgs_209_2024,001,urn:nir:stato:decreto.legislativo:2024-12-31;209,,2024-12-31,24G00231,1,2026-04,True,9622,d16e0dfb145bda79b3a46bd54654649b3cddb1ad7a267dafcf4ac1418d191007
data/output/appalti_it/raw/dlgs_209_2024_art_002.html,Normattiva,dlgs_209_2024,002,urn:nir:stato:decreto.legislativo:2024-12-31;209,,2024-12-31,24G00231,1,2026-04,True,6327,019a1bdd84671de14ab0b8a5e359dd7acb2764b8ad1415b09f5392edc374c141
data/output/appalti_it/raw/dlgs_209_2024_art_003.html,Normattiva,dlgs_209_2024,003,urn:nir:stato:decreto.legislativo:2024-12-31;209,,2024-12-31,24G00231,1,2026-04,True,4689,1c461932091ca0ad06468e8c3e3a4cf4f7c182aa075cc5e2f8f339fb08fac093
data/output/appalti_it/raw/dlgs_209_2024_art_004.html,Normattiva,dlgs_209_2024,004,urn:nir:stato:decreto.legislativo:2024-12-31;209,,2024-12-31,24G00231,1,2026-04,True,4824,06845c6d1cf577a43d2ddf41811edcff7cddc291df9b77c85e705040d7ff2226
data/output/appalti_it/raw/dlgs_209_2024_art_005.html,Normattiva,dlgs_209_2024,005,urn:nir:stato:decreto.legislativo:2024-12-31;209,,2024-12-31,24G00231,1,2026-04,True,5068,468c0db8f7d3bebeff65cd24326f71ee4af58b61fa30177aca4e01fbe2c821bd
data/output/appalti_it/raw/dlgs_209_2024_art_006.html,Normattiva,dlgs_209_2024,006,urn:nir:stato:decreto.legislativo:2024-12-31;209,,2024-12-31,24G00231,1,2026-04,True,5080,b279f87cbca5290b58a12c75590e90db10db7efa2b4799de42dd98c3f343df4c
data/output/appalti_it/raw/dlgs_209_2024_art_007.html,Normattiva,dlgs_209_2024,007,urn:nir:stato:decreto.legislativo:2024-12-31;209,,2024-12-31,24G00231,1,2026-04,True,4675,99999ce1a9f6631a47baa96b19239fc7d8c16ef405ee7a5c7eefc88d61676fa3
data/output/appalti_it/raw/dlgs_209_2024_art_008.html,Normattiva,dlgs_209_2024,008,urn:nir:stato:decreto.legislativo:2024-12-31;209,,2024-12-31,24G00231,1,2026-04,True,5065,17052b55d8f02a97a6d9b6e6a86cbde4d861c072685e238cc8df0399d31084a4
data/output/appalti_it/raw/dlgs_209_2024_art_009.html,Normattiva,dlgs_209_2024,009,urn:nir:stato:decreto.legislativo:2024-12-31;209,,2024-12-31,24G00231,1,2026-04,True,4810,52c7b1c5a05108f407e1abf4a697362768852d0eac9053ab33485f68aced0429
data/output/appalti_it/raw/dlgs_209_2024_art_010.html,Normattiva,dlgs_209_2024,010,urn:nir:stato:decreto.legislativo:2024-12-31;209,,2024-12-31,24G00231,1,2026-04,True,5830,0d891cabfdcd93a20d3f3d643d0e380617d3b96449e262f80d6eecfddcaf0061
data/output/appalti_it/raw/dlgs_209_2024_art_011.html,Normattiva,dlgs_209_2024,011,urn:nir:stato:decreto.legislativo:2024-12-31;209,,2024-12-31,24G00231,1,2026-04,True,5707,ca0fe8a0b8c2065724f5aceed92dabdb935307fd8e7667de0f4fbf82dcd3d9b2
data/output/appalti_it/raw/dlgs_209_2024_art_012.html,Normattiva,dlgs_209_2024,012,urn:nir:stato:decreto.legislativo:2024-12-31;209,,2024-12-31,24G00231,1,2026-04,True,6879,516be13ed2a82aa4b6d2c25ddf762e6c2c215063f45a85d3e83fb5649e188b46
data/output/appalti_it/raw/dlgs_209_2024_art_013.html,Normattiva,dlgs_209_2024,013,urn:nir:stato:decreto.legislativo:2024-12-31;209,,2024-12-31,24G00231,1,2026-04,True,5660,20e6f55eff7a776c5fdd8fd4442a4b43553adc423779d2cb7e725f1818f34923
data/output/appalti_it/raw/dlgs_209_2024_art_014.html,Normattiva,dlgs_209_2024,014,urn:nir:stato:decreto.legislativo:2024-12-31;209,,2024-12-31,24G00231,1,2026-04,True,11085,9416b426fbc266914b0262574daa6d26b128efad2dc0291fcae865cbd697ddb1
data/output/appalti_it/raw/dlgs_209_2024_art_015.html,Normattiva,dlgs_209_2024,015,urn:nir:stato:decreto.legislativo:2024-12-31;209,,2024-12-31,24G00231,1,2026-04,True,6512,e1154aaffe0238b0f5e51acdf453ff0e512ea033e023bfa0ec19e12ce7b899c1
data/output/appalti_it/raw/dlgs_209_2024_art_016.html,Normattiva,dlgs_209_2024,016,urn:nir:stato:decreto.legislativo:2024-12-31;209,,2024-12-31,24G00231,1,2026-04,True,6572,311b029a44ce6dab7a651412fb916ca5163b5ddcfbfbb3bbb7d35aea9bb8c12f
data/output/appalti_it/raw/dlgs_209_2024_art_017.html,Normattiva,dlgs_209_2024,017,urn:nir:stato:decreto.legislativo:2024-12-31;209,,2024-12-31,24G00231,1,2026-04,True,4873,bdb6829c9197a0516f60b10513f19721fe3280e51b300921019697934bbee88a
data/output/appalti_it/raw/dlgs_209_2024_art_018.html,Normattiva,dlgs_209_2024,018,urn:nir:stato:decreto.legislativo:2024-12-31;209,,2024-12-31,24G00231,1,2026-04,True,4686,b964fb7d1450ab6372fa0d75443850968e19f5d733de8ff8b708b6ac5e62a151
data/output/appalti_it/raw/dlgs_209_2024_art_019.html,Normattiva,dlgs_209_2024,019,urn:nir:stato:decreto.legislativo:2024-12-31;209,,2024-12-31,24G00231,1,2026-04,True,4718,505ac8229d68e7c26bc8775537febaad9a8ae2766bfaaabc5e4f78ae83e945e6
data/output/appalti_it/raw/dlgs_209_2024_art_020.html,Normattiva,dlgs_209_2024,020,urn:nir:stato:decreto.legislativo:2024-12-31;209,,2024-12-31,24G00231,1,2026-04,True,5198,cae7aad986ec49f1266b0d6fe27a18e6c89392d8485052006282e95d29533165
data/output/appalti_it/raw/dlgs_209_2024_art_021.html,Normattiva,dlgs_209_2024,021,urn:nir:stato:decreto.legislativo:2024-12-31;209,,2024-12-31,24G00231,1,2026-04,True,6147,8cd2f62a99305f18fd416335e369b1b653a7f29101021c8fb5943ea55c075e02
data/output/appalti_it/raw/dlgs_209_2024_art_022.html,Normattiva,dlgs_209_2024,022,urn:nir:stato:decreto.legislativo:2024-12-31;209,,2024-12-31,24G00231,1,2026-04,True,6150,0834e752c5015077fcda2576d16d7ea6dcad3692310855595ac75d185ab5c955
data/output/appalti_it/raw/dlgs_209_2024_art_023.html,Normattiva,dlgs_209_2024,023,urn:nir:stato:decreto.legislativo:2024-12-31;209,,2024-12-31,24G00231,1,2026-04,True,8463,6c4a892ba3a38290476991a22660039f448dadca00e4ea3cfd086b95d5bfd67f
data/output/appalti_it/raw/dlgs_209_2024_art_024.html,Normattiva,dlgs_209_2024,024,urn:nir:stato:decreto.legislativo:2024-12-31;209,,2024-12-31,24G00231,1,2026-04,True,5562,2c0b53b6ec290dada6eb76dd54d140d8c139f7b0d4a130288b6041522ce3af17
data/output/appalti_it/raw/dlgs_209_2024_art_025.html,Normattiva,dlgs_209_2024,025,urn:nir:stato:decreto.legislativo:2024-12-31;209,,2024-12-31,24G00231,1,2026-04,True,8576,9b6b1dbedc24955f47eb3231c22dd75b1aeba4845d444b313174d66308b47a68
data/output/appalti_it/raw/dlgs_209_2024_art_026.html,Normattiva,dlgs_209_2024,026,urn:nir:stato:decreto.legislativo:2024-12-31;209,,2024-12-31,24G00231,1,2026-04,True,6413,c9b558dd7960a5528b8b082bf6c1a3f7e123ebb521fa5a469dbe190ef06478b9
data/output/appalti_it/raw/dlgs_209_2024_art_027.html,Normattiva,dlgs_209_2024,027,urn:nir:stato:decreto.legislativo:2024-12-31;209,,2024-12-31,24G00231,1,2026-04,True,7969,bb9bb16cfd45a90da820c286d1514d2234ebb77e65892be032f21f3b83fd8efa
data/output/appalti_it/raw/dlgs_209_2024_art_028.html,Normattiva,dlgs_209_2024,028,urn:nir:stato:decreto.legislativo:2024-12-31;209,,2024-12-31,24G00231,1,2026-04,True,4693,20b2aac8e63574214be3c34da4e79f07d5fcdd68947545327835d5962ccc1a98
data/output/appalti_it/raw/dlgs_209_2024_art_029.html,Normattiva,dlgs_209_2024,029,urn:nir:stato:decreto.legislativo:2024-12-31;209,,2024-12-31,24G00231,1,2026-04,True,6643,24d880f4b033bf33c40fa01ee99c71a6a6e1115676dcc7d12dbe147e79541aff
data/output/appalti_it/raw/dlgs_209_2024_art_030.html,Normattiva,dlgs_209_2024,030,urn:nir:stato:decreto.legislativo:2024-12-31;209,,2024-12-31,24G00231,1,2026-04,True,4714,a86cc5a11ba56f6b7e19559f7f7fadd84b38dc01eedd1257d4bf95ce7d06a7c0
data/output/appalti_it/raw/dlgs_209_2024_art_031.html,Normattiva,dlgs_209_2024,031,urn:nir:stato:decreto.legislativo:2024-12-31;209,,2024-12-31,24G00231,1,2026-04,True,6355,54cd2208d29df628ba8134bea366e5f51b10be72591ce306bf820f856e903e89
data/output/appalti_it/raw/dlgs_209_2024_art_032.html,Normattiva,dlgs_209_2024,032,urn:nir:stato:decreto.legislativo:2024-12-31;209,,2024-12-31,24G00231,1,2026-04,True,5197,ec09864d0018d6a3993f344652eaf32af1af6ad4656b770a855ad3275df47a12
data/output/appalti_it/raw/dlgs_209_2024_art_033.html,Normattiva,dlgs_209_2024,033,urn:nir:stato:decreto.legislativo:2024-12-31;209,,2024-12-31,24G00231,1,2026-04,True,5465,ab7545d6e8e0c07205319802dce0f815f1959827eefd921072eb428c944d2704
data/output/appalti_it/raw/dlgs_209_2024_art_034.html,Normattiva,dlgs_209_2024,034,urn:nir:stato:decreto.legislativo:2024-12-31;209,,2024-12-31,24G00231,1,2026-04,True,5422,8630f1e8430853a1110db6e5ae90bc0cbcc809396e82cb014c5a6a3edc2e8758
data/output/appalti_it/raw/dlgs_209_2024_art_035.html,Normattiva,dlgs_209_2024,035,urn:nir:stato:decreto.legislativo:2024-12-31;209,,2024-12-31,24G00231,1,2026-04,True,6048,3d4a68807f2c8028b80c075036ad75adbf482cd9512276e8280de8d44070b630
data/output/appalti_it/raw/dlgs_209_2024_art_036.html,Normattiva,dlgs_209_2024,036,urn:nir:stato:decreto.legislativo:2024-12-31;209,,2024-12-31,24G00231,1,2026-04,True,5669,3a87ad5bd89a1fb2916f387a34bfc72d83fbe791186ff25b38b2649afd7ebca1
data/output/appalti_it/raw/dlgs_209_2024_art_037.html,Normattiva,dlgs_209_2024,037,urn:nir:stato:decreto.legislativo:2024-12-31;209,,2024-12-31,24G00231,1,2026-04,True,4507,1d49750f1771d310193d874d097f230f1e9e7ca543490f9202f96078461dd180
data/output/appalti_it/raw/dlgs_209_2024_art_038.html,Normattiva,dlgs_209_2024,038,urn:nir:stato:decreto.legislativo:2024-12-31;209,,2024-12-31,24G00231,1,2026-04,True,4611,6b19e957736d6aaf044a34e58ee354ee66cc6f47ee69a20f6f0e193183a338f3
data/output/appalti_it/raw/dlgs_209_2024_art_039.html,Normattiva,dlgs_209_2024,039,urn:nir:stato:decreto.legislativo:2024-12-31;209,,2024-12-31,24G00231,1,2026-04,True,4998,e4e9ca847dc314e57dc6bfbfaa9225f067debb39f226ea2e424dc5a8eb481227
data/output/appalti_it/raw/dlgs_209_2024_art_040.html,Normattiva,dlgs_209_2024,040,urn:nir:stato:decreto.legislativo:2024-12-31;209,,2024-12-31,24G00231,1,2026-04,True,8809,bd0f6f6c559525faaf50f2e3a0379c9aa367d8fbdac8604b04786daf1925ae5f
data/output/appalti_it/raw/dlgs_209_2024_art_041.html,Normattiva,dlgs_209_2024,041,urn:nir:stato:decreto.legislativo:2024-12-31;209,,2024-12-31,24G00231,1,2026-04,True,7622,a030f87ba4dc3a9606d9ca4abb92182c0d7ae0a56b2469ce0f65af7c5ac1f488
data/output/appalti_it/raw/dlgs_209_2024_art_042.html,Normattiva,dlgs_209_2024,042,urn:nir:stato:decreto.legislativo:2024-12-31;209,,2024-12-31,24G00231,1,2026-04,True,7451,374935799056f87764eaa811ada8baa9ed2d5d553b51b6e27e0a278bb93d7f19
data/output/appalti_it/raw/dlgs_209_2024_art_043.html,Normattiva,dlgs_209_2024,043,urn:nir:stato:decreto.legislativo:2024-12-31;209,,2024-12-31,24G00231,1,2026-04,True,4632,6a77f4fb97134a6c835561ca7cfd35aaafd8d7d299a7fdece28701e437e6acbf
data/output/appalti_it/raw/dlgs_209_2024_art_044.html,Normattiva,dlgs_209_2024,044,urn:nir:stato:decreto.legislativo:2024-12-31;209,,2024-12-31,24G00231,1,2026-04,True,6129,e22f6c80e50c8869c25a75063fa192e7ca00d4b803069f25599288b62e1937a2
data/output/appalti_it/raw/dlgs_209_2024_art_045.html,Normattiva,dlgs_209_2024,045,urn:nir:stato:decreto.legislativo:2024-12-31;209,,2024-12-31,24G00231,1,2026-04,True,6759,91ccf59c2842aaa8083b87321a6516f6f10bad245a1fd735233d68923c2236c7
data/output/appalti_it/raw/dlgs_209_2024_art_046.html,Normattiva,dlgs_209_2024,046,urn:nir:stato:decreto.legislativo:2024-12-31;209,,2024-12-31,24G00231,1,2026-04,True,4720,29bcc241581e81453ea6ebde5e5444b521d2607af28eec86e8be70b77cee3bf4
data/output/appalti_it/raw/dlgs_209_2024_art_047.html,Normattiva,dlgs_209_2024,047,urn:nir:stato:decreto.legislativo:2024-12-31;209,,2024-12-31,24G00231,1,2026-04,True,5451,756ce2e74008a11c4d0b852ca52df49b90e5eb75acfedb68713584a751116359
data/output/appalti_it/raw/dlgs_209_2024_art_048.html,Normattiva,dlgs_209_2024,048,urn:nir:stato:decreto.legislativo:2024-12-31;209,,2024-12-31,24G00231,1,2026-04,True,4806,94b2d477319906340529b36b62ef11f9c28e60a529108cd5d6c14e47e586566f
data/output/appalti_it/raw/dlgs_209_2024_art_049.html,Normattiva,dlgs_209_2024,049,urn:nir:stato:decreto.legislativo:2024-12-31;209,,2024-12-31,24G00231,1,2026-04,True,4962,ebbc7295a3c966290ea43feb14f896bc3067d390e4ddba804adf33d4fc277987
data/output/appalti_it/raw/dlgs_209_2024_art_050.html,Normattiva,dlgs_209_2024,050,urn:nir:stato:decreto.legislativo:2024-12-31;209,,2024-12-31,24G00231,1,2026-04,True,4661,4b751d284d7994c9c3b6930e26367000f9b8f3845b13cbbb41c34fc8fd11963b
data/output/appalti_it/raw/dlgs_209_2024_art_051.html,Normattiva,dlgs_209_2024,051,urn:nir:stato:decreto.legislativo:2024-12-31;209,,2024-12-31,24G00231,1,2026-04,True,5241,7bee146ea464c9e8e04ddb4de21d46cbfe19d183073b0e057f8c65e59a039305
data/output/appalti_it/raw/dlgs_209_2024_art_052.html,Normattiva,dlgs_209_2024,052,urn:nir:stato:decreto.legislativo:2024-12-31;209,,2024-12-31,24G00231,1,2026-04,True,4627,cc4c81196517b1bdd375454d02aa95af365690857695750c94f7273375915561
data/output/appalti_it/raw/dlgs_209_2024_art_053.html,Normattiva,dlgs_209_2024,053,urn:nir:stato:decreto.legislativo:2024-12-31;209,,2024-12-31,24G00231,1,2026-04,True,4652,c64f68d5b3cf66f4237edcfe9deae81bc3833a2d6674543a14b672fe8aa45770
data/output/appalti_it/raw/dlgs_209_2024_art_054.html,Normattiva,dlgs_209_2024,054,urn:nir:stato:decreto.legislativo:2024-12-31;209,,2024-12-31,24G00231,1,2026-04,True,7284,e914c1d471302471b4802df565b44295bb68732f7c4f3f50040bf3b793c44a79
data/output/appalti_it/raw/dlgs_209_2024_art_055.html,Normattiva,dlgs_209_2024,055,urn:nir:stato:decreto.legislativo:2024-12-31;209,,2024-12-31,24G00231,1,2026-04,True,4876,4928340b390ca7dd2c7319a687e9626f397a6c50efeb3e32ca9eeefd65c4eae8
data/output/appalti_it/raw/dlgs_209_2024_art_056.html,Normattiva,dlgs_209_2024,056,urn:nir:stato:decreto.legislativo:2024-12-31;209,,2024-12-31,24G00231,1,2026-04,True,5264,284d5dcfa25ee70d26a6409a82d301d98405fc17b80920e1dbc4c99346d3efbd
data/output/appalti_it/raw/dlgs_209_2024_art_057.html,Normattiva,dlgs_209_2024,057,urn:nir:stato:decreto.legislativo:2024-12-31;209,,2024-12-31,24G00231,1,2026-04,True,17079,950b074cf873e0ee71cfc85930f86ce5d9d03f87167a639281b93745838750bf
data/output/appalti_it/raw/dlgs_209_2024_art_058.html,Normattiva,dlgs_209_2024,058,urn:nir:stato:decreto.legislativo:2024-12-31;209,,2024-12-31,24G00231,1,2026-04,True,4910,638ca2713144f70e996b1c415b671e269d6555c2a4e031991d98f29b2715dc98
data/output/appalti_it/raw/dlgs_209_2024_art_059.html,Normattiva,dlgs_209_2024,059,urn:nir:stato:decreto.legislativo:2024-12-31;209,,2024-12-31,24G00231,1,2026-04,True,5459,918a6eaaaf06b5bbbc688c926aa1fe01f26ae95211c4676a7109224725b4ab87
data/output/appalti_it/raw/dlgs_209_2024_art_060.html,Normattiva,dlgs_209_2024,060,urn:nir:stato:decreto.legislativo:2024-12-31;209,,2024-12-31,24G00231,1,2026-04,True,4871,72b299df3e7f1f464b67c25ff413afdaafe250339d7aede5a0c040a4d8cc3bae
data/output/appalti_it/raw/dlgs_209_2024_art_061.html,Normattiva,dlgs_209_2024,061,urn:nir:stato:decreto.legislativo:2024-12-31;209,,2024-12-31,24G00231,1,2026-04,True,4929,a0343e4dff6f20754e9d061bfa829fab7f83363caf5943ffc0484129a30eb7eb
data/output/appalti_it/raw/dlgs_209_2024_art_062.html,Normattiva,dlgs_209_2024,062,urn:nir:stato:decreto.legislativo:2024-12-31;209,,2024-12-31,24G00231,1,2026-04,True,5579,41a17f6a138195751adf9633b440454ade4a01315f361e6fad93a8fa8a7a3b7f
data/output/appalti_it/raw/dlgs_209_2024_art_063.html,Normattiva,dlgs_209_2024,063,urn:nir:stato:decreto.legislativo:2024-12-31;209,,2024-12-31,24G00231,1,2026-04,True,5761,162b07075b78608ca4bf0460ee1ec91371ffb88a5dc521381101e27c730ada50
data/output/appalti_it/raw/dlgs_209_2024_art_064.html,Normattiva,dlgs_209_2024,064,urn:nir:stato:decreto.legislativo:2024-12-31;209,,2024-12-31,24G00231,1,2026-04,True,5892,7687c116f83d71bec825a88ffec8a9bf9877c6eedde5d06ff2c85249091a8615
data/output/appalti_it/raw/dlgs_209_2024_art_065.html,Normattiva,dlgs_209_2024,065,urn:nir:stato:decreto.legislativo:2024-12-31;209,,2024-12-31,24G00231,1,2026-04,True,4851,d45ac05f1d34c2e6a29edf1c2e98ac67af0465d8172192e41a89d6924a72a400
data/output/appalti_it/raw/dlgs_209_2024_art_066.html,Normattiva,dlgs_209_2024,066,urn:nir:stato:decreto.legislativo:2024-12-31;209,,2024-12-31,24G00231,1,2026-04,True,4561,768417052eec3eb549ed9a0b7895fcc370d78e4f0cc222ca71beaf23ffd798d8
data/output/appalti_it/raw/dlgs_209_2024_art_067.html,Normattiva,dlgs_209_2024,067,urn:nir:stato:decreto.legislativo:2024-12-31;209,,2024-12-31,24G00231,1,2026-04,True,4840,e9317ae10d97fb2241892255a92429492e7aeaecb836ece74aa1c56ebe7f1163
data/output/appalti_it/raw/dlgs_209_2024_art_068.html,Normattiva,dlgs_209_2024,068,urn:nir:stato:decreto.legislativo:2024-12-31;209,,2024-12-31,24G00231,1,2026-04,True,4688,f6112e42a17883512ec5caf321fd0cb6023d403f92a80571b4e2b26c6794dcbb
data/output/appalti_it/raw/dlgs_209_2024_art_069.html,Normattiva,dlgs_209_2024,069,urn:nir:stato:decreto.legislativo:2024-12-31;209,,2024-12-31,24G00231,1,2026-04,True,5629,4be91e1491a50c10011af491afd3b869e69bd5242863f054bdf1d8ca5f81294d
data/output/appalti_it/raw/dlgs_209_2024_art_070.html,Normattiva,dlgs_209_2024,070,urn:nir:stato:decreto.legislativo:2024-12-31;209,,2024-12-31,24G00231,1,2026-04,True,7260,5158e1e180ad676320e6eb7f8dc1f2ab78851814104347315e1d2ba62a654872
data/output/appalti_it/raw/dlgs_209_2024_art_071.html,Normattiva,dlgs_209_2024,071,urn:nir:stato:decreto.legislativo:2024-12-31;209,,2024-12-31,24G00231,1,2026-04,True,4944,2d6349295ee3dd940bc788c4c9367955b2b786f1775b61d1d2cf331547d9e18a
data/output/appalti_it/raw/dlgs_209_2024_art_072.html,Normattiva,dlgs_209_2024,072,urn:nir:stato:decreto.legislativo:2024-12-31;209,,2024-12-31,24G00231,1,2026-04,True,17833,354ca827496eb4be046883d19f4479abeed2d7869bad717d87d44f367f1f92aa
data/output/appalti_it/raw/dlgs_209_2024_art_073.html,Normattiva,dlgs_209_2024,073,urn:nir:stato:decreto.legislativo:2024-12-31;209,,2024-12-31,24G00231,1,2026-04,True,14333,e448dd4c327aba1528388d613a783bba0653026e227d0a5bb3b7981a69ff7520
data/output/appalti_it/raw/dlgs_209_2024_art_074.html,Normattiva,dlgs_209_2024,074,urn:nir:stato:decreto.legislativo:2024-12-31;209,,2024-12-31,24G00231,1,2026-04,True,9610,b4182ec7a4746873f8986bbeaadf6899f2663d1e030158a3ce346948a08fdf56
data/output/appalti_it/raw/dlgs_209_2024_art_075.html,Normattiva,dlgs_209_2024,075,urn:nir:stato:decreto.legislativo:2024-12-31;209,,2024-12-31,24G00231,1,2026-04,True,6187,be43b7d1932703820b91bf5f3de1586976cb3dd975fde965296b733502f38512
data/output/appalti_it/raw/dlgs_209_2024_art_076.html,Normattiva,dlgs_209_2024,076,urn:nir:stato:decreto.legislativo:2024-12-31;209,,2024-12-31,24G00231,1,2026-04,True,6244,52a81939ae3bce818aa6c1529415a5f5f78d11ffd56c8c3814c05159c7647809
data/output/appalti_it/raw/dlgs_209_2024_art_077.html,Normattiva,dlgs_209_2024,077,urn:nir:stato:decreto.legislativo:2024-12-31;209,,2024-12-31,24G00231,1,2026-04,True,12750,9753fb3d6fe619899ac9705a8d6632f028eab4977207700abbd572525977abf5
data/output/appalti_it/raw/dlgs_209_2024_art_078.html,Normattiva,dlgs_209_2024,078,urn:nir:stato:decreto.legislativo:2024-12-31;209,,2024-12-31,24G00231,1,2026-04,True,37019,937aa6f04c89cac7d29191c0597c96c01bf223de8456722b0310ae4416b08445
data/output/appalti_it/raw/dlgs_209_2024_art_079.html,Normattiva,dlgs_209_2024,079,urn:nir:stato:decreto.legislativo:2024-12-31;209,,2024-12-31,24G00231,1,2026-04,True,6240,790700aba59554031d7c49ba7aafcc8a5e5003abdd4b332d37f04ab7a552dcbf
data/output/appalti_it/raw/dlgs_209_2024_art_080.html,Normattiva,dlgs_209_2024,080,urn:nir:stato:decreto.legislativo:2024-12-31;209,,2024-12-31,24G00231,1,2026-04,True,16038,dfc011f7bb6ca0d2c16777952bb7c649ae31b3f508e8de45d9771587fd3e6379
data/output/appalti_it/raw/dlgs_209_2024_art_081.html,Normattiva,dlgs_209_2024,081,urn:nir:stato:decreto.legislativo:2024-12-31;209,,2024-12-31,24G00231,1,2026-04,True,4700,62b029a32ddc85a93347756290d2dcd1e48637a22fc6f465200f8c829b693d0f
data/output/appalti_it/raw/dlgs_209_2024_art_082.html,Normattiva,dlgs_209_2024,082,urn:nir:stato:decreto.legislativo:2024-12-31;209,,2024-12-31,24G00231,1,2026-04,True,6147,0b7451228fada1164230d942d3f0ec4cb34f4b4c1a1be60cff30324ba6880705
data/output/appalti_it/raw/dlgs_209_2024_art_083.html,Normattiva,dlgs_209_2024,083,urn:nir:stato:decreto.legislativo:2024-12-31;209,,2024-12-31,24G00231,1,2026-04,True,6625,2d970a946325cc149dd1eab8a53fcb4db24160ab4c1d74376e5cbd5b45932692
data/output/appalti_it/raw/dlgs_209_2024_art_084.html,Normattiva,dlgs_209_2024,084,urn:nir:stato:decreto.legislativo:2024-12-31;209,,2024-12-31,24G00231,1,2026-04,True,6104,25af303188cc7f207038727c7da0d5eccfa9f9b793ad1972cdd3191a9e9b07f7
data/output/appalti_it/raw/dlgs_209_2024_art_085.html,Normattiva,dlgs_209_2024,085,urn:nir:stato:decreto.legislativo:2024-12-31;209,,2024-12-31,24G00231,1,2026-04,True,4760,c48f4a1421c099ed204298cc522687493b77067ce5853bfde94dc92a918fe61f
data/output/appalti_it/raw/dlgs_209_2024_art_086.html,Normattiva,dlgs_209_2024,086,urn:nir:stato:decreto.legislativo:2024-12-31;209,,2024-12-31,24G00231,1,2026-04,True,50331,b4cf2f9d0c8af1b8fffa96bfa8160c6950cb1872d8ee098380d1415668a0afb2
data/output/appalti_it/raw/dlgs_209_2024_art_087.html,Normattiva,dlgs_209_2024,087,urn:nir:stato:decreto.legislativo:2024-12-31;209,,2024-12-31,24G00231,1,2026-04,True,4874,cd05583190e4779c781b92d077bdb8c59e63c1d9035701bad5d0aea914da01bc
data/output/appalti_it/raw/dlgs_209_2024_art_088.html,Normattiva,dlgs_209_2024,088,urn:nir:stato:decreto.legislativo:2024-12-31;209,,2024-12-31,24G00231,1,2026-04,True,16896,b9ff4cc3e272b14d70108aea1c42abf2aa5448ef086ee01ee837adf0bce38e29
data/output/appalti_it/raw/dlgs_209_2024_art_089.html,Normattiva,dlgs_209_2024,089,urn:nir:stato:decreto.legislativo:2024-12-31;209,,2024-12-31,24G00231,1,2026-04,True,15606,676de12e4814c04b8d947620a34c5f77f7ec25800ff13f9901822cffb26dda34
data/output/appalti_it/raw/dlgs_209_2024_art_090.html,Normattiva,dlgs_209_2024,090,urn:nir:stato:decreto.legislativo:2024-12-31;209,,2024-12-31,24G00231,1,2026-04,True,4878,2d29030cb28dba9f80103bb64ccdbfb7fe324bd3c5f0d41b961c329851b29515
data/output/appalti_it/raw/dlgs_209_2024_art_091.html,Normattiva,dlgs_209_2024,091,urn:nir:stato:decreto.legislativo:2024-12-31;209,,2024-12-31,24G00231,1,2026-04,True,7604,fa342d18b20fc9c991cd91b71e66b2cd18c68cf57e854ec2dc4d543211b9c0d1
data/output/appalti_it/raw/dlgs_209_2024_art_092.html,Normattiva,dlgs_209_2024,092,urn:nir:stato:decreto.legislativo:2024-12-31;209,,2024-12-31,24G00231,1,2026-04,True,10589,bf556315f76381f095374a4c6a9c2e355d8e2bd22c5f7b9acc3c519ceea20858
data/output/appalti_it/raw/dlgs_209_2024_art_093.html,Normattiva,dlgs_209_2024,093,urn:nir:stato:decreto.legislativo:2024-12-31;209,,2024-12-31,24G00231,1,2026-04,True,6998,8dc4a34ae54eb132e2447f9a27e05186e24763ba9f1d73cb5dd325cabae233f1
data/output/appalti_it/raw/dlgs_209_2024_art_094.html,Normattiva,dlgs_209_2024,094,urn:nir:stato:decreto.legislativo:2024-12-31;209,,2024-12-31,24G00231,1,2026-04,True,26361,ae773d4445e04883550d351dd5df78f088dceb6c64a82286832c313e894626a0
data/output/appalti_it/raw/dlgs_209_2024_art_095.html,Normattiva,dlgs_209_2024,095,urn:nir:stato:decreto.legislativo:2024-12-31;209,,2024-12-31,24G00231,1,2026-04,True,4900,ca466fb39350dcc66ce797ef9232fc7cb746c1533d6e5e67106c9250fff1de5b
data/output/appalti_it/raw/dlgs_209_2024_art_096.html,Normattiva,dlgs_209_2024,096,urn:nir:stato:decreto.legislativo:2024-12-31;209,,2024-12-31,24G00231,1,2026-04,True,4604,f2afdd7e966a34e589776029215d3c5c96689b9e7701252e1d03473154624a81
data/output/appalti_it/raw/dlgs_209_2024_art_097.html,Normattiva,dlgs_209_2024,097,urn:nir:stato:decreto.legislativo:2024-12-31;209,,2024-12-31,24G00231,1,2026-04,True,5900,e8474ed9c153eed50eaccbd88b4f99d69e9500a2e37de51fa6667388d7c891f7
data/output/appalti_it/raw/dlgs_218_2012.html,Normattiva,dlgs_218_2012,,urn:nir:stato:decreto.legislativo:2012-11-15;218,,2012-12-13,012G0240,1,2026-04,True,103791,d76920e108f20047d3e84539fdab8aa3ead63038eace79ee046848fd49f143d2
data/output/appalti_it/raw/dlgs_218_2012_art_001.html,Normattiva,dlgs_218_2012,001,urn:nir:stato:decreto.legislativo:2012-11-15;218,,2012-12-13,012G0240,1,2026-04,True,36487,ad025f5508228bc2ccc89228f8d03851088b9e8246599767f0a9c49285fe0f75
data/output/appalti_it/raw/dlgs_218_2012_art_002.html,Normattiva,dlgs_218_2012,002,urn:nir:stato:decreto.legislativo:2012-11-15;218,,2012-12-13,012G0240,1,2026-04,True,18940,a7c48af447d071b4007f9a18315c5174cb10a76c7fe86106db264809dda30bb6
data/output/appalti_it/raw/dlgs_218_2012_art_003.html,Normattiva,dlgs_218_2012,003,urn:nir:stato:decreto.legislativo:2012-11-15;218,,2012-12-13,012G0240,1,2026-04,True,7095,661550affef21e6bb760119df043601403501b650d35be0933fe6ea6f5f7fd40
data/output/appalti_it/raw/dlgs_218_2012_art_004.html,Normattiva,dlgs_218_2012,004,urn:nir:stato:decreto.legislativo:2012-11-15;218,,2012-12-13,012G0240,1,2026-04,True,18720,e47b128db15764ef37ac5b46c0cdf73fd11cf19512f2435ecdfb81a37f7e8539
data/output/appalti_it/raw/dlgs_218_2012_art_005.html,Normattiva,dlgs_218_2012,005,urn:nir:stato:decreto.legislativo:2012-11-15;218,,2012-12-13,012G0240,1,2026-04,True,11681,6432baa0f05ca6465321da5b68c260294d88b567c0384f958ef3cefb2da22b0e
data/output/appalti_it/raw/dlgs_218_2012_art_006.html,Normattiva,dlgs_218_2012,006,urn:nir:stato:decreto.legislativo:2012-11-15;218,,2012-12-13,012G0240,1,2026-04,True,8618,fc75adb7335e41158f411983adad50676e7fb5fadd898baaa7d2a18477fe7840
data/output/appalti_it/raw/dlgs_218_2012_art_007.html,Normattiva,dlgs_218_2012,007,urn:nir:stato:decreto.legislativo:2012-11-15;218,,2012-12-13,012G0240,1,2026-04,True,5944,2c7da9964929bbf1aa21f879e5b407c1e23f2ac9c55237c299ffe84a37d7d505
data/output/appalti_it/raw/dlgs_218_2012_art_008.html,Normattiva,dlgs_218_2012,008,urn:nir:stato:decreto.legislativo:2012-11-15;218,,2012-12-13,012G0240,1,2026-04,True,21174,92445441f156145f65a68a7d2eb3b8ddecf1f5455062ae3522c375b4dbe2c071
data/output/appalti_it/raw/dlgs_218_2012_art_009.html,Normattiva,dlgs_218_2012,009,urn:nir:stato:decreto.legislativo:2012-11-15;218,,2012-12-13,012G0240,1,2026-04,True,9852,f13ce5dcdbb98c9c93af606a430ad12d6ce97fbc200755fff7a033d506aadb74
data/output/appalti_it/raw/dlgs_218_2012_art_010.html,Normattiva,dlgs_218_2012,010,urn:nir:stato:decreto.legislativo:2012-11-15;218,,2012-12-13,012G0240,1,2026-04,True,4439,48d5720ceb74563866593026822eda29d4085ccb5c51245252409d0a1f44c39c
data/output/appalti_it/raw/dlgs_228_2011.html,Normattiva,dlgs_228_2011,,urn:nir:stato:decreto.legislativo:2011-12-29;228,,2012-02-06,012G0015,1,2026-04,True,111448,7633ee17a589c77a55ca799c118bfd43d50d823917bef7cfceb7bb4c9b0a1f70
data/output/appalti_it/raw/dlgs_228_2011_art_001.html,Normattiva,dlgs_228_2011,001,urn:nir:stato:decreto.legislativo:2011-12-29;228,,2012-02-06,012G0015,3,2026-04,True,42336,9f3fa6ae4653d7398d713f5512414090baa436a99aa455acca566c6e678b1cd3
data/output/appalti_it/raw/dlgs_228_2011_art_002.html,Normattiva,dlgs_228_2011,002,urn:nir:stato:decreto.legislativo:2011-12-29;228,,2012-02-06,012G0015,1,2026-04,True,9060,129045a24c1f1654c2f6e03f823d7a72ace6bb068f383a79fbe69fc45f8fff71
data/output/appalti_it/raw/dlgs_228_2011_art_003.html,Normattiva,dlgs_228_2011,003,urn:nir:stato:decreto.legislativo:2011-12-29;228,,2012-02-06,012G0015,3,2026-04,True,8035,64c1d03f4b3a99fcf4ea87863e148e7f761b53008c9cee30047b4f8fd9d72dd4
data/output/appalti_it/raw/dlgs_228_2011_art_004.html,Normattiva,dlgs_228_2011,004,urn:nir:stato:decreto.legislativo:2011-12-29;228,,2012-02-06,012G0015,1,2026-04,True,9631,81d1ea19b9cb2588b23c05e773afde4234f82d13f6bf314859e940dfb259178b
data/output/appalti_it/raw/dlgs_228_2011_art_005.html,Normattiva,dlgs_228_2011,005,urn:nir:stato:decreto.legislativo:2011-12-29;228,,2012-02-06,012G0015,1,2026-04,True,8225,63043b13d1841bf909d2120427f6bccdf7e83ac93fb58c102849da10a45a08fa
data/output/appalti_it/raw/dlgs_228_2011_art_006.html,Normattiva,dlgs_228_2011,006,urn:nir:stato:decreto.legislativo:2011-12-29;228,,2012-02-06,012G0015,2,2026-04,True,7201,7ef09a953050697d2bc9b8566b8b9006c29884dc2c202129a7e470056e0e2fed
data/output/appalti_it/raw/dlgs_228_2011_art_007.html,Normattiva,dlgs_228_2011,007,urn:nir:stato:decreto.legislativo:2011-12-29;228,,2012-02-06,012G0015,1,2026-04,True,10546,4e08e21419fc73b083b42fd9bed66376b209d5bbe99dab4bfd9ed1a64a7c0d9c
data/output/appalti_it/raw/dlgs_228_2011_art_008.html,Normattiva,dlgs_228_2011,008,urn:nir:stato:decreto.legislativo:2011-12-29;228,,2012-02-06,012G0015,1,2026-04,True,5889,8153aeb71921f20f7b38533e159a0346d998f4465ef419435ee69b6e84d4d80a
data/output/appalti_it/raw/dlgs_228_2011_art_009.html,Normattiva,dlgs_228_2011,009,urn:nir:stato:decreto.legislativo:2011-12-29;228,,2012-02-06,012G0015,1,2026-04,True,4747,b8eff86d1a0b631d50b9263a46f16213103ec2b2c7a02efe102ad5aea62dad3d
data/output/appalti_it/raw/dlgs_228_2011_art_010.html,Normattiva,dlgs_228_2011,010,urn:nir:stato:decreto.legislativo:2011-12-29;228,,2012-02-06,012G0015,2,2026-04,True,4707,b9d2e1ee77d2d1c2a6c1c291f1d06cbb2683c36a8de434c20a3ca60cd86801b4
data/output/appalti_it/raw/dlgs_228_2011_art_011.html,Normattiva,dlgs_228_2011,011,urn:nir:stato:decreto.legislativo:2011-12-29;228,,2012-02-06,012G0015,1,2026-04,True,4356,3e7a820cde2a224f17665fd69129bdcc9c38dde78afdd17a03dac48d7c261718
data/output/appalti_it/raw/dlgs_229_2011.html,Normattiva,dlgs_229_2011,,urn:nir:stato:decreto.legislativo:2011-12-29;229,,2012-02-06,012G0016,2,2026-04,True,84418,099b5a21ccea85d78711da6a4bdf9591829e97c7c8fc7799db12be984e125fba
data/output/appalti_it/raw/dlgs_229_2011_art_001.html,Normattiva,dlgs_229_2011,001,urn:nir:stato:decreto.legislativo:2011-12-29;229,,2012-02-06,012G0016,1,2026-04,True,15450,80760af50fd379d46b7f28d026a1cdc07db6fb8f47feed4515e4129333f8e57e
data/output/appalti_it/raw/dlgs_229_2011_art_002.html,Normattiva,dlgs_229_2011,002,urn:nir:stato:decreto.legislativo:2011-12-29;229,,2012-02-06,012G0016,2,2026-04,True,5157,af61feea0cc0ac881944df2ca8a59a0858c3a2e054ef8534cc7fd931b9ea2856
data/output/appalti_it/raw/dlgs_229_2011_art_003.html,Normattiva,dlgs_229_2011,003,urn:nir:stato:decreto.legislativo:2011-12-29;229,,2012-02-06,012G0016,1,2026-04,True,4478,d727b573c200b44b7c1b9bdd83f59991519ea6786ef7b05c0d1eb78d05293f9a
data/output/appalti_it/raw/dlgs_229_2011_art_004.html,Normattiva,dlgs_229_2011,004,urn:nir:stato:decreto.legislativo:2011-12-29;229,,2012-02-06,012G0016,1,2026-04,True,9478,3e5d553998ebbea40f020c0fe6b4702a220d23879bde7649c428a13f0c192abd
data/output/appalti_it/raw/dlgs_229_2011_art_005.html,Normattiva,dlgs_229_2011,005,urn:nir:stato:decreto.legislativo:2011-12-29;229,,2012-02-06,012G0016,2,2026-04,True,5125,5fdad7ef1bc5eeec0118c4541857c4b9c6b3db0300a2746dbdd7f462b710ad89
data/output/appalti_it/raw/dlgs_229_2011_art_006.html,Normattiva,dlgs_229_2011,006,urn:nir:stato:decreto.legislativo:2011-12-29;229,,2012-02-06,012G0016,1,2026-04,True,6912,c4c93ed1f3e39cb0035633b4f0d19a699501f80c5410b640b269fe3d830f09a0
data/output/appalti_it/raw/dlgs_229_2011_art_007.html,Normattiva,dlgs_229_2011,007,urn:nir:stato:decreto.legislativo:2011-12-29;229,,2012-02-06,012G0016,1,2026-04,True,4587,993f1ec2511ad2d2e7dbc31f419c13590b48a6ae9a8918c6d783f6148441e4e7
data/output/appalti_it/raw/dlgs_229_2011_art_008.html,Normattiva,dlgs_229_2011,008,urn:nir:stato:decreto.legislativo:2011-12-29;229,,2012-02-06,012G0016,1,2026-04,True,8407,18c489d1e5f5b9d53c01e56fe5a86e14288f207561957ebedcf3a3b1ec1161c0
data/output/appalti_it/raw/dlgs_229_2011_art_009.html,Normattiva,dlgs_229_2011,009,urn:nir:stato:decreto.legislativo:2011-12-29;229,,2012-02-06,012G0016,1,2026-04,True,5751,c5da0578b117a722f42bc6777c9c7ad47a2ea8617bcbb8df896a3ec1813c8f0c
data/output/appalti_it/raw/dlgs_229_2011_art_010.html,Normattiva,dlgs_229_2011,010,urn:nir:stato:decreto.legislativo:2011-12-29;229,,2012-02-06,012G0016,1,2026-04,True,28612,557c8f2d19b3637eef2edd61cd6e5d1177c83fbcae4f1335170d2056224b4eb5
data/output/appalti_it/raw/dlgs_229_2011_art_011.html,Normattiva,dlgs_229_2011,011,urn:nir:stato:decreto.legislativo:2011-12-29;229,,2012-02-06,012G0016,1,2026-04,True,4939,0fe20188b376cebebecfa206f155ed83a16510605e42ae1a6bcd787064eff220
data/output/appalti_it/raw/dlgs_229_2011_art_012.html,Normattiva,dlgs_229_2011,012,urn:nir:stato:decreto.legislativo:2011-12-29;229,,2012-02-06,012G0016,1,2026-04,True,4410,c67cbd9fb37949d840767a171e033f9c54211e84d5edd18eeb1ff9b4cf221b62
data/output/appalti_it/raw/dlgs_33_2013.html,Normattiva,dlgs_33_2013,,urn:nir:stato:decreto.legislativo:2013-03-14;33,,2013-04-05,13G00076,2,2026-04,True,140518,beaaedbba96023424d36087aca60c2c7b4feb46f14f15184587f74caaaf419da
data/output/appalti_it/raw/dlgs_33_2013_art_001.html,Normattiva,dlgs_33_2013,001,urn:nir:stato:decreto.legislativo:2013-03-14;33,,2013-04-05,13G00076,2,2026-04,True,10723,1163d95f737f8e9d09736190fea2b3322c520cb332ee89ad2180fd00f19125d8
data/output/appalti_it/raw/dlgs_33_2013_art_002.html,Normattiva,dlgs_33_2013,002,urn:nir:stato:decreto.legislativo:2013-03-14;33,,2013-04-05,13G00076,2,2026-04,True,6055,7afeb3a0adce4af419c108d1d297016c6ad96736dc7e011b7828a3324f4177c4
data/output/appalti_it/raw/dlgs_33_2013_art_003.html,Normattiva,dlgs_33_2013,003,urn:nir:stato:decreto.legislativo:2013-03-14;33,,2013-04-05,13G00076,2,2026-04,True,6832,2af2fe149db7de00d0776de3bcbf1aadd72249348e287ec5129941bebb3ab378
data/output/appalti_it/raw/dlgs_33_2013_art_004.html,Normattiva,dlgs_33_2013,004,urn:nir:stato:decreto.legislativo:2013-03-14;33,,2013-04-05,13G00076,2,2026-04,True,4746,4e902e99f5d9829a1ea2452b66c7fdd8370a02e5948ee352a09add1f7e7e74a8
data/output/appalti_it/raw/dlgs_33_2013_art_005.html,Normattiva,dlgs_33_2013,005,urn:nir:stato:decreto.legislativo:2013-03-14;33,,2013-04-05,13G00076,1,2026-04,True,14648,8ceffb0a98c234653f1ac6e18220b6d1afa16d4212d30e5397259d71c0d61645
data/output/appalti_it/raw/dlgs_33_2013_art_006.html,Normattiva,dlgs_33_2013,006,urn:nir:stato:decreto.legislativo:2013-03-14;33,,2013-04-05,13G00076,2,2026-04,True,6301,293616863e9b45ee471a7691e4deaa4ac6d1492eed7ec191d1a94fcc7c3bfef9
data/output/appalti_it/raw/dlgs_33_2013_art_007.html,Normattiva,dlgs_33_2013,007,urn:nir:stato:decreto.legislativo:2013-03-14;33,,2013-04-05,13G00076,2,2026-04,True,6450,49df5915bb81d47563da364cba71f79d79d605215e6923e4378bb37cd01adae3
data/output/appalti_it/raw/dlgs_33_2013_art_008.html,Normattiva,dlgs_33_2013,008,urn:nir:stato:decreto.legislativo:2013-03-14;33,,2013-04-05,13G00076,1,2026-04,True,6695,d32e1b611ccab9659f57c6d2b3f099acfac83969d7e957e8f941bfe5817e8022
data/output/appalti_it/raw/dlgs_33_2013_art_009.html,Normattiva,dlgs_33_2013,009,urn:nir:stato:decreto.legislativo:2013-03-14;33,,2013-04-05,13G00076,2,2026-04,True,5940,d7361cf1026df071b4563d67ceb0259c4505f18a7763b6a9c19333e5392c3dfc
data/output/appalti_it/raw/dlgs_33_2013_art_010.html,Normattiva,dlgs_33_2013,010,urn:nir:stato:decreto.legislativo:2013-03-14;33,,2013-04-05,13G00076,1,2026-04,True,10169,ec80b83fd6971978c6b0bf41b19078926fb678b65f3fae26b672ed67568f9e63
data/output/appalti_it/raw/dlgs_33_2013_art_011.html,Normattiva,dlgs_33_2013,011,urn:nir:stato:decreto.legislativo:2013-03-14;33,,2013-04-05,13G00076,2,2026-04,True,4754,7ca9622ad3844006f83fb5e162075d6ab2d550a592ec4c50c0b78e81a7f37c79
data/output/appalti_it/raw/dlgs_33_2013_art_012.html,Normattiva,dlgs_33_2013,012,urn:nir:stato:decreto.legislativo:2013-03-14;33,,2013-04-05,13G00076,3,2026-04,True,7174,abdeb86f260c72e44a009c9c43de483719ca0a8c72fc1284d991bc9ac382f9c2
data/output/appalti_it/raw/dlgs_33_2013_art_013.html,Normattiva,dlgs_33_2013,013,urn:nir:stato:decreto.legislativo:2013-03-14;33,,2013-04-05,13G00076,3,2026-04,True,6051,4ec365e48896be8f6583fc7925b917fbb9ae9e013a8da9e38ad043c506e57c63
data/output/appalti_it/raw/dlgs_33_2013_art_014.html,Normattiva,dlgs_33_2013,014,urn:nir:stato:decreto.legislativo:2013-03-14;33,,2013-04-05,13G00076,2,2026-04,True,11879,11b8020bd3340f10d15d918af2172344b18f80375eb762432a3b7d97d9f821d5
data/output/appalti_it/raw/dlgs_33_2013_art_015.html,Normattiva,dlgs_33_2013,015,urn:nir:stato:decreto.legislativo:2013-03-14;33,,2013-04-05,13G00076,3,2026-04,True,8612,4702bbd5b980f13e8e914f1304dbd2ffd7fe03dfef10b60de69d2fa941a66104
data/output/appalti_it/raw/dlgs_33_2013_art_016.html,Normattiva,dlgs_33_2013,016,urn:nir:stato:decreto.legislativo:2013-03-14;33,,2013-04-05,13G00076,1,2026-04,True,7977,b7873c3c37a448bbd0be083279907e78d344060e0dae76f2d0ca60bc5ae1e828
data/output/appalti_it/raw/dlgs_33_2013_art_017.html,Normattiva,dlgs_33_2013,017,urn:nir:stato:decreto.legislativo:2013-03-14;33,,2013-04-05,13G00076,2,2026-04,True,5954,b55731353c216ed1ac71be2b3b502c39eab9eeb23c93af71c37d629685026f26
data/output/appalti_it/raw/dlgs_33_2013_art_018.html,Normattiva,dlgs_33_2013,018,urn:nir:stato:decreto.legislativo:2013-03-14;33,,2013-04-05,13G00076,2,2026-04,True,5103,018d95285c689eea053e9f1031accfd0671bb1af184675ec65bce5a0fbed6a0b
data/output/appalti_it/raw/dlgs_33_2013_art_019.html,Normattiva,dlgs_33_2013,019,urn:nir:stato:decreto.legislativo:2013-03-14;33,,2013-04-05,13G00076,2,2026-04,True,6142,f4d4e81c0efd43576308afe8853613987098fe7ad9b863649670751f1fbe1960
data/output/appalti_it/raw/dlgs_33_2013_art_020.html,Normattiva,dlgs_33_2013,020,urn:nir:stato:decreto.legislativo:2013-03-14;33,,2013-04-05,13G00076,3,2026-04,True,5982,013b46204de15b53341726343a5298240b97a85faf264e3b651391ad26158bc8
data/output/appalti_it/raw/dlgs_33_2013_art_021.html,Normattiva,dlgs_33_2013,021,urn:nir:stato:decreto.legislativo:2013-03-14;33,,2013-04-05,13G00076,2,2026-04,True,6190,6743aadca44061dddee002328b32611669241d552381e379b35d29dc61e34b68
data/output/appalti_it/raw/dlgs_33_2013_art_022.html,Normattiva,dlgs_33_2013,022,urn:nir:stato:decreto.legislativo:2013-03-14;33,,2013-04-05,13G00076,2,2026-04,True,10477,d61e612ebc4dd80bee2e73b55a2f8c2fe020378b7f602cd8ff12bce78820d5d5
data/output/appalti_it/raw/dlgs_33_2013_art_023.html,Normattiva,dlgs_33_2013,023,urn:nir:stato:decreto.legislativo:2013-03-14;33,,2013-04-05,13G00076,2,2026-04,True,6953,905764ff9927a81597f194b9458a30e56204a35c213702971e0fbc45b17ecf07
data/output/appalti_it/raw/dlgs_33_2013_art_024.html,Normattiva,dlgs_33_2013,024,urn:nir:stato:decreto.legislativo:2013-03-14;33,,2013-04-05,13G00076,1,2026-04,True,4754,44adc5f2f608889669a07cc60993c29520dc7d24d94f401414bcd2857c151970
data/output/appalti_it/raw/dlgs_33_2013_art_025.html,Normattiva,dlgs_33_2013,025,urn:nir:stato:decreto.legislativo:2013-03-14;33,,2013-04-05,13G00076,2,2026-04,True,4754,caa1dce4bc7dd5a1fe1bf32b3cd4b531a0e463954fe1df47265fc5dae1ebdfd4
data/output/appalti_it/raw/dlgs_33_2013_art_026.html,Normattiva,dlgs_33_2013,026,urn:nir:stato:decreto.legislativo:2013-03-14;33,,2013-04-05,13G00076,2,2026-04,True,10078,f56ae7b0360b79943c9278a86c3ab3fe47cdb8f7967a9c329a8b740bcc4c56ff
data/output/appalti_it/raw/dlgs_33_2013_art_027.html,Normattiva,dlgs_33_2013,027,urn:nir:stato:decreto.legislativo:2013-03-14;33,,2013-04-05,13G00076,4,2026-04,True,5610,b24afec9417c18da0953bcb88ee710821443d53db35d40e68793c38dd478809f
data/output/appalti_it/raw/dlgs_33_2013_art_028.html,Normattiva,dlgs_33_2013,028,urn:nir:stato:decreto.legislativo:2013-03-14;33,,2013-04-05,13G00076,1,2026-04,True,5857,a302301fab73f813ba9ca8828098d1bd6e2d1d0a3f9f17a04306cef0647bfe0d
data/output/appalti_it/raw/dlgs_33_2013_art_029.html,Normattiva,dlgs_33_2013,029,urn:nir:stato:decreto.legislativo:2013-03-14;33,,2013-04-05,13G00076,2,2026-04,True,6560,c1197025b440eae61b99a3712a2df2848550a20f81cad15337c6de113aa8a473
data/output/appalti_it/raw/dlgs_33_2013_art_030.html,Normattiva,dlgs_33_2013,030,urn:nir:stato:decreto.legislativo:2013-03-14;33,,2013-04-05,13G00076,3,2026-04,True,5128,cf947cdc8810fb4d99744e04a58ff6f3081171da8953ba925473aff26db80580
data/output/appalti_it/raw/dlgs_33_2013_art_031.html,Normattiva,dlgs_33_2013,031,urn:nir:stato:decreto.legislativo:2013-03-14;33,,2013-04-05,13G00076,2,2026-04,True,5627,8ebe8daa2ee5dec04b97a734c51a62b56be2246643736c7d7893d7f472b8c9e0
data/output/appalti_it/raw/dlgs_33_2013_art_032.html,Normattiva,dlgs_33_2013,032,urn:nir:stato:decreto.legislativo:2013-03-14;33,,2013-04-05,13G00076,2,2026-04,True,5756,b2391c38a49c930b7126e9ca375c293104bce74ea94ee9c2688a32c04ad12bfd
data/output/appalti_it/raw/dlgs_33_2013_art_033.html,Normattiva,dlgs_33_2013,033,urn:nir:stato:decreto.legislativo:2013-03-14;33,,2013-04-05,13G00076,2,2026-04,True,5947,8f021352c34b949efe06814aa457e20bb68cb907fb569f143fc9f0a411455361
data/output/appalti_it/raw/dlgs_33_2013_art_034.html,Normattiva,dlgs_33_2013,034,urn:nir:stato:decreto.legislativo:2013-03-14;33,,2013-04-05,13G00076,3,2026-04,True,4754,74b1496ac2415add62ab32950d835b0a2ef31c9e85e5c710d956d7e15dc367f4
data/output/appalti_it/raw/dlgs_33_2013_art_035.html,Normattiva,dlgs_33_2013,035,urn:nir:stato:decreto.legislativo:2013-03-14;33,,2013-04-05,13G00076,2,2026-04,True,10353,4a2ddc6ee0ec95381a3b4206fa39b7f1ccf48015f5427ca9b6ac1d1325df434d
data/output/appalti_it/raw/dlgs_33_2013_art_036.html,Normattiva,dlgs_33_2013,036,urn:nir:stato:decreto.legislativo:2013-03-14;33,,2013-04-05,13G00076,2,2026-04,True,10561,7abc471d0a805b3462667cbdd9fff1ee0d822a4510339c33fcfe81dcdb67bd87
data/output/appalti_it/raw/dlgs_33_2013_art_037.html,Normattiva,dlgs_33_2013,037,urn:nir:stato:decreto.legislativo:2013-03-14;33,,2013-04-05,13G00076,1,2026-04,True,6657,715b9a7387294f35913c44a49f80f1741d68007e62850707cde1bae4f96322f3
data/output/appalti_it/raw/dlgs_33_2013_art_038.html,Normattiva,dlgs_33_2013,038,urn:nir:stato:decreto.legislativo:2013-03-14;33,,2013-04-05,13G00076,3,2026-04,True,7261,59849d35a569b3842fbd83cf5c52154071378ceb0bf2be1bc726c08524ac4fdd
data/output/appalti_it/raw/dlgs_33_2013_art_039.html,Normattiva,dlgs_33_2013,039,urn:nir:stato:decreto.legislativo:2013-03-14;33,,2013-04-05,13G00076,3,2026-04,True,6670,e53502f002310d4b877164b3b075ae91fd85760616e77dd645469cd7d08f9452
data/output/appalti_it/raw/dlgs_33_2013_art_040.html,Normattiva,dlgs_33_2013,040,urn:nir:stato:decreto.legislativo:2013-03-14;33,,2013-04-05,13G00076,2,2026-04,True,18330,6f182a0e935749fda0b56862659fb03c2ec47f3d3e2a9f6696d55297ef327d2a
data/output/appalti_it/raw/dlgs_33_2013_art_041.html,Normattiva,dlgs_33_2013,041,urn:nir:stato:decreto.legislativo:2013-03-14;33,,2013-04-05,13G00076,1,2026-04,True,7966,dd793a1bb8fdb7c0e0f4806d8dd84c8d6c6366b5f87b4221157dee28e1de2302
data/output/appalti_it/raw/dlgs_33_2013_art_042.html,Normattiva,dlgs_33_2013,042,urn:nir:stato:decreto.legislativo:2013-03-14;33,,2013-04-05,13G00076,3,2026-04,True,6751,15d012cd0daf04f507612b3d26e624efde159df85ddca8b4cd33c038061887d2
data/output/appalti_it/raw/dlgs_33_2013_art_043.html,Normattiva,dlgs_33_2013,043,urn:nir:stato:decreto.legislativo:2013-03-14;33,,2013-04-05,13G00076,3,2026-04,True,7549,74e66c0682904e6f191f6113ff9ba5654b7fa22ebfcc1fdd45c729a5ade51106
data/output/appalti_it/raw/dlgs_33_2013_art_044.html,Normattiva,dlgs_33_2013,044,urn:nir:stato:decreto.legislativo:2013-03-14;33,,2013-04-05,13G00076,2,2026-04,True,5435,b2343982b62eb8563ae5baacdb55cc19c29a554e983edb7acd3ca50cd77796df
data/output/appalti_it/raw/dlgs_33_2013_art_045.html,Normattiva,dlgs_33_2013,045,urn:nir:stato:decreto.legislativo:2013-03-14;33,,2013-04-05,13G00076,2,2026-04,True,8782,9259b741c124c18d7e25cb843552896b4676a918287a36c443612076b2c8e66e
data/output/appalti_it/raw/dlgs_33_2013_art_046.html,Normattiva,dlgs_33_2013,046,urn:nir:stato:decreto.legislativo:2013-03-14;33,,2013-04-05,13G00076,2,2026-04,True,5702,0ab142d5d1222fa7a2c9e013478630f7b8436d6dbf6e70e3cf36dda0f25c9d3d
data/output/appalti_it/raw/dlgs_33_2013_art_047.html,Normattiva,dlgs_33_2013,047,urn:nir:stato:decreto.legislativo:2013-03-14;33,,2013-04-05,13G00076,3,2026-04,True,7736,65be9ca964f25ab5048aed88e70fabaa98ebbfc5a0ee7717b45c48d268b252e2
data/output/appalti_it/raw/dlgs_33_2013_art_048.html,Normattiva,dlgs_33_2013,048,urn:nir:stato:decreto.legislativo:2013-03-14;33,,2013-04-05,13G00076,3,2026-04,True,8624,4406a0379341ba5ee38135439060df0027896b2f0fb2c42f4a3a1364b5d06f22
data/output/appalti_it/raw/dlgs_33_2013_art_049.html,Normattiva,dlgs_33_2013,049,urn:nir:stato:decreto.legislativo:2013-03-14;33,,2013-04-05,13G00076,3,2026-04,True,6692,755cf312aa7951124c41ca96538cb94876492faa86c7cdefb37d06b5b4f263ea
data/output/appalti_it/raw/dlgs_33_2013_art_050.html,Normattiva,dlgs_33_2013,050,urn:nir:stato:decreto.legislativo:2013-03-14;33,,2013-04-05,13G00076,1,2026-04,True,4921,aa35fd1648bf265fd722442f221cb33d98486460dacbf29c5ba1800a10dfe13b
data/output/appalti_it/raw/dlgs_33_2013_art_051.html,Normattiva,dlgs_33_2013,051,urn:nir:stato:decreto.legislativo:2013-03-14;33,,2013-04-05,13G00076,1,2026-04,True,4434,3b95e212dbc03de7a24fb2004da01441e91927e0f316277468346d9805899aec
data/output/appalti_it/raw/dlgs_33_2013_art_052.html,Normattiva,dlgs_33_2013,052,urn:nir:stato:decreto.legislativo:2013-03-14;33,,2013-04-05,13G00076,1,2026-04,True,9863,5890ba1b451f5715bcec0ed2cb5ba46aa0550c85b502192f5766ed968a89dba4
data/output/appalti_it/raw/dlgs_33_2013_art_053.html,Normattiva,dlgs_33_2013,053,urn:nir:stato:decreto.legislativo:2013-03-14;33,,2013-04-05,13G00076,2,2026-04,True,15916,c40df5af9894b205e2a6e1d47fa291a7e13c04a06efb8934a1bd8412cc7787c9
data/output/appalti_it/raw/dlgs_36_2023.html,Normattiva,dlgs_36_2023,,urn:nir:stato:decreto.legislativo:2023-03-31;36,,2023-03-31,23G00044,1,2026-04,True,458591,751484adbe69f733f78f24c83f0a554b14574527db97c71b2fc060c59f1dfba0
data/output/appalti_it/raw/dlgs_36_2023_art_001.html,Normattiva,dlgs_36_2023,001,urn:nir:stato:decreto.legislativo:2023-03-31;36,,2023-03-31,23G00044,1,2026-04,True,12812,c42818a5a0006c12b0784bb6dbd4f74553e3038b25c2fea8b1040069c62672e3
data/output/appalti_it/raw/dlgs_36_2023_art_002.html,Normattiva,dlgs_36_2023,002,urn:nir:stato:decreto.legislativo:2023-03-31;36,,2023-03-31,23G00044,1,2026-04,True,6241,8ea9e725a2d370379710d6acac9dceb91b3b184a4ccc9dbc256426c7a79647e7
data/output/appalti_it/raw/dlgs_36_2023_art_003.html,Normattiva,dlgs_36_2023,003,urn:nir:stato:decreto.legislativo:2023-03-31;36,,2023-03-31,23G00044,1,2026-04,True,4490,57b549d5d5e6ea1fa1b8b21431e31356db07c445dba4acf974dcd87719f217ea
data/output/appalti_it/raw/dlgs_36_2023_art_004.html,Normattiva,dlgs_36_2023,004,urn:nir:stato:decreto.legislativo:2023-03-31;36,,2023-03-31,23G00044,1,2026-04,True,4297,0c1fe98c62afd337fcd4bef6fe6b02d2cfcce8a73f77068c9803a4232bfaa55e
data/output/appalti_it/raw/dlgs_36_2023_art_005.html,Normattiva,dlgs_36_2023,005,urn:nir:stato:decreto.legislativo:2023-03-31;36,,2023-03-31,23G00044,1,2026-04,True,5824,1ffd0a687bbcc5a38f1a998c96e6225fca497136b46042418296aca2285314ba
data/output/appalti_it/raw/dlgs_36_2023_art_006.html,Normattiva,dlgs_36_2023,006,urn:nir:stato:decreto.legislativo:2023-03-31;36,,2023-03-31,23G00044,1,2026-04,True,5275,04bff6b36cd66cc9356b64fc6d911498cb72f50ff8654f8fb4a27ab7e59fca9b
data/output/appalti_it/raw/dlgs_36_2023_art_007.html,Normattiva,dlgs_36_2023,007,urn:nir:stato:decreto.legislativo:2023-03-31;36,,2023-03-31,23G00044,1,2026-04,True,7529,ff59c423470e067bb784214b99ea189acc0b01e4b717fcd78c106c766ebeb174
data/output/appalti_it/raw/dlgs_36_2023_art_008.html,Normattiva,dlgs_36_2023,008,urn:nir:stato:decreto.legislativo:2023-03-31;36,,2023-03-31,23G00044,1,2026-04,True,6096,a2d0c1446c3fec7a0307190bc4e8393ef642f54eaf454c71191402ac47dcaee7
data/output/appalti_it/raw/dlgs_36_2023_art_009.html,Normattiva,dlgs_36_2023,009,urn:nir:stato:decreto.legislativo:2023-03-31;36,,2023-03-31,23G00044,2,2026-04,True,6425,896801ca57135a0ebaf21c11b1f06d95aff6ebf003753038f671da3029199441
data/output/appalti_it/raw/dlgs_36_2023_art_010.html,Normattiva,dlgs_36_2023,010,urn:nir:stato:decreto.legislativo:2023-03-31;36,,2023-03-31,23G00044,1,2026-04,True,5544,bd9ca9206c508d0190621e79473e8a1c33779b920025334f30f8488cd1651658
data/output/appalti_it/raw/dlgs_36_2023_art_011.html,Normattiva,dlgs_36_2023,011,urn:nir:stato:decreto.legislativo:2023-03-31;36,,2023-03-31,23G00044,1,2026-04,True,10039,e3b05f993ea8a684cf3d64462e5f7f951d28faa2674ca76dbb77c37c16847006
data/output/appalti_it/raw/dlgs_36_2023_art_012.html,Normattiva,dlgs_36_2023,012,urn:nir:stato:decreto.legislativo:2023-03-31;36,,2023-03-31,23G00044,2,2026-04,True,4783,aecc43c3a31b992a7655b387455e64bc29ceb3f6fb960056d88410b07e55b877
data/output/appalti_it/raw/dlgs_36_2023_art_013.html,Normattiva,dlgs_36_2023,013,urn:nir:stato:decreto.legislativo:2023-03-31;36,,2023-03-31,23G00044,1,2026-04,True,7791,4d77df1cf3a9df0dac25ab9d8e0cb6b16cd8727cdeea2964d3114ddf8876bd10
data/output/appalti_it/raw/dlgs_36_2023_art_014.html,Normattiva,dlgs_36_2023,014,urn:nir:stato:decreto.legislativo:2023-03-31;36,,2023-03-31,23G00044,1,2026-04,True,23836,999404e189367046dde755411456768d3966c122161f4a9313448f81a8231cb7
data/output/appalti_it/raw/dlgs_36_2023_art_015.html,Normattiva,dlgs_36_2023,015,urn:nir:stato:decreto.legislativo:2023-03-31;36,,2023-03-31,23G00044,2,2026-04,True,9834,f5f06cdac8a966ae23505be5abcca8afd06e678b73ce7a52de84372f30b0be8d
data/output/appalti_it/raw/dlgs_36_2023_art_016.html,Normattiva,dlgs_36_2023,016,urn:nir:stato:decreto.legislativo:2023-03-31;36,,2023-03-31,23G00044,2,2026-04,True,6651,ec93bad5c460455f51342ae927401ed58ba61c293fc166296da16a42e0976112
data/output/appalti_it/raw/dlgs_36_2023_art_017.html,Normattiva,dlgs_36_2023,017,urn:nir:stato:decreto.legislativo:2023-03-31;36,,2023-03-31,23G00044,2,2026-04,True,9504,c4400a85837b41f1bfec21d00e3fd3edce6e72160eeb4c2c83e70bbf1aa054ea
data/output/appalti_it/raw/dlgs_36_2023_art_018.html,Normattiva,dlgs_36_2023,018,urn:nir:stato:decreto.legislativo:2023-03-31;36,,2023-03-31,23G00044,2,2026-04,True,11942,f82c819b7be6fa127bf7005e2afe618776e5cd26835f4679eec6305622d36288
data/output/appalti_it/raw/dlgs_36_2023_art_019.html,Normattiva,dlgs_36_2023,019,urn:nir:stato:decreto.legislativo:2023-03-31;36,,2023-03-31,23G00044,2,2026-04,True,9792,02e58f6ca2d9fe8b146e183fc3e0ff3dfbf832f23ba578a67e185694545f1b21
data/output/appalti_it/raw/dlgs_36_2023_art_020.html,Normattiva,dlgs_36_2023,020,urn:nir:stato:decreto.legislativo:2023-03-31;36,,2023-03-31,23G00044,2,2026-04,True,5112,5fdfabac45f8c79ee60fdcbfd6034a59a623ff45e7ce6faecc2eb62ee2da7437
data/output/appalti_it/raw/dlgs_36_2023_art_021.html,Normattiva,dlgs_36_2023,021,urn:nir:stato:decreto.legislativo:2023-03-31;36,,2023-03-31,23G00044,1,2026-04,True,5574,11d0a71d9e4068f7e4bdb0dd2b385ad687392ba967ea4285fdcc2485832d7838
data/output/appalti_it/raw/dlgs_36_2023_art_022.html,Normattiva,dlgs_36_2023,022,urn:nir:stato:decreto.legislativo:2023-03-31;36,,2023-03-31,23G00044,1,2026-04,True,6277,99222f5b09bf72d6c96c0276aab4741fc37cfdb73b83f57acfe6328b6ba09308
data/output/appalti_it/raw/dlgs_36_2023_art_023.html,Normattiva,dlgs_36_2023,023,urn:nir:stato:decreto.legislativo:2023-03-31;36,,2023-03-31,23G00044,1,2026-04,True,11961,81e01ebeca8b5559443f94ae1d716ea438fa8437e33a44feedc1cce783e9fc6a
data/output/appalti_it/raw/dlgs_36_2023_art_024.html,Normattiva,dlgs_36_2023,024,urn:nir:stato:decreto.legislativo:2023-03-31;36,,2023-03-31,23G00044,2,2026-04,True,8175,3f54f0192192dd2173f8050d4b382a68fe5a0d5f59ec095117a930066ac84db8
data/output/appalti_it/raw/dlgs_36_2023_art_025.html,Normattiva,dlgs_36_2023,025,urn:nir:stato:decreto.legislativo:2023-03-31;36,,2023-03-31,23G00044,2,2026-04,True,7042,d78da27d64d8f45dfbe034fcda033979c4e24e6e3f3ea2f8001e9b698e8ab0ac
data/output/appalti_it/raw/dlgs_36_2023_art_026.html,Normattiva,dlgs_36_2023,026,urn:nir:stato:decreto.legislativo:2023-03-31;36,,2023-03-31,23G00044,1,2026-04,True,6245,d6a1ec0e9ea8f5248a57a4940d8a4c09adc1218e1b2f7a12e9c562fc328a7e1e
data/output/appalti_it/raw/dlgs_36_2023_art_027.html,Normattiva,dlgs_36_2023,027,urn:nir:stato:decreto.legislativo:2023-03-31;36,,2023-03-31,23G00044,2,2026-04,True,5882,494bca9b4e8d0435b15c1e6886aad804258607284beba5a38224ab260ed84cba
data/output/appalti_it/raw/dlgs_36_2023_art_028.html,Normattiva,dlgs_36_2023,028,urn:nir:stato:decreto.legislativo:2023-03-31;36,,2023-03-31,23G00044,1,2026-04,True,6410,f655c56482951ce522a0a134f5357c92cb7b5e0e2a90a5454008ee8c00335b0c
data/output/appalti_it/raw/dlgs_36_2023_art_029.html,Normattiva,dlgs_36_2023,029,urn:nir:stato:decreto.legislativo:2023-03-31;36,,2023-03-31,23G00044,1,2026-04,True,5144,ff29c71c8a890a738bad9099be1c5d5e18f79112b629a8a2b0f9444e0feb686a
data/output/appalti_it/raw/dlgs_36_2023_art_030.html,Normattiva,dlgs_36_2023,030,urn:nir:stato:decreto.legislativo:2023-03-31;36,,2023-03-31,23G00044,1,2026-04,True,7375,f73af105111074e97f7e5c84125d3078b297cda7caa1e7bf1cee6b6f8d162022
data/output/appalti_it/raw/dlgs_36_2023_art_031.html,Normattiva,dlgs_36_2023,031,urn:nir:stato:decreto.legislativo:2023-03-31;36,,2023-03-31,23G00044,1,2026-04,True,5380,38c2d2a56b85d8f4cdaad4cd1a6ca3e5aa1f886d59594c8ed9f6b79a5e01fd54
data/output/appalti_it/raw/dlgs_36_2023_art_032.html,Normattiva,dlgs_36_2023,032,urn:nir:stato:decreto.legislativo:2023-03-31;36,,2023-03-31,23G00044,1,2026-04,True,15742,381682ebb152b14ee82d14a5b07e32aa3571626b7c0000c808822f442c80ce2b
data/output/appalti_it/raw/dlgs_36_2023_art_033.html,Normattiva,dlgs_36_2023,033,urn:nir:stato:decreto.legislativo:2023-03-31;36,,2023-03-31,23G00044,1,2026-04,True,15020,429b9aadfc9c6a24be433c5cd1e09dedd60a4c9c0dbb8e28f58a6e611c403d37
data/output/appalti_it/raw/dlgs_36_2023_art_034.html,Normattiva,dlgs_36_2023,034,urn:nir:stato:decreto.legislativo:2023-03-31;36,,2023-03-31,23G00044,1,2026-04,True,8974,32bd6798669a59a47745becfa2c3bb91970369e20cdc3bebdc2f62f444d5f040
data/output/appalti_it/raw/dlgs_36_2023_art_035.html,Normattiva,dlgs_36_2023,035,urn:nir:stato:decreto.legislativo:2023-03-31;36,,2023-03-31,23G00044,1,2026-04,True,10837,cf0eeb072ccbc0d795b256d922192203874fb5ed017744fd61c144803a3a960d
data/output/appalti_it/raw/dlgs_36_2023_art_036.html,Normattiva,dlgs_36_2023,036,urn:nir:stato:decreto.legislativo:2023-03-31;36,,2023-03-31,23G00044,2,2026-04,True,8495,1e9e5f849b869f16e694030170b064e3dda6f308b7440eba3c09c9b7fa9d7b80
data/output/appalti_it/raw/dlgs_36_2023_art_037.html,Normattiva,dlgs_36_2023,037,urn:nir:stato:decreto.legislativo:2023-03-31;36,,2023-03-31,23G00044,1,2026-04,True,8684,1685f8cf46c68062090000939c8b0f8dccb518a9516a46bf70cf0069e212db46
data/output/appalti_it/raw/dlgs_36_2023_art_038.html,Normattiva,dlgs_36_2023,038,urn:nir:stato:decreto.legislativo:2023-03-31;36,,2023-03-31,23G00044,2,2026-04,True,17994,ba7907fd8b81100a71902b1cff4c47b5fb41f69a11ac5eb277d8f828667ad00b
data/output/appalti_it/raw/dlgs_36_2023_art_039.html,Normattiva,dlgs_36_2023,039,urn:nir:stato:decreto.legislativo:2023-03-31;36,,2023-03-31,23G00044,2,2026-04,True,11462,c0f733aca0edb22807fb7dbeb1ede22764ad2fa832bf6ef37772b8f263560107
data/output/appalti_it/raw/dlgs_36_2023_art_040.html,Normattiva,dlgs_36_2023,040,urn:nir:stato:decreto.legislativo:2023-03-31;36,,2023-03-31,23G00044,2,2026-04,True,8623,7eb6bec0e3264a39430522383812e553b8ab27f3e74aa1e4a66955cc9435a278
data/output/appalti_it/raw/dlgs_36_2023_art_041.html,Normattiva,dlgs_36_2023,041,urn:nir:stato:decreto.legislativo:2023-03-31;36,,2023-03-31,23G00044,2,2026-04,True,25162,bcb3f8ffe85377ab14f067cd44a8ef8659afd905c3ffc8ff7725823c2c858f2c
data/output/appalti_it/raw/dlgs_36_2023_art_042.html,Normattiva,dlgs_36_2023,042,urn:nir:stato:decreto.legislativo:2023-03-31;36,,2023-03-31,23G00044,2,2026-04,True,7298,925cd2499e5fdee388596d29ff126e8329264c3e29c95daf6604b7ec2918b1bc
data/output/appalti_it/raw/dlgs_36_2023_art_043.html,Normattiva,dlgs_36_2023,043,urn:nir:stato:decreto.legislativo:2023-03-31;36,,2023-03-31,23G00044,1,2026-04,True,8967,40e8d422f6ba5931db58a2969bbb41fa4ee1e9faa2069dcf50cfad115d33e7f6
data/output/appalti_it/raw/dlgs_36_2023_art_044.html,Normattiva,dlgs_36_2023,044,urn:nir:stato:decreto.legislativo:2023-03-31;36,,2023-03-31,23G00044,2,2026-04,True,6808,a7b4f2bee8f86b868854bc435087ab7121c198713b67cf33ecb194df55138633
data/output/appalti_it/raw/dlgs_36_2023_art_045.html,Normattiva,dlgs_36_2023,045,urn:nir:stato:decreto.legislativo:2023-03-31;36,,2023-03-31,23G00044,1,2026-04,True,13654,9822f0fad0e3ef7cecf8c14976b21708238837d506bc5d24f554cd26e8807c3d
data/output/appalti_it/raw/dlgs_36_2023_art_046.html,Normattiva,dlgs_36_2023,046,urn:nir:stato:decreto.legislativo:2023-03-31;36,,2023-03-31,23G00044,4,2026-04,True,7414,827fc8f9eda62cb76235b7b7f2bd90d4917cdedb1a715d6812d6032b78d6e2c9
data/output/appalti_it/raw/dlgs_36_2023_art_047.html,Normattiva,dlgs_36_2023,047,urn:nir:stato:decreto.legislativo:2023-03-31;36,,2023-03-31,23G00044,1,2026-04,True,8149,9357b7db0dfc44436a58a7ee3a7b7ae2df2d0565a126f2e22970aa27b6e19c7d
data/output/appalti_it/raw/dlgs_36_2023_art_048.html,Normattiva,dlgs_36_2023,048,urn:nir:stato:decreto.legislativo:2023-03-31;36,,2023-03-31,23G00044,2,2026-04,True,5397,4da33e745d27dfd2013ab57a541d5ace676a7cf4320f800d2125857017007760
data/output/appalti_it/raw/dlgs_36_2023_art_049.html,Normattiva,dlgs_36_2023,049,urn:nir:stato:decreto.legislativo:2023-03-31;36,,2023-03-31,23G00044,1,2026-04,True,6934,06160b317a76ac464a610148a3dbcaca601af9b2721f9fe683bf5539375efb79
data/output/appalti_it/raw/dlgs_36_2023_art_050.html,Normattiva,dlgs_36_2023,050,urn:nir:stato:decreto.legislativo:2023-03-31;36,,2023-03-31,23G00044,2,2026-04,True,11670,af980759062f2edef60ca2b4f59b9257674230e4f3809f0060383a1fcecba84e
data/output/appalti_it/raw/dlgs_36_2023_art_051.html,Normattiva,dlgs_36_2023,051,urn:nir:stato:decreto.legislativo:2023-03-31;36,,2023-03-31,23G00044,2,2026-04,True,4418,8284f36caf9fd7ab06cb455cc443ef9db43b6e64868d328e8b3bc9ae61589273
data/output/appalti_it/raw/dlgs_36_2023_art_052.html,Normattiva,dlgs_36_2023,052,urn:nir:stato:decreto.legislativo:2023-03-31;36,,2023-03-31,23G00044,1,2026-04,True,5227,5ebbcd8988a96ad0b0e4b5c55102acdd99e368329ae325aceb0dff5ed979a108
data/output/appalti_it/raw/dlgs_36_2023_art_053.html,Normattiva,dlgs_36_2023,053,urn:nir:stato:decreto.legislativo:2023-03-31;36,,2023-03-31,23G00044,1,2026-04,True,6716,383e4493c12300fcf57f80d02203e234a3e06fb406de3b92fb726a12a8f1b1b3
data/output/appalti_it/raw/dlgs_36_2023_art_054.html,Normattiva,dlgs_36_2023,054,urn:nir:stato:decreto.legislativo:2023-03-31;36,,2023-03-31,23G00044,2,2026-04,True,6246,7b1875b27a8bc56493425d780f25623dcf27b46b169cbd80ceac774bb88035c6
data/output/appalti_it/raw/dlgs_36_2023_art_055.html,Normattiva,dlgs_36_2023,055,urn:nir:stato:decreto.legislativo:2023-03-31;36,,2023-03-31,23G00044,2,2026-04,True,4550,be43a189ba3375e5002699e5a14d39eb97b7a1803e73eb92098be558ed34a140
data/output/appalti_it/raw/dlgs_36_2023_art_056.html,Normattiva,dlgs_36_2023,056,urn:nir:stato:decreto.legislativo:2023-03-31;36,,2023-03-31,23G00044,1,2026-04,True,13755,d80374b781a0bf379a6d0d0e3ba39ffece9b155926115559f6f354a55d0174f1
data/output/appalti_it/raw/dlgs_36_2023_art_057.html,Normattiva,dlgs_36_2023,057,urn:nir:stato:decreto.legislativo:2023-03-31;36,,2023-03-31,23G00044,2,2026-04,True,8026,03e429157b878d12214897f299c8c323447d5b147473eed08faf9ee68096b475
data/output/appalti_it/raw/dlgs_36_2023_art_058.html,Normattiva,dlgs_36_2023,058,urn:nir:stato:decreto.legislativo:2023-03-31;36,,2023-03-31,23G00044,3,2026-04,True,7032,67a2cf4861ea8195e94ae3c069e1cf528df5463e805caf7efa885e09df0f6fcb
data/output/appalti_it/raw/dlgs_36_2023_art_059.html,Normattiva,dlgs_36_2023,059,urn:nir:stato:decreto.legislativo:2023-03-31;36,,2023-03-31,23G00044,1,2026-04,True,11646,30579f04d8dd4a20dfdcf0b5b726e2c22f02003d71578e9bd4aef3f9f6f54b75
data/output/appalti_it/raw/dlgs_36_2023_art_060.html,Normattiva,dlgs_36_2023,060,urn:nir:stato:decreto.legislativo:2023-03-31;36,,2023-03-31,23G00044,2,2026-04,True,10828,cb3735202ef865e297eb9b611554b1dcbaf77a08e53426ade467f2dd835d1c9d
data/output/appalti_it/raw/dlgs_36_2023_art_061.html,Normattiva,dlgs_36_2023,061,urn:nir:stato:decreto.legislativo:2023-03-31;36,,2023-03-31,23G00044,2,2026-04,True,8087,f3ef89d83312aad0ae0c6f57cf9ed7a1e9b5210cd6d72a0c75b6d6936969e6cf
data/output/appalti_it/raw/dlgs_36_2023_art_062.html,Normattiva,dlgs_36_2023,062,urn:nir:stato:decreto.legislativo:2023-03-31;36,,2023-03-31,23G00044,2,2026-04,True,22311,f7d4b505826d4813ca00a8cd425ed905b772f80ffd4f70a6bb38c32564021a35
data/output/appalti_it/raw/dlgs_36_2023_art_063.html,Normattiva,dlgs_36_2023,063,urn:nir:stato:decreto.legislativo:2023-03-31;36,,2023-03-31,23G00044,2,2026-04,True,13817,50e0930acdd466c2b0ce49bdd243cb32cd7d2ddd4ac59aaa289d428d4d60d6b3
data/output/appalti_it/raw/dlgs_36_2023_art_064.html,Normattiva,dlgs_36_2023,064,urn:nir:stato:decreto.legislativo:2023-03-31;36,,2023-03-31,23G00044,3,2026-04,True,6649,397523ba870dc45f036afd57a472011e80f35fdf97c73e4ac3e612901d0a5d03
data/output/appalti_it/raw/dlgs_36_2023_art_065.html,Normattiva,dlgs_36_2023,065,urn:nir:stato:decreto.legislativo:2023-03-31;36,,2023-03-31,23G00044,1,2026-04,True,8485,738906cb3f3d6367984f3dee8dec6c9d9ad2cdf5c29c719e7e7fab2b8f89f8da
data/output/appalti_it/raw/dlgs_36_2023_art_066.html,Normattiva,dlgs_36_2023,066,urn:nir:stato:decreto.legislativo:2023-03-31;36,,2023-03-31,23G00044,1,2026-04,True,9046,7507f32196103d0da66c52b71b836daf44114843cc1a91345515731c3de500a0
data/output/appalti_it/raw/dlgs_36_2023_art_067.html,Normattiva,dlgs_36_2023,067,urn:nir:stato:decreto.legislativo:2023-03-31;36,,2023-03-31,23G00044,1,2026-04,True,12578,51dd1f774a1ce9784768d627900be58cd9f77124549910ca9f8ec79207a08800
data/output/appalti_it/raw/dlgs_36_2023_art_068.html,Normattiva,dlgs_36_2023,068,urn:nir:stato:decreto.legislativo:2023-03-31;36,,2023-03-31,23G00044,3,2026-04,True,14941,15a8a971fb0670504750b18eea9ecb2aeb35a4954e0b75e371ea864e6e7163f8
data/output/appalti_it/raw/dlgs_36_2023_art_069.html,Normattiva,dlgs_36_2023,069,urn:nir:stato:decreto.legislativo:2023-03-31;36,,2023-03-31,23G00044,1,2026-04,True,4659,a7370f5a759b93f9e0365600ce4345022e862997340717b9c8e5c487822623d8
data/output/appalti_it/raw/dlgs_36_2023_art_070.html,Normattiva,dlgs_36_2023,070,urn:nir:stato:decreto.legislativo:2023-03-31;36,,2023-03-31,23G00044,1,2026-04,True,11426,6a393674cf357e83069f326bdb3a3e23ae5eee2af945f0a989e27788c44dbe99
data/output/appalti_it/raw/dlgs_36_2023_art_071.html,Normattiva,dlgs_36_2023,071,urn:nir:stato:decreto.legislativo:2023-03-31;36,,2023-03-31,23G00044,2,2026-04,True,7017,5d3c7501db04d27f86fb2c91eb8251f96d5881b31c5a119c4cb66f3fbe07705b
data/output/appalti_it/raw/dlgs_36_2023_art_072.html,Normattiva,dlgs_36_2023,072,urn:nir:stato:decreto.legislativo:2023-03-31;36,,2023-03-31,23G00044,2,2026-04,True,7505,288a45de5261ef150412619ac463490b13468632c16492852b81c68078ed9d49
data/output/appalti_it/raw/dlgs_36_2023_art_073.html,Normattiva,dlgs_36_2023,073,urn:nir:stato:decreto.legislativo:2023-03-31;36,,2023-03-31,23G00044,1,2026-04,True,9069,ece05627a7b4e555dc17cda4bfab1302f9c2b22eff023d0973bbed28f1a179ba
data/output/appalti_it/raw/dlgs_36_2023_art_074.html,Normattiva,dlgs_36_2023,074,urn:nir:stato:decreto.legislativo:2023-03-31;36,,2023-03-31,23G00044,2,2026-04,True,8417,9415fe0031fba8a0ac4b7eaad5b43c1f1f4cda1f38c33000a8b3a4115d99e174
data/output/appalti_it/raw/dlgs_36_2023_art_075.html,Normattiva,dlgs_36_2023,075,urn:nir:stato:decreto.legislativo:2023-03-31;36,,2023-03-31,23G00044,1,2026-04,True,8541,355ac9fa94100060fe386071b2e1a5b4a796f4454ed825ba343d70d5a30686f1
data/output/appalti_it/raw/dlgs_36_2023_art_076.html,Normattiva,dlgs_36_2023,076,urn:nir:stato:decreto.legislativo:2023-03-31;36,,2023-03-31,23G00044,1,2026-04,True,11737,b0c9d91abddc49a0e10bd093c8a2808dbe9bac3c467819af889a9cb6e32565f4
data/output/appalti_it/raw/dlgs_36_2023_art_077.html,Normattiva,dlgs_36_2023,077,urn:nir:stato:decreto.legislativo:2023-03-31;36,,2023-03-31,23G00044,1,2026-04,True,5135,7d88c268afd43e5aa3faebfd00dfb45c1b20a38bd7eb5f7af8a22ee496e0dd3b
data/output/appalti_it/raw/dlgs_36_2023_art_078.html,Normattiva,dlgs_36_2023,078,urn:nir:stato:decreto.legislativo:2023-03-31;36,,2023-03-31,23G00044,1,2026-04,True,5894,1ad8e69c634d87ed58f00218efaa850ebbe96a201593cf486ea67cc40f162f91
data/output/appalti_it/raw/dlgs_36_2023_art_079.html,Normattiva,dlgs_36_2023,079,urn:nir:stato:decreto.legislativo:2023-03-31;36,,2023-03-31,23G00044,1,2026-04,True,4253,53a8081bfa25894eea5e8dbf3a7da4efd6a6582b977777103c0e55f2677b3121
data/output/appalti_it/raw/dlgs_36_2023_art_080.html,Normattiva,dlgs_36_2023,080,urn:nir:stato:decreto.legislativo:2023-03-31;36,,2023-03-31,23G00044,1,2026-04,True,4241,524073635cdaca1a63df7f7d33e2a12828899a8b1b90fbe4eb8e5bcd2cfa4741
data/output/appalti_it/raw/dlgs_36_2023_art_081.html,Normattiva,dlgs_36_2023,081,urn:nir:stato:decreto.legislativo:2023-03-31;36,,2023-03-31,23G00044,1,2026-04,True,7350,755d19ce469095c4878b2bbbee3d14dde2fc4ae3404edabdade78773f925b1f9
data/output/appalti_it/raw/dlgs_36_2023_art_082.html,Normattiva,dlgs_36_2023,082,urn:nir:stato:decreto.legislativo:2023-03-31;36,,2023-03-31,23G00044,1,2026-04,True,4894,3997fcff94ae4e7405dc34e694e96990b9f3c308bbdba3c0ed7c4e7e36ea24d0
data/output/appalti_it/raw/dlgs_36_2023_art_083.html,Normattiva,dlgs_36_2023,083,urn:nir:stato:decreto.legislativo:2023-03-31;36,,2023-03-31,23G00044,1,2026-04,True,5348,bda2c098794863aaa15f2368796bccc242375e5020f2bf3104c37ea98344900f
data/output/appalti_it/raw/dlgs_36_2023_art_084.html,Normattiva,dlgs_36_2023,084,urn:nir:stato:decreto.legislativo:2023-03-31;36,,2023-03-31,23G00044,1,2026-04,True,6528,8fe1db22f0fc3c70105a836336c7dbabdd3fdf877923c6efdbd4664edbc4e32a
data/output/appalti_it/raw/dlgs_36_2023_art_085.html,Normattiva,dlgs_36_2023,085,urn:nir:stato:decreto.legislativo:2023-03-31;36,,2023-03-31,23G00044,2,2026-04,True,7090,ebab90c2ab70f5523ce16541bc9407de0a77b65897d712ca03a8fdcfed64e4dc
data/output/appalti_it/raw/dlgs_36_2023_art_086.html,Normattiva,dlgs_36_2023,086,urn:nir:stato:decreto.legislativo:2023-03-31;36,,2023-03-31,23G00044,1,2026-04,True,5528,d9e6d0142a576633652e5a836db0031f6a74e4f941eb5397cceb68c8a717e30d
data/output/appalti_it/raw/dlgs_36_2023_art_087.html,Normattiva,dlgs_36_2023,087,urn:nir:stato:decreto.legislativo:2023-03-31;36,,2023-03-31,23G00044,1,2026-04,True,4980,3dc59599d1e36e5252761bd98e53aebc23ce098e76485279a478c5f69bdb9b01
data/output/appalti_it/raw/dlgs_36_2023_art_088.html,Normattiva,dlgs_36_2023,088,urn:nir:stato:decreto.legislativo:2023-03-31;36,,2023-03-31,23G00044,1,2026-04,True,5539,08f053fdef0b445aa809834c2ded541c378da042bf77946c27e6ba5e28679c9e
data/output/appalti_it/raw/dlgs_36_2023_art_089.html,Normattiva,dlgs_36_2023,089,urn:nir:stato:decreto.legislativo:2023-03-31;36,,2023-03-31,23G00044,1,2026-04,True,6009,83b648ce3ef9696a8f122ab7cea2121ae3ed653ac1ab1325683b35632842234c
data/output/appalti_it/raw/dlgs_36_2023_art_090.html,Normattiva,dlgs_36_2023,090,urn:nir:stato:decreto.legislativo:2023-03-31;36,,2023-03-31,23G00044,2,2026-04,True,6607,ac082f9fb1500ac09a5a0a8adf47f5f1d7450c6fad7f62679ea670496257b14d
data/output/appalti_it/raw/dlgs_36_2023_art_091.html,Normattiva,dlgs_36_2023,091,urn:nir:stato:decreto.legislativo:2023-03-31;36,,2023-03-31,23G00044,1,2026-04,True,7316,a856d6cd1808ce57be67bf0d0aae3bfafdbe864a51f722269e12183ca7473661
data/output/appalti_it/raw/dlgs_36_2023_art_092.html,Normattiva,dlgs_36_2023,092,urn:nir:stato:decreto.legislativo:2023-03-31;36,,2023-03-31,23G00044,1,2026-04,True,7131,1b922aacb5e99b117bd0ba629f75850fde72603ab5873aa1b8c357034a3f0d07
data/output/appalti_it/raw/dlgs_36_2023_art_093.html,Normattiva,dlgs_36_2023,093,urn:nir:stato:decreto.legislativo:2023-03-31;36,,2023-03-31,23G00044,2,2026-04,True,8373,4a0215b7e9e74e3f6cd3851767c3cf6e24e7689e1809afb5717069f63a6bc2f0
data/output/appalti_it/raw/dlgs_36_2023_art_094.html,Normattiva,dlgs_36_2023,094,urn:nir:stato:decreto.legislativo:2023-03-31;36,,2023-03-31,23G00044,1,2026-04,True,19201,94a8fb23cd3805490813be8c21424eace71127c68dc89aa92ab17f24c88447d9
data/output/appalti_it/raw/dlgs_36_2023_art_095.html,Normattiva,dlgs_36_2023,095,urn:nir:stato:decreto.legislativo:2023-03-31;36,,2023-03-31,23G00044,1,2026-04,True,8256,b1d84710cb1afbcc9e7dff175c1d8e0450e3bb3bfd317962fd703b840afaa789
data/output/appalti_it/raw/dlgs_36_2023_art_096.html,Normattiva,dlgs_36_2023,096,urn:nir:stato:decreto.legislativo:2023-03-31;36,,2023-03-31,23G00044,1,2026-04,True,14149,f52e856a0cdd0809b55a7f1eb09a1adf0ca8195898ba7def1a94950529e1386c
data/output/appalti_it/raw/dlgs_36_2023_art_097.html,Normattiva,dlgs_36_2023,097,urn:nir:stato:decreto.legislativo:2023-03-31;36,,2023-03-31,23G00044,1,2026-04,True,6599,02910654db442de646949527a01b3ad6955e8e853adab820f3d79df0fe7afe92
data/output/appalti_it/raw/dlgs_36_2023_art_098.html,Normattiva,dlgs_36_2023,098,urn:nir:stato:decreto.legislativo:2023-03-31;36,,2023-03-31,23G00044,1,2026-04,True,14644,2245107c90dcc2fc0769aa648065777ff96a39648d50c56da857919f1ffda13b
data/output/appalti_it/raw/dlgs_36_2023_art_099.html,Normattiva,dlgs_36_2023,099,urn:nir:stato:decreto.legislativo:2023-03-31;36,,2023-03-31,23G00044,1,2026-04,True,8680,63629302d98c8b2efa3f5909f4c0fc6cab978c400418a5dce8bf02ee81f2cafa
data/output/appalti_it/raw/dlgs_36_2023_art_100.html,Normattiva,dlgs_36_2023,100,urn:nir:stato:decreto.legislativo:2023-03-31;36,,2023-03-31,23G00044,2,2026-04,True,15917,4030d4c4bd320b9e5a0e89e8d6fdebfb3f94bfddb9812bbabdfe7d55ff1431ef
data/output/appalti_it/raw/dlgs_36_2023_art_101.html,Normattiva,dlgs_36_2023,101,urn:nir:stato:decreto.legislativo:2023-03-31;36,,2023-03-31,23G00044,2,2026-04,True,7180,9558722aa54226c5d08706b77d82006ed6bc5991f77a0e825d6fdde765a82044
data/output/appalti_it/raw/dlgs_36_2023_art_102.html,Normattiva,dlgs_36_2023,102,urn:nir:stato:decreto.legislativo:2023-03-31;36,,2023-03-31,23G00044,1,2026-04,True,5943,8513e76defcb04e6c527cd9b5b1f2a38e057aa012d9f34733dffd412b3a9805e
data/output/appalti_it/raw/dlgs_36_2023_art_103.html,Normattiva,dlgs_36_2023,103,urn:nir:stato:decreto.legislativo:2023-03-31;36,,2023-03-31,23G00044,1,2026-04,True,6194,517142d674def42e48fe8d7459cb0cf9d375377a5a6440b6811350862ce1e050
data/output/appalti_it/raw/dlgs_36_2023_art_104.html,Normattiva,dlgs_36_2023,104,urn:nir:stato:decreto.legislativo:2023-03-31;36,,2023-03-31,23G00044,2,2026-04,True,12995,9a5a2091c40027b91266e7473a77bdda3e2fa9926341a5e46f3d7701032781ff
data/output/appalti_it/raw/dlgs_36_2023_art_105.html,Normattiva,dlgs_36_2023,105,urn:nir:stato:decreto.legislativo:2023-03-31;36,,2023-03-31,23G00044,2,2026-04,True,5193,2f29dd824ca712f69ffeb16f02d58417c326a47b820f78d7a1901eb3a1492c37
data/output/appalti_it/raw/dlgs_36_2023_art_106.html,Normattiva,dlgs_36_2023,106,urn:nir:stato:decreto.legislativo:2023-03-31;36,,2023-03-31,23G00044,2,2026-04,True,13607,f2f239eff2ce85061804d3bc435fcd51bcdf0627ed708a22148584f925ec6e1c
data/output/appalti_it/raw/dlgs_36_2023_art_107.html,Normattiva,dlgs_36_2023,107,urn:nir:stato:decreto.legislativo:2023-03-31;36,,2023-03-31,23G00044,2,2026-04,True,6329,99de48944c8ff634e393d4c29d28ca49cbade64072722ddd357c85999cfd519e
data/output/appalti_it/raw/dlgs_36_2023_art_108.html,Normattiva,dlgs_36_2023,108,urn:nir:stato:decreto.legislativo:2023-03-31;36,,2023-03-31,23G00044,1,2026-04,True,16050,dbc49e622f116cdb75ad9d0eb78b2117dfb8ed0d87cd4fd5eeef83149b553579
data/output/appalti_it/raw/dlgs_36_2023_art_109.html,Normattiva,dlgs_36_2023,109,urn:nir:stato:decreto.legislativo:2023-03-31;36,,2023-03-31,23G00044,6,2026-04,True,4775,4f3f810ef08c08a1ec52281170ff9dc4583b11ba1991f6849e6888844509b50f
data/output/appalti_it/raw/dlgs_36_2023_art_110.html,Normattiva,dlgs_36_2023,110,urn:nir:stato:decreto.legislativo:2023-03-31;36,,2023-03-31,23G00044,2,2026-04,True,8909,7c4d51cc2a32bf2b1ea4f06591235379f37bedd695ae1b3c79079ee6e0362345
data/output/appalti_it/raw/dlgs_36_2023_art_111.html,Normattiva,dlgs_36_2023,111,urn:nir:stato:decreto.legislativo:2023-03-31;36,,2023-03-31,23G00044,2,2026-04,True,7430,01c6edb9aa001e4a2fdb8dff7c657bb243f9fcae7cf7d60c4d98a0a224c25b5b
data/output/appalti_it/raw/dlgs_36_2023_art_112.html,Normattiva,dlgs_36_2023,112,urn:nir:stato:decreto.legislativo:2023-03-31;36,,2023-03-31,23G00044,2,2026-04,True,8608,87c095a16374d0f8e439ef383df6dbc50ab753b9ab082213d03ff73d489aee30
data/output/appalti_it/raw/dlgs_36_2023_art_113.html,Normattiva,dlgs_36_2023,113,urn:nir:stato:decreto.legislativo:2023-03-31;36,,2023-03-31,23G00044,1,2026-04,True,4940,9176ca89238022b7fe340f52236fa373ff57cb13123ebb00e351ec0278efbf6a
data/output/appalti_it/raw/dlgs_36_2023_art_114.html,Normattiva,dlgs_36_2023,114,urn:nir:stato:decreto.legislativo:2023-03-31;36,,2023-03-31,23G00044,1,2026-04,True,11087,e30633cd0b2f6ef74366f72dde466b37c1692a217b1c9883946b719b35843129
data/output/appalti_it/raw/dlgs_36_2023_art_115.html,Normattiva,dlgs_36_2023,115,urn:nir:stato:decreto.legislativo:2023-03-31;36,,2023-03-31,23G00044,2,2026-04,True,6262,9f2167c3754f0948e665b86eab868c4fd7744a956d759bcee6d87390820118ac
data/output/appalti_it/raw/dlgs_36_2023_art_116.html,Normattiva,dlgs_36_2023,116,urn:nir:stato:decreto.legislativo:2023-03-31;36,,2023-03-31,23G00044,1,2026-04,True,15604,9a9c017e035eb5ef787b171459edb12be315d8291e6e5c37e0b3dcaebd33d125
data/output/appalti_it/raw/dlgs_36_2023_art_117.html,Normattiva,dlgs_36_2023,117,urn:nir:stato:decreto.legislativo:2023-03-31;36,,2023-03-31,23G00044,2,2026-04,True,17304,b3eab42acc2f07a144188d048330ea2a9b5efb4e9decd695a529ffa665e65676
data/output/appalti_it/raw/dlgs_36_2023_art_118.html,Normattiva,dlgs_36_2023,118,urn:nir:stato:decreto.legislativo:2023-03-31;36,,2023-03-31,23G00044,1,2026-04,True,8746,d94e22dc2f192d02f5df5a6871e0a09c09cd9bd22e1abc063f069f7adad152a0
data/output/appalti_it/raw/dlgs_36_2023_art_119.html,Normattiva,dlgs_36_2023,119,urn:nir:stato:decreto.legislativo:2023-03-31;36,,2023-03-31,23G00044,1,2026-04,True,25965,880f3089ed192f65de75658d7c4221d2cf58a0f79a66859f8da0d5d724a5e7f2
data/output/appalti_it/raw/dlgs_36_2023_art_120.html,Normattiva,dlgs_36_2023,120,urn:nir:stato:decreto.legislativo:2023-03-31;36,,2023-03-31,23G00044,2,2026-04,True,18429,53e20f0eb8ed9d4fa76d45c41cad38aa455bbf5d23c349645d3a0635d40f5946
data/output/appalti_it/raw/dlgs_36_2023_art_121.html,Normattiva,dlgs_36_2023,121,urn:nir:stato:decreto.legislativo:2023-03-31;36,,2023-03-31,23G00044,2,2026-04,True,10941,b04dc014e19e8ccc7bc634e0879a8731973a0f44f55d194c7e1a14a568ace12b
data/output/appalti_it/raw/dlgs_36_2023_art_122.html,Normattiva,dlgs_36_2023,122,urn:nir:stato:decreto.legislativo:2023-03-31;36,,2023-03-31,23G00044,1,2026-04,True,10399,f1cbe88a6198e6e054cb929c4f7b1b81b9d350a9539b5454e2e1aaecfe61169f
data/output/appalti_it/raw/dlgs_36_2023_art_123.html,Normattiva,dlgs_36_2023,123,urn:nir:stato:decreto.legislativo:2023-03-31;36,,2023-03-31,23G00044,1,2026-04,True,6401,61a097c4b1e3daf67d28295bf527e2ca6a246a588bdabd52b516380858270a54
data/output/appalti_it/raw/dlgs_36_2023_art_124.html,Normattiva,dlgs_36_2023,124,urn:nir:stato:decreto.legislativo:2023-03-31;36,,2023-03-31,23G00044,2,2026-04,True,8307,aeb64776f55d9a4ccac23b89998d8082357a41bfa75e5620aa0ab482da6e9cea
data/output/appalti_it/raw/dlgs_36_2023_art_125.html,Normattiva,dlgs_36_2023,125,urn:nir:stato:decreto.legislativo:2023-03-31;36,,2023-03-31,23G00044,1,2026-04,True,13627,1d826333ec45ae9191790424680179276c57bd05595008dab8d811a1c157e05b
data/output/appalti_it/raw/dlgs_36_2023_art_126.html,Normattiva,dlgs_36_2023,126,urn:nir:stato:decreto.legislativo:2023-03-31;36,,2023-03-31,23G00044,3,2026-04,True,7485,4610f50cf87c580bc61dd231e7ea68b1656bc4ae48b0ea5a10fce7494550db07
data/output/appalti_it/raw/dlgs_36_2023_art_127.html,Normattiva,dlgs_36_2023,127,urn:nir:stato:decreto.legislativo:2023-03-31;36,,2023-03-31,23G00044,3,2026-04,True,6595,498ed66c8e57f61d7f0889ee541590803e845ead8d1b112faf1898c2a129eab4
data/output/appalti_it/raw/dlgs_36_2023_art_128.html,Normattiva,dlgs_36_2023,128,urn:nir:stato:decreto.legislativo:2023-03-31;36,,2023-03-31,23G00044,1,2026-04,True,7302,3ba68a27866da74c68dc598697be47939986afb3fec5303d7ed9bbe3926aa0f3
data/output/appalti_it/raw/dlgs_36_2023_art_129.html,Normattiva,dlgs_36_2023,129,urn:nir:stato:decreto.legislativo:2023-03-31;36,,2023-03-31,23G00044,1,2026-04,True,6208,666ab37f302af326c5b6bb0883743638724297efc99a5182ffa9d5c4a6e44fd1
data/output/appalti_it/raw/dlgs_36_2023_art_130.html,Normattiva,dlgs_36_2023,130,urn:nir:stato:decreto.legislativo:2023-03-31;36,,2023-03-31,23G00044,1,2026-04,True,7472,3994c9a2977ab8bed1d088a8a2df20618aeb130f3130f65c19796c8edb79991f
data/output/appalti_it/raw/dlgs_36_2023_art_131.html,Normattiva,dlgs_36_2023,131,urn:nir:stato:decreto.legislativo:2023-03-31;36,,2023-03-31,23G00044,1,2026-04,True,9617,ad5591e10d3ab05ed0b69fe77b913ed2e7005e3c1e91a01469459661a29e483c
data/output/appalti_it/raw/dlgs_36_2023_art_132.html,Normattiva,dlgs_36_2023,132,urn:nir:stato:decreto.legislativo:2023-03-31;36,,2023-03-31,23G00044,2,2026-04,True,5298,61f2c0d07f7e5caf481d157f560af78ee1befe2aad5e558393eef8b4c58271d0
data/output/appalti_it/raw/dlgs_36_2023_art_133.html,Normattiva,dlgs_36_2023,133,urn:nir:stato:decreto.legislativo:2023-03-31;36,,2023-03-31,23G00044,1,2026-04,True,5201,8b2418e0d5d35012097976eb2c4b36235eabc0a2d847ab009e0d75fc271587f6
data/output/appalti_it/raw/dlgs_36_2023_art_134.html,Normattiva,dlgs_36_2023,134,urn:nir:stato:decreto.legislativo:2023-03-31;36,,2023-03-31,23G00044,2,2026-04,True,8366,4de6bff8b1d2bdbebf10f4fe82121a853a697c0269876d961ab5e85d078ad90c
data/output/appalti_it/raw/dlgs_36_2023_art_135.html,Normattiva,dlgs_36_2023,135,urn:nir:stato:decreto.legislativo:2023-03-31;36,,2023-03-31,23G00044,1,2026-04,True,6471,1d3d7eb236e502f44e8443c31873c43e6376e7939e85b2986035146b730338c9
data/output/appalti_it/raw/dlgs_36_2023_art_136.html,Normattiva,dlgs_36_2023,136,urn:nir:stato:decreto.legislativo:2023-03-31;36,,2023-03-31,23G00044,2,2026-04,True,10665,d992ddf5f97addae2d6f498df4c8f511553d52dbbf194fafaaa199fd7f4dda25
data/output/appalti_it/raw/dlgs_36_2023_art_137.html,Normattiva,dlgs_36_2023,137,urn:nir:stato:decreto.legislativo:2023-03-31;36,,2023-03-31,23G00044,4,2026-04,True,8032,51ce6104f7986fba71d3e28a35ad2b04517f16de4948e4d583c7d942a4d77c8f
data/output/appalti_it/raw/dlgs_36_2023_art_138.html,Normattiva,dlgs_36_2023,138,urn:nir:stato:decreto.legislativo:2023-03-31;36,,2023-03-31,23G00044,1,2026-04,True,6665,03e338bc590b7860a695759b0a1678dd24d7c91073cfd63d75392dd78a8c534d
data/output/appalti_it/raw/dlgs_36_2023_art_139.html,Normattiva,dlgs_36_2023,139,urn:nir:stato:decreto.legislativo:2023-03-31;36,,2023-03-31,23G00044,1,2026-04,True,7257,273bad2abb57c3d49399b9c6fc39f0c28216f922598b91304e6e80f49c3e49c6
data/output/appalti_it/raw/dlgs_36_2023_art_140.html,Normattiva,dlgs_36_2023,140,urn:nir:stato:decreto.legislativo:2023-03-31;36,,2023-03-31,23G00044,1,2026-04,True,15578,3327e0465da81ef1bc383c8084d3dfba0e9ee542de4403d1f7cc51e286655f3e
data/output/appalti_it/raw/dlgs_36_2023_art_141.html,Normattiva,dlgs_36_2023,141,urn:nir:stato:decreto.legislativo:2023-03-31;36,,2023-03-31,23G00044,2,2026-04,True,9421,156ba569db1e5a2ab490a1d8378597bd1f326ea93e52da11d65cf4067f7701e4
data/output/appalti_it/raw/dlgs_36_2023_art_142.html,Normattiva,dlgs_36_2023,142,urn:nir:stato:decreto.legislativo:2023-03-31;36,,2023-03-31,23G00044,2,2026-04,True,8420,4439dd814d15f4ddb66d5d43acbb9b341b574485c3ba186ac881b48fdb311826
data/output/appalti_it/raw/dlgs_36_2023_art_143.html,Normattiva,dlgs_36_2023,143,urn:nir:stato:decreto.legislativo:2023-03-31;36,,2023-03-31,23G00044,1,2026-04,True,11361,63a401c7eb9d0095e782eaa95fec7fcceee984e52a0c3678a72ef498c0435dec
data/output/appalti_it/raw/dlgs_36_2023_art_144.html,Normattiva,dlgs_36_2023,144,urn:nir:stato:decreto.legislativo:2023-03-31;36,,2023-03-31,23G00044,1,2026-04,True,5464,6a50d26e14a13caa6b608483a2e986f676da44e8da2eb27a2122ed5160f8e7ac
data/output/appalti_it/raw/dlgs_36_2023_art_145.html,Normattiva,dlgs_36_2023,145,urn:nir:stato:decreto.legislativo:2023-03-31;36,,2023-03-31,23G00044,1,2026-04,True,5365,e36392e0eb6b389171cc5478e86bf4c1a59b3699f3d802f553f398af42d847dc
data/output/appalti_it/raw/dlgs_36_2023_art_146.html,Normattiva,dlgs_36_2023,146,urn:nir:stato:decreto.legislativo:2023-03-31;36,,2023-03-31,23G00044,1,2026-04,True,6170,7be212cdc820da89bda6c4c60019e41b7d5880f09859f216d189b0f8050f2c64
data/output/appalti_it/raw/dlgs_36_2023_art_147.html,Normattiva,dlgs_36_2023,147,urn:nir:stato:decreto.legislativo:2023-03-31;36,,2023-03-31,23G00044,1,2026-04,True,6734,977ac166dfc5a155ffcbf2590e8ab3b1f75240acc588d5e7ce2452970b894f1c
data/output/appalti_it/raw/dlgs_36_2023_art_148.html,Normattiva,dlgs_36_2023,148,urn:nir:stato:decreto.legislativo:2023-03-31;36,,2023-03-31,23G00044,2,2026-04,True,7917,3848c3d1f0c9a6c380dbcde63a01c2c546a9b1ce35aa3bec897c6087b5776ab0
data/output/appalti_it/raw/dlgs_36_2023_art_149.html,Normattiva,dlgs_36_2023,149,urn:nir:stato:decreto.legislativo:2023-03-31;36,,2023-03-31,23G00044,1,2026-04,True,5919,7a83579dcb175f8364e5d1ce3951323c29ddb8a5f734373c4ba2ee3cd6bb35ee
data/output/appalti_it/raw/dlgs_36_2023_art_150.html,Normattiva,dlgs_36_2023,150,urn:nir:stato:decreto.legislativo:2023-03-31;36,,2023-03-31,23G00044,1,2026-04,True,4456,b2522cca1d8303711ec3a5b2e19d69c6c249557b1061fc756c27e3401e603188
data/output/appalti_it/raw/dlgs_36_2023_art_151.html,Normattiva,dlgs_36_2023,151,urn:nir:stato:decreto.legislativo:2023-03-31;36,,2023-03-31,23G00044,1,2026-04,True,6281,23cfe773e00689460c434c01a77efedfe475a40f82f23f2695a0d04bd113d747
data/output/appalti_it/raw/dlgs_36_2023_art_152.html,Normattiva,dlgs_36_2023,152,urn:nir:stato:decreto.legislativo:2023-03-31;36,,2023-03-31,23G00044,1,2026-04,True,5091,72a3b072179b230b89c14bcbcd4c0ebe52f5842c1550d1b16c877ab655bfcd78
data/output/appalti_it/raw/dlgs_36_2023_art_153.html,Normattiva,dlgs_36_2023,153,urn:nir:stato:decreto.legislativo:2023-03-31;36,,2023-03-31,23G00044,1,2026-04,True,6250,c5246a84e49fb4d453c229b84bab34214fe857eb9f499f7f5251b269cc79fd6b
data/output/appalti_it/raw/dlgs_36_2023_art_154.html,Normattiva,dlgs_36_2023,154,urn:nir:stato:decreto.legislativo:2023-03-31;36,,2023-03-31,23G00044,1,2026-04,True,5175,02356d1a9bca1a2a3ab9f8cb367fe935a8239dc156366f88211e84b31c2dbee5
data/output/appalti_it/raw/dlgs_36_2023_art_155.html,Normattiva,dlgs_36_2023,155,urn:nir:stato:decreto.legislativo:2023-03-31;36,,2023-03-31,23G00044,1,2026-04,True,5962,8d7a10573e85f5c29dd91c0552629201e316488ece47886005871e1de9712469
data/output/appalti_it/raw/dlgs_36_2023_art_156.html,Normattiva,dlgs_36_2023,156,urn:nir:stato:decreto.legislativo:2023-03-31;36,,2023-03-31,23G00044,1,2026-04,True,5603,3aeac7b44d6e71debd230a0ea14ddf86047b2f2c370800cedcc8f41217132caa
data/output/appalti_it/raw/dlgs_36_2023_art_157.html,Normattiva,dlgs_36_2023,157,urn:nir:stato:decreto.legislativo:2023-03-31;36,,2023-03-31,23G00044,1,2026-04,True,6020,b1b22c8f564d3086921ac9f6bcfcbc9d498cba0e5900e7cfb96fe286e7d73e49
data/output/appalti_it/raw/dlgs_36_2023_art_158.html,Normattiva,dlgs_36_2023,158,urn:nir:stato:decreto.legislativo:2023-03-31;36,,2023-03-31,23G00044,1,2026-04,True,11411,d15b8fb97145d9a8412fd9ac0cd0a7c5b9ba3ebce9ea08d9e9c3f3da35611eac
data/output/appalti_it/raw/dlgs_36_2023_art_159.html,Normattiva,dlgs_36_2023,159,urn:nir:stato:decreto.legislativo:2023-03-31;36,,2023-03-31,23G00044,1,2026-04,True,6752,5eea18fbf27f1c4716f618e4c8b0adda29aa296eef4c4d29103ef3dc1430acbc
data/output/appalti_it/raw/dlgs_36_2023_art_160.html,Normattiva,dlgs_36_2023,160,urn:nir:stato:decreto.legislativo:2023-03-31;36,,2023-03-31,23G00044,1,2026-04,True,5462,00de2b526358fed806725ac1e4728efd0c585158fb2c901570543dbe61dd37b0
data/output/appalti_it/raw/dlgs_36_2023_art_161.html,Normattiva,dlgs_36_2023,161,urn:nir:stato:decreto.legislativo:2023-03-31;36,,2023-03-31,23G00044,1,2026-04,True,6581,5a95901674e87a7d4b64835fe2c5a32accb9f09d999cccd6f9cb0cf498ed7b91
data/output/appalti_it/raw/dlgs_36_2023_art_162.html,Normattiva,dlgs_36_2023,162,urn:nir:stato:decreto.legislativo:2023-03-31;36,,2023-03-31,23G00044,1,2026-04,True,6759,b97a03de5267f5a02a26a3ced21c7a8033f1f6674b01d288a0c80a71980b017d
data/output/appalti_it/raw/dlgs_36_2023_art_163.html,Normattiva,dlgs_36_2023,163,urn:nir:stato:decreto.legislativo:2023-03-31;36,,2023-03-31,23G00044,2,2026-04,True,6195,a97ce5d617f217f7abd809d3534223813ab53244aadd0c10ac483ee0df9ee071
data/output/appalti_it/raw/dlgs_36_2023_art_164.html,Normattiva,dlgs_36_2023,164,urn:nir:stato:decreto.legislativo:2023-03-31;36,,2023-03-31,23G00044,1,2026-04,True,7923,4aafa3cf3ed899ef0668d34d173e4afaf287230bee87a9964b56007459f13ee4
data/output/appalti_it/raw/dlgs_36_2023_art_165.html,Normattiva,dlgs_36_2023,165,urn:nir:stato:decreto.legislativo:2023-03-31;36,,2023-03-31,23G00044,1,2026-04,True,5283,b3f9fa67ce043f78d089558171a4046b9c2300c9adcee8b865b66d920357a94d
data/output/appalti_it/raw/dlgs_36_2023_art_166.html,Normattiva,dlgs_36_2023,166,urn:nir:stato:decreto.legislativo:2023-03-31;36,,2023-03-31,23G00044,1,2026-04,True,6002,82d6820e3fd1d1a50c2c8a3bbfbc2a7f17a0a1bf629a6b60b89e8a85e943721b
data/output/appalti_it/raw/dlgs_36_2023_art_167.html,Normattiva,dlgs_36_2023,167,urn:nir:stato:decreto.legislativo:2023-03-31;36,,2023-03-31,23G00044,1,2026-04,True,6921,d6b04b782c2223db4810eacf4117f5d2ad9dd45ba9b8778e7cf57b3e50308d30
data/output/appalti_it/raw/dlgs_36_2023_art_168.html,Normattiva,dlgs_36_2023,168,urn:nir:stato:decreto.legislativo:2023-03-31;36,,2023-03-31,23G00044,1,2026-04,True,7573,8f43efbafb351144d05dbacaf9e65202979226817e9ab6f26260363775869155
data/output/appalti_it/raw/dlgs_36_2023_art_169.html,Normattiva,dlgs_36_2023,169,urn:nir:stato:decreto.legislativo:2023-03-31;36,,2023-03-31,23G00044,1,2026-04,True,6057,c57697e817c8a7cac39bc8c1e7f81e03d716e970ef5d50afc776d0a4276a4c71
data/output/appalti_it/raw/dlgs_36_2023_art_170.html,Normattiva,dlgs_36_2023,170,urn:nir:stato:decreto.legislativo:2023-03-31;36,,2023-03-31,23G00044,2,2026-04,True,8647,2afb10cf1016920c14f2cf9d259d10b94e1f301a7e6a923479516c3fbfe88b78
data/output/appalti_it/raw/dlgs_36_2023_art_171.html,Normattiva,dlgs_36_2023,171,urn:nir:stato:decreto.legislativo:2023-03-31;36,,2023-03-31,23G00044,2,2026-04,True,5291,eb62d37af1e1985f77f071932a5b99c6fc312e6011c22d89a3f5bb67bac07676
data/output/appalti_it/raw/dlgs_36_2023_art_172.html,Normattiva,dlgs_36_2023,172,urn:nir:stato:decreto.legislativo:2023-03-31;36,,2023-03-31,23G00044,1,2026-04,True,7692,9fac131fb1ac255aa0466010653beb14e0f5817830b1b0752eb20daf55049c68
data/output/appalti_it/raw/dlgs_36_2023_art_173.html,Normattiva,dlgs_36_2023,173,urn:nir:stato:decreto.legislativo:2023-03-31;36,,2023-03-31,23G00044,2,2026-04,True,4883,a2177b12a6883f32d0566984a4fae743071d87b5805dc5ebcf4dfaaa536c654e
data/output/appalti_it/raw/dlgs_36_2023_art_174.html,Normattiva,dlgs_36_2023,174,urn:nir:stato:decreto.legislativo:2023-03-31;36,,2023-03-31,23G00044,1,2026-04,True,8093,1a319f34896ed7d4e87bbc30b78cffc01e6a392c2653e7fba2944dc3d3350603
data/output/appalti_it/raw/dlgs_36_2023_art_175.html,Normattiva,dlgs_36_2023,175,urn:nir:stato:decreto.legislativo:2023-03-31;36,,2023-03-31,23G00044,2,2026-04,True,11587,5e56a7abb1b5cea8ecf4ae134add845944166fe2943b5e2b2171ee950b92bb41
data/output/appalti_it/raw/dlgs_36_2023_art_176.html,Normattiva,dlgs_36_2023,176,urn:nir:stato:decreto.legislativo:2023-03-31;36,,2023-03-31,23G00044,2,2026-04,True,4869,211a140fa9074e4c704f1a401fa84eada68fb46f25f36a2c6dd1b558e2f6419f
data/output/appalti_it/raw/dlgs_36_2023_art_177.html,Normattiva,dlgs_36_2023,177,urn:nir:stato:decreto.legislativo:2023-03-31;36,,2023-03-31,23G00044,1,2026-04,True,10091,341ed5eda711a8d081bc6b452827e854d5bbb4161ef8a0a9d2ad2afdcb575aba
data/output/appalti_it/raw/dlgs_36_2023_art_178.html,Normattiva,dlgs_36_2023,178,urn:nir:stato:decreto.legislativo:2023-03-31;36,,2023-03-31,23G00044,2,2026-04,True,6460,3f49002933112e7e43ebaa349ce161e99b1be78ff172e117aec24dacc18d7262
data/output/appalti_it/raw/dlgs_36_2023_art_179.html,Normattiva,dlgs_36_2023,179,urn:nir:stato:decreto.legislativo:2023-03-31;36,,2023-03-31,23G00044,1,2026-04,True,7903,1d7b3428bb3723da86a10a4f4092de0a21132ba6736b0235220df7d42a089ac9
data/output/appalti_it/raw/dlgs_36_2023_art_180.html,Normattiva,dlgs_36_2023,180,urn:nir:stato:decreto.legislativo:2023-03-31;36,,2023-03-31,23G00044,1,2026-04,True,6249,5f3d1083a8c7bcbb5a6042905e2443a0592eb13c59c262b9b7bf09df15bf38e0
data/output/appalti_it/raw/dlgs_36_2023_art_181.html,Normattiva,dlgs_36_2023,181,urn:nir:stato:decreto.legislativo:2023-03-31;36,,2023-03-31,23G00044,1,2026-04,True,5469,a90a2e2dcbd06cdb8dae3c29939f986b18564d0daaf7e4b685d75317f8614831
data/output/appalti_it/raw/dlgs_36_2023_art_182.html,Normattiva,dlgs_36_2023,182,urn:nir:stato:decreto.legislativo:2023-03-31;36,,2023-03-31,23G00044,1,2026-04,True,11425,548e6853b88909a2611a7819e680e0edda76184e460058da11b4e07884d7ebe4
data/output/appalti_it/raw/dlgs_36_2023_art_183.html,Normattiva,dlgs_36_2023,183,urn:nir:stato:decreto.legislativo:2023-03-31;36,,2023-03-31,23G00044,2,2026-04,True,9894,33a4919237074df39ed40116bf2bce166e64a473200d5e5c344518099a09adae
data/output/appalti_it/raw/dlgs_36_2023_art_184.html,Normattiva,dlgs_36_2023,184,urn:nir:stato:decreto.legislativo:2023-03-31;36,,2023-03-31,23G00044,1,2026-04,True,7379,d1ae39b1ed8884df5e3c17483d2520eb6752859a6bd67351abb195f93146af88
data/output/appalti_it/raw/dlgs_36_2023_art_185.html,Normattiva,dlgs_36_2023,185,urn:nir:stato:decreto.legislativo:2023-03-31;36,,2023-03-31,23G00044,1,2026-04,True,6700,7b855075bd453a243ec1883f01a636caae0f0fe31755258649bdafcdc2bd7731
data/output/appalti_it/raw/dlgs_36_2023_art_186.html,Normattiva,dlgs_36_2023,186,urn:nir:stato:decreto.legislativo:2023-03-31;36,,2023-03-31,23G00044,1,2026-04,True,8783,8e14e85240349438f2f3f9c5c50f4244839cb2ba50aadc7eede3b411f4f7402a
data/output/appalti_it/raw/dlgs_36_2023_art_187.html,Normattiva,dlgs_36_2023,187,urn:nir:stato:decreto.legislativo:2023-03-31;36,,2023-03-31,23G00044,1,2026-04,True,5158,c56f24c3f60afd6cafa62bd4d95b458a018c411f614372b92525fe90d944464a
data/output/appalti_it/raw/dlgs_36_2023_art_188.html,Normattiva,dlgs_36_2023,188,urn:nir:stato:decreto.legislativo:2023-03-31;36,,2023-03-31,23G00044,1,2026-04,True,4332,9e33c2d289b817c7a086087b13e9c228b552af465bc499656861e439d23b015f
data/output/appalti_it/raw/dlgs_36_2023_art_189.html,Normattiva,dlgs_36_2023,189,urn:nir:stato:decreto.legislativo:2023-03-31;36,,2023-03-31,23G00044,1,2026-04,True,11430,2b09a0c321c1d35c5cc99ac83565480637ed059fe9caa59d10a81bbc4be13e8d
data/output/appalti_it/raw/dlgs_36_2023_art_190.html,Normattiva,dlgs_36_2023,190,urn:nir:stato:decreto.legislativo:2023-03-31;36,,2023-03-31,23G00044,1,2026-04,True,10029,e51f0320777bf719fb1aea46507bf3c6e4e44908bbd2703095b77cf4176f1248
data/output/appalti_it/raw/dlgs_36_2023_art_191.html,Normattiva,dlgs_36_2023,191,urn:nir:stato:decreto.legislativo:2023-03-31;36,,2023-03-31,23G00044,1,2026-04,True,6257,8fd212dc839a6bf4c687fa8eac375a8f0b3a39adfdc7b1d84350a272edae6222
data/output/appalti_it/raw/dlgs_36_2023_art_192.html,Normattiva,dlgs_36_2023,192,urn:nir:stato:decreto.legislativo:2023-03-31;36,,2023-03-31,23G00044,1,2026-04,True,7488,315f4ff57251c1bfd2f4a0796498f1ab71ddb27e9bb05a99d4a7cd7debb9c5e8
data/output/appalti_it/raw/dlgs_36_2023_art_193.html,Normattiva,dlgs_36_2023,193,urn:nir:stato:decreto.legislativo:2023-03-31;36,,2023-03-31,23G00044,2,2026-04,True,19699,f4e0510bab5ddb74ef35e1c15f244c1fb131118109d005ef54856f042b397619
data/output/appalti_it/raw/dlgs_36_2023_art_194.html,Normattiva,dlgs_36_2023,194,urn:nir:stato:decreto.legislativo:2023-03-31;36,,2023-03-31,23G00044,2,2026-04,True,7616,a0bd047617cdb1136ab11ffd5aeeeed258ad1df497acb78b025bc95566047cc2
data/output/appalti_it/raw/dlgs_36_2023_art_195.html,Normattiva,dlgs_36_2023,195,urn:nir:stato:decreto.legislativo:2023-03-31;36,,2023-03-31,23G00044,1,2026-04,True,10467,a4875652ef4fc2f00e76d11aea658b059a88548e6454e2a5a5c58bbccbe3bf50
data/output/appalti_it/raw/dlgs_36_2023_art_196.html,Normattiva,dlgs_36_2023,196,urn:nir:stato:decreto.legislativo:2023-03-31;36,,2023-03-31,23G00044,1,2026-04,True,8284,741e2ef998acd2980e94aad9c6395f04fc4fd3496027091dbddc7899d38c11a3
data/output/appalti_it/raw/dlgs_36_2023_art_197.html,Normattiva,dlgs_36_2023,197,urn:nir:stato:decreto.legislativo:2023-03-31;36,,2023-03-31,23G00044,1,2026-04,True,10674,270164716b5758e85ff1d8b4d492e9995821c4e41e15903fd871517aef3d9512
data/output/appalti_it/raw/dlgs_36_2023_art_198.html,Normattiva,dlgs_36_2023,198,urn:nir:stato:decreto.legislativo:2023-03-31;36,,2023-03-31,23G00044,2,2026-04,True,5781,c5b1d13852785ff6bcd357edd7b39d06a4ed39f19e0e47a7ebdef36556dfda43
data/output/appalti_it/raw/dlgs_36_2023_art_199.html,Normattiva,dlgs_36_2023,199,urn:nir:stato:decreto.legislativo:2023-03-31;36,,2023-03-31,23G00044,1,2026-04,True,7638,ef19665e91562f5c00ed51454d6c52de31e91a0570f9f6fd68d0ba30f1cc4deb
data/output/appalti_it/raw/dlgs_36_2023_art_200.html,Normattiva,dlgs_36_2023,200,urn:nir:stato:decreto.legislativo:2023-03-31;36,,2023-03-31,23G00044,1,2026-04,True,5113,63022b77e8a5cb2ee87db1e126fc55c9481638b305be795084a0a15292490826
data/output/appalti_it/raw/dlgs_36_2023_art_201.html,Normattiva,dlgs_36_2023,201,urn:nir:stato:decreto.legislativo:2023-03-31;36,,2023-03-31,23G00044,1,2026-04,True,8369,bcf2ddf37333ccef029cd2c4ddb82a95ca150f9c6f6c148f2000851f318b21f3
data/output/appalti_it/raw/dlgs_36_2023_art_202.html,Normattiva,dlgs_36_2023,202,urn:nir:stato:decreto.legislativo:2023-03-31;36,,2023-03-31,23G00044,2,2026-04,True,6904,b5390b4d10b7637d55ba812f0692da87b8ff08c8ddf0f6a3db0b53d049e355f4
data/output/appalti_it/raw/dlgs_36_2023_art_203.html,Normattiva,dlgs_36_2023,203,urn:nir:stato:decreto.legislativo:2023-03-31;36,,2023-03-31,23G00044,2,2026-04,True,5394,f33edfc45f372ae913a44f7ec93b74fd310c02ffc018eb7b3803f5a8dcd3ca97
data/output/appalti_it/raw/dlgs_36_2023_art_204.html,Normattiva,dlgs_36_2023,204,urn:nir:stato:decreto.legislativo:2023-03-31;36,,2023-03-31,23G00044,1,2026-04,True,15088,84a17e1101da646bb5eb269aee820126ee7bf99b16ecaa4cac6d904f40349ccd
data/output/appalti_it/raw/dlgs_36_2023_art_205.html,Normattiva,dlgs_36_2023,205,urn:nir:stato:decreto.legislativo:2023-03-31;36,,2023-03-31,23G00044,1,2026-04,True,7765,7f5f60f2c16b1924c4b5846aca0b54bde99447eb3724600161a570b16d3f4b61
data/output/appalti_it/raw/dlgs_36_2023_art_206.html,Normattiva,dlgs_36_2023,206,urn:nir:stato:decreto.legislativo:2023-03-31;36,,2023-03-31,23G00044,1,2026-04,True,5244,26f894b8cd687a9915f3b9d83286356a5db607eadccd7c0c5c0886077443033b
data/output/appalti_it/raw/dlgs_36_2023_art_207.html,Normattiva,dlgs_36_2023,207,urn:nir:stato:decreto.legislativo:2023-03-31;36,,2023-03-31,23G00044,1,2026-04,True,6438,397163ec4eb85367d9466da0cd6c97e8736a8b164cd1fcfa111c6e838dd5c21d
data/output/appalti_it/raw/dlgs_36_2023_art_208.html,Normattiva,dlgs_36_2023,208,urn:nir:stato:decreto.legislativo:2023-03-31;36,,2023-03-31,23G00044,1,2026-04,True,5979,d1c0b33875706528b3d8976df84701feb16e92109bdbd20693f08a7b75d18fd1
data/output/appalti_it/raw/dlgs_36_2023_art_209.html,Normattiva,dlgs_36_2023,209,urn:nir:stato:decreto.legislativo:2023-03-31;36,,2023-03-31,23G00044,1,2026-04,True,21958,968b29ba6fc7ef67b3b559d600068812371e1c3aeed72e30f98c33742d399b34
data/output/appalti_it/raw/dlgs_36_2023_art_210.html,Normattiva,dlgs_36_2023,210,urn:nir:stato:decreto.legislativo:2023-03-31;36,,2023-03-31,23G00044,2,2026-04,True,8684,09e0d98c677ce96f54ba26d2542cebe6cdf37d4e9cb1812cffe743c4776b2504
data/output/appalti_it/raw/dlgs_36_2023_art_211.html,Normattiva,dlgs_36_2023,211,urn:nir:stato:decreto.legislativo:2023-03-31;36,,2023-03-31,23G00044,1,2026-04,True,4445,36e1b7d59a3388174980a55081468ea0ee2fb9cf2bb46f588e772836be352cae
data/output/appalti_it/raw/dlgs_36_2023_art_212.html,Normattiva,dlgs_36_2023,212,urn:nir:stato:decreto.legislativo:2023-03-31;36,,2023-03-31,23G00044,1,2026-04,True,5620,343e1f685d4361a135cad3412b5d0813f3a41288b5bed8b590c82a601123cdc3
data/output/appalti_it/raw/dlgs_36_2023_art_213.html,Normattiva,dlgs_36_2023,213,urn:nir:stato:decreto.legislativo:2023-03-31;36,,2023-03-31,23G00044,1,2026-04,True,15394,8e03fc16a3d1dc0cdd9f9f43c2eb8d8582512938f0ada467f3e7c625e4b757fa
data/output/appalti_it/raw/dlgs_36_2023_art_214.html,Normattiva,dlgs_36_2023,214,urn:nir:stato:decreto.legislativo:2023-03-31;36,,2023-03-31,23G00044,2,2026-04,True,9102,bfe2341a5860f2acb6a1ff08e7ad2b6b24866e3459030dc32d6201e6777e43c2
data/output/appalti_it/raw/dlgs_36_2023_art_215.html,Normattiva,dlgs_36_2023,215,urn:nir:stato:decreto.legislativo:2023-03-31;36,,2023-03-31,23G00044,1,2026-04,True,6946,f9c6484e4c2670c9c03c4808b9ad23cb5dc55b0b842aad2afe04f9e6302a094b
data/output/appalti_it/raw/dlgs_36_2023_art_216.html,Normattiva,dlgs_36_2023,216,urn:nir:stato:decreto.legislativo:2023-03-31;36,,2023-03-31,23G00044,2,2026-04,True,8689,ad2c0e95736aa7ea774b7ec8983de52da39bb4e21996338fb6dd2e401990618d
data/output/appalti_it/raw/dlgs_36_2023_art_217.html,Normattiva,dlgs_36_2023,217,urn:nir:stato:decreto.legislativo:2023-03-31;36,,2023-03-31,23G00044,2,2026-04,True,6399,8c32ea1f7020a4797fd88f6ca5e8cc35ce206188c4a032b74fbc5611a51b1f83
data/output/appalti_it/raw/dlgs_36_2023_art_218.html,Normattiva,dlgs_36_2023,218,urn:nir:stato:decreto.legislativo:2023-03-31;36,,2023-03-31,23G00044,2,2026-04,True,4804,e71eb01bf0c81b3f2b6d1662ebdae62eb661207e2b092777e5f41634e9b9f928
data/output/appalti_it/raw/dlgs_36_2023_art_219.html,Normattiva,dlgs_36_2023,219,urn:nir:stato:decreto.legislativo:2023-03-31;36,,2023-03-31,23G00044,1,2026-04,True,5453,0f69ae83b8d38097938d42d8efe2357a17778f1a5efbb721f68658ee144a561d
data/output/appalti_it/raw/dlgs_36_2023_art_220.html,Normattiva,dlgs_36_2023,220,urn:nir:stato:decreto.legislativo:2023-03-31;36,,2023-03-31,23G00044,2,2026-04,True,6993,f0931ccd1b4dec7a0d7644aacbee176b69ad104721c448b88ad53669b28bf7e4
data/output/appalti_it/raw/dlgs_36_2023_art_221.html,Normattiva,dlgs_36_2023,221,urn:nir:stato:decreto.legislativo:2023-03-31;36,,2023-03-31,23G00044,1,2026-04,True,11429,71edc32e0c0c7dbec872157d58ae11bce7433f8a9dd05e018ecd0dfa2ee40bc4
data/output/appalti_it/raw/dlgs_36_2023_art_222.html,Normattiva,dlgs_36_2023,222,urn:nir:stato:decreto.legislativo:2023-03-31;36,,2023-03-31,23G00044,3,2026-04,True,19356,af1fa8608d4014e9bbc7d769fbfcf3073a119083897a5bcf8e431507ef1b75ab
data/output/appalti_it/raw/dlgs_36_2023_art_223.html,Normattiva,dlgs_36_2023,223,urn:nir:stato:decreto.legislativo:2023-03-31;36,,2023-03-31,23G00044,3,2026-04,True,16808,3499d87c78994a7e56741c3e3bf5ed4881346befe6db1cc9115d8109f548efaf
data/output/appalti_it/raw/dlgs_36_2023_art_224.html,Normattiva,dlgs_36_2023,224,urn:nir:stato:decreto.legislativo:2023-03-31;36,,2023-03-31,23G00044,2,2026-04,True,10225,74b71beb86fda69fd3589c9a0fce070deb47825e90d9330fdda3bd6556d4bc00
data/output/appalti_it/raw/dlgs_36_2023_art_225.html,Normattiva,dlgs_36_2023,225,urn:nir:stato:decreto.legislativo:2023-03-31;36,,2023-03-31,23G00044,1,2026-04,True,25797,fe32e84c76e49ace609555b34572e333280043263e63703c80a7e9e98c0bf759
data/output/appalti_it/raw/dlgs_36_2023_art_226.html,Normattiva,dlgs_36_2023,226,urn:nir:stato:decreto.legislativo:2023-03-31;36,,2023-03-31,23G00044,2,2026-04,True,10094,24b557f0097dabfe24503d35e073837b3aa9bac48f9b13ff0d739dea18982cbe
data/output/appalti_it/raw/dlgs_36_2023_art_227.html,Normattiva,dlgs_36_2023,227,urn:nir:stato:decreto.legislativo:2023-03-31;36,,2023-03-31,23G00044,1,2026-04,True,4442,4121f7ccefcdfe0656804bfac4a8e9bd39f93db0cab46ddec567037b2fb21146
data/output/appalti_it/raw/dlgs_36_2023_art_228.html,Normattiva,dlgs_36_2023,228,urn:nir:stato:decreto.legislativo:2023-03-31;36,,2023-03-31,23G00044,1,2026-04,True,4647,45be20649efedd73d0a269a1b3a37c90b93bfd9ef0023d04da5d5f3b36228148
data/output/appalti_it/raw/dlgs_36_2023_art_229.html,Normattiva,dlgs_36_2023,229,urn:nir:stato:decreto.legislativo:2023-03-31;36,,2023-03-31,23G00044,1,2026-04,True,6802,60b75b57cbf6e3cd0cdd6a13dcc1c6f615d293bbf1729f04f74d150653323048
data/output/appalti_it/raw/dlgs_50_2016.html,Normattiva,dlgs_50_2016,,urn:nir:stato:decreto.legislativo:2016-04-18;50,,2016-04-19,16G00062,4,2026-04,True,492465,8e827b50d9a2b9c7316dba39d1da384e3f8a65872dee6a10dd4dbf5cb4af87c6
data/output/appalti_it/raw/dlgs_50_2016_art_001.html,Normattiva,dlgs_50_2016,001,urn:nir:stato:decreto.legislativo:2016-04-18;50,,2016-04-19,16G00062,3,2026-04,True,5668,9494db850aebe0892315bd887bc93badaeeacdf296f35e325ea8e5369040bf03
data/output/appalti_it/raw/dlgs_50_2016_art_002.html,Normattiva,dlgs_50_2016,002,urn:nir:stato:decreto.legislativo:2016-04-18;50,,2016-04-19,16G00062,4,2026-04,True,6672,11c03ec9f382872ae948c01a81a21fe2457b032abc25768986385a6b75d39a03
data/output/appalti_it/raw/dlgs_50_2016_art_003.html,Normattiva,dlgs_50_2016,003,urn:nir:stato:decreto.legislativo:2016-04-18;50,,2016-04-19,16G00062,3,2026-04,True,6672,01b524224fe68953551ec940a6e23536e4819a4ec7cd496c28d4bdc12be029b3
data/output/appalti_it/raw/dlgs_50_2016_art_004.html,Normattiva,dlgs_50_2016,004,urn:nir:stato:decreto.legislativo:2016-04-18;50,,2016-04-19,16G00062,4,2026-04,True,6672,9c010e3769545f81bcd83d7faeb4fab9132dcb1dacd27a0a8d855eab1a57f666
data/output/appalti_it/raw/dlgs_50_2016_art_005.html,Normattiva,dlgs_50_2016,005,urn:nir:stato:decreto.legislativo:2016-04-18;50,,2016-04-19,16G00062,3,2026-04,True,6672,34218a78e681b185423871d8d6fc6584f3b31f18afa69d7c8719643504044205
data/output/appalti_it/raw/dlgs_50_2016_art_006.html,Normattiva,dlgs_50_2016,006,urn:nir:stato:decreto.legislativo:2016-04-18;50,,2016-04-19,16G00062,3,2026-04,True,6672,f34fa7b029adaa6b608dbce8821d63d50a78dd3833cae38892a33065d6f5188d
data/output/appalti_it/raw/dlgs_50_2016_art_007.html,Normattiva,dlgs_50_2016,007,urn:nir:stato:decreto.legislativo:2016-04-18;50,,2016-04-19,16G00062,3,2026-04,True,6672,8fb4059f175e832b1da0dca5334b2ce8affb30b6f8fb40e4e0f51f703d1431e2
data/output/appalti_it/raw/dlgs_50_2016_art_008.html,Normattiva,dlgs_50_2016,008,urn:nir:stato:decreto.legislativo:2016-04-18;50,,2016-04-19,16G00062,2,2026-04,True,6672,9866d326317202238d4d300f4623f95289032e12fadea0dfb307eeab87ddeec5
data/output/appalti_it/raw/dlgs_50_2016_art_009.html,Normattiva,dlgs_50_2016,009,urn:nir:stato:decreto.legislativo:2016-04-18;50,,2016-04-19,16G00062,2,2026-04,True,6674,adccfd2cbc7353a7817ac28af46d19020d243a69459542a710ad30d50b3eca6d
data/output/appalti_it/raw/dlgs_50_2016_art_010.html,Normattiva,dlgs_50_2016,010,urn:nir:stato:decreto.legislativo:2016-04-18;50,,2016-04-19,16G00062,2,2026-04,True,6678,b72b553f5df2aa7f000ac9d54ddacff13a7fcfa4df4fe82488cb79127f672c10
data/output/appalti_it/raw/dlgs_50_2016_art_011.html,Normattiva,dlgs_50_2016,011,urn:nir:stato:decreto.legislativo:2016-04-18;50,,2016-04-19,16G00062,2,2026-04,True,6680,d827a6d6b4227bd5f5eef459a56480477292c25d5a579224965a4a79aae95938
data/output/appalti_it/raw/dlgs_50_2016_art_012.html,Normattiva,dlgs_50_2016,012,urn:nir:stato:decreto.legislativo:2016-04-18;50,,2016-04-19,16G00062,2,2026-04,True,6680,d3038b0415e9698a8888874fab2bbc6c5df8a0329d268923be5f49c43310c802
data/output/appalti_it/raw/dlgs_50_2016_art_013.html,Normattiva,dlgs_50_2016,013,urn:nir:stato:decreto.legislativo:2016-04-18;50,,2016-04-19,16G00062,2,2026-04,True,6680,6968d6395134062581d18a22a8ddfc9ba78e889106a6e5aaff59464e79ee9a71
data/output/appalti_it/raw/dlgs_50_2016_art_014.html,Normattiva,dlgs_50_2016,014,urn:nir:stato:decreto.legislativo:2016-04-18;50,,2016-04-19,16G00062,2,2026-04,True,6680,39327de583f469e6ce65a0eba80f72c60743feaf25a41086c6eda6be7af757a3
data/output/appalti_it/raw/dlgs_50_2016_art_015.html,Normattiva,dlgs_50_2016,015,urn:nir:stato:decreto.legislativo:2016-04-18;50,,2016-04-19,16G00062,3,2026-04,True,6680,86952357ca52a7125c0a84c74f7fdcbb990a29f4213e0f8df1c667669e3c430f
data/output/appalti_it/raw/dlgs_50_2016_art_016.html,Normattiva,dlgs_50_2016,016,urn:nir:stato:decreto.legislativo:2016-04-18;50,,2016-04-19,16G00062,2,2026-04,True,6680,b87c007403145d3f3f2f55d4c21c4b692ee91c40a0ac806c221961041fbd916d
data/output/appalti_it/raw/dlgs_50_2016_art_017.html,Normattiva,dlgs_50_2016,017,urn:nir:stato:decreto.legislativo:2016-04-18;50,,2016-04-19,16G00062,3,2026-04,True,6680,f33abd610752032335cfd2cf15e1c2c1d4f5a7bd63a79673354c57c6d1dcf6e0
data/output/appalti_it/raw/dlgs_50_2016_art_018.html,Normattiva,dlgs_50_2016,018,urn:nir:stato:decreto.legislativo:2016-04-18;50,,2016-04-19,16G00062,2,2026-04,True,6680,734a546b96052517ca9e1f9c6e12cbc9a234b43b6e66bdfa72903ffd42473394
data/output/appalti_it/raw/dlgs_50_2016_art_019.html,Normattiva,dlgs_50_2016,019,urn:nir:stato:decreto.legislativo:2016-04-18;50,,2016-04-19,16G00062,3,2026-04,True,6680,65b64e875590cd65bd26ce54201007cd2a07a06c9453bc7fb25e15dbdddec3b0
data/output/appalti_it/raw/dlgs_50_2016_art_020.html,Normattiva,dlgs_50_2016,020,urn:nir:stato:decreto.legislativo:2016-04-18;50,,2016-04-19,16G00062,2,2026-04,True,6680,40383ff17478ff770109467caf6284d4b22288ede5287c188554d414bfb9b760
data/output/appalti_it/raw/dlgs_50_2016_art_021.html,Normattiva,dlgs_50_2016,021,urn:nir:stato:decreto.legislativo:2016-04-18;50,,2016-04-19,16G00062,2,2026-04,True,10036,6e23f87b8797aa157702c1d9229d85472bcbc185cc496c74241ee5781670319f
data/output/appalti_it/raw/dlgs_50_2016_art_022.html,Normattiva,dlgs_50_2016,022,urn:nir:stato:decreto.legislativo:2016-04-18;50,,2016-04-19,16G00062,3,2026-04,True,6680,33e627a5373960df557df13a040f69d894dedf76dcb1006e68f94b2f6535e3f8
data/output/appalti_it/raw/dlgs_50_2016_art_023.html,Normattiva,dlgs_50_2016,023,urn:nir:stato:decreto.legislativo:2016-04-18;50,,2016-04-19,16G00062,4,2026-04,True,8074,ab0b3690440bde41f1d5b8fa3cd73ea4a9fb713d4ce2ac3db55bfab206b6a51d
data/output/appalti_it/raw/dlgs_50_2016_art_024.html,Normattiva,dlgs_50_2016,024,urn:nir:stato:decreto.legislativo:2016-04-18;50,,2016-04-19,16G00062,6,2026-04,True,6680,e6efa39559d962a883e37828fe7521de8b6ab24b2620661ac0de313982cfa73b
data/output/appalti_it/raw/dlgs_50_2016_art_025.html,Normattiva,dlgs_50_2016,025,urn:nir:stato:decreto.legislativo:2016-04-18;50,,2016-04-19,16G00062,4,2026-04,True,6680,6dbcc2c544c063d4d177e14f953b9e5adae03acd56d3afcfccc2820e73cf559c
data/output/appalti_it/raw/dlgs_50_2016_art_026.html,Normattiva,dlgs_50_2016,026,urn:nir:stato:decreto.legislativo:2016-04-18;50,,2016-04-19,16G00062,5,2026-04,True,6680,0697961184ccd8379a2fae0dfd9ebe0413b7c82aa3d88b67b9d60b8c413dcd3f
data/output/appalti_it/raw/dlgs_50_2016_art_027.html,Normattiva,dlgs_50_2016,027,urn:nir:stato:decreto.legislativo:2016-04-18;50,,2016-04-19,16G00062,5,2026-04,True,6680,03e1dc11e2460a30789e8c5851ce94d32dd67880287979fe74dfa1a1e09c9f23
data/output/appalti_it/raw/dlgs_50_2016_art_028.html,Normattiva,dlgs_50_2016,028,urn:nir:stato:decreto.legislativo:2016-04-18;50,,2016-04-19,16G00062,4,2026-04,True,6680,79ae1e66e637dfa8f1ec9f40cc5aea3683f8cd20a441201de3e55c978adb76b0
data/output/appalti_it/raw/dlgs_50_2016_art_029.html,Normattiva,dlgs_50_2016,029,urn:nir:stato:decreto.legislativo:2016-04-18;50,,2016-04-19,16G00062,4,2026-04,True,10036,5f2850d0b829123c61985826a1a2ff6246e8e4b7da35ccd0ea4f122b99dfe01a
data/output/appalti_it/raw/dlgs_50_2016_art_030.html,Normattiva,dlgs_50_2016,030,urn:nir:stato:decreto.legislativo:2016-04-18;50,,2016-04-19,16G00062,7,2026-04,True,6680,310edf850c9038d56e46d03e4b1d979f2836e8e15d47d23b30bc97c127c3bdce
data/output/appalti_it/raw/dlgs_50_2016_art_031.html,Normattiva,dlgs_50_2016,031,urn:nir:stato:decreto.legislativo:2016-04-18;50,,2016-04-19,16G00062,4,2026-04,True,6680,5a7a7c096c3a36b3487c4beb1d542bed1959f2be29df57d1ad63e57a0b5afbde
data/output/appalti_it/raw/dlgs_50_2016_art_032.html,Normattiva,dlgs_50_2016,032,urn:nir:stato:decreto.legislativo:2016-04-18;50,,2016-04-19,16G00062,6,2026-04,True,6680,60cc52f47dde33f0ef699dc1a565bf5cae55caa5d391b98f1f03b53038eead2f
data/output/appalti_it/raw/dlgs_50_2016_art_033.html,Normattiva,dlgs_50_2016,033,urn:nir:stato:decreto.legislativo:2016-04-18;50,,2016-04-19,16G00062,6,2026-04,True,6680,87eabee89d467b53747da913be1cd3ff388fb2d57b462f461746efc91d9d4455
data/output/appalti_it/raw/dlgs_50_2016_art_034.html,Normattiva,dlgs_50_2016,034,urn:nir:stato:decreto.legislativo:2016-04-18;50,,2016-04-19,16G00062,2,2026-04,True,6680,95cff812c8d8004cfacdaa8e1ed69b8a3cb0f0dc5fdf68601696cc856fd15604
data/output/appalti_it/raw/dlgs_50_2016_art_035.html,Normattiva,dlgs_50_2016,035,urn:nir:stato:decreto.legislativo:2016-04-18;50,,2016-04-19,16G00062,3,2026-04,True,6680,8e1d0d3ea03e012a05ee344e28548073c5ed79246ad4cb935ff90cdbf7a5c39d
data/output/appalti_it/raw/dlgs_50_2016_art_036.html,Normattiva,dlgs_50_2016,036,urn:nir:stato:decreto.legislativo:2016-04-18;50,,2016-04-19,16G00062,6,2026-04,True,6680,26ed7f05a3ec5b5bf550aaabccfa195897f93b36dad7f4f8486c2c4c6c909853
data/output/appalti_it/raw/dlgs_50_2016_art_037.html,Normattiva,dlgs_50_2016,037,urn:nir:stato:decreto.legislativo:2016-04-18;50,,2016-04-19,16G00062,8,2026-04,True,6680,6413bd3567a51ae7a322b1edeef47ebaf7f2ee2e106ed02f0ec80c8b5057c41a
data/output/appalti_it/raw/dlgs_50_2016_art_038.html,Normattiva,dlgs_50_2016,038,urn:nir:stato:decreto.legislativo:2016-04-18;50,,2016-04-19,16G00062,7,2026-04,True,6680,24042daa37a178171e259b5b1684bc81df49c002f2e3234a56bd4b02459697fe
data/output/appalti_it/raw/dlgs_50_2016_art_039.html,Normattiva,dlgs_50_2016,039,urn:nir:stato:decreto.legislativo:2016-04-18;50,,2016-04-19,16G00062,7,2026-04,True,6680,ef33b2cda13286935a9bc29071c9c0c32cde85fe7c62c49e408963c9307af2a8
data/output/appalti_it/raw/dlgs_50_2016_art_040.html,Normattiva,dlgs_50_2016,040,urn:nir:stato:decreto.legislativo:2016-04-18;50,,2016-04-19,16G00062,2,2026-04,True,10036,5ea2267695ac7802fbc3ad5ff9b5e03ae40130d7e054fad5a1d09b17c898e30a
data/output/appalti_it/raw/dlgs_50_2016_art_041.html,Normattiva,dlgs_50_2016,041,urn:nir:stato:decreto.legislativo:2016-04-18;50,,2016-04-19,16G00062,2,2026-04,True,10036,cef7c9baae408ba7209abb64b5ba40ae5c5c36240e543a9f8a348ffd3b4a503a
data/output/appalti_it/raw/dlgs_50_2016_art_042.html,Normattiva,dlgs_50_2016,042,urn:nir:stato:decreto.legislativo:2016-04-18;50,,2016-04-19,16G00062,4,2026-04,True,6680,bc8cbfc988575df91d25cb4a0e62bf7013f6a1d7077c84377e1ef1987ea23456
data/output/appalti_it/raw/dlgs_50_2016_art_043.html,Normattiva,dlgs_50_2016,043,urn:nir:stato:decreto.legislativo:2016-04-18;50,,2016-04-19,16G00062,2,2026-04,True,6680,01e41013691a9e1753a6cb04ed7dc295530e09c841fa0585479754defb39af28
data/output/appalti_it/raw/dlgs_50_2016_art_044.html,Normattiva,dlgs_50_2016,044,urn:nir:stato:decreto.legislativo:2016-04-18;50,,2016-04-19,16G00062,2,2026-04,True,10036,4582de97807508cef1b0cfaa32d2176573658af1e1d02207f8adda04e6a27bdc
data/output/appalti_it/raw/dlgs_50_2016_art_045.html,Normattiva,dlgs_50_2016,045,urn:nir:stato:decreto.legislativo:2016-04-18;50,,2016-04-19,16G00062,3,2026-04,True,6680,0158e9f42cca082084a40d4ffbf2c3a0a80a8834247f822f9fc0eeb28716060b
data/output/appalti_it/raw/dlgs_50_2016_art_046.html,Normattiva,dlgs_50_2016,046,urn:nir:stato:decreto.legislativo:2016-04-18;50,,2016-04-19,16G00062,2,2026-04,True,6680,1c0a02f83fa9323f156fc956aeec85d704d60ddd419dd2e87b20da25706358ec
data/output/appalti_it/raw/dlgs_50_2016_art_047.html,Normattiva,dlgs_50_2016,047,urn:nir:stato:decreto.legislativo:2016-04-18;50,,2016-04-19,16G00062,7,2026-04,True,6680,3af44f8be644ce2817bab6f62c50c2313bd84f1ffa7111523ad719d6e07f2247
data/output/appalti_it/raw/dlgs_50_2016_art_048.html,Normattiva,dlgs_50_2016,048,urn:nir:stato:decreto.legislativo:2016-04-18;50,,2016-04-19,16G00062,5,2026-04,True,6680,a8823c73ba3441a44fc60ab007f9a9f37cb491421fcefd186a45fd436a077515
data/output/appalti_it/raw/dlgs_50_2016_art_049.html,Normattiva,dlgs_50_2016,049,urn:nir:stato:decreto.legislativo:2016-04-18;50,,2016-04-19,16G00062,6,2026-04,True,6680,3fed729ee50d00578153970701e658ece91a7e404796bfed07d0fc925bd6cd2e
data/output/appalti_it/raw/dlgs_50_2016_art_050.html,Normattiva,dlgs_50_2016,050,urn:nir:stato:decreto.legislativo:2016-04-18;50,,2016-04-19,16G00062,2,2026-04,True,6680,80e44a9660b3a6e98ba44164b18b2df48986b28468c9e3beb22c38c63109891f
data/output/appalti_it/raw/dlgs_50_2016_art_051.html,Normattiva,dlgs_50_2016,051,urn:nir:stato:decreto.legislativo:2016-04-18;50,,2016-04-19,16G00062,3,2026-04,True,6680,7578f53d566d883aeb6179c6480b080b89ba75364545b0742f1b31117b35b730
data/output/appalti_it/raw/dlgs_50_2016_art_052.html,Normattiva,dlgs_50_2016,052,urn:nir:stato:decreto.legislativo:2016-04-18;50,,2016-04-19,16G00062,3,2026-04,True,10036,f91786e9778de7bce7be841fccc6f47d9ad41cf528f393ea9aa222a8be73a8e7
data/output/appalti_it/raw/dlgs_50_2016_art_053.html,Normattiva,dlgs_50_2016,053,urn:nir:stato:decreto.legislativo:2016-04-18;50,,2016-04-19,16G00062,4,2026-04,True,10036,537ef82b49820463575a4fd13b418f618476e8b42883d8a9d307d18e987c261b
data/output/appalti_it/raw/dlgs_50_2016_art_054.html,Normattiva,dlgs_50_2016,054,urn:nir:stato:decreto.legislativo:2016-04-18;50,,2016-04-19,16G00062,4,2026-04,True,6680,f13eaf6c5d7a20d991de3a82128760c1ad7f1163a111376dd7e92ab28c9c457e
data/output/appalti_it/raw/dlgs_50_2016_art_055.html,Normattiva,dlgs_50_2016,055,urn:nir:stato:decreto.legislativo:2016-04-18;50,,2016-04-19,16G00062,2,2026-04,True,6680,09096baaaa0e78e8af1e3e55fae407fe85ec84e1a1b1883c960b6571bf256bb9
data/output/appalti_it/raw/dlgs_50_2016_art_056.html,Normattiva,dlgs_50_2016,056,urn:nir:stato:decreto.legislativo:2016-04-18;50,,2016-04-19,16G00062,3,2026-04,True,6680,365f549db92120782a8bd11df5c1e79a22a8f19f2de42ddf5ef5790b56359475
data/output/appalti_it/raw/dlgs_50_2016_art_057.html,Normattiva,dlgs_50_2016,057,urn:nir:stato:decreto.legislativo:2016-04-18;50,,2016-04-19,16G00062,4,2026-04,True,6680,0fdb4f7f5c9f5662b263f14725411d0bd35c0565503233f7188ee28356032981
data/output/appalti_it/raw/dlgs_50_2016_art_058.html,Normattiva,dlgs_50_2016,058,urn:nir:stato:decreto.legislativo:2016-04-18;50,,2016-04-19,16G00062,2,2026-04,True,10036,17439deb2c642cf8582b28acd6eb0984a3da3546e128aa29945a8f52516d1157
data/output/appalti_it/raw/dlgs_50_2016_art_059.html,Normattiva,dlgs_50_2016,059,urn:nir:stato:decreto.legislativo:2016-04-18;50,,2016-04-19,16G00062,4,2026-04,True,6680,2c2f83cea8c20c4c1a1c6f25edca2c238c5a5aa8b177398de06d658fed856308
data/output/appalti_it/raw/dlgs_50_2016_art_060.html,Normattiva,dlgs_50_2016,060,urn:nir:stato:decreto.legislativo:2016-04-18;50,,2016-04-19,16G00062,6,2026-04,True,6680,edc577811120da02285cc48ad682dd063a19552ed18f1cf01171c7fe250100de
data/output/appalti_it/raw/dlgs_50_2016_art_061.html,Normattiva,dlgs_50_2016,061,urn:nir:stato:decreto.legislativo:2016-04-18;50,,2016-04-19,16G00062,3,2026-04,True,6680,6431ee4b44d222ab2374118611c3e9aad4e1c37dcc5d9af5d46c4b271305eaff
data/output/appalti_it/raw/dlgs_50_2016_art_062.html,Normattiva,dlgs_50_2016,062,urn:nir:stato:decreto.legislativo:2016-04-18;50,,2016-04-19,16G00062,2,2026-04,True,6680,2529336d6e3c3d36e270df8d113fd424892558d51c0568ccd4fcb33f3b9850e9
data/output/appalti_it/raw/dlgs_50_2016_art_063.html,Normattiva,dlgs_50_2016,063,urn:nir:stato:decreto.legislativo:2016-04-18;50,,2016-04-19,16G00062,4,2026-04,True,6680,91aab9a919f951eaf35cb0ba9e890db9f757f8cde2addd478af8345514591fe8
data/output/appalti_it/raw/dlgs_50_2016_art_064.html,Normattiva,dlgs_50_2016,064,urn:nir:stato:decreto.legislativo:2016-04-18;50,,2016-04-19,16G00062,2,2026-04,True,6680,fa0801d526a96bc0af81ef8e5614dc77833a16325f824068882948962887b7ed
data/output/appalti_it/raw/dlgs_50_2016_art_065.html,Normattiva,dlgs_50_2016,065,urn:nir:stato:decreto.legislativo:2016-04-18;50,,2016-04-19,16G00062,3,2026-04,True,6682,243e136709ce6c89018c2631785927c1bc53230821aec4eb54358684984fbaf4
data/output/appalti_it/raw/dlgs_50_2016_art_066.html,Normattiva,dlgs_50_2016,066,urn:nir:stato:decreto.legislativo:2016-04-18;50,,2016-04-19,16G00062,2,2026-04,True,6682,5f2606c9b9eaac456da933c9054e5d7c221f8b2b0977a3d8eb4731b7cc42a2f6
data/output/appalti_it/raw/dlgs_50_2016_art_067.html,Normattiva,dlgs_50_2016,067,urn:nir:stato:decreto.legislativo:2016-04-18;50,,2016-04-19,16G00062,3,2026-04,True,6684,c99f0e69f494199be28c938d51eae1d58554b105541ba7dd0f1cc6ff032bc2aa
data/output/appalti_it/raw/dlgs_50_2016_art_068.html,Normattiva,dlgs_50_2016,068,urn:nir:stato:decreto.legislativo:2016-04-18;50,,2016-04-19,16G00062,2,2026-04,True,6684,c258c26dffb2e91ba703fe72d06cbbe8c922ce441cfc8a3a4df3444833c01beb
data/output/appalti_it/raw/dlgs_50_2016_art_069.html,Normattiva,dlgs_50_2016,069,urn:nir:stato:decreto.legislativo:2016-04-18;50,,2016-04-19,16G00062,2,2026-04,True,6684,1032038763a86ec2cbc542797e23c933e2779686141a2a8216cce3a6cfa78b18
data/output/appalti_it/raw/dlgs_50_2016_art_070.html,Normattiva,dlgs_50_2016,070,urn:nir:stato:decreto.legislativo:2016-04-18;50,,2016-04-19,16G00062,2,2026-04,True,8324,9b9b819ff30b86a306301d136d2d459baffd5b7797e842696960b769fe835c31
data/output/appalti_it/raw/dlgs_50_2016_art_071.html,Normattiva,dlgs_50_2016,071,urn:nir:stato:decreto.legislativo:2016-04-18;50,,2016-04-19,16G00062,4,2026-04,True,6684,0dc59b5ed066bbd1e0eee51cc4e9f70da7a438b57e7cbccec60ed9f8ad297dd6
data/output/appalti_it/raw/dlgs_50_2016_art_072.html,Normattiva,dlgs_50_2016,072,urn:nir:stato:decreto.legislativo:2016-04-18;50,,2016-04-19,16G00062,2,2026-04,True,8324,6f89635ef08c5e36a96cf3492105ffa21c1d84377f67375a2a05f15316370bc5
data/output/appalti_it/raw/dlgs_50_2016_art_073.html,Normattiva,dlgs_50_2016,073,urn:nir:stato:decreto.legislativo:2016-04-18;50,,2016-04-19,16G00062,4,2026-04,True,8324,6f40380d59496afab0b2b05a9383e720ce54a5296c60240175ffc5490043c855
data/output/appalti_it/raw/dlgs_50_2016_art_074.html,Normattiva,dlgs_50_2016,074,urn:nir:stato:decreto.legislativo:2016-04-18;50,,2016-04-19,16G00062,2,2026-04,True,10040,a29eb01f3532cf2ddbce1a0b1568923b2bf09a5defe0282e7b6b19e1567c65a5
data/output/appalti_it/raw/dlgs_50_2016_art_075.html,Normattiva,dlgs_50_2016,075,urn:nir:stato:decreto.legislativo:2016-04-18;50,,2016-04-19,16G00062,2,2026-04,True,6684,450add2c9568ff20e19a61eaf235197dc7cff5b387582fcf879c3a19b623c8cc
data/output/appalti_it/raw/dlgs_50_2016_art_076.html,Normattiva,dlgs_50_2016,076,urn:nir:stato:decreto.legislativo:2016-04-18;50,,2016-04-19,16G00062,2,2026-04,True,6684,301ad7466a1408f8545aa64fd4a096bad4452e06b22e950d86566527994039c7
data/output/appalti_it/raw/dlgs_50_2016_art_077.html,Normattiva,dlgs_50_2016,077,urn:nir:stato:decreto.legislativo:2016-04-18;50,,2016-04-19,16G00062,4,2026-04,True,6684,43d04689bd7f73c38c6cf43f96feb9171ba9a380ff313a92d507c93c7d89d6d4
data/output/appalti_it/raw/dlgs_50_2016_art_078.html,Normattiva,dlgs_50_2016,078,urn:nir:stato:decreto.legislativo:2016-04-18;50,,2016-04-19,16G00062,6,2026-04,True,6684,e7dc84d246de1e1d986fb2ebdc3a937bb72459a230e78ebd28240bbfaebaaa11
data/output/appalti_it/raw/dlgs_50_2016_art_079.html,Normattiva,dlgs_50_2016,079,urn:nir:stato:decreto.legislativo:2016-04-18;50,,2016-04-19,16G00062,3,2026-04,True,6686,b157946562c5a3733f3f3f725414458bd9f5c51f5da4ab08e3c2fc2cb316a383
data/output/appalti_it/raw/dlgs_50_2016_art_080.html,Normattiva,dlgs_50_2016,080,urn:nir:stato:decreto.legislativo:2016-04-18;50,,2016-04-19,16G00062,4,2026-04,True,6686,95f31c9e13ee400a2cf1ecced4ef7bc153712c6b255c766279494b29c40b1010
data/output/appalti_it/raw/dlgs_50_2016_art_081.html,Normattiva,dlgs_50_2016,081,urn:nir:stato:decreto.legislativo:2016-04-18;50,,2016-04-19,16G00062,10,2026-04,True,10042,311da26b445d1fdc132114f3c808f2bbeeae7d51afa0bf317244954ffe604e3e
data/output/appalti_it/raw/dlgs_50_2016_art_082.html,Normattiva,dlgs_50_2016,082,urn:nir:stato:decreto.legislativo:2016-04-18;50,,2016-04-19,16G00062,5,2026-04,True,6684,ea43ca3bcc9ae089dbf03eff61c210843cc11ab79be6217947883539b84a9038
data/output/appalti_it/raw/dlgs_50_2016_art_083.html,Normattiva,dlgs_50_2016,083,urn:nir:stato:decreto.legislativo:2016-04-18;50,,2016-04-19,16G00062,3,2026-04,True,6684,78879e1cd9c3cb8bee99398271e2a89b1cece920e6a92b661331ee44ec902b7f
data/output/appalti_it/raw/dlgs_50_2016_art_084.html,Normattiva,dlgs_50_2016,084,urn:nir:stato:decreto.legislativo:2016-04-18;50,,2016-04-19,16G00062,8,2026-04,True,6684,3c31ad319f2a764ad2db33c3837eb44d030ad279db102763921e5edfa6c7e7ad
data/output/appalti_it/raw/dlgs_50_2016_art_085.html,Normattiva,dlgs_50_2016,085,urn:nir:stato:decreto.legislativo:2016-04-18;50,,2016-04-19,16G00062,5,2026-04,True,10040,b032abe1af500b36cad9f95c5125f8a96f9d77b383fd1c264613bcdd66e098db
data/output/appalti_it/raw/dlgs_50_2016_art_086.html,Normattiva,dlgs_50_2016,086,urn:nir:stato:decreto.legislativo:2016-04-18;50,,2016-04-19,16G00062,5,2026-04,True,6684,af788ac7e79be0d8b30c8824e0dfaf9b7b6577b59c12e9037bff23e61b65f937
data/output/appalti_it/raw/dlgs_50_2016_art_087.html,Normattiva,dlgs_50_2016,087,urn:nir:stato:decreto.legislativo:2016-04-18;50,,2016-04-19,16G00062,5,2026-04,True,6684,08646b3b901ee21aa4237d368486f5df80e420072e59dab80c766217ba1f8980
data/output/appalti_it/raw/dlgs_50_2016_art_088.html,Normattiva,dlgs_50_2016,088,urn:nir:stato:decreto.legislativo:2016-04-18;50,,2016-04-19,16G00062,2,2026-04,True,6684,872e40b2d8955520c6eae82a023507dea4d5a56e32fd9b80b064dcc7ec105ca9
data/output/appalti_it/raw/dlgs_50_2016_art_089.html,Normattiva,dlgs_50_2016,089,urn:nir:stato:decreto.legislativo:2016-04-18;50,,2016-04-19,16G00062,3,2026-04,True,6684,3621a90447130fd48220107e46b0a4c2cb3d9dd47c629c1ce82d062330fd3cd8
data/output/appalti_it/raw/dlgs_50_2016_art_090.html,Normattiva,dlgs_50_2016,090,urn:nir:stato:decreto.legislativo:2016-04-18;50,,2016-04-19,16G00062,5,2026-04,True,6684,dea72e600f5baf8f40407492c731048a05108915349fbe794e498bb94437d672
data/output/appalti_it/raw/dlgs_50_2016_art_091.html,Normattiva,dlgs_50_2016,091,urn:nir:stato:decreto.legislativo:2016-04-18;50,,2016-04-19,16G00062,3,2026-04,True,6684,e617a7fd15c94df1566a23e90de1dc40c124e8eeb2d5500088b77b518bc20d97
data/output/appalti_it/raw/dlgs_50_2016_art_092.html,Normattiva,dlgs_50_2016,092,urn:nir:stato:decreto.legislativo:2016-04-18;50,,2016-04-19,16G00062,3,2026-04,True,6684,1ed6371557b8c430e5e2cedfac556b7d94bfeb1c47d7b2dab9fede82127af79f
data/output/appalti_it/raw/dlgs_50_2016_art_093.html,Normattiva,dlgs_50_2016,093,urn:nir:stato:decreto.legislativo:2016-04-18;50,,2016-04-19,16G00062,3,2026-04,True,6684,56ced5e1fa666cfda533ee78ef50744170ae9b857bb78026add0f088e8220914
data/output/appalti_it/raw/dlgs_50_2016_art_094.html,Normattiva,dlgs_50_2016,094,urn:nir:stato:decreto.legislativo:2016-04-18;50,,2016-04-19,16G00062,7,2026-04,True,6684,ae1fa0c7ad1bcfc98d340d8f0534b7a470fed57fb5b431910ec90484c8ae03d8
data/output/appalti_it/raw/dlgs_50_2016_art_095.html,Normattiva,dlgs_50_2016,095,urn:nir:stato:decreto.legislativo:2016-04-18;50,,2016-04-19,16G00062,3,2026-04,True,6684,fd8dbc3af7b77486096995cccc828246a19fc21025a140c77ee94ed4446d7d93
data/output/appalti_it/raw/dlgs_50_2016_art_096.html,Normattiva,dlgs_50_2016,096,urn:nir:stato:decreto.legislativo:2016-04-18;50,,2016-04-19,16G00062,8,2026-04,True,6684,49f81eeaa5530c819a373aa7268af679e9903a855dd4d16128bedb169d227e54
data/output/appalti_it/raw/dlgs_50_2016_art_097.html,Normattiva,dlgs_50_2016,097,urn:nir:stato:decreto.legislativo:2016-04-18;50,,2016-04-19,16G00062,3,2026-04,True,6684,e83ae543ca196b9668b16d1e7c7e6fc1888c6edb1d2dae6e1b7bc35d41a63b1e
data/output/appalti_it/raw/dlgs_50_2016_art_098.html,Normattiva,dlgs_50_2016,098,urn:nir:stato:decreto.legislativo:2016-04-18;50,,2016-04-19,16G00062,5,2026-04,True,6684,2213d03e354e1c6363a42d0351272a35ac6e15b9e42a5fae1591a2c5d6f7fe82
data/output/appalti_it/raw/dlgs_50_2016_art_099.html,Normattiva,dlgs_50_2016,099,urn:nir:stato:decreto.legislativo:2016-04-18;50,,2016-04-19,16G00062,3,2026-04,True,6686,1d4557ef8c425393b9ea6de7b3ef8cd120bcf6d6aa601634ce2d35196e3ee70d
data/output/appalti_it/raw/dlgs_50_2016_art_100.html,Normattiva,dlgs_50_2016,100,urn:nir:stato:decreto.legislativo:2016-04-18;50,,2016-04-19,16G00062,3,2026-04,True,6690,e373bc693832e74d25eea795e7a8fcb77f5f8405b8738eadeedd44caf335166b
data/output/appalti_it/raw/dlgs_50_2016_art_101.html,Normattiva,dlgs_50_2016,101,urn:nir:stato:decreto.legislativo:2016-04-18;50,,2016-04-19,16G00062,3,2026-04,True,6692,06af7e7539ef5fb8dfc07e6555aaff2c84c10fcae42957bf8e6b81c559831c47
data/output/appalti_it/raw/dlgs_50_2016_art_102.html,Normattiva,dlgs_50_2016,102,urn:nir:stato:decreto.legislativo:2016-04-18;50,,2016-04-19,16G00062,4,2026-04,True,6692,fac7591214cdeff70f8c5dbb076e020b6afe70c84e856ae8d500ed7874ae37b5
data/output/appalti_it/raw/dlgs_50_2016_art_103.html,Normattiva,dlgs_50_2016,103,urn:nir:stato:decreto.legislativo:2016-04-18;50,,2016-04-19,16G00062,4,2026-04,True,6692,a803339cf8daccd5554e1452acba69a2033624283cb54b8fe30a0a4f6a54b5ff
data/output/appalti_it/raw/dlgs_50_2016_art_104.html,Normattiva,dlgs_50_2016,104,urn:nir:stato:decreto.legislativo:2016-04-18;50,,2016-04-19,16G00062,3,2026-04,True,6694,df90c871f9df20dfadd3dddc5c97406f76495bfc3ee4d94676fb22bfe6086a4d
data/output/appalti_it/raw/dlgs_50_2016_art_105.html,Normattiva,dlgs_50_2016,105,urn:nir:stato:decreto.legislativo:2016-04-18;50,,2016-04-19,16G00062,4,2026-04,True,10050,cc8ca77b0e860639c362343a64246461ba2278358c5d38bf2171b7b08dce1861
data/output/appalti_it/raw/dlgs_50_2016_art_106.html,Normattiva,dlgs_50_2016,106,urn:nir:stato:decreto.legislativo:2016-04-18;50,,2016-04-19,16G00062,10,2026-04,True,6694,b252f600396a68b337d2090f18787c311bcc0848e11dc4b5fbfea5d02925f105
data/output/appalti_it/raw/dlgs_50_2016_art_107.html,Normattiva,dlgs_50_2016,107,urn:nir:stato:decreto.legislativo:2016-04-18;50,,2016-04-19,16G00062,5,2026-04,True,6692,5230fea90bf7674a4297262554b7a336a5d963ffeb9ec51fb354724bf6ef0da9
data/output/appalti_it/raw/dlgs_50_2016_art_108.html,Normattiva,dlgs_50_2016,108,urn:nir:stato:decreto.legislativo:2016-04-18;50,,2016-04-19,16G00062,3,2026-04,True,6692,572ad5863d5e49ad205d53c124fbf7e760abda9ac5947e6cf2d06761a473c71b
data/output/appalti_it/raw/dlgs_50_2016_art_109.html,Normattiva,dlgs_50_2016,109,urn:nir:stato:decreto.legislativo:2016-04-18;50,,2016-04-19,16G00062,4,2026-04,True,6692,4915c616e528ed7b3326884696d0fcb253906b2363aaa5d56e42e4fa96cfe062
data/output/appalti_it/raw/dlgs_50_2016_art_110.html,Normattiva,dlgs_50_2016,110,urn:nir:stato:decreto.legislativo:2016-04-18;50,,2016-04-19,16G00062,4,2026-04,True,6692,3af8a646005c04f5c77c100ae151acbef52f324584d64166528aa6782b6b0191
data/output/appalti_it/raw/dlgs_50_2016_art_111.html,Normattiva,dlgs_50_2016,111,urn:nir:stato:decreto.legislativo:2016-04-18;50,,2016-04-19,16G00062,6,2026-04,True,10048,5dd8ed7b230cec07616bb5e0f1f6ff768c9bb08dc17538e270f5d909ab40cdad
data/output/appalti_it/raw/dlgs_50_2016_art_112.html,Normattiva,dlgs_50_2016,112,urn:nir:stato:decreto.legislativo:2016-04-18;50,,2016-04-19,16G00062,5,2026-04,True,6692,6b7bf2d811d73203af284ad8dd03e176f2faa40de3dd52461c6211a2ee019593
data/output/appalti_it/raw/dlgs_50_2016_art_113.html,Normattiva,dlgs_50_2016,113,urn:nir:stato:decreto.legislativo:2016-04-18;50,,2016-04-19,16G00062,2,2026-04,True,6692,b19a595ae16367e08212f2abb59191dbf3b4c4e5f5f4c8f13385a106fd292423
data/output/appalti_it/raw/dlgs_50_2016_art_114.html,Normattiva,dlgs_50_2016,114,urn:nir:stato:decreto.legislativo:2016-04-18;50,,2016-04-19,16G00062,5,2026-04,True,6692,c4766149419b92960b6a0a37f7d5eecd6e65905232cb05d69c5b7c6e907d7b82
data/output/appalti_it/raw/dlgs_50_2016_art_115.html,Normattiva,dlgs_50_2016,115,urn:nir:stato:decreto.legislativo:2016-04-18;50,,2016-04-19,16G00062,4,2026-04,True,6692,e468999af3ee70185a3c979639932a1ba417e420c2709c5f51b64a852ed8267e
data/output/appalti_it/raw/dlgs_50_2016_art_116.html,Normattiva,dlgs_50_2016,116,urn:nir:stato:decreto.legislativo:2016-04-18;50,,2016-04-19,16G00062,2,2026-04,True,6692,6addabfc03e06dc1dd3aa1dd120a906ad6ee795401e57b5234e527f63602a877
data/output/appalti_it/raw/dlgs_50_2016_art_117.html,Normattiva,dlgs_50_2016,117,urn:nir:stato:decreto.legislativo:2016-04-18;50,,2016-04-19,16G00062,2,2026-04,True,6692,b9117d3990ece1c6582a34e76071df5786fd16f004579da04d1c81aabcc126bc
data/output/appalti_it/raw/dlgs_50_2016_art_118.html,Normattiva,dlgs_50_2016,118,urn:nir:stato:decreto.legislativo:2016-04-18;50,,2016-04-19,16G00062,2,2026-04,True,6692,3a61caa4cef8726c66e3843893415e6fced9b9ae9a1f5268e942b12be5980ad1
data/output/appalti_it/raw/dlgs_50_2016_art_119.html,Normattiva,dlgs_50_2016,119,urn:nir:stato:decreto.legislativo:2016-04-18;50,,2016-04-19,16G00062,2,2026-04,True,6692,8d4a43214c5dc82b6ac76f2ca4166b863db0605749dd30bbfeb8e8e87fad263e
data/output/appalti_it/raw/dlgs_50_2016_art_120.html,Normattiva,dlgs_50_2016,120,urn:nir:stato:decreto.legislativo:2016-04-18;50,,2016-04-19,16G00062,2,2026-04,True,6692,18b3cd870c10fc9722d204b6d5e3877eb5cb2efb6dc0f3fbcfda78079f25e953
data/output/appalti_it/raw/dlgs_50_2016_art_121.html,Normattiva,dlgs_50_2016,121,urn:nir:stato:decreto.legislativo:2016-04-18;50,,2016-04-19,16G00062,2,2026-04,True,6692,5a5ea6f73482743b3dc3a91f94b9fc44e415113a66d5722ceb6e398d499b7289
data/output/appalti_it/raw/dlgs_50_2016_art_122.html,Normattiva,dlgs_50_2016,122,urn:nir:stato:decreto.legislativo:2016-04-18;50,,2016-04-19,16G00062,2,2026-04,True,6692,21dd91ad1112e9355bf306eeaffe3314f06ad33447c89da8686d6365f0b601b6
data/output/appalti_it/raw/dlgs_50_2016_art_123.html,Normattiva,dlgs_50_2016,123,urn:nir:stato:decreto.legislativo:2016-04-18;50,,2016-04-19,16G00062,3,2026-04,True,6692,531faaa94e12d727fbe17e125dc8e529bd31bbb6d022d06285a2eecb372951c9
data/output/appalti_it/raw/dlgs_50_2016_art_124.html,Normattiva,dlgs_50_2016,124,urn:nir:stato:decreto.legislativo:2016-04-18;50,,2016-04-19,16G00062,3,2026-04,True,6692,db6c9f07aab252b804ff320ce19098aa2dc7c0dd340ffce12f73c312cd084e4f
data/output/appalti_it/raw/dlgs_50_2016_art_125.html,Normattiva,dlgs_50_2016,125,urn:nir:stato:decreto.legislativo:2016-04-18;50,,2016-04-19,16G00062,3,2026-04,True,6692,292b67f4a2383160fe83f33ffbea039d29fcc35dae9a21851702fc40ec7048cd
data/output/appalti_it/raw/dlgs_50_2016_art_126.html,Normattiva,dlgs_50_2016,126,urn:nir:stato:decreto.legislativo:2016-04-18;50,,2016-04-19,16G00062,4,2026-04,True,6692,54be593a1cb53bf89fa41a2e98dccc11cfdaced60ce40c4896c07c8b7c30b084
data/output/appalti_it/raw/dlgs_50_2016_art_127.html,Normattiva,dlgs_50_2016,127,urn:nir:stato:decreto.legislativo:2016-04-18;50,,2016-04-19,16G00062,4,2026-04,True,8332,7852e62cb1bafda3fec11ada195a68e6ec5fad6b147f3a26e5101a71b73a47e0
data/output/appalti_it/raw/dlgs_50_2016_art_128.html,Normattiva,dlgs_50_2016,128,urn:nir:stato:decreto.legislativo:2016-04-18;50,,2016-04-19,16G00062,3,2026-04,True,6692,8c98f203fa4d7f4d6aa881379f3e86405049a3034597c3f435a7430bbc39a6f9
data/output/appalti_it/raw/dlgs_50_2016_art_129.html,Normattiva,dlgs_50_2016,129,urn:nir:stato:decreto.legislativo:2016-04-18;50,,2016-04-19,16G00062,3,2026-04,True,8332,a8026a733fb3c8294099c1c474d0999349e184fc8dbbf134f252deacfa964e44
data/output/appalti_it/raw/dlgs_50_2016_art_130.html,Normattiva,dlgs_50_2016,130,urn:nir:stato:decreto.legislativo:2016-04-18;50,,2016-04-19,16G00062,2,2026-04,True,6692,cb083b649c6587fb6e5d9b3f6cd938c8a22d4f34805a1463c13eb7d01f3469b9
data/output/appalti_it/raw/dlgs_50_2016_art_131.html,Normattiva,dlgs_50_2016,131,urn:nir:stato:decreto.legislativo:2016-04-18;50,,2016-04-19,16G00062,3,2026-04,True,6692,173b3e2a190382f3fce2cc7ca8861f2627f984fdb293a19425bac9378af3f642
data/output/appalti_it/raw/dlgs_50_2016_art_132.html,Normattiva,dlgs_50_2016,132,urn:nir:stato:decreto.legislativo:2016-04-18;50,,2016-04-19,16G00062,3,2026-04,True,6692,1d47ad1344078e00b0bf3f684e8255f20dac99770da65fb4b2102151d6548976
data/output/appalti_it/raw/dlgs_50_2016_art_133.html,Normattiva,dlgs_50_2016,133,urn:nir:stato:decreto.legislativo:2016-04-18;50,,2016-04-19,16G00062,3,2026-04,True,6692,c2f9ce663cd23972d4d81eb20226440170f11347529c5b4dd28e580593488a57
data/output/appalti_it/raw/dlgs_50_2016_art_134.html,Normattiva,dlgs_50_2016,134,urn:nir:stato:decreto.legislativo:2016-04-18;50,,2016-04-19,16G00062,6,2026-04,True,6692,32904da730de887d2a65e3c2dd75b38d92b418ba0db59aa22102878ab3e1929a
data/output/appalti_it/raw/dlgs_50_2016_art_135.html,Normattiva,dlgs_50_2016,135,urn:nir:stato:decreto.legislativo:2016-04-18;50,,2016-04-19,16G00062,2,2026-04,True,6692,7a52bbbeaaa223cee70e713aded2931882a6b0144bc272ea6d72b942ee460dc5
data/output/appalti_it/raw/dlgs_50_2016_art_136.html,Normattiva,dlgs_50_2016,136,urn:nir:stato:decreto.legislativo:2016-04-18;50,,2016-04-19,16G00062,2,2026-04,True,6692,643822ff392d5fb3b6e87f6998af898374311f988be1300828f446f72f4b031e
data/output/appalti_it/raw/dlgs_50_2016_art_137.html,Normattiva,dlgs_50_2016,137,urn:nir:stato:decreto.legislativo:2016-04-18;50,,2016-04-19,16G00062,3,2026-04,True,6692,4da69d1b18a2c1bccbe31507d43f8d3df8133e3895b9f2c429d3f0ee83a48359
data/output/appalti_it/raw/dlgs_50_2016_art_138.html,Normattiva,dlgs_50_2016,138,urn:nir:stato:decreto.legislativo:2016-04-18;50,,2016-04-19,16G00062,4,2026-04,True,6692,57b121e40e65a79b4b9c71472ee967ec9830bdef44b2dd0edde1bbe697829e17
data/output/appalti_it/raw/dlgs_50_2016_art_139.html,Normattiva,dlgs_50_2016,139,urn:nir:stato:decreto.legislativo:2016-04-18;50,,2016-04-19,16G00062,2,2026-04,True,6692,bfb0d8216dd4d618ad36e212d4458c1ae17d3afb46200453dc4b9ecb4537e407
data/output/appalti_it/raw/dlgs_50_2016_art_140.html,Normattiva,dlgs_50_2016,140,urn:nir:stato:decreto.legislativo:2016-04-18;50,,2016-04-19,16G00062,2,2026-04,True,6692,6655dad65c129d2bc0aee6bed066355f46bf1d42ac4b1ebc73f50feb17b6cb29
data/output/appalti_it/raw/dlgs_50_2016_art_141.html,Normattiva,dlgs_50_2016,141,urn:nir:stato:decreto.legislativo:2016-04-18;50,,2016-04-19,16G00062,5,2026-04,True,6692,c719dea24c5eac09093f3ad65a84b3a809ccd9c25ac3c2a0535e1dfbb0e181dc
data/output/appalti_it/raw/dlgs_50_2016_art_142.html,Normattiva,dlgs_50_2016,142,urn:nir:stato:decreto.legislativo:2016-04-18;50,,2016-04-19,16G00062,3,2026-04,True,6692,5ebf03988a2aec6a3d3b1033871046673f7af034c91051497461fbcf58ecc248
data/output/appalti_it/raw/dlgs_50_2016_art_143.html,Normattiva,dlgs_50_2016,143,urn:nir:stato:decreto.legislativo:2016-04-18;50,,2016-04-19,16G00062,4,2026-04,True,6692,5527d93984479b0b82927e07631ff7ec4082b7fe90a999e36567a9897f6e6ebc
data/output/appalti_it/raw/dlgs_50_2016_art_144.html,Normattiva,dlgs_50_2016,144,urn:nir:stato:decreto.legislativo:2016-04-18;50,,2016-04-19,16G00062,3,2026-04,True,6692,7eaa719b11200db99f204dc950d01daac042eadcbddb93418e98212c2d5e7fc5
data/output/appalti_it/raw/dlgs_50_2016_art_145.html,Normattiva,dlgs_50_2016,145,urn:nir:stato:decreto.legislativo:2016-04-18;50,,2016-04-19,16G00062,8,2026-04,True,6692,4ae125f4be290cc2b1b67916234afbbbae119e9abdcd315b2fadee28136c5bc3
data/output/appalti_it/raw/dlgs_50_2016_art_146.html,Normattiva,dlgs_50_2016,146,urn:nir:stato:decreto.legislativo:2016-04-18;50,,2016-04-19,16G00062,2,2026-04,True,6692,375bc83c5cf6681cb3ee75e9c344c16d6a766ad6ba73c2d2fe5a4a43e7e7ac9b
data/output/appalti_it/raw/dlgs_50_2016_art_147.html,Normattiva,dlgs_50_2016,147,urn:nir:stato:decreto.legislativo:2016-04-18;50,,2016-04-19,16G00062,3,2026-04,True,6692,7a59ebef84087a8a1e0cdf81367e7c379a698606427080269ee1973bbd16e10f
data/output/appalti_it/raw/dlgs_50_2016_art_148.html,Normattiva,dlgs_50_2016,148,urn:nir:stato:decreto.legislativo:2016-04-18;50,,2016-04-19,16G00062,4,2026-04,True,6692,6ef2eb8a9170c68a8dafa6ec931d6eb56af12a4df4fd9aa8ba679001dafca434
data/output/appalti_it/raw/dlgs_50_2016_art_149.html,Normattiva,dlgs_50_2016,149,urn:nir:stato:decreto.legislativo:2016-04-18;50,,2016-04-19,16G00062,3,2026-04,True,6692,ed7e6c36d32526685c50b73a21af935b12aeda4996b5e76bc1b42f9265c12e61
data/output/appalti_it/raw/dlgs_50_2016_art_150.html,Normattiva,dlgs_50_2016,150,urn:nir:stato:decreto.legislativo:2016-04-18;50,,2016-04-19,16G00062,2,2026-04,True,6692,150415c449e4ca841ba1ad36c5640e4d60af4c53d74b34b7378663d1d6d7cde0
data/output/appalti_it/raw/dlgs_50_2016_art_151.html,Normattiva,dlgs_50_2016,151,urn:nir:stato:decreto.legislativo:2016-04-18;50,,2016-04-19,16G00062,2,2026-04,True,6692,86815457d5343524e947f66aa3549e8d72aa6e1949e089e27aa4cafb4338bec2
data/output/appalti_it/raw/dlgs_50_2016_art_152.html,Normattiva,dlgs_50_2016,152,urn:nir:stato:decreto.legislativo:2016-04-18;50,,2016-04-19,16G00062,4,2026-04,True,6692,a4e43489c73561f20f06dc9191b85fdc117cc32bccc40a56d8d6d3b60f54a86e
data/output/appalti_it/raw/dlgs_50_2016_art_153.html,Normattiva,dlgs_50_2016,153,urn:nir:stato:decreto.legislativo:2016-04-18;50,,2016-04-19,16G00062,4,2026-04,True,6692,16770814f6cb2a05a4a894b4606a6af0b291fc2c2ef18311c1635d086e161e60
data/output/appalti_it/raw/dlgs_50_2016_art_154.html,Normattiva,dlgs_50_2016,154,urn:nir:stato:decreto.legislativo:2016-04-18;50,,2016-04-19,16G00062,4,2026-04,True,6692,f9128169830f47987eab411273b7d19aee16cf4feb4c684835e209a5fa39bb00
data/output/appalti_it/raw/dlgs_50_2016_art_155.html,Normattiva,dlgs_50_2016,155,urn:nir:stato:decreto.legislativo:2016-04-18;50,,2016-04-19,16G00062,4,2026-04,True,6692,1ab5badb298ab862e95c8a3f9876968bda72aef520588c9bd35ce673adad4f82
data/output/appalti_it/raw/dlgs_50_2016_art_156.html,Normattiva,dlgs_50_2016,156,urn:nir:stato:decreto.legislativo:2016-04-18;50,,2016-04-19,16G00062,2,2026-04,True,6692,66bd71571c253fff4bca67ecedbc22a59a97e714e8b1af5e3132de48622ac079
data/output/appalti_it/raw/dlgs_50_2016_art_157.html,Normattiva,dlgs_50_2016,157,urn:nir:stato:decreto.legislativo:2016-04-18;50,,2016-04-19,16G00062,3,2026-04,True,6692,92cec1e1c6b987e940bf0373d2591882c93876b7d4e0809d952a457e73d04a01
data/output/appalti_it/raw/dlgs_50_2016_art_158.html,Normattiva,dlgs_50_2016,158,urn:nir:stato:decreto.legislativo:2016-04-18;50,,2016-04-19,16G00062,5,2026-04,True,6692,8faacccad22092fa1f9a7bdf4c2ee4f69c46c4bee20682dbfccc494be7596bd4
data/output/appalti_it/raw/dlgs_50_2016_art_159.html,Normattiva,dlgs_50_2016,159,urn:nir:stato:decreto.legislativo:2016-04-18;50,,2016-04-19,16G00062,3,2026-04,True,6692,ee23a950179045c18ddbabbf86992d9932de34b172ee53a93d0e6efcc4f9fbe2
data/output/appalti_it/raw/dlgs_50_2016_art_160.html,Normattiva,dlgs_50_2016,160,urn:nir:stato:decreto.legislativo:2016-04-18;50,,2016-04-19,16G00062,4,2026-04,True,6692,7ebb2cc8b1ea650267486182fe7e67f22a31ed90e90c474431d0f22c4fcba70a
data/output/appalti_it/raw/dlgs_50_2016_art_161.html,Normattiva,dlgs_50_2016,161,urn:nir:stato:decreto.legislativo:2016-04-18;50,,2016-04-19,16G00062,2,2026-04,True,6692,921a285e8caada3867f01661c61ba78900bf79e038aba744d24d04285cefb254
data/output/appalti_it/raw/dlgs_50_2016_art_162.html,Normattiva,dlgs_50_2016,162,urn:nir:stato:decreto.legislativo:2016-04-18;50,,2016-04-19,16G00062,2,2026-04,True,6692,d87421a64bdc480b7ff0b38d9d18314b224c4e3ba206e52a72669a9fd8e90253
data/output/appalti_it/raw/dlgs_50_2016_art_163.html,Normattiva,dlgs_50_2016,163,urn:nir:stato:decreto.legislativo:2016-04-18;50,,2016-04-19,16G00062,3,2026-04,True,6692,ff69680469cdeee6e2e574f6e260ca0bc2fee69d0b64ee46100cb9781c81e9b8
data/output/appalti_it/raw/dlgs_50_2016_art_164.html,Normattiva,dlgs_50_2016,164,urn:nir:stato:decreto.legislativo:2016-04-18;50,,2016-04-19,16G00062,4,2026-04,True,6692,7aa635884c075818001a02e88e4ac0454b120a04a91028a0eeb4937e4bd1696d
data/output/appalti_it/raw/dlgs_50_2016_art_165.html,Normattiva,dlgs_50_2016,165,urn:nir:stato:decreto.legislativo:2016-04-18;50,,2016-04-19,16G00062,3,2026-04,True,6692,2398372631e5d980f43683afcf8086966c235c22e5a7941ddb482bee4059f00f
data/output/appalti_it/raw/dlgs_50_2016_art_166.html,Normattiva,dlgs_50_2016,166,urn:nir:stato:decreto.legislativo:2016-04-18;50,,2016-04-19,16G00062,3,2026-04,True,6692,58cd6dbee0284e2b538a07fd24b35d5065ec5511878a199d31435e562130c885
data/output/appalti_it/raw/dlgs_50_2016_art_167.html,Normattiva,dlgs_50_2016,167,urn:nir:stato:decreto.legislativo:2016-04-18;50,,2016-04-19,16G00062,2,2026-04,True,6692,8cd4bc0b7435636b4d1bda6b7271c16212016793849781fabf67d4b2ecfbc3b0
data/output/appalti_it/raw/dlgs_50_2016_art_168.html,Normattiva,dlgs_50_2016,168,urn:nir:stato:decreto.legislativo:2016-04-18;50,,2016-04-19,16G00062,3,2026-04,True,6692,2f294d30d3114d99125a13730e9c1abc7788ac299752b8b146f8311cf9526271
data/output/appalti_it/raw/dlgs_50_2016_art_169.html,Normattiva,dlgs_50_2016,169,urn:nir:stato:decreto.legislativo:2016-04-18;50,,2016-04-19,16G00062,3,2026-04,True,6692,ca63864c3dbcc7ec9ee75b0519eb42794f1672f69b0d41f11482a24b8f8d4239
data/output/appalti_it/raw/dlgs_50_2016_art_170.html,Normattiva,dlgs_50_2016,170,urn:nir:stato:decreto.legislativo:2016-04-18;50,,2016-04-19,16G00062,4,2026-04,True,6692,00899a12b97ea1fa92f65ae5460e7e34247ac181b88a8fd5ed26389df7bacd65
data/output/appalti_it/raw/dlgs_50_2016_art_171.html,Normattiva,dlgs_50_2016,171,urn:nir:stato:decreto.legislativo:2016-04-18;50,,2016-04-19,16G00062,3,2026-04,True,6692,d007ce62ded615ff82e4b3ffcc231d2432f40a4440c5940a66b1a7d22e3029e3
data/output/appalti_it/raw/dlgs_50_2016_art_172.html,Normattiva,dlgs_50_2016,172,urn:nir:stato:decreto.legislativo:2016-04-18;50,,2016-04-19,16G00062,3,2026-04,True,6692,a6b27325aea1929bae5535bbbbe74094a6ea9a2caccd1d02f1dd032538295c5f
data/output/appalti_it/raw/dlgs_50_2016_art_173.html,Normattiva,dlgs_50_2016,173,urn:nir:stato:decreto.legislativo:2016-04-18;50,,2016-04-19,16G00062,2,2026-04,True,6692,89c409cc64691f089a0d6d92fe17abdf75c983a11c69715013266843d839516b
data/output/appalti_it/raw/dlgs_50_2016_art_174.html,Normattiva,dlgs_50_2016,174,urn:nir:stato:decreto.legislativo:2016-04-18;50,,2016-04-19,16G00062,2,2026-04,True,6692,918891f6fe004d3ea285e7bcff191f5053c981dacc8422f481d995737419591c
data/output/appalti_it/raw/dlgs_50_2016_art_175.html,Normattiva,dlgs_50_2016,175,urn:nir:stato:decreto.legislativo:2016-04-18;50,,2016-04-19,16G00062,6,2026-04,True,6692,f9098f25be0b6959f0b6ab7424b68a44aa2df8805fef1ed2fe26563f904a3048
data/output/appalti_it/raw/dlgs_50_2016_art_176.html,Normattiva,dlgs_50_2016,176,urn:nir:stato:decreto.legislativo:2016-04-18;50,,2016-04-19,16G00062,3,2026-04,True,6692,8ebe9ca4ecb8e98792682916c3d65bf11924d732a0235b362fe370ea0ae1204e
data/output/appalti_it/raw/dlgs_50_2016_art_177.html,Normattiva,dlgs_50_2016,177,urn:nir:stato:decreto.legislativo:2016-04-18;50,,2016-04-19,16G00062,3,2026-04,True,6692,4756bbd6fe723d929d921e63c9ca6919c55cbbb6364ce823e67027321bbda87f
data/output/appalti_it/raw/dlgs_50_2016_art_178.html,Normattiva,dlgs_50_2016,178,urn:nir:stato:decreto.legislativo:2016-04-18;50,,2016-04-19,16G00062,7,2026-04,True,6692,6d44faff6729bff16045ca937463e98ea2c1f99c8580f57b5a286fa87effc58b
data/output/appalti_it/raw/dlgs_50_2016_art_179.html,Normattiva,dlgs_50_2016,179,urn:nir:stato:decreto.legislativo:2016-04-18;50,,2016-04-19,16G00062,4,2026-04,True,6692,5d03ee487f8ff2d6b9707d5c87aecce3fd230e7fda8b9d6e1667bfd3b175ba1e
data/output/appalti_it/raw/dlgs_50_2016_art_180.html,Normattiva,dlgs_50_2016,180,urn:nir:stato:decreto.legislativo:2016-04-18;50,,2016-04-19,16G00062,2,2026-04,True,6692,1a556dd3484849c5099a7459da9e5d28490388a6b4fd78c1a07985095b1ad48a
data/output/appalti_it/raw/dlgs_50_2016_art_181.html,Normattiva,dlgs_50_2016,181,urn:nir:stato:decreto.legislativo:2016-04-18;50,,2016-04-19,16G00062,5,2026-04,True,6692,0e95cc5324e9ab8881f6c8a28e6f9554119451500612b4e834630c308ae5f390
data/output/appalti_it/raw/dlgs_50_2016_art_182.html,Normattiva,dlgs_50_2016,182,urn:nir:stato:decreto.legislativo:2016-04-18;50,,2016-04-19,16G00062,4,2026-04,True,6692,fdb9c209118b47ab361090268d903bf58300e88a1ff52e209dc6a8e79d58946b
data/output/appalti_it/raw/dlgs_50_2016_art_183.html,Normattiva,dlgs_50_2016,183,urn:nir:stato:decreto.legislativo:2016-04-18;50,,2016-04-19,16G00062,3,2026-04,True,6692,c64e5d61705c86e4aefa0f9aefa3a3dc1688e29c33427d9621155b9d658ee285
data/output/appalti_it/raw/dlgs_50_2016_art_184.html,Normattiva,dlgs_50_2016,184,urn:nir:stato:decreto.legislativo:2016-04-18;50,,2016-04-19,16G00062,6,2026-04,True,6692,90e742c48705f7637e19b9a439cef4ee53ec73d7b0f455458c8cbf5cf48ff484
data/output/appalti_it/raw/dlgs_50_2016_art_185.html,Normattiva,dlgs_50_2016,185,urn:nir:stato:decreto.legislativo:2016-04-18;50,,2016-04-19,16G00062,3,2026-04,True,6692,7b7f4109823a927e9d2353f20368014aafa7b62d1d798b3f78be278223a49516
data/output/appalti_it/raw/dlgs_50_2016_art_186.html,Normattiva,dlgs_50_2016,186,urn:nir:stato:decreto.legislativo:2016-04-18;50,,2016-04-19,16G00062,2,2026-04,True,6692,902a8694c2374f9bd7fe4ee5c2e370ad6a4ea2808d05027ea78149d4b69b1a69
data/output/appalti_it/raw/dlgs_50_2016_art_187.html,Normattiva,dlgs_50_2016,187,urn:nir:stato:decreto.legislativo:2016-04-18;50,,2016-04-19,16G00062,3,2026-04,True,6692,4ce160bd216aab9520b330ad0ece7e14097e17053dc210de5385f5618cb15553
data/output/appalti_it/raw/dlgs_50_2016_art_188.html,Normattiva,dlgs_50_2016,188,urn:nir:stato:decreto.legislativo:2016-04-18;50,,2016-04-19,16G00062,3,2026-04,True,6692,529de55bf967b98194f200c7a529fa79ccf3c6d4af031c01611216d3fb35c416
data/output/appalti_it/raw/dlgs_50_2016_art_189.html,Normattiva,dlgs_50_2016,189,urn:nir:stato:decreto.legislativo:2016-04-18;50,,2016-04-19,16G00062,4,2026-04,True,6692,d3a164a06bb2587194ef2a73095bf6228968f1aa8a2393a5af91f762cd4757f4
data/output/appalti_it/raw/dlgs_50_2016_art_190.html,Normattiva,dlgs_50_2016,190,urn:nir:stato:decreto.legislativo:2016-04-18;50,,2016-04-19,16G00062,3,2026-04,True,6692,0ccb8fe4c306aeb9e750e23665b692d7b3982d5eae7a446dfe204906a7557000
data/output/appalti_it/raw/dlgs_50_2016_art_191.html,Normattiva,dlgs_50_2016,191,urn:nir:stato:decreto.legislativo:2016-04-18;50,,2016-04-19,16G00062,2,2026-04,True,6692,e92a91c2d9550785c400998baa6e7d7b22c4ff98ea645b219afc8046d5b89525
data/output/appalti_it/raw/dlgs_50_2016_art_192.html,Normattiva,dlgs_50_2016,192,urn:nir:stato:decreto.legislativo:2016-04-18;50,,2016-04-19,16G00062,3,2026-04,True,6692,32a2f3f4b2131a54075c644081aef5136efb966fd256082047823b632dc4223e
data/output/appalti_it/raw/dlgs_50_2016_art_193.html,Normattiva,dlgs_50_2016,193,urn:nir:stato:decreto.legislativo:2016-04-18;50,,2016-04-19,16G00062,3,2026-04,True,6692,8301d988321bd1954f6e0d43bae59201b27a1e12b74cbf8cd3297b467d09835f
data/output/appalti_it/raw/dlgs_50_2016_art_194.html,Normattiva,dlgs_50_2016,194,urn:nir:stato:decreto.legislativo:2016-04-18;50,,2016-04-19,16G00062,2,2026-04,True,6692,b49099623591731d8f152a20803bf84893e3d7d8a6952788788a21521908dd0f
data/output/appalti_it/raw/dlgs_50_2016_art_195.html,Normattiva,dlgs_50_2016,195,urn:nir:stato:decreto.legislativo:2016-04-18;50,,2016-04-19,16G00062,4,2026-04,True,6692,3f884853097cd0cd010a99b2427e8a79516d36806caf391a6ca4e03aba01e470
data/output/appalti_it/raw/dlgs_50_2016_art_196.html,Normattiva,dlgs_50_2016,196,urn:nir:stato:decreto.legislativo:2016-04-18;50,,2016-04-19,16G00062,4,2026-04,True,6692,1bf316ed5ce37e6fc6eb328d665a24321f193bfd9552204f6ceb8e2a1f8f8abd
data/output/appalti_it/raw/dlgs_50_2016_art_197.html,Normattiva,dlgs_50_2016,197,urn:nir:stato:decreto.legislativo:2016-04-18;50,,2016-04-19,16G00062,4,2026-04,True,6692,845aa9745020f31edf19cae5c350df103bdfc3c4c0ece2bf98d5d650a66b2397
data/output/appalti_it/raw/dlgs_50_2016_art_198.html,Normattiva,dlgs_50_2016,198,urn:nir:stato:decreto.legislativo:2016-04-18;50,,2016-04-19,16G00062,4,2026-04,True,6692,b872df75b917f75566d7ccbd22d2ab1b98d0b36a0b661f6b946afe31bbae99db
data/output/appalti_it/raw/dlgs_50_2016_art_199.html,Normattiva,dlgs_50_2016,199,urn:nir:stato:decreto.legislativo:2016-04-18;50,,2016-04-19,16G00062,3,2026-04,True,6692,353d85ff1c4fc523c9c5523ba670b9a1cb094caba7da4324b6ca7c125e9fe10f
data/output/appalti_it/raw/dlgs_50_2016_art_200.html,Normattiva,dlgs_50_2016,200,urn:nir:stato:decreto.legislativo:2016-04-18;50,,2016-04-19,16G00062,4,2026-04,True,6692,bdb8f4367d3d3296942a80fe909fb2f158a123c216ffa4260460c787bf5ef6e5
data/output/appalti_it/raw/dlgs_50_2016_art_201.html,Normattiva,dlgs_50_2016,201,urn:nir:stato:decreto.legislativo:2016-04-18;50,,2016-04-19,16G00062,3,2026-04,True,6692,969bbe309a6cd7ae395e976446667df7ab1add2b3bda60c65cfac578f0458543
data/output/appalti_it/raw/dlgs_50_2016_art_202.html,Normattiva,dlgs_50_2016,202,urn:nir:stato:decreto.legislativo:2016-04-18;50,,2016-04-19,16G00062,3,2026-04,True,6692,e21af50ccf9a14ad4dead8ba2b66860bd97b844bb4f2f0723290ebf6a8589fc7
data/output/appalti_it/raw/dlgs_50_2016_art_203.html,Normattiva,dlgs_50_2016,203,urn:nir:stato:decreto.legislativo:2016-04-18;50,,2016-04-19,16G00062,4,2026-04,True,6692,8ce89ecdc8f198ffbeb3ee72ef36758b989613c9afc20e71ea183850755fd6da
data/output/appalti_it/raw/dlgs_50_2016_art_204.html,Normattiva,dlgs_50_2016,204,urn:nir:stato:decreto.legislativo:2016-04-18;50,,2016-04-19,16G00062,2,2026-04,True,6692,6234708cd6abe739514c8ce54c2f828604d77a85221cfca7a00e91964bc67c38
data/output/appalti_it/raw/dlgs_50_2016_art_205.html,Normattiva,dlgs_50_2016,205,urn:nir:stato:decreto.legislativo:2016-04-18;50,,2016-04-19,16G00062,2,2026-04,True,6692,27e9cb9b2fb90825cdc61ed03cb6d85565908a6d118fdf80dae0b5f81698b3ee
data/output/appalti_it/raw/dlgs_50_2016_art_206.html,Normattiva,dlgs_50_2016,206,urn:nir:stato:decreto.legislativo:2016-04-18;50,,2016-04-19,16G00062,4,2026-04,True,6692,8275a18f0de4e3b5bdf8ce5415cf834d6c8f99d2510b585f2b0f9d97a22b24f4
data/output/appalti_it/raw/dlgs_50_2016_art_207.html,Normattiva,dlgs_50_2016,207,urn:nir:stato:decreto.legislativo:2016-04-18;50,,2016-04-19,16G00062,2,2026-04,True,6692,493d642871881eb887e1c618affb03e53cde0de6c47f27a8c320c573191c1df3
data/output/appalti_it/raw/dlgs_50_2016_art_208.html,Normattiva,dlgs_50_2016,208,urn:nir:stato:decreto.legislativo:2016-04-18;50,,2016-04-19,16G00062,3,2026-04,True,6692,f4345f44b2f1dfb8e3570a5d127936c358051e599a442b68cb83b15578ffdc46
data/output/appalti_it/raw/dlgs_50_2016_art_209.html,Normattiva,dlgs_50_2016,209,urn:nir:stato:decreto.legislativo:2016-04-18;50,,2016-04-19,16G00062,4,2026-04,True,6692,2cae1f23f8dd39d957da67a3a3e3af7c1679513d56481d215c140aed397570e6
data/output/appalti_it/raw/dlgs_50_2016_art_210.html,Normattiva,dlgs_50_2016,210,urn:nir:stato:decreto.legislativo:2016-04-18;50,,2016-04-19,16G00062,3,2026-04,True,6692,1f035135fea4ac505e5b9c2156c0705ec5e5dcda1e17e37c4c1108f84a6e3121
data/output/appalti_it/raw/dlgs_50_2016_art_211.html,Normattiva,dlgs_50_2016,211,urn:nir:stato:decreto.legislativo:2016-04-18;50,,2016-04-19,16G00062,2,2026-04,True,6692,b94760b2a6efda0eebec7d7e26dc7a6906ad4a4c04b5576766abcfa7b35f36de
data/output/appalti_it/raw/dlgs_50_2016_art_212.html,Normattiva,dlgs_50_2016,212,urn:nir:stato:decreto.legislativo:2016-04-18;50,,2016-04-19,16G00062,5,2026-04,True,6692,0865be44b2ab20b4770f5852fec79bbe7cf2bcaa9e04eacb9a3bfee6f115a0a5
data/output/appalti_it/raw/dlgs_50_2016_art_213.html,Normattiva,dlgs_50_2016,213,urn:nir:stato:decreto.legislativo:2016-04-18;50,,2016-04-19,16G00062,4,2026-04,True,10048,4571824497f34b9b4cf33a40f5d6fcce37429976efd281e0511fa76917489df7
data/output/appalti_it/raw/dlgs_50_2016_art_214.html,Normattiva,dlgs_50_2016,214,urn:nir:stato:decreto.legislativo:2016-04-18;50,,2016-04-19,16G00062,5,2026-04,True,10048,274e87ed88f3eeebacbf400774b5f684234a477b6f5334d04f202cb662674f7e
data/output/appalti_it/raw/dlgs_50_2016_art_215.html,Normattiva,dlgs_50_2016,215,urn:nir:stato:decreto.legislativo:2016-04-18;50,,2016-04-19,16G00062,4,2026-04,True,6694,b1a7bc1035c3c0e0eecd204ae42ecf5cc8141a97e4d9684a7b7b93521d1f99f0
data/output/appalti_it/raw/dlgs_50_2016_art_216.html,Normattiva,dlgs_50_2016,216,urn:nir:stato:decreto.legislativo:2016-04-18;50,,2016-04-19,16G00062,8,2026-04,True,6694,17af4ae1272016550647e7fcc651e7e241ed0421047187052d49f080b3fc4244
data/output/appalti_it/raw/dlgs_50_2016_art_217.html,Normattiva,dlgs_50_2016,217,urn:nir:stato:decreto.legislativo:2016-04-18;50,,2016-04-19,16G00062,11,2026-04,True,6694,039babc1c08c1a5b28fced25cb2f4c40871e1ba0341e43f411cc0770cd3fe8fd
data/output/appalti_it/raw/dlgs_50_2016_art_218.html,Normattiva,dlgs_50_2016,218,urn:nir:stato:decreto.legislativo:2016-04-18;50,,2016-04-19,16G00062,3,2026-04,True,6692,0efb519b93e48206131c1d948599d28000c611dfcf23e53cd86913bb63c1ba3b
data/output/appalti_it/raw/dlgs_50_2016_art_219.html,Normattiva,dlgs_50_2016,219,urn:nir:stato:decreto.legislativo:2016-04-18;50,,2016-04-19,16G00062,2,2026-04,True,6692,7bcd298a07cfb7c4b20ee6c9f8813d88d046aa40b126a43b5abdf89e710b7eef
data/output/appalti_it/raw/dlgs_50_2016_art_220.html,Normattiva,dlgs_50_2016,220,urn:nir:stato:decreto.legislativo:2016-04-18;50,,2016-04-19,16G00062,2,2026-04,True,6688,ca4ca66dfe8e82637e16732e02669984a7a9bbda411e005336df92dcfd5f0cab
data/output/appalti_it/raw/dlgs_56_2017.html,Normattiva,dlgs_56_2017,,urn:nir:stato:decreto.legislativo:2017-04-19;56,,2017-05-05,17G00078,1,2026-04,True,138400,6c128361b63006986c0e92a35183ac12e7613a2e27eb6b617019cfb4344a7c93
data/output/appalti_it/raw/dlgs_56_2017_art_001.html,Normattiva,dlgs_56_2017,001,urn:nir:stato:decreto.legislativo:2017-04-19;56,,2017-05-05,17G00078,1,2026-04,True,22860,d6778cca988b31a4e062cdce044fcc33fc87f22efa708147c2f60f0c5b0cc919
data/output/appalti_it/raw/dlgs_56_2017_art_002.html,Normattiva,dlgs_56_2017,002,urn:nir:stato:decreto.legislativo:2017-04-19;56,,2017-05-05,17G00078,1,2026-04,True,11908,237ee754345ca172cec3ff8f121cc26b6a6385185c9f240f7d46063341800184
data/output/appalti_it/raw/dlgs_56_2017_art_003.html,Normattiva,dlgs_56_2017,003,urn:nir:stato:decreto.legislativo:2017-04-19;56,,2017-05-05,17G00078,1,2026-04,True,5562,22195d9bb93ace2b9eb9bd637080494e5614ffafb60e9e0257b990fbd03f24cb
data/output/appalti_it/raw/dlgs_56_2017_art_004.html,Normattiva,dlgs_56_2017,004,urn:nir:stato:decreto.legislativo:2017-04-19;56,,2017-05-05,17G00078,1,2026-04,True,54891,b1e43d10a322d93ce827acc299101b46f776ba1d2f7e4e1843897ba86e680267
data/output/appalti_it/raw/dlgs_56_2017_art_005.html,Normattiva,dlgs_56_2017,005,urn:nir:stato:decreto.legislativo:2017-04-19;56,,2017-05-05,17G00078,1,2026-04,True,5375,c776a5cf5e3c912332aeea036225eb2cf08769f61c23108aaef2335b9e2f7017
data/output/appalti_it/raw/dlgs_56_2017_art_006.html,Normattiva,dlgs_56_2017,006,urn:nir:stato:decreto.legislativo:2017-04-19;56,,2017-05-05,17G00078,1,2026-04,True,10923,08b862a5a1e069e9eced70b9ace9c1b68373d5e6f8641035dc6513ccdd17bb29
data/output/appalti_it/raw/dlgs_56_2017_art_007.html,Normattiva,dlgs_56_2017,007,urn:nir:stato:decreto.legislativo:2017-04-19;56,,2017-05-05,17G00078,1,2026-04,True,6126,fdfce1cc2a9cf5a6d6f754930c24c22d899b6a526aa77d0a0384b849b313a7dd
data/output/appalti_it/raw/dlgs_56_2017_art_008.html,Normattiva,dlgs_56_2017,008,urn:nir:stato:decreto.legislativo:2017-04-19;56,,2017-05-05,17G00078,1,2026-04,True,9035,36e51499f7fca894b0b59c2a98d8f78e20af6a87278364396765af2fa1c9b298
data/output/appalti_it/raw/dlgs_56_2017_art_009.html,Normattiva,dlgs_56_2017,009,urn:nir:stato:decreto.legislativo:2017-04-19;56,,2017-05-05,17G00078,1,2026-04,True,5451,1248534bb98a77612308ff927f2d28d96d1fef230b656e41641e8b9aa7a2556d
data/output/appalti_it/raw/dlgs_56_2017_art_010.html,Normattiva,dlgs_56_2017,010,urn:nir:stato:decreto.legislativo:2017-04-19;56,,2017-05-05,17G00078,1,2026-04,True,6203,0012aa05f5c7c7a9f1e44a2574bfdc693528eafa9198e97873e2cbb001ec7100
data/output/appalti_it/raw/dlgs_56_2017_art_011.html,Normattiva,dlgs_56_2017,011,urn:nir:stato:decreto.legislativo:2017-04-19;56,,2017-05-05,17G00078,1,2026-04,True,12040,938030690a3ae36ac207b5727b0e07a999f9547ff48273a6398c5c1b36410c81
data/output/appalti_it/raw/dlgs_56_2017_art_012.html,Normattiva,dlgs_56_2017,012,urn:nir:stato:decreto.legislativo:2017-04-19;56,,2017-05-05,17G00078,1,2026-04,True,8551,a11284862d155c560e5e5f7d2fa1fcab6c6dff186c0aff8e9a08d779e2a08cb3
data/output/appalti_it/raw/dlgs_56_2017_art_013.html,Normattiva,dlgs_56_2017,013,urn:nir:stato:decreto.legislativo:2017-04-19;56,,2017-05-05,17G00078,1,2026-04,True,26748,42e5d65ee5d96edf0e5c87d0c01ee0ff6f89858cf8c8dd74e11971bf6d8e4bc9
data/output/appalti_it/raw/dlgs_56_2017_art_014.html,Normattiva,dlgs_56_2017,014,urn:nir:stato:decreto.legislativo:2017-04-19;56,,2017-05-05,17G00078,1,2026-04,True,13581,0cf78d92dd35d82934f6b60597cdb563d64c9e0b44a8641f895c135b76fae75c
data/output/appalti_it/raw/dlgs_56_2017_art_015.html,Normattiva,dlgs_56_2017,015,urn:nir:stato:decreto.legislativo:2017-04-19;56,,2017-05-05,17G00078,1,2026-04,True,17940,f2572b9d4214883eebf2b9ce13914c2a300ca81de9e94319b6c444a52fabe00a
data/output/appalti_it/raw/dlgs_56_2017_art_016.html,Normattiva,dlgs_56_2017,016,urn:nir:stato:decreto.legislativo:2017-04-19;56,,2017-05-05,17G00078,1,2026-04,True,10099,4f5bd7b1f4bc51f63524dec0d13f5d406fec5bb3cf3817617b0af7002926e69d
data/output/appalti_it/raw/dlgs_56_2017_art_017.html,Normattiva,dlgs_56_2017,017,urn:nir:stato:decreto.legislativo:2017-04-19;56,,2017-05-05,17G00078,1,2026-04,True,13567,490c5b07d2b8a833dc888dd002357c16040d770bd8ce63384682facf3773e40b
data/output/appalti_it/raw/dlgs_56_2017_art_018.html,Normattiva,dlgs_56_2017,018,urn:nir:stato:decreto.legislativo:2017-04-19;56,,2017-05-05,17G00078,1,2026-04,True,13783,9cd01f34eed7ad97e453731b6286e91440afb5ccf9a8bbcd9c62f327ef7524fb
data/output/appalti_it/raw/dlgs_56_2017_art_019.html,Normattiva,dlgs_56_2017,019,urn:nir:stato:decreto.legislativo:2017-04-19;56,,2017-05-05,17G00078,1,2026-04,True,13910,a7f5f326dc6c423e2ec94b6f635b8703b820298eb3e2bd265a7d0ce0488e4161
data/output/appalti_it/raw/dlgs_56_2017_art_020.html,Normattiva,dlgs_56_2017,020,urn:nir:stato:decreto.legislativo:2017-04-19;56,,2017-05-05,17G00078,1,2026-04,True,10067,fb6f7beb412000e543d19734f610478e0413978ba86043989447510da6a662af
data/output/appalti_it/raw/dlgs_56_2017_art_021.html,Normattiva,dlgs_56_2017,021,urn:nir:stato:decreto.legislativo:2017-04-19;56,,2017-05-05,17G00078,1,2026-04,True,17267,ad7526a3f2fe66650775ec88e62cb477548de78b73b177c7756abaf60de659d0
data/output/appalti_it/raw/dlgs_56_2017_art_022.html,Normattiva,dlgs_56_2017,022,urn:nir:stato:decreto.legislativo:2017-04-19;56,,2017-05-05,17G00078,1,2026-04,True,13070,823bd6a0e4c55f2974dcd0a8a5f5e5e81c5d900381b79558046e896d59513a29
data/output/appalti_it/raw/dlgs_56_2017_art_023.html,Normattiva,dlgs_56_2017,023,urn:nir:stato:decreto.legislativo:2017-04-19;56,,2017-05-05,17G00078,1,2026-04,True,7994,dbda6bdacb7664b2dc5b041f222baee3730c99242bb920564851f66adc53389a
data/output/appalti_it/raw/dlgs_56_2017_art_024.html,Normattiva,dlgs_56_2017,024,urn:nir:stato:decreto.legislativo:2017-04-19;56,,2017-05-05,17G00078,1,2026-04,True,16414,aecf816759c40acbac940712f16596e7c5dedf9861267fbdd29c7d1e8e2f525c
data/output/appalti_it/raw/dlgs_56_2017_art_025.html,Normattiva,dlgs_56_2017,025,urn:nir:stato:decreto.legislativo:2017-04-19;56,,2017-05-05,17G00078,1,2026-04,True,15218,ef5f7481e058e97d29a8381112e29289353eeb3796921aa8a50de605354a1acb
data/output/appalti_it/raw/dlgs_56_2017_art_026.html,Normattiva,dlgs_56_2017,026,urn:nir:stato:decreto.legislativo:2017-04-19;56,,2017-05-05,17G00078,1,2026-04,True,13801,93c08b10b64920b6dc8a2b357f0f2fe557f32c43a2522d489a5bbd2eef6430ea
data/output/appalti_it/raw/dlgs_56_2017_art_027.html,Normattiva,dlgs_56_2017,027,urn:nir:stato:decreto.legislativo:2017-04-19;56,,2017-05-05,17G00078,1,2026-04,True,14546,82a5a8a6463fd28d2d7f7a0e72825fe80682c1bac4bdf0766e79d638475a8cde
data/output/appalti_it/raw/dlgs_56_2017_art_028.html,Normattiva,dlgs_56_2017,028,urn:nir:stato:decreto.legislativo:2017-04-19;56,,2017-05-05,17G00078,1,2026-04,True,7605,37dfebec59bfa5700c6308cf36c5ef636d112bb853266be6d327b7d6ce5f9b91
data/output/appalti_it/raw/dlgs_56_2017_art_029.html,Normattiva,dlgs_56_2017,029,urn:nir:stato:decreto.legislativo:2017-04-19;56,,2017-05-05,17G00078,1,2026-04,True,5897,ec288abcb2862e5bdef2c5c92c1c33d19b3d2d962114c66339bae529d3852e30
data/output/appalti_it/raw/dlgs_56_2017_art_030.html,Normattiva,dlgs_56_2017,030,urn:nir:stato:decreto.legislativo:2017-04-19;56,,2017-05-05,17G00078,1,2026-04,True,8724,00dd96dac86460506f7743bcb3dff20d3864908a68d1837e6f8b084f902c2ba6
data/output/appalti_it/raw/dlgs_56_2017_art_031.html,Normattiva,dlgs_56_2017,031,urn:nir:stato:decreto.legislativo:2017-04-19;56,,2017-05-05,17G00078,1,2026-04,True,6696,881b53a1364f1291428cd0b1831592561f071a8710de32fe5dffc77c4d249b0e
data/output/appalti_it/raw/dlgs_56_2017_art_032.html,Normattiva,dlgs_56_2017,032,urn:nir:stato:decreto.legislativo:2017-04-19;56,,2017-05-05,17G00078,1,2026-04,True,17515,fc3e98d60295ae548213571520a5bfd18c8bbacbbeaf5f312774c5c654cdfc3e
data/output/appalti_it/raw/dlgs_56_2017_art_033.html,Normattiva,dlgs_56_2017,033,urn:nir:stato:decreto.legislativo:2017-04-19;56,,2017-05-05,17G00078,1,2026-04,True,5801,0adc90934c12fb805c8f0c61e5aba5f2a85b127fc38fae44f8d15c75ac07950e
data/output/appalti_it/raw/dlgs_56_2017_art_034.html,Normattiva,dlgs_56_2017,034,urn:nir:stato:decreto.legislativo:2017-04-19;56,,2017-05-05,17G00078,1,2026-04,True,16336,1718eb841e86c58ea1603afded01bf474871ca0719af73eb54f1991a71fd4574
data/output/appalti_it/raw/dlgs_56_2017_art_035.html,Normattiva,dlgs_56_2017,035,urn:nir:stato:decreto.legislativo:2017-04-19;56,,2017-05-05,17G00078,1,2026-04,True,8534,d90b7029729df4a9d1c98649c86a730e8b99ad88001c9016a7c73b5b2c6e884e
data/output/appalti_it/raw/dlgs_56_2017_art_036.html,Normattiva,dlgs_56_2017,036,urn:nir:stato:decreto.legislativo:2017-04-19;56,,2017-05-05,17G00078,1,2026-04,True,12426,dc91db3543e01f5becf67b2a46dce11c39a672e21680b9501d404fcc3b617438
data/output/appalti_it/raw/dlgs_56_2017_art_037.html,Normattiva,dlgs_56_2017,037,urn:nir:stato:decreto.legislativo:2017-04-19;56,,2017-05-05,17G00078,1,2026-04,True,7252,e143b8bc7c2332b7240e8adfc0e0c1b91bc0494f5dc05df55b9827a435fbcb03
data/output/appalti_it/raw/dlgs_56_2017_art_038.html,Normattiva,dlgs_56_2017,038,urn:nir:stato:decreto.legislativo:2017-04-19;56,,2017-05-05,17G00078,1,2026-04,True,14412,deed710668ef8cecb64d85bed3441bc0927e8e19832e2503d2d26d400c577dc5
data/output/appalti_it/raw/dlgs_56_2017_art_039.html,Normattiva,dlgs_56_2017,039,urn:nir:stato:decreto.legislativo:2017-04-19;56,,2017-05-05,17G00078,1,2026-04,True,6722,8c569c3e89b0645581d40177979a7dc201f0590d71327a5ab14e3b50ee534d6a
data/output/appalti_it/raw/dlgs_56_2017_art_040.html,Normattiva,dlgs_56_2017,040,urn:nir:stato:decreto.legislativo:2017-04-19;56,,2017-05-05,17G00078,1,2026-04,True,9886,7bc3ccf8e37383f113f90da44e55a3147e9be05f7c032a22987a08776901277e
data/output/appalti_it/raw/dlgs_56_2017_art_041.html,Normattiva,dlgs_56_2017,041,urn:nir:stato:decreto.legislativo:2017-04-19;56,,2017-05-05,17G00078,1,2026-04,True,10414,9a206e3ca6bb2eb1bc9ff96ad07709512562d6ffb7e1e236b6d2ff98f3aa4c36
data/output/appalti_it/raw/dlgs_56_2017_art_042.html,Normattiva,dlgs_56_2017,042,urn:nir:stato:decreto.legislativo:2017-04-19;56,,2017-05-05,17G00078,1,2026-04,True,5831,f97ab2d1e9117a4444d54e6078e3ff817d1f2e22d7d4b1e098f4bf79867290f2
data/output/appalti_it/raw/dlgs_56_2017_art_043.html,Normattiva,dlgs_56_2017,043,urn:nir:stato:decreto.legislativo:2017-04-19;56,,2017-05-05,17G00078,1,2026-04,True,7454,bc00a810f42a4344fe56bbff4926bb096b506d30595f1ffb9b9ca7ba78e24c06
data/output/appalti_it/raw/dlgs_56_2017_art_044.html,Normattiva,dlgs_56_2017,044,urn:nir:stato:decreto.legislativo:2017-04-19;56,,2017-05-05,17G00078,1,2026-04,True,7970,0cb78af316e28abf4d374ca7ffe5cc77bc781977fe9047901f3e43bf298cd9e5
data/output/appalti_it/raw/dlgs_56_2017_art_045.html,Normattiva,dlgs_56_2017,045,urn:nir:stato:decreto.legislativo:2017-04-19;56,,2017-05-05,17G00078,1,2026-04,True,8945,539839ffc942384eb3da022abe7400ced256a5ab7433dec40063c93414e524e2
data/output/appalti_it/raw/dlgs_56_2017_art_046.html,Normattiva,dlgs_56_2017,046,urn:nir:stato:decreto.legislativo:2017-04-19;56,,2017-05-05,17G00078,1,2026-04,True,14079,c1a900170ba73d328a43868045cf431fbcb65854db75447f3f8d96f65db3362c
data/output/appalti_it/raw/dlgs_56_2017_art_047.html,Normattiva,dlgs_56_2017,047,urn:nir:stato:decreto.legislativo:2017-04-19;56,,2017-05-05,17G00078,1,2026-04,True,6699,e9cf9dade304bd8507538aae4a7fc615f3ba4b9a824ad6a5ab1a8050a0bf1c36
data/output/appalti_it/raw/dlgs_56_2017_art_048.html,Normattiva,dlgs_56_2017,048,urn:nir:stato:decreto.legislativo:2017-04-19;56,,2017-05-05,17G00078,1,2026-04,True,10452,376d69982f97bd7319e52169ea5f507a6d5953a879fbc62b4a9f581bb2c893d5
data/output/appalti_it/raw/dlgs_56_2017_art_049.html,Normattiva,dlgs_56_2017,049,urn:nir:stato:decreto.legislativo:2017-04-19;56,,2017-05-05,17G00078,1,2026-04,True,26961,1af67e1c95b55b8613d244bf12160ab4c782a106f0589fe27ea16c63b2d5b71d
data/output/appalti_it/raw/dlgs_56_2017_art_050.html,Normattiva,dlgs_56_2017,050,urn:nir:stato:decreto.legislativo:2017-04-19;56,,2017-05-05,17G00078,1,2026-04,True,7771,04f03e5cfd7352568e062e368f31b901782b853130fc0e9ca109f0353c9dbea8
data/output/appalti_it/raw/dlgs_56_2017_art_051.html,Normattiva,dlgs_56_2017,051,urn:nir:stato:decreto.legislativo:2017-04-19;56,,2017-05-05,17G00078,1,2026-04,True,8512,938cd44d54293bf021a57f2b28acd27b0ee22b73692bf37b16178721115c362a
data/output/appalti_it/raw/dlgs_56_2017_art_052.html,Normattiva,dlgs_56_2017,052,urn:nir:stato:decreto.legislativo:2017-04-19;56,,2017-05-05,17G00078,1,2026-04,True,19322,b4e60df1ab649e9caf8b598814784e8f4484f65b4127399b9158875b6d16ef8e
data/output/appalti_it/raw/dlgs_56_2017_art_053.html,Normattiva,dlgs_56_2017,053,urn:nir:stato:decreto.legislativo:2017-04-19;56,,2017-05-05,17G00078,1,2026-04,True,17190,927ceb5cd0cf6e9d1b925e58913761cb1d188f5518d01a25f3ac4c3bd8342daf
data/output/appalti_it/raw/dlgs_56_2017_art_054.html,Normattiva,dlgs_56_2017,054,urn:nir:stato:decreto.legislativo:2017-04-19;56,,2017-05-05,17G00078,1,2026-04,True,8817,7555b6696a485aa81e708ab1d306c3f57a77cd4c8e2506c2b11b186cc342f7dc
data/output/appalti_it/raw/dlgs_56_2017_art_055.html,Normattiva,dlgs_56_2017,055,urn:nir:stato:decreto.legislativo:2017-04-19;56,,2017-05-05,17G00078,1,2026-04,True,9794,4b480863115b2b55653188a4bddd8c13e85b0d7dca898f1b630c37547e936b7a
data/output/appalti_it/raw/dlgs_56_2017_art_056.html,Normattiva,dlgs_56_2017,056,urn:nir:stato:decreto.legislativo:2017-04-19;56,,2017-05-05,17G00078,1,2026-04,True,13505,363743d0bec8c9adc0a7f1b55dd6b1022dc3976d3ebdbf99a4139d28467a8f74
data/output/appalti_it/raw/dlgs_56_2017_art_057.html,Normattiva,dlgs_56_2017,057,urn:nir:stato:decreto.legislativo:2017-04-19;56,,2017-05-05,17G00078,1,2026-04,True,9105,9a36266ece35f24bed732e4537631a5c0a028d5a791edb5f9797a4844363cc70
data/output/appalti_it/raw/dlgs_56_2017_art_058.html,Normattiva,dlgs_56_2017,058,urn:nir:stato:decreto.legislativo:2017-04-19;56,,2017-05-05,17G00078,1,2026-04,True,6920,1f6edfdf9cc314616970bf93a8df30b84d51e5580b5c60fa41fb6d4534e9f764
data/output/appalti_it/raw/dlgs_56_2017_art_059.html,Normattiva,dlgs_56_2017,059,urn:nir:stato:decreto.legislativo:2017-04-19;56,,2017-05-05,17G00078,1,2026-04,True,17422,0c1954bf094519313d74d2be3771d8b3497e14e78cd526be8736afbcb547eb31
data/output/appalti_it/raw/dlgs_56_2017_art_060.html,Normattiva,dlgs_56_2017,060,urn:nir:stato:decreto.legislativo:2017-04-19;56,,2017-05-05,17G00078,1,2026-04,True,20093,e28ad2fbdb48686d395a830426c547dc6229480dbb7111ba237b777324d6ee88
data/output/appalti_it/raw/dlgs_56_2017_art_061.html,Normattiva,dlgs_56_2017,061,urn:nir:stato:decreto.legislativo:2017-04-19;56,,2017-05-05,17G00078,1,2026-04,True,7104,f002908630b2488afe478faa27778cc17c8c5b6bb18bae43e432e7ddbb8f1443
data/output/appalti_it/raw/dlgs_56_2017_art_062.html,Normattiva,dlgs_56_2017,062,urn:nir:stato:decreto.legislativo:2017-04-19;56,,2017-05-05,17G00078,1,2026-04,True,13132,e5cb177abf546e481f86aa59efd9ae92fbbba5bb20514fa132dfd2adc2ef2d2e
data/output/appalti_it/raw/dlgs_56_2017_art_063.html,Normattiva,dlgs_56_2017,063,urn:nir:stato:decreto.legislativo:2017-04-19;56,,2017-05-05,17G00078,1,2026-04,True,7046,d3e702aa3f8ff26d803c9fc353453c25b8d5302aa92804b35dc5be64c41b1fba
data/output/appalti_it/raw/dlgs_56_2017_art_064.html,Normattiva,dlgs_56_2017,064,urn:nir:stato:decreto.legislativo:2017-04-19;56,,2017-05-05,17G00078,1,2026-04,True,8905,c74d56a6f2b71aa57255b8602ef5b554c753b3b526d610b29881dd53595d1141
data/output/appalti_it/raw/dlgs_56_2017_art_065.html,Normattiva,dlgs_56_2017,065,urn:nir:stato:decreto.legislativo:2017-04-19;56,,2017-05-05,17G00078,1,2026-04,True,12661,b6b867bc3832473d0493651e4372646f06d5ae95ba8d833b8373ac28e9f80f60
data/output/appalti_it/raw/dlgs_56_2017_art_066.html,Normattiva,dlgs_56_2017,066,urn:nir:stato:decreto.legislativo:2017-04-19;56,,2017-05-05,17G00078,1,2026-04,True,17452,f9c0eab48e5661c540d8dc5ab50be0a589aff2f9c5c351e75dd6688f25065d5c
data/output/appalti_it/raw/dlgs_56_2017_art_067.html,Normattiva,dlgs_56_2017,067,urn:nir:stato:decreto.legislativo:2017-04-19;56,,2017-05-05,17G00078,1,2026-04,True,16097,d4e4d2c8177c3db27f08b970469bb9da85f1753513c5ced62480e4157ff51608
data/output/appalti_it/raw/dlgs_56_2017_art_068.html,Normattiva,dlgs_56_2017,068,urn:nir:stato:decreto.legislativo:2017-04-19;56,,2017-05-05,17G00078,1,2026-04,True,9790,ee86ae088dc91a2761bd3e46e427e6c1b3af9c6d307dd6e44b64c9ed570177d5
data/output/appalti_it/raw/dlgs_56_2017_art_069.html,Normattiva,dlgs_56_2017,069,urn:nir:stato:decreto.legislativo:2017-04-19;56,,2017-05-05,17G00078,1,2026-04,True,23608,f4bf9de9c643819a79b5b8b2fd82b42d286824e807b17b7fd4a38835a20fb9a2
data/output/appalti_it/raw/dlgs_56_2017_art_070.html,Normattiva,dlgs_56_2017,070,urn:nir:stato:decreto.legislativo:2017-04-19;56,,2017-05-05,17G00078,1,2026-04,True,19699,970009df90991f0675a50f8c55ff38a40ef95ea9f8042a16de7c707a55445658
data/output/appalti_it/raw/dlgs_56_2017_art_071.html,Normattiva,dlgs_56_2017,071,urn:nir:stato:decreto.legislativo:2017-04-19;56,,2017-05-05,17G00078,1,2026-04,True,10191,44d4a8567285daf398f19ae497f6b412ac9e5b99432c10ae2a3bef69cdf57099
data/output/appalti_it/raw/dlgs_56_2017_art_072.html,Normattiva,dlgs_56_2017,072,urn:nir:stato:decreto.legislativo:2017-04-19;56,,2017-05-05,17G00078,1,2026-04,True,12241,1a8935889599ed56dc34ce9aa2d5d5e91b7f13f0e4b601b3f290226467dff7f0
data/output/appalti_it/raw/dlgs_56_2017_art_073.html,Normattiva,dlgs_56_2017,073,urn:nir:stato:decreto.legislativo:2017-04-19;56,,2017-05-05,17G00078,1,2026-04,True,7802,94c2039b0d7c8c3c13547093d46615491234e56e45533e304b31a0508bc847c2
data/output/appalti_it/raw/dlgs_56_2017_art_074.html,Normattiva,dlgs_56_2017,074,urn:nir:stato:decreto.legislativo:2017-04-19;56,,2017-05-05,17G00078,1,2026-04,True,8959,2eeeed5fadca3a4431d7a75c250321119858ab23f3f847b8acfb4d78f2542882
data/output/appalti_it/raw/dlgs_56_2017_art_075.html,Normattiva,dlgs_56_2017,075,urn:nir:stato:decreto.legislativo:2017-04-19;56,,2017-05-05,17G00078,1,2026-04,True,16212,2d6393d1d387c9503a0655ece3bcab4f04b0981ac002068c0958cdd0eac03ca9
data/output/appalti_it/raw/dlgs_56_2017_art_076.html,Normattiva,dlgs_56_2017,076,urn:nir:stato:decreto.legislativo:2017-04-19;56,,2017-05-05,17G00078,1,2026-04,True,12234,78ecc36411bde3f4b07ba34c1837a0f6d6d1886ac42438e62fbac8d6ccdb8e85
data/output/appalti_it/raw/dlgs_56_2017_art_077.html,Normattiva,dlgs_56_2017,077,urn:nir:stato:decreto.legislativo:2017-04-19;56,,2017-05-05,17G00078,1,2026-04,True,10509,cd3f46fcb8b3619f5997153e71650a98133fb56dfde91633043f079c5d8a9eb9
data/output/appalti_it/raw/dlgs_56_2017_art_078.html,Normattiva,dlgs_56_2017,078,urn:nir:stato:decreto.legislativo:2017-04-19;56,,2017-05-05,17G00078,1,2026-04,True,7860,79a4b52e9d2d7f2bcdfe946067a0641d0f74ac63f0f68003821244bedbfa4c90
data/output/appalti_it/raw/dlgs_56_2017_art_079.html,Normattiva,dlgs_56_2017,079,urn:nir:stato:decreto.legislativo:2017-04-19;56,,2017-05-05,17G00078,1,2026-04,True,10731,d6c0a0276e21aeee0b253448ef354aae134ca5b08b7633528e0f3d7cdc0846fe
data/output/appalti_it/raw/dlgs_56_2017_art_080.html,Normattiva,dlgs_56_2017,080,urn:nir:stato:decreto.legislativo:2017-04-19;56,,2017-05-05,17G00078,1,2026-04,True,6249,cfdf80790dca74e71f6e9c60337452cd7c702c8bd18f94fba0deba0067d1ecea
data/output/appalti_it/raw/dlgs_56_2017_art_081.html,Normattiva,dlgs_56_2017,081,urn:nir:stato:decreto.legislativo:2017-04-19;56,,2017-05-05,17G00078,1,2026-04,True,6200,58f53f47746c4647aea98b2a6c77f8066234c823469a4142ccbe267b8076e589
data/output/appalti_it/raw/dlgs_56_2017_art_082.html,Normattiva,dlgs_56_2017,082,urn:nir:stato:decreto.legislativo:2017-04-19;56,,2017-05-05,17G00078,1,2026-04,True,6512,5c873aafe769525252ac2cc539ac97181c44d993ad24db324eff0f4586a20805
data/output/appalti_it/raw/dlgs_56_2017_art_083.html,Normattiva,dlgs_56_2017,083,urn:nir:stato:decreto.legislativo:2017-04-19;56,,2017-05-05,17G00078,1,2026-04,True,8748,0355d02ea0410a0f207eb0e8b871e7890ff61743e8c795253823f51e3b784e96
data/output/appalti_it/raw/dlgs_56_2017_art_084.html,Normattiva,dlgs_56_2017,084,urn:nir:stato:decreto.legislativo:2017-04-19;56,,2017-05-05,17G00078,1,2026-04,True,6338,49b79e337b4d3154b6cb3caa324d9b2cbaee1fda7e0172f8a65bee993ef8b607
data/output/appalti_it/raw/dlgs_56_2017_art_085.html,Normattiva,dlgs_56_2017,085,urn:nir:stato:decreto.legislativo:2017-04-19;56,,2017-05-05,17G00078,1,2026-04,True,7572,e0a981dd4d6c99416b3a4a31c8dcc948a26605544d38f0379a351b102638e30d
data/output/appalti_it/raw/dlgs_56_2017_art_086.html,Normattiva,dlgs_56_2017,086,urn:nir:stato:decreto.legislativo:2017-04-19;56,,2017-05-05,17G00078,1,2026-04,True,7738,faa0b26fad49dc75b715e1096b2f0b23cdb7cb1963e38b618e907a1891634e33
data/output/appalti_it/raw/dlgs_56_2017_art_087.html,Normattiva,dlgs_56_2017,087,urn:nir:stato:decreto.legislativo:2017-04-19;56,,2017-05-05,17G00078,1,2026-04,True,6679,2d01c5baa640a9cfdaa503fdd3a0e3997d245351b68ef7181b26e246382f0284
data/output/appalti_it/raw/dlgs_56_2017_art_088.html,Normattiva,dlgs_56_2017,088,urn:nir:stato:decreto.legislativo:2017-04-19;56,,2017-05-05,17G00078,1,2026-04,True,11855,de43ef48fb6b1c16d5aa3c93f81b32a7a374f1ccfbe45fc5a37d18ea88ab8c53
data/output/appalti_it/raw/dlgs_56_2017_art_089.html,Normattiva,dlgs_56_2017,089,urn:nir:stato:decreto.legislativo:2017-04-19;56,,2017-05-05,17G00078,1,2026-04,True,6522,97211d6b9b2e8438834a10d0c42836758315427f7fd165041f73b291562175f5
data/output/appalti_it/raw/dlgs_56_2017_art_090.html,Normattiva,dlgs_56_2017,090,urn:nir:stato:decreto.legislativo:2017-04-19;56,,2017-05-05,17G00078,1,2026-04,True,10201,b5d55a80541a249b0fcfd3305c1f6b16f062b7a4c66e15fb13f02ebb7a5b3247
data/output/appalti_it/raw/dlgs_56_2017_art_091.html,Normattiva,dlgs_56_2017,091,urn:nir:stato:decreto.legislativo:2017-04-19;56,,2017-05-05,17G00078,1,2026-04,True,8663,41a9af5ca68669222e8613f5a4bdd6f7a5dd2aa29f7e30b886aaf55882bf8603
data/output/appalti_it/raw/dlgs_56_2017_art_092.html,Normattiva,dlgs_56_2017,092,urn:nir:stato:decreto.legislativo:2017-04-19;56,,2017-05-05,17G00078,1,2026-04,True,8920,24c7221ba2c45b326d5740bfd607974579469ec1487bac32151de18d021a9e9d
data/output/appalti_it/raw/dlgs_56_2017_art_093.html,Normattiva,dlgs_56_2017,093,urn:nir:stato:decreto.legislativo:2017-04-19;56,,2017-05-05,17G00078,1,2026-04,True,10514,f7b803df09d31c7f228c7272bd130b8f92311b08d7dc977ee7235f727d9d2124
data/output/appalti_it/raw/dlgs_56_2017_art_094.html,Normattiva,dlgs_56_2017,094,urn:nir:stato:decreto.legislativo:2017-04-19;56,,2017-05-05,17G00078,1,2026-04,True,5964,0a2a6d2617bb0a8a5b3a58bd6a1ecc5a8d5c01336d3fe4eb758e395cc646afbd
data/output/appalti_it/raw/dlgs_56_2017_art_095.html,Normattiva,dlgs_56_2017,095,urn:nir:stato:decreto.legislativo:2017-04-19;56,,2017-05-05,17G00078,1,2026-04,True,7398,54fbe5eea44f09f363526bf64cf58600fa262ea8843831f55d0e5e2849c57458
data/output/appalti_it/raw/dlgs_56_2017_art_096.html,Normattiva,dlgs_56_2017,096,urn:nir:stato:decreto.legislativo:2017-04-19;56,,2017-05-05,17G00078,1,2026-04,True,8529,73d97cc078fb7dffc4e7d4440be111c9ec37e0fc00aa5fc4300fde12372a0424
data/output/appalti_it/raw/dlgs_56_2017_art_097.html,Normattiva,dlgs_56_2017,097,urn:nir:stato:decreto.legislativo:2017-04-19;56,,2017-05-05,17G00078,1,2026-04,True,8048,06cf9e0d800f451c0caaf1dab2c9c9cb898fd91ff02cd60040a4bbfb31f758c9
data/output/appalti_it/raw/dlgs_56_2017_art_098.html,Normattiva,dlgs_56_2017,098,urn:nir:stato:decreto.legislativo:2017-04-19;56,,2017-05-05,17G00078,1,2026-04,True,8363,0e34a4baf4f7790e659038c1b030ebd21b6cf7dacff0a7ffe67c93fcb8135ff1
data/output/appalti_it/raw/dlgs_56_2017_art_099.html,Normattiva,dlgs_56_2017,099,urn:nir:stato:decreto.legislativo:2017-04-19;56,,2017-05-05,17G00078,1,2026-04,True,15573,fb067f70effe5d718d2789770222daec403a98bf57cb25282af36c39b8e1eb28
data/output/appalti_it/raw/dlgs_56_2017_art_100.html,Normattiva,dlgs_56_2017,100,urn:nir:stato:decreto.legislativo:2017-04-19;56,,2017-05-05,17G00078,1,2026-04,True,7416,ac502123446faa5b352911943f1cb1d961afce7c3a362a7ee3b42fe2b2cc5588
data/output/appalti_it/raw/dlgs_56_2017_art_101.html,Normattiva,dlgs_56_2017,101,urn:nir:stato:decreto.legislativo:2017-04-19;56,,2017-05-05,17G00078,1,2026-04,True,13809,d3ffa3c8c97b87de0e1be866c07240b858c82f7ed004fd75e71a974634f97f1f
data/output/appalti_it/raw/dlgs_56_2017_art_102.html,Normattiva,dlgs_56_2017,102,urn:nir:stato:decreto.legislativo:2017-04-19;56,,2017-05-05,17G00078,1,2026-04,True,5997,df2f0c25e202af6fb5d44bae56cd47016515d42601d24fde8f9dfaabd08cde3b
data/output/appalti_it/raw/dlgs_56_2017_art_103.html,Normattiva,dlgs_56_2017,103,urn:nir:stato:decreto.legislativo:2017-04-19;56,,2017-05-05,17G00078,1,2026-04,True,10102,b402bbbb90c88021e34e6b65c0abac207450343acaed5d077739e7af88e7f461
data/output/appalti_it/raw/dlgs_56_2017_art_104.html,Normattiva,dlgs_56_2017,104,urn:nir:stato:decreto.legislativo:2017-04-19;56,,2017-05-05,17G00078,1,2026-04,True,12260,46120975f884671205bae26e600469a4e2a6f06039de64e61909082b3301f42f
data/output/appalti_it/raw/dlgs_56_2017_art_105.html,Normattiva,dlgs_56_2017,105,urn:nir:stato:decreto.legislativo:2017-04-19;56,,2017-05-05,17G00078,1,2026-04,True,11882,75fe21b58252ee213843e2983abc5238d4c8067eb1a6d3e424d309bde7edd352
data/output/appalti_it/raw/dlgs_56_2017_art_106.html,Normattiva,dlgs_56_2017,106,urn:nir:stato:decreto.legislativo:2017-04-19;56,,2017-05-05,17G00078,1,2026-04,True,4709,24080afcd29a84795cb226d89dbc36ce898b52a2c608be83a4f8a7bd386e3a59
data/output/appalti_it/raw/dlgs_56_2017_art_107.html,Normattiva,dlgs_56_2017,107,urn:nir:stato:decreto.legislativo:2017-04-19;56,,2017-05-05,17G00078,1,2026-04,True,10388,f9e822869972f917f1bafce439de5e9ff130821405a36f386948299683810eb3
data/output/appalti_it/raw/dlgs_56_2017_art_108.html,Normattiva,dlgs_56_2017,108,urn:nir:stato:decreto.legislativo:2017-04-19;56,,2017-05-05,17G00078,1,2026-04,True,6786,b460f59ecbd61740fc8417ec5a40bf7e19f6890eff40a63eaad3cf0bcad74837
data/output/appalti_it/raw/dlgs_56_2017_art_109.html,Normattiva,dlgs_56_2017,109,urn:nir:stato:decreto.legislativo:2017-04-19;56,,2017-05-05,17G00078,1,2026-04,True,7198,827e05125573432252b3b583faf9e0abc262873d9c1ba107535f7637dbe8d632
data/output/appalti_it/raw/dlgs_56_2017_art_110.html,Normattiva,dlgs_56_2017,110,urn:nir:stato:decreto.legislativo:2017-04-19;56,,2017-05-05,17G00078,1,2026-04,True,21827,21ac41956543ebc03411e13f6e3cf8b505716cf9799521a69aa3acab8629287a
data/output/appalti_it/raw/dlgs_56_2017_art_111.html,Normattiva,dlgs_56_2017,111,urn:nir:stato:decreto.legislativo:2017-04-19;56,,2017-05-05,17G00078,1,2026-04,True,11872,aed68d82ec7faefaf0864a6324521a27b70c89a122f2f4bde89ba98a1d0daea3
data/output/appalti_it/raw/dlgs_56_2017_art_112.html,Normattiva,dlgs_56_2017,112,urn:nir:stato:decreto.legislativo:2017-04-19;56,,2017-05-05,17G00078,1,2026-04,True,8093,3aec04405a6ff837ae7ded195c34c746202e3cf1c685144430c99a0d12f04c87
data/output/appalti_it/raw/dlgs_56_2017_art_113.html,Normattiva,dlgs_56_2017,113,urn:nir:stato:decreto.legislativo:2017-04-19;56,,2017-05-05,17G00078,1,2026-04,True,7674,e43f19c6d0030cc012adb0f4da8789a09b2e6b40ae11de59e4a057253c9b1a6f
data/output/appalti_it/raw/dlgs_56_2017_art_114.html,Normattiva,dlgs_56_2017,114,urn:nir:stato:decreto.legislativo:2017-04-19;56,,2017-05-05,17G00078,1,2026-04,True,21024,a349ab27e00680d86c6e553334c66520139dceeb34ffcb9c2ab4406782d54858
data/output/appalti_it/raw/dlgs_56_2017_art_115.html,Normattiva,dlgs_56_2017,115,urn:nir:stato:decreto.legislativo:2017-04-19;56,,2017-05-05,17G00078,1,2026-04,True,7963,8d636148bbd0aa7b329a9e72a2175105f4849fcf5acefc3fa9a9ca073870e61f
data/output/appalti_it/raw/dlgs_56_2017_art_116.html,Normattiva,dlgs_56_2017,116,urn:nir:stato:decreto.legislativo:2017-04-19;56,,2017-05-05,17G00078,1,2026-04,True,7833,96709daee1ef8464b643352a14b0568af83208c8fd25a9d89024b15ac897e468
data/output/appalti_it/raw/dlgs_56_2017_art_117.html,Normattiva,dlgs_56_2017,117,urn:nir:stato:decreto.legislativo:2017-04-19;56,,2017-05-05,17G00078,1,2026-04,True,7021,7a37735fecb4002d8bb94b2893b0e1f28bd21c2ca559fbde787f6da564837e0c
data/output/appalti_it/raw/dlgs_56_2017_art_118.html,Normattiva,dlgs_56_2017,118,urn:nir:stato:decreto.legislativo:2017-04-19;56,,2017-05-05,17G00078,1,2026-04,True,6728,4dbde6daf252ffd3447656a9aafea13061a6b0228bcfffd3ac0b8860afcc5827
data/output/appalti_it/raw/dlgs_56_2017_art_119.html,Normattiva,dlgs_56_2017,119,urn:nir:stato:decreto.legislativo:2017-04-19;56,,2017-05-05,17G00078,1,2026-04,True,14158,3e4060c3a1d3167bbcb5f19c0bab7de3b3576ff772ee06eb6fe7dc52a5ecc728
data/output/appalti_it/raw/dlgs_56_2017_art_120.html,Normattiva,dlgs_56_2017,120,urn:nir:stato:decreto.legislativo:2017-04-19;56,,2017-05-05,17G00078,1,2026-04,True,9810,f60cf7eb4a4e969857725f5778d8547b8cf20cb0e2e101fcd6b7df7fb2601080
data/output/appalti_it/raw/dlgs_56_2017_art_121.html,Normattiva,dlgs_56_2017,121,urn:nir:stato:decreto.legislativo:2017-04-19;56,,2017-05-05,17G00078,1,2026-04,True,4832,94d586d246afb6ad3560de3e447efc4327498c4a60cb953e01fc1c6dddcde6ac
data/output/appalti_it/raw/dlgs_56_2017_art_122.html,Normattiva,dlgs_56_2017,122,urn:nir:stato:decreto.legislativo:2017-04-19;56,,2017-05-05,17G00078,1,2026-04,True,6029,8bf7cd7b26ff0aac47295abed053d40cec9e04ece6371e2ccf1c631e2dd614b5
data/output/appalti_it/raw/dlgs_56_2017_art_123.html,Normattiva,dlgs_56_2017,123,urn:nir:stato:decreto.legislativo:2017-04-19;56,,2017-05-05,17G00078,1,2026-04,True,6122,52a61f4460303786940b0a836a93404f9c6dc59574485b554e0c7477079a414c
data/output/appalti_it/raw/dlgs_56_2017_art_124.html,Normattiva,dlgs_56_2017,124,urn:nir:stato:decreto.legislativo:2017-04-19;56,,2017-05-05,17G00078,1,2026-04,True,7897,52b95d0e66a3a666f29b0b35dd87d7af5ed4b83298c7b626e53fbe23d74968b8
data/output/appalti_it/raw/dlgs_56_2017_art_125.html,Normattiva,dlgs_56_2017,125,urn:nir:stato:decreto.legislativo:2017-04-19;56,,2017-05-05,17G00078,1,2026-04,True,28539,72cf80e3695cce8c86987bdae5dff41e2457881d3bab26c1947998f76b598e7e
data/output/appalti_it/raw/dlgs_56_2017_art_126.html,Normattiva,dlgs_56_2017,126,urn:nir:stato:decreto.legislativo:2017-04-19;56,,2017-05-05,17G00078,1,2026-04,True,17322,8ec9d1c34fea094ed277ec9f1814472299927be2c38fb3155f21ac64f6d4ca9b
data/output/appalti_it/raw/dlgs_56_2017_art_127.html,Normattiva,dlgs_56_2017,127,urn:nir:stato:decreto.legislativo:2017-04-19;56,,2017-05-05,17G00078,1,2026-04,True,9767,999179286828618fbee541a368d6a635e1f5011bd8ecd5cb20441e4e311236dc
data/output/appalti_it/raw/dlgs_56_2017_art_128.html,Normattiva,dlgs_56_2017,128,urn:nir:stato:decreto.legislativo:2017-04-19;56,,2017-05-05,17G00078,1,2026-04,True,35373,87a883ce15e32cbb8bf76e08e0484642279e19838a7cc6e8746df1a9762f5829
data/output/appalti_it/raw/dlgs_56_2017_art_129.html,Normattiva,dlgs_56_2017,129,urn:nir:stato:decreto.legislativo:2017-04-19;56,,2017-05-05,17G00078,1,2026-04,True,31191,ebad896f4a8b90d6adf420ef2d69dd02c59628abb85a3e45eb0b7b4ed47b67f5
data/output/appalti_it/raw/dlgs_56_2017_art_130.html,Normattiva,dlgs_56_2017,130,urn:nir:stato:decreto.legislativo:2017-04-19;56,,2017-05-05,17G00078,1,2026-04,True,4609,4187794309b91ed7dc07a16da8bd018741d8c190eb67229626999e7bce3807bd
data/output/appalti_it/raw/dlgs_56_2017_art_131.html,Normattiva,dlgs_56_2017,131,urn:nir:stato:decreto.legislativo:2017-04-19;56,,2017-05-05,17G00078,1,2026-04,True,4005,c5a73041917638b88a129b6e36c6bcce099eba428ca74f60a26255677a4ed919
data/output/appalti_it/raw/dlgs_59_2010.html,Normattiva,dlgs_59_2010,,urn:nir:stato:decreto.legislativo:2010-03-26;59,,2010-04-23,010G0080,2,2026-04,True,133010,1c47dda03f629c067f0ead4d10d8b506bf386bd8409fdfe146223562bbf84a9d
data/output/appalti_it/raw/dlgs_59_2010_art_001.html,Normattiva,dlgs_59_2010,001,urn:nir:stato:decreto.legislativo:2010-03-26;59,,2010-04-23,010G0080,1,2026-04,True,11062,ef5bc306f1dee40e30f084878cf9688a54c547c23d61986077fc1c17e7bcc9b4
data/output/appalti_it/raw/dlgs_59_2010_art_002.html,Normattiva,dlgs_59_2010,002,urn:nir:stato:decreto.legislativo:2010-03-26;59,,2010-04-23,010G0080,2,2026-04,True,5690,262205dc81fe2cf815f11e7f074121562cee0ab8a94ffeaf014642adb3cc7660
data/output/appalti_it/raw/dlgs_59_2010_art_003.html,Normattiva,dlgs_59_2010,003,urn:nir:stato:decreto.legislativo:2010-03-26;59,,2010-04-23,010G0080,1,2026-04,True,4516,9d477697bbd14c27efa2b021f6e4cf358dfc2ac8675a2cdc4b6384058425173a
data/output/appalti_it/raw/dlgs_59_2010_art_004.html,Normattiva,dlgs_59_2010,004,urn:nir:stato:decreto.legislativo:2010-03-26;59,,2010-04-23,010G0080,1,2026-04,True,6147,5d5180436d2b1fd2a0fa4dfe266d064da9720401e3f226d577941e5729d99edc
data/output/appalti_it/raw/dlgs_59_2010_art_005.html,Normattiva,dlgs_59_2010,005,urn:nir:stato:decreto.legislativo:2010-03-26;59,,2010-04-23,010G0080,2,2026-04,True,16286,1a2c4aed3028eeb007bc07dbc7977d2c37148337b7e1ed4816d35204f1a2c24f
data/output/appalti_it/raw/dlgs_59_2010_art_006.html,Normattiva,dlgs_59_2010,006,urn:nir:stato:decreto.legislativo:2010-03-26;59,,2010-04-23,010G0080,1,2026-04,True,5011,641b872a9978980e1b0611cadc68abd8da777885826350a04b6cbb3f5e553b6d
data/output/appalti_it/raw/dlgs_59_2010_art_007.html,Normattiva,dlgs_59_2010,007,urn:nir:stato:decreto.legislativo:2010-03-26;59,,2010-04-23,010G0080,1,2026-04,True,6261,7d07abb8951f54eb3b724459c1e4170f891959f5833d7a8445f041ab65dcab94
data/output/appalti_it/raw/dlgs_59_2010_art_008.html,Normattiva,dlgs_59_2010,008,urn:nir:stato:decreto.legislativo:2010-03-26;59,,2010-04-23,010G0080,3,2026-04,True,10391,6c1d9af24639b4b84b00a6feaa6c815dae3e92fba4f4d64037edbd6098b3e60b
data/output/appalti_it/raw/dlgs_59_2010_art_009.html,Normattiva,dlgs_59_2010,009,urn:nir:stato:decreto.legislativo:2010-03-26;59,,2010-04-23,010G0080,2,2026-04,True,7908,fd218e3b8912e1c3327aa7a31a57887b3824a15e9fcbe2e8c0ac31f6d7dd733a
data/output/appalti_it/raw/dlgs_59_2010_art_010.html,Normattiva,dlgs_59_2010,010,urn:nir:stato:decreto.legislativo:2010-03-26;59,,2010-04-23,010G0080,1,2026-04,True,5338,104f46c8bd087c5e8c3ba366155965e41191cc07502b840d7ce527236b172478
data/output/appalti_it/raw/dlgs_59_2010_art_011.html,Normattiva,dlgs_59_2010,011,urn:nir:stato:decreto.legislativo:2010-03-26;59,,2010-04-23,010G0080,2,2026-04,True,6763,e32bc6f885d83581f038a0378a6bbc071823a948fee48f49f0ad0a8d49b38cd5
data/output/appalti_it/raw/dlgs_59_2010_art_012.html,Normattiva,dlgs_59_2010,012,urn:nir:stato:decreto.legislativo:2010-03-26;59,,2010-04-23,010G0080,1,2026-04,True,7179,2ba04b805210df786e184dbac24391e7a69156799affbe1b0edba004ac4c567e
data/output/appalti_it/raw/dlgs_59_2010_art_013.html,Normattiva,dlgs_59_2010,013,urn:nir:stato:decreto.legislativo:2010-03-26;59,,2010-04-23,010G0080,1,2026-04,True,6368,f911666e9dcddc41f52eb664b8c6c4638681e2b5a5051bdadc515b810439c0b6
data/output/appalti_it/raw/dlgs_59_2010_art_014.html,Normattiva,dlgs_59_2010,014,urn:nir:stato:decreto.legislativo:2010-03-26;59,,2010-04-23,010G0080,1,2026-04,True,5593,0950c70feee0fb2000b454495801d8426116e2ded7c11bcaa84d5845e82ad5f4
data/output/appalti_it/raw/dlgs_59_2010_art_015.html,Normattiva,dlgs_59_2010,015,urn:nir:stato:decreto.legislativo:2010-03-26;59,,2010-04-23,010G0080,1,2026-04,True,5465,ab03bf1f66718cbafb0a8b1e3b5ee067a42fcbb3ea678884d41ac31734bdf44c
data/output/appalti_it/raw/dlgs_59_2010_art_016.html,Normattiva,dlgs_59_2010,016,urn:nir:stato:decreto.legislativo:2010-03-26;59,,2010-04-23,010G0080,1,2026-04,True,7864,543ccbe7e9cd66406f7cad9d34daf5875d759fb18b48b47d9a06982a6e104801
data/output/appalti_it/raw/dlgs_59_2010_art_017.html,Normattiva,dlgs_59_2010,017,urn:nir:stato:decreto.legislativo:2010-03-26;59,,2010-04-23,010G0080,4,2026-04,True,7368,5509f0cb7fd340a3ffb44d2c5cbc234adfe714ffe2b061f6f654950be6d3e8d6
data/output/appalti_it/raw/dlgs_59_2010_art_018.html,Normattiva,dlgs_59_2010,018,urn:nir:stato:decreto.legislativo:2010-03-26;59,,2010-04-23,010G0080,2,2026-04,True,4850,b6d3a8abbea6476388a4a36342a2331f1e32528998dedc463ae1ecefe4e430c0
data/output/appalti_it/raw/dlgs_59_2010_art_019.html,Normattiva,dlgs_59_2010,019,urn:nir:stato:decreto.legislativo:2010-03-26;59,,2010-04-23,010G0080,1,2026-04,True,6146,286f1735b831e4b459c33dae70f6d137511954ef12bd431ecbabe155a535aad3
data/output/appalti_it/raw/dlgs_59_2010_art_020.html,Normattiva,dlgs_59_2010,020,urn:nir:stato:decreto.legislativo:2010-03-26;59,,2010-04-23,010G0080,1,2026-04,True,5865,a03c874abd07c27416c37a0a868d0bbfff2d340529ae039ea5b2729b7e51647c
data/output/appalti_it/raw/dlgs_59_2010_art_021.html,Normattiva,dlgs_59_2010,021,urn:nir:stato:decreto.legislativo:2010-03-26;59,,2010-04-23,010G0080,1,2026-04,True,6363,3e83fc4884e174e385091d9dfffc8dbeae0519b735ea871dd1f4ef3ea84693bd
data/output/appalti_it/raw/dlgs_59_2010_art_022.html,Normattiva,dlgs_59_2010,022,urn:nir:stato:decreto.legislativo:2010-03-26;59,,2010-04-23,010G0080,1,2026-04,True,11418,6ec8b3cc55da9ed75beb782c207f9354a79bd38ac2f2e07498dbf63e766e9bd2
data/output/appalti_it/raw/dlgs_59_2010_art_023.html,Normattiva,dlgs_59_2010,023,urn:nir:stato:decreto.legislativo:2010-03-26;59,,2010-04-23,010G0080,1,2026-04,True,5579,76ec38baff07cbedcfbfc4e5591c273826ffdf3d486f64449160afb29ce428cf
data/output/appalti_it/raw/dlgs_59_2010_art_024.html,Normattiva,dlgs_59_2010,024,urn:nir:stato:decreto.legislativo:2010-03-26;59,,2010-04-23,010G0080,1,2026-04,True,4441,693fcd719a5c1f46d0d70675c4b76cb58ad8cb010cb40a9558f50d27f6aed853
data/output/appalti_it/raw/dlgs_59_2010_art_025.html,Normattiva,dlgs_59_2010,025,urn:nir:stato:decreto.legislativo:2010-03-26;59,,2010-04-23,010G0080,1,2026-04,True,23954,825be0ef7022ccfe01b7310f5d4490a72f77a1e8c74d8331481a71deb699018c
data/output/appalti_it/raw/dlgs_59_2010_art_026.html,Normattiva,dlgs_59_2010,026,urn:nir:stato:decreto.legislativo:2010-03-26;59,,2010-04-23,010G0080,1,2026-04,True,6852,27cf470a7ee067aaf9f74d91a89ffbc2c2f4c521b7d937424150cf8b2fc9b0d9
data/output/appalti_it/raw/dlgs_59_2010_art_027.html,Normattiva,dlgs_59_2010,027,urn:nir:stato:decreto.legislativo:2010-03-26;59,,2010-04-23,010G0080,1,2026-04,True,13749,1d48c29ff4232f2616fd37f78bbeae321683ec4c452e707d1c63f3e34f079a98
data/output/appalti_it/raw/dlgs_59_2010_art_028.html,Normattiva,dlgs_59_2010,028,urn:nir:stato:decreto.legislativo:2010-03-26;59,,2010-04-23,010G0080,1,2026-04,True,4770,06fb4225e712be5142447be26e5f7f26c73e719eccf00240750859515c1a6e12
data/output/appalti_it/raw/dlgs_59_2010_art_029.html,Normattiva,dlgs_59_2010,029,urn:nir:stato:decreto.legislativo:2010-03-26;59,,2010-04-23,010G0080,1,2026-04,True,5113,d25afcf972d6736f609bebc42af2259b52445b4f884af183ab442ba49bc46943
data/output/appalti_it/raw/dlgs_59_2010_art_030.html,Normattiva,dlgs_59_2010,030,urn:nir:stato:decreto.legislativo:2010-03-26;59,,2010-04-23,010G0080,1,2026-04,True,7772,e38cd0f073427a8798cdf7198b78b7bd6b76a2b7ccdd9b47d7ea1bb90abb70c3
data/output/appalti_it/raw/dlgs_59_2010_art_031.html,Normattiva,dlgs_59_2010,031,urn:nir:stato:decreto.legislativo:2010-03-26;59,,2010-04-23,010G0080,2,2026-04,True,9333,f3c3c8213d05dd2fb01246657d606af6a3d8a1177583781082f6a777c9f8827d
data/output/appalti_it/raw/dlgs_59_2010_art_032.html,Normattiva,dlgs_59_2010,032,urn:nir:stato:decreto.legislativo:2010-03-26;59,,2010-04-23,010G0080,1,2026-04,True,8297,41fd2490013bb499e035bfbcb16d47efb5695bb8e330189d042e4bf93bc9a2db
data/output/appalti_it/raw/dlgs_59_2010_art_033.html,Normattiva,dlgs_59_2010,033,urn:nir:stato:decreto.legislativo:2010-03-26;59,,2010-04-23,010G0080,1,2026-04,True,5082,b3e226befcba4e14f97952de0848e9eca3f9a3b1763c8bbb989cf43e638af706
data/output/appalti_it/raw/dlgs_59_2010_art_034.html,Normattiva,dlgs_59_2010,034,urn:nir:stato:decreto.legislativo:2010-03-26;59,,2010-04-23,010G0080,1,2026-04,True,10163,f518224fc2889ae0e13af2a0a7e2dc5978040e4ae5ae1f21ab2d91cdd1a19c0d
data/output/appalti_it/raw/dlgs_59_2010_art_035.html,Normattiva,dlgs_59_2010,035,urn:nir:stato:decreto.legislativo:2010-03-26;59,,2010-04-23,010G0080,1,2026-04,True,5805,a4bc43ebb8fd32e1e3b1866d803da108aa6a452685132575b742ba93031be2cb
data/output/appalti_it/raw/dlgs_59_2010_art_036.html,Normattiva,dlgs_59_2010,036,urn:nir:stato:decreto.legislativo:2010-03-26;59,,2010-04-23,010G0080,1,2026-04,True,8940,35581ef81ce5bd4e29434845d8325cf2813629570aab8c822614240893ca2f63
data/output/appalti_it/raw/dlgs_59_2010_art_037.html,Normattiva,dlgs_59_2010,037,urn:nir:stato:decreto.legislativo:2010-03-26;59,,2010-04-23,010G0080,2,2026-04,True,6102,cec02c2d8df2676cd6796afde4777e257263cda820760878a7e190a8e2af172c
data/output/appalti_it/raw/dlgs_59_2010_art_038.html,Normattiva,dlgs_59_2010,038,urn:nir:stato:decreto.legislativo:2010-03-26;59,,2010-04-23,010G0080,1,2026-04,True,5728,a19818a7d1471f3eb2c6748f7dea4d8d59bbe97f7f5359af572effc3b6172f4a
data/output/appalti_it/raw/dlgs_59_2010_art_039.html,Normattiva,dlgs_59_2010,039,urn:nir:stato:decreto.legislativo:2010-03-26;59,,2010-04-23,010G0080,1,2026-04,True,5617,776c3e4222a9be1b9a981bbd5a269207133bbe4277d37181398ec25af4ea932f
data/output/appalti_it/raw/dlgs_59_2010_art_040.html,Normattiva,dlgs_59_2010,040,urn:nir:stato:decreto.legislativo:2010-03-26;59,,2010-04-23,010G0080,1,2026-04,True,6425,c0c9d28f979a7776ce88d7311114bbd555a31ceb3dfaf557fbf3cdccfad6744d
data/output/appalti_it/raw/dlgs_59_2010_art_041.html,Normattiva,dlgs_59_2010,041,urn:nir:stato:decreto.legislativo:2010-03-26;59,,2010-04-23,010G0080,1,2026-04,True,5197,edbe487e6604b3e5355a86f7d0337202342aea4735d92682b7f63a3f2815dc25
data/output/appalti_it/raw/dlgs_59_2010_art_042.html,Normattiva,dlgs_59_2010,042,urn:nir:stato:decreto.legislativo:2010-03-26;59,,2010-04-23,010G0080,1,2026-04,True,5847,d0fbd34c55e31f1fa0c7f6e50d006c4daca36892e799a45af0047a1643034868
data/output/appalti_it/raw/dlgs_59_2010_art_043.html,Normattiva,dlgs_59_2010,043,urn:nir:stato:decreto.legislativo:2010-03-26;59,,2010-04-23,010G0080,1,2026-04,True,6796,d11046ff5133b95e3069fc3cdb9abb255e082907973d9b94700624d28a336609
data/output/appalti_it/raw/dlgs_59_2010_art_044.html,Normattiva,dlgs_59_2010,044,urn:nir:stato:decreto.legislativo:2010-03-26;59,,2010-04-23,010G0080,1,2026-04,True,5208,6b3c0f8fd9b0944c7f5b836cffb731af6ab485f035ab9a16995364c075f21e93
data/output/appalti_it/raw/dlgs_59_2010_art_045.html,Normattiva,dlgs_59_2010,045,urn:nir:stato:decreto.legislativo:2010-03-26;59,,2010-04-23,010G0080,1,2026-04,True,6686,75c69413437bbfc9851b942620eaaea710311b19e44528d4422a475b5a841949
data/output/appalti_it/raw/dlgs_59_2010_art_046.html,Normattiva,dlgs_59_2010,046,urn:nir:stato:decreto.legislativo:2010-03-26;59,,2010-04-23,010G0080,1,2026-04,True,5399,9c9d664d7c422620f8cfd631dcb7e1ba9f7ed14e69e9077bf02284bd11365666
data/output/appalti_it/raw/dlgs_59_2010_art_047.html,Normattiva,dlgs_59_2010,047,urn:nir:stato:decreto.legislativo:2010-03-26;59,,2010-04-23,010G0080,1,2026-04,True,5362,43dde7edc81770891b64b55f6748596b19cb61d6b0f53defad829b0b3f8ba071
data/output/appalti_it/raw/dlgs_59_2010_art_048.html,Normattiva,dlgs_59_2010,048,urn:nir:stato:decreto.legislativo:2010-03-26;59,,2010-04-23,010G0080,1,2026-04,True,9227,24ac1ba97f0b19e02c2ff9f2c9cbb63b1970d45e415b34dc785b03af92bc6ccc
data/output/appalti_it/raw/dlgs_59_2010_art_049.html,Normattiva,dlgs_59_2010,049,urn:nir:stato:decreto.legislativo:2010-03-26;59,,2010-04-23,010G0080,1,2026-04,True,18628,672d8ab0831e5d95863e6a0d70b7c4d99079331185e4ee362996644a2f87ee69
data/output/appalti_it/raw/dlgs_59_2010_art_050.html,Normattiva,dlgs_59_2010,050,urn:nir:stato:decreto.legislativo:2010-03-26;59,,2010-04-23,010G0080,1,2026-04,True,11425,50241697360f0d7a65ff20d244441e2b1facf29a39cdeb509aef62e875f7dfeb
data/output/appalti_it/raw/dlgs_59_2010_art_051.html,Normattiva,dlgs_59_2010,051,urn:nir:stato:decreto.legislativo:2010-03-26;59,,2010-04-23,010G0080,1,2026-04,True,11858,8db32e2bda7bc1be44ed38302f2fd5e75f9b24d40868304cd587bf8f7c1abd4b
data/output/appalti_it/raw/dlgs_59_2010_art_052.html,Normattiva,dlgs_59_2010,052,urn:nir:stato:decreto.legislativo:2010-03-26;59,,2010-04-23,010G0080,1,2026-04,True,10264,5f97fcc4861bb2c3b8d956cf846d33e5747f9227f0072e06642b43bf8656b90b
data/output/appalti_it/raw/dlgs_59_2010_art_053.html,Normattiva,dlgs_59_2010,053,urn:nir:stato:decreto.legislativo:2010-03-26;59,,2010-04-23,010G0080,1,2026-04,True,10220,dacfda0a2812b9ca4340ba3a464d55d4599c697a9fd7351b0f9d9860c0f1b1d1
data/output/appalti_it/raw/dlgs_59_2010_art_054.html,Normattiva,dlgs_59_2010,054,urn:nir:stato:decreto.legislativo:2010-03-26;59,,2010-04-23,010G0080,1,2026-04,True,10235,b951fb830fbb1699084ac4aa52f6064aedd81893de35b3b0490287cab3da7d62
data/output/appalti_it/raw/dlgs_59_2010_art_055.html,Normattiva,dlgs_59_2010,055,urn:nir:stato:decreto.legislativo:2010-03-26;59,,2010-04-23,010G0080,1,2026-04,True,9673,1cfe88eab4f6343e64ecd1f0bd84fe6c91ac09b721d71a63c3266a87f0d1e45b
data/output/appalti_it/raw/dlgs_59_2010_art_056.html,Normattiva,dlgs_59_2010,056,urn:nir:stato:decreto.legislativo:2010-03-26;59,,2010-04-23,010G0080,1,2026-04,True,11552,f0593f79f8cc8ea85ecf3319757b17597733aafe7d165761049985292c8805e9
data/output/appalti_it/raw/dlgs_59_2010_art_057.html,Normattiva,dlgs_59_2010,057,urn:nir:stato:decreto.legislativo:2010-03-26;59,,2010-04-23,010G0080,1,2026-04,True,14156,0a11b945700920f159cf7ff29ce0e17661b7cac0faab18b1316d1d00455de054
data/output/appalti_it/raw/dlgs_59_2010_art_058.html,Normattiva,dlgs_59_2010,058,urn:nir:stato:decreto.legislativo:2010-03-26;59,,2010-04-23,010G0080,1,2026-04,True,7196,21ac99ce0bab4fdfd44da3640a84e86d6623153e97ac71af0c479faf641e56dd
data/output/appalti_it/raw/dlgs_59_2010_art_059.html,Normattiva,dlgs_59_2010,059,urn:nir:stato:decreto.legislativo:2010-03-26;59,,2010-04-23,010G0080,1,2026-04,True,7210,5dbd9b31eaf18d14aa78f058e04ae2f2449542d539402c21640a8aa8aec472f0
data/output/appalti_it/raw/dlgs_59_2010_art_060.html,Normattiva,dlgs_59_2010,060,urn:nir:stato:decreto.legislativo:2010-03-26;59,,2010-04-23,010G0080,1,2026-04,True,12138,89e2f783ab5419152e37dc35a989c9ce4c8120a60eff6a3b2d2e4aa4ae7171d5
data/output/appalti_it/raw/dlgs_59_2010_art_061.html,Normattiva,dlgs_59_2010,061,urn:nir:stato:decreto.legislativo:2010-03-26;59,,2010-04-23,010G0080,1,2026-04,True,7810,c39bcf860380be7d9b2c8c21a632a5ae8057d3bd3a963a858b105722a9c64a0c
data/output/appalti_it/raw/dlgs_59_2010_art_062.html,Normattiva,dlgs_59_2010,062,urn:nir:stato:decreto.legislativo:2010-03-26;59,,2010-04-23,010G0080,1,2026-04,True,9896,4b9f536a95414f3f2d483a7cf7d524af103230b2283683812418a16ff9229b9d
data/output/appalti_it/raw/dlgs_59_2010_art_063.html,Normattiva,dlgs_59_2010,063,urn:nir:stato:decreto.legislativo:2010-03-26;59,,2010-04-23,010G0080,1,2026-04,True,6244,1466e3871cd4220f7db5428060ed73f5e338623bdfe4f8b0e4af32387d9b5576
data/output/appalti_it/raw/dlgs_59_2010_art_064.html,Normattiva,dlgs_59_2010,064,urn:nir:stato:decreto.legislativo:2010-03-26;59,,2010-04-23,010G0080,1,2026-04,True,14268,f9273bf253d25c8d58fe0db60379c86cc431419e4c82f5b3475cb7da195ccfb5
data/output/appalti_it/raw/dlgs_59_2010_art_065.html,Normattiva,dlgs_59_2010,065,urn:nir:stato:decreto.legislativo:2010-03-26;59,,2010-04-23,010G0080,2,2026-04,True,6229,fe09f25a4c395f8ea89da8187dd80bfd512e32ffd3b6a02ed8cd663c955eceb6
data/output/appalti_it/raw/dlgs_59_2010_art_066.html,Normattiva,dlgs_59_2010,066,urn:nir:stato:decreto.legislativo:2010-03-26;59,,2010-04-23,010G0080,2,2026-04,True,6591,f5be6a48ff44ded633ba2c5a21e975a9c526dfa30936af0b152808ff1f686371
data/output/appalti_it/raw/dlgs_59_2010_art_067.html,Normattiva,dlgs_59_2010,067,urn:nir:stato:decreto.legislativo:2010-03-26;59,,2010-04-23,010G0080,2,2026-04,True,6283,74d8980b6b4cb7fdf22ca1fd3516dd9c07f70f3aecfd73d0f9a5abb3cb9b0b06
data/output/appalti_it/raw/dlgs_59_2010_art_068.html,Normattiva,dlgs_59_2010,068,urn:nir:stato:decreto.legislativo:2010-03-26;59,,2010-04-23,010G0080,2,2026-04,True,6318,143e5332e4c37d6caf3980117e2af3d9828e8911b3599bc1f297445759bb41ae
data/output/appalti_it/raw/dlgs_59_2010_art_069.html,Normattiva,dlgs_59_2010,069,urn:nir:stato:decreto.legislativo:2010-03-26;59,,2010-04-23,010G0080,2,2026-04,True,9108,61f74daf7a8b951516e3248cbfc7b15b7c2f882494af46a7bde33e2b67bc5553
data/output/appalti_it/raw/dlgs_59_2010_art_070.html,Normattiva,dlgs_59_2010,070,urn:nir:stato:decreto.legislativo:2010-03-26;59,,2010-04-23,010G0080,2,2026-04,True,4745,f2b24ca6497b1f4195c7deb716c17ba7daeef301de5be9915665d128245ab98b
data/output/appalti_it/raw/dlgs_59_2010_art_071.html,Normattiva,dlgs_59_2010,071,urn:nir:stato:decreto.legislativo:2010-03-26;59,,2010-04-23,010G0080,2,2026-04,True,12430,34de40af5260b2389ff28bebd8bf92e1dfc49f7ac7b303969235ed51b5b8df28
data/output/appalti_it/raw/dlgs_59_2010_art_072.html,Normattiva,dlgs_59_2010,072,urn:nir:stato:decreto.legislativo:2010-03-26;59,,2010-04-23,010G0080,1,2026-04,True,5873,4f66de4b4c838cec734e1bae838fcdf7f927dce1f52240ae6879f5e0347eee49
data/output/appalti_it/raw/dlgs_59_2010_art_073.html,Normattiva,dlgs_59_2010,073,urn:nir:stato:decreto.legislativo:2010-03-26;59,,2010-04-23,010G0080,2,2026-04,True,9102,6441f67f9ebe47d34d5ffd574581ee95bc8ab2b13eb2d5f7f90e01330e795d93
data/output/appalti_it/raw/dlgs_59_2010_art_074.html,Normattiva,dlgs_59_2010,074,urn:nir:stato:decreto.legislativo:2010-03-26;59,,2010-04-23,010G0080,2,2026-04,True,8112,99469c33a5f2b5c1f65b3133e5aed2b59d130cc5702e353894bd72d0b4577257
data/output/appalti_it/raw/dlgs_59_2010_art_075.html,Normattiva,dlgs_59_2010,075,urn:nir:stato:decreto.legislativo:2010-03-26;59,,2010-04-23,010G0080,2,2026-04,True,8662,f8c600b663e01d75480b7f7feb1e3352fe74a369a12d2531ffb6da8c94f5dc26
data/output/appalti_it/raw/dlgs_59_2010_art_076.html,Normattiva,dlgs_59_2010,076,urn:nir:stato:decreto.legislativo:2010-03-26;59,,2010-04-23,010G0080,2,2026-04,True,9986,47219dab487ffb3a9134478b303fcb337a132a8e438567988f86f55b7fcecf3f
data/output/appalti_it/raw/dlgs_59_2010_art_077.html,Normattiva,dlgs_59_2010,077,urn:nir:stato:decreto.legislativo:2010-03-26;59,,2010-04-23,010G0080,2,2026-04,True,7003,4d45d9584f9da6d9dca9438784541247a0c19590ac6c323065c93e6509d17f7f
data/output/appalti_it/raw/dlgs_59_2010_art_078.html,Normattiva,dlgs_59_2010,078,urn:nir:stato:decreto.legislativo:2010-03-26;59,,2010-04-23,010G0080,2,2026-04,True,7776,46ee88bb915b625e3795bfc9c3f09ee62f5d96853543ba02783af5cbd6c39c2f
data/output/appalti_it/raw/dlgs_59_2010_art_079.html,Normattiva,dlgs_59_2010,079,urn:nir:stato:decreto.legislativo:2010-03-26;59,,2010-04-23,010G0080,2,2026-04,True,8280,27553faaa5d1890aa6f88edb7b9d8bccecec9486d5018adfacb586033739e650
data/output/appalti_it/raw/dlgs_59_2010_art_080.html,Normattiva,dlgs_59_2010,080,urn:nir:stato:decreto.legislativo:2010-03-26;59,,2010-04-23,010G0080,2,2026-04,True,4627,4139e98b347aeb060819606030c276e4849fb23030688efdaf52e9a3adda2da0
data/output/appalti_it/raw/dlgs_59_2010_art_081.html,Normattiva,dlgs_59_2010,081,urn:nir:stato:decreto.legislativo:2010-03-26;59,,2010-04-23,010G0080,1,2026-04,True,6524,0f3efbaa608d3372b15b3df0acdd52871c72cd5b9c917d9b04e5bbc3261ec735
data/output/appalti_it/raw/dlgs_59_2010_art_082.html,Normattiva,dlgs_59_2010,082,urn:nir:stato:decreto.legislativo:2010-03-26;59,,2010-04-23,010G0080,2,2026-04,True,7991,c07ffe48f66893d0f73060aad79e4f3ddeeb5536256ac4f98609b195b04f752c
data/output/appalti_it/raw/dlgs_59_2010_art_083.html,Normattiva,dlgs_59_2010,083,urn:nir:stato:decreto.legislativo:2010-03-26;59,,2010-04-23,010G0080,1,2026-04,True,4758,5f92dabdfd0688157fd8a79bf7632707b3cd4a4887c3e7a9fb8ec5f05f74c64d
data/output/appalti_it/raw/dlgs_59_2010_art_084.html,Normattiva,dlgs_59_2010,084,urn:nir:stato:decreto.legislativo:2010-03-26;59,,2010-04-23,010G0080,2,2026-04,True,8075,794fd5adb8ecf8c6d5c1d6ef0182f7eadac05dc1b8663212d2e8e3ebaa919c97
data/output/appalti_it/raw/dlgs_59_2010_art_085.html,Normattiva,dlgs_59_2010,085,urn:nir:stato:decreto.legislativo:2010-03-26;59,,2010-04-23,010G0080,1,2026-04,True,10048,427d148f9300f694417a5425034dc9fc9cb46a5660bfca0c7571a485fe96a8c9
data/output/appalti_it/raw/dlgs_59_2010_art_086.html,Normattiva,dlgs_59_2010,086,urn:nir:stato:decreto.legislativo:2010-03-26;59,,2010-04-23,010G0080,2,2026-04,True,4822,0df61d1ba2cd4853b0a83907c9ac3d47d9caf33dc7aceca9c6d95512da582d29
data/output/appalti_it/raw/dlgs_97_2016.html,Normattiva,dlgs_97_2016,,urn:nir:stato:decreto.legislativo:2016-05-25;97,,2016-06-08,16G00108,1,2026-04,True,109764,63bca2454cd58a4ba3cf0df9ed2abe9af788b836b213dca17449412b3aa18495
data/output/appalti_it/raw/dlgs_97_2016_art_001.html,Normattiva,dlgs_97_2016,001,urn:nir:stato:decreto.legislativo:2016-05-25;97,,2016-06-08,16G00108,1,2026-04,True,26073,7c2ec99b7b167cf194b54af3f8157867608411ccb29f9d3aa005e308cb0eec67
data/output/appalti_it/raw/dlgs_97_2016_art_002.html,Normattiva,dlgs_97_2016,002,urn:nir:stato:decreto.legislativo:2016-05-25;97,,2016-06-08,16G00108,1,2026-04,True,7642,7ad5dbb468a0a43f4997c8f5c314eb1c98086df547cb64038e3c8ee8b6d39a5e
data/output/appalti_it/raw/dlgs_97_2016_art_003.html,Normattiva,dlgs_97_2016,003,urn:nir:stato:decreto.legislativo:2016-05-25;97,,2016-06-08,16G00108,1,2026-04,True,18174,10d038ffa424b35121dd02196f1eff4378b91f353076bddc03d5cccf76df242b
data/output/appalti_it/raw/dlgs_97_2016_art_004.html,Normattiva,dlgs_97_2016,004,urn:nir:stato:decreto.legislativo:2016-05-25;97,,2016-06-08,16G00108,1,2026-04,True,7980,2412196b1faf6c9a60b1dd50d07bad1bc5565cef481a1ea51b64c8e395ac96a0
data/output/appalti_it/raw/dlgs_97_2016_art_005.html,Normattiva,dlgs_97_2016,005,urn:nir:stato:decreto.legislativo:2016-05-25;97,,2016-06-08,16G00108,1,2026-04,True,6097,cf4b9068ab283e3e641d784d4d2b2a507b3dcd6fee6a17086ca81b4b2ce8da70
data/output/appalti_it/raw/dlgs_97_2016_art_006.html,Normattiva,dlgs_97_2016,006,urn:nir:stato:decreto.legislativo:2016-05-25;97,,2016-06-08,16G00108,1,2026-04,True,55250,d2aa24de2cd7a09a81a6a460ce4dce1e38bb177436a12c2392273aff4a93880c
data/output/appalti_it/raw/dlgs_97_2016_art_007.html,Normattiva,dlgs_97_2016,007,urn:nir:stato:decreto.legislativo:2016-05-25;97,,2016-06-08,16G00108,1,2026-04,True,8422,8dcbdf8d9d580a2b352e37f780c5634bae931221f7eba49d5c3d1bb66bae5e9a
data/output/appalti_it/raw/dlgs_97_2016_art_008.html,Normattiva,dlgs_97_2016,008,urn:nir:stato:decreto.legislativo:2016-05-25;97,,2016-06-08,16G00108,1,2026-04,True,6822,c8fb70ccd2112b16f84be1fa944a262fb54c8537a87136ef4bf015d6237acf63
data/output/appalti_it/raw/dlgs_97_2016_art_009.html,Normattiva,dlgs_97_2016,009,urn:nir:stato:decreto.legislativo:2016-05-25;97,,2016-06-08,16G00108,1,2026-04,True,8289,666dce4d041eb130630e51e340699fcfd7f324081826758dae51f804acecab9a
data/output/appalti_it/raw/dlgs_97_2016_art_010.html,Normattiva,dlgs_97_2016,010,urn:nir:stato:decreto.legislativo:2016-05-25;97,,2016-06-08,16G00108,1,2026-04,True,9065,2a1a2a0762566657e8ce2bbc1fc8a06afdd681a74c4c2e532c7aae5e81785c0b
data/output/appalti_it/raw/dlgs_97_2016_art_011.html,Normattiva,dlgs_97_2016,011,urn:nir:stato:decreto.legislativo:2016-05-25;97,,2016-06-08,16G00108,1,2026-04,True,7855,20a591334264ebc156525d70287e03281754312e3e3519f6b07838234ab6f23a
data/output/appalti_it/raw/dlgs_97_2016_art_012.html,Normattiva,dlgs_97_2016,012,urn:nir:stato:decreto.legislativo:2016-05-25;97,,2016-06-08,16G00108,1,2026-04,True,5893,8f84ad34ebc841b72f880addbab5dcd60e52802181a5c8179ee2058623bb6574
data/output/appalti_it/raw/dlgs_97_2016_art_013.html,Normattiva,dlgs_97_2016,013,urn:nir:stato:decreto.legislativo:2016-05-25;97,,2016-06-08,16G00108,1,2026-04,True,25271,2e59e14bf08ffe24e3a94fb68bb1c622325f6cdede4cb3e21fc69d6c460c5844
data/output/appalti_it/raw/dlgs_97_2016_art_014.html,Normattiva,dlgs_97_2016,014,urn:nir:stato:decreto.legislativo:2016-05-25;97,,2016-06-08,16G00108,1,2026-04,True,39164,875d08a63d72d1e895c68ba71e2519bb67d485afde7230823c950aed5c6f1c7a
data/output/appalti_it/raw/dlgs_97_2016_art_015.html,Normattiva,dlgs_97_2016,015,urn:nir:stato:decreto.legislativo:2016-05-25;97,,2016-06-08,16G00108,1,2026-04,True,8872,e80e7c32f51fec2b5436daa911d580b7debc1488d3ae12edd4fa00cec6a81ecc
data/output/appalti_it/raw/dlgs_97_2016_art_016.html,Normattiva,dlgs_97_2016,016,urn:nir:stato:decreto.legislativo:2016-05-25;97,,2016-06-08,16G00108,1,2026-04,True,6359,f286d259915908ead37c22ad49ccc07284764e1bb8bf75266f715910fc10160e
data/output/appalti_it/raw/dlgs_97_2016_art_017.html,Normattiva,dlgs_97_2016,017,urn:nir:stato:decreto.legislativo:2016-05-25;97,,2016-06-08,16G00108,1,2026-04,True,5083,634c157ca9bb5b81cc02be7312b21f8521514f3e9929d897bb14f0dc2b1a69dd
data/output/appalti_it/raw/dlgs_97_2016_art_018.html,Normattiva,dlgs_97_2016,018,urn:nir:stato:decreto.legislativo:2016-05-25;97,,2016-06-08,16G00108,1,2026-04,True,5726,08d3369c6e362599a9171bc57309e47bff18d21835865730b30dea9c9d1e44cc
data/output/appalti_it/raw/dlgs_97_2016_art_019.html,Normattiva,dlgs_97_2016,019,urn:nir:stato:decreto.legislativo:2016-05-25;97,,2016-06-08,16G00108,1,2026-04,True,6251,f17a4e429d32ad7ea3806abbee02c02ed2c4020ab8e96229b81aed3642d3402a
data/output/appalti_it/raw/dlgs_97_2016_art_020.html,Normattiva,dlgs_97_2016,020,urn:nir:stato:decreto.legislativo:2016-05-25;97,,2016-06-08,16G00108,1,2026-04,True,11299,5122159158d3efc26c336e32ffe02e4523e0fbf2044363d794338b4ef41661cd
data/output/appalti_it/raw/dlgs_97_2016_art_021.html,Normattiva,dlgs_97_2016,021,urn:nir:stato:decreto.legislativo:2016-05-25;97,,2016-06-08,16G00108,1,2026-04,True,11929,5eac786c529beb8a00d872b2363027f2cdc82a8768215d8518b8d477deea2535
data/output/appalti_it/raw/dlgs_97_2016_art_022.html,Normattiva,dlgs_97_2016,022,urn:nir:stato:decreto.legislativo:2016-05-25;97,,2016-06-08,16G00108,1,2026-04,True,11111,23320da7e6d5791ce03112266b0cb88668fabf17d4f2ffae1c7b2af959aa3b3c
data/output/appalti_it/raw/dlgs_97_2016_art_023.html,Normattiva,dlgs_97_2016,023,urn:nir:stato:decreto.legislativo:2016-05-25;97,,2016-06-08,16G00108,1,2026-04,True,8127,442c3979988b2f21c028c4432584e1db7085e11de93d5a59123bdc23c6d04e95
data/output/appalti_it/raw/dlgs_97_2016_art_024.html,Normattiva,dlgs_97_2016,024,urn:nir:stato:decreto.legislativo:2016-05-25;97,,2016-06-08,16G00108,1,2026-04,True,7752,f7afdfd4e69bc20e03dfcf6de243e614fdbc406c6530bf8c1857d89e259dd391
data/output/appalti_it/raw/dlgs_97_2016_art_025.html,Normattiva,dlgs_97_2016,025,urn:nir:stato:decreto.legislativo:2016-05-25;97,,2016-06-08,16G00108,1,2026-04,True,9953,3671dbd28be9cb19fde1496feca96515f2af118c0fcba233fc726f00d9e61cf5
data/output/appalti_it/raw/dlgs_97_2016_art_026.html,Normattiva,dlgs_97_2016,026,urn:nir:stato:decreto.legislativo:2016-05-25;97,,2016-06-08,16G00108,1,2026-04,True,5308,68bcf047b3d7af7e9c68253cc2d54d29cdde0204a586670ef227f27a82139003
data/output/appalti_it/raw/dlgs_97_2016_art_027.html,Normattiva,dlgs_97_2016,027,urn:nir:stato:decreto.legislativo:2016-05-25;97,,2016-06-08,16G00108,1,2026-04,True,6049,2c3011d67cc89167beebdcc0b6c48eb656edca6054322ed3141fbea936cf7ad3
data/output/appalti_it/raw/dlgs_97_2016_art_028.html,Normattiva,dlgs_97_2016,028,urn:nir:stato:decreto.legislativo:2016-05-25;97,,2016-06-08,16G00108,1,2026-04,True,5883,eb018fc91a5c97911b183354790f01d6fb3ecc0d2304b56594a17cba23e4b6d2
data/output/appalti_it/raw/dlgs_97_2016_art_029.html,Normattiva,dlgs_97_2016,029,urn:nir:stato:decreto.legislativo:2016-05-25;97,,2016-06-08,16G00108,1,2026-04,True,6156,e6672f01ef53613206ff4bbfce9f780869faaefada8a498daef9143f42de29d5
data/output/appalti_it/raw/dlgs_97_2016_art_030.html,Normattiva,dlgs_97_2016,030,urn:nir:stato:decreto.legislativo:2016-05-25;97,,2016-06-08,16G00108,1,2026-04,True,15929,b0865fa05766534bf6d7cb14159456a79cc86d72bd59f8dbc3181efbabe476e1
data/output/appalti_it/raw/dlgs_97_2016_art_031.html,Normattiva,dlgs_97_2016,031,urn:nir:stato:decreto.legislativo:2016-05-25;97,,2016-06-08,16G00108,1,2026-04,True,10111,c1f1ecd0e8af33502a1663af4b9729cbb250971a9d2f5a085d82e6dc4f6a1ccc
data/output/appalti_it/raw/dlgs_97_2016_art_032.html,Normattiva,dlgs_97_2016,032,urn:nir:stato:decreto.legislativo:2016-05-25;97,,2016-06-08,16G00108,1,2026-04,True,25647,b4785ccd6066dadd27ea559343778caa925d68e60981b894579d760ef6869e3a
data/output/appalti_it/raw/dlgs_97_2016_art_033.html,Normattiva,dlgs_97_2016,033,urn:nir:stato:decreto.legislativo:2016-05-25;97,,2016-06-08,16G00108,1,2026-04,True,7914,a384fe1a665315a69798bca63a125b9dfc8a9c2ac96acd1c6b46bfb8c0f60506
data/output/appalti_it/raw/dlgs_97_2016_art_034.html,Normattiva,dlgs_97_2016,034,urn:nir:stato:decreto.legislativo:2016-05-25;97,,2016-06-08,16G00108,1,2026-04,True,7924,a17ead66ad4457d6a8a4da29d165f5c5de90190148150b96ac506b87f6ebc197
data/output/appalti_it/raw/dlgs_97_2016_art_035.html,Normattiva,dlgs_97_2016,035,urn:nir:stato:decreto.legislativo:2016-05-25;97,,2016-06-08,16G00108,1,2026-04,True,5593,24dd7f3f2afdd27765a211bba951b9f1d5a44e7dfc1d8a387792ac9ac792c96f
data/output/appalti_it/raw/dlgs_97_2016_art_036.html,Normattiva,dlgs_97_2016,036,urn:nir:stato:decreto.legislativo:2016-05-25;97,,2016-06-08,16G00108,1,2026-04,True,10542,e543c43d659908b0401de3d470a0786b152aeb3319416d10f379c34c646ca910
data/output/appalti_it/raw/dlgs_97_2016_art_037.html,Normattiva,dlgs_97_2016,037,urn:nir:stato:decreto.legislativo:2016-05-25;97,,2016-06-08,16G00108,1,2026-04,True,6192,5c9d50f1677d86a25fd0f1da5861f27f5fa62e4388cff978a66c35ea29d408e7
data/output/appalti_it/raw/dlgs_97_2016_art_038.html,Normattiva,dlgs_97_2016,038,urn:nir:stato:decreto.legislativo:2016-05-25;97,,2016-06-08,16G00108,1,2026-04,True,8333,59f1ee4f9e8ec06b3eee59bab8d9cddd9471531266c10e5e53ece79a8feb5bda
data/output/appalti_it/raw/dlgs_97_2016_art_039.html,Normattiva,dlgs_97_2016,039,urn:nir:stato:decreto.legislativo:2016-05-25;97,,2016-06-08,16G00108,1,2026-04,True,7818,6ea9c645c8b82dcf9608f5b848e85dcf18e414fef3dc2dc4ddb4ec1cfd7b8269
data/output/appalti_it/raw/dlgs_97_2016_art_040.html,Normattiva,dlgs_97_2016,040,urn:nir:stato:decreto.legislativo:2016-05-25;97,,2016-06-08,16G00108,1,2026-04,True,12626,ffeb9bd3a98fc4fab8b57a69411358a5b6b086895b774a575b85c9f79d49ce10
data/output/appalti_it/raw/dlgs_97_2016_art_041.html,Normattiva,dlgs_97_2016,041,urn:nir:stato:decreto.legislativo:2016-05-25;97,,2016-06-08,16G00108,1,2026-04,True,34941,49a35e0bbf9d945971b1a5be38fd56d114919215d7711049d292d6987a04f636
data/output/appalti_it/raw/dlgs_97_2016_art_042.html,Normattiva,dlgs_97_2016,042,urn:nir:stato:decreto.legislativo:2016-05-25;97,,2016-06-08,16G00108,1,2026-04,True,36429,bf352555ec7e5a769d3abe40c92c5090f15505d592b029096966efdb4d3a8cb8
data/output/appalti_it/raw/dlgs_97_2016_art_043.html,Normattiva,dlgs_97_2016,043,urn:nir:stato:decreto.legislativo:2016-05-25;97,,2016-06-08,16G00108,1,2026-04,True,7796,d6cd6dc11440dc97a6d583582d68a6be52829b870e1db3f10bccb0a7d6f7a5af
data/output/appalti_it/raw/dlgs_97_2016_art_044.html,Normattiva,dlgs_97_2016,044,urn:nir:stato:decreto.legislativo:2016-05-25;97,,2016-06-08,16G00108,1,2026-04,True,5112,06fd84564314ad1b08a900e838704b4b1dccb809197ce12bde90cc8786b57bc5
data/output/appalti_it/raw/dm_154_2017.html,Normattiva,dm_154_2017,,,,2017-10-27,17G00169,2,2026-04,False,96438,5582c0d11bd6452ec2e0c45cc2088218d45b66ca9dcd05563c38c771309a5379
data/output/appalti_it/raw/dm_154_2017_art_001.html,Normattiva,dm_154_2017,001,,,2017-10-27,17G00169,2,2026-04,False,3728,63661781681d1d1d50f530f70dfc996bb00b85a04c60392f34a59669c46ad356
data/output/appalti_it/raw/dm_154_2017_art_002.html,Normattiva,dm_154_2017,002,,,2017-10-27,17G00169,2,2026-04,False,4732,d1cbcebded43a618cae517a89d2d59525046b27fbc45a698688c9d37c6ce3c6d
data/output/appalti_it/raw/dm_154_2017_art_003.html,Normattiva,dm_154_2017,003,,,2017-10-27,17G00169,2,2026-04,False,4732,322b35a89358d3405f7c43428df8647706927ea1b400a62c7296420f627b9028
data/output/appalti_it/raw/dm_154_2017_art_004.html,Normattiva,dm_154_2017,004,,,2017-10-27,17G00169,2,2026-04,False,4732,8e1d84f83aa0c2c78ebbf502d47b943f4105daa72d9311c983d0a42bddad7f4b
data/output/appalti_it/raw/dm_154_2017_art_005.html,Normattiva,dm_154_2017,005,,,2017-10-27,17G00169,2,2026-04,False,4732,bd59d285e6fd630c7813249ef927f36c608aaa2522688ad3726f07b68dd0e051
data/output/appalti_it/raw/dm_154_2017_art_006.html,Normattiva,dm_154_2017,006,,,2017-10-27,17G00169,2,2026-04,False,4732,49c2a2abc08f1a8d56fac154b89c3c078e05e1f147c1ab78b0d68333a3d77c11
data/output/appalti_it/raw/dm_154_2017_art_007.html,Normattiva,dm_154_2017,007,,,2017-10-27,17G00169,2,2026-04,False,4732,d3d4d157d660961f8db7aa0d10ca1e1afc71ea1f977fa40e767094a610673aa3
data/output/appalti_it/raw/dm_154_2017_art_008.html,Normattiva,dm_154_2017,008,,,2017-10-27,17G00169,2,2026-04,False,4732,57bd78ac2a42c1c88b5ff62f29249c5d557018863a16e75e7d333c2325d1ebf7
data/output/appalti_it/raw/dm_154_2017_art_009.html,Normattiva,dm_154_2017,009,,,2017-10-27,17G00169,2,2026-04,False,4734,fb6cb6760042a3cb1238fe7878640163cd01c2e101ab9eb8438e79fe48f3b1ff
data/output/appalti_it/raw/dm_154_2017_art_010.html,Normattiva,dm_154_2017,010,,,2017-10-27,17G00169,2,2026-04,False,4738,b9df27297b28691423b362be3d00b65ed212a038aebc740a266a8bc1594bc66c
data/output/appalti_it/raw/dm_154_2017_art_011.html,Normattiva,dm_154_2017,011,,,2017-10-27,17G00169,2,2026-04,False,4740,5621cb1b47806d45d811895613533af19f94b80aacbf52e609239aad0398b0cd
data/output/appalti_it/raw/dm_154_2017_art_012.html,Normattiva,dm_154_2017,012,,,2017-10-27,17G00169,2,2026-04,False,4740,fb1e1888bd9114a0cf6ee50697e7d6112c5d791569cc7a448baec36d03669694
data/output/appalti_it/raw/dm_154_2017_art_013.html,Normattiva,dm_154_2017,013,,,2017-10-27,17G00169,2,2026-04,False,4740,018c3cda41feed14ee6b3e279530a52b3d97e4f58967b6d0560e9c4e050ca09e
data/output/appalti_it/raw/dm_154_2017_art_014.html,Normattiva,dm_154_2017,014,,,2017-10-27,17G00169,2,2026-04,False,4740,f2c4a2b48ee60fe3b3e9884d747b1d6e0bfbb814d58e2e1f88c6161634bb076d
data/output/appalti_it/raw/dm_154_2017_art_015.html,Normattiva,dm_154_2017,015,,,2017-10-27,17G00169,2,2026-04,False,4740,8d4bc6e3787d4ce1bbc0efb9e1d8d715d608c215b70540517ee2d31a242aa1e5
data/output/appalti_it/raw/dm_154_2017_art_016.html,Normattiva,dm_154_2017,016,,,2017-10-27,17G00169,2,2026-04,False,4740,439b844f1d0dd596fe72b3d369461dc93931ba24091ef9e6406cb46aecf57447
data/output/appalti_it/raw/dm_154_2017_art_017.html,Normattiva,dm_154_2017,017,,,2017-10-27,17G00169,2,2026-04,False,4740,177391f47bf03f62b6af66675ebaf266aebd48b36309e4255eb77767fc4e8060
data/output/appalti_it/raw/dm_154_2017_art_018.html,Normattiva,dm_154_2017,018,,,2017-10-27,17G00169,2,2026-04,False,4740,1273128a546f7abe124c1aaab18d2c1b84e039404962188991f090316747e5c8
data/output/appalti_it/raw/dm_154_2017_art_019.html,Normattiva,dm_154_2017,019,,,2017-10-27,17G00169,2,2026-04,False,4740,3a97384ab73677c95d4b3810e8258b0c0a402d950fb777db6428e302183e476b
data/output/appalti_it/raw/dm_154_2017_art_020.html,Normattiva,dm_154_2017,020,,,2017-10-27,17G00169,2,2026-04,False,4740,a831c29d09820b00fec78ccb4cea2b095d59abdf0d8bdbf5f02171b08f2a91c6
data/output/appalti_it/raw/dm_154_2017_art_021.html,Normattiva,dm_154_2017,021,,,2017-10-27,17G00169,2,2026-04,False,4740,a119185a08004df4e48827b053161e3006984fdb828aff45e9e5b0da14e92e4f
data/output/appalti_it/raw/dm_154_2017_art_022.html,Normattiva,dm_154_2017,022,,,2017-10-27,17G00169,2,2026-04,False,4740,31ee60c9b86666028bb050ad68fe959ba3507ae0e1d9b61cbc219a298359a7af
data/output/appalti_it/raw/dm_154_2017_art_023.html,Normattiva,dm_154_2017,023,,,2017-10-27,17G00169,2,2026-04,False,4740,459dc5b836bf3da671c4c37e83eca1f79508396069e98d2bdf89275898c67c5c
data/output/appalti_it/raw/dm_154_2017_art_024.html,Normattiva,dm_154_2017,024,,,2017-10-27,17G00169,2,2026-04,False,4740,c1aeb50b7a3ca6f49375f1545b9cd5cf7aa5ef95e989aed3309bd8f79457a361
data/output/appalti_it/raw/dm_154_2017_art_025.html,Normattiva,dm_154_2017,025,,,2017-10-27,17G00169,2,2026-04,False,4740,9c9bcd8fb11a0a6ce40014c78c77c5344c08f75956dd60ce2a7eab96707cd805
data/output/appalti_it/raw/dm_154_2017_art_026.html,Normattiva,dm_154_2017,026,,,2017-10-27,17G00169,2,2026-04,False,4740,db7e342e289268f3b96959bb266ffbb75b3bbee4979533e5f79b11b26803e117
data/output/appalti_it/raw/dm_154_2017_art_027.html,Normattiva,dm_154_2017,027,,,2017-10-27,17G00169,2,2026-04,False,4740,5ec616f13f0571e2b9c2e0f63f0639eb0dccb74e6dc6861332ba3dca1986a724
data/output/appalti_it/raw/dm_154_2017_art_028.html,Normattiva,dm_154_2017,028,,,2017-10-27,17G00169,2,2026-04,False,3720,fce8aa748b6457553bd792f95227f235051b8e7897cd4a586a8b66f4aa9c7211
data/output/appalti_it/raw/dpr_207_2010.html,Normattiva,dpr_207_2010,,urn:nir:stato:decreto.del.presidente.della.repubblica:2010-10-05;207,,2010-12-10,010G0226,3,2026-04,True,545024,c50beab2aad7b944f09c2e2d157b3182d4c62c21a539b390da19b7c6eeeddc76
data/output/appalti_it/raw/dpr_207_2010_art_001.html,Normattiva,dpr_207_2010,001,urn:nir:stato:decreto.del.presidente.della.repubblica:2010-10-05;207,,2010-12-10,010G0226,3,2026-04,True,53271,2e1beded07a38b8e912b5a207a758dec76d3beee473b4023e1f7f340c92e8517
data/output/appalti_it/raw/dpr_207_2010_art_002.html,Normattiva,dpr_207_2010,002,urn:nir:stato:decreto.del.presidente.della.repubblica:2010-10-05;207,,2010-12-10,010G0226,3,2026-04,True,4746,1a2d1672b56534c7dac315a07d27ddfdcb11cf7727230cc3ced936236de64bb3
data/output/appalti_it/raw/dpr_207_2010_art_003.html,Normattiva,dpr_207_2010,003,urn:nir:stato:decreto.del.presidente.della.repubblica:2010-10-05;207,,2010-12-10,010G0226,3,2026-04,True,4746,506e9e3d4ed33078ba651dfd0a332cf327f5e692678674e733cc5d7475161d43
data/output/appalti_it/raw/dpr_207_2010_art_004.html,Normattiva,dpr_207_2010,004,urn:nir:stato:decreto.del.presidente.della.repubblica:2010-10-05;207,,2010-12-10,010G0226,2,2026-04,True,4746,ca600c8d14ff8e8c59f4d6c0f65f303d0c8bed5c31158c3121d21c72593f5149
data/output/appalti_it/raw/dpr_207_2010_art_005.html,Normattiva,dpr_207_2010,005,urn:nir:stato:decreto.del.presidente.della.repubblica:2010-10-05;207,,2010-12-10,010G0226,2,2026-04,True,4746,fcc88e347b366cd09007a36fd8e62a72bf775a84f1c6a244b3e5678352663c1b
data/output/appalti_it/raw/dpr_207_2010_art_006.html,Normattiva,dpr_207_2010,006,urn:nir:stato:decreto.del.presidente.della.repubblica:2010-10-05;207,,2010-12-10,010G0226,2,2026-04,True,4746,c3dec3eebdb4403645df34eafbcf0e5196dc08c075759bcbbe976f20a53d0f32
data/output/appalti_it/raw/dpr_207_2010_art_007.html,Normattiva,dpr_207_2010,007,urn:nir:stato:decreto.del.presidente.della.repubblica:2010-10-05;207,,2010-12-10,010G0226,2,2026-04,True,4746,9d6073f86946522b8f55faf6c38e58bc398c6a5d12412954954fe68d7bf1e24c
data/output/appalti_it/raw/dpr_207_2010_art_008.html,Normattiva,dpr_207_2010,008,urn:nir:stato:decreto.del.presidente.della.repubblica:2010-10-05;207,,2010-12-10,010G0226,2,2026-04,True,4746,6a71b7e8389d3aa3963fb00c4354b33938baa7344e2aa0a0721028bb2c93a879
data/output/appalti_it/raw/dpr_207_2010_art_009.html,Normattiva,dpr_207_2010,009,urn:nir:stato:decreto.del.presidente.della.repubblica:2010-10-05;207,,2010-12-10,010G0226,2,2026-04,True,9607,341f1f324602740208639dff2fccd12584c302130cedc35c6159642c300433be
data/output/appalti_it/raw/dpr_207_2010_art_010.html,Normattiva,dpr_207_2010,010,urn:nir:stato:decreto.del.presidente.della.repubblica:2010-10-05;207,,2010-12-10,010G0226,2,2026-04,True,19307,52698eab61f39c213e5abfd25ed75e57a8fcfa4ceb7d69be6b6f8b763a57dc47
data/output/appalti_it/raw/dpr_207_2010_art_011.html,Normattiva,dpr_207_2010,011,urn:nir:stato:decreto.del.presidente.della.repubblica:2010-10-05;207,,2010-12-10,010G0226,2,2026-04,True,4754,99acde84b723efb1d2a166aad7283dd6ffd3ac6f11d91f95dc4ecce8c8b7d9f8
data/output/appalti_it/raw/dpr_207_2010_art_012.html,Normattiva,dpr_207_2010,012,urn:nir:stato:decreto.del.presidente.della.repubblica:2010-10-05;207,,2010-12-10,010G0226,2,2026-04,True,4754,fe218e2d567a1a76f45fa11b9d707fd5415fe48d5678bfa455ed1dd878156c5b
data/output/appalti_it/raw/dpr_207_2010_art_013.html,Normattiva,dpr_207_2010,013,urn:nir:stato:decreto.del.presidente.della.repubblica:2010-10-05;207,,2010-12-10,010G0226,2,2026-04,True,4754,4e7a4fd13477a3bbe1238a48f8c74d580c6c8740672b4938332f5a9ec38573fe
data/output/appalti_it/raw/dpr_207_2010_art_014.html,Normattiva,dpr_207_2010,014,urn:nir:stato:decreto.del.presidente.della.repubblica:2010-10-05;207,,2010-12-10,010G0226,2,2026-04,True,10825,f484fc0ae1b3fce9416ff83e6ea311bed75890f799f9c8adea7a5510c29b4a1a
data/output/appalti_it/raw/dpr_207_2010_art_015.html,Normattiva,dpr_207_2010,015,urn:nir:stato:decreto.del.presidente.della.repubblica:2010-10-05;207,,2010-12-10,010G0226,2,2026-04,True,16800,87687d908044973993aa7e1cc0ab3fece25bbe06675c25b4a21a26c7fde0894d
data/output/appalti_it/raw/dpr_207_2010_art_016.html,Normattiva,dpr_207_2010,016,urn:nir:stato:decreto.del.presidente.della.repubblica:2010-10-05;207,,2010-12-10,010G0226,3,2026-04,True,8087,67b90f6e51c10aa725df705938a9cb2ba639295c724d80b73514ade744883a4d
data/output/appalti_it/raw/dpr_207_2010_art_017.html,Normattiva,dpr_207_2010,017,urn:nir:stato:decreto.del.presidente.della.repubblica:2010-10-05;207,,2010-12-10,010G0226,3,2026-04,True,11463,7fbe695a4ddd98193ba9cded112bb7eb9091a86a8570f57861d2040bc1196580
data/output/appalti_it/raw/dpr_207_2010_art_018.html,Normattiva,dpr_207_2010,018,urn:nir:stato:decreto.del.presidente.della.repubblica:2010-10-05;207,,2010-12-10,010G0226,2,2026-04,True,10089,399ecc42d450a506f07f39cd64eefcce67a261e3f29bbb9fac09ce87c5d760ea
data/output/appalti_it/raw/dpr_207_2010_art_019.html,Normattiva,dpr_207_2010,019,urn:nir:stato:decreto.del.presidente.della.repubblica:2010-10-05;207,,2010-12-10,010G0226,2,2026-04,True,8686,9395fc8fd863e817321646fa07b2b629800a16e460a2be82d986550e27948bf1
data/output/appalti_it/raw/dpr_207_2010_art_020.html,Normattiva,dpr_207_2010,020,urn:nir:stato:decreto.del.presidente.della.repubblica:2010-10-05;207,,2010-12-10,010G0226,2,2026-04,True,8183,e207c35da525e0e41880e52baf574b4eeb7d071f9589f21791c2aee7c827246a
data/output/appalti_it/raw/dpr_207_2010_art_021.html,Normattiva,dpr_207_2010,021,urn:nir:stato:decreto.del.presidente.della.repubblica:2010-10-05;207,,2010-12-10,010G0226,2,2026-04,True,13329,5c63545bcde315ce38ee00d34ae153dd6d71dc213b6d9c31ebb53a3717d22e33
data/output/appalti_it/raw/dpr_207_2010_art_022.html,Normattiva,dpr_207_2010,022,urn:nir:stato:decreto.del.presidente.della.repubblica:2010-10-05;207,,2010-12-10,010G0226,2,2026-04,True,8345,b200135ac470cddf1d65934d943aba464961842b6a87739056208839969a2bee
data/output/appalti_it/raw/dpr_207_2010_art_023.html,Normattiva,dpr_207_2010,023,urn:nir:stato:decreto.del.presidente.della.repubblica:2010-10-05;207,,2010-12-10,010G0226,2,2026-04,True,7131,3c985f527fa35c003b371ee41ee3716dee50ebad761f161034367ef622d94d29
data/output/appalti_it/raw/dpr_207_2010_art_024.html,Normattiva,dpr_207_2010,024,urn:nir:stato:decreto.del.presidente.della.repubblica:2010-10-05;207,,2010-12-10,010G0226,2,2026-04,True,9566,25555e65b64d3ed09ad1f99bd5c937065afbf025f52a7018ba92d970f30da8d7
data/output/appalti_it/raw/dpr_207_2010_art_025.html,Normattiva,dpr_207_2010,025,urn:nir:stato:decreto.del.presidente.della.repubblica:2010-10-05;207,,2010-12-10,010G0226,2,2026-04,True,8933,2173ac9986fa4e54a35213bcaffd0c8f7f1e50a4163f0fa80cb77da132d7f3b5
data/output/appalti_it/raw/dpr_207_2010_art_026.html,Normattiva,dpr_207_2010,026,urn:nir:stato:decreto.del.presidente.della.repubblica:2010-10-05;207,,2010-12-10,010G0226,2,2026-04,True,11846,ddafdaf304024ee6f9afce938e456c39e04a43472b7d22b9ac81b2607d42207f
data/output/appalti_it/raw/dpr_207_2010_art_027.html,Normattiva,dpr_207_2010,027,urn:nir:stato:decreto.del.presidente.della.repubblica:2010-10-05;207,,2010-12-10,010G0226,2,2026-04,True,7165,e3e5d7eb6795172976a71b75254ce4052979af61b8ad64202e78671e7db41043
data/output/appalti_it/raw/dpr_207_2010_art_028.html,Normattiva,dpr_207_2010,028,urn:nir:stato:decreto.del.presidente.della.repubblica:2010-10-05;207,,2010-12-10,010G0226,2,2026-04,True,16689,895fc56f7f3a432c44085a7751753ec8c926b79dac9e2314b2ebb66b3e00c67e
data/output/appalti_it/raw/dpr_207_2010_art_029.html,Normattiva,dpr_207_2010,029,urn:nir:stato:decreto.del.presidente.della.repubblica:2010-10-05;207,,2010-12-10,010G0226,2,2026-04,True,7151,1afe12e01180f36bf616c4ec1f7600e6211e34f53e45ee413ce99c17653ead3d
data/output/appalti_it/raw/dpr_207_2010_art_030.html,Normattiva,dpr_207_2010,030,urn:nir:stato:decreto.del.presidente.della.repubblica:2010-10-05;207,,2010-12-10,010G0226,2,2026-04,True,6148,50c9931a2b446e0c75ee8e51cf592625b551af2a55c22e09bd4d9860582a04af
data/output/appalti_it/raw/dpr_207_2010_art_031.html,Normattiva,dpr_207_2010,031,urn:nir:stato:decreto.del.presidente.della.repubblica:2010-10-05;207,,2010-12-10,010G0226,2,2026-04,True,7757,3125fd0a34cf2300b9dea8b6a13785d94db043ee037b76f540425ecc2ca8787c
data/output/appalti_it/raw/dpr_207_2010_art_032.html,Normattiva,dpr_207_2010,032,urn:nir:stato:decreto.del.presidente.della.repubblica:2010-10-05;207,,2010-12-10,010G0226,2,2026-04,True,13614,682c8a927dfe8c175a7249840093642da1ea08922b392a54fe92de4bfb913d81
data/output/appalti_it/raw/dpr_207_2010_art_033.html,Normattiva,dpr_207_2010,033,urn:nir:stato:decreto.del.presidente.della.repubblica:2010-10-05;207,,2010-12-10,010G0226,2,2026-04,True,7912,d147bb668eac1207fcddd2e6bb839cdd84395929d990ec8f060040151a2537f3
data/output/appalti_it/raw/dpr_207_2010_art_034.html,Normattiva,dpr_207_2010,034,urn:nir:stato:decreto.del.presidente.della.repubblica:2010-10-05;207,,2010-12-10,010G0226,2,2026-04,True,6950,6080371227f1ed02095de66abcebec77a7be77dc9697a1323dcab9b71567480f
data/output/appalti_it/raw/dpr_207_2010_art_035.html,Normattiva,dpr_207_2010,035,urn:nir:stato:decreto.del.presidente.della.repubblica:2010-10-05;207,,2010-12-10,010G0226,2,2026-04,True,6753,462ff2b0fc136f87b1441d08f8627e82bed54449c161cb35e749fb2922343959
data/output/appalti_it/raw/dpr_207_2010_art_036.html,Normattiva,dpr_207_2010,036,urn:nir:stato:decreto.del.presidente.della.repubblica:2010-10-05;207,,2010-12-10,010G0226,2,2026-04,True,7583,3b1494f4da85522f4ab6497090e5411fe14a7dab94d2be78b653485893de9ca1
data/output/appalti_it/raw/dpr_207_2010_art_037.html,Normattiva,dpr_207_2010,037,urn:nir:stato:decreto.del.presidente.della.repubblica:2010-10-05;207,,2010-12-10,010G0226,2,2026-04,True,10791,d11c21872cdb511b6d5c9068d139d2ebeb1d2d1e1e5c81cbd68eb69673999a47
data/output/appalti_it/raw/dpr_207_2010_art_038.html,Normattiva,dpr_207_2010,038,urn:nir:stato:decreto.del.presidente.della.repubblica:2010-10-05;207,,2010-12-10,010G0226,2,2026-04,True,11993,51aca75fc4ce954b778121a5fbbdf4437c2b4e8b9d22011f615aa6ce80e73757
data/output/appalti_it/raw/dpr_207_2010_art_039.html,Normattiva,dpr_207_2010,039,urn:nir:stato:decreto.del.presidente.della.repubblica:2010-10-05;207,,2010-12-10,010G0226,2,2026-04,True,8013,07998fafc278185570b88692de15406cf8a9a8c198775702416b56250267a6de
data/output/appalti_it/raw/dpr_207_2010_art_040.html,Normattiva,dpr_207_2010,040,urn:nir:stato:decreto.del.presidente.della.repubblica:2010-10-05;207,,2010-12-10,010G0226,2,2026-04,True,7051,921f7f2b3c58d5002e736e248cc521dbdfda07f71a261a5c102097c6897f3586
data/output/appalti_it/raw/dpr_207_2010_art_041.html,Normattiva,dpr_207_2010,041,urn:nir:stato:decreto.del.presidente.della.repubblica:2010-10-05;207,,2010-12-10,010G0226,2,2026-04,True,5993,6434c848629b4c3c407dea1951d835916bb897bc4b6864067cb155e6a747af4d
data/output/appalti_it/raw/dpr_207_2010_art_042.html,Normattiva,dpr_207_2010,042,urn:nir:stato:decreto.del.presidente.della.repubblica:2010-10-05;207,,2010-12-10,010G0226,2,2026-04,True,7852,73a49edc16542c694f5c9e8f64919846d556d5da2c512af922bed795b2ac40a0
data/output/appalti_it/raw/dpr_207_2010_art_043.html,Normattiva,dpr_207_2010,043,urn:nir:stato:decreto.del.presidente.della.repubblica:2010-10-05;207,,2010-12-10,010G0226,2,2026-04,True,13682,86c066ac5a9b67edb5e03eaa2ad6050e3de1eaf6014b0825b07bf8c53e6d2737
data/output/appalti_it/raw/dpr_207_2010_art_044.html,Normattiva,dpr_207_2010,044,urn:nir:stato:decreto.del.presidente.della.repubblica:2010-10-05;207,,2010-12-10,010G0226,2,2026-04,True,4756,13d7945016207dcddfd14ca466a316a0b5ab37002a2586b1af77fb5cc5ba2be5
data/output/appalti_it/raw/dpr_207_2010_art_045.html,Normattiva,dpr_207_2010,045,urn:nir:stato:decreto.del.presidente.della.repubblica:2010-10-05;207,,2010-12-10,010G0226,2,2026-04,True,4758,138bd7758a5669c203feed10e377be28d46f4579875acdf2f392d12bd3c0a571
data/output/appalti_it/raw/dpr_207_2010_art_046.html,Normattiva,dpr_207_2010,046,urn:nir:stato:decreto.del.presidente.della.repubblica:2010-10-05;207,,2010-12-10,010G0226,2,2026-04,True,4758,fcccd3daa1f690df51956fffeda8c60296d11b4017d26bfa0f3db1f95adc8398
data/output/appalti_it/raw/dpr_207_2010_art_047.html,Normattiva,dpr_207_2010,047,urn:nir:stato:decreto.del.presidente.della.repubblica:2010-10-05;207,,2010-12-10,010G0226,2,2026-04,True,4758,f89eb2ee95a7612272b99a7bffcf245389667166814661f5706eaf9bc5645284
data/output/appalti_it/raw/dpr_207_2010_art_048.html,Normattiva,dpr_207_2010,048,urn:nir:stato:decreto.del.presidente.della.repubblica:2010-10-05;207,,2010-12-10,010G0226,3,2026-04,True,4758,27f1bcea435b79e933c03413e91392c54eb8342c95fcaf06f4cff4b36b159444
data/output/appalti_it/raw/dpr_207_2010_art_049.html,Normattiva,dpr_207_2010,049,urn:nir:stato:decreto.del.presidente.della.repubblica:2010-10-05;207,,2010-12-10,010G0226,3,2026-04,True,4758,d08106f40f2859888c28ee78522896bf2781dca46e6dbb650ff9437db819c4f1
data/output/appalti_it/raw/dpr_207_2010_art_050.html,Normattiva,dpr_207_2010,050,urn:nir:stato:decreto.del.presidente.della.repubblica:2010-10-05;207,,2010-12-10,010G0226,2,2026-04,True,4758,2434e855d56daf1980180d4bc75687baafda26a338c457c7d3baa0ab5a9e876c
data/output/appalti_it/raw/dpr_207_2010_art_051.html,Normattiva,dpr_207_2010,051,urn:nir:stato:decreto.del.presidente.della.repubblica:2010-10-05;207,,2010-12-10,010G0226,2,2026-04,True,4758,02ffe35b1775a0c74c72c54960b5ebe1e457494c9b62dc7441186853d9f8d49c
data/output/appalti_it/raw/dpr_207_2010_art_052.html,Normattiva,dpr_207_2010,052,urn:nir:stato:decreto.del.presidente.della.repubblica:2010-10-05;207,,2010-12-10,010G0226,2,2026-04,True,4758,ec967fb4f13b4a30d7883251c47579e292086f8ae4922d1df1a4c165d9a2867d
data/output/appalti_it/raw/dpr_207_2010_art_053.html,Normattiva,dpr_207_2010,053,urn:nir:stato:decreto.del.presidente.della.repubblica:2010-10-05;207,,2010-12-10,010G0226,2,2026-04,True,4758,91cfbd294867ac0892718f5cc8c492e4b478a1d7b4533e318df0219f6509200c
data/output/appalti_it/raw/dpr_207_2010_art_054.html,Normattiva,dpr_207_2010,054,urn:nir:stato:decreto.del.presidente.della.repubblica:2010-10-05;207,,2010-12-10,010G0226,2,2026-04,True,4758,bdf4204bc9730fb8340a2d8158441e400faf0254712965cc8947bd4fc9b932b3
data/output/appalti_it/raw/dpr_207_2010_art_055.html,Normattiva,dpr_207_2010,055,urn:nir:stato:decreto.del.presidente.della.repubblica:2010-10-05;207,,2010-12-10,010G0226,2,2026-04,True,4758,08370defd198d1fdde127edb4d81162d3dccf4433a5e479ea458311321b62194
data/output/appalti_it/raw/dpr_207_2010_art_056.html,Normattiva,dpr_207_2010,056,urn:nir:stato:decreto.del.presidente.della.repubblica:2010-10-05;207,,2010-12-10,010G0226,2,2026-04,True,4758,957ed182cdf2c290fe0c0e4e185faa3c157448536be541b0fb4e93c29b08c644
data/output/appalti_it/raw/dpr_207_2010_art_057.html,Normattiva,dpr_207_2010,057,urn:nir:stato:decreto.del.presidente.della.repubblica:2010-10-05;207,,2010-12-10,010G0226,2,2026-04,True,4758,377563a669fe267ce3e5bf95d5cb7c409455cd88823905cbaebee3551e4b3956
data/output/appalti_it/raw/dpr_207_2010_art_058.html,Normattiva,dpr_207_2010,058,urn:nir:stato:decreto.del.presidente.della.repubblica:2010-10-05;207,,2010-12-10,010G0226,2,2026-04,True,4758,03123c36c22687c38fb5ce2a0fff56cfb51702cab8091ce4869b7265739c6f08
data/output/appalti_it/raw/dpr_207_2010_art_059.html,Normattiva,dpr_207_2010,059,urn:nir:stato:decreto.del.presidente.della.repubblica:2010-10-05;207,,2010-12-10,010G0226,2,2026-04,True,4758,35b669dfe2d3f282b299cf08f6f56618c907e2c67d8679d8af0cbc8b5ba85fb4
data/output/appalti_it/raw/dpr_207_2010_art_060.html,Normattiva,dpr_207_2010,060,urn:nir:stato:decreto.del.presidente.della.repubblica:2010-10-05;207,,2010-12-10,010G0226,2,2026-04,True,7018,fe0c6aeb252b6aa85c22d01c67fc5411a0434b0c0dabd67dbc68e703330d4405
data/output/appalti_it/raw/dpr_207_2010_art_061.html,Normattiva,dpr_207_2010,061,urn:nir:stato:decreto.del.presidente.della.repubblica:2010-10-05;207,,2010-12-10,010G0226,2,2026-04,True,8958,3b191e598dd7cba5cc25356b1ee147769cc16f823da447edd5f03ccdfeae9ff8
data/output/appalti_it/raw/dpr_207_2010_art_062.html,Normattiva,dpr_207_2010,062,urn:nir:stato:decreto.del.presidente.della.repubblica:2010-10-05;207,,2010-12-10,010G0226,2,2026-04,True,6073,6e598c3a2c1d2f8159000a90f1d186f734dee6d0a304341e653c2e87ea7ee754
data/output/appalti_it/raw/dpr_207_2010_art_063.html,Normattiva,dpr_207_2010,063,urn:nir:stato:decreto.del.presidente.della.repubblica:2010-10-05;207,,2010-12-10,010G0226,2,2026-04,True,7582,75ee4fa79dcb6ae596528c123fed909e3e3de859283ab23ca1241634cdb47bfb
data/output/appalti_it/raw/dpr_207_2010_art_064.html,Normattiva,dpr_207_2010,064,urn:nir:stato:decreto.del.presidente.della.repubblica:2010-10-05;207,,2010-12-10,010G0226,2,2026-04,True,12033,5fcfe2f7e3dcd00eced2d76c7c30467fca87d7850505c2083a0fad643ec3e682
data/output/appalti_it/raw/dpr_207_2010_art_065.html,Normattiva,dpr_207_2010,065,urn:nir:stato:decreto.del.presidente.della.repubblica:2010-10-05;207,,2010-12-10,010G0226,3,2026-04,True,6763,051c4a459ba82850a609f8bc9b163b3283fab957014ad0e0ea4cf618154428e6
data/output/appalti_it/raw/dpr_207_2010_art_066.html,Normattiva,dpr_207_2010,066,urn:nir:stato:decreto.del.presidente.della.repubblica:2010-10-05;207,,2010-12-10,010G0226,2,2026-04,True,9791,4f87e65dbf3ae393926e1098a1adff9a412d386a832664d145b792cccb50b670
data/output/appalti_it/raw/dpr_207_2010_art_067.html,Normattiva,dpr_207_2010,067,urn:nir:stato:decreto.del.presidente.della.repubblica:2010-10-05;207,,2010-12-10,010G0226,3,2026-04,True,8821,499a684869b328a76ad8e798902a33e90478a99f5639e14bbc346d6ef5586320
data/output/appalti_it/raw/dpr_207_2010_art_068.html,Normattiva,dpr_207_2010,068,urn:nir:stato:decreto.del.presidente.della.repubblica:2010-10-05;207,,2010-12-10,010G0226,2,2026-04,True,8365,f6cd8a55c95a722316ef75f0a691babce2fd62d2dc23051560455b958cafa8e7
data/output/appalti_it/raw/dpr_207_2010_art_069.html,Normattiva,dpr_207_2010,069,urn:nir:stato:decreto.del.presidente.della.repubblica:2010-10-05;207,,2010-12-10,010G0226,2,2026-04,True,6442,f1caab849e0e1821bf71afc77377a6272e20d62b11e5cca4cadafd9ff811a82c
data/output/appalti_it/raw/dpr_207_2010_art_070.html,Normattiva,dpr_207_2010,070,urn:nir:stato:decreto.del.presidente.della.repubblica:2010-10-05;207,,2010-12-10,010G0226,2,2026-04,True,10274,4ff09437823f8bc3834df394f50e13e867a773739c870cdb8d090b0f6359e783
data/output/appalti_it/raw/dpr_207_2010_art_071.html,Normattiva,dpr_207_2010,071,urn:nir:stato:decreto.del.presidente.della.repubblica:2010-10-05;207,,2010-12-10,010G0226,2,2026-04,True,9278,9509d8cc8063a40ee4f4662ed6826d902e1e323602da3ef09cf5e306292ae72a
data/output/appalti_it/raw/dpr_207_2010_art_072.html,Normattiva,dpr_207_2010,072,urn:nir:stato:decreto.del.presidente.della.repubblica:2010-10-05;207,,2010-12-10,010G0226,2,2026-04,True,5438,d25a8a9c1f9d69fd4aeceb3409586ef2a94d634ea0b565171f33925d767c5a76
data/output/appalti_it/raw/dpr_207_2010_art_073.html,Normattiva,dpr_207_2010,073,urn:nir:stato:decreto.del.presidente.della.repubblica:2010-10-05;207,,2010-12-10,010G0226,2,2026-04,True,14119,263769d31d44e2a14ec03b6ecc77c345865cf637eb2ec97d8fa384f0915129c9
data/output/appalti_it/raw/dpr_207_2010_art_074.html,Normattiva,dpr_207_2010,074,urn:nir:stato:decreto.del.presidente.della.repubblica:2010-10-05;207,,2010-12-10,010G0226,3,2026-04,True,8340,081d91ed58b57919ac601073eebbb0ee2fab08046027214012a7f743b3d617e7
data/output/appalti_it/raw/dpr_207_2010_art_075.html,Normattiva,dpr_207_2010,075,urn:nir:stato:decreto.del.presidente.della.repubblica:2010-10-05;207,,2010-12-10,010G0226,2,2026-04,True,7356,65c572a77bdc2a77733c423b788e15342c2b6f934f3627e92edf668d09afc227
data/output/appalti_it/raw/dpr_207_2010_art_076.html,Normattiva,dpr_207_2010,076,urn:nir:stato:decreto.del.presidente.della.repubblica:2010-10-05;207,,2010-12-10,010G0226,2,2026-04,True,11463,7b36f66e9755a9eebc433db78043ee3f67dd8ef22f3b4ae2ad23f5ffa6fced2f
data/output/appalti_it/raw/dpr_207_2010_art_077.html,Normattiva,dpr_207_2010,077,urn:nir:stato:decreto.del.presidente.della.repubblica:2010-10-05;207,,2010-12-10,010G0226,2,2026-04,True,9805,7b15671bdd1a6ab9632d09a9421a31c721c71fb9e0084891719c3b0e716994fe
data/output/appalti_it/raw/dpr_207_2010_art_078.html,Normattiva,dpr_207_2010,078,urn:nir:stato:decreto.del.presidente.della.repubblica:2010-10-05;207,,2010-12-10,010G0226,2,2026-04,True,8744,82f885703a5cae36bfddf7b342b4d58e756d38aaa62d25cd71fb470884ecb335
data/output/appalti_it/raw/dpr_207_2010_art_079.html,Normattiva,dpr_207_2010,079,urn:nir:stato:decreto.del.presidente.della.repubblica:2010-10-05;207,,2010-12-10,010G0226,2,2026-04,True,24449,184b0dd9eabb6ccd3747330c13c84cd40c9cf3882635489fb48bc48e3541dab3
data/output/appalti_it/raw/dpr_207_2010_art_080.html,Normattiva,dpr_207_2010,080,urn:nir:stato:decreto.del.presidente.della.repubblica:2010-10-05;207,,2010-12-10,010G0226,2,2026-04,True,9229,bf0487adcfe6b733fadd84c98534e01fb1b7b5d3d1769f766888ebcb4ce03fd5
data/output/appalti_it/raw/dpr_207_2010_art_081.html,Normattiva,dpr_207_2010,081,urn:nir:stato:decreto.del.presidente.della.repubblica:2010-10-05;207,,2010-12-10,010G0226,2,2026-04,True,5843,fecbbc044aa4da52f661f1a248f622796990ab58f90304a74bb64491e6f8ae2c
data/output/appalti_it/raw/dpr_207_2010_art_082.html,Normattiva,dpr_207_2010,082,urn:nir:stato:decreto.del.presidente.della.repubblica:2010-10-05;207,,2010-12-10,010G0226,2,2026-04,True,6701,bc71496a73c3b8d2593cbcfe4a6ae48eb3997ae8eeabb6f2ea692e43833bfd87
data/output/appalti_it/raw/dpr_207_2010_art_083.html,Normattiva,dpr_207_2010,083,urn:nir:stato:decreto.del.presidente.della.repubblica:2010-10-05;207,,2010-12-10,010G0226,2,2026-04,True,10027,d29f4d04ccda862307de4fdf4ca7a626142c1610a0e9c6bb1caa66be921e271e
data/output/appalti_it/raw/dpr_207_2010_art_084.html,Normattiva,dpr_207_2010,084,urn:nir:stato:decreto.del.presidente.della.repubblica:2010-10-05;207,,2010-12-10,010G0226,2,2026-04,True,8731,f4ad4c844bbc08b7981a4459e9dd8ebc391af8f3971e81adb00117fbee0576cc
data/output/appalti_it/raw/dpr_207_2010_art_085.html,Normattiva,dpr_207_2010,085,urn:nir:stato:decreto.del.presidente.della.repubblica:2010-10-05;207,,2010-12-10,010G0226,3,2026-04,True,10278,05d7ac3a38b358ab4f179b474209450237f9c07e320bd6fff45df7455732f260
data/output/appalti_it/raw/dpr_207_2010_art_086.html,Normattiva,dpr_207_2010,086,urn:nir:stato:decreto.del.presidente.della.repubblica:2010-10-05;207,,2010-12-10,010G0226,2,2026-04,True,10532,cb415af8f8d815d0edb2a42ecc55e1f0a4e3e38874aec52f3b2d76c2acd02af3
data/output/appalti_it/raw/dpr_207_2010_art_087.html,Normattiva,dpr_207_2010,087,urn:nir:stato:decreto.del.presidente.della.repubblica:2010-10-05;207,,2010-12-10,010G0226,2,2026-04,True,9153,ba22e199cb629a2b5d68768ed7276860e8f29c99710e67209207f03a58e0c3e7
data/output/appalti_it/raw/dpr_207_2010_art_088.html,Normattiva,dpr_207_2010,088,urn:nir:stato:decreto.del.presidente.della.repubblica:2010-10-05;207,,2010-12-10,010G0226,2,2026-04,True,8840,38030c88fede6c27b383d4d0e82ce6cac40a7f44cf828bb77f7d70da20d785ac
data/output/appalti_it/raw/dpr_207_2010_art_089.html,Normattiva,dpr_207_2010,089,urn:nir:stato:decreto.del.presidente.della.repubblica:2010-10-05;207,,2010-12-10,010G0226,2,2026-04,True,6128,ed3cb8d650f3e72a96d8879bf4c6496055a9e4a3ae301922485612c44b92318b
data/output/appalti_it/raw/dpr_207_2010_art_090.html,Normattiva,dpr_207_2010,090,urn:nir:stato:decreto.del.presidente.della.repubblica:2010-10-05;207,,2010-12-10,010G0226,2,2026-04,True,8511,d1a2845eb81e1d6edb8d17637aa2963907bbeb3967dc7bb880a438269581bc31
data/output/appalti_it/raw/dpr_207_2010_art_091.html,Normattiva,dpr_207_2010,091,urn:nir:stato:decreto.del.presidente.della.repubblica:2010-10-05;207,,2010-12-10,010G0226,2,2026-04,True,6805,9c31e12555139e26fc5106a68b832b4878cea0f433c78506412882c3eeee44bc
data/output/appalti_it/raw/dpr_207_2010_art_092.html,Normattiva,dpr_207_2010,092,urn:nir:stato:decreto.del.presidente.della.repubblica:2010-10-05;207,,2010-12-10,010G0226,2,2026-04,True,13719,56a0129599587c791ed5a56149e96419134e2ab22bfdcb7ab98411a2cf3e31e1
data/output/appalti_it/raw/dpr_207_2010_art_093.html,Normattiva,dpr_207_2010,093,urn:nir:stato:decreto.del.presidente.della.repubblica:2010-10-05;207,,2010-12-10,010G0226,4,2026-04,True,7833,5cc84163771ab20a0154769742bb808253a40e6986312330e1c127b381165b9c
data/output/appalti_it/raw/dpr_207_2010_art_094.html,Normattiva,dpr_207_2010,094,urn:nir:stato:decreto.del.presidente.della.repubblica:2010-10-05;207,,2010-12-10,010G0226,2,2026-04,True,7192,aba4da682c38c94985214834602ae34181e1fc336b781b00aea6ca37b2335b2c
data/output/appalti_it/raw/dpr_207_2010_art_095.html,Normattiva,dpr_207_2010,095,urn:nir:stato:decreto.del.presidente.della.repubblica:2010-10-05;207,,2010-12-10,010G0226,2,2026-04,True,8935,29d1386943de68658454763855a39db5b3605148e68ff2d95a3298971cd255e8
data/output/appalti_it/raw/dpr_207_2010_art_096.html,Normattiva,dpr_207_2010,096,urn:nir:stato:decreto.del.presidente.della.repubblica:2010-10-05;207,,2010-12-10,010G0226,2,2026-04,True,8947,7deb3c6ae32781d069b6c1160a0dc0572f3eb8f932366529b5091f5039637db8
data/output/appalti_it/raw/dpr_207_2010_art_097.html,Normattiva,dpr_207_2010,097,urn:nir:stato:decreto.del.presidente.della.repubblica:2010-10-05;207,,2010-12-10,010G0226,2,2026-04,True,4758,6e23d92902868f2c7d9313a1c6592c2e751c71933b71b5d4957c82b9b0c071a5
data/output/appalti_it/raw/dpr_207_2010_art_098.html,Normattiva,dpr_207_2010,098,urn:nir:stato:decreto.del.presidente.della.repubblica:2010-10-05;207,,2010-12-10,010G0226,2,2026-04,True,4758,57c8afd8c516c4173c9ec5319656a8444c65ee8cc4e8d24510923779869afdb3
data/output/appalti_it/raw/dpr_207_2010_art_099.html,Normattiva,dpr_207_2010,099,urn:nir:stato:decreto.del.presidente.della.repubblica:2010-10-05;207,,2010-12-10,010G0226,2,2026-04,True,4760,57e80799e45a4576655a3b7e21aec8ad1d78ea84d3bb0eb03593de2b5593f099
data/output/appalti_it/raw/dpr_207_2010_art_100.html,Normattiva,dpr_207_2010,100,urn:nir:stato:decreto.del.presidente.della.repubblica:2010-10-05;207,,2010-12-10,010G0226,2,2026-04,True,4764,2ea6e16a03b7c52045eebf5a2cb64bbfb1c2ca687207ee86b08ab7b887050a14
data/output/appalti_it/raw/dpr_207_2010_art_101.html,Normattiva,dpr_207_2010,101,urn:nir:stato:decreto.del.presidente.della.repubblica:2010-10-05;207,,2010-12-10,010G0226,2,2026-04,True,4766,fe63a7ebd220e659b90a0d45f52f866ff6f9043be54208b9f46251163631f1d2
data/output/appalti_it/raw/dpr_207_2010_art_102.html,Normattiva,dpr_207_2010,102,urn:nir:stato:decreto.del.presidente.della.repubblica:2010-10-05;207,,2010-12-10,010G0226,2,2026-04,True,4766,901a2b59d52328b0e95467ba66614e8a85b0dcbcafb313da517167c3d3422d49
data/output/appalti_it/raw/dpr_207_2010_art_103.html,Normattiva,dpr_207_2010,103,urn:nir:stato:decreto.del.presidente.della.repubblica:2010-10-05;207,,2010-12-10,010G0226,2,2026-04,True,4766,505eab0ab1e9a4c9e50a746213f9f15e31e3d7f90058bee7b0723677f6d614e2
data/output/appalti_it/raw/dpr_207_2010_art_104.html,Normattiva,dpr_207_2010,104,urn:nir:stato:decreto.del.presidente.della.repubblica:2010-10-05;207,,2010-12-10,010G0226,2,2026-04,True,4766,8c56f4373d2951618540203e97742690fdf2052c421d8b115bbfa4b7b864d407
data/output/appalti_it/raw/dpr_207_2010_art_105.html,Normattiva,dpr_207_2010,105,urn:nir:stato:decreto.del.presidente.della.repubblica:2010-10-05;207,,2010-12-10,010G0226,2,2026-04,True,4766,3d1a96b23decc5665f72fa865b2c5bad25facf031f79213db318d91204754273
data/output/appalti_it/raw/dpr_207_2010_art_106.html,Normattiva,dpr_207_2010,106,urn:nir:stato:decreto.del.presidente.della.repubblica:2010-10-05;207,,2010-12-10,010G0226,2,2026-04,True,4766,ee6ec4059cae174cbbe0a149c0da20ed35433f71c924ebf5f4907176cb5c44d0
data/output/appalti_it/raw/dpr_207_2010_art_107.html,Normattiva,dpr_207_2010,107,urn:nir:stato:decreto.del.presidente.della.repubblica:2010-10-05;207,,2010-12-10,010G0226,2,2026-04,True,4766,8bb0b2d73103339b1faac3c3f7e046869219fa45739bd819586254245d307ed9
data/output/appalti_it/raw/dpr_207_2010_art_108.html,Normattiva,dpr_207_2010,108,urn:nir:stato:decreto.del.presidente.della.repubblica:2010-10-05;207,,2010-12-10,010G0226,3,2026-04,True,4766,947722bb52e2999c191d526e30a19b2420760de99e299e4fe26af03580b5f075
data/output/appalti_it/raw/dpr_207_2010_art_109.html,Normattiva,dpr_207_2010,109,urn:nir:stato:decreto.del.presidente.della.repubblica:2010-10-05;207,,2010-12-10,010G0226,3,2026-04,True,4766,33c528b27224a1651537c1a69b16a548a366bf67119683242a8a0ade198e1684
data/output/appalti_it/raw/dpr_207_2010_art_110.html,Normattiva,dpr_207_2010,110,urn:nir:stato:decreto.del.presidente.della.repubblica:2010-10-05;207,,2010-12-10,010G0226,3,2026-04,True,4766,3ba7d1f5fbabfd1df6d83a61a5e9bca4ee3608774a56b04d152fc83df7183be2
data/output/appalti_it/raw/dpr_207_2010_art_111.html,Normattiva,dpr_207_2010,111,urn:nir:stato:decreto.del.presidente.della.repubblica:2010-10-05;207,,2010-12-10,010G0226,2,2026-04,True,4766,6d5e05f635186b24a4df954255728ac746421e618586d15774bd943d23a6bb7a
data/output/appalti_it/raw/dpr_207_2010_art_112.html,Normattiva,dpr_207_2010,112,urn:nir:stato:decreto.del.presidente.della.repubblica:2010-10-05;207,,2010-12-10,010G0226,2,2026-04,True,4766,15a3d62940fd20d92533b6bd49f0df9466ab4a33b9d747a54a27af86232ed844
data/output/appalti_it/raw/dpr_207_2010_art_113.html,Normattiva,dpr_207_2010,113,urn:nir:stato:decreto.del.presidente.della.repubblica:2010-10-05;207,,2010-12-10,010G0226,2,2026-04,True,4766,ae467e4555fdd9d6be612322d6578fd8a23dbd0b18b081a7cc1d2e7cc70e0b7d
data/output/appalti_it/raw/dpr_207_2010_art_114.html,Normattiva,dpr_207_2010,114,urn:nir:stato:decreto.del.presidente.della.repubblica:2010-10-05;207,,2010-12-10,010G0226,2,2026-04,True,4766,c0e451515ebc056ea8eca10be992120d6bb341f8847805c4264902af7f8766ad
data/output/appalti_it/raw/dpr_207_2010_art_115.html,Normattiva,dpr_207_2010,115,urn:nir:stato:decreto.del.presidente.della.repubblica:2010-10-05;207,,2010-12-10,010G0226,2,2026-04,True,4766,1a93b33a4be2439cb1ffcc09b8772a5c16879a6e7bb9e16364d9a1a7a446a07b
data/output/appalti_it/raw/dpr_207_2010_art_116.html,Normattiva,dpr_207_2010,116,urn:nir:stato:decreto.del.presidente.della.repubblica:2010-10-05;207,,2010-12-10,010G0226,2,2026-04,True,4766,7c0d422f7290b48bfcf7c875fba24c143493fb6ea39da5cb2d9641dd0c7325bf
data/output/appalti_it/raw/dpr_207_2010_art_117.html,Normattiva,dpr_207_2010,117,urn:nir:stato:decreto.del.presidente.della.repubblica:2010-10-05;207,,2010-12-10,010G0226,2,2026-04,True,4766,b4e1684daf179db85fec40a89b2d610ae4029496ae22be1f7c02b3781e6e0cb8
data/output/appalti_it/raw/dpr_207_2010_art_118.html,Normattiva,dpr_207_2010,118,urn:nir:stato:decreto.del.presidente.della.repubblica:2010-10-05;207,,2010-12-10,010G0226,2,2026-04,True,4766,5b18e22f98a470d65bf9a4c004c76a742b13327bed909480056d6508f84f8d69
data/output/appalti_it/raw/dpr_207_2010_art_119.html,Normattiva,dpr_207_2010,119,urn:nir:stato:decreto.del.presidente.della.repubblica:2010-10-05;207,,2010-12-10,010G0226,2,2026-04,True,4766,bffbdfbd8a1dda06cdd651754cfc149c638cb4c83cbe850fe5cd33db6d03fb27
data/output/appalti_it/raw/dpr_207_2010_art_120.html,Normattiva,dpr_207_2010,120,urn:nir:stato:decreto.del.presidente.della.repubblica:2010-10-05;207,,2010-12-10,010G0226,2,2026-04,True,4766,37d929adaf7a0e715428f12675ca8d85dc2dd699ec0b8827bd4038a6ec22ac6d
data/output/appalti_it/raw/dpr_207_2010_art_121.html,Normattiva,dpr_207_2010,121,urn:nir:stato:decreto.del.presidente.della.repubblica:2010-10-05;207,,2010-12-10,010G0226,3,2026-04,True,4766,1cb4463ae91b18c5df74fc21194f700627228349f08a5bbe18759d1aff7f219a
data/output/appalti_it/raw/dpr_207_2010_art_122.html,Normattiva,dpr_207_2010,122,urn:nir:stato:decreto.del.presidente.della.repubblica:2010-10-05;207,,2010-12-10,010G0226,2,2026-04,True,4766,a58f65fc46f951cf21c96d916301506fecf2d4275e4700bf3eadc1f37596eac1
data/output/appalti_it/raw/dpr_207_2010_art_123.html,Normattiva,dpr_207_2010,123,urn:nir:stato:decreto.del.presidente.della.repubblica:2010-10-05;207,,2010-12-10,010G0226,2,2026-04,True,4766,3032068395c2334673c4304a020065c58954d3911f4aedaff3256105284566bd
data/output/appalti_it/raw/dpr_207_2010_art_124.html,Normattiva,dpr_207_2010,124,urn:nir:stato:decreto.del.presidente.della.repubblica:2010-10-05;207,,2010-12-10,010G0226,2,2026-04,True,4766,2bd85a225285741f7ac68a749a59fbb3594a520bd602b1ec8c64472a83ccec3e
data/output/appalti_it/raw/dpr_207_2010_art_125.html,Normattiva,dpr_207_2010,125,urn:nir:stato:decreto.del.presidente.della.repubblica:2010-10-05;207,,2010-12-10,010G0226,2,2026-04,True,4766,1c99ddfc1ef8cf4675fe315437ac53c89365880955d1451f74e0878c91392610
data/output/appalti_it/raw/dpr_207_2010_art_126.html,Normattiva,dpr_207_2010,126,urn:nir:stato:decreto.del.presidente.della.repubblica:2010-10-05;207,,2010-12-10,010G0226,2,2026-04,True,4766,71131ab12e9402910c651b02140bb7206f9ed86d009cd0f657d2cb1c1c7fff26
data/output/appalti_it/raw/dpr_207_2010_art_127.html,Normattiva,dpr_207_2010,127,urn:nir:stato:decreto.del.presidente.della.repubblica:2010-10-05;207,,2010-12-10,010G0226,2,2026-04,True,4766,119c76dce7e92679a9a53949a2c14abfb968941fac8776347b5b68842d623d8f
data/output/appalti_it/raw/dpr_207_2010_art_128.html,Normattiva,dpr_207_2010,128,urn:nir:stato:decreto.del.presidente.della.repubblica:2010-10-05;207,,2010-12-10,010G0226,2,2026-04,True,4766,1279fcdbb8fa29412a0a284bccaf7c3096a44279c2a67d954418301dbc8b7c6d
data/output/appalti_it/raw/dpr_207_2010_art_129.html,Normattiva,dpr_207_2010,129,urn:nir:stato:decreto.del.presidente.della.repubblica:2010-10-05;207,,2010-12-10,010G0226,2,2026-04,True,4766,682ca155ba5ff8cd741a55453863fb9cde0fe331d4e8cb821eb791ee7bfe4518
data/output/appalti_it/raw/dpr_207_2010_art_130.html,Normattiva,dpr_207_2010,130,urn:nir:stato:decreto.del.presidente.della.repubblica:2010-10-05;207,,2010-12-10,010G0226,2,2026-04,True,4766,843c9a59fa3c4ae378090f26f67b8e9911ffcfe743b82d74559408a293f3e1af
data/output/appalti_it/raw/dpr_207_2010_art_131.html,Normattiva,dpr_207_2010,131,urn:nir:stato:decreto.del.presidente.della.repubblica:2010-10-05;207,,2010-12-10,010G0226,2,2026-04,True,4766,48d77a0d1015e99698975bdc65a60ab8585b96f8ab8f9534134ed06c4154ff19
data/output/appalti_it/raw/dpr_207_2010_art_132.html,Normattiva,dpr_207_2010,132,urn:nir:stato:decreto.del.presidente.della.repubblica:2010-10-05;207,,2010-12-10,010G0226,2,2026-04,True,4766,1803f1f81cd425bb4dcd37e3cdb68e1d8222fad27bebf8da7bc03637064d26d3
data/output/appalti_it/raw/dpr_207_2010_art_133.html,Normattiva,dpr_207_2010,133,urn:nir:stato:decreto.del.presidente.della.repubblica:2010-10-05;207,,2010-12-10,010G0226,2,2026-04,True,4766,93e0054d4d2f2562683a0984a0b0a5c6802d3e17ab92ebe4ed2a52101baee0d5
data/output/appalti_it/raw/dpr_207_2010_art_134.html,Normattiva,dpr_207_2010,134,urn:nir:stato:decreto.del.presidente.della.repubblica:2010-10-05;207,,2010-12-10,010G0226,2,2026-04,True,4766,5085c5a551fbf343c1215af2e461c07df2955fb2ff2302e9d7694193254f7dee
data/output/appalti_it/raw/dpr_207_2010_art_135.html,Normattiva,dpr_207_2010,135,urn:nir:stato:decreto.del.presidente.della.repubblica:2010-10-05;207,,2010-12-10,010G0226,2,2026-04,True,4766,4373f116b41f0d954b53977e10940aefa91986704396fbc1f8c17ce80c94355f
data/output/appalti_it/raw/dpr_207_2010_art_136.html,Normattiva,dpr_207_2010,136,urn:nir:stato:decreto.del.presidente.della.repubblica:2010-10-05;207,,2010-12-10,010G0226,2,2026-04,True,4766,3be29db22886f042e20d7ca6239e2b5d1dae5491536ecdd0188bef0b00f44707
data/output/appalti_it/raw/dpr_207_2010_art_137.html,Normattiva,dpr_207_2010,137,urn:nir:stato:decreto.del.presidente.della.repubblica:2010-10-05;207,,2010-12-10,010G0226,2,2026-04,True,4766,6fd015d26cab0d0770d49eac35f11a3bdd4253dc0f11dfb5fa1af4dfd68131e9
data/output/appalti_it/raw/dpr_207_2010_art_138.html,Normattiva,dpr_207_2010,138,urn:nir:stato:decreto.del.presidente.della.repubblica:2010-10-05;207,,2010-12-10,010G0226,2,2026-04,True,4766,63ade12e3cabbf049b6230b3531f59bbfda80f614744a99bb0d66bd624ae3a9a
data/output/appalti_it/raw/dpr_207_2010_art_139.html,Normattiva,dpr_207_2010,139,urn:nir:stato:decreto.del.presidente.della.repubblica:2010-10-05;207,,2010-12-10,010G0226,2,2026-04,True,4766,1b3837ee8800d4bf8d45a159b0cc221e61e7950eea67649b14de3a478f0451be
data/output/appalti_it/raw/dpr_207_2010_art_140.html,Normattiva,dpr_207_2010,140,urn:nir:stato:decreto.del.presidente.della.repubblica:2010-10-05;207,,2010-12-10,010G0226,2,2026-04,True,4766,6c4f4f611f9fb034f59ff6095a306653c51395df831721352ffdc0cc84311c57
data/output/appalti_it/raw/dpr_207_2010_art_141.html,Normattiva,dpr_207_2010,141,urn:nir:stato:decreto.del.presidente.della.repubblica:2010-10-05;207,,2010-12-10,010G0226,2,2026-04,True,4766,876fad7f56eee5c00f792e4ef578c29f9a11be3f467579ee25beb896bbc60c5c
data/output/appalti_it/raw/dpr_207_2010_art_142.html,Normattiva,dpr_207_2010,142,urn:nir:stato:decreto.del.presidente.della.repubblica:2010-10-05;207,,2010-12-10,010G0226,2,2026-04,True,4766,4fc9aa760e7f09e798c2673fcd601c0f7040a8f594aa29d9108da68590e0143b
data/output/appalti_it/raw/dpr_207_2010_art_143.html,Normattiva,dpr_207_2010,143,urn:nir:stato:decreto.del.presidente.della.repubblica:2010-10-05;207,,2010-12-10,010G0226,2,2026-04,True,4766,ac2f51603bf9c5d400b90af3f1df28a51d8bc638c3dc7c3cda3ac3ab2fea1f70
data/output/appalti_it/raw/dpr_207_2010_art_144.html,Normattiva,dpr_207_2010,144,urn:nir:stato:decreto.del.presidente.della.repubblica:2010-10-05;207,,2010-12-10,010G0226,2,2026-04,True,4766,7c159df6c9b59a1b2a4f6d3a5586bd0b06ac172a71aca42fc3ed7cb2f4cffeb3
data/output/appalti_it/raw/dpr_207_2010_art_145.html,Normattiva,dpr_207_2010,145,urn:nir:stato:decreto.del.presidente.della.repubblica:2010-10-05;207,,2010-12-10,010G0226,2,2026-04,True,4766,6208c865f6d7ae119ff35dcef851c2fdc790eb272c232e8945c2354f1ad26e4d
data/output/appalti_it/raw/dpr_207_2010_art_146.html,Normattiva,dpr_207_2010,146,urn:nir:stato:decreto.del.presidente.della.repubblica:2010-10-05;207,,2010-12-10,010G0226,2,2026-04,True,4766,73ce46e8550734cd42b2e6685bbe32ae585b2f5d9e23034f71b7d6a755af9118
data/output/appalti_it/raw/dpr_207_2010_art_147.html,Normattiva,dpr_207_2010,147,urn:nir:stato:decreto.del.presidente.della.repubblica:2010-10-05;207,,2010-12-10,010G0226,2,2026-04,True,4766,d5e65f46645c971f6ca29b5609e659d404b314737f43f9b3ffc06e4d6d5b984d
data/output/appalti_it/raw/dpr_207_2010_art_148.html,Normattiva,dpr_207_2010,148,urn:nir:stato:decreto.del.presidente.della.repubblica:2010-10-05;207,,2010-12-10,010G0226,2,2026-04,True,4766,aa64e32adeb5a5faf8bd5f065831e71becbb6276fc8c63fb9e6cc7ea603f6910
data/output/appalti_it/raw/dpr_207_2010_art_149.html,Normattiva,dpr_207_2010,149,urn:nir:stato:decreto.del.presidente.della.repubblica:2010-10-05;207,,2010-12-10,010G0226,2,2026-04,True,4766,e345699f567905be27f7c4f1b40a0da242eb815bd813f513b48656a659c9b909
data/output/appalti_it/raw/dpr_207_2010_art_150.html,Normattiva,dpr_207_2010,150,urn:nir:stato:decreto.del.presidente.della.repubblica:2010-10-05;207,,2010-12-10,010G0226,2,2026-04,True,4766,2d55f601b162bfa33d83c09cb21c092241f558231273b063c13589c6256c73b8
data/output/appalti_it/raw/dpr_207_2010_art_151.html,Normattiva,dpr_207_2010,151,urn:nir:stato:decreto.del.presidente.della.repubblica:2010-10-05;207,,2010-12-10,010G0226,2,2026-04,True,4766,d6f8f210d22ac70fc911e3cb44c532d12b4d67ffe9ff1fe18a3392456dcd26db
data/output/appalti_it/raw/dpr_207_2010_art_152.html,Normattiva,dpr_207_2010,152,urn:nir:stato:decreto.del.presidente.della.repubblica:2010-10-05;207,,2010-12-10,010G0226,2,2026-04,True,4766,b678b046b0f42f0bec01211cf04b2ba26f2424d42f3f3b391cc1b2a5a5374245
data/output/appalti_it/raw/dpr_207_2010_art_153.html,Normattiva,dpr_207_2010,153,urn:nir:stato:decreto.del.presidente.della.repubblica:2010-10-05;207,,2010-12-10,010G0226,2,2026-04,True,4766,59ebd929256a9f9569098a99311d05aa851171b50e5ec96e740a44fc644fc1ee
data/output/appalti_it/raw/dpr_207_2010_art_154.html,Normattiva,dpr_207_2010,154,urn:nir:stato:decreto.del.presidente.della.repubblica:2010-10-05;207,,2010-12-10,010G0226,2,2026-04,True,4766,595a17941495608c20f83d4af4ff9e4d595c3916daa6a876f88b2be3c620d438
data/output/appalti_it/raw/dpr_207_2010_art_155.html,Normattiva,dpr_207_2010,155,urn:nir:stato:decreto.del.presidente.della.repubblica:2010-10-05;207,,2010-12-10,010G0226,2,2026-04,True,4766,2707510427c359698f4e4071315aa0128c897d83c39e56aa1cdd74ff04ca6047
data/output/appalti_it/raw/dpr_207_2010_art_156.html,Normattiva,dpr_207_2010,156,urn:nir:stato:decreto.del.presidente.della.repubblica:2010-10-05;207,,2010-12-10,010G0226,2,2026-04,True,4766,9416cf5ca997d0d609658809dd830ecc45ec2a4468f7ce9aaea8c0635e8eb4ff
data/output/appalti_it/raw/dpr_207_2010_art_157.html,Normattiva,dpr_207_2010,157,urn:nir:stato:decreto.del.presidente.della.repubblica:2010-10-05;207,,2010-12-10,010G0226,2,2026-04,True,4766,96e62fd81f6309f810aa2776d53b039072dabe79bda5848330f39f189b4c3ebe
data/output/appalti_it/raw/dpr_207_2010_art_158.html,Normattiva,dpr_207_2010,158,urn:nir:stato:decreto.del.presidente.della.repubblica:2010-10-05;207,,2010-12-10,010G0226,2,2026-04,True,4766,42542c86812a838ee53027ce84fdc1db584e3aa732439113d874f1773159558b
data/output/appalti_it/raw/dpr_207_2010_art_159.html,Normattiva,dpr_207_2010,159,urn:nir:stato:decreto.del.presidente.della.repubblica:2010-10-05;207,,2010-12-10,010G0226,3,2026-04,True,4766,bb71b46084e39d2523d3eb63d2db2341c5e08fc14b006a81fcb90a419d959c5c
data/output/appalti_it/raw/dpr_207_2010_art_160.html,Normattiva,dpr_207_2010,160,urn:nir:stato:decreto.del.presidente.della.repubblica:2010-10-05;207,,2010-12-10,010G0226,3,2026-04,True,4766,3512048baea18a16daeb4ad40865435159ee5e2e6b067ef5b6e99056d74a78d1
data/output/appalti_it/raw/dpr_207_2010_art_161.html,Normattiva,dpr_207_2010,161,urn:nir:stato:decreto.del.presidente.della.repubblica:2010-10-05;207,,2010-12-10,010G0226,2,2026-04,True,4766,b157d6af326531f308ddbef1af2fcb23b7b952a5f1bb3c0d0f5f7b5bec5addb0
data/output/appalti_it/raw/dpr_207_2010_art_162.html,Normattiva,dpr_207_2010,162,urn:nir:stato:decreto.del.presidente.della.repubblica:2010-10-05;207,,2010-12-10,010G0226,2,2026-04,True,4766,819d0206b4098c85f3d37b5ae0e0faaa4bd4f06ab82e330a69bb76857ef5d68a
data/output/appalti_it/raw/dpr_207_2010_art_163.html,Normattiva,dpr_207_2010,163,urn:nir:stato:decreto.del.presidente.della.repubblica:2010-10-05;207,,2010-12-10,010G0226,2,2026-04,True,4766,d437178e94e88c39ddb2719138a184cafdbe7274df328844832cea664500e453
data/output/appalti_it/raw/dpr_207_2010_art_164.html,Normattiva,dpr_207_2010,164,urn:nir:stato:decreto.del.presidente.della.repubblica:2010-10-05;207,,2010-12-10,010G0226,2,2026-04,True,4766,cc94c21f2589e640411905698117e7ba7332fe37a5e3c186d3680c70d69fc657
data/output/appalti_it/raw/dpr_207_2010_art_165.html,Normattiva,dpr_207_2010,165,urn:nir:stato:decreto.del.presidente.della.repubblica:2010-10-05;207,,2010-12-10,010G0226,2,2026-04,True,4766,584f6de4af5ee0d80dfb01aa80009d437bcf10cf4bce75dc558593e3796f8f13
data/output/appalti_it/raw/dpr_207_2010_art_166.html,Normattiva,dpr_207_2010,166,urn:nir:stato:decreto.del.presidente.della.repubblica:2010-10-05;207,,2010-12-10,010G0226,2,2026-04,True,4766,27805d73abc620446f81056be59209e3ff56dc9cd6edd2a2f398afaa9953455e
data/output/appalti_it/raw/dpr_207_2010_art_167.html,Normattiva,dpr_207_2010,167,urn:nir:stato:decreto.del.presidente.della.repubblica:2010-10-05;207,,2010-12-10,010G0226,2,2026-04,True,4766,f713016bcc2806f912d2ee39f21bbaf6bf0cbc4cddd0e7617ecd2c45708512e9
data/output/appalti_it/raw/dpr_207_2010_art_168.html,Normattiva,dpr_207_2010,168,urn:nir:stato:decreto.del.presidente.della.repubblica:2010-10-05;207,,2010-12-10,010G0226,2,2026-04,True,4766,f021cc6afcd1d067ef08ef1d2afff70e9d8b757d960f84164076c93b305f71aa
data/output/appalti_it/raw/dpr_207_2010_art_169.html,Normattiva,dpr_207_2010,169,urn:nir:stato:decreto.del.presidente.della.repubblica:2010-10-05;207,,2010-12-10,010G0226,2,2026-04,True,4766,99b0054d02f2541a30986fe194a19e1e114b2cf5a6878e2d1a5d778beddc8b26
data/output/appalti_it/raw/dpr_207_2010_art_170.html,Normattiva,dpr_207_2010,170,urn:nir:stato:decreto.del.presidente.della.repubblica:2010-10-05;207,,2010-12-10,010G0226,2,2026-04,True,4766,e09b70e1a66062f8dd5e1bb21f98428b41b54b5ff12edefc227bfc4fc2f5879d
data/output/appalti_it/raw/dpr_207_2010_art_171.html,Normattiva,dpr_207_2010,171,urn:nir:stato:decreto.del.presidente.della.repubblica:2010-10-05;207,,2010-12-10,010G0226,2,2026-04,True,4766,26064aeef3454f9bc0f8b1b64ab53ead5033b11795004ec8925901c5277fa755
data/output/appalti_it/raw/dpr_207_2010_art_172.html,Normattiva,dpr_207_2010,172,urn:nir:stato:decreto.del.presidente.della.repubblica:2010-10-05;207,,2010-12-10,010G0226,2,2026-04,True,4766,ce0fe6c03b2c17c87a007524e39a688faa2ff0cdac21c2937d5f50512bbbd963
data/output/appalti_it/raw/dpr_207_2010_art_173.html,Normattiva,dpr_207_2010,173,urn:nir:stato:decreto.del.presidente.della.repubblica:2010-10-05;207,,2010-12-10,010G0226,2,2026-04,True,4766,6fdf235b12ede20752fe141cb1c8afdd61de535fb72956214fc1865587344209
data/output/appalti_it/raw/dpr_207_2010_art_174.html,Normattiva,dpr_207_2010,174,urn:nir:stato:decreto.del.presidente.della.repubblica:2010-10-05;207,,2010-12-10,010G0226,2,2026-04,True,4766,e3871e1e0da4f3d35595de9ed024d96ba65137b4e7da292dc17f96b954905e4f
data/output/appalti_it/raw/dpr_207_2010_art_175.html,Normattiva,dpr_207_2010,175,urn:nir:stato:decreto.del.presidente.della.repubblica:2010-10-05;207,,2010-12-10,010G0226,2,2026-04,True,4766,c9806d8fd32f04a8e2303a59a20417cc7661f41d349feec122a89aeddcbea678
data/output/appalti_it/raw/dpr_207_2010_art_176.html,Normattiva,dpr_207_2010,176,urn:nir:stato:decreto.del.presidente.della.repubblica:2010-10-05;207,,2010-12-10,010G0226,2,2026-04,True,4766,f7ac6f16c45e83ecd7c7bb00ccb63eac27c99e5ea7c2c84d8ff9ba6daffff43b
data/output/appalti_it/raw/dpr_207_2010_art_177.html,Normattiva,dpr_207_2010,177,urn:nir:stato:decreto.del.presidente.della.repubblica:2010-10-05;207,,2010-12-10,010G0226,2,2026-04,True,4766,be72472f6d97c67361df79ce0486b44c5ae15ad3d2e1f509e2aaa817bb5d4b74
data/output/appalti_it/raw/dpr_207_2010_art_178.html,Normattiva,dpr_207_2010,178,urn:nir:stato:decreto.del.presidente.della.repubblica:2010-10-05;207,,2010-12-10,010G0226,2,2026-04,True,4673,a1ca9f5c9a147d8f1e88b9f1e8dbc5e2e6b588f935a4a97075de1055057fb498
data/output/appalti_it/raw/dpr_207_2010_art_179.html,Normattiva,dpr_207_2010,179,urn:nir:stato:decreto.del.presidente.della.repubblica:2010-10-05;207,,2010-12-10,010G0226,3,2026-04,True,4673,3a38350fc33afad01723aa0914d35817b607dc8e6a2c98201e2ad081118152b3
data/output/appalti_it/raw/dpr_207_2010_art_180.html,Normattiva,dpr_207_2010,180,urn:nir:stato:decreto.del.presidente.della.repubblica:2010-10-05;207,,2010-12-10,010G0226,3,2026-04,True,4673,5ac345e34d37d10e5e07fcd056c1613a16658fe19eb87b21e76d6973dd88cef6
data/output/appalti_it/raw/dpr_207_2010_art_181.html,Normattiva,dpr_207_2010,181,urn:nir:stato:decreto.del.presidente.della.repubblica:2010-10-05;207,,2010-12-10,010G0226,3,2026-04,True,4673,59be3d8da8fab65e43fb710a77156f5f7e4eed9cc7b1b6e61ef5a487019f4d44
data/output/appalti_it/raw/dpr_207_2010_art_182.html,Normattiva,dpr_207_2010,182,urn:nir:stato:decreto.del.presidente.della.repubblica:2010-10-05;207,,2010-12-10,010G0226,3,2026-04,True,4673,87f152dd797330833a0eb74860e2a74f52cd3262f97d50378d59b4c5c07e6e11
data/output/appalti_it/raw/dpr_207_2010_art_183.html,Normattiva,dpr_207_2010,183,urn:nir:stato:decreto.del.presidente.della.repubblica:2010-10-05;207,,2010-12-10,010G0226,3,2026-04,True,4673,d8e5541efc81d0bf791f67c15b1ef55338f7e89bea6eac476dc0324e4c999821
data/output/appalti_it/raw/dpr_207_2010_art_184.html,Normattiva,dpr_207_2010,184,urn:nir:stato:decreto.del.presidente.della.repubblica:2010-10-05;207,,2010-12-10,010G0226,3,2026-04,True,4673,c12a79d5a7e1ebeb6c6f772482c05313ea716cd5f060df9bf73a3bb0a89cf18f
data/output/appalti_it/raw/dpr_207_2010_art_185.html,Normattiva,dpr_207_2010,185,urn:nir:stato:decreto.del.presidente.della.repubblica:2010-10-05;207,,2010-12-10,010G0226,3,2026-04,True,4673,9f955a78e0bff725fcb53df147c370d4da31eb4b9975b1c48abb9a52ef975787
data/output/appalti_it/raw/dpr_207_2010_art_186.html,Normattiva,dpr_207_2010,186,urn:nir:stato:decreto.del.presidente.della.repubblica:2010-10-05;207,,2010-12-10,010G0226,3,2026-04,True,4673,fac3276bd0f13a84f2c553aa0822cca9492ca4238eac64d47d7a99d0df39eafb
data/output/appalti_it/raw/dpr_207_2010_art_187.html,Normattiva,dpr_207_2010,187,urn:nir:stato:decreto.del.presidente.della.repubblica:2010-10-05;207,,2010-12-10,010G0226,3,2026-04,True,4673,e5e85bfb801f08914d764fdb05efa2ae32f3ce0344bb214c841d51ab5898be8b
data/output/appalti_it/raw/dpr_207_2010_art_188.html,Normattiva,dpr_207_2010,188,urn:nir:stato:decreto.del.presidente.della.repubblica:2010-10-05;207,,2010-12-10,010G0226,3,2026-04,True,4673,6b0e13e81f239ea4e953d8290b5cd21a79bb18405040d9a44e0c52d66fb86f15
data/output/appalti_it/raw/dpr_207_2010_art_189.html,Normattiva,dpr_207_2010,189,urn:nir:stato:decreto.del.presidente.della.repubblica:2010-10-05;207,,2010-12-10,010G0226,3,2026-04,True,4673,4d852f7959cc75ebc9c89211e581d6ecea15b16f246e7f35b2c7757d82fa55df
data/output/appalti_it/raw/dpr_207_2010_art_190.html,Normattiva,dpr_207_2010,190,urn:nir:stato:decreto.del.presidente.della.repubblica:2010-10-05;207,,2010-12-10,010G0226,3,2026-04,True,4673,63b54755fa3be0df32b048e88d26517b33b80e4355e5475a51e2c9560edfb370
data/output/appalti_it/raw/dpr_207_2010_art_191.html,Normattiva,dpr_207_2010,191,urn:nir:stato:decreto.del.presidente.della.repubblica:2010-10-05;207,,2010-12-10,010G0226,3,2026-04,True,4673,c4f8dcb152ad3c1cac74e90dd6c8d2834257100c79fc805c4375754e4791f0ca
data/output/appalti_it/raw/dpr_207_2010_art_192.html,Normattiva,dpr_207_2010,192,urn:nir:stato:decreto.del.presidente.della.repubblica:2010-10-05;207,,2010-12-10,010G0226,3,2026-04,True,4673,7c7c40cf1a88c1aaeb211791104bb47981ff14d27a6a5493ac6514fb6b774ff8
data/output/appalti_it/raw/dpr_207_2010_art_193.html,Normattiva,dpr_207_2010,193,urn:nir:stato:decreto.del.presidente.della.repubblica:2010-10-05;207,,2010-12-10,010G0226,3,2026-04,True,4673,bb09adebb5fcfd8fe7d5aa81c8db062a40fa4551d311750d811b36e119930c04
data/output/appalti_it/raw/dpr_207_2010_art_194.html,Normattiva,dpr_207_2010,194,urn:nir:stato:decreto.del.presidente.della.repubblica:2010-10-05;207,,2010-12-10,010G0226,3,2026-04,True,4673,ad8c1bcaf821953defa36bfa5e59901b8d278feecbc8b4ea08d73f76b0e15e2e
data/output/appalti_it/raw/dpr_207_2010_art_195.html,Normattiva,dpr_207_2010,195,urn:nir:stato:decreto.del.presidente.della.repubblica:2010-10-05;207,,2010-12-10,010G0226,3,2026-04,True,4673,651e978948e1e4c18972e4f9c29ac71de8dda91d5fb302a178fe65f4e4d788e0
data/output/appalti_it/raw/dpr_207_2010_art_196.html,Normattiva,dpr_207_2010,196,urn:nir:stato:decreto.del.presidente.della.repubblica:2010-10-05;207,,2010-12-10,010G0226,3,2026-04,True,4673,e39c9ce37b7f9133f7e85c83d69f3ac79124f31c98c6d4315492b0de21195ef0
data/output/appalti_it/raw/dpr_207_2010_art_197.html,Normattiva,dpr_207_2010,197,urn:nir:stato:decreto.del.presidente.della.repubblica:2010-10-05;207,,2010-12-10,010G0226,3,2026-04,True,4673,d346b0363704aa45c15227bd4916efd29682063965b8fe4ba3580200abc1bac5
data/output/appalti_it/raw/dpr_207_2010_art_198.html,Normattiva,dpr_207_2010,198,urn:nir:stato:decreto.del.presidente.della.repubblica:2010-10-05;207,,2010-12-10,010G0226,3,2026-04,True,4673,2edd1aac87366f7b3f42a0d0add94a063bbc98d30d74b5d7efa33c36e129c5ba
data/output/appalti_it/raw/dpr_207_2010_art_199.html,Normattiva,dpr_207_2010,199,urn:nir:stato:decreto.del.presidente.della.repubblica:2010-10-05;207,,2010-12-10,010G0226,3,2026-04,True,4673,1780db28dce3ee2f67bf0e4457cdfd079735e3bce346d8c043e2f4eb80632ea0
data/output/appalti_it/raw/dpr_207_2010_art_200.html,Normattiva,dpr_207_2010,200,urn:nir:stato:decreto.del.presidente.della.repubblica:2010-10-05;207,,2010-12-10,010G0226,3,2026-04,True,4673,e046984b56b789d86c200a6e714def7add03a8f4b655fa396487c0185653ea30
data/output/appalti_it/raw/dpr_207_2010_art_201.html,Normattiva,dpr_207_2010,201,urn:nir:stato:decreto.del.presidente.della.repubblica:2010-10-05;207,,2010-12-10,010G0226,3,2026-04,True,4673,956e2f0dda03a3ceb075fa015b92391547498ba36f68f170cd4c836db6c7f023
data/output/appalti_it/raw/dpr_207_2010_art_202.html,Normattiva,dpr_207_2010,202,urn:nir:stato:decreto.del.presidente.della.repubblica:2010-10-05;207,,2010-12-10,010G0226,3,2026-04,True,4673,494987c83ec96f55bbf5270a0a072e69951a6f9cef33d21a9d98cee0a2e3b9a5
data/output/appalti_it/raw/dpr_207_2010_art_203.html,Normattiva,dpr_207_2010,203,urn:nir:stato:decreto.del.presidente.della.repubblica:2010-10-05;207,,2010-12-10,010G0226,3,2026-04,True,4673,b1aed993d232f161aaa8e553c8f0640b3f39bb967ae56c849ef54565105192ea
data/output/appalti_it/raw/dpr_207_2010_art_204.html,Normattiva,dpr_207_2010,204,urn:nir:stato:decreto.del.presidente.della.repubblica:2010-10-05;207,,2010-12-10,010G0226,3,2026-04,True,4673,5c5aa20d97c89182afea3e5f9eb79bbadab616fbf893db8109fd03ba52af979b
data/output/appalti_it/raw/dpr_207_2010_art_205.html,Normattiva,dpr_207_2010,205,urn:nir:stato:decreto.del.presidente.della.repubblica:2010-10-05;207,,2010-12-10,010G0226,3,2026-04,True,4673,3ceb3888a92b880240e9395364f2e9a3fc9c06f962372260b80fca2e2dbc2633
data/output/appalti_it/raw/dpr_207_2010_art_206.html,Normattiva,dpr_207_2010,206,urn:nir:stato:decreto.del.presidente.della.repubblica:2010-10-05;207,,2010-12-10,010G0226,3,2026-04,True,4673,400758fb86aaeec120361813660819b15aa559f4095cc2f5edff3f7235275786
data/output/appalti_it/raw/dpr_207_2010_art_207.html,Normattiva,dpr_207_2010,207,urn:nir:stato:decreto.del.presidente.della.repubblica:2010-10-05;207,,2010-12-10,010G0226,3,2026-04,True,4673,eb12d72bccd50e32b17599b16c53a5f591a1bfc9bae1893ec049edb1e983c74f
data/output/appalti_it/raw/dpr_207_2010_art_208.html,Normattiva,dpr_207_2010,208,urn:nir:stato:decreto.del.presidente.della.repubblica:2010-10-05;207,,2010-12-10,010G0226,3,2026-04,True,4673,0b1c3be82d17f5986dfdd4828754babd81eb4f16fb27088d67efc07a600fe3eb
data/output/appalti_it/raw/dpr_207_2010_art_209.html,Normattiva,dpr_207_2010,209,urn:nir:stato:decreto.del.presidente.della.repubblica:2010-10-05;207,,2010-12-10,010G0226,3,2026-04,True,4673,d096204b216d361e69606d5d5497ef4443dc9b2a58b90e8617d3dd437d15bac4
data/output/appalti_it/raw/dpr_207_2010_art_210.html,Normattiva,dpr_207_2010,210,urn:nir:stato:decreto.del.presidente.della.repubblica:2010-10-05;207,,2010-12-10,010G0226,3,2026-04,True,4673,a1b412a88ea4d523fbe809d4dd2b805b30cca71afd6454cc9e80f6516b5b54bf
data/output/appalti_it/raw/dpr_207_2010_art_211.html,Normattiva,dpr_207_2010,211,urn:nir:stato:decreto.del.presidente.della.repubblica:2010-10-05;207,,2010-12-10,010G0226,3,2026-04,True,4766,1de893d3c9eaf6a5955e17cf38bc7b965957d5f10abc01286eb2dbce99b022cb
data/output/appalti_it/raw/dpr_207_2010_art_212.html,Normattiva,dpr_207_2010,212,urn:nir:stato:decreto.del.presidente.della.repubblica:2010-10-05;207,,2010-12-10,010G0226,2,2026-04,True,4766,57a5be11051876b7d52f5e6a3cf319128d6f5004d381f0eea779d07d456074ca
data/output/appalti_it/raw/dpr_207_2010_art_213.html,Normattiva,dpr_207_2010,213,urn:nir:stato:decreto.del.presidente.della.repubblica:2010-10-05;207,,2010-12-10,010G0226,2,2026-04,True,4766,e8465b57d9862b037bad308f46f84f3736cfd7f6ca5091013ae5adcc24b889b4
data/output/appalti_it/raw/dpr_207_2010_art_214.html,Normattiva,dpr_207_2010,214,urn:nir:stato:decreto.del.presidente.della.repubblica:2010-10-05;207,,2010-12-10,010G0226,2,2026-04,True,4766,7665392c482c0b7f38fba8157d88f83ee3376579d5c84f7f3a0c573296039e1e
data/output/appalti_it/raw/dpr_207_2010_art_215.html,Normattiva,dpr_207_2010,215,urn:nir:stato:decreto.del.presidente.della.repubblica:2010-10-05;207,,2010-12-10,010G0226,2,2026-04,True,8896,06c5cd7c4bb4f94917d03d9d113ee5eb56473362044a5ee328bbc5d654b91e9e
data/output/appalti_it/raw/dpr_207_2010_art_216.html,Normattiva,dpr_207_2010,216,urn:nir:stato:decreto.del.presidente.della.repubblica:2010-10-05;207,,2010-12-10,010G0226,2,2026-04,True,12598,ccb836290dc14e7fcadc0a6d5e5ca9042fca4d589df6463525221331417dc7c5
data/output/appalti_it/raw/dpr_207_2010_art_217.html,Normattiva,dpr_207_2010,217,urn:nir:stato:decreto.del.presidente.della.repubblica:2010-10-05;207,,2010-12-10,010G0226,3,2026-04,True,9305,f52f1c6479d39ba6a0eb7488620d8af80531a1f2a5a44d4fee5dd43fe4586812
data/output/appalti_it/raw/dpr_207_2010_art_218.html,Normattiva,dpr_207_2010,218,urn:nir:stato:decreto.del.presidente.della.repubblica:2010-10-05;207,,2010-12-10,010G0226,2,2026-04,True,7039,67c0d333df102dc4e5aa8d02020c2b4032579e0433473661c57f3041e66a8bb8
data/output/appalti_it/raw/dpr_207_2010_art_219.html,Normattiva,dpr_207_2010,219,urn:nir:stato:decreto.del.presidente.della.repubblica:2010-10-05;207,,2010-12-10,010G0226,2,2026-04,True,8266,cdd0f0301e249421925e5e4444e386e2fbf40c4f88bb10b32ec225eda049e2db
data/output/appalti_it/raw/dpr_207_2010_art_220.html,Normattiva,dpr_207_2010,220,urn:nir:stato:decreto.del.presidente.della.repubblica:2010-10-05;207,,2010-12-10,010G0226,3,2026-04,True,6556,f655c38b703229582ac39e2c8025aec975854c6ee18511c6acca502f15398991
data/output/appalti_it/raw/dpr_207_2010_art_221.html,Normattiva,dpr_207_2010,221,urn:nir:stato:decreto.del.presidente.della.repubblica:2010-10-05;207,,2010-12-10,010G0226,2,2026-04,True,7329,6707a98b811ccbcbc25c30931b3d1d9f8c872776f9e4a7f8c0bb45ac645be1f0
data/output/appalti_it/raw/dpr_207_2010_art_222.html,Normattiva,dpr_207_2010,222,urn:nir:stato:decreto.del.presidente.della.repubblica:2010-10-05;207,,2010-12-10,010G0226,2,2026-04,True,7452,7fea6b5b82c728b75cb4edc9de1cab8d278fc2a736031c76d4c39d060558b7a2
data/output/appalti_it/raw/dpr_207_2010_art_223.html,Normattiva,dpr_207_2010,223,urn:nir:stato:decreto.del.presidente.della.repubblica:2010-10-05;207,,2010-12-10,010G0226,2,2026-04,True,8121,d75576d84ee3032f295fbc9cc4347b2f13335beef24e678e5d3ff6ae65b05d80
data/output/appalti_it/raw/dpr_207_2010_art_224.html,Normattiva,dpr_207_2010,224,urn:nir:stato:decreto.del.presidente.della.repubblica:2010-10-05;207,,2010-12-10,010G0226,2,2026-04,True,7420,ff4a976cb2ba54185fd9891189681d5bc4c62d850be55274640745c50e96a263
data/output/appalti_it/raw/dpr_207_2010_art_225.html,Normattiva,dpr_207_2010,225,urn:nir:stato:decreto.del.presidente.della.repubblica:2010-10-05;207,,2010-12-10,010G0226,2,2026-04,True,7413,3d0ea99cb08314d457f738885b3b2b5d794490475180db045a1176bddff12ce6
data/output/appalti_it/raw/dpr_207_2010_art_226.html,Normattiva,dpr_207_2010,226,urn:nir:stato:decreto.del.presidente.della.repubblica:2010-10-05;207,,2010-12-10,010G0226,2,2026-04,True,6300,cfcb451d86c452c05b326b18f74434b878f758909b413f0e796224442a741207
data/output/appalti_it/raw/dpr_207_2010_art_227.html,Normattiva,dpr_207_2010,227,urn:nir:stato:decreto.del.presidente.della.repubblica:2010-10-05;207,,2010-12-10,010G0226,2,2026-04,True,7232,bd9778408f61a6417c6820412ca846dfc8b75b43aa42ae632df9bc5b391c08db
data/output/appalti_it/raw/dpr_207_2010_art_228.html,Normattiva,dpr_207_2010,228,urn:nir:stato:decreto.del.presidente.della.repubblica:2010-10-05;207,,2010-12-10,010G0226,2,2026-04,True,6851,35b30aab591d4d62ae6f3d06e16c445469968572c51b7acd47477d8d1aa06885
data/output/appalti_it/raw/dpr_207_2010_art_229.html,Normattiva,dpr_207_2010,229,urn:nir:stato:decreto.del.presidente.della.repubblica:2010-10-05;207,,2010-12-10,010G0226,2,2026-04,True,9640,ba6c621c9baa60342c46f994c3ceae9a699ff413a82cf4c939904d858cbc4775
data/output/appalti_it/raw/dpr_207_2010_art_230.html,Normattiva,dpr_207_2010,230,urn:nir:stato:decreto.del.presidente.della.repubblica:2010-10-05;207,,2010-12-10,010G0226,2,2026-04,True,7914,15749c859b231acc3e94f4d431eaf14fba2b76aa6e798dfe6eb5b53d17ca17df
data/output/appalti_it/raw/dpr_207_2010_art_231.html,Normattiva,dpr_207_2010,231,urn:nir:stato:decreto.del.presidente.della.repubblica:2010-10-05;207,,2010-12-10,010G0226,2,2026-04,True,6302,1a950b57493c2dc00cb66bc5eb9730ed12a1c5e56158b61a69a9ed1edd99b73a
data/output/appalti_it/raw/dpr_207_2010_art_232.html,Normattiva,dpr_207_2010,232,urn:nir:stato:decreto.del.presidente.della.repubblica:2010-10-05;207,,2010-12-10,010G0226,2,2026-04,True,6018,84e6644910aa76bc86c7204b0573aca45b768e4c4f81943dd9126a898fc8e85c
data/output/appalti_it/raw/dpr_207_2010_art_233.html,Normattiva,dpr_207_2010,233,urn:nir:stato:decreto.del.presidente.della.repubblica:2010-10-05;207,,2010-12-10,010G0226,2,2026-04,True,6658,d7a8f32a015721e4d40ae176b5ad96879a411f95611e4918b442cf3e9b081aea
data/output/appalti_it/raw/dpr_207_2010_art_234.html,Normattiva,dpr_207_2010,234,urn:nir:stato:decreto.del.presidente.della.repubblica:2010-10-05;207,,2010-12-10,010G0226,2,2026-04,True,8646,c70ba6397670ba5184d10e354966c627a1761ad7cd8ab0f1d4764a6bb7ee27cd
data/output/appalti_it/raw/dpr_207_2010_art_235.html,Normattiva,dpr_207_2010,235,urn:nir:stato:decreto.del.presidente.della.repubblica:2010-10-05;207,,2010-12-10,010G0226,2,2026-04,True,7061,107cd789cbc7e93f14e3539aa722857cbb269f494da8616688f8629a605517c8
data/output/appalti_it/raw/dpr_207_2010_art_236.html,Normattiva,dpr_207_2010,236,urn:nir:stato:decreto.del.presidente.della.repubblica:2010-10-05;207,,2010-12-10,010G0226,2,2026-04,True,6598,12131ebf2634841be359267e2f3994e377b86777c61bc10667ca405c88d77ae7
data/output/appalti_it/raw/dpr_207_2010_art_237.html,Normattiva,dpr_207_2010,237,urn:nir:stato:decreto.del.presidente.della.repubblica:2010-10-05;207,,2010-12-10,010G0226,2,2026-04,True,6752,39a9dd9dcb710503b681c67de3cce9ca6e357dbcefdcbc5e5637d4823145e1b0
data/output/appalti_it/raw/dpr_207_2010_art_238.html,Normattiva,dpr_207_2010,238,urn:nir:stato:decreto.del.presidente.della.repubblica:2010-10-05;207,,2010-12-10,010G0226,2,2026-04,True,8044,e667fac0c12d27a11d1749f2bee2a7ef7a8ec4d7cfa70a70106b7a71758bc412
data/output/appalti_it/raw/dpr_207_2010_art_239.html,Normattiva,dpr_207_2010,239,urn:nir:stato:decreto.del.presidente.della.repubblica:2010-10-05;207,,2010-12-10,010G0226,2,2026-04,True,7330,163d178bc3d70686a4459fc5f8062fdca14207b023a567db1c140a9fc1eb291c
data/output/appalti_it/raw/dpr_207_2010_art_240.html,Normattiva,dpr_207_2010,240,urn:nir:stato:decreto.del.presidente.della.repubblica:2010-10-05;207,,2010-12-10,010G0226,3,2026-04,True,9400,47a807758318d605ca0d342131f868fa907a5233c5731d75ea85ad0c0c62b52e
data/output/appalti_it/raw/dpr_207_2010_art_241.html,Normattiva,dpr_207_2010,241,urn:nir:stato:decreto.del.presidente.della.repubblica:2010-10-05;207,,2010-12-10,010G0226,3,2026-04,True,7917,6280d471f01cff226e65aa84b94c12f1ac949854d2f2558d7d0eff3430739e77
data/output/appalti_it/raw/dpr_207_2010_art_242.html,Normattiva,dpr_207_2010,242,urn:nir:stato:decreto.del.presidente.della.repubblica:2010-10-05;207,,2010-12-10,010G0226,3,2026-04,True,11568,d8a95b2f724d19f2789954c164151cb800a87ddb626f27562b27ae9d285d48ec
data/output/appalti_it/raw/dpr_207_2010_art_243.html,Normattiva,dpr_207_2010,243,urn:nir:stato:decreto.del.presidente.della.repubblica:2010-10-05;207,,2010-12-10,010G0226,3,2026-04,True,9794,7f814d98e12c269a9005ddf0954f6cf074f5e573cc08fddc0e7e58cb335b5797
data/output/appalti_it/raw/dpr_207_2010_art_244.html,Normattiva,dpr_207_2010,244,urn:nir:stato:decreto.del.presidente.della.repubblica:2010-10-05;207,,2010-12-10,010G0226,3,2026-04,True,8354,bf9393738559303c90a86fe0d8acf0dd92607f0d501e46e48084e2e91b5b51c2
data/output/appalti_it/raw/dpr_207_2010_art_245.html,Normattiva,dpr_207_2010,245,urn:nir:stato:decreto.del.presidente.della.repubblica:2010-10-05;207,,2010-12-10,010G0226,3,2026-04,True,11226,1a4aa6cb134397ee1e38cd8ec5efd1901e1144a7c9946d5c35cd21dc96066de1
data/output/appalti_it/raw/dpr_207_2010_art_246.html,Normattiva,dpr_207_2010,246,urn:nir:stato:decreto.del.presidente.della.repubblica:2010-10-05;207,,2010-12-10,010G0226,3,2026-04,True,7419,f889be504433300bdb982d4eec293e53fe6891dd2b6f3a7e5ae775052fb32e06
data/output/appalti_it/raw/dpr_207_2010_art_247.html,Normattiva,dpr_207_2010,247,urn:nir:stato:decreto.del.presidente.della.repubblica:2010-10-05;207,,2010-12-10,010G0226,3,2026-04,True,9766,183f29eee59ad8abb5f20bb205c9521b0b53676f97f824a1aaf22ba46960ebb1
data/output/appalti_it/raw/dpr_207_2010_art_248.html,Normattiva,dpr_207_2010,248,urn:nir:stato:decreto.del.presidente.della.repubblica:2010-10-05;207,,2010-12-10,010G0226,3,2026-04,True,9620,3b0a7068afc463663f7a67e7b02d08d9aa3b7695c302687bee53753c632018ed
data/output/appalti_it/raw/dpr_207_2010_art_249.html,Normattiva,dpr_207_2010,249,urn:nir:stato:decreto.del.presidente.della.repubblica:2010-10-05;207,,2010-12-10,010G0226,3,2026-04,True,4766,0c6d827048f856ecd0083a755f16fd0116e56df18faa9ea7073a66afeb4e58f5
data/output/appalti_it/raw/dpr_207_2010_art_250.html,Normattiva,dpr_207_2010,250,urn:nir:stato:decreto.del.presidente.della.repubblica:2010-10-05;207,,2010-12-10,010G0226,2,2026-04,True,4766,c0bccf4224e9c63cd61dc24dc431b80a03dba1d00f79cbc0326bb4a2c4f98016
data/output/appalti_it/raw/dpr_207_2010_art_251.html,Normattiva,dpr_207_2010,251,urn:nir:stato:decreto.del.presidente.della.repubblica:2010-10-05;207,,2010-12-10,010G0226,2,2026-04,True,8697,fe503b86f743c28150ba64d6624705ab19e38488914b85af2cc965b80fc7e1ea
data/output/appalti_it/raw/dpr_207_2010_art_252.html,Normattiva,dpr_207_2010,252,urn:nir:stato:decreto.del.presidente.della.repubblica:2010-10-05;207,,2010-12-10,010G0226,3,2026-04,True,4766,0bff24b8f3a184e34757b9eb99834e7c478b036fc290cf91408ae697e4e038e7
data/output/appalti_it/raw/dpr_207_2010_art_253.html,Normattiva,dpr_207_2010,253,urn:nir:stato:decreto.del.presidente.della.repubblica:2010-10-05;207,,2010-12-10,010G0226,2,2026-04,True,4766,d0b28751ffa6a9dba4ee6b0ff64c61ae8c60ddf957e0beb54c825075a422a60b
data/output/appalti_it/raw/dpr_207_2010_art_254.html,Normattiva,dpr_207_2010,254,urn:nir:stato:decreto.del.presidente.della.repubblica:2010-10-05;207,,2010-12-10,010G0226,2,2026-04,True,4677,1b1bb530705cbae8fa66c808726483d3fc1ff85c0e71e8fd25e2149248241acd
data/output/appalti_it/raw/dpr_207_2010_art_255.html,Normattiva,dpr_207_2010,255,urn:nir:stato:decreto.del.presidente.della.repubblica:2010-10-05;207,,2010-12-10,010G0226,3,2026-04,True,4677,e1fa06e35b77f211d23be4ebf2089e31306962776f49bd622cfe99a7bb54b457
data/output/appalti_it/raw/dpr_207_2010_art_256.html,Normattiva,dpr_207_2010,256,urn:nir:stato:decreto.del.presidente.della.repubblica:2010-10-05;207,,2010-12-10,010G0226,3,2026-04,True,4677,ee41b9623ed01869e60563fec3d350964bca81086ee687ba2e8f1bf43062f30c
data/output/appalti_it/raw/dpr_207_2010_art_257.html,Normattiva,dpr_207_2010,257,urn:nir:stato:decreto.del.presidente.della.repubblica:2010-10-05;207,,2010-12-10,010G0226,3,2026-04,True,4766,df442431263a093fff626ad6075997e6d430d2ea016fa577b32b62579167e42a
data/output/appalti_it/raw/dpr_207_2010_art_258.html,Normattiva,dpr_207_2010,258,urn:nir:stato:decreto.del.presidente.della.repubblica:2010-10-05;207,,2010-12-10,010G0226,2,2026-04,True,4766,f5ee2fe07f274a4259ebdd284838f51e0602b5e6d729434d4f7de7bf59e0e05f
data/output/appalti_it/raw/dpr_207_2010_art_259.html,Normattiva,dpr_207_2010,259,urn:nir:stato:decreto.del.presidente.della.repubblica:2010-10-05;207,,2010-12-10,010G0226,2,2026-04,True,4766,f8e2d98c03110b58493b0b4a4c4b3f8afe670ccfd7e35b0f4b6b260cda8e661d
data/output/appalti_it/raw/dpr_207_2010_art_260.html,Normattiva,dpr_207_2010,260,urn:nir:stato:decreto.del.presidente.della.repubblica:2010-10-05;207,,2010-12-10,010G0226,2,2026-04,True,4766,07225b079dad31e16ffa8cbd4ef30d485368e60009a8c03157a61cce2680da7f
data/output/appalti_it/raw/dpr_207_2010_art_261.html,Normattiva,dpr_207_2010,261,urn:nir:stato:decreto.del.presidente.della.repubblica:2010-10-05;207,,2010-12-10,010G0226,2,2026-04,True,4766,4a4bc8471531e12932269373963bbcde47a91516116c197d403c9c6c0305ebaa
data/output/appalti_it/raw/dpr_207_2010_art_262.html,Normattiva,dpr_207_2010,262,urn:nir:stato:decreto.del.presidente.della.repubblica:2010-10-05;207,,2010-12-10,010G0226,2,2026-04,True,4766,bebccdc1c99a89f6c274be532dbd12c06a38afdb1727b4c235b04423e03592ba
data/output/appalti_it/raw/dpr_207_2010_art_263.html,Normattiva,dpr_207_2010,263,urn:nir:stato:decreto.del.presidente.della.repubblica:2010-10-05;207,,2010-12-10,010G0226,2,2026-04,True,4766,ec597798a5f7da92de4006995ccf64ab5c9b294b4eff26c6fb3da5e23cb1191d
data/output/appalti_it/raw/dpr_207_2010_art_264.html,Normattiva,dpr_207_2010,264,urn:nir:stato:decreto.del.presidente.della.repubblica:2010-10-05;207,,2010-12-10,010G0226,2,2026-04,True,4766,5afc7282bf5ac778e0a142ecc693fdea7c9631a8253336a405e68cc07a774688
data/output/appalti_it/raw/dpr_207_2010_art_265.html,Normattiva,dpr_207_2010,265,urn:nir:stato:decreto.del.presidente.della.repubblica:2010-10-05;207,,2010-12-10,010G0226,2,2026-04,True,4766,04e1fd03f575c93cc81f4ecee69ca48cafb73a4223c2f438f1e437cd95cac468
data/output/appalti_it/raw/dpr_207_2010_art_266.html,Normattiva,dpr_207_2010,266,urn:nir:stato:decreto.del.presidente.della.repubblica:2010-10-05;207,,2010-12-10,010G0226,2,2026-04,True,4766,5d728bdab238dc64e0ec9e30685dfa7788c54c293566cbd93ff321e999b3f9a4
data/output/appalti_it/raw/dpr_207_2010_art_267.html,Normattiva,dpr_207_2010,267,urn:nir:stato:decreto.del.presidente.della.repubblica:2010-10-05;207,,2010-12-10,010G0226,2,2026-04,True,4766,b667021f2c5ef32f1ad8161ee58516a8ae9a07f9422e9500c12a52dea189330f
data/output/appalti_it/raw/dpr_207_2010_art_268.html,Normattiva,dpr_207_2010,268,urn:nir:stato:decreto.del.presidente.della.repubblica:2010-10-05;207,,2010-12-10,010G0226,3,2026-04,True,4766,cae4821399518014a58a6d71bdff45b57121e12ef8283d2fb034a39a52847002
data/output/appalti_it/raw/dpr_207_2010_art_269.html,Normattiva,dpr_207_2010,269,urn:nir:stato:decreto.del.presidente.della.repubblica:2010-10-05;207,,2010-12-10,010G0226,2,2026-04,True,4766,af3ff3d7f138043d7544b557961ce5c9664f3f1f908d3d41b87201f3b5cbeeff
data/output/appalti_it/raw/dpr_207_2010_art_270.html,Normattiva,dpr_207_2010,270,urn:nir:stato:decreto.del.presidente.della.repubblica:2010-10-05;207,,2010-12-10,010G0226,2,2026-04,True,4766,e05bdff7a225feb3fa60547f228b252724b987a3d787586f97dd1bbaaf06f358
data/output/appalti_it/raw/dpr_207_2010_art_271.html,Normattiva,dpr_207_2010,271,urn:nir:stato:decreto.del.presidente.della.repubblica:2010-10-05;207,,2010-12-10,010G0226,2,2026-04,True,4766,dcc696781f08a02077a0651f6215506e93115fa661e3c139767cacc9165bcd5a
data/output/appalti_it/raw/dpr_207_2010_art_272.html,Normattiva,dpr_207_2010,272,urn:nir:stato:decreto.del.presidente.della.repubblica:2010-10-05;207,,2010-12-10,010G0226,2,2026-04,True,4766,b976d0e838437e3702b9b085b42549cd18be4fb3522abd986f5f417c8fe312db
data/output/appalti_it/raw/dpr_207_2010_art_273.html,Normattiva,dpr_207_2010,273,urn:nir:stato:decreto.del.presidente.della.repubblica:2010-10-05;207,,2010-12-10,010G0226,2,2026-04,True,4766,11b7e9683b5161a1261bdd4e528f643d4772b52d63b2ba1a0e170d02aec3386f
data/output/appalti_it/raw/dpr_207_2010_art_274.html,Normattiva,dpr_207_2010,274,urn:nir:stato:decreto.del.presidente.della.repubblica:2010-10-05;207,,2010-12-10,010G0226,2,2026-04,True,4766,3c54d8a5f02c6c5600ef974f8a8f143faaa948908aa11ad381dfe01b8d2e9304
data/output/appalti_it/raw/dpr_207_2010_art_275.html,Normattiva,dpr_207_2010,275,urn:nir:stato:decreto.del.presidente.della.repubblica:2010-10-05;207,,2010-12-10,010G0226,2,2026-04,True,4766,9a011643d21f15906657996bec9ffb3f6082b89ceb6bcb4b8becb5d1df444d14
data/output/appalti_it/raw/dpr_207_2010_art_276.html,Normattiva,dpr_207_2010,276,urn:nir:stato:decreto.del.presidente.della.repubblica:2010-10-05;207,,2010-12-10,010G0226,2,2026-04,True,4766,5dcf310066bd5709e69708c672c9cdadaab36e1bd8cbf356c5f4b8a85d8f1b37
data/output/appalti_it/raw/dpr_207_2010_art_277.html,Normattiva,dpr_207_2010,277,urn:nir:stato:decreto.del.presidente.della.repubblica:2010-10-05;207,,2010-12-10,010G0226,2,2026-04,True,4766,ee46c1242529d6261cbb4749cd5f3a1f4e6a8c4ae929563a8f3f5b02e012694c
data/output/appalti_it/raw/dpr_207_2010_art_278.html,Normattiva,dpr_207_2010,278,urn:nir:stato:decreto.del.presidente.della.repubblica:2010-10-05;207,,2010-12-10,010G0226,2,2026-04,True,4766,4911dff8221873e1bf920fed00cc0ed55937c71385b892d4de583f17faa22654
data/output/appalti_it/raw/dpr_207_2010_art_279.html,Normattiva,dpr_207_2010,279,urn:nir:stato:decreto.del.presidente.della.repubblica:2010-10-05;207,,2010-12-10,010G0226,2,2026-04,True,4766,7497ea1741266453bbdedd9f97d18714ff94779ff40d17879d69deab9320cd1a
data/output/appalti_it/raw/dpr_207_2010_art_280.html,Normattiva,dpr_207_2010,280,urn:nir:stato:decreto.del.presidente.della.repubblica:2010-10-05;207,,2010-12-10,010G0226,2,2026-04,True,4766,103df80912c8efffb5345c7360b18494e684ebf47cf1f4578e7b2ace0e834d56
data/output/appalti_it/raw/dpr_207_2010_art_281.html,Normattiva,dpr_207_2010,281,urn:nir:stato:decreto.del.presidente.della.repubblica:2010-10-05;207,,2010-12-10,010G0226,2,2026-04,True,4766,a849ccba9d258497ff7a3d7427ad0cb9ed77630e423dddc4171a1e10e797ff65
data/output/appalti_it/raw/dpr_207_2010_art_282.html,Normattiva,dpr_207_2010,282,urn:nir:stato:decreto.del.presidente.della.repubblica:2010-10-05;207,,2010-12-10,010G0226,2,2026-04,True,4766,1af5cc54e6423b8104ccb969aabd1fb18dffe8353005e70da50f43433d3b310c
data/output/appalti_it/raw/dpr_207_2010_art_283.html,Normattiva,dpr_207_2010,283,urn:nir:stato:decreto.del.presidente.della.repubblica:2010-10-05;207,,2010-12-10,010G0226,2,2026-04,True,4766,773bd6a5aef8e4daf7344905bd3e1b6caf58dc0cdb56330fa5c5df5a39c6420c
data/output/appalti_it/raw/dpr_207_2010_art_284.html,Normattiva,dpr_207_2010,284,urn:nir:stato:decreto.del.presidente.della.repubblica:2010-10-05;207,,2010-12-10,010G0226,3,2026-04,True,4766,17437ef9729d6f543e2d2930a9e0035ec306428d7e5f635f759f1a17b33015f6
data/output/appalti_it/raw/dpr_207_2010_art_285.html,Normattiva,dpr_207_2010,285,urn:nir:stato:decreto.del.presidente.della.repubblica:2010-10-05;207,,2010-12-10,010G0226,2,2026-04,True,4766,1a220643980983d8597951c9531d994f154fd1890d81efea9660ebeebf86851c
data/output/appalti_it/raw/dpr_207_2010_art_286.html,Normattiva,dpr_207_2010,286,urn:nir:stato:decreto.del.presidente.della.repubblica:2010-10-05;207,,2010-12-10,010G0226,2,2026-04,True,4766,6c21ba8b93fb838f45defdce540c6b098ed24b07c2c7a13712c5ad2386c8d0d3
data/output/appalti_it/raw/dpr_207_2010_art_287.html,Normattiva,dpr_207_2010,287,urn:nir:stato:decreto.del.presidente.della.repubblica:2010-10-05;207,,2010-12-10,010G0226,2,2026-04,True,4766,ce84559a5c1a918a18d9b8a6e285dff099606bcb005f167189ed5d01e666ada0
data/output/appalti_it/raw/dpr_207_2010_art_288.html,Normattiva,dpr_207_2010,288,urn:nir:stato:decreto.del.presidente.della.repubblica:2010-10-05;207,,2010-12-10,010G0226,2,2026-04,True,4766,9a9311bd50629a70fa6eb49a43e0aed0cee6f1bf132945e5c3a35292de24c486
data/output/appalti_it/raw/dpr_207_2010_art_289.html,Normattiva,dpr_207_2010,289,urn:nir:stato:decreto.del.presidente.della.repubblica:2010-10-05;207,,2010-12-10,010G0226,2,2026-04,True,4766,c6f5d379e9c40a3a34a8c3fc42268e49856ea3391c9ca86a83d81e556fe2836b
data/output/appalti_it/raw/dpr_207_2010_art_290.html,Normattiva,dpr_207_2010,290,urn:nir:stato:decreto.del.presidente.della.repubblica:2010-10-05;207,,2010-12-10,010G0226,2,2026-04,True,4766,a79361e80b271e847017716910cf5b136cb1ff330779c3f506e84f67eab2b9e0
data/output/appalti_it/raw/dpr_207_2010_art_291.html,Normattiva,dpr_207_2010,291,urn:nir:stato:decreto.del.presidente.della.repubblica:2010-10-05;207,,2010-12-10,010G0226,2,2026-04,True,4766,7463cfc9f5cc54519fb67e9e59ff966f0637e87fa7a56fa2dc7a9ae97930533e
data/output/appalti_it/raw/dpr_207_2010_art_292.html,Normattiva,dpr_207_2010,292,urn:nir:stato:decreto.del.presidente.della.repubblica:2010-10-05;207,,2010-12-10,010G0226,2,2026-04,True,4766,b8caf0d8fd684bac932fc1a93f9d4ff9bb4b1376d43359332e2988789114d926
data/output/appalti_it/raw/dpr_207_2010_art_293.html,Normattiva,dpr_207_2010,293,urn:nir:stato:decreto.del.presidente.della.repubblica:2010-10-05;207,,2010-12-10,010G0226,2,2026-04,True,4766,6de01ca756b47625557b7c80ae2b0b24505ebdc452fb6813702a1698184cec6a
data/output/appalti_it/raw/dpr_207_2010_art_294.html,Normattiva,dpr_207_2010,294,urn:nir:stato:decreto.del.presidente.della.repubblica:2010-10-05;207,,2010-12-10,010G0226,2,2026-04,True,4766,8e18164b3fad66a1e8e629ca94cc4972fffb0e9b2a00ad63a45dd474acbb24d2
data/output/appalti_it/raw/dpr_207_2010_art_295.html,Normattiva,dpr_207_2010,295,urn:nir:stato:decreto.del.presidente.della.repubblica:2010-10-05;207,,2010-12-10,010G0226,2,2026-04,True,4766,4e85e4df108a362b33e98d54f8e74d6f9d513a2487cc9827c9256f2b165fe7fd
data/output/appalti_it/raw/dpr_207_2010_art_296.html,Normattiva,dpr_207_2010,296,urn:nir:stato:decreto.del.presidente.della.repubblica:2010-10-05;207,,2010-12-10,010G0226,2,2026-04,True,4766,9e23f2780aadaaf9772ec9526d0dd53b87deb3c074d034e31693b3c51a424b77
data/output/appalti_it/raw/dpr_207_2010_art_297.html,Normattiva,dpr_207_2010,297,urn:nir:stato:decreto.del.presidente.della.repubblica:2010-10-05;207,,2010-12-10,010G0226,2,2026-04,True,4766,9c0245b52635f9d0d13dee0049e2810be545ea4c49507fc36c16d3543d2dd939
data/output/appalti_it/raw/dpr_207_2010_art_298.html,Normattiva,dpr_207_2010,298,urn:nir:stato:decreto.del.presidente.della.repubblica:2010-10-05;207,,2010-12-10,010G0226,2,2026-04,True,4766,c6f1823a18cc34f6e39e67bdb882dddb1bacb77bc80eb7698277172e7b5cb373
data/output/appalti_it/raw/dpr_207_2010_art_299.html,Normattiva,dpr_207_2010,299,urn:nir:stato:decreto.del.presidente.della.repubblica:2010-10-05;207,,2010-12-10,010G0226,2,2026-04,True,4766,ccbda37bfedeb200bbea31fea3b465912382cc2de57c867759ffc62b5ab826ae
data/output/appalti_it/raw/dpr_207_2010_art_300.html,Normattiva,dpr_207_2010,300,urn:nir:stato:decreto.del.presidente.della.repubblica:2010-10-05;207,,2010-12-10,010G0226,2,2026-04,True,4766,c8aa335ae24ba7efe2bb503105a5a374ca13d76d3cc473d98c5a9d127768113d
data/output/appalti_it/raw/dpr_207_2010_art_301.html,Normattiva,dpr_207_2010,301,urn:nir:stato:decreto.del.presidente.della.repubblica:2010-10-05;207,,2010-12-10,010G0226,2,2026-04,True,4766,c3476af6a2a7f97a764c6fe63d2eaa1b118a75c497589ee0aed990acd6b25757
data/output/appalti_it/raw/dpr_207_2010_art_302.html,Normattiva,dpr_207_2010,302,urn:nir:stato:decreto.del.presidente.della.repubblica:2010-10-05;207,,2010-12-10,010G0226,2,2026-04,True,4766,7aeec7e35ef6cd94bf5933bceaf04946951cc28cf543cf731bf5c317a8fa1f24
data/output/appalti_it/raw/dpr_207_2010_art_303.html,Normattiva,dpr_207_2010,303,urn:nir:stato:decreto.del.presidente.della.repubblica:2010-10-05;207,,2010-12-10,010G0226,2,2026-04,True,4766,620bfc95a387026fcfa516e0458a072b6321452f36771108344c0db5309ff36a
data/output/appalti_it/raw/dpr_207_2010_art_304.html,Normattiva,dpr_207_2010,304,urn:nir:stato:decreto.del.presidente.della.repubblica:2010-10-05;207,,2010-12-10,010G0226,2,2026-04,True,4766,6ed9fb52ad4f200ba4889d219b397378e3105b7afd3ded6d595511190dc777d2
data/output/appalti_it/raw/dpr_207_2010_art_305.html,Normattiva,dpr_207_2010,305,urn:nir:stato:decreto.del.presidente.della.repubblica:2010-10-05;207,,2010-12-10,010G0226,2,2026-04,True,4766,410516054c5ce4145fd62b4a4e08ae5f98273a7c3da9e966de95268410ce8739
data/output/appalti_it/raw/dpr_207_2010_art_306.html,Normattiva,dpr_207_2010,306,urn:nir:stato:decreto.del.presidente.della.repubblica:2010-10-05;207,,2010-12-10,010G0226,2,2026-04,True,4766,0bbda99b3d13f3c2c35193004e29cb457bedacf3d7569ce30914706af87b79dd
data/output/appalti_it/raw/dpr_207_2010_art_307.html,Normattiva,dpr_207_2010,307,urn:nir:stato:decreto.del.presidente.della.repubblica:2010-10-05;207,,2010-12-10,010G0226,2,2026-04,True,4766,a9d221350a143f57b8b6b66504733eaf45ae94ba3ee0bc272c7abeac82c37782
data/output/appalti_it/raw/dpr_207_2010_art_308.html,Normattiva,dpr_207_2010,308,urn:nir:stato:decreto.del.presidente.della.repubblica:2010-10-05;207,,2010-12-10,010G0226,2,2026-04,True,4766,6680d777dead1db312824ea32bb43c1c3ee7477982e7dd1088a8ef042fad3ed0
data/output/appalti_it/raw/dpr_207_2010_art_309.html,Normattiva,dpr_207_2010,309,urn:nir:stato:decreto.del.presidente.della.repubblica:2010-10-05;207,,2010-12-10,010G0226,2,2026-04,True,4766,3e10dda1e89315af4c04fadf5c9036cfc238f13c32317d7b1cc805a9ec4a53e8
data/output/appalti_it/raw/dpr_207_2010_art_310.html,Normattiva,dpr_207_2010,310,urn:nir:stato:decreto.del.presidente.della.repubblica:2010-10-05;207,,2010-12-10,010G0226,2,2026-04,True,4766,74b8a8d329e4bc88c5d8044ef66e13ef04a3edac3f419e00411092807f5c3719
data/output/appalti_it/raw/dpr_207_2010_art_311.html,Normattiva,dpr_207_2010,311,urn:nir:stato:decreto.del.presidente.della.repubblica:2010-10-05;207,,2010-12-10,010G0226,2,2026-04,True,4766,5b6efce3687abaef36823f8734544b7bdf6da79a2027be444d20f08645611425
data/output/appalti_it/raw/dpr_207_2010_art_312.html,Normattiva,dpr_207_2010,312,urn:nir:stato:decreto.del.presidente.della.repubblica:2010-10-05;207,,2010-12-10,010G0226,2,2026-04,True,4766,ad5caee0dae8b7c700354590d0e0de3415a28267e9da924e7b16c5a5f6edc16e
data/output/appalti_it/raw/dpr_207_2010_art_313.html,Normattiva,dpr_207_2010,313,urn:nir:stato:decreto.del.presidente.della.repubblica:2010-10-05;207,,2010-12-10,010G0226,2,2026-04,True,4766,6c40e5ce1bdd72849cc9e83fdbe9bdbd90503c4a7bbd18874315a54a8518e51a
data/output/appalti_it/raw/dpr_207_2010_art_314.html,Normattiva,dpr_207_2010,314,urn:nir:stato:decreto.del.presidente.della.repubblica:2010-10-05;207,,2010-12-10,010G0226,2,2026-04,True,4766,470957959c09c10302f9cc8d80c5891bbcf10a0aa235c0cd02f7c417555da314
data/output/appalti_it/raw/dpr_207_2010_art_315.html,Normattiva,dpr_207_2010,315,urn:nir:stato:decreto.del.presidente.della.repubblica:2010-10-05;207,,2010-12-10,010G0226,2,2026-04,True,4766,6505428e1dff5443e050df1a2d9fa17839708bea076ceac534e9acfd4e0a81f6
data/output/appalti_it/raw/dpr_207_2010_art_316.html,Normattiva,dpr_207_2010,316,urn:nir:stato:decreto.del.presidente.della.repubblica:2010-10-05;207,,2010-12-10,010G0226,2,2026-04,True,4766,3142ad47ec7dbbaa72771a0537fc062a96198c572758d30193e449efb89f2f3e
data/output/appalti_it/raw/dpr_207_2010_art_317.html,Normattiva,dpr_207_2010,317,urn:nir:stato:decreto.del.presidente.della.repubblica:2010-10-05;207,,2010-12-10,010G0226,2,2026-04,True,4766,4d2cc7ff70da39dec09c8bb7a180f56f8aba8f65cc9a6acca10c6dbfb1b67c45
data/output/appalti_it/raw/dpr_207_2010_art_318.html,Normattiva,dpr_207_2010,318,urn:nir:stato:decreto.del.presidente.della.repubblica:2010-10-05;207,,2010-12-10,010G0226,2,2026-04,True,4766,b2416688e91705d20216429d3e87521e3b6bd3c69c00772cd1e910ddb6b08f96
data/output/appalti_it/raw/dpr_207_2010_art_319.html,Normattiva,dpr_207_2010,319,urn:nir:stato:decreto.del.presidente.della.repubblica:2010-10-05;207,,2010-12-10,010G0226,2,2026-04,True,4766,0dc38a3f08e7f0d58d306a9607b705785fa22caff93d1c627465e5fc204ca697
data/output/appalti_it/raw/dpr_207_2010_art_320.html,Normattiva,dpr_207_2010,320,urn:nir:stato:decreto.del.presidente.della.repubblica:2010-10-05;207,,2010-12-10,010G0226,2,2026-04,True,4766,53f7e2bcc3d7c68a19ad891c6859fe4eb04f5059f60a516587ac769e49bc0424
data/output/appalti_it/raw/dpr_207_2010_art_321.html,Normattiva,dpr_207_2010,321,urn:nir:stato:decreto.del.presidente.della.repubblica:2010-10-05;207,,2010-12-10,010G0226,2,2026-04,True,4766,43a069d7858f6de747f015d6ba2d884cb727d968622d327c28a516ca2e731f8f
data/output/appalti_it/raw/dpr_207_2010_art_322.html,Normattiva,dpr_207_2010,322,urn:nir:stato:decreto.del.presidente.della.repubblica:2010-10-05;207,,2010-12-10,010G0226,2,2026-04,True,4766,45c8343164df5a0eecf649c9347314e3b678c47d3574713c641ef7efdc1416fc
data/output/appalti_it/raw/dpr_207_2010_art_323.html,Normattiva,dpr_207_2010,323,urn:nir:stato:decreto.del.presidente.della.repubblica:2010-10-05;207,,2010-12-10,010G0226,2,2026-04,True,4766,b75953b8b1f2a509d07f1de17dc8006963787e5d68bdcd31c9e25e6b6e7a603e
data/output/appalti_it/raw/dpr_207_2010_art_324.html,Normattiva,dpr_207_2010,324,urn:nir:stato:decreto.del.presidente.della.repubblica:2010-10-05;207,,2010-12-10,010G0226,2,2026-04,True,4766,582f4dbefee395f9d6c7be73eaeb8dee8d7bc58875ee0e0e744b91586529df6e
data/output/appalti_it/raw/dpr_207_2010_art_325.html,Normattiva,dpr_207_2010,325,urn:nir:stato:decreto.del.presidente.della.repubblica:2010-10-05;207,,2010-12-10,010G0226,2,2026-04,True,4766,b3ccad8c02f958c4e1381708c376431dae17c1dd37ddb73a51ceb9cd5752bbce
data/output/appalti_it/raw/dpr_207_2010_art_326.html,Normattiva,dpr_207_2010,326,urn:nir:stato:decreto.del.presidente.della.repubblica:2010-10-05;207,,2010-12-10,010G0226,2,2026-04,True,4766,172f1401e8caa986ec8dd56bca2d864b940ee471d7abe07c4c49d7b1242ca3ed
data/output/appalti_it/raw/dpr_207_2010_art_327.html,Normattiva,dpr_207_2010,327,urn:nir:stato:decreto.del.presidente.della.repubblica:2010-10-05;207,,2010-12-10,010G0226,2,2026-04,True,4766,6742e320005a3d9e04dac51d79a846b92f41de58c04ad1486aefbae7400c313d
data/output/appalti_it/raw/dpr_207_2010_art_328.html,Normattiva,dpr_207_2010,328,urn:nir:stato:decreto.del.presidente.della.repubblica:2010-10-05;207,,2010-12-10,010G0226,2,2026-04,True,4766,72245db3024394c1a1df9c136bb00e53e0d09d79c6d1edf42d836a0987a27400
data/output/appalti_it/raw/dpr_207_2010_art_329.html,Normattiva,dpr_207_2010,329,urn:nir:stato:decreto.del.presidente.della.repubblica:2010-10-05;207,,2010-12-10,010G0226,2,2026-04,True,4766,0ae464cf72170fb04ed02d8b5a4c4d3a3ec48f64e5839c53b3ec50d72d24eadb
data/output/appalti_it/raw/dpr_207_2010_art_330.html,Normattiva,dpr_207_2010,330,urn:nir:stato:decreto.del.presidente.della.repubblica:2010-10-05;207,,2010-12-10,010G0226,2,2026-04,True,4766,164630332b097809412199eae467fc7bfbc896561a349d0d6e3252c0f75bbd60
data/output/appalti_it/raw/dpr_207_2010_art_331.html,Normattiva,dpr_207_2010,331,urn:nir:stato:decreto.del.presidente.della.repubblica:2010-10-05;207,,2010-12-10,010G0226,2,2026-04,True,4766,6fc636573d5b897d46982d545f81c1307d00fdf416f7dace1ccb25a475d24345
data/output/appalti_it/raw/dpr_207_2010_art_332.html,Normattiva,dpr_207_2010,332,urn:nir:stato:decreto.del.presidente.della.repubblica:2010-10-05;207,,2010-12-10,010G0226,2,2026-04,True,4766,17d222b523b8d67db98ff9e4cb0840d4f0e19c3899ade82e3ca3e157b8814789
data/output/appalti_it/raw/dpr_207_2010_art_333.html,Normattiva,dpr_207_2010,333,urn:nir:stato:decreto.del.presidente.della.repubblica:2010-10-05;207,,2010-12-10,010G0226,2,2026-04,True,4766,63ae3d8dfd0f213ff26006abf2f31f350270dc50e699bff07cdd71e9be7f031b
data/output/appalti_it/raw/dpr_207_2010_art_334.html,Normattiva,dpr_207_2010,334,urn:nir:stato:decreto.del.presidente.della.repubblica:2010-10-05;207,,2010-12-10,010G0226,2,2026-04,True,4766,226450275e613403c3e724e433b6711f06445fb5df4989585b31f1ac19519e39
data/output/appalti_it/raw/dpr_207_2010_art_335.html,Normattiva,dpr_207_2010,335,urn:nir:stato:decreto.del.presidente.della.repubblica:2010-10-05;207,,2010-12-10,010G0226,2,2026-04,True,4766,81b1e3bbe3d7551fa7a81cc3c2857844de9a0e303558356fe1d4b727f826008b
data/output/appalti_it/raw/dpr_207_2010_art_336.html,Normattiva,dpr_207_2010,336,urn:nir:stato:decreto.del.presidente.della.repubblica:2010-10-05;207,,2010-12-10,010G0226,2,2026-04,True,4766,de1b69a022a35cf942b57c179d31e30a7a5dff5b05e375d2e9a02954b23ef819
data/output/appalti_it/raw/dpr_207_2010_art_337.html,Normattiva,dpr_207_2010,337,urn:nir:stato:decreto.del.presidente.della.repubblica:2010-10-05;207,,2010-12-10,010G0226,2,2026-04,True,4766,5faccd1af5be7d18ad000e82294840bc38c55e05204ae4f34ed0446eed7e6600
data/output/appalti_it/raw/dpr_207_2010_art_338.html,Normattiva,dpr_207_2010,338,urn:nir:stato:decreto.del.presidente.della.repubblica:2010-10-05;207,,2010-12-10,010G0226,2,2026-04,True,4766,20254810646ff13a8891de98b572e43bb38934f0281b9d5ca39a64feebc40a4e
data/output/appalti_it/raw/dpr_207_2010_art_339.html,Normattiva,dpr_207_2010,339,urn:nir:stato:decreto.del.presidente.della.repubblica:2010-10-05;207,,2010-12-10,010G0226,2,2026-04,True,4766,760a4f76ead35d1b0cba05bfee39bf2d576d42091872326251d086523b8b7fc5
data/output/appalti_it/raw/dpr_207_2010_art_340.html,Normattiva,dpr_207_2010,340,urn:nir:stato:decreto.del.presidente.della.repubblica:2010-10-05;207,,2010-12-10,010G0226,2,2026-04,True,4766,bf89f2b28d455efe761350cde9ae5968a641484737218865e888f5c7b556a106
data/output/appalti_it/raw/dpr_207_2010_art_341.html,Normattiva,dpr_207_2010,341,urn:nir:stato:decreto.del.presidente.della.repubblica:2010-10-05;207,,2010-12-10,010G0226,2,2026-04,True,4766,e1c6653b7612fa6e4f896db02d4e12f25da50b7553bc2ba2b524fe36b02e0e36
data/output/appalti_it/raw/dpr_207_2010_art_342.html,Normattiva,dpr_207_2010,342,urn:nir:stato:decreto.del.presidente.della.repubblica:2010-10-05;207,,2010-12-10,010G0226,2,2026-04,True,4766,96f23a94bc6eff916deaca8aad9ea9e4eadf5d9e753e08956037a07ca5530fa2
data/output/appalti_it/raw/dpr_207_2010_art_343.html,Normattiva,dpr_207_2010,343,urn:nir:stato:decreto.del.presidente.della.repubblica:2010-10-05;207,,2010-12-10,010G0226,2,2026-04,True,4768,5b3e51f477374d8914e4fdfc97ad2f4a01b0cdc5a25ca8874ab50d47a3ad9c22
data/output/appalti_it/raw/dpr_207_2010_art_344.html,Normattiva,dpr_207_2010,344,urn:nir:stato:decreto.del.presidente.della.repubblica:2010-10-05;207,,2010-12-10,010G0226,4,2026-04,True,4768,174d4bce128d5197387c0af90d03cbc0947ca865551a0b18fb4ec2e085f6748a
data/output/appalti_it/raw/dpr_207_2010_art_345.html,Normattiva,dpr_207_2010,345,urn:nir:stato:decreto.del.presidente.della.repubblica:2010-10-05;207,,2010-12-10,010G0226,4,2026-04,True,4768,25de3108f5d924ecc79d4e5a2ef69a95157efb8993715658dcb7517a01bc6a0e
data/output/appalti_it/raw/dpr_207_2010_art_346.html,Normattiva,dpr_207_2010,346,urn:nir:stato:decreto.del.presidente.della.repubblica:2010-10-05;207,,2010-12-10,010G0226,3,2026-04,True,4768,bd7b3b8a6ca914805fcf41cf17e9381951e5157514803a7b6529719ebf6b303d
data/output/appalti_it/raw/dpr_207_2010_art_347.html,Normattiva,dpr_207_2010,347,urn:nir:stato:decreto.del.presidente.della.repubblica:2010-10-05;207,,2010-12-10,010G0226,3,2026-04,True,4768,4590edc98cea5951e25ecb44aa31502f75d7ee2058b2854a5faa1e246ce423ea
data/output/appalti_it/raw/dpr_207_2010_art_348.html,Normattiva,dpr_207_2010,348,urn:nir:stato:decreto.del.presidente.della.repubblica:2010-10-05;207,,2010-12-10,010G0226,3,2026-04,True,4768,d281b75934304fb0e0e7b57d7dc6166a05a95cb6c0779380fa7e9474f84f90d0
data/output/appalti_it/raw/dpr_207_2010_art_349.html,Normattiva,dpr_207_2010,349,urn:nir:stato:decreto.del.presidente.della.repubblica:2010-10-05;207,,2010-12-10,010G0226,3,2026-04,True,4768,054aa9966766c797cc87d3e913d582e623f36f5a3e8995ee663ed967f41d0f50
data/output/appalti_it/raw/dpr_207_2010_art_350.html,Normattiva,dpr_207_2010,350,urn:nir:stato:decreto.del.presidente.della.repubblica:2010-10-05;207,,2010-12-10,010G0226,3,2026-04,True,4768,e0c80e375dedb12603f42914d4d172ba2a59d2b77f89fff062d35c428ea7f678
data/output/appalti_it/raw/dpr_207_2010_art_351.html,Normattiva,dpr_207_2010,351,urn:nir:stato:decreto.del.presidente.della.repubblica:2010-10-05;207,,2010-12-10,010G0226,3,2026-04,True,4768,627bbfca67209f47abc44431d4d4ad334bfa65e760a11aeb18ad1a2e07f615ac
data/output/appalti_it/raw/dpr_207_2010_art_352.html,Normattiva,dpr_207_2010,352,urn:nir:stato:decreto.del.presidente.della.repubblica:2010-10-05;207,,2010-12-10,010G0226,3,2026-04,True,4768,43b7445728d3ce8640788042ffd9489505878b702a609e8b1cd049f3f5c11ca4
data/output/appalti_it/raw/dpr_207_2010_art_353.html,Normattiva,dpr_207_2010,353,urn:nir:stato:decreto.del.presidente.della.repubblica:2010-10-05;207,,2010-12-10,010G0226,3,2026-04,True,4768,d20db6a3d3b48ca79cb2e2c949b20cf5df738737d8be0edaa072466ce782a82d
data/output/appalti_it/raw/dpr_207_2010_art_354.html,Normattiva,dpr_207_2010,354,urn:nir:stato:decreto.del.presidente.della.repubblica:2010-10-05;207,,2010-12-10,010G0226,3,2026-04,True,4768,37d14bc3ceff390d3f3dad2cf6315517c4cb0c2dbc65ca8c55a9244ef168c9b1
data/output/appalti_it/raw/dpr_207_2010_art_355.html,Normattiva,dpr_207_2010,355,urn:nir:stato:decreto.del.presidente.della.repubblica:2010-10-05;207,,2010-12-10,010G0226,3,2026-04,True,4768,c438b183abc8eb0a19a4622cac86a0fc9e8161b75c5330534d4278374a30d77e
data/output/appalti_it/raw/dpr_207_2010_art_356.html,Normattiva,dpr_207_2010,356,urn:nir:stato:decreto.del.presidente.della.repubblica:2010-10-05;207,,2010-12-10,010G0226,3,2026-04,True,4770,310bca5bccbffd4f72cfea4dc95d5ce7592bc965d8b581610f096ef4a3c19dfa
data/output/appalti_it/raw/dpr_207_2010_art_357.html,Normattiva,dpr_207_2010,357,urn:nir:stato:decreto.del.presidente.della.repubblica:2010-10-05;207,,2010-12-10,010G0226,3,2026-04,True,4768,cec685e8c21935a22acaec69474e7218d07bc895e2d8f7a1eda5ea5077763fb3
data/output/appalti_it/raw/dpr_207_2010_art_358.html,Normattiva,dpr_207_2010,358,urn:nir:stato:decreto.del.presidente.della.repubblica:2010-10-05;207,,2010-12-10,010G0226,10,2026-04,True,4768,a1b79d13a362cba9a20392c27831e2c94bfff870763d4922b708ee440cb4c393
data/output/appalti_it/raw/dpr_207_2010_art_359.html,Normattiva,dpr_207_2010,359,urn:nir:stato:decreto.del.presidente.della.repubblica:2010-10-05;207,,2010-12-10,010G0226,3,2026-04,True,7605,33bdc5fb1d3e4da827902029f74e20f3b22267277a6f4bcfe1c31c91b0bb72b1
data/output/appalti_it/raw/l_105_2025.html,Normattiva,l_105_2025,,urn:nir:stato:legge:2025-07-18;105,,2025-07-19,25G00113,1,2026-04,True,70365,736a3e729bb330dd23979a17339fe5dce286138ba68f8d5f57d3c9584f16cad2
data/output/appalti_it/raw/l_105_2025_art_001.html,Normattiva,l_105_2025,001,urn:nir:stato:legge:2025-07-18;105,,2025-07-19,25G00113,1,2026-04,True,5657,d881e15e9be728d04869e9915a9a5bb10e89e3287ba1115725ab909b249f5e71
data/output/appalti_it/raw/l_108_2021.html,Normattiva,l_108_2021,,urn:nir:stato:legge:2021-07-29;108,,2021-07-30,21G00118,1,2026-04,True,74054,69e5f23ca9e317cd4cf403a2009915fc0d1fc45af752b09bfb70243c2722c132
data/output/appalti_it/raw/l_108_2021_art_001.html,Normattiva,l_108_2021,001,urn:nir:stato:legge:2021-07-29;108,,2021-07-30,21G00118,1,2026-04,True,9542,4d0a156a2e5005112288f319f6fe50ec3768632731f825de1d91e7e3de45d0ff
data/output/appalti_it/raw/l_114_2014.html,Normattiva,l_114_2014,,urn:nir:stato:legge:2014-08-11;114,,2014-08-18,14G00129,1,2026-04,True,69042,8176cfc0e4929d91c3076eb06ca657bb0b6102b76d93ce9a964ab48ebbfdb3a8
data/output/appalti_it/raw/l_114_2014_art_001.html,Normattiva,l_114_2014,001,urn:nir:stato:legge:2014-08-11;114,,2014-08-18,14G00129,1,2026-04,True,5409,c3d81ebad34932012590ba68324687da893a3532af815f7e75b33fc5e77635cd
data/output/appalti_it/raw/l_11_2016.html,Normattiva,l_11_2016,,urn:nir:stato:legge:2016-01-28;11,,2016-01-29,16G00013,2,2026-04,True,132466,4fd544238d00ee5cc7283ee3c40794033a6f1070e638e247be3f979241f8a0d5
data/output/appalti_it/raw/l_11_2016_art_001.html,Normattiva,l_11_2016,001,urn:nir:stato:legge:2016-01-28;11,,2016-01-29,16G00013,2,2026-04,True,68204,b11ddec91fbdb5e2d644c6f64c5ec25e6265ff00fd3a6f63eafb401302a8ca31
data/output/appalti_it/raw/l_120_2020.html,Normattiva,l_120_2020,,urn:nir:stato:legge:2020-09-11;120,,2020-09-14,20G00139,1,2026-04,True,71800,0d8097f8bfab5bf306fa8151a5eea400d428564d83150f932d5e66815b2e594f
data/output/appalti_it/raw/l_120_2020_art_001.html,Normattiva,l_120_2020,001,urn:nir:stato:legge:2020-09-11;120,,2020-09-14,20G00139,2,2026-04,True,6024,8e77eecc9b878f5183b7501123583209e2e57c2f1d751edb473c6fd821fba230
data/output/appalti_it/raw/l_136_2010.html,Normattiva,l_136_2010,,urn:nir:stato:legge:2010-08-13;136,,2010-08-23,010G0162,1,2026-04,True,108573,f7f536be9154f94d6835d8c2b36eab1488bb132354274983972434a48862ff15
data/output/appalti_it/raw/l_136_2010_art_001.html,Normattiva,l_136_2010,001,urn:nir:stato:legge:2010-08-13;136,,2010-08-23,010G0162,1,2026-04,True,37961,a6e41dd899650e0101e6c854a3908e0d0e17f7efd1791c308a817ae69c5eee05
data/output/appalti_it/raw/l_136_2010_art_002.html,Normattiva,l_136_2010,002,urn:nir:stato:legge:2010-08-13;136,,2010-08-23,010G0162,1,2026-04,True,37955,b1eceb095de7e0c4b1a666c8d78de8fcd09f982d343ec848761503a65d7f9c34
data/output/appalti_it/raw/l_136_2010_art_003.html,Normattiva,l_136_2010,003,urn:nir:stato:legge:2010-08-13;136,,2010-08-23,010G0162,1,2026-04,True,16400,9ee550cc61c5d9dd2cec0e478570ccde846eec5992079c4f86ebbd83a5ad1e66
data/output/appalti_it/raw/l_136_2010_art_004.html,Normattiva,l_136_2010,004,urn:nir:stato:legge:2010-08-13;136,,2010-08-23,010G0162,2,2026-04,True,4481,ac95dc7592816ab26e3475e14815ed1c245837c451846da8060162bf72d701cb
data/output/appalti_it/raw/l_136_2010_art_005.html,Normattiva,l_136_2010,005,urn:nir:stato:legge:2010-08-13;136,,2010-08-23,010G0162,1,2026-04,True,16133,56ec1bcd368efd43c9869b35e346a04e4436832d73d6953db0a9463f5c690040
data/output/appalti_it/raw/l_136_2010_art_006.html,Normattiva,l_136_2010,006,urn:nir:stato:legge:2010-08-13;136,,2010-08-23,010G0162,1,2026-04,True,9456,31562214838b499baca5e167a2296e3cf87e1cdbde248a5f5a5421fc4f5de77c
data/output/appalti_it/raw/l_136_2010_art_007.html,Normattiva,l_136_2010,007,urn:nir:stato:legge:2010-08-13;136,,2010-08-23,010G0162,3,2026-04,True,14205,f614620eb90658977fdc490bd242339c8c08c9678fd4c207e908db9c0a71f2b4
data/output/appalti_it/raw/l_136_2010_art_008.html,Normattiva,l_136_2010,008,urn:nir:stato:legge:2010-08-13;136,,2010-08-23,010G0162,1,2026-04,True,36415,b0e0ea07c2d67ebd4b314704b653c1528f0fdb2e3cbf2bc074b671ca3c85cce3
data/output/appalti_it/raw/l_136_2010_art_009.html,Normattiva,l_136_2010,009,urn:nir:stato:legge:2010-08-13;136,,2010-08-23,010G0162,1,2026-04,True,5619,d7e7dec0ce67b288a00f11ef8b17cae154e3a75dec41f2b2f903483af62bb9c8
data/output/appalti_it/raw/l_136_2010_art_010.html,Normattiva,l_136_2010,010,urn:nir:stato:legge:2010-08-13;136,,2010-08-23,010G0162,1,2026-04,True,4965,1ea6c7566f49e07d74bed00ce813861823b2c4349326b352c99c1563aa9821be
data/output/appalti_it/raw/l_136_2010_art_011.html,Normattiva,l_136_2010,011,urn:nir:stato:legge:2010-08-13;136,,2010-08-23,010G0162,1,2026-04,True,10521,51de01a1fa46fe546a062ea1b6f7ecc57ce8046f78c17fac99da5d1f51786178
data/output/appalti_it/raw/l_136_2010_art_012.html,Normattiva,l_136_2010,012,urn:nir:stato:legge:2010-08-13;136,,2010-08-23,010G0162,1,2026-04,True,9473,73688c53bb226eba2d23e0046f5f367c8987fd7f1c2d9c1fac8f3387c8e2c4ed
data/output/appalti_it/raw/l_136_2010_art_013.html,Normattiva,l_136_2010,013,urn:nir:stato:legge:2010-08-13;136,,2010-08-23,010G0162,1,2026-04,True,13244,ff0a94a2869e75eac7987e1204808d41b136739d13d82c0fa2111b1564fdb7dc
data/output/appalti_it/raw/l_136_2010_art_014.html,Normattiva,l_136_2010,014,urn:nir:stato:legge:2010-08-13;136,,2010-08-23,010G0162,1,2026-04,True,14655,13cd19694e6d89bc8dbe6c1ae5b42bc8927f2697e3289773128cbc0c0aa36ac2
data/output/appalti_it/raw/l_136_2010_art_015.html,Normattiva,l_136_2010,015,urn:nir:stato:legge:2010-08-13;136,,2010-08-23,010G0162,1,2026-04,True,8244,d6a15c528cd61879603bc799a0e870cd7e82980023bc5c74b2df81586a994c53
data/output/appalti_it/raw/l_136_2010_art_016.html,Normattiva,l_136_2010,016,urn:nir:stato:legge:2010-08-13;136,,2010-08-23,010G0162,1,2026-04,True,3990,9595b1e08ccd41ad92355832cc5f38c1497ed407fe494be3f574182a62ac0aff
data/output/appalti_it/raw/l_145_2018.html,Normattiva,l_145_2018,,urn:nir:stato:legge:2018-12-30;145,,2018-12-31,18G00172,118,2026-04,True,850380,78b0d94ea7b419a71dd0ea11b6217a7c40ce3034986306e7322ccbb97353016b
data/output/appalti_it/raw/l_145_2018_art_001.html,Normattiva,l_145_2018,001,urn:nir:stato:legge:2018-12-30;145,,2018-12-31,18G00172,118,2026-04,True,88213,71d34f9388e25db1889588030cbb28573bcc998a5f925185a8160897cc08869a
data/output/appalti_it/raw/l_145_2018_art_002.html,Normattiva,l_145_2018,002,urn:nir:stato:legge:2018-12-30;145,,2018-12-31,18G00172,118,2026-04,True,4522,29b58ccc933cba1f67987939efd620b3484404a723cc626ca0721d64fd8bb9db
data/output/appalti_it/raw/l_145_2018_art_003.html,Normattiva,l_145_2018,003,urn:nir:stato:legge:2018-12-30;145,,2018-12-31,18G00172,1,2026-04,True,19521,945fdbf9b972b5208b39e94a82a1dee425bafe1784efafee1c60bf32c05dfe7d
data/output/appalti_it/raw/l_145_2018_art_004.html,Normattiva,l_145_2018,004,urn:nir:stato:legge:2018-12-30;145,,2018-12-31,18G00172,2,2026-04,True,5524,c8df65f57c63affe3bdccecd96005294590b1b4cc4e0a3b3441a1fd908f7454a
data/output/appalti_it/raw/l_145_2018_art_005.html,Normattiva,l_145_2018,005,urn:nir:stato:legge:2018-12-30;145,,2018-12-31,18G00172,1,2026-04,True,5147,7f0c078f6d0e0177aa4b6bfd9e6129e3ed51eda210019c46ee2e2a6c03117970
data/output/appalti_it/raw/l_145_2018_art_006.html,Normattiva,l_145_2018,006,urn:nir:stato:legge:2018-12-30;145,,2018-12-31,18G00172,1,2026-04,True,5470,c61e3d1b17b589b757c93039bd84204de1c15e7a0dbf7e57539f8e86f5c2cddf
data/output/appalti_it/raw/l_145_2018_art_007.html,Normattiva,l_145_2018,007,urn:nir:stato:legge:2018-12-30;145,,2018-12-31,18G00172,1,2026-04,True,6323,62af98642a68443a0e856c889ef8be31ff7a9b3ad6cfeb05cb4553d1fecc476d
data/output/appalti_it/raw/l_145_2018_art_008.html,Normattiva,l_145_2018,008,urn:nir:stato:legge:2018-12-30;145,,2018-12-31,18G00172,1,2026-04,True,4460,e895349c288301524a7610849023db86c58dbd05205abb09274f75aa06b51b59
data/output/appalti_it/raw/l_145_2018_art_009.html,Normattiva,l_145_2018,009,urn:nir:stato:legge:2018-12-30;145,,2018-12-31,18G00172,1,2026-04,True,12368,d05e29a5c30b6e0b2f62dd5079588c488788166568f311bc0ad829061e798165
data/output/appalti_it/raw/l_145_2018_art_010.html,Normattiva,l_145_2018,010,urn:nir:stato:legge:2018-12-30;145,,2018-12-31,18G00172,1,2026-04,True,4463,71f016f8fbba165f015f197496342d3940681cfd58d987ebcd2afb672b0915e0
data/output/appalti_it/raw/l_145_2018_art_011.html,Normattiva,l_145_2018,011,urn:nir:stato:legge:2018-12-30;145,,2018-12-31,18G00172,1,2026-04,True,8460,cb53d5ddace9f098bb062cb62b223127d0948283b6ce1d38d5e8e58c9550f32e
data/output/appalti_it/raw/l_145_2018_art_012.html,Normattiva,l_145_2018,012,urn:nir:stato:legge:2018-12-30;145,,2018-12-31,18G00172,1,2026-04,True,10548,e1ead2cc05fa790051677a3e8d43e4ea3b51b784a969beb5e691ec3746845d24
data/output/appalti_it/raw/l_145_2018_art_013.html,Normattiva,l_145_2018,013,urn:nir:stato:legge:2018-12-30;145,,2018-12-31,18G00172,1,2026-04,True,9613,d51cad4a7790cf9c972eb4dd87a969ff73988bb812e9824d1d28d5d0c452779a
data/output/appalti_it/raw/l_145_2018_art_014.html,Normattiva,l_145_2018,014,urn:nir:stato:legge:2018-12-30;145,,2018-12-31,18G00172,1,2026-04,True,7605,84a4e8b41fe5b326be45bf1947af721c4a4cc5bbe3fcafb2648146a152552d36
data/output/appalti_it/raw/l_145_2018_art_015.html,Normattiva,l_145_2018,015,urn:nir:stato:legge:2018-12-30;145,,2018-12-31,18G00172,1,2026-04,True,5242,0e3ebb29a12cd0b873305a22bad4e5b2afd96ba7aad28c40510724532d608c7f
data/output/appalti_it/raw/l_145_2018_art_016.html,Normattiva,l_145_2018,016,urn:nir:stato:legge:2018-12-30;145,,2018-12-31,18G00172,1,2026-04,True,4495,0de9d8f803d17943c30f85f054ab05f2f5f5333a4ea2d59d3106ce396b5997a3
data/output/appalti_it/raw/l_145_2018_art_017.html,Normattiva,l_145_2018,017,urn:nir:stato:legge:2018-12-30;145,,2018-12-31,18G00172,1,2026-04,True,4348,1686a3fc9ece80a5f65e58fb274388917867323ac420b3612f0ec20ff09ab5b2
data/output/appalti_it/raw/l_145_2018_art_018.html,Normattiva,l_145_2018,018,urn:nir:stato:legge:2018-12-30;145,,2018-12-31,18G00172,1,2026-04,True,32740,833d922abb838c77d193840fc31aaa6b8d32c3c88325a7399ffedaa9acabbbf9
data/output/appalti_it/raw/l_145_2018_art_019.html,Normattiva,l_145_2018,019,urn:nir:stato:legge:2018-12-30;145,,2018-12-31,18G00172,1,2026-04,True,4962,c9d8c32f34b07f3fcfbe619b6c2efcd435e6468b8907f97e36255ff36c35aa7a
data/output/appalti_it/raw/l_190_2012.html,Normattiva,l_190_2012,,urn:nir:stato:legge:2012-11-06;190,,2012-11-13,012G0213,15,2026-04,True,181344,f17a9d829705d653fa3fef6757f54d5223b6878cb853dae2edb8b47cfb55dc43
data/output/appalti_it/raw/l_190_2012_art_001.html,Normattiva,l_190_2012,001,urn:nir:stato:legge:2012-11-06;190,,2012-11-13,012G0213,1,2026-04,True,111323,2d09706f44281459ae18f10080fbbf98eb176d733d3263426c791f59d0ba0c54
data/output/appalti_it/raw/l_190_2012_art_002.html,Normattiva,l_190_2012,002,urn:nir:stato:legge:2012-11-06;190,,2012-11-13,012G0213,15,2026-04,True,4229,7391e0843afb6085fd92ceb1870adc69a0cf388439d5159f8177125a25af56c0
data/output/appalti_it/raw/l_241_1990.html,Normattiva,l_241_1990,,urn:nir:stato:legge:1990-08-07;241,,1990-08-18,090G0294,5,2026-04,True,168551,ff2ea3b71f556f3455317e28546a9a06213d53d9e758d74d351745ab21cf68d6
data/output/appalti_it/raw/l_241_1990_art_001.html,Normattiva,l_241_1990,001,urn:nir:stato:legge:1990-08-07;241,,1990-08-18,090G0294,11,2026-04,True,5626,c3b26fe4a56fd6cd294cea5047af84307f6b5dff779b43f7f27bce28f3d38e31
data/output/appalti_it/raw/l_241_1990_art_002.html,Normattiva,l_241_1990,002,urn:nir:stato:legge:1990-08-07;241,,1990-08-18,090G0294,5,2026-04,True,15977,a290f2024d8fc390189a7711afa2d466968aec3a464b8a95aa1086771f38dcad
data/output/appalti_it/raw/l_241_1990_art_003.html,Normattiva,l_241_1990,003,urn:nir:stato:legge:1990-08-07;241,,1990-08-18,090G0294,3,2026-04,True,6053,1135240b0619b355e1d55fb6a58c29d33e6710502e5b70e28b6848f12214b0e2
data/output/appalti_it/raw/l_241_1990_art_004.html,Normattiva,l_241_1990,004,urn:nir:stato:legge:1990-08-07;241,,1990-08-18,090G0294,2,2026-04,True,5415,54a1403e60513ac921bfe025d7afd37d743229b6d7a77a0dc96fdfc836d8e281
data/output/appalti_it/raw/l_241_1990_art_005.html,Normattiva,l_241_1990,005,urn:nir:stato:legge:1990-08-07;241,,1990-08-18,090G0294,2,2026-04,True,5784,6d077e4a5fd3564fd452879b26d07fdcbe68dc6b2e5bc1a6fe37f02a7085d27d
data/output/appalti_it/raw/l_241_1990_art_006.html,Normattiva,l_241_1990,006,urn:nir:stato:legge:1990-08-07;241,,1990-08-18,090G0294,3,2026-04,True,6312,d0d0ce4eddc117de22c5df90e8ec4ba56484028e50dae25e8c3089ad59960e0b
data/output/appalti_it/raw/l_241_1990_art_007.html,Normattiva,l_241_1990,007,urn:nir:stato:legge:1990-08-07;241,,1990-08-18,090G0294,1,2026-04,True,5827,6e74236457765b06dfb91b750c35dc283225377f8884129dc6ee85f5efda3fcb
data/output/appalti_it/raw/l_241_1990_art_008.html,Normattiva,l_241_1990,008,urn:nir:stato:legge:1990-08-07;241,,1990-08-18,090G0294,2,2026-04,True,7636,0c5a5df140f2ef027050789fe035bf6e12961618526a1ade963810a58ff2f095
data/output/appalti_it/raw/l_241_1990_art_009.html,Normattiva,l_241_1990,009,urn:nir:stato:legge:1990-08-07;241,,1990-08-18,090G0294,3,2026-04,True,5044,6c0ff90e1dd7618004d1d6a653b3b6db4f9ae105201cdbcc679867a15f3c37c3
data/output/appalti_it/raw/l_241_1990_art_010.html,Normattiva,l_241_1990,010,urn:nir:stato:legge:1990-08-07;241,,1990-08-18,090G0294,2,2026-04,True,5255,9b9702674e80ba0815bda4cd26f535910adda18c59c15e050c7bbd615d1b2e80
data/output/appalti_it/raw/l_241_1990_art_011.html,Normattiva,l_241_1990,011,urn:nir:stato:legge:1990-08-07;241,,1990-08-18,090G0294,3,2026-04,True,7502,52753bd3206897f3a161bcb1ff93c1205e1e45f7f5fd49ed8fba928cf07835af
data/output/appalti_it/raw/l_241_1990_art_012.html,Normattiva,l_241_1990,012,urn:nir:stato:legge:1990-08-07;241,,1990-08-18,090G0294,5,2026-04,True,5496,38e697a10e7e5d1aca992c77b169bb6ee04b7a0787932e7409536452f3622d0a
data/output/appalti_it/raw/l_241_1990_art_013.html,Normattiva,l_241_1990,013,urn:nir:stato:legge:1990-08-07;241,,1990-08-18,090G0294,3,2026-04,True,5922,37939fbdbcd9eaf81039de24aee48994b3584b16a75f2f79b96af7c02b87d1aa
data/output/appalti_it/raw/l_241_1990_art_014.html,Normattiva,l_241_1990,014,urn:nir:stato:legge:1990-08-07;241,,1990-08-18,090G0294,3,2026-04,True,10701,2941e5ba493743dfc3ed866f4d8d917a7b9d6e9df9f8fa28cc6e76de57319e8a
data/output/appalti_it/raw/l_241_1990_art_015.html,Normattiva,l_241_1990,015,urn:nir:stato:legge:1990-08-07;241,,1990-08-18,090G0294,2,2026-04,True,8908,0fb8a108abbaf9f429be26ae2ca19203bd98dc7e7234b7efc2e9e4eb14967810
data/output/appalti_it/raw/l_241_1990_art_016.html,Normattiva,l_241_1990,016,urn:nir:stato:legge:1990-08-07;241,,1990-08-18,090G0294,6,2026-04,True,7904,05ca967442e63ee11e392c230a8895b78ca82dd94f3bf970d6b1d9cf0b389bdc
data/output/appalti_it/raw/l_241_1990_art_017.html,Normattiva,l_241_1990,017,urn:nir:stato:legge:1990-08-07;241,,1990-08-18,090G0294,5,2026-04,True,6118,9ff92d272138a40a70738a6bf79f42a9751a5d71f9dfb1aece7f93ac8eb9217a
data/output/appalti_it/raw/l_241_1990_art_018.html,Normattiva,l_241_1990,018,urn:nir:stato:legge:1990-08-07;241,,1990-08-18,090G0294,2,2026-04,True,7748,e3c44963ee89cb58af4c7d0381ea78076fd868ea1cd2cdbedb5f42548bcdfb72
data/output/appalti_it/raw/l_241_1990_art_019.html,Normattiva,l_241_1990,019,urn:nir:stato:legge:1990-08-07;241,,1990-08-18,090G0294,1,2026-04,True,17894,feb556d8505dc981bfb67c2829b6098304d0c1f2056cdb04f6ef89d3a4f6a5b2
data/output/appalti_it/raw/l_241_1990_art_020.html,Normattiva,l_241_1990,020,urn:nir:stato:legge:1990-08-07;241,,1990-08-18,090G0294,1,2026-04,True,9932,9e94f69fc324e7fc07c0af3f8549a0556c06d0ac917fbb61e04e1d0dbb2f1ad6
data/output/appalti_it/raw/l_241_1990_art_021.html,Normattiva,l_241_1990,021,urn:nir:stato:legge:1990-08-07;241,,1990-08-18,090G0294,12,2026-04,True,6658,bb571d991d2cf894eead62dc54fae524bd549ac573fd862e242c3da5227b8043
data/output/appalti_it/raw/l_241_1990_art_022.html,Normattiva,l_241_1990,022,urn:nir:stato:legge:1990-08-07;241,,1990-08-18,090G0294,1,2026-04,True,8490,f6489cdf742aead7e2d796dc6755947c165ea8340b7401a41db0c78107ddab67
data/output/appalti_it/raw/l_241_1990_art_023.html,Normattiva,l_241_1990,023,urn:nir:stato:legge:1990-08-07;241,,1990-08-18,090G0294,3,2026-04,True,5185,63f28c222426ec841e0d0c38fcefa090f58184a1d6ad1e416595c38bec9dcd7a
data/output/appalti_it/raw/l_241_1990_art_024.html,Normattiva,l_241_1990,024,urn:nir:stato:legge:1990-08-07;241,,1990-08-18,090G0294,3,2026-04,True,10411,b84d87bdda3e9eaf7bec5e396c2c08372f43ed327733cadf0af10ddf61eb5696
data/output/appalti_it/raw/l_241_1990_art_025.html,Normattiva,l_241_1990,025,urn:nir:stato:legge:1990-08-07;241,,1990-08-18,090G0294,4,2026-04,True,10458,294f8e48082240f61244ccacfdee09ccaf2401cf80d18ea6e9eb3363ebe94637
data/output/appalti_it/raw/l_241_1990_art_026.html,Normattiva,l_241_1990,026,urn:nir:stato:legge:1990-08-07;241,,1990-08-18,090G0294,6,2026-04,True,5609,5a3a9087b92f7278ae80d88d1c18c806ac276aa308086bb515bb18d72231bb88
data/output/appalti_it/raw/l_241_1990_art_027.html,Normattiva,l_241_1990,027,urn:nir:stato:legge:1990-08-07;241,,1990-08-18,090G0294,3,2026-04,True,9338,1c977ae37781b0ae8c9b8b69d977a74a02b31981ed14404a72c3583793b943ee
data/output/appalti_it/raw/l_241_1990_art_028.html,Normattiva,l_241_1990,028,urn:nir:stato:legge:1990-08-07;241,,1990-08-18,090G0294,4,2026-04,True,5903,fcfaacb097beb5378eec7aa74dea4158a0bc7a255561e0101c22b76f1e46195a
data/output/appalti_it/raw/l_241_1990_art_029.html,Normattiva,l_241_1990,029,urn:nir:stato:legge:1990-08-07;241,,1990-08-18,090G0294,2,2026-04,True,8206,f091a9d8688911fc7b8cc2dc45fc88d5a35c1d287de378669b1d8839a898e003
data/output/appalti_it/raw/l_241_1990_art_030.html,Normattiva,l_241_1990,030,urn:nir:stato:legge:1990-08-07;241,,1990-08-18,090G0294,6,2026-04,True,5624,bf69e485c11fc9fa7ce6fc584b4c31d030ff97f74b867d34b5771e3b63f4621f
data/output/appalti_it/raw/l_241_1990_art_031.html,Normattiva,l_241_1990,031,urn:nir:stato:legge:1990-08-07;241,,1990-08-18,090G0294,2,2026-04,True,4284,32236407db35f3d870f9f331dd3fd2c33f24908dfe3b312ebe8c32a1c837c39b
data/output/appalti_it/raw/l_55_2019.html,Normattiva,l_55_2019,,urn:nir:stato:legge:2019-06-14;55,,2019-06-17,19G00062,1,2026-04,True,70310,05fcad8aec6b79729b980a779d3d1abbe8f5e4a762a2e501f462a17f4724e8e9
data/output/appalti_it/raw/l_55_2019_art_001.html,Normattiva,l_55_2019,001,urn:nir:stato:legge:2019-06-14;55,,2019-06-17,19G00062,1,2026-04,True,6516,a9fee8ada07b4bc88855c29744ee625ade8e0175506f5e195cc28a3192c9c0d7
data/output/appalti_it/raw/l_56_2024.html,Normattiva,l_56_2024,,urn:nir:stato:legge:2024-04-29;56,,2024-04-30,24G00074,1,2026-04,True,69229,5dc12eb4fa5eb32f8129dfacc65f200573796751c60be241cd53dee6b284e658
data/output/appalti_it/raw/l_56_2024_art_001.html,Normattiva,l_56_2024,001,urn:nir:stato:legge:2024-04-29;56,,2024-04-30,24G00074,1,2026-04,True,5417,30fcafb2a2d1bf204e4af8a8d87349f6ff38b7c210230b0fd56731037a523e21
data/output/appalti_it/raw/l_78_2022.html,Normattiva,l_78_2022,,urn:nir:stato:legge:2022-06-21;78,,2022-06-24,22G00087,1,2026-04,True,98136,8e28c13c40cbd58b88ca70492c2a9cbb5768f22304e5359362f5a5ba35c4ef9f
data/output/appalti_it/raw/l_78_2022_art_001.html,Normattiva,l_78_2022,001,urn:nir:stato:legge:2022-06-21;78,,2022-06-24,22G00087,1,2026-04,True,35800,0ad5d9290b9effc3dd2fab4c35b40384e89bb6fc918f689cf028efe9fb82dd2c
data/output/appalti_it/raw/l_78_2022_art_002.html,Normattiva,l_78_2022,002,urn:nir:stato:legge:2022-06-21;78,,2022-06-24,22G00087,1,2026-04,True,4086,4877bf2f58113754d5f35978aac343a2eaa5ecaca68f00cb561847782d1a009c
data/output/appalti_it/raw/l_90_2024.html,Normattiva,l_90_2024,,urn:nir:stato:legge:2024-06-28;90,,2024-07-02,24G00108,2,2026-04,True,86786,bec2d9e58e28a467f5dea09a63779d409b449fe774a89adf4891856bc01f21aa
data/output/appalti_it/raw/l_90_2024_art_001.html,Normattiva,l_90_2024,001,urn:nir:stato:legge:2024-06-28;90,,2024-07-02,24G00108,1,2026-04,True,12226,e21603302e9586939c25ed0a511516f97b0bf5c248b437c2580c7da273924ccf
data/output/appalti_it/raw/l_90_2024_art_002.html,Normattiva,l_90_2024,002,urn:nir:stato:legge:2024-06-28;90,,2024-07-02,24G00108,2,2026-04,True,7679,1f59b906b1e6070e1fe4ce6e525b22852da76b6538190eee67aa1eb89f19bf76
data/output/appalti_it/raw/l_90_2024_art_003.html,Normattiva,l_90_2024,003,urn:nir:stato:legge:2024-06-28;90,,2024-07-02,24G00108,1,2026-04,True,5753,8b1caf53ff4955a72efa37cc935eabe287888333552522aec3b20d49835af1fb
data/output/appalti_it/raw/l_90_2024_art_004.html,Normattiva,l_90_2024,004,urn:nir:stato:legge:2024-06-28;90,,2024-07-02,24G00108,1,2026-04,True,26243,4cba4a10065fe236e717f874f0b512cba820668c8b4a3a0ebe907e93f83200e1
data/output/appalti_it/raw/l_90_2024_art_005.html,Normattiva,l_90_2024,005,urn:nir:stato:legge:2024-06-28;90,,2024-07-02,24G00108,1,2026-04,True,8418,178148b953c19f9dfbbe1e6dd7d7a5b4c5856ee97ce05e87a1e713fb872d350f
data/output/appalti_it/raw/l_90_2024_art_006.html,Normattiva,l_90_2024,006,urn:nir:stato:legge:2024-06-28;90,,2024-07-02,24G00108,1,2026-04,True,8775,86a52b1e939ab797b031626937ebd8b5fe514917877a6ca9a05fcecd5e78fb55
data/output/appalti_it/raw/l_90_2024_art_007.html,Normattiva,l_90_2024,007,urn:nir:stato:legge:2024-06-28;90,,2024-07-02,24G00108,1,2026-04,True,7190,eb10349445313affee6e47a24b8e64761893687c9c74fb1e7c7678b2ca105ca6
data/output/appalti_it/raw/l_90_2024_art_008.html,Normattiva,l_90_2024,008,urn:nir:stato:legge:2024-06-28;90,,2024-07-02,24G00108,1,2026-04,True,32677,afa35e0613704397696b207261a804b4a4f4dd4faffb17340b12f135da08c6e2
data/output/appalti_it/raw/l_90_2024_art_009.html,Normattiva,l_90_2024,009,urn:nir:stato:legge:2024-06-28;90,,2024-07-02,24G00108,1,2026-04,True,5732,6f0b81f71080652ebf35aa7d8b43204d78773923b3f9d10df9ffc1a9ef42c825
data/output/appalti_it/raw/l_90_2024_art_010.html,Normattiva,l_90_2024,010,urn:nir:stato:legge:2024-06-28;90,,2024-07-02,24G00108,1,2026-04,True,6896,ef26ecb5bf549580b3905e524b7fb521cd6faf1a18b663d32fffb185ce6916d4
data/output/appalti_it/raw/l_90_2024_art_011.html,Normattiva,l_90_2024,011,urn:nir:stato:legge:2024-06-28;90,,2024-07-02,24G00108,1,2026-04,True,6261,312a9820a57b040218cf7aca7e56ac44380498ee3a15c6205f482c41465c0a88
data/output/appalti_it/raw/l_90_2024_art_012.html,Normattiva,l_90_2024,012,urn:nir:stato:legge:2024-06-28;90,,2024-07-02,24G00108,1,2026-04,True,16379,fa2e47ed12ced2f54feba3b6bb60e743ddf82f03ae59c3c8f7d65f86c19d5d62
data/output/appalti_it/raw/l_90_2024_art_013.html,Normattiva,l_90_2024,013,urn:nir:stato:legge:2024-06-28;90,,2024-07-02,24G00108,1,2026-04,True,18220,fd77a0cdeedff5e03bb46146771b23c0af6573357fda8245417a4fd40f2a0c39
data/output/appalti_it/raw/l_90_2024_art_014.html,Normattiva,l_90_2024,014,urn:nir:stato:legge:2024-06-28;90,,2024-07-02,24G00108,1,2026-04,True,17802,c4651b19d8cdf57fb65e08865b43ff555139a2d0b7017870f8d34a1f98b7bd56
data/output/appalti_it/raw/l_90_2024_art_015.html,Normattiva,l_90_2024,015,urn:nir:stato:legge:2024-06-28;90,,2024-07-02,24G00108,1,2026-04,True,14393,17b4db7dae54c0892eaea1d17669246dffee064b7bcda504d84bebdd45388107
data/output/appalti_it/raw/l_90_2024_art_016.html,Normattiva,l_90_2024,016,urn:nir:stato:legge:2024-06-28;90,,2024-07-02,24G00108,1,2026-04,True,35642,146d5a754886ad35a3618537f2aea91f81eebf3f3c4b4fb762092b407ae00d85
data/output/appalti_it/raw/l_90_2024_art_017.html,Normattiva,l_90_2024,017,urn:nir:stato:legge:2024-06-28;90,,2024-07-02,24G00108,1,2026-04,True,19067,e6dcc980ab8aad1e52d24f45b8be0240a3d259e3dcdab6afbb5492bf27b81e19
data/output/appalti_it/raw/l_90_2024_art_018.html,Normattiva,l_90_2024,018,urn:nir:stato:legge:2024-06-28;90,,2024-07-02,24G00108,1,2026-04,True,21261,ecdf5736c83a5227544f6804fe01031eb625430aa3f4907c85682f95295874fd
data/output/appalti_it/raw/l_90_2024_art_019.html,Normattiva,l_90_2024,019,urn:nir:stato:legge:2024-06-28;90,,2024-07-02,24G00108,1,2026-04,True,8079,d9e7fe9f4e4ca38ea2228679551df1aa3b8fd04b3d8fb6c0a57519201aa3d223
data/output/appalti_it/raw/l_90_2024_art_020.html,Normattiva,l_90_2024,020,urn:nir:stato:legge:2024-06-28;90,,2024-07-02,24G00108,1,2026-04,True,9303,efeabf1d4451cc6b94dc296f79758f402e066b4df1cc753898973569dfa19b72
data/output/appalti_it/raw/l_90_2024_art_021.html,Normattiva,l_90_2024,021,urn:nir:stato:legge:2024-06-28;90,,2024-07-02,24G00108,1,2026-04,True,6973,40b076a6b57d3484ff6d69f67d42a2c8fe12daeeb66aaf1346494fef1f87c999
data/output/appalti_it/raw/l_90_2024_art_022.html,Normattiva,l_90_2024,022,urn:nir:stato:legge:2024-06-28;90,,2024-07-02,24G00108,1,2026-04,True,9205,2f330128c82f3bca094d9cbad9d40af32733c6a56d1f65b2d4588863194f5b3f
data/output/appalti_it/raw/l_90_2024_art_023.html,Normattiva,l_90_2024,023,urn:nir:stato:legge:2024-06-28;90,,2024-07-02,24G00108,1,2026-04,True,6760,1ac7734404597c30960eadfbd69626df5e77328bad4a4e41fc62cfda7b0ee50d
data/output/appalti_it/raw/l_90_2024_art_024.html,Normattiva,l_90_2024,024,urn:nir:stato:legge:2024-06-28;90,,2024-07-02,24G00108,1,2026-04,True,8665,31b150eb30f9d8f6fae835b8aa7238f6ce7cb8a2c5d3e1d447f0f30f9f11aebc
data/output/appalti_it/raw/l_98_2013.html,Normattiva,l_98_2013,,urn:nir:stato:legge:2013-08-09;98,,2013-08-20,13G00140,1,2026-04,True,69634,9d17ba0c8976869cd27d358096634a12c7ea2144f4a0b4d9196ed4942f03f955
data/output/appalti_it/raw/l_98_2013_art_001.html,Normattiva,l_98_2013,001,urn:nir:stato:legge:2013-08-09;98,,2013-08-20,13G00140,1,2026-04,True,5771,3a95a3c6f3df3771975f5fa42c683a21727b0580ea368f3edfe51ae7fd306655
data/snapshots/2026-04/eurlex/32014L0024.json,EUR-Lex,32014L0024,,32014L0024,32014L0024,,,consolidated text stored in repository,2026-04,True,846969,2c0565219ee15deef33aa976073b788bbb8df732ad78417a718eb1c06d18d80b
data/snapshots/2026-04/eurlex/32014L0025.json,EUR-Lex,32014L0025,,32014L0025,32014L0025,,,consolidated text stored in repository,2026-04,True,822232,e5aa726bc866d6761a7385909ed70276eadb8fd8372b4d03a97e8e77da8d17d3
data/snapshots/2026-04/eurlex/32014L0023.json,EUR-Lex,32014L0023,,32014L0023,32014L0023,,,consolidated text stored in repository,2026-04,True,454985,8226ff8b60b7ef83f1279e95a91021d25f2294751b24d9d74029d25d31c8eb44
