Id,layer,confidence,motivation,input_source,classification_status,dominant_layer,purity,G1,G2,G3,G4,G5
32009D0489,,,Decisione tecnica con allegati specifici,preamble,ok,G3,0.6,10.0,20.0,60.0,10.0,0.0
32010D0212,,,Principi fondanti e quadro legislativo,preamble,ok,G2,0.6,40.0,60.0,0.0,0.0,0.0
32010H0167,,,Regolamento tecnico con riferimenti a principi e quadro,preamble,ok,G3,0.6,10.0,20.0,60.0,10.0,0.0
32011L0076R(01),,,Legge quadro con principi e dettagli tecnici,preamble,ok,G2,0.7,20.0,70.0,5.0,5.0,0.0
32013D1313R(03),,,Legge quadro con principi e dettagli tecnici,preamble,ok,G2,0.7,15.0,70.0,10.0,5.0,0.0
32014R0513R(01),,,Legge quadro con principi fondanti e dettagli tecnici,preamble,ok,G2,0.7,20.0,70.0,5.0,5.0,0.0
32014R1299R(02),,,Regolamento tecnico con riferimenti a principi e linee guida,preamble,ok,G3,0.6,10.0,20.0,60.0,10.0,0.0
32015D1835,,,Decisione quadro con principi e regole operative,preamble,ok,G2,0.7,20.0,70.0,5.0,5.0,0.0
32015L2366,,,Legge quadro con riferimenti a principi e dettagli,preamble,ok,G2,0.8,10.0,80.0,5.0,5.0,0.0
32015R0020,,,Regolamento tecnico con riferimenti a principi e linee guida,preamble,ok,G3,0.8,10.0,0.0,80.0,10.0,0.0
32016D0209,,,Atto tecnico basato su regolamento quadro,preamble,ok,G3,0.6,10.0,20.0,60.0,10.0,0.0
32016D0339R(01),,,Atto tecnico con riferimenti a principi e quadro,preamble,ok,G3,0.5,10.0,30.0,50.0,10.0,0.0
32016D0422,,,Atto tecnico con riferimenti a regolamenti,preamble,ok,G3,0.6,10.0,20.0,60.0,10.0,0.0
32016R1710,,,Regolamento quadro con riferimenti ai trattati e dettagli tecnici,preamble,ok,G2,0.7,10.0,70.0,20.0,0.0,0.0
32016R1719R(03),,,Regolamento tecnico con riferimenti a principi e quadro,preamble,ok,G3,0.6,10.0,20.0,60.0,10.0,0.0
32016R2214,,,Regolamento tecnico con riferimenti a principi e quadro,preamble,ok,G3,0.6,10.0,20.0,60.0,10.0,0.0
32017D2378,,,Atto tecnico con riferimenti a regolamenti,preamble,ok,G3,0.6,10.0,20.0,60.0,10.0,0.0
32017L2455R(04),,,"Direttiva con principi, regole e dettagli tecnici",preamble,ok,G2,0.7,10.0,70.0,15.0,5.0,0.0
32017L2455R(07),,,Direttiva con principi e dettagli tecnici,preamble,ok,G2,0.7,10.0,70.0,15.0,5.0,0.0
32017R0006,,,Regolamento tecnico con riferimenti a principi e linee guida,preamble,ok,G3,0.6,10.0,20.0,60.0,10.0,0.0
32017R0393,,,Regolamento tecnico con riferimenti a principi e linee guida,preamble,ok,G3,0.8,10.0,0.0,80.0,10.0,0.0
32017R1084,,,Regolamento delegato con riferimenti ai trattati,preamble,ok,G3,0.8,10.0,0.0,80.0,10.0,0.0
32017R1084R(04),,,Regolamento delegato con riferimenti a trattati e linee guida,preamble,ok,G3,0.6,10.0,20.0,60.0,10.0,0.0
32017R1538R(01),,,Atto tecnico con riferimenti a regolamenti quadro,preamble,ok,G3,0.5,10.0,30.0,50.0,10.0,0.0
32017R1538R(02),,,Atto tecnico con riferimenti a regolamenti quadro,preamble,ok,G3,0.6,10.0,20.0,60.0,10.0,0.0
32017R1800,,,Regolamento delegato con dettagli tecnici e riferimenti ai trattati.,preamble,ok,G3,0.8,10.0,0.0,80.0,10.0,0.0
32018D0860R(01),,,Decisione di infrazione con dettagli procedurali e tecnici,preamble,ok,G5,0.4,10.0,20.0,30.0,0.0,40.0
32018D1723,,,Regolamento tecnico con riferimenti a principi e linee guida,preamble,ok,G3,0.6,10.0,20.0,60.0,10.0,0.0
32018L1972R(03),,,Legge quadro con riferimenti ai trattati,preamble,ok,G2,0.8,10.0,80.0,5.0,5.0,0.0
32018R0414,,,Regolamento delegato con riferimenti a trattati e direttive,preamble,ok,G3,0.6,10.0,20.0,60.0,10.0,0.0
32018R1100,,,"Atto tecnico con allegati, basato su regolamento quadro.",preamble,ok,G3,0.6,10.0,20.0,60.0,10.0,0.0
32019D0232,,,Decisione quadro con riferimenti ai trattati,preamble,ok,G2,0.6,20.0,60.0,10.0,10.0,0.0
32019D0784,,,Regolamento tecnico con riferimenti a principi e linee guida,preamble,ok,G3,0.5,10.0,20.0,50.0,20.0,0.0
32019D1274,,,Atto tecnico con riferimenti a principi e quadro,preamble,ok,G3,0.6,10.0,20.0,60.0,10.0,0.0
32019D1276,,,Decisione di esecuzione tecnica con riferimenti ai trattati,preamble,ok,G3,0.8,10.0,0.0,80.0,10.0,0.0
32019D1278,,,Decisione di esecuzione con riferimenti a regolamenti e condizioni tecniche,preamble,ok,G3,0.6,10.0,20.0,60.0,10.0,0.0
32019D1577,,,Legge quadro con riferimenti a trattati e allegati tecnici,preamble,ok,G2,0.6,20.0,60.0,10.0,10.0,0.0
32019D1909,,,Decisione quadro con riferimenti a trattati e raccomandazioni,preamble,ok,G2,0.8,10.0,80.0,5.0,5.0,0.0
32019R0503,,,Legge quadro con riferimenti ai trattati,preamble,ok,G2,0.8,10.0,80.0,5.0,5.0,0.0
32019R2175R(02),,,Legge quadro con riferimenti a principi e dettagli tecnici,preamble,ok,G2,0.7,10.0,70.0,15.0,5.0,0.0
32020D0373R(01),,,Decisione del Consiglio con riferimenti ai Trattati e aggiornamenti tecnici,preamble,ok,G2,0.8,10.0,80.0,5.0,0.0,5.0
32020D2228,,,Legge quadro con riferimenti ai trattati,preamble,ok,G2,0.8,20.0,80.0,0.0,0.0,0.0
32021D0509,,,Principi e regole quadro in atto legislativo,preamble,ok,G2,0.6,40.0,60.0,0.0,0.0,0.0
32021D0689R(01),,,Decisione del Consiglio su accordi internazionali,preamble,ok,G2,0.8,20.0,80.0,0.0,0.0,0.0
32021L1047,,,"Aggiornamento tecnico di allegato, riferimenti a trattati e linee guida",preamble,ok,G3,0.8,10.0,0.0,80.0,10.0,0.0
32021R0732,,,Atto delegato con dettagli tecnici e riferimenti ai trattati,preamble,ok,G3,0.9,10.0,0.0,90.0,0.0,0.0
32021R0883,,,Regolamento tecnico con riferimenti a principi e quadro,preamble,ok,G3,0.6,10.0,20.0,60.0,10.0,0.0
32021R2228,,,Atto tecnico con riferimenti a principi e quadro,preamble,ok,G3,0.6,10.0,20.0,60.0,10.0,0.0
32022D0288,,,Implementazione tecnica di decisione quadro,preamble,ok,G3,0.7,10.0,20.0,70.0,0.0,0.0
32022D0636,,,Decisione quadro con riferimenti a trattati e modifiche tecniche,preamble,ok,G2,0.8,10.0,80.0,5.0,0.0,5.0
32024D2709,,,Decisione quadro con riferimenti a trattati e allegati tecnici,preamble,ok,G2,0.8,10.0,80.0,5.0,5.0,0.0
32024D2869,,,Decisione del Consiglio su comitati e gruppi di lavoro,preamble,ok,G2,0.7,10.0,70.0,20.0,0.0,0.0
32024D3096R(01),,,Decisione quadro con riferimenti ai Trattati,preamble,ok,G2,0.8,10.0,80.0,5.0,5.0,0.0
32024R1778,,,Regolamento quadro con principi e dettagli tecnici,preamble,ok,G2,0.7,10.0,70.0,10.0,5.0,5.0
32024R1787,,,Legge quadro con principi e dettagli tecnici,preamble,ok,G2,0.7,10.0,70.0,10.0,10.0,0.0
32024R3172,,,Regolamento di esecuzione con riferimenti ai trattati,preamble,ok,G3,0.8,10.0,0.0,80.0,10.0,0.0
32025D0138,,,Atto tecnico con riferimenti a principi e quadro,preamble,ok,G3,0.6,10.0,20.0,60.0,10.0,0.0
32025D1049,,,Atto tecnico con riferimenti a principi e linee guida,preamble,ok,G3,0.5,10.0,30.0,50.0,10.0,0.0
32025D1059,,,Atto tecnico con riferimenti a principi e quadro,preamble,ok,G3,0.5,10.0,30.0,50.0,10.0,0.0
32025R0343,,,Atto tecnico basato su regolamento quadro,preamble,ok,G3,0.9,10.0,0.0,90.0,0.0,0.0
32004D0732,,,Riferimenti a trattati e procedure operative,preamble,ok,G2,0.4,20.0,40.0,30.0,10.0,0.0
32004L0113R(03),,,Principi fondanti e riferimenti a trattati,preamble,ok,G1,0.7,70.0,20.0,0.0,10.0,0.0
32005H0885,,,Atto tecnico con riferimenti a principi e regole,preamble,ok,G3,0.4,10.0,30.0,40.0,10.0,10.0
32006D0355R(01),,,"Riferimenti a trattati, istituzione gruppo, dettagli tecnici",preamble,ok,G2,0.4,20.0,40.0,30.0,10.0,0.0
32006D0592,,,Decisione quadro con riferimento ai Trattati,preamble,ok,G2,0.8,20.0,80.0,0.0,0.0,0.0
32006L0103R(01),,,"Adattamento atti per accessione, quadro legislativo",preamble,ok,G2,0.8,20.0,80.0,0.0,0.0,0.0
32007L0016,,,Regolamento tecnico per uniformare definizioni,preamble,ok,G3,0.8,10.0,0.0,80.0,10.0,0.0
32008E0307,,,Legge quadro con riferimenti a principi e misure tecniche,preamble,ok,G2,0.6,20.0,60.0,10.0,10.0,0.0
32008E0588,,,Principi fondanti e quadro legislativo,preamble,ok,G2,0.8,20.0,80.0,0.0,0.0,0.0
32008L0063,,,Direttiva di codifica con principi e regole operative,preamble,ok,G2,0.7,10.0,70.0,15.0,5.0,0.0
32009D0022,,,Decisione del Consiglio con base nei Trattati,preamble,ok,G2,0.9,10.0,90.0,0.0,0.0,0.0
32009D0381,,,Regolamento tecnico con riferimenti a principi e quadro,preamble,ok,G3,0.6,10.0,20.0,60.0,10.0,0.0
32009D0515,,,Decisione del Consiglio che approva accordo internazionale,preamble,ok,G2,0.8,20.0,80.0,0.0,0.0,0.0
32009D0703,,,Decisione di infrazione con riferimento ai trattati,preamble,ok,G5,0.9,10.0,0.0,0.0,0.0,90.0
32009L0081R(03),,,Principi e regole quadro con dettagli tecnici,preamble,ok,G2,0.6,20.0,60.0,10.0,10.0,0.0
32009L0110,,,Direttiva quadro con riferimenti ai trattati,preamble,ok,G2,0.7,10.0,70.0,10.0,10.0,0.0
32010D0461,,,Atto legislativo quadro con riferimenti ai trattati,preamble,ok,G2,0.8,20.0,80.0,0.0,0.0,0.0
32010D0799,,,Principi e obiettivi politici generali,preamble,ok,G2,0.5,40.0,50.0,0.0,10.0,0.0
32011H0750,,,"Cita trattati, stabilisce regole, dettagli tecnici, linee guida.",preamble,ok,G3,0.4,10.0,30.0,40.0,20.0,0.0
32011R1332R(01),,,Regolamento tecnico con riferimenti a principi e linee guida,preamble,ok,G3,0.8,10.0,0.0,80.0,10.0,0.0
32012D0462,,,Atto tecnico con riferimenti a principi e linee guida,preamble,ok,G3,0.6,10.0,20.0,60.0,10.0,0.0
32012L0034R(09),,,Legge quadro con principi e dettagli tecnici,preamble,ok,G2,0.7,15.0,70.0,10.0,5.0,0.0
32013D0654,,,Atto tecnico con riferimenti a principi e quadro,preamble,ok,G3,0.6,10.0,20.0,60.0,10.0,0.0
32014D0415,,,Decisione quadro con principi e coordinamento,preamble,ok,G2,0.7,20.0,70.0,5.0,5.0,0.0
32014R0514R(04),,,Legge quadro con principi fondanti e dettagli tecnici,preamble,ok,G2,0.7,20.0,70.0,5.0,5.0,0.0
32014R0909R(05),,,Legge quadro con principi e dettagli tecnici,preamble,ok,G2,0.7,10.0,70.0,15.0,5.0,0.0
32014R1299,,,Regolamento tecnico con riferimenti a principi e linee guida,preamble,ok,G3,0.6,10.0,20.0,60.0,10.0,0.0
32015D1141,,,Decisione del Consiglio con riferimenti ai Trattati e dettagli operativi,preamble,ok,G2,0.7,10.0,70.0,10.0,10.0,0.0
32015R1977,,,Regolamento di esecuzione tecnico-operativo,preamble,ok,G3,0.8,10.0,0.0,80.0,10.0,0.0
32015R2322,,,Regolamento tecnico con riferimenti a trattati e linee guida,preamble,ok,G3,0.8,10.0,0.0,80.0,10.0,0.0
32016D0204,,,Decisione del Consiglio con riferimenti a trattati e regolamenti tecnici,preamble,ok,G2,0.6,10.0,60.0,20.0,10.0,0.0
32016D1352,,,Decisione quadro con principi e dettagli tecnici,preamble,ok,G2,0.7,10.0,70.0,15.0,5.0,0.0
32016R0963,,,Regolamento tecnico con riferimenti a trattati e linee guida,preamble,ok,G3,0.8,10.0,0.0,80.0,10.0,0.0
32016R1375,,,Regolamento delegato con allegati tecnici,preamble,ok,G3,0.8,10.0,0.0,80.0,10.0,0.0
32017D1985,,,Atto di esecuzione tecnica con riferimenti a principi,preamble,ok,G3,0.8,10.0,0.0,80.0,10.0,0.0
32017L2455R(05),,,"Direttiva con principi, regole e dettagli tecnici",preamble,ok,G2,0.7,10.0,70.0,15.0,5.0,0.0
32017R0394,,,Regolamento tecnico basato su delega,preamble,ok,G3,0.9,10.0,0.0,90.0,0.0,0.0
32017R1354,,,Regolamento di esecuzione tecnica,preamble,ok,G3,0.9,10.0,0.0,90.0,0.0,0.0
32017R1538,,,Atto tecnico con riferimenti a regolamenti e standard,preamble,ok,G3,0.6,10.0,20.0,60.0,10.0,0.0
32017R2055,,,Regolamento tecnico con riferimenti a principi e quadro,preamble,ok,G3,0.6,10.0,20.0,60.0,10.0,0.0
32022D0706,,,Regolamento tecnico con riferimenti a principi e quadro,preamble,ok,G3,0.6,10.0,20.0,60.0,10.0,0.0
32022D0810R(01),,,Decisione del Consiglio con riferimenti ai Trattati,preamble,ok,G2,0.8,10.0,80.0,5.0,0.0,5.0
32022D2571,,,Decisione del Consiglio su posizione EEA,preamble,ok,G2,0.7,10.0,70.0,10.0,5.0,5.0
32022R1214,,,Delegato tecnico con riferimenti a trattati e linee guida,preamble,ok,G3,0.8,10.0,0.0,80.0,10.0,0.0
32022R2554R(05),,,Legge quadro con principi e dettagli tecnici,preamble,ok,G2,0.7,10.0,70.0,15.0,5.0,0.0
32023D0376,,,Regolamento delegato con dettagli tecnici e riferimenti a trattati,preamble,ok,G3,0.8,10.0,0.0,80.0,10.0,0.0
32023D0598,,,Decisione del Consiglio con base nel Trattato,preamble,ok,G2,0.8,20.0,80.0,0.0,0.0,0.0
32023D1336,,,Atto tecnico con riferimenti a principi e linee guida,preamble,ok,G3,0.8,10.0,0.0,80.0,10.0,0.0
32023D2671,,,Legge quadro con principi e dettagli tecnici,preamble,ok,G2,0.7,10.0,70.0,15.0,5.0,0.0
32023R0736,,,Atto di esecuzione tecnica con riferimenti a regolamenti,preamble,ok,G3,0.7,10.0,20.0,70.0,0.0,0.0
32023R1525,,,Legge quadro con principi e dettagli tecnici,preamble,ok,G2,0.7,15.0,70.0,10.0,5.0,0.0
32023R2779,,,Regolamento delegato con dettagli tecnici e riferimenti ai trattati.,preamble,ok,G3,0.8,10.0,0.0,80.0,10.0,0.0
32024D0336,,,Decisione del Consiglio con riferimenti ai Trattati,preamble,ok,G2,0.8,20.0,80.0,0.0,0.0,0.0
32024D2383,,,Regolamento delegato con dettagli tecnici e riferimenti ai trattati.,preamble,ok,G3,0.8,10.0,0.0,80.0,10.0,0.0
32024D2521,,,Decisione quadro con principi e dettagli operativi,preamble,ok,G2,0.6,20.0,60.0,10.0,10.0,0.0
32024D2864,,,Decisione di infrazione con riferimento ai Trattati,preamble,ok,G5,0.9,10.0,0.0,0.0,0.0,90.0
32024O2798,,,Regolamento quadro con riferimenti ai trattati e dettagli tecnici,preamble,ok,G2,0.6,10.0,60.0,30.0,0.0,0.0
32024R1183R(01),,,Legge quadro con riferimenti a principi e dettagli,preamble,ok,G2,0.8,10.0,80.0,5.0,5.0,0.0
32024R1366,,,Delegato tecnico con principi e linee guida,preamble,ok,G3,0.8,10.0,0.0,80.0,10.0,0.0
32024R1505,,,Regolamento delegato con dettagli tecnici e principi,preamble,ok,G3,0.8,10.0,0.0,80.0,10.0,0.0
32024R1601,,,Regolamento tecnico per aggiornare liste,preamble,ok,G3,0.8,10.0,0.0,80.0,10.0,0.0
32024R1679,,,Legge quadro con riferimenti a principi e dettagli tecnici,preamble,ok,G2,0.7,20.0,70.0,5.0,5.0,0.0
32024R2000,,,Regolamento di esecuzione tecnico con riferimenti a principi e linee guida,preamble,ok,G3,0.8,10.0,0.0,80.0,10.0,0.0
32024R2024,,,Regolamento delegato con dettagli tecnici e riferimenti ai trattati,preamble,ok,G3,0.8,10.0,0.0,80.0,10.0,0.0
32024R2981,,,Regolamento tecnico con riferimenti a principi e linee guida,preamble,ok,G3,0.6,10.0,20.0,60.0,10.0,0.0
32025D0887,,,Decisione CFSP con estensione e aggiornamento,preamble,ok,G2,0.7,10.0,70.0,20.0,0.0,0.0
32025D1060,,,Regolamento tecnico con riferimenti a principi e linee guida,preamble,ok,G3,0.6,10.0,20.0,60.0,10.0,0.0
32004D0822,,,Decisione operativa con riferimenti a principi e procedure,preamble,ok,G2,0.6,10.0,60.0,20.0,10.0,0.0
32004L0066,,,Principi trattati e regole quadro operative,preamble,ok,G2,0.8,20.0,80.0,0.0,0.0,0.0
32005D0050,,,Atto quadro con riferimenti a trattati e dettagli tecnici,preamble,ok,G2,0.6,10.0,60.0,20.0,10.0,0.0
32005D0923,,,Cita trattati e stabilisce obiettivi generali,preamble,ok,G2,0.6,40.0,60.0,0.0,0.0,0.0
32006L0038R(03),,,Legge quadro con principi e dettagli tecnici,preamble,ok,G2,0.6,20.0,60.0,10.0,10.0,0.0
32007D0210,,,Decisione quadro con riferimenti ai trattati,preamble,ok,G2,0.8,20.0,80.0,0.0,0.0,0.0
32007H0078,,,Raccomandazione non vincolante con riferimenti ai Trattati,preamble,ok,G4,0.9,10.0,0.0,0.0,90.0,0.0
32008D0214,,,Decisione di infrazione con riferimenti procedurali,preamble,ok,G5,0.4,10.0,20.0,30.0,0.0,40.0
32008D0545,,,Decisione PSC basata su trattati e azioni comuni,preamble,ok,G2,0.6,10.0,60.0,20.0,10.0,0.0
32009D0460R(01),,,Regolamento tecnico con riferimenti a principi e direttive,preamble,ok,G3,0.6,10.0,20.0,60.0,10.0,0.0
32009D0548,,,"Riferimenti a trattati e direttive quadro, dettagli tecnici",preamble,ok,G2,0.6,10.0,60.0,30.0,0.0,0.0
32009D0739,,,Atto tecnico con riferimenti a principi e quadro,preamble,ok,G3,0.5,10.0,30.0,50.0,10.0,0.0
32009L0043,,,Legge quadro con riferimenti ai trattati,preamble,ok,G2,0.7,20.0,70.0,5.0,5.0,0.0
32010D0293,,,Atto misto con prevalenza tecnica e quadro,preamble,ok,G3,0.4,10.0,30.0,40.0,20.0,0.0
32010L0013R(02),,,Direttiva quadro con principi e dettagli tecnici,preamble,ok,G2,0.7,15.0,70.0,10.0,5.0,0.0
32011D0829,,,Atto tecnico con base legale e aggiornamenti,preamble,ok,G3,0.6,10.0,20.0,60.0,10.0,0.0
32012D0688,,,Atto tecnico con riferimenti a principi e linee guida,preamble,ok,G3,0.4,10.0,30.0,40.0,20.0,0.0
32012H0798,,,Linee guida interpretative con riferimenti a principi e direttive,preamble,ok,G4,0.6,10.0,30.0,0.0,60.0,0.0
32012L0034R(04),,,Legge quadro con principi e dettagli tecnici,preamble,ok,G2,0.7,15.0,70.0,10.0,5.0,0.0
32012L0034R(08),,,Legge quadro con principi e dettagli tecnici,preamble,ok,G2,0.7,15.0,70.0,10.0,5.0,0.0
32012R0272,,,Regolamento tecnico con riferimenti a principi e linee guida,preamble,ok,G3,0.6,10.0,20.0,60.0,10.0,0.0
32014D0524,,,Decisione di infrazione con riferimento ai Trattati,preamble,ok,G5,0.9,10.0,0.0,0.0,0.0,90.0
32014L0051R(04),,,Legge quadro con principi e dettagli tecnici,preamble,ok,G2,0.7,15.0,70.0,10.0,5.0,0.0
32014L0053R(01),,,Legge quadro con riferimenti a principi e dettagli tecnici,preamble,ok,G2,0.7,10.0,70.0,15.0,5.0,0.0
32014R0909R(07),,,Legge quadro con principi e dettagli tecnici,preamble,ok,G2,0.7,10.0,70.0,15.0,5.0,0.0
32014R1299R(03),,,Regolamento tecnico con riferimenti a principi e linee guida,preamble,ok,G3,0.6,10.0,20.0,60.0,10.0,0.0
32015D1065,,,Decisione CFSP con riferimenti ai Trattati,preamble,ok,G2,0.8,20.0,80.0,0.0,0.0,0.0
32016D0599,,,Regolamento di esecuzione con dettagli tecnici e riferimenti a norme quadro,preamble,ok,G3,0.6,10.0,20.0,60.0,10.0,0.0
32016D1107,,,Atto legislativo quadro con riferimenti ai Trattati,preamble,ok,G2,0.8,20.0,80.0,0.0,0.0,0.0
32016L0800,,,Direttiva con principi e regole operative,preamble,ok,G2,0.7,15.0,70.0,10.0,5.0,0.0
32017D0177,,,Regolamento di esecuzione tecnica con riferimenti a principi,preamble,ok,G3,0.6,10.0,20.0,60.0,10.0,0.0
32017D0178,,,Decisione di esecuzione tecnica con riferimenti ai trattati,preamble,ok,G3,0.8,10.0,0.0,80.0,10.0,0.0
32017D2390,,,Atto tecnico con riferimenti a principi e linee guida,preamble,ok,G3,0.6,10.0,20.0,60.0,10.0,0.0
32017L2455,,,"Direttiva con principi, regole e dettagli tecnici",preamble,ok,G2,0.7,10.0,70.0,15.0,5.0,0.0
32017L2455R(03),,,"Direttiva con principi, regole e dettagli tecnici",preamble,ok,G2,0.7,10.0,70.0,15.0,5.0,0.0
32017R1084R(02),,,Regolamento delegato con dettagli tecnici e riferimenti a principi,preamble,ok,G3,0.6,10.0,20.0,60.0,10.0,0.0
32017R1110,,,Regolamento tecnico con riferimenti a principi e linee guida,preamble,ok,G3,0.6,10.0,20.0,60.0,10.0,0.0
32017R2177,,,Regolamento tecnico con riferimenti a principi e linee guida,preamble,ok,G3,0.5,10.0,30.0,50.0,10.0,0.0
32017R2454R(02),,,Regolamento quadro con riferimenti ai trattati e dettagli tecnici,preamble,ok,G2,0.7,10.0,70.0,20.0,0.0,0.0
32017R2459,,,Regolamento di esecuzione con riferimenti ai trattati,preamble,ok,G3,0.8,10.0,0.0,80.0,10.0,0.0
32018D0909,,,Decisione quadro con principi e regole operative,preamble,ok,G2,0.7,10.0,70.0,10.0,10.0,0.0
32018L1808R(02),,,Legge quadro con riferimenti a trattati e dettagli tecnici,preamble,ok,G2,0.7,10.0,70.0,15.0,5.0,0.0
32018R1108,,,Atto delegato con dettagli tecnici e linee guida,preamble,ok,G3,0.4,10.0,30.0,40.0,20.0,0.0
32018R1999R(01),,,Regolamento quadro con principi e dettagli tecnici,preamble,ok,G2,0.7,15.0,70.0,10.0,5.0,0.0
32019R0630R(01),,,Legge quadro con principi e dettagli tecnici,preamble,ok,G2,0.7,15.0,70.0,10.0,5.0,0.0
32019R0758,,,Regolamento delegato con dettagli tecnici e riferimenti a principi,preamble,ok,G3,0.6,10.0,20.0,60.0,10.0,0.0
32019R0881R(01),,,Legge quadro con principi e dettagli tecnici,preamble,ok,G2,0.7,10.0,70.0,10.0,10.0,0.0
32019R0881R(03),,,Legge quadro con principi fondanti e dettagli tecnici,preamble,ok,G2,0.7,15.0,70.0,10.0,5.0,0.0
32019R0881R(06),,,Legge quadro con principi e dettagli tecnici,preamble,ok,G2,0.7,10.0,70.0,10.0,10.0,0.0
32019R1148R(01),,,Legge quadro con principi e dettagli tecnici,preamble,ok,G2,0.7,10.0,70.0,15.0,5.0,0.0
32019R1148R(04),,,Legge quadro con riferimenti a principi e dettagli tecnici,preamble,ok,G2,0.7,10.0,70.0,15.0,5.0,0.0
32020D2152,,,Commissione stabilisce dettagli tecnici e tariffe,preamble,ok,G3,0.5,10.0,30.0,50.0,10.0,0.0
32020R1070,,,Regolamento tecnico con riferimenti a principi e linee guida,preamble,ok,G3,0.6,10.0,20.0,60.0,10.0,0.0
32021D0891,,,Regolamento di esecuzione tecnico-operativo,preamble,ok,G3,1.0,0.0,0.0,100.0,0.0,0.0
32021D1210R(01),,,Legge quadro con principi e dettagli operativi,preamble,ok,G2,0.6,20.0,60.0,10.0,10.0,0.0
32021D1428,,,Decisione di infrazione con riferimenti ai trattati,preamble,ok,G5,0.7,10.0,20.0,0.0,0.0,70.0
32021D1743,,,Decisione del Consiglio con base giuridica e procedure,preamble,ok,G2,0.7,10.0,70.0,10.0,10.0,0.0
32021D1797,,,Decisione quadro con principi e allegati tecnici,preamble,ok,G2,0.6,20.0,60.0,10.0,10.0,0.0
32021D2008R(02),,,Decisione quadro con riferimenti a trattati e raccomandazioni,preamble,ok,G2,0.7,10.0,70.0,10.0,10.0,0.0
32021L1187,,,Legge quadro con principi e dettagli tecnici,preamble,ok,G2,0.7,15.0,70.0,10.0,5.0,0.0
32021R0379R(02),,,"Riferimenti a trattati e regolamenti quadro, dettagli tecnici prevalenti",preamble,ok,G3,0.6,10.0,20.0,60.0,10.0,0.0
32021R0453R(03),,,Regolamento delegato con riferimenti ai trattati e linee guida,preamble,ok,G3,0.8,10.0,0.0,80.0,10.0,0.0
32021R0697R(01),,,Legge quadro con principi e dettagli tecnici,preamble,ok,G2,0.7,15.0,70.0,10.0,5.0,0.0
32021R0782R(04),,,Legge quadro con riferimenti ai trattati,preamble,ok,G2,0.7,20.0,70.0,5.0,5.0,0.0
32022D2445,,,Decisione del Consiglio che estende mandato missione,preamble,ok,G2,0.8,10.0,80.0,5.0,5.0,0.0
32022L0362R(03),,,Legge quadro con principi e dettagli tecnici,preamble,ok,G2,0.7,15.0,70.0,10.0,5.0,0.0
32022R0030R(01),,,Regolamento tecnico con principi e linee guida,preamble,ok,G3,0.6,10.0,20.0,60.0,10.0,0.0
32022R0432,,,Direttiva che modifica norme IVA con allegati tecnici,preamble,ok,G2,0.6,10.0,60.0,30.0,0.0,0.0
32022R0670,,,Regolamento delegato con riferimenti a trattati e direttive,preamble,ok,G3,0.6,10.0,20.0,60.0,10.0,0.0
32022R0828,,,Correzione tecnica di regolamento delegato,preamble,ok,G3,0.9,10.0,0.0,90.0,0.0,0.0
32023D0177,,,Regolamento di esecuzione con dettagli tecnici,preamble,ok,G3,0.8,10.0,0.0,80.0,10.0,0.0
32023L2661,,,Legge quadro con riferimenti a principi e dettagli tecnici,preamble,ok,G2,0.7,10.0,70.0,10.0,10.0,0.0
32024D03936,,,Decisione tecnica basata su direttiva,preamble,ok,G3,0.6,10.0,20.0,60.0,10.0,0.0
32024D06798,,,Decisione tecnica con allegati operativi,preamble,ok,G3,0.6,10.0,20.0,60.0,10.0,0.0
32024D1472,,,Legge quadro con principi e dettagli operativi,preamble,ok,G2,0.7,10.0,70.0,10.0,10.0,0.0
32024D2193,,,Decisione del Consiglio con riferimenti ai Trattati e dettagli operativi,preamble,ok,G2,0.7,10.0,70.0,20.0,0.0,0.0
32024R0264,,,Regolamento tecnico con riferimenti a principi e quadro,preamble,ok,G3,0.6,10.0,20.0,60.0,10.0,0.0
32024R0298,,,Regolamento delegato con dettagli tecnici,preamble,ok,G3,0.8,10.0,0.0,80.0,10.0,0.0
32024R0595,,,Regolamento tecnico con riferimenti a principi e linee guida,preamble,ok,G3,0.8,10.0,0.0,80.0,10.0,0.0
32024R1998,,,Regolamento tecnico con riferimenti a principi e linee guida,preamble,ok,G3,0.8,10.0,0.0,80.0,10.0,0.0
32024R2690R(01),,,Regolamento tecnico che specifica direttiva,preamble,ok,G3,0.85,10.0,0.0,85.0,5.0,0.0
32025D0799,,,Decisione del Consiglio con riferimenti a trattati e regolamenti,preamble,ok,G2,0.6,20.0,60.0,20.0,0.0,0.0
32025D1058,,,Atto tecnico basato su regolamenti quadro,preamble,ok,G3,0.6,10.0,20.0,60.0,10.0,0.0
32025R0037,,,Regolamento quadro con principi e dettagli tecnici,preamble,ok,G2,0.7,10.0,70.0,15.0,5.0,0.0
32025R0038R(01),,,Legge quadro con principi e dettagli tecnici,preamble,ok,G2,0.7,10.0,70.0,10.0,5.0,5.0
32004D0821,,,Decisione PSC con base legale e dettagli operativi,preamble,ok,G2,0.6,10.0,60.0,20.0,10.0,0.0
32004L0113R(02),,,Principi fondanti e riferimenti a trattati,preamble,ok,G1,0.7,70.0,20.0,0.0,10.0,0.0
32006D0500R(01),,,Decisione del Consiglio con riferimenti ai Trattati,preamble,ok,G2,0.8,20.0,80.0,0.0,0.0,0.0
32006D0558,,,Atto di esecuzione con riferimenti a trattati e allegati tecnici,preamble,ok,G2,0.7,10.0,70.0,20.0,0.0,0.0
32006D0951,,,Decisione di infrazione con riferimenti ai trattati,preamble,ok,G5,0.7,10.0,20.0,0.0,0.0,70.0
32006R1637,,,"Principi, quadro, dettagli tecnici, linee guida",preamble,ok,G2,0.4,10.0,40.0,40.0,10.0,0.0
32008D0204,,,Decisione di infrazione con riferimento ai Trattati,preamble,ok,G5,0.9,10.0,0.0,0.0,0.0,90.0
32008D0477,,,Legge quadro con principi e dettagli tecnici,preamble,ok,G2,0.6,10.0,60.0,20.0,10.0,0.0
32008D0952,,,Linee guida per armonizzare metodologia cogenerazione,preamble,ok,G4,0.7,10.0,20.0,0.0,70.0,0.0
32008E0944R(01),,,Principi e regole quadro con riferimenti tecnici,preamble,ok,G2,0.5,30.0,50.0,10.0,10.0,0.0
32009D0302,,,Decisione quadro con riferimenti ai Trattati e allegati tecnici,preamble,ok,G2,0.6,20.0,60.0,10.0,10.0,0.0
32009D0381R(01),,,Regolamento tecnico con riferimenti a principi e quadro,preamble,ok,G3,0.6,10.0,20.0,60.0,10.0,0.0
32009D0510,,,Decisione del Consiglio che approva accordo internazionale,preamble,ok,G2,0.8,20.0,80.0,0.0,0.0,0.0
32009D0512,,,Decisione del Consiglio che approva accordo internazionale,preamble,ok,G2,0.8,20.0,80.0,0.0,0.0,0.0
32009D1007,,,Decisione legislativa con principi e dettagli finanziari,preamble,ok,G2,0.7,10.0,70.0,10.0,10.0,0.0
32009R1072,,,Regolamento quadro con riferimenti ai trattati e allegati tecnici,preamble,ok,G2,0.7,10.0,70.0,15.0,5.0,0.0
32010D0118,,,Atto legislativo quadro con riferimenti ai trattati,preamble,ok,G2,0.8,20.0,80.0,0.0,0.0,0.0
32010D0462R(01),,,Regolamento di esecuzione con dettagli tecnici,preamble,ok,G3,0.6,10.0,20.0,60.0,10.0,0.0
32011D0519,,,Decisione di infrazione con riferimento ai Trattati,preamble,ok,G5,0.9,10.0,0.0,0.0,0.0,90.0
32011L0076,,,Legge quadro con principi e dettagli tecnici,preamble,ok,G2,0.7,20.0,70.0,10.0,0.0,0.0
32011R0176,,,Regolamento di esecuzione con dettagli tecnici,preamble,ok,G3,0.6,10.0,20.0,60.0,10.0,0.0
32012L0034R(01),,,Legge quadro con principi e dettagli tecnici,preamble,ok,G2,0.7,10.0,70.0,10.0,5.0,5.0
32013D0233R(01),,,Decisione del Consiglio con base nei Trattati,preamble,ok,G2,0.8,20.0,80.0,0.0,0.0,0.0
32013D1313R(04),,,Legge quadro con principi e dettagli tecnici,preamble,ok,G2,0.7,15.0,70.0,10.0,5.0,0.0
32013L0048,,,Legge quadro con riferimenti a principi fondamentali,preamble,ok,G2,0.8,20.0,80.0,0.0,0.0,0.0
32013L0048R(01),,,Principi e legge quadro con riferimenti soft law,preamble,ok,G2,0.6,30.0,60.0,0.0,10.0,0.0
32014D0016,,,Decisione PSC con riferimenti a trattati e procedure operative,preamble,ok,G2,0.6,10.0,60.0,20.0,10.0,0.0
32014D0641,,,Atto misto con prevalenza tecnica e quadro,preamble,ok,G3,0.4,10.0,30.0,40.0,20.0,0.0
32014H0881R(01),,,Raccomandazione tecnica con riferimenti a regolamenti,preamble,ok,G4,0.5,10.0,0.0,40.0,50.0,0.0
32014L0051R(06),,,Legge quadro con riferimenti ai trattati,preamble,ok,G2,0.7,15.0,70.0,10.0,5.0,0.0
32014L0053R(03),,,Legge quadro con riferimenti a principi e dettagli tecnici,preamble,ok,G2,0.7,10.0,70.0,15.0,5.0,0.0
32014L0061,,,Legge quadro con principi e dettagli tecnici,preamble,ok,G2,0.7,15.0,70.0,10.0,5.0,0.0
32014R0275R(01),,,Atto delegato tecnico per priorità finanziarie,preamble,ok,G3,0.9,10.0,0.0,90.0,0.0,0.0
32014R1299R(04),,,Regolamento tecnico con riferimenti a principi e linee guida,preamble,ok,G3,0.6,10.0,20.0,60.0,10.0,0.0
32015D0528,,,Legge quadro con riferimenti a principi e dettagli tecnici,preamble,ok,G2,0.6,20.0,60.0,10.0,10.0,0.0
32015D0611,,,Decisione tecnica con riferimenti a trattati e quadro legislativo,preamble,ok,G3,0.6,10.0,20.0,60.0,0.0,10.0
32015D1780,,,Decisione del Consiglio con riferimenti ai Trattati,preamble,ok,G2,0.8,20.0,80.0,0.0,0.0,0.0
32015L0849R(01),,,Legge quadro con principi e dettagli tecnici,preamble,ok,G2,0.7,15.0,70.0,10.0,5.0,0.0
32015L2366R(01),,,Legge quadro con riferimenti a principi e dettagli tecnici,preamble,ok,G2,0.8,10.0,80.0,5.0,5.0,0.0
32015L2366R(04),,,Legge quadro con riferimenti a trattati e allegati tecnici,preamble,ok,G2,0.8,10.0,80.0,5.0,5.0,0.0
32016R1375R(01),,,Regolamento tecnico con riferimenti a principi e quadro,preamble,ok,G3,0.7,10.0,20.0,70.0,0.0,0.0
32017R2177R(01),,,Regolamento tecnico con riferimenti a principi e linee guida,preamble,ok,G3,0.5,10.0,30.0,50.0,10.0,0.0
32017R2454R(01),,,Regolamento quadro con riferimenti ai trattati e dettagli tecnici,preamble,ok,G2,0.7,10.0,70.0,20.0,0.0,0.0
32018D0496,,,Atto tecnico con riferimenti a principi e linee guida,preamble,ok,G3,0.5,10.0,20.0,50.0,20.0,0.0
32018L1972R(02),,,Legge quadro con riferimenti ai trattati,preamble,ok,G2,0.8,10.0,80.0,5.0,5.0,0.0
32018R1207,,,Regolamento tecnico con riferimenti a principi e linee guida,preamble,ok,G3,0.8,10.0,0.0,80.0,10.0,0.0
32018R1999R(03),,,Regolamento quadro con principi e dettagli tecnici,preamble,ok,G2,0.7,15.0,70.0,10.0,5.0,0.0
32019D0504R(01),,,Legge quadro con riferimenti ai trattati,preamble,ok,G2,0.7,20.0,70.0,5.0,5.0,0.0
32019R0517R(01),,,Legge quadro con principi e dettagli tecnici,preamble,ok,G2,0.7,15.0,70.0,10.0,5.0,0.0
32019R0881R(02),,,Legge quadro con principi e dettagli tecnici,preamble,ok,G2,0.7,15.0,70.0,10.0,5.0,0.0
32020D0414,,,Implementazione tecnica con riferimenti a principi e linee guida,preamble,ok,G3,0.8,10.0,0.0,80.0,10.0,0.0
32020D0452,,,Decisione tecnica con riferimenti a principi e linee guida,preamble,ok,G3,0.8,10.0,0.0,80.0,10.0,0.0
32020D0452R(02),,,Decisione tecnica con riferimenti a principi e linee guida,preamble,ok,G3,0.8,10.0,0.0,80.0,10.0,0.0
32021D0394,,,"Decisione CFSP con principi, regole, dettagli",preamble,ok,G2,0.7,10.0,70.0,10.0,0.0,10.0
32021D2134,,,Legge quadro con riferimenti a principi e dettagli,preamble,ok,G2,0.6,20.0,60.0,10.0,10.0,0.0
32021R0887,,,Legge quadro con principi fondanti e dettagli tecnici,preamble,ok,G2,0.7,15.0,70.0,10.0,5.0,0.0
32021R1950,,,Direttiva quadro con riferimenti a trattati e dettagli tecnici,preamble,ok,G2,0.6,10.0,60.0,20.0,10.0,0.0
32022D0118,,,Decisione del Consiglio con riferimenti ai trattati e modifiche tecniche,preamble,ok,G2,0.8,10.0,80.0,10.0,0.0,0.0
32022D0173,,,"Cita trattati, delega tecnica, linee guida",preamble,ok,G3,0.4,20.0,30.0,40.0,10.0,0.0
32022D0338R(01),,,Legge quadro con riferimenti ai trattati,preamble,ok,G2,0.8,20.0,80.0,0.0,0.0,0.0
32022D0339R(02),,,Legge quadro con riferimenti ai trattati,preamble,ok,G2,0.8,20.0,80.0,0.0,0.0,0.0
32022D0471,,,Decisione CFSP con riferimenti ai Trattati,preamble,ok,G2,0.8,10.0,80.0,5.0,5.0,0.0
32022D0780,,,Regolamento tecnico con riferimenti a principi e linee guida,preamble,ok,G3,0.6,10.0,20.0,60.0,10.0,0.0
32022D0895,,,Legge quadro con riferimenti ai trattati,preamble,ok,G2,0.8,20.0,80.0,0.0,0.0,0.0
32022D0906R(01),,,Legge quadro con principi e dettagli tecnici,preamble,ok,G2,0.6,20.0,60.0,10.0,10.0,0.0
32022D1002,,,Decisione del Consiglio su trattato internazionale,preamble,ok,G2,0.6,20.0,60.0,10.0,5.0,5.0
32022D2191,,,Riferimenti a trattati e standard tecnici,preamble,ok,G3,0.8,10.0,0.0,80.0,10.0,0.0
32022O0067,,,Atto tecnico con riferimenti a principi e linee guida,preamble,ok,G3,0.8,10.0,0.0,80.0,10.0,0.0
32022R1032,,,Legge quadro con principi e dettagli tecnici,preamble,ok,G2,0.7,10.0,70.0,15.0,5.0,0.0
32022R1409,,,Regolamento delegato con dettagli tecnici e riferimenti ai trattati.,preamble,ok,G3,0.8,10.0,0.0,80.0,10.0,0.0
32022R2073,,,Modifica regolamento quadro con riferimenti ai trattati,preamble,ok,G2,0.7,10.0,70.0,20.0,0.0,0.0
32023D0179,,,Regolamento di esecuzione con dettagli tecnici,preamble,ok,G3,0.8,10.0,0.0,80.0,10.0,0.0
32023D0385,,,Decisione quadro con riferimenti a trattati e procedure operative,preamble,ok,G2,0.7,10.0,70.0,10.0,5.0,5.0
32023D0692,,,Decisione del Consiglio che modifica missione esistente,preamble,ok,G2,0.8,10.0,80.0,5.0,5.0,0.0
32023D0920,,,Atto legislativo con riferimenti a principi e dettagli,preamble,ok,G2,0.6,20.0,60.0,10.0,10.0,0.0
32023D0993R(01),,,Decisione CFSP con principi e regole operative,preamble,ok,G2,0.6,20.0,60.0,10.0,10.0,0.0
32023D1304,,,Decisione quadro con riferimenti ai Trattati,preamble,ok,G2,0.8,20.0,80.0,0.0,0.0,0.0
32023D2199,,,Deroghe tecniche basate su regolamento quadro,preamble,ok,G3,0.8,10.0,0.0,80.0,10.0,0.0
32023D2858,,,Decisione quadro con riferimenti ai trattati,preamble,ok,G2,0.8,20.0,80.0,0.0,0.0,0.0
32023L2413R(01),,,Legislazione quadro con riferimenti ai trattati,preamble,ok,G2,0.7,15.0,70.0,10.0,5.0,0.0
32023R0706,,,Atto legislativo con principi e dettagli operativi,preamble,ok,G2,0.6,20.0,60.0,10.0,10.0,0.0
32024R2690,,,Regolamento tecnico che specifica direttiva,preamble,ok,G3,0.85,10.0,0.0,85.0,5.0,0.0
32024R2956,,,Regolamento delegato con allegati tecnici,preamble,ok,G3,0.8,10.0,0.0,80.0,10.0,0.0
32024R3144,,,"Riferimenti a trattati e regolamenti quadro, dettagli tecnici prevalenti",preamble,ok,G3,0.8,10.0,0.0,80.0,10.0,0.0
32024R3172R(01),,,Regolamento di esecuzione con riferimenti ai trattati,preamble,ok,G3,0.8,10.0,0.0,80.0,10.0,0.0
32025D0171,,,Decisione quadro con principi e dettagli operativi,preamble,ok,G2,0.6,20.0,60.0,10.0,10.0,0.0
32025D0823,,,Decisione quadro con principi e dettagli operativi,preamble,ok,G2,0.7,10.0,70.0,10.0,10.0,0.0
32025D1051,,,Atto tecnico con riferimenti a principi e quadro,preamble,ok,G3,0.5,10.0,30.0,50.0,10.0,0.0
32025D1052,,,Atto tecnico basato su regolamenti quadro,preamble,ok,G3,0.6,10.0,20.0,60.0,10.0,0.0
32025D1061,,,Atto tecnico con riferimenti a principi e linee guida,preamble,ok,G3,0.5,10.0,30.0,50.0,10.0,0.0
32025D1062,,,Atto tecnico con riferimenti a principi e quadro,preamble,ok,G3,0.5,10.0,30.0,50.0,10.0,0.0
32025R0301,,,Regolamento delegato con dettagli tecnici e riferimenti ai trattati,preamble,ok,G3,0.8,10.0,0.0,80.0,10.0,0.0
32025R0420,,,Regolamento delegato con dettagli tecnici e riferimenti ai trattati.,preamble,ok,G3,0.8,10.0,0.0,80.0,10.0,0.0
32005H0698,,,Regolamento tecnico con riferimenti a direttive,preamble,ok,G3,0.6,10.0,20.0,60.0,10.0,0.0
32007D0446,,,Principi fondanti e raccomandazioni non vincolanti,preamble,ok,G4,0.8,20.0,0.0,0.0,80.0,0.0
32008F0909R(01),,,Principi e regole quadro con dettagli tecnici,preamble,ok,G2,0.6,20.0,60.0,10.0,10.0,0.0
32008L0096R(02),,,Legge quadro con principi e riferimenti tecnici,preamble,ok,G2,0.6,20.0,60.0,10.0,10.0,0.0
32009D0460,,,Regolamento tecnico con riferimenti a principi e linee guida,preamble,ok,G3,0.6,10.0,20.0,60.0,10.0,0.0
32009L0110R(04),,,Direttiva quadro con riferimenti a trattati e allegati tecnici,preamble,ok,G2,0.7,10.0,70.0,10.0,10.0,0.0
32009R1072R(01),,,Regolamento quadro con riferimenti ai trattati e dettagli tecnici,preamble,ok,G2,0.7,10.0,70.0,15.0,5.0,0.0
32011D0140,,,Decisione di infrazione con riferimento ai Trattati,preamble,ok,G5,0.9,10.0,0.0,0.0,0.0,90.0
32011D0713,,,Decisione di infrazione per eccesso di potere,preamble,ok,G5,1.0,0.0,0.0,0.0,0.0,100.0
32012D0243,,,Legge quadro con principi e dettagli tecnici,preamble,ok,G2,0.7,15.0,70.0,10.0,5.0,0.0
32012L0034,,,Legge quadro con principi e dettagli tecnici,preamble,ok,G2,0.7,10.0,70.0,10.0,5.0,5.0
32012L0034R(07),,,Legge quadro con principi e dettagli tecnici,preamble,ok,G2,0.7,10.0,70.0,10.0,5.0,5.0
32013L0022,,,Adattamento atti per accessione Croazia,preamble,ok,G2,0.7,20.0,70.0,10.0,0.0,0.0
32014D0276R(01),,,Atto tecnico con riferimenti a principi e quadro,preamble,ok,G3,0.5,10.0,30.0,50.0,10.0,0.0
32014D0430,,,Decisione CFSP con riferimenti a trattati e mandato operativo,preamble,ok,G2,0.6,20.0,60.0,10.0,10.0,0.0
32014H0881,,,Raccomandazione tecnica con riferimenti a regolamenti,preamble,ok,G4,0.5,10.0,0.0,40.0,50.0,0.0
32014L0061R(01),,,Legge quadro con principi e dettagli tecnici,preamble,ok,G2,0.7,15.0,70.0,10.0,5.0,0.0
32014L0108,,,Direttiva che modifica quadro normativo esistente,preamble,ok,G2,0.7,10.0,70.0,10.0,10.0,0.0
32014R0756,,,Regolamento tecnico con riferimenti a principi e linee guida,preamble,ok,G3,0.8,10.0,0.0,80.0,10.0,0.0
32014R0909R(02),,,Legge quadro con principi e dettagli tecnici,preamble,ok,G2,0.7,10.0,70.0,15.0,5.0,0.0
32015L2366R(07),,,Legge quadro con riferimenti a trattati e allegati,preamble,ok,G2,0.8,10.0,80.0,5.0,5.0,0.0
32016D0339,,,Implementazione tecnica con riferimenti a principi e quadro,preamble,ok,G3,0.6,10.0,20.0,60.0,10.0,0.0
32016L0970,,,Direttiva che modifica normativa esistente,preamble,ok,G2,0.7,10.0,70.0,10.0,10.0,0.0
32017D0349,,,Decisione del Consiglio che modifica mandato missione,preamble,ok,G2,0.8,20.0,80.0,0.0,0.0,0.0
32017D2315R(01),,,Decisione PESCO con principi e regole operative,preamble,ok,G2,0.6,20.0,60.0,10.0,5.0,5.0
32017R1084R(05),,,Regolamento delegato con dettagli tecnici e riferimenti a principi,preamble,ok,G3,0.6,10.0,20.0,60.0,10.0,0.0
32017R1354R(01),,,Regolamento di esecuzione tecnico-operativo,preamble,ok,G3,0.9,10.0,0.0,90.0,0.0,0.0
32017R1485,,,Regolamento tecnico con riferimenti a principi e quadro,preamble,ok,G3,0.6,10.0,20.0,60.0,10.0,0.0
32017R2195,,,Regolamento tecnico con riferimenti a principi e quadro,preamble,ok,G3,0.6,10.0,20.0,60.0,10.0,0.0
32018D0340,,,Decisione quadro con riferimenti ai trattati,preamble,ok,G2,0.6,20.0,60.0,10.0,10.0,0.0
32018D0661R(01),,,Atto tecnico con riferimenti a principi e linee guida,preamble,ok,G3,0.5,10.0,20.0,50.0,20.0,0.0
32018D0777,,,Decisione del Consiglio che modifica protocollo EEA,preamble,ok,G2,0.7,10.0,70.0,10.0,5.0,5.0
32018D1538,,,Regolamento tecnico con riferimenti a principi e quadro,preamble,ok,G3,0.6,10.0,20.0,60.0,10.0,0.0
32018D1797R(02),,,Decisione quadro con riferimenti a trattati e procedure,preamble,ok,G2,0.7,10.0,70.0,10.0,10.0,0.0
32018R1999,,,Regolamento quadro con principi e dettagli tecnici,preamble,ok,G2,0.7,20.0,70.0,10.0,0.0,0.0
32018R1999R(05),,,Regolamento quadro con principi e dettagli tecnici,preamble,ok,G2,0.7,15.0,70.0,10.0,5.0,0.0
32019D0038R(01),,,Atto tecnico con dettagli operativi e riferimenti normativi,preamble,ok,G3,0.6,10.0,20.0,60.0,10.0,0.0
32019D0433,,,Decisione quadro con principi e allegati tecnici,preamble,ok,G2,0.6,20.0,60.0,10.0,10.0,0.0
32019D1115,,,Decisione CFSP con riferimenti ai Trattati,preamble,ok,G2,0.8,20.0,80.0,0.0,0.0,0.0
32019D1284,,,Decisione tecnica basata su regolamento quadro,preamble,ok,G3,0.8,10.0,0.0,80.0,10.0,0.0
32019R0361,,,Regolamento delegato con dettagli tecnici,preamble,ok,G3,0.7,10.0,20.0,70.0,0.0,0.0
32019R0505,,,Regolamento tecnico con riferimenti a trattati e quadro,preamble,ok,G3,0.6,10.0,20.0,60.0,10.0,0.0
32020D0414R(02),,,Implementazione tecnica basata su decisione quadro,preamble,ok,G3,0.8,10.0,0.0,80.0,10.0,0.0
32020D0590,,,Implementazione tecnica con riferimenti a principi e quadro,preamble,ok,G3,0.6,10.0,20.0,60.0,10.0,0.0
32020D1479,,,Atto delegato con riferimenti a principi e linee guida,preamble,ok,G3,0.4,10.0,30.0,40.0,20.0,0.0
32020R0736R(01),,,Regolamento tecnico con riferimenti a principi e linee guida,preamble,ok,G3,0.6,10.0,20.0,60.0,10.0,0.0
32020R1056,,,Regolamento quadro con principi e dettagli tecnici,preamble,ok,G2,0.7,10.0,70.0,15.0,5.0,0.0
32020R1125,,,Legge quadro con riferimenti a principi e dettagli tecnici,preamble,ok,G2,0.7,10.0,70.0,15.0,5.0,0.0
32021D0749,,,Decisione del Consiglio con riferimenti a trattati e condizioni tecniche,preamble,ok,G2,0.7,10.0,70.0,10.0,5.0,5.0
32021D1886R(01),,,Implementazione tecnica con riferimenti a quadro legale,preamble,ok,G3,0.6,10.0,20.0,60.0,10.0,0.0
32021R0379R(01),,,"Riferimenti a trattati e regolamenti quadro, dettagli tecnici prevalenti",preamble,ok,G3,0.6,10.0,20.0,60.0,10.0,0.0
32021R0453R(02),,,Regolamento delegato con dettagli tecnici,preamble,ok,G3,0.85,10.0,0.0,85.0,5.0,0.0
32021R0782R(01),,,Legge quadro con principi e dettagli tecnici,preamble,ok,G2,0.7,15.0,70.0,10.0,5.0,0.0
32022D0767,,,Atto tecnico con dettagli operativi e riferimenti normativi,preamble,ok,G3,0.6,10.0,20.0,60.0,10.0,0.0
32022D1367,,,Decisione del Consiglio con riferimenti ai Trattati,preamble,ok,G2,0.8,10.0,80.0,5.0,0.0,5.0
32022D1920,,,Decisione di infrazione con elementi procedurali e tecnici,preamble,ok,G3,0.3,10.0,20.0,30.0,20.0,20.0
32022L0362R(01),,,Legge quadro con principi e dettagli tecnici,preamble,ok,G2,0.7,15.0,70.0,10.0,5.0,0.0
32022R1463,,,Regolamento tecnico per sistema OOTS,preamble,ok,G3,0.9,10.0,0.0,90.0,0.0,0.0
32023D0176,,,Regolamento di esecuzione con riferimenti a trattati e linee guida,preamble,ok,G3,0.8,10.0,0.0,80.0,10.0,0.0
32023D1015,,,Legge quadro con riferimenti ai trattati,preamble,ok,G2,0.8,20.0,80.0,0.0,0.0,0.0
32023D2481,,,Regolamento di esecuzione con dettagli tecnici,preamble,ok,G3,1.0,0.0,0.0,100.0,0.0,0.0
32023D2524,,,Decisione di infrazione con riferimenti procedurali,preamble,ok,G5,0.4,10.0,20.0,30.0,0.0,40.0
32023R1717,,,Direttiva quadro con riferimenti a principi e dettagli tecnici,preamble,ok,G2,0.7,10.0,70.0,15.0,5.0,0.0
32024D0350,,,Atto tecnico basato su regolamenti esistenti,preamble,ok,G3,0.8,10.0,0.0,80.0,10.0,0.0
32024D3226,,,Decisione del Consiglio con base legale e riferimenti normativi,preamble,ok,G2,0.8,10.0,80.0,10.0,0.0,0.0
32024L1640,,,Direttiva legislativa con principi e dettagli,preamble,ok,G2,0.7,10.0,70.0,10.0,5.0,5.0
32024L1640R(02),,,Direttiva legislativa con principi e dettagli,preamble,ok,G2,0.7,15.0,70.0,10.0,5.0,0.0
32024R1774,,,Regolamento delegato con dettagli tecnici e principi di proporzionalità,preamble,ok,G3,0.8,10.0,0.0,80.0,10.0,0.0
32024R3117R(01),,,Regolamento di esecuzione con riferimenti ai trattati,preamble,ok,G3,0.8,10.0,0.0,80.0,10.0,0.0
32025D0075,,,Decisione del Consiglio con riferimenti a trattati e regole operative,preamble,ok,G2,0.7,10.0,70.0,10.0,5.0,5.0
32025D0105,,,Atto tecnico con riferimenti a principi e quadro,preamble,ok,G3,0.6,10.0,20.0,60.0,10.0,0.0
32025D0172,,,Decisione del Consiglio con riferimenti ai Trattati,preamble,ok,G2,0.6,20.0,60.0,10.0,10.0,0.0
32025D1050,,,Regolamento di esecuzione con dettagli tecnici,preamble,ok,G3,0.6,10.0,20.0,60.0,10.0,0.0
32025D1063,,,Atto tecnico con riferimenti a principi e quadro,preamble,ok,G3,0.5,10.0,30.0,50.0,10.0,0.0
32005D0012,,,Decisione quadro con riferimenti ai trattati,preamble,ok,G2,0.8,10.0,80.0,5.0,5.0,0.0
32006D0355,,,"Cita trattati, istituisce gruppo, dettagli tecnici",preamble,ok,G2,0.4,20.0,40.0,30.0,10.0,0.0
32006L0038R(01),,,Principi fondanti e quadro legislativo misti,preamble,ok,G2,0.6,20.0,60.0,10.0,10.0,0.0
32006L0103,,,"Adattamento atti per accessione, quadro legislativo",preamble,ok,G2,0.8,20.0,80.0,0.0,0.0,0.0
32007D0258,,,Decisione di infrazione con elementi procedurali e tecnici,preamble,ok,G3,0.3,10.0,20.0,30.0,20.0,20.0
32007D0784,,,Decisione di infrazione e controllo antitrust,title,ok,G5,1.0,0.0,0.0,0.0,0.0,100.0
32008D0432R(01),,,Modifica tecnica basata su mandato CEPT,preamble,ok,G3,0.6,10.0,20.0,60.0,10.0,0.0
32008F0909R(06),,,Direttiva con principi e regole operative,preamble,ok,G2,0.7,20.0,70.0,5.0,5.0,0.0
32009D0097,,,Decisione quadro con riferimento ai Trattati,preamble,ok,G2,0.8,20.0,80.0,0.0,0.0,0.0
32009D0806,,,Legge quadro con riferimenti ai trattati,preamble,ok,G2,0.8,20.0,80.0,0.0,0.0,0.0
32009L0081,,,Legge quadro con principi e dettagli tecnici,preamble,ok,G2,0.7,15.0,70.0,10.0,5.0,0.0
32009L0114,,,Direttiva con principi e regole operative,preamble,ok,G2,0.7,15.0,70.0,10.0,5.0,0.0
32009R0923,,,Legge quadro con principi e dettagli tecnici,preamble,ok,G2,0.7,15.0,70.0,10.0,5.0,0.0
32009R1072R(04),,,Regolamento quadro con riferimenti ai trattati e dettagli tecnici,preamble,ok,G2,0.7,10.0,70.0,15.0,5.0,0.0
32010D0368,,,Atto tecnico con riferimenti a principi e quadro,preamble,ok,G3,0.6,10.0,20.0,60.0,10.0,0.0
32010L0013,,,Direttiva quadro con principi e dettagli tecnici,preamble,ok,G2,0.7,15.0,70.0,10.0,5.0,0.0
32010L0064,,,Legge quadro con riferimenti a principi fondanti,preamble,ok,G2,0.7,20.0,70.0,5.0,5.0,0.0
32010R0590,,,Regolamento tecnico per aggiornare lista vettori,preamble,ok,G3,0.8,10.0,0.0,80.0,10.0,0.0
32010R0913R(03),,,Legge quadro con principi e dettagli tecnici,preamble,ok,G2,0.7,15.0,70.0,10.0,5.0,0.0
32010R1158R(01),,,Regolamento tecnico con riferimenti a principi e linee guida,preamble,ok,G3,0.6,10.0,20.0,60.0,10.0,0.0
32012L0013R(01),,,Legge quadro con principi fondanti e dettagli tecnici,preamble,ok,G2,0.7,20.0,70.0,5.0,5.0,0.0
32012L0034R(02),,,Legge quadro con principi e dettagli tecnici,preamble,ok,G2,0.7,10.0,70.0,10.0,5.0,5.0
32012L0034R(03),,,Legge quadro con principi e dettagli tecnici,preamble,ok,G2,0.7,10.0,70.0,10.0,5.0,5.0
32012R1078,,,Regolamento tecnico con base legale e principi,preamble,ok,G3,0.6,10.0,20.0,60.0,10.0,0.0
32013D0195,,,Atto di esecuzione tecnica con riferimenti a principi e quadro,preamble,ok,G3,0.6,10.0,20.0,60.0,10.0,0.0
32013R0606,,,Legge quadro con riferimenti ai trattati,preamble,ok,G2,0.7,20.0,70.0,5.0,5.0,0.0
32013R1042R(01),,,Direttiva quadro con riferimenti a trattati e regolamenti tecnici,preamble,ok,G2,0.6,10.0,60.0,30.0,0.0,0.0
32013R1075,,,Regolamento tecnico con riferimenti a principi e linee guida,preamble,ok,G3,0.6,10.0,20.0,60.0,10.0,0.0
32014D0415R(02),,,Decisione quadro con principi e dettagli operativi,preamble,ok,G2,0.7,20.0,70.0,10.0,0.0,0.0
32014D0641R(01),,,Atto misto con prevalenza tecnica e quadro,preamble,ok,G3,0.4,10.0,30.0,40.0,20.0,0.0
32014R0514R(03),,,Legge quadro con principi fondanti e dettagli tecnici,preamble,ok,G2,0.7,20.0,70.0,5.0,5.0,0.0
32015D1055,,,Atto misto con riferimenti a regolamenti e decisioni,preamble,ok,G3,0.4,10.0,30.0,40.0,20.0,0.0
32015D1097,,,Decisione tecnica con riferimenti a principi e linee guida,preamble,ok,G3,0.4,10.0,20.0,40.0,20.0,10.0
32015L2366R(05),,,Legge quadro con riferimenti a trattati e allegati,preamble,ok,G2,0.8,10.0,80.0,5.0,5.0,0.0
32015R0010R(01),,,"Misto principi, regole quadro, dettagli tecnici, linee guida",preamble,ok,G3,0.4,10.0,20.0,40.0,30.0,0.0
32015R0462,,,Regolamento tecnico che integra direttiva quadro,preamble,ok,G3,0.6,10.0,20.0,60.0,10.0,0.0
32016D0537,,,Regolamento tecnico con riferimenti a principi e quadro,preamble,ok,G3,0.6,10.0,20.0,60.0,10.0,0.0
32016D1339,,,Decisione del Consiglio con riferimenti ai Trattati,preamble,ok,G2,0.8,20.0,80.0,0.0,0.0,0.0
32017D0258,,,Atto tecnico con riferimenti a principi e linee guida,preamble,ok,G3,0.6,10.0,20.0,60.0,10.0,0.0
32017D0899,,,Legge quadro con riferimenti a principi e dettagli tecnici,preamble,ok,G2,0.7,10.0,70.0,15.0,5.0,0.0
32017D0899R(02),,,Legge quadro con riferimenti a principi e dettagli tecnici,preamble,ok,G2,0.7,10.0,70.0,15.0,5.0,0.0
32017D1483,,,Regolamento tecnico con riferimenti a principi e quadro,preamble,ok,G3,0.6,10.0,20.0,60.0,10.0,0.0
32017D2075,,,Regolamento tecnico con riferimenti a principi e linee guida,preamble,ok,G3,0.6,10.0,20.0,60.0,10.0,0.0
32017R0392R(01),,,Regolamento tecnico con riferimenti ai trattati,preamble,ok,G3,0.85,10.0,0.0,85.0,5.0,0.0
32018D0661R(03),,,Regolamento tecnico con riferimenti a principi e linee guida,preamble,ok,G3,0.5,10.0,20.0,50.0,20.0,0.0
32019D1742,,,Regolamento tecnico con riferimenti a principi e quadro,preamble,ok,G3,0.6,10.0,20.0,60.0,10.0,0.0
32019L1936,,,Legge quadro con principi e dettagli tecnici,preamble,ok,G2,0.7,15.0,70.0,10.0,5.0,0.0
32019R0796R(01),,,Regolamento quadro con principi e dettagli tecnici,preamble,ok,G2,0.6,20.0,60.0,20.0,0.0,0.0
32019R1213,,,Regolamento tecnico con riferimenti a principi e linee guida,preamble,ok,G3,0.6,10.0,20.0,60.0,10.0,0.0
32019R2175R(05),,,Legge quadro con riferimenti a principi e dettagli,preamble,ok,G2,0.7,10.0,70.0,10.0,5.0,5.0
32020D1127,,,Decisione CFSP con principi e regole operative,preamble,ok,G2,0.6,20.0,60.0,10.0,10.0,0.0
32020D1746,,,Decisione quadro con riferimenti a trattati e procedure,preamble,ok,G2,0.7,10.0,70.0,10.0,10.0,0.0
32020D2023,,,Riferimenti a trattati e regolamenti quadro,preamble,ok,G2,0.6,20.0,60.0,10.0,10.0,0.0
32020D2252,,,Decisione del Consiglio su accordo internazionale,preamble,ok,G2,0.8,20.0,80.0,0.0,0.0,0.0
32020R0459,,,Legge quadro con principi e dettagli tecnici,preamble,ok,G2,0.7,10.0,70.0,10.0,5.0,5.0
32020R1429,,,Legge quadro con principi e dettagli tecnici,preamble,ok,G2,0.7,10.0,70.0,15.0,5.0,0.0
32020R1536R(01),,,Atto di esecuzione tecnica con riferimenti a principi e quadro,preamble,ok,G3,0.7,10.0,20.0,70.0,0.0,0.0
32021D0509R(02),,,Principi e regole quadro con riferimenti,preamble,ok,G2,0.6,30.0,60.0,0.0,10.0,0.0
32021D0689,,,Decisione del Consiglio su accordi internazionali,preamble,ok,G2,0.8,20.0,80.0,0.0,0.0,0.0
32021D0750,,,Decisione del Consiglio con riferimenti ai Trattati e procedure operative,preamble,ok,G2,0.7,10.0,70.0,10.0,5.0,5.0
32021R2011,,,Regolamento tecnico con riferimenti a principi e quadro,preamble,ok,G3,0.6,10.0,20.0,60.0,10.0,0.0
32022D0765,,,Atto tecnico con riferimenti a principi e quadro,preamble,ok,G3,0.6,10.0,20.0,60.0,10.0,0.0
32022D0774,,,Regolamento tecnico con riferimenti a principi e linee guida,preamble,ok,G3,0.6,10.0,20.0,60.0,10.0,0.0
32022D0906,,,Legge quadro con riferimenti a trattati e dettagli operativi,preamble,ok,G2,0.6,20.0,60.0,10.0,10.0,0.0
32022D2255,,,Atto tecnico con riferimenti a principi e linee guida,preamble,ok,G3,0.8,10.0,0.0,80.0,10.0,0.0
32022D2422,,,Regolamento di esecuzione con dettagli tecnici,preamble,ok,G3,0.8,10.0,0.0,80.0,10.0,0.0
32022D2425,,,Regolamento di esecuzione con riferimenti a trattati e linee guida,preamble,ok,G3,0.8,10.0,0.0,80.0,10.0,0.0
32022D2507,,,Decisione del Consiglio su missione CSDP,preamble,ok,G2,0.8,20.0,80.0,0.0,0.0,0.0
32022D2571R(01),,,Decisione del Consiglio su posizione EEA,preamble,ok,G2,0.7,10.0,70.0,10.0,5.0,5.0
32022L2555R(01),,,Legge quadro con riferimenti a principi e dettagli tecnici,preamble,ok,G2,0.7,10.0,70.0,15.0,5.0,0.0
32022R0375,,,Regolamento quadro con allegati tecnici,preamble,ok,G2,0.7,10.0,70.0,20.0,0.0,0.0
32022R0612R(01),,,Regolamento quadro con riferimenti ai trattati e dettagli tecnici,preamble,ok,G2,0.7,10.0,70.0,15.0,5.0,0.0
32022R0869,,,Legge quadro con riferimenti ai trattati,preamble,ok,G2,0.7,20.0,70.0,5.0,5.0,0.0
32022R1032R(04),,,Legge quadro con principi e dettagli tecnici,preamble,ok,G2,0.7,10.0,70.0,10.0,10.0,0.0
32022R1645,,,Regolamento tecnico con riferimenti a principi e quadro,preamble,ok,G3,0.6,10.0,20.0,60.0,10.0,0.0
32022R2554R(04),,,Legge quadro con principi e dettagli tecnici,preamble,ok,G2,0.7,10.0,70.0,15.0,5.0,0.0
32023D0162,,,"Cita Trattati, stabilisce missione CSDP",preamble,ok,G2,0.8,20.0,80.0,0.0,0.0,0.0
32023D0964,,,Decisione CFSP con base nel Trattato,preamble,ok,G2,0.8,20.0,80.0,0.0,0.0,0.0
32023R2418,,,Legge quadro con principi e dettagli tecnici,preamble,ok,G2,0.7,15.0,70.0,10.0,5.0,0.0
32024D0890,,,Legge quadro con principi e linee guida,preamble,ok,G2,0.7,20.0,70.0,0.0,10.0,0.0
32024D3197,,,Decisione tecnica con riferimenti a trattati e precedenti,preamble,ok,G3,0.6,10.0,20.0,60.0,0.0,10.0
32024L1275R(01),,,Legge quadro con riferimenti a principi e dettagli tecnici,preamble,ok,G2,0.8,10.0,80.0,5.0,5.0,0.0
32024O2148,,,Atto tecnico con riferimenti a principi e linee guida,preamble,ok,G3,0.8,10.0,0.0,80.0,10.0,0.0
32024R0490,,,Atto tecnico con riferimenti a principi e quadro,preamble,ok,G3,0.6,10.0,20.0,60.0,10.0,0.0
32024R0873R(02),,,Regolamento delegato con dettagli tecnici e riferimenti a principi,preamble,ok,G3,0.6,10.0,20.0,60.0,10.0,0.0
32024R1183,,,Legge quadro con riferimenti a principi e dettagli,preamble,ok,G2,0.8,10.0,80.0,5.0,5.0,0.0
32024R1624R(01),,,Legge quadro con riferimenti a principi e dettagli tecnici,preamble,ok,G2,0.7,10.0,70.0,10.0,10.0,0.0
32024R2690R(02),,,Regolamento tecnico che specifica direttiva,preamble,ok,G3,0.85,10.0,0.0,85.0,5.0,0.0
32024R2847R(01),,,Legge quadro con principi e dettagli tecnici,preamble,ok,G2,0.7,15.0,70.0,10.0,5.0,0.0
32025D0967,,,Decisione quadro con riferimenti a trattati e dettagli tecnici,preamble,ok,G2,0.7,10.0,70.0,10.0,5.0,5.0
32025D1053,,,Atto tecnico basato su regolamenti quadro,preamble,ok,G3,0.6,10.0,20.0,60.0,10.0,0.0
32025D1055,,,Atto tecnico con riferimenti a principi e linee guida,preamble,ok,G3,0.5,10.0,30.0,50.0,10.0,0.0
32025R0295,,,Regolamento delegato con dettagli tecnici e riferimenti ai trattati.,preamble,ok,G3,0.8,10.0,0.0,80.0,10.0,0.0
32025R0878,,,Regolamento delegato con riferimenti a trattati e linee guida,preamble,ok,G3,0.8,10.0,0.0,80.0,10.0,0.0
32004D0739R(01),,,Atto decisionale con base legale e procedure operative,preamble,ok,G2,0.6,10.0,60.0,20.0,10.0,0.0
32004L0113,,,Principi fondanti e riferimenti a trattati,preamble,ok,G1,0.7,70.0,20.0,0.0,10.0,0.0
32005D0851,,,Principi trattati e quadro operativo,preamble,ok,G2,0.8,20.0,80.0,0.0,0.0,0.0
32005R0184,,,Regolamento quadro con riferimenti ai Trattati,preamble,ok,G2,0.7,15.0,70.0,10.0,5.0,0.0
32006D0375,,,Deroga tecnica basata su direttiva e trattato,preamble,ok,G3,0.6,10.0,20.0,60.0,10.0,0.0
32006D0500,,,Decisione del Consiglio con riferimento ai Trattati,preamble,ok,G2,0.8,20.0,80.0,0.0,0.0,0.0
32007D0799,,,Decisione del Consiglio con base giuridica e obiettivi,preamble,ok,G2,0.8,20.0,80.0,0.0,0.0,0.0
32007L0059R(01),,,Legge quadro con riferimenti a trattati e dettagli tecnici,preamble,ok,G2,0.7,10.0,70.0,15.0,5.0,0.0
32008R1099R(02),,,Legge quadro con principi e dettagli tecnici,preamble,ok,G2,0.7,10.0,70.0,15.0,5.0,0.0
32009L0119,,,Direttiva con principi e regole operative,preamble,ok,G2,0.6,20.0,60.0,10.0,10.0,0.0
32009L0119R(02),,,Direttiva quadro con principi e dettagli tecnici,preamble,ok,G2,0.7,20.0,70.0,10.0,0.0,0.0
32009R0619,,,Regolamento tecnico con riferimenti a trattati e linee guida,preamble,ok,G3,0.8,10.0,0.0,80.0,10.0,0.0
32009R0707,,,Regolamento tecnico con riferimenti a principi e quadro,preamble,ok,G3,0.6,10.0,20.0,60.0,10.0,0.0
32010D0267,,,Regolamento tecnico con riferimenti a principi e quadro,preamble,ok,G3,0.5,10.0,30.0,50.0,10.0,0.0
32010D0792,,,Principi e regole quadro con dettagli tecnici,preamble,ok,G2,0.6,20.0,60.0,10.0,10.0,0.0
32011D0659,,,Decisione operativa con base legale e dettagli,preamble,ok,G2,0.6,20.0,60.0,10.0,10.0,0.0
32013D0788,,,Legge quadro con riferimenti a principi e dettagli tecnici,preamble,ok,G2,0.6,10.0,60.0,20.0,10.0,0.0
32014D0258,,,Decisione PSC su mandato missione,preamble,ok,G2,0.7,10.0,70.0,10.0,10.0,0.0
32014L0051R(03),,,Legge quadro con principi fondanti e dettagli tecnici,preamble,ok,G2,0.7,15.0,70.0,10.0,5.0,0.0
32014L0051R(05),,,Legge quadro con riferimenti ai trattati,preamble,ok,G2,0.7,15.0,70.0,10.0,5.0,0.0
32014R0909,,,Legge quadro con principi e dettagli tecnici,preamble,ok,G2,0.7,10.0,70.0,15.0,5.0,0.0
32014R0912,,,Legge quadro con riferimenti ai trattati,preamble,ok,G2,0.7,20.0,70.0,5.0,5.0,0.0
32015D0218,,,Decisione di infrazione con riferimenti ai trattati,preamble,ok,G5,0.7,10.0,20.0,0.0,0.0,70.0
32015D0457,,,Decisione del Consiglio con base giuridica nei Trattati,preamble,ok,G2,0.8,20.0,80.0,0.0,0.0,0.0
32015D1111,,,Regolamento di esecuzione tecnica con riferimenti a legge quadro,preamble,ok,G3,0.6,10.0,20.0,60.0,10.0,0.0
32015L0849R(05),,,Legislazione quadro con principi e dettagli tecnici,preamble,ok,G2,0.7,15.0,70.0,10.0,5.0,0.0
32015L2366R(02),,,Legge quadro con riferimenti a trattati e allegati,preamble,ok,G2,0.8,10.0,80.0,5.0,5.0,0.0
32016D0687R(02),,,Atto legislativo con principi e dettagli tecnici,preamble,ok,G2,0.6,10.0,60.0,20.0,10.0,0.0
32016D1353,,,Decisione del Consiglio con principi e regole operative,preamble,ok,G2,0.7,10.0,70.0,20.0,0.0,0.0
32016D2240R(01),,,Decisione del Consiglio con mandato e riferimenti ai trattati,preamble,ok,G2,0.7,10.0,70.0,10.0,5.0,5.0
32016R1719,,,"Atto delegato con principi, regole e linee guida",preamble,ok,G3,0.4,10.0,30.0,40.0,20.0,0.0
32017L0433,,,Direttiva che modifica allegato tecnico,preamble,ok,G2,0.7,10.0,70.0,20.0,0.0,0.0
32017L2455R(02),,,"Direttiva con principi, regole e dettagli tecnici",preamble,ok,G2,0.7,10.0,70.0,15.0,5.0,0.0
32017R0391,,,Regolamento delegato con dettagli tecnici e riferimenti ai trattati,preamble,ok,G3,0.8,10.0,0.0,80.0,10.0,0.0
32017R0394R(01),,,Regolamento tecnico di esecuzione,preamble,ok,G3,0.9,10.0,0.0,90.0,0.0,0.0
32018D0491,,,Atto tecnico di esecuzione con riferimenti normativi,preamble,ok,G3,0.7,10.0,20.0,70.0,0.0,0.0
32018D1616,,,Decisione di infrazione con riferimento ai Trattati,preamble,ok,G5,0.9,10.0,0.0,0.0,0.0,90.0
32018D1797,,,Decisione quadro con riferimenti a trattati e procedure,preamble,ok,G2,0.7,10.0,70.0,10.0,10.0,0.0
32018R0389,,,Regolamento tecnico con riferimenti a principi e linee guida,preamble,ok,G3,0.8,10.0,0.0,80.0,10.0,0.0
32019D0504,,,Legge quadro con riferimenti ai trattati,preamble,ok,G2,0.7,20.0,70.0,5.0,5.0,0.0
32019D1275,,,Regolamento delegato con dettagli tecnici,preamble,ok,G3,0.6,10.0,20.0,60.0,10.0,0.0
32019D1279,,,Decisione di equivalenza tecnica con riferimenti ai trattati,preamble,ok,G3,0.8,10.0,0.0,80.0,10.0,0.0
32019D1280,,,Decisione di equivalenza tecnica con riferimenti a trattati,preamble,ok,G3,0.8,10.0,0.0,80.0,10.0,0.0
32019D1281,,,Decisione di equivalenza tecnica con riferimenti ai trattati,preamble,ok,G3,0.8,10.0,0.0,80.0,10.0,0.0
32019D1291,,,Atto tecnico con riferimenti a principi e linee guida,preamble,ok,G3,0.8,10.0,0.0,80.0,10.0,0.0
32019D1345,,,Atto tecnico con riferimenti a principi e quadro,preamble,ok,G3,0.6,10.0,20.0,60.0,10.0,0.0
32019R0630R(02),,,Legge quadro con principi e dettagli tecnici,preamble,ok,G2,0.7,15.0,70.0,10.0,5.0,0.0
32019R0881,,,Legge quadro con principi e dettagli tecnici,preamble,ok,G2,0.7,15.0,70.0,10.0,5.0,0.0
32019R2175R(03),,,Legge quadro con riferimenti a principi e dettagli,preamble,ok,G2,0.7,10.0,70.0,10.0,5.0,5.0
32019R2175R(04),,,Legge quadro con riferimenti a principi e dettagli,preamble,ok,G2,0.7,10.0,70.0,10.0,5.0,5.0
32020D0636,,,"Misto di riferimenti, regole, dettagli tecnici e linee guida",preamble,ok,G4,0.4,10.0,20.0,30.0,40.0,0.0
32020D0667,,,Atto tecnico con riferimenti a principi e linee guida,preamble,ok,G3,0.4,10.0,20.0,40.0,30.0,0.0
32020D0787,,,Atto di estensione transitoria con principi e regole,preamble,ok,G2,0.6,20.0,60.0,10.0,10.0,0.0
32020D1489,,,Decisione del Consiglio con riferimenti a trattati e regolamenti,preamble,ok,G2,0.7,10.0,70.0,10.0,5.0,5.0
32020R0459R(02),,,Legge quadro con principi e dettagli tecnici,preamble,ok,G2,0.7,10.0,70.0,10.0,5.0,5.0
32020R0857,,,Regolamento delegato con dettagli tecnici e principi,preamble,ok,G3,0.8,10.0,0.0,80.0,10.0,0.0
32020R1125R(01),,,Legge quadro con riferimenti a principi e dettagli,preamble,ok,G2,0.7,10.0,70.0,10.0,10.0,0.0
32020R1230,,,Regolamento tecnico con riferimenti a principi e quadro,preamble,ok,G3,0.6,10.0,20.0,60.0,10.0,0.0
32021D1730,,,Regolamento tecnico con riferimenti a principi e linee guida,preamble,ok,G3,0.5,10.0,30.0,50.0,10.0,0.0
32021D1731,,,"Cita trattati, stabilisce regole quadro, include dettagli tecnici.",preamble,ok,G2,0.6,20.0,60.0,10.0,10.0,0.0
32021O0831,,,Legge quadro con riferimenti ai trattati e dettagli tecnici,preamble,ok,G2,0.6,10.0,60.0,30.0,0.0,0.0
32021R0548,,,Regolamento tecnico con riferimenti a principi e quadro,preamble,ok,G3,0.6,10.0,20.0,60.0,10.0,0.0
32021R0598,,,Regolamento tecnico con riferimenti a trattati e linee guida,preamble,ok,G3,0.8,10.0,0.0,80.0,10.0,0.0
32021R0782R(03),,,Legge quadro con principi e dettagli tecnici,preamble,ok,G2,0.7,15.0,70.0,10.0,5.0,0.0
32021R1061,,,Atto delegato con riferimenti a trattati e linee guida,preamble,ok,G3,0.8,10.0,0.0,80.0,10.0,0.0
32021R2070,,,Regolamento tecnico con riferimenti a principi e quadro,preamble,ok,G3,0.6,10.0,20.0,60.0,10.0,0.0
32022D0461,,,Atto delegato con principi e dettagli tecnici,preamble,ok,G2,0.6,10.0,60.0,20.0,10.0,0.0
32022D0728,,,Regolamento di esecuzione con dettagli tecnici,preamble,ok,G3,0.6,10.0,20.0,60.0,10.0,0.0
32022D0773,,,Regolamento tecnico con riferimenti a principi e linee guida,preamble,ok,G3,0.6,10.0,20.0,60.0,10.0,0.0
32022D1285,,,Decisione del Consiglio che modifica misura assistenza,preamble,ok,G2,0.9,10.0,90.0,0.0,0.0,0.0
32022L0362,,,Legge quadro con principi e dettagli tecnici,preamble,ok,G2,0.7,15.0,70.0,10.0,5.0,0.0
32022R0113,,,Modifica regolamento quadro con allegati tecnici,preamble,ok,G2,0.7,10.0,70.0,20.0,0.0,0.0
32022R2038,,,Regolamento quadro con principi e dettagli tecnici,preamble,ok,G2,0.7,10.0,70.0,15.0,5.0,0.0
32022R2299,,,Regolamento delegato con dettagli tecnici e riferimenti a principi,preamble,ok,G3,0.6,10.0,20.0,60.0,10.0,0.0
32022R2560,,,Regolamento quadro con principi e dettagli tecnici,preamble,ok,G2,0.8,10.0,80.0,5.0,5.0,0.0
32023D0457,,,Decisione CFSP con principi e dettagli,preamble,ok,G2,0.7,10.0,70.0,10.0,5.0,5.0
32023D0855,,,Atto legislativo quadro con riferimenti ai trattati,preamble,ok,G2,0.7,20.0,70.0,10.0,0.0,0.0
32023L1791R(02),,,Legge quadro con riferimenti a principi e dettagli tecnici,preamble,ok,G2,0.7,10.0,70.0,10.0,10.0,0.0
32023R0203R(01),,,Regolamento tecnico basato su atti precedenti,preamble,ok,G3,0.9,10.0,0.0,90.0,0.0,0.0
32023R0450,,,Regolamento delegato con dettagli tecnici e principi,preamble,ok,G3,0.8,10.0,0.0,80.0,10.0,0.0
32023R0840,,,Regolamento delegato con dettagli tecnici,preamble,ok,G3,0.8,10.0,0.0,80.0,10.0,0.0
32023R1441R(01),,,Regolamento delegato con dettagli tecnici,preamble,ok,G3,0.85,10.0,0.0,85.0,5.0,0.0
32023R1472,,,Regolamento di esecuzione con dettagli tecnici,preamble,ok,G3,0.8,10.0,0.0,80.0,10.0,0.0
32023R2841,,,Legge quadro con principi e dettagli tecnici,preamble,ok,G2,0.7,15.0,70.0,10.0,5.0,0.0
32024D0956,,,Legge quadro con riferimenti a trattati e allegati tecnici,preamble,ok,G2,0.6,20.0,60.0,10.0,10.0,0.0
32024D1645,,,"Riferimenti a trattati e principi, decisione quadro con dettagli",preamble,ok,G2,0.6,20.0,60.0,10.0,10.0,0.0
32024D1972,,,Decisione del Consiglio con riferimenti a trattati e procedure operative,preamble,ok,G2,0.7,10.0,70.0,10.0,10.0,0.0
32024R1620,,,Legge quadro con principi e dettagli tecnici,preamble,ok,G2,0.7,15.0,70.0,10.0,5.0,0.0
32024R1778R(01),,,Legge quadro con principi e dettagli tecnici,preamble,ok,G2,0.6,20.0,60.0,10.0,10.0,0.0
32025D0105R(01),,,Atto tecnico con riferimenti a principi e quadro,preamble,ok,G3,0.6,10.0,20.0,60.0,10.0,0.0
32025D0893,,,Atto tecnico con riferimenti a principi e quadro,preamble,ok,G3,0.6,10.0,20.0,60.0,10.0,0.0
32025R0846,,,Regolamento tecnico con riferimenti a trattati e quadro,preamble,ok,G3,0.6,10.0,20.0,60.0,10.0,0.0
32025R0847,,,Regolamento delegato con dettagli tecnici e riferimenti a principi,preamble,ok,G3,0.6,10.0,20.0,60.0,10.0,0.0
32004L0066R(01),,,"Adattamento atti per accessione, quadro legislativo",preamble,ok,G2,0.8,20.0,80.0,0.0,0.0,0.0
32005R2150,,,Regolamento tecnico con riferimenti a principi e quadro,preamble,ok,G3,0.6,10.0,20.0,60.0,10.0,0.0
32007D0414,,,Decisione di infrazione con riferimenti ai trattati,preamble,ok,G5,0.7,10.0,20.0,0.0,0.0,70.0
32008D0432,,,Decisione tecnica con aggiornamenti armonizzazione,preamble,ok,G3,0.6,10.0,20.0,60.0,10.0,0.0
32008E0944,,,Principi e regole quadro con riferimenti tecnici,preamble,ok,G2,0.5,30.0,50.0,10.0,10.0,0.0
32008L0096R(01),,,Principi e quadro legislativo con riferimenti tecnici,preamble,ok,G2,0.6,20.0,60.0,10.0,10.0,0.0
32008R1099R(01),,,Legge quadro con riferimenti a trattati e dettagli tecnici,preamble,ok,G2,0.7,10.0,70.0,15.0,5.0,0.0
32009D0302R(01),,,Decisione quadro con riferimenti ai Trattati,preamble,ok,G2,0.6,20.0,60.0,10.0,10.0,0.0
32009D0511,,,Decisione del Consiglio con riferimento ai Trattati,preamble,ok,G2,0.8,20.0,80.0,0.0,0.0,0.0
32009D0554,,,Decisione di infrazione con riferimento ai Trattati,preamble,ok,G5,0.9,10.0,0.0,0.0,0.0,90.0
32009D0740,,,Deroga tecnica basata su trattati e decisioni,preamble,ok,G3,0.5,10.0,30.0,50.0,0.0,10.0
32009L0081R(02),,,Principi e regole quadro con dettagli tecnici,preamble,ok,G2,0.6,20.0,60.0,10.0,10.0,0.0
32009R0169,,,Regolamento quadro con principi e dettagli tecnici,preamble,ok,G2,0.7,20.0,70.0,10.0,0.0,0.0
32010D0302,,,Decisione del Consiglio con base nei Trattati,preamble,ok,G2,0.8,20.0,80.0,0.0,0.0,0.0
32011D0784,,,Decisione di infrazione con procedure tecniche,preamble,ok,G5,0.4,10.0,20.0,30.0,0.0,40.0
32012R1219,,,Principi fondanti e quadro legislativo misti,preamble,ok,G2,0.6,30.0,60.0,0.0,10.0,0.0
32013D0752R(02),,,Regolamento tecnico con riferimenti a principi e quadro,preamble,ok,G3,0.6,10.0,20.0,60.0,10.0,0.0
32013D0752R(03),,,Regolamento tecnico con riferimenti a principi e linee guida,preamble,ok,G3,0.6,10.0,20.0,60.0,10.0,0.0
32013L0022R(01),,,Adattamento atti per accessione Croazia,preamble,ok,G2,0.6,20.0,60.0,20.0,0.0,0.0
32013R0151,,,Regolamento delegato con dettagli tecnici e riferimenti ai trattati,preamble,ok,G3,0.8,10.0,0.0,80.0,10.0,0.0
32014D0276,,,Atto tecnico con riferimenti a principi e linee guida,preamble,ok,G3,0.5,10.0,30.0,50.0,10.0,0.0
32014D0800,,,Decisione del Consiglio con riferimenti ai Trattati e modifiche operative,preamble,ok,G2,0.6,20.0,60.0,10.0,5.0,5.0
32014L0053,,,Legge quadro con riferimenti a principi e dettagli tecnici,preamble,ok,G2,0.7,10.0,70.0,15.0,5.0,0.0
32014R0514R(02),,,Legge quadro con principi fondanti e dettagli tecnici,preamble,ok,G2,0.7,20.0,70.0,5.0,5.0,0.0
32014R0909R(03),,,Legge quadro con principi e dettagli tecnici,preamble,ok,G2,0.7,10.0,70.0,15.0,5.0,0.0
32014R1299R(01),,,Regolamento tecnico con riferimenti a principi e linee guida,preamble,ok,G3,0.6,10.0,20.0,60.0,10.0,0.0
32015D2276R(01),,,Decisione del Consiglio con riferimenti ai Trattati,preamble,ok,G2,0.8,20.0,80.0,0.0,0.0,0.0
32016D1795,,,Legge quadro con riferimenti a principi e dettagli tecnici,preamble,ok,G2,0.7,10.0,70.0,15.0,5.0,0.0
32016D2240,,,Decisione del Consiglio con riferimenti ai Trattati,preamble,ok,G2,0.8,10.0,80.0,5.0,5.0,0.0
32016R1649,,,Regolamento delegato con dettagli tecnici e riferimenti giurisprudenziali,preamble,ok,G3,0.6,10.0,20.0,60.0,0.0,10.0
32016R1719R(02),,,Atto tecnico con base legale e principi,preamble,ok,G3,0.5,10.0,30.0,50.0,10.0,0.0
32016R2286,,,Regolamento delegato con dettagli tecnici,preamble,ok,G3,0.6,10.0,20.0,60.0,10.0,0.0
32017D0132,,,Decisione tecnica con riferimenti a direttive e trattati,preamble,ok,G3,0.4,10.0,20.0,40.0,20.0,10.0
32017R0981,,,Regolamento tecnico con riferimenti a principi e linee guida,preamble,ok,G3,0.8,10.0,0.0,80.0,10.0,0.0
32017R2177R(02),,,Regolamento tecnico con riferimenti a principi e linee guida,preamble,ok,G3,0.5,10.0,30.0,50.0,10.0,0.0
32018R0761R(01),,,Regolamento tecnico con riferimenti a principi e linee guida,preamble,ok,G3,0.6,10.0,20.0,60.0,10.0,0.0
32018R1866,,,Regolamento tecnico con riferimenti a principi e quadro,preamble,ok,G3,0.6,10.0,20.0,60.0,10.0,0.0
32018R1999R(04),,,Regolamento quadro con principi e dettagli tecnici,preamble,ok,G2,0.7,15.0,70.0,10.0,5.0,0.0
32019D0038R(02),,,"Riferimenti a trattati e regolamenti quadro, dettagli tecnici prevalenti",preamble,ok,G3,0.6,10.0,20.0,60.0,10.0,0.0
32019D0709,,,Regolamento tecnico con riferimenti a trattati e quadro,preamble,ok,G3,0.6,10.0,20.0,60.0,10.0,0.0
32019D0797R(02),,,Atto quadro con principi e dettagli operativi,preamble,ok,G2,0.6,20.0,60.0,10.0,10.0,0.0
32019R0924,,,Regolamento tecnico con riferimenti a principi e linee guida,preamble,ok,G3,0.8,10.0,0.0,80.0,10.0,0.0
32019R1140,,,Regolamento delegato con dettagli tecnici,preamble,ok,G3,0.8,10.0,0.0,80.0,10.0,0.0
32020D1502,,,Regolamento tecnico con riferimenti a trattati e linee guida,preamble,ok,G3,0.8,10.0,0.0,80.0,10.0,0.0
32020D1748,,,Decisione del Consiglio con riferimenti ai Trattati e modifiche tecniche.,preamble,ok,G2,0.8,10.0,80.0,10.0,0.0,0.0
32020D2025,,,Legge quadro con riferimenti a trattati e regolamenti tecnici,preamble,ok,G2,0.6,20.0,60.0,10.0,10.0,0.0
32021D1250,,,Decisione quadro con riferimenti a trattati e allegati,preamble,ok,G2,0.6,20.0,60.0,10.0,10.0,0.0
32021D1828,,,Comunicazione non vincolante con riferimenti ai trattati,preamble,ok,G4,0.9,10.0,0.0,0.0,90.0,0.0
32021D1886,,,Implementazione tecnica con riferimenti a quadro,preamble,ok,G3,0.6,10.0,20.0,60.0,10.0,0.0
32021L1047R(01),,,"Aggiornamento tecnico di allegato, riferimenti a trattati e direttive.",preamble,ok,G3,0.6,10.0,20.0,60.0,10.0,0.0
32021R0250R(01),,,Legislazione quadro con riferimenti ai trattati,preamble,ok,G2,0.7,10.0,70.0,10.0,10.0,0.0
32021R0694,,,Regolamento quadro con riferimenti ai trattati e dettagli tecnici,preamble,ok,G2,0.7,10.0,70.0,15.0,5.0,0.0
32021R1751,,,Atto tecnico basato su direttiva quadro,preamble,ok,G3,0.6,10.0,30.0,60.0,0.0,0.0
32021R2103,,,Regolamento delegato con dettagli tecnici e riferimenti a principi,preamble,ok,G3,0.8,10.0,0.0,80.0,10.0,0.0
32022D0706R(01),,,Regolamento tecnico con riferimenti a principi e quadro,preamble,ok,G3,0.6,10.0,20.0,60.0,10.0,0.0
32022D0771,,,Atto tecnico con riferimenti a principi e quadro,preamble,ok,G3,0.6,10.0,20.0,60.0,10.0,0.0
32022D0775,,,Atto tecnico con riferimenti a principi e quadro,preamble,ok,G3,0.5,10.0,30.0,50.0,10.0,0.0
32022D1462,,,Regolamento delegato con dettagli tecnici e riferimenti ai trattati,preamble,ok,G3,0.8,10.0,0.0,80.0,10.0,0.0
32022D2256,,,Implementazione tecnica con riferimenti a principi,preamble,ok,G3,0.8,10.0,0.0,80.0,10.0,0.0
32022R1862,,,Implementazione tecnica di regolamento quadro,preamble,ok,G3,0.8,10.0,0.0,80.0,10.0,0.0
32022R1862R(01),,,Implementazione tecnica con riferimenti a principi,preamble,ok,G3,0.8,10.0,0.0,80.0,10.0,0.0
32023D0994,,,Decisione del Consiglio su esenzione Danimarca,preamble,ok,G2,0.7,30.0,70.0,0.0,0.0,0.0
32023D1059R(01),,,Decisione quadro con riferimenti a trattati e procedure,preamble,ok,G2,0.6,20.0,60.0,10.0,10.0,0.0
32023D2669,,,Regolamento tecnico con riferimenti a principi e linee guida,preamble,ok,G3,0.8,10.0,0.0,80.0,10.0,0.0
32023L2413R(02),,,Legge quadro con principi e dettagli tecnici,preamble,ok,G2,0.7,15.0,70.0,10.0,5.0,0.0
32023R0203,,,Regolamento tecnico con riferimenti a principi e quadro,preamble,ok,G3,0.6,10.0,20.0,60.0,10.0,0.0
32023R0588,,,Legge quadro con riferimenti a principi e linee guida,preamble,ok,G2,0.7,20.0,70.0,5.0,5.0,0.0
32023R1441,,,Regolamento delegato con dettagli tecnici,preamble,ok,G3,0.8,10.0,0.0,80.0,10.0,0.0
32023R1804,,,Legge quadro con riferimenti a principi e dettagli tecnici,preamble,ok,G2,0.7,10.0,70.0,15.0,5.0,0.0
32023R1804R(01),,,Legge quadro con riferimenti a principi e dettagli tecnici,preamble,ok,G2,0.7,10.0,70.0,15.0,5.0,0.0
32023R2414,,,Correzione errori tecnici in regolamento attuativo,preamble,ok,G3,1.0,0.0,0.0,100.0,0.0,0.0
32024D1638,,,Decisione del Consiglio su trattato internazionale,preamble,ok,G2,0.8,20.0,80.0,0.0,0.0,0.0
32024D1779,,,Decisione quadro con principi e dettagli operativi,preamble,ok,G2,0.6,20.0,60.0,10.0,10.0,0.0
32024D2035,,,Atto tecnico di verifica e applicazione,preamble,ok,G3,0.8,10.0,0.0,80.0,10.0,0.0
32024D2880,,,Decisione CFSP con base giuridica e misure operative,preamble,ok,G2,0.8,10.0,80.0,5.0,5.0,0.0
32024D3116,,,Decisione quadro con principi e regole operative,preamble,ok,G2,0.6,20.0,60.0,10.0,10.0,0.0
32024R0482R(03),,,Regolamento tecnico con riferimenti a principi e quadro,preamble,ok,G3,0.6,10.0,20.0,60.0,10.0,0.0
32024R1601R(01),,,Regolamento tecnico di aggiornamento lista,preamble,ok,G3,0.8,10.0,0.0,80.0,10.0,0.0
32024R2803,,,Legge quadro con riferimenti a principi e dettagli,preamble,ok,G2,0.7,10.0,70.0,10.0,5.0,5.0
32025D0635,,,Regolamento delegato con dettagli tecnici,preamble,ok,G3,0.7,10.0,20.0,70.0,0.0,0.0
32025L0290R(01),,,Aggiornamento tecnico di elenchi allegati,preamble,ok,G3,0.8,10.0,0.0,80.0,10.0,0.0
32025R0021,,,Regolamento tecnico con riferimenti a principi e quadro,preamble,ok,G3,0.6,10.0,20.0,60.0,10.0,0.0
32025R0302,,,Regolamento tecnico con riferimenti a principi e linee guida,preamble,ok,G3,0.8,10.0,0.0,80.0,10.0,0.0
32025R0655,,,Regolamento delegato con dettagli tecnici e riferimenti ai trattati.,preamble,ok,G3,0.8,10.0,0.0,80.0,10.0,0.0
32025R0848,,,Regolamento tecnico con riferimenti a principi e linee guida,preamble,ok,G3,0.8,10.0,0.0,80.0,10.0,0.0
32004D0545,,,"Atto misto con principi, regole quadro e dettagli tecnici",preamble,ok,G2,0.4,10.0,40.0,30.0,20.0,0.0
32004D0920,,,Deroga tecnica basata su direttiva quadro,preamble,ok,G3,0.6,10.0,20.0,60.0,10.0,0.0
32006D0077,,,"Principi, quadro, linee guida miste",preamble,ok,G2,0.4,30.0,40.0,0.0,30.0,0.0
32006L0038,,,Principi fondanti e quadro legislativo misti,preamble,ok,G2,0.6,20.0,60.0,10.0,10.0,0.0
32006R1637R(01),,,"Principi, quadro, dettagli tecnici, linee guida",preamble,ok,G2,0.4,10.0,40.0,40.0,10.0,0.0
32008D0014,,,Regolamento tecnico con riferimenti a principi e quadro,preamble,ok,G3,0.6,10.0,20.0,60.0,10.0,0.0
32008D0030,,,Decisione legislativa con principi e applicazione,preamble,ok,G2,0.7,10.0,70.0,10.0,5.0,5.0
32008D0305,,,Decisione quadro con riferimenti ai Trattati,preamble,ok,G2,0.8,20.0,80.0,0.0,0.0,0.0
32008F0909R(03),,,Direttiva con principi e regole operative,preamble,ok,G2,0.7,20.0,70.0,5.0,5.0,0.0
32008H0653,,,Raccomandazione non vincolante con riferimenti ai trattati,preamble,ok,G4,0.9,10.0,0.0,0.0,90.0,0.0
32009D0516,,,Decisione quadro con base nei trattati,preamble,ok,G2,0.8,20.0,80.0,0.0,0.0,0.0
32009D0517,,,Decisione quadro con riferimenti ai Trattati,preamble,ok,G2,0.8,20.0,80.0,0.0,0.0,0.0
32009L0110R(01),,,Direttiva quadro con riferimenti a trattati e allegati tecnici,preamble,ok,G2,0.7,10.0,70.0,10.0,10.0,0.0
32011H0024,,,Raccomandazione per interpretazione convergente,preamble,ok,G4,0.9,10.0,0.0,0.0,90.0,0.0
32011R1332,,,Regolamento tecnico con riferimenti a principi e quadro,preamble,ok,G3,0.6,10.0,20.0,60.0,10.0,0.0
32011R1332R(02),,,Regolamento tecnico con base legale e principi,preamble,ok,G3,0.6,10.0,20.0,60.0,10.0,0.0
32012D0540,,,Decisione di infrazione con riferimenti ai trattati,preamble,ok,G5,0.7,10.0,20.0,0.0,0.0,70.0
32012L0034R(05),,,Legge quadro con principi e dettagli tecnici,preamble,ok,G2,0.7,10.0,70.0,10.0,5.0,5.0
32013D0233R(02),,,Decisione quadro con riferimenti ai Trattati,preamble,ok,G2,0.8,20.0,80.0,0.0,0.0,0.0
32013D1313,,,Legge quadro con principi e dettagli tecnici,preamble,ok,G2,0.7,15.0,70.0,10.0,5.0,0.0
32013R0152,,,Regolamento tecnico con riferimenti a principi e quadro,preamble,ok,G3,0.6,10.0,20.0,60.0,10.0,0.0
32013R0462R(01),,,Legge quadro con riferimenti a principi e dettagli,preamble,ok,G2,0.7,10.0,70.0,10.0,5.0,5.0
32014D0042,,,Decisione del Consiglio che modifica atto precedente,preamble,ok,G2,0.8,10.0,80.0,5.0,5.0,0.0
32014D0415R(03),,,Decisione quadro con principi e regole operative,preamble,ok,G2,0.7,20.0,70.0,5.0,5.0,0.0
32014D0453,,,Atto di adeguamento EEA con base legale,preamble,ok,G2,0.6,20.0,60.0,10.0,10.0,0.0
32014R0909R(04),,,Legge quadro con principi e dettagli tecnici,preamble,ok,G2,0.7,10.0,70.0,15.0,5.0,0.0
32015D0632,,,Legge quadro con riferimenti a principi e dettagli,preamble,ok,G2,0.7,10.0,70.0,10.0,10.0,0.0
32015D1793,,,Decisione del Consiglio con riferimenti ai Trattati,preamble,ok,G2,0.8,20.0,80.0,0.0,0.0,0.0
32015L0849,,,Legge quadro con principi e dettagli tecnici,preamble,ok,G2,0.7,15.0,70.0,10.0,5.0,0.0
32015L2366R(03),,,Legge quadro con riferimenti a principi e dettagli tecnici,preamble,ok,G2,0.8,10.0,80.0,5.0,5.0,0.0
32016D0207R(01),,,Decisione CFSP con principi e regole operative,preamble,ok,G2,0.8,20.0,80.0,0.0,0.0,0.0
32016R1013,,,Legge quadro con riferimenti a principi e dettagli tecnici,preamble,ok,G2,0.7,10.0,70.0,15.0,5.0,0.0
32016R1375R(02),,,Regolamento delegato con allegati tecnici,preamble,ok,G3,0.7,10.0,20.0,70.0,0.0,0.0
32017D0899R(03),,,Legge quadro con riferimenti a principi e dettagli tecnici,preamble,ok,G2,0.7,10.0,70.0,15.0,5.0,0.0
32017D2075R(01),,,Regolamento tecnico con base legale e principi,preamble,ok,G3,0.5,10.0,30.0,50.0,10.0,0.0
32017R1084R(06),,,Regolamento delegato con dettagli tecnici e riferimenti a principi,preamble,ok,G3,0.6,10.0,20.0,60.0,10.0,0.0
32017R1539R(01),,,Atto tecnico ECB con riferimenti a trattati e linee guida,preamble,ok,G3,0.8,10.0,0.0,80.0,10.0,0.0
32018D0500,,,Regolamento tecnico con riferimenti a principi e quadro,preamble,ok,G3,0.6,10.0,20.0,60.0,10.0,0.0
32018D1797R(01),,,Decisione quadro con riferimenti a trattati e procedure,preamble,ok,G2,0.7,10.0,70.0,10.0,10.0,0.0
32018R1973,,,Regolamento tecnico con riferimenti a principi e linee guida,preamble,ok,G3,0.6,10.0,20.0,60.0,10.0,0.0
32019D0235R(01),,,Atto tecnico con riferimenti a principi e linee guida,preamble,ok,G3,0.5,10.0,20.0,50.0,20.0,0.0
32019R0554,,,"Modifica tecnica di allegato, riferimenti a principi e direttiva.",preamble,ok,G3,0.6,10.0,20.0,60.0,10.0,0.0
32019R1148R(03),,,Legge quadro con riferimenti a trattati e dettagli tecnici,preamble,ok,G2,0.7,10.0,70.0,15.0,5.0,0.0
32020D0636R(01),,,Atto tecnico con riferimenti a principi e linee guida,preamble,ok,G3,0.4,10.0,20.0,40.0,30.0,0.0
32020D1109,,,Legge quadro con riferimenti ai trattati,preamble,ok,G2,0.8,20.0,80.0,0.0,0.0,0.0
32020R0370,,,"Modifica tecnica di allegato, basata su regolamento quadro.",preamble,ok,G3,0.9,10.0,0.0,90.0,0.0,0.0
32020R1056R(02),,,Regolamento quadro con principi e dettagli tecnici,preamble,ok,G2,0.7,10.0,70.0,15.0,5.0,0.0
32020R1992,,,Regolamento tecnico per aggiornare liste,preamble,ok,G3,0.8,10.0,0.0,80.0,10.0,0.0
32021R0453R(01),,,Regolamento delegato con riferimenti ai trattati,preamble,ok,G3,0.85,10.0,0.0,85.0,5.0,0.0
32021R0731,,,Regolamento delegato con riferimenti a principi,preamble,ok,G3,0.8,10.0,0.0,80.0,10.0,0.0
32021R1232,,,Legge quadro con riferimenti a principi e dettagli tecnici,preamble,ok,G2,0.7,10.0,70.0,10.0,5.0,5.0
32022D0472,,,Decisione CFSP che modifica quadro finanziario e durata,preamble,ok,G2,0.8,10.0,80.0,5.0,5.0,0.0
32022D2352,,,Decisione quadro con principi e dettagli operativi,preamble,ok,G2,0.7,20.0,70.0,10.0,0.0,0.0
32022D2354,,,Decisione quadro con riferimenti a trattati e dettagli operativi,preamble,ok,G2,0.7,10.0,70.0,10.0,10.0,0.0
32022L2555,,,Legge quadro con riferimenti a principi e dettagli tecnici,preamble,ok,G2,0.7,10.0,70.0,10.0,5.0,5.0
32022R1032R(03),,,Legge quadro con principi e dettagli tecnici,preamble,ok,G2,0.7,10.0,70.0,10.0,10.0,0.0
32022R2295,,,Regolamento tecnico con riferimenti a principi e quadro,preamble,ok,G3,0.6,10.0,20.0,60.0,10.0,0.0
32022R2301,,,Regolamento tecnico con riferimenti a principi e quadro,preamble,ok,G3,0.6,10.0,20.0,60.0,10.0,0.0
32023D0229,,,Decisione del Consiglio con riferimenti ai Trattati,preamble,ok,G2,0.8,10.0,80.0,5.0,5.0,0.0
32023D0230,,,Decisione del Consiglio su politica estera e sicurezza,preamble,ok,G2,0.9,10.0,90.0,0.0,0.0,0.0
32023D0386,,,Decisione CFSP con principi e regole operative,preamble,ok,G2,0.6,20.0,60.0,10.0,10.0,0.0
32023D0855R(01),,,Atto legislativo quadro con riferimenti ai trattati,preamble,ok,G2,0.7,20.0,70.0,10.0,0.0,0.0
32023L2843,,,Legge quadro con riferimenti ai trattati,preamble,ok,G2,0.7,20.0,70.0,5.0,5.0,0.0
32023R1111,,,Regolamento tecnico con riferimenti a principi e quadro,preamble,ok,G3,0.6,10.0,20.0,60.0,10.0,0.0
32024D2543,,,Legge quadro con riferimenti a trattati e dettagli tecnici,preamble,ok,G2,0.7,10.0,70.0,15.0,5.0,0.0
32024D3116R(01),,,Decisione quadro con riferimenti a trattati e allegati tecnici,preamble,ok,G2,0.7,10.0,70.0,10.0,10.0,0.0
32024O2798R(01),,,Regolamento quadro con riferimenti ai trattati e dettagli tecnici,preamble,ok,G2,0.6,10.0,60.0,30.0,0.0,0.0
32024Q02022,,,Linee guida interpretative non vincolanti,preamble,ok,G4,1.0,0.0,0.0,0.0,100.0,0.0
32024R1502,,,Regolamento delegato con dettagli tecnici,preamble,ok,G3,0.8,10.0,0.0,80.0,10.0,0.0
32024R1943,,,Regolamento di esecuzione con dettagli tecnici,preamble,ok,G3,0.8,10.0,0.0,80.0,10.0,0.0
32024R2847,,,Legge quadro con principi e dettagli tecnici,preamble,ok,G2,0.7,15.0,70.0,10.0,5.0,0.0
32024R3014,,,Regolamento di esecuzione con riferimenti a trattati e linee guida,preamble,ok,G3,0.8,10.0,0.0,80.0,10.0,0.0
32024R3143,,,Regolamento tecnico con riferimenti a principi e quadro,preamble,ok,G3,0.6,10.0,20.0,60.0,10.0,0.0
32025D0554,,,Decisione del Consiglio su posizione UE in EEA,preamble,ok,G2,0.7,10.0,70.0,10.0,10.0,0.0
32025D0823R(01),,,Decisione quadro con principi e dettagli tecnici,preamble,ok,G2,0.7,10.0,70.0,10.0,10.0,0.0
32025R0022,,,Regolamento delegato con dettagli tecnici e riferimenti a principi,preamble,ok,G3,0.6,10.0,20.0,60.0,10.0,0.0
32004D0739,,,"Decisione PSC su operazione militare, quadro e dettagli",preamble,ok,G2,0.6,10.0,60.0,20.0,10.0,0.0
32005D0053,,,Atto tecnico con dettagli operativi e riferimenti a principi,preamble,ok,G3,0.5,10.0,30.0,50.0,10.0,0.0
32005D0631,,,Regolamento tecnico con riferimenti a principi e linee guida,preamble,ok,G3,0.6,10.0,20.0,60.0,10.0,0.0
32005L0082,,,Direttiva con principi e dettagli tecnici,preamble,ok,G2,0.7,10.0,70.0,15.0,5.0,0.0
32006D0345,,,Riferimento a Trattati e autorizzazione legislativa,preamble,ok,G2,0.8,20.0,80.0,0.0,0.0,0.0
32006D0621,,,Decisione di infrazione con riferimento ai Trattati,preamble,ok,G5,0.9,10.0,0.0,0.0,0.0,90.0
32006R0216R(01),,,Regolamento tecnico che modifica classificazione doganale,preamble,ok,G3,0.8,10.0,0.0,80.0,10.0,0.0
32008H0295,,,Direttiva quadro con riferimenti a trattati e dettagli tecnici,preamble,ok,G2,0.6,10.0,60.0,20.0,10.0,0.0
32009D0513,,,Decisione del Consiglio con base giuridica,preamble,ok,G2,0.8,20.0,80.0,0.0,0.0,0.0
32009D0514,,,Decisione quadro con riferimenti ai Trattati,preamble,ok,G2,0.8,20.0,80.0,0.0,0.0,0.0
32009D0812,,,Deroga tecnica basata su decisioni precedenti,preamble,ok,G3,0.6,10.0,20.0,60.0,10.0,0.0
32009L0012,,,Legge quadro con principi e dettagli tecnici,preamble,ok,G2,0.7,15.0,70.0,10.0,5.0,0.0
32009L0110R(02),,,Direttiva quadro con riferimenti ai trattati,preamble,ok,G2,0.7,10.0,70.0,10.0,10.0,0.0
32009L0114R(01),,,"Direttiva con principi, regole e dettagli tecnici",preamble,ok,G2,0.7,10.0,70.0,15.0,5.0,0.0
32009R0545,,,Regolamento quadro con principi e dettagli tecnici,preamble,ok,G2,0.7,10.0,70.0,20.0,0.0,0.0
32010D0194,,,Decisione tecnica con riferimenti a trattati e prassi,preamble,ok,G3,0.8,10.0,0.0,80.0,10.0,0.0
32012D0685,,,Regolamento quadro con riferimenti a trattati e dettagli tecnici,preamble,ok,G2,0.6,10.0,60.0,20.0,10.0,0.0
32012L0047,,,Direttiva che modifica normativa quadro,preamble,ok,G2,0.7,10.0,70.0,10.0,10.0,0.0
32012R1112,,,Regolamento tecnico con riferimenti a principi e linee guida,preamble,ok,G3,0.8,10.0,0.0,80.0,10.0,0.0
32013D0654R(01),,,Atto tecnico con riferimenti a principi e quadro,preamble,ok,G3,0.6,10.0,20.0,60.0,10.0,0.0
32013H0466,,,Atto tecnico con linee guida e riferimenti a principi,preamble,ok,G3,0.4,10.0,20.0,40.0,30.0,0.0
32013R0909R(01),,,Regolamento tecnico con base legale e principi,preamble,ok,G3,0.6,10.0,20.0,60.0,10.0,0.0
32014D0258R(01),,,Decisione PSC con base giuridica e dettagli operativi,preamble,ok,G2,0.6,10.0,60.0,20.0,10.0,0.0
32014D0364,,,Legge quadro con principi e dettagli tecnici,preamble,ok,G2,0.6,20.0,60.0,10.0,10.0,0.0
32014D0482,,,Decisione del Consiglio con riferimenti ai Trattati,preamble,ok,G2,0.7,20.0,70.0,5.0,5.0,0.0
32014L0061R(03),,,Legge quadro con principi e dettagli tecnici,preamble,ok,G2,0.7,15.0,70.0,10.0,5.0,0.0
32014R0909R(08),,,Legge quadro con principi e dettagli tecnici,preamble,ok,G2,0.7,10.0,70.0,15.0,5.0,0.0
32015D0750,,,Atto tecnico con dettagli operativi e riferimenti normativi,preamble,ok,G3,0.5,10.0,30.0,50.0,10.0,0.0
32015R1014,,,Regolamento tecnico con riferimenti a trattati e linee guida,preamble,ok,G3,0.8,10.0,0.0,80.0,10.0,0.0
32015R2120,,,Regolamento quadro con principi e dettagli tecnici,preamble,ok,G2,0.7,15.0,70.0,10.0,5.0,0.0
32016D0207,,,Decisione CFSP con riferimenti ai Trattati,preamble,ok,G2,0.8,20.0,80.0,0.0,0.0,0.0
32016L0882,,,Modifica tecnica con riferimenti a principi e linee guida,preamble,ok,G3,0.8,10.0,0.0,80.0,10.0,0.0
32017D1483R(01),,,Atto tecnico con riferimenti a principi e quadro,preamble,ok,G3,0.6,10.0,20.0,60.0,10.0,0.0
32017D2162,,,Decisione del Consiglio con riferimenti ai Trattati,preamble,ok,G2,0.8,20.0,80.0,0.0,0.0,0.0
32017L2455R(08),,,"Direttiva con principi, regole e dettagli tecnici",preamble,ok,G2,0.7,10.0,70.0,15.0,5.0,0.0
32017R0867,,,Regolamento tecnico con riferimenti a principi e quadro,preamble,ok,G3,0.6,10.0,20.0,60.0,10.0,0.0
32017R1800R(01),,,Regolamento delegato con riferimenti a trattati e linee guida,preamble,ok,G3,0.8,10.0,0.0,80.0,10.0,0.0
32017R2454,,,Regolamento quadro con riferimenti ai trattati e dettagli tecnici,preamble,ok,G2,0.7,10.0,70.0,20.0,0.0,0.0
32018D0226,,,Decisione del Consiglio con riferimenti ai Trattati,preamble,ok,G2,0.8,10.0,80.0,5.0,5.0,0.0
32018D0340R(01),,,Decisione quadro con principi e dettagli tecnici,preamble,ok,G2,0.6,20.0,60.0,10.0,10.0,0.0
32018R1971,,,Legge quadro con riferimenti a trattati e compiti tecnici,preamble,ok,G2,0.7,10.0,70.0,10.0,5.0,5.0
32019D0392,,,Decisione quadro con riferimenti ai trattati,preamble,ok,G2,0.8,20.0,80.0,0.0,0.0,0.0
32019D0420,,,Legge quadro con principi e dettagli tecnici,preamble,ok,G2,0.7,15.0,70.0,10.0,5.0,0.0
32019D1179,,,Decisione del Consiglio con riferimenti a trattati e regolamenti,preamble,ok,G2,0.7,10.0,70.0,10.0,5.0,5.0
32019D1909R(01),,,Decisione quadro con riferimenti a trattati e raccomandazioni,preamble,ok,G2,0.7,10.0,70.0,10.0,10.0,0.0
32019R0503R(01),,,Legge quadro con riferimenti ai trattati,preamble,ok,G2,0.8,10.0,80.0,5.0,5.0,0.0
32019R0881R(04),,,Legge quadro con riferimenti a principi e dettagli,preamble,ok,G2,0.7,10.0,70.0,10.0,10.0,0.0
32020D0117,,,Decisione del Consiglio con riferimenti ai Trattati,preamble,ok,G2,0.8,10.0,80.0,5.0,5.0,0.0
32020D0373,,,Decisione CFSP con riferimenti a trattati e aggiornamenti tecnici,preamble,ok,G2,0.8,10.0,80.0,5.0,0.0,5.0
32020D0414R(03),,,Implementazione tecnica basata su legge quadro,preamble,ok,G3,0.6,10.0,20.0,60.0,10.0,0.0
32020D0522,,,Decisione quadro con principi e procedure operative,preamble,ok,G2,0.6,20.0,60.0,10.0,10.0,0.0
32020D0793,,,Decisione del Consiglio con principi e regole operative,preamble,ok,G2,0.6,20.0,60.0,20.0,0.0,0.0
32020D1746R(01),,,Decisione quadro con riferimenti a trattati e raccomandazioni,preamble,ok,G2,0.7,10.0,70.0,10.0,10.0,0.0
32020D2024,,,Principi trattati e regole quadro operative,preamble,ok,G2,0.6,20.0,60.0,10.0,10.0,0.0
32020D2187,,,Decisione quadro con principi e dettagli operativi,preamble,ok,G2,0.6,20.0,60.0,10.0,10.0,0.0
32020D2252R(03),,,Decisione del Consiglio su accordo internazionale,preamble,ok,G2,0.8,20.0,80.0,0.0,0.0,0.0
32020R1056R(03),,,Regolamento quadro con principi e dettagli tecnici,preamble,ok,G2,0.7,10.0,70.0,15.0,5.0,0.0
32021D1738,,,Legge quadro con riferimenti a trattati e procedure,preamble,ok,G2,0.7,10.0,70.0,10.0,5.0,5.0
32021D1828R(01),,,Comunicazione non vincolante con riferimenti ai trattati,preamble,ok,G4,0.9,10.0,0.0,0.0,90.0,0.0
32021D2136,,,Legge quadro con principi e dettagli tecnici,preamble,ok,G2,0.6,20.0,60.0,10.0,10.0,0.0
32021O0833,,,Legge quadro con riferimenti a principi e dettagli tecnici,preamble,ok,G2,0.6,10.0,60.0,20.0,10.0,0.0
32021R0280,,,Regolamento tecnico con riferimenti a principi e linee guida,preamble,ok,G3,0.6,10.0,20.0,60.0,10.0,0.0
32021R0391,,,Modifica regolamento quadro con allegati tecnici,preamble,ok,G2,0.7,10.0,70.0,20.0,0.0,0.0
32021R0694R(01),,,Regolamento quadro con riferimenti ai trattati e dettagli tecnici,preamble,ok,G2,0.7,10.0,70.0,15.0,5.0,0.0
32021R2289,,,Regolamento tecnico con riferimenti a principi e quadro,preamble,ok,G3,0.7,10.0,20.0,70.0,0.0,0.0
32022D0179,,,Atto tecnico con riferimenti a principi e linee guida,preamble,ok,G3,0.6,10.0,20.0,60.0,10.0,0.0
32022D0465,,,Atto tecnico con riferimenti a principi e quadro,preamble,ok,G3,0.6,10.0,20.0,60.0,10.0,0.0
32022D0754,,,Decisione CFSP con estensione misure restrittive,preamble,ok,G2,0.9,10.0,90.0,0.0,0.0,0.0
32022D0769,,,Regolamento tecnico con riferimenti a principi e linee guida,preamble,ok,G3,0.6,10.0,20.0,60.0,10.0,0.0
32022D1507,,,Decisione del Consiglio con riferimenti ai Trattati e allegati,preamble,ok,G2,0.8,10.0,80.0,10.0,0.0,0.0
32022D1663,,,Decisione del Consiglio con riferimenti ai Trattati e allegati tecnici,preamble,ok,G2,0.7,10.0,70.0,20.0,0.0,0.0
32022D2071,,,Regolamento tecnico con riferimenti a principi e linee guida,preamble,ok,G3,0.6,10.0,20.0,60.0,10.0,0.0
32022D2269,,,"Cita trattati, stabilisce obiettivi, linee guida",preamble,ok,G2,0.6,20.0,60.0,0.0,20.0,0.0
32022D2353,,,Legge quadro con riferimenti a principi e dettagli,preamble,ok,G2,0.6,20.0,60.0,10.0,10.0,0.0
32022D2421,,,Regolamento di esecuzione con dettagli tecnici,preamble,ok,G3,0.6,10.0,20.0,60.0,10.0,0.0
32022D2423,,,Regolamento tecnico con riferimenti a principi e linee guida,preamble,ok,G3,0.6,10.0,20.0,60.0,10.0,0.0
32022L0362R(04),,,Legge quadro con principi e dettagli tecnici,preamble,ok,G2,0.7,15.0,70.0,10.0,5.0,0.0
32022R2554R(03),,,Legge quadro con principi e dettagli tecnici,preamble,ok,G2,0.7,10.0,70.0,15.0,5.0,0.0
32023D0273,,,Legge quadro con riferimenti a trattati e allegati tecnici,preamble,ok,G2,0.6,20.0,60.0,10.0,10.0,0.0
32023D2199R(01),,,Deroghe tecniche basate su regolamento quadro,preamble,ok,G3,0.8,10.0,0.0,80.0,10.0,0.0
32023D2392,,,Riferimenti a trattati e standardizzazione tecnica,preamble,ok,G3,0.8,10.0,0.0,80.0,10.0,0.0
32023D2687,,,Decisione quadro con riferimenti ai Trattati e dettagli tecnici,preamble,ok,G2,0.7,10.0,70.0,20.0,0.0,0.0
32023L0277,,,"Aggiornamento tecnico di allegato, riferimenti a trattati e direttive.",preamble,ok,G3,0.6,10.0,20.0,60.0,10.0,0.0
32023R2844,,,Legge quadro con principi e dettagli tecnici,preamble,ok,G2,0.7,15.0,70.0,10.0,5.0,0.0
32024D0773,,,Modifica tecnica di decisione per registri elettronici,preamble,ok,G3,0.9,10.0,0.0,90.0,0.0,0.0
32024D0789,,,Atto di adesione a regolamento quadro,preamble,ok,G2,0.7,10.0,70.0,10.0,5.0,5.0
32024D0876,,,Decisione quadro con riferimenti a trattati e allegati,preamble,ok,G2,0.7,10.0,70.0,10.0,5.0,5.0
32024D3157,,,Decisione tecnica con riferimenti a trattati e mandati,preamble,ok,G3,0.6,10.0,20.0,60.0,10.0,0.0
32024R0490R(01),,,Atto delegato con riferimenti a principi e strategie,preamble,ok,G3,0.6,10.0,20.0,60.0,10.0,0.0
32024R0873,,,Regolamento delegato con dettagli tecnici e riferimenti a principi,preamble,ok,G3,0.6,10.0,20.0,60.0,10.0,0.0
32024R1309R(01),,,Legge quadro con principi e dettagli tecnici,preamble,ok,G2,0.7,15.0,70.0,10.0,5.0,0.0
32024R1620R(01),,,Legge quadro con principi e dettagli tecnici,preamble,ok,G2,0.7,15.0,70.0,10.0,5.0,0.0
32024R1624,,,Legge quadro con riferimenti a principi e dettagli tecnici,preamble,ok,G2,0.7,10.0,70.0,10.0,10.0,0.0
32024R1706,,,Delegato tecnico con riferimenti a principi e linee guida,preamble,ok,G3,0.8,10.0,0.0,80.0,10.0,0.0
32024R3104,,,Atto tecnico con riferimenti a regolamenti e classificazioni,preamble,ok,G3,0.6,10.0,20.0,60.0,10.0,0.0
32025D0543,,,Decisione di infrazione con riferimenti normativi,preamble,ok,G5,0.7,10.0,0.0,20.0,0.0,70.0
32025D1057,,,Atto tecnico con riferimenti a principi e linee guida,preamble,ok,G3,0.6,10.0,20.0,60.0,10.0,0.0
32025R0038,,,Legge quadro con principi e dettagli tecnici,preamble,ok,G2,0.7,10.0,70.0,10.0,5.0,5.0
32025R0212,,,Correzione tecnica di regolamento delegato,preamble,ok,G3,0.9,10.0,0.0,90.0,0.0,0.0
32005D0346,,,Decisione di infrazione con riferimenti procedurali,preamble,ok,G5,0.4,10.0,20.0,30.0,0.0,40.0
32005D0395,,,Decisione quadro con riferimenti ai Trattati,preamble,ok,G2,0.6,20.0,60.0,10.0,10.0,0.0
32005D0905R(01),,,Riferimento a trattati e procedura legislativa,preamble,ok,G2,0.6,40.0,60.0,0.0,0.0,0.0
32006D0516,,,Decisione del Consiglio con principi e regole quadro,preamble,ok,G2,0.7,20.0,70.0,0.0,10.0,0.0
32006D0543,,,Decisione quadro con riferimenti ai Trattati,preamble,ok,G2,0.8,20.0,80.0,0.0,0.0,0.0
32006R0474,,,Atto tecnico basato su regolamento quadro,preamble,ok,G3,0.8,10.0,0.0,80.0,10.0,0.0
32007D0344,,,"Cita trattati, attuazione tecnica, raccomandazioni",preamble,ok,G3,0.4,10.0,30.0,40.0,20.0,0.0
32009D0760,,,Decisione tecnica basata su direttiva,preamble,ok,G3,0.6,10.0,20.0,60.0,10.0,0.0
32009D0884,,,Decisione tecnica con riferimenti a trattati e linee guida,preamble,ok,G3,0.8,10.0,0.0,80.0,10.0,0.0
32010L0013R(03),,,Legge quadro con principi e dettagli tecnici,preamble,ok,G2,0.7,10.0,70.0,10.0,10.0,0.0
32010L0080,,,Direttiva che modifica allegato tecnico,preamble,ok,G2,0.7,10.0,70.0,20.0,0.0,0.0
32010R0913R(02),,,Legge quadro con principi e dettagli tecnici,preamble,ok,G2,0.7,15.0,70.0,10.0,5.0,0.0
32010R1227,,,Modifica regolamento tecnico per criteri qualità,preamble,ok,G3,0.7,10.0,20.0,70.0,0.0,0.0
32011D0092,,,Atto tecnico con riferimenti a principi e quadro,preamble,ok,G3,0.6,10.0,20.0,60.0,10.0,0.0
32012D0063,,,Decisione di infrazione con procedure e riferimenti ai trattati,preamble,ok,G5,0.4,10.0,20.0,30.0,0.0,40.0
32012R1249,,,Regolamento delegato con riferimenti ai trattati e linee guida,preamble,ok,G3,0.8,10.0,0.0,80.0,10.0,0.0
32013D0233,,,Decisione del Consiglio con base nei Trattati,preamble,ok,G2,0.8,20.0,80.0,0.0,0.0,0.0
32013D0233R(03),,,Decisione del Consiglio con base nei Trattati,preamble,ok,G2,0.8,20.0,80.0,0.0,0.0,0.0
32013D0332,,,Decisione del Consiglio su protocollo trasporti,preamble,ok,G2,0.7,20.0,70.0,5.0,5.0,0.0
32013D0719,,,Decisione su aiuti di Stato con riferimenti procedurali,preamble,ok,G3,0.4,10.0,30.0,40.0,10.0,10.0
32013R1072,,,Regolamento tecnico con riferimenti a principi e quadro,preamble,ok,G3,0.6,10.0,20.0,60.0,10.0,0.0
32014D0017,,,Decisione tecnica con riferimenti a trattati e raccomandazioni,preamble,ok,G3,0.4,10.0,30.0,40.0,20.0,0.0
32014D0188,,,Regolamento delegato con dettagli tecnici e riferimenti a principi,preamble,ok,G3,0.6,10.0,20.0,60.0,10.0,0.0
32014D0821,,,Principi fondanti e approvazione quadro,preamble,ok,G2,0.6,40.0,60.0,0.0,0.0,0.0
32014L0051R(01),,,Legge quadro con principi e dettagli tecnici,preamble,ok,G2,0.7,15.0,70.0,10.0,5.0,0.0
32014R0275,,,Atto delegato con dettagli tecnici operativi,preamble,ok,G3,0.7,10.0,20.0,70.0,0.0,0.0
32014R0667R(02),,,Regolamento delegato con dettagli tecnici e riferimenti a principi,preamble,ok,G3,0.8,10.0,0.0,80.0,10.0,0.0
32014R0909R(01),,,Legge quadro con principi e dettagli tecnici,preamble,ok,G2,0.7,10.0,70.0,15.0,5.0,0.0
32015D1960,,,"Atto delegato con principi, regole e linee guida",preamble,ok,G3,0.4,10.0,30.0,40.0,20.0,0.0
32015R1973,,,Regolamento tecnico per reporting irregolarità,preamble,ok,G3,0.7,10.0,20.0,70.0,0.0,0.0
32016D2317,,,Regolamento tecnico con riferimenti a principi e quadro,preamble,ok,G3,0.6,10.0,20.0,60.0,10.0,0.0
32016L0343,,,Principi e regole quadro con riferimenti tecnici,preamble,ok,G2,0.6,30.0,60.0,5.0,5.0,0.0
32016R0005,,,Regolamento tecnico che modifica standard ambientali,preamble,ok,G3,0.9,10.0,0.0,90.0,0.0,0.0
32017D2315,,,Decisione PESCO con principi e regole operative,preamble,ok,G2,0.6,20.0,60.0,10.0,10.0,0.0
32017R0392,,,Regolamento tecnico delegato con riferimenti ai trattati,preamble,ok,G3,0.85,10.0,0.0,85.0,5.0,0.0
32017R1084R(03),,,Regolamento delegato con riferimenti ai trattati,preamble,ok,G3,0.8,10.0,0.0,80.0,10.0,0.0
32017R2196R(01),,,Regolamento tecnico con riferimenti a principi e quadro,preamble,ok,G3,0.6,10.0,20.0,60.0,10.0,0.0
32018D0661R(02),,,Regolamento tecnico con riferimenti a principi e linee guida,preamble,ok,G3,0.5,10.0,20.0,50.0,20.0,0.0
32018R1971R(01),,,Legge quadro con riferimenti a principi e dettagli,preamble,ok,G2,0.7,10.0,70.0,10.0,5.0,5.0
32019D0235R(02),,,Atto tecnico con riferimenti a principi e linee guida,preamble,ok,G3,0.5,10.0,20.0,50.0,20.0,0.0
32019D0785R(01),,,Decisione tecnica con base legale e principi,preamble,ok,G3,0.6,10.0,20.0,60.0,10.0,0.0
32019D1282,,,Decisione di esecuzione tecnica con riferimenti ai trattati,preamble,ok,G3,0.8,10.0,0.0,80.0,10.0,0.0
32019L0514,,,Direttiva che modifica allegato tecnico,preamble,ok,G2,0.7,10.0,70.0,20.0,0.0,0.0
32019R0320,,,Regolamento tecnico con riferimenti a principi e linee guida,preamble,ok,G3,0.6,10.0,20.0,60.0,10.0,0.0
32019R0410,,,Regolamento tecnico con riferimenti a principi e linee guida,preamble,ok,G3,0.8,10.0,0.0,80.0,10.0,0.0
32019R0796,,,Regolamento quadro con principi e dettagli tecnici,preamble,ok,G2,0.6,20.0,60.0,20.0,0.0,0.0
32019R1148R(02),,,Legge quadro con principi e dettagli tecnici,preamble,ok,G2,0.7,10.0,70.0,15.0,5.0,0.0
32020D0793R(01),,,Decisione quadro con riferimenti ai Trattati,preamble,ok,G2,0.6,20.0,60.0,10.0,10.0,0.0
32020R0115R(01),,,Regolamento quadro con allegati tecnici,preamble,ok,G2,0.6,10.0,60.0,30.0,0.0,0.0
32020R1536,,,Attuazione tecnica di misure restrittive esistenti,preamble,ok,G3,0.7,10.0,20.0,70.0,0.0,0.0
32020R1536R(02),,,Attuazione tecnica di misure restrittive esistenti,preamble,ok,G3,0.7,10.0,20.0,70.0,0.0,0.0
32021D2135,,,Legge quadro con riferimenti a principi e dettagli tecnici,preamble,ok,G2,0.6,20.0,60.0,10.0,10.0,0.0
32021O0830,,,Regolamento quadro con riferimenti ai trattati e dettagli tecnici,preamble,ok,G2,0.6,10.0,60.0,20.0,10.0,0.0
32021O0832,,,Legge quadro con riferimenti a trattati e dettagli tecnici,preamble,ok,G2,0.6,10.0,60.0,30.0,0.0,0.0
32021R0453,,,Regolamento delegato con riferimenti ai trattati,preamble,ok,G3,0.85,10.0,0.0,85.0,5.0,0.0
32021R0453R(04),,,Atto tecnico basato su delega,preamble,ok,G3,0.9,10.0,0.0,90.0,0.0,0.0
32021R0558,,,Legge quadro con riferimenti ai trattati e dettagli tecnici,preamble,ok,G2,0.7,10.0,70.0,15.0,5.0,0.0
32021R0654R(01),,,Atto delegato con dettagli tecnici e riferimenti a principi,preamble,ok,G3,0.6,10.0,20.0,60.0,10.0,0.0
32021R0931,,,Regolamento tecnico con riferimenti ai trattati,preamble,ok,G3,0.8,10.0,0.0,80.0,10.0,0.0
32021R1889,,,Regolamento delegato con dettagli tecnici e riferimenti ai trattati,preamble,ok,G3,0.8,10.0,0.0,80.0,10.0,0.0
32022D0258,,,Deroga tecnica con riferimenti a trattati e regolamenti,preamble,ok,G3,0.4,10.0,20.0,40.0,20.0,10.0
32022D0376,,,"Decisione CFSP con principi, regole e aggiornamenti tecnici",preamble,ok,G2,0.7,10.0,70.0,10.0,0.0,10.0
32022D2086,,,Decisione quadro con riferimenti a trattati e revisione,preamble,ok,G2,0.8,10.0,80.0,5.0,0.0,5.0
32022D2199,,,Decisione quadro con riferimenti a trattati e dettagli operativi,preamble,ok,G2,0.7,10.0,70.0,10.0,10.0,0.0
32022D2410,,,Decisione quadro con principi e dettagli operativi,preamble,ok,G2,0.6,20.0,60.0,10.0,10.0,0.0
32022R0030,,,Regolamento tecnico con riferimenti a principi e linee guida,preamble,ok,G3,0.6,10.0,20.0,60.0,10.0,0.0
32022R0312,,,Legge quadro con riferimenti a principi e dettagli tecnici,preamble,ok,G2,0.7,10.0,70.0,10.0,10.0,0.0
32022R1036,,,Regolamento delegato con riferimenti a trattati e linee guida,preamble,ok,G3,0.8,10.0,0.0,80.0,10.0,0.0
32022R2560R(01),,,Regolamento quadro con principi e dettagli tecnici,preamble,ok,G2,0.7,15.0,70.0,10.0,5.0,0.0
32023D0456,,,Legge quadro con riferimenti a trattati e decisioni tecniche,preamble,ok,G2,0.6,20.0,60.0,10.0,5.0,5.0
32023D0510,,,Decisione quadro con riferimenti ai Trattati e allegati tecnici,preamble,ok,G2,0.7,10.0,70.0,20.0,0.0,0.0
32023D2702,,,Decisione quadro con riferimenti a trattati e regolamenti,preamble,ok,G2,0.7,10.0,70.0,10.0,10.0,0.0
32023L1791,,,Legge quadro con riferimenti a principi e dettagli tecnici,preamble,ok,G2,0.7,10.0,70.0,10.0,10.0,0.0
32024D0788,,,Decisione tecnica su partecipazione Irlanda,preamble,ok,G2,0.7,10.0,70.0,10.0,5.0,5.0
32018D0860,,,Decisione di infrazione con elementi procedurali e tecnici,preamble,ok,G3,0.3,10.0,20.0,30.0,20.0,20.0
32018D1993,,,Decisione quadro con principi e dettagli operativi,preamble,ok,G2,0.7,10.0,70.0,10.0,10.0,0.0
32018D2009,,,Decisione del Consiglio con riferimenti ai Trattati,preamble,ok,G2,0.8,20.0,80.0,0.0,0.0,0.0
32018D2021,,,Atto tecnico con riferimenti a regolamenti e decisioni,preamble,ok,G3,0.6,10.0,20.0,60.0,0.0,10.0
32018L1808R(01),,,Legge quadro con riferimenti ai trattati e dettagli tecnici,preamble,ok,G2,0.7,15.0,70.0,10.0,5.0,0.0
32018L1972R(01),,,Legge quadro con riferimenti ai trattati,preamble,ok,G2,0.8,10.0,80.0,5.0,5.0,0.0
32019D0570,,,Legge quadro con riferimenti a principi e dettagli tecnici,preamble,ok,G2,0.6,10.0,60.0,20.0,10.0,0.0
32019D0570R(01),,,"Atto delegato con principi, regole e dettagli tecnici",preamble,ok,G3,0.4,10.0,30.0,40.0,20.0,0.0
32019D0785R(02),,,Decisione tecnica con base legale e principi,preamble,ok,G3,0.6,10.0,20.0,60.0,10.0,0.0
32019D1277,,,Decisione di equivalenza tecnica con riferimenti ai trattati,preamble,ok,G3,0.8,10.0,0.0,80.0,10.0,0.0
32019D1283,,,Decisione tecnica basata su regolamento quadro,preamble,ok,G3,0.8,10.0,0.0,80.0,10.0,0.0
32019R0263,,,Regolamento di esecuzione con dettagli tecnici,preamble,ok,G3,0.6,10.0,20.0,60.0,10.0,0.0
32020D0452R(01),,,Decisione tecnica con riferimenti a principi e linee guida,preamble,ok,G3,0.8,10.0,0.0,80.0,10.0,0.0
32020D0903,,,Decisione CFSP che modifica mandato missione,preamble,ok,G2,0.8,10.0,80.0,5.0,5.0,0.0
32020D1421,,,Legge quadro con riferimenti ai trattati e dettagli tecnici,preamble,ok,G2,0.7,10.0,70.0,20.0,0.0,0.0
32020D2168R(01),,,Atto tecnico basato su regolamento quadro,preamble,ok,G3,0.8,10.0,0.0,80.0,10.0,0.0
32020R1298,,,Regolamento delegato con allegati tecnici,preamble,ok,G3,0.9,10.0,0.0,90.0,0.0,0.0
32020R1477,,,"Atto legislativo con principi, regole e dettagli tecnici",preamble,ok,G2,0.6,10.0,60.0,20.0,10.0,0.0
32021D0088R(01),,,Implementazione tecnica con riferimenti a principi,preamble,ok,G3,0.8,10.0,0.0,80.0,10.0,0.0
32021D0748,,,Decisione quadro con riferimenti a trattati e procedure,preamble,ok,G2,0.7,10.0,70.0,10.0,5.0,5.0
32021D0839,,,Decisione del Consiglio con principi e regole operative,preamble,ok,G2,0.7,20.0,70.0,10.0,0.0,0.0
32021D1009,,,Decisione CFSP con base nei Trattati e mandato operativo,preamble,ok,G2,0.7,20.0,70.0,5.0,5.0,0.0
32021D1067,,,Commissione delega regole tecniche,preamble,ok,G3,0.5,10.0,30.0,50.0,10.0,0.0
32021D1878,,,Regolamento di esecuzione con dettagli tecnici,preamble,ok,G3,0.6,10.0,20.0,60.0,10.0,0.0
32021R0836,,,Legge quadro con principi e dettagli tecnici,preamble,ok,G2,0.7,15.0,70.0,10.0,5.0,0.0
32021R1118,,,Regolamento tecnico con riferimenti a principi e linee guida,preamble,ok,G3,0.6,10.0,20.0,60.0,10.0,0.0
32021R1328,,,Atto tecnico con riferimenti a principi e quadro,preamble,ok,G3,0.5,10.0,30.0,50.0,10.0,0.0
32021R2003,,,Regolamento tecnico per attuare direttiva,preamble,ok,G3,0.7,10.0,20.0,70.0,0.0,0.0
32022D0339R(01),,,Legge quadro con riferimenti a principi e dettagli tecnici,preamble,ok,G2,0.6,20.0,60.0,10.0,10.0,0.0
32022D0764,,,Atto tecnico con riferimenti a principi e linee guida,preamble,ok,G3,0.5,10.0,30.0,50.0,10.0,0.0
32022D0776,,,Atto tecnico basato su regolamenti precedenti,preamble,ok,G3,0.7,10.0,20.0,70.0,0.0,0.0
32022D1093,,,Principi e quadro operativo con riferimenti,preamble,ok,G2,0.6,30.0,60.0,0.0,10.0,0.0
32022D2244,,,Decisione quadro con riferimenti a trattati e dettagli tecnici,preamble,ok,G2,0.7,10.0,70.0,10.0,5.0,5.0
32022L2380R(01),,,Legge quadro con riferimenti a principi e dettagli tecnici,preamble,ok,G2,0.7,10.0,70.0,15.0,5.0,0.0
32022L2555R(04),,,Legge quadro con principi e dettagli tecnici,preamble,ok,G2,0.7,10.0,70.0,15.0,5.0,0.0
32022L2555R(05),,,Legge quadro con riferimenti a principi e dettagli tecnici,preamble,ok,G2,0.7,10.0,70.0,15.0,5.0,0.0
32022R0072,,,Regolamento tecnico con riferimenti a principi e procedure,preamble,ok,G3,0.4,10.0,30.0,40.0,10.0,10.0
32022R0255,,,Regolamento delegato con dettagli tecnici e riferimenti ai trattati,preamble,ok,G3,0.8,10.0,0.0,80.0,10.0,0.0
32022R0612R(02),,,Regolamento quadro con principi e dettagli tecnici,preamble,ok,G2,0.7,10.0,70.0,15.0,5.0,0.0
32022R1032R(01),,,Legge quadro con principi e dettagli tecnici,preamble,ok,G2,0.7,10.0,70.0,15.0,5.0,0.0
32022R2554,,,Legge quadro con principi e dettagli tecnici,preamble,ok,G2,0.7,10.0,70.0,15.0,5.0,0.0
32022R2560R(02),,,Regolamento quadro con principi e dettagli tecnici,preamble,ok,G2,0.7,15.0,70.0,10.0,5.0,0.0
32023D2718,,,Regolamento di esecuzione con riferimenti a trattati e regolamenti quadro,preamble,ok,G3,0.6,10.0,20.0,60.0,10.0,0.0
32023L1791R(01),,,Legge quadro con riferimenti a principi e dettagli tecnici,preamble,ok,G2,0.7,10.0,70.0,10.0,10.0,0.0
32023R1192,,,Regolamento delegato con dettagli tecnici e riferimenti ai trattati,preamble,ok,G3,0.8,10.0,0.0,80.0,10.0,0.0
32023R1577,,,Regolamento tecnico con riferimenti ai trattati,preamble,ok,G3,0.85,10.0,0.0,85.0,5.0,0.0
32023R1578,,,Regolamento delegato con dettagli tecnici,preamble,ok,G3,0.8,10.0,0.0,80.0,10.0,0.0
32024D1067,,,Implementazione tecnica con riferimenti a trattati e linee guida,preamble,ok,G3,0.8,10.0,0.0,80.0,10.0,0.0
32024D1274,,,Deroga tecnica basata su regolamenti e direttive,preamble,ok,G3,0.6,10.0,20.0,60.0,0.0,10.0
32024D1979,,,Decisione quadro con principi e riferimenti operativi,preamble,ok,G2,0.6,20.0,60.0,10.0,10.0,0.0
32024R1774R(02),,,Regolamento delegato con dettagli tecnici e flessibilità,preamble,ok,G3,0.8,10.0,0.0,80.0,10.0,0.0
32024R2025,,,"Modifica tecnica di allegato, basata su delega",preamble,ok,G3,0.9,10.0,0.0,90.0,0.0,0.0
32024R2995,,,Regolamento tecnico con riferimenti a principi e quadro,preamble,ok,G3,0.6,10.0,20.0,60.0,10.0,0.0
32024R3210,,,Regolamento di esecuzione con dettagli tecnici,preamble,ok,G3,0.8,10.0,0.0,80.0,10.0,0.0
32025D0093,,,Legge quadro con riferimenti a principi e dettagli tecnici,preamble,ok,G2,0.7,10.0,70.0,10.0,10.0,0.0
32025D0465,,,Atto quadro con principi e dettagli tecnici,preamble,ok,G2,0.6,20.0,60.0,10.0,10.0,0.0
32025D0913,,,Atto tecnico con dettagli operativi e riferimenti normativi,preamble,ok,G3,0.6,10.0,20.0,60.0,10.0,0.0
32025D1039,,,Regolamento tecnico con riferimenti a principi e quadro,preamble,ok,G3,0.5,10.0,30.0,50.0,10.0,0.0
32025R0886,,,Regolamento quadro con allegati tecnici,preamble,ok,G2,0.6,10.0,60.0,30.0,0.0,0.0
32006R0216,,,Regolamento tecnico che modifica classificazione doganale,preamble,ok,G3,0.8,10.0,0.0,80.0,10.0,0.0
32007E0203,,,Estensione mandato basata su Trattati,preamble,ok,G2,0.8,20.0,80.0,0.0,0.0,0.0
32008R1099,,,Legge quadro con riferimenti a trattati e dettagli tecnici,preamble,ok,G2,0.7,10.0,70.0,15.0,5.0,0.0
32009L0119R(01),,,Direttiva quadro con principi e dettagli tecnici,preamble,ok,G2,0.7,15.0,70.0,10.0,5.0,0.0
32009R1072R(02),,,Regolamento quadro con principi e dettagli tecnici,preamble,ok,G2,0.7,10.0,70.0,15.0,5.0,0.0
32009R1072R(03),,,Regolamento quadro con principi e dettagli tecnici,preamble,ok,G2,0.7,10.0,70.0,15.0,5.0,0.0
32010R1071,,,Regolamento tecnico con riferimenti a principi e quadro,preamble,ok,G3,0.6,10.0,20.0,60.0,10.0,0.0
32011D0186,,,Atto legislativo quadro con riferimenti ai trattati,preamble,ok,G2,0.8,20.0,80.0,0.0,0.0,0.0
32011R1227,,,Legge quadro con principi e dettagli tecnici,preamble,ok,G2,0.7,15.0,70.0,10.0,5.0,0.0
32012D0503,,,Decisione quadro con riferimenti ai Trattati,preamble,ok,G2,0.8,20.0,80.0,0.0,0.0,0.0
32013D0064,,,Decisione quadro con riferimenti a trattati e allegati tecnici,preamble,ok,G2,0.7,10.0,70.0,10.0,10.0,0.0
32013D0206,,,Decisione del Consiglio su posizione UE in EEA,preamble,ok,G2,0.7,10.0,70.0,10.0,5.0,5.0
32014R0342,,,Regolamento tecnico basato su atti precedenti,preamble,ok,G3,0.9,10.0,0.0,90.0,0.0,0.0
32014R0514R(01),,,Legge quadro con riferimenti ai trattati,preamble,ok,G2,0.8,20.0,80.0,0.0,0.0,0.0
32014R0667R(01),,,Regolamento delegato con dettagli tecnici e riferimenti a principi,preamble,ok,G3,0.8,10.0,0.0,80.0,10.0,0.0
32015D1835R(01),,,Decisione quadro con principi e regole operative,preamble,ok,G2,0.7,20.0,70.0,5.0,5.0,0.0
32015L0849R(02),,,Legge quadro con principi e dettagli tecnici,preamble,ok,G2,0.7,15.0,70.0,10.0,5.0,0.0
32015L2366R(06),,,Legge quadro con riferimenti a trattati e allegati,preamble,ok,G2,0.8,10.0,80.0,5.0,5.0,0.0
32015R0909,,,Regolamento tecnico con riferimenti a principi e linee guida,preamble,ok,G3,0.6,10.0,20.0,60.0,10.0,0.0
32016D0120,,,Regolamento tecnico con riferimenti a principi e linee guida,preamble,ok,G3,0.6,10.0,20.0,60.0,10.0,0.0
32016D0418,,,Atto tecnico con riferimenti a principi e linee guida,preamble,ok,G3,0.8,10.0,0.0,80.0,10.0,0.0
32016D0687,,,Atto legislativo con principi e dettagli tecnici,preamble,ok,G2,0.6,10.0,60.0,20.0,10.0,0.0
32016L2258,,,Direttiva legislativa con principi e dettagli tecnici,preamble,ok,G2,0.7,10.0,70.0,15.0,5.0,0.0
32016R1719R(01),,,Atto tecnico basato su regolamento quadro,preamble,ok,G3,0.5,10.0,30.0,50.0,10.0,0.0
32016R2286R(02),,,Regolamento delegato con dettagli tecnici,preamble,ok,G3,0.6,10.0,20.0,60.0,10.0,0.0
32017D0259,,,Atto tecnico con riferimenti a regolamenti quadro,preamble,ok,G3,0.6,10.0,20.0,60.0,10.0,0.0
32017D0552,,,Atto di esecuzione tecnica con riferimenti normativi,preamble,ok,G3,0.5,10.0,30.0,50.0,10.0,0.0
32017D0899R(01),,,Legge quadro con riferimenti a principi e dettagli tecnici,preamble,ok,G2,0.7,10.0,70.0,15.0,5.0,0.0
32017D1253,,,Decisione del Consiglio con riferimenti ai Trattati,preamble,ok,G2,0.8,20.0,80.0,0.0,0.0,0.0
32017D1342,,,Decisione CFSP con base giuridica e proroga mandato,preamble,ok,G2,0.7,10.0,70.0,10.0,10.0,0.0
32017D1406,,,Atto tecnico con riferimenti a trattati e linee guida,preamble,ok,G3,0.8,10.0,0.0,80.0,10.0,0.0
32017L2054,,,Direttiva che modifica allegato tecnico,preamble,ok,G2,0.6,10.0,60.0,20.0,10.0,0.0
32017L2455R(01),,,"Direttiva con principi, regole e dettagli tecnici",preamble,ok,G2,0.7,10.0,70.0,15.0,5.0,0.0
32017L2455R(06),,,Direttiva con principi e dettagli tecnici,preamble,ok,G2,0.7,10.0,70.0,15.0,5.0,0.0
32017R0830,,,Regolamento tecnico con riferimenti a principi e quadro,preamble,ok,G3,0.6,10.0,20.0,60.0,10.0,0.0
32017R2196,,,Regolamento tecnico con riferimenti a principi e quadro,preamble,ok,G3,0.6,10.0,20.0,60.0,10.0,0.0
32018D1993R(01),,,Decisione quadro con principi e dettagli operativi,preamble,ok,G2,0.7,10.0,70.0,10.0,10.0,0.0
32018L1972R(05),,,Legge quadro con riferimenti ai trattati,preamble,ok,G2,0.8,10.0,80.0,5.0,5.0,0.0
32018R1101,,,"Cita trattati, definisce regole, dettagli tecnici",preamble,ok,G2,0.4,20.0,40.0,30.0,10.0,0.0
32018R1999R(02),,,Regolamento quadro con principi e dettagli tecnici,preamble,ok,G2,0.7,15.0,70.0,10.0,5.0,0.0
32019D0420R(01),,,Legge quadro con riferimenti ai trattati,preamble,ok,G2,0.7,20.0,70.0,5.0,5.0,0.0
32019D1765,,,Decisione di esecuzione con dettagli tecnici,preamble,ok,G3,0.8,10.0,0.0,80.0,10.0,0.0
32019D1930,,,Implementazione tecnica basata su decisione quadro,preamble,ok,G3,0.8,10.0,0.0,80.0,10.0,0.0
32019R0296,,,Correzione tecnica di regolamento attuativo,preamble,ok,G3,0.8,10.0,0.0,80.0,10.0,0.0
32019R0943R(01),,,Legge quadro con principi e dettagli tecnici,preamble,ok,G2,0.7,10.0,70.0,10.0,5.0,5.0
32019R0943R(02),,,Legge quadro con riferimenti a principi e dettagli,preamble,ok,G2,0.7,10.0,70.0,10.0,5.0,5.0
32019R0943R(03),,,Legge quadro con principi e dettagli tecnici,preamble,ok,G2,0.7,10.0,70.0,10.0,5.0,5.0
32020D1131,,,Decisione quadro con riferimenti a trattati e dettagli operativi,preamble,ok,G2,0.7,10.0,70.0,10.0,5.0,5.0
32020R0370R(01),,,Modifica tecnica di allegato regolamentare,preamble,ok,G3,0.7,10.0,20.0,70.0,0.0,0.0
32020R0459R(01),,,Legislazione quadro con riferimenti ai trattati,preamble,ok,G2,0.8,10.0,80.0,5.0,5.0,0.0
32020R0605,,,Atto tecnico con riferimenti a principi e quadro,preamble,ok,G3,0.6,10.0,20.0,60.0,10.0,0.0
32020R0736,,,Regolamento tecnico con riferimenti a principi e quadro,preamble,ok,G3,0.6,10.0,20.0,60.0,10.0,0.0
32020R1056R(01),,,Regolamento quadro con principi e dettagli tecnici,preamble,ok,G2,0.7,10.0,70.0,15.0,5.0,0.0
32020R1294,,,Legge quadro con riferimenti ai trattati e dettagli tecnici,preamble,ok,G2,0.7,10.0,70.0,20.0,0.0,0.0
32020R1744,,,Atto di esecuzione tecnica con riferimenti ai trattati,preamble,ok,G3,0.9,10.0,0.0,90.0,0.0,0.0
32021D2008,,,Decisione del Consiglio con riferimenti a trattati e raccomandazioni,preamble,ok,G2,0.7,10.0,70.0,10.0,10.0,0.0
32021D2134R(01),,,Legge quadro con riferimenti a principi e dettagli,preamble,ok,G2,0.6,20.0,60.0,10.0,10.0,0.0
32021D2243,,,"Cita principi, stabilisce regole, dettagli tecnici",preamble,ok,G2,0.4,20.0,40.0,30.0,10.0,0.0
32022D0172,,,Regolamento tecnico con riferimenti a principi e quadro,preamble,ok,G3,0.6,10.0,20.0,60.0,10.0,0.0
32022D0589,,,"Miscele principi, regole e raccomandazioni",preamble,ok,G4,0.5,20.0,30.0,0.0,50.0,0.0
32022D0637,,,Decisione quadro con riferimenti ai Trattati,preamble,ok,G2,0.9,10.0,90.0,0.0,0.0,0.0
32022D0667,,,Legge quadro con riferimenti ai trattati,preamble,ok,G2,0.7,20.0,70.0,5.0,5.0,0.0
32022D0770,,,Atto tecnico con riferimenti a principi e regole,preamble,ok,G3,0.5,10.0,30.0,50.0,10.0,0.0
32022D2307,,,Decisione tecnica basata su mandato e rapporto CEPT,preamble,ok,G3,0.8,10.0,0.0,80.0,10.0,0.0
32022D2409,,,Decisione del Consiglio su posizione UE,preamble,ok,G2,0.6,20.0,60.0,10.0,10.0,0.0
32022R0469,,,Regolamento di esecuzione con dettagli tecnici,preamble,ok,G3,0.8,10.0,0.0,80.0,10.0,0.0
32022R0594,,,Regolamento tecnico con riferimenti a trattati e linee guida,preamble,ok,G3,0.8,10.0,0.0,80.0,10.0,0.0
32022R1463R(01),,,Regolamento tecnico per sistema OOTS,preamble,ok,G3,0.9,10.0,0.0,90.0,0.0,0.0
32023D0272,,,Atto di adattamento EEA con riferimenti a trattati e regolamenti,preamble,ok,G2,0.6,20.0,60.0,10.0,10.0,0.0
32023R0451,,,Regolamento delegato con dettagli tecnici,preamble,ok,G3,0.8,10.0,0.0,80.0,10.0,0.0
32023R2527,,,Regolamento delegato con dettagli tecnici e riferimenti a principi,preamble,ok,G3,0.6,10.0,20.0,60.0,10.0,0.0
32024D04431,,,Decisione tecnica di attuazione regolamento,preamble,ok,G3,0.7,10.0,20.0,70.0,0.0,0.0
32024D1049,,,Atto legislativo con riferimenti a trattati e linee guida,preamble,ok,G2,0.6,20.0,60.0,10.0,10.0,0.0
32024D1102,,,Decisione del Consiglio con principi e regole operative,preamble,ok,G2,0.6,20.0,60.0,10.0,10.0,0.0
32024D1467,,,Atto tecnico con riferimenti a principi e quadro,preamble,ok,G3,0.6,10.0,20.0,60.0,10.0,0.0
32024D1688,,,Atto di esecuzione tecnica con riferimenti a trattati,preamble,ok,G3,0.8,10.0,0.0,80.0,10.0,0.0
32024D1715,,,Decisione quadro con principi e dettagli operativi,preamble,ok,G2,0.7,10.0,70.0,10.0,10.0,0.0
32024D1980,,,Decisione quadro con principi e dettagli operativi,preamble,ok,G2,0.6,20.0,60.0,10.0,10.0,0.0
32024D3157R(01),,,Atto tecnico con dettagli operativi e riferimenti normativi,preamble,ok,G3,0.6,10.0,20.0,60.0,10.0,0.0
32024R0264R(01),,,Regolamento tecnico con riferimenti a principi e linee guida,preamble,ok,G3,0.6,10.0,20.0,60.0,10.0,0.0
32024R1390,,,Aggiornamento tecnico di allegato,preamble,ok,G3,0.9,10.0,0.0,90.0,0.0,0.0
32024R1772,,,Specifica criteri tecnici e soglie,preamble,ok,G3,0.8,10.0,0.0,80.0,10.0,0.0
32024R3117,,,Regolamento di esecuzione con riferimenti ai trattati,preamble,ok,G3,0.85,10.0,0.0,85.0,5.0,0.0
32024R3144R(01),,,Regolamento di esecuzione con riferimenti a trattati e standard,preamble,ok,G3,0.8,10.0,0.0,80.0,10.0,0.0
32024R3210R(01),,,Regolamento di esecuzione con dettagli tecnici,preamble,ok,G3,0.6,10.0,20.0,60.0,10.0,0.0
32025D01951,,,"Cita Trattati, stabilisce regole, dettagli tecnici",preamble,ok,G2,0.4,20.0,40.0,30.0,10.0,0.0
32025D0650,,,Regolamento tecnico con riferimenti a principi e quadro,preamble,ok,G3,0.6,10.0,20.0,60.0,10.0,0.0
32025D1040,,,Regolamento tecnico con riferimenti a principi e quadro,preamble,ok,G3,0.6,10.0,20.0,60.0,10.0,0.0
32025D1056,,,Atto tecnico con riferimenti a principi e linee guida,preamble,ok,G3,0.6,10.0,20.0,60.0,10.0,0.0
32025R0173,,,Regolamento quadro con principi e dettagli,preamble,ok,G2,0.7,10.0,70.0,10.0,10.0,0.0
32005D0905,,,Riferimenti ai Trattati e decisione quadro,preamble,ok,G2,0.6,40.0,60.0,0.0,0.0,0.0
32007R1348,,,Regolamento tecnico con riferimenti a principi e quadro,preamble,ok,G3,0.6,10.0,20.0,60.0,10.0,0.0
32007R1400,,,Regolamento tecnico con riferimenti a principi e quadro,preamble,ok,G3,0.6,10.0,20.0,60.0,10.0,0.0
32009D0992,,,Regolamento tecnico con riferimenti a principi e linee guida,preamble,ok,G3,0.6,10.0,20.0,60.0,10.0,0.0
32009L0110R(03),,,Direttiva quadro con riferimenti a trattati e allegati tecnici,preamble,ok,G2,0.7,10.0,70.0,10.0,10.0,0.0
32012D0503R(01),,,Decisione del Consiglio che estende mandato missione,preamble,ok,G2,0.8,20.0,80.0,0.0,0.0,0.0
32012L0034R(06),,,Legge quadro con principi e dettagli tecnici,preamble,ok,G2,0.7,15.0,70.0,10.0,5.0,0.0
32012R1011R(01),,,Atto tecnico con riferimenti a principi e regole,preamble,ok,G3,0.6,10.0,20.0,60.0,10.0,0.0
32013D0019,,,Legge quadro con riferimenti a principi e dettagli tecnici,preamble,ok,G2,0.7,10.0,70.0,10.0,5.0,5.0
32013D0752,,,Regolamento tecnico con riferimenti a principi e quadro,preamble,ok,G3,0.6,10.0,20.0,60.0,10.0,0.0
32014D0901,,,Decisione del Consiglio che modifica misure restrittive,preamble,ok,G2,0.8,10.0,80.0,5.0,5.0,0.0
32014L0051R(08),,,Legge quadro con principi e dettagli tecnici,preamble,ok,G2,0.7,15.0,70.0,10.0,5.0,0.0
32014R0342R(01),,,Regolamento tecnico basato su atti precedenti,preamble,ok,G3,0.9,10.0,0.0,90.0,0.0,0.0
32014R1299R(05),,,Regolamento tecnico con riferimenti a principi e linee guida,preamble,ok,G3,0.6,10.0,20.0,60.0,10.0,0.0
32015D1056,,,Atto misto con riferimenti a regolamenti e decisioni tecniche,preamble,ok,G3,0.4,10.0,30.0,40.0,20.0,0.0
32015L0849R(03),,,Legislazione quadro con principi e dettagli tecnici,preamble,ok,G2,0.7,15.0,70.0,10.0,5.0,0.0
32015R0010,,,Regolamento tecnico con linee guida,preamble,ok,G3,0.4,10.0,20.0,40.0,30.0,0.0
32016D0971,,,Legge quadro con riferimenti ai trattati,preamble,ok,G2,0.8,20.0,80.0,0.0,0.0,0.0
32016D1351,,,Decisione quadro con principi e dettagli tecnici,preamble,ok,G2,0.7,10.0,70.0,20.0,0.0,0.0
32016L0343R(01),,,Principi e regole quadro con riferimenti tecnici,preamble,ok,G2,0.6,30.0,60.0,5.0,5.0,0.0
32016R0545,,,Regolamento tecnico con riferimenti a principi e linee guida,preamble,ok,G3,0.6,10.0,20.0,60.0,10.0,0.0
32016R2286R(01),,,Regolamento delegato con dettagli tecnici,preamble,ok,G3,0.6,10.0,20.0,60.0,10.0,0.0
32017D0684,,,Legge quadro con riferimenti ai trattati,preamble,ok,G2,0.8,20.0,80.0,0.0,0.0,0.0
32017R0391R(01),,,Regolamento delegato con dettagli tecnici e riferimenti ai trattati,preamble,ok,G3,0.8,10.0,0.0,80.0,10.0,0.0
32018D0703,,,Atto tecnico con riferimenti a regolamenti e procedure,preamble,ok,G3,0.6,10.0,20.0,60.0,10.0,0.0
32018D1485,,,Legge quadro con principi e dettagli tecnici,preamble,ok,G2,0.6,20.0,60.0,20.0,0.0,0.0
32018L1972R(06),,,Legge quadro con riferimenti ai trattati,preamble,ok,G2,0.8,10.0,80.0,5.0,5.0,0.0
32018R0728,,,Regolamento delegato con dettagli tecnici,preamble,ok,G3,0.9,10.0,0.0,90.0,0.0,0.0
32018R1999R(06),,,Regolamento quadro con principi e dettagli tecnici,preamble,ok,G2,0.7,15.0,70.0,10.0,5.0,0.0
32019D0785,,,Decisione tecnica con base legale e principi,preamble,ok,G3,0.6,10.0,20.0,60.0,10.0,0.0
32019D1909R(02),,,Decisione quadro con riferimenti a trattati e procedure,preamble,ok,G2,0.7,10.0,70.0,10.0,10.0,0.0
32019D1930R(01),,,Implementazione tecnica con riferimenti a principi e quadro,preamble,ok,G3,0.6,10.0,20.0,60.0,10.0,0.0
32019R0796R(02),,,Regolamento quadro con principi e dettagli tecnici,preamble,ok,G2,0.7,15.0,70.0,10.0,5.0,0.0
32020D0452R(03),,,Decisione tecnica con riferimenti a principi e linee guida,preamble,ok,G3,0.8,10.0,0.0,80.0,10.0,0.0
32020D0651,,,Decisione CFSP che estende misure restrittive,preamble,ok,G2,0.8,20.0,80.0,0.0,0.0,0.0
32020D0663,,,Decisione quadro con riferimenti ai Trattati,preamble,ok,G2,0.8,10.0,80.0,5.0,5.0,0.0
32020D1426,,,Regolamento tecnico con riferimenti a principi e quadro,preamble,ok,G3,0.6,10.0,20.0,60.0,10.0,0.0
32020D1537,,,Decisione quadro con principi e allegati,preamble,ok,G2,0.7,10.0,70.0,10.0,0.0,10.0
32020D2168,,,Decisione tecnica con riferimenti a trattati e linee guida,preamble,ok,G3,0.8,10.0,0.0,80.0,10.0,0.0
32020R0158,,,Regolamento di esecuzione con riferimenti a trattati e linee guida,preamble,ok,G3,0.8,10.0,0.0,80.0,10.0,0.0
32020R0782,,,Modifica regolamenti delegati tecnici,preamble,ok,G3,0.9,10.0,0.0,90.0,0.0,0.0
32020R1055,,,Legge quadro con riferimenti a principi e dettagli tecnici,preamble,ok,G2,0.7,10.0,70.0,15.0,5.0,0.0
32020R1055R(01),,,Legge quadro con riferimenti a principi e dettagli tecnici,preamble,ok,G2,0.7,10.0,70.0,15.0,5.0,0.0
32020R1423,,,Regolamento delegato con dettagli tecnici e riferimenti ai trattati,preamble,ok,G3,0.8,10.0,0.0,80.0,10.0,0.0
32021D0698R(01),,,Legge quadro con principi e dettagli tecnici,preamble,ok,G2,0.6,20.0,60.0,10.0,10.0,0.0
32021D1428R(01),,,Decisione di infrazione con riferimento ai trattati,preamble,ok,G5,0.9,10.0,0.0,0.0,0.0,90.0
32021D1777,,,Decisione del Consiglio con base giuridica e dettagli,preamble,ok,G2,0.7,10.0,70.0,10.0,10.0,0.0
32021R1328R(01),,,Regolamento tecnico con riferimenti a principi e quadro,preamble,ok,G3,0.6,10.0,20.0,60.0,10.0,0.0
32022D0180,,,Atto tecnico con riferimenti a principi e quadro,preamble,ok,G3,0.6,10.0,20.0,60.0,10.0,0.0
32022D0338R(02),,,Atto legislativo con riferimenti ai trattati,preamble,ok,G2,0.8,20.0,80.0,0.0,0.0,0.0
32022D0766,,,Regolamento tecnico con riferimenti a principi e linee guida,preamble,ok,G3,0.6,10.0,20.0,60.0,10.0,0.0
32022D0777,,,Atto tecnico con riferimenti a principi e linee guida,preamble,ok,G3,0.5,10.0,30.0,50.0,10.0,0.0
32022D0778,,,Atto tecnico con riferimenti a principi e linee guida,preamble,ok,G3,0.5,10.0,30.0,50.0,10.0,0.0
32022D1842,,,Decisione quadro con riferimenti a trattati e procedure,preamble,ok,G2,0.6,20.0,60.0,10.0,5.0,5.0
32022D2426,,,Regolamento di esecuzione con riferimenti ai trattati,preamble,ok,G3,0.8,10.0,0.0,80.0,10.0,0.0
32022L2380,,,Legge quadro con riferimenti a principi e dettagli tecnici,preamble,ok,G2,0.7,10.0,70.0,15.0,5.0,0.0
32022L2555R(07),,,Legge quadro con riferimenti a principi e dettagli,preamble,ok,G2,0.7,10.0,70.0,10.0,5.0,5.0
32022R0342,,,Regolamento delegato con dettagli tecnici e riferimenti a principi,preamble,ok,G3,0.5,10.0,30.0,50.0,10.0,0.0
32022R0930,,,Regolamento delegato con dettagli tecnici e riferimenti ai trattati,preamble,ok,G3,0.8,10.0,0.0,80.0,10.0,0.0
32022R1501,,,"Modifica tecnica di allegato, basata su regolamento quadro.",preamble,ok,G3,0.7,10.0,20.0,70.0,0.0,0.0
32022R1645R(01),,,Regolamento tecnico con riferimenti a principi e linee guida,preamble,ok,G3,0.8,10.0,0.0,80.0,10.0,0.0
32022R2554R(06),,,Legge quadro con principi e dettagli tecnici,preamble,ok,G2,0.7,10.0,70.0,15.0,5.0,0.0
32023D0747,,,Atto quadro con principi e dettagli tecnici,preamble,ok,G2,0.6,20.0,60.0,10.0,10.0,0.0
32023D0993,,,Decisione quadro con principi e dettagli operativi,preamble,ok,G2,0.6,20.0,60.0,10.0,10.0,0.0
32023D1305,,,Decisione del Consiglio con riferimenti ai Trattati e dettagli operativi,preamble,ok,G2,0.7,20.0,70.0,10.0,0.0,0.0
32023D2784,,,Decisione PSC con base legale e attuazione,preamble,ok,G2,0.7,10.0,70.0,20.0,0.0,0.0
32023R1201,,,Regolamento di esecuzione con dettagli tecnici,preamble,ok,G3,0.8,10.0,0.0,80.0,10.0,0.0
32023R1616,,,Regolamento delegato con dettagli tecnici,preamble,ok,G3,0.9,10.0,0.0,90.0,0.0,0.0
32023R2418R(01),,,Legge quadro con principi e dettagli tecnici,preamble,ok,G2,0.7,15.0,70.0,10.0,5.0,0.0
32023R2691,,,Aggiornamento tecnico di elenchi allegati,preamble,ok,G3,0.8,10.0,0.0,80.0,10.0,0.0
32024D1213,,,Autorizzazione negoziale con base giuridica,preamble,ok,G2,0.8,20.0,80.0,0.0,0.0,0.0
32024D1644,,,Decisione del Consiglio su trattato internazionale,preamble,ok,G2,0.7,20.0,70.0,0.0,10.0,0.0
32024D2118,,,"Principi, quadro legislativo, giurisprudenza",preamble,ok,G2,0.4,30.0,40.0,0.0,0.0,30.0
32024D3086,,,Decisione quadro con riferimenti ai trattati,preamble,ok,G2,0.6,20.0,60.0,10.0,10.0,0.0
32024D3185,,,Legge quadro con riferimenti a trattati e dettagli operativi,preamble,ok,G2,0.7,10.0,70.0,10.0,10.0,0.0
32024L0242,,,Aggiornamento tecnico di allegato,preamble,ok,G3,0.7,10.0,20.0,70.0,0.0,0.0
32024R0827,,,Modifica quadro con riferimenti a principi e allegati,preamble,ok,G2,0.7,10.0,70.0,20.0,0.0,0.0
32024R0873R(01),,,Regolamento delegato con dettagli tecnici,preamble,ok,G3,0.7,10.0,20.0,70.0,0.0,0.0
32024R0873R(03),,,Regolamento delegato con dettagli tecnici e riferimenti a principi,preamble,ok,G3,0.6,10.0,20.0,60.0,10.0,0.0
32024R1183R(02),,,Legge quadro con riferimenti a principi e dettagli,preamble,ok,G2,0.8,10.0,80.0,5.0,5.0,0.0
32024R1309,,,Legge quadro con principi e dettagli tecnici,preamble,ok,G2,0.7,10.0,70.0,15.0,5.0,0.0
32024R1309R(02),,,Legge quadro con principi e dettagli tecnici,preamble,ok,G2,0.7,15.0,70.0,10.0,5.0,0.0
32024R1703,,,Regolamento delegato con dettagli tecnici e riferimenti a principi,preamble,ok,G3,0.8,10.0,0.0,80.0,10.0,0.0
32025D0222,,,"Cita trattati, stabilisce regole quadro e dettagli tecnici",preamble,ok,G2,0.4,20.0,40.0,30.0,10.0,0.0
32025D0538,,,Decisione del Consiglio su accordo internazionale,preamble,ok,G2,0.7,10.0,70.0,10.0,5.0,5.0
32025D1107,,,Decisione quadro con riferimenti a trattati e procedure,preamble,ok,G2,0.7,10.0,70.0,10.0,10.0,0.0
32025L0290,,,"Aggiornamento tecnico di allegato, riferimenti a trattati e direttive.",preamble,ok,G3,0.6,10.0,20.0,60.0,10.0,0.0
32025R0037R(01),,,Regolamento quadro con riferimenti ai trattati e dettagli tecnici,preamble,ok,G2,0.7,10.0,70.0,15.0,5.0,0.0
32025R0849,,,Regolamento tecnico con riferimenti a principi e quadro,preamble,ok,G3,0.6,10.0,20.0,60.0,10.0,0.0
32006L0097,,,Adattamento legislativo per accessione,preamble,ok,G2,0.7,10.0,70.0,20.0,0.0,0.0
32007D0098,,,"Principi, quadro, dettagli, linee guida",preamble,ok,G2,0.5,20.0,50.0,20.0,10.0,0.0
32007L0059,,,Legge quadro con riferimenti a principi e dettagli tecnici,preamble,ok,G2,0.7,10.0,70.0,15.0,5.0,0.0
32008D0298,,,Decisione del Consiglio che modifica atti esistenti,preamble,ok,G2,0.8,10.0,80.0,10.0,0.0,0.0
32008D0411,,,Atto misto con prevalenza tecnica e linee guida,preamble,ok,G3,0.4,10.0,30.0,40.0,20.0,0.0
32008R1055,,,Regolamento tecnico basato su legge quadro,preamble,ok,G3,0.9,10.0,0.0,90.0,0.0,0.0
32009D0182,,,Decisione di infrazione con riferimenti ai trattati,preamble,ok,G5,0.7,10.0,20.0,0.0,0.0,70.0
32009D0305,,,Decisione quadro con riferimenti ai Trattati,preamble,ok,G2,0.8,20.0,80.0,0.0,0.0,0.0
32009D0710,,,Decisione del Consiglio con riferimenti a trattati e procedure operative,preamble,ok,G2,0.7,10.0,70.0,10.0,10.0,0.0
32009D1005,,,Regolamento quadro con principi e dettagli tecnici,preamble,ok,G2,0.7,10.0,70.0,20.0,0.0,0.0
32009R0619R(01),,,Regolamento tecnico con riferimenti a trattati e linee guida,preamble,ok,G3,0.8,10.0,0.0,80.0,10.0,0.0
32009R1144,,,Regolamento tecnico per aggiornare lista,preamble,ok,G3,0.9,10.0,0.0,90.0,0.0,0.0
32009R1177,,,Legge quadro con riferimenti a trattati e dettagli tecnici,preamble,ok,G2,0.7,10.0,70.0,20.0,0.0,0.0
32010D0049,,,Regolamento di esecuzione tecnica con riferimenti a trattati e quadro,preamble,ok,G3,0.6,10.0,20.0,60.0,10.0,0.0
32010D0385,,,Decisione quadro con riferimenti ai Trattati,preamble,ok,G2,0.8,20.0,80.0,0.0,0.0,0.0
32010L0040R(01),,,Legge quadro con principi e dettagli tecnici,preamble,ok,G2,0.7,15.0,70.0,10.0,5.0,0.0
32011D0168,,,Principi fondanti e obiettivi generali,preamble,ok,G1,0.7,70.0,30.0,0.0,0.0,0.0
32011H0217,,,Linee guida interpretative per applicazione uniforme,preamble,ok,G4,0.7,10.0,20.0,0.0,70.0,0.0
32011R1203,,,Regolamento tecnico con riferimenti a principi e linee guida,preamble,ok,G3,0.8,10.0,0.0,80.0,10.0,0.0
32012L0013,,,Legge quadro con principi fondanti e dettagli tecnici,preamble,ok,G2,0.7,20.0,70.0,5.0,5.0,0.0
32012R0236,,,Legge quadro con principi e dettagli tecnici,preamble,ok,G2,0.7,10.0,70.0,15.0,5.0,0.0
32012R0236R(01),,,Legge quadro con principi fondanti e dettagli tecnici,preamble,ok,G2,0.7,15.0,70.0,10.0,5.0,0.0
32012R0946,,,Delegato tecnico con riferimenti a trattati e linee guida,preamble,ok,G3,0.8,10.0,0.0,80.0,10.0,0.0
32013D0015,,,Regolamento quadro con principi e dettagli tecnici,preamble,ok,G2,0.6,10.0,60.0,20.0,10.0,0.0
32013D0752R(01),,,Regolamento tecnico con riferimenti a principi e quadro,preamble,ok,G3,0.6,10.0,20.0,60.0,10.0,0.0
32013D1313R(02),,,Legge quadro con principi e dettagli tecnici,preamble,ok,G2,0.7,15.0,70.0,10.0,5.0,0.0
32014D0884,,,Decisione di infrazione con riferimenti procedurali e tecnici,preamble,ok,G3,0.3,10.0,20.0,30.0,20.0,20.0
32014L0053R(02),,,Legge quadro con riferimenti a principi e dettagli tecnici,preamble,ok,G2,0.7,10.0,70.0,15.0,5.0,0.0
32014R0513,,,Legge quadro con riferimenti ai trattati,preamble,ok,G2,0.7,20.0,70.0,5.0,5.0,0.0
32014R0909R(06),,,Legge quadro con principi e dettagli tecnici,preamble,ok,G2,0.7,10.0,70.0,15.0,5.0,0.0
32015D0800R(01),,,Decisione CFSP con riferimenti ai Trattati,preamble,ok,G2,0.8,20.0,80.0,0.0,0.0,0.0
32015D1380,,,Atto di esecuzione con riferimenti a trattati e regolamenti,preamble,ok,G2,0.6,10.0,60.0,20.0,10.0,0.0
32017D2376,,,Atto tecnico con dettagli operativi e riferimenti normativi,preamble,ok,G3,0.6,10.0,20.0,60.0,10.0,0.0
32017R0207R(01),,,Regolamento delegato con dettagli tecnici e principi di riferimento,preamble,ok,G3,0.8,10.0,0.0,80.0,10.0,0.0
32017R1539,,,Atto tecnico con riferimenti a principi e quadro,preamble,ok,G3,0.6,10.0,20.0,60.0,10.0,0.0
32017R1926,,,Atto tecnico con riferimenti a principi e quadro,preamble,ok,G3,0.6,10.0,20.0,60.0,10.0,0.0
32017R2215,,,Regolamento tecnico con riferimenti a principi e quadro,preamble,ok,G3,0.6,10.0,20.0,60.0,10.0,0.0
32018D0661,,,Atto tecnico con riferimenti a principi e linee guida,preamble,ok,G3,0.4,10.0,20.0,40.0,30.0,0.0
32018L1808,,,Legge quadro con riferimenti a principi e dettagli tecnici,preamble,ok,G2,0.7,10.0,70.0,10.0,10.0,0.0
32018L1972,,,Legge quadro con riferimenti ai trattati,preamble,ok,G2,0.8,10.0,80.0,5.0,5.0,0.0
32018R0389R(01),,,Regolamento tecnico con base legale,preamble,ok,G3,0.7,10.0,20.0,70.0,0.0,0.0
32018R0871,,,Regolamento tecnico per aggiornare lista vettori,preamble,ok,G3,0.8,10.0,0.0,80.0,10.0,0.0
32019D0038,,,Decisione tecnica con riferimenti a regolamenti e trattati,preamble,ok,G3,0.6,10.0,20.0,60.0,10.0,0.0
32019D0299,,,Decisione quadro con riferimenti ai trattati,preamble,ok,G2,0.6,20.0,60.0,10.0,10.0,0.0
32019R0517,,,Legge quadro con principi e dettagli tecnici,preamble,ok,G2,0.6,20.0,60.0,10.0,10.0,0.0
32019R0630,,,Legge quadro con principi e dettagli tecnici,preamble,ok,G2,0.7,15.0,70.0,10.0,5.0,0.0
32019R2105,,,Regolamento tecnico con riferimenti a principi e linee guida,preamble,ok,G3,0.6,10.0,20.0,60.0,10.0,0.0
32019R2175,,,Legge quadro con riferimenti a principi e dettagli tecnici,preamble,ok,G2,0.7,10.0,70.0,15.0,5.0,0.0
32019R2175R(01),,,Legge quadro con riferimenti a principi e dettagli tecnici,preamble,ok,G2,0.7,10.0,70.0,15.0,5.0,0.0
32020D0613,,,Decisione di infrazione con riferimenti ai trattati,preamble,ok,G5,0.7,10.0,20.0,0.0,0.0,70.0
32020D1726,,,Principi trattati e approvazione quadro,preamble,ok,G2,0.7,30.0,70.0,0.0,0.0,0.0
32020D2031,,,Decisione quadro con riferimenti ai Trattati,preamble,ok,G2,0.8,10.0,80.0,5.0,5.0,0.0
32020D2252R(02),,,Decisione del Consiglio su accordo internazionale,preamble,ok,G2,0.8,20.0,80.0,0.0,0.0,0.0
32020R1530,,,Legge quadro con riferimenti a trattati e dettagli tecnici,preamble,ok,G2,0.8,10.0,80.0,5.0,5.0,0.0
32020R2180,,,Atto tecnico basato su delega,preamble,ok,G3,0.9,10.0,0.0,90.0,0.0,0.0
32021D0509R(01),,,Principi e regole quadro con riferimenti,preamble,ok,G2,0.6,30.0,60.0,0.0,10.0,0.0
32021D0796,,,Decisione CFSP con base nel Trattato,preamble,ok,G2,0.9,10.0,90.0,0.0,0.0,0.0
32021D1067R(01),,,Atto tecnico con riferimenti a principi e linee guida,preamble,ok,G3,0.5,10.0,30.0,50.0,10.0,0.0
32021D1113,,,Principi trattati e regole quadro operative,preamble,ok,G2,0.6,20.0,60.0,10.0,10.0,0.0
32021D1956,,,Legge quadro con riferimenti a principi e dettagli tecnici,preamble,ok,G2,0.6,10.0,60.0,20.0,10.0,0.0
32021D2008R(01),,,Decisione del Consiglio con riferimenti a trattati e procedure operative,preamble,ok,G2,0.7,10.0,70.0,10.0,10.0,0.0
32021D2054,,,Regolamento delegato con dettagli tecnici e riferimenti a principi,preamble,ok,G3,0.6,10.0,20.0,60.0,10.0,0.0
32021D2231,,,Decisione quadro con principi e dettagli operativi,preamble,ok,G2,0.6,20.0,60.0,10.0,10.0,0.0
32021R0379,,,"Riferimenti a trattati e regolamenti quadro, dettagli tecnici prevalenti",preamble,ok,G3,0.6,10.0,20.0,60.0,10.0,0.0
32021R2104,,,Atto tecnico con riferimenti a principi e linee guida,preamble,ok,G3,0.8,10.0,0.0,80.0,10.0,0.0
32022D0338,,,Principi e regole operative misti,preamble,ok,G2,0.8,20.0,80.0,0.0,0.0,0.0
32022D0768,,,Regolamento tecnico con riferimenti a principi e linee guida,preamble,ok,G3,0.6,10.0,20.0,60.0,10.0,0.0
32022D1198,,,Implementazione tecnica con riferimenti a principi e quadro,preamble,ok,G3,0.6,10.0,20.0,60.0,10.0,0.0
32022L2556,,,Legge quadro con principi e dettagli tecnici,preamble,ok,G2,0.7,15.0,70.0,10.0,5.0,0.0
32022R0612,,,Regolamento quadro con principi e dettagli tecnici,preamble,ok,G2,0.7,10.0,70.0,15.0,5.0,0.0
32022R0880,,,Regolamento quadro con riferimenti ai trattati e dettagli tecnici,preamble,ok,G2,0.7,10.0,70.0,10.0,5.0,5.0
32023D0577,,,Decisione quadro con principi e dettagli finanziari,preamble,ok,G2,0.7,20.0,70.0,10.0,0.0,0.0
32023D0927,,,Decisione quadro con riferimenti a trattati e dettagli operativi,preamble,ok,G2,0.7,10.0,70.0,10.0,5.0,5.0
32023D1059,,,Decisione quadro con riferimenti ai trattati,preamble,ok,G2,0.6,20.0,60.0,10.0,10.0,0.0
32023D2063,,,Decisione del Consiglio con riferimenti ai Trattati,preamble,ok,G2,0.8,20.0,80.0,0.0,0.0,0.0
32023D2740,,,Decisione del Consiglio che approva accordo internazionale,preamble,ok,G2,0.8,20.0,80.0,0.0,0.0,0.0
32023L1791R(03),,,Legge quadro con riferimenti a principi e dettagli tecnici,preamble,ok,G2,0.7,10.0,70.0,10.0,10.0,0.0
32024D1075,,,Decisione quadro con riferimenti a trattati e allegati,preamble,ok,G2,0.6,20.0,60.0,10.0,10.0,0.0
32024D1391,,,Decisione quadro con riferimenti ai Trattati,preamble,ok,G2,0.8,10.0,80.0,5.0,5.0,0.0
32024D1779R(01),,,Decisione quadro con principi e dettagli operativi,preamble,ok,G2,0.6,20.0,60.0,10.0,10.0,0.0
32024L1275R(02),,,Legge quadro con principi e dettagli tecnici,preamble,ok,G2,0.7,15.0,70.0,10.0,5.0,0.0
32024L1640R(01),,,Direttiva legislativa con principi e dettagli,preamble,ok,G2,0.7,10.0,70.0,10.0,5.0,5.0
32024R1366R(01),,,Regolamento delegato con dettagli tecnici,preamble,ok,G3,0.6,10.0,20.0,60.0,10.0,0.0
32024R1773,,,Regolamento delegato con dettagli tecnici e riferimenti ai trattati,preamble,ok,G3,0.8,10.0,0.0,80.0,10.0,0.0
32025D0381,,,Decisione del Consiglio per emendare accordo EEA,preamble,ok,G2,0.7,10.0,70.0,10.0,5.0,5.0
32005D0709,,,Decisione di infrazione con riferimento ai Trattati,preamble,ok,G5,0.9,10.0,0.0,0.0,0.0,90.0
32005D0923R(01),,,Principi e decisioni quadro con riferimenti,preamble,ok,G2,0.6,30.0,60.0,0.0,10.0,0.0
32006L0038R(02),,,Principi fondanti e quadro legislativo prevalenti,preamble,ok,G2,0.6,20.0,60.0,10.0,10.0,0.0
32007D0175,,,Decisione di infrazione con riferimento ai trattati,preamble,ok,G5,0.9,10.0,0.0,0.0,0.0,90.0
32007E0468,,,Atto legislativo con riferimenti ai trattati,preamble,ok,G2,0.8,20.0,80.0,0.0,0.0,0.0
32008D0060,,,Decisione tecnica con riferimenti a direttive,preamble,ok,G3,0.6,10.0,20.0,60.0,10.0,0.0
32008D0294,,,Legge quadro con riferimenti a principi e dettagli tecnici,preamble,ok,G2,0.6,10.0,60.0,20.0,10.0,0.0
32009D0001,,,Deroga tecnica basata su trattati e decisioni,preamble,ok,G3,0.8,10.0,0.0,80.0,10.0,0.0
32009R0298,,,Regolamento tecnico di aggiornamento lista,preamble,ok,G3,0.8,10.0,0.0,80.0,10.0,0.0
32010D0452,,,Atto quadro con riferimenti ai trattati e dettagli operativi,preamble,ok,G2,0.6,20.0,60.0,10.0,10.0,0.0
32010D0585,,,Atto legislativo con riferimenti a principi e misure operative,preamble,ok,G2,0.6,20.0,60.0,10.0,10.0,0.0
32010L0040,,,Legge quadro con riferimenti a principi e dettagli tecnici,preamble,ok,G2,0.7,10.0,70.0,10.0,10.0,0.0
32010R0791,,,Regolamento tecnico con riferimenti a trattati e linee guida,preamble,ok,G3,0.8,10.0,0.0,80.0,10.0,0.0
32011D0121,,,Regolamento tecnico con riferimenti a trattati e linee guida,preamble,ok,G3,0.8,10.0,0.0,80.0,10.0,0.0
32011R0390,,,Regolamento tecnico per aggiornare lista,preamble,ok,G3,0.8,10.0,0.0,80.0,10.0,0.0
32013D0245,,,Decisione di infrazione con riferimenti ai trattati,preamble,ok,G5,0.7,10.0,20.0,0.0,0.0,70.0
32013R1042,,,Direttiva quadro con riferimenti a principi e dettagli tecnici,preamble,ok,G2,0.6,10.0,60.0,20.0,10.0,0.0
32014L0051,,,Legge quadro con riferimenti ai trattati,preamble,ok,G2,0.7,15.0,70.0,10.0,5.0,0.0
32014L0051R(02),,,Legge quadro con principi e dettagli tecnici,preamble,ok,G2,0.7,15.0,70.0,10.0,5.0,0.0
32015D0635,,,Decisione di infrazione con riferimenti ai trattati,preamble,ok,G5,0.7,10.0,20.0,0.0,0.0,70.0
32016D0687R(01),,,Atto quadro con riferimenti a trattati e dettagli tecnici,preamble,ok,G2,0.6,10.0,60.0,20.0,10.0,0.0
32016D1172,,,Decisione quadro con riferimenti ai Trattati,preamble,ok,G2,0.8,10.0,80.0,5.0,5.0,0.0
32016L2370,,,Legge quadro con principi e dettagli tecnici,preamble,ok,G2,0.7,15.0,70.0,10.0,5.0,0.0
32017D0089,,,Atto delegato con dettagli tecnici e linee guida,preamble,ok,G3,0.5,10.0,20.0,50.0,20.0,0.0
32017D0503,,,Decisione di infrazione con riferimento ai Trattati,preamble,ok,G5,0.9,10.0,0.0,0.0,0.0,90.0
32017R0207,,,Regolamento tecnico con riferimenti a principi e quadro,preamble,ok,G3,0.6,10.0,20.0,60.0,10.0,0.0
32017R1926R(01),,,Regolamento tecnico con riferimenti a principi e quadro,preamble,ok,G3,0.6,10.0,20.0,60.0,10.0,0.0
32018D1942,,,Decisione del Consiglio che modifica mandato missione,preamble,ok,G2,0.8,10.0,80.0,5.0,5.0,0.0
32019D0235,,,Atto tecnico con riferimenti a principi e linee guida,preamble,ok,G3,0.5,10.0,20.0,50.0,20.0,0.0
32019D1345R(01),,,Atto tecnico con riferimenti a principi e quadro,preamble,ok,G3,0.6,10.0,20.0,60.0,10.0,0.0
32019D1930R(02),,,Implementazione tecnica con riferimenti a quadro,preamble,ok,G3,0.6,10.0,20.0,60.0,10.0,0.0
32019R1213R(01),,,Regolamento tecnico con riferimenti a principi e linee guida,preamble,ok,G3,0.6,10.0,20.0,60.0,10.0,0.0
32020D2252R(01),,,Decisione del Consiglio su accordo internazionale,preamble,ok,G2,0.8,20.0,80.0,0.0,0.0,0.0
32020R0115,,,Modifica allegato tecnico con riferimenti a trattati,preamble,ok,G2,0.7,10.0,70.0,20.0,0.0,0.0
32020R1083,,,Regolamento delegato con dettagli tecnici e riferimenti ai trattati,preamble,ok,G3,0.8,10.0,0.0,80.0,10.0,0.0
32020R1543,,,Legge quadro con principi e dettagli tecnici,preamble,ok,G2,0.7,10.0,70.0,15.0,5.0,0.0
32020R2176,,,Regolamento delegato con dettagli tecnici,preamble,ok,G3,0.6,10.0,20.0,60.0,10.0,0.0
32021D0689R(02),,,Decisione del Consiglio su accordi internazionali,preamble,ok,G2,0.8,20.0,80.0,0.0,0.0,0.0
32021D0698,,,Principi e regole quadro con dettagli tecnici,preamble,ok,G2,0.6,20.0,60.0,10.0,10.0,0.0
32021O0835,,,Linea guida BCE con riferimenti ai trattati,preamble,ok,G4,0.9,10.0,0.0,0.0,90.0,0.0
32021R0250,,,Legge quadro con principi e dettagli tecnici,preamble,ok,G2,0.7,10.0,70.0,10.0,10.0,0.0
32021R0654,,,Atto delegato con dettagli tecnici e riferimenti a principi,preamble,ok,G3,0.6,10.0,20.0,60.0,10.0,0.0
32021R0782,,,Legge quadro con principi e dettagli tecnici,preamble,ok,G2,0.7,15.0,70.0,10.0,5.0,0.0
32021R0782R(05),,,Legge quadro con principi fondanti e dettagli tecnici,preamble,ok,G2,0.7,20.0,70.0,5.0,5.0,0.0
32021R1722,,,Regolamento tecnico con riferimenti a principi e linee guida,preamble,ok,G3,0.6,10.0,20.0,60.0,10.0,0.0
32021R2289R(01),,,Regolamento tecnico con riferimenti a trattati e linee guida,preamble,ok,G3,0.8,10.0,0.0,80.0,10.0,0.0
32022D0173R(01),,,"Cita trattati, delega tecnica, linee guida",preamble,ok,G3,0.4,20.0,30.0,40.0,10.0,0.0
32022D0779,,,Regolamento tecnico con riferimenti a principi e linee guida,preamble,ok,G3,0.6,10.0,20.0,60.0,10.0,0.0
32022D2353R(01),,,Legge quadro con riferimenti a trattati e linee guida,preamble,ok,G2,0.6,20.0,60.0,10.0,10.0,0.0
32022L2555R(03),,,Legge quadro con riferimenti a principi e dettagli,preamble,ok,G2,0.7,10.0,70.0,10.0,5.0,5.0
32022L2555R(06),,,Legge quadro con riferimenti a principi e dettagli tecnici,preamble,ok,G2,0.7,10.0,70.0,15.0,5.0,0.0
32022R1214R(01),,,Delegato tecnico con riferimenti a trattati e linee guida,preamble,ok,G3,0.8,10.0,0.0,80.0,10.0,0.0
32022R2554R(01),,,Legge quadro con principi e dettagli tecnici,preamble,ok,G2,0.7,10.0,70.0,15.0,5.0,0.0
32023D0921,,,Atto legislativo con riferimenti a principi e dettagli,preamble,ok,G2,0.6,20.0,60.0,10.0,10.0,0.0
32023D0921R(01),,,Atto legislativo con riferimenti a principi e dettagli,preamble,ok,G2,0.6,20.0,60.0,10.0,10.0,0.0
32023D2096,,,Decisione del Consiglio con deleghe operative,preamble,ok,G2,0.6,20.0,60.0,10.0,10.0,0.0
32023L2413,,,Legge quadro con principi e dettagli tecnici,preamble,ok,G2,0.7,15.0,70.0,10.0,5.0,0.0
32023R2444,,,Atto tecnico con riferimenti a principi e quadro,preamble,ok,G3,0.6,10.0,20.0,60.0,10.0,0.0
32023R2450,,,Atto delegato con dettagli tecnici e principi,preamble,ok,G3,0.6,10.0,20.0,60.0,10.0,0.0
32023R2633,,,Atto tecnico basato su delega,preamble,ok,G3,0.9,10.0,0.0,90.0,0.0,0.0
32024D1888,,,Regolamento tecnico con riferimenti a principi e quadro,preamble,ok,G3,0.6,10.0,20.0,60.0,10.0,0.0
32024D2176,,,Decisione quadro con principi e regole operative,preamble,ok,G2,0.6,20.0,60.0,10.0,10.0,0.0
32024D2846,,,Decisione quadro con principi e dettagli,preamble,ok,G2,0.6,20.0,60.0,10.0,10.0,0.0
32024D3225,,,Atto di posizione UE su decisioni esterne,preamble,ok,G2,0.6,20.0,60.0,10.0,5.0,5.0
32024L1275,,,Legge quadro con principi e dettagli tecnici,preamble,ok,G2,0.7,15.0,70.0,10.0,5.0,0.0
32024R0482,,,Regolamento tecnico con riferimenti a principi e quadro,preamble,ok,G3,0.6,10.0,20.0,60.0,10.0,0.0
32024R1180R(01),,,Atto tecnico con riferimenti a principi e quadro,preamble,ok,G3,0.6,10.0,20.0,60.0,10.0,0.0
32024R2724,,,Regolamento tecnico con riferimenti a trattati e quadro,preamble,ok,G3,0.6,10.0,20.0,60.0,10.0,0.0
32024R3137,,,Regolamento tecnico con riferimenti a principi e quadro,preamble,ok,G3,0.6,10.0,20.0,60.0,10.0,0.0
32025D0943,,,Decisione del Consiglio che modifica missione,preamble,ok,G2,0.8,20.0,80.0,0.0,0.0,0.0
32025D1054,,,Atto tecnico con riferimenti a principi e linee guida,preamble,ok,G3,0.5,10.0,30.0,50.0,10.0,0.0
32025D1064,,,Regolamento tecnico con riferimenti a principi e linee guida,preamble,ok,G3,0.6,10.0,20.0,60.0,10.0,0.0
32006R0474R(02),,,Atto tecnico basato su regolamento quadro,preamble,ok,G3,0.8,10.0,0.0,80.0,10.0,0.0
32006R0474R(03),,,Atto tecnico basato su regolamento quadro,preamble,ok,G3,0.8,10.0,0.0,80.0,10.0,0.0
32008D0286,,,Decisione tecnica con riferimenti a principi e quadro,preamble,ok,G3,0.6,10.0,20.0,60.0,10.0,0.0
32008D1351,,,Direttiva con principi e regole operative,preamble,ok,G2,0.7,15.0,70.0,10.0,5.0,0.0
32009D0010,,,Decisione tecnica basata su direttiva,preamble,ok,G3,0.9,10.0,0.0,90.0,0.0,0.0
32009L0081R(01),,,Legge quadro con principi e dettagli tecnici,preamble,ok,G2,0.7,15.0,70.0,10.0,5.0,0.0
32012D0389,,,Decisione CFSP con principi e regole operative,preamble,ok,G2,0.6,20.0,60.0,10.0,10.0,0.0
32013D0355,,,Decisione del Consiglio con riferimenti ai Trattati,preamble,ok,G2,0.8,20.0,80.0,0.0,0.0,0.0
32013D1313R(01),,,Legge quadro con principi e dettagli tecnici,preamble,ok,G2,0.7,15.0,70.0,10.0,5.0,0.0
32014D0018,,,Decisione tecnica con riferimenti a trattati e quadro legislativo,preamble,ok,G3,0.5,10.0,30.0,50.0,10.0,0.0
32014D0415R(01),,,Decisione quadro con principi e coordinamento,preamble,ok,G2,0.6,20.0,60.0,10.0,10.0,0.0
32014D0485,,,Decisione del Consiglio con riferimenti ai Trattati,preamble,ok,G2,0.7,30.0,70.0,0.0,0.0,0.0
32014R0667,,,Regolamento delegato con dettagli tecnici e riferimenti a principi,preamble,ok,G3,0.8,10.0,0.0,80.0,10.0,0.0
32015D0163,,,Decisione tecnica con controllo e riferimenti a principi,preamble,ok,G5,0.4,10.0,20.0,30.0,0.0,40.0
32016L1919,,,Direttiva con principi e regole operative,preamble,ok,G2,0.7,20.0,70.0,5.0,5.0,0.0
32016R2286R(03),,,Regolamento delegato con dettagli tecnici,preamble,ok,G3,0.6,10.0,20.0,60.0,10.0,0.0
32017D1193,,,Atto legislativo quadro con riferimenti ai trattati,preamble,ok,G2,0.8,20.0,80.0,0.0,0.0,0.0
32017D1283,,,Decisione di infrazione con riferimento ai Trattati,preamble,ok,G5,0.9,10.0,0.0,0.0,0.0,90.0
32017D2315R(02),,,Decisione PESCO con principi e regole operative,preamble,ok,G2,0.6,20.0,60.0,10.0,5.0,5.0
32017R1084R(01),,,Regolamento delegato con dettagli tecnici e riferimenti a principi,preamble,ok,G3,0.6,10.0,20.0,60.0,10.0,0.0
32018D0704,,,Regolamento di esecuzione con dettagli tecnici,preamble,ok,G3,0.6,10.0,20.0,60.0,10.0,0.0
32018D0943,,,Decisione CFSP con riferimenti ai Trattati,preamble,ok,G2,0.8,20.0,80.0,0.0,0.0,0.0
32018L1972R(04),,,Legge quadro con riferimenti ai trattati,preamble,ok,G2,0.8,10.0,80.0,5.0,5.0,0.0
32018R1785,,,Regolamento tecnico con riferimenti a principi e linee guida,preamble,ok,G3,0.8,10.0,0.0,80.0,10.0,0.0
32019D0513,,,Legge quadro con riferimenti a trattati e dettagli tecnici,preamble,ok,G2,0.6,10.0,60.0,20.0,10.0,0.0
32019D0797R(01),,,Atto quadro con principi e dettagli operativi,preamble,ok,G2,0.6,20.0,60.0,10.0,10.0,0.0
32019R0881R(05),,,Legge quadro con principi e dettagli tecnici,preamble,ok,G2,0.7,10.0,70.0,10.0,10.0,0.0
32019R1148,,,Legge quadro con riferimenti a trattati e dettagli tecnici,preamble,ok,G2,0.7,10.0,70.0,15.0,5.0,0.0
32020D1639,,,Principi e regole quadro con riferimenti,preamble,ok,G2,0.6,30.0,60.0,0.0,10.0,0.0
32020R1055R(02),,,Legge quadro con riferimenti a trattati e dettagli tecnici,preamble,ok,G2,0.7,10.0,70.0,15.0,5.0,0.0
32021R0023,,,Legge quadro con principi e dettagli tecnici,preamble,ok,G2,0.7,10.0,70.0,15.0,5.0,0.0
32021R0697,,,Legge quadro con principi e dettagli tecnici,preamble,ok,G2,0.7,15.0,70.0,10.0,5.0,0.0
32021R0782R(02),,,Legge quadro con principi e dettagli tecnici,preamble,ok,G2,0.7,15.0,70.0,10.0,5.0,0.0
32021R2126,,,Regolamento delegato con allegati tecnici,preamble,ok,G3,0.8,10.0,0.0,80.0,10.0,0.0
32022D0288R(01),,,Implementazione tecnica di regolamenti delegati,preamble,ok,G3,0.7,10.0,20.0,70.0,0.0,0.0
32022D0339,,,Atto legislativo quadro con riferimenti ai Trattati,preamble,ok,G2,0.8,20.0,80.0,0.0,0.0,0.0
32022D0644,,,Decisione del Consiglio con base giuridica e obiettivi,preamble,ok,G2,0.7,10.0,70.0,10.0,5.0,5.0
32022D0772,,,Atto tecnico basato su regolamenti precedenti,preamble,ok,G3,0.7,10.0,20.0,70.0,0.0,0.0
32022D0810,,,Decisione del Consiglio con riferimenti ai Trattati e dettagli finanziari,preamble,ok,G2,0.8,10.0,80.0,10.0,0.0,0.0
32022D0885,,,Principi fondanti e modifica decisione quadro,preamble,ok,G2,0.8,20.0,80.0,0.0,0.0,0.0
32022D1284,,,Decisione del Consiglio con riferimenti ai Trattati e dettagli finanziari,preamble,ok,G2,0.8,10.0,80.0,10.0,0.0,0.0
32022D2424,,,Regolamento di esecuzione con riferimenti a trattati e linee guida,preamble,ok,G3,0.8,10.0,0.0,80.0,10.0,0.0
32023D2699,,,Atto tecnico con riferimenti a principi e quadro,preamble,ok,G3,0.6,10.0,20.0,60.0,10.0,0.0
32023R0660,,,Regolamento di esecuzione con dettagli tecnici,preamble,ok,G3,0.85,10.0,0.0,85.0,5.0,0.0
32023R1193,,,Regolamento delegato con dettagli tecnici e riferimenti a principi,preamble,ok,G3,0.6,10.0,20.0,60.0,10.0,0.0
32024D1353,,,Decisione quadro con riferimenti ai Trattati,preamble,ok,G2,0.8,10.0,80.0,5.0,5.0,0.0
32024D3030,,,Decisione del Consiglio su trattato internazionale,preamble,ok,G2,0.8,10.0,80.0,5.0,5.0,0.0
32024D3096,,,Decisione quadro con riferimenti ai Trattati,preamble,ok,G2,0.8,10.0,80.0,5.0,5.0,0.0
32024R0482R(01),,,Regolamento tecnico con riferimenti a principi e quadro,preamble,ok,G3,0.6,10.0,20.0,60.0,10.0,0.0
32024R1774R(01),,,Regolamento delegato con dettagli tecnici e principi,preamble,ok,G3,0.8,10.0,0.0,80.0,10.0,0.0
32024R1942,,,Regolamento tecnico con riferimenti ai trattati,preamble,ok,G3,0.8,10.0,0.0,80.0,10.0,0.0
32024R2916,,,Regolamento tecnico con allegato standard,preamble,ok,G3,0.8,10.0,0.0,80.0,10.0,0.0
32025D0779,,,Principi e regole quadro prevalenti,preamble,ok,G2,0.6,30.0,60.0,5.0,5.0,0.0
32004E0495,,,Principi e regole quadro con riferimenti tecnici,preamble,ok,G2,0.6,20.0,60.0,10.0,10.0,0.0
32005R0493,,,"Mescola principi, regole quadro, dettagli tecnici, interpretazioni e giurisprudenza.",preamble,ok,G3,0.4,10.0,30.0,40.0,10.0,10.0
32006D0679,,,Atto tecnico basato su direttiva e decisioni,preamble,ok,G3,0.7,10.0,20.0,70.0,0.0,0.0
32006R0601,,,Regolamento di esecuzione con dettagli tecnici,preamble,ok,G3,0.7,10.0,20.0,70.0,0.0,0.0
32007D0090,,,Decisione tecnica con riferimenti a trattati e linee guida,preamble,ok,G3,0.8,10.0,0.0,80.0,10.0,0.0
32008D0190,,,Decisione quadro con riferimenti ai Trattati,preamble,ok,G2,0.8,20.0,80.0,0.0,0.0,0.0
32008D0712,,,Decisione operativa con riferimenti ai trattati e allegati tecnici,preamble,ok,G2,0.7,10.0,70.0,20.0,0.0,0.0
32008R0351,,,Regolamento tecnico con riferimenti a principi e linee guida,preamble,ok,G3,0.6,10.0,20.0,60.0,10.0,0.0
32008R0766,,,Regolamento quadro con riferimenti ai trattati e dettagli tecnici,preamble,ok,G2,0.7,10.0,70.0,15.0,5.0,0.0
32009D0449,,,Atto tecnico con dettagli procedurali e riferimenti a decisioni,preamble,ok,G3,0.6,10.0,20.0,60.0,10.0,0.0
32009L0111,,,Direttiva con principi e dettagli tecnici,preamble,ok,G2,0.7,10.0,70.0,10.0,5.0,5.0
32010D0395,,,Decisione di infrazione con elementi procedurali e tecnici,preamble,ok,G3,0.3,10.0,20.0,30.0,20.0,20.0
32010L0043,,,Regolamento tecnico con riferimenti a principi e linee guida,preamble,ok,G3,0.6,10.0,20.0,60.0,10.0,0.0
32011R1077,,,Legge quadro con riferimenti a trattati e dettagli tecnici,preamble,ok,G2,0.7,10.0,70.0,15.0,5.0,0.0
32011R1233,,,Legge quadro con riferimenti ai trattati,preamble,ok,G2,0.7,20.0,70.0,5.0,5.0,0.0
32012D0271,,,Legge quadro con riferimenti a trattati e allegati tecnici,preamble,ok,G2,0.6,20.0,60.0,10.0,10.0,0.0
32012L0010,,,Direttiva che modifica quadro normativo esistente,preamble,ok,G2,0.8,10.0,80.0,5.0,5.0,0.0
32012R0826,,,Regolamento tecnico con riferimenti ai trattati,preamble,ok,G3,0.85,10.0,0.0,85.0,5.0,0.0
32013D0656,,,Decisione tecnica basata su autorizzazioni,preamble,ok,G3,0.6,10.0,20.0,60.0,10.0,0.0
32013D0698,,,Legge quadro con principi e linee guida,preamble,ok,G2,0.6,20.0,60.0,10.0,10.0,0.0
32013R0148,,,Regolamento tecnico con riferimenti a trattati e linee guida,preamble,ok,G3,0.8,10.0,0.0,80.0,10.0,0.0
32014D0089,,,Regolamento tecnico con riferimenti a principi e quadro,preamble,ok,G3,0.6,10.0,20.0,60.0,10.0,0.0
32014D0246,,,Atto tecnico basato su regolamento quadro,preamble,ok,G3,0.8,10.0,0.0,80.0,10.0,0.0
32014D0702,,,Atto tecnico con riferimenti a principi e quadro,preamble,ok,G3,0.6,10.0,20.0,60.0,10.0,0.0
32014R0538,,,Legge quadro con riferimenti a principi e dettagli tecnici,preamble,ok,G2,0.7,10.0,70.0,15.0,5.0,0.0
32015D0443,,,Legge quadro con principi e dettagli tecnici,preamble,ok,G2,0.6,20.0,60.0,10.0,10.0,0.0
32015D0494,,,Decisione di infrazione con riferimenti procedurali,preamble,ok,G5,0.4,10.0,20.0,30.0,0.0,40.0
32015D2240,,,Legge quadro con riferimenti ai trattati,preamble,ok,G2,0.7,15.0,70.0,10.0,5.0,0.0
32015R0002,,,Atto delegato con riferimenti a trattati e regolamenti,preamble,ok,G3,0.6,10.0,20.0,60.0,10.0,0.0
32015R1972,,,Regolamento di esecuzione con riferimenti ai trattati,preamble,ok,G3,0.8,10.0,0.0,80.0,10.0,0.0
32016D0650,,,Atto tecnico basato su regolamento quadro,preamble,ok,G3,0.8,10.0,0.0,80.0,10.0,0.0
32016D0839,,,Decisione quadro con riferimenti ai trattati,preamble,ok,G2,0.8,20.0,80.0,0.0,0.0,0.0
32016D1634,,,Decisione PSC su mandato missione,preamble,ok,G2,0.7,10.0,70.0,20.0,0.0,0.0
32016D2238,,,Decisione del Consiglio che estende missione,preamble,ok,G2,0.8,20.0,80.0,0.0,0.0,0.0
32016D2326,,,Decisione di infrazione con riferimento ai Trattati,preamble,ok,G5,0.9,10.0,0.0,0.0,0.0,90.0
32017D2116,,,Decisione di infrazione con riferimenti a trattati e regolamenti procedurali.,preamble,ok,G5,0.7,10.0,20.0,0.0,0.0,70.0
32017R0214,,,Regolamento delegato con dettagli tecnici e riferimenti ai trattati,preamble,ok,G3,0.8,10.0,0.0,80.0,10.0,0.0
32017R2367,,,Regolamento tecnico per allineamento soglie,preamble,ok,G3,0.7,10.0,20.0,70.0,0.0,0.0
32018D0997,,,Decisione CFSP che estende missione,preamble,ok,G2,0.8,10.0,80.0,5.0,5.0,0.0
32019D2174,,,Atto tecnico basato su regolamenti delegati,preamble,ok,G3,0.8,10.0,0.0,80.0,10.0,0.0
32019L0713,,,Legge quadro con riferimenti ai trattati,preamble,ok,G2,0.8,10.0,80.0,5.0,5.0,0.0
32020R0886,,,Correzione tecnica di regolamento di esecuzione,preamble,ok,G3,0.9,10.0,0.0,90.0,0.0,0.0
32020R1304,,,Regolamento delegato con dettagli tecnici e riferimenti ai trattati.,preamble,ok,G3,0.8,10.0,0.0,80.0,10.0,0.0
32021R0037,,,Regolamento delegato con dettagli tecnici e riferimenti a principi,preamble,ok,G3,0.6,10.0,20.0,60.0,10.0,0.0
32021R0070,,,Atto delegato con dettagli tecnici e riferimenti,preamble,ok,G3,0.8,10.0,0.0,80.0,10.0,0.0
32021R1348,,,Regolamento delegato con dettagli tecnici,preamble,ok,G3,0.8,10.0,0.0,80.0,10.0,0.0
32021R1814,,,Decisione BCE con riferimenti a trattati e linee guida,preamble,ok,G3,0.7,10.0,0.0,70.0,20.0,0.0
32022D0480,,,Decisione istituisce comitato d'inchiesta con regole operative,title,ok,G2,0.7,10.0,70.0,10.0,5.0,5.0
32022D1971,,,Decisione del Consiglio che modifica misura assistenza,preamble,ok,G2,0.9,10.0,90.0,0.0,0.0,0.0
32022D2349,,,Atto di autorizzazione negoziale con principi e procedure,preamble,ok,G2,0.6,30.0,60.0,0.0,10.0,0.0
32022R0695,,,Atto di esecuzione tecnica con riferimenti a principi e quadro,preamble,ok,G3,0.6,10.0,20.0,60.0,10.0,0.0
32022R1380,,,Regolamento tecnico con riferimenti a trattati e linee guida,preamble,ok,G3,0.8,10.0,0.0,80.0,10.0,0.0
32023D0384,,,Decisione quadro con principi e dettagli operativi,preamble,ok,G2,0.6,20.0,60.0,10.0,10.0,0.0
32023D0746,,,Legge quadro con riferimenti a trattati e procedure tecniche,preamble,ok,G2,0.6,20.0,60.0,10.0,10.0,0.0
32023D2682,,,Decisione quadro con riferimenti ai trattati e dettagli operativi,preamble,ok,G2,0.7,10.0,70.0,15.0,5.0,0.0
32023D2698,,,Decisione di esecuzione con dettagli tecnici,preamble,ok,G3,0.7,10.0,20.0,70.0,0.0,0.0
32023R0935,,,Regolamento di esecuzione con dettagli tecnici e procedure,preamble,ok,G3,0.6,10.0,20.0,60.0,5.0,5.0
32023R0955,,,Legge quadro con principi e dettagli tecnici,preamble,ok,G2,0.7,15.0,70.0,10.0,5.0,0.0
32024D1713,,,Atto legislativo con principi e regole operative,preamble,ok,G2,0.6,20.0,60.0,10.0,10.0,0.0
32024D2015,,,Decisione quadro con principi e dettagli operativi,preamble,ok,G2,0.7,10.0,70.0,10.0,10.0,0.0
32024D2935,,,Legge quadro con principi e dettagli tecnici,preamble,ok,G2,0.6,20.0,60.0,10.0,10.0,0.0
32024D3187R(01),,,Decisione del Consiglio con principi e allegati tecnici,preamble,ok,G2,0.6,20.0,60.0,20.0,0.0,0.0
32024L1385,,,Direttiva quadro con principi e regole operative,preamble,ok,G2,0.7,20.0,70.0,5.0,5.0,0.0
32024R2754,,,Regolamento di esecuzione con dettagli tecnici,preamble,ok,G3,0.6,10.0,20.0,60.0,10.0,0.0
32024R3189,,,Regolamento quadro con principi e dettagli tecnici,preamble,ok,G2,0.7,10.0,70.0,20.0,0.0,0.0
32024R3192,,,Regolamento quadro con principi e dettagli tecnici,preamble,ok,G2,0.7,10.0,70.0,20.0,0.0,0.0
32025D0697,,,Decisione quadro con principi e dettagli operativi,preamble,ok,G2,0.6,20.0,60.0,10.0,10.0,0.0
32025R0300,,,Specifica tecnica basata su regolamento quadro,preamble,ok,G3,0.8,10.0,0.0,80.0,10.0,0.0
42010D0349,,,"Determinazione sede, riferimenti a trattati e regolamento",preamble,ok,G2,0.7,30.0,70.0,0.0,0.0,0.0
61999CJ0513,,,Sentenza CGUE su interpretazione normativa,title,ok,G5,1.0,0.0,0.0,0.0,0.0,100.0
62002TJ0137,,,Sentenza CGUE su annullamento aiuti di Stato,title,ok,G5,1.0,0.0,0.0,0.0,0.0,100.0
62007CJ0113,,,Sentenza CGUE su concorrenza e impresa,title,ok,G5,0.9,10.0,0.0,0.0,0.0,90.0
62007CJ0570,,,Sentenza CGUE interpreta principi e direttive,title,ok,G5,0.7,10.0,20.0,0.0,0.0,70.0
62007TJ0421,,,Sentenza pura su aiuti di stato,title,ok,G5,1.0,0.0,0.0,0.0,0.0,100.0
62010CO0529,,,Sentenza CGUE su interpretazione principi,title,ok,G5,0.9,10.0,0.0,0.0,0.0,90.0
62015CJ0468,,,Sentenza CGUE con riferimenti a principi,title,ok,G5,0.9,10.0,0.0,0.0,0.0,90.0
62016TJ0753,,,Sentenza CGUE con principi generali,title,ok,G5,0.9,10.0,0.0,0.0,0.0,90.0
62018CJ0244,,,Sentenza CGUE su aiuti di Stato,title,ok,G5,1.0,0.0,0.0,0.0,0.0,100.0
32005D0345,,,Decisione di infrazione con riferimenti procedurali,preamble,ok,G5,0.4,10.0,20.0,30.0,0.0,40.0
32005L0065,,,Legge quadro con principi e dettagli tecnici,preamble,ok,G2,0.7,20.0,70.0,10.0,0.0,0.0
32006L0024,,,Direttiva con principi e regole operative,preamble,ok,G2,0.7,15.0,70.0,10.0,5.0,0.0
32006L0123,,,Legge quadro con riferimenti ai trattati,preamble,ok,G2,0.7,20.0,70.0,5.0,5.0,0.0
32008D0196,,,Decisione quadro con base nei trattati,preamble,ok,G2,0.8,20.0,80.0,0.0,0.0,0.0
32009D0370,,,Principi e legge quadro con riferimenti,preamble,ok,G2,0.6,30.0,60.0,0.0,10.0,0.0
32009D0809,,,Decisione di infrazione con riferimenti ai trattati e procedure tecniche,preamble,ok,G5,0.4,10.0,20.0,30.0,0.0,40.0
32009R0713,,,Legge quadro con riferimenti ai trattati e dettagli tecnici,preamble,ok,G2,0.7,15.0,70.0,10.0,5.0,0.0
32010D0608,,,Miscele procedure autorizzative e riferimenti a trattati,preamble,ok,G3,0.4,10.0,30.0,40.0,10.0,10.0
32010D0788,,,Decisione quadro con principi e procedure,preamble,ok,G2,0.6,20.0,60.0,10.0,5.0,5.0
32010R1096,,,Legge quadro con riferimenti ai trattati,preamble,ok,G2,0.7,20.0,70.0,5.0,5.0,0.0
32011D0350,,,Decisione quadro con riferimenti ai Trattati,preamble,ok,G2,0.8,20.0,80.0,0.0,0.0,0.0
32011D0536R(01),,,Decisione del Consiglio con base giuridica e mandato operativo,preamble,ok,G2,0.7,10.0,70.0,10.0,10.0,0.0
32012D0233,,,Decisione tecnica basata su regolamento quadro,preamble,ok,G3,0.8,10.0,0.0,80.0,10.0,0.0
32012D0332,,,Decisione CFSP con base nei Trattati e dettagli operativi,preamble,ok,G2,0.6,20.0,60.0,10.0,10.0,0.0
32012D0757,,,Atto tecnico con riferimenti a principi e linee guida,preamble,ok,G3,0.6,10.0,20.0,60.0,10.0,0.0
32012R1146,,,Regolamento tecnico con riferimenti a principi e linee guida,preamble,ok,G3,0.6,10.0,20.0,60.0,10.0,0.0
32012R1250,,,Aggiornamento tecnico di allegato,preamble,ok,G3,0.9,10.0,0.0,90.0,0.0,0.0
32013R0390,,,Regolamento di esecuzione con dettagli tecnici,preamble,ok,G3,0.6,10.0,20.0,60.0,10.0,0.0
32013R0462R(02),,,Legge quadro con riferimenti ai trattati,preamble,ok,G2,0.7,15.0,70.0,10.0,5.0,0.0
32013R0525,,,Regolamento quadro con riferimenti ai trattati,preamble,ok,G2,0.7,15.0,70.0,10.0,5.0,0.0
32013R0697R(01),,,Legge quadro con principi e dettagli tecnici,preamble,ok,G2,0.6,10.0,60.0,30.0,0.0,0.0
32014R0234,,,Legge quadro con principi fondanti e dettagli tecnici,preamble,ok,G2,0.7,20.0,70.0,5.0,5.0,0.0
32014R0235,,,Legge quadro con principi fondanti e dettagli tecnici,preamble,ok,G2,0.7,20.0,70.0,10.0,0.0,0.0
32014R0666,,,Regolamento tecnico con riferimenti a principi e linee guida,preamble,ok,G3,0.6,10.0,20.0,60.0,10.0,0.0
32014R1049,,,Regolamento delegato con dettagli tecnici e riferimenti ai trattati.,preamble,ok,G3,0.8,10.0,0.0,80.0,10.0,0.0
32015D0348,,,Regolamento tecnico con riferimenti a principi e linee guida,preamble,ok,G3,0.6,10.0,20.0,60.0,10.0,0.0
32015D0670,,,Regolamento di esecuzione con dettagli tecnici,preamble,ok,G3,0.6,10.0,20.0,60.0,10.0,0.0
32015D1773,,,Decisione quadro con riferimenti a trattati e regolamenti tecnici,preamble,ok,G2,0.6,20.0,60.0,10.0,0.0,10.0
32015D1837,,,Atto legislativo con riferimenti ai trattati,preamble,ok,G2,0.8,20.0,80.0,0.0,0.0,0.0
32015D1908,,,Principi e quadro operativo con dettagli,preamble,ok,G2,0.6,20.0,60.0,10.0,10.0,0.0
32015R0097,,,Correzione tecnica di regolamento delegato,preamble,ok,G3,0.7,10.0,20.0,70.0,0.0,0.0
32015R1971,,,Regolamento delegato con dettagli tecnici,preamble,ok,G3,0.9,10.0,0.0,90.0,0.0,0.0
32016D0644,,,Decisione di infrazione con procedure tecnica,preamble,ok,G5,0.4,10.0,20.0,30.0,0.0,40.0
32016D1385,,,Decisione di infrazione con riferimenti procedurali e tecnici,preamble,ok,G5,0.4,10.0,20.0,30.0,0.0,40.0
32016L2284,,,Legge quadro con riferimenti ai trattati,preamble,ok,G2,0.8,10.0,80.0,5.0,5.0,0.0
32016R0300,,,Regolamento quadro con principi e dettagli tecnici,preamble,ok,G2,0.7,10.0,70.0,15.0,5.0,0.0
32016R1127,,,Implementazione tecnica e aggiornamento lista,preamble,ok,G3,0.8,10.0,0.0,80.0,10.0,0.0
32017D2380,,,Legge quadro con riferimenti a principi e deleghe,preamble,ok,G2,0.7,10.0,70.0,15.0,5.0,0.0
32018D0637,,,Atto tecnico con riferimenti a principi e linee guida,preamble,ok,G3,0.4,10.0,30.0,40.0,20.0,0.0
32018D0716,,,Decisione del Consiglio che modifica mandato missione,preamble,ok,G2,0.8,10.0,80.0,5.0,5.0,0.0
32018R1291,,,Regolamento delegato con dettagli tecnici e riferimenti ai trattati.,preamble,ok,G3,0.8,10.0,0.0,80.0,10.0,0.0
32019D1204,,,Decisione tecnica con applicazione forzosa,preamble,ok,G5,0.4,10.0,20.0,30.0,0.0,40.0
32019R0411,,,Regolamento tecnico con riferimenti a principi e linee guida,preamble,ok,G3,0.8,10.0,0.0,80.0,10.0,0.0
32019R1780,,,"Riferimenti a trattati e direttive, ma atto tecnico-operativo",preamble,ok,G3,0.9,10.0,0.0,90.0,0.0,0.0
32020D1025,,,Decisione tecnica con riferimenti a trattati e direttive,preamble,ok,G3,0.4,10.0,20.0,40.0,0.0,30.0
32020D1472,,,Decisione di infrazione con riferimenti ai trattati,preamble,ok,G5,0.7,10.0,20.0,0.0,0.0,70.0
32020H2245,,,Raccomandazione non vincolante con riferimenti a principi e quadro normativo.,preamble,ok,G4,0.7,10.0,20.0,0.0,70.0,0.0
32020R0429,,,Atto tecnico di esecuzione con riferimenti a regolamenti quadro,preamble,ok,G3,0.7,10.0,20.0,70.0,0.0,0.0
32020R2082,,,Regolamento di esecuzione con riferimenti a trattati e direttive,preamble,ok,G3,0.6,10.0,20.0,60.0,10.0,0.0
32021D0942,,,Direttiva quadro con riferimenti a trattati e allegati tecnici,preamble,ok,G2,0.6,10.0,60.0,20.0,10.0,0.0
32021D1729,,,Decisione del Consiglio con base legale e procedure,preamble,ok,G2,0.7,10.0,70.0,15.0,5.0,0.0
32021D2131,,,Regolamento quadro con riferimenti a trattati e dettagli tecnici,preamble,ok,G2,0.7,10.0,70.0,20.0,0.0,0.0
32021R1224,,,Regolamento delegato con dettagli tecnici,preamble,ok,G3,0.8,10.0,0.0,80.0,10.0,0.0
32021R1444,,,Atto tecnico con riferimenti a principi e direttive,preamble,ok,G3,0.6,10.0,20.0,60.0,10.0,0.0
32021R2238,,,Implementazione tecnica e linee guida,preamble,ok,G3,0.7,10.0,0.0,70.0,20.0,0.0
32022D0785,,,Regolamento di esecuzione tecnico con riferimenti ai trattati,preamble,ok,G3,0.8,10.0,0.0,80.0,10.0,0.0
32022R0585,,,Legge quadro con principi e dettagli tecnici,preamble,ok,G2,0.7,10.0,70.0,15.0,5.0,0.0
32022R0595,,,Atto tecnico basato su regolamenti delegati,preamble,ok,G3,0.9,10.0,0.0,90.0,0.0,0.0
32023D2719,,,Atto della Commissione con riferimenti a trattati e regolamenti quadro,preamble,ok,G2,0.6,10.0,60.0,20.0,10.0,0.0
32023R0130,,,Regolamento delegato con dettagli tecnici e riferimenti a principi,preamble,ok,G3,0.6,10.0,20.0,60.0,10.0,0.0
32024D0392,,,Legge quadro con principi e dettagli tecnici,preamble,ok,G2,0.6,20.0,60.0,20.0,0.0,0.0
32024D1847,,,Decisione del Consiglio con riferimenti ai trattati,preamble,ok,G2,0.6,20.0,60.0,10.0,10.0,0.0
32024D2496,,,Legge quadro con principi e dettagli tecnici,preamble,ok,G2,0.6,20.0,60.0,10.0,10.0,0.0
32024D2843,,,Legge quadro con principi e dettagli tecnici,preamble,ok,G2,0.6,20.0,60.0,10.0,10.0,0.0
32024R1739,,,Regolamento che attua decisioni CFSP con dettagli tecnici,preamble,ok,G2,0.6,10.0,60.0,20.0,10.0,0.0
32025D0429,,,Decisione di infrazione con procedure e dettagli tecnici,preamble,ok,G5,0.4,10.0,20.0,30.0,0.0,40.0
32025D0632,,,Decisione di nomina basata su regolamento quadro,preamble,ok,G2,0.7,10.0,70.0,10.0,0.0,10.0
32025D0676,,,Atto tecnico con riferimenti a principi e linee guida,preamble,ok,G3,0.8,10.0,0.0,80.0,10.0,0.0
42021X0387,,,Regolamento tecnico con principi e dettagli operativi,title,ok,G2,0.4,10.0,40.0,40.0,10.0,0.0
62004CJ0148,,,Sentenza CGUE su principi e applicazione,title,ok,G5,0.9,10.0,0.0,0.0,0.0,90.0
62004TJ0199,,,Sentenza pura di tribunale UE,title,ok,G5,1.0,0.0,0.0,0.0,0.0,100.0
62004TJ0427,,,Sentenza CGUE su aiuti di Stato,title,ok,G5,0.9,10.0,0.0,0.0,0.0,90.0
62006CJ0341,,,Sentenza CGUE su aiuti di Stato,title,ok,G5,0.9,10.0,0.0,0.0,0.0,90.0
62010CJ0124,,,Sentenza CGUE su aiuti di Stato,title,ok,G5,0.9,10.0,0.0,0.0,0.0,90.0
62010CJ0338,,,Sentenza CGUE con riferimenti normativi,title,ok,G5,0.7,10.0,20.0,0.0,0.0,70.0
62018CJ0594,,,Sentenza CGUE su aiuti di Stato,title,ok,G5,0.9,10.0,0.0,0.0,0.0,90.0
62020CJ0037,,,Sentenza CGUE su validità normativa,title,ok,G5,0.7,20.0,10.0,0.0,0.0,70.0
32005D0513,,,Atto misto con prevalenza tecnica e soft law,preamble,ok,G3,0.4,10.0,30.0,40.0,20.0,0.0
32006E0419,,,Principi e quadro legislativo,preamble,ok,G2,0.8,20.0,80.0,0.0,0.0,0.0
32006L0032,,,Direttiva con principi e regole operative,preamble,ok,G2,0.7,20.0,70.0,5.0,5.0,0.0
32008D0087,,,Decisione del Consiglio con base giuridica e procedure,preamble,ok,G2,0.6,20.0,60.0,10.0,10.0,0.0
32008E0368,,,Legge quadro con riferimenti ai trattati,preamble,ok,G2,0.8,20.0,80.0,0.0,0.0,0.0
32009D0149,,,Decisione del Consiglio con base giuridica,preamble,ok,G2,0.8,20.0,80.0,0.0,0.0,0.0
32009D1012,,,Atto legislativo con principi e regole operative,preamble,ok,G2,0.6,20.0,60.0,10.0,10.0,0.0
32009L0028,,,Direttiva con principi e regole operative,preamble,ok,G2,0.7,15.0,70.0,10.0,5.0,0.0
32009L0132,,,Direttiva quadro con riferimenti a trattati e dettagli tecnici,preamble,ok,G2,0.7,10.0,70.0,15.0,5.0,0.0
32010D0713,,,Atto tecnico con riferimenti a principi e quadro,preamble,ok,G3,0.7,10.0,20.0,70.0,0.0,0.0
32010D0787,,,Legge quadro con principi e dettagli tecnici,preamble,ok,G2,0.6,20.0,60.0,10.0,10.0,0.0
32010R1169,,,Regolamento tecnico con riferimenti a principi e linee guida,preamble,ok,G3,0.6,10.0,20.0,60.0,10.0,0.0
32011D0485,,,Regolamento tecnico con riferimenti a principi e quadro,preamble,ok,G3,0.6,10.0,20.0,60.0,10.0,0.0
32011R0063,,,Regolamento delegato con dettagli tecnici e riferimenti ai trattati,preamble,ok,G3,0.8,10.0,0.0,80.0,10.0,0.0
32013R1071,,,"Riferimenti a trattati e regolamenti quadro, dettagli tecnici prevalenti",preamble,ok,G3,0.5,10.0,30.0,50.0,10.0,0.0
32014D0643,,,Decisione PSC basata su trattati e decisioni quadro,preamble,ok,G2,0.7,10.0,70.0,20.0,0.0,0.0
32014R0232,,,Regolamento quadro con principi e dettagli tecnici,preamble,ok,G2,0.7,15.0,70.0,10.0,5.0,0.0
32015D2249,,,Decisione del Consiglio con riferimenti ai Trattati,preamble,ok,G2,0.8,10.0,80.0,5.0,5.0,0.0
32015R0847,,,Legge quadro con principi e dettagli tecnici,preamble,ok,G2,0.7,15.0,70.0,10.0,5.0,0.0
32015R1588,,,Regolamento quadro con principi e dettagli tecnici,preamble,ok,G2,0.7,10.0,70.0,15.0,5.0,0.0
32016D2144,,,Decisione del Consiglio con principi e dettagli operativi,preamble,ok,G2,0.7,10.0,70.0,15.0,5.0,0.0
32017D2077,,,Atto tecnico con riferimenti a principi e linee guida,preamble,ok,G3,0.8,10.0,0.0,80.0,10.0,0.0
32017D2263,,,Decisione CFSP con principi e regole operative,preamble,ok,G2,0.8,20.0,80.0,0.0,0.0,0.0
32017R2268,,,Aggiornamento tecnico di allegato,preamble,ok,G3,0.9,10.0,0.0,90.0,0.0,0.0
32017R2402R(01),,,Legge quadro con principi e dettagli tecnici,preamble,ok,G2,0.7,10.0,70.0,15.0,5.0,0.0
32018D0859,,,Decisione di infrazione con riferimento ai trattati,preamble,ok,G5,0.9,10.0,0.0,0.0,0.0,90.0
32018R0151,,,Linee guida non vincolanti con riferimenti ai trattati,preamble,ok,G4,0.9,10.0,0.0,0.0,90.0,0.0
32018R1922,,,Aggiornamento tecnico di allegati per controllo esportazioni,preamble,ok,G3,0.7,10.0,20.0,70.0,0.0,0.0
32020R0283,,,Legge quadro con principi e dettagli tecnici,preamble,ok,G2,0.7,10.0,70.0,15.0,5.0,0.0
32020R0446,,,Regolamento delegato con allegati tecnici,preamble,ok,G3,0.8,10.0,0.0,80.0,10.0,0.0
32021D0935,,,Decisione del Consiglio con base giuridica e competenze,preamble,ok,G2,0.7,10.0,70.0,20.0,0.0,0.0
32021R1122,,,Regolamento di esecuzione con riferimenti a trattati e quadro normativo,preamble,ok,G3,0.6,10.0,20.0,60.0,10.0,0.0
32021R1351,,,Regolamento tecnico con riferimenti a trattati e linee guida,preamble,ok,G3,0.8,10.0,0.0,80.0,10.0,0.0
32022D0399R(01),,,Decisione CFSP con principi e regole operative,preamble,ok,G2,0.7,20.0,70.0,5.0,5.0,0.0
32022D0638,,,Decisione del Consiglio con base nei Trattati,preamble,ok,G2,0.8,20.0,80.0,0.0,0.0,0.0
32022D0639,,,Decisione di infrazione con riferimenti ai trattati,preamble,ok,G5,0.7,10.0,20.0,0.0,0.0,70.0
32022R2202,,,Regolamento di esecuzione con dettagli tecnici,preamble,ok,G3,0.6,10.0,20.0,60.0,10.0,0.0
32022R2372,,,Regolamento quadro con principi e dettagli tecnici,preamble,ok,G2,0.6,20.0,60.0,10.0,10.0,0.0
32023D0434,,,Decisione del Consiglio con principi e regole operative,preamble,ok,G2,0.6,20.0,60.0,10.0,5.0,5.0
32023D1352,,,Decisione PSC con riferimenti a trattati e regole operative,preamble,ok,G2,0.6,10.0,60.0,20.0,10.0,0.0
32023D1599,,,Principi e quadro operativo con raccomandazioni,preamble,ok,G2,0.6,20.0,60.0,0.0,20.0,0.0
32023D2582,,,Decisione del Consiglio con base giuridica e procedure,preamble,ok,G2,0.7,20.0,70.0,10.0,0.0,0.0
32023R1184,,,Regolamento tecnico con riferimenti a principi e linee guida,preamble,ok,G3,0.8,10.0,0.0,80.0,10.0,0.0
32023R1479,,,Atto legislativo con riferimenti a trattati e dettagli operativi,preamble,ok,G2,0.6,20.0,60.0,10.0,10.0,0.0
32023R1615,,,Regolamento delegato con dettagli tecnici,preamble,ok,G3,0.8,10.0,0.0,80.0,10.0,0.0
32023R2534R(01),,,Atto tecnico basato su regolamento quadro,preamble,ok,G3,0.8,10.0,0.0,80.0,10.0,0.0
32023R2631,,,Legge quadro con principi e dettagli tecnici,preamble,ok,G2,0.7,20.0,70.0,5.0,5.0,0.0
32023R2873,,,Regolamento quadro con riferimenti ai trattati e dettagli tecnici.,preamble,ok,G2,0.7,10.0,70.0,15.0,5.0,0.0
32024D2138,,,Decisione di esecuzione con riferimenti a trattati e direttive,preamble,ok,G5,0.4,10.0,20.0,30.0,0.0,40.0
32024D3186,,,Atto legislativo con principi e regole operative,preamble,ok,G2,0.6,20.0,60.0,10.0,10.0,0.0
32024L1500,,,Principi fondanti e quadro legislativo con dettagli tecnici,preamble,ok,G2,0.6,20.0,60.0,10.0,10.0,0.0
32024L1788,,,Legge quadro con riferimenti a principi e dettagli,preamble,ok,G2,0.8,10.0,80.0,5.0,5.0,0.0
32024L3237,,,Legge quadro con riferimenti a principi e dettagli tecnici,preamble,ok,G2,0.7,10.0,70.0,10.0,10.0,0.0
32024R1085,,,Regolamento tecnico con riferimenti a principi e linee guida,preamble,ok,G3,0.6,10.0,20.0,60.0,10.0,0.0
32024R1740,,,Regolamento delegato con dettagli tecnici e riferimenti ai trattati,preamble,ok,G3,0.8,10.0,0.0,80.0,10.0,0.0
32024R2212,,,Regolamento tecnico basato su legge quadro,preamble,ok,G3,0.85,10.0,0.0,85.0,5.0,0.0
32024R2613,,,Atto delegato con dettagli tecnici e riferimenti a regolamenti,preamble,ok,G3,0.7,10.0,20.0,70.0,0.0,0.0
32025R0061,,,Implementazione tecnica con riferimenti ai trattati,preamble,ok,G3,0.8,10.0,0.0,80.0,10.0,0.0
32025R0413,,,Regolamento tecnico con riferimenti a principi e linee guida,preamble,ok,G3,0.8,10.0,0.0,80.0,10.0,0.0
61996CJ0014,,,Sentenza CGUE con riferimenti ai trattati,title,ok,G5,0.9,10.0,0.0,0.0,0.0,90.0
61997CJ0212,,,Sentenza CGUE su libertà di stabilimento,title,ok,G5,0.9,10.0,0.0,0.0,0.0,90.0
62001TJ0236,,,Sentenza pura su sanzioni antitrust,title,ok,G5,1.0,0.0,0.0,0.0,0.0,100.0
62003TJ0068,,,Sentenza CGUE su aiuti di Stato,title,ok,G5,0.8,10.0,10.0,0.0,0.0,80.0
62004CJ0372,,,Sentenza CGUE con riferimenti a trattati e regolamenti,title,ok,G5,0.8,10.0,10.0,0.0,0.0,80.0
62006CJ0441,,,Sentenza CGUE con principi generali,title,ok,G5,0.9,10.0,0.0,0.0,0.0,90.0
62010CJ0556,,,Sentenza CGUE su infrazione,title,ok,G5,1.0,0.0,0.0,0.0,0.0,100.0
62011TJ0388,,,Sentenza pura su aiuti di Stato,title,ok,G5,1.0,0.0,0.0,0.0,0.0,100.0
62012TJ0026,,,Sentenza giudiziaria con riferimenti normativi,title,ok,G5,0.8,10.0,10.0,0.0,0.0,80.0
62017CJ0114,,,Sentenza CGUE su aiuti di Stato,title,ok,G5,0.9,10.0,0.0,0.0,0.0,90.0
62019TJ0865,,,Sentenza pura di controllo giurisdizionale,title,ok,G5,1.0,0.0,0.0,0.0,0.0,100.0
62022CJ0725,,,Sentenza CGUE su ricorso in appello,title,ok,G5,1.0,0.0,0.0,0.0,0.0,100.0
32004D0571,,,Atto tecnico con dettagli operativi e riferimenti a principi,preamble,ok,G3,0.6,10.0,20.0,60.0,10.0,0.0
32005D0854R(01),,,Legge quadro con principi e dettagli tecnici,preamble,ok,G2,0.6,20.0,60.0,10.0,10.0,0.0
32006L0048,,,Direttiva quadro con principi e dettagli tecnici,preamble,ok,G2,0.7,15.0,70.0,10.0,5.0,0.0
32006L0094,,,Legge quadro con principi e dettagli tecnici,preamble,ok,G2,0.7,20.0,70.0,10.0,0.0,0.0
32006R1461,,,"Modifica tecnica di allegati, basata su regolamento quadro.",preamble,ok,G3,0.9,10.0,0.0,90.0,0.0,0.0
32007D0131,,,Atto quadro con riferimenti a principi e dettagli tecnici,preamble,ok,G2,0.6,10.0,60.0,20.0,10.0,0.0
32007L0038,,,Legge quadro con principi e dettagli tecnici,preamble,ok,G2,0.7,10.0,70.0,15.0,5.0,0.0
32007R1569,,,Regolamento tecnico con riferimenti a direttive e trattati,preamble,ok,G3,0.6,10.0,20.0,60.0,10.0,0.0
32008E0123,,,Atto legislativo con principi e regole operative,preamble,ok,G2,0.7,20.0,70.0,5.0,5.0,0.0
32009D0150,,,Decisione di infrazione con riferimenti procedurali,preamble,ok,G5,0.4,10.0,20.0,30.0,0.0,40.0
32009L0072,,,Direttiva con principi e regole operative,preamble,ok,G2,0.7,15.0,70.0,10.0,5.0,0.0
32009L0140,,,Legge quadro con riferimenti ai trattati,preamble,ok,G2,0.8,10.0,80.0,5.0,5.0,0.0
32009R0352,,,"Atto tecnico basato su direttiva, con dettagli operativi",preamble,ok,G3,0.6,10.0,20.0,60.0,10.0,0.0
32010D0166,,,Regolamento tecnico con riferimenti a principi e quadro,preamble,ok,G3,0.6,10.0,20.0,60.0,10.0,0.0
32010R0575,,,Atto tecnico con riferimenti a trattati e linee guida,preamble,ok,G3,0.8,10.0,0.0,80.0,10.0,0.0
32011R0580,,,Atto legislativo con riferimenti ai trattati,preamble,ok,G2,0.8,10.0,80.0,5.0,5.0,0.0
32011R1197,,,Aggiornamento tecnico lista vettori vietati,preamble,ok,G3,0.8,10.0,0.0,80.0,10.0,0.0
32012R0531,,,Regolamento quadro con principi e dettagli tecnici,preamble,ok,G2,0.7,10.0,70.0,15.0,5.0,0.0
32013D0041,,,Decisione PSC con riferimenti a trattati e procedure operative,preamble,ok,G2,0.4,10.0,40.0,30.0,20.0,0.0
32013D0208,,,Legge quadro con riferimenti a principi e linee guida,preamble,ok,G2,0.7,20.0,70.0,0.0,10.0,0.0
32013R1285,,,Legge quadro con principi fondanti e dettagli tecnici,preamble,ok,G2,0.7,20.0,70.0,10.0,0.0,0.0
32013R1391,,,Atto delegato tecnico con riferimenti a principi e quadro,preamble,ok,G3,0.6,10.0,20.0,60.0,10.0,0.0
32014D0645,,,Decisione PSC con riferimenti a trattati e procedure,preamble,ok,G2,0.6,10.0,60.0,20.0,10.0,0.0
32014R0473,,,"Atto tecnico basato su delega, con riferimenti ai trattati.",preamble,ok,G3,0.8,10.0,0.0,80.0,10.0,0.0
32014R1222,,,Regolamento tecnico che specifica metodologia G-SII,preamble,ok,G3,0.6,10.0,30.0,60.0,0.0,0.0
32015R1976,,,Regolamento delegato con dettagli tecnici,preamble,ok,G3,0.7,10.0,20.0,70.0,0.0,0.0
32016D0289,,,Decisione di infrazione con riferimenti ai trattati,preamble,ok,G5,0.7,10.0,20.0,0.0,0.0,70.0
32016R0369,,,Principi e quadro legislativo con riferimenti,preamble,ok,G2,0.6,30.0,60.0,0.0,10.0,0.0
32016R0480,,,Regolamento tecnico con riferimenti a principi e quadro,preamble,ok,G3,0.6,10.0,20.0,60.0,10.0,0.0
32016R1033,,,Legge quadro con riferimenti ai trattati,preamble,ok,G2,0.8,10.0,80.0,5.0,5.0,0.0
32017H1584,,,"Principi, regole quadro, dettagli tecnici, linee guida",preamble,ok,G3,0.4,10.0,30.0,40.0,20.0,0.0
32018H0624,,,Raccomandazioni non vincolanti con riferimenti ai Trattati,preamble,ok,G4,0.9,10.0,0.0,0.0,90.0,0.0
32018O0003R(01),,,Atto tecnico con riferimenti a principi e linee guida,preamble,ok,G3,0.6,10.0,20.0,60.0,10.0,0.0
32018R1212,,,Regolamento tecnico con riferimenti a principi e linee guida,preamble,ok,G3,0.6,10.0,20.0,60.0,10.0,0.0
32019D1118,,,Regolamento tecnico con riferimenti a principi e quadro,preamble,ok,G3,0.6,10.0,20.0,60.0,10.0,0.0
32019D1310,,,Regolamento tecnico con riferimenti a principi e quadro,preamble,ok,G3,0.6,10.0,20.0,60.0,10.0,0.0
32019R0254,,,Regolamento tecnico basato su legge quadro,preamble,ok,G3,0.6,10.0,20.0,60.0,10.0,0.0
32020D0471,,,Decisione del Consiglio con riferimenti ai Trattati,preamble,ok,G2,0.8,20.0,80.0,0.0,0.0,0.0
32020D1016,,,Decisione tecnica con riferimenti a trattati e quadro normativo,preamble,ok,G3,0.4,10.0,30.0,40.0,10.0,10.0
32020L1828,,,Legge quadro con principi e dettagli tecnici,preamble,ok,G2,0.7,15.0,70.0,10.0,5.0,0.0
32020R0204R(01),,,Regolamento tecnico con riferimenti a principi e linee guida,preamble,ok,G3,0.8,10.0,0.0,80.0,10.0,0.0
32020R0855,,,Regolamento delegato con riferimenti a principi e linee guida,preamble,ok,G3,0.8,10.0,0.0,80.0,10.0,0.0
32020R1627,,,Regolamento di esecuzione con dettagli tecnici,preamble,ok,G3,0.8,10.0,0.0,80.0,10.0,0.0
32020R1818,,,Regolamento delegato con riferimenti a principi e linee guida,preamble,ok,G3,0.8,10.0,0.0,80.0,10.0,0.0
32021D0813,,,Decisione del Consiglio con riferimenti ai Trattati,preamble,ok,G2,0.8,20.0,80.0,0.0,0.0,0.0
32021R0637,,,Implementazione tecnica di regolamenti delegati,preamble,ok,G3,0.7,10.0,20.0,70.0,0.0,0.0
32022D1014,,,Legge quadro con riferimenti a trattati e dettagli tecnici,preamble,ok,G2,0.7,10.0,70.0,15.0,5.0,0.0
32022D1334R(01),,,Decisione CFSP che estende mandato missione,preamble,ok,G2,0.8,10.0,80.0,5.0,5.0,0.0
32022D2443,,,Decisione CFSP con base nei Trattati,preamble,ok,G2,0.8,20.0,80.0,0.0,0.0,0.0
32022R2370,,,Legge quadro con principi fondanti e dettagli tecnici,preamble,ok,G2,0.7,20.0,70.0,5.0,5.0,0.0
32023D0468,,,"Modifica tecnica di allegato, riferimenti a trattati e linee guida.",preamble,ok,G3,0.8,10.0,0.0,80.0,10.0,0.0
32023R1769,,,Regolamento tecnico delegato con riferimenti a principi e quadro,preamble,ok,G3,0.7,10.0,20.0,70.0,0.0,0.0
32023R1782,,,Regolamento quadro con riferimenti a trattati e allegati tecnici,preamble,ok,G2,0.7,10.0,70.0,15.0,5.0,0.0
32023R2070,,,"Atto tecnico basato su delega, con riferimenti a principi e direttive.",preamble,ok,G3,0.6,10.0,20.0,60.0,10.0,0.0
32024D1059,,,Atto legislativo con riferimenti a trattati e mandati operativi,preamble,ok,G2,0.6,20.0,60.0,10.0,5.0,5.0
32024D1567,,,"Decisione PSC su mandato missione, quadro operativo",preamble,ok,G2,0.7,10.0,70.0,10.0,0.0,10.0
32024D2164,,,Regolamento tecnico con riferimenti a principi e quadro,preamble,ok,G3,0.7,10.0,20.0,70.0,0.0,0.0
32024D2988,,,Decisione quadro con riferimenti ai trattati,preamble,ok,G2,0.7,20.0,70.0,0.0,10.0,0.0
32024D3136,,,Regolamento di esecuzione con dettagli tecnici,preamble,ok,G3,0.8,10.0,0.0,80.0,10.0,0.0
32024D3223,,,Atto tecnico con riferimenti a principi e linee guida,preamble,ok,G3,0.8,10.0,0.0,80.0,10.0,0.0
32024R2059,,,Atto tecnico basato su regolamento quadro,preamble,ok,G3,0.8,10.0,0.0,80.0,10.0,0.0
32024R2514,,,Specifica dati tecnici per scambio informazioni,preamble,ok,G3,0.7,10.0,20.0,70.0,0.0,0.0
32024R3005,,,Legge quadro con riferimenti a principi e linee guida,preamble,ok,G2,0.7,20.0,70.0,0.0,10.0,0.0
32025D0334,,,Decisione CFSP con principi e regole operative,preamble,ok,G2,0.6,20.0,60.0,10.0,10.0,0.0
32025R0327,,,Regolamento quadro con principi e dettagli tecnici,preamble,ok,G2,0.7,15.0,70.0,10.0,5.0,0.0
62000TJ0324,,,Sentenza pura su aiuti di Stato,title,ok,G5,1.0,0.0,0.0,0.0,0.0,100.0
62001TJ0157,,,Sentenza pura di controllo giurisdizionale,title,ok,G5,1.0,0.0,0.0,0.0,0.0,100.0
62005TJ0354,,,Sentenza pura di annullamento e interpretazione,title,ok,G5,1.0,0.0,0.0,0.0,0.0,100.0
62005TJ0424,,,Sentenza pura su aiuti di Stato,title,ok,G5,1.0,0.0,0.0,0.0,0.0,100.0
62010CJ0614,,,Sentenza CGUE su infrazione e interpretazione,title,ok,G5,0.8,10.0,10.0,0.0,0.0,80.0
32004R2006,,,Legge quadro con principi e dettagli tecnici,preamble,ok,G2,0.7,15.0,70.0,10.0,5.0,0.0
32005L0089,,,Direttiva con principi e regole operative,preamble,ok,G2,0.7,15.0,70.0,10.0,5.0,0.0
32006D0771,,,Principi e quadro legislativo misti,preamble,ok,G2,0.6,30.0,60.0,5.0,5.0,0.0
32006E0304,,,Principi e quadro operativo con dettagli,preamble,ok,G2,0.6,20.0,60.0,10.0,10.0,0.0
32006R1543,,,Regolamento di esecuzione tecnica con riferimenti ai trattati,preamble,ok,G3,0.9,10.0,0.0,90.0,0.0,0.0
32007L0036R(01),,,Legge quadro con principi e dettagli tecnici,preamble,ok,G2,0.7,15.0,70.0,10.0,5.0,0.0
32008D0673,,,Decisione tecnica con riferimenti a trattati e raccomandazioni,preamble,ok,G3,0.8,10.0,0.0,80.0,10.0,0.0
32008E0314,,,Atto legislativo quadro con riferimenti ai trattati,preamble,ok,G2,0.8,20.0,80.0,0.0,0.0,0.0
32008L0057,,,Direttiva quadro con principi e dettagli tecnici,preamble,ok,G2,0.7,15.0,70.0,10.0,5.0,0.0
32008R0106,,,Regolamento quadro con principi e dettagli tecnici,preamble,ok,G2,0.7,10.0,70.0,15.0,5.0,0.0
32009D0902,,,Atto legislativo con riferimenti a principi e linee guida,preamble,ok,G2,0.6,20.0,60.0,10.0,10.0,0.0
32009D0971,,,Decisione di infrazione con riferimenti ai trattati,preamble,ok,G5,0.7,10.0,20.0,0.0,0.0,70.0
32009H0329,,,Legge quadro con riferimenti a trattati e dettagli tecnici,preamble,ok,G2,0.6,10.0,60.0,20.0,10.0,0.0
32009H0848,,,Legge quadro con principi e dettagli tecnici,preamble,ok,G2,0.6,20.0,60.0,10.0,10.0,0.0
32009R0663R(01),,,Legge quadro con principi e dettagli tecnici,preamble,ok,G2,0.7,20.0,70.0,10.0,0.0,0.0
32010D0224,,,Approvazione accordo internazionale con riferimenti ai Trattati,preamble,ok,G2,0.7,30.0,70.0,0.0,0.0,0.0
32010D0661,,,Legge quadro con principi fondanti e dettagli tecnici,preamble,ok,G2,0.7,20.0,70.0,5.0,5.0,0.0
32010L0013R(01),,,Direttiva quadro con principi e dettagli tecnici,preamble,ok,G2,0.7,15.0,70.0,10.0,5.0,0.0
32011D0292,,,Decisione quadro con principi e regole operative,preamble,ok,G2,0.6,20.0,60.0,10.0,10.0,0.0
32011H0622,,,Raccomandazione tecnica con riferimenti a regolamenti,preamble,ok,G4,0.6,10.0,0.0,30.0,60.0,0.0
32011R0451,,,"Regolamento anti-dumping con principi, regole e dettagli",preamble,ok,G2,0.6,10.0,60.0,20.0,5.0,5.0
32012D0088,,,Regolamento tecnico con riferimenti a principi e linee guida,preamble,ok,G3,0.6,10.0,20.0,60.0,10.0,0.0
32013D0533,,,Decisione del Consiglio con riferimenti ai Trattati,preamble,ok,G2,0.8,20.0,80.0,0.0,0.0,0.0
32013D0664,,,Decisione di infrazione con riferimenti ai trattati,preamble,ok,G5,0.7,10.0,20.0,0.0,0.0,70.0
32013R1382,,,Principi fondanti e legge quadro,preamble,ok,G2,0.7,30.0,70.0,0.0,0.0,0.0
32014D0132,,,Regolamento tecnico con riferimenti a principi e quadro,preamble,ok,G3,0.6,10.0,20.0,60.0,10.0,0.0
32014D0401,,,Decisione quadro con riferimenti ai Trattati,preamble,ok,G2,0.7,20.0,70.0,5.0,5.0,0.0
32014L0057,,,Legislazione quadro con riferimenti a principi e dettagli,preamble,ok,G2,0.7,10.0,70.0,10.0,5.0,5.0
32014O0043,,,Linea guida tecnica con riferimenti normativi,preamble,ok,G3,0.4,10.0,20.0,40.0,30.0,0.0
32014R0223,,,Legge quadro con principi e dettagli tecnici,preamble,ok,G2,0.7,15.0,70.0,10.0,5.0,0.0
32015R0479R(01),,,Legge quadro con principi e dettagli tecnici,preamble,ok,G2,0.6,20.0,60.0,10.0,10.0,0.0
32015R2402,,,Atto tecnico con riferimenti a principi e linee guida.,preamble,ok,G3,0.6,10.0,20.0,60.0,10.0,0.0
32016L1148,,,Legge quadro con principi fondanti e dettagli tecnici,preamble,ok,G2,0.7,15.0,70.0,10.0,5.0,0.0
32016R0758,,,Regolamento tecnico con riferimenti a principi e quadro,preamble,ok,G3,0.6,10.0,20.0,60.0,10.0,0.0
32017D0652,,,Decisione di registrazione ECI con riferimento a sentenza,preamble,ok,G5,0.7,10.0,20.0,0.0,0.0,70.0
32017R0389,,,Regolamento delegato con dettagli tecnici,preamble,ok,G3,0.8,10.0,0.0,80.0,10.0,0.0
32017R0571,,,Regolamento tecnico con riferimenti a principi e linee guida,preamble,ok,G3,0.6,10.0,20.0,60.0,10.0,0.0
32018D1688,,,Decisione tecnica con deroghe specifiche,preamble,ok,G3,0.6,10.0,20.0,60.0,10.0,0.0
32018R0841,,,Legge quadro con principi e dettagli tecnici,preamble,ok,G2,0.7,15.0,70.0,10.0,5.0,0.0
32018R1807,,,Legge quadro con principi e dettagli tecnici,preamble,ok,G2,0.7,15.0,70.0,10.0,5.0,0.0
32019D1298,,,Principi e quadro con riferimenti esterni,preamble,ok,G2,0.6,20.0,60.0,10.0,10.0,0.0
32019R0496,,,Legge quadro con riferimenti a trattati e allegati tecnici,preamble,ok,G2,0.7,10.0,70.0,15.0,5.0,0.0
32019R0715,,,Regolamento delegato con dettagli tecnici e riferimenti a trattati,preamble,ok,G3,0.7,10.0,20.0,70.0,0.0,0.0
32019R1745,,,Atto tecnico con riferimenti a principi e linee guida,preamble,ok,G3,0.6,10.0,20.0,60.0,10.0,0.0
32020D0434,,,Decisione quadro con riferimenti a trattati e dettagli operativi,preamble,ok,G2,0.7,10.0,70.0,10.0,5.0,5.0
32020D0955,,,Decisione CFSP con base nei Trattati,preamble,ok,G2,0.8,20.0,80.0,0.0,0.0,0.0
32020D1023,,,Atto di esecuzione tecnica con riferimenti a principi,preamble,ok,G3,0.8,10.0,0.0,80.0,10.0,0.0
32020D1133,,,Decisione quadro con riferimenti ai Trattati,preamble,ok,G2,0.8,10.0,80.0,5.0,5.0,0.0
32020R0389,,,Regolamento tecnico con riferimenti a principi e quadro,preamble,ok,G3,0.6,10.0,20.0,60.0,10.0,0.0
32020R1229,,,Regolamento tecnico con riferimenti a principi e quadro,preamble,ok,G3,0.6,10.0,20.0,60.0,10.0,0.0
32020R1318,,,"Riferimenti a trattati e regolamenti quadro, dettagli tecnici prevalenti",preamble,ok,G3,0.8,10.0,0.0,80.0,10.0,0.0
32020R2171,,,Legge quadro con riferimenti a trattati e allegati tecnici,preamble,ok,G2,0.7,10.0,70.0,15.0,5.0,0.0
32021D1143R(01),,,Atto legislativo con principi e regole operative,preamble,ok,G2,0.6,20.0,60.0,10.0,10.0,0.0
32021H2279,,,Raccomandazione con riferimenti a trattati e metodi tecnici,preamble,ok,G4,0.4,10.0,20.0,30.0,40.0,0.0
32021R1352,,,Atto tecnico con riferimenti a principi e linee guida,preamble,ok,G3,0.8,10.0,0.0,80.0,10.0,0.0
32022D0430R(01),,,Principi e regole quadro con dettagli,preamble,ok,G2,0.6,20.0,60.0,10.0,10.0,0.0
32022D0591,,,Legge quadro con riferimenti ai trattati,preamble,ok,G2,0.7,20.0,70.0,5.0,5.0,0.0
32022D0809,,,Decisione del Consiglio che modifica misura assistenza,preamble,ok,G2,0.8,10.0,80.0,5.0,0.0,5.0
32022D1968,,,Principi fondanti e regole operative,preamble,ok,G2,0.7,30.0,70.0,0.0,0.0,0.0
32022R1369,,,Legge quadro con principi e dettagli tecnici,preamble,ok,G2,0.7,10.0,70.0,10.0,10.0,0.0
32022R1856,,,Regolamento tecnico con riferimenti a trattati e linee guida,preamble,ok,G3,0.8,10.0,0.0,80.0,10.0,0.0
32022R2303,,,Atto di esecuzione con riferimenti a principi e regole,preamble,ok,G2,0.7,10.0,70.0,10.0,5.0,5.0
32022R2311,,,Regolamento delegato con riferimenti a trattati e linee guida,preamble,ok,G3,0.8,10.0,0.0,80.0,10.0,0.0
32022R2453R(01),,,Regolamento di esecuzione con dettagli tecnici,preamble,ok,G3,0.85,10.0,0.0,85.0,5.0,0.0
32023D0940R(01),,,Decisione del Consiglio con base giuridica e procedure,preamble,ok,G2,0.7,10.0,70.0,10.0,5.0,5.0
32023D1440,,,Decisione quadro con principi e dettagli operativi,preamble,ok,G2,0.6,20.0,60.0,10.0,10.0,0.0
32023D1532,,,Decisione CFSP con principi e dettagli tecnici,preamble,ok,G2,0.7,10.0,70.0,15.0,5.0,0.0
32023D1601,,,Decisione CFSP con principi e regole operative,preamble,ok,G2,0.7,20.0,70.0,0.0,10.0,0.0
32023R0996,,,Aggiornamento tecnico di allegato,preamble,ok,G3,0.9,10.0,0.0,90.0,0.0,0.0
32023R1113,,,Regolamento quadro con riferimenti ai trattati e dettagli tecnici,preamble,ok,G2,0.7,10.0,70.0,15.0,5.0,0.0
32023R1781,,,Legge quadro con principi e dettagli tecnici,preamble,ok,G2,0.7,15.0,70.0,10.0,5.0,0.0
32023R2406,,,Decisione quadro con principi e allegati tecnici,preamble,ok,G2,0.7,10.0,70.0,10.0,5.0,5.0
32024D0577,,,Principi fondanti e regole operative,preamble,ok,G2,0.6,40.0,60.0,0.0,0.0,0.0
32024D0758,,,Decisione del Consiglio con base nei Trattati,preamble,ok,G2,0.8,20.0,80.0,0.0,0.0,0.0
32024L1499R(01),,,Direttiva con principi e regole quadro,preamble,ok,G2,0.7,20.0,70.0,5.0,5.0,0.0
32024R0163,,,Regolamento delegato con riferimenti a principi e direttive,preamble,ok,G3,0.6,10.0,20.0,60.0,10.0,0.0
32024R0576,,,Regolamento quadro con principi e dettagli tecnici,preamble,ok,G2,0.7,10.0,70.0,15.0,5.0,0.0
32024R0912,,,Regolamento tecnico con riferimenti a principi e linee guida,preamble,ok,G3,0.6,10.0,20.0,60.0,10.0,0.0
32024R1281,,,Atto tecnico di aggiornamento riferimenti,preamble,ok,G3,0.8,10.0,0.0,80.0,10.0,0.0
32024R2493R(01),,,Atto di esecuzione tecnica con riferimenti a principi,preamble,ok,G3,0.7,10.0,20.0,70.0,0.0,0.0
32025L0516,,,Direttiva quadro con riferimenti ai trattati e dettagli tecnici,preamble,ok,G2,0.7,10.0,70.0,15.0,5.0,0.0
32025R0392,,,Regolamento quadro con riferimenti a trattati e allegati tecnici,preamble,ok,G2,0.7,10.0,70.0,15.0,5.0,0.0
62003CJ0172,,,Sentenza CGUE con principi interpretativi,title,ok,G5,0.9,10.0,0.0,0.0,0.0,90.0
62003CJ0253,,,Sentenza CGUE su interpretazione principi,title,ok,G5,0.9,10.0,0.0,0.0,0.0,90.0
62009CJ0138,,,Sentenza CGUE con interpretazione principi,title,ok,G5,0.9,10.0,0.0,0.0,0.0,90.0
62012CJ0262,,,Sentenza CGUE su aiuti di Stato,title,ok,G5,0.9,10.0,0.0,0.0,0.0,90.0
62018CJ0385,,,Sentenza CGUE su aiuti di Stato,title,ok,G5,0.9,10.0,0.0,0.0,0.0,90.0
32006D0737,,,Decisione di infrazione con riferimenti a trattati e direttive,preamble,ok,G5,0.7,10.0,20.0,0.0,0.0,70.0
32006L0059,,,Regolamento tecnico con riferimenti a principi e linee guida,preamble,ok,G3,0.8,10.0,0.0,80.0,10.0,0.0
32006L0087,,,Direttiva quadro con principi e dettagli tecnici,preamble,ok,G2,0.7,10.0,70.0,15.0,5.0,0.0
32007R1043,,,Regolamento tecnico di esecuzione con riferimenti a norme quadro,preamble,ok,G3,0.7,10.0,20.0,70.0,0.0,0.0
32008D0017,,,"Cita trattati, stabilisce regole quadro e dettagli tecnici",preamble,ok,G2,0.4,20.0,40.0,30.0,10.0,0.0
32008D0420,,,Decisione quadro con riferimenti ai Trattati,preamble,ok,G2,0.8,20.0,80.0,0.0,0.0,0.0
32008D0608,,,Decisione del Consiglio su adozione euro,preamble,ok,G2,0.8,20.0,80.0,0.0,0.0,0.0
32008D0797,,,Decisione del Consiglio con base giuridica,preamble,ok,G2,0.7,30.0,70.0,0.0,0.0,0.0
32008F0947R(03),,,Principi e regole quadro con dettagli tecnici,preamble,ok,G2,0.7,20.0,70.0,5.0,5.0,0.0
32008H0594,,,"Mescola principi, regole quadro, dettagli tecnici e linee guida",preamble,ok,G2,0.4,20.0,40.0,20.0,20.0,0.0
32008R0683,,,Legge quadro con principi fondanti e dettagli tecnici,preamble,ok,G2,0.7,20.0,70.0,5.0,5.0,0.0
32008R0800,,,Regolamento tecnico con riferimenti a principi e linee guida,preamble,ok,G3,0.5,10.0,30.0,50.0,10.0,0.0
32009H0387,,,"Principi, quadro, linee guida misti",preamble,ok,G2,0.4,20.0,40.0,10.0,30.0,0.0
32010D0330,,,Atto legislativo con principi e dettagli operativi,preamble,ok,G2,0.6,20.0,60.0,10.0,10.0,0.0
32011D0346,,,Decisione di infrazione con riferimenti procedurali,preamble,ok,G5,0.4,10.0,20.0,30.0,0.0,40.0
32011D0411,,,Decisione quadro con riferimenti ai Trattati,preamble,ok,G2,0.7,20.0,70.0,5.0,5.0,0.0
32011R0445,,,Regolamento tecnico con riferimenti a principi e linee guida,preamble,ok,G3,0.6,10.0,20.0,60.0,10.0,0.0
32011R0513,,,Legge quadro con principi e dettagli tecnici,preamble,ok,G2,0.7,10.0,70.0,10.0,10.0,0.0
32012D0238,,,Legge quadro con riferimenti ai trattati,preamble,ok,G2,0.8,20.0,80.0,0.0,0.0,0.0
32012D0627,,,Regolamento delegato con dettagli tecnici,preamble,ok,G3,0.6,10.0,20.0,60.0,10.0,0.0
32012D0630,,,Regolamento tecnico basato su delega,preamble,ok,G3,0.6,10.0,20.0,60.0,10.0,0.0
32012D0994,,,Legge quadro con principi e dettagli tecnici,preamble,ok,G2,0.6,20.0,60.0,10.0,10.0,0.0
32013D0042,,,Decisione tecnica con riferimenti a trattati e linee guida,preamble,ok,G3,0.4,10.0,30.0,40.0,20.0,0.0
32013D0254,,,Decisione PSC con riferimenti a trattati e regole operative,preamble,ok,G2,0.7,10.0,70.0,10.0,10.0,0.0
32013L0012,,,Adattamento atti per accessione Croazia,preamble,ok,G2,0.6,20.0,60.0,10.0,5.0,5.0
32013L0040,,,Direttiva quadro con principi e dettagli tecnici,preamble,ok,G2,0.7,15.0,70.0,10.0,5.0,0.0
32013R0611,,,Regolamento tecnico con riferimenti a principi e linee guida,preamble,ok,G3,0.6,10.0,20.0,60.0,10.0,0.0
32014D0245,,,Regolamento delegato con riferimenti a trattati e linee guida,preamble,ok,G3,0.8,10.0,0.0,80.0,10.0,0.0
32014D0536,,,Deroga tecnica con riferimenti a trattati e direttive,preamble,ok,G3,0.4,10.0,20.0,40.0,20.0,10.0
32014D0746,,,Regolamento delegato con dettagli tecnici e riferimenti a principi,preamble,ok,G3,0.5,10.0,30.0,50.0,10.0,0.0
32014H0724,,,"Atto misto con principi, regole quadro e dettagli tecnici",preamble,ok,G2,0.6,10.0,60.0,20.0,10.0,0.0
32014R0599,,,Legge quadro con riferimenti a trattati e allegati tecnici,preamble,ok,G2,0.7,10.0,70.0,15.0,5.0,0.0
32014R0799,,,Regolamento tecnico per modelli di report,preamble,ok,G3,0.7,10.0,20.0,70.0,0.0,0.0
32014R0802,,,Regolamento tecnico con riferimenti a principi e quadro,preamble,ok,G3,0.7,10.0,20.0,70.0,0.0,0.0
32014R1375,,,Regolamento tecnico con riferimenti a principi e linee guida,preamble,ok,G3,0.6,10.0,20.0,60.0,10.0,0.0
32015D0347,,,Atto di esecuzione con riferimenti a regolamenti e decisioni,preamble,ok,G3,0.5,10.0,20.0,50.0,20.0,0.0
32015D2363,,,"Modifica allegato tecnico, basata su accordo e regolamenti",preamble,ok,G3,0.7,10.0,20.0,70.0,0.0,0.0
32015R0840,,,Regolamento di esecuzione con dettagli tecnici,preamble,ok,G3,0.8,10.0,0.0,80.0,10.0,0.0
32015R1970,,,Regolamento tecnico con riferimenti a principi e quadro,preamble,ok,G3,0.6,10.0,20.0,60.0,10.0,0.0
32015R2219,,,Legge quadro con riferimenti a principi,preamble,ok,G2,0.7,20.0,70.0,5.0,5.0,0.0
32016D1711,,,Riferimento a Trattato e modifica misura restrittiva,preamble,ok,G2,0.8,20.0,80.0,0.0,0.0,0.0
32016L2341R(02),,,Direttiva quadro con principi e dettagli tecnici,preamble,ok,G2,0.7,15.0,70.0,10.0,5.0,0.0
32016R0958,,,Regolamento delegato con dettagli tecnici e principi,preamble,ok,G3,0.8,10.0,0.0,80.0,10.0,0.0
32016R1675,,,Regolamento tecnico con riferimenti a principi e linee guida,preamble,ok,G3,0.6,10.0,20.0,60.0,10.0,0.0
32017D1438,,,Decisione tecnica con riferimenti a mandati e standard,preamble,ok,G3,0.6,10.0,20.0,60.0,10.0,0.0
32017R0390R(01),,,Regolamento delegato con dettagli tecnici,preamble,ok,G3,0.7,10.0,20.0,70.0,0.0,0.0
32018R0540,,,Regolamento delegato con dettagli tecnici e riferimenti a principi,preamble,ok,G3,0.6,10.0,20.0,60.0,10.0,0.0
32018R1690,,,Regolamento di esecuzione con dettagli procedurali,preamble,ok,G3,0.6,10.0,20.0,60.0,10.0,0.0
32019O0016,,,Decisione BCE con principi e regole operative,preamble,ok,G2,0.6,20.0,60.0,10.0,10.0,0.0
32019R2099R(01),,,Legge quadro con riferimenti a principi e dettagli tecnici,preamble,ok,G2,0.7,10.0,70.0,15.0,5.0,0.0
32020B0227,,,Atto legislativo con riferimenti a trattati e procedure,preamble,ok,G2,0.8,10.0,80.0,5.0,5.0,0.0
32020D0266,,,Atto legislativo quadro con riferimenti ai Trattati,preamble,ok,G2,0.8,20.0,80.0,0.0,0.0,0.0
32020D1015,,,Decisione istituzionale con riferimenti a trattati e regolamenti,preamble,ok,G2,0.7,10.0,70.0,10.0,5.0,5.0
32020D1562,,,Atto tecnico con riferimenti a principi e linee guida,preamble,ok,G3,0.8,10.0,0.0,80.0,10.0,0.0
32020L0700,,,Legge quadro con riferimenti a trattati e prassi,preamble,ok,G2,0.8,10.0,80.0,5.0,5.0,0.0
32020R1406,,,Regolamento tecnico con riferimenti a trattati e linee guida,preamble,ok,G3,0.8,10.0,0.0,80.0,10.0,0.0
32021D1875,,,Legge quadro con riferimenti ai trattati e dettagli tecnici,preamble,ok,G2,0.7,10.0,70.0,20.0,0.0,0.0
32021O2256,,,Linea guida con principi e riferimenti normativi,preamble,ok,G4,0.7,10.0,20.0,0.0,70.0,0.0
32021R0240R(01),,,Legge quadro con riferimenti ai trattati,preamble,ok,G2,0.7,20.0,70.0,5.0,5.0,0.0
32021R0765,,,Regolamento quadro con principi e dettagli tecnici,preamble,ok,G2,0.6,20.0,60.0,10.0,10.0,0.0
32021R0775,,,Regolamento delegato con dettagli tecnici e riferimenti a trattati,preamble,ok,G3,0.8,10.0,0.0,80.0,10.0,0.0
32021R1148,,,Legge quadro con principi fondanti e dettagli tecnici,preamble,ok,G2,0.7,20.0,70.0,5.0,5.0,0.0
32022D0763,,,Decisione su aiuti di Stato con riferimenti procedurali,preamble,ok,G3,0.3,10.0,20.0,30.0,30.0,10.0
32022D1970,,,Decisione del Consiglio con riferimenti ai Trattati,preamble,ok,G2,0.7,10.0,70.0,10.0,10.0,0.0
32022D2478R(01),,,Decisione del Consiglio con principi e regole operative,preamble,ok,G2,0.7,20.0,70.0,10.0,0.0,0.0
32022D2575,,,Decisione quadro con riferimenti a trattati e dettagli tecnici,preamble,ok,G2,0.6,20.0,60.0,20.0,0.0,0.0
32022R1930,,,Atto delegato con dettagli tecnici e considerazioni,preamble,ok,G3,0.8,10.0,0.0,80.0,10.0,0.0
32023D1681,,,Atto tecnico con riferimenti a principi e quadro,preamble,ok,G3,0.5,10.0,30.0,50.0,10.0,0.0
32023L1544,,,Legge quadro con riferimenti ai trattati,preamble,ok,G2,0.8,10.0,80.0,5.0,5.0,0.0
32023R1626,,,Regolamento delegato con riferimenti a trattati e linee guida,preamble,ok,G3,0.8,10.0,0.0,80.0,10.0,0.0
32023R1679,,,Decisione tecnica basata su regolamenti esistenti,preamble,ok,G3,0.8,10.0,0.0,80.0,10.0,0.0
32023R2533,,,Regolamento tecnico con riferimenti a principi e linee guida,preamble,ok,G3,0.6,10.0,20.0,60.0,10.0,0.0
32023R2765,,,Attuazione tecnica di misure antiterrorismo,preamble,ok,G3,0.8,10.0,0.0,80.0,10.0,0.0
32024D0656,,,Atto quadro con riferimenti a principi e dettagli,preamble,ok,G2,0.7,20.0,70.0,5.0,5.0,0.0
32024D1248,,,Decisione CFSP con principi e regole operative,preamble,ok,G2,0.8,20.0,80.0,0.0,0.0,0.0
32024D2396,,,Decisione CFSP che estende mandato missione,preamble,ok,G2,0.8,10.0,80.0,5.0,5.0,0.0
32024L0927,,,Legge quadro con principi e dettagli tecnici,preamble,ok,G2,0.7,10.0,70.0,15.0,5.0,0.0
32024R1205,,,Regolamento quadro con riferimenti a trattati e allegati tecnici,preamble,ok,G2,0.7,10.0,70.0,10.0,5.0,5.0
32024R2980R(01),,,Regolamento di esecuzione con riferimenti a principi,preamble,ok,G3,0.8,10.0,0.0,80.0,10.0,0.0
32024R3128,,,Atto tecnico con riferimenti a principi e quadro,preamble,ok,G3,0.6,10.0,20.0,60.0,10.0,0.0
32025D0211,,,Decisione CFSP con riferimenti ai Trattati,preamble,ok,G2,0.8,20.0,80.0,0.0,0.0,0.0
32025D0488,,,Decisione CFSP che modifica mandato operativo,preamble,ok,G2,0.8,10.0,80.0,5.0,5.0,0.0
32025D0673,,,Atto tecnico con riferimenti a principi e linee guida,preamble,ok,G3,0.5,10.0,30.0,50.0,10.0,0.0
32025D0850,,,"Decisione PSC su mandato missione, quadro operativo",preamble,ok,G2,0.7,10.0,70.0,10.0,10.0,0.0
32025R0041,,,Legge quadro con riferimenti a trattati e allegati tecnici,preamble,ok,G2,0.7,10.0,70.0,15.0,5.0,0.0
32025R0298,,,Specifica tecnica derivante da regolamento quadro,preamble,ok,G3,0.8,10.0,0.0,80.0,10.0,0.0
32025R0303,,,Regolamento delegato con dettagli tecnici e riferimenti ai trattati.,preamble,ok,G3,0.8,10.0,0.0,80.0,10.0,0.0
32025R0471,,,Atto tecnico con riferimenti a principi e linee guida,preamble,ok,G3,0.8,10.0,0.0,80.0,10.0,0.0
32025R0855,,,Regolamento tecnico con riferimenti a principi e linee guida,preamble,ok,G3,0.8,10.0,0.0,80.0,10.0,0.0
61997TJ0288,,,Sentenza pura di annullamento,title,ok,G5,1.0,0.0,0.0,0.0,0.0,100.0
62000TJ0254,,,Sentenza CGUE su aiuti di Stato,title,ok,G5,0.9,10.0,0.0,0.0,0.0,90.0
62008CJ0537,,,Sentenza CGUE su principi e applicazione,title,ok,G5,0.9,10.0,0.0,0.0,0.0,90.0
62008TJ0396,,,Sentenza pura di controllo giurisdizionale,title,ok,G5,1.0,0.0,0.0,0.0,0.0,100.0
62010CJ0512,,,Sentenza CGUE su infrazione,title,ok,G5,1.0,0.0,0.0,0.0,0.0,100.0
62011TJ0444,,,Sentenza pura di controllo giurisdizionale,title,ok,G5,1.0,0.0,0.0,0.0,0.0,100.0
62012TJ0143,,,Sentenza pura su aiuti di Stato,title,ok,G5,1.0,0.0,0.0,0.0,0.0,100.0
62013CJ0522,,,Sentenza CGUE su concetto aiuti di Stato,title,ok,G5,0.9,10.0,0.0,0.0,0.0,90.0
62014TJ0067,,,Sentenza pura su dumping e infrazione,title,ok,G5,1.0,0.0,0.0,0.0,0.0,100.0
32005E0574,,,Legge quadro con riferimenti a principi e misure tecniche,preamble,ok,G2,0.6,20.0,60.0,10.0,10.0,0.0
32006D0030,,,Decisione tecnica con riferimenti a trattati e regolamenti,preamble,ok,G3,0.7,10.0,20.0,70.0,0.0,0.0
32006D0515,,,Principi fondanti e approvazione quadro,preamble,ok,G2,0.7,30.0,70.0,0.0,0.0,0.0
32006D0804,,,Decisione tecnica con riferimenti a trattati e quadro legislativo,preamble,ok,G2,0.4,10.0,40.0,40.0,10.0,0.0
32006L0067,,,Direttiva quadro con principi e dettagli tecnici,preamble,ok,G2,0.7,20.0,70.0,10.0,0.0,0.0
32006R0473,,,Implementazione tecnica con riferimenti a principi e quadro,preamble,ok,G3,0.6,10.0,20.0,60.0,10.0,0.0
32006R0562,,,Legge quadro con principi fondanti e dettagli tecnici,preamble,ok,G2,0.7,20.0,70.0,5.0,5.0,0.0
32006R1927,,,Legge quadro con principi fondanti e dettagli tecnici,preamble,ok,G2,0.7,20.0,70.0,5.0,5.0,0.0
32007D0162,,,Legge quadro con riferimenti ai trattati,preamble,ok,G2,0.7,15.0,70.0,10.0,5.0,0.0
32007D0888,,,"Riferimenti a Trattati, decisioni operative, procedure tecniche.",preamble,ok,G2,0.4,20.0,40.0,30.0,10.0,0.0
32007L0058,,,Direttiva quadro con principi e dettagli tecnici,preamble,ok,G2,0.7,15.0,70.0,10.0,5.0,0.0
32007L0064,,,Legge quadro con principi e dettagli tecnici,preamble,ok,G2,0.7,15.0,70.0,10.0,5.0,0.0
32007R1255,,,Regolamento tecnico con riferimenti a principi e quadro,preamble,ok,G3,0.7,10.0,20.0,70.0,0.0,0.0
32008D0261R(01),,,Decisione del Consiglio su accordo internazionale,preamble,ok,G2,0.7,20.0,70.0,10.0,0.0,0.0
32008D0722,,,Decisione di infrazione con riferimenti ai trattati,preamble,ok,G5,0.7,10.0,20.0,0.0,0.0,70.0
32008R1007,,,Legge quadro con riferimenti a principi e procedure,preamble,ok,G2,0.8,10.0,80.0,5.0,5.0,0.0
32008R1131,,,Regolamento tecnico per aggiornare lista vettori,preamble,ok,G3,0.8,10.0,0.0,80.0,10.0,0.0
32009F0299R(01),,,"Principi diritti umani, quadro cooperazione giudiziaria",preamble,ok,G2,0.6,20.0,60.0,10.0,10.0,0.0
32009F0315R(03),,,Principi e quadro con dettagli tecnici,preamble,ok,G2,0.6,20.0,60.0,10.0,10.0,0.0
32009R0025,,,Regolamento tecnico con riferimenti a principi e linee guida,preamble,ok,G3,0.6,10.0,20.0,60.0,10.0,0.0
32010D0578,,,Regolamento delegato con riferimenti a trattati e linee guida,preamble,ok,G3,0.8,10.0,0.0,80.0,10.0,0.0
32011D0633,,,Decisione tecnica con riferimenti a trattati e direttive,preamble,ok,G3,0.6,10.0,20.0,60.0,10.0,0.0
32011D0636,,,Decisione tecnica con riferimenti a trattati e linee guida,preamble,ok,G3,0.8,10.0,0.0,80.0,10.0,0.0
32012D0512,,,Decisione tecnica basata su regolamento quadro,preamble,ok,G3,0.8,10.0,0.0,80.0,10.0,0.0
32012D0534,,,Decisione quadro con riferimenti a trattati e procedure,preamble,ok,G2,0.7,10.0,70.0,10.0,10.0,0.0
32012D0628,,,Regolamento delegato con riferimenti a trattati e linee guida,preamble,ok,G3,0.8,10.0,0.0,80.0,10.0,0.0
32012D0636,,,Decisione di infrazione con riferimento ai Trattati,preamble,ok,G5,0.9,10.0,0.0,0.0,0.0,90.0
32012R1077,,,Regolamento tecnico basato su direttiva,preamble,ok,G3,0.6,10.0,20.0,60.0,10.0,0.0
32013D0329,,,Regolamento tecnico per rete HTA,preamble,ok,G3,0.6,10.0,20.0,60.0,10.0,0.0
32013D0442,,,Atto tecnico con riferimenti a principi e linee guida,preamble,ok,G3,0.4,10.0,30.0,40.0,20.0,0.0
32013D0490,,,Legge quadro con riferimenti ai trattati,preamble,ok,G2,0.8,20.0,80.0,0.0,0.0,0.0
32013D0493,,,Decisione tecnica con riferimenti a regolamenti e trattati,preamble,ok,G3,0.6,10.0,20.0,60.0,10.0,0.0
32013R1291,,,Legge quadro con principi fondanti e dettagli tecnici,preamble,ok,G2,0.7,20.0,70.0,5.0,5.0,0.0
32014D0259,,,Decisione PSC basata su trattati e decisioni quadro,preamble,ok,G2,0.7,10.0,70.0,10.0,10.0,0.0
32014D0294R(01),,,Decisione del Consiglio con riferimenti ai Trattati,preamble,ok,G2,0.8,20.0,80.0,0.0,0.0,0.0
32014D0489,,,Decisione di infrazione con riferimenti ai trattati,preamble,ok,G5,0.7,10.0,20.0,0.0,0.0,70.0
32014L0092R(01),,,Legge quadro con riferimenti ai trattati,preamble,ok,G2,0.7,20.0,70.0,5.0,5.0,0.0
32014R0642,,,Legge quadro con riferimenti a principi e dettagli tecnici,preamble,ok,G2,0.7,15.0,70.0,10.0,5.0,0.0
32014R1323,,,Regolamento quadro con principi e dettagli tecnici,preamble,ok,G2,0.7,10.0,70.0,15.0,5.0,0.0
32015D0290,,,Regolamento tecnico con riferimenti a principi e linee guida,preamble,ok,G3,0.6,10.0,20.0,60.0,10.0,0.0
32015D0296,,,Regolamento delegato con dettagli tecnici e principi,preamble,ok,G3,0.8,10.0,0.0,80.0,10.0,0.0
32015R1017R(01),,,Legge quadro con principi fondanti e dettagli tecnici,preamble,ok,G2,0.7,20.0,70.0,5.0,5.0,0.0
32015R2365,,,Legge quadro con principi e dettagli tecnici,preamble,ok,G2,0.7,15.0,70.0,10.0,5.0,0.0
32016D1171,,,Decisione del Consiglio che incorpora atti EEA,preamble,ok,G2,0.7,10.0,70.0,15.0,5.0,0.0
32016R1952,,,Regolamento quadro con principi e dettagli tecnici,preamble,ok,G2,0.7,15.0,70.0,10.0,5.0,0.0
32017R0646,,,Regolamento di esecuzione con dettagli tecnici,preamble,ok,G3,0.7,10.0,20.0,70.0,0.0,0.0
32017R0965,,,Attuazione tecnica di misure restrittive,preamble,ok,G3,0.8,10.0,0.0,80.0,10.0,0.0
32017R2010,,,Regolamento tecnico con riferimenti a principi e linee guida,preamble,ok,G3,0.8,10.0,0.0,80.0,10.0,0.0
32017R2396R(01),,,Legge quadro con riferimenti ai trattati,preamble,ok,G2,0.8,10.0,80.0,5.0,5.0,0.0
32018D1782,,,Atto di esecuzione tecnica con riferimenti a trattati e linee guida.,preamble,ok,G3,0.8,10.0,0.0,80.0,10.0,0.0
32018D1884,,,Decisione CFSP con riferimenti ai Trattati e dettagli operativi,preamble,ok,G2,0.7,10.0,70.0,10.0,10.0,0.0
32018D2059,,,Decisione di incorporazione atti in EEA,preamble,ok,G2,0.7,10.0,70.0,10.0,0.0,10.0
32018L0843R(01),,,Legge quadro con riferimenti a principi e dettagli tecnici,preamble,ok,G2,0.7,10.0,70.0,15.0,5.0,0.0
32018R0959,,,Regolamento delegato con dettagli tecnici e linee guida,preamble,ok,G3,0.7,10.0,0.0,70.0,20.0,0.0
32019D0009,,,"Modifiche tecniche a banconote, riferimenti a trattati e direttive.",preamble,ok,G3,0.6,10.0,20.0,60.0,10.0,0.0
32019L1151R(01),,,Legge quadro con principi fondanti e dettagli tecnici,preamble,ok,G2,0.7,20.0,70.0,10.0,0.0,0.0
32019O0018,,,Atto tecnico con riferimenti a principi,preamble,ok,G3,0.7,10.0,0.0,70.0,20.0,0.0
32019R0826,,,Atto delegato con dettagli tecnici e riferimenti a principi,preamble,ok,G3,0.6,10.0,20.0,60.0,10.0,0.0
32019R0941,,,Legge quadro con principi e dettagli tecnici,preamble,ok,G2,0.7,15.0,70.0,10.0,5.0,0.0
32019R1267,,,Regolamento di esecuzione con dettagli tecnici,preamble,ok,G3,0.6,10.0,20.0,60.0,10.0,0.0
32019R1842R(01),,,Regolamento delegato con dettagli tecnici,preamble,ok,G3,0.7,10.0,20.0,70.0,0.0,0.0
32019R2146R(01),,,Atto tecnico con riferimenti a principi e quadro,preamble,ok,G3,0.6,10.0,20.0,60.0,10.0,0.0
32020D0553,,,Atto tecnico con riferimenti a principi e linee guida,preamble,ok,G3,0.8,10.0,0.0,80.0,10.0,0.0
32020D1237,,,Regolamento delegato con dettagli tecnici,preamble,ok,G3,0.9,10.0,0.0,90.0,0.0,0.0
32020D1422,,,Legge quadro con riferimenti a trattati e dettagli finanziari,preamble,ok,G2,0.8,10.0,80.0,10.0,0.0,0.0
32020D1990,,,Decisione quadro con riferimenti ai Trattati,preamble,ok,G2,0.8,20.0,80.0,0.0,0.0,0.0
32020D2032,,,Decisione CFSP con base nei Trattati,preamble,ok,G2,0.8,20.0,80.0,0.0,0.0,0.0
32020R0203,,,Regolamento tecnico con riferimenti a principi e linee guida,preamble,ok,G3,0.6,10.0,20.0,60.0,10.0,0.0
32020R1108R(01),,,Regolamento legislativo con principi e dettagli,preamble,ok,G2,0.7,10.0,70.0,10.0,5.0,5.0
32020R1208,,,Regolamento tecnico con riferimenti a trattati e quadro,preamble,ok,G3,0.6,10.0,20.0,60.0,10.0,0.0
32020R1224R(01),,,Regolamento tecnico con riferimenti a principi e quadro,preamble,ok,G3,0.6,10.0,20.0,60.0,10.0,0.0
32021D0038,,,"Decisione del Consiglio con principi, regole e dettagli tecnici",preamble,ok,G2,0.6,10.0,60.0,20.0,10.0,0.0
32021D0443,,,Decisione del Consiglio su accordi internazionali,preamble,ok,G2,0.8,10.0,80.0,5.0,0.0,5.0
32021D0625,,,Regolamento tecnico con riferimenti a trattati e quadro,preamble,ok,G3,0.6,10.0,20.0,60.0,10.0,0.0
32021D1824,,,"Cita Trattati, emenda decisione quadro",preamble,ok,G2,0.8,20.0,80.0,0.0,0.0,0.0
32021H1749,,,Comunicazione non vincolante con riferimenti a principi e regole,preamble,ok,G4,0.7,10.0,20.0,0.0,70.0,0.0
32021L0338R(01),,,Legge quadro con riferimenti a principi e dettagli,preamble,ok,G2,0.8,10.0,80.0,5.0,5.0,0.0
32021O2253,,,"Principi, regole quadro, dettagli tecnici, linee guida",preamble,ok,G2,0.4,20.0,40.0,30.0,10.0,0.0
32021R1147R(02),,,Legge quadro con riferimenti ai trattati,preamble,ok,G2,0.7,20.0,70.0,5.0,5.0,0.0
32022D0452,,,Decisione PESC che modifica mandato missione,preamble,ok,G2,0.8,20.0,80.0,0.0,0.0,0.0
32022D0498,,,Atto tecnico con riferimenti a principi e quadro,preamble,ok,G3,0.6,10.0,20.0,60.0,10.0,0.0
32022D2318,,,Decisione del Consiglio che estende mandato missione,preamble,ok,G2,0.8,20.0,80.0,0.0,0.0,0.0
32022L2561,,,Legge quadro con principi e dettagli tecnici,preamble,ok,G2,0.7,10.0,70.0,10.0,10.0,0.0
32022R0027,,,Regolamento delegato con dettagli tecnici,preamble,ok,G3,0.6,10.0,20.0,60.0,10.0,0.0
32022R0398R(01),,,Regolamento quadro con riferimenti a trattati e dettagli tecnici,preamble,ok,G2,0.7,10.0,70.0,15.0,5.0,0.0
32022R2576,,,Principi fondanti e legge quadro,preamble,ok,G2,0.8,20.0,80.0,0.0,0.0,0.0
32023D2408,,,Legge quadro con principi e dettagli operativi,preamble,ok,G2,0.6,20.0,60.0,10.0,10.0,0.0
32023D2680,,,Decisione quadro con principi e dettagli operativi,preamble,ok,G2,0.7,15.0,70.0,10.0,5.0,0.0
32023R2405R(02),,,Legge quadro con riferimenti ai trattati,preamble,ok,G2,0.8,20.0,80.0,0.0,0.0,0.0
32024D0775,,,Atto tecnico con riferimenti a principi e linee guida,preamble,ok,G3,0.8,10.0,0.0,80.0,10.0,0.0
32024D1063,,,Decisione CFSP con principi e regole operative,preamble,ok,G2,0.6,20.0,60.0,10.0,10.0,0.0
32024D1794,,,Decisione quadro con principi e dettagli operativi,preamble,ok,G2,0.6,20.0,60.0,10.0,10.0,0.0
32024D2585,,,Decisione quadro con riferimenti a trattati e procedure,preamble,ok,G2,0.6,20.0,60.0,10.0,10.0,0.0
32024D2606,,,Decisione quadro con riferimenti a trattati e dettagli tecnici,preamble,ok,G2,0.7,10.0,70.0,15.0,5.0,0.0
32024H06982,,,Decisione quadro con riferimenti a trattati e procedure operative,preamble,ok,G2,0.6,20.0,60.0,10.0,10.0,0.0
32024L0790,,,Legge quadro con riferimenti ai trattati e dettagli tecnici,preamble,ok,G2,0.7,15.0,70.0,10.0,5.0,0.0
32024R1351,,,Regolamento quadro con principi e dettagli tecnici,preamble,ok,G2,0.7,20.0,70.0,10.0,0.0,0.0
32024R1747,,,Legge quadro con riferimenti a trattati e considerazioni,preamble,ok,G2,0.7,10.0,70.0,10.0,5.0,5.0
32024R3011,,,Legge quadro con principi e dettagli tecnici,preamble,ok,G2,0.7,15.0,70.0,10.0,5.0,0.0
32025D0889,,,Legge quadro con riferimenti a principi e linee guida,preamble,ok,G2,0.6,20.0,60.0,10.0,10.0,0.0
32025D1014,,,Decisione tecnica con riferimenti a regolamenti e direttive,preamble,ok,G3,0.6,10.0,20.0,60.0,10.0,0.0
32025L0001,,,Legge quadro con principi e dettagli tecnici,preamble,ok,G2,0.7,15.0,70.0,10.0,5.0,0.0
32025R0772,,,Regolamento delegato con dettagli tecnici e riferimenti a principi,preamble,ok,G3,0.6,10.0,20.0,60.0,10.0,0.0
62002CJ0066,,,Sentenza CGUE su aiuti di Stato,title,ok,G5,0.9,10.0,0.0,0.0,0.0,90.0
62002TJ0266,,,Sentenza CGUE su aiuti di Stato,title,ok,G5,1.0,0.0,0.0,0.0,0.0,100.0
62008CJ0078,,,Sentenza CGUE con riferimenti ai trattati,title,ok,G5,0.9,10.0,0.0,0.0,0.0,90.0
62009CJ0071,,,"Sentenza CGUE pura, controllo giurisprudenziale",title,ok,G5,1.0,0.0,0.0,0.0,0.0,100.0
62011CJ0288,,,Sentenza CGUE su aiuti di Stato,title,ok,G5,0.9,10.0,0.0,0.0,0.0,90.0
62012TJ0385,,,Sentenza pura su aiuti di Stato,title,ok,G5,1.0,0.0,0.0,0.0,0.0,100.0
62014CJ0286,,,Sentenza CGUE su annullamento atto,title,ok,G5,1.0,0.0,0.0,0.0,0.0,100.0
62014TJ0463,,,Sentenza pura di controllo giurisdizionale,title,ok,G5,1.0,0.0,0.0,0.0,0.0,100.0
32004L0108,,,Direttiva quadro con principi e dettagli tecnici,preamble,ok,G2,0.7,15.0,70.0,10.0,5.0,0.0
32005D0691,,,Decisione di infrazione con riferimento ai trattati,preamble,ok,G5,0.9,10.0,0.0,0.0,0.0,90.0
32005L0044,,,Legge quadro con principi e dettagli tecnici,preamble,ok,G2,0.6,10.0,60.0,20.0,10.0,0.0
32006D1005,,,Decisione quadro con deleghe tecniche,preamble,ok,G2,0.6,10.0,60.0,20.0,10.0,0.0
32006E0418,,,Legge quadro con riferimenti ai trattati,preamble,ok,G2,0.8,20.0,80.0,0.0,0.0,0.0
32006R1998,,,Regolamento tecnico con riferimenti a principi e linee guida,preamble,ok,G3,0.5,10.0,30.0,50.0,10.0,0.0
32008D0146,,,Decisione del Consiglio che approva accordo internazionale,preamble,ok,G2,0.8,20.0,80.0,0.0,0.0,0.0
32008L0009,,,Direttiva che modifica procedure fiscali,preamble,ok,G2,0.7,10.0,70.0,15.0,5.0,0.0
32009R0544,,,Regolamento quadro con riferimenti ai trattati e dettagli tecnici,preamble,ok,G2,0.7,10.0,70.0,15.0,5.0,0.0
32009R0715,,,Legge quadro con principi e riferimenti tecnici,preamble,ok,G2,0.7,10.0,70.0,10.0,10.0,0.0
32009R1071R(03),,,Legge quadro con principi e dettagli tecnici,preamble,ok,G2,0.7,15.0,70.0,10.0,5.0,0.0
32010R0255,,,Regolamento tecnico con riferimenti a principi e quadro,preamble,ok,G3,0.6,10.0,20.0,60.0,10.0,0.0
32010R0674,,,Regolamento tecnico di modifica,preamble,ok,G3,1.0,0.0,0.0,100.0,0.0,0.0
32011D0526,,,Decisione di infrazione con dettagli procedurali,preamble,ok,G5,0.4,10.0,20.0,30.0,0.0,40.0
32011D0871,,,Decisione quadro con principi e dettagli tecnici,preamble,ok,G2,0.7,20.0,70.0,10.0,0.0,0.0
32011H0766,,,Raccomandazioni non vincolanti con riferimenti ai trattati,preamble,ok,G4,0.9,10.0,0.0,0.0,90.0,0.0
32011R0181R(01),,,Legge quadro con principi e dettagli tecnici,preamble,ok,G2,0.7,15.0,70.0,10.0,5.0,0.0
32011R1214,,,Legge quadro con principi fondanti e dettagli tecnici,preamble,ok,G2,0.7,20.0,70.0,10.0,0.0,0.0
32011R1251R(01),,,Direttiva quadro con riferimenti ai trattati e dettagli tecnici,preamble,ok,G2,0.7,10.0,70.0,20.0,0.0,0.0
32012D0392,,,Atto legislativo con principi e regole operative,preamble,ok,G2,0.6,20.0,60.0,10.0,10.0,0.0
32012D0394,,,Decisione tecnica basata su direttiva,preamble,ok,G3,0.6,10.0,20.0,60.0,10.0,0.0
32012D0477,,,Decisione su aiuti di Stato con principi e regole,preamble,ok,G2,0.6,10.0,60.0,20.0,5.0,5.0
32012D0778,,,Decisione del Consiglio su procedura deficit eccessivo,preamble,ok,G2,0.7,10.0,70.0,10.0,5.0,5.0
32013D0660,,,Decisione del Consiglio con riferimenti ai Trattati,preamble,ok,G2,0.8,20.0,80.0,0.0,0.0,0.0
32013O0025,,,Modifica tecnica con riferimenti a principi e linee guida,preamble,ok,G3,0.7,10.0,0.0,70.0,20.0,0.0
32013R0659,,,Regolamento tecnico con riferimenti a principi e quadro,preamble,ok,G3,0.6,10.0,20.0,60.0,10.0,0.0
32013R1075R(01),,,Regolamento tecnico con riferimenti a principi e quadro,preamble,ok,G3,0.6,10.0,20.0,60.0,10.0,0.0
32014D0335,,,Decisione legislativa con principi e regole quadro,preamble,ok,G2,0.7,20.0,70.0,5.0,5.0,0.0
32014D0918,,,Regolamento di esecuzione tecnico-operativo,preamble,ok,G3,1.0,0.0,0.0,100.0,0.0,0.0
32014R0517,,,Legge quadro con principi e dettagli tecnici,preamble,ok,G2,0.7,15.0,70.0,10.0,5.0,0.0
32014R1163R(02),,,Regolamento tecnico con riferimenti a principi e linee guida,preamble,ok,G3,0.6,10.0,20.0,60.0,10.0,0.0
32015L0652,,,Legge quadro con dettagli tecnici e riferimenti ai trattati,preamble,ok,G2,0.6,10.0,60.0,30.0,0.0,0.0
32015R0377R(01),,,Regolamento tecnico per moduli di pagamento,preamble,ok,G3,0.9,10.0,0.0,90.0,0.0,0.0
32015R0995,,,Atto tecnico con riferimenti a principi e linee guida,preamble,ok,G3,0.6,10.0,20.0,60.0,10.0,0.0
32016D0419,,,"Riferimenti a trattati e regolamenti quadro, dettagli tecnici prevalenti",preamble,ok,G3,0.8,10.0,0.0,80.0,10.0,0.0
32017D0046,,,"Principi generali, regole quadro, dettagli tecnici, linee guida",preamble,ok,G2,0.6,10.0,60.0,20.0,10.0,0.0
32017R0920,,,Legge quadro con riferimenti a principi e dettagli tecnici,preamble,ok,G2,0.7,10.0,70.0,10.0,10.0,0.0
32017R1938R(01),,,Regolamento quadro con principi e dettagli tecnici,preamble,ok,G2,0.7,15.0,70.0,10.0,5.0,0.0
32017R2094R(01),,,Regolamento quadro con principi e dettagli tecnici,preamble,ok,G2,0.6,10.0,60.0,20.0,10.0,0.0
32018D1040,,,Decisione di infrazione con riferimenti ai trattati,preamble,ok,G5,0.7,10.0,20.0,0.0,0.0,70.0
32018R1092,,,Legge quadro con principi e dettagli tecnici,preamble,ok,G2,0.7,15.0,70.0,10.0,5.0,0.0
32019D2167,,,Decisione tecnica basata su regolamenti esistenti,preamble,ok,G3,0.8,10.0,0.0,80.0,10.0,0.0
32019H0534,,,Raccomandazioni non vincolanti con riferimenti ai trattati,preamble,ok,G4,0.9,10.0,0.0,0.0,90.0,0.0
32019L2162,,,Legge quadro con riferimenti a principi e dettagli tecnici,preamble,ok,G2,0.7,10.0,70.0,15.0,5.0,0.0
32020D1631,,,Regolamento tecnico con riferimenti a principi e linee guida,preamble,ok,G3,0.5,10.0,30.0,50.0,10.0,0.0
32021D1815,,,"Cita trattati, stabilisce regole, dettagli tecnici, linee guida, sanzioni.",preamble,ok,G3,0.4,10.0,30.0,40.0,10.0,10.0
32021O0827,,,Modifica tecnica di linee guida con riferimenti a trattati,preamble,ok,G3,0.7,10.0,0.0,70.0,20.0,0.0
32021O0834,,,Linea guida con dettagli tecnici e riferimenti normativi,preamble,ok,G3,0.6,10.0,20.0,60.0,10.0,0.0
32021R0235,,,Modifica regolamenti tecnici per armonizzazione,preamble,ok,G3,0.7,10.0,20.0,70.0,0.0,0.0
32021R0369,,,Regolamento tecnico per interconnessione registri,preamble,ok,G3,0.9,10.0,0.0,90.0,0.0,0.0
32021R1416,,,Regolamento delegato con dettagli tecnici e riferimenti a trattati,preamble,ok,G3,0.6,10.0,20.0,60.0,10.0,0.0
32021R2139R(01),,,Atto delegato con dettagli tecnici,preamble,ok,G3,0.7,10.0,20.0,70.0,0.0,0.0
32021R2178,,,Regolamento delegato con dettagli tecnici e riferimenti a principi,preamble,ok,G3,0.6,10.0,20.0,60.0,10.0,0.0
32022D0335,,,Principi fondanti e regole operative,preamble,ok,G2,0.8,20.0,80.0,0.0,0.0,0.0
32022D0382R(02),,,Direttiva quadro con riferimenti ai Trattati,preamble,ok,G2,0.7,20.0,70.0,5.0,5.0,0.0
32022D0735,,,"Decisione del Consiglio su nomina, quadro operativo",preamble,ok,G2,0.8,10.0,80.0,5.0,5.0,0.0
32022D1108,,,"Atto tecnico basato su deleghe, con riferimenti a principi e linee guida.",preamble,ok,G3,0.8,10.0,0.0,80.0,10.0,0.0
32022D2356,,,Decisione quadro con riferimenti a trattati e allegati tecnici,preamble,ok,G2,0.7,10.0,70.0,10.0,10.0,0.0
32022R0185,,,Correzione errori tecnici in allegati,preamble,ok,G3,1.0,0.0,0.0,100.0,0.0,0.0
32022R0631,,,Regolamento di esecuzione con riferimenti ai trattati,preamble,ok,G3,0.8,10.0,0.0,80.0,10.0,0.0
32022R1031,,,Legge quadro con riferimenti ai trattati,preamble,ok,G2,0.8,20.0,80.0,0.0,0.0,0.0
32023D2677,,,Decisione CFSP con base giuridica e estensione finanziaria,preamble,ok,G2,0.7,10.0,70.0,10.0,5.0,5.0
32023D2692,,,Decisione del Consiglio con riferimenti ai Trattati e allegati tecnici,preamble,ok,G2,0.7,10.0,70.0,20.0,0.0,0.0
32023R0066,,,Atto tecnico con riferimenti a principi e linee guida,preamble,ok,G3,0.8,10.0,0.0,80.0,10.0,0.0
32023R1070,,,Atto tecnico con riferimenti a principi e linee guida,preamble,ok,G3,0.8,10.0,0.0,80.0,10.0,0.0
32023R1219,,,Regolamento delegato con dettagli tecnici e riferimenti a principi,preamble,ok,G3,0.6,10.0,20.0,60.0,10.0,0.0
32023R2859,,,Legge quadro con principi e dettagli tecnici,preamble,ok,G2,0.7,15.0,70.0,10.0,5.0,0.0
32024D0340,,,Regolamento tecnico con riferimenti a principi e quadro,preamble,ok,G3,0.6,10.0,20.0,60.0,10.0,0.0
32024D1864,,,Decisione CFSP con principi e regole operative,preamble,ok,G2,0.8,20.0,80.0,0.0,0.0,0.0
32024D2418,,,Decisione di infrazione con riferimenti ai trattati,preamble,ok,G5,0.7,10.0,20.0,0.0,0.0,70.0
32024D2860,,,Decisione di infrazione con riferimento ai trattati,preamble,ok,G5,0.9,10.0,0.0,0.0,0.0,90.0
32024D3155,,,Decisione PSC su mandato missione,preamble,ok,G2,0.7,10.0,70.0,10.0,10.0,0.0
32024L1785,,,Legge quadro con riferimenti a principi fondanti,preamble,ok,G2,0.7,20.0,70.0,5.0,5.0,0.0
32024R0911R(01),,,Regolamento tecnico basato su direttiva,preamble,ok,G3,0.8,10.0,0.0,80.0,10.0,0.0
32024R2982,,,Atto tecnico con riferimenti a principi e quadro,preamble,ok,G3,0.6,10.0,20.0,60.0,10.0,0.0
32025D0319,,,Decisione PSC basata su trattati e quadro CFSP,preamble,ok,G2,0.7,10.0,70.0,20.0,0.0,0.0
32025D0876,,,Atto tecnico con riferimenti a principi e linee guida,preamble,ok,G3,0.8,10.0,0.0,80.0,10.0,0.0
62007CJ0334,,,Sentenza CGUE su aiuti di Stato,title,ok,G5,0.8,10.0,10.0,0.0,0.0,80.0
62010CJ0417,,,Sentenza CGUE con principi e applicazione,title,ok,G5,0.8,20.0,0.0,0.0,0.0,80.0
32004D0838,,,Decisione di infrazione con riferimento ai Trattati,preamble,ok,G5,0.9,10.0,0.0,0.0,0.0,90.0
32005L0060,,,Legge quadro con principi e dettagli tecnici,preamble,ok,G2,0.7,15.0,70.0,10.0,5.0,0.0
32006L0095,,,Direttiva quadro con principi e dettagli tecnici,preamble,ok,G2,0.7,10.0,70.0,15.0,5.0,0.0
32007D0374,,,Decisione di infrazione con riferimento ai Trattati,preamble,ok,G5,0.9,10.0,0.0,0.0,0.0,90.0
32007L0065,,,Direttiva quadro con principi e dettagli tecnici,preamble,ok,G2,0.7,10.0,70.0,15.0,5.0,0.0
32007R0717,,,Legge quadro con principi e dettagli tecnici,preamble,ok,G2,0.7,10.0,70.0,10.0,10.0,0.0
32008D0217,,,Decisione tecnica con allegati operativi,preamble,ok,G3,0.6,10.0,20.0,60.0,10.0,0.0
32008D0477R(01),,,Legge quadro con principi e dettagli tecnici,preamble,ok,G2,0.6,10.0,60.0,20.0,10.0,0.0
32008L0020,,,Legge quadro con riferimenti ai trattati e procedure tecniche.,preamble,ok,G2,0.7,20.0,70.0,10.0,0.0,0.0
32008R0673,,,Atto tecnico con riferimenti a trattati e linee guida,preamble,ok,G3,0.8,10.0,0.0,80.0,10.0,0.0
32009D0613,,,Decisione di infrazione con riferimento ai trattati,preamble,ok,G5,0.9,10.0,0.0,0.0,0.0,90.0
32009L0073,,,Direttiva con principi e regole quadro,preamble,ok,G2,0.7,20.0,70.0,5.0,5.0,0.0
32009R0406,,,Atto di esecuzione tecnica con riferimenti a trattati,preamble,ok,G3,0.8,10.0,0.0,80.0,10.0,0.0
32009R0924,,,Regolamento quadro con principi e dettagli tecnici,preamble,ok,G2,0.7,10.0,70.0,15.0,5.0,0.0
32009R1211,,,Direttiva quadro con riferimenti ai trattati,preamble,ok,G2,0.7,10.0,70.0,10.0,5.0,5.0
32010D0462,,,Regolamento di esecuzione con dettagli tecnici,preamble,ok,G3,0.6,10.0,20.0,60.0,10.0,0.0
32010R0273,,,Regolamento tecnico con riferimenti a principi e quadro,preamble,ok,G3,0.6,10.0,20.0,60.0,10.0,0.0
32011R1232,,,Legge quadro con riferimenti a trattati e linee guida,preamble,ok,G2,0.7,10.0,70.0,10.0,10.0,0.0
32012D0321,,,Sentenza annulla decisione precedente,preamble,ok,G5,0.9,10.0,0.0,0.0,0.0,90.0
32012R0966,,,Regolamento quadro con riferimenti ai trattati,preamble,ok,G2,0.8,10.0,80.0,10.0,0.0,0.0
32012R1247,,,Regolamento tecnico con riferimenti a principi e quadro,preamble,ok,G3,0.6,10.0,20.0,60.0,10.0,0.0
32013D0246,,,Decisione di infrazione con riferimenti ai trattati,preamble,ok,G5,0.7,10.0,20.0,0.0,0.0,70.0
32013L0011R(01),,,Legge quadro con riferimenti ai trattati,preamble,ok,G2,0.8,20.0,80.0,0.0,0.0,0.0
32013R0347,,,Legge quadro con riferimenti ai trattati e dettagli tecnici,preamble,ok,G2,0.7,15.0,70.0,10.0,5.0,0.0
32013R0391,,,Regolamento tecnico con riferimenti a principi e linee guida,preamble,ok,G3,0.6,10.0,20.0,60.0,10.0,0.0
32013R1316,,,Regolamento quadro con principi e dettagli tecnici,preamble,ok,G2,0.7,15.0,70.0,10.0,5.0,0.0
32014D0247,,,Atto tecnico basato su regolamento quadro,preamble,ok,G3,0.8,10.0,0.0,80.0,10.0,0.0
32014D0496,,,Principi di sicurezza e quadro operativo,preamble,ok,G2,0.6,20.0,60.0,10.0,10.0,0.0
32014D0915,,,Decisione quadro con riferimenti ai Trattati,preamble,ok,G2,0.8,20.0,80.0,0.0,0.0,0.0
32014L0030R(02),,,Legge quadro con riferimenti a principi e dettagli tecnici,preamble,ok,G2,0.7,10.0,70.0,15.0,5.0,0.0
32014L0055,,,Legge quadro con principi e dettagli tecnici,preamble,ok,G2,0.7,10.0,70.0,15.0,5.0,0.0
32014R0240,,,Regolamento delegato con principi e linee guida,preamble,ok,G3,0.4,10.0,20.0,40.0,30.0,0.0
32014R0516,,,Principi e quadro legislativo con dettagli tecnici,preamble,ok,G2,0.7,20.0,70.0,10.0,0.0,0.0
32014R0870,,,Regolamento tecnico con riferimenti a principi e linee guida,preamble,ok,G3,0.5,10.0,20.0,50.0,20.0,0.0
32014R1318,,,Regolamento tecnico con riferimenti a principi e quadro,preamble,ok,G3,0.6,10.0,20.0,60.0,10.0,0.0
32014R1379,,,Atto tecnico con riferimenti a trattati e procedure,preamble,ok,G3,0.8,10.0,0.0,80.0,10.0,0.0
32015D0007,,,Regolamento tecnico con riferimenti a leggi quadro,preamble,ok,G3,0.6,10.0,20.0,60.0,10.0,0.0
32015D1470,,,Decisione di infrazione basata su trattati,preamble,ok,G5,0.9,10.0,0.0,0.0,0.0,90.0
32015L1535,,,Legge quadro con principi e dettagli tecnici,preamble,ok,G2,0.6,20.0,60.0,10.0,10.0,0.0
32015R0703,,,Atto tecnico con riferimenti a principi e quadro,preamble,ok,G3,0.6,10.0,20.0,60.0,10.0,0.0
32015R0962,,,Regolamento tecnico con riferimenti a principi e quadro,preamble,ok,G3,0.6,10.0,20.0,60.0,10.0,0.0
32015R0983R(01),,,Implementazione tecnica con riferimenti ai trattati,preamble,ok,G3,0.8,10.0,0.0,80.0,10.0,0.0
32015R2340,,,"Riferimenti a trattati e direttive, regole operative e dettagli tecnici",preamble,ok,G2,0.6,10.0,60.0,30.0,0.0,0.0
32016D0420,,,Atto tecnico con riferimenti a principi e quadro,preamble,ok,G3,0.6,10.0,20.0,60.0,10.0,0.0
32016D1195,,,Decisione di infrazione con riferimenti a trattati e direttive,preamble,ok,G5,0.7,10.0,20.0,0.0,0.0,70.0
32016D1373,,,Regolamento di esecuzione tecnica con riferimenti ai trattati,preamble,ok,G3,0.8,10.0,0.0,80.0,10.0,0.0
32016D1841,,,Decisione quadro con riferimenti ai trattati,preamble,ok,G2,0.8,20.0,80.0,0.0,0.0,0.0
32016D2395,,,Decisione di infrazione con riferimenti ai trattati,preamble,ok,G5,0.7,10.0,20.0,0.0,0.0,70.0
32016R0796R(01),,,Legge quadro con riferimenti a principi e dettagli tecnici,preamble,ok,G2,0.7,15.0,70.0,10.0,5.0,0.0
32016R2137R(01),,,Regolamento che attua decisioni CFSP con principi e dettagli tecnici,preamble,ok,G2,0.7,10.0,70.0,20.0,0.0,0.0
32017D0553,,,Atto tecnico con riferimenti a regolamenti quadro,preamble,ok,G3,0.6,10.0,20.0,60.0,10.0,0.0
32017R0567R(02),,,Specifica tecnica derivante da regolamento quadro,preamble,ok,G3,0.8,10.0,0.0,80.0,10.0,0.0
32017R0849,,,Adatta allegati tecnici a soglie statistiche,preamble,ok,G3,0.8,10.0,0.0,80.0,10.0,0.0
32017R1128R(02),,,Legge quadro con principi e dettagli tecnici,preamble,ok,G2,0.7,15.0,70.0,10.0,5.0,0.0
32018O0016R(01),,,Regolamento tecnico con riferimenti a trattati e linee guida,preamble,ok,G3,0.5,10.0,30.0,50.0,10.0,0.0
32018R1805R(01),,,Legge quadro con principi fondanti e dettagli tecnici,preamble,ok,G2,0.7,20.0,70.0,5.0,5.0,0.0
32019D0903,,,Regolamento tecnico con riferimenti a principi e quadro,preamble,ok,G3,0.6,10.0,20.0,60.0,10.0,0.0
32019R0817,,,Legge quadro con riferimenti ai trattati,preamble,ok,G2,0.8,10.0,80.0,5.0,5.0,0.0
32019R1122,,,Regolamento tecnico con riferimenti a principi e quadro,preamble,ok,G3,0.7,10.0,20.0,70.0,0.0,0.0
32019R1143R(01),,,Atto tecnico con riferimenti a principi e linee guida,preamble,ok,G3,0.8,10.0,0.0,80.0,10.0,0.0
32019R1242R(01),,,Legge quadro con principi e dettagli tecnici,preamble,ok,G2,0.7,15.0,70.0,10.0,5.0,0.0
32020O1690,,,Atto tecnico con riferimenti a principi e linee guida,preamble,ok,G3,0.6,10.0,20.0,60.0,10.0,0.0
32020R1749,,,"Aggiornamento tecnico di allegati, riferimenti a trattati e linee guida.",preamble,ok,G3,0.8,10.0,0.0,80.0,10.0,0.0
32021D1094,,,Legge quadro con riferimenti a principi e linee guida,preamble,ok,G2,0.7,20.0,70.0,0.0,10.0,0.0
32021D1757,,,Decisione di infrazione con procedure e allegati tecnici,preamble,ok,G5,0.4,10.0,20.0,30.0,0.0,40.0
32021D1765R(01),,,Decisione del Consiglio su comitato specializzato,preamble,ok,G2,0.8,10.0,80.0,10.0,0.0,0.0
32021R0557,,,Legge quadro con riferimenti a principi e dettagli,preamble,ok,G2,0.7,10.0,70.0,10.0,10.0,0.0
32021R0794,,,"Riferimento a trattato, attuazione tecnica",preamble,ok,G3,0.9,10.0,0.0,90.0,0.0,0.0
32022D0322,,,Legge quadro con riferimenti ai trattati e dettagli tecnici,preamble,ok,G2,0.7,10.0,70.0,20.0,0.0,0.0
32022D1921,,,"Cita trattati, stabilisce regole, dettagli tecnici, linee guida, sanzioni",preamble,ok,G3,0.4,10.0,30.0,40.0,10.0,10.0
32022D1979,,,Regolamento tecnico con riferimenti a principi e linee guida,preamble,ok,G3,0.6,10.0,20.0,60.0,10.0,0.0
32022D2355,,,Atto legislativo con principi e regole operative,preamble,ok,G2,0.6,20.0,60.0,10.0,10.0,0.0
32022O0987R(02),,,Linea guida BCE con principi e dettagli tecnici,preamble,ok,G2,0.6,10.0,60.0,20.0,10.0,0.0
32022R0858,,,Legge quadro con principi e dettagli tecnici,preamble,ok,G2,0.7,10.0,70.0,15.0,5.0,0.0
32022R2060,,,Regolamento tecnico con riferimenti a trattati,preamble,ok,G3,0.8,10.0,0.0,80.0,10.0,0.0
32023D0274,,,Decisione del Consiglio con riferimenti ai Trattati e procedure operative,preamble,ok,G2,0.6,20.0,60.0,10.0,10.0,0.0
32023D0509,,,Legge quadro con riferimenti a principi e dettagli,preamble,ok,G2,0.6,20.0,60.0,10.0,10.0,0.0
32023D1160,,,Decisione tecnica con riferimenti a trattati e regolamenti,preamble,ok,G4,0.4,10.0,20.0,30.0,40.0,0.0
32023D1600,,,Decisione CFSP che estende mandato missione,preamble,ok,G2,0.8,10.0,80.0,5.0,5.0,0.0
32023D1602,,,Regolamento tecnico con riferimenti a trattati e linee guida,preamble,ok,G3,0.8,10.0,0.0,80.0,10.0,0.0
32023D2539,,,Principi e regole quadro con riferimenti tecnici,preamble,ok,G2,0.6,20.0,60.0,10.0,10.0,0.0
32023D2825,,,Regolamento delegato con dettagli tecnici e riferimenti a trattati,preamble,ok,G3,0.6,10.0,20.0,60.0,10.0,0.0
32023L2225R(01),,,Legge quadro con riferimenti ai trattati,preamble,ok,G2,0.8,10.0,80.0,5.0,5.0,0.0
32023L2226,,,Direttiva legislativa con principi e dettagli,preamble,ok,G2,0.8,10.0,80.0,5.0,5.0,0.0
32023R0857,,,Legislazione quadro con riferimenti ai trattati,preamble,ok,G2,0.7,15.0,70.0,10.0,5.0,0.0
32023R2510,,,Regolamento tecnico per adeguamento soglie,preamble,ok,G3,0.7,10.0,20.0,70.0,0.0,0.0
32024D01459,,,Principi e quadro legislativo con riferimenti tecnici,preamble,ok,G2,0.6,20.0,60.0,10.0,10.0,0.0
32024R1106,,,Legge quadro con principi e dettagli tecnici,preamble,ok,G2,0.7,10.0,70.0,15.0,5.0,0.0
32024R1307,,,Legge quadro con riferimenti a principi e dettagli,preamble,ok,G2,0.8,10.0,80.0,5.0,5.0,0.0
32024R2809,,,Legge quadro con principi fondanti e dettagli tecnici,preamble,ok,G2,0.7,15.0,70.0,10.0,5.0,0.0
32025R0205,,,Regolamento quadro con riferimenti a trattati e dettagli tecnici,preamble,ok,G2,0.7,10.0,70.0,15.0,5.0,0.0
62006CJ0206,,,Sentenza CGUE con riferimenti ai trattati,title,ok,G5,0.9,10.0,0.0,0.0,0.0,90.0
62008CJ0399,,,Sentenza CGUE su aiuti di Stato,title,ok,G5,0.9,10.0,0.0,0.0,0.0,90.0
62008TJ0568,,,Sentenza giudiziaria con principi di diritto,title,ok,G5,0.9,10.0,0.0,0.0,0.0,90.0
62011CJ0369,,,Sentenza CGUE su infrazione e interpretazione,title,ok,G5,0.7,10.0,20.0,0.0,0.0,70.0
62014CJ0015,,,Sentenza CGUE su aiuti di Stato,title,ok,G5,0.9,10.0,0.0,0.0,0.0,90.0
62017CJ0091,,,Sentenza CGUE su aiuti di Stato,title,ok,G5,0.9,10.0,0.0,0.0,0.0,90.0
32004D0677,,,Legge quadro con principi e dettagli tecnici,preamble,ok,G2,0.7,10.0,70.0,20.0,0.0,0.0
32005D0449,,,Decisione tecnica basata su direttiva,preamble,ok,G3,0.6,10.0,20.0,60.0,10.0,0.0
32005D0468,,,Decisione di infrazione con riferimento ai Trattati,preamble,ok,G5,0.9,10.0,0.0,0.0,0.0,90.0
32005R1161,,,Legge quadro con riferimenti ai trattati e dettagli tecnici,preamble,ok,G2,0.7,10.0,70.0,20.0,0.0,0.0
32005R1957,,,"Modifica tecnica di allegato, basata su trattato",preamble,ok,G3,0.9,10.0,0.0,90.0,0.0,0.0
32006D0325,,,Decisione del Consiglio con base giuridica nei Trattati,preamble,ok,G2,0.8,20.0,80.0,0.0,0.0,0.0
32006L0046,,,Legge quadro con principi e dettagli tecnici,preamble,ok,G2,0.7,15.0,70.0,10.0,5.0,0.0
32006L0070,,,Regolamento tecnico con riferimenti a principi e linee guida,preamble,ok,G3,0.6,10.0,20.0,60.0,10.0,0.0
32006R1083,,,Legge quadro con principi fondanti e dettagli tecnici,preamble,ok,G2,0.7,20.0,70.0,5.0,5.0,0.0
32007D0643,,,Decisione del Consiglio con riferimenti a trattati e regole tecniche,preamble,ok,G2,0.7,10.0,70.0,10.0,10.0,0.0
32007H0879,,,Raccomandazione con riferimenti a principi e quadro,preamble,ok,G4,0.7,10.0,20.0,0.0,70.0,0.0
32007L0046,,,Legge quadro con principi e dettagli tecnici,preamble,ok,G2,0.7,15.0,70.0,10.0,5.0,0.0
32007R0787,,,Regolamento tecnico per aggiornare lista vettori,preamble,ok,G3,0.7,10.0,20.0,70.0,0.0,0.0
32008D0137,,,Decisione di infrazione con elementi procedurali e tecnici,preamble,ok,G3,0.3,10.0,20.0,30.0,20.0,20.0
32008D0194,,,Decisione quadro con riferimenti ai Trattati,preamble,ok,G2,0.8,20.0,80.0,0.0,0.0,0.0
32008D0232,,,Decisione tecnica con allegati operativi,preamble,ok,G3,0.6,10.0,20.0,60.0,10.0,0.0
32008D0284,,,Decisione tecnica con riferimenti a principi e quadro,preamble,ok,G3,0.6,10.0,20.0,60.0,10.0,0.0
32008E0124,,,"Riferimento a Trattati e principi, ma atto legislativo quadro",preamble,ok,G2,0.6,30.0,60.0,0.0,10.0,0.0
32008E0736,,,Principi e decisioni operative quadro,preamble,ok,G2,0.6,30.0,60.0,0.0,10.0,0.0
32008R1008R(02),,,Regolamento quadro con principi e dettagli tecnici,preamble,ok,G2,0.7,10.0,70.0,15.0,5.0,0.0
32009D0316,,,Principi e quadro legislativo con dettagli tecnici,preamble,ok,G2,0.6,20.0,60.0,10.0,10.0,0.0
32009D0406R(01),,,Legge quadro con principi e dettagli tecnici,preamble,ok,G2,0.6,20.0,60.0,10.0,10.0,0.0
32009R0290,,,Regolamento tecnico con riferimenti a principi e linee guida,preamble,ok,G3,0.8,10.0,0.0,80.0,10.0,0.0
32010D0137,,,Decisione di infrazione con riferimento ai Trattati,preamble,ok,G5,0.9,10.0,0.0,0.0,0.0,90.0
32010D0237,,,Atto tecnico di modifica decisionale,preamble,ok,G3,0.9,10.0,0.0,90.0,0.0,0.0
32010D0452R(01),,,Estensione missione con riferimenti ai trattati,preamble,ok,G2,0.6,20.0,60.0,10.0,10.0,0.0
32010R0691,,,Atto di esecuzione tecnica con riferimenti a principi,preamble,ok,G3,0.5,10.0,30.0,50.0,10.0,0.0
32010R1031,,,"Cita trattati e direttive, stabilisce regole operative e dettagli tecnici.",preamble,ok,G2,0.6,10.0,60.0,20.0,10.0,0.0
32010R1089R(02),,,Regolamento tecnico con riferimenti a principi e linee guida,preamble,ok,G3,0.6,10.0,20.0,60.0,10.0,0.0
32010R1095,,,Legge quadro con riferimenti ai trattati,preamble,ok,G2,0.8,10.0,80.0,5.0,5.0,0.0
32010R1213,,,Regolamento di esecuzione tecnica con riferimenti a principi,preamble,ok,G3,0.8,10.0,0.0,80.0,10.0,0.0
32011D0229,,,Atto tecnico con riferimenti a principi e linee guida,preamble,ok,G3,0.6,10.0,20.0,60.0,10.0,0.0
32011D1104,,,Legge quadro con riferimenti a trattati e allegati tecnici,preamble,ok,G2,0.7,15.0,70.0,10.0,5.0,0.0
32011R0101R(02),,,Regolamento quadro con principi e dettagli tecnici,preamble,ok,G2,0.7,15.0,70.0,10.0,5.0,0.0
32011R0452,,,Regolamento tecnico con riferimenti a principi e quadro,preamble,ok,G3,0.6,10.0,20.0,60.0,10.0,0.0
32012D0365,,,Decisione di infrazione con riferimento ai trattati,preamble,ok,G5,0.9,10.0,0.0,0.0,0.0,90.0
32012D0699,,,Cita trattati e stabilisce misure operative,preamble,ok,G2,0.8,20.0,80.0,0.0,0.0,0.0
32012D0711,,,Principi e quadro legislativo con riferimenti tecnici,preamble,ok,G2,0.6,20.0,60.0,10.0,10.0,0.0
32012R1268,,,Regolamento di esecuzione tecnico-operativo,preamble,ok,G3,0.9,10.0,0.0,90.0,0.0,0.0
32013D0367,,,Decisione del Consiglio con riferimenti ai Trattati,preamble,ok,G2,0.8,20.0,80.0,0.0,0.0,0.0
32013R0755,,,Regolamento di esecuzione tecnico-operativo,preamble,ok,G3,0.9,10.0,0.0,90.0,0.0,0.0
32013R1264,,,Regolamento tecnico con riferimenti a principi e quadro,preamble,ok,G3,0.6,10.0,20.0,60.0,10.0,0.0
32014D0207,,,Implementazione tecnica con riferimenti a principi e quadro,preamble,ok,G3,0.6,10.0,20.0,60.0,10.0,0.0
32014D0486,,,Decisione quadro con riferimenti ai Trattati,preamble,ok,G2,0.8,10.0,80.0,5.0,5.0,0.0
32014D0880,,,Decisione tecnica basata su direttiva,preamble,ok,G3,0.6,10.0,20.0,60.0,10.0,0.0
32014H0897R(01),,,Atto non vincolante con raccomandazioni interpretative,preamble,ok,G4,0.9,10.0,0.0,0.0,90.0,0.0
32014L0018,,,"Direttiva che modifica, basata su trattati e quadro.",preamble,ok,G2,0.7,10.0,70.0,10.0,10.0,0.0
32014L0042,,,Legge quadro con principi fondanti e dettagli tecnici,preamble,ok,G2,0.7,20.0,70.0,5.0,5.0,0.0
32014R0230,,,Regolamento quadro con principi e dettagli tecnici,preamble,ok,G2,0.7,20.0,70.0,5.0,5.0,0.0
32014R0431,,,Regolamento di esecuzione con allegati tecnici,preamble,ok,G3,0.9,10.0,0.0,90.0,0.0,0.0
32014R0702R(01),,,Regolamento tecnico con riferimenti a principi e quadro,preamble,ok,G3,0.6,10.0,20.0,60.0,10.0,0.0
32014R0939,,,Regolamento tecnico per certificati,preamble,ok,G3,0.9,10.0,0.0,90.0,0.0,0.0
32015D2275,,,Decisione del Consiglio con riferimenti ai Trattati,preamble,ok,G2,0.8,10.0,80.0,5.0,5.0,0.0
32015L0413,,,Direttiva con principi e regole operative,preamble,ok,G2,0.7,15.0,70.0,10.0,5.0,0.0
32015R0516,,,Regolamento delegato con dettagli tecnici e riferimenti ai trattati.,preamble,ok,G3,0.8,10.0,0.0,80.0,10.0,0.0
32015R0755,,,Legge quadro con principi e dettagli tecnici,preamble,ok,G2,0.6,20.0,60.0,10.0,10.0,0.0
32015R0757R(01),,,Legge quadro con riferimenti ai trattati,preamble,ok,G2,0.8,10.0,80.0,5.0,5.0,0.0
32016R0089,,,Atto delegato tecnico con riferimenti a principi e quadro,preamble,ok,G3,0.7,10.0,20.0,70.0,0.0,0.0
32016R0919,,,Regolamento tecnico basato su direttiva e raccomandazione,preamble,ok,G3,0.6,10.0,20.0,60.0,10.0,0.0
32016R1006,,,Riferimenti a trattati e aggiornamenti tecnici,preamble,ok,G3,0.8,10.0,0.0,80.0,10.0,0.0
32016R1388R(03),,,Regolamento tecnico con riferimenti a principi e linee guida,preamble,ok,G3,0.6,10.0,20.0,60.0,10.0,0.0
32016R1450,,,Regolamento tecnico con riferimenti a principi e linee guida,preamble,ok,G3,0.6,10.0,20.0,60.0,10.0,0.0
32017D2372,,,Decisione di infrazione con procedure dettagliate,preamble,ok,G3,0.3,10.0,20.0,30.0,20.0,20.0
32017R0459R(02),,,"Atto tecnico basato su delega, con principi di riferimento.",preamble,ok,G3,0.8,10.0,0.0,80.0,10.0,0.0
32018D0934,,,Decisione del Consiglio su applicazione Schengen,preamble,ok,G2,0.7,10.0,70.0,10.0,5.0,5.0
32018D1082,,,Decisione quadro con riferimenti ai Trattati,preamble,ok,G2,0.8,10.0,80.0,5.0,5.0,0.0
32018L1673,,,Direttiva quadro con principi e dettagli tecnici,preamble,ok,G2,0.7,20.0,70.0,5.0,5.0,0.0
32018R0643,,,Legge quadro con riferimenti a principi e dettagli tecnici,preamble,ok,G2,0.7,10.0,70.0,10.0,5.0,5.0
32018R1048R(01),,,Regolamento di esecuzione con dettagli tecnici,preamble,ok,G3,0.6,10.0,20.0,60.0,10.0,0.0
32018R1229R(01),,,Regolamento tecnico con riferimenti a principi e linee guida,preamble,ok,G3,0.6,10.0,20.0,60.0,10.0,0.0
32018R1541R(01),,,Legge quadro con riferimenti a principi e dettagli,preamble,ok,G2,0.7,10.0,70.0,10.0,10.0,0.0
32018R1672R(02),,,Legge quadro con principi fondanti e dettagli tecnici,preamble,ok,G2,0.7,15.0,70.0,10.0,5.0,0.0
32018R2000,,,Legge quadro con principi e dettagli tecnici,preamble,ok,G2,0.7,10.0,70.0,15.0,5.0,0.0
32019R0072,,,Regolamento di esecuzione con dettagli procedurali,preamble,ok,G3,0.6,10.0,20.0,60.0,10.0,0.0
32019R0317,,,Regolamento delegato con dettagli tecnici e riferimenti a principi,preamble,ok,G3,0.5,10.0,30.0,50.0,10.0,0.0
32019R0779R(02),,,Regolamento tecnico con riferimenti a principi e linee guida,preamble,ok,G3,0.6,10.0,20.0,60.0,10.0,0.0
32019R1157,,,Legge quadro con riferimenti a principi e dettagli tecnici,preamble,ok,G2,0.7,20.0,70.0,10.0,0.0,0.0
32019R1239,,,Legge quadro con principi e dettagli tecnici,preamble,ok,G2,0.7,15.0,70.0,10.0,5.0,0.0
32019R2144R(04),,,Regolamento quadro con riferimenti ai trattati e allegati tecnici,preamble,ok,G2,0.7,10.0,70.0,15.0,5.0,0.0
32019R2243R(01),,,Regolamento tecnico con riferimenti a principi e linee guida,preamble,ok,G3,0.6,10.0,20.0,60.0,10.0,0.0
32020R0021,,,Regolamento di esecuzione tecnico-operativo,preamble,ok,G3,0.9,10.0,0.0,90.0,0.0,0.0
32021D1200,,,Decisione del Consiglio su nomina e mandato,preamble,ok,G2,0.7,10.0,70.0,10.0,10.0,0.0
32021D1885,,,Decisione di infrazione con riferimenti procedurali,preamble,ok,G5,0.4,10.0,20.0,30.0,0.0,40.0
32021D1923,,,Decisione quadro con riferimenti ai trattati e dettagli tecnici,preamble,ok,G2,0.7,10.0,70.0,15.0,5.0,0.0
32021L1159,,,Direttiva con principi e dettagli tecnici,preamble,ok,G2,0.7,10.0,70.0,10.0,10.0,0.0
32021R0116,,,Regolamento tecnico con riferimenti a principi e quadro,preamble,ok,G3,0.5,10.0,30.0,50.0,10.0,0.0
32021R0607,,,Regolamento tecnico con riferimenti a trattati e procedure,preamble,ok,G3,0.6,10.0,20.0,60.0,10.0,0.0
32021R0783,,,Legge quadro con riferimenti ai trattati e dettagli tecnici,preamble,ok,G2,0.7,15.0,70.0,10.0,5.0,0.0
32021R0965,,,Regolamento tecnico con riferimenti a principi e linee guida,preamble,ok,G3,0.6,10.0,20.0,60.0,10.0,0.0
32021R1119,,,Legge quadro con principi fondanti e dettagli tecnici,preamble,ok,G2,0.7,20.0,70.0,5.0,5.0,0.0
32021R1350,,,Regolamento tecnico con riferimenti ai trattati,preamble,ok,G3,0.8,10.0,0.0,80.0,10.0,0.0
32021R2085,,,Regolamento quadro con riferimenti ai Trattati,preamble,ok,G2,0.7,20.0,70.0,5.0,5.0,0.0
32022D0060R(01),,,Decisione del Consiglio con principi e dettagli operativi,preamble,ok,G2,0.7,10.0,70.0,10.0,10.0,0.0
32022D0327R(01),,,Decisione del Consiglio con base nei Trattati,preamble,ok,G2,0.8,20.0,80.0,0.0,0.0,0.0
32022D2324,,,Atto tecnico con riferimenti a principi e linee guida,preamble,ok,G3,0.6,10.0,20.0,60.0,10.0,0.0
32022D2481,,,Legge quadro con principi fondanti e dettagli tecnici,preamble,ok,G2,0.7,20.0,70.0,5.0,5.0,0.0
32022R0991,,,Legge quadro con principi e dettagli tecnici,preamble,ok,G2,0.7,15.0,70.0,10.0,5.0,0.0
32022R0996R(01),,,Atto di esecuzione tecnica con riferimenti a principi,preamble,ok,G3,0.8,10.0,0.0,80.0,10.0,0.0
32022R1012,,,Regolamento delegato con dettagli tecnici e riferimenti ai trattati,preamble,ok,G3,0.8,10.0,0.0,80.0,10.0,0.0
32022R2578,,,Regolamento quadro con principi e dettagli tecnici,preamble,ok,G2,0.7,10.0,70.0,10.0,5.0,5.0
32023D00611,,,Regolamento tecnico con riferimenti a principi e linee guida,preamble,ok,G3,0.8,10.0,0.0,80.0,10.0,0.0
32023D2062,,,Decisione quadro con riferimenti ai Trattati e allegati tecnici,preamble,ok,G2,0.7,10.0,70.0,15.0,5.0,0.0
32023R1805,,,Legge quadro con principi e dettagli tecnici,preamble,ok,G2,0.7,15.0,70.0,10.0,5.0,0.0
32023R2675,,,Principi fondanti e legge quadro,preamble,ok,G2,0.6,40.0,60.0,0.0,0.0,0.0
32023R2845,,,Legge quadro con riferimenti ai trattati e dettagli tecnici,preamble,ok,G2,0.7,15.0,70.0,10.0,5.0,0.0
32024D0378,,,Decisione tecnica con riferimenti a direttive e regolamenti,preamble,ok,G3,0.6,10.0,20.0,60.0,0.0,10.0
32024D1677,,,Principi trattati e regole quadro operative,preamble,ok,G2,0.6,30.0,60.0,0.0,10.0,0.0
32024D1981,,,Decisione del Consiglio con riferimenti ai trattati e procedure operative,preamble,ok,G2,0.7,10.0,70.0,10.0,10.0,0.0
32024D2010,,,Legge quadro con riferimenti a principi e linee guida,preamble,ok,G2,0.6,20.0,60.0,10.0,10.0,0.0
32024L2841,,,Legge quadro con principi fondanti e dettagli tecnici,preamble,ok,G2,0.6,30.0,60.0,5.0,5.0,0.0
32024R0404R(01),,,Regolamento di esecuzione tecnico con riferimenti ai trattati,preamble,ok,G3,0.8,10.0,0.0,80.0,10.0,0.0
32024R0751,,,Atto tecnico basato su regolamento quadro,preamble,ok,G3,0.8,10.0,0.0,80.0,10.0,0.0
32024R0994R(01),,,Regolamento delegato con dettagli tecnici e riferimenti a principi,preamble,ok,G3,0.8,10.0,0.0,80.0,10.0,0.0
32024R1084,,,Regolamento delegato con dettagli tecnici e riferimenti a standard,preamble,ok,G3,0.6,10.0,20.0,60.0,10.0,0.0
32024R1623R(01),,,Legge quadro con riferimenti a principi e dettagli tecnici,preamble,ok,G2,0.7,10.0,70.0,15.0,5.0,0.0
32024R1673,,,Regolamento quadro con dettagli tecnici e riferimenti ai trattati,preamble,ok,G2,0.6,10.0,60.0,20.0,5.0,5.0
32024R1962,,,Regolamento di esecuzione con dettagli tecnici,preamble,ok,G3,0.6,10.0,20.0,60.0,10.0,0.0
32025D0129,,,Decisione quadro con principi e dettagli operativi,preamble,ok,G2,0.6,20.0,60.0,10.0,10.0,0.0
32025D0369,,,Atto legislativo con principi e regole operative,preamble,ok,G2,0.6,20.0,60.0,10.0,10.0,0.0
32025R0023,,,"Riferimenti a trattati e principi, dettagli tecnici prevalenti",preamble,ok,G3,0.8,10.0,0.0,80.0,10.0,0.0
32025R0401,,,Regolamento quadro con riferimenti ai Trattati e dettagli tecnici,preamble,ok,G2,0.7,10.0,70.0,15.0,5.0,0.0
61996TJ0102,,,Sentenza pura di annullamento,title,ok,G5,1.0,0.0,0.0,0.0,0.0,100.0
61998CJ0379,,,Sentenza CGUE su interpretazione normativa,title,ok,G5,0.9,10.0,0.0,0.0,0.0,90.0
62000CJ0280,,,Sentenza CGUE con principi interpretativi,title,ok,G5,0.9,10.0,0.0,0.0,0.0,90.0
62003CJ0182,,,Sentenza CGUE su aiuti di Stato,title,ok,G5,0.9,10.0,0.0,0.0,0.0,90.0
62007CJ0169,,,Sentenza CGUE con principi fondamentali,title,ok,G5,0.9,10.0,0.0,0.0,0.0,90.0
62010TJ0029,,,Sentenza CGUE su aiuti di Stato,title,ok,G5,1.0,0.0,0.0,0.0,0.0,100.0
62012CJ0006,,,Sentenza CGUE su aiuti di Stato,title,ok,G5,0.8,10.0,10.0,0.0,0.0,80.0
62012TJ0242,,,Sentenza pura su aiuti di stato,title,ok,G5,1.0,0.0,0.0,0.0,0.0,100.0
62013TJ0305,,,Sentenza pura di controllo giurisdizionale,title,ok,G5,1.0,0.0,0.0,0.0,0.0,100.0
62014CJ0524,,,Sentenza CGUE su aiuti di Stato,title,ok,G5,0.9,10.0,0.0,0.0,0.0,90.0
32004D0676,,,Atto quadro che istituisce poteri,preamble,ok,G2,1.0,0.0,100.0,0.0,0.0,0.0
32004L0025,,,Direttiva con principi e regole operative,preamble,ok,G2,0.7,15.0,70.0,10.0,5.0,0.0
32005D0418,,,Decisione di infrazione con riferimenti ai trattati,preamble,ok,G5,0.7,10.0,20.0,0.0,0.0,70.0
32005D0842,,,Principi del Trattato e regole quadro operative,preamble,ok,G2,0.6,40.0,60.0,0.0,0.0,0.0
32006D0856R(01),,,Decisione quadro con principi e dettagli tecnici,preamble,ok,G2,0.7,10.0,70.0,15.0,5.0,0.0
32006L0001,,,Direttiva quadro con principi e allegati,preamble,ok,G2,0.7,10.0,70.0,10.0,5.0,5.0
32008R0216,,,Principi e regole quadro con dettagli tecnici,preamble,ok,G2,0.6,20.0,60.0,10.0,10.0,0.0
32009L0033R(02),,,Legge quadro con riferimenti ai trattati,preamble,ok,G2,0.7,20.0,70.0,5.0,5.0,0.0
32009R0223,,,Legge quadro con riferimenti ai trattati e dettagli tecnici,preamble,ok,G2,0.7,20.0,70.0,10.0,0.0,0.0
32010D0606,,,Decisione su aiuti di Stato con procedure e sanzioni,preamble,ok,G5,0.4,10.0,20.0,30.0,0.0,40.0
32011D0501,,,Decisione di infrazione con riferimento ai trattati,preamble,ok,G5,0.9,10.0,0.0,0.0,0.0,90.0
32011D0665,,,Regolamento tecnico con riferimenti a principi e linee guida,preamble,ok,G3,0.6,10.0,20.0,60.0,10.0,0.0
32011D0890,,,Regolamento tecnico con riferimenti a principi e linee guida,preamble,ok,G3,0.6,10.0,20.0,60.0,10.0,0.0
32012D0173,,,Decisione del Consiglio con riferimenti ai Trattati,preamble,ok,G2,0.8,20.0,80.0,0.0,0.0,0.0
32012H0148,,,Comunicazione con principi e raccomandazioni,preamble,ok,G4,0.6,10.0,30.0,0.0,60.0,0.0
32012R0244R(01),,,Atto delegato con dettagli tecnici e riferimenti a principi,preamble,ok,G3,0.6,10.0,20.0,60.0,10.0,0.0
32012R0919,,,Regolamento tecnico delegato con riferimenti ai trattati,preamble,ok,G3,0.9,10.0,0.0,90.0,0.0,0.0
32013D0488R(01),,,Decisione quadro con principi e regole operative,preamble,ok,G2,0.6,20.0,60.0,10.0,10.0,0.0
32013R0147R(01),,,Regolamento tecnico con riferimenti a principi e linee guida,preamble,ok,G3,0.6,10.0,20.0,60.0,10.0,0.0
32013R0150,,,Regolamento tecnico basato su atto quadro,preamble,ok,G3,0.8,10.0,0.0,80.0,10.0,0.0
32013R0402,,,Regolamento tecnico con riferimenti a principi e direttive,preamble,ok,G3,0.6,10.0,20.0,60.0,10.0,0.0
32014D0248,,,Regolamento delegato con riferimenti a trattati e linee guida,preamble,ok,G3,0.8,10.0,0.0,80.0,10.0,0.0
32014H0478,,,Raccomandazione non vincolante con riferimenti ai Trattati,preamble,ok,G4,0.9,10.0,0.0,0.0,90.0,0.0
32014R0231,,,Legge quadro con riferimenti ai trattati,preamble,ok,G2,0.7,20.0,70.0,5.0,5.0,0.0
32014R1348R(01),,,Regolamento tecnico con riferimenti a trattati e linee guida,preamble,ok,G3,0.8,10.0,0.0,80.0,10.0,0.0
32015D1226,,,Decisione di infrazione con riferimento ai trattati,preamble,ok,G5,0.9,10.0,0.0,0.0,0.0,90.0
32015D1504,,,Decisione tecnica con deroghe specifiche,preamble,ok,G3,0.8,10.0,0.0,80.0,10.0,0.0
32015R1861R(04),,,Regolamento quadro con riferimenti a trattati e misure tecniche,preamble,ok,G2,0.6,20.0,60.0,10.0,5.0,5.0
32016D0281,,,Regolamento di esecuzione tecnica con riferimenti a principi e quadro,preamble,ok,G3,0.6,10.0,20.0,60.0,10.0,0.0
32016D2360,,,Principi e regole quadro operative,preamble,ok,G2,0.6,30.0,60.0,0.0,10.0,0.0
32016O0045,,,Atto tecnico con riferimenti a trattati e regolamenti,preamble,ok,G3,0.5,10.0,30.0,50.0,10.0,0.0
32016R0583R(01),,,Regolamento tecnico con riferimenti a principi e quadro,preamble,ok,G3,0.6,10.0,20.0,60.0,10.0,0.0
32016R0794R(05),,,Legge quadro con riferimenti ai trattati,preamble,ok,G2,0.7,20.0,70.0,5.0,5.0,0.0
32016R0799R(03),,,Regolamento tecnico con riferimenti a principi e quadro,preamble,ok,G3,0.7,10.0,20.0,70.0,0.0,0.0
32016R1969,,,Regolamento di esecuzione tecnica con riferimenti ai trattati,preamble,ok,G3,0.8,10.0,0.0,80.0,10.0,0.0
32017D1470,,,Decisione di infrazione con riferimento ai trattati,preamble,ok,G5,0.9,10.0,0.0,0.0,0.0,90.0
32017R2061,,,Regolamento quadro con riferimenti a trattati e allegati tecnici,preamble,ok,G2,0.7,10.0,70.0,20.0,0.0,0.0
32017R2226R(03),,,Legislazione quadro con riferimenti ai trattati,preamble,ok,G2,0.7,15.0,70.0,10.0,5.0,0.0
32018D0817,,,Atto quadro con riferimenti a trattati e regolamenti delegati,preamble,ok,G2,0.7,10.0,70.0,20.0,0.0,0.0
32018D1083,,,Decisione CFSP con principi e regole operative,preamble,ok,G2,0.6,20.0,60.0,10.0,10.0,0.0
32018L0822R(04),,,Direttiva quadro con riferimenti a trattati e allegati tecnici,preamble,ok,G2,0.7,10.0,70.0,10.0,5.0,5.0
32018O0017,,,Atto tecnico con riferimenti a trattati e procedure,preamble,ok,G3,0.6,10.0,20.0,60.0,10.0,0.0
32018R0212,,,Regolamento delegato con dettagli tecnici,preamble,ok,G3,0.6,10.0,20.0,60.0,10.0,0.0
32018R0502R(01),,,Atto tecnico che modifica regolamento di esecuzione,preamble,ok,G3,0.7,10.0,20.0,70.0,0.0,0.0
32019D2110R(01),,,Atto legislativo con principi e dettagli operativi,preamble,ok,G2,0.6,20.0,60.0,10.0,10.0,0.0
32019L2177R(02),,,Legge quadro con riferimenti a trattati e dettagli tecnici,preamble,ok,G2,0.7,10.0,70.0,15.0,5.0,0.0
32019R0123,,,Regolamento delegato con dettagli tecnici e riferimenti a principi,preamble,ok,G3,0.5,10.0,30.0,50.0,10.0,0.0
32019R0125R(01),,,Principi e regole quadro con dettagli tecnici,preamble,ok,G2,0.6,30.0,60.0,10.0,0.0,0.0
32019R0362,,,Regolamento delegato con dettagli tecnici e riferimenti a principi,preamble,ok,G3,0.6,10.0,20.0,60.0,10.0,0.0
32019R0818R(01),,,Legge quadro con riferimenti ai trattati,preamble,ok,G2,0.8,10.0,80.0,5.0,5.0,0.0
32020D1515,,,Legge quadro con riferimenti a principi e linee guida,preamble,ok,G2,0.6,20.0,60.0,10.0,10.0,0.0
32020D2053,,,Legge quadro con riferimenti ai trattati,preamble,ok,G2,0.7,20.0,70.0,5.0,5.0,0.0
32020R0492,,,Regolamento di esecuzione con dettagli procedurali,preamble,ok,G3,0.7,10.0,20.0,70.0,0.0,0.0
32020R0776R(01),,,Regolamento tecnico con riferimenti a principi e quadro,preamble,ok,G3,0.6,10.0,20.0,60.0,10.0,0.0
32020R1044,,,Atto tecnico con riferimenti a principi e linee guida,preamble,ok,G3,0.8,10.0,0.0,80.0,10.0,0.0
32020R1503R(01),,,Regolamento quadro con principi e dettagli tecnici,preamble,ok,G2,0.7,10.0,70.0,15.0,5.0,0.0
32020R2011,,,Atto tecnico con riferimenti a principi e regole quadro,preamble,ok,G3,0.5,10.0,30.0,50.0,10.0,0.0
32020R2093R(03),,,Regolamento quadro con principi e dettagli tecnici,preamble,ok,G2,0.7,20.0,70.0,10.0,0.0,0.0
32021D1038,,,Decisione tecnica con riferimenti a principi e quadro,preamble,ok,G3,0.6,10.0,20.0,60.0,10.0,0.0
32021R1018,,,Atto tecnico con riferimenti a principi e quadro,preamble,ok,G3,0.6,10.0,20.0,60.0,10.0,0.0
32021R1349,,,Regolamento delegato con criteri tecnici e riferimenti ai trattati.,preamble,ok,G3,0.8,10.0,0.0,80.0,10.0,0.0
32022D2441,,,Decisione quadro con riferimenti ai Trattati,preamble,ok,G2,0.8,10.0,80.0,5.0,5.0,0.0
32022R0466,,,Regolamento delegato con dettagli tecnici e riferimenti ai trattati,preamble,ok,G3,0.8,10.0,0.0,80.0,10.0,0.0
32022R2059,,,Regolamento tecnico con riferimenti a principi e linee guida,preamble,ok,G3,0.8,10.0,0.0,80.0,10.0,0.0
32022R2463,,,Legge quadro con riferimenti ai trattati,preamble,ok,G2,0.8,10.0,80.0,5.0,5.0,0.0
32023D0231,,,Decisione quadro con principi e dettagli operativi,preamble,ok,G2,0.7,20.0,70.0,10.0,0.0,0.0
32023D0810,,,Decisione del Consiglio con riferimenti ai Trattati,preamble,ok,G2,0.8,10.0,80.0,5.0,5.0,0.0
32023D2205,,,Decisione del Consiglio su accordo internazionale,preamble,ok,G2,0.8,20.0,80.0,0.0,0.0,0.0
32023D2505,,,Decisione del Consiglio su posizione negoziale,preamble,ok,G2,0.7,10.0,70.0,20.0,0.0,0.0
32023D2700,,,Decisione quadro con riferimenti ai Trattati e dettagli finanziari,preamble,ok,G2,0.8,10.0,80.0,10.0,0.0,0.0
32023D2786,,,Decisione CFSP con riferimenti a trattati e dettagli operativi,preamble,ok,G2,0.7,10.0,70.0,10.0,10.0,0.0
32023D2921,,,Decisione del Consiglio su accordo commerciale,preamble,ok,G2,0.6,20.0,60.0,20.0,0.0,0.0
32023R0363R(01),,,Atto delegato con dettagli tecnici e riferimenti ai trattati.,preamble,ok,G3,0.85,10.0,0.0,85.0,5.0,0.0
32023R0606R(01),,,Legge quadro con riferimenti ai trattati e dettagli tecnici,preamble,ok,G2,0.7,10.0,70.0,15.0,5.0,0.0
32023R2606,,,Regolamento di esecuzione con dettagli tecnici,preamble,ok,G3,0.6,10.0,20.0,60.0,10.0,0.0
32023R2616,,,"Aggiornamento tecnico di allegato, basato su regolamento quadro.",preamble,ok,G3,0.9,10.0,0.0,90.0,0.0,0.0
32024D1455,,,Decisione quadro con principi e dettagli operativi,preamble,ok,G2,0.6,20.0,60.0,10.0,10.0,0.0
32024O3129,,,Atto BCE con riferimenti a trattati e linee guida,preamble,ok,G3,0.4,10.0,30.0,40.0,20.0,0.0
32024R0792,,,Legge quadro con principi e dettagli tecnici,preamble,ok,G2,0.7,10.0,70.0,10.0,5.0,5.0
32024R1028,,,Regolamento quadro con principi e dettagli tecnici,preamble,ok,G2,0.7,10.0,70.0,15.0,5.0,0.0
32025D0208,,,Principi e regole quadro con riferimenti tecnici,preamble,ok,G2,0.6,20.0,60.0,10.0,10.0,0.0
32025D0391,,,Decisione CFSP con principi e regole operative,preamble,ok,G2,0.6,20.0,60.0,10.0,10.0,0.0
32025R0020R(01),,,Regolamento tecnico con riferimenti a principi e quadro,preamble,ok,G3,0.6,10.0,20.0,60.0,10.0,0.0
32025R0395R(02),,,Regolamento quadro con riferimenti a trattati e dettagli tecnici,preamble,ok,G2,0.7,10.0,70.0,15.0,5.0,0.0
61999CJ0157,,,Sentenza CGUE interpreta principi e applica sanzioni,title,ok,G5,0.8,20.0,0.0,0.0,0.0,80.0
62004CJ0338,,,Sentenza CGUE su libertà fondamentali,title,ok,G5,0.9,10.0,0.0,0.0,0.0,90.0
62004CJ0393,,,Sentenza CGUE su aiuti di Stato,title,ok,G5,0.9,10.0,0.0,0.0,0.0,90.0
62004TJ0156,,,Sentenza pura su aiuti di Stato,title,ok,G5,1.0,0.0,0.0,0.0,0.0,100.0
62008CJ0169,,,Sentenza CGUE su principi e applicazione,title,ok,G5,0.9,10.0,0.0,0.0,0.0,90.0
62012CJ0204,,,Sentenza CGUE con riferimenti a principi e direttive,title,ok,G5,0.8,10.0,10.0,0.0,0.0,80.0
62015CJ0486,,,Sentenza CGUE su aiuti di Stato,title,ok,G5,0.9,10.0,0.0,0.0,0.0,90.0
62015TJ0314,,,Sentenza pura di controllo giurisdizionale,title,ok,G5,1.0,0.0,0.0,0.0,0.0,100.0
62016CJ0300,,,Sentenza CGUE su aiuti di Stato,title,ok,G5,0.9,10.0,0.0,0.0,0.0,90.0
62017TJ0332,,,Sentenza pura di annullamento,title,ok,G5,1.0,0.0,0.0,0.0,0.0,100.0
32004R2181,,,Regolamento tecnico con riferimenti a principi e linee guida,preamble,ok,G3,0.6,10.0,20.0,60.0,10.0,0.0
32005R1207R(01),,,"Modifica tecnica di allegati, riferimenti a trattati",preamble,ok,G3,0.8,10.0,0.0,80.0,10.0,0.0
32005R2111R(06),,,Legge quadro con principi e dettagli tecnici,preamble,ok,G2,0.65,15.0,65.0,20.0,0.0,0.0
32006E0184,,,Principi e quadro operativo con dettagli tecnici,preamble,ok,G2,0.6,20.0,60.0,10.0,10.0,0.0
32006F0783R(01),,,Principi e regole quadro con dettagli tecnici,preamble,ok,G2,0.6,20.0,60.0,10.0,10.0,0.0
32006R1924R(02),,,Regolamento quadro con principi e dettagli tecnici,preamble,ok,G2,0.7,15.0,70.0,10.0,5.0,0.0
32007D0198,,,Legge quadro con riferimenti ai trattati,preamble,ok,G2,0.7,20.0,70.0,5.0,5.0,0.0
32007D0215,,,Decisione del Consiglio con principi e dettagli tecnici,preamble,ok,G2,0.7,10.0,70.0,20.0,0.0,0.0
32007D0436R(01),,,Decisione quadro con principi e dettagli tecnici,preamble,ok,G2,0.6,20.0,60.0,20.0,0.0,0.0
32007D0473,,,Decisione del Consiglio su declassificazione manuale,preamble,ok,G2,0.7,10.0,70.0,10.0,0.0,10.0
32008D0216,,,Decisione quadro con base nei trattati,preamble,ok,G2,0.8,20.0,80.0,0.0,0.0,0.0
32009D0561,,,Regolamento tecnico con riferimenti a principi e linee guida,preamble,ok,G3,0.6,10.0,20.0,60.0,10.0,0.0
32009R0810R(06),,,Legge quadro con principi e dettagli tecnici,preamble,ok,G2,0.6,20.0,60.0,10.0,10.0,0.0
32009R0987,,,Legge quadro con principi e dettagli tecnici,preamble,ok,G2,0.7,10.0,70.0,20.0,0.0,0.0
32009R1221R(01),,,Legge quadro con riferimenti a principi e linee guida,preamble,ok,G2,0.6,20.0,60.0,10.0,10.0,0.0
32011D0072,,,Principi fondanti e decisioni operative,preamble,ok,G2,0.7,30.0,70.0,0.0,0.0,0.0
32011D0251,,,Atto tecnico con riferimenti a principi e quadro,preamble,ok,G3,0.6,10.0,20.0,60.0,10.0,0.0
32011D0344,,,Decisione quadro con riferimenti a trattati e allegati tecnici,preamble,ok,G2,0.7,10.0,70.0,10.0,10.0,0.0
32012D0226,,,Decisione tecnica basata su mandato e raccomandazione,preamble,ok,G3,0.6,10.0,20.0,60.0,10.0,0.0
32012D0426,,,Decisione tecnica con base legale,preamble,ok,G3,0.5,10.0,30.0,50.0,0.0,10.0
32012R1025,,,Legge quadro con principi e dettagli tecnici,preamble,ok,G2,0.65,15.0,65.0,10.0,10.0,0.0
32013D0668,,,Legge quadro con riferimenti ai trattati,preamble,ok,G2,0.8,20.0,80.0,0.0,0.0,0.0
32013L0016,,,Legge quadro con riferimenti ai trattati e adattamenti tecnici,preamble,ok,G2,0.7,20.0,70.0,10.0,0.0,0.0
32013O0024,,,Linea guida tecnica con riferimenti a regolamenti,preamble,ok,G3,0.5,10.0,30.0,50.0,10.0,0.0
32013R1074R(01),,,Regolamento tecnico con riferimenti a principi e linee guida,preamble,ok,G3,0.5,10.0,30.0,50.0,10.0,0.0
32013R1271,,,Regolamento Commissione con principi e dettagli tecnici,preamble,ok,G2,0.6,10.0,60.0,20.0,10.0,0.0
32014D0110,,,Decisione di infrazione con riferimento ai trattati,preamble,ok,G5,0.9,10.0,0.0,0.0,0.0,90.0
32014D0164,,,Decisione del Consiglio con base giuridica nei Trattati,preamble,ok,G2,0.8,20.0,80.0,0.0,0.0,0.0
32014D0585,,,Legge quadro con riferimenti a principi e dettagli tecnici,preamble,ok,G2,0.7,10.0,70.0,20.0,0.0,0.0
32014L0032R(02),,,Direttiva quadro con riferimenti a trattati e allegati tecnici,preamble,ok,G2,0.7,10.0,70.0,15.0,5.0,0.0
32014L0094,,,Legge quadro con riferimenti a principi e dettagli tecnici,preamble,ok,G2,0.7,10.0,70.0,10.0,10.0,0.0
32014R0282,,,Principi e quadro legislativo combinati,preamble,ok,G2,0.7,30.0,70.0,0.0,0.0,0.0
32014R1011R(01),,,Atto di esecuzione tecnica con riferimenti a principi e quadro,preamble,ok,G3,0.7,10.0,20.0,70.0,0.0,0.0
32015D1227,,,Decisione di infrazione con riferimenti ai trattati,preamble,ok,G5,0.7,10.0,20.0,0.0,0.0,70.0
32015L0637R(01),,,Principi fondanti e legge quadro,preamble,ok,G2,0.6,40.0,60.0,0.0,0.0,0.0
32015R0322,,,Legge quadro con riferimenti ai trattati,preamble,ok,G2,0.7,20.0,70.0,10.0,0.0,0.0
32016D2082,,,Decisione CFSP con base nei Trattati,preamble,ok,G2,0.8,20.0,80.0,0.0,0.0,0.0
32016D2239,,,Decisione del Consiglio che estende mandato missione,preamble,ok,G2,0.8,20.0,80.0,0.0,0.0,0.0
32016L1164R(03),,,Legge quadro con riferimenti ai principi,preamble,ok,G2,0.7,20.0,70.0,5.0,5.0,0.0
32017D1474R(02),,,Decisione tecnica con deleghe e obiettivi specifici,preamble,ok,G3,0.6,10.0,20.0,60.0,10.0,0.0
32017D2283,,,Atto legislativo con principi e regole operative,preamble,ok,G2,0.6,20.0,60.0,10.0,10.0,0.0
32017L0828,,,Legge quadro con riferimenti a principi e dettagli,preamble,ok,G2,0.7,10.0,70.0,10.0,10.0,0.0
32017R0587R(02),,,Atto tecnico con riferimenti a principi,preamble,ok,G3,0.8,10.0,0.0,80.0,10.0,0.0
32017R0825,,,Legge quadro con riferimenti ai trattati,preamble,ok,G2,0.7,20.0,70.0,5.0,5.0,0.0
32018R0763,,,Regolamento tecnico con principi e linee guida,preamble,ok,G3,0.7,10.0,0.0,70.0,20.0,0.0
32018R1046,,,Regolamento quadro con principi e dettagli tecnici,preamble,ok,G2,0.7,10.0,70.0,15.0,5.0,0.0
32018R1488,,,Legge quadro con principi e dettagli tecnici,preamble,ok,G2,0.7,20.0,70.0,10.0,0.0,0.0
32019D0134,,,Decisione del Consiglio per adeguamento EEA,preamble,ok,G2,0.8,10.0,80.0,5.0,5.0,0.0
32019D1560,,,Principi e regole quadro con riferimenti tecnici,preamble,ok,G2,0.6,20.0,60.0,10.0,10.0,0.0
32019D1963,,,Implementazione tecnica basata su trattati e decisioni,preamble,ok,G3,0.8,10.0,0.0,80.0,10.0,0.0
32019D2191,,,Atto legislativo con principi e regole operative,preamble,ok,G2,0.6,20.0,60.0,10.0,10.0,0.0
32019L0520,,,Legge quadro con principi e dettagli tecnici,preamble,ok,G2,0.7,10.0,70.0,15.0,5.0,0.0
32019R0289,,,Regolamento delegato con dettagli tecnici e riferimenti ai trattati.,preamble,ok,G3,0.8,10.0,0.0,80.0,10.0,0.0
32019R0774R(01),,,Atto tecnico con linee guida e riferimenti a principi,preamble,ok,G3,0.4,10.0,20.0,40.0,30.0,0.0
32019R1150,,,Legge quadro con principi e dettagli tecnici,preamble,ok,G2,0.7,10.0,70.0,15.0,5.0,0.0
32019R1238,,,Legge quadro con riferimenti a principi fondamentali,preamble,ok,G2,0.7,20.0,70.0,5.0,5.0,0.0
32019R2017R(03),,,Atto delegato con riferimenti a principi e linee guida,preamble,ok,G3,0.6,10.0,20.0,60.0,10.0,0.0
32020D1183,,,Decisione mista su aiuti di Stato,preamble,ok,G3,0.3,10.0,20.0,30.0,20.0,20.0
32020L1057R(01),,,Legge quadro con principi e dettagli tecnici,preamble,ok,G2,0.7,15.0,70.0,10.0,5.0,0.0
32020R0194R(03),,,Regolamento tecnico con riferimenti a trattati e direttive,preamble,ok,G3,0.6,10.0,20.0,60.0,10.0,0.0
32020R0873,,,Legge quadro con riferimenti ai trattati,preamble,ok,G2,0.8,10.0,80.0,5.0,5.0,0.0
32020R1732,,,Regolamento delegato con dettagli tecnici e riferimenti ai trattati,preamble,ok,G3,0.8,10.0,0.0,80.0,10.0,0.0
32021D1196,,,Atto tecnico con riferimenti a principi e quadro,preamble,ok,G3,0.6,10.0,20.0,60.0,10.0,0.0
32021D2137,,,Legge quadro con principi e dettagli tecnici,preamble,ok,G2,0.6,20.0,60.0,10.0,10.0,0.0
32021R0522R(02),,,Legislazione quadro con riferimenti ai trattati,preamble,ok,G2,0.8,20.0,80.0,0.0,0.0,0.0
32021R0523,,,Legge quadro con principi e dettagli tecnici,preamble,ok,G2,0.7,10.0,70.0,10.0,10.0,0.0
32021R1058,,,Legge quadro con riferimenti ai trattati,preamble,ok,G2,0.7,20.0,70.0,5.0,5.0,0.0
32021R1237,,,Regolamento tecnico con riferimenti a principi e quadro,preamble,ok,G3,0.6,10.0,20.0,60.0,10.0,0.0
32022D2332,,,Decisione del Consiglio con riferimenti ai Trattati,preamble,ok,G2,0.7,20.0,70.0,5.0,5.0,0.0
32022L0738,,,Legislazione quadro con riferimenti ai trattati,preamble,ok,G2,0.8,10.0,80.0,5.0,5.0,0.0
32022O0912R(03),,,"Atto BCE con principi, regole quadro e dettagli tecnici",preamble,ok,G2,0.6,10.0,60.0,20.0,10.0,0.0
32022R0868,,,Legge quadro con principi fondanti e dettagli tecnici,preamble,ok,G2,0.7,20.0,70.0,5.0,5.0,0.0
32022R2371,,,Legge quadro con riferimenti ai trattati e dettagli tecnici,preamble,ok,G2,0.7,15.0,70.0,10.0,5.0,0.0
32022R2474R(01),,,Regolamento quadro con riferimenti ai trattati e dettagli tecnici,preamble,ok,G2,0.7,10.0,70.0,20.0,0.0,0.0
32023D0269,,,Decisione del Consiglio con riferimenti a trattati e regolamenti,preamble,ok,G2,0.7,10.0,70.0,10.0,5.0,5.0
32023D1513,,,Decisione PSC basata su trattati e decisione quadro,preamble,ok,G2,0.6,10.0,60.0,20.0,10.0,0.0
32023D1518,,,Decisione quadro con principi e dettagli operativi,preamble,ok,G2,0.7,20.0,70.0,5.0,5.0,0.0
32023R0410,,,Atto tecnico con riferimenti a principi e direttive,preamble,ok,G3,0.6,10.0,20.0,60.0,10.0,0.0
32024D0742,,,Decisione del Consiglio basata su regolamento quadro,preamble,ok,G2,0.7,10.0,70.0,20.0,0.0,0.0
32024D1017,,,Decisione tecnica basata su trattati e decisioni precedenti,preamble,ok,G3,0.6,10.0,20.0,60.0,10.0,0.0
32024D1663,,,Regolamento di esecuzione tecnico con riferimenti a principi,preamble,ok,G3,0.6,10.0,20.0,60.0,10.0,0.0
32024D1983,,,Regolamento tecnico con riferimenti a principi e linee guida,preamble,ok,G3,0.5,10.0,30.0,50.0,10.0,0.0
32024L1260R(01),,,Legge quadro con principi e dettagli tecnici,preamble,ok,G2,0.7,15.0,70.0,10.0,5.0,0.0
32024L2842,,,Direttiva quadro con principi e dettagli tecnici,preamble,ok,G2,0.7,15.0,70.0,10.0,5.0,0.0
32024R1083R(02),,,Legge quadro con principi e dettagli tecnici,preamble,ok,G2,0.7,15.0,70.0,10.0,5.0,0.0
32024R1469,,,Regolamento quadro con principi e riferimenti giurisprudenziali,preamble,ok,G2,0.6,20.0,60.0,10.0,5.0,5.0
32024R1781R(01),,,Legge quadro con principi e dettagli tecnici,preamble,ok,G2,0.7,15.0,70.0,10.0,5.0,0.0
32024R1938,,,Legge quadro con principi fondanti e dettagli tecnici,preamble,ok,G2,0.7,20.0,70.0,10.0,0.0,0.0
32024R2019,,,Legge quadro con riferimenti a trattati e procedure,preamble,ok,G2,0.7,20.0,70.0,5.0,0.0,5.0
32024R2522,,,Regolamento tecnico con riferimenti a principi e quadro,preamble,ok,G3,0.7,10.0,20.0,70.0,0.0,0.0
61999CJ0385,,,Sentenza CGUE su libertà di servizi,title,ok,G5,0.9,10.0,0.0,0.0,0.0,90.0
62002CJ0183,,,Sentenza CGUE su aiuti di Stato,title,ok,G5,1.0,0.0,0.0,0.0,0.0,100.0
62002TJ0171,,,Sentenza pura di giurisdizione UE,title,ok,G5,1.0,0.0,0.0,0.0,0.0,100.0
62004CJ0237,,,Sentenza CGUE su aiuti di Stato,title,ok,G5,0.9,10.0,0.0,0.0,0.0,90.0
62008CJ0279,,,Sentenza CGUE su infrazione e interpretazione normativa,title,ok,G5,0.9,10.0,0.0,0.0,0.0,90.0
62008TJ0267,,,Sentenza giudiziaria pura,title,ok,G5,1.0,0.0,0.0,0.0,0.0,100.0
62008TJ0443,,,Sentenza pura su aiuti di Stato,title,ok,G5,1.0,0.0,0.0,0.0,0.0,100.0
62008TO0571,,,Sentenza pura di annullamento,title,ok,G5,1.0,0.0,0.0,0.0,0.0,100.0
62009CJ0106,,,Sentenza CGUE su aiuti di Stato,title,ok,G5,0.9,10.0,0.0,0.0,0.0,90.0
62013CJ0271,,,Sentenza CGUE su aiuti di Stato,title,ok,G5,1.0,0.0,0.0,0.0,0.0,100.0
62015CJ0020,,,Sentenza CGUE su aiuti di Stato,title,ok,G5,0.9,10.0,0.0,0.0,0.0,90.0
32005C0295,,,Interpretazione non vincolante di direttiva,title,ok,G4,1.0,0.0,0.0,0.0,100.0,0.0
32005D0145,,,Decisione di infrazione con riferimento ai Trattati,preamble,ok,G5,0.9,10.0,0.0,0.0,0.0,90.0
32005R1654,,,Regolamento tecnico che modifica norme esistenti,preamble,ok,G3,0.8,10.0,0.0,80.0,10.0,0.0
32006E0243,,,Principi fondanti e legge quadro,preamble,ok,G2,0.8,20.0,80.0,0.0,0.0,0.0
32006E0623,,,Principi fondanti e quadro operativo,preamble,ok,G2,0.8,20.0,80.0,0.0,0.0,0.0
32006R0910,,,Regolamento tecnico di esecuzione con riferimenti ai trattati,preamble,ok,G3,0.9,10.0,0.0,90.0,0.0,0.0
32006R1692,,,Legge quadro con principi e dettagli tecnici,preamble,ok,G2,0.7,15.0,70.0,10.0,5.0,0.0
32007D0125,,,Principi e regole quadro con riferimenti ai Trattati,preamble,ok,G2,0.6,30.0,60.0,0.0,10.0,0.0
32007D0216,,,Decisione del Consiglio che modifica regole operative,preamble,ok,G2,1.0,0.0,100.0,0.0,0.0,0.0
32007L0060R(01),,,Direttiva quadro con principi e regole operative,preamble,ok,G2,0.7,15.0,70.0,10.0,5.0,0.0
32007R0861R(03),,,Legge quadro con riferimenti ai trattati,preamble,ok,G2,0.7,20.0,70.0,5.0,5.0,0.0
32007R1371,,,Legge quadro con principi e dettagli tecnici,preamble,ok,G2,0.7,15.0,70.0,10.0,5.0,0.0
32008D0626,,,Legge quadro con principi e dettagli tecnici,preamble,ok,G2,0.7,15.0,70.0,10.0,5.0,0.0
32008F0977,,,Principi fondanti e quadro legislativo,preamble,ok,G2,0.6,40.0,60.0,0.0,0.0,0.0
32008L0056,,,Direttiva quadro con principi e regole operative,preamble,ok,G2,0.7,20.0,70.0,5.0,5.0,0.0
32008R0765R(03),,,Legge quadro con principi e dettagli tecnici,preamble,ok,G2,0.7,15.0,70.0,10.0,5.0,0.0
32009D0320,,,Atto istituzionale con riferimenti a principi e regole operative,preamble,ok,G2,0.7,10.0,70.0,10.0,10.0,0.0
32009D0343,,,Atto tecnico con riferimenti a principi e quadro,preamble,ok,G3,0.6,10.0,20.0,60.0,10.0,0.0
32009L0101,,,Direttiva quadro con principi e dettagli tecnici,preamble,ok,G2,0.7,15.0,70.0,10.0,5.0,0.0
32009L0125R(02),,,Direttiva quadro con principi e dettagli tecnici,preamble,ok,G2,0.7,10.0,70.0,10.0,5.0,5.0
32009L0148,,,Direttiva quadro con principi e dettagli tecnici,preamble,ok,G2,0.7,10.0,70.0,15.0,5.0,0.0
32009R0596,,,Legge quadro con riferimenti a trattati e procedure tecniche,preamble,ok,G2,0.8,10.0,80.0,10.0,0.0,0.0
32010D0017R(01),,,Regolamento tecnico con riferimenti a principi e linee guida,preamble,ok,G3,0.6,10.0,20.0,60.0,10.0,0.0
32010L0031R(03),,,Direttiva quadro con principi e dettagli tecnici,preamble,ok,G2,0.7,15.0,70.0,10.0,5.0,0.0
32010L0065,,,"Direttiva con principi, regole generali e dettagli tecnici",preamble,ok,G2,0.7,10.0,70.0,15.0,5.0,0.0
32010R0994,,,Regolamento quadro con principi e dettagli tecnici,preamble,ok,G2,0.7,15.0,70.0,10.0,5.0,0.0
32011L0092R(02),,,Legge quadro con principi e dettagli tecnici,preamble,ok,G2,0.7,15.0,70.0,10.0,5.0,0.0
32011R0454R(01),,,Atto tecnico con riferimenti a principi e direttive,preamble,ok,G3,0.6,10.0,20.0,60.0,10.0,0.0
32012D0662,,,Legge quadro con riferimenti a principi e linee guida,preamble,ok,G2,0.6,20.0,60.0,10.0,10.0,0.0
32012R1203,,,Atto di esecuzione tecnica con riferimenti normativi,preamble,ok,G3,0.7,10.0,20.0,70.0,0.0,0.0
32013D0255R(01),,,Decisione quadro con principi e dettagli,preamble,ok,G2,0.7,20.0,70.0,5.0,5.0,0.0
32013D0411,,,Legge quadro con riferimenti a trattati e dettagli tecnici,preamble,ok,G2,0.7,10.0,70.0,20.0,0.0,0.0
32013D0446,,,Decisione quadro con riferimenti ai Trattati,preamble,ok,G2,0.8,20.0,80.0,0.0,0.0,0.0
32013D0693,,,Decisione di infrazione su aiuti di stato,preamble,ok,G5,0.9,10.0,0.0,0.0,0.0,90.0
32013L0030R(01),,,Direttiva quadro con principi e dettagli tecnici,preamble,ok,G2,0.7,15.0,70.0,10.0,5.0,0.0
32013R0526,,,Legge quadro con principi e dettagli tecnici,preamble,ok,G2,0.7,15.0,70.0,10.0,5.0,0.0
32013R0549,,,Legge quadro con principi e dettagli tecnici,preamble,ok,G2,0.7,15.0,70.0,10.0,5.0,0.0
32013R1159,,,Regolamento tecnico con riferimenti a principi e linee guida,preamble,ok,G3,0.6,10.0,20.0,60.0,10.0,0.0
32013R1315,,,Legge quadro con principi e dettagli tecnici,preamble,ok,G2,0.7,15.0,70.0,10.0,5.0,0.0
32013R1379R(03),,,Legge quadro con riferimenti ai trattati,preamble,ok,G2,0.7,15.0,70.0,10.0,5.0,0.0
32014D0119R(01),,,Principi e decisioni quadro per sanzioni,preamble,ok,G2,0.7,30.0,70.0,0.0,0.0,0.0
32014D0450,,,Decisione del Consiglio con riferimenti ai Trattati,preamble,ok,G2,0.9,10.0,90.0,0.0,0.0,0.0
32014D0762,,,Atto delegato con dettagli tecnici e riferimenti a principi,preamble,ok,G3,0.5,10.0,30.0,50.0,10.0,0.0
32014L0023R(05),,,Legge quadro con principi e dettagli tecnici,preamble,ok,G2,0.7,15.0,70.0,10.0,5.0,0.0
32014L0041R(02),,,Legge quadro con principi e dettagli tecnici,preamble,ok,G2,0.7,15.0,70.0,10.0,5.0,0.0
32014L0056R(01),,,Legge quadro con principi e dettagli tecnici,preamble,ok,G2,0.7,15.0,70.0,10.0,5.0,0.0
32014L0082,,,Regolamento tecnico che modifica allegati direttiva,preamble,ok,G3,0.6,10.0,20.0,60.0,10.0,0.0
32014L0089R(01),,,Legge quadro con principi e dettagli tecnici,preamble,ok,G2,0.7,15.0,70.0,10.0,5.0,0.0
32014O0015,,,Atto tecnico con riferimenti a principi e linee guida,preamble,ok,G3,0.5,10.0,30.0,50.0,10.0,0.0
32014R1042,,,Regolamento tecnico con riferimenti a principi e quadro,preamble,ok,G3,0.7,10.0,20.0,70.0,0.0,0.0
32014R1301R(05),,,Regolamento tecnico con riferimenti a principi e linee guida,preamble,ok,G3,0.6,10.0,20.0,60.0,10.0,0.0
32015D0444,,,Regolamento quadro con riferimenti a trattati e dettagli tecnici,preamble,ok,G2,0.6,10.0,60.0,20.0,10.0,0.0
32015D1321,,,Decisione di infrazione con citazione trattati,preamble,ok,G5,0.9,10.0,0.0,0.0,0.0,90.0
32015D2008,,,Decisione del Consiglio che modifica missione,preamble,ok,G2,0.8,10.0,80.0,10.0,0.0,0.0
32015L2302,,,Legge quadro con riferimenti a principi e dettagli tecnici,preamble,ok,G2,0.7,10.0,70.0,15.0,5.0,0.0
32015R1100R(01),,,Regolamento tecnico con riferimenti a principi e linee guida,preamble,ok,G3,0.6,10.0,20.0,60.0,10.0,0.0
32015R1975,,,Regolamento tecnico per reporting irregolarità,preamble,ok,G3,0.7,10.0,20.0,70.0,0.0,0.0
32016D2042,,,Decisione di infrazione con procedure dettagliate,preamble,ok,G3,0.3,10.0,20.0,30.0,20.0,20.0
32016L0097,,,Direttiva quadro con principi e dettagli tecnici,preamble,ok,G2,0.7,15.0,70.0,10.0,5.0,0.0
32016L0681,,,Legge quadro con riferimenti a principi e dettagli tecnici,preamble,ok,G2,0.7,10.0,70.0,15.0,5.0,0.0
32016O0034,,,Legge quadro con dettagli tecnici,preamble,ok,G2,0.6,10.0,60.0,30.0,0.0,0.0
32016R1037R(01),,,Legge quadro con principi e dettagli tecnici,preamble,ok,G2,0.7,10.0,70.0,15.0,5.0,0.0
32016R2067,,,Regolamento tecnico che adotta standard contabili,preamble,ok,G3,0.8,10.0,0.0,80.0,10.0,0.0
32017L1371R(02),,,Legge quadro con riferimenti ai trattati,preamble,ok,G2,0.7,20.0,70.0,5.0,5.0,0.0
32017L1564R(01),,,Legge quadro con principi fondanti e dettagli tecnici,preamble,ok,G2,0.7,20.0,70.0,5.0,5.0,0.0
32017R0352R(01),,,Regolamento quadro con principi e dettagli tecnici,preamble,ok,G2,0.7,15.0,70.0,10.0,5.0,0.0
32017R1151R(04),,,Implementazione tecnica di regolamenti esistenti,preamble,ok,G3,0.8,10.0,0.0,80.0,10.0,0.0
32018D0300,,,Regolamento di esecuzione tecnica con riferimenti ai trattati,preamble,ok,G3,0.8,10.0,0.0,80.0,10.0,0.0
32018D1941,,,Decisione quadro con riferimenti ai Trattati,preamble,ok,G2,0.8,10.0,80.0,5.0,5.0,0.0
32018R0231R(02),,,Regolamento tecnico con riferimenti a trattati e linee guida,preamble,ok,G3,0.8,10.0,0.0,80.0,10.0,0.0
32018R0302R(03),,,Legge quadro con principi e dettagli tecnici,preamble,ok,G2,0.7,10.0,70.0,15.0,5.0,0.0
32019D0115,,,Decisione di infrazione con riferimenti ai trattati,preamble,ok,G5,0.7,10.0,20.0,0.0,0.0,70.0
32019L1937R(01),,,Legge quadro con principi e dettagli tecnici,preamble,ok,G2,0.7,15.0,70.0,10.0,5.0,0.0
32019R0816R(02),,,Legge quadro con principi fondanti e dettagli tecnici,preamble,ok,G2,0.7,20.0,70.0,5.0,5.0,0.0
32019R1111R(07),,,Regolamento quadro con principi e dettagli tecnici,preamble,ok,G2,0.7,15.0,70.0,10.0,5.0,0.0
32019R1689,,,Correzione tecnica di regolamento delegato,preamble,ok,G3,0.8,10.0,0.0,80.0,0.0,10.0
32020D0135,,,Decisione del Consiglio con base giuridica,preamble,ok,G2,0.8,20.0,80.0,0.0,0.0,0.0
32020D0348,,,Decisione Commissione su aiuti di Stato,preamble,ok,G2,0.3,10.0,30.0,20.0,10.0,30.0
32020D0637,,,"Decisione BCE con principi, regole quadro e dettagli tecnici",preamble,ok,G3,0.5,10.0,30.0,50.0,10.0,0.0
32020L0284,,,"Direttiva con principi, regole e dettagli tecnici",preamble,ok,G2,0.7,10.0,70.0,15.0,5.0,0.0
32021D0069,,,Decisione di infrazione con riferimento ai Trattati,preamble,ok,G5,0.9,10.0,0.0,0.0,0.0,90.0
32021D1838,,,Decisione del Consiglio con principi e regole operative,preamble,ok,G2,0.7,10.0,70.0,10.0,5.0,5.0
32021D2034,,,Decisione di infrazione con riferimenti ai trattati,preamble,ok,G5,0.7,10.0,20.0,0.0,0.0,70.0
32021R0693,,,Principi e regole quadro prevalenti,preamble,ok,G2,0.6,30.0,60.0,5.0,5.0,0.0
32021R1230,,,Legge quadro con principi e dettagli tecnici,preamble,ok,G2,0.7,15.0,70.0,10.0,5.0,0.0
32021R1880,,,Correzione errori in regolamento tecnico,preamble,ok,G3,0.9,10.0,0.0,90.0,0.0,0.0
32022D0597,,,Principi e quadro operativo con riferimenti strategici,preamble,ok,G2,0.5,30.0,50.0,0.0,20.0,0.0
32022D1271,,,Principi e regole quadro con riferimenti,preamble,ok,G2,0.6,30.0,60.0,0.0,10.0,0.0
32022D1972,,,Decisione del Consiglio con riferimenti ai Trattati,preamble,ok,G2,0.9,10.0,90.0,0.0,0.0,0.0
32022D2063,,,Atto tecnico con riferimenti a principi e linee guida,preamble,ok,G3,0.5,10.0,30.0,50.0,10.0,0.0
32022R0345,,,Regolamento quadro con riferimenti ai trattati,preamble,ok,G2,0.6,20.0,60.0,10.0,5.0,5.0
32022R1288,,,Regolamento delegato con dettagli tecnici,preamble,ok,G3,1.0,0.0,0.0,100.0,0.0,0.0
32022R1854,,,Regolamento quadro con principi e dettagli tecnici,preamble,ok,G2,0.7,10.0,70.0,15.0,5.0,0.0
32022R1998R(01),,,Regolamento tecnico per aggiornare la nomenclatura doganale,preamble,ok,G3,0.7,10.0,20.0,70.0,0.0,0.0
32022R2419,,,Decisione tecnica con riferimenti a trattati e regolamenti,preamble,ok,G3,0.6,10.0,20.0,60.0,10.0,0.0
32023D1217R(02),,,Decisione quadro con principi e dettagli,preamble,ok,G2,0.6,20.0,60.0,10.0,10.0,0.0
32023Q02511,,,Atto tecnico con riferimenti a principi e linee guida,preamble,ok,G3,0.4,10.0,20.0,40.0,30.0,0.0
32023R1162,,,Regolamento di esecuzione tecnico-operativo,preamble,ok,G3,0.8,10.0,0.0,80.0,10.0,0.0
32023R1543R(01),,,Legge quadro con principi fondanti e dettagli tecnici,preamble,ok,G2,0.7,20.0,70.0,5.0,5.0,0.0
32023R1647,,,Regolamento di esecuzione con dettagli tecnici,preamble,ok,G3,0.6,10.0,20.0,60.0,5.0,5.0
32023R2842,,,Legge quadro con riferimenti a principi e dettagli tecnici,preamble,ok,G2,0.7,10.0,70.0,15.0,5.0,0.0
32024D1708,,,Decisione quadro con riferimenti a trattati e procedure tecniche,preamble,ok,G2,0.6,20.0,60.0,10.0,10.0,0.0
32024H02476,,,Raccomandazione non vincolante con riferimenti ai trattati,preamble,ok,G4,0.9,10.0,0.0,0.0,90.0,0.0
32024R0900R(01),,,Legge quadro con principi e dettagli tecnici,preamble,ok,G2,0.7,10.0,70.0,15.0,5.0,0.0
32024R0949,,,Regolamento delegato con dettagli tecnici e riferimenti ai trattati.,preamble,ok,G3,0.8,10.0,0.0,80.0,10.0,0.0
32024R1745,,,Regolamento quadro con riferimenti ai Trattati e dettagli tecnici,preamble,ok,G2,0.7,10.0,70.0,15.0,5.0,0.0
32024R1988R(01),,,Regolamento quadro con principi e dettagli tecnici,preamble,ok,G2,0.6,10.0,60.0,30.0,0.0,0.0
32025D02998,,,Regolamento di esecuzione con riferimenti a trattati e quadro,preamble,ok,G2,0.7,10.0,70.0,20.0,0.0,0.0
32025D0394R(01),,,Decisione del Consiglio con principi e misure operative,preamble,ok,G2,0.6,20.0,60.0,10.0,10.0,0.0
32025D0809,,,Decisione quadro con principi e dettagli operativi,preamble,ok,G2,0.6,20.0,60.0,10.0,10.0,0.0
32025L0025,,,"Direttiva con principi, regole generali e dettagli tecnici",preamble,ok,G2,0.7,10.0,70.0,15.0,5.0,0.0
32025R0414,,,Regolamento tecnico con riferimenti a principi e linee guida,preamble,ok,G3,0.8,10.0,0.0,80.0,10.0,0.0
62003CJ0446,,,Sentenza CGUE su principi e applicazione,title,ok,G5,0.9,10.0,0.0,0.0,0.0,90.0
62004TJ0425,,,Sentenza CGUE su aiuti di Stato,title,ok,G5,0.9,10.0,0.0,0.0,0.0,90.0
62005TJ0415,,,Sentenza CGUE su aiuti di Stato,title,ok,G5,0.9,10.0,0.0,0.0,0.0,90.0
62010CJ0399,,,Sentenza CGUE su aiuti di Stato,title,ok,G5,1.0,0.0,0.0,0.0,0.0,100.0
62010CJ0463,,,Sentenza CGUE su aiuti di Stato,title,ok,G5,0.8,10.0,10.0,0.0,0.0,80.0
62014TJ0423,,,Sentenza CGUE su aiuti di Stato,title,ok,G5,1.0,0.0,0.0,0.0,0.0,100.0
62015CJ0211,,,Sentenza CGUE su concorrenza e aiuti di Stato,title,ok,G5,1.0,0.0,0.0,0.0,0.0,100.0
62015CJ0376,,,Sentenza CGUE su dumping,title,ok,G5,1.0,0.0,0.0,0.0,0.0,100.0
62016TJ0749,,,Sentenza pura di controllo giurisdizionale,title,ok,G5,1.0,0.0,0.0,0.0,0.0,100.0
32004E0570,,,Atto legislativo quadro con riferimenti ai trattati,preamble,ok,G2,0.8,10.0,80.0,5.0,5.0,0.0
32005D0456,,,Direttiva con principi e regole operative,preamble,ok,G2,0.7,15.0,70.0,10.0,5.0,0.0
32005D0928,,,Regolamento tecnico con riferimenti a principi e quadro,preamble,ok,G3,0.6,10.0,20.0,60.0,10.0,0.0
32005E0889,,,"Principi, quadro politico, linee guida",preamble,ok,G2,0.4,30.0,40.0,0.0,30.0,0.0
32006H0952,,,Principi e legge quadro misti,preamble,ok,G2,0.6,30.0,60.0,0.0,10.0,0.0
32006L0111,,,Direttiva quadro con principi e dettagli tecnici,preamble,ok,G2,0.6,20.0,60.0,10.0,10.0,0.0
32006L0112R(20),,,Direttiva quadro con riferimenti ai trattati e dettagli tecnici,preamble,ok,G2,0.7,10.0,70.0,10.0,10.0,0.0
32006R0602,,,Regolamento tecnico con riferimenti a principi e quadro,preamble,ok,G3,0.6,10.0,20.0,60.0,10.0,0.0
32007D0256,,,Decisione di infrazione con riferimento ai Trattati,preamble,ok,G5,0.9,10.0,0.0,0.0,0.0,90.0
32007D0480,,,Decisione tecnica con linee guida applicative,preamble,ok,G4,0.4,10.0,20.0,30.0,40.0,0.0
32008D0145,,,Decisione di infrazione con riferimento ai Trattati,preamble,ok,G5,0.9,10.0,0.0,0.0,0.0,90.0
32008D0149,,,Decisione del Consiglio che approva accordo internazionale,preamble,ok,G2,0.8,20.0,80.0,0.0,0.0,0.0
32008D0263,,,Decisione di infrazione con procedure dettagliate,preamble,ok,G5,0.4,10.0,20.0,30.0,0.0,40.0
32008L0118,,,Direttiva quadro con riferimenti ai trattati e allegati tecnici,preamble,ok,G2,0.7,10.0,70.0,15.0,5.0,0.0
32008R0300R(04),,,Regolamento quadro con principi e dettagli tecnici,preamble,ok,G2,0.7,15.0,70.0,10.0,5.0,0.0
32009D0117,,,Decisione del Consiglio con base giuridica,preamble,ok,G2,0.8,20.0,80.0,0.0,0.0,0.0
32009D0407,,,Legge quadro con riferimenti a principi e dettagli tecnici,preamble,ok,G2,0.7,10.0,70.0,20.0,0.0,0.0
32009D0765,,,Decisione tecnica basata su direttiva,preamble,ok,G3,0.6,10.0,20.0,60.0,10.0,0.0
32009L0030R(02),,,Direttiva con principi e regole operative,preamble,ok,G2,0.7,15.0,70.0,10.0,5.0,0.0
32009R0401R(01),,,Regolamento quadro con principi e dettagli tecnici,preamble,ok,G2,0.7,20.0,70.0,10.0,0.0,0.0
32010R0904R(04),,,Regolamento quadro con riferimenti ai trattati e dettagli tecnici,preamble,ok,G2,0.7,10.0,70.0,15.0,5.0,0.0
32011D0275,,,"Atto tecnico con allegati, basato su direttiva",preamble,ok,G3,0.6,10.0,20.0,60.0,10.0,0.0
32011L0070R(01),,,Legge quadro con riferimenti a principi e giurisprudenza,preamble,ok,G2,0.7,20.0,70.0,5.0,0.0,5.0
32011L0099,,,Legge quadro con riferimenti a principi,preamble,ok,G2,0.7,20.0,70.0,5.0,5.0,0.0
32011R0282R(02),,,Regolamento di esecuzione con riferimenti ai trattati,preamble,ok,G3,0.8,10.0,0.0,80.0,10.0,0.0
32012D0274,,,Decisione tecnica basata su regolamento quadro,preamble,ok,G3,0.8,10.0,0.0,80.0,10.0,0.0
32012R0827R(01),,,Regolamento di esecuzione tecnica con riferimenti ai trattati,preamble,ok,G3,0.8,10.0,0.0,80.0,10.0,0.0
32013R0098,,,Legge quadro con riferimenti a principi e dettagli,preamble,ok,G2,0.7,10.0,70.0,10.0,10.0,0.0
32013R0153R(03),,,Regolamento tecnico basato su delega,preamble,ok,G3,0.85,10.0,0.0,85.0,5.0,0.0
32013R0167R(04),,,Legge quadro con riferimenti a principi e dettagli tecnici,preamble,ok,G2,0.7,10.0,70.0,15.0,5.0,0.0
32013R0409,,,Legge quadro con riferimenti a principi e dettagli tecnici,preamble,ok,G2,0.6,10.0,60.0,20.0,10.0,0.0
32013R0519,,,Adattamento tecnico di regolamenti esistenti,preamble,ok,G3,0.7,10.0,20.0,70.0,0.0,0.0
32013R1305R(01),,,Legge quadro con riferimenti ai trattati,preamble,ok,G2,0.7,15.0,70.0,10.0,5.0,0.0
32014D0145R(05),,,"Principi, decisioni politiche, raccomandazioni",preamble,ok,G2,0.4,30.0,40.0,0.0,30.0,0.0
32014D0249,,,"Atto tecnico basato su delega, con riferimenti a trattati e linee guida.",preamble,ok,G3,0.8,10.0,0.0,80.0,10.0,0.0
32014D0287R(01),,,Delegato tecnico con riferimenti a principi,preamble,ok,G3,0.8,10.0,0.0,80.0,10.0,0.0
32014R0233,,,Regolamento quadro con riferimenti ai trattati,preamble,ok,G2,0.7,20.0,70.0,5.0,5.0,0.0
32014R0269R(03),,,Atto legislativo con principi e misure operative,preamble,ok,G2,0.7,20.0,70.0,5.0,5.0,0.0
32014R0452R(01),,,Regolamento delegato con dettagli tecnici e riferimenti a principi,preamble,ok,G3,0.6,10.0,20.0,60.0,10.0,0.0
32014R0463,,,Regolamento tecnico con riferimenti a principi e linee guida,preamble,ok,G3,0.6,10.0,20.0,60.0,10.0,0.0
32014R0537R(06),,,Legge quadro con principi e dettagli tecnici,preamble,ok,G2,0.7,15.0,70.0,10.0,5.0,0.0
32014R0680,,,Regolamento tecnico con riferimenti a principi e linee guida,preamble,ok,G3,0.8,10.0,0.0,80.0,10.0,0.0
32014R1382,,,"Aggiornamento tecnico di allegato, riferimenti a trattati e linee guida.",preamble,ok,G3,0.8,10.0,0.0,80.0,10.0,0.0
32015D2309,,,Principi e regole quadro con riferimenti strategici,preamble,ok,G2,0.6,20.0,60.0,10.0,10.0,0.0
32015O0044,,,Linea guida con riferimenti a regolamenti e principi,preamble,ok,G4,0.4,10.0,20.0,30.0,40.0,0.0
32015R0378,,,Regolamento di esecuzione tecnica con riferimenti ai trattati,preamble,ok,G3,0.8,10.0,0.0,80.0,10.0,0.0
32015R0751R(01),,,Legge quadro con principi e dettagli tecnici,preamble,ok,G2,0.7,15.0,70.0,10.0,5.0,0.0
32015R0760R(01),,,Legge quadro con principi e dettagli tecnici,preamble,ok,G2,0.7,15.0,70.0,10.0,5.0,0.0
32016R0467R(01),,,Direttiva quadro con riferimenti a trattati e dettagli tecnici,preamble,ok,G2,0.6,10.0,60.0,20.0,10.0,0.0
32016R0867R(02),,,Atto tecnico con riferimenti a principi e linee guida,preamble,ok,G3,0.5,10.0,30.0,50.0,10.0,0.0
32016R0908R(01),,,Regolamento delegato con criteri tecnici e linee guida,preamble,ok,G3,0.8,10.0,0.0,80.0,10.0,0.0
32016R1036,,,Legge quadro con principi e dettagli tecnici,preamble,ok,G2,0.7,10.0,70.0,15.0,5.0,0.0
32016R1185R(03),,,Regolamento di esecuzione con dettagli tecnici,preamble,ok,G3,0.6,10.0,20.0,60.0,10.0,0.0
32016R2338,,,Legge quadro con riferimenti ai trattati,preamble,ok,G2,0.8,10.0,80.0,5.0,5.0,0.0
32017R0745R(02),,,Regolamento quadro con principi e dettagli tecnici,preamble,ok,G2,0.7,15.0,70.0,10.0,5.0,0.0
32017R0969,,,Regolamento tecnico con riferimenti a trattati e procedure,preamble,ok,G3,0.6,10.0,20.0,60.0,10.0,0.0
32017R1129R(02),,,Regolamento quadro con principi e dettagli tecnici,preamble,ok,G2,0.7,10.0,70.0,15.0,5.0,0.0
32017R1939R(02),,,Legge quadro con principi fondanti e dettagli tecnici,preamble,ok,G2,0.7,20.0,70.0,5.0,5.0,0.0
32018R0956,,,Legge quadro con principi e dettagli tecnici,preamble,ok,G2,0.7,15.0,70.0,10.0,5.0,0.0
32018R1467,,,Regolamento delegato con dettagli tecnici e riferimenti a principi,preamble,ok,G3,0.6,10.0,20.0,60.0,10.0,0.0
32018R1602,,,Regolamento tecnico con riferimenti a trattati e decisioni,preamble,ok,G3,0.6,10.0,20.0,60.0,10.0,0.0
32018R1727R(07),,,Regolamento quadro con riferimenti ai trattati,preamble,ok,G2,0.7,20.0,70.0,5.0,5.0,0.0
32019D0031,,,Decisione tecnica con riferimenti a trattati e regole operative,preamble,ok,G3,0.5,10.0,30.0,50.0,10.0,0.0
32019D1202,,,Regolamento tecnico con riferimenti a principi e quadro,preamble,ok,G3,0.6,10.0,20.0,60.0,10.0,0.0
32019D1912,,,Decisione del Consiglio su posizione esterna,preamble,ok,G2,0.7,10.0,70.0,10.0,5.0,5.0
32019L0789,,,Legge quadro con principi e dettagli tecnici,preamble,ok,G2,0.7,15.0,70.0,10.0,5.0,0.0
32019L1995,,,Direttiva con principi e dettagli tecnici,preamble,ok,G2,0.7,10.0,70.0,15.0,5.0,0.0
32019L2121,,,Legge quadro con principi fondanti e dettagli tecnici,preamble,ok,G2,0.7,20.0,70.0,5.0,5.0,0.0
32019R1700,,,Legge quadro con principi e dettagli tecnici,preamble,ok,G2,0.7,15.0,70.0,10.0,5.0,0.0
32019R2026R(02),,,Legge quadro con riferimenti a principi e dettagli tecnici,preamble,ok,G2,0.6,10.0,60.0,30.0,0.0,0.0
32019R2176,,,Legge quadro con riferimenti a principi e dettagli,preamble,ok,G2,0.7,10.0,70.0,10.0,5.0,5.0
32020D0472R(01),,,Atto legislativo con principi e regole operative,preamble,ok,G2,0.6,20.0,60.0,10.0,10.0,0.0
32020D2253R(01),,,Atto legislativo con riferimenti ai trattati,preamble,ok,G2,0.8,20.0,80.0,0.0,0.0,0.0
32020H1307,,,Principi e regole quadro con dettagli tecnici,preamble,ok,G2,0.6,20.0,60.0,10.0,10.0,0.0
32020R0256R(01),,,Delegato tecnico con riferimenti a principi e linee guida,preamble,ok,G3,0.8,10.0,0.0,80.0,10.0,0.0
32020R0445,,,Regolamento delegato con dettagli tecnici e riferimenti ai trattati.,preamble,ok,G3,0.8,10.0,0.0,80.0,10.0,0.0
32020R0469R(02),,,Atto tecnico con riferimenti a principi,preamble,ok,G3,0.85,10.0,0.0,85.0,5.0,0.0
32020R0740R(03),,,Legge quadro con principi e dettagli tecnici,preamble,ok,G2,0.7,10.0,70.0,15.0,5.0,0.0
32020R1019,,,Regolamento di esecuzione con riferimenti ai trattati,preamble,ok,G3,0.8,10.0,0.0,80.0,10.0,0.0
32020R1227,,,Regolamento tecnico per notifiche STS,preamble,ok,G3,0.85,10.0,0.0,85.0,5.0,0.0
32020R2223,,,Legge quadro con principi e dettagli tecnici,preamble,ok,G2,0.7,15.0,70.0,10.0,5.0,0.0
32021D0173R(01),,,Atto delegato con riferimenti a trattati e linee guida,preamble,ok,G3,0.4,10.0,30.0,40.0,20.0,0.0
32021D0553,,,"Decisione tecnica con deroghe, basata su regolamenti",preamble,ok,G3,0.8,10.0,0.0,80.0,10.0,0.0
32021D0764R(01),,,Legge quadro con riferimenti a principi e dettagli tecnici,preamble,ok,G2,0.7,10.0,70.0,20.0,0.0,0.0
32021D1012,,,Decisione del Consiglio con riferimenti ai Trattati,preamble,ok,G2,0.8,20.0,80.0,0.0,0.0,0.0
32021D1737R(01),,,Principi trattati e quadro legislativo,preamble,ok,G2,0.6,20.0,60.0,10.0,10.0,0.0
32021D1822,,,Decisione di nomina con riferimenti a trattati e regolamenti,preamble,ok,G2,0.7,10.0,70.0,0.0,0.0,20.0
32021R0267,,,Legislazione quadro con riferimenti ai trattati,preamble,ok,G2,0.7,15.0,70.0,10.0,5.0,0.0
32021R0447,,,Regolamento delegato con dettagli tecnici e riferimenti a principi,preamble,ok,G3,0.6,10.0,20.0,60.0,10.0,0.0
32021R0664R(02),,,Regolamento delegato con dettagli tecnici e riferimenti a principi,preamble,ok,G3,0.6,10.0,20.0,60.0,10.0,0.0
32021R0690R(02),,,Legge quadro con principi fondanti e dettagli tecnici,preamble,ok,G2,0.7,20.0,70.0,5.0,5.0,0.0
32021R0695R(03),,,Legge quadro con principi fondanti e dettagli tecnici,preamble,ok,G2,0.7,20.0,70.0,5.0,5.0,0.0
32021R0776R(01),,,Regolamento delegato con dettagli tecnici,preamble,ok,G3,0.85,10.0,0.0,85.0,5.0,0.0
32021R1056,,,Legge quadro con principi e dettagli tecnici,preamble,ok,G2,0.7,20.0,70.0,5.0,5.0,0.0
32021R1057,,,Legge quadro con riferimenti a principi,preamble,ok,G2,0.7,20.0,70.0,5.0,5.0,0.0
32021R1153R(01),,,Legge quadro con principi fondanti e dettagli tecnici,preamble,ok,G2,0.7,20.0,70.0,5.0,5.0,0.0
32022D2574,,,Decisione del Consiglio con riferimenti a trattati e regole operative,preamble,ok,G2,0.7,10.0,70.0,15.0,5.0,0.0
32022R0229R(01),,,Regolamento delegato con dettagli tecnici e riferimenti a principi,preamble,ok,G3,0.6,10.0,20.0,60.0,10.0,0.0
32022R0355,,,Regolamento quadro con riferimenti ai trattati e dettagli tecnici,preamble,ok,G2,0.6,20.0,60.0,10.0,5.0,5.0
32022R1280,,,Legge quadro con riferimenti a principi e dettagli tecnici,preamble,ok,G2,0.7,10.0,70.0,10.0,5.0,5.0
32022R2577,,,Legge quadro con riferimenti ai trattati,preamble,ok,G2,0.8,20.0,80.0,0.0,0.0,0.0
32023D0310,,,Decisione del Consiglio con riferimenti ai Trattati e procedure operative,preamble,ok,G2,0.6,20.0,60.0,10.0,10.0,0.0
32023D1228,,,Decisione tecnica con riferimenti a trattati e direttive,preamble,ok,G3,0.4,10.0,20.0,40.0,0.0,30.0
32023D1229,,,Decisione di infrazione con riferimenti a principi e linee guida,preamble,ok,G5,0.4,10.0,20.0,0.0,30.0,40.0
32023D2686R(01),,,Legge quadro con principi e dettagli tecnici,preamble,ok,G2,0.6,20.0,60.0,10.0,10.0,0.0
32023L0959R(06),,,Legge quadro con principi e dettagli tecnici,preamble,ok,G2,0.7,15.0,70.0,10.0,5.0,0.0
32023L2673,,,Direttiva con principi e regole operative,preamble,ok,G2,0.7,20.0,70.0,5.0,5.0,0.0
32023R0988,,,Regolamento quadro con principi e dettagli tecnici,preamble,ok,G2,0.7,15.0,70.0,10.0,5.0,0.0
32023R1114R(05),,,Legge quadro con principi e dettagli tecnici,preamble,ok,G2,0.7,15.0,70.0,10.0,5.0,0.0
32023R1115R(01),,,Legge quadro con principi e dettagli tecnici,preamble,ok,G2,0.7,20.0,70.0,5.0,5.0,0.0
32023R1230,,,Legge quadro con principi e dettagli tecnici,preamble,ok,G2,0.7,10.0,70.0,15.0,5.0,0.0
32023R1594R(01),,,Regolamento quadro con riferimenti a trattati e decisioni,preamble,ok,G2,0.7,10.0,70.0,10.0,5.0,5.0
32023R1773R(01),,,Regolamento di esecuzione con dettagli tecnici,preamble,ok,G3,0.8,10.0,0.0,80.0,10.0,0.0
32023R2364R(01),,,Regolamento tecnico per aggiornare nomenclatura,preamble,ok,G3,0.7,10.0,20.0,70.0,0.0,0.0
32023R2854R(01),,,Legge quadro con principi e dettagli tecnici,preamble,ok,G2,0.7,10.0,70.0,15.0,5.0,0.0
32024D0560,,,Decisione tecnica con riferimenti a principi e regole,preamble,ok,G3,0.4,10.0,20.0,40.0,20.0,10.0
32024D1470,,,Principi fondanti e decisione quadro,preamble,ok,G2,0.7,30.0,70.0,0.0,0.0,0.0
32024D3182,,,Decisione PESC con principi e regole operative,preamble,ok,G2,0.6,20.0,60.0,10.0,5.0,5.0
32024L1619,,,"Direttiva con principi, regole e riferimenti tecnici",preamble,ok,G2,0.7,10.0,70.0,10.0,10.0,0.0
32024L2749R(01),,,Legge quadro con principi e dettagli tecnici,preamble,ok,G2,0.7,15.0,70.0,10.0,5.0,0.0
32024R0886R(01),,,Legge quadro con riferimenti a principi e dettagli tecnici,preamble,ok,G2,0.7,10.0,70.0,15.0,5.0,0.0
32024R0903,,,Legge quadro con principi e dettagli tecnici,preamble,ok,G2,0.7,15.0,70.0,10.0,5.0,0.0
32024R1041,,,Atto delegato tecnico con riferimenti a principi e quadro,preamble,ok,G3,0.6,10.0,20.0,60.0,10.0,0.0
32024R1107,,,Regolamento tecnico con riferimenti a principi e quadro,preamble,ok,G3,0.7,10.0,20.0,70.0,0.0,0.0
32024R1157R(03),,,Legge quadro con principi e dettagli tecnici,preamble,ok,G2,0.7,10.0,70.0,10.0,5.0,5.0
32024R1485,,,Legge quadro con principi e dettagli tecnici,preamble,ok,G2,0.6,20.0,60.0,10.0,10.0,0.0
32024R2465,,,Atto tecnico basato su regolamenti quadro,preamble,ok,G3,0.9,10.0,0.0,90.0,0.0,0.0
32024R2979R(01),,,Regolamento di esecuzione tecnica con riferimenti a principi,preamble,ok,G3,0.8,10.0,0.0,80.0,10.0,0.0
32024R3110,,,Legge quadro con riferimenti a principi e dettagli tecnici,preamble,ok,G2,0.7,10.0,70.0,15.0,5.0,0.0
32025D1016,,,Decisione tecnica basata su regolamenti e direttive,preamble,ok,G3,0.6,10.0,20.0,60.0,10.0,0.0
32025L0002,,,Legge quadro con principi e dettagli tecnici,preamble,ok,G2,0.7,10.0,70.0,10.0,10.0,0.0
32025R0305,,,Regolamento delegato con dettagli tecnici e riferimenti ai trattati,preamble,ok,G3,0.8,10.0,0.0,80.0,10.0,0.0
32025R0398R(01),,,Atto legislativo con principi e dettagli tecnici,preamble,ok,G2,0.7,10.0,70.0,15.0,5.0,0.0
62000TJ0369,,,Sentenza CGUE su annullamento e aiuti di Stato,title,ok,G5,1.0,0.0,0.0,0.0,0.0,100.0
62007CJ0202,,,Sentenza CGUE su abuso posizione dominante,title,ok,G5,0.9,10.0,0.0,0.0,0.0,90.0
62009TJ0528,,,Sentenza pura di controllo giurisdizionale,title,ok,G5,1.0,0.0,0.0,0.0,0.0,100.0
32004L0109R(01),,,Legge quadro con principi e dettagli tecnici,preamble,ok,G2,0.7,15.0,70.0,10.0,5.0,0.0
32005L0029R(03),,,Legge quadro con riferimenti ai trattati,preamble,ok,G2,0.7,20.0,70.0,5.0,5.0,0.0
32006E0242,,,Principi fondanti e quadro legislativo,preamble,ok,G2,0.6,30.0,60.0,0.0,10.0,0.0
32006L0126R(01),,,Direttiva quadro con principi e dettagli tecnici,preamble,ok,G2,0.7,15.0,70.0,10.0,5.0,0.0
32006R1287R(01),,,Legge quadro con principi e dettagli tecnici,preamble,ok,G2,0.7,10.0,70.0,20.0,0.0,0.0
32006R1987,,,Regolamento quadro con riferimenti ai trattati,preamble,ok,G2,0.7,15.0,70.0,10.0,5.0,0.0
32007L0002,,,Legge quadro con principi e dettagli tecnici,preamble,ok,G2,0.7,20.0,70.0,10.0,0.0,0.0
32007O0009,,,Atto tecnico con riferimenti a regolamenti e linee guida,preamble,ok,G3,0.5,10.0,20.0,50.0,20.0,0.0
32008D0049,,,Atto tecnico con riferimenti a principi e linee guida,preamble,ok,G3,0.5,10.0,20.0,50.0,20.0,0.0
32008D0191,,,Decisione del Consiglio con base giuridica,preamble,ok,G2,0.8,20.0,80.0,0.0,0.0,0.0
32008D0262R(01),,,Decisione del Consiglio con riferimenti ai Trattati,preamble,ok,G2,0.7,10.0,70.0,10.0,5.0,5.0
32008D0386,,,Atto tecnico con riferimenti a principi e linee guida,preamble,ok,G3,0.6,10.0,20.0,60.0,10.0,0.0
32008L0001,,,Legge quadro con riferimenti ai trattati e dettagli tecnici,preamble,ok,G2,0.7,20.0,70.0,10.0,0.0,0.0
32008L0048R(08),,,Legge quadro con riferimenti a principi e dettagli,preamble,ok,G2,0.7,10.0,70.0,10.0,10.0,0.0
32008L0068,,,Direttiva quadro con principi e dettagli tecnici,preamble,ok,G2,0.7,10.0,70.0,15.0,5.0,0.0
32008L0098R(03),,,Direttiva quadro con principi e regole operative,preamble,ok,G2,0.7,15.0,70.0,10.0,5.0,0.0
32008R0767R(04),,,Legge quadro con principi e dettagli tecnici,preamble,ok,G2,0.7,10.0,70.0,15.0,5.0,0.0
32008R1137R(02),,,Legge quadro con riferimenti ai trattati e procedure tecniche,preamble,ok,G2,0.7,20.0,70.0,10.0,0.0,0.0
32009D0766,,,Atto quadro con riferimenti a trattati e dettagli tecnici,preamble,ok,G2,0.6,10.0,60.0,20.0,10.0,0.0
32009L0031R(02),,,Legge quadro con principi e dettagli tecnici,preamble,ok,G2,0.6,20.0,60.0,10.0,10.0,0.0
32009L0136,,,Legge quadro con riferimenti a trattati e dettagli tecnici,preamble,ok,G2,0.7,10.0,70.0,10.0,5.0,5.0
32009L0147R(01),,,Principi ambientali e quadro legislativo,preamble,ok,G2,0.7,20.0,70.0,5.0,5.0,0.0
32009R0004R(06),,,Legge quadro con riferimenti ai trattati e dettagli tecnici,preamble,ok,G2,0.7,20.0,70.0,10.0,0.0,0.0
32009R0428R(04),,,Principi e regole quadro con dettagli tecnici,preamble,ok,G2,0.6,20.0,60.0,10.0,10.0,0.0
32009R0560,,,Regolamento tecnico per implementazione .eu,preamble,ok,G3,0.8,10.0,0.0,80.0,10.0,0.0
32009R1073R(01),,,Regolamento quadro con riferimenti ai trattati,preamble,ok,G2,0.7,10.0,70.0,10.0,5.0,5.0
32009R1179R(01),,,Regolamento tecnico che modifica classificazioni doganali,preamble,ok,G3,0.6,10.0,20.0,60.0,10.0,0.0
32010D0427,,,"Decisione istituisce EEAS, principi da Trattati",preamble,ok,G2,0.7,20.0,70.0,5.0,5.0,0.0
32010R0036R(06),,,Regolamento tecnico con riferimenti a principi e linee guida,preamble,ok,G3,0.6,10.0,20.0,60.0,10.0,0.0
32010R0407,,,Principi trattatari e regole quadro operative,preamble,ok,G2,0.8,20.0,80.0,0.0,0.0,0.0
32010R0911,,,Legge quadro con riferimenti a principi,preamble,ok,G2,0.7,20.0,70.0,5.0,5.0,0.0
32010R1177R(01),,,Regolamento quadro con principi e dettagli tecnici,preamble,ok,G2,0.7,15.0,70.0,10.0,5.0,0.0
32011D0765,,,Atto delegato con dettagli tecnici e riferimenti a principi,preamble,ok,G3,0.5,10.0,30.0,50.0,10.0,0.0
32011L0016,,,Legge quadro con principi e dettagli tecnici,preamble,ok,G2,0.7,10.0,70.0,15.0,5.0,0.0
32011L0024R(04),,,Direttiva con principi e regole quadro,preamble,ok,G2,0.7,20.0,70.0,5.0,5.0,0.0
32011L0061R(02),,,Direttiva quadro con principi e dettagli tecnici,preamble,ok,G2,0.7,10.0,70.0,10.0,5.0,5.0
32011L0093R(02),,,Principi fondanti e quadro legislativo combinati,preamble,ok,G2,0.6,40.0,60.0,0.0,0.0,0.0
32011R0620,,,Atto tecnico con riferimenti a trattati e linee guida,preamble,ok,G3,0.8,10.0,0.0,80.0,10.0,0.0
32011R1176,,,Legge quadro con principi fondanti e dettagli tecnici,preamble,ok,G2,0.7,20.0,70.0,5.0,5.0,0.0
32012L0029R(01),,,Legge quadro con principi fondanti e dettagli tecnici,preamble,ok,G2,0.7,20.0,70.0,5.0,5.0,0.0
32012R0258R(04),,,Legge quadro con principi e dettagli tecnici,preamble,ok,G2,0.6,20.0,60.0,10.0,10.0,0.0
32012R0267R(07),,,Regolamento quadro con principi e dettagli tecnici,preamble,ok,G2,0.7,10.0,70.0,20.0,0.0,0.0
32012R0295,,,Regolamento tecnico di aggiornamento lista,preamble,ok,G3,0.6,10.0,20.0,60.0,10.0,0.0
32012R0918,,,"Atto delegato tecnico, riferimenti ai trattati",preamble,ok,G3,0.9,10.0,0.0,90.0,0.0,0.0
32012R1024R(01),,,Legge quadro con principi e dettagli tecnici,preamble,ok,G2,0.7,10.0,70.0,15.0,5.0,0.0
32012R1215R(10),,,Legge quadro con riferimenti ai trattati e dettagli tecnici,preamble,ok,G2,0.7,15.0,70.0,10.0,5.0,0.0
32013D0755,,,Decisione legislativa quadro con riferimenti ai Trattati,preamble,ok,G2,0.8,10.0,80.0,5.0,5.0,0.0
32013L0029R(05),,,Direttiva quadro con riferimenti a trattati e allegati tecnici,preamble,ok,G2,0.7,10.0,70.0,15.0,5.0,0.0
32013L0034R(07),,,Direttiva con principi e riferimenti a comunicazioni,preamble,ok,G2,0.8,10.0,80.0,5.0,5.0,0.0
32013R0149R(01),,,Regolamento tecnico con riferimenti a principi e linee guida,preamble,ok,G3,0.6,10.0,20.0,60.0,10.0,0.0
32013R0215,,,Decisione tecnica con dettagli procedurali,preamble,ok,G3,0.6,10.0,20.0,60.0,10.0,0.0
32013R0646,,,Aggiornamento tecnico di allegato,preamble,ok,G3,0.9,10.0,0.0,90.0,0.0,0.0
32013R0886R(01),,,Regolamento tecnico con riferimenti a principi e linee guida,preamble,ok,G3,0.6,10.0,20.0,60.0,10.0,0.0
32013R1022,,,Legge quadro con principi e dettagli tecnici,preamble,ok,G2,0.7,15.0,70.0,10.0,5.0,0.0
32013R1303R(04),,,Legge quadro con riferimenti ai trattati,preamble,ok,G2,0.8,20.0,80.0,0.0,0.0,0.0
32013R1304R(03),,,Legge quadro con principi e dettagli tecnici,preamble,ok,G2,0.7,15.0,70.0,10.0,5.0,0.0
32013R1311R(04),,,Regolamento quadro con principi e dettagli tecnici,preamble,ok,G2,0.7,20.0,70.0,10.0,0.0,0.0
32013R1407,,,"Regolamento Commissione con principi, regole quadro e dettagli tecnici",preamble,ok,G2,0.6,10.0,60.0,20.0,10.0,0.0
32014D0115,,,"Approvazione accordo internazionale, riferimenti ai Trattati",preamble,ok,G2,0.8,20.0,80.0,0.0,0.0,0.0
32014L0091R(02),,,Direttiva con principi e dettagli tecnici,preamble,ok,G2,0.7,10.0,70.0,15.0,5.0,0.0
32014R0165R(01),,,Regolamento quadro con principi e dettagli tecnici,preamble,ok,G2,0.7,10.0,70.0,15.0,5.0,0.0
32014R0241R(02),,,Regolamento delegato con dettagli tecnici,preamble,ok,G3,0.9,10.0,0.0,90.0,0.0,0.0
32014R0283,,,Legge quadro con principi fondanti e dettagli tecnici,preamble,ok,G2,0.7,20.0,70.0,5.0,5.0,0.0
32014R0368,,,Regolamento tecnico con riferimenti a principi e quadro,preamble,ok,G3,0.6,10.0,20.0,60.0,10.0,0.0
32014R0377,,,Legge quadro con riferimenti ai trattati e dettagli tecnici,preamble,ok,G2,0.7,15.0,70.0,10.0,5.0,0.0
32014R0655R(04),,,Legge quadro con riferimenti ai trattati,preamble,ok,G2,0.7,20.0,70.0,5.0,5.0,0.0
32014R0833,,,Regolamento quadro con principi e dettagli,preamble,ok,G2,0.6,20.0,60.0,10.0,10.0,0.0
32014R1321R(03),,,Regolamento tecnico con riferimenti a principi e quadro,preamble,ok,G3,0.6,10.0,20.0,60.0,10.0,0.0
32014R1374,,,Legge quadro con riferimenti a principi e dettagli tecnici,preamble,ok,G2,0.6,10.0,60.0,20.0,10.0,0.0
32015D1814R(02),,,Legge quadro con riferimenti ai trattati e dettagli tecnici,preamble,ok,G2,0.7,15.0,70.0,10.0,5.0,0.0
32015R0758,,,Legge quadro con principi e dettagli tecnici,preamble,ok,G2,0.7,10.0,70.0,10.0,10.0,0.0
32015R0848R(06),,,Legge quadro con riferimenti ai trattati,preamble,ok,G2,0.7,20.0,70.0,5.0,5.0,0.0
32015R1589R(02),,,Regolamento quadro con riferimenti ai trattati e dettagli tecnici,preamble,ok,G2,0.6,20.0,60.0,10.0,10.0,0.0
32015R1974,,,Regolamento delegato con dettagli tecnici,preamble,ok,G3,0.7,10.0,20.0,70.0,0.0,0.0
32016L0943R(01),,,Legge quadro con principi e dettagli tecnici,preamble,ok,G2,0.7,15.0,70.0,10.0,5.0,0.0
32016L1629R(01),,,Legge quadro con riferimenti a trattati e allegati tecnici,preamble,ok,G2,0.7,10.0,70.0,15.0,5.0,0.0
32016R0101R(01),,,Regolamento tecnico con riferimenti a principi e linee guida,preamble,ok,G3,0.8,10.0,0.0,80.0,10.0,0.0
32016R0172,,,Regolamento delegato con dettagli tecnici e riferimenti ai trattati.,preamble,ok,G3,0.8,10.0,0.0,80.0,10.0,0.0
32016R1011R(01),,,Legge quadro con principi e dettagli tecnici,preamble,ok,G2,0.7,15.0,70.0,10.0,5.0,0.0
32016R1055,,,Regolamento delegato con dettagli tecnici,preamble,ok,G3,0.8,10.0,0.0,80.0,10.0,0.0
32016R1103R(04),,,Legge quadro con principi fondanti e dettagli tecnici,preamble,ok,G2,0.7,20.0,70.0,5.0,5.0,0.0
32016R1447R(01),,,Regolamento tecnico con riferimenti a principi e quadro,preamble,ok,G3,0.6,10.0,20.0,60.0,10.0,0.0
32017D0971R(01),,,Decisione del Consiglio con principi e dettagli operativi,preamble,ok,G2,0.7,10.0,70.0,10.0,10.0,0.0
32017D1908R(01),,,Decisione del Consiglio su applicazione Schengen,preamble,ok,G2,0.8,10.0,80.0,5.0,5.0,0.0
32017R0215,,,Regolamento delegato con riferimenti a trattati e linee guida,preamble,ok,G3,0.8,10.0,0.0,80.0,10.0,0.0
32017R0366,,,Regolamento tecnico con riferimenti a principi e applicazione,preamble,ok,G3,0.6,10.0,20.0,60.0,5.0,5.0
32017R0373R(05),,,Regolamento di esecuzione con dettagli tecnici,preamble,ok,G3,0.6,10.0,20.0,60.0,10.0,0.0
32017R1369R(01),,,Legge quadro con principi e dettagli tecnici,preamble,ok,G2,0.7,15.0,70.0,10.0,5.0,0.0
32018D1247,,,Decisione CFSP con principi e regole operative,preamble,ok,G2,0.7,20.0,70.0,0.0,10.0,0.0
32018D1249,,,Regolamento quadro con riferimenti a trattati e dettagli operativi,preamble,ok,G2,0.7,10.0,70.0,10.0,10.0,0.0
32018R0105,,,Regolamento tecnico con riferimenti a principi e direttive,preamble,ok,G3,0.6,10.0,20.0,60.0,10.0,0.0
32018R0762R(02),,,Regolamento tecnico basato su direttiva,preamble,ok,G3,0.6,10.0,20.0,60.0,10.0,0.0
32018R0858R(08),,,Legge quadro con principi e dettagli tecnici,preamble,ok,G2,0.7,15.0,70.0,10.0,5.0,0.0
32019L0883,,,Legge quadro con principi fondanti e dettagli tecnici,preamble,ok,G2,0.7,20.0,70.0,5.0,5.0,0.0
32019R0942R(01),,,Legge quadro con riferimenti ai trattati,preamble,ok,G2,0.8,10.0,80.0,5.0,5.0,0.0
32019R0945R(04),,,Regolamento tecnico con riferimenti a principi e quadro,preamble,ok,G3,0.7,10.0,20.0,70.0,0.0,0.0
32019R0947R(07),,,Regolamento delegato con dettagli tecnici e principi,preamble,ok,G3,0.5,10.0,30.0,50.0,10.0,0.0
32019R1149R(01),,,Legge quadro con principi fondanti e dettagli tecnici,preamble,ok,G2,0.7,20.0,70.0,5.0,5.0,0.0
32019R1163R(01),,,Atto di esecuzione tecnica basato su regolamenti quadro,preamble,ok,G3,0.9,10.0,0.0,90.0,0.0,0.0
32019R1693,,,Regolamento di esecuzione con dettagli tecnici,preamble,ok,G3,0.6,10.0,20.0,60.0,10.0,0.0
32020D0167,,,Atto tecnico con riferimenti a principi e linee guida,preamble,ok,G3,0.8,10.0,0.0,80.0,10.0,0.0
32020H1563,,,"Principi sociali, riferimenti a direttive, raccomandazioni non vincolanti.",preamble,ok,G4,0.5,20.0,30.0,0.0,50.0,0.0
32020R0698,,,Legge quadro con principi e dettagli tecnici,preamble,ok,G2,0.7,15.0,70.0,10.0,5.0,0.0
32020R0852R(06),,,Legge quadro con riferimenti ai trattati,preamble,ok,G2,0.7,20.0,70.0,5.0,5.0,0.0
32020R0877,,,Modifica regolamento delegato per dettagli tecnici,preamble,ok,G3,0.8,10.0,0.0,80.0,10.0,0.0
32020R1225R(01),,,Regolamento delegato con dettagli tecnici e riferimenti ai trattati,preamble,ok,G3,0.8,10.0,0.0,80.0,10.0,0.0
32020R1783R(02),,,Legge quadro con principi e dettagli tecnici,preamble,ok,G2,0.7,15.0,70.0,10.0,5.0,0.0
32020R2254R(01),,,Implementazione tecnica di regole doganali,preamble,ok,G3,0.6,10.0,20.0,60.0,10.0,0.0
32021D0826,,,Decisione tecnica basata su regolamenti esistenti,preamble,ok,G3,0.6,10.0,20.0,60.0,10.0,0.0
32021D2111,,,Decisione del Consiglio su accordo internazionale,preamble,ok,G2,0.8,20.0,80.0,0.0,0.0,0.0
32021D2293,,,Decisione del Consiglio con riferimenti ai Trattati e regole operative,preamble,ok,G2,0.7,10.0,70.0,15.0,5.0,0.0
32021L0514R(02),,,Direttiva quadro con principi e dettagli tecnici,preamble,ok,G2,0.7,10.0,70.0,10.0,10.0,0.0
32021L2167R(04),,,Legge quadro con principi e dettagli tecnici,preamble,ok,G2,0.7,15.0,70.0,10.0,5.0,0.0
32021R0692,,,Legge quadro con principi fondanti e dettagli tecnici,preamble,ok,G2,0.7,20.0,70.0,5.0,5.0,0.0
32021R0696R(01),,,Legge quadro con principi fondanti e dettagli tecnici,preamble,ok,G2,0.7,20.0,70.0,5.0,5.0,0.0
32021R0784R(01),,,Regolamento quadro con principi e dettagli tecnici,preamble,ok,G2,0.6,20.0,60.0,10.0,10.0,0.0
32021R1060R(05),,,Legge quadro con riferimenti ai trattati,preamble,ok,G2,0.7,20.0,70.0,5.0,5.0,0.0
32021R1134R(04),,,Legge quadro con riferimenti a trattati e dettagli tecnici,preamble,ok,G2,0.7,15.0,70.0,10.0,5.0,0.0
32021R1755,,,Legge quadro con riferimenti ai trattati,preamble,ok,G2,0.8,10.0,80.0,5.0,5.0,0.0
32021R2325R(02),,,Regolamento delegato con riferimenti ai trattati,preamble,ok,G3,0.8,10.0,0.0,80.0,10.0,0.0
32022D0567,,,Decisione del Consiglio con base nei Trattati,preamble,ok,G2,0.8,20.0,80.0,0.0,0.0,0.0
32022D2245,,,Legge quadro con principi e dettagli tecnici,preamble,ok,G2,0.6,20.0,60.0,10.0,10.0,0.0
32022R0334R(02),,,Regolamento quadro con principi e dettagli tecnici,preamble,ok,G2,0.6,20.0,60.0,10.0,5.0,5.0
32022R0879R(03),,,Regolamento quadro con riferimenti ai Trattati e dettagli tecnici,preamble,ok,G2,0.7,10.0,70.0,20.0,0.0,0.0
32022R1994,,,Atto tecnico con riferimenti a principi e linee guida,preamble,ok,G3,0.8,10.0,0.0,80.0,10.0,0.0
32022R2399,,,Legge quadro con principi e dettagli tecnici,preamble,ok,G2,0.7,15.0,70.0,10.0,5.0,0.0
32023D0387,,,Legge quadro con principi fondanti e dettagli tecnici,preamble,ok,G2,0.6,20.0,60.0,10.0,10.0,0.0
32023D0829,,,"Atto tecnico basato su deleghe, con riferimenti a principi e linee guida.",preamble,ok,G3,0.8,10.0,0.0,80.0,10.0,0.0
32023D2064,,,"Cita trattati, stabilisce obiettivi e misure operative",preamble,ok,G2,0.5,30.0,50.0,10.0,10.0,0.0
32023D2879R(01),,,Atto di esecuzione tecnica con riferimenti a principi,preamble,ok,G3,0.6,10.0,20.0,60.0,10.0,0.0
32023H00994,,,Decisione quadro con riferimenti a trattati e allegati tecnici,preamble,ok,G2,0.6,20.0,60.0,10.0,10.0,0.0
32023R0137R(05),,,Regolamento tecnico con riferimenti a principi e quadro,preamble,ok,G3,0.6,10.0,20.0,60.0,10.0,0.0
32023R0444R(01),,,Atto delegato con dettagli tecnici e riferimenti a principi,preamble,ok,G3,0.6,10.0,20.0,60.0,10.0,0.0
32023R0657,,,Legge quadro con riferimenti a trattati e procedure,preamble,ok,G2,0.7,20.0,70.0,5.0,5.0,0.0
32023R0839,,,Legge quadro con principi e dettagli tecnici,preamble,ok,G2,0.7,15.0,70.0,10.0,5.0,0.0
32023R1123,,,Regolamento di esecuzione con riferimenti a trattati e regolamenti quadro,preamble,ok,G3,0.6,10.0,20.0,60.0,10.0,0.0
32023R1176,,,Regolamento di esecuzione tecnica con riferimenti a trattati e legge quadro,preamble,ok,G3,0.7,10.0,20.0,70.0,0.0,0.0
32023R1214R(06),,,Regolamento quadro con riferimenti ai Trattati e dettagli tecnici,preamble,ok,G2,0.7,10.0,70.0,15.0,5.0,0.0
32023R1215,,,Regolamento quadro con riferimenti a trattati e allegati tecnici,preamble,ok,G2,0.7,10.0,70.0,15.0,5.0,0.0
32023R1694,,,Revisione tecnica TSI con riferimenti a principi e quadro,preamble,ok,G3,0.6,10.0,20.0,60.0,10.0,0.0
32023R2381,,,Regolamento di esecuzione con dettagli tecnici,preamble,ok,G3,0.6,10.0,20.0,60.0,10.0,0.0
32023R2441,,,Regolamento tecnico con riferimenti a principi e linee guida,preamble,ok,G3,0.6,10.0,20.0,60.0,10.0,0.0
32023R2639,,,Atto delegato con dettagli tecnici e riferimenti a regolamenti quadro.,preamble,ok,G3,0.6,10.0,30.0,60.0,0.0,0.0
32023R2830R(01),,,Regolamento tecnico per attuare direttiva,preamble,ok,G3,0.7,10.0,20.0,70.0,0.0,0.0
32024D02348,,,Modifica decisione tecnica per adeguamento,preamble,ok,G3,0.7,10.0,20.0,70.0,0.0,0.0
32024D0867,,,Legge quadro con riferimenti a trattati e procedure,preamble,ok,G2,0.7,10.0,70.0,10.0,5.0,5.0
32024D1209,,,Atto tecnico con riferimenti a principi e linee guida,preamble,ok,G3,0.8,10.0,0.0,80.0,10.0,0.0
32024D1354,,,Decisione quadro con riferimenti ai Trattati,preamble,ok,G2,0.8,10.0,80.0,5.0,5.0,0.0
32024D1738,,,Decisione del Consiglio con principi e misure operative,preamble,ok,G2,0.7,10.0,70.0,15.0,0.0,5.0
32024D3184,,,Decisione quadro con riferimenti a trattati e dettagli operativi,preamble,ok,G2,0.7,10.0,70.0,10.0,10.0,0.0
32024L1760R(01),,,Legge quadro con riferimenti ai trattati,preamble,ok,G2,0.7,20.0,70.0,5.0,5.0,0.0
32024R0287,,,Atto quadro con principi e dettagli tecnici,preamble,ok,G2,0.6,20.0,60.0,10.0,5.0,5.0
32024R0386,,,Legge quadro con principi e dettagli tecnici,preamble,ok,G2,0.7,10.0,70.0,15.0,0.0,5.0
32024R0573R(02),,,Legge quadro con principi e dettagli tecnici,preamble,ok,G2,0.7,15.0,70.0,10.0,5.0,0.0
32024R0795R(01),,,Legge quadro con principi fondanti e dettagli tecnici,preamble,ok,G2,0.7,15.0,70.0,10.0,5.0,0.0
32024R1364,,,Atto delegato con dettagli tecnici e riferimenti a principi,preamble,ok,G3,0.5,10.0,30.0,50.0,10.0,0.0
32024R1408R(01),,,Atto tecnico che modifica regolamento delegato,preamble,ok,G3,0.9,10.0,0.0,90.0,0.0,0.0
32024R1735R(01),,,Legge quadro con principi e dettagli tecnici,preamble,ok,G2,0.7,15.0,70.0,10.0,5.0,0.0
32024R1865R(02),,,Regolamento quadro con riferimenti ai Trattati e dettagli tecnici,preamble,ok,G2,0.7,10.0,70.0,20.0,0.0,0.0
32024R2510,,,Regolamento delegato con dettagli tecnici e riferimenti ai trattati.,preamble,ok,G3,0.8,10.0,0.0,80.0,10.0,0.0
32024R2547,,,Aggiornamento tecnico di elenchi allegati,preamble,ok,G3,0.6,10.0,20.0,60.0,10.0,0.0
32025D0062,,,Decisione di aiuti di Stato con riferimenti procedurali e tecnici,preamble,ok,G3,0.3,10.0,20.0,30.0,20.0,20.0
32025D0264,,,Atto tecnico con riferimenti a principi e quadro,preamble,ok,G3,0.6,10.0,20.0,60.0,10.0,0.0
32025D0646,,,Principi fondanti e quadro legislativo combinati,preamble,ok,G2,0.6,40.0,60.0,0.0,0.0,0.0
32025D0686,,,Decisione tecnica basata su autorizzazioni esistenti,preamble,ok,G3,0.7,10.0,20.0,70.0,0.0,0.0
32025R0014,,,Legge quadro con principi e dettagli tecnici,preamble,ok,G2,0.7,10.0,70.0,15.0,5.0,0.0
32025R0114,,,Regolamento di esecuzione con riferimenti a trattati e sentenze,preamble,ok,G3,0.6,10.0,20.0,60.0,0.0,10.0
32025R0206,,,Implementazione tecnica misure antiterrorismo,preamble,ok,G3,0.8,10.0,0.0,80.0,10.0,0.0
62006CJ0494,,,Sentenza CGUE su aiuti di Stato,title,ok,G5,1.0,0.0,0.0,0.0,0.0,100.0
62006TJ0231,,,Sentenza pura di controllo giurisdizionale,title,ok,G5,1.0,0.0,0.0,0.0,0.0,100.0
62008TJ0570,,,Sentenza pura di controllo giurisdizionale,title,ok,G5,1.0,0.0,0.0,0.0,0.0,100.0
62015CJ0100,,,Sentenza CGUE su aiuti di Stato,title,ok,G5,0.9,10.0,0.0,0.0,0.0,90.0
32004R0794R(04),,,Regolamento tecnico per notifiche aiuti di Stato,preamble,ok,G3,0.8,10.0,0.0,80.0,10.0,0.0
32005L0036R(07),,,Legge quadro con riferimenti ai trattati,preamble,ok,G2,0.7,20.0,70.0,5.0,5.0,0.0
32005R0001R(08),,,Principi e regole quadro con dettagli tecnici,preamble,ok,G2,0.6,20.0,60.0,10.0,10.0,0.0
32005R0705,,,Regolamento tecnico per aggiornare codici doganali,preamble,ok,G3,0.7,10.0,20.0,70.0,0.0,0.0
32006D0066,,,Atto tecnico con riferimenti a principi e direttive,preamble,ok,G3,0.6,10.0,20.0,60.0,10.0,0.0
32006L0043R(04),,,Direttiva con principi e regole operative,preamble,ok,G2,0.7,15.0,70.0,10.0,5.0,0.0
32006R0561R(10),,,Legge quadro con riferimenti ai trattati e dettagli tecnici,preamble,ok,G2,0.7,10.0,70.0,15.0,5.0,0.0
32006R1013R(05),,,Regolamento quadro con principi e dettagli tecnici,preamble,ok,G2,0.7,10.0,70.0,15.0,5.0,0.0
32007D0116,,,Direttiva quadro con principi e dettagli tecnici,preamble,ok,G2,0.7,10.0,70.0,15.0,5.0,0.0
32007D0176,,,Regolamento tecnico con riferimenti a trattati e direttive,preamble,ok,G3,0.6,10.0,20.0,60.0,10.0,0.0
32007R0235,,,Regolamento tecnico per aggiornare lista,preamble,ok,G3,0.9,10.0,0.0,90.0,0.0,0.0
32007R1370R(03),,,Legge quadro con riferimenti ai trattati,preamble,ok,G2,0.7,20.0,70.0,5.0,5.0,0.0
32008D0671,,,Atto tecnico con riferimenti a principi e linee guida,preamble,ok,G3,0.4,10.0,30.0,40.0,20.0,0.0
32009D0978,,,Atto legislativo con riferimenti a trattati e decisioni,preamble,ok,G2,0.7,10.0,70.0,10.0,10.0,0.0
32009H0396,,,Atto misto con prevalenza tecnica e linee guida,preamble,ok,G3,0.4,10.0,30.0,40.0,20.0,0.0
32009L0065R(07),,,Direttiva quadro con principi e dettagli tecnici,preamble,ok,G2,0.8,10.0,80.0,5.0,5.0,0.0
32009R0714,,,Legge quadro con principi e dettagli tecnici,preamble,ok,G2,0.7,15.0,70.0,10.0,5.0,0.0
32009R1070,,,Legge quadro con principi e dettagli tecnici,preamble,ok,G2,0.7,15.0,70.0,10.0,5.0,0.0
32010D0413R(02),,,Atto legislativo quadro con riferimenti ai Trattati,preamble,ok,G2,0.8,20.0,80.0,0.0,0.0,0.0
32010L0024,,,Direttiva quadro con principi e dettagli tecnici,preamble,ok,G2,0.7,10.0,70.0,15.0,5.0,0.0
32010L0075R(11),,,Legge quadro con riferimenti ai trattati e dettagli tecnici,preamble,ok,G2,0.8,10.0,80.0,10.0,0.0,0.0
32010L0078,,,Legge quadro con riferimenti ai trattati,preamble,ok,G2,0.7,20.0,70.0,5.0,5.0,0.0
32010R0912,,,Legge quadro con riferimenti a principi e dettagli tecnici,preamble,ok,G2,0.7,10.0,70.0,15.0,5.0,0.0
32010R1092,,,Legge quadro con principi e dettagli tecnici,preamble,ok,G2,0.7,15.0,70.0,10.0,5.0,0.0
32010R1093,,,Legge quadro con riferimenti ai trattati,preamble,ok,G2,0.7,20.0,70.0,5.0,5.0,0.0
32010R1094R(02),,,Legge quadro con riferimenti ai trattati,preamble,ok,G2,0.8,10.0,80.0,5.0,5.0,0.0
32011D0819,,,Legge quadro con riferimenti ai trattati,preamble,ok,G2,0.8,20.0,80.0,0.0,0.0,0.0
32011L0007R(01),,,Direttiva quadro con principi e dettagli tecnici,preamble,ok,G2,0.7,10.0,70.0,15.0,5.0,0.0
32011L0085,,,Principi e regole quadro con dettagli tecnici,preamble,ok,G2,0.7,20.0,70.0,10.0,0.0,0.0
32011O0023,,,Linea guida con principi e regole operative,preamble,ok,G2,0.6,10.0,60.0,20.0,10.0,0.0
32011R0182R(02),,,Legge quadro con riferimenti ai trattati,preamble,ok,G2,0.8,20.0,80.0,0.0,0.0,0.0
32012D0464,,,Atto tecnico con dettagli operativi e riferimenti normativi,preamble,ok,G3,0.6,10.0,20.0,60.0,10.0,0.0
32012D0542,,,Decisione di infrazione con riferimenti ai trattati,preamble,ok,G5,0.7,10.0,20.0,0.0,0.0,70.0
32012L0027R(01),,,Legge quadro con principi e dettagli tecnici,preamble,ok,G2,0.7,15.0,70.0,10.0,5.0,0.0
32012R0650R(04),,,Legge quadro con riferimenti ai trattati,preamble,ok,G2,0.7,20.0,70.0,5.0,5.0,0.0
32012R0923R(22),,,Atto di esecuzione tecnica con riferimenti a principi,preamble,ok,G3,0.6,10.0,20.0,60.0,10.0,0.0
32012R0965R(04),,,Atto di esecuzione tecnica con riferimenti a principi,preamble,ok,G3,0.6,10.0,20.0,60.0,10.0,0.0
32013D0517,,,Legge quadro con riferimenti a principi e linee guida,preamble,ok,G2,0.6,20.0,60.0,10.0,10.0,0.0
32013D0725R(01),,,Decisione del Consiglio che modifica mandato,preamble,ok,G2,0.8,20.0,80.0,0.0,0.0,0.0
32013D1082,,,Legge quadro con principi e dettagli tecnici,preamble,ok,G2,0.7,20.0,70.0,5.0,5.0,0.0
32013L0036R(07),,,Direttiva quadro con riferimenti ai trattati,preamble,ok,G2,0.7,15.0,70.0,10.0,5.0,0.0
32013R0168R(03),,,Regolamento quadro con principi e deleghe,preamble,ok,G2,0.7,15.0,70.0,10.0,5.0,0.0
32013R0231R(04),,,Atto delegato con dettagli tecnici e riferimenti a principi,preamble,ok,G3,0.6,10.0,20.0,60.0,10.0,0.0
32013R0389R(01),,,Regolamento tecnico con riferimenti a principi e linee guida,preamble,ok,G3,0.6,10.0,20.0,60.0,10.0,0.0
32013R0441,,,Regolamento tecnico per classificazione doganale,preamble,ok,G3,0.8,10.0,0.0,80.0,10.0,0.0
32013R0517R(02),,,Principi di accessione e adattamenti normativi,preamble,ok,G2,0.6,20.0,60.0,20.0,0.0,0.0
32013R1024R(02),,,Legge quadro con principi fondanti e dettagli tecnici,preamble,ok,G2,0.7,20.0,70.0,5.0,5.0,0.0
32013R1306R(05),,,Legge quadro con riferimenti ai trattati e dettagli tecnici,preamble,ok,G2,0.7,10.0,70.0,15.0,5.0,0.0
32013R1409,,,Atto tecnico con riferimenti a principi e quadro,preamble,ok,G3,0.5,10.0,30.0,50.0,10.0,0.0
32014D0451,,,Decisione quadro con riferimenti ai Trattati,preamble,ok,G2,0.8,20.0,80.0,0.0,0.0,0.0
32014L0017R(04),,,Legge quadro con riferimenti ai trattati,preamble,ok,G2,0.8,10.0,80.0,5.0,5.0,0.0
32014L0035,,,Direttiva quadro con riferimenti a trattati e allegati tecnici,preamble,ok,G2,0.7,10.0,70.0,15.0,5.0,0.0
32014L0040R(05),,,Direttiva quadro con riferimenti ai trattati,preamble,ok,G2,0.8,10.0,80.0,5.0,5.0,0.0
32014L0045R(06),,,Legge quadro con principi e dettagli tecnici,preamble,ok,G2,0.7,15.0,70.0,10.0,5.0,0.0
32014L0090R(05),,,Legge quadro con principi e dettagli tecnici,preamble,ok,G2,0.65,15.0,65.0,15.0,5.0,0.0
32014L0107,,,Legge quadro con principi fondanti e dettagli tecnici,preamble,ok,G2,0.7,20.0,70.0,5.0,5.0,0.0
32014O0060R(01),,,Principi e regole operative miste,preamble,ok,G2,0.6,20.0,60.0,10.0,10.0,0.0
32014R0208R(03),,,Atto legislativo con principi e dettagli tecnici,preamble,ok,G2,0.7,10.0,70.0,10.0,5.0,5.0
32014R0468,,,"Atto BCE con principi, regole quadro e dettagli tecnici",preamble,ok,G2,0.6,10.0,60.0,20.0,10.0,0.0
32014R0508R(09),,,Legge quadro con riferimenti a trattati e allegati tecnici,preamble,ok,G2,0.7,10.0,70.0,15.0,5.0,0.0
32014R0654R(01),,,Legge quadro con principi fondanti e dettagli tecnici,preamble,ok,G2,0.7,20.0,70.0,5.0,5.0,0.0
32014R0662,,,Legge quadro con riferimenti ai trattati,preamble,ok,G2,0.8,10.0,80.0,5.0,5.0,0.0
32014R0806R(05),,,Legge quadro con principi e dettagli tecnici,preamble,ok,G2,0.7,10.0,70.0,10.0,5.0,5.0
32014R0910R(09),,,Regolamento quadro con principi e dettagli tecnici,preamble,ok,G2,0.7,10.0,70.0,15.0,5.0,0.0
32015R0534R(01),,,Regolamento tecnico con riferimenti a principi e linee guida,preamble,ok,G3,0.6,10.0,20.0,60.0,10.0,0.0
32015R1502R(01),,,Implementazione tecnica con riferimenti ai principi,preamble,ok,G3,0.85,10.0,0.0,85.0,5.0,0.0
32015R2420,,,Aggiornamento tecnico di allegato regolamentare,preamble,ok,G3,0.9,10.0,0.0,90.0,0.0,0.0
32015R2446R(12),,,Regolamento delegato con dettagli tecnici,preamble,ok,G3,0.9,10.0,0.0,90.0,0.0,0.0
32016D0176,,,Regolamento di esecuzione con dettagli tecnici e riferimenti a principi,preamble,ok,G3,0.6,10.0,20.0,60.0,10.0,0.0
32016D0446,,,Decisione quadro con riferimenti ai Trattati,preamble,ok,G2,0.8,10.0,80.0,5.0,5.0,0.0
32016L0680R(03),,,Direttiva con principi e regole quadro,preamble,ok,G2,0.7,20.0,70.0,5.0,5.0,0.0
32016L0798R(07),,,Legge quadro con riferimenti ai trattati,preamble,ok,G2,0.8,10.0,80.0,5.0,5.0,0.0
32016L2102R(03),,,Direttiva con principi e regole operative,preamble,ok,G2,0.7,15.0,70.0,10.0,5.0,0.0
32016R0631R(04),,,Regolamento tecnico con riferimenti a principi e linee guida,preamble,ok,G3,0.5,10.0,30.0,50.0,10.0,0.0
32016R1035,,,Legge quadro con riferimenti a trattati e allegati tecnici,preamble,ok,G2,0.7,10.0,70.0,10.0,5.0,5.0
32016R1821,,,Regolamento tecnico per aggiornare nomenclatura,preamble,ok,G3,0.9,10.0,0.0,90.0,0.0,0.0
32017D1021,,,Decisione di infrazione con procedure tecnica,preamble,ok,G5,0.4,10.0,20.0,30.0,0.0,40.0
32017D2074,,,"Principi, quadro operativo, linee guida",preamble,ok,G2,0.4,30.0,40.0,0.0,30.0,0.0
32017R0216,,,Atto tecnico con riferimenti a principi e linee guida,preamble,ok,G3,0.8,10.0,0.0,80.0,10.0,0.0
32017R0565R(06),,,Atto delegato tecnico con riferimenti a principi e quadro,preamble,ok,G3,0.6,10.0,20.0,60.0,10.0,0.0
32017R0590R(02),,,Regolamento tecnico con riferimenti a trattati e linee guida,preamble,ok,G3,0.8,10.0,0.0,80.0,10.0,0.0
32017R1131R(01),,,Legge quadro con principi e dettagli tecnici,preamble,ok,G2,0.7,10.0,70.0,15.0,5.0,0.0
32017R1185R(01),,,Atto delegato tecnico con riferimenti a principi,preamble,ok,G3,0.6,10.0,20.0,60.0,10.0,0.0
32017R1563R(01),,,Direttiva con principi e dettagli tecnici,preamble,ok,G2,0.7,15.0,70.0,10.0,5.0,0.0
32017R1925,,,Regolamento tecnico con riferimenti a principi e quadro,preamble,ok,G3,0.7,10.0,20.0,70.0,0.0,0.0
32017R2400R(03),,,Regolamento tecnico con riferimenti a principi e quadro,preamble,ok,G3,0.6,10.0,20.0,60.0,10.0,0.0
32018D0556,,,Decisione di infrazione con riferimento ai trattati,preamble,ok,G5,0.9,10.0,0.0,0.0,0.0,90.0
32018D0628,,,Decisione di infrazione con riferimento ai Trattati,preamble,ok,G5,0.9,10.0,0.0,0.0,0.0,90.0
32018D1787,,,Decisione quadro con riferimenti ai Trattati,preamble,ok,G2,0.8,10.0,80.0,5.0,5.0,0.0
32018L0844,,,Legge quadro con principi e dettagli tecnici,preamble,ok,G2,0.7,15.0,70.0,10.0,5.0,0.0
32018R0842,,,Legge quadro con principi fondanti e dettagli tecnici,preamble,ok,G2,0.7,20.0,70.0,5.0,5.0,0.0
32018R1725R(02),,,Principi fondamentali e legge quadro prevalenti,preamble,ok,G2,0.6,30.0,60.0,5.0,5.0,0.0
32018R2066R(06),,,Regolamento tecnico con riferimenti a principi e linee guida,preamble,ok,G3,0.8,10.0,0.0,80.0,10.0,0.0
32019D1843,,,Decisione del Consiglio su emendamento EEA,preamble,ok,G2,0.7,10.0,70.0,10.0,10.0,0.0
32019D2077,,,Decisione PSC basata su trattati e decisioni quadro,preamble,ok,G2,0.7,10.0,70.0,20.0,0.0,0.0
32019H0243,,,Comunicazione non vincolante con principi fondanti,preamble,ok,G4,0.9,10.0,0.0,0.0,90.0,0.0
32019L0770R(03),,,Legge quadro con riferimenti ai trattati,preamble,ok,G2,0.7,20.0,70.0,5.0,5.0,0.0
32019L0790R(01),,,Legge quadro con principi e dettagli tecnici,preamble,ok,G2,0.7,15.0,70.0,10.0,5.0,0.0
32019L1024,,,Legge quadro con riferimenti ai trattati,preamble,ok,G2,0.8,10.0,80.0,5.0,5.0,0.0
32019L1153R(01),,,Legge quadro con principi fondanti e riferimenti soft law,preamble,ok,G2,0.7,20.0,70.0,0.0,10.0,0.0
32019L2034R(06),,,Legge quadro con riferimenti ai trattati,preamble,ok,G2,0.8,10.0,80.0,5.0,5.0,0.0
32019R0331,,,Regolamento tecnico con riferimenti a principi e linee guida,preamble,ok,G3,0.6,10.0,20.0,60.0,10.0,0.0
32019R0712,,,Legge quadro con principi e dettagli tecnici,preamble,ok,G2,0.7,15.0,70.0,10.0,5.0,0.0
32019R0776R(04),,,Atto tecnico con riferimenti a principi e linee guida,preamble,ok,G3,0.6,10.0,20.0,60.0,10.0,0.0
32019R0788R(02),,,Legge quadro con riferimenti ai trattati,preamble,ok,G2,0.7,20.0,70.0,5.0,5.0,0.0
32019R0876R(16),,,Regolamento quadro con modifiche tecniche e riferimenti ai trattati.,title,ok,G2,0.6,10.0,60.0,20.0,5.0,5.0
32019R1243,,,Atto legislativo con riferimenti ai Trattati,preamble,ok,G2,0.8,20.0,80.0,0.0,0.0,0.0
32019R1776R(07),,,Regolamento tecnico con riferimenti a trattati e linee guida,preamble,ok,G3,0.8,10.0,0.0,80.0,10.0,0.0
32019R2022R(04),,,Atto misto con prevalenza tecnica e quadro,preamble,ok,G3,0.4,10.0,30.0,40.0,20.0,0.0
32019R2199,,,"Aggiornamento tecnico di allegato, basato su regolamento quadro.",preamble,ok,G3,0.6,10.0,20.0,60.0,10.0,0.0
32020D0664,,,Decisione CFSP che modifica mandato e finanziamento,preamble,ok,G2,0.8,10.0,80.0,10.0,0.0,0.0
32020D0901,,,Atto legislativo con riferimenti a trattati e misure operative,preamble,ok,G2,0.6,20.0,60.0,10.0,10.0,0.0
32020D1193,,,Decisione tecnica con dettagli operativi e riferimenti normativi,preamble,ok,G3,0.6,10.0,20.0,60.0,10.0,0.0
32020D1531,,,Legge quadro con riferimenti ai trattati e dettagli tecnici,preamble,ok,G2,0.7,20.0,70.0,10.0,0.0,0.0
32020D2123,,,Derogazione tecnica con riferimenti a trattati e regolamenti,preamble,ok,G3,0.6,10.0,20.0,60.0,10.0,0.0
32020L2184R(01),,,Legge quadro con principi e dettagli tecnici,preamble,ok,G2,0.7,15.0,70.0,10.0,5.0,0.0
32020R1054R(07),,,Legge quadro con principi e dettagli tecnici,preamble,ok,G2,0.7,20.0,70.0,10.0,0.0,0.0
32020R1577R(02),,,Regolamento tecnico con riferimenti a principi e quadro,preamble,ok,G3,0.7,10.0,20.0,70.0,0.0,0.0
32020R2094R(01),,,Regolamento quadro con riferimenti ai Trattati,preamble,ok,G2,0.8,20.0,80.0,0.0,0.0,0.0
32021D0879,,,Decisione di nomina basata su regolamento quadro,preamble,ok,G2,0.8,10.0,80.0,5.0,0.0,5.0
32021D1742,,,Atto di incorporazione EEA con riferimenti a trattati e atti tecnici,preamble,ok,G2,0.7,10.0,70.0,20.0,0.0,0.0
32021D1764R(01),,,Decisione quadro con principi e dettagli tecnici,preamble,ok,G2,0.7,20.0,70.0,10.0,0.0,0.0
32021D2032R(02),,,Decisione quadro con riferimenti ai Trattati,preamble,ok,G2,0.7,20.0,70.0,10.0,0.0,0.0
32021L0555R(01),,,Legge quadro con riferimenti a principi e dettagli tecnici,preamble,ok,G2,0.7,10.0,70.0,15.0,5.0,0.0
32021R0378,,,"Riferimenti a trattati, regolamenti quadro, dettagli tecnici",preamble,ok,G3,0.5,10.0,30.0,50.0,10.0,0.0
32021R1173R(02),,,Legge quadro con riferimenti a principi e dettagli tecnici,preamble,ok,G2,0.7,10.0,70.0,10.0,10.0,0.0
32021R1218,,,Regolamento di esecuzione con dettagli tecnici,preamble,ok,G3,0.7,10.0,20.0,70.0,0.0,0.0
32021R1832R(01),,,Regolamento tecnico con riferimenti a trattati e linee guida,preamble,ok,G3,0.6,10.0,20.0,60.0,10.0,0.0
32021R2082R(01),,,Regolamento delegato con dettagli tecnici,preamble,ok,G3,0.8,10.0,0.0,80.0,10.0,0.0
32021R2115,,,Legge quadro con riferimenti a trattati e allegati tecnici,preamble,ok,G2,0.7,15.0,70.0,10.0,5.0,0.0
32022D0356R(01),,,Decisione quadro con principi e misure operative,preamble,ok,G2,0.6,20.0,60.0,10.0,5.0,5.0
32022R0001R(01),,,Regolamento delegato con aggiornamento tecnico,preamble,ok,G3,0.8,10.0,0.0,80.0,10.0,0.0
32022R0132R(02),,,Regolamento tecnico con riferimenti a principi e quadro,preamble,ok,G3,0.6,10.0,20.0,60.0,10.0,0.0
32022R0328R(07),,,Regolamento quadro con riferimenti a trattati e dettagli tecnici,preamble,ok,G2,0.7,10.0,70.0,15.0,5.0,0.0
32022R0428R(06),,,Regolamento quadro con riferimenti ai trattati e dettagli tecnici,preamble,ok,G2,0.7,10.0,70.0,15.0,5.0,0.0
32022R0694,,,Regolamento delegato con riferimenti a trattati e linee guida,preamble,ok,G3,0.8,10.0,0.0,80.0,10.0,0.0
32022R1269R(05),,,Regolamento quadro con principi e dettagli tecnici,preamble,ok,G2,0.7,10.0,70.0,20.0,0.0,0.0
32022R1302,,,Regolamento tecnico con riferimenti a principi e linee guida,preamble,ok,G3,0.6,10.0,20.0,60.0,10.0,0.0
32022R1475,,,Regolamento delegato con principi e dettagli tecnici,preamble,ok,G2,0.6,10.0,60.0,20.0,10.0,0.0
32022R1925R(01),,,Legge quadro con principi e dettagli tecnici,preamble,ok,G2,0.7,10.0,70.0,10.0,10.0,0.0
32023D1055,,,Implementazione tecnica con riferimenti a principi e linee guida,preamble,ok,G3,0.8,10.0,0.0,80.0,10.0,0.0
32023D2109,,,Atto di soft law con riferimenti ai trattati,preamble,ok,G4,0.9,10.0,0.0,0.0,90.0,0.0
32023D2689,,,Decisione quadro con riferimenti ai trattati,preamble,ok,G2,0.8,10.0,80.0,5.0,5.0,0.0
32023D2871R(01),,,Decisione quadro con principi e allegati tecnici,preamble,ok,G2,0.6,20.0,60.0,10.0,10.0,0.0
32023R0370,,,Regolamento tecnico con dettagli procedurali,preamble,ok,G3,0.6,10.0,20.0,60.0,10.0,0.0
32023R0426,,,Regolamento quadro con riferimenti ai trattati e dettagli tecnici,preamble,ok,G2,0.7,10.0,70.0,20.0,0.0,0.0
32023R1315R(04),,,Regolamento tecnico con riferimenti a principi e linee guida,preamble,ok,G3,0.8,10.0,0.0,80.0,10.0,0.0
32023R1529,,,Regolamento quadro con riferimenti a trattati e allegati tecnici,preamble,ok,G2,0.7,10.0,70.0,15.0,5.0,0.0
32023R1542R(01),,,Legge quadro con principi e dettagli tecnici,preamble,ok,G2,0.7,20.0,70.0,10.0,0.0,0.0
32023R1695R(03),,,Regolamento tecnico basato su delega e raccomandazione,preamble,ok,G3,0.6,10.0,20.0,60.0,10.0,0.0
32023R2147,,,Regolamento quadro con riferimenti ai trattati e allegati tecnici,preamble,ok,G2,0.6,10.0,60.0,20.0,5.0,5.0
32023R2411,,,Legge quadro con riferimenti a principi e dettagli tecnici,preamble,ok,G2,0.7,15.0,70.0,10.0,5.0,0.0
32023R2694,,,Regolamento quadro con principi e dettagli tecnici,preamble,ok,G2,0.7,10.0,70.0,10.0,5.0,5.0
32023R2878R(04),,,Regolamento quadro con riferimenti ai Trattati e allegati tecnici,preamble,ok,G2,0.6,10.0,60.0,20.0,10.0,0.0
32023R2884,,,Atto di esecuzione basato su direttive,preamble,ok,G2,0.7,10.0,70.0,20.0,0.0,0.0
32024D1471,,,"Decisione CFSP con principi, regole e dettagli",preamble,ok,G2,0.7,10.0,70.0,15.0,5.0,0.0
32024D1852,,,Legge quadro con riferimenti a trattati e dettagli tecnici,preamble,ok,G2,0.6,20.0,60.0,10.0,10.0,0.0
32024D2876,,,Decisione CFSP con principi e regole operative,preamble,ok,G2,0.8,20.0,80.0,0.0,0.0,0.0
32024L3019,,,Legge quadro con principi e dettagli tecnici,preamble,ok,G2,0.7,15.0,70.0,10.0,5.0,0.0
32024R0669,,,"Riferimenti ai Trattati e principi, emendamento quadro, dettagli tecnici",preamble,ok,G2,0.6,20.0,60.0,20.0,0.0,0.0
32024R0855,,,Regolamento di esecuzione con riferimenti ai trattati,preamble,ok,G3,0.8,10.0,0.0,80.0,10.0,0.0
32024R0982R(01),,,Legge quadro con principi e dettagli tecnici,preamble,ok,G2,0.7,15.0,70.0,10.0,5.0,0.0
32024R1109,,,Regolamento delegato con dettagli tecnici,preamble,ok,G3,0.9,10.0,0.0,90.0,0.0,0.0
32024R2473,,,Regolamento delegato con dettagli tecnici,preamble,ok,G3,0.8,10.0,0.0,80.0,10.0,0.0
32024R2509,,,Regolamento quadro con principi e dettagli tecnici,preamble,ok,G2,0.7,10.0,70.0,15.0,5.0,0.0
32024R2977R(01),,,Regolamento di esecuzione con dettagli tecnici,preamble,ok,G3,0.6,10.0,20.0,60.0,10.0,0.0
32024R3012R(02),,,Legge quadro con principi e dettagli tecnici,preamble,ok,G2,0.7,20.0,70.0,5.0,5.0,0.0
32025D0435,,,Principi e quadro operativo con riferimenti tecnici,preamble,ok,G2,0.6,20.0,60.0,10.0,10.0,0.0
32025L0050,,,"Direttiva con principi, regole generali e dettagli tecnici",preamble,ok,G2,0.7,10.0,70.0,15.0,5.0,0.0
32025R0297,,,Atto tecnico basato su regolamento quadro,preamble,ok,G3,0.8,10.0,0.0,80.0,10.0,0.0
32025R0299,,,Regolamento delegato con riferimenti a trattati e linee guida,preamble,ok,G3,0.8,10.0,0.0,80.0,10.0,0.0
32025R0390,,,Atto legislativo con principi e dettagli tecnici,preamble,ok,G2,0.7,10.0,70.0,15.0,5.0,0.0
32025R0422,,,Regolamento delegato con dettagli tecnici e principi,preamble,ok,G3,0.8,10.0,0.0,80.0,10.0,0.0
32025R0796,,,Regolamento tecnico con riferimenti a trattati e quadro,preamble,ok,G3,0.6,10.0,20.0,60.0,10.0,0.0
62004CJ0222,,,Sentenza CGUE con riferimenti ai trattati,title,ok,G5,0.9,10.0,0.0,0.0,0.0,90.0
62009CJ0480,,,Sentenza CGUE su aiuti di Stato,title,ok,G5,1.0,0.0,0.0,0.0,0.0,100.0
62022TJ0002,,,Sentenza pura di controllo giurisdizionale,title,ok,G5,1.0,0.0,0.0,0.0,0.0,100.0
32004R2182,,,"Cita trattati, stabilisce regole, include dettagli tecnici.",preamble,ok,G2,0.5,20.0,50.0,20.0,10.0,0.0
32005L0068,,,Direttiva quadro con principi e dettagli tecnici,preamble,ok,G2,0.7,10.0,70.0,15.0,5.0,0.0
32006L0022,,,Regolamento quadro con riferimenti ai trattati e allegati tecnici,preamble,ok,G2,0.7,10.0,70.0,15.0,5.0,0.0
32006L0049,,,Legge quadro con riferimenti a trattati e dettagli tecnici,preamble,ok,G2,0.8,10.0,80.0,5.0,5.0,0.0
32006R0166,,,Legge quadro con principi e dettagli tecnici,preamble,ok,G2,0.7,15.0,70.0,10.0,5.0,0.0
32006R1794,,,Regolamento quadro con dettagli tecnici,preamble,ok,G2,0.6,10.0,60.0,30.0,0.0,0.0
32006R1893R(02),,,Regolamento quadro con principi e dettagli tecnici,preamble,ok,G2,0.7,10.0,70.0,20.0,0.0,0.0
32006R1896R(08),,,Legge quadro con riferimenti ai trattati,preamble,ok,G2,0.7,20.0,70.0,5.0,5.0,0.0
32007D0124,,,Principi e quadro operativo con riferimenti tecnici,preamble,ok,G2,0.6,20.0,60.0,10.0,10.0,0.0
32007L0066,,,Legge quadro con riferimenti ai trattati e dettagli tecnici,preamble,ok,G2,0.7,15.0,70.0,10.0,5.0,0.0
32008D0768R(02),,,Decisione quadro con principi e riferimenti orizzontali,preamble,ok,G2,0.6,20.0,60.0,10.0,10.0,0.0
32008L0006R(03),,,Legge quadro con riferimenti ai trattati,preamble,ok,G2,0.7,15.0,70.0,10.0,5.0,0.0
32008L0050R(05),,,Legge quadro con principi e dettagli tecnici,preamble,ok,G2,0.7,15.0,70.0,10.0,5.0,0.0
32008R0593R(01),,,Legge quadro con riferimenti a principi fondanti,preamble,ok,G2,0.7,20.0,70.0,5.0,5.0,0.0
32009D0937R(01),,,Principi del Trattato e regole operative del Consiglio,preamble,ok,G2,0.7,30.0,70.0,0.0,0.0,0.0
32009E0137,,,Atto legislativo quadro con riferimenti ai Trattati,preamble,ok,G2,0.8,20.0,80.0,0.0,0.0,0.0
32009L0048,,,Legge quadro con principi e dettagli tecnici,preamble,ok,G2,0.7,10.0,70.0,15.0,5.0,0.0
32009L0071R(01),,,Direttiva quadro con riferimenti a trattati e giurisprudenza,preamble,ok,G2,0.6,20.0,60.0,10.0,5.0,5.0
32009L0138R(01),,,Direttiva quadro con principi e dettagli tecnici,preamble,ok,G2,0.7,15.0,70.0,10.0,5.0,0.0
32009R0116R(01),,,Regolamento quadro con principi e dettagli tecnici,preamble,ok,G2,0.7,10.0,70.0,15.0,5.0,0.0
32009R1060R(01),,,Legge quadro con principi e dettagli tecnici,preamble,ok,G2,0.7,15.0,70.0,10.0,5.0,0.0
32009R1107R(01),,,Direttiva quadro con riferimenti ai trattati e allegati tecnici,preamble,ok,G2,0.7,10.0,70.0,15.0,5.0,0.0
32011L0083R(05),,,Direttiva quadro con principi e dettagli tecnici,preamble,ok,G2,0.7,15.0,70.0,10.0,5.0,0.0
32011R0305R(01),,,Regolamento quadro con principi e dettagli tecnici,preamble,ok,G2,0.7,15.0,70.0,10.0,5.0,0.0
32011R1178R(10),,,Regolamento tecnico con riferimenti a principi e quadro,preamble,ok,G3,0.6,10.0,20.0,60.0,10.0,0.0
32012L0018R(03),,,Legge quadro con riferimenti ai trattati,preamble,ok,G2,0.8,20.0,80.0,0.0,0.0,0.0
32012L0019,,,Direttiva quadro con principi e dettagli tecnici,preamble,ok,G2,0.7,20.0,70.0,5.0,5.0,0.0
32012O0021,,,Regolamento tecnico con riferimenti a principi e linee guida,preamble,ok,G2,0.4,10.0,40.0,40.0,10.0,0.0
32012R0260R(01),,,Legge quadro con riferimenti ai trattati,preamble,ok,G2,0.7,20.0,70.0,5.0,5.0,0.0
32012R0388,,,Legge quadro con riferimenti a principi e dettagli tecnici,preamble,ok,G2,0.7,10.0,70.0,15.0,5.0,0.0
32012R0612,,,Specifica tecnica basata su regolamento quadro,preamble,ok,G3,0.8,10.0,0.0,80.0,10.0,0.0
32012R0648R(09),,,Legge quadro con riferimenti a principi e dettagli tecnici,preamble,ok,G2,0.7,10.0,70.0,10.0,10.0,0.0
32012R0748R(15),,,Regolamento tecnico con riferimenti a principi e quadro,preamble,ok,G3,0.6,10.0,20.0,60.0,10.0,0.0
32012R1011R(02),,,Atto tecnico con riferimenti a principi e regole,preamble,ok,G3,0.6,10.0,20.0,60.0,10.0,0.0
32013L0035R(03),,,Direttiva con principi e regole operative,preamble,ok,G2,0.7,20.0,70.0,10.0,0.0,0.0
32013R0305,,,Atto delegato con riferimenti a principi e linee guida,preamble,ok,G3,0.6,10.0,20.0,60.0,10.0,0.0
32013R0543R(02),,,Regolamento delegato con riferimenti a trattati e linee guida,preamble,ok,G3,0.8,10.0,0.0,80.0,10.0,0.0
32013R0575R(02),,,Legge quadro con riferimenti a principi e dettagli tecnici,preamble,ok,G2,0.8,10.0,80.0,5.0,5.0,0.0
32013R0883R(02),,,Legge quadro con principi fondanti e dettagli tecnici,preamble,ok,G2,0.7,20.0,70.0,5.0,5.0,0.0
32013R0952R(10),,,Legge quadro con principi e deleghe,preamble,ok,G2,0.7,10.0,70.0,15.0,5.0,0.0
32013R1073,,,Regolamento quadro con riferimenti a principi e dettagli tecnici,preamble,ok,G2,0.6,10.0,60.0,20.0,10.0,0.0
32013R1301R(02),,,Legge quadro con riferimenti ai trattati,preamble,ok,G2,0.7,20.0,70.0,10.0,0.0,0.0
32013R1336,,,Regolamento tecnico con riferimenti a principi e linee guida,preamble,ok,G3,0.6,10.0,20.0,60.0,10.0,0.0
32014L0024R(15),,,Legge quadro con principi e dettagli tecnici,preamble,ok,G2,0.7,15.0,70.0,10.0,5.0,0.0
32014L0025R(07),,,Legge quadro con principi e dettagli tecnici,preamble,ok,G2,0.7,15.0,70.0,10.0,5.0,0.0
32014L0031R(03),,,Direttiva quadro con riferimenti a trattati e allegati tecnici,preamble,ok,G2,0.7,10.0,70.0,15.0,5.0,0.0
32014L0049R(02),,,Direttiva quadro con principi e dettagli tecnici,preamble,ok,G2,0.7,15.0,70.0,10.0,5.0,0.0
32014L0052R(02),,,Legge quadro con riferimenti a principi e dettagli tecnici,preamble,ok,G2,0.7,15.0,70.0,10.0,5.0,0.0
32014L0059R(14),,,Legge quadro con principi e dettagli tecnici,preamble,ok,G2,0.7,15.0,70.0,10.0,5.0,0.0
32014L0065R(01),,,Legge quadro con riferimenti ai trattati,preamble,ok,G2,0.7,20.0,70.0,5.0,5.0,0.0
32014R0139R(11),,,Regolamento di esecuzione con dettagli tecnici,preamble,ok,G3,0.6,10.0,20.0,60.0,10.0,0.0
32014R0184,,,Regolamento delegato con riferimenti a trattati e linee guida,preamble,ok,G3,0.8,10.0,0.0,80.0,10.0,0.0
32014R0312R(02),,,Regolamento tecnico con principi e linee guida,preamble,ok,G2,0.6,10.0,60.0,20.0,10.0,0.0
32014R0515R(03),,,Legge quadro con riferimenti ai trattati,preamble,ok,G2,0.8,20.0,80.0,0.0,0.0,0.0
32014R0596R(07),,,Legge quadro con riferimenti ai trattati,preamble,ok,G2,0.8,10.0,80.0,5.0,5.0,0.0
32014R0600R(09),,,Legge quadro con principi e dettagli tecnici,preamble,ok,G2,0.7,10.0,70.0,15.0,5.0,0.0
32014R0651R(05),,,"Cita trattati, stabilisce regole quadro, dettagli tecnici",preamble,ok,G2,0.6,20.0,60.0,20.0,0.0,0.0
32014R0964,,,Regolamento tecnico con riferimenti a principi e quadro,preamble,ok,G3,0.6,10.0,20.0,60.0,10.0,0.0
32014R1048R(01),,,Regolamento di esecuzione con dettagli tecnici,preamble,ok,G3,0.6,10.0,20.0,60.0,10.0,0.0
32014R1300R(07),,,Regolamento tecnico con riferimenti a principi e linee guida,preamble,ok,G3,0.6,10.0,20.0,60.0,10.0,0.0
32015R0035R(09),,,Regolamento tecnico con riferimenti a principi e linee guida,preamble,ok,G3,0.8,10.0,0.0,80.0,10.0,0.0
32015R0063R(04),,,Regolamento delegato con dettagli tecnici e riferimenti a principi,preamble,ok,G3,0.6,10.0,20.0,60.0,10.0,0.0
32015R0171,,,Atto tecnico con riferimenti a principi e linee guida,preamble,ok,G3,0.6,10.0,20.0,60.0,10.0,0.0
32015R0340R(11),,,Regolamento tecnico con riferimenti a principi e quadro,preamble,ok,G3,0.6,10.0,20.0,60.0,10.0,0.0
32015R1222R(03),,,Regolamento tecnico con riferimenti a principi,preamble,ok,G3,0.6,10.0,20.0,60.0,10.0,0.0
32015R1501R(01),,,Atto tecnico basato su regolamento quadro,preamble,ok,G3,0.8,10.0,0.0,80.0,10.0,0.0
32015R1998,,,Implementazione tecnica di regolamento quadro,preamble,ok,G3,0.9,10.0,0.0,90.0,0.0,0.0
32015R2447R(13),,,Regolamento di esecuzione tecnico-operativo,preamble,ok,G3,0.85,10.0,0.0,85.0,5.0,0.0
32016D0421,,,Atto tecnico con riferimenti a regolamenti quadro,preamble,ok,G3,0.6,10.0,20.0,60.0,10.0,0.0
32016D0610,,,Decisione CSDP con base trattataria e dettagli operativi,preamble,ok,G2,0.7,10.0,70.0,10.0,10.0,0.0
32016D0849R(01),,,Decisione CFSP con principi e regole quadro,preamble,ok,G2,0.7,20.0,70.0,5.0,5.0,0.0
32016L0797R(10),,,Legge quadro con riferimenti ai trattati,preamble,ok,G2,0.7,15.0,70.0,10.0,5.0,0.0
32016R0399R(05),,,Legge quadro con principi fondanti e dettagli tecnici,preamble,ok,G2,0.7,20.0,70.0,10.0,0.0,0.0
32016R0679R(02),,,Regolamento quadro con principi e dettagli tecnici,preamble,ok,G2,0.7,20.0,70.0,10.0,0.0,0.0
32016R1104R(01),,,Legge quadro con principi fondanti e dettagli tecnici,preamble,ok,G2,0.7,20.0,70.0,5.0,5.0,0.0
32017L0541,,,Legge quadro con principi fondanti e dettagli tecnici,preamble,ok,G2,0.7,20.0,70.0,5.0,5.0,0.0
32017L1132R(03),,,Legge quadro con riferimenti ai trattati,preamble,ok,G2,0.7,15.0,70.0,10.0,5.0,0.0
32017R0625R(07),,,Legge quadro con riferimenti ai trattati,preamble,ok,G2,0.7,20.0,70.0,5.0,5.0,0.0
32017R0746R(06),,,Regolamento quadro con principi e dettagli tecnici,preamble,ok,G2,0.7,15.0,70.0,10.0,5.0,0.0
32017R1443,,,Regolamento di esecuzione con dettagli tecnici,preamble,ok,G3,0.9,10.0,0.0,90.0,0.0,0.0
32017R1509R(02),,,Regolamento quadro con riferimenti ai trattati e dettagli tecnici,preamble,ok,G2,0.7,10.0,70.0,15.0,5.0,0.0
32017R2063,,,Decisione quadro con principi e dettagli tecnici,preamble,ok,G2,0.6,20.0,60.0,10.0,10.0,0.0
32017R2321R(01),,,Regolamento legislativo con principi e dettagli tecnici,preamble,ok,G2,0.7,10.0,70.0,15.0,5.0,0.0
32018D0142,,,Atto di esecuzione tecnica con riferimenti a principi,preamble,ok,G3,0.8,10.0,0.0,80.0,10.0,0.0
32018D1867,,,Legge quadro con riferimenti a trattati e allegati tecnici,preamble,ok,G2,0.6,20.0,60.0,10.0,5.0,5.0
32018L0645,,,Legge quadro con principi e dettagli tecnici,preamble,ok,G2,0.7,15.0,70.0,10.0,5.0,0.0
32018L2001R(10),,,Legge quadro con riferimenti ai trattati,preamble,ok,G2,0.7,20.0,70.0,5.0,5.0,0.0
32018L2002,,,Legge quadro con principi fondanti e dettagli tecnici,preamble,ok,G2,0.7,20.0,70.0,5.0,5.0,0.0
32018R0825R(04),,,Legge quadro con principi e dettagli tecnici,preamble,ok,G2,0.7,10.0,70.0,15.0,5.0,0.0
32018R1139R(04),,,Legge quadro con principi fondanti e dettagli tecnici,preamble,ok,G2,0.7,20.0,70.0,5.0,5.0,0.0
32018R1240R(05),,,Legge quadro con riferimenti a principi e dettagli tecnici,preamble,ok,G2,0.7,15.0,70.0,10.0,5.0,0.0
32018R1724,,,Regolamento quadro con principi e dettagli tecnici,preamble,ok,G2,0.7,15.0,70.0,10.0,5.0,0.0
32018R1795,,,"Commissione UE, citazioni trattati, dettagli tecnici",preamble,ok,G3,0.4,10.0,30.0,40.0,20.0,0.0
32018R1862R(03),,,Legge quadro con principi e dettagli tecnici,preamble,ok,G2,0.7,15.0,70.0,10.0,5.0,0.0
32018R2067,,,Regolamento tecnico con base legale e principi,preamble,ok,G3,0.6,10.0,20.0,60.0,10.0,0.0
32019L0878R(06),,,Direttiva legislativa con riferimenti ai trattati,preamble,ok,G2,0.8,10.0,80.0,5.0,5.0,0.0
32019L0882R(01),,,Direttiva con principi e regole quadro,preamble,ok,G2,0.7,15.0,70.0,10.0,5.0,0.0
32019L0944R(05),,,Legge quadro con principi e dettagli tecnici,preamble,ok,G2,0.7,10.0,70.0,10.0,5.0,5.0
32019L1023,,,Direttiva con principi e regole operative,preamble,ok,G2,0.7,15.0,70.0,10.0,5.0,0.0
32019R0631R(01),,,Regolamento quadro con riferimenti a trattati e allegati tecnici,preamble,ok,G2,0.7,10.0,70.0,15.0,5.0,0.0
32019R0834,,,Legge quadro con riferimenti a principi e dettagli tecnici,preamble,ok,G2,0.7,10.0,70.0,15.0,5.0,0.0
32019R1020R(05),,,Legge quadro con principi e dettagli tecnici,preamble,ok,G2,0.7,15.0,70.0,10.0,5.0,0.0
32019R2014R(02),,,Atto delegato con riferimenti a principi e linee guida,preamble,ok,G3,0.5,10.0,20.0,50.0,20.0,0.0
32019R2023R(03),,,Regolamento delegato con dettagli tecnici e riferimenti a principi,preamble,ok,G3,0.6,10.0,20.0,60.0,10.0,0.0
32019R2033R(07),,,Legge quadro con principi e dettagli tecnici,preamble,ok,G2,0.7,15.0,70.0,10.0,5.0,0.0
32019R2152R(04),,,Regolamento quadro con principi e dettagli tecnici,preamble,ok,G2,0.7,10.0,70.0,15.0,5.0,0.0
32020D0155,,,Decisione del Consiglio con riferimenti ai Trattati,preamble,ok,G2,0.7,20.0,70.0,10.0,0.0,0.0
32020D2255R(01),,,Decisione che conclude accordi internazionali,title,ok,G2,0.7,10.0,70.0,10.0,5.0,5.0
32020O1554,,,Linea guida tecnica con riferimenti a trattati e regolamenti,preamble,ok,G3,0.4,10.0,20.0,40.0,30.0,0.0
32020R0521,,,Principi e quadro operativo con dettagli,preamble,ok,G2,0.6,20.0,60.0,10.0,10.0,0.0
32020R0683,,,Standardizzazione tecnica con riferimenti ai trattati,preamble,ok,G3,0.8,10.0,0.0,80.0,10.0,0.0
32020R1212,,,Atto delegato con riferimenti a trattati e linee guida,preamble,ok,G3,0.8,10.0,0.0,80.0,10.0,0.0
32020R1784R(02),,,Legge quadro con principi e dettagli tecnici,preamble,ok,G2,0.7,15.0,70.0,10.0,5.0,0.0
32020R2092R(04),,,Legge quadro con principi fondanti e dettagli tecnici,preamble,ok,G2,0.6,30.0,60.0,5.0,5.0,0.0
32021D0059,,,Decisione tecnica con riferimenti a trattati e quadro,preamble,ok,G3,0.6,10.0,20.0,60.0,10.0,0.0
32021D1442,,,Atto tecnico con riferimenti a principi e quadro,preamble,ok,G3,0.6,10.0,20.0,60.0,10.0,0.0
32021D1710,,,Decisione quadro con riferimenti a trattati e procedure,preamble,ok,G2,0.6,20.0,60.0,10.0,10.0,0.0
32021H0946,,,Legge quadro con principi e dettagli tecnici,preamble,ok,G2,0.6,10.0,60.0,20.0,10.0,0.0
32021R0241R(02),,,Legislazione quadro con riferimenti ai trattati,preamble,ok,G2,0.8,20.0,80.0,0.0,0.0,0.0
32021R0451R(04),,,Regolamento di esecuzione tecnico-operativo,preamble,ok,G3,0.9,10.0,0.0,90.0,0.0,0.0
32021R0818R(01),,,Principi e regole quadro con riferimenti tecnici,preamble,ok,G2,0.6,30.0,60.0,5.0,5.0,0.0
32021R0947R(03),,,Legge quadro con principi fondanti e dettagli tecnici,preamble,ok,G2,0.7,20.0,70.0,5.0,5.0,0.0
32021R1149R(03),,,Legge quadro con principi fondanti e dettagli tecnici,preamble,ok,G2,0.7,20.0,70.0,5.0,5.0,0.0
32022D0578R(01),,,Decisione CFSP con principi e regole operative,preamble,ok,G2,0.8,20.0,80.0,0.0,0.0,0.0
32022D1964,,,Decisione CFSP che modifica quadro finanziario,preamble,ok,G2,0.8,20.0,80.0,0.0,0.0,0.0
32022L0542R(03),,,Direttiva con principi e regole operative,preamble,ok,G2,0.7,15.0,70.0,10.0,5.0,0.0
32022R0576R(05),,,Regolamento quadro con riferimenti ai trattati e dettagli tecnici,preamble,ok,G2,0.7,10.0,70.0,20.0,0.0,0.0
32022R0699,,,Regolamento delegato con dettagli tecnici e riferimenti a principi,preamble,ok,G3,0.6,10.0,20.0,60.0,10.0,0.0
32022R0850,,,Legge quadro con principi fondanti e dettagli tecnici,preamble,ok,G2,0.7,20.0,70.0,10.0,0.0,0.0
32022R2065R(02),,,Legge quadro con riferimenti ai trattati,preamble,ok,G2,0.8,10.0,80.0,5.0,5.0,0.0
32023D0375,,,Atto tecnico con riferimenti a principi,preamble,ok,G3,0.8,10.0,0.0,80.0,10.0,0.0
32023D2193,,,Riferimento a Trattati e istituzione organi,preamble,ok,G2,0.8,20.0,80.0,0.0,0.0,0.0
32023R0427R(05),,,Regolamento quadro con principi e dettagli tecnici,preamble,ok,G2,0.7,10.0,70.0,20.0,0.0,0.0
32023R0956,,,Legge quadro con principi e dettagli tecnici,preamble,ok,G2,0.7,15.0,70.0,10.0,5.0,0.0
32023R2869,,,Legge quadro con principi e dettagli tecnici,preamble,ok,G2,0.7,15.0,70.0,10.0,5.0,0.0
32024D0583,,,Principi e quadro operativo sicurezza,preamble,ok,G2,0.8,20.0,80.0,0.0,0.0,0.0
32024D1744R(04),,,Decisione del Consiglio con principi e regole operative,preamble,ok,G2,0.6,20.0,60.0,10.0,5.0,5.0
32024D2034,,,Decisione del Consiglio con riferimenti ai Trattati e dettagli operativi,preamble,ok,G2,0.7,10.0,70.0,10.0,10.0,0.0
32024L1203,,,Legge quadro con principi e dettagli tecnici,preamble,ok,G2,0.7,20.0,70.0,5.0,5.0,0.0
32024L1654,,,Legge quadro con principi e dettagli tecnici,preamble,ok,G2,0.7,10.0,70.0,10.0,5.0,5.0
32024L1711,,,Legge quadro con riferimenti a principi e dettagli tecnici,preamble,ok,G2,0.7,10.0,70.0,15.0,5.0,0.0
32024L2853,,,Legge quadro con riferimenti ai trattati,preamble,ok,G2,0.7,20.0,70.0,5.0,5.0,0.0
32024R0587,,,Regolamento delegato con dettagli tecnici e riferimenti a principi,preamble,ok,G3,0.6,10.0,20.0,60.0,10.0,0.0
32024R1252R(01),,,Legge quadro con principi e dettagli tecnici,preamble,ok,G2,0.7,15.0,70.0,10.0,5.0,0.0
32024R1263R(02),,,Legge quadro con riferimenti ai trattati,preamble,ok,G2,0.7,20.0,70.0,5.0,5.0,0.0
32024R1610,,,Legge quadro con principi e dettagli tecnici,preamble,ok,G2,0.7,15.0,70.0,10.0,5.0,0.0
32024R1689,,,Regolamento quadro con principi e dettagli tecnici,preamble,ok,G2,0.7,15.0,70.0,10.0,5.0,0.0
32024R1789R(03),,,Legge quadro con principi e dettagli tecnici,preamble,ok,G2,0.7,15.0,70.0,10.0,5.0,0.0
32024R1866,,,Regolamento di esecuzione tecnico-operativo,preamble,ok,G3,0.6,10.0,20.0,60.0,10.0,0.0
32024R1991R(01),,,Legge quadro con principi e dettagli tecnici,preamble,ok,G2,0.7,15.0,70.0,10.0,5.0,0.0
32024R2163,,,Regolamento delegato con dettagli tecnici,preamble,ok,G3,1.0,0.0,0.0,100.0,0.0,0.0
32024R2642R(03),,,"Principi trattati, quadro normativo, dettagli tecnici",preamble,ok,G2,0.6,20.0,60.0,20.0,0.0,0.0
32024R2747,,,Legge quadro con principi e dettagli tecnici,preamble,ok,G2,0.7,15.0,70.0,10.0,5.0,0.0
32024R2987,,,Legge quadro con principi e dettagli tecnici,preamble,ok,G2,0.7,10.0,70.0,15.0,5.0,0.0
32024R3018,,,Legge quadro con principi e dettagli tecnici,preamble,ok,G2,0.7,15.0,70.0,10.0,5.0,0.0
32025D0609,,,"Decisione CFSP con principi, regole quadro e dettagli tecnici",preamble,ok,G2,0.7,10.0,70.0,15.0,5.0,0.0
62004CJ0089,,,Sentenza CGUE con riferimenti a direttive,title,ok,G5,0.8,10.0,10.0,0.0,0.0,80.0
62011TJ0538,,,Sentenza pura su aiuti di Stato,title,ok,G5,1.0,0.0,0.0,0.0,0.0,100.0
62012CJ0077,,,Sentenza CGUE su annullamento decisione,title,ok,G5,1.0,0.0,0.0,0.0,0.0,100.0
62015CJ0270,,,Sentenza CGUE su infrazione e aiuti di Stato,title,ok,G5,1.0,0.0,0.0,0.0,0.0,100.0
62017CJ0543,,,Sentenza CGUE su infrazione e sanzioni,title,ok,G5,0.8,10.0,10.0,0.0,0.0,80.0
62020CJ0271,,,Sentenza CGUE con riferimenti normativi,title,ok,G5,0.6,10.0,20.0,10.0,0.0,60.0
32019R0452,,,Legge quadro con riferimenti ai trattati,preamble,ok,G2,0.7,20.0,70.0,5.0,5.0,0.0
32021R0821R(05),,,"Regolamento quadro con principi, regole e dettagli tecnici",title,ok,G2,0.6,10.0,60.0,20.0,5.0,5.0
32008L0114,,,Atto legislativo con principi e regole quadro,preamble,ok,G2,0.6,20.0,60.0,10.0,10.0,0.0
32021R0821R(02),,,"Regolamento quadro con principi, regole e dettagli tecnici",title,ok,G2,0.6,10.0,60.0,20.0,5.0,5.0
32021R0821R(06),,,"Regolamento quadro con principi, regole e dettagli tecnici",title,ok,G2,0.6,10.0,60.0,20.0,5.0,5.0
32021R0821R(01),,,"Regolamento quadro con principi, regole e dettagli tecnici",title,ok,G2,0.6,10.0,60.0,20.0,5.0,5.0
32021R0821R(04),,,"Regolamento quadro con principi, regole e dettagli tecnici",title,ok,G2,0.6,10.0,60.0,20.0,5.0,5.0
32022L2557R(01),,,Legge quadro con principi e dettagli tecnici,preamble,ok,G2,0.7,10.0,70.0,15.0,5.0,0.0
32019R0452R(01),,,Legge quadro con principi fondanti e dettagli tecnici,preamble,ok,G2,0.7,20.0,70.0,5.0,5.0,0.0
32022L2557,,,Legge quadro con principi e dettagli tecnici,preamble,ok,G2,0.7,10.0,70.0,15.0,5.0,0.0
32021R0821,,,"Regolamento quadro con principi, regole e dettagli tecnici",title,ok,G2,0.6,10.0,60.0,20.0,5.0,5.0
32021R0821R(03),,,"Regolamento quadro con principi, regole e dettagli tecnici",title,ok,G2,0.6,10.0,60.0,20.0,5.0,5.0
32004D0589,,,Atto legislativo con principi e procedure operative,preamble,ok,G2,0.6,20.0,60.0,10.0,10.0,0.0
32004L0113R(01),,,Principi fondanti e riferimenti a trattati,preamble,ok,G1,0.7,70.0,20.0,0.0,10.0,0.0
32005L0044R(01),,,Legge quadro con principi e dettagli tecnici,preamble,ok,G2,0.6,10.0,60.0,20.0,10.0,0.0
32006D0267,,,"Cita trattati, decisioni operative, esenzioni",preamble,ok,G2,0.4,20.0,40.0,20.0,10.0,10.0
32006D1015,,,Decisione del Consiglio con base giuridica,preamble,ok,G2,0.8,20.0,80.0,0.0,0.0,0.0
32006L0046R(01),,,Legge quadro con principi e dettagli tecnici,preamble,ok,G2,0.7,15.0,70.0,10.0,5.0,0.0
32006R0066,,,Regolamento di codifica con riferimenti ai trattati,preamble,ok,G2,0.6,10.0,60.0,20.0,10.0,0.0
32008D0981,,,Decisione tecnica basata su deroghe,preamble,ok,G3,0.6,10.0,20.0,60.0,10.0,0.0
32008L0096,,,Legge quadro con principi e riferimenti tecnici,preamble,ok,G2,0.6,20.0,60.0,10.0,10.0,0.0
32008R0715,,,Regolamento tecnico con riferimenti a trattati e linee guida,preamble,ok,G3,0.8,10.0,0.0,80.0,10.0,0.0
32009D0341,,,Decisione di infrazione con riferimenti ai trattati,preamble,ok,G5,0.7,10.0,20.0,0.0,0.0,70.0
32010D0299,,,Legge quadro con riferimenti a principi e dettagli,preamble,ok,G2,0.7,10.0,70.0,10.0,10.0,0.0
32010D0430,,,Principi e quadro operativo con linee guida,preamble,ok,G2,0.6,20.0,60.0,0.0,20.0,0.0
32010H0572,,,Raccomandazione con principi e riferimenti normativi,preamble,ok,G4,0.7,10.0,20.0,0.0,70.0,0.0
32010L0040R(02),,,Legge quadro con principi e dettagli tecnici,preamble,ok,G2,0.7,10.0,70.0,10.0,10.0,0.0
32010R0913,,,Legge quadro con principi e dettagli tecnici,preamble,ok,G2,0.7,10.0,70.0,10.0,5.0,5.0
32010R0913R(01),,,Legge quadro con principi e dettagli tecnici,preamble,ok,G2,0.7,15.0,70.0,10.0,5.0,0.0
32012D0178,,,Decisione di infrazione con riferimenti ai trattati,preamble,ok,G5,0.7,10.0,20.0,0.0,0.0,70.0
32012D0399,,,"Principi trattati, legge quadro, dettagli tecnici, linee guida",preamble,ok,G2,0.6,20.0,60.0,10.0,10.0,0.0
32012R0555,,,Regolamento tecnico che aggiorna dati e definizioni,preamble,ok,G3,0.8,10.0,0.0,80.0,10.0,0.0
32013R0909,,,Regolamento tecnico con riferimenti a principi e linee guida,preamble,ok,G3,0.8,10.0,0.0,80.0,10.0,0.0
32014D0341,,,Decisione di aiuti di Stato con riferimenti procedurali,preamble,ok,G2,0.6,10.0,60.0,20.0,5.0,5.0
32014D0726,,,Decisione del Consiglio che estende missione,preamble,ok,G2,0.8,20.0,80.0,0.0,0.0,0.0
32014L0051R(07),,,Legge quadro con principi e dettagli tecnici,preamble,ok,G2,0.7,15.0,70.0,10.0,5.0,0.0
32014L0051R(09),,,Legge quadro con riferimenti ai trattati,preamble,ok,G2,0.7,15.0,70.0,10.0,5.0,0.0
32014L0061R(02),,,Legge quadro con principi fondanti e dettagli tecnici,preamble,ok,G2,0.7,15.0,70.0,10.0,5.0,0.0
32014R0228,,,Regolamento tecnico con riferimenti a principi e linee guida,preamble,ok,G3,0.6,10.0,20.0,60.0,10.0,0.0
32014R0514,,,Legge quadro con principi fondanti e dettagli tecnici,preamble,ok,G2,0.7,20.0,70.0,5.0,5.0,0.0
32015D0800,,,Decisione CFSP con riferimenti ai Trattati,preamble,ok,G2,0.8,20.0,80.0,0.0,0.0,0.0
32015D2276,,,Decisione del Consiglio con riferimenti ai Trattati,preamble,ok,G2,0.8,20.0,80.0,0.0,0.0,0.0
32015L0849R(04),,,Legislazione quadro con principi e dettagli tecnici,preamble,ok,G2,0.7,15.0,70.0,10.0,5.0,0.0
32015R2120R(01),,,Regolamento quadro con principi e dettagli tecnici,preamble,ok,G2,0.7,15.0,70.0,10.0,5.0,0.0
32016L1919R(01),,,Direttiva con principi e regole operative,preamble,ok,G2,0.7,20.0,70.0,5.0,5.0,0.0
32017D1937,,,Decisione del Consiglio con base giuridica nei Trattati,preamble,ok,G2,0.8,20.0,80.0,0.0,0.0,0.0
32017D1967,,,Legge quadro con riferimenti a trattati e dettagli tecnici,preamble,ok,G2,0.6,20.0,60.0,10.0,10.0,0.0
32017R1111,,,Regolamento tecnico con riferimenti ai trattati,preamble,ok,G3,0.8,10.0,0.0,80.0,10.0,0.0
32018L1581,,,Regolamento tecnico con riferimenti a principi e linee guida,preamble,ok,G3,0.6,10.0,20.0,60.0,10.0,0.0
32018R0761,,,Regolamento tecnico con riferimenti a principi e linee guida,preamble,ok,G3,0.6,10.0,20.0,60.0,10.0,0.0
32019D0003,,,Decisione del Consiglio con base giuridica e procedure,preamble,ok,G2,0.6,20.0,60.0,10.0,10.0,0.0
32019D0797,,,Legge quadro con principi e linee guida,preamble,ok,G2,0.6,20.0,60.0,10.0,10.0,0.0
32019L2235,,,Direttiva con principi e regole operative,preamble,ok,G2,0.7,20.0,70.0,5.0,5.0,0.0
32019R0618,,,Regolamento tecnico con riferimenti a principi e quadro,preamble,ok,G3,0.6,10.0,20.0,60.0,10.0,0.0
32019R0943,,,Legge quadro con principi e dettagli tecnici,preamble,ok,G2,0.7,10.0,70.0,15.0,5.0,0.0
32019R1830,,,Atto delegato con dettagli tecnici e riferimenti a trattati,preamble,ok,G3,0.5,10.0,30.0,50.0,10.0,0.0
32020D0414R(01),,,Implementazione tecnica basata su decisione quadro,preamble,ok,G3,0.6,10.0,20.0,60.0,10.0,0.0
32020R1056R(04),,,Regolamento quadro con principi e dettagli tecnici,preamble,ok,G2,0.7,10.0,70.0,15.0,5.0,0.0
32020R1228,,,Regolamento di esecuzione tecnico con riferimenti ai trattati,preamble,ok,G3,0.8,10.0,0.0,80.0,10.0,0.0
32021D1210,,,Principi e regole quadro con riferimenti tecnici,preamble,ok,G2,0.6,20.0,60.0,10.0,10.0,0.0
32021D1738R(01),,,"Principi trattati, legge quadro, dettagli tecnici",preamble,ok,G2,0.6,20.0,60.0,10.0,5.0,5.0
32021R0697R(02),,,Legge quadro con principi e dettagli tecnici,preamble,ok,G2,0.7,15.0,70.0,10.0,5.0,0.0
32022D0472R(01),,,Decisione CFSP con riferimenti ai Trattati,preamble,ok,G2,0.8,10.0,80.0,5.0,5.0,0.0
32022D2408,,,Decisione quadro con riferimenti a trattati e dettagli tecnici,preamble,ok,G2,0.7,10.0,70.0,20.0,0.0,0.0
32022D2494,,,Atto tecnico con riferimenti a principi e quadro,preamble,ok,G3,0.6,10.0,20.0,60.0,10.0,0.0
32022L0362R(02),,,Legge quadro con principi e dettagli tecnici,preamble,ok,G2,0.7,15.0,70.0,10.0,5.0,0.0
32022L2555R(02),,,Legge quadro con riferimenti a principi e dettagli tecnici,preamble,ok,G2,0.7,10.0,70.0,15.0,5.0,0.0
32022R0432R(01),,,Direttiva che modifica norme IVA con riferimenti ai trattati e allegati tecnici.,preamble,ok,G2,0.6,10.0,60.0,30.0,0.0,0.0
32022R0862,,,Regolamento tecnico per aggiornare liste,preamble,ok,G3,0.8,10.0,0.0,80.0,10.0,0.0
32022R1032R(02),,,Legge quadro con principi e dettagli tecnici,preamble,ok,G2,0.7,10.0,70.0,10.0,10.0,0.0
32022R2360,,,Regolamento delegato con riferimenti a trattati e linee guida,preamble,ok,G3,0.7,10.0,0.0,70.0,20.0,0.0
32022R2554R(02),,,Legge quadro con principi e dettagli tecnici,preamble,ok,G2,0.7,10.0,70.0,15.0,5.0,0.0
32023D0178,,,Regolamento tecnico con riferimenti a principi e linee guida,preamble,ok,G3,0.6,10.0,20.0,60.0,10.0,0.0
32023D0599,,,Principi e regole quadro con dettagli tecnici,preamble,ok,G2,0.6,20.0,60.0,10.0,10.0,0.0
32023D0995,,,Decisione quadro con riferimenti a trattati e procedure,preamble,ok,G2,0.7,10.0,70.0,10.0,10.0,0.0
32023D1053,,,Regolamento tecnico con riferimenti a principi e quadro,preamble,ok,G3,0.6,10.0,20.0,60.0,10.0,0.0
32023D1534,,,Regolamento delegato con dettagli tecnici e riferimenti ai trattati,preamble,ok,G3,0.8,10.0,0.0,80.0,10.0,0.0
32023R0435,,,Legge quadro con principi e dettagli tecnici,preamble,ok,G2,0.7,15.0,70.0,10.0,5.0,0.0
32023R0449,,,Atto di modifica quadro con riferimenti ai trattati,preamble,ok,G2,0.7,10.0,70.0,20.0,0.0,0.0
32023R1617,,,Regolamento di esecuzione con riferimenti ai trattati,preamble,ok,G3,0.8,10.0,0.0,80.0,10.0,0.0
32023R1650,,,Correzione errori in regolamento delegato,preamble,ok,G3,0.8,10.0,0.0,80.0,10.0,0.0
32024D0343,,,Atto tecnico con riferimenti a trattati e linee guida,preamble,ok,G3,0.8,10.0,0.0,80.0,10.0,0.0
32024D0828,,,Decisione CFSP con riferimenti ai Trattati e allegati,preamble,ok,G2,0.8,10.0,80.0,5.0,5.0,0.0
32024D2176R(01),,,"Principi trattati, quadro decisionale, dettagli tecnici",preamble,ok,G2,0.6,20.0,60.0,20.0,0.0,0.0
32024D2840,,,Decisione quadro con riferimenti a trattati e dettagli operativi,preamble,ok,G2,0.7,10.0,70.0,10.0,10.0,0.0
32024L1226,,,Legge quadro con principi e dettagli tecnici,preamble,ok,G2,0.7,15.0,70.0,10.0,5.0,0.0
32024L2839,,,Legge quadro con riferimenti a principi e dettagli tecnici,preamble,ok,G2,0.7,10.0,70.0,10.0,10.0,0.0
32024R0450,,,Regolamento tecnico con riferimenti a principi e quadro,preamble,ok,G3,0.6,10.0,20.0,60.0,10.0,0.0
32024R0482R(02),,,Regolamento tecnico con riferimenti a principi e quadro,preamble,ok,G3,0.6,10.0,20.0,60.0,10.0,0.0
32024R1180,,,Atto tecnico con riferimenti a standard e modifiche,preamble,ok,G3,0.6,10.0,20.0,60.0,10.0,0.0
32025D0704,,,Implementazione tecnica con riferimenti a principi e quadro,preamble,ok,G3,0.6,10.0,20.0,60.0,10.0,0.0
32025R0021R(01),,,Regolamento tecnico con riferimenti a principi e linee guida,preamble,ok,G3,0.8,10.0,0.0,80.0,10.0,0.0
32025R1106,,,Legge quadro con principi fondanti e dettagli tecnici,preamble,ok,G2,0.7,20.0,70.0,5.0,5.0,0.0
32005E0329,,,"Principi fondanti, quadro politico, linee guida",preamble,ok,G1,0.4,40.0,30.0,0.0,30.0,0.0
32005L0001,,,Legge quadro con riferimenti a principi e linee guida,preamble,ok,G2,0.8,10.0,80.0,5.0,5.0,0.0
32006D0859,,,Deroga tecnica basata su direttiva quadro,preamble,ok,G3,0.6,10.0,20.0,60.0,10.0,0.0
32006R0474R(01),,,Regolamento tecnico con riferimenti a principi e quadro,preamble,ok,G3,0.6,10.0,20.0,60.0,10.0,0.0
32007D0193,,,Decisione di infrazione e controllo antitrust,title,ok,G5,1.0,0.0,0.0,0.0,0.0,100.0
32008R0331,,,Regolamento tecnico di aggiornamento lista,preamble,ok,G3,0.8,10.0,0.0,80.0,10.0,0.0
32009D0357,,,Legge quadro con riferimenti ai trattati e raccomandazioni,preamble,ok,G2,0.7,20.0,70.0,0.0,10.0,0.0
