Source,Target,Type,start_year,end_year
32014R0651R(05),32008L0001,CITES,2014.0,2008.0
32014R0651R(05),32006R1013R(05),CITES,2014.0,2006.0
32014R0651R(05),32009R0715,CITES,2014.0,2009.0
32014R0651R(05),32013R1379R(03),CITES,2014.0,2013.0
32014R0651R(05),32010L0075R(11),CITES,2014.0,2010.0
32014R0651R(05),32009L0125R(02),CITES,2014.0,2009.0
32014R0651R(05),32012L0027R(01),CITES,2014.0,2012.0
32014R0651R(05),32013R1303R(04),CITES,2014.0,2013.0
32014R0651R(05),32006R1893R(02),CITES,2014.0,2006.0
32014R0651R(05),32009L0031R(02),CITES,2014.0,2009.0
32014R0651R(05),32009R0713,CITES,2014.0,2009.0
32014R0651R(05),32006L0032,CITES,2014.0,2006.0
32014R0651R(05),32009L0073,CITES,2014.0,2009.0
32014R0651R(05),32009R0714,CITES,2014.0,2009.0
32014R0651R(05),32013L0034R(07),CITES,2014.0,2013.0
32014R0651R(05),32009L0028,CITES,2014.0,2009.0
32014R0651R(05),32013R1407,CITES,2014.0,2013.0
32014R0651R(05),32009L0072,CITES,2014.0,2009.0
32014R0651R(05),32010D0787,CITES,2014.0,2010.0
32012D0243,32009H0848,CITES,2012.0,2009.0
32012D0243,32008R0683,CITES,2012.0,2008.0
32012D0243,32010R0911,CITES,2012.0,2010.0
32012D0243,32011R0182R(02),CITES,2012.0,2011.0
32012D0243,32008D0411,CITES,2012.0,2008.0
32012D0243,32008D0477R(01),CITES,2012.0,2008.0
32012D0243,32007D0344,CITES,2012.0,2007.0
32012D0243,32010D0267,CITES,2012.0,2010.0
32012D0243,32009D0766,CITES,2012.0,2009.0
32019R0817,32018R1862R(03),CITES,2019.0,2018.0
32019R0817,32018R1046,CITES,2019.0,2018.0
32019R0817,32019R0816R(02),CITES,2019.0,2019.0
32019R0817,32016R0679R(02),CITES,2019.0,2016.0
32019R0817,32014R0515R(03),CITES,2019.0,2014.0
32019R0817,32018R1725R(02),CITES,2019.0,2018.0
32019R0817,32016R0794R(05),CITES,2019.0,2016.0
32019R0817,32017L0541,CITES,2019.0,2017.0
32019R0817,32011R0182R(02),CITES,2019.0,2011.0
32019R0817,32016L0680R(03),CITES,2019.0,2016.0
32019R0817,32008D0146,CITES,2019.0,2008.0
32019R0817,32019R0818R(01),CITES,2019.0,2019.0
32019R0817,32011D0350,CITES,2019.0,2011.0
32014D0585,32013R0305,CITES,2014.0,2013.0
32014D0585,32010L0040,CITES,2014.0,2010.0
32012D0462,32008D0232,CITES,2012.0,2008.0
32012D0462,32011D0665,CITES,2012.0,2011.0
32012D0462,32008D0284,CITES,2012.0,2008.0
32012D0462,32008D0217,CITES,2012.0,2008.0
32012D0462,32006D0679,CITES,2012.0,2006.0
32012D0462,32011D0633,CITES,2012.0,2011.0
32012D0462,32011D0229,CITES,2012.0,2011.0
32022L0362R(04),32011R0182R(02),CITES,2022.0,2011.0
32022L0362R(04),32018R0858R(08),CITES,2022.0,2018.0
32022L0362R(04),32014L0045R(06),CITES,2022.0,2014.0
32022L0362R(04),32019R1242R(01),CITES,2022.0,2019.0
32022L0362R(04),32020R0683,CITES,2022.0,2020.0
32022L0362R(04),32013R1315,CITES,2022.0,2013.0
32022L0362R(04),32014L0023R(05),CITES,2022.0,2014.0
32022L0362R(04),32017R2400R(03),CITES,2022.0,2017.0
32022L0362R(04),32019R0631R(01),CITES,2022.0,2019.0
32022L0362R(04),32008L0050R(05),CITES,2022.0,2008.0
32022L0362R(04),32017R1151R(04),CITES,2022.0,2017.0
32022L0362R(04),32018R0956,CITES,2022.0,2018.0
32022L0362R(04),32014R0165R(01),CITES,2022.0,2014.0
32014R1301R(05),32010D0713,CITES,2014.0,2010.0
32018R1139R(04),32011R1178R(10),CITES,2018.0,2011.0
32018R1139R(04),32012R0748R(15),CITES,2018.0,2012.0
32018R1139R(04),32015D0443,CITES,2018.0,2015.0
32018R1139R(04),32009D0320,CITES,2018.0,2009.0
32018R1139R(04),32014R1321R(03),CITES,2018.0,2014.0
32018R1139R(04),32012R0966,CITES,2018.0,2012.0
32018R1139R(04),32013R1271,CITES,2018.0,2013.0
32018R1139R(04),32008R0300R(04),CITES,2018.0,2008.0
32018R1139R(04),32015D1835R(01),CITES,2018.0,2015.0
32018R1139R(04),32013R1285,CITES,2018.0,2013.0
32018R1139R(04),32008R0765R(03),CITES,2018.0,2008.0
32018R1139R(04),32016R0679R(02),CITES,2018.0,2016.0
32018R1139R(04),32012R0965R(04),CITES,2018.0,2012.0
32018R1139R(04),32008D0768R(02),CITES,2018.0,2008.0
32018R1139R(04),32011R0182R(02),CITES,2018.0,2011.0
32018R1139R(04),32015D0444,CITES,2018.0,2015.0
32018R1139R(04),32013R0883R(02),CITES,2018.0,2013.0
32009L0125R(02),32008R0106,CITES,2009.0,2008.0
32025R0041,32013R0952R(10),CITES,2025.0,2013.0
32025R0041,32018R1862R(03),CITES,2025.0,2018.0
32025R0041,32009L0043,CITES,2025.0,2009.0
32025R0041,32008E0944,CITES,2025.0,2008.0
32025R0041,32009F0315R(03),CITES,2025.0,2009.0
32025R0041,32021D0038,CITES,2025.0,2021.0
32025R0041,32018R1725R(02),CITES,2025.0,2018.0
32025R0041,32021L0555R(01),CITES,2025.0,2021.0
32025R0041,32011R0182R(02),CITES,2025.0,2011.0
32025R0041,32015R2446R(12),CITES,2025.0,2015.0
32025R0041,32016R0794R(05),CITES,2025.0,2016.0
32025R0041,32019L1937R(01),CITES,2025.0,2019.0
32025R0041,32016R0679R(02),CITES,2025.0,2016.0
32025R0041,32014D0164,CITES,2025.0,2014.0
32025R0041,32021R0821R(03),CITES,2025.0,2021.0
32025R0041,32015R2447R(13),CITES,2025.0,2015.0
32025R0041,32022R2399,CITES,2025.0,2022.0
32024R1735R(01),32014L0023R(05),CITES,2024.0,2014.0
32024R1735R(01),32009L0147R(01),CITES,2024.0,2009.0
32024R1735R(01),32021R0523,CITES,2024.0,2021.0
32024R1735R(01),32024R1781R(01),CITES,2024.0,2024.0
32024R1735R(01),32021R1056,CITES,2024.0,2021.0
32024R1735R(01),32014L0024R(15),CITES,2024.0,2014.0
32024R1735R(01),32022R1031,CITES,2024.0,2022.0
32024R1735R(01),32018R1999R(06),CITES,2024.0,2018.0
32024R1735R(01),32022R1214R(01),CITES,2024.0,2022.0
32024R1735R(01),32009L0031R(02),CITES,2024.0,2009.0
32024R1735R(01),32021R0240R(01),CITES,2024.0,2021.0
32024R1735R(01),32023R0435,CITES,2024.0,2023.0
32024R1735R(01),32011L0092R(02),CITES,2024.0,2011.0
32024R1735R(01),32021R1119,CITES,2024.0,2021.0
32024R1735R(01),32005L0036R(07),CITES,2024.0,2005.0
32024R1735R(01),32016D1841,CITES,2024.0,2016.0
32024R1735R(01),32018L2001R(10),CITES,2024.0,2018.0
32024R1735R(01),32014D0115,CITES,2024.0,2014.0
32024R1735R(01),32021R1058,CITES,2024.0,2021.0
32024R1735R(01),32022R2560R(02),CITES,2024.0,2022.0
32024R1735R(01),32023R1805,CITES,2024.0,2023.0
32024R1735R(01),32021R0696R(01),CITES,2024.0,2021.0
32024R1735R(01),32014L0089R(01),CITES,2024.0,2014.0
32024R1735R(01),32023R0955,CITES,2024.0,2023.0
32024R1735R(01),32023R1542R(01),CITES,2024.0,2023.0
32024R1735R(01),32023R2405R(02),CITES,2024.0,2023.0
32024R1735R(01),32023L2413,CITES,2024.0,2023.0
32024R1735R(01),32012L0018R(03),CITES,2024.0,2012.0
32024R1735R(01),32010L0075R(11),CITES,2024.0,2010.0
32024R1735R(01),32021R0241R(02),CITES,2024.0,2021.0
32024R1735R(01),32024R1252R(01),CITES,2024.0,2024.0
32024R1735R(01),32024R0795R(01),CITES,2024.0,2024.0
32024R1735R(01),32021R1057,CITES,2024.0,2021.0
32024R1735R(01),32013R0952R(10),CITES,2024.0,2013.0
32024R1735R(01),32014L0025R(07),CITES,2024.0,2014.0
32024R1735R(01),32012R1025,CITES,2024.0,2012.0
32024R1735R(01),32009L0081R(01),CITES,2024.0,2009.0
32024R1735R(01),32017R1369R(01),CITES,2024.0,2017.0
32024R1735R(01),32021R0695R(03),CITES,2024.0,2021.0
32024R1735R(01),32023R1781,CITES,2024.0,2023.0
32024R1735R(01),32021R1060R(05),CITES,2024.0,2021.0
32018R1971R(01),32018R1725R(02),CITES,2018.0,2018.0
32018R1971R(01),32013R0883R(02),CITES,2018.0,2013.0
32018R1971R(01),32013R0526,CITES,2018.0,2013.0
32018R1971R(01),32004R2006,CITES,2018.0,2004.0
32018R1971R(01),32016R0679R(02),CITES,2018.0,2016.0
32018R1971R(01),32018R1046,CITES,2018.0,2018.0
32018R1971R(01),32010L0013R(03),CITES,2018.0,2010.0
32018R1971R(01),32015D0443,CITES,2018.0,2015.0
32018R1971R(01),32010R0912,CITES,2018.0,2010.0
32018R1971R(01),32013R1271,CITES,2018.0,2013.0
32018R1971R(01),32018L1972R(04),CITES,2018.0,2018.0
32018R1971R(01),32012R0531,CITES,2018.0,2012.0
32018R1971R(01),32015D0444,CITES,2018.0,2015.0
32018R1971R(01),42010D0349,CITES,2018.0,2010.0
32021R2139R(01),32010L0075R(11),CITES,2021.0,2010.0
32021R2139R(01),32006R1893R(02),CITES,2021.0,2006.0
32021R2139R(01),32013L0034R(07),CITES,2021.0,2013.0
32021R2139R(01),32018L2001R(10),CITES,2021.0,2018.0
32018L2001R(10),32005L0036R(07),CITES,2018.0,2005.0
32018L2001R(10),32010L0031R(03),CITES,2018.0,2010.0
32018L2001R(10),32013R0525,CITES,2018.0,2013.0
32018L2001R(10),32008R1099,CITES,2018.0,2008.0
32018L2001R(10),32008L0098R(03),CITES,2018.0,2008.0
32018L2001R(10),32009L0072,CITES,2018.0,2009.0
32018L2001R(10),32018R1046,CITES,2018.0,2018.0
32018L2001R(10),32009L0073,CITES,2018.0,2009.0
32018L2001R(10),32018R1999R(06),CITES,2018.0,2018.0
32018L2001R(10),32011R0182R(02),CITES,2018.0,2011.0
32018L2001R(10),32012L0027R(01),CITES,2018.0,2012.0
32010L0075R(11),32009R1221R(01),CITES,2010.0,2009.0
32010D0368,32008D0432,CITES,2010.0,2008.0
32010D0368,32009D0381,CITES,2010.0,2009.0
32011D0829,32010D0368,CITES,2011.0,2010.0
32011D0829,32008D0432,CITES,2011.0,2008.0
32011D0829,32009D0381,CITES,2011.0,2009.0
32021R1134R(04),32019R0818R(01),CITES,2021.0,2019.0
32021R1134R(04),32016R0679R(02),CITES,2021.0,2016.0
32021R1134R(04),32017L0541,CITES,2021.0,2017.0
32021R1134R(04),32011R0182R(02),CITES,2021.0,2011.0
32021R1134R(04),32011D0350,CITES,2021.0,2011.0
32021R1134R(04),32016R0794R(05),CITES,2021.0,2016.0
32021R1134R(04),32009F0315R(03),CITES,2021.0,2009.0
32021R1134R(04),32008D0149,CITES,2021.0,2008.0
32021R1134R(04),32021R1134R(04),CITES,2021.0,2021.0
32021R1134R(04),32017D1908R(01),CITES,2021.0,2017.0
32021R1134R(04),32016L0680R(03),CITES,2021.0,2016.0
32021R1134R(04),32008D0146,CITES,2021.0,2008.0
32021R1134R(04),32018R1725R(02),CITES,2021.0,2018.0
32014L0053R(02),32008D0768R(02),CITES,2014.0,2008.0
32014L0053R(02),32011R0182R(02),CITES,2014.0,2011.0
32014L0053R(02),32008R0765R(03),CITES,2014.0,2008.0
32014L0053R(02),32007D0344,CITES,2014.0,2007.0
32014L0053R(02),32014L0030R(02),CITES,2014.0,2014.0
32014L0053R(02),32008L0063,CITES,2014.0,2008.0
32014L0053R(02),32012R1025,CITES,2014.0,2012.0
32014L0053R(02),32014L0035,CITES,2014.0,2014.0
32012D0636,32005D0145,CITES,2012.0,2005.0
32012D0636,61998CJ0379,CITES,2012.0,1998.0
32012D0636,32008D0204,CITES,2012.0,2008.0
32012D0636,62001TJ0157,CITES,2012.0,2001.0
32012D0636,62002TJ0266,CITES,2012.0,2002.0
32012D0636,62010CJ0463,CITES,2012.0,2010.0
32012D0636,32004R0794R(04),CITES,2012.0,2004.0
32012D0636,62009CJ0071,CITES,2012.0,2009.0
32012D0636,62000CJ0280,CITES,2012.0,2000.0
32012D0636,62008CJ0399,CITES,2012.0,2008.0
32012D0636,32006L0111,CITES,2012.0,2006.0
32012D0636,32008L0006R(03),CITES,2012.0,2008.0
32014R0964,32014R0702R(01),CITES,2014.0,2014.0
32014R0964,32014R0651R(05),CITES,2014.0,2014.0
32014R0964,32013R1407,CITES,2014.0,2013.0
32015L0413,32010L0064,CITES,2015.0,2010.0
32016R1185R(03),32012R0965R(04),CITES,2016.0,2012.0
32016R1185R(03),32014R0139R(11),CITES,2016.0,2014.0
32018R1862R(03),32016L0680R(03),CITES,2018.0,2016.0
32018R1862R(03),32018R1727R(07),CITES,2018.0,2018.0
32018R1862R(03),32006R1987,CITES,2018.0,2006.0
32018R1862R(03),32013L0048R(01),CITES,2018.0,2013.0
32018R1862R(03),32008D0149,CITES,2018.0,2008.0
32018R1862R(03),32016R0794R(05),CITES,2018.0,2016.0
32018R1862R(03),32016R0679R(02),CITES,2018.0,2016.0
32018R1862R(03),32017L0541,CITES,2018.0,2017.0
32018R1862R(03),32016R0399R(05),CITES,2018.0,2016.0
32018R1862R(03),32018R1725R(02),CITES,2018.0,2018.0
32018R1862R(03),32018D0934,CITES,2018.0,2018.0
32018R1862R(03),32011R0182R(02),CITES,2018.0,2011.0
32011L0061R(02),32011R0182R(02),CITES,2011.0,2011.0
32011L0061R(02),32010R1094R(02),CITES,2011.0,2010.0
32011L0061R(02),32006L0043R(04),CITES,2011.0,2006.0
32011L0061R(02),32006L0049,CITES,2011.0,2006.0
32011L0061R(02),32010R1093,CITES,2011.0,2010.0
32011L0061R(02),32006L0048,CITES,2011.0,2006.0
32011L0061R(02),32004L0109R(01),CITES,2011.0,2004.0
32011L0061R(02),32004L0025,CITES,2011.0,2004.0
32011L0061R(02),32010R1092,CITES,2011.0,2010.0
32013R1073,32013R1071,CITES,2013.0,2013.0
32013R1073,32013R0543R(02),CITES,2013.0,2013.0
32009L0048,32008D0768R(02),CITES,2009.0,2008.0
32009L0048,32008R0765R(03),CITES,2009.0,2008.0
32019R1700,32009R0223,CITES,2019.0,2009.0
32019R1700,32018R1725R(02),CITES,2019.0,2018.0
32019R1700,32011R0182R(02),CITES,2019.0,2011.0
32019R1700,32018R1046,CITES,2019.0,2018.0
32019R1700,32017R0825,CITES,2019.0,2017.0
32019R1700,32016R0679R(02),CITES,2019.0,2016.0
32019R1700,32007L0002,CITES,2019.0,2007.0
32019R1700,32014R0282,CITES,2019.0,2014.0
32019R1700,32013R1291,CITES,2019.0,2013.0
32019R1700,32013R1303R(04),CITES,2019.0,2013.0
32024R1083R(02),32019R1150,CITES,2024.0,2019.0
32024R1083R(02),32018L1808,CITES,2024.0,2018.0
32024R1083R(02),32022R2065R(02),CITES,2024.0,2022.0
32024R1083R(02),32024R0900R(01),CITES,2024.0,2024.0
32024R1083R(02),32017L0541,CITES,2024.0,2017.0
32024R1083R(02),32014L0024R(15),CITES,2024.0,2014.0
32024R1083R(02),32019L0790R(01),CITES,2024.0,2019.0
32024R1083R(02),32016L0943R(01),CITES,2024.0,2016.0
32024R1083R(02),32015L0849R(03),CITES,2024.0,2015.0
32024R1083R(02),32018R1725R(02),CITES,2024.0,2018.0
32024R1083R(02),32022R1925R(01),CITES,2024.0,2022.0
32024R1083R(02),32016R0679R(02),CITES,2024.0,2016.0
32024R1083R(02),32016L0680R(03),CITES,2024.0,2016.0
32025D0138,32022R0030,CITES,2025.0,2022.0
32025D0138,32014L0053R(02),CITES,2025.0,2014.0
32025R0301,32010R1094R(02),CITES,2025.0,2010.0
32025R0301,32010R1093,CITES,2025.0,2010.0
32025R0301,32024R1772,CITES,2025.0,2024.0
32025R0301,32010R1095,CITES,2025.0,2010.0
32025R0301,32022L2555R(06),CITES,2025.0,2022.0
32025R0301,32018R1725R(02),CITES,2025.0,2018.0
32024R3011,32014L0041R(02),CITES,2024.0,2014.0
32024R3011,32017L0541,CITES,2024.0,2017.0
32024R3011,32023R2844,CITES,2024.0,2023.0
32024R3011,32016L0680R(03),CITES,2024.0,2016.0
32024R3011,32016L0800,CITES,2024.0,2016.0
32024R3011,32010L0064,CITES,2024.0,2010.0
32024R3011,32013L0048R(01),CITES,2024.0,2013.0
32024R3011,32017R1939R(02),CITES,2024.0,2017.0
32024R3011,32022R0850,CITES,2024.0,2022.0
32024R3011,32012L0029R(01),CITES,2024.0,2012.0
32024R3011,32016L0343R(01),CITES,2024.0,2016.0
32024R3011,32013R0606,CITES,2024.0,2013.0
32024R3011,32018R1727R(07),CITES,2024.0,2018.0
32024R3011,32011L0099,CITES,2024.0,2011.0
32024R3011,32016L1919,CITES,2024.0,2016.0
32024R3011,32008F0947R(03),CITES,2024.0,2008.0
32024R3011,32018R1725R(02),CITES,2024.0,2018.0
32024R3011,32011R0182R(02),CITES,2024.0,2011.0
32024R3011,32008F0909R(03),CITES,2024.0,2008.0
32024R3011,32012L0013,CITES,2024.0,2012.0
32024L1760R(01),32016R0679R(02),CITES,2024.0,2016.0
32024L1760R(01),32014L0023R(05),CITES,2024.0,2014.0
32024L1760R(01),32019R0125R(01),CITES,2024.0,2019.0
32024L1760R(01),32015R0760R(01),CITES,2024.0,2015.0
32024L1760R(01),32022D0591,CITES,2024.0,2022.0
32024L1760R(01),32014R0596R(07),CITES,2024.0,2014.0
32024L1760R(01),32011R0182R(02),CITES,2024.0,2011.0
32024L1760R(01),32016L0943R(01),CITES,2024.0,2016.0
32024L1760R(01),32024L1619,CITES,2024.0,2024.0
32024L1760R(01),32009L0138R(01),CITES,2024.0,2009.0
32024L1760R(01),32009L0065R(07),CITES,2024.0,2009.0
32024L1760R(01),32023R1115R(01),CITES,2024.0,2023.0
32024L1760R(01),32023R1114R(05),CITES,2024.0,2023.0
32024L1760R(01),32011L0061R(02),CITES,2024.0,2011.0
32024L1760R(01),32017R2402R(01),CITES,2024.0,2017.0
32024L1760R(01),32013R0575R(02),CITES,2024.0,2013.0
32024L1760R(01),32021R0821R(03),CITES,2024.0,2021.0
32024L1760R(01),32013L0034R(07),CITES,2024.0,2013.0
32024L1760R(01),32016L2341R(02),CITES,2024.0,2016.0
32024L1760R(01),32014R0909R(06),CITES,2024.0,2014.0
32024L1760R(01),32015L2366R(06),CITES,2024.0,2015.0
32024L1760R(01),32021R1119,CITES,2024.0,2021.0
32024L1760R(01),32014L0025R(07),CITES,2024.0,2014.0
32024L1760R(01),32009L0110R(03),CITES,2024.0,2009.0
32024L1760R(01),32020L1828,CITES,2024.0,2020.0
32024L1760R(01),32012R0648R(09),CITES,2024.0,2012.0
32024L1760R(01),32004L0109R(01),CITES,2024.0,2004.0
32024L1760R(01),32020R1503R(01),CITES,2024.0,2020.0
32024L1760R(01),32014L0065R(01),CITES,2024.0,2014.0
32024L1760R(01),32018R1725R(02),CITES,2024.0,2018.0
32024L1760R(01),32023R1542R(01),CITES,2024.0,2023.0
32024L1760R(01),32014L0024R(15),CITES,2024.0,2014.0
32024R1781R(01),32008R0765R(03),CITES,2024.0,2008.0
32024R1781R(01),32014L0025R(07),CITES,2024.0,2014.0
32024R1781R(01),32011R0182R(02),CITES,2024.0,2011.0
32024R1781R(01),32024L1275,CITES,2024.0,2024.0
32024R1781R(01),32022D0591,CITES,2024.0,2022.0
32024R1781R(01),32016R0679R(02),CITES,2024.0,2016.0
32024R1781R(01),32013R0168R(03),CITES,2024.0,2013.0
32024R1781R(01),32018L2002,CITES,2024.0,2018.0
32024R1781R(01),32014L0024R(15),CITES,2024.0,2014.0
32024R1781R(01),32018R0858R(08),CITES,2024.0,2018.0
32024R1781R(01),32013R0952R(10),CITES,2024.0,2013.0
32024R1781R(01),32013L0034R(07),CITES,2024.0,2013.0
32024R1781R(01),32021R1119,CITES,2024.0,2021.0
32024R1781R(01),32017R0745R(02),CITES,2024.0,2017.0
32024R1781R(01),32022R2065R(02),CITES,2024.0,2022.0
32024R1781R(01),32017R0746R(06),CITES,2024.0,2017.0
32024R1781R(01),32013R0167R(04),CITES,2024.0,2013.0
32024R1781R(01),32018R1725R(02),CITES,2024.0,2018.0
32024R1781R(01),32020R0740R(03),CITES,2024.0,2020.0
32024R1781R(01),32023R0988,CITES,2024.0,2023.0
32024R1781R(01),32009L0081R(01),CITES,2024.0,2009.0
32024R1781R(01),32020R0852R(06),CITES,2024.0,2020.0
32024R1781R(01),32021H2279,CITES,2024.0,2021.0
32024R1781R(01),32019R1020R(05),CITES,2024.0,2019.0
32024R1781R(01),32011L0083R(05),CITES,2024.0,2011.0
32024R1781R(01),32012R1025,CITES,2024.0,2012.0
32024R1781R(01),32009L0048,CITES,2024.0,2009.0
32024R1781R(01),32016D1841,CITES,2024.0,2016.0
32024R1781R(01),32008D0768R(02),CITES,2024.0,2008.0
32024R1781R(01),32008L0098R(03),CITES,2024.0,2008.0
32024R1781R(01),32022R2399,CITES,2024.0,2022.0
32024R1781R(01),32017R1369R(01),CITES,2024.0,2017.0
32024R1781R(01),32010L0075R(11),CITES,2024.0,2010.0
32024R1781R(01),32018R1807,CITES,2024.0,2018.0
32024R0573R(02),32012L0019,CITES,2024.0,2012.0
32024R0573R(02),32022R2399,CITES,2024.0,2022.0
32024R0573R(02),32009L0125R(02),CITES,2024.0,2009.0
32024R0573R(02),32019R1020R(05),CITES,2024.0,2019.0
32024R0573R(02),32018R1725R(02),CITES,2024.0,2018.0
32024R0573R(02),32016R0679R(02),CITES,2024.0,2016.0
32024R0573R(02),32018R1999R(06),CITES,2024.0,2018.0
32024R0573R(02),32022D0591,CITES,2024.0,2022.0
32024R0573R(02),32021R1119,CITES,2024.0,2021.0
32024R0573R(02),32022R2065R(02),CITES,2024.0,2022.0
32024R0573R(02),32009R0401R(01),CITES,2024.0,2009.0
32024R0573R(02),32018R1046,CITES,2024.0,2018.0
32024R0573R(02),32013R0952R(10),CITES,2024.0,2013.0
32024R0573R(02),32018R1139R(04),CITES,2024.0,2018.0
32024R0573R(02),32011R0182R(02),CITES,2024.0,2011.0
32025R0390,32013R0952R(10),CITES,2025.0,2013.0
32025R0390,32013R0575R(02),CITES,2025.0,2013.0
32025R0390,32014L0065R(01),CITES,2025.0,2014.0
32025R0390,32024L1226,CITES,2025.0,2024.0
32025R0390,32015L0849R(03),CITES,2025.0,2015.0
32025R0390,32018L1673,CITES,2025.0,2018.0
32025R0390,32018R1725R(02),CITES,2025.0,2018.0
32025R0390,32014R0833,CITES,2025.0,2014.0
32012D0542,32010D0137,CITES,2012.0,2010.0
32012D0542,32005D0145,CITES,2012.0,2005.0
32012D0542,32008D0204,CITES,2012.0,2008.0
32012D0542,62001TJ0157,CITES,2012.0,2001.0
32012D0542,62009CJ0071,CITES,2012.0,2009.0
32012D0542,32009D0613,CITES,2012.0,2009.0
32010R1071,32010R0273,CITES,2010.0,2010.0
32010R1071,32010R0791,CITES,2010.0,2010.0
32010R1071,32008R0351,CITES,2010.0,2008.0
32010R1071,32010R0590,CITES,2010.0,2010.0
32010R1071,32009R1144,CITES,2010.0,2009.0
32021R0696R(01),32017L1371R(02),CITES,2021.0,2017.0
32021R0696R(01),32021R0523,CITES,2021.0,2021.0
32021R0696R(01),32008L0114,CITES,2021.0,2008.0
32021R0696R(01),32013D0755,CITES,2021.0,2013.0
32021R0696R(01),32011D1104,CITES,2021.0,2011.0
32021R0696R(01),32007L0002,CITES,2021.0,2007.0
32021R0696R(01),32010D0427,CITES,2021.0,2010.0
32021R0696R(01),32011R0182R(02),CITES,2021.0,2011.0
32021R0696R(01),32020R2093R(03),CITES,2021.0,2020.0
32021R0696R(01),32017D1406,CITES,2021.0,2017.0
32021R0696R(01),32014L0025R(07),CITES,2021.0,2014.0
32021R0696R(01),32021R0694R(01),CITES,2021.0,2021.0
32021R0696R(01),32013R0883R(02),CITES,2021.0,2013.0
32021R0696R(01),32021R0695R(03),CITES,2021.0,2021.0
32021R0696R(01),32015D0443,CITES,2021.0,2015.0
32021R0696R(01),32016R0679R(02),CITES,2021.0,2016.0
32021R0696R(01),32018R1139R(04),CITES,2021.0,2018.0
32021R0696R(01),32021D0698,CITES,2021.0,2021.0
32021R0696R(01),32021R0697,CITES,2021.0,2021.0
32021R0696R(01),32018R1725R(02),CITES,2021.0,2018.0
32021R0696R(01),32012D0243,CITES,2021.0,2012.0
32021R0696R(01),32014L0024R(15),CITES,2021.0,2014.0
32021R0696R(01),32009L0081R(01),CITES,2021.0,2009.0
32021R0696R(01),32015D0444,CITES,2021.0,2015.0
32021R0696R(01),32017R1939R(02),CITES,2021.0,2017.0
32021R0696R(01),32019R0452R(01),CITES,2021.0,2019.0
32021R0696R(01),32013R1159,CITES,2021.0,2013.0
32021R0696R(01),32010R0911,CITES,2021.0,2010.0
32021R0696R(01),32018R1046,CITES,2021.0,2018.0
32021R0696R(01),32013D0488R(01),CITES,2021.0,2013.0
32011D0526,32010D0395,CITES,2011.0,2010.0
32014R0537R(06),32013R0575R(02),CITES,2014.0,2013.0
32014R0537R(06),32010R1092,CITES,2014.0,2010.0
32014R0537R(06),32013L0036R(07),CITES,2014.0,2013.0
32014R0537R(06),32006L0043R(04),CITES,2014.0,2006.0
32014R0537R(06),32009L0138R(01),CITES,2014.0,2009.0
32014R0537R(06),32004L0109R(01),CITES,2014.0,2004.0
32014R0537R(06),32010R1094R(02),CITES,2014.0,2010.0
32014R0537R(06),32011L0061R(02),CITES,2014.0,2011.0
32014R0537R(06),32010R1093,CITES,2014.0,2010.0
32014R0537R(06),32005L0060,CITES,2014.0,2005.0
32014R0537R(06),32013L0034R(07),CITES,2014.0,2013.0
32014R0537R(06),32014L0056R(01),CITES,2014.0,2014.0
32014R0537R(06),32010R1095,CITES,2014.0,2010.0
32014R0537R(06),32007L0064,CITES,2014.0,2007.0
32014R0537R(06),32009L0110R(03),CITES,2014.0,2009.0
32014R0537R(06),32009L0065R(07),CITES,2014.0,2009.0
32014H0897R(01),32009R0352,CITES,2014.0,2009.0
32014H0897R(01),32013R0402,CITES,2014.0,2013.0
32014H0897R(01),32008L0057,CITES,2014.0,2008.0
32014H0897R(01),32012R1078,CITES,2014.0,2012.0
32012R1024R(01),32004R2006,CITES,2012.0,2004.0
32012R1024R(01),32006L0123,CITES,2012.0,2006.0
32012R1024R(01),32009D0739,CITES,2012.0,2009.0
32012R1024R(01),32011R0182R(02),CITES,2012.0,2011.0
32019L1024,32011R0182R(02),CITES,2019.0,2011.0
32019L1024,32007R1370R(03),CITES,2019.0,2007.0
32019L1024,32007L0002,CITES,2019.0,2007.0
32019L1024,32016L2102R(03),CITES,2019.0,2016.0
32019L1024,32008R1008R(02),CITES,2019.0,2008.0
32019L1024,32014L0025R(07),CITES,2019.0,2014.0
32019L1024,32008L0114,CITES,2019.0,2008.0
32019L1024,32016L1148,CITES,2019.0,2016.0
32019L1024,32016R0679R(02),CITES,2019.0,2016.0
32019L1024,32014L0024R(15),CITES,2019.0,2014.0
32019L1024,32010L0040,CITES,2019.0,2010.0
32008D1351,32005D0854R(01),CITES,2008.0,2005.0
32025D0704,32022L2557,CITES,2025.0,2022.0
32025D0704,32019D0420R(01),CITES,2025.0,2019.0
32025D0704,32015D0444,CITES,2025.0,2015.0
32025D0704,32021D1956,CITES,2025.0,2021.0
32025D0704,32018R1046,CITES,2025.0,2018.0
32025D0799,32020D0135,CITES,2025.0,2020.0
32025D0799,32024R2847,CITES,2025.0,2024.0
32024D0378,32017R0006,CITES,2024.0,2017.0
32024D0378,32023R1695R(03),CITES,2024.0,2023.0
32024D2418,32010D0787,CITES,2024.0,2010.0
32024D2418,32020R0852R(06),CITES,2024.0,2020.0
32024D2418,32019R0943R(03),CITES,2024.0,2019.0
32024D2418,32018R0842,CITES,2024.0,2018.0
32024D2418,62018CJ0594,CITES,2024.0,2018.0
32024D2418,32022R1854,CITES,2024.0,2022.0
32024D2418,62007CJ0334,CITES,2024.0,2007.0
32024D2418,32015R1589R(02),CITES,2024.0,2015.0
32024D2418,32010L0075R(11),CITES,2024.0,2010.0
32024D2418,62014CJ0015,CITES,2024.0,2014.0
32025R0023,32022R1645R(01),CITES,2025.0,2022.0
32025R0023,32025R0020R(01),CITES,2025.0,2025.0
32023L2225R(01),32013L0036R(07),CITES,2023.0,2013.0
32023L2225R(01),32013R0575R(02),CITES,2023.0,2013.0
32023L2225R(01),32005L0029R(03),CITES,2023.0,2005.0
32023L2225R(01),32016R0679R(02),CITES,2023.0,2016.0
32023L2225R(01),32009L0110R(03),CITES,2023.0,2009.0
32023L2225R(01),32015R0751R(01),CITES,2023.0,2015.0
32023L2225R(01),32015L2366R(06),CITES,2023.0,2015.0
32023L2225R(01),32015L1535,CITES,2023.0,2015.0
32023L2225R(01),32014L0065R(01),CITES,2023.0,2014.0
32023L2225R(01),32011L0083R(05),CITES,2023.0,2011.0
32023L2225R(01),32010R1093,CITES,2023.0,2010.0
32023L2225R(01),32013L0011R(01),CITES,2023.0,2013.0
32023L2225R(01),32019L0882R(01),CITES,2023.0,2019.0
32023L2225R(01),32020R1503R(01),CITES,2023.0,2020.0
32023L2225R(01),32018R1725R(02),CITES,2023.0,2018.0
32019R1143R(01),32006L0112R(20),CITES,2019.0,2006.0
32019R1143R(01),32008L0118,CITES,2019.0,2008.0
32019R1143R(01),32017L2455R(06),CITES,2019.0,2017.0
32019R1143R(01),32009L0132,CITES,2019.0,2009.0
32023R1315R(04),32009L0043,CITES,2023.0,2009.0
32023R1315R(04),32021R2139R(01),CITES,2023.0,2021.0
32023R1315R(04),32017R0565R(06),CITES,2023.0,2017.0
32023R1315R(04),32009R0715,CITES,2023.0,2009.0
32023R1315R(04),32014L0065R(01),CITES,2023.0,2014.0
32023R1315R(04),32019R0943R(03),CITES,2023.0,2019.0
32023R1315R(04),32013R0347,CITES,2023.0,2013.0
32023R1315R(04),32014L0024R(15),CITES,2023.0,2014.0
32023R1315R(04),32010L0075R(11),CITES,2023.0,2010.0
32023R1315R(04),32018R1092,CITES,2023.0,2018.0
32023R1315R(04),32021R0694R(01),CITES,2023.0,2021.0
32023R1315R(04),32013R1303R(04),CITES,2023.0,2013.0
32023R1315R(04),32021R0695R(03),CITES,2023.0,2021.0
32023R1315R(04),32009L0073,CITES,2023.0,2009.0
32023R1315R(04),32021R0697,CITES,2023.0,2021.0
32023R1315R(04),32017R1151R(04),CITES,2023.0,2017.0
32023R1315R(04),32021R0523,CITES,2023.0,2021.0
32023R1315R(04),32009L0031R(02),CITES,2023.0,2009.0
32023R1315R(04),32012L0027R(01),CITES,2023.0,2012.0
32023R1315R(04),32019R1242R(01),CITES,2023.0,2019.0
32023R1315R(04),32022R1854,CITES,2023.0,2022.0
32023R1315R(04),32013R0168R(03),CITES,2023.0,2013.0
32023R1315R(04),32021R0241R(02),CITES,2023.0,2021.0
32023R1315R(04),32021R2115,CITES,2023.0,2021.0
32023R1315R(04),32018L1972R(04),CITES,2023.0,2018.0
32023R1315R(04),32019L0944R(05),CITES,2023.0,2019.0
32023R1315R(04),32013R1407,CITES,2023.0,2013.0
32023R1315R(04),32021R1119,CITES,2023.0,2021.0
32023R1315R(04),32020R0852R(06),CITES,2023.0,2020.0
32023R1315R(04),32021R0696R(01),CITES,2023.0,2021.0
32023R1315R(04),32021R1060R(05),CITES,2023.0,2021.0
32023R1315R(04),32013R1315,CITES,2023.0,2013.0
32023R1315R(04),32013L0034R(07),CITES,2023.0,2013.0
32023R1315R(04),32021R1237,CITES,2023.0,2021.0
32023R1315R(04),32006R1893R(02),CITES,2023.0,2006.0
32023R1315R(04),32009L0033R(02),CITES,2023.0,2009.0
32023R1315R(04),32010L0031R(03),CITES,2023.0,2010.0
32023R1315R(04),32018L2001R(10),CITES,2023.0,2018.0
32023R1315R(04),32008L0098R(03),CITES,2023.0,2008.0
32023R1315R(04),32013R1379R(03),CITES,2023.0,2013.0
32018D1942,32016D2240,CITES,2018.0,2016.0
32018D1942,32018D0226,CITES,2018.0,2018.0
32018L1972R(04),32016R0679R(02),CITES,2018.0,2016.0
32018L1972R(04),32014L0061R(03),CITES,2018.0,2014.0
32018L1972R(04),32013H0466,CITES,2018.0,2013.0
32018L1972R(04),62010CJ0614,CITES,2018.0,2010.0
32018L1972R(04),32015L1535,CITES,2018.0,2015.0
32018L1972R(04),32013L0011R(01),CITES,2018.0,2013.0
32018L1972R(04),32012R0531,CITES,2018.0,2012.0
32018L1972R(04),32013R0305,CITES,2018.0,2013.0
32018L1972R(04),32014L0035,CITES,2018.0,2014.0
32018L1972R(04),32011R0182R(02),CITES,2018.0,2011.0
32018L1972R(04),32012L0019,CITES,2018.0,2012.0
32018L1972R(04),32017D0899R(01),CITES,2018.0,2017.0
32018L1972R(04),32013R0526,CITES,2018.0,2013.0
32018L1972R(04),32005H0698,CITES,2018.0,2005.0
32018L1972R(04),32014L0030R(02),CITES,2018.0,2014.0
32018L1972R(04),32008L0063,CITES,2018.0,2008.0
32018L1972R(04),32009R1211,CITES,2018.0,2009.0
32018L1972R(04),32013R1315,CITES,2018.0,2013.0
32018L1972R(04),32014L0053R(02),CITES,2018.0,2014.0
32018L1972R(04),32015R0758,CITES,2018.0,2015.0
32018L1972R(04),32016L1148,CITES,2018.0,2016.0
32018L1972R(04),32008R0593R(01),CITES,2018.0,2008.0
32018L1972R(04),32018R1971R(01),CITES,2018.0,2018.0
32018L1972R(04),32010L0013R(03),CITES,2018.0,2010.0
32018L1972R(04),32011L0083R(05),CITES,2018.0,2011.0
32012D0321,32008L0006R(03),CITES,2012.0,2008.0
32012D0321,32009D0613,CITES,2012.0,2009.0
32012D0321,32005D0145,CITES,2012.0,2005.0
32012D0321,62009CJ0071,CITES,2012.0,2009.0
32012D0321,62000CJ0280,CITES,2012.0,2000.0
32012D0321,61998CJ0379,CITES,2012.0,1998.0
32012D0321,32004R0794R(04),CITES,2012.0,2004.0
32012D0321,62001TJ0157,CITES,2012.0,2001.0
32012D0321,32008D0204,CITES,2012.0,2008.0
32017R0394,32010R1095,CITES,2017.0,2010.0
32017R0394,32012R1247,CITES,2017.0,2012.0
32017R0394,32017R0392,CITES,2017.0,2017.0
32021R0690R(02),32020R2093R(03),CITES,2021.0,2020.0
32021R0690R(02),32013L0034R(07),CITES,2021.0,2013.0
32021R0690R(02),32011L0083R(05),CITES,2021.0,2011.0
32021R0690R(02),32017L1371R(02),CITES,2021.0,2017.0
32021R0690R(02),32013D0755,CITES,2021.0,2013.0
32021R0690R(02),32021R0694R(01),CITES,2021.0,2021.0
32021R0690R(02),32017R0625R(07),CITES,2021.0,2017.0
32021R0690R(02),32018R1725R(02),CITES,2021.0,2018.0
32021R0690R(02),32012R1025,CITES,2021.0,2012.0
32021R0690R(02),32006L0043R(04),CITES,2021.0,2006.0
32021R0690R(02),32019R1020R(05),CITES,2021.0,2019.0
32021R0690R(02),32009R0223,CITES,2021.0,2009.0
32021R0690R(02),32021R0695R(03),CITES,2021.0,2021.0
32021R0690R(02),32020R0852R(06),CITES,2021.0,2020.0
32021R0690R(02),32013R1291,CITES,2021.0,2013.0
32021R0690R(02),32006L0123,CITES,2021.0,2006.0
32021R0690R(02),32008R0765R(03),CITES,2021.0,2008.0
32021R0690R(02),32014L0024R(15),CITES,2021.0,2014.0
32021R0690R(02),32016R0679R(02),CITES,2021.0,2016.0
32021R0690R(02),32017R1939R(02),CITES,2021.0,2017.0
32021R0690R(02),32013R0883R(02),CITES,2021.0,2013.0
32021R0690R(02),32005L0029R(03),CITES,2021.0,2005.0
32021R0690R(02),32020L1828,CITES,2021.0,2020.0
32021R0690R(02),32021R0693,CITES,2021.0,2021.0
32021R0690R(02),32021R0523,CITES,2021.0,2021.0
32021R0690R(02),32014L0023R(05),CITES,2021.0,2014.0
32021R0690R(02),32021R0696R(01),CITES,2021.0,2021.0
32021R0690R(02),32014L0025R(07),CITES,2021.0,2014.0
32021R0690R(02),32011R0182R(02),CITES,2021.0,2011.0
32006L0022,32006R0561R(10),CITES,2006.0,2006.0
32021D0509R(01),32015R0322,CITES,2021.0,2015.0
32021D0509R(01),32008E0944,CITES,2021.0,2008.0
32021D0509R(01),32013D0488R(01),CITES,2021.0,2013.0
32021D0509R(01),32010D0427,CITES,2021.0,2010.0
32021D0509R(01),32018R1046,CITES,2021.0,2018.0
32021D0509R(01),32014D0335,CITES,2021.0,2014.0
32021D0509R(01),32020D1422,CITES,2021.0,2020.0
32021D0509R(01),32018R1725R(02),CITES,2021.0,2018.0
32025R0855,32010R1093,CITES,2025.0,2010.0
32024L2853,32016L0680R(03),CITES,2024.0,2016.0
32024L2853,32020L1828,CITES,2024.0,2020.0
32024L2853,32024R1689,CITES,2024.0,2024.0
32024L2853,32023R0988,CITES,2024.0,2023.0
32024L2853,32022R2065R(02),CITES,2024.0,2022.0
32024L2853,32017R0745R(02),CITES,2024.0,2017.0
32024L2853,32018R1725R(02),CITES,2024.0,2018.0
32024L2853,32016R0679R(02),CITES,2024.0,2016.0
32024L2853,32019R1020R(05),CITES,2024.0,2019.0
32024L2853,32022R0868,CITES,2024.0,2022.0
32024L2853,32016L0943R(01),CITES,2024.0,2016.0
32024L2853,32008D0768R(02),CITES,2024.0,2008.0
32024R0587,32017R1185R(01),CITES,2024.0,2017.0
32024R0587,32021R2289R(01),CITES,2024.0,2021.0
32024R3012R(02),32016D1841,CITES,2024.0,2016.0
32024R3012R(02),32024R1735R(01),CITES,2024.0,2024.0
32024R3012R(02),32011R0182R(02),CITES,2024.0,2011.0
32024R3012R(02),32018R0841,CITES,2024.0,2018.0
32024R3012R(02),32008R0765R(03),CITES,2024.0,2008.0
32024R3012R(02),32018R1046,CITES,2024.0,2018.0
32024R3012R(02),32018L2001R(10),CITES,2024.0,2018.0
32024R3012R(02),32021R0695R(03),CITES,2024.0,2021.0
32024R3012R(02),32018R0842,CITES,2024.0,2018.0
32024R3012R(02),32018R1999R(06),CITES,2024.0,2018.0
32024R3012R(02),32009L0031R(02),CITES,2024.0,2009.0
32024R3012R(02),32021R2115,CITES,2024.0,2021.0
32024R3012R(02),32021R1119,CITES,2024.0,2021.0
32024R3012R(02),32021R0696R(01),CITES,2024.0,2021.0
32025R0302,32024R1772,CITES,2025.0,2024.0
32025R0302,32010R1095,CITES,2025.0,2010.0
32025R0302,32014R0468,CITES,2025.0,2014.0
32025R0302,32025R0301,CITES,2025.0,2025.0
32025R0302,32010R1094R(02),CITES,2025.0,2010.0
32025R0302,32010R1093,CITES,2025.0,2010.0
32025R0302,32018R1725R(02),CITES,2025.0,2018.0
32024D0392,32021D0689R(02),CITES,2024.0,2021.0
32018R0502R(01),32014L0053R(02),CITES,2018.0,2014.0
32019R1149R(01),32018R1724,CITES,2019.0,2018.0
32019R1149R(01),32009R0987,CITES,2019.0,2009.0
32019R1149R(01),32013R0883R(02),CITES,2019.0,2013.0
32019R1149R(01),32016L2102R(03),CITES,2019.0,2016.0
32019R1149R(01),32006R0561R(10),CITES,2019.0,2006.0
32019R1149R(01),32015D2240,CITES,2019.0,2015.0
32019R1149R(01),32018R1725R(02),CITES,2019.0,2018.0
32019R1149R(01),32015D0443,CITES,2019.0,2015.0
32019R1149R(01),32009R1071R(03),CITES,2019.0,2009.0
32019R1149R(01),32018R1046,CITES,2019.0,2018.0
32019R1149R(01),32006L0022,CITES,2019.0,2006.0
32019R1149R(01),32013R1271,CITES,2019.0,2013.0
32019R1149R(01),32015D0444,CITES,2019.0,2015.0
32019R1149R(01),32016R0679R(02),CITES,2019.0,2016.0
32014L0052R(02),32012L0018R(03),CITES,2014.0,2012.0
32014L0052R(02),32008L0098R(03),CITES,2014.0,2008.0
32014L0052R(02),32013R0347,CITES,2014.0,2013.0
32014L0052R(02),32009L0071R(01),CITES,2014.0,2009.0
32014L0052R(02),32010L0075R(11),CITES,2014.0,2010.0
32014L0052R(02),32013R1316,CITES,2014.0,2013.0
32014L0052R(02),32009L0147R(01),CITES,2014.0,2009.0
32014L0052R(02),32013L0030R(01),CITES,2014.0,2013.0
32014L0052R(02),32013R1315,CITES,2014.0,2013.0
32016L1629R(01),32016R0679R(02),CITES,2016.0,2016.0
32016L1629R(01),32005L0044,CITES,2016.0,2005.0
32016L1629R(01),32011R0182R(02),CITES,2016.0,2011.0
32021R0783,32017L1371R(02),CITES,2021.0,2017.0
32021R0783,32013D0755,CITES,2021.0,2013.0
32021R0783,32011R0182R(02),CITES,2021.0,2011.0
32021R0783,32009L0147R(01),CITES,2021.0,2009.0
32021R0783,32013R1316,CITES,2021.0,2013.0
32021R0783,32008L0056,CITES,2021.0,2008.0
32021R0783,32017R1939R(02),CITES,2021.0,2017.0
32021R0783,32018L2002,CITES,2021.0,2018.0
32021R0783,32018R1046,CITES,2021.0,2018.0
32021R0783,32013R1305R(01),CITES,2021.0,2013.0
32021R0783,32020R2093R(03),CITES,2021.0,2020.0
32021R0783,32021R0523,CITES,2021.0,2021.0
32021R0783,32016L2284,CITES,2021.0,2016.0
32021R0783,32021R0695R(03),CITES,2021.0,2021.0
32021R0783,32013R0883R(02),CITES,2021.0,2013.0
32021R0783,32012L0027R(01),CITES,2021.0,2012.0
32021R0783,32013R1301R(02),CITES,2021.0,2013.0
32013D0246,32008D0214,CITES,2013.0,2008.0
32021R1057,32014R0223,CITES,2021.0,2014.0
32021R1057,32021R0695R(03),CITES,2021.0,2021.0
32021R1057,32021R1056,CITES,2021.0,2021.0
32021R1057,32013R0883R(02),CITES,2021.0,2013.0
32021R1057,32021R0240R(01),CITES,2021.0,2021.0
32021R1057,32018R1046,CITES,2021.0,2018.0
32021R1057,32021R0818R(01),CITES,2021.0,2021.0
32021R1057,32017L1371R(02),CITES,2021.0,2017.0
32021R1057,32017R1939R(02),CITES,2021.0,2017.0
32021R1057,32011R0182R(02),CITES,2021.0,2011.0
32021R1057,32013R1305R(01),CITES,2021.0,2013.0
32021R1057,32021R0241R(02),CITES,2021.0,2021.0
32021R1057,32016R0679R(02),CITES,2021.0,2016.0
32021R1057,32021R0522R(02),CITES,2021.0,2021.0
32021R1057,32021R0694R(01),CITES,2021.0,2021.0
32021R1057,32013D0755,CITES,2021.0,2013.0
32021R1057,32021R1058,CITES,2021.0,2021.0
32021R1057,32021R1060R(05),CITES,2021.0,2021.0
32021R1057,32013R1304R(03),CITES,2021.0,2013.0
32021R1057,32021R0523,CITES,2021.0,2021.0
32016D2042,32010L0013R(03),CITES,2016.0,2010.0
32021O0827,32013R0549,CITES,2021.0,2013.0
32024R2509,32015L0849R(03),CITES,2024.0,2015.0
32024R2509,32021R0241R(02),CITES,2024.0,2021.0
32024R2509,32015R0848R(06),CITES,2024.0,2015.0
32024R2509,32013L0036R(07),CITES,2024.0,2013.0
32024R2509,32020R0852R(06),CITES,2024.0,2020.0
32024R2509,32020R2092R(04),CITES,2024.0,2020.0
32024R2509,32014L0024R(15),CITES,2024.0,2014.0
32024R2509,32015R1017R(01),CITES,2024.0,2015.0
32024R2509,32014L0023R(05),CITES,2024.0,2014.0
32024R2509,32022R1031,CITES,2024.0,2022.0
32024R2509,32014L0065R(01),CITES,2024.0,2014.0
32024R2509,32012R0966,CITES,2024.0,2012.0
32024R2509,32021R1060R(05),CITES,2024.0,2021.0
32024R2509,32014R0223,CITES,2024.0,2014.0
32024R2509,32016R0679R(02),CITES,2024.0,2016.0
32024R2509,32017R1939R(02),CITES,2024.0,2017.0
32024R2509,32010D0427,CITES,2024.0,2010.0
32024R2509,32014L0025R(07),CITES,2024.0,2014.0
32024R2509,32006L0112R(20),CITES,2024.0,2006.0
32024R2509,32017L1371R(02),CITES,2024.0,2017.0
32024R2509,32022R2463,CITES,2024.0,2022.0
32024R2509,32020D2053,CITES,2024.0,2020.0
32024R2509,32013R0883R(02),CITES,2024.0,2013.0
32024R2509,32013R1303R(04),CITES,2024.0,2013.0
32024R2509,32020R2093R(03),CITES,2024.0,2020.0
32024R2509,32021D1764R(01),CITES,2024.0,2021.0
32024R2509,32015R0847,CITES,2024.0,2015.0
32024R2509,32017L0541,CITES,2024.0,2017.0
32024R2509,32018R1725R(02),CITES,2024.0,2018.0
32024R2509,32011R0182R(02),CITES,2024.0,2011.0
32024R2509,32022R2560R(02),CITES,2024.0,2022.0
32024R2509,32020R2094R(01),CITES,2024.0,2020.0
32024R2509,32014R0514R(01),CITES,2024.0,2014.0
32024R2509,32021R0947R(03),CITES,2024.0,2021.0
32024R2509,32014L0055,CITES,2024.0,2014.0
32024R3110,32018R1724,CITES,2024.0,2018.0
32024R3110,32014L0024R(15),CITES,2024.0,2014.0
32024R3110,32016L0943R(01),CITES,2024.0,2016.0
32024R3110,32020L2184R(01),CITES,2024.0,2020.0
32024R3110,32008L0098R(03),CITES,2024.0,2008.0
32024R3110,32024R1781R(01),CITES,2024.0,2024.0
32024R3110,32008D0768R(02),CITES,2024.0,2008.0
32024R3110,32014L0025R(07),CITES,2024.0,2014.0
32024R3110,32014L0035,CITES,2024.0,2014.0
32024R3110,32023R0988,CITES,2024.0,2023.0
32024R3110,32016R0679R(02),CITES,2024.0,2016.0
32024R3110,32008R0765R(03),CITES,2024.0,2008.0
32024R3110,32014L0053R(02),CITES,2024.0,2014.0
32024R3110,32014L0030R(02),CITES,2024.0,2014.0
32024R3110,32012R1025,CITES,2024.0,2012.0
32024R3110,32024R2747,CITES,2024.0,2024.0
32024R3110,32014R0910R(09),CITES,2024.0,2014.0
32024R3110,32011R0182R(02),CITES,2024.0,2011.0
32024R3110,32022R2065R(02),CITES,2024.0,2022.0
32024R3110,32015L1535,CITES,2024.0,2015.0
32024L1654,32012R0260R(01),CITES,2024.0,2012.0
32024L1654,32024L1640R(01),CITES,2024.0,2024.0
32024L1654,32023R1114R(05),CITES,2024.0,2023.0
32024L1654,32015L0849R(03),CITES,2024.0,2015.0
32024L1654,32024R1624,CITES,2024.0,2024.0
32024L1654,32011R0182R(02),CITES,2024.0,2011.0
32024L1654,32018R1725R(02),CITES,2024.0,2018.0
32024L1654,32016R0794R(05),CITES,2024.0,2016.0
32024L1654,32016L0680R(03),CITES,2024.0,2016.0
32024L1654,32024R1620R(01),CITES,2024.0,2024.0
32024L1654,32023R1113,CITES,2024.0,2023.0
32018D1040,32012D0540,CITES,2018.0,2012.0
32018D1040,32006L0111,CITES,2018.0,2006.0
32018D1040,62015CJ0211,CITES,2018.0,2015.0
32018D1040,32007L0059,CITES,2018.0,2007.0
32018D1040,32015R1589R(02),CITES,2018.0,2015.0
32018D1040,62000CJ0280,CITES,2018.0,2000.0
32018D1040,62001TJ0157,CITES,2018.0,2001.0
32018D1040,32007R1371,CITES,2018.0,2007.0
32018D1040,62010CJ0124,CITES,2018.0,2010.0
32018D1040,62003CJ0172,CITES,2018.0,2003.0
32018D1040,32007R1370R(03),CITES,2018.0,2007.0
32018D1040,32007L0058,CITES,2018.0,2007.0
32016R1013,32012R0966,CITES,2016.0,2012.0
32016R1013,32011R0182R(02),CITES,2016.0,2011.0
32016R1013,32015L0849R(03),CITES,2016.0,2015.0
32016R1013,32009R0223,CITES,2016.0,2009.0
32016R1013,32006D0856R(01),CITES,2016.0,2006.0
32021R0947R(03),32015L0849R(03),CITES,2021.0,2015.0
32021R0947R(03),32014R0232,CITES,2021.0,2014.0
32021R0947R(03),32014R0233,CITES,2021.0,2014.0
32021R0947R(03),32021D0509R(01),CITES,2021.0,2021.0
32021R0947R(03),32013R0883R(02),CITES,2021.0,2013.0
32021R0947R(03),32021R0818R(01),CITES,2021.0,2021.0
32021R0947R(03),32017R1939R(02),CITES,2021.0,2017.0
32021R0947R(03),32020R2093R(03),CITES,2021.0,2020.0
32021R0947R(03),32008E0944,CITES,2021.0,2008.0
32021R0947R(03),32014R0234,CITES,2021.0,2014.0
32021R0947R(03),32019R0125R(01),CITES,2021.0,2019.0
32021R0947R(03),32015R0322,CITES,2021.0,2015.0
32021R0947R(03),32014R0230,CITES,2021.0,2014.0
32021R0947R(03),32011R0182R(02),CITES,2021.0,2011.0
32021R0947R(03),32011L0092R(02),CITES,2021.0,2011.0
32021R0947R(03),32010D0427,CITES,2021.0,2010.0
32021R0947R(03),32014R0235,CITES,2021.0,2014.0
32021R0947R(03),32021R0821R(03),CITES,2021.0,2021.0
32021R0947R(03),32017L1371R(02),CITES,2021.0,2017.0
32021R0947R(03),32018R1046,CITES,2021.0,2018.0
32007L0059,32005L0036R(07),CITES,2007.0,2005.0
32012R0244R(01),32011R0305R(01),CITES,2012.0,2011.0
32012R0244R(01),32009L0125R(02),CITES,2012.0,2009.0
32014L0045R(06),32006L0123,CITES,2014.0,2006.0
32014L0045R(06),32008R0765R(03),CITES,2014.0,2008.0
32014L0045R(06),32007L0046,CITES,2014.0,2007.0
32014L0045R(06),32011R0182R(02),CITES,2014.0,2011.0
32013R1042,32010L0013R(03),CITES,2013.0,2010.0
32010R1158R(01),32007L0059,CITES,2010.0,2007.0
32021R1149R(03),32014R0514R(01),CITES,2021.0,2014.0
32021R1149R(03),32013R0883R(02),CITES,2021.0,2013.0
32021R1149R(03),32013D0755,CITES,2021.0,2013.0
32021R1149R(03),32018R1046,CITES,2021.0,2018.0
32021R1149R(03),32021R1148,CITES,2021.0,2021.0
32021R1149R(03),32014R0513,CITES,2021.0,2014.0
32021R1149R(03),32017L1371R(02),CITES,2021.0,2017.0
32021R1149R(03),32021R1060R(05),CITES,2021.0,2021.0
32021R1149R(03),32021R0693,CITES,2021.0,2021.0
32021R1149R(03),32020R0852R(06),CITES,2021.0,2020.0
32021R1149R(03),32021R0692,CITES,2021.0,2021.0
32021R1149R(03),32020R2093R(03),CITES,2021.0,2020.0
32021R1149R(03),32011R0182R(02),CITES,2021.0,2011.0
32021R1149R(03),32017L0541,CITES,2021.0,2017.0
32021R1149R(03),32021R0694R(01),CITES,2021.0,2021.0
32021R1149R(03),32017R1939R(02),CITES,2021.0,2017.0
32021R1149R(03),32009D0902,CITES,2021.0,2009.0
32021R1149R(03),32021R0523,CITES,2021.0,2021.0
32021R1149R(03),32021R0695R(03),CITES,2021.0,2021.0
32019R0123,32010R0255,CITES,2019.0,2010.0
32019R0123,32017R0373R(05),CITES,2019.0,2017.0
32019R0123,32005R2111R(06),CITES,2019.0,2005.0
32019R0123,32013R0409,CITES,2019.0,2013.0
32019R0123,32013R0390,CITES,2019.0,2013.0
32019R0123,32013R0391,CITES,2019.0,2013.0
32019R0123,32005R2150,CITES,2019.0,2005.0
32017R1938R(01),32009L0072,CITES,2017.0,2009.0
32017R1938R(01),32008L0114,CITES,2017.0,2008.0
32017R1938R(01),32009L0073,CITES,2017.0,2009.0
32017R1938R(01),32013D1313R(01),CITES,2017.0,2013.0
32017R1938R(01),32009R0713,CITES,2017.0,2009.0
32017R1938R(01),32014R0312R(02),CITES,2017.0,2014.0
32017R1938R(01),32009R0715,CITES,2017.0,2009.0
32017R1938R(01),32005L0089,CITES,2017.0,2005.0
32017R1938R(01),32009R0714,CITES,2017.0,2009.0
32017R1938R(01),32013R0347,CITES,2017.0,2013.0
32020L2184R(01),32011R0182R(02),CITES,2020.0,2011.0
32020L2184R(01),32012R1025,CITES,2020.0,2012.0
32020L2184R(01),32008D0768R(02),CITES,2020.0,2008.0
32020L2184R(01),32011R0305R(01),CITES,2020.0,2011.0
32020L2184R(01),32007L0002,CITES,2020.0,2007.0
32020L2184R(01),32019R1020R(05),CITES,2020.0,2019.0
32019R0788R(02),32011R0182R(02),CITES,2019.0,2011.0
32019R0788R(02),32018R1725R(02),CITES,2019.0,2018.0
32019R0788R(02),32016R0679R(02),CITES,2019.0,2016.0
32019R0788R(02),32017D0046,CITES,2019.0,2017.0
32019R0788R(02),32014R0910R(09),CITES,2019.0,2014.0
32019R0788R(02),32015R1501R(01),CITES,2019.0,2015.0
32019R0818R(01),32008D0149,CITES,2019.0,2008.0
32019R0818R(01),32011D0350,CITES,2019.0,2011.0
32019R0818R(01),32014R0515R(03),CITES,2019.0,2014.0
32019R0818R(01),32018R1046,CITES,2019.0,2018.0
32019R0818R(01),32017L0541,CITES,2019.0,2017.0
32019R0818R(01),32018R1240R(05),CITES,2019.0,2018.0
32019R0818R(01),32016R0794R(05),CITES,2019.0,2016.0
32019R0818R(01),32016L0680R(03),CITES,2019.0,2016.0
32019R0818R(01),32019R0817,CITES,2019.0,2019.0
32019R0818R(01),32016R0399R(05),CITES,2019.0,2016.0
32019R0818R(01),32018R1725R(02),CITES,2019.0,2018.0
32019R0818R(01),32017R2226R(03),CITES,2019.0,2017.0
32019R0818R(01),32008R0767R(04),CITES,2019.0,2008.0
32019R0818R(01),32011R0182R(02),CITES,2019.0,2011.0
32019R0818R(01),32016R0679R(02),CITES,2019.0,2016.0
32025L0002,32019L0878R(06),CITES,2025.0,2019.0
32025L0002,32014R0342R(01),CITES,2025.0,2014.0
32025L0002,32013L0036R(07),CITES,2025.0,2013.0
32025L0002,32010R1093,CITES,2025.0,2010.0
32025L0002,32010R1094R(02),CITES,2025.0,2010.0
32025L0002,32009L0065R(07),CITES,2025.0,2009.0
32025L0002,32016L2341R(02),CITES,2025.0,2016.0
32025L0002,32013R0575R(02),CITES,2025.0,2013.0
32025L0002,32021R1119,CITES,2025.0,2021.0
32025L0002,32011L0061R(02),CITES,2025.0,2011.0
32025L0002,32010R1092,CITES,2025.0,2010.0
32025L0002,32006L0043R(04),CITES,2025.0,2006.0
32025L0002,32006L0048,CITES,2025.0,2006.0
32025L0002,32019L2034R(06),CITES,2025.0,2019.0
32025L0002,32019R2033R(07),CITES,2025.0,2019.0
32025L0002,32025L0001,CITES,2025.0,2025.0
32025L0002,32015L0849R(03),CITES,2025.0,2015.0
32025L0002,32019R0881R(05),CITES,2025.0,2019.0
32025L0002,32020R0852R(06),CITES,2025.0,2020.0
32025L0002,32010R1095,CITES,2025.0,2010.0
32025L0002,32019L1937R(01),CITES,2025.0,2019.0
32025L0002,32023R1114R(05),CITES,2025.0,2023.0
32025L0002,32015R0035R(09),CITES,2025.0,2015.0
32025L0002,32014L0065R(01),CITES,2025.0,2014.0
32017R2010,32015D1504,CITES,2017.0,2015.0
32012R0260R(01),32007L0064,CITES,2012.0,2007.0
32012R0260R(01),32010R1093,CITES,2012.0,2010.0
32012R0260R(01),32006L0048,CITES,2012.0,2006.0
32012R0260R(01),32009L0110R(03),CITES,2012.0,2009.0
32016L0797R(10),32012R1025,CITES,2016.0,2012.0
32016L0797R(10),32008R0765R(03),CITES,2016.0,2008.0
32016L0797R(10),32016L0798R(07),CITES,2016.0,2016.0
32016L0797R(10),32016R0796R(01),CITES,2016.0,2016.0
32016L0797R(10),32012L0034R(06),CITES,2016.0,2012.0
32016L0797R(10),32015L1535,CITES,2016.0,2015.0
32016L0797R(10),32011R0182R(02),CITES,2016.0,2011.0
32016L0797R(10),32014L0025R(07),CITES,2016.0,2014.0
32016L0797R(10),32010D0713,CITES,2016.0,2010.0
32016L0797R(10),32008D0768R(02),CITES,2016.0,2008.0
32020D0667,32012D0243,CITES,2020.0,2012.0
32018R0871,32006R0473,CITES,2018.0,2006.0
32018R0871,32008R1131,CITES,2018.0,2008.0
32018R0871,32007R0787,CITES,2018.0,2007.0
32018R0871,32012R0965R(04),CITES,2018.0,2012.0
32018R0871,32016R0963,CITES,2018.0,2016.0
32018R0871,32009R0619R(01),CITES,2018.0,2009.0
32020R1208,32008R1099,CITES,2020.0,2008.0
32020R1208,32014R0517,CITES,2020.0,2014.0
32020R1208,32016D1841,CITES,2020.0,2016.0
32020R1208,32018R0842,CITES,2020.0,2018.0
32020R1208,32013R0525,CITES,2020.0,2013.0
32020R1208,32018R0841,CITES,2020.0,2018.0
32020R1208,32020R1044,CITES,2020.0,2020.0
32020R1208,32016L2284,CITES,2020.0,2016.0
32018R1724,32011R0182R(02),CITES,2018.0,2011.0
32018R1724,32016R0679R(02),CITES,2018.0,2016.0
32018R1724,32016L2102R(03),CITES,2018.0,2016.0
32018R1724,32011R0305R(01),CITES,2018.0,2011.0
32018R1724,32012R0260R(01),CITES,2018.0,2012.0
32018R1724,32014L0024R(15),CITES,2018.0,2014.0
32018R1724,32005L0036R(07),CITES,2018.0,2005.0
32018R1724,32015R0848R(06),CITES,2018.0,2015.0
32018R1724,32013R1316,CITES,2018.0,2013.0
32018R1724,32009R0987,CITES,2018.0,2009.0
32018R1724,32016L1148,CITES,2018.0,2016.0
32018R1724,32014L0025R(07),CITES,2018.0,2014.0
32018R1724,32006L0123,CITES,2018.0,2006.0
32018R1724,32017L1132R(03),CITES,2018.0,2017.0
32018R1724,32018R1725R(02),CITES,2018.0,2018.0
32018R1724,32014R0910R(09),CITES,2018.0,2014.0
32018R1724,32016L0680R(03),CITES,2018.0,2016.0
32024R0873R(03),32023R2441,CITES,2024.0,2023.0
32024R0873R(03),32023R0956,CITES,2024.0,2023.0
32024R0873R(03),32021R1119,CITES,2024.0,2021.0
32024R0873R(03),32012L0027R(01),CITES,2024.0,2012.0
32024R0873R(03),62020CJ0271,CITES,2024.0,2020.0
32024R0873R(03),32018R2067,CITES,2024.0,2018.0
32024R0873R(03),32021R0447,CITES,2024.0,2021.0
32024R0873R(03),32023L0959R(06),CITES,2024.0,2023.0
32024R0873R(03),32019R1842R(01),CITES,2024.0,2019.0
32020D0472R(01),32013D0488R(01),CITES,2020.0,2013.0
32020D0472R(01),32009D0937R(01),CITES,2020.0,2009.0
32020D0472R(01),32015D0528,CITES,2020.0,2015.0
32021D1878,32020R0857,CITES,2021.0,2020.0
32021D1757,32011D0784,CITES,2021.0,2011.0
32021D1757,61997TJ0288,CITES,2021.0,1997.0
32021D1757,62007CJ0113,CITES,2021.0,2007.0
32021D1757,62000CJ0280,CITES,2021.0,2000.0
32021D1757,62015CJ0020,CITES,2021.0,2015.0
32021D1757,62011CJ0288,CITES,2021.0,2011.0
32021D1757,62002CJ0066,CITES,2021.0,2002.0
32021D1757,62009CJ0106,CITES,2021.0,2009.0
32021D1757,62003CJ0172,CITES,2021.0,2003.0
32021D1757,62004CJ0222,CITES,2021.0,2004.0
32021D1757,32017R0352R(01),CITES,2021.0,2017.0
32021D1757,62008TJ0443,CITES,2021.0,2008.0
32021D1757,32017D2116,CITES,2021.0,2017.0
32021D1757,62008CJ0078,CITES,2021.0,2008.0
32021D1757,32015R1589R(02),CITES,2021.0,2015.0
32010R1177R(01),32006L0087,CITES,2010.0,2006.0
32009L0043,32008E0944,CITES,2009.0,2008.0
32009L0081R(01),32007L0066,CITES,2009.0,2007.0
32021R1148,32020R2093R(03),CITES,2021.0,2020.0
32021R1148,32017R1939R(02),CITES,2021.0,2017.0
32021R1148,32018R1862R(03),CITES,2021.0,2018.0
32021R1148,32011R0182R(02),CITES,2021.0,2011.0
32021R1148,32016R0794R(05),CITES,2021.0,2016.0
32021R1148,32011D0350,CITES,2021.0,2011.0
32021R1148,32021R0695R(03),CITES,2021.0,2021.0
32021R1148,32017R2226R(03),CITES,2021.0,2017.0
32021R1148,32014R0514R(01),CITES,2021.0,2014.0
32021R1148,32013R0883R(02),CITES,2021.0,2013.0
32021R1148,32019R0818R(01),CITES,2021.0,2019.0
32021R1148,32013D0755,CITES,2021.0,2013.0
32021R1148,32008D0146,CITES,2021.0,2008.0
32021R1148,32018R1240R(05),CITES,2021.0,2018.0
32021R1148,32019R0816R(02),CITES,2021.0,2019.0
32021R1148,32008R0767R(04),CITES,2021.0,2008.0
32021R1148,32014R0515R(03),CITES,2021.0,2014.0
32021R1148,32014R0513,CITES,2021.0,2014.0
32021R1148,32018R1046,CITES,2021.0,2018.0
32021R1148,32020R0852R(06),CITES,2021.0,2020.0
32021R1148,32021R1147R(02),CITES,2021.0,2021.0
32021R1148,32017L1371R(02),CITES,2021.0,2017.0
32021R1148,32021R1060R(05),CITES,2021.0,2021.0
32021R1148,32021R1149R(03),CITES,2021.0,2021.0
32021R1148,32019R0817,CITES,2021.0,2019.0
32021R1148,32016R0399R(05),CITES,2021.0,2016.0
32018D1941,32018D1082,CITES,2018.0,2018.0
32018D1941,32015D0528,CITES,2018.0,2015.0
32008F0947R(03),32008F0909R(03),CITES,2008.0,2008.0
32008F0947R(03),32006F0783R(01),CITES,2008.0,2006.0
32021R1147R(02),32021R1148,CITES,2021.0,2021.0
32021R1147R(02),32017L1371R(02),CITES,2021.0,2017.0
32021R1147R(02),32020R0852R(06),CITES,2021.0,2020.0
32021R1147R(02),32013D0755,CITES,2021.0,2013.0
32021R1147R(02),32014R0516,CITES,2021.0,2014.0
32021R1147R(02),32018R1046,CITES,2021.0,2018.0
32021R1147R(02),32021R1057,CITES,2021.0,2021.0
32021R1147R(02),32021R1060R(05),CITES,2021.0,2021.0
32021R1147R(02),32017R1939R(02),CITES,2021.0,2017.0
32021R1147R(02),32021R0523,CITES,2021.0,2021.0
32021R1147R(02),32021R1058,CITES,2021.0,2021.0
32021R1147R(02),32020R2093R(03),CITES,2021.0,2020.0
32021R1147R(02),32021R0695R(03),CITES,2021.0,2021.0
32021R1147R(02),32014R0514R(01),CITES,2021.0,2014.0
32021R1147R(02),32011R0182R(02),CITES,2021.0,2011.0
32021R1147R(02),32013R0883R(02),CITES,2021.0,2013.0
32019R0331,32014L0032R(02),CITES,2019.0,2014.0
32015R0171,32007R1370R(03),CITES,2015.0,2007.0
32015R0171,32008R1008R(02),CITES,2015.0,2008.0
32012L0034R(06),32008L0057,CITES,2012.0,2008.0
32012L0034R(06),32006D0066,CITES,2012.0,2006.0
32012L0034R(06),32009D0561,CITES,2012.0,2009.0
32012L0034R(06),32007R1370R(03),CITES,2012.0,2007.0
32012L0034R(06),32009L0072,CITES,2012.0,2009.0
32012L0034R(06),32008D0386,CITES,2012.0,2008.0
32012L0034R(06),32010R0913R(02),CITES,2012.0,2010.0
32012L0034R(06),32011R0182R(02),CITES,2012.0,2011.0
32014L0023R(05),32006L0123,CITES,2014.0,2006.0
32014L0023R(05),32011R0182R(02),CITES,2014.0,2011.0
32014L0023R(05),32009L0072,CITES,2014.0,2009.0
32014L0023R(05),32005L0060,CITES,2014.0,2005.0
32014L0023R(05),32014L0025R(07),CITES,2014.0,2014.0
32014L0023R(05),32013L0034R(07),CITES,2014.0,2013.0
32014L0023R(05),32010L0013R(03),CITES,2014.0,2010.0
32014L0023R(05),32008R1008R(02),CITES,2014.0,2008.0
32014L0023R(05),32009L0081R(01),CITES,2014.0,2009.0
32014L0023R(05),32009L0073,CITES,2014.0,2009.0
32014L0023R(05),32014L0024R(15),CITES,2014.0,2014.0
32014L0023R(05),32007R1370R(03),CITES,2014.0,2007.0
32012R0267R(07),32007L0064,CITES,2012.0,2007.0
32012R0267R(07),32009R0428R(04),CITES,2012.0,2009.0
32012R0267R(07),32009L0138R(01),CITES,2012.0,2009.0
32012R0267R(07),32010D0413R(02),CITES,2012.0,2010.0
32012R0267R(07),32005L0060,CITES,2012.0,2005.0
32012R0267R(07),32006L0048,CITES,2012.0,2006.0
32021D1710,32021D0689R(02),CITES,2021.0,2021.0
32024R1205,32014L0065R(01),CITES,2024.0,2014.0
32024R1205,32015L0849R(03),CITES,2024.0,2015.0
32024R1205,32013R0575R(02),CITES,2024.0,2013.0
32024R1205,32018R1725R(02),CITES,2024.0,2018.0
32024R1205,32013R0952R(10),CITES,2024.0,2013.0
32023D2871R(01),32014R0909R(06),CITES,2023.0,2014.0
32023D2871R(01),32014R0269R(03),CITES,2023.0,2014.0
32024R1307,32011R0182R(02),CITES,2024.0,2011.0
32024R1307,32018R1725R(02),CITES,2024.0,2018.0
32024R1307,32018L1972R(04),CITES,2024.0,2018.0
32025R0061,32015R2447R(13),CITES,2025.0,2015.0
32025R0061,32019R0072,CITES,2025.0,2019.0
32025R0061,32007L0046,CITES,2025.0,2007.0
32025R0061,32020R0776R(01),CITES,2025.0,2020.0
32025R0061,62011TJ0444,CITES,2025.0,2011.0
32025R0061,32023R1647,CITES,2025.0,2023.0
32025R0061,32024R2509,CITES,2025.0,2024.0
32025R0061,32024R2754,CITES,2025.0,2024.0
32025R0061,32023R1123,CITES,2025.0,2023.0
32025R0061,32018R1690,CITES,2025.0,2018.0
32025R0061,32022R0072,CITES,2025.0,2022.0
32021R0782R(02),32012L0034R(06),CITES,2021.0,2012.0
32021R0782R(02),32019L0882R(01),CITES,2021.0,2019.0
32021R0782R(02),32015L2302,CITES,2021.0,2015.0
32021R0782R(02),32013L0011R(01),CITES,2021.0,2013.0
32021R0782R(02),32011R0454R(01),CITES,2021.0,2011.0
32021R0782R(02),32007R1370R(03),CITES,2021.0,2007.0
32021R0782R(02),32016R0679R(02),CITES,2021.0,2016.0
32021R0782R(02),32011R0182R(02),CITES,2021.0,2011.0
32021R0782R(02),32016L0797R(10),CITES,2021.0,2016.0
32021R0782R(02),32017R1926R(01),CITES,2021.0,2017.0
32021R0782R(02),32014R1300R(07),CITES,2021.0,2014.0
32012R0648R(09),32006R1287R(01),CITES,2012.0,2006.0
32012R0648R(09),32006L0049,CITES,2012.0,2006.0
32012R0648R(09),32010R1095,CITES,2012.0,2010.0
32012R0648R(09),32011L0061R(02),CITES,2012.0,2011.0
32012R0648R(09),32006L0048,CITES,2012.0,2006.0
32012R0648R(09),32004L0025,CITES,2012.0,2004.0
32012R0648R(09),32010R1093,CITES,2012.0,2010.0
32012R0648R(09),32010R1094R(02),CITES,2012.0,2010.0
32012R0648R(09),32011R0182R(02),CITES,2012.0,2011.0
32012R0648R(09),32005L0068,CITES,2012.0,2005.0
32012R0648R(09),32005L0060,CITES,2012.0,2005.0
32012R0648R(09),32004L0109R(01),CITES,2012.0,2004.0
32012R0648R(09),32009L0065R(07),CITES,2012.0,2009.0
32012R0648R(09),32007R1569,CITES,2012.0,2007.0
32013D0725R(01),32012D0389,CITES,2013.0,2012.0
32020R0873,32019R0630,CITES,2020.0,2019.0
32020R0873,32010R1093,CITES,2020.0,2010.0
32020R0873,32010R1095,CITES,2020.0,2010.0
32020R0873,32013L0036R(07),CITES,2020.0,2013.0
32013R0147R(01),32006L0032,CITES,2013.0,2006.0
32017R1509R(02),32015L0849R(03),CITES,2017.0,2015.0
32017R1509R(02),32009R0428R(04),CITES,2017.0,2009.0
32017R1509R(02),32007L0064,CITES,2017.0,2007.0
32017R1509R(02),32015R2447R(13),CITES,2017.0,2015.0
32017R1509R(02),32012R0260R(01),CITES,2017.0,2012.0
32017R1509R(02),32009L0138R(01),CITES,2017.0,2009.0
32017R1509R(02),32013L0036R(07),CITES,2017.0,2013.0
32017R1509R(02),32015R2446R(12),CITES,2017.0,2015.0
32017R1509R(02),32013R0575R(02),CITES,2017.0,2013.0
32017R1509R(02),32013R0952R(10),CITES,2017.0,2013.0
32017R1509R(02),32009L0110R(03),CITES,2017.0,2009.0
32017R1509R(02),32015R0847,CITES,2017.0,2015.0
32021R2115,32021R1060R(05),CITES,2021.0,2021.0
32021R2115,32020R2093R(03),CITES,2021.0,2020.0
32021R2115,32016R0679R(02),CITES,2021.0,2016.0
32021R2115,32018R1725R(02),CITES,2021.0,2018.0
32021R2115,32021R0695R(03),CITES,2021.0,2021.0
32021R2115,32011R0182R(02),CITES,2021.0,2011.0
32021R2115,32009L0147R(01),CITES,2021.0,2009.0
32021R2115,32008L0050R(05),CITES,2021.0,2008.0
32021R2115,32013R1291,CITES,2021.0,2013.0
32021R2115,32018R1046,CITES,2021.0,2018.0
32021R2115,32009R1107R(01),CITES,2021.0,2009.0
32021R2115,32009R0223,CITES,2021.0,2009.0
32021R2115,32021R0783,CITES,2021.0,2021.0
32021R2115,32016L2284,CITES,2021.0,2016.0
32021R2115,32021R0523,CITES,2021.0,2021.0
32021R2115,32018R0841,CITES,2021.0,2018.0
32021R2115,32013R1306R(05),CITES,2021.0,2013.0
32021R2115,32014R0702R(01),CITES,2021.0,2014.0
32019L1151R(01),32016R0679R(02),CITES,2019.0,2016.0
32019L1151R(01),32018R1724,CITES,2019.0,2018.0
32019L1151R(01),32014R0910R(09),CITES,2019.0,2014.0
32019L1151R(01),32015L0849R(03),CITES,2019.0,2015.0
32014R0516,32014R0513,CITES,2014.0,2014.0
32014R0516,32013R1311R(04),CITES,2014.0,2013.0
32014R0516,32014R0514R(01),CITES,2014.0,2014.0
32014R0516,32011R0182R(02),CITES,2014.0,2011.0
32014R0516,32012R0966,CITES,2014.0,2012.0
32023R2842,32014R0910R(09),CITES,2023.0,2014.0
32023R2842,32016L0680R(03),CITES,2023.0,2016.0
32023R2842,32019L0883,CITES,2023.0,2019.0
32023R2842,32017R0352R(01),CITES,2023.0,2017.0
32023R2842,32011R0182R(02),CITES,2023.0,2011.0
32023R2842,32016R0679R(02),CITES,2023.0,2016.0
32023R2842,32018R1725R(02),CITES,2023.0,2018.0
32023R2842,32019R0715,CITES,2023.0,2019.0
32023R2842,32006L0112R(20),CITES,2023.0,2006.0
32023R2842,32009R0223,CITES,2023.0,2009.0
32023R2842,32017R0625R(07),CITES,2023.0,2017.0
32023R2842,32015L0849R(03),CITES,2023.0,2015.0
32023R2842,32013R1379R(03),CITES,2023.0,2013.0
32013D0245,32011R0063,CITES,2013.0,2011.0
32013D0245,62007CJ0334,CITES,2013.0,2007.0
32013D0245,32010D0395,CITES,2013.0,2010.0
32013D0245,32010D0606,CITES,2013.0,2010.0
32013D0245,32008R0673,CITES,2013.0,2008.0
32013D0245,32006D0737,CITES,2013.0,2006.0
32013D0245,32011D0526,CITES,2013.0,2011.0
32019R2152R(04),32005R0184,CITES,2019.0,2005.0
32019R2152R(04),32013R0952R(10),CITES,2019.0,2013.0
32019R2152R(04),32006R1893R(02),CITES,2019.0,2006.0
32019R2152R(04),32013R1291,CITES,2019.0,2013.0
32019R2152R(04),32009R0223,CITES,2019.0,2009.0
32019R2152R(04),32006L0112R(20),CITES,2019.0,2006.0
32019R2152R(04),32013R0549,CITES,2019.0,2013.0
32019R2152R(04),32011R0182R(02),CITES,2019.0,2011.0
32020R0021,32017L2455R(06),CITES,2020.0,2017.0
32020R0021,32017R2454,CITES,2020.0,2017.0
32020R0021,32006L0112R(20),CITES,2020.0,2006.0
32009D0554,32008L0006R(03),CITES,2009.0,2008.0
32009D0554,62000CJ0280,CITES,2009.0,2000.0
32011R1214,32006L0123,CITES,2011.0,2006.0
32011R1214,32009R1072R(03),CITES,2011.0,2009.0
32012R1215R(10),32009L0138R(01),CITES,2012.0,2009.0
32012R1215R(10),32009R0004R(06),CITES,2012.0,2009.0
32012R1215R(10),32006D0325,CITES,2012.0,2006.0
32019R0317,32013R0409,CITES,2019.0,2013.0
32019R0317,32018R1139R(04),CITES,2019.0,2018.0
32019R0317,32017R0373R(05),CITES,2019.0,2017.0
32019R0317,32019R0123,CITES,2019.0,2019.0
32016R0399R(05),32011R0182R(02),CITES,2016.0,2011.0
32016R0399R(05),32008D0146,CITES,2016.0,2008.0
32016R0399R(05),32006R1987,CITES,2016.0,2006.0
32016R0399R(05),32011D0350,CITES,2016.0,2011.0
32016R0399R(05),32008R0767R(04),CITES,2016.0,2008.0
32014L0025R(07),32008R0593R(01),CITES,2014.0,2008.0
32014L0025R(07),32007R1370R(03),CITES,2014.0,2007.0
32014L0025R(07),32012L0034R(06),CITES,2014.0,2012.0
32014L0025R(07),32009R1221R(01),CITES,2014.0,2009.0
32014L0025R(07),32008R0106,CITES,2014.0,2008.0
32014L0025R(07),32012R1025,CITES,2014.0,2012.0
32014L0025R(07),32008R0765R(03),CITES,2014.0,2008.0
32014L0025R(07),32009L0072,CITES,2014.0,2009.0
32014L0025R(07),32013L0034R(07),CITES,2014.0,2013.0
32014L0025R(07),32009L0033R(02),CITES,2014.0,2009.0
32014L0025R(07),32013R0952R(10),CITES,2014.0,2013.0
32014L0025R(07),32009L0073,CITES,2014.0,2009.0
32014L0025R(07),32014L0024R(15),CITES,2014.0,2014.0
32014L0025R(07),32014L0023R(05),CITES,2014.0,2014.0
32014L0025R(07),32012R1024R(01),CITES,2014.0,2012.0
32014L0025R(07),32010L0013R(03),CITES,2014.0,2010.0
32014L0025R(07),32011R0182R(02),CITES,2014.0,2011.0
32009R0428R(04),32008E0944,CITES,2009.0,2008.0
32013R0153R(03),32006L0043R(04),CITES,2013.0,2006.0
32013R0153R(03),32012R1249,CITES,2013.0,2012.0
32013R0153R(03),32013R0152,CITES,2013.0,2013.0
32013R0153R(03),32010R1095,CITES,2013.0,2010.0
32013R0153R(03),32006L0048,CITES,2013.0,2006.0
32013R0153R(03),32011R1227,CITES,2013.0,2011.0
32021R1153R(01),32016L2284,CITES,2021.0,2016.0
32021R1153R(01),32017L1371R(02),CITES,2021.0,2017.0
32021R1153R(01),32018R1999R(06),CITES,2021.0,2018.0
32021R1153R(01),32013R1315,CITES,2021.0,2013.0
32021R1153R(01),32021R0523,CITES,2021.0,2021.0
32021R1153R(01),32011R0182R(02),CITES,2021.0,2011.0
32021R1153R(01),32013D0755,CITES,2021.0,2013.0
32021R1153R(01),32017R1939R(02),CITES,2021.0,2017.0
32021R1153R(01),32021R0694R(01),CITES,2021.0,2021.0
32021R1153R(01),32021R1058,CITES,2021.0,2021.0
32021R1153R(01),32021R0695R(03),CITES,2021.0,2021.0
32021R1153R(01),32013R0347,CITES,2021.0,2013.0
32021R1153R(01),32014L0094,CITES,2021.0,2014.0
32021R1153R(01),32010R0913R(02),CITES,2021.0,2010.0
32021R1153R(01),32018R1046,CITES,2021.0,2018.0
32021R1153R(01),32013R0883R(02),CITES,2021.0,2013.0
32021R1153R(01),32018L2001R(10),CITES,2021.0,2018.0
32021R1153R(01),32018L1972R(04),CITES,2021.0,2018.0
32021R1153R(01),32021R1060R(05),CITES,2021.0,2021.0
32021R1153R(01),32008L0096R(01),CITES,2021.0,2008.0
32021R1153R(01),32014L0025R(07),CITES,2021.0,2014.0
32018R2000,32014R0514R(01),CITES,2018.0,2014.0
32018R2000,32018R1046,CITES,2018.0,2018.0
32017R1129R(02),32004L0025,CITES,2017.0,2004.0
32017R1129R(02),32010R1095,CITES,2017.0,2010.0
32017R1129R(02),32014L0065R(01),CITES,2017.0,2014.0
32017R1129R(02),32011L0061R(02),CITES,2017.0,2011.0
32017R1129R(02),32016R0679R(02),CITES,2017.0,2016.0
32017R1129R(02),32009L0138R(01),CITES,2017.0,2009.0
32017R1129R(02),32014L0059R(14),CITES,2017.0,2014.0
32017R1129R(02),32014R0596R(07),CITES,2017.0,2014.0
32017R1129R(02),32013L0034R(07),CITES,2017.0,2013.0
32017R1129R(02),32004L0109R(01),CITES,2017.0,2004.0
32017R1129R(02),32011R0182R(02),CITES,2017.0,2011.0
32017R1129R(02),32015L0849R(03),CITES,2017.0,2015.0
32017R1129R(02),32014R0600R(09),CITES,2017.0,2014.0
32017R1129R(02),32013R0575R(02),CITES,2017.0,2013.0
32017R1129R(02),32007L0036R(01),CITES,2017.0,2007.0
32010R0913R(02),32008L0057,CITES,2010.0,2008.0
32010R0913R(02),32010D0661,CITES,2010.0,2010.0
32022R0991,32019R0452R(01),CITES,2022.0,2019.0
32022R0991,32016R0679R(02),CITES,2022.0,2016.0
32022R0991,32016L1148,CITES,2022.0,2016.0
32022R0991,32011L0093R(02),CITES,2022.0,2011.0
32022R0991,32018R1862R(03),CITES,2022.0,2018.0
32022R0991,32017R1939R(02),CITES,2022.0,2017.0
32022R0991,32019R0881R(05),CITES,2022.0,2019.0
32022R0991,32015L0849R(03),CITES,2022.0,2015.0
32022R0991,32018R1725R(02),CITES,2022.0,2018.0
32022R0991,32016L0680R(03),CITES,2022.0,2016.0
32022R0991,32015R2219,CITES,2022.0,2015.0
32022R0991,32019R0715,CITES,2022.0,2019.0
32022R0991,32018R1046,CITES,2022.0,2018.0
32022R0991,32021R0784R(01),CITES,2022.0,2021.0
32022R0991,32019L1153R(01),CITES,2022.0,2019.0
32021R2082R(01),32018R1139R(04),CITES,2021.0,2018.0
32016R0467R(01),32014R0600R(09),CITES,2016.0,2014.0
32016R0467R(01),32014R0342R(01),CITES,2016.0,2014.0
32016R0467R(01),32015R1017R(01),CITES,2016.0,2015.0
32016R0467R(01),32015R0760R(01),CITES,2016.0,2015.0
32016R0467R(01),32014L0065R(01),CITES,2016.0,2014.0
32016R0467R(01),32014L0051R(02),CITES,2016.0,2014.0
32015D1835R(01),32007D0436R(01),CITES,2015.0,2007.0
32015D1835R(01),32004D0677,CITES,2015.0,2004.0
32015D1835R(01),32013D0488R(01),CITES,2015.0,2013.0
32015D1835R(01),32006L0112R(20),CITES,2015.0,2006.0
32015D1835R(01),32007D0643,CITES,2015.0,2007.0
32015D1835R(01),32004D0676,CITES,2015.0,2004.0
32021R2070,32007R0235,CITES,2021.0,2007.0
32021R2070,32020R0736,CITES,2021.0,2020.0
32021R2070,32007R1400,CITES,2021.0,2007.0
32021R2070,32018R1139R(04),CITES,2021.0,2018.0
32021R2070,32006R0473,CITES,2021.0,2006.0
32021R2070,32012R0965R(04),CITES,2021.0,2012.0
32021R2070,32014R1318,CITES,2021.0,2014.0
32021R2070,32006R1543,CITES,2021.0,2006.0
32021R2070,32014R0452R(01),CITES,2021.0,2014.0
32021R2070,32016R2214,CITES,2021.0,2016.0
32021R2070,32019R0618,CITES,2021.0,2019.0
32021R2070,32015R2322,CITES,2021.0,2015.0
32021R0598,32010R1093,CITES,2021.0,2010.0
32021L0555R(01),32016L0680R(03),CITES,2021.0,2016.0
32021L0555R(01),32009L0043,CITES,2021.0,2009.0
32021L0555R(01),32011L0083R(05),CITES,2021.0,2011.0
32021L0555R(01),32008D0146,CITES,2021.0,2008.0
32021L0555R(01),32011D0350,CITES,2021.0,2011.0
32021L0555R(01),32011R0182R(02),CITES,2021.0,2011.0
32021L0555R(01),32016R0679R(02),CITES,2021.0,2016.0
32021L0555R(01),32012R1024R(01),CITES,2021.0,2012.0
32021L0555R(01),32014D0164,CITES,2021.0,2014.0
32021L0555R(01),32009F0315R(03),CITES,2021.0,2009.0
32017D2315R(02),32015D1835R(01),CITES,2017.0,2015.0
32017D2315R(02),32013D0488R(01),CITES,2017.0,2013.0
32022R0862,32006R0473,CITES,2022.0,2006.0
32022R0862,32007R1400,CITES,2022.0,2007.0
32022R0862,32020R0736,CITES,2022.0,2020.0
32022R0862,32015R2322,CITES,2022.0,2015.0
32022R0862,32021R2070,CITES,2022.0,2021.0
32022R0862,32016R2214,CITES,2022.0,2016.0
32022R0862,32012R0965R(04),CITES,2022.0,2012.0
32022R0862,32007R0235,CITES,2022.0,2007.0
32022R0862,32022R0594,CITES,2022.0,2022.0
32022R0862,32014R0452R(01),CITES,2022.0,2014.0
32021R0883,32006R0473,CITES,2021.0,2006.0
32021R0883,32019R0618,CITES,2021.0,2019.0
32021R0883,32007R1400,CITES,2021.0,2007.0
32021R0883,32007R0235,CITES,2021.0,2007.0
32021R0883,32006R1543,CITES,2021.0,2006.0
32021R0883,32020R0736,CITES,2021.0,2020.0
32021R0883,32016R2214,CITES,2021.0,2016.0
32021R0883,32012R0965R(04),CITES,2021.0,2012.0
32021R0883,32018R0871,CITES,2021.0,2018.0
32021R0883,32014R0452R(01),CITES,2021.0,2014.0
32022R0432,32008L0118,CITES,2022.0,2008.0
32022R0432,32019L2235,CITES,2022.0,2019.0
32022R0432,32021L1159,CITES,2022.0,2021.0
32022R0594,32012R0965R(04),CITES,2022.0,2012.0
32022R0594,32006R0473,CITES,2022.0,2006.0
32022R0594,32021R2070,CITES,2022.0,2021.0
32022R0594,32022R0328R(07),CITES,2022.0,2022.0
32013R1075R(01),32013R1071,CITES,2013.0,2013.0
32013R1075R(01),32012R1011R(02),CITES,2013.0,2012.0
32013R1075R(01),32013R0549,CITES,2013.0,2013.0
32013R1075R(01),32007O0009,CITES,2013.0,2007.0
32013R1075R(01),32011L0061R(02),CITES,2013.0,2011.0
32013R1075R(01),32013R1073,CITES,2013.0,2013.0
32013R1075R(01),32009L0138R(01),CITES,2013.0,2009.0
32022R0869,32013R1315,CITES,2022.0,2013.0
32022R0869,32018L2001R(10),CITES,2022.0,2018.0
32022R0869,32018R1999R(06),CITES,2022.0,2018.0
32022R0869,32009L0031R(02),CITES,2022.0,2009.0
32022R0869,32020R0852R(06),CITES,2022.0,2020.0
32022R0869,32011L0092R(02),CITES,2022.0,2011.0
32022R0869,32021R1119,CITES,2022.0,2021.0
32022R0869,32010L0075R(11),CITES,2022.0,2010.0
32022R0869,32020R1294,CITES,2022.0,2020.0
32022R0869,32008L0114,CITES,2022.0,2008.0
32022R0869,32013R1316,CITES,2022.0,2013.0
32022R0869,32009R0401R(01),CITES,2022.0,2009.0
32022R0869,32014L0089R(01),CITES,2022.0,2014.0
32022R0869,32021R1153R(01),CITES,2022.0,2021.0
32022R0869,32009R0714,CITES,2022.0,2009.0
32022R0869,32018R1046,CITES,2022.0,2018.0
32014L0051R(02),32010R1093,CITES,2014.0,2010.0
32014L0051R(02),32010L0078,CITES,2014.0,2010.0
32014L0051R(02),32010R0575,CITES,2014.0,2010.0
32014L0051R(02),32010R1092,CITES,2014.0,2010.0
32014L0051R(02),32005L0068,CITES,2014.0,2005.0
32014L0051R(02),32013L0036R(07),CITES,2014.0,2013.0
32014L0051R(02),32011R0182R(02),CITES,2014.0,2011.0
32014R0508R(09),32011R0182R(02),CITES,2014.0,2011.0
32014R0508R(09),32013R1303R(04),CITES,2014.0,2013.0
32014R0508R(09),32009L0147R(01),CITES,2014.0,2009.0
32014R0508R(09),32012R0966,CITES,2014.0,2012.0
32014R0508R(09),32013R1379R(03),CITES,2014.0,2013.0
32014R0508R(09),32008L0056,CITES,2014.0,2008.0
32014R0508R(09),32013R1291,CITES,2014.0,2013.0
32014R0508R(09),32013R0883R(02),CITES,2014.0,2013.0
32012D0477,62007CJ0334,CITES,2012.0,2007.0
32012D0477,32009D0341,CITES,2012.0,2009.0
32012D0477,62006CJ0494,CITES,2012.0,2006.0
32012D0477,32010D0606,CITES,2012.0,2010.0
32012D0477,32010D0608,CITES,2012.0,2010.0
32022R0612,32018R1725R(02),CITES,2022.0,2018.0
32022R0612,32016R2286R(03),CITES,2022.0,2016.0
32022R0612,32016L2102R(03),CITES,2022.0,2016.0
32022R0612,32021R0654,CITES,2022.0,2021.0
32022R0612,32018L1972R(04),CITES,2022.0,2018.0
32022R0612,32010D0166,CITES,2022.0,2010.0
32022R0612,32008D0294,CITES,2022.0,2008.0
32022R0612,32019L0882R(01),CITES,2022.0,2019.0
32022R0612,32011R0182R(02),CITES,2022.0,2011.0
32022R0612,32018R1971R(01),CITES,2022.0,2018.0
32018R1291,32012R0966,CITES,2018.0,2012.0
32018R1291,32015R0840,CITES,2018.0,2015.0
32018R1291,32015R0378,CITES,2018.0,2015.0
32018R1291,32014R0516,CITES,2018.0,2014.0
32018R1291,32014R0802,CITES,2018.0,2014.0
32019R2175R(01),32019L1937R(01),CITES,2019.0,2019.0
32019R2175R(01),32019R0715,CITES,2019.0,2019.0
32019R2175R(01),32013R0575R(02),CITES,2019.0,2013.0
32019R2175R(01),32008L0048R(08),CITES,2019.0,2008.0
32019R2175R(01),32014L0092R(01),CITES,2019.0,2014.0
32019R2175R(01),32013R1024R(02),CITES,2019.0,2013.0
32019R2175R(01),32017R1939R(02),CITES,2019.0,2017.0
32019R2175R(01),32015L0849R(03),CITES,2019.0,2015.0
32019R2175R(01),32009L0138R(01),CITES,2019.0,2009.0
32019R2175R(01),32018R1725R(02),CITES,2019.0,2018.0
32019R2175R(01),32014L0065R(01),CITES,2019.0,2014.0
32019R2175R(01),32012R0260R(01),CITES,2019.0,2012.0
32019R2175R(01),32013R0883R(02),CITES,2019.0,2013.0
32019R2175R(01),32011L0061R(02),CITES,2019.0,2011.0
32019R2175R(01),32014R0596R(07),CITES,2019.0,2014.0
32019R2175R(01),32006L0043R(04),CITES,2019.0,2006.0
32019R2175R(01),32017R1129R(02),CITES,2019.0,2017.0
32019R2175R(01),32013L0036R(07),CITES,2019.0,2013.0
32019R2175R(01),32015R0751R(01),CITES,2019.0,2015.0
32019R2175R(01),32014L0017R(04),CITES,2019.0,2014.0
32019R2175R(01),32014L0049R(02),CITES,2019.0,2014.0
32019R2175R(01),32014L0059R(14),CITES,2019.0,2014.0
32019R2175R(01),32016L0097,CITES,2019.0,2016.0
32019R2175R(01),32018R1046,CITES,2019.0,2018.0
32019R2175R(01),32016L2341R(02),CITES,2019.0,2016.0
32019R2175R(01),32016R0679R(02),CITES,2019.0,2016.0
32019R2175R(01),32013L0034R(07),CITES,2019.0,2013.0
32019R2175R(01),32009L0110R(03),CITES,2019.0,2009.0
32019R2175R(01),32015D0444,CITES,2019.0,2015.0
32019R2175R(01),32014R0806R(05),CITES,2019.0,2014.0
32019R2175R(01),32015L2366R(06),CITES,2019.0,2015.0
32024R1623R(01),32013L0036R(07),CITES,2024.0,2013.0
32024R1623R(01),32019L2034R(06),CITES,2024.0,2019.0
32024R1623R(01),32009L0138R(01),CITES,2024.0,2009.0
32024R1623R(01),32019R2033R(07),CITES,2024.0,2019.0
32024R1623R(01),32014L0049R(02),CITES,2024.0,2014.0
32024R1623R(01),32019R0876R(16),CITES,2024.0,2019.0
32024R1623R(01),32019R0630,CITES,2024.0,2019.0
32024R1623R(01),32020R0852R(06),CITES,2024.0,2020.0
32024R1623R(01),32021R1119,CITES,2024.0,2021.0
32024R1623R(01),32009R0987,CITES,2024.0,2009.0
32024R1623R(01),32010R1093,CITES,2024.0,2010.0
32024R1623R(01),32021R0637,CITES,2024.0,2021.0
32024R1623R(01),32010R1094R(02),CITES,2024.0,2010.0
32024R1623R(01),32019R1238,CITES,2024.0,2019.0
32024R1623R(01),32015L2366R(06),CITES,2024.0,2015.0
32024R1623R(01),32023R1114R(05),CITES,2024.0,2023.0
32024R1623R(01),32021R0451R(04),CITES,2024.0,2021.0
32024R1623R(01),32006R1893R(02),CITES,2024.0,2006.0
32024R1623R(01),32017R2402R(01),CITES,2024.0,2017.0
32024R1623R(01),32016L2341R(02),CITES,2024.0,2016.0
32024R1623R(01),32013L0034R(07),CITES,2024.0,2013.0
32024R1623R(01),32010R1095,CITES,2024.0,2010.0
32024R1623R(01),32019L2162,CITES,2024.0,2019.0
32024R1623R(01),32014L0065R(01),CITES,2024.0,2014.0
32014D0341,62005TJ0415,CITES,2014.0,2005.0
32021D1210R(01),32021D0509R(01),CITES,2021.0,2021.0
32014D0524,32010D0661,CITES,2014.0,2010.0
32014D0524,62008TJ0443,CITES,2014.0,2008.0
32014D0524,32012L0034R(06),CITES,2014.0,2012.0
32014D0524,32007R1370R(03),CITES,2014.0,2007.0
32014D0524,62000CJ0280,CITES,2014.0,2000.0
32024O2148,32020O1554,CITES,2024.0,2020.0
32024O2148,32013O0025,CITES,2024.0,2013.0
32021R0241R(02),32020R2094R(01),CITES,2021.0,2020.0
32021R0241R(02),32016R0679R(02),CITES,2021.0,2016.0
32021R0241R(02),32015L0849R(03),CITES,2021.0,2015.0
32021R0241R(02),32020R0852R(06),CITES,2021.0,2020.0
32021R0241R(02),32018R1046,CITES,2021.0,2018.0
32021R0241R(02),32013R0883R(02),CITES,2021.0,2013.0
32021R0241R(02),32018R1999R(06),CITES,2021.0,2018.0
32021R0241R(02),32018R1725R(02),CITES,2021.0,2018.0
32021R0241R(02),32020D2053,CITES,2021.0,2020.0
32021R0241R(02),32011R0182R(02),CITES,2021.0,2011.0
32021R0241R(02),32020R2092R(04),CITES,2021.0,2020.0
32021R0241R(02),32017R1939R(02),CITES,2021.0,2017.0
32021R0241R(02),32015R1017R(01),CITES,2021.0,2015.0
32021R0241R(02),32017L1371R(02),CITES,2021.0,2017.0
32021R0241R(02),32011R1176,CITES,2021.0,2011.0
32021R0241R(02),32021R0240R(01),CITES,2021.0,2021.0
32022R0328R(07),32014L0065R(01),CITES,2022.0,2014.0
32022R0328R(07),32021R0821R(03),CITES,2022.0,2021.0
32022R0328R(07),32014R0909R(06),CITES,2022.0,2014.0
32022R0328R(07),32009R0428R(04),CITES,2022.0,2009.0
32022R0328R(07),32018R1725R(02),CITES,2022.0,2018.0
32020R0740R(03),32018R0858R(08),CITES,2020.0,2018.0
32020R0740R(03),32018R0956,CITES,2020.0,2018.0
32020R0740R(03),32019R1020R(05),CITES,2020.0,2019.0
32020R0740R(03),32019R1242R(01),CITES,2020.0,2019.0
32020R0740R(03),32020R0740R(03),CITES,2020.0,2020.0
32022R0355,32021R0821R(03),CITES,2022.0,2021.0
32022R0355,32022D0356R(01),CITES,2022.0,2022.0
32016R0480,32014R0165R(01),CITES,2016.0,2014.0
32016R0480,32009R1072R(03),CITES,2016.0,2009.0
32016R0480,32009R1073R(01),CITES,2016.0,2009.0
32020R1054R(07),32009R1072R(03),CITES,2020.0,2009.0
32020R1054R(07),32009R1073R(01),CITES,2020.0,2009.0
32020R1054R(07),32018R1724,CITES,2020.0,2018.0
32020R1054R(07),32016R0799R(03),CITES,2020.0,2016.0
32020R1054R(07),32019R1149R(01),CITES,2020.0,2019.0
32020R1054R(07),32013R1315,CITES,2020.0,2013.0
32020R1054R(07),32011R0182R(02),CITES,2020.0,2011.0
32020R1054R(07),32006L0022,CITES,2020.0,2006.0
32020R1054R(07),32009R1071R(03),CITES,2020.0,2009.0
32020R1054R(07),32020L1057R(01),CITES,2020.0,2020.0
32014H0478,32005L0029R(03),CITES,2014.0,2005.0
32014D0401,32013D0488R(01),CITES,2014.0,2013.0
32023L0959R(06),32023R0955,CITES,2023.0,2023.0
32023L0959R(06),32015R0757R(01),CITES,2023.0,2015.0
32023L0959R(06),32019R1122,CITES,2023.0,2019.0
32023L0959R(06),32019R0331,CITES,2023.0,2019.0
32023L0959R(06),32010R1031,CITES,2023.0,2010.0
32023L0959R(06),32009R0401R(01),CITES,2023.0,2009.0
32023L0959R(06),32014L0094,CITES,2023.0,2014.0
32023L0959R(06),32014R0596R(07),CITES,2023.0,2014.0
32023L0959R(06),32021R1056,CITES,2023.0,2021.0
32023L0959R(06),32023R0956,CITES,2023.0,2023.0
32023L0959R(06),32018R1999R(06),CITES,2023.0,2018.0
32023L0959R(06),32020D2053,CITES,2023.0,2020.0
32023L0959R(06),32018R0842,CITES,2023.0,2018.0
32023L0959R(06),32010L0075R(11),CITES,2023.0,2010.0
32023L0959R(06),32008L0098R(03),CITES,2023.0,2008.0
32023L0959R(06),32019R1842R(01),CITES,2023.0,2019.0
32023L0959R(06),32018L2001R(10),CITES,2023.0,2018.0
32023L0959R(06),32018R2066R(06),CITES,2023.0,2018.0
32023L0959R(06),32020R0852R(06),CITES,2023.0,2020.0
32023L0959R(06),32010R1095,CITES,2023.0,2010.0
32023L0959R(06),32009L0031R(02),CITES,2023.0,2009.0
32023L0959R(06),32021R1119,CITES,2023.0,2021.0
32023L0959R(06),32012L0027R(01),CITES,2023.0,2012.0
32023L0959R(06),32010L0031R(03),CITES,2023.0,2010.0
32023L0959R(06),32011R0182R(02),CITES,2023.0,2011.0
32023L0959R(06),32020R2092R(04),CITES,2023.0,2020.0
32023L0959R(06),32018R1046,CITES,2023.0,2018.0
32017L2455R(06),32008L0009,CITES,2017.0,2008.0
32017L2455R(06),32010L0024,CITES,2017.0,2010.0
32017L2455R(06),32010R0904R(04),CITES,2017.0,2010.0
32017L2455R(06),32011R0182R(02),CITES,2017.0,2011.0
32020O1690,32020R0852R(06),CITES,2020.0,2020.0
32020O1690,32009L0065R(07),CITES,2020.0,2009.0
32020O1690,32016R0867R(02),CITES,2020.0,2016.0
32020O1690,32013R0575R(02),CITES,2020.0,2013.0
32020O1690,32017R2402R(01),CITES,2020.0,2017.0
32020O1690,32019D0031,CITES,2020.0,2019.0
32016L0681,32006R0562,CITES,2016.0,2006.0
32016L0681,32008F0977,CITES,2016.0,2008.0
32016L0681,32011R0182R(02),CITES,2016.0,2011.0
32015D0611,32014D0482,CITES,2015.0,2014.0
32015D0611,32014D0259,CITES,2015.0,2014.0
32017R0459R(02),32015R0703,CITES,2017.0,2015.0
32017R0459R(02),32009L0073,CITES,2017.0,2009.0
32017R0459R(02),32010R0994,CITES,2017.0,2010.0
32017R0459R(02),32009R0713,CITES,2017.0,2009.0
32023R1805,32023L0959R(06),CITES,2023.0,2023.0
32023R1805,32018R1999R(06),CITES,2023.0,2018.0
32023R1805,32015R0757R(01),CITES,2023.0,2015.0
32023R1805,32021R1119,CITES,2023.0,2021.0
32023R1805,32023R1804R(01),CITES,2023.0,2023.0
32023R1805,32015L0652,CITES,2023.0,2015.0
32023R1805,32011R0182R(02),CITES,2023.0,2011.0
32023R1805,32017R0352R(01),CITES,2023.0,2017.0
32023R1805,32018L2001R(10),CITES,2023.0,2018.0
32023R1805,32008R0765R(03),CITES,2023.0,2008.0
32023R1805,32014L0094,CITES,2023.0,2014.0
32005D0145,62000CJ0280,CITES,2005.0,2000.0
32014R0702R(01),32009L0028,CITES,2014.0,2009.0
32014R0702R(01),32013R1305R(01),CITES,2014.0,2013.0
32014R0702R(01),32009R1107R(01),CITES,2014.0,2009.0
32014R0702R(01),32004R0794R(04),CITES,2014.0,2004.0
32014R0702R(01),32013R1306R(05),CITES,2014.0,2013.0
32014R0702R(01),32009L0147R(01),CITES,2014.0,2009.0
32014R0702R(01),32013R1379R(03),CITES,2014.0,2013.0
32014R0702R(01),32014R0651R(05),CITES,2014.0,2014.0
32014R0702R(01),32013L0034R(07),CITES,2014.0,2013.0
32014R0702R(01),32011L0092R(02),CITES,2014.0,2011.0
32018R2067,32008R0765R(03),CITES,2018.0,2008.0
32018R2067,32008D0768R(02),CITES,2018.0,2008.0
32018R2067,32012R1025,CITES,2018.0,2012.0
32018R2067,32006L0123,CITES,2018.0,2006.0
32018R2067,32018R2066R(06),CITES,2018.0,2018.0
32018R2067,32009R1221R(01),CITES,2018.0,2009.0
32018R2067,32009L0031R(02),CITES,2018.0,2009.0
32021R2085,32018R1725R(02),CITES,2021.0,2018.0
32021R2085,32020R0852R(06),CITES,2021.0,2020.0
32021R2085,32021R0695R(03),CITES,2021.0,2021.0
32021R2085,32021R0694R(01),CITES,2021.0,2021.0
32021R2085,32013R1291,CITES,2021.0,2013.0
32021R2085,32021R0241R(02),CITES,2021.0,2021.0
32021R2085,32013R1306R(05),CITES,2021.0,2013.0
32021R2085,32013R0409,CITES,2021.0,2013.0
32021R2085,32009D0320,CITES,2021.0,2009.0
32021R2085,32015D0444,CITES,2021.0,2015.0
32021R2085,32018R1139R(04),CITES,2021.0,2018.0
32021R2085,32021R1060R(05),CITES,2021.0,2021.0
32021R2085,32016R0796R(01),CITES,2021.0,2016.0
32021R2085,32013R0883R(02),CITES,2021.0,2013.0
32021R2085,32015D0443,CITES,2021.0,2015.0
32021R2085,32018R1046,CITES,2021.0,2018.0
32021R2085,32021R1057,CITES,2021.0,2021.0
32021R2085,32021R1058,CITES,2021.0,2021.0
32021R2085,32017R1939R(02),CITES,2021.0,2017.0
32021R2085,32012L0034R(06),CITES,2021.0,2012.0
32021R2085,32021R1153R(01),CITES,2021.0,2021.0
32021R2085,32016L0797R(10),CITES,2021.0,2016.0
32021R2085,32021R0947R(03),CITES,2021.0,2021.0
32021R2085,32021D0764R(01),CITES,2021.0,2021.0
32021R2085,32021R1119,CITES,2021.0,2021.0
32021R2085,32011R0182R(02),CITES,2021.0,2011.0
32021R2085,32021R0523,CITES,2021.0,2021.0
32021R1832R(01),32016D0971,CITES,2021.0,2016.0
32009R1060R(01),32006L0048,CITES,2009.0,2006.0
32009R1060R(01),32005L0068,CITES,2009.0,2005.0
32009R1060R(01),32006L0049,CITES,2009.0,2006.0
32018D1884,32008E0736,CITES,2018.0,2008.0
32018D1884,32016D2238,CITES,2018.0,2016.0
32018D1884,32017D2263,CITES,2018.0,2017.0
32019R0943R(03),32012L0027R(01),CITES,2019.0,2012.0
32019R0943R(03),32018L2001R(10),CITES,2019.0,2018.0
32019R0943R(03),32017R1485,CITES,2019.0,2017.0
32019R0943R(03),32018R1999R(06),CITES,2019.0,2018.0
32019R0943R(03),32017R2195,CITES,2019.0,2017.0
32019R0943R(03),32011R1227,CITES,2019.0,2011.0
32019R0943R(03),32016R1719R(01),CITES,2019.0,2016.0
32019R0943R(03),32017L1132R(03),CITES,2019.0,2017.0
32019R0943R(03),32016R0631R(04),CITES,2019.0,2016.0
32019R0943R(03),32019L0944R(05),CITES,2019.0,2019.0
32019R0943R(03),32019R0942R(01),CITES,2019.0,2019.0
32019R0943R(03),32015R1222R(03),CITES,2019.0,2015.0
32019R0943R(03),32019R0941,CITES,2019.0,2019.0
32019R0943R(03),32011R0182R(02),CITES,2019.0,2011.0
32019R0943R(03),32009L0028,CITES,2019.0,2009.0
32014R0223,32013R1304R(03),CITES,2014.0,2013.0
32014R0223,32012R0966,CITES,2014.0,2012.0
32014R0223,32013R1303R(04),CITES,2014.0,2013.0
32014R0223,32010R0407,CITES,2014.0,2010.0
32014R0223,32011R0182R(02),CITES,2014.0,2011.0
32009D0812,32009D0381,CITES,2009.0,2009.0
32008D0214,62004CJ0148,CITES,2008.0,2004.0
32016R1011R(01),32009L0073,CITES,2016.0,2009.0
32016R1011R(01),32009L0138R(01),CITES,2016.0,2009.0
32016R1011R(01),32011R0182R(02),CITES,2016.0,2011.0
32016R1011R(01),32009L0065R(07),CITES,2016.0,2009.0
32016R1011R(01),32012R0648R(09),CITES,2016.0,2012.0
32016R1011R(01),32013L0034R(07),CITES,2016.0,2013.0
32016R1011R(01),32010R1031,CITES,2016.0,2010.0
32016R1011R(01),32011R1227,CITES,2016.0,2011.0
32016R1011R(01),32010R1095,CITES,2016.0,2010.0
32016R1011R(01),32013R0575R(02),CITES,2016.0,2013.0
32016R1011R(01),32014L0065R(01),CITES,2016.0,2014.0
32016R1011R(01),32014R0600R(09),CITES,2016.0,2014.0
32016R1011R(01),32009L0072,CITES,2016.0,2009.0
32016R1011R(01),32006R1287R(01),CITES,2016.0,2006.0
32016R1011R(01),32011L0061R(02),CITES,2016.0,2011.0
32016R1011R(01),32016R1011R(01),CITES,2016.0,2016.0
32012R1219,32011R0182R(02),CITES,2012.0,2011.0
32013R0409,32006R1794,CITES,2013.0,2006.0
32013R0409,32010R0691,CITES,2013.0,2010.0
32013R0409,32008R0216,CITES,2013.0,2008.0
32021L0338R(01),32018L0843R(01),CITES,2021.0,2018.0
32021L0338R(01),32010R1093,CITES,2021.0,2010.0
32021L0338R(01),32011R1227,CITES,2021.0,2011.0
32021L0338R(01),32012R0648R(09),CITES,2021.0,2012.0
32021L0338R(01),32010R1095,CITES,2021.0,2010.0
32021L0338R(01),32014R0600R(09),CITES,2021.0,2014.0
32021L0338R(01),32019L2034R(06),CITES,2021.0,2019.0
32021L0338R(01),32013R1379R(03),CITES,2021.0,2013.0
32018R0763,32018R0761R(01),CITES,2018.0,2018.0
32018R0763,32016R0796R(01),CITES,2018.0,2016.0
32018R0763,32018R0762R(02),CITES,2018.0,2018.0
32009L0065R(07),32004L0109R(01),CITES,2009.0,2004.0
32009L0065R(07),32006L0043R(04),CITES,2009.0,2006.0
32009L0065R(07),32006L0048,CITES,2009.0,2006.0
32009L0065R(07),32006L0049,CITES,2009.0,2006.0
32019L0944R(05),32009L0073,CITES,2019.0,2009.0
32019L0944R(05),32015L2366R(06),CITES,2019.0,2015.0
32019L0944R(05),32019R0942R(01),CITES,2019.0,2019.0
32019L0944R(05),32011R0182R(02),CITES,2019.0,2011.0
32019L0944R(05),32017L1132R(03),CITES,2019.0,2017.0
32019L0944R(05),32016R0679R(02),CITES,2019.0,2016.0
32019L0944R(05),32011L0083R(05),CITES,2019.0,2011.0
32019L0944R(05),32014L0065R(01),CITES,2019.0,2014.0
32019L0944R(05),32014R1348R(01),CITES,2019.0,2014.0
32019L0944R(05),32017R1485,CITES,2019.0,2017.0
32019L0944R(05),32013L0034R(07),CITES,2019.0,2013.0
32019L0944R(05),32013L0011R(01),CITES,2019.0,2013.0
32019L0944R(05),32018L2001R(10),CITES,2019.0,2018.0
32019L0944R(05),32018R1999R(06),CITES,2019.0,2018.0
32019L0944R(05),32014L0094,CITES,2019.0,2014.0
32019L0944R(05),32019R0943R(03),CITES,2019.0,2019.0
32021R0523,32013R0755,CITES,2021.0,2013.0
32021R0523,32021R0241R(02),CITES,2021.0,2021.0
32021R0523,32020R0852R(06),CITES,2021.0,2020.0
32021R0523,32018R1999R(06),CITES,2021.0,2018.0
32021R0523,32018R1046,CITES,2021.0,2018.0
32021R0523,32016L2284,CITES,2021.0,2016.0
32021R0523,32018L2001R(10),CITES,2021.0,2018.0
32021R0523,32013R1291,CITES,2021.0,2013.0
32021R0523,32017L1371R(02),CITES,2021.0,2017.0
32021R0523,32020R2094R(01),CITES,2021.0,2020.0
32021R0523,32013R0883R(02),CITES,2021.0,2013.0
32021R0523,32020R2093R(03),CITES,2021.0,2020.0
32021R0523,32017R1939R(02),CITES,2021.0,2017.0
32024D1209,32021R0241R(02),CITES,2024.0,2021.0
32024D1209,32019D0031,CITES,2024.0,2019.0
32024D1209,32022R2463,CITES,2024.0,2022.0
32024D1209,32020D2053,CITES,2024.0,2020.0
32024D1209,32022O0912R(03),CITES,2024.0,2022.0
32024R1351,32017R2226R(03),CITES,2024.0,2017.0
32024R1351,32018R1725R(02),CITES,2024.0,2018.0
32024R1351,32009R0810R(06),CITES,2024.0,2009.0
32024R1351,32016R0794R(05),CITES,2024.0,2016.0
32024R1351,32021R1148,CITES,2024.0,2021.0
32024R1351,32018R1046,CITES,2024.0,2018.0
32024R1351,32016R0399R(05),CITES,2024.0,2016.0
32024R1351,32008R0767R(04),CITES,2024.0,2008.0
32024R1351,32011R0182R(02),CITES,2024.0,2011.0
32024R1351,32021R0836,CITES,2024.0,2021.0
32024R1351,32016L0680R(03),CITES,2024.0,2016.0
32024R1351,32018D1993R(01),CITES,2024.0,2018.0
32024R1351,32016R0679R(02),CITES,2024.0,2016.0
32024R1351,32013D0488R(01),CITES,2024.0,2013.0
32024L3019,32022R2371,CITES,2024.0,2022.0
32024L3019,32018L0844,CITES,2024.0,2018.0
32024L3019,32009L0147R(01),CITES,2024.0,2009.0
32024L3019,32024R1787,CITES,2024.0,2024.0
32024L3019,32023L1791R(03),CITES,2024.0,2023.0
32024L3019,32011R0182R(02),CITES,2024.0,2011.0
32024L3019,32021R1119,CITES,2024.0,2021.0
32024L3019,32008L0098R(03),CITES,2024.0,2008.0
32024L3019,32020L2184R(01),CITES,2024.0,2020.0
32024L3019,32024L1203,CITES,2024.0,2024.0
32024L3019,32011L0083R(05),CITES,2024.0,2011.0
32024L3019,32006R0166,CITES,2024.0,2006.0
32024L3019,32012L0027R(01),CITES,2024.0,2012.0
32024L3019,32022L2557,CITES,2024.0,2022.0
32024L3019,32010L0075R(11),CITES,2024.0,2010.0
32024L3019,32018R0842,CITES,2024.0,2018.0
32024L3019,32018L2001R(10),CITES,2024.0,2018.0
32024L3019,32022D0591,CITES,2024.0,2022.0
32024L3019,32018R1999R(06),CITES,2024.0,2018.0
32024L3019,32008L0056,CITES,2024.0,2008.0
32016L0800,32010L0064,CITES,2016.0,2010.0
32016L0800,32012L0013,CITES,2016.0,2012.0
32016L0800,32016L0343R(01),CITES,2016.0,2016.0
32016L0800,32013L0048R(01),CITES,2016.0,2013.0
32019R2033R(07),32014R0909R(06),CITES,2019.0,2014.0
32019R2033R(07),32010R1095,CITES,2019.0,2010.0
32019R2033R(07),32019L0878R(06),CITES,2019.0,2019.0
32019R2033R(07),32013L0034R(07),CITES,2019.0,2013.0
32019R2033R(07),32019L2034R(06),CITES,2019.0,2019.0
32019R2033R(07),32014L0065R(01),CITES,2019.0,2014.0
32019R2033R(07),32015R2365,CITES,2019.0,2015.0
32019R2033R(07),32016R0679R(02),CITES,2019.0,2016.0
32019R2033R(07),32019R0876R(16),CITES,2019.0,2019.0
32019R2033R(07),32015L2366R(06),CITES,2019.0,2015.0
32019R2033R(07),32019R0630,CITES,2019.0,2019.0
32019R2033R(07),32015L0849R(03),CITES,2019.0,2015.0
32019R2033R(07),32009L0138R(01),CITES,2019.0,2009.0
32019R2033R(07),32012R0648R(09),CITES,2019.0,2012.0
32019R2033R(07),32017R0567R(02),CITES,2019.0,2017.0
32019R2033R(07),32013L0036R(07),CITES,2019.0,2013.0
32015D1837,32006E0243,CITES,2015.0,2006.0
32015D1837,32008E0588,CITES,2015.0,2008.0
32015D1837,32010D0461,CITES,2015.0,2010.0
32015D1837,32012D0699,CITES,2015.0,2012.0
32015D1837,32007E0468,CITES,2015.0,2007.0
32020R0736,32014R0452R(01),CITES,2020.0,2014.0
32020R0736,32016R2214,CITES,2020.0,2016.0
32020R0736,32013R1264,CITES,2020.0,2013.0
32020R0736,32006R0910,CITES,2020.0,2006.0
32020R0736,32006R1543,CITES,2020.0,2006.0
32020R0736,32012R0965R(04),CITES,2020.0,2012.0
32020R0736,32009R1144,CITES,2020.0,2009.0
32020R0736,32006R0473,CITES,2020.0,2006.0
32020R0736,32014R1318,CITES,2020.0,2014.0
32020R1992,32007R0235,CITES,2020.0,2007.0
32020R1992,32016R2214,CITES,2020.0,2016.0
32020R1992,32007R1400,CITES,2020.0,2007.0
32020R1992,32014R0452R(01),CITES,2020.0,2014.0
32020R1992,32019R0618,CITES,2020.0,2019.0
32020R1992,32006R0473,CITES,2020.0,2006.0
32020R1992,32012R0965R(04),CITES,2020.0,2012.0
32019R2144R(04),32011R0182R(02),CITES,2019.0,2011.0
32019R2144R(04),32015R0758,CITES,2019.0,2015.0
32019R2144R(04),32016R0679R(02),CITES,2019.0,2016.0
32020D0348,32009R0714,CITES,2020.0,2009.0
32020D0348,32004R0794R(04),CITES,2020.0,2004.0
32020D0348,32015R1589R(02),CITES,2020.0,2015.0
32020D0348,32019R0943R(03),CITES,2020.0,2019.0
32020D0348,61998CJ0379,CITES,2020.0,1998.0
32020D0348,32019L0944R(05),CITES,2020.0,2019.0
32020D0348,32009L0072,CITES,2020.0,2009.0
32011R0181R(01),32004L0113R(03),CITES,2011.0,2004.0
32011R0181R(01),32008R0593R(01),CITES,2011.0,2008.0
32014R0513,32009D0902,CITES,2014.0,2009.0
32014R0513,32014R0233,CITES,2014.0,2014.0
32014R0513,32014R0234,CITES,2014.0,2014.0
32014R0513,32014R0282,CITES,2014.0,2014.0
32014R0513,32012R0966,CITES,2014.0,2012.0
32014R0513,32013R1382,CITES,2014.0,2013.0
32014R0513,32014R0231,CITES,2014.0,2014.0
32014R0513,32013R1291,CITES,2014.0,2013.0
32014R0513,32014R0514R(01),CITES,2014.0,2014.0
32014R0513,32014R0232,CITES,2014.0,2014.0
32014R0513,32014R0230,CITES,2014.0,2014.0
32014R0513,32014R0235,CITES,2014.0,2014.0
32014R0513,32013R1311R(04),CITES,2014.0,2013.0
32014R0513,32014R0515R(03),CITES,2014.0,2014.0
32017R1538,32017R1443,CITES,2017.0,2017.0
32017R1538,32016R2067,CITES,2017.0,2016.0
32017R1538,32013R1071,CITES,2017.0,2013.0
32017R1538,32014R0680,CITES,2017.0,2014.0
32017R1538,32013R0575R(02),CITES,2017.0,2013.0
32020R0852R(06),32009L0125R(02),CITES,2020.0,2009.0
32020R0852R(06),32018L0844,CITES,2020.0,2018.0
32020R0852R(06),32014L0024R(15),CITES,2020.0,2014.0
32020R0852R(06),32010R1094R(02),CITES,2020.0,2010.0
32020R0852R(06),32010L0075R(11),CITES,2020.0,2010.0
32020R0852R(06),32012L0019,CITES,2020.0,2012.0
32020R0852R(06),32009L0147R(01),CITES,2020.0,2009.0
32020R0852R(06),32017R1369R(01),CITES,2020.0,2017.0
32020R0852R(06),32014R0600R(09),CITES,2020.0,2014.0
32020R0852R(06),32014L0023R(05),CITES,2020.0,2014.0
32020R0852R(06),32018R0841,CITES,2020.0,2018.0
32020R0852R(06),32016D1841,CITES,2020.0,2016.0
32020R0852R(06),32012L0027R(01),CITES,2020.0,2012.0
32020R0852R(06),32010R1095,CITES,2020.0,2010.0
32020R0852R(06),32014L0025R(07),CITES,2020.0,2014.0
32020R0852R(06),32020R0852R(06),CITES,2020.0,2020.0
32020R0852R(06),32008L0050R(05),CITES,2020.0,2008.0
32020R0852R(06),32015R1017R(01),CITES,2020.0,2015.0
32020R0852R(06),32017R1129R(02),CITES,2020.0,2017.0
32020R0852R(06),32014R0538,CITES,2020.0,2014.0
32020R0852R(06),32008L0056,CITES,2020.0,2008.0
32020R0852R(06),32019L0883,CITES,2020.0,2019.0
32020R0852R(06),32019R1238,CITES,2020.0,2019.0
32020R0852R(06),32006R1013R(05),CITES,2020.0,2006.0
32020R0852R(06),32009L0031R(02),CITES,2020.0,2009.0
32020R0852R(06),32016L2284,CITES,2020.0,2016.0
32020R0852R(06),32009R1221R(01),CITES,2020.0,2009.0
32020R0852R(06),32013L0034R(07),CITES,2020.0,2013.0
32020R0852R(06),32008L0098R(03),CITES,2020.0,2008.0
32020R0852R(06),32010R1093,CITES,2020.0,2010.0
32020R0852R(06),32018L2001R(10),CITES,2020.0,2018.0
32020R0852R(06),32011L0092R(02),CITES,2020.0,2011.0
32020R0852R(06),32013R0525,CITES,2020.0,2013.0
32021D0443,32020D2252R(01),CITES,2021.0,2020.0
32014R0184,32009L0136,CITES,2014.0,2009.0
32014R0184,32012R0966,CITES,2014.0,2012.0
32014R0184,32013R1305R(01),CITES,2014.0,2013.0
32014D0746,32006R1893R(02),CITES,2014.0,2006.0
32012R1146,32006R0473,CITES,2012.0,2006.0
32012R1146,32011R1197,CITES,2012.0,2011.0
32012R1146,32012R0965R(04),CITES,2012.0,2012.0
32012R1146,32010R1071,CITES,2012.0,2010.0
32012R1146,32012R0295,CITES,2012.0,2012.0
32012R1146,32010R0590,CITES,2012.0,2010.0
32012R1146,32010R0273,CITES,2012.0,2010.0
32017D2372,62009CJ0480,CITES,2017.0,2009.0
32017D2372,32007L0058,CITES,2017.0,2007.0
32017D2372,32007R1370R(03),CITES,2017.0,2007.0
32017D2372,62003CJ0172,CITES,2017.0,2003.0
32017D2372,62010CJ0124,CITES,2017.0,2010.0
32017D2372,32007R1371,CITES,2017.0,2007.0
32017D2372,32006L0111,CITES,2017.0,2006.0
32017D2372,62000CJ0280,CITES,2017.0,2000.0
32017D2372,32007L0059,CITES,2017.0,2007.0
32017D2372,62004CJ0222,CITES,2017.0,2004.0
32017D2372,32006L0112R(20),CITES,2017.0,2006.0
32015D1227,62010CJ0124,CITES,2015.0,2010.0
32015D1227,62000CJ0280,CITES,2015.0,2000.0
32015D1227,32004R0794R(04),CITES,2015.0,2004.0
32015D1227,62008TJ0267,CITES,2015.0,2008.0
32015D1227,32005D0842,CITES,2015.0,2005.0
32015D1141,32014D0482,CITES,2015.0,2014.0
32012L0018R(03),32011L0092R(02),CITES,2012.0,2011.0
32012L0018R(03),32007L0002,CITES,2012.0,2007.0
32012L0018R(03),32010L0075R(11),CITES,2012.0,2010.0
32012L0018R(03),32011R0182R(02),CITES,2012.0,2011.0
32023D0269,32014R0909R(06),CITES,2023.0,2014.0
32023R0588,32018L1972R(04),CITES,2023.0,2018.0
32023R0588,32013R0883R(02),CITES,2023.0,2013.0
32023R0588,32021R0697,CITES,2023.0,2021.0
32023R0588,32010D0427,CITES,2023.0,2010.0
32023R0588,32021R0695R(03),CITES,2023.0,2021.0
32023R0588,32021R0694R(01),CITES,2023.0,2021.0
32023R0588,32012D0243,CITES,2023.0,2012.0
32023R0588,32022D2481,CITES,2023.0,2022.0
32023R0588,32016R0679R(02),CITES,2023.0,2016.0
32023R0588,32021R0241R(02),CITES,2023.0,2021.0
32023R0588,32021D0698,CITES,2023.0,2021.0
32023R0588,32017L1371R(02),CITES,2023.0,2017.0
32023R0588,32021R0696R(01),CITES,2023.0,2021.0
32023R0588,32008L0114,CITES,2023.0,2008.0
32023R0588,32021R0947R(03),CITES,2023.0,2021.0
32023R0588,32018R1725R(02),CITES,2023.0,2018.0
32023R0588,32021R1060R(05),CITES,2023.0,2021.0
32023R0588,32021D1764R(01),CITES,2023.0,2021.0
32023R0588,32015D0444,CITES,2023.0,2015.0
32023R0588,32011R0182R(02),CITES,2023.0,2011.0
32023R0588,32021R1153R(01),CITES,2023.0,2021.0
32023R0588,32018R1046,CITES,2023.0,2018.0
32023R0588,32017R1939R(02),CITES,2023.0,2017.0
32023R0588,32020R2093R(03),CITES,2023.0,2020.0
32023R0588,32021D0764R(01),CITES,2023.0,2021.0
32023R0588,32013D0488R(01),CITES,2023.0,2013.0
32023R1201,32014R0910R(09),CITES,2023.0,2014.0
32017L0828,32010R1093,CITES,2017.0,2010.0
32017L0828,32014R0909R(06),CITES,2017.0,2014.0
32017L0828,32013R0575R(02),CITES,2017.0,2013.0
32017L0828,32014R0596R(07),CITES,2017.0,2014.0
32017L0828,32011L0061R(02),CITES,2017.0,2011.0
32017L0828,32009L0065R(07),CITES,2017.0,2009.0
32017L0828,32011R0182R(02),CITES,2017.0,2011.0
32017L0828,32004L0109R(01),CITES,2017.0,2004.0
32017L0828,32009L0138R(01),CITES,2017.0,2009.0
32017L0828,32010R1095,CITES,2017.0,2010.0
32017L0828,32014L0065R(01),CITES,2017.0,2014.0
32017L0828,32016R0679R(02),CITES,2017.0,2016.0
32017L0828,32016L2341R(02),CITES,2017.0,2016.0
32017L0828,32013L0034R(07),CITES,2017.0,2013.0
32016R1375,32010D0413R(02),CITES,2016.0,2010.0
32016R1375,32015R1861R(04),CITES,2016.0,2015.0
32016R1375,32009R0428R(04),CITES,2016.0,2009.0
32012R1011R(02),32010R1096,CITES,2012.0,2010.0
32021R0836,32021R0522R(02),CITES,2021.0,2021.0
32021R0836,32017R1939R(02),CITES,2021.0,2017.0
32021R0836,32017L1371R(02),CITES,2021.0,2017.0
32021R0836,32021R0241R(02),CITES,2021.0,2021.0
32021R0836,32021R0696R(01),CITES,2021.0,2021.0
32021R0836,32016R0369,CITES,2021.0,2016.0
32021R0836,32018R1046,CITES,2021.0,2018.0
32021R0836,32020R2093R(03),CITES,2021.0,2020.0
32021R0836,32011R0182R(02),CITES,2021.0,2011.0
32021R0836,32020R2094R(01),CITES,2021.0,2020.0
32021R0836,32013R0883R(02),CITES,2021.0,2013.0
32016R2338,32012L0034R(06),CITES,2016.0,2012.0
32015R0758,32011H0750,CITES,2015.0,2011.0
32015R0758,32012R1025,CITES,2015.0,2012.0
32015R0758,32014L0045R(06),CITES,2015.0,2014.0
32015R0758,32011R0182R(02),CITES,2015.0,2011.0
32015R0758,32013R1285,CITES,2015.0,2013.0
32015R0758,32014D0585,CITES,2015.0,2014.0
32017R0390R(01),32013L0036R(07),CITES,2017.0,2013.0
32017R0390R(01),32013R0575R(02),CITES,2017.0,2013.0
32017R0390R(01),32013R0152,CITES,2017.0,2013.0
32017R0390R(01),32012R0648R(09),CITES,2017.0,2012.0
32017R0390R(01),32007R1569,CITES,2017.0,2007.0
32017R0390R(01),32010R1093,CITES,2017.0,2010.0
32017R0390R(01),32017R0392,CITES,2017.0,2017.0
32011D0140,62008TJ0568,CITES,2011.0,2008.0
32011D0140,62000CJ0280,CITES,2011.0,2000.0
32011D0140,32004D0838,CITES,2011.0,2004.0
32011D0140,62005TJ0354,CITES,2011.0,2005.0
32011D0140,32006L0111,CITES,2011.0,2006.0
32011D0140,62004CJ0393,CITES,2011.0,2004.0
32023D2921,32021D0689R(02),CITES,2023.0,2021.0
32023D2921,32023R1542R(01),CITES,2023.0,2023.0
32024D02348,32015D0443,CITES,2024.0,2015.0
32024D02348,32023L2661,CITES,2024.0,2023.0
32024D02348,32015D0444,CITES,2024.0,2015.0
32024R1263R(02),32018R1999R(06),CITES,2024.0,2018.0
32024R1263R(02),32021R1057,CITES,2024.0,2021.0
32024R1263R(02),32011L0085,CITES,2024.0,2011.0
32024R1263R(02),32021R1119,CITES,2024.0,2021.0
32024R1263R(02),32011R1176,CITES,2024.0,2011.0
32024R1263R(02),32021R1058,CITES,2024.0,2021.0
32024R1263R(02),32020R2094R(01),CITES,2024.0,2020.0
32024R1263R(02),32022D2481,CITES,2024.0,2022.0
32024R1263R(02),32021R0241R(02),CITES,2024.0,2021.0
32024R1263R(02),32021R1056,CITES,2024.0,2021.0
32024R1263R(02),32009R0223,CITES,2024.0,2009.0
32024R1028,32015L1535,CITES,2024.0,2015.0
32024R1028,32022R1925R(01),CITES,2024.0,2022.0
32024R1028,32014R0910R(09),CITES,2024.0,2014.0
32024R1028,32009R0223,CITES,2024.0,2009.0
32024R1028,32018R1725R(02),CITES,2024.0,2018.0
32024R1028,32022R1463R(01),CITES,2024.0,2022.0
32024R1028,32011L0016,CITES,2024.0,2011.0
32024R1028,32006R1893R(02),CITES,2024.0,2006.0
32024R1028,32022R2065R(02),CITES,2024.0,2022.0
32024R1028,32006L0123,CITES,2024.0,2006.0
32024R1028,32019R1150,CITES,2024.0,2019.0
32024R1028,32011R0182R(02),CITES,2024.0,2011.0
32024R1028,32016R0679R(02),CITES,2024.0,2016.0
32024R1028,32010L0024,CITES,2024.0,2010.0
32024L1619,32011R0182R(02),CITES,2024.0,2011.0
32024L1619,32014R0806R(05),CITES,2024.0,2014.0
32024L1619,32019L0878R(06),CITES,2024.0,2019.0
32024L1619,32010R1095,CITES,2024.0,2010.0
32024L1619,32021R0240R(01),CITES,2024.0,2021.0
32024L1619,32021R1119,CITES,2024.0,2021.0
32024L1619,32013R1024R(02),CITES,2024.0,2013.0
32024L1619,32023R1114R(05),CITES,2024.0,2023.0
32024L1619,32013R0575R(02),CITES,2024.0,2013.0
32024L1619,32014R0468,CITES,2024.0,2014.0
32024L1619,32012R0648R(09),CITES,2024.0,2012.0
32024L1619,32019L2162,CITES,2024.0,2019.0
32024L1619,32022R2554R(01),CITES,2024.0,2022.0
32024L1619,32017L1132R(03),CITES,2024.0,2017.0
32024L1619,32015L0849R(03),CITES,2024.0,2015.0
32024L1619,32014L0049R(02),CITES,2024.0,2014.0
32024L1619,32014L0059R(14),CITES,2024.0,2014.0
32024L1619,32010R1093,CITES,2024.0,2010.0
32024L1619,32021R0451R(04),CITES,2024.0,2021.0
32024L1619,32024R1620R(01),CITES,2024.0,2024.0
32024L1619,32014L0065R(01),CITES,2024.0,2014.0
32024L1619,32019R2033R(07),CITES,2024.0,2019.0
32024L1619,32019R0876R(16),CITES,2024.0,2019.0
32024L1619,32009L0110R(03),CITES,2024.0,2009.0
32024L1619,32013L0034R(07),CITES,2024.0,2013.0
32024L1619,32010R1094R(02),CITES,2024.0,2010.0
32021R0693,32020R2093R(03),CITES,2021.0,2020.0
32021R0693,32021R0690R(02),CITES,2021.0,2021.0
32021R0693,32018R1046,CITES,2021.0,2018.0
32021R0693,32017R1939R(02),CITES,2021.0,2017.0
32021R0693,32021R0695R(03),CITES,2021.0,2021.0
32021R0693,32013D0755,CITES,2021.0,2013.0
32021R0693,32011R0182R(02),CITES,2021.0,2011.0
32021R0693,32021R0692,CITES,2021.0,2021.0
32021R0693,32017L1371R(02),CITES,2021.0,2017.0
32021R0693,32013R0883R(02),CITES,2021.0,2013.0
32021R0693,32021R0694R(01),CITES,2021.0,2021.0
32018O0016R(01),32014O0060R(01),CITES,2018.0,2014.0
32018O0016R(01),32016R0867R(02),CITES,2018.0,2016.0
32018O0016R(01),32015L2366R(06),CITES,2018.0,2015.0
32018O0016R(01),32013R0549,CITES,2018.0,2013.0
32018O0016R(01),32017L1132R(03),CITES,2018.0,2017.0
32018O0016R(01),32013R1073,CITES,2018.0,2013.0
32018O0016R(01),32013R0575R(02),CITES,2018.0,2013.0
32018O0016R(01),32013R1024R(02),CITES,2018.0,2013.0
32018O0016R(01),32014R1374,CITES,2018.0,2014.0
32018O0016R(01),32013R1409,CITES,2018.0,2013.0
32018O0016R(01),32016R0679R(02),CITES,2018.0,2016.0
32018O0016R(01),32014O0015,CITES,2018.0,2014.0
32018O0016R(01),32013R1075R(01),CITES,2018.0,2013.0
32018O0016R(01),32013R1071,CITES,2018.0,2013.0
32018O0016R(01),32012O0021,CITES,2018.0,2012.0
32020R1227,32010R1095,CITES,2020.0,2010.0
32021R0965,32017L2455R(06),CITES,2021.0,2017.0
32021R0965,32006L0112R(20),CITES,2021.0,2006.0
32021R0965,32017R2454,CITES,2021.0,2017.0
32021R0965,32019L1995,CITES,2021.0,2019.0
32011D0784,62008TJ0396,CITES,2011.0,2008.0
32014R0538,32008R1099,CITES,2014.0,2008.0
32014R0538,32011R0182R(02),CITES,2014.0,2011.0
32019R0289,32014R0651R(05),CITES,2019.0,2014.0
32019R0289,32013R1305R(01),CITES,2019.0,2013.0
32019R0289,32017R1084R(01),CITES,2019.0,2017.0
32020R0877,32008R0300R(04),CITES,2020.0,2008.0
32020R0877,32006L0112R(20),CITES,2020.0,2006.0
32020R0877,32019R1239,CITES,2020.0,2019.0
32020R0877,32015R2447R(13),CITES,2020.0,2015.0
32020R0877,32017L2455R(06),CITES,2020.0,2017.0
32020R0877,32019L0883,CITES,2020.0,2019.0
32024D2860,62006CJ0441,CITES,2024.0,2006.0
32024D2860,32015R1589R(02),CITES,2024.0,2015.0
32024D2860,32004R0794R(04),CITES,2024.0,2004.0
32024D2860,32012L0034R(06),CITES,2024.0,2012.0
32024D2860,62001TJ0157,CITES,2024.0,2001.0
32024D2860,32007R1370R(03),CITES,2024.0,2007.0
32024D2860,62008TJ0443,CITES,2024.0,2008.0
32024D2860,62003CJ0172,CITES,2024.0,2003.0
32024D2860,62014CJ0015,CITES,2024.0,2014.0
32024D2860,62000CJ0280,CITES,2024.0,2000.0
32024D2860,32016L0798R(07),CITES,2024.0,2016.0
32017D1985,32015D0348,CITES,2017.0,2015.0
32024R3189,32014R0909R(06),CITES,2024.0,2014.0
32024R3189,32024D3182,CITES,2024.0,2024.0
32024R2979R(01),32024R2982,CITES,2024.0,2024.0
32024R2979R(01),32024R2977R(01),CITES,2024.0,2024.0
32024R2979R(01),32024R2979R(01),CITES,2024.0,2024.0
32024R2979R(01),32021H0946,CITES,2024.0,2021.0
32024R2979R(01),32024R2980R(01),CITES,2024.0,2024.0
32024R2979R(01),32018R1725R(02),CITES,2024.0,2018.0
32024R2979R(01),32024R1183R(02),CITES,2024.0,2024.0
32024R2979R(01),32016R0679R(02),CITES,2024.0,2016.0
32024R2979R(01),32015R1502R(01),CITES,2024.0,2015.0
32024D1744R(04),32012R0258R(04),CITES,2024.0,2012.0
32024D1744R(04),32018R1046,CITES,2024.0,2018.0
32024D1744R(04),32023R2878R(04),CITES,2024.0,2023.0
32024D1744R(04),32021R0821R(03),CITES,2024.0,2021.0
32024D1744R(04),32014R0833,CITES,2024.0,2014.0
32024D1744R(04),32014D0145R(05),CITES,2024.0,2014.0
32024D1744R(04),32024R1083R(02),CITES,2024.0,2024.0
32024D1744R(04),32014R0269R(03),CITES,2024.0,2014.0
32022D2349,32018R1725R(02),CITES,2022.0,2018.0
32022D2349,32019R2144R(04),CITES,2022.0,2019.0
32022D2349,32008L0048R(08),CITES,2022.0,2008.0
32022D2349,32009L0048,CITES,2022.0,2009.0
32022D2349,32017R0745R(02),CITES,2022.0,2017.0
32022D2349,32016R0679R(02),CITES,2022.0,2016.0
32022D2349,32006L0123,CITES,2022.0,2006.0
32022D2349,32016L0680R(03),CITES,2022.0,2016.0
32022D2349,32014L0053R(02),CITES,2022.0,2014.0
32022D1972,32022D0637,CITES,2022.0,2022.0
32022D1972,32022D0810,CITES,2022.0,2022.0
32022D1972,32022D1284,CITES,2022.0,2022.0
32022D1972,32021D0509R(01),CITES,2022.0,2021.0
32022D1972,32022D0472,CITES,2022.0,2022.0
32023D0229,32022D0637,CITES,2023.0,2022.0
32023D0229,32022D1284,CITES,2023.0,2022.0
32023D0229,32022D0472,CITES,2023.0,2022.0
32023D0229,32022D0810,CITES,2023.0,2022.0
32023D0229,32021D0509R(01),CITES,2023.0,2021.0
32023D0229,32022D1972,CITES,2023.0,2022.0
32016R0583R(01),32012R0965R(04),CITES,2016.0,2012.0
32016R0583R(01),32012R0923R(22),CITES,2016.0,2012.0
32013R0575R(02),32011L0061R(02),CITES,2013.0,2011.0
32013R0575R(02),32007L0064,CITES,2013.0,2007.0
32013R0575R(02),32013L0036R(07),CITES,2013.0,2013.0
32013R0575R(02),32010R1092,CITES,2013.0,2010.0
32013R0575R(02),32009L0111,CITES,2013.0,2009.0
32013R0575R(02),32010R1093,CITES,2013.0,2010.0
32013R0575R(02),32006L0049,CITES,2013.0,2006.0
32013R0575R(02),32009D0937R(01),CITES,2013.0,2009.0
32013R0575R(02),32009R1060R(01),CITES,2013.0,2009.0
32013R0575R(02),32009L0138R(01),CITES,2013.0,2009.0
32013R0575R(02),32010R1094R(02),CITES,2013.0,2010.0
32013R0575R(02),32009L0065R(07),CITES,2013.0,2009.0
32013R0575R(02),32011R0182R(02),CITES,2013.0,2011.0
32013R0575R(02),32006L0048,CITES,2013.0,2006.0
32013L0036R(07),32010R1095,CITES,2013.0,2010.0
32013L0036R(07),32006L0043R(04),CITES,2013.0,2006.0
32013L0036R(07),32011L0061R(02),CITES,2013.0,2011.0
32013L0036R(07),32011R0182R(02),CITES,2013.0,2011.0
32013L0036R(07),32005L0060,CITES,2013.0,2005.0
32013L0036R(07),32010R1092,CITES,2013.0,2010.0
32013L0036R(07),32004L0109R(01),CITES,2013.0,2004.0
32013L0036R(07),32009F0315R(03),CITES,2013.0,2009.0
32013L0036R(07),32009L0065R(07),CITES,2013.0,2009.0
32013L0036R(07),32010R1094R(02),CITES,2013.0,2010.0
32013L0036R(07),32010R1093,CITES,2013.0,2010.0
32013L0036R(07),32013R0575R(02),CITES,2013.0,2013.0
32019R0776R(04),32017R0006,CITES,2019.0,2017.0
32019R0776R(04),32017D1474R(02),CITES,2019.0,2017.0
32019R0776R(04),32016R0796R(01),CITES,2019.0,2016.0
32019R0776R(04),32008L0057,CITES,2019.0,2008.0
32019R0776R(04),32016L0798R(07),CITES,2019.0,2016.0
32018R2066R(06),32009L0031R(02),CITES,2018.0,2009.0
32018R2066R(06),32018R2067,CITES,2018.0,2018.0
32018R2066R(06),32006R0166,CITES,2018.0,2006.0
32018R2066R(06),32014L0031R(03),CITES,2018.0,2014.0
32018R2066R(06),32006R1893R(02),CITES,2018.0,2006.0
32018R2066R(06),32012R0965R(04),CITES,2018.0,2012.0
32018R2066R(06),32009L0028,CITES,2018.0,2009.0
32018R2066R(06),32014L0032R(02),CITES,2018.0,2014.0
32018R1999R(06),32018L2001R(10),CITES,2018.0,2018.0
32018R1999R(06),32009R0223,CITES,2018.0,2009.0
32018R1999R(06),32006R0166,CITES,2018.0,2006.0
32018R1999R(06),32018R0842,CITES,2018.0,2018.0
32018R1999R(06),32011R0182R(02),CITES,2018.0,2011.0
32018R1999R(06),32009R0406,CITES,2018.0,2009.0
32018R1999R(06),32016L2284,CITES,2018.0,2016.0
32018R1999R(06),32016D1841,CITES,2018.0,2016.0
32018R1999R(06),32014R0377,CITES,2018.0,2014.0
32018R1999R(06),32017R1369R(01),CITES,2018.0,2017.0
32018R1999R(06),32018R0841,CITES,2018.0,2018.0
32018R1999R(06),32014R0517,CITES,2018.0,2014.0
32018R1999R(06),32009L0125R(02),CITES,2018.0,2009.0
32018R1999R(06),32013R0347,CITES,2018.0,2013.0
32018R1999R(06),32009L0028,CITES,2018.0,2009.0
32018R1999R(06),32008R1099,CITES,2018.0,2008.0
32017R2402R(01),32013R0575R(02),CITES,2017.0,2013.0
32017R2402R(01),32013R1024R(02),CITES,2017.0,2013.0
32017R2402R(01),32014L0017R(04),CITES,2017.0,2014.0
32017R2402R(01),32010R1093,CITES,2017.0,2010.0
32017R2402R(01),32014L0065R(01),CITES,2017.0,2014.0
32017R2402R(01),32015R0035R(09),CITES,2017.0,2015.0
32017R2402R(01),32010R1094R(02),CITES,2017.0,2010.0
32017R2402R(01),32013L0036R(07),CITES,2017.0,2013.0
32017R2402R(01),32008L0048R(08),CITES,2017.0,2008.0
32017R2402R(01),32015R1017R(01),CITES,2017.0,2015.0
32017R2402R(01),32016L2341R(02),CITES,2017.0,2016.0
32017R2402R(01),32014R0806R(05),CITES,2017.0,2014.0
32017R2402R(01),32013R0231R(04),CITES,2017.0,2013.0
32017R2402R(01),32010R1092,CITES,2017.0,2010.0
32017R2402R(01),32014R0596R(07),CITES,2017.0,2014.0
32017R2402R(01),32014L0059R(14),CITES,2017.0,2014.0
32017R2402R(01),32013L0034R(07),CITES,2017.0,2013.0
32017R2402R(01),32010R1095,CITES,2017.0,2010.0
32017R2402R(01),32014R0600R(09),CITES,2017.0,2014.0
32017R2402R(01),32015R2365,CITES,2017.0,2015.0
32014L0032R(02),32011R0182R(02),CITES,2014.0,2011.0
32014L0032R(02),32008D0768R(02),CITES,2014.0,2008.0
32014L0032R(02),32008R0765R(03),CITES,2014.0,2008.0
32014L0032R(02),32004L0108,CITES,2014.0,2004.0
32014L0032R(02),32014L0030R(02),CITES,2014.0,2014.0
32017R2226R(03),32016L0680R(03),CITES,2017.0,2016.0
32017R2226R(03),32017D1908R(01),CITES,2017.0,2017.0
32017R2226R(03),32006R1987,CITES,2017.0,2006.0
32017R2226R(03),32011D0350,CITES,2017.0,2011.0
32017R2226R(03),32011R0182R(02),CITES,2017.0,2011.0
32017R2226R(03),32009R0810R(06),CITES,2017.0,2009.0
32017R2226R(03),32014R0515R(03),CITES,2017.0,2014.0
32017R2226R(03),32008D0149,CITES,2017.0,2008.0
32017R2226R(03),32008D0146,CITES,2017.0,2008.0
32017R2226R(03),32017L0541,CITES,2017.0,2017.0
32017R2226R(03),32016R0679R(02),CITES,2017.0,2016.0
32017R2226R(03),32016R0399R(05),CITES,2017.0,2016.0
32017R2226R(03),32016R0794R(05),CITES,2017.0,2016.0
32022L0542R(03),32015R2120,CITES,2022.0,2015.0
32022L0542R(03),32021R0522R(02),CITES,2022.0,2021.0
32022L0542R(03),32009L0132,CITES,2022.0,2009.0
32024R2987,32014L0065R(01),CITES,2024.0,2014.0
32024R2987,32014R0806R(05),CITES,2024.0,2014.0
32024R2987,32010R1094R(02),CITES,2024.0,2010.0
32024R2987,32013L0034R(07),CITES,2024.0,2013.0
32024R2987,32013R0149R(01),CITES,2024.0,2013.0
32024R2987,32010R1093,CITES,2024.0,2010.0
32024R2987,32017R1129R(02),CITES,2024.0,2017.0
32024R2987,32011L0061R(02),CITES,2024.0,2011.0
32024R2987,32015R2365,CITES,2024.0,2015.0
32024R2987,32013L0036R(07),CITES,2024.0,2013.0
32024R2987,32023R1114R(05),CITES,2024.0,2023.0
32024R2987,32020R1304,CITES,2024.0,2020.0
32024R2987,32019R2099R(01),CITES,2024.0,2019.0
32024R2987,32021R0023,CITES,2024.0,2021.0
32024R2987,32024R1624,CITES,2024.0,2024.0
32024R2987,32007R1569,CITES,2024.0,2007.0
32024R2987,32013R1024R(02),CITES,2024.0,2013.0
32024R2987,32013R0153R(03),CITES,2024.0,2013.0
32024R2987,32015L0849R(03),CITES,2024.0,2015.0
32017R0391R(01),32014R0600R(09),CITES,2017.0,2014.0
32017R0391R(01),32010R1095,CITES,2017.0,2010.0
32017R0391R(01),32014L0065R(01),CITES,2017.0,2014.0
32017D2077,32011D0485,CITES,2017.0,2011.0
32023R0363R(01),32021R2178,CITES,2023.0,2021.0
32023R0363R(01),32010R1094R(02),CITES,2023.0,2010.0
32023R0363R(01),32010R1095,CITES,2023.0,2010.0
32023R0363R(01),32020R0852R(06),CITES,2023.0,2020.0
32023R0363R(01),32010R1093,CITES,2023.0,2010.0
32023R0363R(01),32022R1214R(01),CITES,2023.0,2022.0
32023R0363R(01),32021R2139R(01),CITES,2023.0,2021.0
32011D0501,62001TJ0157,CITES,2011.0,2001.0
32011D0501,32006L0111,CITES,2011.0,2006.0
32011D0501,62000CJ0280,CITES,2011.0,2000.0
32011D0501,32007R1370R(03),CITES,2011.0,2007.0
32011D0501,32005D0842,CITES,2011.0,2005.0
32011D0501,62007CJ0334,CITES,2011.0,2007.0
32016R0794R(05),32012R0966,CITES,2016.0,2012.0
32016R0794R(05),32012R1268,CITES,2016.0,2012.0
32016R0794R(05),32013R0883R(02),CITES,2016.0,2013.0
32016R0794R(05),32013D0488R(01),CITES,2016.0,2013.0
32016R0794R(05),32005L0060,CITES,2016.0,2005.0
32016R0794R(05),32013R1271,CITES,2016.0,2013.0
32016R0794R(05),32016L0680R(03),CITES,2016.0,2016.0
32024R3005,32014L0065R(01),CITES,2024.0,2014.0
32024R3005,32018R1725R(02),CITES,2024.0,2018.0
32024R3005,32011R0182R(02),CITES,2024.0,2011.0
32024R3005,32009R1060R(01),CITES,2024.0,2009.0
32024R3005,32016R1011R(01),CITES,2024.0,2016.0
32024R3005,32017R2402R(01),CITES,2024.0,2017.0
32024R3005,32021R1119,CITES,2024.0,2021.0
32024R3005,32010R1092,CITES,2024.0,2010.0
32024R3005,32016L2341R(02),CITES,2024.0,2016.0
32024R3005,32015L2366R(06),CITES,2024.0,2015.0
32024R3005,32014R0909R(06),CITES,2024.0,2014.0
32024R3005,32023R1114R(05),CITES,2024.0,2023.0
32024R3005,32012R0648R(09),CITES,2024.0,2012.0
32024R3005,32009L0065R(07),CITES,2024.0,2009.0
32024R3005,32020R1503R(01),CITES,2024.0,2020.0
32024R3005,32010R1095,CITES,2024.0,2010.0
32024R3005,32004L0109R(01),CITES,2024.0,2004.0
32024R3005,32013L0036R(07),CITES,2024.0,2013.0
32024R3005,32009L0138R(01),CITES,2024.0,2009.0
32024R3005,32011L0061R(02),CITES,2024.0,2011.0
32024R3005,32015R0760R(01),CITES,2024.0,2015.0
32024R3005,32014R0596R(07),CITES,2024.0,2014.0
32024R3005,32013R0575R(02),CITES,2024.0,2013.0
32024R3005,32009R0987,CITES,2024.0,2009.0
32024R3005,32020R0852R(06),CITES,2024.0,2020.0
32024R3005,32013L0034R(07),CITES,2024.0,2013.0
32024R3005,32010R1094R(02),CITES,2024.0,2010.0
32024R3005,32016L0943R(01),CITES,2024.0,2016.0
32024R3005,32023R2631,CITES,2024.0,2023.0
32024R3005,32010R1093,CITES,2024.0,2010.0
32024R3005,32016D1841,CITES,2024.0,2016.0
32024R3005,32009L0110R(03),CITES,2024.0,2009.0
32024R1252R(01),32014L0053R(02),CITES,2024.0,2014.0
32024R1252R(01),32021R0241R(02),CITES,2024.0,2021.0
32024R1252R(01),32010L0075R(11),CITES,2024.0,2010.0
32024R1252R(01),32009L0147R(01),CITES,2024.0,2009.0
32024R1252R(01),32022R2576,CITES,2024.0,2022.0
32024R1252R(01),32023R1542R(01),CITES,2024.0,2023.0
32024R1252R(01),32022D2481,CITES,2024.0,2022.0
32024R1252R(01),32007L0002,CITES,2024.0,2007.0
32024R1252R(01),32014L0030R(02),CITES,2024.0,2014.0
32024R1252R(01),32021R1058,CITES,2024.0,2021.0
32024R1252R(01),32021H2279,CITES,2024.0,2021.0
32024R1252R(01),32011R0305R(01),CITES,2024.0,2011.0
32024R1252R(01),32011L0092R(02),CITES,2024.0,2011.0
32024R1252R(01),32012R1025,CITES,2024.0,2012.0
32024R1252R(01),32009R0223,CITES,2024.0,2009.0
32024R1252R(01),32009L0048,CITES,2024.0,2009.0
32024R1252R(01),32011R0182R(02),CITES,2024.0,2011.0
32024R1252R(01),32012L0018R(03),CITES,2024.0,2012.0
32024R1252R(01),32021R0240R(01),CITES,2024.0,2021.0
32024R1252R(01),32014L0031R(03),CITES,2024.0,2014.0
32024R1252R(01),32023R1781,CITES,2024.0,2023.0
32024R1252R(01),32009L0125R(02),CITES,2024.0,2009.0
32024R1252R(01),32012L0019,CITES,2024.0,2012.0
32024R1252R(01),32021R0523,CITES,2024.0,2021.0
32024R1252R(01),32021R1056,CITES,2024.0,2021.0
32024R1252R(01),32014L0035,CITES,2024.0,2014.0
32024R1252R(01),32018R1046,CITES,2024.0,2018.0
32024R1252R(01),32008D0768R(02),CITES,2024.0,2008.0
32024R1252R(01),32014L0089R(01),CITES,2024.0,2014.0
32024R1252R(01),32013L0029R(05),CITES,2024.0,2013.0
32024R1252R(01),32014L0032R(02),CITES,2024.0,2014.0
32024R1252R(01),32021R0947R(03),CITES,2024.0,2021.0
32024R1252R(01),32021R1119,CITES,2024.0,2021.0
32024R1252R(01),32008L0098R(03),CITES,2024.0,2008.0
32024R1252R(01),32022R2372,CITES,2024.0,2022.0
32024R2690R(02),32018R1725R(02),CITES,2024.0,2018.0
32024R2690R(02),32019R0881R(05),CITES,2024.0,2019.0
32024R3144R(01),32014R0910R(09),CITES,2024.0,2014.0
32024R3144R(01),32016D0650,CITES,2024.0,2016.0
32024R3144R(01),32016R0799R(03),CITES,2024.0,2016.0
32024R3144R(01),32024R3143,CITES,2024.0,2024.0
32019D1843,32013R0525,CITES,2019.0,2013.0
32019D1843,32018R0842,CITES,2019.0,2018.0
32019D1843,32018R0841,CITES,2019.0,2018.0
32019D1843,32018R1999R(06),CITES,2019.0,2018.0
32022D0578R(01),32014L0025R(07),CITES,2022.0,2014.0
32022D0578R(01),32014L0023R(05),CITES,2022.0,2014.0
32022D0578R(01),32009L0081R(01),CITES,2022.0,2009.0
32022D0578R(01),32014L0024R(15),CITES,2022.0,2014.0
32022D0578R(01),32015R2447R(13),CITES,2022.0,2015.0
32022D0578R(01),32018R1046,CITES,2022.0,2018.0
32021D1815,32021R0378,CITES,2021.0,2021.0
32014L0065R(01),32010R1093,CITES,2014.0,2010.0
32014L0065R(01),32012R0648R(09),CITES,2014.0,2012.0
32014L0065R(01),32009R0714,CITES,2014.0,2009.0
32014L0065R(01),32014R0600R(09),CITES,2014.0,2014.0
32014L0065R(01),32009L0073,CITES,2014.0,2009.0
32014L0065R(01),32014L0049R(02),CITES,2014.0,2014.0
32014L0065R(01),32005L0060,CITES,2014.0,2005.0
32014L0065R(01),32013L0036R(07),CITES,2014.0,2013.0
32014L0065R(01),32012R0966,CITES,2014.0,2012.0
32014L0065R(01),32006L0043R(04),CITES,2014.0,2006.0
32014L0065R(01),32013R0575R(02),CITES,2014.0,2013.0
32014L0065R(01),32009L0065R(07),CITES,2014.0,2009.0
32014L0065R(01),32013L0034R(07),CITES,2014.0,2013.0
32014L0065R(01),32014L0057,CITES,2014.0,2014.0
32014L0065R(01),32010R1095,CITES,2014.0,2010.0
32014L0065R(01),32004L0109R(01),CITES,2014.0,2004.0
32014L0065R(01),32009L0138R(01),CITES,2014.0,2009.0
32014L0065R(01),32012R0236R(01),CITES,2014.0,2012.0
32014L0065R(01),32009R0715,CITES,2014.0,2009.0
32014L0065R(01),32011R1227,CITES,2014.0,2011.0
32014L0065R(01),32009L0072,CITES,2014.0,2009.0
32014L0065R(01),32014L0017R(04),CITES,2014.0,2014.0
32014L0065R(01),32010R1094R(02),CITES,2014.0,2010.0
32014L0065R(01),32014R0596R(07),CITES,2014.0,2014.0
32019L0520,32011R0182R(02),CITES,2019.0,2011.0
32019L0520,32015L0413,CITES,2019.0,2015.0
32019L0520,32014L0053R(02),CITES,2019.0,2014.0
32019L0520,32015L1535,CITES,2019.0,2015.0
32019L0520,32016L0680R(03),CITES,2019.0,2016.0
32019L0520,32014L0030R(02),CITES,2019.0,2014.0
32019L0520,32016R0679R(02),CITES,2019.0,2016.0
32018R0842,32009D0406R(01),CITES,2018.0,2009.0
32018R0842,32011R0182R(02),CITES,2018.0,2011.0
32018R0842,32016D1841,CITES,2018.0,2016.0
32018R0842,32018R0841,CITES,2018.0,2018.0
32018R0842,32015D1814R(02),CITES,2018.0,2015.0
32024D2606,32021D0689R(02),CITES,2024.0,2021.0
32019R1243,32011R0182R(02),CITES,2019.0,2011.0
32017R0745R(02),32008R0765R(03),CITES,2017.0,2008.0
32017R0745R(02),32015L1535,CITES,2017.0,2015.0
32017R0745R(02),32014L0030R(02),CITES,2017.0,2014.0
32017R0745R(02),32008D0768R(02),CITES,2017.0,2008.0
32017R0745R(02),32012R1025,CITES,2017.0,2012.0
32017R0745R(02),32017R0746R(06),CITES,2017.0,2017.0
32017R0745R(02),32011R0182R(02),CITES,2017.0,2011.0
32014R1011R(01),32009L0136,CITES,2014.0,2009.0
32014R1011R(01),32014R0184,CITES,2014.0,2014.0
32021R0776R(01),32015L0849R(03),CITES,2021.0,2015.0
32021R0776R(01),32018R1725R(02),CITES,2021.0,2018.0
32021R0776R(01),32016R0679R(02),CITES,2021.0,2016.0
32010L0040,32007L0002,CITES,2010.0,2007.0
32010L0040,32008D0768R(02),CITES,2010.0,2008.0
32010L0040,32005R0001R(08),CITES,2010.0,2005.0
32010L0040,32008R0683,CITES,2010.0,2008.0
32010L0040,32007L0046,CITES,2010.0,2007.0
32020R1055R(02),32014R0165R(01),CITES,2020.0,2014.0
32020R1055R(02),32019R1149R(01),CITES,2020.0,2019.0
32020R1055R(02),32016R0679R(02),CITES,2020.0,2016.0
32020R1055R(02),32006R0561R(10),CITES,2020.0,2006.0
32020R1055R(02),32011R0182R(02),CITES,2020.0,2011.0
32020R1055R(02),32010R1213,CITES,2020.0,2010.0
32020R1055R(02),32006L0022,CITES,2020.0,2006.0
32021D2111,32021D0689R(02),CITES,2021.0,2021.0
32021D2111,32021D1765R(01),CITES,2021.0,2021.0
32013R0231R(04),32009L0065R(07),CITES,2013.0,2009.0
32013R0231R(04),32006L0048,CITES,2013.0,2006.0
32013R0231R(04),32010L0043,CITES,2013.0,2010.0
32019D0235,32012D0243,CITES,2019.0,2012.0
32019D0235,32014D0276,CITES,2019.0,2014.0
32017R0565R(06),32009L0072,CITES,2017.0,2009.0
32017R0565R(06),32014R0600R(09),CITES,2017.0,2014.0
32017R0565R(06),32012R0648R(09),CITES,2017.0,2012.0
32017R0565R(06),32013R0575R(02),CITES,2017.0,2013.0
32017R0565R(06),32015R2365,CITES,2017.0,2015.0
32017R0565R(06),32013L0036R(07),CITES,2017.0,2013.0
32017R0565R(06),32010R1095,CITES,2017.0,2010.0
32017R0565R(06),32004L0109R(01),CITES,2017.0,2004.0
32017R0565R(06),32013L0011R(01),CITES,2017.0,2013.0
32017R0565R(06),32014L0057,CITES,2017.0,2014.0
32017R0565R(06),32011R1227,CITES,2017.0,2011.0
32017R0565R(06),32011L0061R(02),CITES,2017.0,2011.0
32017R0565R(06),32014L0059R(14),CITES,2017.0,2014.0
32017R0565R(06),32014R0596R(07),CITES,2017.0,2014.0
32017R0565R(06),32014L0049R(02),CITES,2017.0,2014.0
32017R0565R(06),32009L0065R(07),CITES,2017.0,2009.0
32020D1023,32016R0679R(02),CITES,2020.0,2016.0
32020D1023,32017D0046,CITES,2020.0,2017.0
32020D1023,32018R1725R(02),CITES,2020.0,2018.0
32020D1023,32013D1082,CITES,2020.0,2013.0
32013L0011R(01),32008R0593R(01),CITES,2013.0,2008.0
32013L0011R(01),32011L0024R(04),CITES,2013.0,2011.0
32010R1094R(02),32009L0110R(03),CITES,2010.0,2009.0
32010R1094R(02),32007L0064,CITES,2010.0,2007.0
32010R1094R(02),32005L0060,CITES,2010.0,2005.0
32010R1094R(02),32006L0048,CITES,2010.0,2006.0
32010R1094R(02),32009R0223,CITES,2010.0,2009.0
32010R1094R(02),32006L0049,CITES,2010.0,2006.0
32015L0849R(03),32009D0316,CITES,2015.0,2009.0
32015L0849R(03),32015R0847,CITES,2015.0,2015.0
32015L0849R(03),32013R0575R(02),CITES,2015.0,2013.0
32015L0849R(03),32008F0977,CITES,2015.0,2008.0
32015L0849R(03),32009F0315R(03),CITES,2015.0,2009.0
32015L0849R(03),32010R1094R(02),CITES,2015.0,2010.0
32015L0849R(03),32013L0034R(07),CITES,2015.0,2013.0
32015L0849R(03),32010R1093,CITES,2015.0,2010.0
32015L0849R(03),32009L0101,CITES,2015.0,2009.0
32015L0849R(03),32007L0064,CITES,2015.0,2007.0
32015L0849R(03),32010R1095,CITES,2015.0,2010.0
32015L0849R(03),32011L0016,CITES,2015.0,2011.0
32015L0849R(03),32009L0138R(01),CITES,2015.0,2009.0
32015L0849R(03),32013L0036R(07),CITES,2015.0,2013.0
32010R1093,32006L0049,CITES,2010.0,2006.0
32010R1093,32009L0110R(03),CITES,2010.0,2009.0
32010R1093,32006L0048,CITES,2010.0,2006.0
32010R1093,32007L0064,CITES,2010.0,2007.0
32010R1093,32009R0223,CITES,2010.0,2009.0
32010R1093,32005L0060,CITES,2010.0,2005.0
32024L0927,32016R1011R(01),CITES,2024.0,2016.0
32024L0927,32010R1093,CITES,2024.0,2010.0
32024L0927,32021L2167R(04),CITES,2024.0,2021.0
32024L0927,32009L0138R(01),CITES,2024.0,2009.0
32024L0927,32013R1073,CITES,2024.0,2013.0
32024L0927,32017R1131R(01),CITES,2024.0,2017.0
32024L0927,32019R0834,CITES,2024.0,2019.0
32024L0927,32010R1094R(02),CITES,2024.0,2010.0
32024L0927,32016L0097,CITES,2024.0,2016.0
32024L0927,32015L0849R(03),CITES,2024.0,2015.0
32024L0927,32013L0034R(07),CITES,2024.0,2013.0
32024L0927,32008L0048R(08),CITES,2024.0,2008.0
32024L0927,32014R0909R(06),CITES,2024.0,2014.0
32024L0927,32014R0600R(09),CITES,2024.0,2014.0
32024L0927,32015R0760R(01),CITES,2024.0,2015.0
32024L0927,32010R1092,CITES,2024.0,2010.0
32024L0927,32014L0065R(01),CITES,2024.0,2014.0
32024L0927,32012R1011R(02),CITES,2024.0,2012.0
32024L0927,32010R1095,CITES,2024.0,2010.0
32018R0959,32013L0036R(07),CITES,2018.0,2013.0
32018R0959,32010R1093,CITES,2018.0,2010.0
32018R0959,32016R0101R(01),CITES,2018.0,2016.0
32020D1990,32018D1884,CITES,2020.0,2018.0
32020D1990,32008E0736,CITES,2020.0,2008.0
32021O2253,32012R0648R(09),CITES,2021.0,2012.0
32021O2253,32014R0909R(06),CITES,2021.0,2014.0
32021O2253,32021R0379,CITES,2021.0,2021.0
32021O2253,32009L0138R(01),CITES,2021.0,2009.0
32019D1345R(01),32014L0053R(02),CITES,2019.0,2014.0
32019D1345R(01),32018D1538,CITES,2019.0,2018.0
32010R0590,32010R0273,CITES,2010.0,2010.0
32010R0590,32008R0351,CITES,2010.0,2008.0
32010R0590,32006R0473,CITES,2010.0,2006.0
32009R0298,32008R0715,CITES,2009.0,2008.0
32021D1730,32018D1538,CITES,2021.0,2018.0
32021D1730,32020D0667,CITES,2021.0,2020.0
32007R1043,32006R0473,CITES,2007.0,2006.0
32019D0003,32017D1937,CITES,2019.0,2017.0
32024R1366R(01),32012R1025,CITES,2024.0,2012.0
32024R1366R(01),32018D1993R(01),CITES,2024.0,2018.0
32024R1366R(01),32016R0679R(02),CITES,2024.0,2016.0
32024R1366R(01),32014L0024R(15),CITES,2024.0,2014.0
32024R1366R(01),32014R1348R(01),CITES,2024.0,2014.0
32024R1366R(01),32017H1584,CITES,2024.0,2017.0
32024R1366R(01),32018R1725R(02),CITES,2024.0,2018.0
32024R1366R(01),32017R1485,CITES,2024.0,2017.0
32024R1366R(01),32016L0680R(03),CITES,2024.0,2016.0
32024R1366R(01),32022L2557,CITES,2024.0,2022.0
32024R1366R(01),32019L0944R(05),CITES,2024.0,2019.0
32024R1366R(01),32019R0881R(05),CITES,2024.0,2019.0
32024R1366R(01),32022L2555R(06),CITES,2024.0,2022.0
32024R1366R(01),32022R2554R(01),CITES,2024.0,2022.0
32024R1366R(01),32019R0941,CITES,2024.0,2019.0
32024R1366R(01),32019R0942R(01),CITES,2024.0,2019.0
32024D2869,32021D0689R(02),CITES,2024.0,2021.0
32024D2869,32023D2193,CITES,2024.0,2023.0
32024L1275,32017R1369R(01),CITES,2024.0,2017.0
32024L1275,62017CJ0543,CITES,2024.0,2017.0
32024L1275,32021R0240R(01),CITES,2024.0,2021.0
32024L1275,32009L0148,CITES,2024.0,2009.0
32024L1275,32012R0244R(01),CITES,2024.0,2012.0
32024L1275,32020R0852R(06),CITES,2024.0,2020.0
32024L1275,32021R1056,CITES,2024.0,2021.0
32024L1275,32023R1804R(01),CITES,2024.0,2023.0
32024L1275,32011R0182R(02),CITES,2024.0,2011.0
32024L1275,32021R1119,CITES,2024.0,2021.0
32024L1275,32023L1791R(03),CITES,2024.0,2023.0
32024L1275,32021R2115,CITES,2024.0,2021.0
32024L1275,32018L2001R(10),CITES,2024.0,2018.0
32024L1275,32023R0955,CITES,2024.0,2023.0
32024L1275,32016L2284,CITES,2024.0,2016.0
32024L1275,32014L0061R(03),CITES,2024.0,2014.0
32024L1275,32021R1058,CITES,2024.0,2021.0
32024L1275,32021R1060R(05),CITES,2024.0,2021.0
32024L1275,32013R0168R(03),CITES,2024.0,2013.0
32024L1275,32021R2139R(01),CITES,2024.0,2021.0
32024L1275,32021R0241R(02),CITES,2024.0,2021.0
32024L1275,32021H1749,CITES,2024.0,2021.0
32024L1275,32009L0125R(02),CITES,2024.0,2009.0
32024L1275,32016R0679R(02),CITES,2024.0,2016.0
32024L1275,32011R0305R(01),CITES,2024.0,2011.0
32023R0839,32018L2001R(10),CITES,2023.0,2018.0
32023R0839,32018R0842,CITES,2023.0,2018.0
32023R0839,32021R1119,CITES,2023.0,2021.0
32023R0839,32011R0182R(02),CITES,2023.0,2011.0
32023R0839,32022D0591,CITES,2023.0,2022.0
32023R0839,32009R0401R(01),CITES,2023.0,2009.0
32023R0839,32020R0852R(06),CITES,2023.0,2020.0
32014R0468,32013L0036R(07),CITES,2014.0,2013.0
32014R0468,32013R0549,CITES,2014.0,2013.0
32014R0468,32013R0575R(02),CITES,2014.0,2013.0
32014R0468,32012R0648R(09),CITES,2014.0,2012.0
32014R0468,32009R0025,CITES,2014.0,2009.0
32014R0468,32013L0034R(07),CITES,2014.0,2013.0
32020D2024,32016R1719R(01),CITES,2020.0,2016.0
32021D0749,32018D0909,CITES,2021.0,2018.0
32021D0749,32018D0340R(01),CITES,2021.0,2018.0
32020D2187,32017D1937,CITES,2020.0,2017.0
32020D2187,32019D0392,CITES,2020.0,2019.0
32021D0750,32018D0909,CITES,2021.0,2018.0
32021D0750,32018D0340R(01),CITES,2021.0,2018.0
32019D1909R(02),32018D1797R(01),CITES,2019.0,2018.0
32019D1909R(02),32018D0909,CITES,2019.0,2018.0
32014R0342R(01),32013L0036R(07),CITES,2014.0,2013.0
32014R0342R(01),32009L0138R(01),CITES,2014.0,2009.0
32014R0342R(01),32010R1094R(02),CITES,2014.0,2010.0
32014R0342R(01),32010R1093,CITES,2014.0,2010.0
32014R0342R(01),32010R1095,CITES,2014.0,2010.0
32014R0342R(01),32011L0061R(02),CITES,2014.0,2011.0
32014R0342R(01),32009L0065R(07),CITES,2014.0,2009.0
32020R1503R(01),32010R1095,CITES,2020.0,2010.0
32020R1503R(01),32014L0049R(02),CITES,2020.0,2014.0
32020R1503R(01),32013L0036R(07),CITES,2020.0,2013.0
32020R1503R(01),32019R2033R(07),CITES,2020.0,2019.0
32020R1503R(01),32015L2366R(06),CITES,2020.0,2015.0
32020R1503R(01),32015L0849R(03),CITES,2020.0,2015.0
32020R1503R(01),32009L0110R(03),CITES,2020.0,2009.0
32020R1503R(01),32013R1075R(01),CITES,2020.0,2013.0
32020R1503R(01),32018R1725R(02),CITES,2020.0,2018.0
32020R1503R(01),32008L0048R(08),CITES,2020.0,2008.0
32020R1503R(01),32011L0061R(02),CITES,2020.0,2011.0
32020R1503R(01),32010R1093,CITES,2020.0,2010.0
32020R1503R(01),32013R0575R(02),CITES,2020.0,2013.0
32020R1503R(01),32013L0034R(07),CITES,2020.0,2013.0
32020R1503R(01),32016R0679R(02),CITES,2020.0,2016.0
32020R1503R(01),32014L0065R(01),CITES,2020.0,2014.0
32024R1157R(03),32008L0098R(03),CITES,2024.0,2008.0
32024R1157R(03),32013R0883R(02),CITES,2024.0,2013.0
32024R1157R(03),32015L1535,CITES,2024.0,2015.0
32024R1157R(03),32019L0883,CITES,2024.0,2019.0
32024R1157R(03),32016R0679R(02),CITES,2024.0,2016.0
32024R1157R(03),32012L0019,CITES,2024.0,2012.0
32024R1157R(03),32021R1119,CITES,2024.0,2021.0
32024R1157R(03),32023R1542R(01),CITES,2024.0,2023.0
32024R1157R(03),32013D0755,CITES,2024.0,2013.0
32024R1157R(03),32022R2399,CITES,2024.0,2022.0
32024R1157R(03),32010L0075R(11),CITES,2024.0,2010.0
32024R1157R(03),32015R2447R(13),CITES,2024.0,2015.0
32024R1157R(03),32015R2446R(12),CITES,2024.0,2015.0
32024R1157R(03),32011R0182R(02),CITES,2024.0,2011.0
32015D1226,32008R1008R(02),CITES,2015.0,2008.0
32015D1226,62011CJ0288,CITES,2015.0,2011.0
32015D1226,32004R0794R(04),CITES,2015.0,2004.0
32015D1226,62004CJ0222,CITES,2015.0,2004.0
32015D1226,62000CJ0280,CITES,2015.0,2000.0
32015D1226,62008TJ0267,CITES,2015.0,2008.0
32015D1226,62008TJ0443,CITES,2015.0,2008.0
32015D1226,32005D0842,CITES,2015.0,2005.0
32011R1227,32009R0715,CITES,2011.0,2009.0
32011R1227,32009L0072,CITES,2011.0,2009.0
32011R1227,32008L0114,CITES,2011.0,2008.0
32011R1227,32011R0182R(02),CITES,2011.0,2011.0
32011R1227,32009R0714,CITES,2011.0,2009.0
32011R1227,32009R0713,CITES,2011.0,2009.0
32011R1227,32010R1095,CITES,2011.0,2010.0
32011R1227,32009L0073,CITES,2011.0,2009.0
32015R0063R(04),32013R0575R(02),CITES,2015.0,2013.0
32015R0063R(04),32012R0648R(09),CITES,2015.0,2012.0
32015R0063R(04),32013L0034R(07),CITES,2015.0,2013.0
32015R0063R(04),32009L0065R(07),CITES,2015.0,2009.0
32015R0063R(04),32011L0061R(02),CITES,2015.0,2011.0
32015R0063R(04),32013L0036R(07),CITES,2015.0,2013.0
32015R0063R(04),32014L0049R(02),CITES,2015.0,2014.0
32015R0063R(04),32014R0680,CITES,2015.0,2014.0
32015R0063R(04),32014R0909R(06),CITES,2015.0,2014.0
32015R0063R(04),32014R0806R(05),CITES,2015.0,2014.0
32009L0119R(01),32008R1099,CITES,2009.0,2008.0
32013R1306R(05),32012R0966,CITES,2013.0,2012.0
32013R1306R(05),32013R1311R(04),CITES,2013.0,2013.0
32013R1306R(05),32013R1305R(01),CITES,2013.0,2013.0
32013R1306R(05),32013R0883R(02),CITES,2013.0,2013.0
32013R1306R(05),32011R0182R(02),CITES,2013.0,2011.0
32013R1306R(05),32013R1303R(04),CITES,2013.0,2013.0
32013R1306R(05),32009R1107R(01),CITES,2013.0,2009.0
32013R1306R(05),32013R0952R(10),CITES,2013.0,2013.0
32018D0556,62004CJ0148,CITES,2018.0,2004.0
32018D0556,32015R1589R(02),CITES,2018.0,2015.0
32018D0556,32004R0794R(04),CITES,2018.0,2004.0
32021D1885,32017D2372,CITES,2021.0,2017.0
32021D1885,32015R1589R(02),CITES,2021.0,2015.0
32021D1885,32016L0798R(07),CITES,2021.0,2016.0
32021D1885,62014CJ0015,CITES,2021.0,2014.0
32021D1885,32012L0034R(06),CITES,2021.0,2012.0
32021D1885,62018CJ0594,CITES,2021.0,2018.0
32021D1885,62016CJ0300,CITES,2021.0,2016.0
32021D1885,32018D1040,CITES,2021.0,2018.0
32021D1885,32007R1370R(03),CITES,2021.0,2007.0
32021D1885,32016R0796R(01),CITES,2021.0,2016.0
32021D1885,32016L0797R(10),CITES,2021.0,2016.0
32021D1885,32016L2370,CITES,2021.0,2016.0
32021D1885,32013R1407,CITES,2021.0,2013.0
32021D1885,32008R0800,CITES,2021.0,2008.0
32021D1885,62010CJ0399,CITES,2021.0,2010.0
32021D1885,32016R2338,CITES,2021.0,2016.0
32009D0703,32004R0794R(04),CITES,2009.0,2004.0
32010R1096,32009R0223,CITES,2010.0,2009.0
32022D0338,32008E0944,CITES,2022.0,2008.0
32022D0338,32021D0509R(01),CITES,2022.0,2021.0
32020D1472,62014CJ0015,CITES,2020.0,2014.0
32020D1472,32015R1589R(02),CITES,2020.0,2015.0
32020D1472,62010CJ0399,CITES,2020.0,2010.0
32020D1472,62008CJ0078,CITES,2020.0,2008.0
32020D1472,62008CJ0279,CITES,2020.0,2008.0
32020D1472,62002CJ0066,CITES,2020.0,2002.0
32020D1472,62009CJ0106,CITES,2020.0,2009.0
32020D1472,62011CJ0288,CITES,2020.0,2011.0
32020D1472,32014R0651R(05),CITES,2020.0,2014.0
32020D1472,32012L0034R(06),CITES,2020.0,2012.0
32020D1472,62004CJ0222,CITES,2020.0,2004.0
32020D1472,32013R1316,CITES,2020.0,2013.0
32020D1472,62015TJ0314,CITES,2020.0,2015.0
32020D1472,32013R1315,CITES,2020.0,2013.0
32020D1472,62008TJ0443,CITES,2020.0,2008.0
32020D1472,62007CJ0113,CITES,2020.0,2007.0
32024R1703,32019R0715,CITES,2024.0,2019.0
32024R1703,32018R1046,CITES,2024.0,2018.0
32024R1703,32012R0648R(09),CITES,2024.0,2012.0
32024R1703,32015R2365,CITES,2024.0,2015.0
32024R1706,32018R1046,CITES,2024.0,2018.0
32024R1706,32019R0715,CITES,2024.0,2019.0
32025R0298,32010R1093,CITES,2025.0,2010.0
32025R0298,32015L0849R(03),CITES,2025.0,2015.0
32023R2533,32023R2534R(01),CITES,2023.0,2023.0
32023R2533,32012R1025,CITES,2023.0,2012.0
32023R2533,32014L0053R(02),CITES,2023.0,2014.0
32023R2533,32017R1369R(01),CITES,2023.0,2017.0
32023R2533,32014L0035,CITES,2023.0,2014.0
32023R2533,32019R2023R(03),CITES,2023.0,2019.0
32018R1240R(05),32008D0146,CITES,2018.0,2008.0
32018R1240R(05),32011D0350,CITES,2018.0,2011.0
32018R1240R(05),32016R0794R(05),CITES,2018.0,2016.0
32018R1240R(05),32008D0149,CITES,2018.0,2008.0
32018R1240R(05),32016L0680R(03),CITES,2018.0,2016.0
32018R1240R(05),32006R1987,CITES,2018.0,2006.0
32018R1240R(05),32011R0182R(02),CITES,2018.0,2011.0
32018R1240R(05),32016R0679R(02),CITES,2018.0,2016.0
32018R1240R(05),32012R0966,CITES,2018.0,2012.0
32018R1240R(05),32017L0541,CITES,2018.0,2017.0
32020D1426,32010L0040,CITES,2020.0,2010.0
32010R1092,32009R0223,CITES,2010.0,2009.0
32005D0854R(01),32005D0456,CITES,2005.0,2005.0
32017R0207,32014R0513,CITES,2017.0,2014.0
32017R0207,32014R0802,CITES,2017.0,2014.0
32017R0207,32014R0516,CITES,2017.0,2014.0
32017R0207,32014R0515R(03),CITES,2017.0,2014.0
32019R0411,32009L0110R(03),CITES,2019.0,2009.0
32019R0411,32013L0036R(07),CITES,2019.0,2013.0
32019R0411,32010R1093,CITES,2019.0,2010.0
32019R0411,32019R0410,CITES,2019.0,2019.0
32021R0548,62016TJ0749,CITES,2021.0,2016.0
32021R0548,32018R1725R(02),CITES,2021.0,2018.0
32019R1111R(07),32016R0679R(02),CITES,2019.0,2016.0
32019R1111R(07),32009R0004R(06),CITES,2019.0,2009.0
32019R1111R(07),32012R1215R(10),CITES,2019.0,2012.0
32019D0299,32017D1937,CITES,2019.0,2017.0
32009R1072R(03),32006L0001,CITES,2009.0,2006.0
32009R1072R(03),32009R1071R(03),CITES,2009.0,2009.0
32009R1072R(03),32006R0561R(10),CITES,2009.0,2006.0
32017R1110,32010R1095,CITES,2017.0,2010.0
32017R1110,32017R0571,CITES,2017.0,2017.0
32018D1782,32015D0348,CITES,2018.0,2015.0
32023D0829,32022D0382R(02),CITES,2023.0,2022.0
32023D0829,32013R0952R(10),CITES,2023.0,2013.0
32023D0829,32022D1108,CITES,2023.0,2022.0
32023D0829,32013D1313R(01),CITES,2023.0,2013.0
32009R0810R(06),32008D0261R(01),CITES,2009.0,2008.0
32009R0810R(06),32008D0146,CITES,2009.0,2008.0
32014L0041R(02),32010L0064,CITES,2014.0,2010.0
32014L0041R(02),32008F0977,CITES,2014.0,2008.0
32014L0041R(02),32005L0060,CITES,2014.0,2005.0
32014L0041R(02),32013L0048R(01),CITES,2014.0,2013.0
32014L0041R(02),32012L0013,CITES,2014.0,2012.0
32019R0125R(01),32016R0679R(02),CITES,2019.0,2016.0
32019R0125R(01),32018R1725R(02),CITES,2019.0,2018.0
32019R0125R(01),32008E0944,CITES,2019.0,2008.0
32019R0125R(01),32012R0258R(04),CITES,2019.0,2012.0
32019R0125R(01),32013R0952R(10),CITES,2019.0,2013.0
32019R0125R(01),32009R0428R(04),CITES,2019.0,2009.0
32023R1694,32023R1695R(03),CITES,2023.0,2023.0
32023R1694,32008L0057,CITES,2023.0,2008.0
32023R1694,32017D1474R(02),CITES,2023.0,2017.0
32023R1694,32016R0796R(01),CITES,2023.0,2016.0
32023R1694,32017R2177R(02),CITES,2023.0,2017.0
32023R1694,32012L0034R(06),CITES,2023.0,2012.0
32017R2321R(01),32015R0755,CITES,2017.0,2015.0
32014L0049R(02),32009L0110R(03),CITES,2014.0,2009.0
32014L0049R(02),32009L0138R(01),CITES,2014.0,2009.0
32014L0049R(02),32010R1092,CITES,2014.0,2010.0
32014L0049R(02),32005L0060,CITES,2014.0,2005.0
32014L0049R(02),32013L0036R(07),CITES,2014.0,2013.0
32014L0049R(02),32010R1093,CITES,2014.0,2010.0
32014L0049R(02),32013R0575R(02),CITES,2014.0,2013.0
32024R0450,32012R0648R(09),CITES,2024.0,2012.0
32024R0450,32010R1095,CITES,2024.0,2010.0
32024D2709,32021R0696R(01),CITES,2024.0,2021.0
32024D2709,32024D1213,CITES,2024.0,2024.0
32024R1787,32011R0182R(02),CITES,2024.0,2011.0
32024R1787,32008L0056,CITES,2024.0,2008.0
32024R1787,32024L1788,CITES,2024.0,2024.0
32024R1787,32021R0696R(01),CITES,2024.0,2021.0
32024R1787,32016R0679R(02),CITES,2024.0,2016.0
32024R1787,32018R1999R(06),CITES,2024.0,2018.0
32024R1787,32024L1203,CITES,2024.0,2024.0
32024R1787,32012R1025,CITES,2024.0,2012.0
32024R1787,32021R0240R(01),CITES,2024.0,2021.0
32024R1787,32008R0765R(03),CITES,2024.0,2008.0
32024R1787,32018R0842,CITES,2024.0,2018.0
32024R1787,32010L0075R(11),CITES,2024.0,2010.0
32024R1787,32009L0119R(01),CITES,2024.0,2009.0
32024R1787,32016L0943R(01),CITES,2024.0,2016.0
32024R1787,32019L0944R(05),CITES,2024.0,2019.0
32024R1787,32018R1725R(02),CITES,2024.0,2018.0
32024R1787,32017R1938R(01),CITES,2024.0,2017.0
32024R1787,32021R1119,CITES,2024.0,2021.0
32024R1787,32006R0166,CITES,2024.0,2006.0
32024R1787,32008R1099,CITES,2024.0,2008.0
32024R1787,32013L0030R(01),CITES,2024.0,2013.0
32018D1723,32017R0006,CITES,2018.0,2017.0
32022D0589,32020H1563,CITES,2022.0,2020.0
32022D0589,32015D0443,CITES,2022.0,2015.0
32022D0589,32016R0679R(02),CITES,2022.0,2016.0
32022D0589,32009L0073,CITES,2022.0,2009.0
32022D0589,32015D0444,CITES,2022.0,2015.0
32022D0589,32019L0944R(05),CITES,2022.0,2019.0
32022D0589,32018R1725R(02),CITES,2022.0,2018.0
32022D0589,32018R1999R(06),CITES,2022.0,2018.0
32022D0589,32021H1749,CITES,2022.0,2021.0
32025D0105R(01),32014L0053R(02),CITES,2025.0,2014.0
32025D0105R(01),32018D1538,CITES,2025.0,2018.0
32025D0105R(01),32012D0243,CITES,2025.0,2012.0
32024R2514,32015R2446R(12),CITES,2024.0,2015.0
32024R2514,32015R2447R(13),CITES,2024.0,2015.0
32024R2514,32023R0956,CITES,2024.0,2023.0
32024R2514,32021R0821R(03),CITES,2024.0,2021.0
32024R2514,32024R0573R(02),CITES,2024.0,2024.0
32024R2514,32018R1725R(02),CITES,2024.0,2018.0
32024R1084,32016R0679R(02),CITES,2024.0,2016.0
32024R1084,32018L1972R(04),CITES,2024.0,2018.0
32024R1084,32023R0444R(01),CITES,2024.0,2023.0
32024R1084,32018R1725R(02),CITES,2024.0,2018.0
32024R1084,32012R1025,CITES,2024.0,2012.0
32024R1084,32015R0758,CITES,2024.0,2015.0
32024R1084,32014D0585,CITES,2024.0,2014.0
32025D0172,32015R1222R(03),CITES,2025.0,2015.0
32025D0172,32021D0689R(02),CITES,2025.0,2021.0
32024R0595,32010R1094R(02),CITES,2024.0,2010.0
32024R0595,32018R1725R(02),CITES,2024.0,2018.0
32024R0595,32009L0138R(01),CITES,2024.0,2009.0
32024R0595,32014L0059R(14),CITES,2024.0,2014.0
32024R0595,32014L0049R(02),CITES,2024.0,2014.0
32024R0595,32010R1095,CITES,2024.0,2010.0
32024R0595,32015L2366R(06),CITES,2024.0,2015.0
32024R0595,32016R0679R(02),CITES,2024.0,2016.0
32024R0595,32013L0036R(07),CITES,2024.0,2013.0
32024R0595,32015L0849R(03),CITES,2024.0,2015.0
32024R0595,32013R1024R(02),CITES,2024.0,2013.0
32025D1061,32019R0123,CITES,2025.0,2019.0
32025D1061,32024D1688,CITES,2025.0,2024.0
32024R1991R(01),32023R0839,CITES,2024.0,2023.0
32024R1991R(01),32020R2093R(03),CITES,2024.0,2020.0
32024R1991R(01),32021R0240R(01),CITES,2024.0,2021.0
32024R1991R(01),32021R2115,CITES,2024.0,2021.0
32024R1991R(01),32019L1024,CITES,2024.0,2019.0
32024R1991R(01),32008L0056,CITES,2024.0,2008.0
32024R1991R(01),32021R1056,CITES,2024.0,2021.0
32024R1991R(01),32011L0092R(02),CITES,2024.0,2011.0
32024R1991R(01),32018R1999R(06),CITES,2024.0,2018.0
32024R1991R(01),32011R0182R(02),CITES,2024.0,2011.0
32024R1991R(01),32013R1315,CITES,2024.0,2013.0
32024R1991R(01),32021R1119,CITES,2024.0,2021.0
32024R1991R(01),32021R0695R(03),CITES,2024.0,2021.0
32024R1991R(01),32021R0523,CITES,2024.0,2021.0
32024R1991R(01),32007L0002,CITES,2024.0,2007.0
32024R1991R(01),32009L0147R(01),CITES,2024.0,2009.0
32024R1991R(01),32016L2284,CITES,2024.0,2016.0
32024R1991R(01),32022D0591,CITES,2024.0,2022.0
32024R1991R(01),32021R0241R(02),CITES,2024.0,2021.0
32024R1991R(01),32021R0783,CITES,2024.0,2021.0
32024R1991R(01),32021R1058,CITES,2024.0,2021.0
32024R1991R(01),32018L2001R(10),CITES,2024.0,2018.0
32024R1991R(01),32023R1115R(01),CITES,2024.0,2023.0
32024R1991R(01),32021R0696R(01),CITES,2024.0,2021.0
32024R1991R(01),32007L0060R(01),CITES,2024.0,2007.0
32025R0020R(01),32014R1321R(03),CITES,2025.0,2014.0
32025R0020R(01),32012R0965R(04),CITES,2025.0,2012.0
32025R0020R(01),32014R0139R(11),CITES,2025.0,2014.0
32024L1203,32016L0680R(03),CITES,2024.0,2016.0
32024L1203,32009L0147R(01),CITES,2024.0,2009.0
32024L1203,32008L0098R(03),CITES,2024.0,2008.0
32024L1203,32018R1727R(07),CITES,2024.0,2018.0
32024L1203,32024R1157R(03),CITES,2024.0,2024.0
32024L1203,32016R0679R(02),CITES,2024.0,2016.0
32024L1203,32011L0092R(02),CITES,2024.0,2011.0
32024L1203,32023R1115R(01),CITES,2024.0,2023.0
32024L1203,32024R0573R(02),CITES,2024.0,2024.0
32024L1203,32012L0029R(01),CITES,2024.0,2012.0
32024L1203,32010L0075R(11),CITES,2024.0,2010.0
32024L1203,32013L0030R(01),CITES,2024.0,2013.0
32024L1203,32012L0018R(03),CITES,2024.0,2012.0
32024L1203,32019L1937R(01),CITES,2024.0,2019.0
32024L1203,32009F0315R(03),CITES,2024.0,2009.0
32024L1203,32009R1107R(01),CITES,2024.0,2009.0
32024L1203,32014L0042,CITES,2024.0,2014.0
32024L1203,32011R0182R(02),CITES,2024.0,2011.0
32024R3143,32008R0765R(03),CITES,2024.0,2008.0
32024R3143,32008D0768R(02),CITES,2024.0,2008.0
32024R3143,32024R0482R(01),CITES,2024.0,2024.0
32024R3143,32024R2847,CITES,2024.0,2024.0
32021D0748,32018D0340R(01),CITES,2021.0,2018.0
32021D0748,32018D0909,CITES,2021.0,2018.0
32024D0788,32011L0099,CITES,2024.0,2011.0
32024D0788,32014L0041R(02),CITES,2024.0,2014.0
32023R2873,32014R0833,CITES,2023.0,2014.0
32023R2873,32023D2871R(01),CITES,2023.0,2023.0
32023R2873,32014R0909R(06),CITES,2023.0,2014.0
32024D2864,62010CJ0556,CITES,2024.0,2010.0
32024D2864,32012L0034R(06),CITES,2024.0,2012.0
32024D2864,32007L0058,CITES,2024.0,2007.0
32024D2864,62011CJ0369,CITES,2024.0,2011.0
32024D2864,32006L0111,CITES,2024.0,2006.0
32024D2864,62018CJ0385,CITES,2024.0,2018.0
32024D2864,32016R2338,CITES,2024.0,2016.0
32024D2864,62010CJ0399,CITES,2024.0,2010.0
32024D2864,62004TJ0156,CITES,2024.0,2004.0
32024D2864,32016L2370,CITES,2024.0,2016.0
32024D2864,62010CJ0124,CITES,2024.0,2010.0
32024D2864,62006CJ0341,CITES,2024.0,2006.0
32024L1500,32019L0882R(01),CITES,2024.0,2019.0
32024L1500,32016R0679R(02),CITES,2024.0,2016.0
32024L1500,32018R1725R(02),CITES,2024.0,2018.0
32024L1500,32024L1499R(01),CITES,2024.0,2024.0
32024L1500,32004L0113R(03),CITES,2024.0,2004.0
32024L1500,32011R0182R(02),CITES,2024.0,2011.0
32022D1971,32022D1285,CITES,2022.0,2022.0
32022D1971,32022D0471,CITES,2022.0,2022.0
32022D1971,32021D0509R(01),CITES,2022.0,2021.0
32022D1971,32022D0636,CITES,2022.0,2022.0
32022D1971,32022D0809,CITES,2022.0,2022.0
32023D1305,32021D1009,CITES,2023.0,2021.0
32023D1228,62014TJ0463,CITES,2023.0,2014.0
32023D1228,32019D1204,CITES,2023.0,2019.0
32022D2443,32021D0509R(01),CITES,2022.0,2021.0
32022D2443,32012D0389,CITES,2022.0,2012.0
32022D2443,32020D2032,CITES,2022.0,2020.0
32012R0258R(04),32009L0043,CITES,2012.0,2009.0
32012R0258R(04),32009R0428R(04),CITES,2012.0,2009.0
32012R0258R(04),32008E0944,CITES,2012.0,2008.0
32019R0774R(01),32014R0642,CITES,2019.0,2014.0
32019R0774R(01),32013R1301R(02),CITES,2019.0,2013.0
32019R0774R(01),32013R1316,CITES,2019.0,2013.0
32019R0774R(01),32012L0034R(06),CITES,2019.0,2012.0
32019R0774R(01),32008L0057,CITES,2019.0,2008.0
32019R0774R(01),32016R0796R(01),CITES,2019.0,2016.0
32019R0774R(01),32017D1474R(02),CITES,2019.0,2017.0
32020R1056R(01),32008R0300R(04),CITES,2020.0,2008.0
32020R1056R(01),32006R1013R(05),CITES,2020.0,2006.0
32020R1056R(01),32011R0182R(02),CITES,2020.0,2011.0
32020R1056R(01),32016R0679R(02),CITES,2020.0,2016.0
32020R1056R(01),32013R0952R(10),CITES,2020.0,2013.0
32020R1056R(01),32019R1239,CITES,2020.0,2019.0
32020R1056R(01),32009R1072R(03),CITES,2020.0,2009.0
32020R1056R(01),32008R0765R(03),CITES,2020.0,2008.0
32020R1056R(01),32008L0068,CITES,2020.0,2008.0
32020R1056R(01),32016L0797R(10),CITES,2020.0,2016.0
32020R0194R(03),32017L2455R(06),CITES,2020.0,2017.0
32020R0194R(03),32019L1995,CITES,2020.0,2019.0
32020R0194R(03),32006L0112R(20),CITES,2020.0,2006.0
32021R0558,32019R0876R(16),CITES,2021.0,2019.0
32021R0558,32017R2402R(01),CITES,2021.0,2017.0
32021R0558,32010R1093,CITES,2021.0,2010.0
32019L1936,32013D1313R(01),CITES,2019.0,2013.0
32019L1936,32014L0025R(07),CITES,2019.0,2014.0
32019L1936,32013R1315,CITES,2019.0,2013.0
32019L1936,32011R0182R(02),CITES,2019.0,2011.0
32019D1280,32013R0462R(01),CITES,2019.0,2013.0
32019D1283,32013R0462R(01),CITES,2019.0,2013.0
32020R2176,32019R0876R(16),CITES,2020.0,2019.0
32020R2176,32013L0036R(07),CITES,2020.0,2013.0
32020R2176,32010R1093,CITES,2020.0,2010.0
32012L0013,32010L0064,CITES,2012.0,2010.0
32014R0910R(09),32008R0765R(03),CITES,2014.0,2008.0
32014R0910R(09),32014L0024R(15),CITES,2014.0,2014.0
32014R0910R(09),32011L0024R(04),CITES,2014.0,2011.0
32014R0910R(09),32006L0123,CITES,2014.0,2006.0
32014R0910R(09),32011R0182R(02),CITES,2014.0,2011.0
32016L2284,32011R0182R(02),CITES,2016.0,2011.0
32016L2284,32008L0050R(05),CITES,2016.0,2008.0
32016L2284,32010L0075R(11),CITES,2016.0,2010.0
32019L0878R(06),32010R1093,CITES,2019.0,2010.0
32019L0878R(06),32014L0059R(14),CITES,2019.0,2014.0
32019L0878R(06),32014R0600R(09),CITES,2019.0,2014.0
32019L0878R(06),32010R1092,CITES,2019.0,2010.0
32019L0878R(06),32016R0679R(02),CITES,2019.0,2016.0
32019L0878R(06),32014L0065R(01),CITES,2019.0,2014.0
32019L0878R(06),32015L0849R(03),CITES,2019.0,2015.0
32019L0878R(06),32009L0138R(01),CITES,2019.0,2009.0
32019L0878R(06),32014R0806R(05),CITES,2019.0,2014.0
32019L0878R(06),32010R1094R(02),CITES,2019.0,2010.0
32019L0878R(06),32017R2402R(01),CITES,2019.0,2017.0
32019L0878R(06),32013R1024R(02),CITES,2019.0,2013.0
32019L0878R(06),32013R0575R(02),CITES,2019.0,2013.0
32017R2396R(01),32013R1291,CITES,2017.0,2013.0
32017R2396R(01),32015L0849R(03),CITES,2017.0,2015.0
32017R2396R(01),32012R0966,CITES,2017.0,2012.0
32017R2396R(01),32013R1315,CITES,2017.0,2013.0
32017R2396R(01),32013R1311R(04),CITES,2017.0,2013.0
32015R0848R(06),32009L0065R(07),CITES,2015.0,2009.0
32015R0848R(06),32011R0182R(02),CITES,2015.0,2011.0
32015R0848R(06),32012R1215R(10),CITES,2015.0,2012.0
32015R0848R(06),32011L0061R(02),CITES,2015.0,2011.0
32015R0848R(06),32013L0034R(07),CITES,2015.0,2013.0
32022R2560R(02),32016R0679R(02),CITES,2022.0,2016.0
32022R2560R(02),32019R0712,CITES,2022.0,2019.0
32022R2560R(02),32014L0023R(05),CITES,2022.0,2014.0
32022R2560R(02),32014L0024R(15),CITES,2022.0,2014.0
32022R2560R(02),32016R1035,CITES,2022.0,2016.0
32022R2560R(02),32015D0443,CITES,2022.0,2015.0
32022R2560R(02),32022R1031,CITES,2022.0,2022.0
32022R2560R(02),32016R1037R(01),CITES,2022.0,2016.0
32022R2560R(02),32018R1725R(02),CITES,2022.0,2018.0
32022R2560R(02),32011R0182R(02),CITES,2022.0,2011.0
32022R2560R(02),32009L0081R(01),CITES,2022.0,2009.0
32022R2560R(02),32004R0794R(04),CITES,2022.0,2004.0
32022R2560R(02),32013R1407,CITES,2022.0,2013.0
32022R2560R(02),32013L0034R(07),CITES,2022.0,2013.0
32022R2560R(02),32019R0452R(01),CITES,2022.0,2019.0
32022R2560R(02),32014L0025R(07),CITES,2022.0,2014.0
32022R2560R(02),32015D0444,CITES,2022.0,2015.0
32017D0132,32014L0023R(05),CITES,2017.0,2014.0
32017D0132,62004CJ0338,CITES,2017.0,2004.0
32017D0132,62004CJ0372,CITES,2017.0,2004.0
32017D0132,62014TJ0463,CITES,2017.0,2014.0
32017D0132,62007CJ0169,CITES,2017.0,2007.0
32017D0132,62007CJ0570,CITES,2017.0,2007.0
32017D0132,61999CJ0385,CITES,2017.0,1999.0
32017D0132,61999CJ0157,CITES,2017.0,1999.0
32017D1470,62001TJ0157,CITES,2017.0,2001.0
32017D1470,62000CJ0280,CITES,2017.0,2000.0
32017D1470,32015D0635,CITES,2017.0,2015.0
32017D1470,32007R1370R(03),CITES,2017.0,2007.0
32017D1470,32015R1589R(02),CITES,2017.0,2015.0
32012D0233,32010D0049,CITES,2012.0,2010.0
32012D0233,32011D0350,CITES,2012.0,2011.0
32012D0233,32008D0146,CITES,2012.0,2008.0
32018D0703,32014D0132,CITES,2018.0,2014.0
32018D0703,32017D0552,CITES,2018.0,2017.0
32018D0703,32013R0390,CITES,2018.0,2013.0
32011L0099,32008F0947R(03),CITES,2011.0,2008.0
32011L0099,32008F0977,CITES,2011.0,2008.0
32008F0909R(03),32006F0783R(01),CITES,2008.0,2006.0
32009L0138R(01),32008R0593R(01),CITES,2009.0,2008.0
32009L0138R(01),32006L0043R(04),CITES,2009.0,2006.0
32009L0138R(01),32005L0060,CITES,2009.0,2005.0
32009L0138R(01),32004L0109R(01),CITES,2009.0,2004.0
32009L0138R(01),32006L0048,CITES,2009.0,2006.0
32014L0024R(15),32010L0013R(03),CITES,2014.0,2010.0
32014L0024R(15),32012R1025,CITES,2014.0,2012.0
32014L0024R(15),32011R0182R(02),CITES,2014.0,2011.0
32014L0024R(15),32009R1221R(01),CITES,2014.0,2009.0
32014L0024R(15),32014L0025R(07),CITES,2014.0,2014.0
32014L0024R(15),32008R0106,CITES,2014.0,2008.0
32014L0024R(15),32005L0060,CITES,2014.0,2005.0
32014L0024R(15),32012R1024R(01),CITES,2014.0,2012.0
32014L0024R(15),32008R0765R(03),CITES,2014.0,2008.0
32014L0024R(15),32007R1370R(03),CITES,2014.0,2007.0
32014L0024R(15),32009L0033R(02),CITES,2014.0,2009.0
32014L0024R(15),32008R0593R(01),CITES,2014.0,2008.0
32019R1122,32015L0849R(03),CITES,2019.0,2015.0
32019R1122,32014R0600R(09),CITES,2019.0,2014.0
32019R1122,32018R1725R(02),CITES,2019.0,2018.0
32019R1122,32014R0596R(07),CITES,2019.0,2014.0
32019R1122,32013L0034R(07),CITES,2019.0,2013.0
32019R1122,32016R0794R(05),CITES,2019.0,2016.0
32019R1122,32018R2067,CITES,2019.0,2018.0
32019R1122,32014L0065R(01),CITES,2019.0,2014.0
32019R1122,32012R0648R(09),CITES,2019.0,2012.0
32019R1122,32019R0331,CITES,2019.0,2019.0
32019R1122,32017D0046,CITES,2019.0,2017.0
32019R1122,32009R0713,CITES,2019.0,2009.0
32019R1122,32010R1095,CITES,2019.0,2010.0
32019R1122,32010R1031,CITES,2019.0,2010.0
32019R1122,32016R0679R(02),CITES,2019.0,2016.0
32012L0019,32008L0098R(03),CITES,2012.0,2008.0
32012L0019,32011R0182R(02),CITES,2012.0,2011.0
32012L0019,32009L0125R(02),CITES,2012.0,2009.0
32012L0019,32009R1221R(01),CITES,2012.0,2009.0
32012L0019,32006R1013R(05),CITES,2012.0,2006.0
32012L0019,32008L0001,CITES,2012.0,2008.0
32013R0168R(03),32006L0095,CITES,2013.0,2006.0
32013R0168R(03),32007L0046,CITES,2013.0,2007.0
32013R0168R(03),32008R0765R(03),CITES,2013.0,2008.0
32013R0168R(03),32006L0126R(01),CITES,2013.0,2006.0
32013R0168R(03),32011R0182R(02),CITES,2013.0,2011.0
32013R0168R(03),32013R0167R(04),CITES,2013.0,2013.0
32013R0168R(03),32004L0108,CITES,2013.0,2004.0
32015R0002,32010R1095,CITES,2015.0,2010.0
32015R0002,32006R1893R(02),CITES,2015.0,2006.0
32015R0002,32009L0065R(07),CITES,2015.0,2009.0
32015R0002,32013R0575R(02),CITES,2015.0,2013.0
32015R0002,32013R0462R(01),CITES,2015.0,2013.0
32010D0788,32008E0944,CITES,2010.0,2008.0
32021D0764R(01),32021R0523,CITES,2021.0,2021.0
32021D0764R(01),32020R2093R(03),CITES,2021.0,2020.0
32021D0764R(01),32020R2094R(01),CITES,2021.0,2020.0
32021D0764R(01),32011R0182R(02),CITES,2021.0,2011.0
32021D0764R(01),32021R0695R(03),CITES,2021.0,2021.0
32021D0764R(01),32013R1291,CITES,2021.0,2013.0
32021D0764R(01),32018R1046,CITES,2021.0,2018.0
32023L2661,32015R0962,CITES,2023.0,2015.0
32023L2661,32019R1239,CITES,2023.0,2019.0
32023L2661,32013R0167R(04),CITES,2023.0,2013.0
32023L2661,32017R1926R(01),CITES,2023.0,2017.0
32023L2661,32020R1056R(01),CITES,2023.0,2020.0
32023L2661,32021R0696R(01),CITES,2023.0,2021.0
32023L2661,32016R0679R(02),CITES,2023.0,2016.0
32023L2661,32018R1725R(02),CITES,2023.0,2018.0
32023L2661,32008D0768R(02),CITES,2023.0,2008.0
32023L2661,32016L1148,CITES,2023.0,2016.0
32023L2661,32019R2144R(04),CITES,2023.0,2019.0
32023L2661,32020R0852R(06),CITES,2023.0,2020.0
32023L2661,32012R1025,CITES,2023.0,2012.0
32023L2661,32018R0858R(08),CITES,2023.0,2018.0
32023L2661,32022R0670,CITES,2023.0,2022.0
32023L2661,32015L1535,CITES,2023.0,2015.0
32023L2661,32013R0168R(03),CITES,2023.0,2013.0
32023L2661,32019L0520,CITES,2023.0,2019.0
32023L2661,32011R0182R(02),CITES,2023.0,2011.0
32023L2661,32018L1972R(04),CITES,2023.0,2018.0
32023L2661,32023R1804R(01),CITES,2023.0,2023.0
32023L2661,32013R0886R(01),CITES,2023.0,2013.0
32023L2661,32022R1012,CITES,2023.0,2022.0
32023L2661,32014R0165R(01),CITES,2023.0,2014.0
32023L2661,32007L0002,CITES,2023.0,2007.0
32016L0680R(03),32011R0182R(02),CITES,2016.0,2011.0
32016L0680R(03),32011L0024R(04),CITES,2016.0,2011.0
32016L0680R(03),32016R0679R(02),CITES,2016.0,2016.0
32016L0680R(03),32011L0093R(02),CITES,2016.0,2011.0
32025D1016,32024D0560,CITES,2025.0,2024.0
32025D1016,32024R1747,CITES,2025.0,2024.0
32025D1016,32009L0072,CITES,2025.0,2009.0
32021R0522R(02),32013D1082,CITES,2021.0,2013.0
32021R0522R(02),32013D0755,CITES,2021.0,2013.0
32021R0522R(02),32018R1046,CITES,2021.0,2018.0
32021R0522R(02),32021R0523,CITES,2021.0,2021.0
32021R0522R(02),32021R0241R(02),CITES,2021.0,2021.0
32021R0522R(02),32020R2094R(01),CITES,2021.0,2020.0
32021R0522R(02),32020R2093R(03),CITES,2021.0,2020.0
32021R0522R(02),32017R1939R(02),CITES,2021.0,2017.0
32021R0522R(02),32017L1371R(02),CITES,2021.0,2017.0
32021R0522R(02),32011R0182R(02),CITES,2021.0,2011.0
32021R0522R(02),32014D0287R(01),CITES,2021.0,2014.0
32021R0522R(02),32019D0420R(01),CITES,2021.0,2019.0
32021R0522R(02),32013R0883R(02),CITES,2021.0,2013.0
32021R0522R(02),32011L0024R(04),CITES,2021.0,2011.0
32021R0522R(02),32016R0369,CITES,2021.0,2016.0
32018R1727R(07),32017R1939R(02),CITES,2018.0,2017.0
32018R1727R(07),32018R1046,CITES,2018.0,2018.0
32018R1727R(07),32014L0041R(02),CITES,2018.0,2014.0
32018R1727R(07),32013R1271,CITES,2018.0,2013.0
32018R1727R(07),32018R1725R(02),CITES,2018.0,2018.0
32018R1727R(07),32016L0680R(03),CITES,2018.0,2016.0
32018R1727R(07),32013R0883R(02),CITES,2018.0,2013.0
32018R1727R(07),32013D0488R(01),CITES,2018.0,2013.0
32018R1727R(07),32012R1215R(10),CITES,2018.0,2012.0
32024L1260R(01),32018L1673,CITES,2024.0,2018.0
32024L1260R(01),32014L0057,CITES,2024.0,2014.0
32024L1260R(01),32017R1939R(02),CITES,2024.0,2017.0
32024L1260R(01),32016L0800,CITES,2024.0,2016.0
32024L1260R(01),32011L0093R(02),CITES,2024.0,2011.0
32024L1260R(01),32016R0794R(05),CITES,2024.0,2016.0
32024L1260R(01),32016L0343R(01),CITES,2024.0,2016.0
32024L1260R(01),32017L0541,CITES,2024.0,2017.0
32024L1260R(01),32014D0164,CITES,2024.0,2014.0
32024L1260R(01),32019L1153R(01),CITES,2024.0,2019.0
32024L1260R(01),32023R1113,CITES,2024.0,2023.0
32024L1260R(01),32012L0013,CITES,2024.0,2012.0
32024L1260R(01),32016R0679R(02),CITES,2024.0,2016.0
32024L1260R(01),32019L0713,CITES,2024.0,2019.0
32024L1260R(01),32013L0048R(01),CITES,2024.0,2013.0
32024L1260R(01),32012L0029R(01),CITES,2024.0,2012.0
32024L1260R(01),32015L0849R(03),CITES,2024.0,2015.0
32024L1260R(01),32013L0040,CITES,2024.0,2013.0
32024L1260R(01),32017L1371R(02),CITES,2024.0,2017.0
32024L1260R(01),32010L0064,CITES,2024.0,2010.0
32024L1260R(01),32016L1919,CITES,2024.0,2016.0
32024L1260R(01),32024L1226,CITES,2024.0,2024.0
32024L1260R(01),32016L0680R(03),CITES,2024.0,2016.0
32024L1260R(01),32018R1805R(01),CITES,2024.0,2018.0
32024L1260R(01),32018R1725R(02),CITES,2024.0,2018.0
32025D0429,32022R1214R(01),CITES,2025.0,2022.0
32025D0429,62005TJ0415,CITES,2025.0,2005.0
32025D0429,32019R0943R(03),CITES,2025.0,2019.0
32025D0429,32011L0092R(02),CITES,2025.0,2011.0
32025D0429,32020R0852R(06),CITES,2025.0,2020.0
32025D0429,32021R2178,CITES,2025.0,2021.0
32025D0429,62006CJ0206,CITES,2025.0,2006.0
32025D0429,62010CJ0399,CITES,2025.0,2010.0
32025D0429,32021R1119,CITES,2025.0,2021.0
32025D0429,32015R1222R(03),CITES,2025.0,2015.0
32025D0429,32019R0942R(01),CITES,2025.0,2019.0
32025D0429,32021R2139R(01),CITES,2025.0,2021.0
32025D0429,32011L0070R(01),CITES,2025.0,2011.0
32025D0429,32018L2002,CITES,2025.0,2018.0
32025D0429,32012L0027R(01),CITES,2025.0,2012.0
32025D0429,62018CJ0594,CITES,2025.0,2018.0
32025R0327,32015L1535,CITES,2025.0,2015.0
32025R0327,32011R0182R(02),CITES,2025.0,2011.0
32025R0327,32019R1020R(05),CITES,2025.0,2019.0
32025R0327,32018R1724,CITES,2025.0,2018.0
32025R0327,32008R0765R(03),CITES,2025.0,2008.0
32025R0327,32019L0882R(01),CITES,2025.0,2019.0
32025R0327,32022R0868,CITES,2025.0,2022.0
32025R0327,32022L2555R(06),CITES,2025.0,2022.0
32025R0327,32009R0223,CITES,2025.0,2009.0
32025R0327,32023R2854R(01),CITES,2025.0,2023.0
32025R0327,32017R0746R(06),CITES,2025.0,2017.0
32025R0327,32019R0881R(05),CITES,2025.0,2019.0
32025R0327,32016L0943R(01),CITES,2025.0,2016.0
32025R0327,32014D0287R(01),CITES,2025.0,2014.0
32025R0327,32016R0679R(02),CITES,2025.0,2016.0
32025R0327,32014L0024R(15),CITES,2025.0,2014.0
32025R0327,32014R0910R(09),CITES,2025.0,2014.0
32025R0327,32024R1938,CITES,2025.0,2024.0
32025R0327,32024R1689,CITES,2025.0,2024.0
32025R0327,32018R1725R(02),CITES,2025.0,2018.0
32025R0327,32017R0745R(02),CITES,2025.0,2017.0
32025R0327,32022D2481,CITES,2025.0,2022.0
32025R0327,32018R1807,CITES,2025.0,2018.0
32025R0327,32019H0243,CITES,2025.0,2019.0
32024R2847,32018R1725R(02),CITES,2024.0,2018.0
32024R2847,32023R0988,CITES,2024.0,2023.0
32024R2847,32014L0053R(02),CITES,2024.0,2014.0
32024R2847,32024R1689,CITES,2024.0,2024.0
32024R2847,32016R0679R(02),CITES,2024.0,2016.0
32024R2847,32014L0024R(15),CITES,2024.0,2014.0
32024R2847,42021X0387,CITES,2024.0,2021.0
32024R2847,32008R0765R(03),CITES,2024.0,2008.0
32024R2847,32017R0745R(02),CITES,2024.0,2017.0
32024R2847,32024R0482R(01),CITES,2024.0,2024.0
32024R2847,32018R1139R(04),CITES,2024.0,2018.0
32024R2847,32019H0534,CITES,2024.0,2019.0
32024R2847,32024L2853,CITES,2024.0,2024.0
32024R2847,32023R1230,CITES,2024.0,2023.0
32024R2847,32019R2144R(04),CITES,2024.0,2019.0
32024R2847,32011R0182R(02),CITES,2024.0,2011.0
32024R2847,32014L0090R(05),CITES,2024.0,2014.0
32024R2847,32019R0881R(05),CITES,2024.0,2019.0
32024R2847,32024R1781R(01),CITES,2024.0,2024.0
32024R2847,32022R2554R(01),CITES,2024.0,2022.0
32024R2847,32012R1025,CITES,2024.0,2012.0
32024R2847,32014L0025R(07),CITES,2024.0,2014.0
32024R2847,32014R0910R(09),CITES,2024.0,2014.0
32024R2847,32022L2555R(06),CITES,2024.0,2022.0
32024R2847,32016L0943R(01),CITES,2024.0,2016.0
32024R2847,32008D0768R(02),CITES,2024.0,2008.0
32024R2847,32017R0746R(06),CITES,2024.0,2017.0
32024R2847,32022R0030,CITES,2024.0,2022.0
32016D2326,62009CJ0106,CITES,2016.0,2009.0
32016D2326,62009CJ0138,CITES,2016.0,2009.0
32016D2326,32015R1589R(02),CITES,2016.0,2015.0
32016D2326,62006CJ0441,CITES,2016.0,2006.0
32016D2326,62004TJ0427,CITES,2016.0,2004.0
32016D2326,32006D0621,CITES,2016.0,2006.0
32016D2326,62008CJ0078,CITES,2016.0,2008.0
32016D2326,62002CJ0066,CITES,2016.0,2002.0
32016D2326,62008CJ0399,CITES,2016.0,2008.0
32016D2326,62009CJ0480,CITES,2016.0,2009.0
32016D2326,32009D0809,CITES,2016.0,2009.0
32016D2326,62002TJ0137,CITES,2016.0,2002.0
32016D2326,62003CJ0172,CITES,2016.0,2003.0
32016D2326,32006L0048,CITES,2016.0,2006.0
32016D2326,62004CJ0222,CITES,2016.0,2004.0
32016D2326,32004R0794R(04),CITES,2016.0,2004.0
32016D2326,62003CJ0182,CITES,2016.0,2003.0
32016D2326,62014CJ0015,CITES,2016.0,2014.0
32016D2326,62012TJ0385,CITES,2016.0,2012.0
32016D2326,32013L0036R(07),CITES,2016.0,2013.0
32018R1807,32015L1535,CITES,2018.0,2015.0
32018R1807,32008R0593R(01),CITES,2018.0,2008.0
32018R1807,32016R0679R(02),CITES,2018.0,2016.0
32018R1807,32010R0904R(04),CITES,2018.0,2010.0
32018R1807,32006L0112R(20),CITES,2018.0,2006.0
32018R1807,32016L0680R(03),CITES,2018.0,2016.0
32018R1807,32016L1148,CITES,2018.0,2016.0
32018R1807,32014L0024R(15),CITES,2018.0,2014.0
32018R1807,32014L0041R(02),CITES,2018.0,2014.0
32021R0887,32015D0443,CITES,2021.0,2015.0
32021R0887,32013R0883R(02),CITES,2021.0,2013.0
32021R0887,32018R1046,CITES,2021.0,2018.0
32021R0887,32021D0764R(01),CITES,2021.0,2021.0
32021R0887,32021R0794,CITES,2021.0,2021.0
32021R0887,32018R1725R(02),CITES,2021.0,2018.0
32021R0887,32016L1148,CITES,2021.0,2016.0
32021R0887,32013R1291,CITES,2021.0,2013.0
32021R0887,32021R0694R(01),CITES,2021.0,2021.0
32021R0887,32019R0715,CITES,2021.0,2019.0
32021R0887,32021R0695R(03),CITES,2021.0,2021.0
32021R0887,32016R0794R(05),CITES,2021.0,2016.0
32021R0887,32021D0173R(01),CITES,2021.0,2021.0
32021R0887,32015D0444,CITES,2021.0,2015.0
32021R0887,32019R0881R(05),CITES,2021.0,2019.0
32022L2561,32009R1071R(03),CITES,2022.0,2009.0
32022L2561,32016R0679R(02),CITES,2022.0,2016.0
32022L2561,32009R1072R(03),CITES,2022.0,2009.0
32022L2561,32006L0126R(01),CITES,2022.0,2006.0
32022R1409,32021R1134R(04),CITES,2022.0,2021.0
32022R1409,32018R1725R(02),CITES,2022.0,2018.0
32022R1409,32022R1380,CITES,2022.0,2022.0
32022R1409,32009R0810R(06),CITES,2022.0,2009.0
32022R1409,32017D1908R(01),CITES,2022.0,2017.0
32022R1409,32008D0146,CITES,2022.0,2008.0
32022R1409,32011D0350,CITES,2022.0,2011.0
32022R1409,32018R1240R(05),CITES,2022.0,2018.0
32022R1409,32018D0934,CITES,2022.0,2018.0
32022R1409,32011R1077,CITES,2022.0,2011.0
32022L2556,32014R0596R(07),CITES,2022.0,2014.0
32022L2556,32022R2554R(01),CITES,2022.0,2022.0
32022L2556,32014R0600R(09),CITES,2022.0,2014.0
32022L2556,32010R1093,CITES,2022.0,2010.0
32022L2556,32009L0110R(03),CITES,2022.0,2009.0
32009R1071R(03),32006L0022,CITES,2009.0,2006.0
32009R1071R(03),32009R1072R(03),CITES,2009.0,2009.0
32009R1071R(03),32009R1073R(01),CITES,2009.0,2009.0
32009R1071R(03),32006R0561R(10),CITES,2009.0,2006.0
32009D0406R(01),32009L0028,CITES,2009.0,2009.0
32024R2493R(01),32023L2413,CITES,2024.0,2023.0
32024R2493R(01),32021R1119,CITES,2024.0,2021.0
32024R2493R(01),32018R1999R(06),CITES,2024.0,2018.0
32024R2493R(01),32018R2067,CITES,2024.0,2018.0
32024R2493R(01),32009L0031R(02),CITES,2024.0,2009.0
32024R2493R(01),32024L1788,CITES,2024.0,2024.0
32024R2493R(01),32023L0959R(06),CITES,2024.0,2023.0
32024R2493R(01),32018L2001R(10),CITES,2024.0,2018.0
32024R2493R(01),32024R1735R(01),CITES,2024.0,2024.0
32018O0003R(01),32013R0575R(02),CITES,2018.0,2013.0
32018O0003R(01),32013L0036R(07),CITES,2018.0,2013.0
32018O0003R(01),32014L0059R(14),CITES,2018.0,2014.0
32018O0003R(01),32014R0909R(06),CITES,2018.0,2014.0
32018O0003R(01),32013L0034R(07),CITES,2018.0,2013.0
32018O0003R(01),32013R0549,CITES,2018.0,2013.0
32018O0003R(01),32014R0806R(05),CITES,2018.0,2014.0
32008R1099,32006L0032,CITES,2008.0,2006.0
32019R0631R(01),32018R1999R(06),CITES,2019.0,2018.0
32019R0631R(01),32018R0842,CITES,2019.0,2018.0
32019R0631R(01),32017R1151R(04),CITES,2019.0,2017.0
32019R0631R(01),32007L0046,CITES,2019.0,2007.0
32019R0631R(01),32014L0094,CITES,2019.0,2014.0
32019R0631R(01),32011R0182R(02),CITES,2019.0,2011.0
32019R0631R(01),32018R0858R(08),CITES,2019.0,2018.0
32014L0056R(01),32005L0036R(07),CITES,2014.0,2005.0
32014L0056R(01),32004L0109R(01),CITES,2014.0,2004.0
32014L0056R(01),32013L0036R(07),CITES,2014.0,2013.0
32014L0056R(01),32011L0061R(02),CITES,2014.0,2011.0
32014L0056R(01),32009L0065R(07),CITES,2014.0,2009.0
32014L0056R(01),32011R0182R(02),CITES,2014.0,2011.0
32014L0056R(01),32014R0537R(06),CITES,2014.0,2014.0
32014L0056R(01),32013L0034R(07),CITES,2014.0,2013.0
32021D2034,32005D0842,CITES,2021.0,2005.0
32021D2034,32015R1588,CITES,2021.0,2015.0
32021D2034,62014CJ0524,CITES,2021.0,2014.0
32021D2034,62004CJ0393,CITES,2021.0,2004.0
32021D2034,62004CJ0222,CITES,2021.0,2004.0
32021D2034,32016D2395,CITES,2021.0,2016.0
32021D2034,62017CJ0114,CITES,2021.0,2017.0
32021D2034,62010CJ0399,CITES,2021.0,2010.0
32021D2034,32007D0374,CITES,2021.0,2007.0
32021D2034,62000CJ0280,CITES,2021.0,2000.0
32021D2034,32007D0258,CITES,2021.0,2007.0
32021D2034,62017CJ0091,CITES,2021.0,2017.0
32021D2034,32006R1998,CITES,2021.0,2006.0
32021D2034,62008TJ0443,CITES,2021.0,2008.0
32021D2034,32015R1589R(02),CITES,2021.0,2015.0
32021D2034,32014D0489,CITES,2021.0,2014.0
32021D2034,32013R1407,CITES,2021.0,2013.0
32021D2034,32004R0794R(04),CITES,2021.0,2004.0
32021D2034,62007CJ0113,CITES,2021.0,2007.0
32021D2034,32016D1385,CITES,2021.0,2016.0
32020L1828,32012R1215R(10),CITES,2020.0,2012.0
32020L1828,32016R0679R(02),CITES,2020.0,2016.0
32020L1828,32008R0593R(01),CITES,2020.0,2008.0
32013R0389R(01),32010R1031,CITES,2013.0,2010.0
32013R0389R(01),32005L0060,CITES,2013.0,2005.0
32019L0790R(01),32016R0679R(02),CITES,2019.0,2016.0
32019L0790R(01),32015L1535,CITES,2019.0,2015.0
32019L0790R(01),32008R0593R(01),CITES,2019.0,2008.0
32019L0790R(01),32017L1564R(01),CITES,2019.0,2017.0
32019L0790R(01),32018L1972R(04),CITES,2019.0,2018.0
32017R0587R(02),32011L0061R(02),CITES,2017.0,2011.0
32017R0587R(02),32014L0065R(01),CITES,2017.0,2014.0
32017R0587R(02),32010R1095,CITES,2017.0,2010.0
32017R0587R(02),32017R0571,CITES,2017.0,2017.0
32017R0587R(02),32009L0065R(07),CITES,2017.0,2009.0
32017R0587R(02),32014R0909R(06),CITES,2017.0,2014.0
32017R0587R(02),32017R0590R(02),CITES,2017.0,2017.0
32013D0195,32007D0344,CITES,2013.0,2007.0
32017R1084R(01),32013R1303R(04),CITES,2017.0,2013.0
32017R1084R(01),32013R1315,CITES,2017.0,2013.0
32017R1084R(01),32013R1379R(03),CITES,2017.0,2013.0
32017R1084R(01),32013R1291,CITES,2017.0,2013.0
32017R1084R(01),32010D0787,CITES,2017.0,2010.0
32017R1084R(01),32006R1893R(02),CITES,2017.0,2006.0
32017R1084R(01),32008R1008R(02),CITES,2017.0,2008.0
32017R1084R(01),32014R0508R(09),CITES,2017.0,2014.0
32021R0116,32018R1139R(04),CITES,2021.0,2018.0
32021R0116,32018R1048R(01),CITES,2021.0,2018.0
32021R0116,32019R0317,CITES,2021.0,2019.0
32021R0116,32005R2150,CITES,2021.0,2005.0
32019R0452R(01),32009L0138R(01),CITES,2019.0,2009.0
32019R0452R(01),32013L0036R(07),CITES,2019.0,2013.0
32019R0452R(01),32015D0443,CITES,2019.0,2015.0
32019R0452R(01),32015D0444,CITES,2019.0,2015.0
32019R0452R(01),32009R0428R(04),CITES,2019.0,2009.0
32019R0452R(01),32016R0679R(02),CITES,2019.0,2016.0
32019R0452R(01),32014L0065R(01),CITES,2019.0,2014.0
32019R0452R(01),32018R1725R(02),CITES,2019.0,2018.0
32022D0399R(01),32014R0909R(06),CITES,2022.0,2014.0
32022D0399R(01),32022D0356R(01),CITES,2022.0,2022.0
32010D0049,32008D0262R(01),CITES,2010.0,2008.0
32010D0049,32008D0146,CITES,2010.0,2008.0
32010D0049,32006R1987,CITES,2010.0,2006.0
32010D0049,32008D0261R(01),CITES,2010.0,2008.0
32010D0049,32006R0562,CITES,2010.0,2006.0
32010D0049,32008D0149,CITES,2010.0,2008.0
32023R1543R(01),32011L0093R(02),CITES,2023.0,2011.0
32023R1543R(01),32010L0064,CITES,2023.0,2010.0
32023R1543R(01),32022R0850,CITES,2023.0,2022.0
32023R1543R(01),32018L1972R(04),CITES,2023.0,2018.0
32023R1543R(01),32016L0800,CITES,2023.0,2016.0
32023R1543R(01),32015L1535,CITES,2023.0,2015.0
32023R1543R(01),32016L1919,CITES,2023.0,2016.0
32023R1543R(01),32012L0013,CITES,2023.0,2012.0
32023R1543R(01),32006L0123,CITES,2023.0,2006.0
32023R1543R(01),32013L0040,CITES,2023.0,2013.0
32023R1543R(01),32016L0343R(01),CITES,2023.0,2016.0
32023R1543R(01),32018R1725R(02),CITES,2023.0,2018.0
32023R1543R(01),32013L0048R(01),CITES,2023.0,2013.0
32023R1543R(01),32018R0302R(03),CITES,2023.0,2018.0
32023R1543R(01),32019L0713,CITES,2023.0,2019.0
32023R1543R(01),32014L0041R(02),CITES,2023.0,2014.0
32023R1543R(01),32011R0182R(02),CITES,2023.0,2011.0
32023R1543R(01),32012R1215R(10),CITES,2023.0,2012.0
32023R1543R(01),32023L1544,CITES,2023.0,2023.0
32023R1543R(01),32008L0114,CITES,2023.0,2008.0
32023R1543R(01),32016R0679R(02),CITES,2023.0,2016.0
32023R1543R(01),32017L0541,CITES,2023.0,2017.0
32023R1543R(01),32016L0680R(03),CITES,2023.0,2016.0
32023R1543R(01),32014R0910R(09),CITES,2023.0,2014.0
32022D2318,32020D1990,CITES,2022.0,2020.0
32022D2318,32008E0736,CITES,2022.0,2008.0
32023R0130,32021R2289R(01),CITES,2023.0,2021.0
32017R2196,32015R1222R(03),CITES,2017.0,2015.0
32017R2196,32013R0543R(02),CITES,2017.0,2013.0
32017R2196,32016R1388R(03),CITES,2017.0,2016.0
32017R2196,32017R1485,CITES,2017.0,2017.0
32017R2196,32016R0631R(04),CITES,2017.0,2016.0
32017R2196,32016R1719R(01),CITES,2017.0,2016.0
32017R2196,32016R1447R(01),CITES,2017.0,2016.0
32017R2196,32009L0072,CITES,2017.0,2009.0
32018R1805R(01),32016L0343R(01),CITES,2018.0,2016.0
32018R1805R(01),32012L0013,CITES,2018.0,2012.0
32018R1805R(01),32016L0800,CITES,2018.0,2016.0
32018R1805R(01),32014L0041R(02),CITES,2018.0,2014.0
32018R1805R(01),32014L0042,CITES,2018.0,2014.0
32018R1805R(01),32010L0064,CITES,2018.0,2010.0
32018R1805R(01),32016L1919,CITES,2018.0,2016.0
32018R1805R(01),32013L0048R(01),CITES,2018.0,2013.0
32018R1805R(01),32017L1371R(02),CITES,2018.0,2017.0
32014R0596R(07),32013L0034R(07),CITES,2014.0,2013.0
32014R0596R(07),32014L0057,CITES,2014.0,2014.0
32014R0596R(07),32014R0600R(09),CITES,2014.0,2014.0
32014R0596R(07),32006R1287R(01),CITES,2014.0,2006.0
32014R0596R(07),32013L0036R(07),CITES,2014.0,2013.0
32014R0596R(07),32009L0138R(01),CITES,2014.0,2009.0
32014R0596R(07),32014L0065R(01),CITES,2014.0,2014.0
32014R0596R(07),32011R0182R(02),CITES,2014.0,2011.0
32014R0596R(07),32010R1093,CITES,2014.0,2010.0
32014R0596R(07),32004L0109R(01),CITES,2014.0,2004.0
32014R0596R(07),32009R0713,CITES,2014.0,2009.0
32014R0596R(07),32004L0025,CITES,2014.0,2004.0
32014R0596R(07),32010R1095,CITES,2014.0,2010.0
32014R0596R(07),32010R1031,CITES,2014.0,2010.0
32014R0596R(07),32013R0575R(02),CITES,2014.0,2013.0
32014R0596R(07),32011R1227,CITES,2014.0,2011.0
32023D0310,32021D0689R(02),CITES,2023.0,2021.0
32017L0541,32016L0681,CITES,2017.0,2016.0
32017L0541,32014L0042,CITES,2017.0,2014.0
32017L0541,32016L0680R(03),CITES,2017.0,2016.0
32017L0541,32015L0849R(03),CITES,2017.0,2015.0
32017L0541,32014L0041R(02),CITES,2017.0,2014.0
32017L0541,32013L0040,CITES,2017.0,2013.0
32017L0541,32012L0029R(01),CITES,2017.0,2012.0
32022D2481,32021R1153R(01),CITES,2022.0,2021.0
32022D2481,32011R0182R(02),CITES,2022.0,2011.0
32022D2481,32021R0241R(02),CITES,2022.0,2021.0
32022D2481,32018L1972R(04),CITES,2022.0,2018.0
32022D2481,32019R1700,CITES,2022.0,2019.0
32022D2481,32021R1058,CITES,2022.0,2021.0
32022D2481,32006L0112R(20),CITES,2022.0,2006.0
32022D2481,32019R2152R(04),CITES,2022.0,2019.0
32022D2481,32009R0223,CITES,2022.0,2009.0
32022D2481,32008L0118,CITES,2022.0,2008.0
32022D2481,32021R0690R(02),CITES,2022.0,2021.0
32022D2481,32021R0240R(01),CITES,2022.0,2021.0
32022D2481,32021R0695R(03),CITES,2022.0,2021.0
32022D2481,32021R0694R(01),CITES,2022.0,2021.0
32022D2481,32021R0523,CITES,2022.0,2021.0
32018L0645,32006R0561R(10),CITES,2018.0,2006.0
32018L0645,32016R0679R(02),CITES,2018.0,2016.0
32018L0645,32009R1072R(03),CITES,2018.0,2009.0
32018L0645,32015L0413,CITES,2018.0,2015.0
32021D2008R(01),32019D1909R(02),CITES,2021.0,2019.0
32021D2008R(01),32018D1797R(01),CITES,2021.0,2018.0
32021D2008R(01),32020D1746R(01),CITES,2021.0,2020.0
32021D2008R(01),32018D0909,CITES,2021.0,2018.0
32022R0072,62011TJ0444,CITES,2022.0,2011.0
32022R0072,32016D0176,CITES,2022.0,2016.0
32022R0072,32017R0366,CITES,2022.0,2017.0
32022R0072,32016R1036,CITES,2022.0,2016.0
32022R0072,32019R0072,CITES,2022.0,2019.0
32022R0072,32011R0452,CITES,2022.0,2011.0
32022R0072,32018R0825R(04),CITES,2022.0,2018.0
32022R0072,32014D0918,CITES,2022.0,2014.0
32022R0072,32013R0215,CITES,2022.0,2013.0
32022R0072,32011R0451,CITES,2022.0,2011.0
32022R0072,32017R0969,CITES,2022.0,2017.0
32022R0072,32018R1046,CITES,2022.0,2018.0
32022R0072,32018R1690,CITES,2022.0,2018.0
32022R0072,62009TJ0528,CITES,2022.0,2009.0
32022R0072,32014R1379,CITES,2022.0,2014.0
32022R0072,32020R0776R(01),CITES,2022.0,2020.0
32009D0381,32008D0432,CITES,2009.0,2008.0
32017R2215,32012R0965R(04),CITES,2017.0,2012.0
32017R2215,32014R0452R(01),CITES,2017.0,2014.0
32017R2215,32006R0473,CITES,2017.0,2006.0
32019R0779R(02),32008R0765R(03),CITES,2019.0,2008.0
32019R0779R(02),32016L0797R(10),CITES,2019.0,2016.0
32019R0779R(02),32016R0796R(01),CITES,2019.0,2016.0
32019R0779R(02),32012R1078,CITES,2019.0,2012.0
32019R0779R(02),32018R0762R(02),CITES,2019.0,2018.0
32021D1764R(01),32013R0883R(02),CITES,2021.0,2013.0
32021D1764R(01),32018R1046,CITES,2021.0,2018.0
32021D1764R(01),32015R0847,CITES,2021.0,2015.0
32021D1764R(01),32011R0182R(02),CITES,2021.0,2011.0
32021D1764R(01),32017R1939R(02),CITES,2021.0,2017.0
32021D1764R(01),32010D0427,CITES,2021.0,2010.0
32021D1764R(01),32013R0952R(10),CITES,2021.0,2013.0
32021D1764R(01),32017L1371R(02),CITES,2021.0,2017.0
32021D1764R(01),32015R2447R(13),CITES,2021.0,2015.0
32021D1764R(01),32020R2093R(03),CITES,2021.0,2020.0
32021D1764R(01),32021R0947R(03),CITES,2021.0,2021.0
32019L0883,32017R0352R(01),CITES,2019.0,2017.0
32019L0883,32014R0651R(05),CITES,2019.0,2014.0
32019L0883,32012L0019,CITES,2019.0,2012.0
32019L0883,32011R0182R(02),CITES,2019.0,2011.0
32019L0883,32008L0056,CITES,2019.0,2008.0
32019L0883,32008L0098R(03),CITES,2019.0,2008.0
32024R1309R(02),32010L0031R(03),CITES,2024.0,2010.0
32024R1309R(02),32021R0694R(01),CITES,2024.0,2021.0
32024R1309R(02),32018R1971R(01),CITES,2024.0,2018.0
32024R1309R(02),32022L2555R(06),CITES,2024.0,2022.0
32024R1309R(02),32022D2481,CITES,2024.0,2022.0
32024R1309R(02),32006L0123,CITES,2024.0,2006.0
32024R1309R(02),32018R1724,CITES,2024.0,2018.0
32024R1309R(02),32011R0182R(02),CITES,2024.0,2011.0
32024R1309R(02),32021R1058,CITES,2024.0,2021.0
32024R1309R(02),32022R0612,CITES,2024.0,2022.0
32024R1309R(02),32018L1972R(04),CITES,2024.0,2018.0
32024R1309R(02),32021R0241R(02),CITES,2024.0,2021.0
32024R1309R(02),32023R0588,CITES,2024.0,2023.0
32024R1309R(02),32020H1307,CITES,2024.0,2020.0
32024R1309R(02),32020H2245,CITES,2024.0,2020.0
32024R1309R(02),32020L2184R(01),CITES,2024.0,2020.0
32024R1309R(02),32007L0002,CITES,2024.0,2007.0
32025R0772,32021R1119,CITES,2025.0,2021.0
32025R0772,32019R0331,CITES,2025.0,2019.0
32025R0772,32012L0027R(01),CITES,2025.0,2012.0
32025R0772,32018R2067,CITES,2025.0,2018.0
32025R0772,32024R0873R(03),CITES,2025.0,2024.0
32025R0772,32023L0959R(06),CITES,2025.0,2023.0
32024O3129,32022O0912R(03),CITES,2024.0,2022.0
32024O3129,32014O0060R(01),CITES,2024.0,2014.0
32024O3129,32014R0909R(06),CITES,2024.0,2014.0
32019R0410,32010R1093,CITES,2019.0,2010.0
32019R0410,32009L0110R(03),CITES,2019.0,2009.0
32019R0410,32013L0036R(07),CITES,2019.0,2013.0
32018D1485,32008L0068,CITES,2018.0,2008.0
32020D0663,32018D1942,CITES,2020.0,2018.0
32020D0663,32016D2240,CITES,2020.0,2016.0
32009D0182,32007D0256,CITES,2009.0,2007.0
32018D1082,32015D0528,CITES,2018.0,2015.0
32015R2447R(13),32008L0118,CITES,2015.0,2008.0
32015R2447R(13),32015R2446R(12),CITES,2015.0,2015.0
32015R2447R(13),32014R0654R(01),CITES,2015.0,2014.0
32015R2447R(13),32008R0300R(04),CITES,2015.0,2008.0
32013R0549,32009R0223,CITES,2013.0,2009.0
32013R0549,32007D0436R(01),CITES,2013.0,2007.0
32013R0549,32006D0856R(01),CITES,2013.0,2006.0
32013R0549,32011R0182R(02),CITES,2013.0,2011.0
32013R0549,32011L0085,CITES,2013.0,2011.0
32014O0060R(01),32014L0065R(01),CITES,2014.0,2014.0
32014O0060R(01),32013R0549,CITES,2014.0,2013.0
32014O0060R(01),32009R1060R(01),CITES,2014.0,2009.0
32014O0060R(01),32013R0575R(02),CITES,2014.0,2013.0
32014O0060R(01),32013L0036R(07),CITES,2014.0,2013.0
32014O0060R(01),32009L0065R(07),CITES,2014.0,2009.0
32018L2002,32009L0073,CITES,2018.0,2009.0
32018L2002,32018R0842,CITES,2018.0,2018.0
32018L2002,32014L0094,CITES,2018.0,2014.0
32018L2002,32016L2284,CITES,2018.0,2016.0
32018L2002,32010L0031R(03),CITES,2018.0,2010.0
32018L2002,32018R1999R(06),CITES,2018.0,2018.0
32020D0613,62012CJ0077,CITES,2020.0,2012.0
32020D0613,62008TJ0570,CITES,2020.0,2008.0
32020D0613,62002TJ0266,CITES,2020.0,2002.0
32020D0613,62008CJ0399,CITES,2020.0,2008.0
32020D0613,62007TJ0421,CITES,2020.0,2007.0
32020D0613,62012TJ0143,CITES,2020.0,2012.0
32020D0613,62001TJ0157,CITES,2020.0,2001.0
32020D0613,62010CJ0463,CITES,2020.0,2010.0
32020D0613,32012D0321,CITES,2020.0,2012.0
32020D0613,32012D0636,CITES,2020.0,2012.0
32020D0613,62008TO0571,CITES,2020.0,2008.0
32020D0613,62015CJ0211,CITES,2020.0,2015.0
32020D0613,62011TJ0388,CITES,2020.0,2011.0
32021R0818R(01),32011R0182R(02),CITES,2021.0,2011.0
32021R0818R(01),32017L1371R(02),CITES,2021.0,2017.0
32021R0818R(01),32021R0523,CITES,2021.0,2021.0
32021R0818R(01),32020R2093R(03),CITES,2021.0,2020.0
32021R0818R(01),32018L1808,CITES,2021.0,2018.0
32021R0818R(01),32019L0790R(01),CITES,2021.0,2019.0
32021R0818R(01),32010L0013R(03),CITES,2021.0,2010.0
32021R0818R(01),32021R0695R(03),CITES,2021.0,2021.0
32021R0818R(01),32018R1046,CITES,2021.0,2018.0
32021R0818R(01),32013D0755,CITES,2021.0,2013.0
32021R0818R(01),32013R0883R(02),CITES,2021.0,2013.0
32021R0818R(01),32017R1939R(02),CITES,2021.0,2017.0
32021R0818R(01),32019L0789,CITES,2021.0,2019.0
32007R1370R(03),62000CJ0280,CITES,2007.0,2000.0
32018R1672R(02),32016R0679R(02),CITES,2018.0,2016.0
32018R1672R(02),32011R0182R(02),CITES,2018.0,2011.0
32018R1672R(02),32017R1939R(02),CITES,2018.0,2017.0
32018R1672R(02),32015L0849R(03),CITES,2018.0,2015.0
32018R1672R(02),32016R0794R(05),CITES,2018.0,2016.0
32019R0942R(01),32018R1046,CITES,2019.0,2018.0
32019R0942R(01),32009R0715,CITES,2019.0,2009.0
32019R0942R(01),32019R0941,CITES,2019.0,2019.0
32019R0942R(01),32013R0883R(02),CITES,2019.0,2013.0
32019R0942R(01),32013R1271,CITES,2019.0,2013.0
32019R0942R(01),32017R1938R(01),CITES,2019.0,2017.0
32019R0942R(01),32019L0944R(05),CITES,2019.0,2019.0
32019R0942R(01),32015D0443,CITES,2019.0,2015.0
32019R0942R(01),32015R1222R(03),CITES,2019.0,2015.0
32019R0942R(01),32015D0444,CITES,2019.0,2015.0
32019R0942R(01),32011R0182R(02),CITES,2019.0,2011.0
32019R0942R(01),32018R1999R(06),CITES,2019.0,2018.0
32019R0942R(01),32011R1227,CITES,2019.0,2011.0
32019R0942R(01),32018R1725R(02),CITES,2019.0,2018.0
32019R0942R(01),32009L0073,CITES,2019.0,2009.0
32019R0942R(01),32019R0943R(03),CITES,2019.0,2019.0
32016R2214,32014R0452R(01),CITES,2016.0,2014.0
32016R2214,32012R0965R(04),CITES,2016.0,2012.0
32016R2214,32006R0473,CITES,2016.0,2006.0
32023R1479,32011R0182R(02),CITES,2023.0,2011.0
32023R1479,32021D0689R(02),CITES,2023.0,2021.0
32023R1479,32020D0135,CITES,2023.0,2020.0
32018D2009,32013D0233R(03),AMENDS,2018.0,2013.0
32008D0286,32007D0176,AMENDS,2008.0,2007.0
32018R1866,32006R0474R(03),AMENDS,2018.0,2006.0
32021R1060R(05),32020R2093R(03),CITES,2021.0,2020.0
32021R1060R(05),32017L1371R(02),CITES,2021.0,2017.0
32021R1060R(05),32019L1024,CITES,2021.0,2019.0
32021R1060R(05),32014R0240,CITES,2021.0,2014.0
32021R1060R(05),32021R1056,CITES,2021.0,2021.0
32021R1060R(05),32013R0883R(02),CITES,2021.0,2013.0
32021R1060R(05),32014L0025R(07),CITES,2021.0,2014.0
32021R1060R(05),32017R1939R(02),CITES,2021.0,2017.0
32021R1060R(05),32011L0092R(02),CITES,2021.0,2011.0
32021R1060R(05),32021R1057,CITES,2021.0,2021.0
32021R1060R(05),32020R2094R(01),CITES,2021.0,2020.0
32021R1060R(05),32013R1303R(04),CITES,2021.0,2013.0
32021R1060R(05),32015L0849R(03),CITES,2021.0,2015.0
32021R1060R(05),32021R0783,CITES,2021.0,2021.0
32021R1060R(05),32018R1046,CITES,2021.0,2018.0
32021R1060R(05),32016R0679R(02),CITES,2021.0,2016.0
32021R1060R(05),32018R1725R(02),CITES,2021.0,2018.0
32021R1060R(05),32018R1999R(06),CITES,2021.0,2018.0
32021R1060R(05),32013R1316,CITES,2021.0,2013.0
32021R1060R(05),32011R1176,CITES,2021.0,2011.0
32021R1060R(05),32020R0852R(06),CITES,2021.0,2020.0
32021R1060R(05),32011R0182R(02),CITES,2021.0,2011.0
32021R1060R(05),32010R0407,CITES,2021.0,2010.0
32021R1060R(05),32014R0651R(05),CITES,2021.0,2014.0
32021R1060R(05),32021R1058,CITES,2021.0,2021.0
32021R1060R(05),32021R0241R(02),CITES,2021.0,2021.0
32021R1060R(05),32013R1407,CITES,2021.0,2013.0
32021R1060R(05),32014R0283,CITES,2021.0,2014.0
32021R1060R(05),32021R0523,CITES,2021.0,2021.0
32021R1060R(05),32014L0024R(15),CITES,2021.0,2014.0
32021R1060R(05),32021R0695R(03),CITES,2021.0,2021.0
32019R0876R(16),32010R1093,CITES,2019.0,2010.0
32019R0876R(16),32014R0680,CITES,2019.0,2014.0
32019R0876R(16),32009L0065R(07),CITES,2019.0,2009.0
32019R0876R(16),32015L2366R(06),CITES,2019.0,2015.0
32019R0876R(16),32013R1024R(02),CITES,2019.0,2013.0
32019R0876R(16),32014R0909R(06),CITES,2019.0,2014.0
32019R0876R(16),32016R0679R(02),CITES,2019.0,2016.0
32019R0876R(16),32013L0034R(07),CITES,2019.0,2013.0
32019R0876R(16),32010R1095,CITES,2019.0,2010.0
32019R0876R(16),32004L0109R(01),CITES,2019.0,2004.0
32019R0876R(16),32014L0059R(14),CITES,2019.0,2014.0
32019R0876R(16),32014R0806R(05),CITES,2019.0,2014.0
32019R0876R(16),32014L0065R(01),CITES,2019.0,2014.0
32019R0876R(16),32014L0049R(02),CITES,2019.0,2014.0
32019R0876R(16),32008L0048R(08),CITES,2019.0,2008.0
32019R0876R(16),32013L0036R(07),CITES,2019.0,2013.0
32019R0876R(16),32011L0061R(02),CITES,2019.0,2011.0
32019R0876R(16),32017R2402R(01),CITES,2019.0,2017.0
32014R1300R(07),32010D0713,CITES,2014.0,2010.0
32017R0373R(05),32011R1178R(10),CITES,2017.0,2011.0
32017R0373R(05),32012R0965R(04),CITES,2017.0,2012.0
32017R0373R(05),32014R0139R(11),CITES,2017.0,2014.0
32017R0373R(05),32012R0923R(22),CITES,2017.0,2012.0
32017R0373R(05),32015R0340R(11),CITES,2017.0,2015.0
32007R0861R(03),32006R1896R(08),CITES,2007.0,2006.0
32019R0263,32018R1046,CITES,2019.0,2018.0
32020R0469R(02),32005R2150,CITES,2020.0,2005.0
32022D2410,32017D1937,CITES,2022.0,2017.0
32022D2410,32019D0392,CITES,2022.0,2019.0
32023R1804R(01),32018R0858R(08),CITES,2023.0,2018.0
32023R1804R(01),32015L2366R(06),CITES,2023.0,2015.0
32023R1804R(01),32018L2001R(10),CITES,2023.0,2018.0
32023R1804R(01),32018R1139R(04),CITES,2023.0,2018.0
32023R1804R(01),32021R2085,CITES,2023.0,2021.0
32023R1804R(01),32009L0033R(02),CITES,2023.0,2009.0
32023R1804R(01),32014L0023R(05),CITES,2023.0,2014.0
32023R1804R(01),32010L0031R(03),CITES,2023.0,2010.0
32023R1804R(01),32022R0670,CITES,2023.0,2022.0
32023R1804R(01),32019R0631R(01),CITES,2023.0,2019.0
32023R1804R(01),32011R0182R(02),CITES,2023.0,2011.0
32023R1804R(01),32010L0040,CITES,2023.0,2010.0
32023R1804R(01),32017R0352R(01),CITES,2023.0,2017.0
32023R1804R(01),32019L0882R(01),CITES,2023.0,2019.0
32023R1804R(01),32012R1025,CITES,2023.0,2012.0
32023R1804R(01),32013R1315,CITES,2023.0,2013.0
32023R1804R(01),32019R1242R(01),CITES,2023.0,2019.0
32023R1804R(01),32023R1805,CITES,2023.0,2023.0
32023R1804R(01),32019R0943R(03),CITES,2023.0,2019.0
32023R1804R(01),32019L0944R(05),CITES,2023.0,2019.0
32023R1804R(01),32015R0757R(01),CITES,2023.0,2015.0
32023R1804R(01),32022R1012,CITES,2023.0,2022.0
32021D2243,32016R0679R(02),CITES,2021.0,2016.0
32021D2243,32016R0794R(05),CITES,2021.0,2016.0
32021D2243,32017D0046,CITES,2021.0,2017.0
32021D2243,32018R1725R(02),CITES,2021.0,2018.0
32021D2243,32016L0680R(03),CITES,2021.0,2016.0
32021D2243,32017R1939R(02),CITES,2021.0,2017.0
32023R1115R(01),32011R0182R(02),CITES,2023.0,2011.0
32023R1115R(01),32016R0679R(02),CITES,2023.0,2016.0
32023R1115R(01),32013R0952R(10),CITES,2023.0,2013.0
32023R1115R(01),32021R0240R(01),CITES,2023.0,2021.0
32023R1115R(01),32022D0591,CITES,2023.0,2022.0
32023R1115R(01),32018R1725R(02),CITES,2023.0,2018.0
32023R1115R(01),32019L1937R(01),CITES,2023.0,2019.0
32023R1115R(01),32019L1024,CITES,2023.0,2019.0
32023R1115R(01),32021R1119,CITES,2023.0,2021.0
32023R1115R(01),32013L0034R(07),CITES,2023.0,2013.0
32023R1115R(01),32018L2001R(10),CITES,2023.0,2018.0
32023R1115R(01),32008L0098R(03),CITES,2023.0,2008.0
32023R1115R(01),32022R2399,CITES,2023.0,2022.0
32023R1115R(01),32019R1020R(05),CITES,2023.0,2019.0
32022D1108,32013D1313R(01),CITES,2022.0,2013.0
32022D1108,32013R0952R(10),CITES,2022.0,2013.0
32022D0382R(02),32016R0679R(02),CITES,2022.0,2016.0
32022D0382R(02),32021R0836,CITES,2022.0,2021.0
32022D0382R(02),32021R1147R(02),CITES,2022.0,2021.0
32022D0382R(02),32018D1993R(01),CITES,2022.0,2018.0
32018L0822R(04),32016L2258,CITES,2018.0,2016.0
32018L0822R(04),32016L1164R(03),CITES,2018.0,2016.0
32018L0822R(04),32014L0107,CITES,2018.0,2014.0
32018L0822R(04),32011R0182R(02),CITES,2018.0,2011.0
32018L0822R(04),32015L0849R(03),CITES,2018.0,2015.0
32018L0844,32009L0072,CITES,2018.0,2009.0
32018L0844,32009L0148,CITES,2018.0,2009.0
32018L0844,32014L0094,CITES,2018.0,2014.0
32018L0844,32011R0182R(02),CITES,2018.0,2011.0
32018L0844,32016L2284,CITES,2018.0,2016.0
32018D2059,32015L0849R(03),CITES,2018.0,2015.0
32018D2059,32015R0847,CITES,2018.0,2015.0
32018D2059,32016R1675,CITES,2018.0,2016.0
32021D1822,32019R2175R(01),CITES,2021.0,2019.0
32013R1074R(01),32013R1071,CITES,2013.0,2013.0
32013R1074R(01),32013R0549,CITES,2013.0,2013.0
32019R2099R(01),32010R1095,CITES,2019.0,2010.0
32019R2099R(01),32013R1024R(02),CITES,2019.0,2013.0
32019R2099R(01),32019R0834,CITES,2019.0,2019.0
32019R2099R(01),32011R0182R(02),CITES,2019.0,2011.0
32019L0882R(01),32010R1177R(01),CITES,2019.0,2010.0
32019L0882R(01),32014L0092R(01),CITES,2019.0,2014.0
32019L0882R(01),32008L0057,CITES,2019.0,2008.0
32019L0882R(01),32016L2102R(03),CITES,2019.0,2016.0
32019L0882R(01),32017L1564R(01),CITES,2019.0,2017.0
32019L0882R(01),32014L0065R(01),CITES,2019.0,2014.0
32019L0882R(01),32008L0048R(08),CITES,2019.0,2008.0
32019L0882R(01),32018L1972R(04),CITES,2019.0,2018.0
32019L0882R(01),32012L0034R(06),CITES,2019.0,2012.0
32019L0882R(01),32009L0110R(03),CITES,2019.0,2009.0
32019L0882R(01),32014L0024R(15),CITES,2019.0,2014.0
32019L0882R(01),32011L0083R(05),CITES,2019.0,2011.0
32019L0882R(01),32010L0013R(03),CITES,2019.0,2010.0
32019L0882R(01),32017R1563R(01),CITES,2019.0,2017.0
32019L0882R(01),32008D0768R(02),CITES,2019.0,2008.0
32019L0882R(01),32007R1371,CITES,2019.0,2007.0
32019L0882R(01),32006L0123,CITES,2019.0,2006.0
32019L0882R(01),32014L0017R(04),CITES,2019.0,2014.0
32019L0882R(01),32015L2366R(06),CITES,2019.0,2015.0
32019L0882R(01),32008R0765R(03),CITES,2019.0,2008.0
32019L0882R(01),32012R1025,CITES,2019.0,2012.0
32019L0882R(01),32014L0025R(07),CITES,2019.0,2014.0
32019L0882R(01),32011R0182R(02),CITES,2019.0,2011.0
32019L0882R(01),32011R0181R(01),CITES,2019.0,2011.0
32019L0882R(01),32014L0023R(05),CITES,2019.0,2014.0
32013R1072,32013R0549,CITES,2013.0,2013.0
32013R1072,32010R1096,CITES,2013.0,2010.0
32013R1072,32007O0009,CITES,2013.0,2007.0
32013R1072,32013R1071,CITES,2013.0,2013.0
32017R1485,32016R1447R(01),CITES,2017.0,2016.0
32017R1485,32009L0072,CITES,2017.0,2009.0
32017R1485,32016R0631R(04),CITES,2017.0,2016.0
32017R1485,32015R1222R(03),CITES,2017.0,2015.0
32017R1485,32009R0713,CITES,2017.0,2009.0
32017R1485,32016R1388R(03),CITES,2017.0,2016.0
32017R1485,32016R1719R(01),CITES,2017.0,2016.0
32017R1485,32013R0543R(02),CITES,2017.0,2013.0
32017R1485,32008L0114,CITES,2017.0,2008.0
32021R1722,32010R1093,CITES,2021.0,2010.0
32021R1722,32009L0110R(03),CITES,2021.0,2009.0
32019R1148,32014R0910R(09),CITES,2019.0,2014.0
32019R1148,32013L0029R(05),CITES,2019.0,2013.0
32019R1148,32015R2219,CITES,2019.0,2015.0
32019R1148,32014L0090R(05),CITES,2019.0,2014.0
32019R1148,32009F0315R(03),CITES,2019.0,2009.0
32019R1148,32013R0952R(10),CITES,2019.0,2013.0
32019R1148,32016R0679R(02),CITES,2019.0,2016.0
32019R1148,32013R1306R(05),CITES,2019.0,2013.0
32012D0274,32006R1987,CITES,2012.0,2006.0
32012D0274,32008D0146,CITES,2012.0,2008.0
32012D0274,32011D0350,CITES,2012.0,2011.0
32012D0274,32010D0049,CITES,2012.0,2010.0
32019D0115,62010CJ0124,CITES,2019.0,2010.0
32019D0115,32005D0842,CITES,2019.0,2005.0
32019D0115,32006L0111,CITES,2019.0,2006.0
32019D0115,32012D0636,CITES,2019.0,2012.0
32019D0115,32009D0554,CITES,2019.0,2009.0
32019D0115,62006CJ0341,CITES,2019.0,2006.0
32019D0115,62008CJ0078,CITES,2019.0,2008.0
32019D0115,32012D0321,CITES,2019.0,2012.0
32019D0115,32004R0794R(04),CITES,2019.0,2004.0
32019D0115,32015R1589R(02),CITES,2019.0,2015.0
32019D0115,32008L0006R(03),CITES,2019.0,2008.0
32019D0115,62000CJ0280,CITES,2019.0,2000.0
32015L2366R(06),32006L0043R(04),CITES,2015.0,2006.0
32015L2366R(06),32005L0029R(03),CITES,2015.0,2005.0
32015L2366R(06),32015R0847,CITES,2015.0,2015.0
32015L2366R(06),32013R1024R(02),CITES,2015.0,2013.0
32015L2366R(06),32013R0575R(02),CITES,2015.0,2013.0
32015L2366R(06),32014L0092R(01),CITES,2015.0,2014.0
32015L2366R(06),32012R0260R(01),CITES,2015.0,2012.0
32015L2366R(06),32013L0034R(07),CITES,2015.0,2013.0
32015L2366R(06),32015L2366R(06),CITES,2015.0,2015.0
32015L2366R(06),32013L0011R(01),CITES,2015.0,2013.0
32015L2366R(06),32014L0049R(02),CITES,2015.0,2014.0
32015L2366R(06),32009R0924,CITES,2015.0,2009.0
32015L2366R(06),32014R0241R(02),CITES,2015.0,2014.0
32015L2366R(06),32008R0593R(01),CITES,2015.0,2008.0
32015L2366R(06),32008L0048R(08),CITES,2015.0,2008.0
32015L2366R(06),32015L0849R(03),CITES,2015.0,2015.0
32015L2366R(06),32015R0751R(01),CITES,2015.0,2015.0
32015L2366R(06),32006L0112R(20),CITES,2015.0,2006.0
32015L2366R(06),32011L0083R(05),CITES,2015.0,2011.0
32024R2803,32009D0320,CITES,2024.0,2009.0
32024R2803,32014L0024R(15),CITES,2024.0,2014.0
32024R2803,32021R0116,CITES,2024.0,2021.0
32024R2803,32005R2111R(06),CITES,2024.0,2005.0
32024R2803,32021R1119,CITES,2024.0,2021.0
32024R2803,32023D2109,CITES,2024.0,2023.0
32024R2803,32014L0025R(07),CITES,2024.0,2014.0
32024R2803,32019D0709,CITES,2024.0,2019.0
32024R2803,32011R0182R(02),CITES,2024.0,2011.0
32016R0545,32010R0913R(02),CITES,2016.0,2010.0
32011R0390,32010R1071,CITES,2011.0,2010.0
32011R0390,32010R0590,CITES,2011.0,2010.0
32011R0390,32008R0351,CITES,2011.0,2008.0
32008R0715,32008R0351,CITES,2008.0,2008.0
32008R0715,32006R0473,CITES,2008.0,2006.0
32008R0715,32008R0331,CITES,2008.0,2008.0
32023R2878R(04),32014D0145R(05),CITES,2023.0,2014.0
32023R2878R(04),32012R0258R(04),CITES,2023.0,2012.0
32023R2878R(04),32015R2447R(13),CITES,2023.0,2015.0
32023R2878R(04),32021R0821R(03),CITES,2023.0,2021.0
32023R2878R(04),32014R0269R(03),CITES,2023.0,2014.0
32018D0704,32017D0553,CITES,2018.0,2017.0
32018D0704,32013R0390,CITES,2018.0,2013.0
32018D0704,32014D0132,CITES,2018.0,2014.0
32018D0704,32017D2376,CITES,2018.0,2017.0
32019R1020R(05),32013L0029R(05),CITES,2019.0,2013.0
32019R1020R(05),32014L0031R(03),CITES,2019.0,2014.0
32019R1020R(05),32013R0883R(02),CITES,2019.0,2013.0
32019R1020R(05),32011R0182R(02),CITES,2019.0,2011.0
32019R1020R(05),32009L0125R(02),CITES,2019.0,2009.0
32019R1020R(05),32014L0035,CITES,2019.0,2014.0
32019R1020R(05),32014L0053R(02),CITES,2019.0,2014.0
32019R1020R(05),32013R0168R(03),CITES,2019.0,2013.0
32019R1020R(05),32013R0952R(10),CITES,2019.0,2013.0
32019R1020R(05),32017R0745R(02),CITES,2019.0,2017.0
32019R1020R(05),32015L1535,CITES,2019.0,2015.0
32019R1020R(05),32018R1724,CITES,2019.0,2018.0
32019R1020R(05),32014L0032R(02),CITES,2019.0,2014.0
32019R1020R(05),32018R1046,CITES,2019.0,2018.0
32019R1020R(05),32017R0746R(06),CITES,2019.0,2017.0
32019R1020R(05),32013R0167R(04),CITES,2019.0,2013.0
32019R1020R(05),32018R0858R(08),CITES,2019.0,2018.0
32019R1020R(05),32014L0030R(02),CITES,2019.0,2014.0
32019R1020R(05),32009L0048,CITES,2019.0,2009.0
32019R1020R(05),32018R1725R(02),CITES,2019.0,2018.0
32019R1020R(05),32014L0090R(05),CITES,2019.0,2014.0
32019R1020R(05),32016R0679R(02),CITES,2019.0,2016.0
32019R1020R(05),32017R1369R(01),CITES,2019.0,2017.0
32017D0503,62012CJ0262,CITES,2017.0,2012.0
32017D0503,62012CJ0204,CITES,2017.0,2012.0
32017D0503,61998CJ0379,CITES,2017.0,1998.0
32017D0503,32009L0072,CITES,2017.0,2009.0
32017D0503,62008CJ0279,CITES,2017.0,2008.0
32017D0503,62000CJ0280,CITES,2017.0,2000.0
32019O0016,32014R0909R(06),CITES,2019.0,2014.0
32023D0376,32009R0713,CITES,2023.0,2009.0
32023D0376,32005L0089,CITES,2023.0,2005.0
32023D0376,32009R0714,CITES,2023.0,2009.0
32018D0859,62002CJ0183,CITES,2018.0,2002.0
32018D0859,62006CJ0494,CITES,2018.0,2006.0
32018D0859,62003CJ0172,CITES,2018.0,2003.0
32018D0859,62006CJ0441,CITES,2018.0,2006.0
32018D0859,62009CJ0106,CITES,2018.0,2009.0
32018D0859,62013CJ0271,CITES,2018.0,2013.0
32018D0859,62004TJ0427,CITES,2018.0,2004.0
32018D0859,62009CJ0480,CITES,2018.0,2009.0
32018D0859,62009CJ0138,CITES,2018.0,2009.0
32018D0859,32004R0794R(04),CITES,2018.0,2004.0
32018D0859,62008CJ0078,CITES,2018.0,2008.0
32018D0859,62003CJ0182,CITES,2018.0,2003.0
32018D0859,62012CJ0006,CITES,2018.0,2012.0
32018D0859,32005D0709,CITES,2018.0,2005.0
32018D0859,32007D0256,CITES,2018.0,2007.0
32018D0859,62015CJ0211,CITES,2018.0,2015.0
32018D0859,32006D0621,CITES,2018.0,2006.0
32018D0859,62002CJ0066,CITES,2018.0,2002.0
32018D0859,62013CJ0522,CITES,2018.0,2013.0
32018D0859,62010CJ0417,CITES,2018.0,2010.0
32018D0859,62015CJ0020,CITES,2018.0,2015.0
32018D0859,32015R1589R(02),CITES,2018.0,2015.0
32018D0859,62014CJ0015,CITES,2018.0,2014.0
32018D0859,62004CJ0222,CITES,2018.0,2004.0
32018D0859,62009CJ0071,CITES,2018.0,2009.0
32018D0859,62005TJ0415,CITES,2018.0,2005.0
32018D0859,62015CJ0270,CITES,2018.0,2015.0
32017R1925,32016D0971,CITES,2017.0,2016.0
32024D2585,32021D0689R(02),CITES,2024.0,2021.0
32024R1624,32014L0024R(15),CITES,2024.0,2014.0
32024R1624,32009L0065R(07),CITES,2024.0,2009.0
32024R1624,32009R0116R(01),CITES,2024.0,2009.0
32024R1624,32017L1371R(02),CITES,2024.0,2017.0
32024R1624,32013R0883R(02),CITES,2024.0,2013.0
32024R1624,32009L0138R(01),CITES,2024.0,2009.0
32024R1624,32004L0109R(01),CITES,2024.0,2004.0
32024R1624,32015R0751R(01),CITES,2024.0,2015.0
32024R1624,32023R1113,CITES,2024.0,2023.0
32024R1624,32010D0413R(02),CITES,2024.0,2010.0
32024R1624,32014R0909R(06),CITES,2024.0,2014.0
32024R1624,32014L0065R(01),CITES,2024.0,2014.0
32024R1624,32018R1725R(02),CITES,2024.0,2018.0
32024R1624,32018L0843R(01),CITES,2024.0,2018.0
32024R1624,32016R0679R(02),CITES,2024.0,2016.0
32024R1624,32024L1640R(01),CITES,2024.0,2024.0
32024R1624,32011L0016,CITES,2024.0,2011.0
32024R1624,32016D0849R(01),CITES,2024.0,2016.0
32024R1624,32011R0182R(02),CITES,2024.0,2011.0
32024R1624,32014L0017R(04),CITES,2024.0,2014.0
32024R1624,32019L1937R(01),CITES,2024.0,2019.0
32024R1624,32017R1509R(02),CITES,2024.0,2017.0
32024R1624,32016L0680R(03),CITES,2024.0,2016.0
32024R1624,32013R0575R(02),CITES,2024.0,2013.0
32024R1624,32018R1672R(02),CITES,2024.0,2018.0
32024R1624,32011L0061R(02),CITES,2024.0,2011.0
32024R1624,32012R0267R(07),CITES,2024.0,2012.0
32024R1624,32013L0034R(07),CITES,2024.0,2013.0
32024R1624,32015L2366R(06),CITES,2024.0,2015.0
32024R1624,32017L0541,CITES,2024.0,2017.0
32024R1624,32024R1620R(01),CITES,2024.0,2024.0
32024R1624,32016L0097,CITES,2024.0,2016.0
32024R1624,32020R1503R(01),CITES,2024.0,2020.0
32024R1624,32018L1673,CITES,2024.0,2018.0
32024R1624,32013L0036R(07),CITES,2024.0,2013.0
32024R1624,32014R0910R(09),CITES,2024.0,2014.0
32024R1624,32016L2341R(02),CITES,2024.0,2016.0
32024R1624,32014L0092R(01),CITES,2024.0,2014.0
32024R1624,32008L0048R(08),CITES,2024.0,2008.0
32024R1624,32015L0849R(03),CITES,2024.0,2015.0
32024R1624,32009L0110R(03),CITES,2024.0,2009.0
32024R1624,32023R1114R(05),CITES,2024.0,2023.0
32024D3184,32022D2443,CITES,2024.0,2022.0
32024D3184,32021D0509R(01),CITES,2024.0,2021.0
32024D3184,32012D0389,CITES,2024.0,2012.0
32016D0849R(01),32009R0428R(04),CITES,2016.0,2009.0
32014R1222,32010R1093,CITES,2014.0,2010.0
32022R2065R(02),32019L0790R(01),CITES,2022.0,2019.0
32022R2065R(02),32019R1150,CITES,2022.0,2019.0
32022R2065R(02),32019L0882R(01),CITES,2022.0,2019.0
32022R2065R(02),32018L1972R(04),CITES,2022.0,2018.0
32022R2065R(02),32018R1046,CITES,2022.0,2018.0
32022R2065R(02),32012R1215R(10),CITES,2022.0,2012.0
32022R2065R(02),32015L1535,CITES,2022.0,2015.0
32022R2065R(02),32014R0910R(09),CITES,2022.0,2014.0
32022R2065R(02),32016L0943R(01),CITES,2022.0,2016.0
32022R2065R(02),32016R0679R(02),CITES,2022.0,2016.0
32022R2065R(02),32021L0514R(02),CITES,2022.0,2021.0
32022R2065R(02),32011R0182R(02),CITES,2022.0,2011.0
32022R2065R(02),32016R0794R(05),CITES,2022.0,2016.0
32022R2065R(02),32005L0029R(03),CITES,2022.0,2005.0
32022R2065R(02),32019R1020R(05),CITES,2022.0,2019.0
32022R2065R(02),32010L0013R(03),CITES,2022.0,2010.0
32022R2065R(02),32011L0083R(05),CITES,2022.0,2011.0
32022R2065R(02),32017L0541,CITES,2022.0,2017.0
32022R2065R(02),32019R1148,CITES,2022.0,2019.0
32022R2065R(02),32018R1725R(02),CITES,2022.0,2018.0
32022R2065R(02),32021R1232,CITES,2022.0,2021.0
32022R2065R(02),32021R0784R(01),CITES,2022.0,2021.0
32022R2065R(02),32013L0011R(01),CITES,2022.0,2013.0
32022R2065R(02),32011L0093R(02),CITES,2022.0,2011.0
32025L0516,32017L2455R(06),CITES,2025.0,2017.0
32025L0516,32019L1995,CITES,2025.0,2019.0
32025L0516,32011R0182R(02),CITES,2025.0,2011.0
32025L0516,32010L0024,CITES,2025.0,2010.0
32025L0516,32022R2065R(02),CITES,2025.0,2022.0
32025L0516,32022L0542R(03),CITES,2025.0,2022.0
32025L0516,32008L0009,CITES,2025.0,2008.0
32025L0516,32014L0055,CITES,2025.0,2014.0
32025L0516,32010R0904R(04),CITES,2025.0,2010.0
32016D0610,32013D0488R(01),CITES,2016.0,2013.0
32016D0610,32015D0528,CITES,2016.0,2015.0
32016D0610,32009D0937R(01),CITES,2016.0,2009.0
32024R2019,32021R0782R(02),CITES,2024.0,2021.0
32024R2019,32010R1177R(01),CITES,2024.0,2010.0
32024R2019,32011R0181R(01),CITES,2024.0,2011.0
32022D0637,32022D0472,CITES,2022.0,2022.0
32022D0637,32021D0509R(01),CITES,2022.0,2021.0
32021R1061,32020R2180,CITES,2021.0,2020.0
32022D0810,32022D0637,CITES,2022.0,2022.0
32022D0810,32022D0472,CITES,2022.0,2022.0
32022D0810,32021D0509R(01),CITES,2022.0,2021.0
32024L1788,32019R0941,CITES,2024.0,2019.0
32024L1788,32019R0942R(01),CITES,2024.0,2019.0
32024L1788,32024L1275,CITES,2024.0,2024.0
32024L1788,32015L1535,CITES,2024.0,2015.0
32024L1788,32021R1119,CITES,2024.0,2021.0
32024L1788,32009R0401R(01),CITES,2024.0,2009.0
32024L1788,32018L2001R(10),CITES,2024.0,2018.0
32024L1788,32022R0996R(01),CITES,2024.0,2022.0
32024L1788,32017D0684,CITES,2024.0,2017.0
32024L1788,32016R0679R(02),CITES,2024.0,2016.0
32024L1788,32024R1789R(03),CITES,2024.0,2024.0
32024L1788,32019R0943R(03),CITES,2024.0,2019.0
32024L1788,32023R1805,CITES,2024.0,2023.0
32024L1788,32021R0240R(01),CITES,2024.0,2021.0
32024L1788,32024R1787,CITES,2024.0,2024.0
32024L1788,32023R0857,CITES,2024.0,2023.0
32024L1788,32023L0959R(06),CITES,2024.0,2023.0
32024L1788,32015R0703,CITES,2024.0,2015.0
32024L1788,32013L0034R(07),CITES,2024.0,2013.0
32024L1788,32019L0944R(05),CITES,2024.0,2019.0
32024L1788,32020H1563,CITES,2024.0,2020.0
32024L1788,32016R1952,CITES,2024.0,2016.0
32024L1788,32011L0083R(05),CITES,2024.0,2011.0
32024L1788,32023L2413,CITES,2024.0,2023.0
32024L1788,32023R2405R(02),CITES,2024.0,2023.0
32024L1788,32013L0011R(01),CITES,2024.0,2013.0
32024L1788,32014L0065R(01),CITES,2024.0,2014.0
32024L1788,62017CJ0543,CITES,2024.0,2017.0
32024L1788,32015L2366R(06),CITES,2024.0,2015.0
32024L1788,32011R1227,CITES,2024.0,2011.0
32024L1788,32010R1095,CITES,2024.0,2010.0
32024L1788,32011R0182R(02),CITES,2024.0,2011.0
32024L1788,32017L1132R(03),CITES,2024.0,2017.0
32024L1788,32017R1938R(01),CITES,2024.0,2017.0
32024L1788,32018L2002,CITES,2024.0,2018.0
32005D0468,32004R0794R(04),CITES,2005.0,2004.0
32017D0684,32010R0994,CITES,2017.0,2010.0
32011L0092R(02),32008L0001,CITES,2011.0,2008.0
32010R0904R(04),32006L0112R(20),CITES,2010.0,2006.0
32010R0904R(04),32006R1893R(02),CITES,2010.0,2006.0
32010R0904R(04),32008L0009,CITES,2010.0,2008.0
32013D0206,32012R0555,CITES,2013.0,2012.0
32013R1303R(04),32010R0407,CITES,2013.0,2010.0
32013R1303R(04),32011R0182R(02),CITES,2013.0,2011.0
32013R1303R(04),32006R1998,CITES,2013.0,2006.0
32013R1303R(04),32013R1316,CITES,2013.0,2013.0
32013R1303R(04),32013R1291,CITES,2013.0,2013.0
32013R1303R(04),32013R0575R(02),CITES,2013.0,2013.0
32013R1303R(04),32013R1305R(01),CITES,2013.0,2013.0
32013R1303R(04),32013R1304R(03),CITES,2013.0,2013.0
32013R1303R(04),32012R0966,CITES,2013.0,2012.0
32013R1303R(04),32013R1311R(04),CITES,2013.0,2013.0
32013R1303R(04),32013L0036R(07),CITES,2013.0,2013.0
32013R1303R(04),32013R1306R(05),CITES,2013.0,2013.0
32013R1303R(04),32011R1176,CITES,2013.0,2011.0
32013R1303R(04),32013R1301R(02),CITES,2013.0,2013.0
32014R1321R(03),32012R0748R(15),CITES,2014.0,2012.0
32017R0746R(06),32011L0024R(04),CITES,2017.0,2011.0
32017R0746R(06),32015L1535,CITES,2017.0,2015.0
32017R0746R(06),32017R0745R(02),CITES,2017.0,2017.0
32017R0746R(06),32014L0030R(02),CITES,2017.0,2014.0
32017R0746R(06),32008D0768R(02),CITES,2017.0,2008.0
32017R0746R(06),32011R0182R(02),CITES,2017.0,2011.0
32017R0746R(06),32012R1025,CITES,2017.0,2012.0
32017R0746R(06),32008R0765R(03),CITES,2017.0,2008.0
32011H0217,32009R0352,CITES,2011.0,2009.0
32015R0534R(01),32013L0036R(07),CITES,2015.0,2013.0
32015R0534R(01),32013R0575R(02),CITES,2015.0,2013.0
32015R0534R(01),32014R0680,CITES,2015.0,2014.0
32014D0335,32013R0549,CITES,2014.0,2013.0
32014D0335,32007D0436R(01),CITES,2014.0,2007.0
32023L2413,32010L0031R(03),CITES,2023.0,2010.0
32023L2413,32008L0098R(03),CITES,2023.0,2008.0
32023L2413,32022R0996R(01),CITES,2023.0,2022.0
32023L2413,32012L0027R(01),CITES,2023.0,2012.0
32023L2413,32006R1893R(02),CITES,2023.0,2006.0
32023L2413,32023R1115R(01),CITES,2023.0,2023.0
32023L2413,32009L0147R(01),CITES,2023.0,2009.0
32023L2413,32021R1056,CITES,2023.0,2021.0
32023L2413,32022R0869,CITES,2023.0,2022.0
32023L2413,32023R1542R(01),CITES,2023.0,2023.0
32023L2413,32018R0858R(08),CITES,2023.0,2018.0
32023L2413,32018R0841,CITES,2023.0,2018.0
32023L2413,32021R0240R(01),CITES,2023.0,2021.0
32023L2413,32021H2279,CITES,2023.0,2021.0
32023L2413,62017CJ0543,CITES,2023.0,2017.0
32023L2413,32022D0591,CITES,2023.0,2022.0
32023L2413,32023R2405R(02),CITES,2023.0,2023.0
32023L2413,32009L0073,CITES,2023.0,2009.0
32023L2413,32011L0092R(02),CITES,2023.0,2011.0
32023L2413,32017R1369R(01),CITES,2023.0,2017.0
32023L2413,32023L1791R(03),CITES,2023.0,2023.0
32023L2413,32009L0125R(02),CITES,2023.0,2009.0
32023L2413,32014L0089R(01),CITES,2023.0,2014.0
32023L2413,32020R1294,CITES,2023.0,2020.0
32023L2413,32023R1804R(01),CITES,2023.0,2023.0
32023L2413,32008R1099,CITES,2023.0,2008.0
32023L2413,32023R1805,CITES,2023.0,2023.0
32023L2413,32008L0056,CITES,2023.0,2008.0
32023L2413,32009R0401R(01),CITES,2023.0,2009.0
32023L2413,32021R1119,CITES,2023.0,2021.0
32023L2413,32019L0944R(05),CITES,2023.0,2019.0
32023L2413,32021H1749,CITES,2023.0,2021.0
32023L2413,32019R0943R(03),CITES,2023.0,2019.0
32014R1323,32014D0901,CITES,2014.0,2014.0
32024R1620R(01),32023R1113,CITES,2024.0,2023.0
32024R1620R(01),32014R0537R(06),CITES,2024.0,2014.0
32024R1620R(01),32024L1640R(01),CITES,2024.0,2024.0
32024R1620R(01),32016R0679R(02),CITES,2024.0,2016.0
32024R1620R(01),32016R0300,CITES,2024.0,2016.0
32024R1620R(01),32014L0017R(04),CITES,2024.0,2014.0
32024R1620R(01),32008L0048R(08),CITES,2024.0,2008.0
32024R1620R(01),32013L0034R(07),CITES,2024.0,2013.0
32024R1620R(01),32013R0575R(02),CITES,2024.0,2013.0
32024R1620R(01),32023R1114R(05),CITES,2024.0,2023.0
32024R1620R(01),32018R1727R(07),CITES,2024.0,2018.0
32024R1620R(01),32015L2366R(06),CITES,2024.0,2015.0
32024R1620R(01),32019R0715,CITES,2024.0,2019.0
32024R1620R(01),32018R1046,CITES,2024.0,2018.0
32024R1620R(01),32013L0036R(07),CITES,2024.0,2013.0
32024R1620R(01),32018R1725R(02),CITES,2024.0,2018.0
32024R1620R(01),32015D0444,CITES,2024.0,2015.0
32024R1620R(01),32009L0110R(03),CITES,2024.0,2009.0
32024R1620R(01),32014L0065R(01),CITES,2024.0,2014.0
32024R1620R(01),32014L0059R(14),CITES,2024.0,2014.0
32024R1620R(01),32014L0049R(02),CITES,2024.0,2014.0
32024R1620R(01),32015L0849R(03),CITES,2024.0,2015.0
32024R1620R(01),32021R0240R(01),CITES,2024.0,2021.0
32024R1620R(01),32009L0138R(01),CITES,2024.0,2009.0
32024R1620R(01),32016R0794R(05),CITES,2024.0,2016.0
32024R1620R(01),32017R1939R(02),CITES,2024.0,2017.0
32024R1620R(01),32013R0883R(02),CITES,2024.0,2013.0
32024R1620R(01),32019L1937R(01),CITES,2024.0,2019.0
32024R1620R(01),32024R1624,CITES,2024.0,2024.0
32024R1620R(01),32013R1024R(02),CITES,2024.0,2013.0
32024R1620R(01),32014L0056R(01),CITES,2024.0,2014.0
32024R1620R(01),32015D0443,CITES,2024.0,2015.0
32015R0010,32007R1370R(03),CITES,2015.0,2007.0
32019D1912,32019R0317,CITES,2019.0,2019.0
32025D1051,32019R0123,CITES,2025.0,2019.0
32025D1051,32024D1688,CITES,2025.0,2024.0
32025D1059,32019R0123,CITES,2025.0,2019.0
32025D1059,32024D1688,CITES,2025.0,2024.0
32025D1052,32024D1688,CITES,2025.0,2024.0
32025D1052,32019R0123,CITES,2025.0,2019.0
32025D1050,32024D1688,CITES,2025.0,2024.0
32025D1050,32019R0123,CITES,2025.0,2019.0
32025D1049,32024D1688,CITES,2025.0,2024.0
32025D1049,32019R0123,CITES,2025.0,2019.0
32023R2631,32018R1999R(06),CITES,2023.0,2018.0
32023R2631,32017R1129R(02),CITES,2023.0,2017.0
32023R2631,32014R0537R(06),CITES,2023.0,2014.0
32023R2631,32016D1841,CITES,2023.0,2016.0
32023R2631,32021R2139R(01),CITES,2023.0,2021.0
32023R2631,32010R1095,CITES,2023.0,2010.0
32023R2631,32017R2402R(01),CITES,2023.0,2017.0
32023R2631,32013L0034R(07),CITES,2023.0,2013.0
32023R2631,32021R2178,CITES,2023.0,2021.0
32023R2631,32020R0852R(06),CITES,2023.0,2020.0
32023R2631,32016R1675,CITES,2023.0,2016.0
32023R2631,32021R1119,CITES,2023.0,2021.0
32023R2631,32014L0065R(01),CITES,2023.0,2014.0
32023R2631,32011R0182R(02),CITES,2023.0,2011.0
32023R2631,32010R1093,CITES,2023.0,2010.0
32023R2631,32018R1725R(02),CITES,2023.0,2018.0
32023R2631,32010R1094R(02),CITES,2023.0,2010.0
32024R0982R(01),32022L2555R(06),CITES,2024.0,2022.0
32024R0982R(01),32009F0315R(03),CITES,2024.0,2009.0
32024R0982R(01),32016R0794R(05),CITES,2024.0,2016.0
32024R0982R(01),32019R0816R(02),CITES,2024.0,2019.0
32024R0982R(01),32016L0680R(03),CITES,2024.0,2016.0
32024R0982R(01),32018R1725R(02),CITES,2024.0,2018.0
32024R0982R(01),32011R0182R(02),CITES,2024.0,2011.0
32024R0982R(01),32016R0679R(02),CITES,2024.0,2016.0
32024R0982R(01),32018R1862R(03),CITES,2024.0,2018.0
32024L1711,32023R0955,CITES,2024.0,2023.0
32024L1711,32019R0942R(01),CITES,2024.0,2019.0
32024L1711,32014L0094,CITES,2024.0,2014.0
32024L1711,32019R0943R(03),CITES,2024.0,2019.0
32024L1711,32022R1369,CITES,2024.0,2022.0
32024L1711,32016R0679R(02),CITES,2024.0,2016.0
32024L1711,32016R1719R(01),CITES,2024.0,2016.0
32024L1711,32018R1999R(06),CITES,2024.0,2018.0
32024L1711,32022R2577,CITES,2024.0,2022.0
32024L1711,32022R1854,CITES,2024.0,2022.0
32024L1711,32018L2002,CITES,2024.0,2018.0
32024L1711,32022R0869,CITES,2024.0,2022.0
32024L1711,32022R1032R(01),CITES,2024.0,2022.0
32024L1711,32023L1791R(03),CITES,2024.0,2023.0
32021R1348,32010R1095,CITES,2021.0,2010.0
32021R1348,32019R2175R(01),CITES,2021.0,2019.0
32021D1742,32019R0779R(02),CITES,2021.0,2019.0
32021D1742,32016R2338,CITES,2021.0,2016.0
32021D1742,32016R0796R(01),CITES,2021.0,2016.0
32021D1742,32018R0761R(01),CITES,2021.0,2018.0
32021D1742,32015R0909,CITES,2021.0,2015.0
32021D1742,32019R0776R(04),CITES,2021.0,2019.0
32021D1742,32016R0545,CITES,2021.0,2016.0
32021D1742,32019R0774R(01),CITES,2021.0,2019.0
32021D1742,32018R0763,CITES,2021.0,2018.0
32021D1742,32017R0006,CITES,2021.0,2017.0
32021D1742,32018R0762R(02),CITES,2021.0,2018.0
32021D1742,32019R0554,CITES,2021.0,2019.0
32021D1742,32016L2370,CITES,2021.0,2016.0
32021D1742,32016L0797R(10),CITES,2021.0,2016.0
32021D1742,32015R1100R(01),CITES,2021.0,2015.0
32021D1742,32016L0798R(07),CITES,2021.0,2016.0
32021D1742,32018R1795,CITES,2021.0,2018.0
32021D1742,32017R2177R(02),CITES,2021.0,2017.0
32021D1742,32017D2075R(01),CITES,2021.0,2017.0
32021D1742,32013L0034R(07),CITES,2021.0,2013.0
32021D1742,32015R0171,CITES,2021.0,2015.0
32015R2365,32011L0061R(02),CITES,2015.0,2011.0
32015R2365,32011R0182R(02),CITES,2015.0,2011.0
32015R2365,32009L0138R(01),CITES,2015.0,2009.0
32015R2365,32010R1092,CITES,2015.0,2010.0
32015R2365,32010R1095,CITES,2015.0,2010.0
32015R2365,32006R1287R(01),CITES,2015.0,2006.0
32015R2365,32014R0806R(05),CITES,2015.0,2014.0
32015R2365,32013L0034R(07),CITES,2015.0,2013.0
32015R2365,32013R1024R(02),CITES,2015.0,2013.0
32015R2365,32010R1093,CITES,2015.0,2010.0
32015R2365,32009R0713,CITES,2015.0,2009.0
32015R2365,32004L0025,CITES,2015.0,2004.0
32015R2365,32014L0065R(01),CITES,2015.0,2014.0
32015R2365,32014L0059R(14),CITES,2015.0,2014.0
32015R2365,32009L0065R(07),CITES,2015.0,2009.0
32015R2365,32014R0909R(06),CITES,2015.0,2014.0
32015R2365,32010R1094R(02),CITES,2015.0,2010.0
32015R2365,32013L0036R(07),CITES,2015.0,2013.0
32013O0024,32013R0549,CITES,2013.0,2013.0
32014L0035,32012R1025,CITES,2014.0,2012.0
32014L0035,32008R0765R(03),CITES,2014.0,2008.0
32014L0035,32008D0768R(02),CITES,2014.0,2008.0
32014L0035,32011R0182R(02),CITES,2014.0,2011.0
32014L0031R(03),32008R0765R(03),CITES,2014.0,2008.0
32014L0031R(03),32008D0768R(02),CITES,2014.0,2008.0
32014L0031R(03),32011R0182R(02),CITES,2014.0,2011.0
32014L0030R(02),32011R0182R(02),CITES,2014.0,2011.0
32014L0030R(02),32008R0765R(03),CITES,2014.0,2008.0
32014L0030R(02),32012R1025,CITES,2014.0,2012.0
32014L0030R(02),32008R0216,CITES,2014.0,2008.0
32014L0030R(02),32008D0768R(02),CITES,2014.0,2008.0
32009D0489,32008R0106,CITES,2009.0,2008.0
32018D0817,32013R0149R(01),CITES,2018.0,2013.0
32018D0817,32012R1247,CITES,2018.0,2012.0
32018D0817,32013R0148,CITES,2018.0,2013.0
32018D0817,32014R0667,CITES,2018.0,2014.0
32018D0817,32013R0152,CITES,2018.0,2013.0
32018D0817,32013R0153R(03),CITES,2018.0,2013.0
32018D0817,32012R1249,CITES,2018.0,2012.0
32018D0817,32013R0150,CITES,2018.0,2013.0
32018D0817,32013R0151,CITES,2018.0,2013.0
32014R0833,32014D0145R(05),CITES,2014.0,2014.0
32014R0833,32014R0269R(03),CITES,2014.0,2014.0
32014R0833,32009R0428R(04),CITES,2014.0,2009.0
32024R2809,32013L0034R(07),CITES,2024.0,2013.0
32024R2809,32019L1023,CITES,2024.0,2019.0
32024R2809,32018R1725R(02),CITES,2024.0,2018.0
32024R2809,32017R2402R(01),CITES,2024.0,2017.0
32024R2809,32020R0852R(06),CITES,2024.0,2020.0
32024R2809,32015R0848R(06),CITES,2024.0,2015.0
32024R2809,32017R0565R(06),CITES,2024.0,2017.0
32024R2809,32016R0679R(02),CITES,2024.0,2016.0
32024R2809,32004L0109R(01),CITES,2024.0,2004.0
32024R2809,32014L0065R(01),CITES,2024.0,2014.0
32024R2809,32010R1095,CITES,2024.0,2010.0
32024R2809,32015L0849R(03),CITES,2024.0,2015.0
32024R2809,32023R2631,CITES,2024.0,2023.0
32024R2809,32023R2859,CITES,2024.0,2023.0
32023R2854R(01),32016L0943R(01),CITES,2023.0,2016.0
32023R2854R(01),32015R0847,CITES,2023.0,2015.0
32023R2854R(01),32016R0679R(02),CITES,2023.0,2016.0
32023R2854R(01),32015L0849R(03),CITES,2023.0,2015.0
32023R2854R(01),32018R1807,CITES,2023.0,2018.0
32023R2854R(01),32021R0784R(01),CITES,2023.0,2021.0
32023R2854R(01),32005L0029R(03),CITES,2023.0,2005.0
32023R2854R(01),32019L1024,CITES,2023.0,2019.0
32023R2854R(01),32012R1025,CITES,2023.0,2012.0
32023R2854R(01),32023R1543R(01),CITES,2023.0,2023.0
32023R2854R(01),32023L1544,CITES,2023.0,2023.0
32023R2854R(01),32008R0765R(03),CITES,2023.0,2008.0
32023R2854R(01),32022R2554R(01),CITES,2023.0,2022.0
32023R2854R(01),32019L0882R(01),CITES,2023.0,2019.0
32023R2854R(01),32009R0223,CITES,2023.0,2009.0
32023R2854R(01),32011L0083R(05),CITES,2023.0,2011.0
32023R2854R(01),32018R1725R(02),CITES,2023.0,2018.0
32023R2854R(01),32022R1925R(01),CITES,2023.0,2022.0
32023R2854R(01),32008D0768R(02),CITES,2023.0,2008.0
32023R2854R(01),32019L0770R(03),CITES,2023.0,2019.0
32023R2854R(01),32022R0868,CITES,2023.0,2022.0
32023R2854R(01),32011R0182R(02),CITES,2023.0,2011.0
32023R2854R(01),32022R2065R(02),CITES,2023.0,2022.0
32023R2854R(01),32019L0790R(01),CITES,2023.0,2019.0
32024D0775,32022D1108,CITES,2024.0,2022.0
32024D0775,32022D0382R(02),CITES,2024.0,2022.0
32024D0775,32023D0829,CITES,2024.0,2023.0
32024D0775,32013D1313R(01),CITES,2024.0,2013.0
32024D0775,32013R0952R(10),CITES,2024.0,2013.0
32024R3172,32020R1818,CITES,2024.0,2020.0
32024R3172,32021R0451R(04),CITES,2024.0,2021.0
32024R3172,32010R1093,CITES,2024.0,2010.0
32024R3172,32010L0031R(03),CITES,2024.0,2010.0
32024R3172,32013L0034R(07),CITES,2024.0,2013.0
32024R3172,32013L0036R(07),CITES,2024.0,2013.0
32024R3172,32020R0852R(06),CITES,2024.0,2020.0
32024R3172,32014R1222,CITES,2024.0,2014.0
32024R3172,32024R1623R(01),CITES,2024.0,2024.0
32024R3172,32021R2178,CITES,2024.0,2021.0
32025R0422,32008L0098R(03),CITES,2025.0,2008.0
32025R0422,32025R0305,CITES,2025.0,2025.0
32025R0422,32012L0019,CITES,2025.0,2012.0
32025R0422,32018R1999R(06),CITES,2025.0,2018.0
32025R0422,32018L2001R(10),CITES,2025.0,2018.0
32025R0422,32010R1095,CITES,2025.0,2010.0
32025D0465,32018L1972R(04),CITES,2025.0,2018.0
32019D0513,32015D0444,CITES,2019.0,2015.0
32019D0513,32018R1092,CITES,2019.0,2018.0
32012R0918,32010R1095,CITES,2012.0,2010.0
32012R0918,32012R0919,CITES,2012.0,2012.0
32012R0918,32009L0065R(07),CITES,2012.0,2009.0
32012R0918,32004L0109R(01),CITES,2012.0,2004.0
32014D0486,32013D0488R(01),CITES,2014.0,2013.0
32023R0444R(01),32022D2481,CITES,2023.0,2022.0
32023R0444R(01),32018R1725R(02),CITES,2023.0,2018.0
32023R0444R(01),32022R0612,CITES,2023.0,2022.0
32023R0444R(01),32019L0882R(01),CITES,2023.0,2019.0
32023R0955,32019R0631R(01),CITES,2023.0,2019.0
32023R0955,32018R1046,CITES,2023.0,2018.0
32023R0955,32019L1024,CITES,2023.0,2019.0
32023R0955,32018R1999R(06),CITES,2023.0,2018.0
32023R0955,32014L0094,CITES,2023.0,2014.0
32023R0955,32014L0024R(15),CITES,2023.0,2014.0
32023R0955,32020R2093R(03),CITES,2023.0,2020.0
32023R0955,32021R0241R(02),CITES,2023.0,2021.0
32023R0955,32023L0959R(06),CITES,2023.0,2023.0
32023R0955,32021R1119,CITES,2023.0,2021.0
32023R0955,32009L0033R(02),CITES,2023.0,2009.0
32023R0955,32010L0031R(03),CITES,2023.0,2010.0
32023R0955,32019L0944R(05),CITES,2023.0,2019.0
32023R0955,32018R0842,CITES,2023.0,2018.0
32023R0955,32017L1371R(02),CITES,2023.0,2017.0
32023R0955,32018L2001R(10),CITES,2023.0,2018.0
32023R0955,32020R2092R(04),CITES,2023.0,2020.0
32023R0955,32020R0852R(06),CITES,2023.0,2020.0
32023R0955,32021R0240R(01),CITES,2023.0,2021.0
32023R0955,32018R1725R(02),CITES,2023.0,2018.0
32023R0955,32015L0849R(03),CITES,2023.0,2015.0
32023R0955,32021R0523,CITES,2023.0,2021.0
32023R0955,32019R1700,CITES,2023.0,2019.0
32023R0955,32013R0883R(02),CITES,2023.0,2013.0
32023R0955,32017R1939R(02),CITES,2023.0,2017.0
32023R0955,32016R0679R(02),CITES,2023.0,2016.0
32023R0955,32014R0651R(05),CITES,2023.0,2014.0
32023R0955,32020R2094R(01),CITES,2023.0,2020.0
32023R0955,32021R1056,CITES,2023.0,2021.0
32022D2571R(01),32018L1808,CITES,2022.0,2018.0
32016R1103R(04),32011R0182R(02),CITES,2016.0,2011.0
32016R1103R(04),32012R0650R(04),CITES,2016.0,2012.0
32016R1103R(04),32009R0004R(06),CITES,2016.0,2009.0
32015D1321,32004R0794R(04),CITES,2015.0,2004.0
32015D1321,32005D0346,CITES,2015.0,2005.0
32015D1321,62008TJ0267,CITES,2015.0,2008.0
32015D1321,62006CJ0341,CITES,2015.0,2006.0
32016R0796R(01),32007L0059,CITES,2016.0,2007.0
32016R0796R(01),32012L0034R(06),CITES,2016.0,2012.0
32016R0796R(01),32013R1271,CITES,2016.0,2013.0
32016R0796R(01),32013R0883R(02),CITES,2016.0,2013.0
32016R0796R(01),32015D0444,CITES,2016.0,2015.0
32016R0796R(01),32016L0798R(07),CITES,2016.0,2016.0
32016R0796R(01),32007R1371,CITES,2016.0,2007.0
32016R0796R(01),32012R0966,CITES,2016.0,2012.0
32016R0796R(01),32008L0068,CITES,2016.0,2008.0
32016R0796R(01),32011R0182R(02),CITES,2016.0,2011.0
32016R0796R(01),32008L0057,CITES,2016.0,2008.0
32016R0796R(01),32010R0913R(02),CITES,2016.0,2010.0
32016R0796R(01),32008R0765R(03),CITES,2016.0,2008.0
32016R0796R(01),32013R1315,CITES,2016.0,2013.0
32016R0796R(01),32016L0797R(10),CITES,2016.0,2016.0
32016R1450,32013R0575R(02),CITES,2016.0,2013.0
32016R1450,32014R0909R(06),CITES,2016.0,2014.0
32016R1450,32010R1093,CITES,2016.0,2010.0
32016R1450,32012R0648R(09),CITES,2016.0,2012.0
32016R1450,32013L0036R(07),CITES,2016.0,2013.0
32016L1919,32013L0048R(01),CITES,2016.0,2013.0
32016L1919,32012L0013,CITES,2016.0,2012.0
32016L1919,32010L0064,CITES,2016.0,2010.0
32016L1919,32016L0800,CITES,2016.0,2016.0
32016L1919,32016L0343R(01),CITES,2016.0,2016.0
32018R1541R(01),32016R0679R(02),CITES,2018.0,2016.0
32018R1541R(01),32006L0112R(20),CITES,2018.0,2006.0
32018R1541R(01),32011R0182R(02),CITES,2018.0,2011.0
32018R1541R(01),32008L0009,CITES,2018.0,2008.0
32008L0098R(03),32006R1013R(05),CITES,2008.0,2006.0
32013R0462R(01),32006L0048,CITES,2013.0,2006.0
32013R0462R(01),32010R1093,CITES,2013.0,2010.0
32013R0462R(01),32006L0049,CITES,2013.0,2006.0
32013R0462R(01),32004L0109R(01),CITES,2013.0,2004.0
32013R0462R(01),32010R1095,CITES,2013.0,2010.0
32013R0462R(01),32005L0060,CITES,2013.0,2005.0
32013R0462R(01),32011R0513,CITES,2013.0,2011.0
32013R0462R(01),32010R1094R(02),CITES,2013.0,2010.0
32022R0428R(06),32021R0821R(03),CITES,2022.0,2021.0
32014L0040R(05),32011R0182R(02),CITES,2014.0,2011.0
32014L0040R(05),32005L0029R(03),CITES,2014.0,2005.0
32014L0040R(05),32010L0013R(03),CITES,2014.0,2010.0
32010L0031R(03),32006L0032,CITES,2010.0,2006.0
32010L0031R(03),32009D0406R(01),CITES,2010.0,2009.0
32010L0031R(03),32005L0036R(07),CITES,2010.0,2005.0
32010L0031R(03),32006L0112R(20),CITES,2010.0,2006.0
32021R0931,32010R1093,CITES,2021.0,2010.0
32021R0694R(01),32021R0523,CITES,2021.0,2021.0
32021R0694R(01),32018R1488,CITES,2021.0,2018.0
32021R0694R(01),32016R0679R(02),CITES,2021.0,2016.0
32021R0694R(01),32017L1371R(02),CITES,2021.0,2017.0
32021R0694R(01),32014L0025R(07),CITES,2021.0,2014.0
32021R0694R(01),32020R2093R(03),CITES,2021.0,2020.0
32021R0694R(01),32014R0283,CITES,2021.0,2014.0
32021R0694R(01),32011R0182R(02),CITES,2021.0,2011.0
32021R0694R(01),32019R0881R(05),CITES,2021.0,2019.0
32021R0694R(01),32015D0444,CITES,2021.0,2015.0
32021R0694R(01),32021R0695R(03),CITES,2021.0,2021.0
32021R0694R(01),32014L0024R(15),CITES,2021.0,2014.0
32021R0694R(01),32018R1046,CITES,2021.0,2018.0
32021R0694R(01),32016L1148,CITES,2021.0,2016.0
32021R0694R(01),32013R0883R(02),CITES,2021.0,2013.0
32021R0694R(01),32018L1972R(04),CITES,2021.0,2018.0
32021R0694R(01),32013R0755,CITES,2021.0,2013.0
32021R0694R(01),32017R1939R(02),CITES,2021.0,2017.0
32021D1765R(01),32021D0689R(02),CITES,2021.0,2021.0
32016L2341R(02),32014L0065R(01),CITES,2016.0,2014.0
32016L2341R(02),32010R1094R(02),CITES,2016.0,2010.0
32016L2341R(02),32009L0065R(07),CITES,2016.0,2009.0
32016L2341R(02),32010R1093,CITES,2016.0,2010.0
32016L2341R(02),32016R0679R(02),CITES,2016.0,2016.0
32016L2341R(02),32013L0036R(07),CITES,2016.0,2013.0
32016L2341R(02),32016L2341R(02),CITES,2016.0,2016.0
32016L2341R(02),32009R1060R(01),CITES,2016.0,2009.0
32016L2341R(02),32010R1095,CITES,2016.0,2010.0
32016L2341R(02),32009R0987,CITES,2016.0,2009.0
32020L0284,32010R0904R(04),CITES,2020.0,2010.0
32020L0284,32018R1725R(02),CITES,2020.0,2018.0
32020L0284,32015L2366R(06),CITES,2020.0,2015.0
32020L0284,32012R0260R(01),CITES,2020.0,2012.0
32020L0284,32016R0679R(02),CITES,2020.0,2016.0
32020L0284,32011R0282R(02),CITES,2020.0,2011.0
32015D0348,32014D0132,CITES,2015.0,2014.0
32015D0348,32013R0390,CITES,2015.0,2013.0
32021D0069,32015R1589R(02),CITES,2021.0,2015.0
32021D0069,62010CJ0124,CITES,2021.0,2010.0
32021D0069,32004R0794R(04),CITES,2021.0,2004.0
32021D0069,62004CJ0222,CITES,2021.0,2004.0
32021D0069,32013L0034R(07),CITES,2021.0,2013.0
32021D0069,62014CJ0015,CITES,2021.0,2014.0
32021D0069,32009L0081R(01),CITES,2021.0,2009.0
32021D0069,62003CJ0172,CITES,2021.0,2003.0
32021D0069,32006L0111,CITES,2021.0,2006.0
32021D0069,62016CJ0300,CITES,2021.0,2016.0
32021D0069,61997TJ0288,CITES,2021.0,1997.0
32021D0069,32018D1040,CITES,2021.0,2018.0
32018D0716,32016D0446,CITES,2018.0,2016.0
32018D0716,32015D0528,CITES,2018.0,2015.0
32017R1563R(01),32016R0679R(02),CITES,2017.0,2016.0
32017R1563R(01),32017L1564R(01),CITES,2017.0,2017.0
32019R2017R(03),32014L0035,CITES,2019.0,2014.0
32019R2017R(03),32009L0125R(02),CITES,2019.0,2009.0
32019R2017R(03),32012R1025,CITES,2019.0,2012.0
32019R2017R(03),32014L0053R(02),CITES,2019.0,2014.0
32024D3186,32021D0509R(01),CITES,2024.0,2021.0
32024D3186,32024D1059,CITES,2024.0,2024.0
32024D3186,32024D0583,CITES,2024.0,2024.0
32024D3186,32022D2441,CITES,2024.0,2022.0
32024D3187R(01),32024D1470,CITES,2024.0,2024.0
32024D3187R(01),32014R0833,CITES,2024.0,2014.0
32024D3187R(01),32021R0821R(03),CITES,2024.0,2021.0
32025D0062,32023L2413,CITES,2025.0,2023.0
32025D0062,32015L0652,CITES,2025.0,2015.0
32025D0062,32009L0028,CITES,2025.0,2009.0
32025D0062,32014R0651R(05),CITES,2025.0,2014.0
32025D0062,32018L2001R(10),CITES,2025.0,2018.0
32025D0062,62018CJ0594,CITES,2025.0,2018.0
32014L0024R(15),32013L0016,AMENDS,2014.0,2013.0
32014L0024R(15),32009R0596,AMENDS,2014.0,2009.0
32014L0024R(15),32013R1336,AMENDS,2014.0,2013.0
32014L0024R(15),32006L0097,AMENDS,2014.0,2006.0
32014L0024R(15),32009R1177,AMENDS,2014.0,2009.0
32014L0024R(15),32011R1251R(01),AMENDS,2014.0,2011.0
32014L0024R(15),32009L0081R(01),AMENDS,2014.0,2009.0
32019R1122,32013R0389R(01),AMENDS,2019.0,2013.0
32013R0168R(03),32008R1137R(02),AMENDS,2013.0,2008.0
32016R1037R(01),32013R0952R(10),CITES,2016.0,2013.0
32016R1037R(01),32011R0182R(02),CITES,2016.0,2011.0
32016R1037R(01),32016R1036,CITES,2016.0,2016.0
32013L0029R(05),32009L0048,CITES,2013.0,2009.0
32013L0029R(05),32008R0765R(03),CITES,2013.0,2008.0
32013L0029R(05),32011R0182R(02),CITES,2013.0,2011.0
32021L1187,32009L0147R(01),CITES,2021.0,2009.0
32021L1187,32014L0025R(07),CITES,2021.0,2014.0
32021L1187,32013R1316,CITES,2021.0,2013.0
32021L1187,32013R1315,CITES,2021.0,2013.0
32021L1187,32014L0024R(15),CITES,2021.0,2014.0
32009D0992,32009R1072R(03),CITES,2009.0,2009.0
32009D0992,32009R1073R(01),CITES,2009.0,2009.0
32024R1689,32019R1020R(05),CITES,2024.0,2019.0
32024R1689,32008D0768R(02),CITES,2024.0,2008.0
32024R1689,32012R1025,CITES,2024.0,2012.0
32024R1689,32005L0029R(03),CITES,2024.0,2005.0
32024R1689,32022L2557,CITES,2024.0,2022.0
32024R1689,32016R0679R(02),CITES,2024.0,2016.0
32024R1689,32014L0032R(02),CITES,2024.0,2014.0
32024R1689,32013R0575R(02),CITES,2024.0,2013.0
32024R1689,32009R0810R(06),CITES,2024.0,2009.0
32024R1689,32014L0017R(04),CITES,2024.0,2014.0
32024R1689,32023R0988,CITES,2024.0,2023.0
32024R1689,32022R0868,CITES,2024.0,2022.0
32024R1689,32016L2102R(03),CITES,2024.0,2016.0
32024R1689,32018R1725R(02),CITES,2024.0,2018.0
32024R1689,32016L0097,CITES,2024.0,2016.0
32024R1689,32009L0138R(01),CITES,2024.0,2009.0
32024R1689,32017R0745R(02),CITES,2024.0,2017.0
32024R1689,32019L0882R(01),CITES,2024.0,2019.0
32024R1689,32016L0943R(01),CITES,2024.0,2016.0
32024R1689,32017R0746R(06),CITES,2024.0,2017.0
32024R1689,32008L0048R(08),CITES,2024.0,2008.0
32024R1689,32016L0680R(03),CITES,2024.0,2016.0
32024R1689,32024R0900R(01),CITES,2024.0,2024.0
32024R1689,32019L0790R(01),CITES,2024.0,2019.0
32024R1689,32019L1937R(01),CITES,2024.0,2019.0
32024R1689,32022R2065R(02),CITES,2024.0,2022.0
32024R1689,32023R2854R(01),CITES,2024.0,2023.0
32024R1689,32024D01459,CITES,2024.0,2024.0
32024R1689,32008R0765R(03),CITES,2024.0,2008.0
32024R1689,32019R0881R(05),CITES,2024.0,2019.0
32024R1689,32013R1024R(02),CITES,2024.0,2013.0
32024R1689,32013L0036R(07),CITES,2024.0,2013.0
32024R1689,32014L0031R(03),CITES,2024.0,2014.0
32024R1689,32011R0182R(02),CITES,2024.0,2011.0
32020R0605,32020R0429,CITES,2020.0,2020.0
32020R0605,32014R0680,CITES,2020.0,2014.0
32006D0621,62001TJ0236,CITES,2006.0,2001.0
32010D0118,32009E0137,CITES,2010.0,2009.0
32010D0118,32006E0623,CITES,2010.0,2006.0
32010D0118,32008E0124,CITES,2010.0,2008.0
32010D0118,32009D0937R(01),CITES,2010.0,2009.0
32020D0452R(03),32020D0414R(03),CITES,2020.0,2020.0
32020D0452R(03),32008L0114,CITES,2020.0,2008.0
32012D0063,32005D0842,CITES,2012.0,2005.0
32022R2399,32015R2446R(12),CITES,2022.0,2015.0
32022R2399,32021R0821R(03),CITES,2022.0,2021.0
32022R2399,32018R1724,CITES,2022.0,2018.0
32022R2399,32014R0910R(09),CITES,2022.0,2014.0
32022R2399,32019R1239,CITES,2022.0,2019.0
32022R2399,32018R1807,CITES,2022.0,2018.0
32022R2399,32016R0679R(02),CITES,2022.0,2016.0
32022R2399,32011R0182R(02),CITES,2022.0,2011.0
32022R2399,32018R1725R(02),CITES,2022.0,2018.0
32022D2245,32022D1968,CITES,2022.0,2022.0
32022D2245,32021D0509R(01),CITES,2022.0,2021.0
32022D2245,32008E0944,CITES,2022.0,2008.0
32015D1780,32015D1141,CITES,2015.0,2015.0
32015D1780,32014D0482,CITES,2015.0,2014.0
32015D1960,32009L0073,CITES,2015.0,2009.0
32015D1960,32009R0713,CITES,2015.0,2009.0
32015D1960,32009L0072,CITES,2015.0,2009.0
32016R0679R(02),32016L0680R(03),CITES,2016.0,2016.0
32016R0679R(02),32011L0024R(04),CITES,2016.0,2011.0
32016R0679R(02),32015L1535,CITES,2016.0,2015.0
32016R0679R(02),32008R0765R(03),CITES,2016.0,2008.0
32016R0679R(02),32012R1215R(10),CITES,2016.0,2012.0
32016R0679R(02),32009R0223,CITES,2016.0,2009.0
32016R0679R(02),32011R0182R(02),CITES,2016.0,2011.0
32010D0302,32009D0097,CITES,2010.0,2009.0
32023L2226,32023R1113,CITES,2023.0,2023.0
32023L2226,32016R0679R(02),CITES,2023.0,2016.0
32023L2226,32009L0110R(03),CITES,2023.0,2009.0
32023L2226,32023R1114R(05),CITES,2023.0,2023.0
32023L2226,32014L0107,CITES,2023.0,2014.0
32023L2226,32011R0182R(02),CITES,2023.0,2011.0
32023L2226,32018R1725R(02),CITES,2023.0,2018.0
32015R0378,32015R0377R(01),CITES,2015.0,2015.0
32017D2116,32014R0651R(05),CITES,2017.0,2014.0
32017D2116,62011CJ0288,CITES,2017.0,2011.0
32017D2116,62008CJ0078,CITES,2017.0,2008.0
32017D2116,32017R0352R(01),CITES,2017.0,2017.0
32017D2116,32013R1315,CITES,2017.0,2013.0
32017D2116,32017R1084R(01),CITES,2017.0,2017.0
32017D2116,62000CJ0280,CITES,2017.0,2000.0
32017D2116,32011D0519,CITES,2017.0,2011.0
32017D2116,62004CJ0222,CITES,2017.0,2004.0
32017D2116,32015R1589R(02),CITES,2017.0,2015.0
32017D2116,32006L0112R(20),CITES,2017.0,2006.0
32017D2116,62008TJ0443,CITES,2017.0,2008.0
32017D2116,62006CJ0494,CITES,2017.0,2006.0
32017D2116,62002CJ0066,CITES,2017.0,2002.0
32016D1195,32008L0006R(03),CITES,2016.0,2008.0
32022R1998R(01),32016D0971,CITES,2022.0,2016.0
32010H0572,32007H0879,CITES,2010.0,2007.0
32021R0607,32018R1046,CITES,2021.0,2018.0
32021R0607,32017R2321R(01),CITES,2021.0,2017.0
32021R0607,32015R0755,CITES,2021.0,2015.0
32019R0796R(02),32018R1725R(02),CITES,2019.0,2018.0
32019R0796R(02),32016R0679R(02),CITES,2019.0,2016.0
32025D1055,32024D1688,CITES,2025.0,2024.0
32025D1055,32019R0123,CITES,2025.0,2019.0
32024R1938,32017R0746R(06),CITES,2024.0,2017.0
32024R1938,32021R0240R(01),CITES,2024.0,2021.0
32024R1938,32022R2371,CITES,2024.0,2022.0
32024R1938,32011R0182R(02),CITES,2024.0,2011.0
32024R1938,32022L2557,CITES,2024.0,2022.0
32024R1938,32022R2372,CITES,2024.0,2022.0
32024R1938,32016R0679R(02),CITES,2024.0,2016.0
32024R1938,32017R0745R(02),CITES,2024.0,2017.0
32024R1938,32018R1725R(02),CITES,2024.0,2018.0
32023D2689,32021D0509R(01),CITES,2023.0,2021.0
32022R2453R(01),32010L0031R(03),CITES,2022.0,2010.0
32022R2453R(01),32021R2178,CITES,2022.0,2021.0
32022R2453R(01),32020R0852R(06),CITES,2022.0,2020.0
32022R2453R(01),32010R1093,CITES,2022.0,2010.0
32022R2453R(01),32013L0034R(07),CITES,2022.0,2013.0
32022R2453R(01),32021R0451R(04),CITES,2022.0,2021.0
32022R2453R(01),32020R1818,CITES,2022.0,2020.0
32022R2453R(01),32019R0876R(16),CITES,2022.0,2019.0
32025R1106,32021R0697,CITES,2025.0,2021.0
32025R1106,32023R1525,CITES,2025.0,2023.0
32025R1106,32006L0112R(20),CITES,2025.0,2006.0
32025R1106,32020R2092R(04),CITES,2025.0,2020.0
32025R1106,32017D2315R(02),CITES,2025.0,2017.0
32025R1106,32023R2418R(01),CITES,2025.0,2023.0
32025R1106,32024R2509,CITES,2025.0,2024.0
32025R1106,32009L0081R(01),CITES,2025.0,2009.0
32025R1106,32019R0452R(01),CITES,2025.0,2019.0
32025R1106,32018R1092,CITES,2025.0,2018.0
32024D3096,32022D2445,CITES,2024.0,2022.0
32024D3096,32016D2240,CITES,2024.0,2016.0
32023R1542R(01),32019L0944R(05),CITES,2023.0,2019.0
32023R1542R(01),32019L0882R(01),CITES,2023.0,2019.0
32023R1542R(01),32017R0746R(06),CITES,2023.0,2017.0
32023R1542R(01),32012R1025,CITES,2023.0,2012.0
32023R1542R(01),32017R0745R(02),CITES,2023.0,2017.0
32023R1542R(01),32014L0025R(07),CITES,2023.0,2014.0
32023R1542R(01),32019R2144R(04),CITES,2023.0,2019.0
32023R1542R(01),32008R0765R(03),CITES,2023.0,2008.0
32023R1542R(01),32006R1013R(05),CITES,2023.0,2006.0
32023R1542R(01),32010L0075R(11),CITES,2023.0,2010.0
32023R1542R(01),32022R2065R(02),CITES,2023.0,2022.0
32023R1542R(01),32008D0768R(02),CITES,2023.0,2008.0
32023R1542R(01),32009L0048,CITES,2023.0,2009.0
32023R1542R(01),32019R0943R(03),CITES,2023.0,2019.0
32023R1542R(01),32014L0024R(15),CITES,2023.0,2014.0
32023R1542R(01),32013R0168R(03),CITES,2023.0,2013.0
32023R1542R(01),32014L0053R(02),CITES,2023.0,2014.0
32023R1542R(01),32011L0083R(05),CITES,2023.0,2011.0
32023R1542R(01),32018R0858R(08),CITES,2023.0,2018.0
32023R1542R(01),32009L0071R(01),CITES,2023.0,2009.0
32023R1542R(01),32009L0125R(02),CITES,2023.0,2009.0
32023R1542R(01),32012L0019,CITES,2023.0,2012.0
32023R1542R(01),32011R0182R(02),CITES,2023.0,2011.0
32023R1542R(01),32009R1221R(01),CITES,2023.0,2009.0
32023R1542R(01),32008L0068,CITES,2023.0,2008.0
32023R1542R(01),32004L0109R(01),CITES,2023.0,2004.0
32011D0519,32006R1998,CITES,2011.0,2006.0
32011D0519,62004CJ0222,CITES,2011.0,2004.0
32017R1926R(01),32010R1089R(02),CITES,2017.0,2010.0
32017R1926R(01),32013R1315,CITES,2017.0,2013.0
32017R1926R(01),32013R0886R(01),CITES,2017.0,2013.0
32017R1926R(01),32016R0679R(02),CITES,2017.0,2016.0
32017R1926R(01),32007L0002,CITES,2017.0,2007.0
32017R1926R(01),32015R0962,CITES,2017.0,2015.0
32017R1926R(01),32011R0454R(01),CITES,2017.0,2011.0
32022D0472,32021D0509R(01),CITES,2022.0,2021.0
32012D0389,32009D0937R(01),CITES,2012.0,2009.0
32012D0389,32011D0819,CITES,2012.0,2011.0
32012D0389,32012D0173,CITES,2012.0,2012.0
32012D0389,32011D0292,CITES,2012.0,2011.0
32022R0576R(05),32018R1046,CITES,2022.0,2018.0
32022R0576R(05),32009L0081R(01),CITES,2022.0,2009.0
32022R0576R(05),32015R2447R(13),CITES,2022.0,2015.0
32022R0576R(05),32014L0025R(07),CITES,2022.0,2014.0
32022R0576R(05),32014L0023R(05),CITES,2022.0,2014.0
32022R0576R(05),32014L0024R(15),CITES,2022.0,2014.0
32009D0517,32009D0302R(01),CITES,2009.0,2009.0
32021D2293,32016L0681,CITES,2021.0,2016.0
32022R0312,32012L0034R(06),CITES,2022.0,2012.0
32022R0312,32021R1061,CITES,2022.0,2021.0
32009D0511,32008D0087,CITES,2009.0,2008.0
32022D1920,62014CJ0015,CITES,2022.0,2014.0
32022D1920,32010L0075R(11),CITES,2022.0,2010.0
32022D1920,62016CJ0300,CITES,2022.0,2016.0
32022D1920,32006L0111,CITES,2022.0,2006.0
32022D1920,32015R1589R(02),CITES,2022.0,2015.0
32022D1920,62018CJ0594,CITES,2022.0,2018.0
32022D1920,32019R0943R(03),CITES,2022.0,2019.0
32022D1920,62010CJ0124,CITES,2022.0,2010.0
32017R1539,32015R0534R(01),CITES,2017.0,2015.0
32019R2176,32010R1095,CITES,2019.0,2010.0
32019R2176,32014R0806R(05),CITES,2019.0,2014.0
32019R2176,32010R1093,CITES,2019.0,2010.0
32019R2176,32013R1024R(02),CITES,2019.0,2013.0
32019R2176,32010R1096,CITES,2019.0,2010.0
32019R2176,32013R0575R(02),CITES,2019.0,2013.0
32019R2176,32010R1094R(02),CITES,2019.0,2010.0
32021R1230,32009L0110R(03),CITES,2021.0,2009.0
32021R1230,32012R0260R(01),CITES,2021.0,2012.0
32021R1230,32015L2366R(06),CITES,2021.0,2015.0
32021R1230,32007L0064,CITES,2021.0,2007.0
32021R1230,32013L0036R(07),CITES,2021.0,2013.0
32020R0776R(01),32014D0918,CITES,2020.0,2014.0
32020R0776R(01),32020R0776R(01),CITES,2020.0,2020.0
32020R0776R(01),62014TJ0067,CITES,2020.0,2014.0
32020R0776R(01),32015R2447R(13),CITES,2020.0,2015.0
32020R0776R(01),32019R0072,CITES,2020.0,2019.0
32020R0776R(01),32017R0366,CITES,2020.0,2017.0
32020R0776R(01),32018R0825R(04),CITES,2020.0,2018.0
32020R0776R(01),32014R1379,CITES,2020.0,2014.0
32020R0776R(01),32017R2321R(01),CITES,2020.0,2017.0
32020R0776R(01),32017R0969,CITES,2020.0,2017.0
32020R0776R(01),32013R0215,CITES,2020.0,2013.0
32020R0776R(01),62011TJ0444,CITES,2020.0,2011.0
32020R0776R(01),32011R0451,CITES,2020.0,2011.0
32020R0776R(01),32016R1036,CITES,2020.0,2016.0
32020R0776R(01),32018R1046,CITES,2020.0,2018.0
32020R0776R(01),32011R0452,CITES,2020.0,2011.0
32020R0776R(01),32018R1690,CITES,2020.0,2018.0
32006D0558,32004R2182,CITES,2006.0,2004.0
32016R1104R(01),32012R0650R(04),CITES,2016.0,2012.0
32016R1104R(01),32011R0182R(02),CITES,2016.0,2011.0
32016R1104R(01),32009R0004R(06),CITES,2016.0,2009.0
32023R0988,32011R0182R(02),CITES,2023.0,2011.0
32023R0988,32022R2065R(02),CITES,2023.0,2022.0
32023R0988,32018R1046,CITES,2023.0,2018.0
32023R0988,32016R0679R(02),CITES,2023.0,2016.0
32023R0988,32009R1107R(01),CITES,2023.0,2009.0
32023R0988,32018R1139R(04),CITES,2023.0,2018.0
32023R0988,32018R1725R(02),CITES,2023.0,2018.0
32023R0988,32017R0625R(07),CITES,2023.0,2017.0
32023R0988,32013R0883R(02),CITES,2023.0,2013.0
32023R0988,32013R0952R(10),CITES,2023.0,2013.0
32023R0988,32011L0083R(05),CITES,2023.0,2011.0
32023R0988,32019R1020R(05),CITES,2023.0,2019.0
32023R0988,32006L0112R(20),CITES,2023.0,2006.0
32023R0988,32019L0770R(03),CITES,2023.0,2019.0
32013D0355,32012D0332,CITES,2013.0,2012.0
32022L2380,32012L0019,CITES,2022.0,2012.0
32022L2380,32009L0125R(02),CITES,2022.0,2009.0
32022L2380,32012R1025,CITES,2022.0,2012.0
32024R2981,32018R1725R(02),CITES,2024.0,2018.0
32024R2981,32016R0679R(02),CITES,2024.0,2016.0
32024R2981,32022L2555R(06),CITES,2024.0,2022.0
32024R2981,32015R1502R(01),CITES,2024.0,2015.0
32024R2981,32012R1025,CITES,2024.0,2012.0
32024R2981,32021H0946,CITES,2024.0,2021.0
32024R2981,32008R0765R(03),CITES,2024.0,2008.0
32024R2981,32024R1183R(02),CITES,2024.0,2024.0
32024R2981,32024R2847,CITES,2024.0,2024.0
32024R2981,32019R0881R(05),CITES,2024.0,2019.0
32024R2981,32024R0482R(01),CITES,2024.0,2024.0
32024R2995,32024H02476,CITES,2024.0,2024.0
32024R2995,32022R1032R(01),CITES,2024.0,2022.0
32024R0900R(01),32011R0182R(02),CITES,2024.0,2011.0
32024R0900R(01),32020L1828,CITES,2024.0,2020.0
32024R0900R(01),32016R0679R(02),CITES,2024.0,2016.0
32024R0900R(01),32010L0013R(03),CITES,2024.0,2010.0
32024R0900R(01),32011L0083R(05),CITES,2024.0,2011.0
32024R0900R(01),32013L0034R(07),CITES,2024.0,2013.0
32024R0900R(01),32005L0029R(03),CITES,2024.0,2005.0
32024R0900R(01),32018R1725R(02),CITES,2024.0,2018.0
32024R0900R(01),32019R1150,CITES,2024.0,2019.0
32024R0900R(01),32006L0123,CITES,2024.0,2006.0
32024R0900R(01),32022R2065R(02),CITES,2024.0,2022.0
32024D2164,32009R1071R(03),CITES,2024.0,2009.0
32024D2164,32009D0992,CITES,2024.0,2009.0
32020R1818,32014R0517,CITES,2020.0,2014.0
32020R1818,32006R1893R(02),CITES,2020.0,2006.0
32020R1818,32020R0852R(06),CITES,2020.0,2020.0
32020R1818,32018R0842,CITES,2020.0,2018.0
32024R0903,32016L2102R(03),CITES,2024.0,2016.0
32024R0903,32016R0679R(02),CITES,2024.0,2016.0
32024R0903,32008L0114,CITES,2024.0,2008.0
32024R0903,32021R1119,CITES,2024.0,2021.0
32024R0903,32018R1725R(02),CITES,2024.0,2018.0
32024R0903,32011R0182R(02),CITES,2024.0,2011.0
32024R0903,32019L0882R(01),CITES,2024.0,2019.0
32024R0903,32019L1024,CITES,2024.0,2019.0
32024R0903,32016L0680R(03),CITES,2024.0,2016.0
32024R0903,32012R1025,CITES,2024.0,2012.0
32024R0903,32022R0868,CITES,2024.0,2022.0
32024R0903,32022L2555R(06),CITES,2024.0,2022.0
32024R0903,32022D2481,CITES,2024.0,2022.0
32024R3210R(01),32016R0679R(02),CITES,2024.0,2016.0
32024R3210R(01),32013R0952R(10),CITES,2024.0,2013.0
32024R3210R(01),32023D2879R(01),CITES,2024.0,2023.0
32024R3210R(01),32015R2447R(13),CITES,2024.0,2015.0
32024R3210R(01),32023R1773R(01),CITES,2024.0,2023.0
32024R3210R(01),32018R1725R(02),CITES,2024.0,2018.0
32024R3210R(01),32024R0903,CITES,2024.0,2024.0
32024R3210R(01),32023R1070,CITES,2024.0,2023.0
32024R3210R(01),32022R2399,CITES,2024.0,2022.0
32024D3116R(01),32013D0488R(01),CITES,2024.0,2013.0
32024R3014,32024R1943,CITES,2024.0,2024.0
32024R3014,32023R1617,CITES,2024.0,2023.0
32024R3014,62022TJ0002,CITES,2024.0,2022.0
32024R3014,32024R2509,CITES,2024.0,2024.0
32024R3014,32021R2011,CITES,2024.0,2021.0
32009L0136,32007D0116,CITES,2009.0,2007.0
32020D2253R(01),32020D2252R(01),CITES,2020.0,2020.0
32015R1014,32010R0791,CITES,2015.0,2010.0
32015R1014,32008R0715,CITES,2015.0,2008.0
32015R1014,32010R1071,CITES,2015.0,2010.0
32015R1014,32006R0473,CITES,2015.0,2006.0
32015R1014,32014R0452R(01),CITES,2015.0,2014.0
32015R1014,32014R0368,CITES,2015.0,2014.0
32015R1014,32012R0965R(04),CITES,2015.0,2012.0
32015R1014,32010R0273,CITES,2015.0,2010.0
32015R1014,32011R1197,CITES,2015.0,2011.0
32015R1014,32013R0659,CITES,2015.0,2013.0
32015R1014,32010R0590,CITES,2015.0,2010.0
32024R0886R(01),32022R2554R(01),CITES,2024.0,2022.0
32024R0886R(01),32014L0065R(01),CITES,2024.0,2014.0
32024R0886R(01),32017L1132R(03),CITES,2024.0,2017.0
32024R0886R(01),32006L0043R(04),CITES,2024.0,2006.0
32024R0886R(01),32013L0034R(07),CITES,2024.0,2013.0
32024R0886R(01),32013R0575R(02),CITES,2024.0,2013.0
32024R0886R(01),32013L0036R(07),CITES,2024.0,2013.0
32024R0886R(01),32014L0092R(01),CITES,2024.0,2014.0
32024R0886R(01),32016R0679R(02),CITES,2024.0,2016.0
32024R0886R(01),32010R1093,CITES,2024.0,2010.0
32024R0886R(01),32009L0110R(03),CITES,2024.0,2009.0
32024R0886R(01),32018R1725R(02),CITES,2024.0,2018.0
32024R0886R(01),32012R0648R(09),CITES,2024.0,2012.0
32016D0644,62009CJ0071,CITES,2016.0,2009.0
32016D0644,32008D0204,CITES,2016.0,2008.0
32016D0644,32004R0794R(04),CITES,2016.0,2004.0
32025R0878,32024R1623R(01),CITES,2025.0,2024.0
32025R0878,32010R1093,CITES,2025.0,2010.0
32021R0451R(04),32019R0630,CITES,2021.0,2019.0
32021R0451R(04),32013L0036R(07),CITES,2021.0,2013.0
32021R0451R(04),32010R1093,CITES,2021.0,2010.0
32021R0451R(04),32019R2033R(07),CITES,2021.0,2019.0
32021R0451R(04),32019R0876R(16),CITES,2021.0,2019.0
32021R0451R(04),32016R0101R(01),CITES,2021.0,2016.0
32021R0451R(04),32020R0873,CITES,2021.0,2020.0
32021R0451R(04),32014R0806R(05),CITES,2021.0,2014.0
32021R0451R(04),32009L0065R(07),CITES,2021.0,2009.0
32025R0846,32024R1183R(02),CITES,2025.0,2024.0
32025R0846,32024R2977R(01),CITES,2025.0,2024.0
32025R0846,32018R1725R(02),CITES,2025.0,2018.0
32025R0846,32015R1501R(01),CITES,2025.0,2015.0
32025R0846,32021H0946,CITES,2025.0,2021.0
32025R0846,32016R0679R(02),CITES,2025.0,2016.0
32023R2694,32023D2686R(01),CITES,2023.0,2023.0
32021R1122,32019R2175R(01),CITES,2021.0,2019.0
32022D0180,32018D1538,CITES,2022.0,2018.0
32022D0180,32014L0053R(02),CITES,2022.0,2014.0
32019L2121,32016L1164R(03),CITES,2019.0,2016.0
32019L2121,32012R1215R(10),CITES,2019.0,2012.0
32019L2121,32019L1023,CITES,2019.0,2019.0
32019L2121,32014L0059R(14),CITES,2019.0,2014.0
32019L2121,32015L0849R(03),CITES,2019.0,2015.0
32019L2121,32018L0822R(04),CITES,2019.0,2018.0
32019L2121,32006L0043R(04),CITES,2019.0,2006.0
32007R1400,32007R0787,CITES,2007.0,2007.0
32021R0692,32004L0113R(03),CITES,2021.0,2004.0
32021R0692,32013R1382,CITES,2021.0,2013.0
32021R0692,32016L0680R(03),CITES,2021.0,2016.0
32021R0692,32018R1046,CITES,2021.0,2018.0
32021R0692,32013R0883R(02),CITES,2021.0,2013.0
32021R0692,32011R0182R(02),CITES,2021.0,2011.0
32021R0692,32019R0788R(02),CITES,2021.0,2019.0
32021R0692,32013D0755,CITES,2021.0,2013.0
32021R0692,32021R0693,CITES,2021.0,2021.0
32021R0692,32020R2093R(03),CITES,2021.0,2020.0
32021R0692,32016R0679R(02),CITES,2021.0,2016.0
32021R0692,32017L1371R(02),CITES,2021.0,2017.0
32021R0692,32017R1939R(02),CITES,2021.0,2017.0
32021R0692,32021R0695R(03),CITES,2021.0,2021.0
32014R1374,32013R1075R(01),CITES,2014.0,2013.0
32014R1374,32012R1011R(02),CITES,2014.0,2012.0
32014R1374,32009L0138R(01),CITES,2014.0,2009.0
32014R1374,32013R0549,CITES,2014.0,2013.0
32014R1374,32013R1073,CITES,2014.0,2013.0
32014R1374,32013R1071,CITES,2014.0,2013.0
32024R0490R(01),32019L1024,CITES,2024.0,2019.0
32024R0490R(01),32016R0679R(02),CITES,2024.0,2016.0
32024R0490R(01),32013R1315,CITES,2024.0,2013.0
32024R0490R(01),32021R0782R(02),CITES,2024.0,2021.0
32024R0490R(01),32022R0670,CITES,2024.0,2022.0
32024R0490R(01),32011R0181R(01),CITES,2024.0,2011.0
32024R0490R(01),32018R1725R(02),CITES,2024.0,2018.0
32024R0490R(01),32011R0454R(01),CITES,2024.0,2011.0
32024R0490R(01),32007L0002,CITES,2024.0,2007.0
32024R0490R(01),32010R1177R(01),CITES,2024.0,2010.0
32024R0490R(01),32015R0962,CITES,2024.0,2015.0
32016R0799R(03),32013R1285,CITES,2016.0,2013.0
32024R2747,32015L1535,CITES,2024.0,2015.0
32024R2747,32024R2509,CITES,2024.0,2024.0
32024R2747,32013D1313R(01),CITES,2024.0,2013.0
32024R2747,32022R2371,CITES,2024.0,2022.0
32024R2747,32014L0035,CITES,2024.0,2014.0
32024R2747,32014L0025R(07),CITES,2024.0,2014.0
32024R2747,32014D0415R(01),CITES,2024.0,2014.0
32024R2747,32016R0679R(02),CITES,2024.0,2016.0
32024R2747,32015D0444,CITES,2024.0,2015.0
32024R2747,32015R0479R(01),CITES,2024.0,2015.0
32024R2747,32009L0043,CITES,2024.0,2009.0
32024R2747,32013L0036R(07),CITES,2024.0,2013.0
32024R2747,32011R0182R(02),CITES,2024.0,2011.0
32024R2747,32022R2370,CITES,2024.0,2022.0
32024R2747,32018D1993R(01),CITES,2024.0,2018.0
32024R2747,32014L0053R(02),CITES,2024.0,2014.0
32024R2747,32014L0024R(15),CITES,2024.0,2014.0
32024R2747,32018R1725R(02),CITES,2024.0,2018.0
32024R2747,32006L0123,CITES,2024.0,2006.0
32024R2747,32023R0988,CITES,2024.0,2023.0
32024R2747,32015D0443,CITES,2024.0,2015.0
32024R2747,32016R0399R(05),CITES,2024.0,2016.0
32024R2747,32022R2372,CITES,2024.0,2022.0
32024R2747,32005L0036R(07),CITES,2024.0,2005.0
32024R2747,32023R1781,CITES,2024.0,2023.0
32024R2747,32011R0305R(01),CITES,2024.0,2011.0
32024R2747,32024L2749R(01),CITES,2024.0,2024.0
32024R2747,32022L2557,CITES,2024.0,2022.0
32024R2747,32023R1230,CITES,2024.0,2023.0
32024R2747,32024R1252R(01),CITES,2024.0,2024.0
32024R2747,32014L0030R(02),CITES,2024.0,2014.0
32023D2699,32011L0092R(02),CITES,2023.0,2011.0
32023D2699,32021R1153R(01),CITES,2023.0,2021.0
32023R2779,32012R0648R(09),CITES,2023.0,2012.0
32023R2779,32013L0036R(07),CITES,2023.0,2013.0
32023R2779,32011L0061R(02),CITES,2023.0,2011.0
32023R2779,32010R1093,CITES,2023.0,2010.0
32023R2779,32017R1131R(01),CITES,2023.0,2017.0
32023R2779,32009L0065R(07),CITES,2023.0,2009.0
32023R2779,32013R0231R(04),CITES,2023.0,2013.0
32023R2779,32009L0138R(01),CITES,2023.0,2009.0
32023R0857,32009D0406R(01),CITES,2023.0,2009.0
32023R0857,32013R0525,CITES,2023.0,2013.0
32023R0857,32018L2001R(10),CITES,2023.0,2018.0
32023R0857,32018R0841,CITES,2023.0,2018.0
32023R0857,32020R1208,CITES,2023.0,2020.0
32023R0857,32021R1119,CITES,2023.0,2021.0
32023R0857,32009R0401R(01),CITES,2023.0,2009.0
32009R1221R(01),32005L0029R(03),CITES,2009.0,2005.0
32009R1221R(01),32006R1893R(02),CITES,2009.0,2006.0
32009R1221R(01),32008R0765R(03),CITES,2009.0,2008.0
32014D0450,32008E0944,CITES,2014.0,2008.0
32017R0625R(07),32013R1306R(05),CITES,2017.0,2013.0
32017R0625R(07),32015L1535,CITES,2017.0,2015.0
32017R0625R(07),32008R0765R(03),CITES,2017.0,2008.0
32017R0625R(07),32011R0182R(02),CITES,2017.0,2011.0
32017R0625R(07),32013R0952R(10),CITES,2017.0,2013.0
32011R0282R(02),32008L0009,CITES,2011.0,2008.0
32011R0282R(02),32010R0904R(04),CITES,2011.0,2010.0
32024D1274,32022D0258,CITES,2024.0,2022.0
32024D1274,32015R1222R(03),CITES,2024.0,2015.0
32024L2839,32014D0287R(01),CITES,2024.0,2014.0
32024L2839,32017R0625R(07),CITES,2024.0,2017.0
32024R0792,32010D0427,CITES,2024.0,2010.0
32024R0792,32021R0695R(03),CITES,2024.0,2021.0
32024R0792,32021R0694R(01),CITES,2024.0,2021.0
32024R0792,32022D1968,CITES,2024.0,2022.0
32024R0792,32021R0522R(02),CITES,2024.0,2021.0
32024R0792,32017R1939R(02),CITES,2024.0,2017.0
32024R0792,32021R0947R(03),CITES,2024.0,2021.0
32024R0792,32020R2093R(03),CITES,2024.0,2020.0
32024R0792,32013D1313R(01),CITES,2024.0,2013.0
32024R0792,32021R0241R(02),CITES,2024.0,2021.0
32024R0792,32021D0509R(01),CITES,2024.0,2021.0
32024R0792,32021R0818R(01),CITES,2024.0,2021.0
32024R0792,32021R0765,CITES,2024.0,2021.0
32024R0792,32021R0783,CITES,2024.0,2021.0
32024R0792,32018R1046,CITES,2024.0,2018.0
32024R0792,32013R0883R(02),CITES,2024.0,2013.0
32024R0792,32022R2463,CITES,2024.0,2022.0
32024R0792,32021R1153R(01),CITES,2024.0,2021.0
32024R0792,32021R0690R(02),CITES,2024.0,2021.0
32024R0792,32011R0182R(02),CITES,2024.0,2011.0
32024D2193,32019D0392,CITES,2024.0,2019.0
32025D0543,32024R2803,CITES,2025.0,2024.0
32025D0543,32024D2035,CITES,2025.0,2024.0
32015R2446R(12),32006L0112R(20),CITES,2015.0,2006.0
32015R2446R(12),32011L0083R(05),CITES,2015.0,2011.0
32015R2446R(12),32015R2447R(13),CITES,2015.0,2015.0
32015R2446R(12),32008L0118,CITES,2015.0,2008.0
32021R2178,32009L0138R(01),CITES,2021.0,2009.0
32021R2178,32013R0575R(02),CITES,2021.0,2013.0
32021R2178,32021R2139R(01),CITES,2021.0,2021.0
32021R2178,32009L0065R(07),CITES,2021.0,2009.0
32021R2178,32013L0034R(07),CITES,2021.0,2013.0
32021R2178,32011L0061R(02),CITES,2021.0,2011.0
32013D0041,32011D0292,CITES,2013.0,2011.0
32019R2022R(04),32014L0053R(02),CITES,2019.0,2014.0
32019R2022R(04),32019R2017R(03),CITES,2019.0,2019.0
32019R2022R(04),32014L0035,CITES,2019.0,2014.0
32019R2022R(04),32012L0019,CITES,2019.0,2012.0
32019R2022R(04),32012R1025,CITES,2019.0,2012.0
32019R2022R(04),32017R1369R(01),CITES,2019.0,2017.0
32022D1285,32022D0471,CITES,2022.0,2022.0
32022D1285,32022D0636,CITES,2022.0,2022.0
32022D1285,32021D0509R(01),CITES,2022.0,2021.0
32022D1285,32022D0809,CITES,2022.0,2022.0
32023D0272,32019R0881R(05),CITES,2023.0,2019.0
32013R0606,32012L0029R(01),CITES,2013.0,2012.0
32013R0606,32011R0182R(02),CITES,2013.0,2011.0
32013R0606,32011L0099,CITES,2013.0,2011.0
32019R1157,32011R0182R(02),CITES,2019.0,2011.0
32019R1157,32016R0679R(02),CITES,2019.0,2016.0
32019R1157,32014R0910R(09),CITES,2019.0,2014.0
32019R1157,32018R1724,CITES,2019.0,2018.0
32020D0135,32011R0182R(02),CITES,2020.0,2011.0
32020R1429,32012L0034R(06),CITES,2020.0,2012.0
32022R1288,32020R1818,CITES,2022.0,2020.0
32022R1288,32009L0138R(01),CITES,2022.0,2009.0
32022R1288,32011L0061R(02),CITES,2022.0,2011.0
32022R1288,32010R1094R(02),CITES,2022.0,2010.0
32022R1288,32007L0036R(01),CITES,2022.0,2007.0
32022R1288,32018R1999R(06),CITES,2022.0,2018.0
32022R1288,32016R1011R(01),CITES,2022.0,2016.0
32022R1288,32017R2402R(01),CITES,2022.0,2017.0
32022R1288,32013R0575R(02),CITES,2022.0,2013.0
32022R1288,32021R2178,CITES,2022.0,2021.0
32022R1288,32021R2139R(01),CITES,2022.0,2021.0
32022R1288,32010R1095,CITES,2022.0,2010.0
32022R1288,32012R0236R(01),CITES,2022.0,2012.0
32022R1288,32009L0065R(07),CITES,2022.0,2009.0
32022R1288,32010R1093,CITES,2022.0,2010.0
32022R1288,32020R0852R(06),CITES,2022.0,2020.0
32013R0151,32011R1227,CITES,2013.0,2011.0
32013R0151,32004L0025,CITES,2013.0,2004.0
32013R0151,32010R1095,CITES,2013.0,2010.0
32011L0070R(01),32009L0071R(01),CITES,2011.0,2009.0
32013L0048R(01),32012L0013,CITES,2013.0,2012.0
32013L0048R(01),32010L0064,CITES,2013.0,2010.0
32022D0591,32019L1024,CITES,2022.0,2019.0
32022D0591,32020R0852R(06),CITES,2022.0,2020.0
32022D0591,32021R1119,CITES,2022.0,2021.0
32022D0591,32018R1999R(06),CITES,2022.0,2018.0
32022D0591,32011L0092R(02),CITES,2022.0,2011.0
32022D0591,32007L0002,CITES,2022.0,2007.0
32008E0124,32006E0304,CITES,2008.0,2006.0
32016D0204,32014D0702,CITES,2016.0,2014.0
32015R0909,62010CJ0512,CITES,2015.0,2010.0
32024R1789R(03),32009L0073,CITES,2024.0,2009.0
32024R1789R(03),32024L1788,CITES,2024.0,2024.0
32024R1789R(03),32023R2405R(02),CITES,2024.0,2023.0
32024R1789R(03),32023R1805,CITES,2024.0,2023.0
32024R1789R(03),32023R0857,CITES,2024.0,2023.0
32024R1789R(03),32018R1725R(02),CITES,2024.0,2018.0
32024R1789R(03),32022R2576,CITES,2024.0,2022.0
32024R1789R(03),32016R0679R(02),CITES,2024.0,2016.0
32024R1789R(03),32009R0401R(01),CITES,2024.0,2009.0
32024R1789R(03),32019L0944R(05),CITES,2024.0,2019.0
32024R1789R(03),32024R1787,CITES,2024.0,2024.0
32024R1789R(03),32023L2413,CITES,2024.0,2023.0
32024R1789R(03),32019R0943R(03),CITES,2024.0,2019.0
32024R1789R(03),32012R1025,CITES,2024.0,2012.0
32024R1789R(03),32018L2001R(10),CITES,2024.0,2018.0
32024R1789R(03),32011R0182R(02),CITES,2024.0,2011.0
32024R1789R(03),32014R0312R(02),CITES,2024.0,2014.0
32024R1789R(03),32023L1791R(03),CITES,2024.0,2023.0
32024R1789R(03),32023L0959R(06),CITES,2024.0,2023.0
32024R1789R(03),32015R0703,CITES,2024.0,2015.0
32024R1789R(03),32021R1153R(01),CITES,2024.0,2021.0
32024R1789R(03),32018R1046,CITES,2024.0,2018.0
32024R1789R(03),32017R0459R(02),CITES,2024.0,2017.0
32024R1789R(03),32021R1056,CITES,2024.0,2021.0
32024R1789R(03),32021R1119,CITES,2024.0,2021.0
32021D1012,32011D0168,CITES,2021.0,2011.0
32021D1012,32011D0819,CITES,2021.0,2011.0
32021D1012,32013D0488R(01),CITES,2021.0,2013.0
32021D1923,32021D0509R(01),CITES,2021.0,2021.0
32021D1923,32008E0944,CITES,2021.0,2008.0
32019D1560,32019R0125R(01),CITES,2019.0,2019.0
32019D1560,32012R0258R(04),CITES,2019.0,2012.0
32019D1560,32009R0428R(04),CITES,2019.0,2009.0
32022R0132R(02),32009R0223,CITES,2022.0,2009.0
32018R0825R(04),32013R0952R(10),CITES,2018.0,2013.0
32018R0825R(04),32011R0182R(02),CITES,2018.0,2011.0
32017R1111,32010R1095,CITES,2017.0,2010.0
32014D0276,32012D0243,CITES,2014.0,2012.0
32022D0173R(01),32012D0243,CITES,2022.0,2012.0
32022D0173R(01),32009L0114R(01),CITES,2022.0,2009.0
32023R1529,32016R0679R(02),CITES,2023.0,2016.0
32023R1529,32018R1725R(02),CITES,2023.0,2018.0
32023R1529,32014D0145R(05),CITES,2023.0,2014.0
32023R1529,32014R0833,CITES,2023.0,2014.0
32023R1529,32014R0269R(03),CITES,2023.0,2014.0
32023R1529,32021R0821R(03),CITES,2023.0,2021.0
32014D0482,32013D0533,CITES,2014.0,2013.0
32013D0446,32008E0736,CITES,2013.0,2008.0
32019D1284,32013R0462R(01),CITES,2019.0,2013.0
32018D1993R(01),32013D0488R(01),CITES,2018.0,2013.0
32020R0857,32005C0295,CITES,2020.0,2005.0
32020R0857,32018L1972R(04),CITES,2020.0,2018.0
32020R0857,32013L0011R(01),CITES,2020.0,2013.0
32016R1649,32013R1315,CITES,2016.0,2013.0
32016R1649,62014CJ0286,CITES,2016.0,2014.0
32016R1649,32014R0275,CITES,2016.0,2014.0
32023D1229,32013L0034R(07),CITES,2023.0,2013.0
32023D1229,32016D0289,CITES,2023.0,2016.0
32023D1229,32008R1008R(02),CITES,2023.0,2008.0
32023D1229,62014CJ0015,CITES,2023.0,2014.0
32023D1229,32022D0763,CITES,2023.0,2022.0
32023D1229,32004R0794R(04),CITES,2023.0,2004.0
32023D1229,32015R1589R(02),CITES,2023.0,2015.0
32023D1229,62018CJ0594,CITES,2023.0,2018.0
32023D1229,32022D1920,CITES,2023.0,2022.0
32023D1229,62008TJ0267,CITES,2023.0,2008.0
32023D2392,32014L0053R(02),CITES,2023.0,2014.0
32024L2841,32018R1725R(02),CITES,2024.0,2018.0
32024L2841,32004L0113R(03),CITES,2024.0,2004.0
32024L2841,32011R0181R(01),CITES,2024.0,2011.0
32024L2841,32011R0182R(02),CITES,2024.0,2011.0
32024L2841,32019L0882R(01),CITES,2024.0,2019.0
32024L2841,32016L2102R(03),CITES,2024.0,2016.0
32024L2841,32009R0987,CITES,2024.0,2009.0
32024L2841,32016R0679R(02),CITES,2024.0,2016.0
32024L2841,32021R0782R(02),CITES,2024.0,2021.0
32024L2841,32010R1177R(01),CITES,2024.0,2010.0
32023D1600,32022D1334R(01),CITES,2023.0,2022.0
32023D1600,32021D0509R(01),CITES,2023.0,2021.0
32015D2276R(01),32015D0800R(01),CITES,2015.0,2015.0
32016D0418,32013R0390,CITES,2016.0,2013.0
32016D0418,32014D0132,CITES,2016.0,2014.0
32023R2845,32013L0034R(07),CITES,2023.0,2013.0
32023R2845,32011L0061R(02),CITES,2023.0,2011.0
32023R2845,32009L0065R(07),CITES,2023.0,2009.0
32023R2845,32014L0065R(01),CITES,2023.0,2014.0
32023R2845,32004L0109R(01),CITES,2023.0,2004.0
32023R2845,32010R1095,CITES,2023.0,2010.0
32023R2845,32015L0849R(03),CITES,2023.0,2015.0
32023R2845,32022R0858,CITES,2023.0,2022.0
32023R2845,32009L0138R(01),CITES,2023.0,2009.0
32023R2845,32014L0059R(14),CITES,2023.0,2014.0
32023R2845,32013R0575R(02),CITES,2023.0,2013.0
32023R2845,32013L0036R(07),CITES,2023.0,2013.0
32023R2845,32018R1229R(01),CITES,2023.0,2018.0
32023R2845,32014R0600R(09),CITES,2023.0,2014.0
32023R2845,32011R0182R(02),CITES,2023.0,2011.0
32023R2845,32010R1093,CITES,2023.0,2010.0
32023R2845,32016R0679R(02),CITES,2023.0,2016.0
32023R2845,32012R0648R(09),CITES,2023.0,2012.0
32014R0909R(06),32010R1092,CITES,2014.0,2010.0
32014R0909R(06),32013R1024R(02),CITES,2014.0,2013.0
32014R0909R(06),32010L0078,CITES,2014.0,2010.0
32014R0909R(06),32011R0182R(02),CITES,2014.0,2011.0
32014R0909R(06),32014R0909R(06),CITES,2014.0,2014.0
32014R0909R(06),32010R1095,CITES,2014.0,2010.0
32014R0909R(06),32012R0648R(09),CITES,2014.0,2012.0
32014R0909R(06),32005L0060,CITES,2014.0,2005.0
32014R0909R(06),32014L0059R(14),CITES,2014.0,2014.0
32014R0909R(06),32013R0575R(02),CITES,2014.0,2013.0
32014R0909R(06),32013L0036R(07),CITES,2014.0,2013.0
32014R0909R(06),32014R0600R(09),CITES,2014.0,2014.0
32014R0909R(06),32010R1093,CITES,2014.0,2010.0
32014R0909R(06),32006L0070,CITES,2014.0,2006.0
32014R0909R(06),32013L0034R(07),CITES,2014.0,2013.0
32015L1535,32010L0013R(03),CITES,2015.0,2010.0
32023R1214R(06),32013R0952R(10),CITES,2023.0,2013.0
32023R1214R(06),32014L0023R(05),CITES,2023.0,2014.0
32023R1214R(06),32014L0025R(07),CITES,2023.0,2014.0
32023R1214R(06),32021R0821R(03),CITES,2023.0,2021.0
32023R1214R(06),32018R1725R(02),CITES,2023.0,2018.0
32023R1214R(06),32013R0575R(02),CITES,2023.0,2013.0
32023R1214R(06),32009L0081R(01),CITES,2023.0,2009.0
32023R1214R(06),32014R0269R(03),CITES,2023.0,2014.0
32023R1214R(06),32014L0024R(15),CITES,2023.0,2014.0
32023R1214R(06),32014L0065R(01),CITES,2023.0,2014.0
32023R1214R(06),32012R0258R(04),CITES,2023.0,2012.0
32023R1214R(06),32022R0879R(03),CITES,2023.0,2022.0
32023R1214R(06),32015L0849R(03),CITES,2023.0,2015.0
32023D1440,32008E0944,CITES,2023.0,2008.0
32023D1440,32021D0509R(01),CITES,2023.0,2021.0
32023R1577,32010R1093,CITES,2023.0,2010.0
32023R1577,32022R2059,CITES,2023.0,2022.0
32023R1695R(03),32021D1730,CITES,2023.0,2021.0
32023R1695R(03),32016R0796R(01),CITES,2023.0,2016.0
32023R1695R(03),32017D1474R(02),CITES,2023.0,2017.0
32021R2104,32016R0679R(02),CITES,2021.0,2016.0
32021R2104,32018R1725R(02),CITES,2021.0,2018.0
32021R2104,32016L0680R(03),CITES,2021.0,2016.0
32021R2104,32019R0818R(01),CITES,2021.0,2019.0
32021R2104,32008D0146,CITES,2021.0,2008.0
32021R2104,32011D0350,CITES,2021.0,2011.0
32021R0697,32013R0883R(02),CITES,2021.0,2013.0
32021R0697,32021R0695R(03),CITES,2021.0,2021.0
32021R0697,32014L0024R(15),CITES,2021.0,2014.0
32021R0697,32009L0081R(01),CITES,2021.0,2009.0
32021R0697,32018R1046,CITES,2021.0,2018.0
32021R0697,32017L1371R(02),CITES,2021.0,2017.0
32021R0697,32015D0444,CITES,2021.0,2015.0
32021R0697,32009L0043,CITES,2021.0,2009.0
32021R0697,32017R1939R(02),CITES,2021.0,2017.0
32021R0697,32017D2315R(02),CITES,2021.0,2017.0
32021R0697,32013D0488R(01),CITES,2021.0,2013.0
32021R0697,32011R0182R(02),CITES,2021.0,2011.0
32021R0697,32020R2093R(03),CITES,2021.0,2020.0
32021R0697,32021R0523,CITES,2021.0,2021.0
32021R0697,32013D0755,CITES,2021.0,2013.0
32021R0697,32014L0025R(07),CITES,2021.0,2014.0
32021R0697,32008E0944,CITES,2021.0,2008.0
32022D0461,32021R0836,CITES,2022.0,2021.0
32005D0050,32004D0545,CITES,2005.0,2004.0
32021D2131,32020R2094R(01),CITES,2021.0,2020.0
32021D2131,32021R0695R(03),CITES,2021.0,2021.0
32021D2131,32013D1313R(01),CITES,2021.0,2013.0
32018R0231R(02),32013R1075R(01),CITES,2018.0,2013.0
32018R0231R(02),32012R1011R(02),CITES,2018.0,2012.0
32018R0231R(02),32013R1073,CITES,2018.0,2013.0
32018R0231R(02),32013R0549,CITES,2018.0,2013.0
32018R0231R(02),32013R1071,CITES,2018.0,2013.0
32018R0231R(02),32014R1374,CITES,2018.0,2014.0
32024L1785,32016L0943R(01),CITES,2024.0,2016.0
32024L1785,32013L0034R(07),CITES,2024.0,2013.0
32024L1785,32024R1787,CITES,2024.0,2024.0
32024L1785,32006R0166,CITES,2024.0,2006.0
32024L1785,32023R1542R(01),CITES,2024.0,2023.0
32024L1785,32013L0030R(01),CITES,2024.0,2013.0
32024L1785,32011R0182R(02),CITES,2024.0,2011.0
32024L1785,32020L2184R(01),CITES,2024.0,2020.0
32024L1785,32012L0018R(03),CITES,2024.0,2012.0
32024L1785,32024R1252R(01),CITES,2024.0,2024.0
32024L1785,32021R1119,CITES,2024.0,2021.0
32024L1785,32008L0001,CITES,2024.0,2008.0
32024L1785,32012L0027R(01),CITES,2024.0,2012.0
32024L1785,32008R0765R(03),CITES,2024.0,2008.0
32024L1785,32009R1221R(01),CITES,2024.0,2009.0
32022R0850,32008R0767R(04),CITES,2022.0,2008.0
32022R0850,32019R0818R(01),CITES,2022.0,2019.0
32022R0850,32017R2226R(03),CITES,2022.0,2017.0
32022R0850,32018R1725R(02),CITES,2022.0,2018.0
32022R0850,32011R0182R(02),CITES,2022.0,2011.0
32022R0850,32019R0816R(02),CITES,2022.0,2019.0
32022R0850,32016L0680R(03),CITES,2022.0,2016.0
32022R0850,32018R1240R(05),CITES,2022.0,2018.0
32022R0850,32014R0910R(09),CITES,2022.0,2014.0
32022R0850,32019R0817,CITES,2022.0,2019.0
32022R0850,32018R1862R(03),CITES,2022.0,2018.0
32022R0850,32016R0679R(02),CITES,2022.0,2016.0
32015R1100R(01),32007R1370R(03),CITES,2015.0,2007.0
32015R1100R(01),32007R1371,CITES,2015.0,2007.0
32015R1100R(01),32010R0913R(02),CITES,2015.0,2010.0
32015R1100R(01),32014R1300R(07),CITES,2015.0,2014.0
32023R0840,32010R1095,CITES,2023.0,2010.0
32023R0840,32023R0450,CITES,2023.0,2023.0
32023R0840,32018R1046,CITES,2023.0,2018.0
32023R0840,32013R0152,CITES,2023.0,2013.0
32023R0840,32012R0648R(09),CITES,2023.0,2012.0
32021D1828R(01),32014L0053R(02),CITES,2021.0,2014.0
32021D1828R(01),32013L0035R(03),CITES,2021.0,2013.0
32021D1828R(01),32009L0125R(02),CITES,2021.0,2009.0
32021D1828R(01),32011L0092R(02),CITES,2021.0,2011.0
32021D1828R(01),32018L1972R(04),CITES,2021.0,2018.0
32024D2876,32021D0509R(01),CITES,2024.0,2021.0
32024D2876,32013D0488R(01),CITES,2024.0,2013.0
32025R0303,32010R1095,CITES,2025.0,2010.0
32025R0303,32013L0034R(07),CITES,2025.0,2013.0
32025R0303,32018R1725R(02),CITES,2025.0,2018.0
32025R0303,32015L0849R(03),CITES,2025.0,2015.0
32025R0303,32016R0679R(02),CITES,2025.0,2016.0
32025R0303,32023R1113,CITES,2025.0,2023.0
32025R0303,32022R2554R(01),CITES,2025.0,2022.0
32025D0554,32023R0588,CITES,2025.0,2023.0
32013R0519,32012R0555,AMENDS,2013.0,2012.0
32013R0519,32010R0036R(06),AMENDS,2013.0,2010.0
32020R1577R(02),32016D0971,CITES,2020.0,2016.0
32022O0987R(02),32017R2402R(01),CITES,2022.0,2017.0
32022O0987R(02),32021D1815,CITES,2022.0,2021.0
32022O0987R(02),32014R0909R(06),CITES,2022.0,2014.0
32022O0987R(02),32013R0575R(02),CITES,2022.0,2013.0
32022O0987R(02),32019L2162,CITES,2022.0,2019.0
32022O0987R(02),32016R1011R(01),CITES,2022.0,2016.0
32022O0987R(02),32021R0378,CITES,2022.0,2021.0
32019R1776R(07),32016D0971,CITES,2019.0,2016.0
32017R1939R(02),32014L0042,CITES,2017.0,2014.0
32017R1939R(02),32013D0488R(01),CITES,2017.0,2013.0
32017R1939R(02),32016L1919,CITES,2017.0,2016.0
32017R1939R(02),32016L0680R(03),CITES,2017.0,2016.0
32017R1939R(02),32013R1303R(04),CITES,2017.0,2013.0
32017R1939R(02),32012R0966,CITES,2017.0,2012.0
32017R1939R(02),32013R1271,CITES,2017.0,2013.0
32017R1939R(02),32010L0064,CITES,2017.0,2010.0
32017R1939R(02),32013R0883R(02),CITES,2017.0,2013.0
32017R1939R(02),32017L1371R(02),CITES,2017.0,2017.0
32017R1939R(02),32016L0343R(01),CITES,2017.0,2016.0
32017R1939R(02),32012R1215R(10),CITES,2017.0,2012.0
32017R1939R(02),32013L0048R(01),CITES,2017.0,2013.0
32017R1939R(02),32016R0679R(02),CITES,2017.0,2016.0
32017R1939R(02),32012L0013,CITES,2017.0,2012.0
32017D2074,32008E0944,CITES,2017.0,2008.0
32021D1250,32021R0697,CITES,2021.0,2021.0
32021R0731,32010R1095,CITES,2021.0,2010.0
32021R0731,32019R2099R(01),CITES,2021.0,2019.0
32022R1994,32014R1222,CITES,2022.0,2014.0
32022R1994,32021R0558,CITES,2022.0,2021.0
32022R1994,32021R0557,CITES,2022.0,2021.0
32022R1994,32014R0806R(05),CITES,2022.0,2014.0
32022R1994,32019R0876R(16),CITES,2022.0,2019.0
32022R1994,32009L0065R(07),CITES,2022.0,2009.0
32022R1994,32013L0036R(07),CITES,2022.0,2013.0
32022R1994,32014R0241R(02),CITES,2022.0,2014.0
32022R1994,32020R2176,CITES,2022.0,2020.0
32022R1994,32010R1093,CITES,2022.0,2010.0
32022R1994,32017R2402R(01),CITES,2022.0,2017.0
32021D1143R(01),32021D0509R(01),CITES,2021.0,2021.0
32021D1143R(01),32009D0937R(01),CITES,2021.0,2009.0
32021D1143R(01),32013D0488R(01),CITES,2021.0,2013.0
32021R0695R(03),32020R2094R(01),CITES,2021.0,2020.0
32021R0695R(03),32014L0025R(07),CITES,2021.0,2014.0
32021R0695R(03),32013D0755,CITES,2021.0,2013.0
32021R0695R(03),32006L0043R(04),CITES,2021.0,2006.0
32021R0695R(03),32017L1371R(02),CITES,2021.0,2017.0
32021R0695R(03),32014L0024R(15),CITES,2021.0,2014.0
32021R0695R(03),32017R1939R(02),CITES,2021.0,2017.0
32021R0695R(03),32021D0764R(01),CITES,2021.0,2021.0
32021R0695R(03),32018R1046,CITES,2021.0,2018.0
32021R0695R(03),32015D0444,CITES,2021.0,2015.0
32021R0695R(03),32013R0883R(02),CITES,2021.0,2013.0
32021R0695R(03),32018R1725R(02),CITES,2021.0,2018.0
32021R0695R(03),32020R2093R(03),CITES,2021.0,2020.0
32021R0695R(03),32021R0697,CITES,2021.0,2021.0
32025D0943,32023D0993,CITES,2025.0,2023.0
32024R2754,32019R0072,CITES,2024.0,2019.0
32024R2754,32023R1804R(01),CITES,2024.0,2023.0
32024R2754,32019R0631R(01),CITES,2024.0,2019.0
32024R2754,32018R1690,CITES,2024.0,2018.0
32024R2754,32018R1046,CITES,2024.0,2018.0
32024R2754,32015R2447R(13),CITES,2024.0,2015.0
32024R2754,32024R1866,CITES,2024.0,2024.0
32024R2754,32017R0969,CITES,2024.0,2017.0
32024R2754,32020R0776R(01),CITES,2024.0,2020.0
32024R2754,32022R0072,CITES,2024.0,2022.0
32024R2754,32013R0168R(03),CITES,2024.0,2013.0
32022D2424,32019D0903,CITES,2022.0,2019.0
32022D2424,32022D0728,CITES,2022.0,2022.0
32022D2424,32020R1627,CITES,2022.0,2020.0
32022D2424,32021D0891,CITES,2022.0,2021.0
32022L2557,32022R2554R(01),CITES,2022.0,2022.0
32022L2557,32007L0060R(01),CITES,2022.0,2007.0
32022L2557,32013D1313R(01),CITES,2022.0,2013.0
32022L2557,32011R0182R(02),CITES,2022.0,2011.0
32022L2557,32014R0600R(09),CITES,2022.0,2014.0
32022L2557,32005L0065,CITES,2022.0,2005.0
32022L2557,32009F0315R(03),CITES,2022.0,2009.0
32022L2557,32013R0575R(02),CITES,2022.0,2013.0
32022L2557,32022L2555R(06),CITES,2022.0,2022.0
32022L2557,32021R0695R(03),CITES,2022.0,2021.0
32022L2557,32016L1148,CITES,2022.0,2016.0
32022L2557,32019R0941,CITES,2022.0,2019.0
32022L2557,32008R0300R(04),CITES,2022.0,2008.0
32022L2557,32017R1938R(01),CITES,2022.0,2017.0
32022L2557,32012R0648R(09),CITES,2022.0,2012.0
32022L2557,32019R0816R(02),CITES,2022.0,2019.0
32022L2557,32016L0680R(03),CITES,2022.0,2016.0
32022L2557,32012R1025,CITES,2022.0,2012.0
32022L2557,32018R1862R(03),CITES,2022.0,2018.0
32022L2557,32016R0679R(02),CITES,2022.0,2016.0
32022L2557,32018R1725R(02),CITES,2022.0,2018.0
32022L2557,32008L0096R(01),CITES,2022.0,2008.0
32022L2557,32012L0018R(03),CITES,2022.0,2012.0
32022L2557,32014L0065R(01),CITES,2022.0,2014.0
32022L2557,32021R1149R(03),CITES,2022.0,2021.0
32022L2557,32013L0036R(07),CITES,2022.0,2013.0
32022L2557,32017L0541,CITES,2022.0,2017.0
32022L2557,32019R0452R(01),CITES,2022.0,2019.0
32022D2423,32021D0891,CITES,2022.0,2021.0
32022D2423,32020R1627,CITES,2022.0,2020.0
32022D2423,32019D0903,CITES,2022.0,2019.0
32022D2423,32022D0728,CITES,2022.0,2022.0
32022D2426,32019D0903,CITES,2022.0,2019.0
32022D2426,32021D0891,CITES,2022.0,2021.0
32022D2426,32020R1627,CITES,2022.0,2020.0
32022D2426,32022D0728,CITES,2022.0,2022.0
32023R2841,32019R0881R(05),CITES,2023.0,2019.0
32023R2841,32022L2555R(06),CITES,2023.0,2022.0
32023R2841,32017H1584,CITES,2023.0,2017.0
32023R2841,32018R1725R(02),CITES,2023.0,2018.0
32023R2841,32018R1046,CITES,2023.0,2018.0
32024R2024,32019R1239,CITES,2024.0,2019.0
32024R2024,32024R1157R(03),CITES,2024.0,2024.0
32024R2024,32013R0952R(10),CITES,2024.0,2013.0
32025R0413,32022R2554R(01),CITES,2025.0,2022.0
32025R0413,32017L1132R(03),CITES,2025.0,2017.0
32025R0413,32015L0849R(03),CITES,2025.0,2015.0
32025R0413,32012R0648R(09),CITES,2025.0,2012.0
32025R0413,32013L0036R(07),CITES,2025.0,2013.0
32025R0413,32014L0065R(01),CITES,2025.0,2014.0
32025R0413,32009L0065R(07),CITES,2025.0,2009.0
32025R0413,32018R1725R(02),CITES,2025.0,2018.0
32025R0413,32009L0138R(01),CITES,2025.0,2009.0
32025R0413,32006L0043R(04),CITES,2025.0,2006.0
32025R0413,32010R1093,CITES,2025.0,2010.0
32025R0413,32016R0679R(02),CITES,2025.0,2016.0
32025R0413,32011L0061R(02),CITES,2025.0,2011.0
32025R0414,32018R1725R(02),CITES,2025.0,2018.0
32025R0414,32009L0138R(01),CITES,2025.0,2009.0
32025R0414,32006L0043R(04),CITES,2025.0,2006.0
32025R0414,32025R0305,CITES,2025.0,2025.0
32025R0414,32010R1095,CITES,2025.0,2010.0
32025R0414,32016R0679R(02),CITES,2025.0,2016.0
32025R0414,32011L0061R(02),CITES,2025.0,2011.0
32025R0414,32022R2554R(01),CITES,2025.0,2022.0
32025R0414,32012R0648R(09),CITES,2025.0,2012.0
32025R0414,32013L0036R(07),CITES,2025.0,2013.0
32025R0414,32017L1132R(03),CITES,2025.0,2017.0
32025R0414,32009L0065R(07),CITES,2025.0,2009.0
32025R0414,32015L0849R(03),CITES,2025.0,2015.0
32025R0414,32014L0065R(01),CITES,2025.0,2014.0
32023R2859,32010R1093,CITES,2023.0,2010.0
32023R2859,32016L0097,CITES,2023.0,2016.0
32023R2859,32004L0025,CITES,2023.0,2004.0
32023R2859,32019L1024,CITES,2023.0,2019.0
32023R2859,32021R0694R(01),CITES,2023.0,2021.0
32023R2859,32014L0059R(14),CITES,2023.0,2014.0
32023R2859,32017R1131R(01),CITES,2023.0,2017.0
32023R2859,32009R0223,CITES,2023.0,2009.0
32023R2859,32010R1094R(02),CITES,2023.0,2010.0
32023R2859,32015R0760R(01),CITES,2023.0,2015.0
32023R2859,32013L0036R(07),CITES,2023.0,2013.0
32023R2859,32016R0679R(02),CITES,2023.0,2016.0
32023R2859,32019L2162,CITES,2023.0,2019.0
32023R2859,32014L0065R(01),CITES,2023.0,2014.0
32023R2859,32019L2034R(06),CITES,2023.0,2019.0
32023R2859,32014R0600R(09),CITES,2023.0,2014.0
32023R2859,32009L0138R(01),CITES,2023.0,2009.0
32023R2859,32016L2341R(02),CITES,2023.0,2016.0
32023R2859,32023R1114R(05),CITES,2023.0,2023.0
32023R2859,32010R1095,CITES,2023.0,2010.0
32023R2859,32014R0910R(09),CITES,2023.0,2014.0
32023R2859,32019R2033R(07),CITES,2023.0,2019.0
32023R2859,32018R1725R(02),CITES,2023.0,2018.0
32023R2859,32006L0043R(04),CITES,2023.0,2006.0
32023R2859,32014R0537R(06),CITES,2023.0,2014.0
32023R2859,32013R0575R(02),CITES,2023.0,2013.0
32023R2859,32023R2869,CITES,2023.0,2023.0
32023R2859,32023R2631,CITES,2023.0,2023.0
32023R2859,32015R2365,CITES,2023.0,2015.0
32023R2859,32007L0036R(01),CITES,2023.0,2007.0
32023R2859,32011L0061R(02),CITES,2023.0,2011.0
32014D0641R(01),32010D0267,CITES,2014.0,2010.0
32014D0641R(01),32006D0771,CITES,2014.0,2006.0
32014D0641R(01),32012D0243,CITES,2014.0,2012.0
32006L0123,32005L0036R(07),CITES,2006.0,2005.0
32006L0123,32006L0043R(04),CITES,2006.0,2006.0
32006L0123,32006L0048,CITES,2006.0,2006.0
32006L0123,32005L0029R(03),CITES,2006.0,2005.0
32006L0123,32004R2006,CITES,2006.0,2004.0
32019R1140,32013R1306R(05),CITES,2019.0,2013.0
32019R1140,32018R1046,CITES,2019.0,2018.0
32019R1140,32013R1305R(01),CITES,2019.0,2013.0
32008D0263,32005D0345,CITES,2008.0,2005.0
32014R0241R(02),32006L0049,CITES,2014.0,2006.0
32014R0241R(02),32007L0064,CITES,2014.0,2007.0
32014R0241R(02),32009L0110R(03),CITES,2014.0,2009.0
32014R0241R(02),32009L0065R(07),CITES,2014.0,2009.0
32014R0241R(02),32006L0048,CITES,2014.0,2006.0
32014R0241R(02),32009L0138R(01),CITES,2014.0,2009.0
32014R0241R(02),32011L0061R(02),CITES,2014.0,2011.0
32014R0241R(02),32010R1093,CITES,2014.0,2010.0
32014R0241R(02),32013L0036R(07),CITES,2014.0,2013.0
32020D1131,32020D0664,CITES,2020.0,2020.0
32011R0454R(01),32007R1371,CITES,2011.0,2007.0
32021R1751,32010R1093,CITES,2021.0,2010.0
32022D0639,32019R0943R(03),CITES,2022.0,2019.0
32022D0639,61998CJ0379,CITES,2022.0,1998.0
32022D0639,32019L0944R(05),CITES,2022.0,2019.0
32022D0639,62018CJ0594,CITES,2022.0,2018.0
32022D0639,32015R1222R(03),CITES,2022.0,2015.0
32008L0006R(03),32006L0123,CITES,2008.0,2006.0
32019R0947R(07),32008D0768R(02),CITES,2019.0,2008.0
32019R0947R(07),32009L0048,CITES,2019.0,2009.0
32019R0947R(07),32016R0679R(02),CITES,2019.0,2016.0
32019R0947R(07),32019R0945R(04),CITES,2019.0,2019.0
32019R0947R(07),32011R1332R(01),CITES,2019.0,2011.0
32019R0947R(07),32012R0965R(04),CITES,2019.0,2012.0
32019R0947R(07),32012R0923R(22),CITES,2019.0,2012.0
32020R2093R(03),32018R1046,CITES,2020.0,2018.0
32017D1283,62015CJ0270,CITES,2017.0,2015.0
32017D1283,62004CJ0222,CITES,2017.0,2004.0
32017D1283,62006CJ0494,CITES,2017.0,2006.0
32017D1283,32004R0794R(04),CITES,2017.0,2004.0
32017D1283,62009CJ0138,CITES,2017.0,2009.0
32017D1283,62012CJ0006,CITES,2017.0,2012.0
32017D1283,62003TJ0068,CITES,2017.0,2003.0
32017D1283,62009CJ0071,CITES,2017.0,2009.0
32017D1283,62015CJ0100,CITES,2017.0,2015.0
32017D1283,32015R1589R(02),CITES,2017.0,2015.0
32017D1283,62002CJ0066,CITES,2017.0,2002.0
32017D1283,62009CJ0106,CITES,2017.0,2009.0
32017D1283,62010CJ0417,CITES,2017.0,2010.0
32017D1283,62004TJ0427,CITES,2017.0,2004.0
32017D1283,62013CJ0522,CITES,2017.0,2013.0
32017D1283,62010CO0529,CITES,2017.0,2010.0
32017D1283,62008CJ0537,CITES,2017.0,2008.0
32017D1283,62011TJ0538,CITES,2017.0,2011.0
32017D1283,62008CJ0169,CITES,2017.0,2008.0
32017D1283,32006D0621,CITES,2017.0,2006.0
32017D1283,32009D0809,CITES,2017.0,2009.0
32017D1283,62002CJ0183,CITES,2017.0,2002.0
32017D1283,62006TJ0231,CITES,2017.0,2006.0
32017D1283,62003CJ0253,CITES,2017.0,2003.0
32017D1283,62009CJ0480,CITES,2017.0,2009.0
32017D1283,62003CJ0172,CITES,2017.0,2003.0
32017D1283,62013CJ0271,CITES,2017.0,2013.0
32017D1283,62014CJ0015,CITES,2017.0,2014.0
32017D1283,62005TJ0424,CITES,2017.0,2005.0
32017D1283,62012TJ0242,CITES,2017.0,2012.0
32017D1283,62003CJ0446,CITES,2017.0,2003.0
32017D1283,62008CJ0078,CITES,2017.0,2008.0
32017D1283,62006CJ0441,CITES,2017.0,2006.0
32017D1283,62002TJ0137,CITES,2017.0,2002.0
32017D1283,62003CJ0182,CITES,2017.0,2003.0
32017D1283,62008CJ0399,CITES,2017.0,2008.0
32017D1283,62012TJ0385,CITES,2017.0,2012.0
32018R0643,32009R0223,CITES,2018.0,2009.0
32018R0643,32012L0034R(06),CITES,2018.0,2012.0
32018R0643,32011R0182R(02),CITES,2018.0,2011.0
32018R0841,32016D1841,CITES,2018.0,2016.0
32018R0841,32007L0002,CITES,2018.0,2007.0
32018R0841,32018R0842,CITES,2018.0,2018.0
32019R0834,32017R1131R(01),CITES,2019.0,2017.0
32019R0834,32009L0138R(01),CITES,2019.0,2009.0
32019R0834,32014R0600R(09),CITES,2019.0,2014.0
32019R0834,32015R2365,CITES,2019.0,2015.0
32019R0834,32010R1095,CITES,2019.0,2010.0
32019R0834,32014L0065R(01),CITES,2019.0,2014.0
32019R0834,32011R0182R(02),CITES,2019.0,2011.0
32019R0834,32016L2341R(02),CITES,2019.0,2016.0
32019R0834,32013R0575R(02),CITES,2019.0,2013.0
32019R0834,32010R1092,CITES,2019.0,2010.0
32019R0834,32014R0909R(06),CITES,2019.0,2014.0
32019R0834,32013L0036R(07),CITES,2019.0,2013.0
32019R0834,32010R1093,CITES,2019.0,2010.0
32019R0834,32010R1094R(02),CITES,2019.0,2010.0
32009L0030R(02),32008L0050R(05),CITES,2009.0,2008.0
32009L0030R(02),32009L0028,CITES,2009.0,2009.0
32016R0369,32013D1313R(01),CITES,2016.0,2013.0
32016R0369,32014R0514R(01),CITES,2016.0,2014.0
32016R0369,32014R0223,CITES,2016.0,2014.0
32016R0369,32014R0515R(03),CITES,2016.0,2014.0
32016R0369,32014R0513,CITES,2016.0,2014.0
32016R0369,32013R0883R(02),CITES,2016.0,2013.0
32016R0369,32014R0516,CITES,2016.0,2014.0
32016R0369,32012R0966,CITES,2016.0,2012.0
32024L1640R(01),32021R1060R(05),CITES,2024.0,2021.0
32024L1640R(01),32014L0059R(14),CITES,2024.0,2014.0
32024L1640R(01),32013R0952R(10),CITES,2024.0,2013.0
32024L1640R(01),32017L1132R(03),CITES,2024.0,2017.0
32024L1640R(01),32013R0389R(01),CITES,2024.0,2013.0
32024L1640R(01),32012R0267R(07),CITES,2024.0,2012.0
32024L1640R(01),32018L1673,CITES,2024.0,2018.0
32024L1640R(01),32016D0849R(01),CITES,2024.0,2016.0
32024L1640R(01),32018R1672R(02),CITES,2024.0,2018.0
32024L1640R(01),32016L0680R(03),CITES,2024.0,2016.0
32024L1640R(01),32009L0110R(03),CITES,2024.0,2009.0
32024L1640R(01),32010D0413R(02),CITES,2024.0,2010.0
32024L1640R(01),32013R1024R(02),CITES,2024.0,2013.0
32024L1640R(01),32014R0909R(06),CITES,2024.0,2014.0
32024L1640R(01),32013L0036R(07),CITES,2024.0,2013.0
32024L1640R(01),32016R0679R(02),CITES,2024.0,2016.0
32024L1640R(01),32014L0065R(01),CITES,2024.0,2014.0
32024L1640R(01),32015L2366R(06),CITES,2024.0,2015.0
32024L1640R(01),32009D0316,CITES,2024.0,2009.0
32024L1640R(01),32014R0537R(06),CITES,2024.0,2014.0
32024L1640R(01),32011L0016,CITES,2024.0,2011.0
32024L1640R(01),32014L0092R(01),CITES,2024.0,2014.0
32024L1640R(01),32018R1725R(02),CITES,2024.0,2018.0
32024L1640R(01),62020CJ0037,CITES,2024.0,2020.0
32024L1640R(01),32013L0034R(07),CITES,2024.0,2013.0
32024L1640R(01),32009F0315R(03),CITES,2024.0,2009.0
32024L1640R(01),32014R0910R(09),CITES,2024.0,2014.0
32024L1640R(01),32011R0182R(02),CITES,2024.0,2011.0
32024L1640R(01),32024R1620R(01),CITES,2024.0,2024.0
32024L1640R(01),32017R1509R(02),CITES,2024.0,2017.0
32024L1640R(01),32024R1624,CITES,2024.0,2024.0
32024L1640R(01),32016L0681,CITES,2024.0,2016.0
32024L1640R(01),32021R0241R(02),CITES,2024.0,2021.0
32024L1640R(01),32014L0049R(02),CITES,2024.0,2014.0
32024L1640R(01),32006L0043R(04),CITES,2024.0,2006.0
32024R2473,32013R0952R(10),CITES,2024.0,2013.0
32024R2473,32015L0849R(03),CITES,2024.0,2015.0
32024R2473,32014R0517,CITES,2024.0,2014.0
32024D3226,32021R0696R(01),CITES,2024.0,2021.0
32024D3226,32023R0588,CITES,2024.0,2023.0
32024D3226,32021D0698,CITES,2024.0,2021.0
32024R3137,32012R0965R(04),CITES,2024.0,2012.0
32024R3137,32023R2691,CITES,2024.0,2023.0
32024R3137,32023R0660,CITES,2024.0,2023.0
32024R3137,32007R0235,CITES,2024.0,2007.0
32024R3137,32014R0452R(01),CITES,2024.0,2014.0
32024R3137,32011R1178R(10),CITES,2024.0,2011.0
32024R3137,32006R1543,CITES,2024.0,2006.0
32024R3137,32007R1400,CITES,2024.0,2007.0
32024R3137,32020R0736,CITES,2024.0,2020.0
32024R3137,32010R0590,CITES,2024.0,2010.0
32024R3137,32015R2322,CITES,2024.0,2015.0
32024R2977R(01),32024R1183R(02),CITES,2024.0,2024.0
32024R2977R(01),32024R2977R(01),CITES,2024.0,2024.0
32024R2977R(01),32024R2979R(01),CITES,2024.0,2024.0
32024R2977R(01),32021H0946,CITES,2024.0,2021.0
32024R2977R(01),32024R2982,CITES,2024.0,2024.0
32024R2977R(01),32018R1725R(02),CITES,2024.0,2018.0
32024R2977R(01),32016R0679R(02),CITES,2024.0,2016.0
32024R2977R(01),32015R1502R(01),CITES,2024.0,2015.0
32024R2977R(01),32024R2980R(01),CITES,2024.0,2024.0
32009D0513,32009D0149,CITES,2009.0,2009.0
32021D1009,32020D0903,CITES,2021.0,2020.0
32012R0272,32010R1095,CITES,2012.0,2010.0
32010R0791,32006R0473,CITES,2010.0,2006.0
32009D1005,32009D0407,CITES,2009.0,2009.0
32021R2325R(02),32021D0689R(02),CITES,2021.0,2021.0
32021R1755,32017L1371R(02),CITES,2021.0,2017.0
32021R1755,32018R1725R(02),CITES,2021.0,2018.0
32021R1755,32016R0679R(02),CITES,2021.0,2016.0
32021R1755,32014R0651R(05),CITES,2021.0,2014.0
32021R1755,32018R1046,CITES,2021.0,2018.0
32021R1755,32016D1841,CITES,2021.0,2016.0
32021R1755,32020R0852R(06),CITES,2021.0,2020.0
32021R1755,32017R1939R(02),CITES,2021.0,2017.0
32021R1755,32013R0883R(02),CITES,2021.0,2013.0
32021R1755,32020R2092R(04),CITES,2021.0,2020.0
32010D0713,32008D0768R(02),CITES,2010.0,2008.0
32010D0713,32008D0284,CITES,2010.0,2008.0
32010D0713,32008D0217,CITES,2010.0,2008.0
32010D0713,32008D0232,CITES,2010.0,2008.0
32010D0713,32006D0066,CITES,2010.0,2006.0
32010D0713,32006D0679,CITES,2010.0,2006.0
32018R1602,32016D0971,CITES,2018.0,2016.0
32020R1783R(02),32011R0182R(02),CITES,2020.0,2011.0
32020R1783R(02),32016R0679R(02),CITES,2020.0,2016.0
32020R1783R(02),32019R1111R(07),CITES,2020.0,2019.0
32020R1783R(02),32014R0910R(09),CITES,2020.0,2014.0
32020R1783R(02),32012R0650R(04),CITES,2020.0,2012.0
32020R1783R(02),32012R1215R(10),CITES,2020.0,2012.0
32020R1783R(02),32009R0004R(06),CITES,2020.0,2009.0
32020R1783R(02),32018R1725R(02),CITES,2020.0,2018.0
32024L1499R(01),32024L1500,CITES,2024.0,2024.0
32024L1499R(01),32018R1725R(02),CITES,2024.0,2018.0
32024L1499R(01),32011R0182R(02),CITES,2024.0,2011.0
32024L1499R(01),32019L0882R(01),CITES,2024.0,2019.0
32024L1499R(01),32016R0679R(02),CITES,2024.0,2016.0
32024R1281,32018R0842,CITES,2024.0,2018.0
32024R1281,32019R1122,CITES,2024.0,2019.0
32024R1281,32023R0839,CITES,2024.0,2023.0
32024R1281,32023R0857,CITES,2024.0,2023.0
32024R1281,32018R0841,CITES,2024.0,2018.0
32024R1281,32021R1119,CITES,2024.0,2021.0
32024R1281,32018L2001R(10),CITES,2024.0,2018.0
32024R1281,32023L0959R(06),CITES,2024.0,2023.0
32024R1281,32018R2066R(06),CITES,2024.0,2018.0
32025R0392,32013R0575R(02),CITES,2025.0,2013.0
32025R0392,32013R0952R(10),CITES,2025.0,2013.0
32025R0392,32021R0821R(03),CITES,2025.0,2021.0
32025R0392,32014R0909R(06),CITES,2025.0,2014.0
32025R0392,32018R1725R(02),CITES,2025.0,2018.0
32025R0392,32015L0849R(03),CITES,2025.0,2015.0
32025R0392,32024L1226,CITES,2025.0,2024.0
32025R0392,32018L1673,CITES,2025.0,2018.0
32019R2026R(02),32016R0679R(02),CITES,2019.0,2016.0
32019R2026R(02),32013R0952R(10),CITES,2019.0,2013.0
32019R2026R(02),32017L2455R(06),CITES,2019.0,2017.0
32019R2026R(02),32010R0904R(04),CITES,2019.0,2010.0
32024R1865R(02),32015L0849R(03),CITES,2024.0,2015.0
32024R1865R(02),32024L1226,CITES,2024.0,2024.0
32024R1865R(02),32012R0258R(04),CITES,2024.0,2012.0
32024R1865R(02),32013R0575R(02),CITES,2024.0,2013.0
32024R1865R(02),32014R0833,CITES,2024.0,2014.0
32024R1865R(02),32005R0184,CITES,2024.0,2005.0
32024R1865R(02),32013R0952R(10),CITES,2024.0,2013.0
32024R1865R(02),32021R0821R(03),CITES,2024.0,2021.0
32017D2283,32013D0698,CITES,2017.0,2013.0
32017D2283,32015D1908,CITES,2017.0,2015.0
32017D2283,32008E0944,CITES,2017.0,2008.0
32024R1610,32013R0952R(10),CITES,2024.0,2013.0
32024R1610,32014L0094,CITES,2024.0,2014.0
32024R1610,32023R1804R(01),CITES,2024.0,2023.0
32024R1610,32023R0857,CITES,2024.0,2023.0
32024R1610,32014L0024R(15),CITES,2024.0,2014.0
32024R1610,32023R0955,CITES,2024.0,2023.0
32024R1610,32019R0631R(01),CITES,2024.0,2019.0
32024R1610,32014L0025R(07),CITES,2024.0,2014.0
32024R1610,32017R2400R(03),CITES,2024.0,2017.0
32024R1610,32018L2001R(10),CITES,2024.0,2018.0
32024R1610,32017R1151R(04),CITES,2024.0,2017.0
32024R1610,32023R1542R(01),CITES,2024.0,2023.0
32024R1610,32014L0023R(05),CITES,2024.0,2014.0
32024R1610,32021R1119,CITES,2024.0,2021.0
32024R1610,32020R0683,CITES,2024.0,2020.0
32024R1610,32011R0182R(02),CITES,2024.0,2011.0
32018R1795,32016L2370,CITES,2018.0,2016.0
32018R1795,32007R1370R(03),CITES,2018.0,2007.0
32018L0843R(01),32013R1024R(02),CITES,2018.0,2013.0
32018L0843R(01),32014R0910R(09),CITES,2018.0,2014.0
32018L0843R(01),32017L1132R(03),CITES,2018.0,2017.0
32018L0843R(01),32017L0541,CITES,2018.0,2017.0
32018L0843R(01),32011R0182R(02),CITES,2018.0,2011.0
32018L0843R(01),32016R0679R(02),CITES,2018.0,2016.0
32018L0843R(01),32011L0016,CITES,2018.0,2011.0
32018L0843R(01),32015R0847,CITES,2018.0,2015.0
32018L0843R(01),32016L0680R(03),CITES,2018.0,2016.0
32018L0843R(01),32015L2366R(06),CITES,2018.0,2015.0
32018L0843R(01),32012R0260R(01),CITES,2018.0,2012.0
32018L0843R(01),32009L0110R(03),CITES,2018.0,2009.0
32014D0089,32010D0017R(01),CITES,2014.0,2010.0
32014D0089,32007L0059,CITES,2014.0,2007.0
32017R2055,32009L0110R(03),CITES,2017.0,2009.0
32017R2055,32010R1093,CITES,2017.0,2010.0
32017R2055,32015L0849R(03),CITES,2017.0,2015.0
32012D0365,32010L0013R(03),CITES,2012.0,2010.0
32012D0365,32004R0794R(04),CITES,2012.0,2004.0
32023D0747,32021R0654,CITES,2023.0,2021.0
32023D0747,32022R0612,CITES,2023.0,2022.0
32023D0747,32018L1972R(04),CITES,2023.0,2018.0
32023D0747,32016R2286R(03),CITES,2023.0,2016.0
32023D0747,32018R1971R(01),CITES,2023.0,2018.0
32023D0810,32022D1971,CITES,2023.0,2022.0
32023D0810,32022D0636,CITES,2023.0,2022.0
32023D0810,32023D0230,CITES,2023.0,2023.0
32023D0810,32022D0471,CITES,2023.0,2022.0
32023D0810,32022D0809,CITES,2023.0,2022.0
32023D0810,32022D1285,CITES,2023.0,2022.0
32023D0810,32021D0509R(01),CITES,2023.0,2021.0
32016D0209,32015R0962,CITES,2016.0,2015.0
32016D0209,32013R0305,CITES,2016.0,2013.0
32016D0209,32007L0002,CITES,2016.0,2007.0
32016D0209,32013R0886R(01),CITES,2016.0,2013.0
32016D0209,32010L0040,CITES,2016.0,2010.0
32012R0826,32010R1095,CITES,2012.0,2010.0
32025L0025,32014R0910R(09),CITES,2025.0,2014.0
32025L0025,32016L2102R(03),CITES,2025.0,2016.0
32025L0025,32024R0903,CITES,2025.0,2024.0
32025L0025,32016R0679R(02),CITES,2025.0,2016.0
32025L0025,32018R1725R(02),CITES,2025.0,2018.0
32025L0025,32013L0034R(07),CITES,2025.0,2013.0
32025L0025,32024R1183R(02),CITES,2025.0,2024.0
32025L0025,32019L0882R(01),CITES,2025.0,2019.0
32025L0025,32018L0843R(01),CITES,2025.0,2018.0
32025L0025,32018R1724,CITES,2025.0,2018.0
32025L0025,32015R0848R(06),CITES,2025.0,2015.0
32025L0025,32019L1151R(01),CITES,2025.0,2019.0
32025L0025,32015L0849R(03),CITES,2025.0,2015.0
32014R0515R(03),32011R0182R(02),CITES,2014.0,2011.0
32014R0515R(03),32008R0767R(04),CITES,2014.0,2008.0
32014R0515R(03),32006R0562,CITES,2014.0,2006.0
32014R0515R(03),32009R0810R(06),CITES,2014.0,2009.0
32014R0515R(03),32014R0513,CITES,2014.0,2014.0
32014R0515R(03),32011D0350,CITES,2014.0,2011.0
32014R0515R(03),32014R0514R(01),CITES,2014.0,2014.0
32014R0515R(03),32008D0146,CITES,2014.0,2008.0
32014R0515R(03),32012R0966,CITES,2014.0,2012.0
32014R0515R(03),32013R1311R(04),CITES,2014.0,2013.0
32019R1239,32018R1725R(02),CITES,2019.0,2018.0
32019R1239,32011R0182R(02),CITES,2019.0,2011.0
32019R1239,32013R0952R(10),CITES,2019.0,2013.0
32019R1239,32017R0352R(01),CITES,2019.0,2017.0
32019R1239,32016R0679R(02),CITES,2019.0,2016.0
32019R1239,32014R0910R(09),CITES,2019.0,2014.0
32023R2606,32018R1999R(06),CITES,2023.0,2018.0
32023R2606,32023L0959R(06),CITES,2023.0,2023.0
32023R2606,32020R0852R(06),CITES,2023.0,2020.0
32018R1108,32007L0064,CITES,2018.0,2007.0
32018R1108,32010R1094R(02),CITES,2018.0,2010.0
32018R1108,32009L0110R(03),CITES,2018.0,2009.0
32018R1108,32010R1095,CITES,2018.0,2010.0
32018R1108,32010R1093,CITES,2018.0,2010.0
32016R1033,32010R1095,CITES,2016.0,2010.0
32016R1033,32014L0065R(01),CITES,2016.0,2014.0
32016R1033,32015R2365,CITES,2016.0,2015.0
32015D0347,32013R0390,CITES,2015.0,2013.0
32015D0347,32014D0132,CITES,2015.0,2014.0
32006D0737,32004R0794R(04),CITES,2006.0,2004.0
32022R0631,32019R0876R(16),CITES,2022.0,2019.0
32022R0631,32010R1093,CITES,2022.0,2010.0
32014L0017R(04),32013R0575R(02),CITES,2014.0,2013.0
32014L0017R(04),32005L0036R(07),CITES,2014.0,2005.0
32014L0017R(04),32013L0034R(07),CITES,2014.0,2013.0
32014L0017R(04),32005L0029R(03),CITES,2014.0,2005.0
32024R1739,32014R0909R(06),CITES,2024.0,2014.0
32024R1739,32024D1738,CITES,2024.0,2024.0
32024R1739,32024L1226,CITES,2024.0,2024.0
32024R2980R(01),32024R1183R(02),CITES,2024.0,2024.0
32024R2980R(01),32018R1725R(02),CITES,2024.0,2018.0
32024R2980R(01),32016R0679R(02),CITES,2024.0,2016.0
32024R2980R(01),32024R2979R(01),CITES,2024.0,2024.0
32024R2980R(01),32024R2982,CITES,2024.0,2024.0
32024R2980R(01),32024R2977R(01),CITES,2024.0,2024.0
32024R2980R(01),32021H0946,CITES,2024.0,2021.0
32024R2980R(01),32024R2980R(01),CITES,2024.0,2024.0
32024R1469,32022D0335,CITES,2024.0,2022.0
32024R1469,32024R0576,CITES,2024.0,2024.0
32024R1469,32014R0909R(06),CITES,2024.0,2014.0
32024R1469,32024R0792,CITES,2024.0,2024.0
32024R1469,32024D0577,CITES,2024.0,2024.0
32024R1469,32021D0509R(01),CITES,2024.0,2021.0
32024R1469,32018R1046,CITES,2024.0,2018.0
32024R2982,32024R2982,CITES,2024.0,2024.0
32024R2982,32018R1725R(02),CITES,2024.0,2018.0
32024R2982,32016R0679R(02),CITES,2024.0,2016.0
32024R2982,32024R2980R(01),CITES,2024.0,2024.0
32024R2982,32024R2979R(01),CITES,2024.0,2024.0
32024R2982,32015R1502R(01),CITES,2024.0,2015.0
32024R2982,32024R2977R(01),CITES,2024.0,2024.0
32024R2982,32024R1183R(02),CITES,2024.0,2024.0
32024R2982,32021H0946,CITES,2024.0,2021.0
32025D0381,32022R2554R(01),CITES,2025.0,2022.0
32025D0381,32022L2556,CITES,2025.0,2022.0
32024R0855,32019R0876R(16),CITES,2024.0,2019.0
32024R0855,32019L0878R(06),CITES,2024.0,2019.0
32024R0855,32013L0036R(07),CITES,2024.0,2013.0
32024R0855,32010R1093,CITES,2024.0,2010.0
32022D1334R(01),32021D0509R(01),CITES,2022.0,2021.0
32022D1334R(01),32020D1133,CITES,2022.0,2020.0
32022D1921,32013R1409,CITES,2022.0,2013.0
32022D1921,32012R1011R(02),CITES,2022.0,2012.0
32024R1107,32024R1109,CITES,2024.0,2024.0
32024R1107,32019R0947R(07),CITES,2024.0,2019.0
32024R1107,32023R0203,CITES,2024.0,2023.0
32024R1107,32014R1321R(03),CITES,2024.0,2014.0
32024R1107,32012R0748R(15),CITES,2024.0,2012.0
32024R1107,32019R0945R(04),CITES,2024.0,2019.0
32025D0650,32021D1730,CITES,2025.0,2021.0
32014R0275,32013R1315,CITES,2014.0,2013.0
32007L0036R(01),32004L0109R(01),CITES,2007.0,2004.0
32007L0036R(01),32004L0025,CITES,2007.0,2004.0
32021R0378,32014O0060R(01),CITES,2021.0,2014.0
32021R0378,32019R2033R(07),CITES,2021.0,2019.0
32021R0378,32013R0575R(02),CITES,2021.0,2013.0
32021R0378,32013L0036R(07),CITES,2021.0,2013.0
32021R0378,32021R0379,CITES,2021.0,2021.0
32020R1784R(02),32011R0182R(02),CITES,2020.0,2011.0
32020R1784R(02),32018R1725R(02),CITES,2020.0,2018.0
32020R1784R(02),32014R0910R(09),CITES,2020.0,2014.0
32020R1784R(02),32016R0679R(02),CITES,2020.0,2016.0
32013R1409,32009R0924,CITES,2013.0,2009.0
32013R1409,32009L0110R(03),CITES,2013.0,2009.0
32013R1409,32007O0009,CITES,2013.0,2007.0
32013R1409,32007L0064,CITES,2013.0,2007.0
32019D0784,32007D0131,CITES,2019.0,2007.0
32019D0784,32018L1972R(04),CITES,2019.0,2018.0
32019D0784,32005D0050,CITES,2019.0,2005.0
32019D0784,32004D0545,CITES,2019.0,2004.0
32019D0784,32006D0771,CITES,2019.0,2006.0
32020D2123,32013R1391,CITES,2020.0,2013.0
32020D2123,32004D0920,CITES,2020.0,2004.0
32020D2123,32006D0859,CITES,2020.0,2006.0
32020D2123,32014D0536,CITES,2020.0,2014.0
32020D2123,32015R1222R(03),CITES,2020.0,2015.0
32020D2123,32006D0375,CITES,2020.0,2006.0
32020D2123,32017R2195,CITES,2020.0,2017.0
32020D2123,32009R0714,CITES,2020.0,2009.0
32020D2123,32016R1719R(01),CITES,2020.0,2016.0
32020D2123,32009L0028,CITES,2020.0,2009.0
32022D0356R(01),32021R0821R(03),CITES,2022.0,2021.0
32016L0798R(07),32007R1371,CITES,2016.0,2007.0
32016L0798R(07),32016R0796R(01),CITES,2016.0,2016.0
32016L0798R(07),32012L0034R(06),CITES,2016.0,2012.0
32016L0798R(07),32015L1535,CITES,2016.0,2015.0
32016L0798R(07),32011R0182R(02),CITES,2016.0,2011.0
32016L0798R(07),32008L0068,CITES,2016.0,2008.0
32016L0798R(07),32007L0059,CITES,2016.0,2007.0
32016L0798R(07),32011R0445,CITES,2016.0,2011.0
32016L0798R(07),32010R1158R(01),CITES,2016.0,2010.0
32016L0798R(07),32016L0797R(10),CITES,2016.0,2016.0
32012R0946,32011R0513,CITES,2012.0,2011.0
32012R0946,32010R1095,CITES,2012.0,2010.0
32021D0173R(01),32014R0508R(09),CITES,2021.0,2014.0
32021D0173R(01),32020R1294,CITES,2021.0,2020.0
32021D0173R(01),32009R1221R(01),CITES,2021.0,2009.0
32021D0173R(01),32014R0282,CITES,2021.0,2014.0
32021D0173R(01),32013R1316,CITES,2021.0,2013.0
32021D0173R(01),32018R1046,CITES,2021.0,2018.0
32021D0173R(01),32015R0322,CITES,2021.0,2015.0
32021D0173R(01),32013R1291,CITES,2021.0,2013.0
32021D0173R(01),32014R0234,CITES,2021.0,2014.0
32021D0173R(01),32014R0233,CITES,2021.0,2014.0
32021D0173R(01),32014R0232,CITES,2021.0,2014.0
32024R0576,32014R0909R(06),CITES,2024.0,2014.0
32024R0576,32022D0335,CITES,2024.0,2022.0
32019L2177R(02),32010R1094R(02),CITES,2019.0,2010.0
32019L2177R(02),32006L0043R(04),CITES,2019.0,2006.0
32019L2177R(02),32010R1093,CITES,2019.0,2010.0
32019L2177R(02),32010R1095,CITES,2019.0,2010.0
32019L2177R(02),32018R1725R(02),CITES,2019.0,2018.0
32019L2177R(02),32014R0600R(09),CITES,2019.0,2014.0
32019L2177R(02),32016R0679R(02),CITES,2019.0,2016.0
32014D0164,32009L0043,CITES,2014.0,2009.0
32015R1998,32015D0444,CITES,2015.0,2015.0
32021R0023,32004L0109R(01),CITES,2021.0,2004.0
32021R0023,32010R1094R(02),CITES,2021.0,2010.0
32021R0023,32019L2162,CITES,2021.0,2019.0
32021R0023,32017R1129R(02),CITES,2021.0,2017.0
32021R0023,32013L0036R(07),CITES,2021.0,2013.0
32021R0023,32013R0575R(02),CITES,2021.0,2013.0
32021R0023,32010R1093,CITES,2021.0,2010.0
32021R0023,32013R1024R(02),CITES,2021.0,2013.0
32021R0023,32014R0596R(07),CITES,2021.0,2014.0
32019D1276,32013R0462R(01),CITES,2019.0,2013.0
32012D0178,62003CJ0172,CITES,2012.0,2003.0
32012D0178,62000CJ0280,CITES,2012.0,2000.0
32018D1616,62008CJ0399,CITES,2018.0,2008.0
32018D1616,62010CJ0399,CITES,2018.0,2010.0
32018D1616,62015CJ0020,CITES,2018.0,2015.0
32018D1616,62016CJ0300,CITES,2018.0,2016.0
32018D1616,32006D0621,CITES,2018.0,2006.0
32018D1616,62004TJ0425,CITES,2018.0,2004.0
32018D1616,62014CJ0524,CITES,2018.0,2014.0
32018D1616,62015CJ0486,CITES,2018.0,2015.0
32011D0636,32010D0049,CITES,2011.0,2010.0
32011D0636,32011D0350,CITES,2011.0,2011.0
32011D0636,32008D0146,CITES,2011.0,2008.0
32018D0500,32016R0758,CITES,2018.0,2016.0
32022R2554R(01),32020R1503R(01),CITES,2022.0,2020.0
32022R2554R(01),32010R1095,CITES,2022.0,2010.0
32022R2554R(01),32016L0097,CITES,2022.0,2016.0
32022R2554R(01),32011L0061R(02),CITES,2022.0,2011.0
32022R2554R(01),32017R2402R(01),CITES,2022.0,2017.0
32022R2554R(01),32016L2341R(02),CITES,2022.0,2016.0
32022R2554R(01),32009L0110R(03),CITES,2022.0,2009.0
32022R2554R(01),32014L0059R(14),CITES,2022.0,2014.0
32022R2554R(01),32019R0881R(05),CITES,2022.0,2019.0
32022R2554R(01),32013R1024R(02),CITES,2022.0,2013.0
32022R2554R(01),32014R0806R(05),CITES,2022.0,2014.0
32022R2554R(01),32006L0043R(04),CITES,2022.0,2006.0
32022R2554R(01),32022L2555R(06),CITES,2022.0,2022.0
32022R2554R(01),32009L0138R(01),CITES,2022.0,2009.0
32022R2554R(01),32016L1148,CITES,2022.0,2016.0
32022R2554R(01),32013L0034R(07),CITES,2022.0,2013.0
32022R2554R(01),32015L2366R(06),CITES,2022.0,2015.0
32022R2554R(01),32013R0575R(02),CITES,2022.0,2013.0
32022R2554R(01),32010R1093,CITES,2022.0,2010.0
32022R2554R(01),32014L0065R(01),CITES,2022.0,2014.0
32022R2554R(01),32018R1725R(02),CITES,2022.0,2018.0
32022R2554R(01),32010R1094R(02),CITES,2022.0,2010.0
32022R2554R(01),32022L2557,CITES,2022.0,2022.0
32022R2554R(01),32022L2556,CITES,2022.0,2022.0
32022R2554R(01),32009L0065R(07),CITES,2022.0,2009.0
32022R2554R(01),32019R2033R(07),CITES,2022.0,2019.0
32022R2554R(01),32013L0036R(07),CITES,2022.0,2013.0
32022R2554R(01),32019L2034R(06),CITES,2022.0,2019.0
32022R2554R(01),32016R0679R(02),CITES,2022.0,2016.0
32017R2094R(01),32015L2366R(06),CITES,2017.0,2015.0
32017R2094R(01),32013R0575R(02),CITES,2017.0,2013.0
32017R2094R(01),32014O0060R(01),CITES,2017.0,2014.0
32017R2094R(01),32009L0110R(03),CITES,2017.0,2009.0
32014R1048R(01),32014R1049,CITES,2014.0,2014.0
32020D0955,32019D1115,CITES,2020.0,2019.0
32023R1114R(05),32019L2034R(06),CITES,2023.0,2019.0
32023R1114R(05),32005L0029R(03),CITES,2023.0,2005.0
32023R1114R(05),32019R1238,CITES,2023.0,2019.0
32023R1114R(05),32014L0049R(02),CITES,2023.0,2014.0
32023R1114R(05),32013R0575R(02),CITES,2023.0,2013.0
32023R1114R(05),32009R0987,CITES,2023.0,2009.0
32023R1114R(05),32022R2554R(01),CITES,2023.0,2022.0
32023R1114R(05),32014R0596R(07),CITES,2023.0,2014.0
32023R1114R(05),32017R1129R(02),CITES,2023.0,2017.0
32023R1114R(05),32004L0109R(01),CITES,2023.0,2004.0
32023R1114R(05),32013L0034R(07),CITES,2023.0,2013.0
32023R1114R(05),32015L2366R(06),CITES,2023.0,2015.0
32023R1114R(05),32014R0806R(05),CITES,2023.0,2014.0
32023R1114R(05),32016L2341R(02),CITES,2023.0,2016.0
32023R1114R(05),32015L0849R(03),CITES,2023.0,2015.0
32023R1114R(05),32014L0059R(14),CITES,2023.0,2014.0
32023R1114R(05),32009L0065R(07),CITES,2023.0,2009.0
32023R1114R(05),32010R1094R(02),CITES,2023.0,2010.0
32023R1114R(05),32019R2033R(07),CITES,2023.0,2019.0
32023R1114R(05),32016R0679R(02),CITES,2023.0,2016.0
32023R1114R(05),32022R1925R(01),CITES,2023.0,2022.0
32023R1114R(05),32014R0909R(06),CITES,2023.0,2014.0
32023R1114R(05),32009L0138R(01),CITES,2023.0,2009.0
32023R1114R(05),32017R2402R(01),CITES,2023.0,2017.0
32023R1114R(05),32017R1131R(01),CITES,2023.0,2017.0
32023R1114R(05),32021R0023,CITES,2023.0,2021.0
32023R1114R(05),32018R1725R(02),CITES,2023.0,2018.0
32023R1114R(05),32014L0065R(01),CITES,2023.0,2014.0
32023R1114R(05),32014L0092R(01),CITES,2023.0,2014.0
32023R1114R(05),32011L0061R(02),CITES,2023.0,2011.0
32023R1114R(05),32013R1024R(02),CITES,2023.0,2013.0
32023R1114R(05),32009L0110R(03),CITES,2023.0,2009.0
32023R1114R(05),32008L0048R(08),CITES,2023.0,2008.0
32023D0434,32021R0821R(03),CITES,2023.0,2021.0
32023D0434,32009R0715,CITES,2023.0,2009.0
32023D0434,32008L0114,CITES,2023.0,2008.0
32023D0434,32022L2557,CITES,2023.0,2022.0
32023D0434,32013R0952R(10),CITES,2023.0,2013.0
32023D0434,32015R2447R(13),CITES,2023.0,2015.0
32023D0434,32014R0833,CITES,2023.0,2014.0
32023D0434,32009L0073,CITES,2023.0,2009.0
32023D0434,32014D0145R(05),CITES,2023.0,2014.0
32011D1104,32010R0912,CITES,2011.0,2010.0
32011D1104,32008R0683,CITES,2011.0,2008.0
32011D1104,32011D0292,CITES,2011.0,2011.0
32011D1104,32009R0428R(04),CITES,2011.0,2009.0
32011D1104,32011R0182R(02),CITES,2011.0,2011.0
32019R0881R(05),32011R0182R(02),CITES,2019.0,2011.0
32019R0881R(05),32008R1007,CITES,2019.0,2008.0
32019R0881R(05),32018R1725R(02),CITES,2019.0,2018.0
32019R0881R(05),32011R0580,CITES,2019.0,2011.0
32019R0881R(05),32017H1584,CITES,2019.0,2017.0
32019R0881R(05),32018R1046,CITES,2019.0,2018.0
32019R0881R(05),32013R1271,CITES,2019.0,2013.0
32019R0881R(05),32015L1535,CITES,2019.0,2015.0
32019R0881R(05),32016L1148,CITES,2019.0,2016.0
32019R0881R(05),32015D0443,CITES,2019.0,2015.0
32019R0881R(05),32015D0444,CITES,2019.0,2015.0
32019R0881R(05),32014L0024R(15),CITES,2019.0,2014.0
32019R0881R(05),32012R1025,CITES,2019.0,2012.0
32019R0881R(05),32014R0910R(09),CITES,2019.0,2014.0
32019R0881R(05),32013R0883R(02),CITES,2019.0,2013.0
32019R0881R(05),32018L1972R(04),CITES,2019.0,2018.0
32019R0881R(05),32016R0679R(02),CITES,2019.0,2016.0
32019R0881R(05),32008R0765R(03),CITES,2019.0,2008.0
32024R1180R(01),32012R1025,CITES,2024.0,2012.0
32024R1180R(01),32018R0858R(08),CITES,2024.0,2018.0
32024D2880,32021D0509R(01),CITES,2024.0,2021.0
32025R0299,32010R1095,CITES,2025.0,2010.0
32025R0299,32022R2554R(01),CITES,2025.0,2022.0
32025R0299,32024R1774R(01),CITES,2025.0,2024.0
32025R0847,32016R0679R(02),CITES,2025.0,2016.0
32025R0847,32019R0881R(05),CITES,2025.0,2019.0
32025R0847,32018R1725R(02),CITES,2025.0,2018.0
32025R0847,32021H0946,CITES,2025.0,2021.0
32025R0847,32022L2555R(06),CITES,2025.0,2022.0
32025R0847,32024R1183R(02),CITES,2025.0,2024.0
32025R0847,32024R2847,CITES,2025.0,2024.0
32008D0137,32005D0346,CITES,2008.0,2005.0
32021R1058,32015R1017R(01),CITES,2021.0,2015.0
32021R1058,32021R1057,CITES,2021.0,2021.0
32021R1058,32021R1060R(05),CITES,2021.0,2021.0
32021R1058,32021R0522R(02),CITES,2021.0,2021.0
32021R1058,32013R1316,CITES,2021.0,2013.0
32021R1058,32018R1999R(06),CITES,2021.0,2018.0
32021R1058,32020R0852R(06),CITES,2021.0,2020.0
32021R1058,32009L0033R(02),CITES,2021.0,2009.0
32021R1058,32013R1315,CITES,2021.0,2013.0
32021R1058,32012L0027R(01),CITES,2021.0,2012.0
32021R1058,32013R1301R(02),CITES,2021.0,2013.0
32021R1058,32021R0695R(03),CITES,2021.0,2021.0
32021R1058,32013D1313R(01),CITES,2021.0,2013.0
32021R1058,32018R1046,CITES,2021.0,2018.0
32021R1058,32018L2001R(10),CITES,2021.0,2018.0
32021R1058,32018L0844,CITES,2021.0,2018.0
32021R1058,32014R0651R(05),CITES,2021.0,2014.0
32012H0148,32009L0072,CITES,2012.0,2009.0
32012H0148,32009L0073,CITES,2012.0,2009.0
32015D1470,62002TJ0137,CITES,2015.0,2002.0
32015D1470,32012R1219,CITES,2015.0,2012.0
32015D1470,62004CJ0148,CITES,2015.0,2004.0
32015D1470,32004R0794R(04),CITES,2015.0,2004.0
32015D1470,62000CJ0280,CITES,2015.0,2000.0
32015D1470,62003TJ0068,CITES,2015.0,2003.0
32015D1470,62008CJ0279,CITES,2015.0,2008.0
32015D1470,62004CJ0222,CITES,2015.0,2004.0
32015D1470,62009CJ0480,CITES,2015.0,2009.0
32010L0013R(03),62004CJ0089,CITES,2010.0,2004.0
32010L0013R(03),32006R1924R(02),CITES,2010.0,2006.0
32010L0013R(03),61997CJ0212,CITES,2010.0,1997.0
32010L0013R(03),32005L0029R(03),CITES,2010.0,2005.0
32010L0013R(03),61996CJ0014,CITES,2010.0,1996.0
32010L0013R(03),32006H0952,CITES,2010.0,2006.0
32010L0013R(03),32006D0515,CITES,2010.0,2006.0
32020R1229,32020R1224R(01),CITES,2020.0,2020.0
32020R1229,32020R1227,CITES,2020.0,2020.0
32020R1229,32020R1225R(01),CITES,2020.0,2020.0
32020R1229,32010R1095,CITES,2020.0,2010.0
32020R1229,32012R0648R(09),CITES,2020.0,2012.0
32021D1428R(01),62013TJ0305,CITES,2021.0,2013.0
32021D1428R(01),62009CJ0106,CITES,2021.0,2009.0
32021D1428R(01),62011CJ0288,CITES,2021.0,2011.0
32021D1428R(01),62008TJ0443,CITES,2021.0,2008.0
32021D1428R(01),62018CJ0244,CITES,2021.0,2018.0
32021D1428R(01),32013D0664,CITES,2021.0,2013.0
32021D1428R(01),62007CJ0113,CITES,2021.0,2007.0
32021D1428R(01),32018D0628,CITES,2021.0,2018.0
32021D1428R(01),62003CJ0172,CITES,2021.0,2003.0
32021D1428R(01),32015D1227,CITES,2021.0,2015.0
32021D1428R(01),62014CJ0524,CITES,2021.0,2014.0
32021D1428R(01),62008TJ0267,CITES,2021.0,2008.0
32021D1428R(01),32006R0562,CITES,2021.0,2006.0
32021D1428R(01),62014TJ0423,CITES,2021.0,2014.0
32021D1428R(01),32015D1226,CITES,2021.0,2015.0
32021D1428R(01),62010CJ0124,CITES,2021.0,2010.0
32021D1428R(01),62006CJ0206,CITES,2021.0,2006.0
32021D1428R(01),62014CJ0015,CITES,2021.0,2014.0
32020D1422,32015R0322,CITES,2020.0,2015.0
32017D0552,32017D0258,CITES,2017.0,2017.0
32017D0552,32015D1056,CITES,2017.0,2015.0
32017D0552,32014D0132,CITES,2017.0,2014.0
32019R1238,32013L0036R(07),CITES,2019.0,2013.0
32019R1238,32016R0679R(02),CITES,2019.0,2016.0
32019R1238,32010R1095,CITES,2019.0,2010.0
32019R1238,32013L0034R(07),CITES,2019.0,2013.0
32019R1238,32018R1725R(02),CITES,2019.0,2018.0
32019R1238,32009L0138R(01),CITES,2019.0,2009.0
32019R1238,32013R0575R(02),CITES,2019.0,2013.0
32019R1238,32013L0011R(01),CITES,2019.0,2013.0
32019R1238,32009L0065R(07),CITES,2019.0,2009.0
32019R1238,32011L0061R(02),CITES,2019.0,2011.0
32019R1238,32016L0097,CITES,2019.0,2016.0
32019R1238,32010R1093,CITES,2019.0,2010.0
32019R1238,32010R1094R(02),CITES,2019.0,2010.0
32019R1238,32016L2341R(02),CITES,2019.0,2016.0
32019R1238,32015R0760R(01),CITES,2019.0,2015.0
32019R1238,32015L0849R(03),CITES,2019.0,2015.0
32019R1238,32014L0065R(01),CITES,2019.0,2014.0
32021R0821R(03),32015D0444,CITES,2021.0,2015.0
32021R0821R(03),32009R0223,CITES,2021.0,2009.0
32021R0821R(03),32015D0443,CITES,2021.0,2015.0
32021R0821R(03),32008E0944,CITES,2021.0,2008.0
32021R0821R(03),32016R0679R(02),CITES,2021.0,2016.0
32021R0821R(03),32015R2446R(12),CITES,2021.0,2015.0
32021R0821R(03),32011D1104,CITES,2021.0,2011.0
32021R0821R(03),32013R0952R(10),CITES,2021.0,2013.0
32021R0821R(03),32015R0479R(01),CITES,2021.0,2015.0
32021R0821R(03),32018R1725R(02),CITES,2021.0,2018.0
32023L1544,32018L1972R(04),CITES,2023.0,2018.0
32023L1544,32006L0123,CITES,2023.0,2006.0
32023L1544,32018R0302R(03),CITES,2023.0,2018.0
32023L1544,32018R1725R(02),CITES,2023.0,2018.0
32023L1544,32014L0041R(02),CITES,2023.0,2014.0
32023L1544,32023R1543R(01),CITES,2023.0,2023.0
32023L1544,32012R1215R(10),CITES,2023.0,2012.0
32023L1544,32016R0679R(02),CITES,2023.0,2016.0
32023L1544,32015L1535,CITES,2023.0,2015.0
32014R0312R(02),32010R0994,CITES,2014.0,2010.0
32014R0312R(02),32009L0073,CITES,2014.0,2009.0
32014R0312R(02),32009R0713,CITES,2014.0,2009.0
32012D0540,32009D0703,CITES,2012.0,2009.0
32012D0540,62007CJ0202,CITES,2012.0,2007.0
32012D0540,62004CJ0237,CITES,2012.0,2004.0
32012D0540,62004TJ0427,CITES,2012.0,2004.0
32012D0540,62006CJ0441,CITES,2012.0,2006.0
32012D0540,62001TJ0157,CITES,2012.0,2001.0
32012D0540,32008L0006R(03),CITES,2012.0,2008.0
32012D0540,62000TJ0254,CITES,2012.0,2000.0
32012D0540,62002TJ0171,CITES,2012.0,2002.0
32012D0540,32008D0204,CITES,2012.0,2008.0
32012D0540,32005D0145,CITES,2012.0,2005.0
32012D0540,32005D0709,CITES,2012.0,2005.0
32012D0540,32008D0722,CITES,2012.0,2008.0
32022D0339,32021D0509R(01),CITES,2022.0,2021.0
32022D0339,32008E0944,CITES,2022.0,2008.0
32016L2370,32007L0058,CITES,2016.0,2007.0
32016L2370,32007L0059,CITES,2016.0,2007.0
32016L2370,32010L0040,CITES,2016.0,2010.0
32016L2370,32007R1371,CITES,2016.0,2007.0
32016L2370,32016R0919,CITES,2016.0,2016.0
32016L2370,32007R1370R(03),CITES,2016.0,2007.0
32016L2370,32008D0386,CITES,2016.0,2008.0
32013R1379R(03),32011R0182R(02),CITES,2013.0,2011.0
32020D1015,32014R0468,CITES,2020.0,2014.0
32022R2371,32016R0679R(02),CITES,2022.0,2016.0
32022R2371,32008R0765R(03),CITES,2022.0,2008.0
32022R2371,32021R0690R(02),CITES,2022.0,2021.0
32022R2371,32018R1046,CITES,2022.0,2018.0
32022R2371,32013R1305R(01),CITES,2022.0,2013.0
32022R2371,32021R0697,CITES,2022.0,2021.0
32022R2371,32021R0695R(03),CITES,2022.0,2021.0
32022R2371,32021R0694R(01),CITES,2022.0,2021.0
32022R2371,32021R0522R(02),CITES,2022.0,2021.0
32022R2371,32016R0369,CITES,2022.0,2016.0
32022R2371,32013D1313R(01),CITES,2022.0,2013.0
32022R2371,32015D0444,CITES,2022.0,2015.0
32022R2371,32013D0488R(01),CITES,2022.0,2013.0
32022R2371,32021R1058,CITES,2022.0,2021.0
32022R2371,32021R1057,CITES,2022.0,2021.0
32022R2371,32016R0794R(05),CITES,2022.0,2016.0
32022R2371,32022R2372,CITES,2022.0,2022.0
32022R2371,32009R0401R(01),CITES,2022.0,2009.0
32022R2371,32011R0182R(02),CITES,2022.0,2011.0
32022R2371,32015D0443,CITES,2022.0,2015.0
32022R2371,32014D0415R(01),CITES,2022.0,2014.0
32022R2371,32017R0746R(06),CITES,2022.0,2017.0
32022R2371,32017R0745R(02),CITES,2022.0,2017.0
32022R2371,32018R1725R(02),CITES,2022.0,2018.0
32022R2371,32015R0479R(01),CITES,2022.0,2015.0
32022R2371,32019D0570R(01),CITES,2022.0,2019.0
32019L1937R(01),32016L1919,CITES,2019.0,2016.0
32019L1937R(01),32013L0030R(01),CITES,2019.0,2013.0
32019L1937R(01),32016L0943R(01),CITES,2019.0,2016.0
32019L1937R(01),32018R1725R(02),CITES,2019.0,2018.0
32019L1937R(01),32013R0575R(02),CITES,2019.0,2013.0
32019L1937R(01),32011L0016,CITES,2019.0,2011.0
32019L1937R(01),32016L0680R(03),CITES,2019.0,2016.0
32019L1937R(01),32009L0071R(01),CITES,2019.0,2009.0
32019L1937R(01),32016L1148,CITES,2019.0,2016.0
32019L1937R(01),32019R1020R(05),CITES,2019.0,2019.0
32019L1937R(01),32005R0001R(08),CITES,2019.0,2005.0
32019L1937R(01),32004R2006,CITES,2019.0,2004.0
32019L1937R(01),32015D0444,CITES,2019.0,2015.0
32019L1937R(01),32012L0013,CITES,2019.0,2012.0
32019L1937R(01),32013R0883R(02),CITES,2019.0,2013.0
32019L1937R(01),32014R0596R(07),CITES,2019.0,2014.0
32019L1937R(01),32013L0036R(07),CITES,2019.0,2013.0
32019L1937R(01),32017L1371R(02),CITES,2019.0,2017.0
32019L1937R(01),32013D0488R(01),CITES,2019.0,2013.0
32019L1937R(01),32016R0679R(02),CITES,2019.0,2016.0
32020D2152,32019L0944R(05),CITES,2020.0,2019.0
32020D2152,32009L0073,CITES,2020.0,2009.0
32020D2152,32014R1348R(01),CITES,2020.0,2014.0
32020D2152,32019R0715,CITES,2020.0,2019.0
32020D2152,32011R1227,CITES,2020.0,2011.0
32009R0707,32006R1893R(02),CITES,2009.0,2006.0
32009R0707,32005R1161,CITES,2009.0,2005.0
32023R0956,32015R1222R(03),CITES,2023.0,2015.0
32023R0956,32018R0841,CITES,2023.0,2018.0
32023R0956,32019R0331,CITES,2023.0,2019.0
32023R0956,32010R1031,CITES,2023.0,2010.0
32023R0956,32021R1119,CITES,2023.0,2021.0
32023R0956,32006D0500,CITES,2023.0,2006.0
32023R0956,32018R2066R(06),CITES,2023.0,2018.0
32023R0956,32018R0842,CITES,2023.0,2018.0
32023R0956,32021R0947R(03),CITES,2023.0,2021.0
32023R0956,32008R0765R(03),CITES,2023.0,2008.0
32023R0956,32018R2067,CITES,2023.0,2018.0
32023R0956,32018R1725R(02),CITES,2023.0,2018.0
32023R0956,32015R2446R(12),CITES,2023.0,2015.0
32023R0956,32016R0679R(02),CITES,2023.0,2016.0
32023R0956,32011R0182R(02),CITES,2023.0,2011.0
32023R0956,32013R0952R(10),CITES,2023.0,2013.0
32023D1681,32021R0451R(04),CITES,2023.0,2021.0
32023D1681,32021R0453R(04),CITES,2023.0,2021.0
32023D1681,32013R0575R(02),CITES,2023.0,2013.0
32020D1016,32014R0468,CITES,2020.0,2014.0
32023D1304,32023D0577,CITES,2023.0,2023.0
32018D0628,62002TJ0137,CITES,2018.0,2002.0
32018D0628,62003CJ0172,CITES,2018.0,2003.0
32018D0628,32015D1227,CITES,2018.0,2015.0
32018D0628,32005D0842,CITES,2018.0,2005.0
32018D0628,62007CJ0113,CITES,2018.0,2007.0
32018D0628,62009CJ0480,CITES,2018.0,2009.0
32018D0628,32004R0794R(04),CITES,2018.0,2004.0
32018D0628,62011CJ0288,CITES,2018.0,2011.0
32018D0628,62008TJ0267,CITES,2018.0,2008.0
32018D0628,32006L0111,CITES,2018.0,2006.0
32018D0628,62008TJ0443,CITES,2018.0,2008.0
32018D0628,62000CJ0280,CITES,2018.0,2000.0
32018D0628,62004CJ0222,CITES,2018.0,2004.0
32022D1093,32021D0509R(01),CITES,2022.0,2021.0
32022D1093,32008E0944,CITES,2022.0,2008.0
32022D1093,32021D2136,CITES,2022.0,2021.0
32019R1693,32016R1037R(01),CITES,2019.0,2016.0
32019R1693,32017R0969,CITES,2019.0,2017.0
32022R0868,32016R0679R(02),CITES,2022.0,2016.0
32022R0868,32015L0849R(03),CITES,2022.0,2015.0
32022R0868,32010L0040,CITES,2022.0,2010.0
32022R0868,32019R1239,CITES,2022.0,2019.0
32022R0868,32014R0600R(09),CITES,2022.0,2014.0
32022R0868,32019L0790R(01),CITES,2022.0,2019.0
32022R0868,32018R1807,CITES,2022.0,2018.0
32022R0868,32007L0002,CITES,2022.0,2007.0
32022R0868,32020R1056R(01),CITES,2022.0,2020.0
32022R0868,32011R0182R(02),CITES,2022.0,2011.0
32022R0868,32009R0223,CITES,2022.0,2009.0
32022R0868,32015L2366R(06),CITES,2022.0,2015.0
32022R0868,32016L2102R(03),CITES,2022.0,2016.0
32022R0868,32016L0680R(03),CITES,2022.0,2016.0
32022R0868,32016L0943R(01),CITES,2022.0,2016.0
32022R0868,32009L0081R(01),CITES,2022.0,2009.0
32022R0868,32018R1725R(02),CITES,2022.0,2018.0
32022R0868,32011L0024R(04),CITES,2022.0,2011.0
32022R0868,32019L1024,CITES,2022.0,2019.0
32022R0868,32019L0882R(01),CITES,2022.0,2019.0
32022R0868,32017L1132R(03),CITES,2022.0,2017.0
32022R0868,32018R0858R(08),CITES,2022.0,2018.0
32014L0091R(02),32010R1095,CITES,2014.0,2010.0
32014L0091R(02),32014L0065R(01),CITES,2014.0,2014.0
32014L0091R(02),32013L0036R(07),CITES,2014.0,2013.0
32014L0091R(02),32014R0909R(06),CITES,2014.0,2014.0
32014L0091R(02),32011L0061R(02),CITES,2014.0,2011.0
32014L0091R(02),32010R1093,CITES,2014.0,2010.0
32014L0091R(02),32012R0648R(09),CITES,2014.0,2012.0
32014L0091R(02),32013L0034R(07),CITES,2014.0,2013.0
32014L0091R(02),32013R0575R(02),CITES,2014.0,2013.0
32022D0430R(01),32021R0821R(03),CITES,2022.0,2021.0
32020R2223,32015L0849R(03),CITES,2020.0,2015.0
32020R2223,32016R0679R(02),CITES,2020.0,2016.0
32020R2223,32010R0904R(04),CITES,2020.0,2010.0
32020R2223,32017L1371R(02),CITES,2020.0,2017.0
32020R2223,32017R1939R(02),CITES,2020.0,2017.0
32020R2223,32019L1937R(01),CITES,2020.0,2019.0
32020R2223,32018R1725R(02),CITES,2020.0,2018.0
32020R2223,32018R1046,CITES,2020.0,2018.0
32010L0065,32006R0562,CITES,2010.0,2006.0
32016D2082,32015D0528,CITES,2016.0,2015.0
32017R2177R(02),32016L0798R(07),CITES,2017.0,2016.0
32017R2177R(02),32017R0352R(01),CITES,2017.0,2017.0
32023R1773R(01),32013R0952R(10),CITES,2023.0,2013.0
32023R1773R(01),32015R2446R(12),CITES,2023.0,2015.0
32023R1773R(01),32018R1725R(02),CITES,2023.0,2018.0
32023R1773R(01),32016R0679R(02),CITES,2023.0,2016.0
32023R1773R(01),32018R2066R(06),CITES,2023.0,2018.0
32023R1773R(01),32023R1070,CITES,2023.0,2023.0
32023R1773R(01),32018L2001R(10),CITES,2023.0,2018.0
32022R1031,32014L0024R(15),CITES,2022.0,2014.0
32022R1031,32011R0182R(02),CITES,2022.0,2011.0
32022R1031,32014L0025R(07),CITES,2022.0,2014.0
32022R1031,32014L0023R(05),CITES,2022.0,2014.0
32022R1031,32014R0654R(01),CITES,2022.0,2014.0
32022R1031,32018R1046,CITES,2022.0,2018.0
32022R1031,32013R0952R(10),CITES,2022.0,2013.0
32022R1031,32019R1780,CITES,2022.0,2019.0
32019D1279,32013R0462R(01),CITES,2019.0,2013.0
32016D0422,32013R0390,CITES,2016.0,2013.0
32016D0422,32015D0348,CITES,2016.0,2015.0
32016D0422,32014D0132,CITES,2016.0,2014.0
32024L0790,32011R1227,CITES,2024.0,2011.0
32024L0790,32021L0338R(01),CITES,2024.0,2021.0
32024L0790,32019R2033R(07),CITES,2024.0,2019.0
32024L0790,32010R1095,CITES,2024.0,2010.0
32024L0790,32012R0648R(09),CITES,2024.0,2012.0
32024L0790,32014R0600R(09),CITES,2024.0,2014.0
32015D0635,32007R1370R(03),CITES,2015.0,2007.0
32015D0635,32013D0693,CITES,2015.0,2013.0
32015D0635,32011D0501,CITES,2015.0,2011.0
32015D0635,32008R0800,CITES,2015.0,2008.0
32015D0635,32014R0651R(05),CITES,2015.0,2014.0
32011L0016,32010L0024,CITES,2011.0,2010.0
32022R0398R(01),32014L0065R(01),CITES,2022.0,2014.0
32022R0398R(01),32022D0399R(01),CITES,2022.0,2022.0
32022R0398R(01),32014R0909R(06),CITES,2022.0,2014.0
32019R0618,32006R0473,CITES,2019.0,2006.0
32019R0618,32012R0965R(04),CITES,2019.0,2012.0
32019R0618,32018R0871,CITES,2019.0,2018.0
32019R0618,32017R2215,CITES,2019.0,2017.0
32019R0618,32009R0619R(01),CITES,2019.0,2009.0
32019R0618,32014R0452R(01),CITES,2019.0,2014.0
32019R0618,32008R1131,CITES,2019.0,2008.0
32019R0816R(02),32018R1240R(05),CITES,2019.0,2018.0
32019R0816R(02),32008R0767R(04),CITES,2019.0,2008.0
32019R0816R(02),32018R1725R(02),CITES,2019.0,2018.0
32019R0816R(02),32016R0679R(02),CITES,2019.0,2016.0
32019R0816R(02),32011L0093R(02),CITES,2019.0,2011.0
32019R0816R(02),32009D0316,CITES,2019.0,2009.0
32019R0816R(02),32018R1727R(07),CITES,2019.0,2018.0
32019R0816R(02),32009F0315R(03),CITES,2019.0,2009.0
32019R0816R(02),32016L0680R(03),CITES,2019.0,2016.0
32019R0816R(02),32006R1987,CITES,2019.0,2006.0
32019R0816R(02),32016R0794R(05),CITES,2019.0,2016.0
32019R0816R(02),32011R0182R(02),CITES,2019.0,2011.0
32019R0816R(02),32017R1939R(02),CITES,2019.0,2017.0
32019R0816R(02),32017R2226R(03),CITES,2019.0,2017.0
32024R1679,32020R1056R(01),CITES,2024.0,2020.0
32024R1679,32020R0203,CITES,2024.0,2020.0
32024R1679,32019L0520,CITES,2024.0,2019.0
32024R1679,32016R0796R(01),CITES,2024.0,2016.0
32024R1679,32019L0883,CITES,2024.0,2019.0
32024R1679,32008R0300R(04),CITES,2024.0,2008.0
32024R1679,32008L0096R(01),CITES,2024.0,2008.0
32024R1679,32016L0797R(10),CITES,2024.0,2016.0
32024R1679,32022L2557,CITES,2024.0,2022.0
32024R1679,32018R1139R(04),CITES,2024.0,2018.0
32024R1679,32019R1239,CITES,2024.0,2019.0
32024R1679,32021R1119,CITES,2024.0,2021.0
32024R1679,32009L0147R(01),CITES,2024.0,2009.0
32024R1679,32009D0320,CITES,2024.0,2009.0
32024R1679,32012L0034R(06),CITES,2024.0,2012.0
32024R1679,32023R1695R(03),CITES,2024.0,2023.0
32024R1679,32021R0523,CITES,2024.0,2021.0
32024R1679,32023R1804R(01),CITES,2024.0,2023.0
32024R1679,32021R0241R(02),CITES,2024.0,2021.0
32024R1679,32013R0168R(03),CITES,2024.0,2013.0
32024R1679,32010L0040,CITES,2024.0,2010.0
32024R1679,32013R0886R(01),CITES,2024.0,2013.0
32024R1679,32023R2405R(02),CITES,2024.0,2023.0
32024R1679,32020R0852R(06),CITES,2024.0,2020.0
32024R1679,32011R0182R(02),CITES,2024.0,2011.0
32024R1679,32020R0204R(01),CITES,2024.0,2020.0
32024R1679,32006R0561R(10),CITES,2024.0,2006.0
32024R1679,32021L1187,CITES,2024.0,2021.0
32024R1679,32021R2085,CITES,2024.0,2021.0
32024R1679,32019R0452R(01),CITES,2024.0,2019.0
32024R1679,32005L0044,CITES,2024.0,2005.0
32024R1679,32021R0240R(01),CITES,2024.0,2021.0
32024R1679,32011L0092R(02),CITES,2024.0,2011.0
32024R1679,32017R0352R(01),CITES,2024.0,2017.0
32024R1679,32021R0695R(03),CITES,2024.0,2021.0
32024R1679,32016R0399R(05),CITES,2024.0,2016.0
32016D0537,32006L0095,CITES,2016.0,2006.0
32022R1862R(01),32015R0516,CITES,2022.0,2015.0
32022R1862R(01),32021D1878,CITES,2022.0,2021.0
32022R1862R(01),32005R1654,CITES,2022.0,2005.0
32022R1862R(01),32009R0560,CITES,2022.0,2009.0
32022R1862R(01),32018L1972R(04),CITES,2022.0,2018.0
32023D0231,32022D1968,CITES,2023.0,2022.0
32023D0231,32008E0944,CITES,2023.0,2008.0
32023D0231,32021D0509R(01),CITES,2023.0,2021.0
32013D0660,32013D0367,CITES,2013.0,2013.0
32025R0022,32025R0023,CITES,2025.0,2025.0
32025R0022,32015R1998,CITES,2025.0,2015.0
32025R0022,32025R0020R(01),CITES,2025.0,2025.0
32025R0420,32024R1505,CITES,2025.0,2024.0
32025R0420,32024R1502,CITES,2025.0,2024.0
32025R0420,32010R1095,CITES,2025.0,2010.0
32025R0420,32025R0295,CITES,2025.0,2025.0
32025R0420,32010R1093,CITES,2025.0,2010.0
32025R0420,32010R1094R(02),CITES,2025.0,2010.0
32025D1039,32019R0317,CITES,2025.0,2019.0
32025D1039,32024D1688,CITES,2025.0,2024.0
32025D1053,32019R0123,CITES,2025.0,2019.0
32025D1053,32024D1688,CITES,2025.0,2024.0
32024R2465,32014R0269R(03),BASED_ON,2024.0,2014.0
32024R2465,32012R0267R(07),BASED_ON,2024.0,2012.0
32024R2465,32014R0208R(03),BASED_ON,2024.0,2014.0
32024R2465,32017R1509R(02),BASED_ON,2024.0,2017.0
32024R2465,32017R2063,BASED_ON,2024.0,2017.0
32024R2465,32024R0287,BASED_ON,2024.0,2024.0
32024R2465,32011R0101R(02),BASED_ON,2024.0,2011.0
32024R2465,32023R1529,BASED_ON,2024.0,2023.0
32024R2465,32019R0796R(02),BASED_ON,2024.0,2019.0
32024R2465,32014R0833,BASED_ON,2024.0,2014.0
32024R2465,32023R2147,BASED_ON,2024.0,2023.0
32024R2465,32024R1485,BASED_ON,2024.0,2024.0
32024R2465,32024R0386,BASED_ON,2024.0,2024.0
32024R2465,32023R2406,BASED_ON,2024.0,2023.0
32011L0093R(02),32009F0315R(03),CITES,2011.0,2009.0
32011L0093R(02),32007D0116,CITES,2011.0,2007.0
32015R0322,32014R0233,CITES,2015.0,2014.0
32015R0322,32014R0234,CITES,2015.0,2014.0
32015R0322,32014R0230,CITES,2015.0,2014.0
32015R0322,32013D0755,CITES,2015.0,2013.0
32015R0322,32013R0883R(02),CITES,2015.0,2013.0
32015R0322,32014R0235,CITES,2015.0,2014.0
32015R0322,32010D0427,CITES,2015.0,2010.0
32019D1277,32013R0462R(01),CITES,2019.0,2013.0
32015D1056,32014D0132,CITES,2015.0,2014.0
32015D1056,32013R0390,CITES,2015.0,2013.0
32011D0344,32011L0007R(01),CITES,2011.0,2011.0
32024R1745,32008R1008R(02),CITES,2024.0,2008.0
32024R1745,32014R0269R(03),CITES,2024.0,2014.0
32024R1745,32024R1083R(02),CITES,2024.0,2024.0
32024R1745,32018R1046,CITES,2024.0,2018.0
32024R1745,32024L1226,CITES,2024.0,2024.0
32024R1745,32016R0679R(02),CITES,2024.0,2016.0
32024R1745,32012R0258R(04),CITES,2024.0,2012.0
32024R1745,32023R2878R(04),CITES,2024.0,2023.0
32024R1745,32021R0821R(03),CITES,2024.0,2021.0
32024R1745,32018R1725R(02),CITES,2024.0,2018.0
32008R0767R(04),32006R0562,CITES,2008.0,2006.0
32008R0767R(04),32006R1987,CITES,2008.0,2006.0
32017R0392,32014R0600R(09),CITES,2017.0,2014.0
32017R0392,32010R1095,CITES,2017.0,2010.0
32017R0392,32013R0575R(02),CITES,2017.0,2013.0
32017R0392,32014L0065R(01),CITES,2017.0,2014.0
32017R0392,32006L0043R(04),CITES,2017.0,2006.0
32017R0392,32012R0648R(09),CITES,2017.0,2012.0
32021R2126,32021R0765,CITES,2021.0,2021.0
32021R2126,32021R0697,CITES,2021.0,2021.0
32021R2126,32021R0695R(03),CITES,2021.0,2021.0
32021R2126,32021R0694R(01),CITES,2021.0,2021.0
32021R2126,32021R1153R(01),CITES,2021.0,2021.0
32021R2126,32021R0522R(02),CITES,2021.0,2021.0
32021R2126,32021R0696R(01),CITES,2021.0,2021.0
32022R1269R(05),32016R0679R(02),CITES,2022.0,2016.0
32022R1269R(05),32014R0269R(03),CITES,2022.0,2014.0
32022R1269R(05),32014L0025R(07),CITES,2022.0,2014.0
32022R1269R(05),32014L0023R(05),CITES,2022.0,2014.0
32022R1269R(05),32018R1046,CITES,2022.0,2018.0
32022R1269R(05),32018R1725R(02),CITES,2022.0,2018.0
32022R1269R(05),32014L0024R(15),CITES,2022.0,2014.0
32022R1269R(05),32009L0081R(01),CITES,2022.0,2009.0
32010D0237,32009D1005,CITES,2010.0,2009.0
32024R2510,32018R0389R(01),CITES,2024.0,2018.0
32024R2510,32015L2366R(06),CITES,2024.0,2015.0
32024R2510,32011D0350,CITES,2024.0,2011.0
32024R2510,32008D0146,CITES,2024.0,2008.0
32024R2510,32018R1725R(02),CITES,2024.0,2018.0
32024R2510,32018R1046,CITES,2024.0,2018.0
32024R1774R(01),32010R1095,CITES,2024.0,2010.0
32024R1774R(01),32012R1025,CITES,2024.0,2012.0
32024R1774R(01),32012R0648R(09),CITES,2024.0,2012.0
32024R1774R(01),32019L1937R(01),CITES,2024.0,2019.0
32024R1774R(01),32014R0600R(09),CITES,2024.0,2014.0
32024R1774R(01),32016R0679R(02),CITES,2024.0,2016.0
32024R1774R(01),32024R1772,CITES,2024.0,2024.0
32024R1774R(01),32014R0909R(06),CITES,2024.0,2014.0
32024R1774R(01),32018R1725R(02),CITES,2024.0,2018.0
32024R1774R(01),32010R1094R(02),CITES,2024.0,2010.0
32024R1774R(01),32010R1093,CITES,2024.0,2010.0
32024D1888,32021R1153R(01),CITES,2024.0,2021.0
32024D1888,32005L0044,CITES,2024.0,2005.0
32024D1888,32009L0147R(01),CITES,2024.0,2009.0
32024D1888,32011L0092R(02),CITES,2024.0,2011.0
32024D1888,32014L0094,CITES,2024.0,2014.0
32024D0789,32011L0099,CITES,2024.0,2011.0
32024D0789,32012R0650R(04),CITES,2024.0,2012.0
32024D0789,32016R1104R(01),CITES,2024.0,2016.0
32024D0789,32014L0041R(02),CITES,2024.0,2014.0
32024D0789,32018R1805R(01),CITES,2024.0,2018.0
32024D0789,32016R1103R(04),CITES,2024.0,2016.0
32024R2956,32010R1095,CITES,2024.0,2010.0
32024R2956,32017L1132R(03),CITES,2024.0,2017.0
32024R2956,32010R1094R(02),CITES,2024.0,2010.0
32024R2956,32010R1093,CITES,2024.0,2010.0
32024R2956,32018R1725R(02),CITES,2024.0,2018.0
32018D0860,62000CJ0280,CITES,2018.0,2000.0
32018D0860,62012CJ0262,CITES,2018.0,2012.0
32018D0860,32009L0072,CITES,2018.0,2009.0
32021R1352,32010R1095,CITES,2021.0,2010.0
32021R1352,32019R2175R(01),CITES,2021.0,2019.0
32020D1109,32006L0112R(20),CITES,2020.0,2006.0
32025R0395R(02),32013R0952R(10),CITES,2025.0,2013.0
32025R0395R(02),32021R0821R(03),CITES,2025.0,2021.0
32025R0395R(02),32018R1725R(02),CITES,2025.0,2018.0
32025R0395R(02),32018L1673,CITES,2025.0,2018.0
32025R0395R(02),32014L0065R(01),CITES,2025.0,2014.0
32025R0395R(02),32015L0849R(03),CITES,2025.0,2015.0
32025R0395R(02),32014R0269R(03),CITES,2025.0,2014.0
32025R0395R(02),32012R0923R(22),CITES,2025.0,2012.0
32025R0395R(02),32019R0947R(07),CITES,2025.0,2019.0
32025R0395R(02),32015R2447R(13),CITES,2025.0,2015.0
32025R0395R(02),32012R0258R(04),CITES,2025.0,2012.0
32025R0395R(02),32024L1226,CITES,2025.0,2024.0
32025R0395R(02),32024R2509,CITES,2025.0,2024.0
32025R0395R(02),32013R0575R(02),CITES,2025.0,2013.0
32020D0471,32015D0528,CITES,2020.0,2015.0
32021D1737R(01),32021R0694R(01),CITES,2021.0,2021.0
32022R0858,32010R1095,CITES,2022.0,2010.0
32022R0858,32019L2034R(06),CITES,2022.0,2019.0
32022R0858,32017R1129R(02),CITES,2022.0,2017.0
32022R0858,32019L1937R(01),CITES,2022.0,2019.0
32022R0858,32014R0596R(07),CITES,2022.0,2014.0
32022R0858,32018R1725R(02),CITES,2022.0,2018.0
32022R0858,32021R0023,CITES,2022.0,2021.0
32022R0858,32019R2033R(07),CITES,2022.0,2019.0
32022R0858,32016R0679R(02),CITES,2022.0,2016.0
32022R0858,32012R0236R(01),CITES,2022.0,2012.0
32022R0858,32013R0575R(02),CITES,2022.0,2013.0
32010D0395,32009L0111,CITES,2010.0,2009.0
32010D0395,32006L0048,CITES,2010.0,2006.0
32017D2390,32014D0132,CITES,2017.0,2014.0
32017D2390,32013R0390,CITES,2017.0,2013.0
32017R2195,32013R0543R(02),CITES,2017.0,2013.0
32017R2195,32009L0072,CITES,2017.0,2009.0
32017R2195,32009R0713,CITES,2017.0,2009.0
32017R2195,32016R1447R(01),CITES,2017.0,2016.0
32017R2195,32016R1388R(03),CITES,2017.0,2016.0
32017R2195,32017R1485,CITES,2017.0,2017.0
32017R2195,32016R0631R(04),CITES,2017.0,2016.0
32017R2195,32015R1222R(03),CITES,2017.0,2015.0
32017R2195,32017R2196,CITES,2017.0,2017.0
32017R2195,32016R1719R(01),CITES,2017.0,2016.0
32015D0494,32012D0542,CITES,2015.0,2012.0
32015D0494,32006D0621,CITES,2015.0,2006.0
32015D0494,32010D0137,CITES,2015.0,2010.0
32015D0443,32013R0883R(02),CITES,2015.0,2013.0
32015D0443,32015D0444,CITES,2015.0,2015.0
32016L1164R(03),32014R0909R(06),CITES,2016.0,2014.0
32016L1164R(03),32012R0648R(09),CITES,2016.0,2012.0
32016L1164R(03),32009L0065R(07),CITES,2016.0,2009.0
32016L1164R(03),32009R0987,CITES,2016.0,2009.0
32016L1164R(03),32010L0024,CITES,2016.0,2010.0
32016L1164R(03),32009L0138R(01),CITES,2016.0,2009.0
32016L1164R(03),32011L0061R(02),CITES,2016.0,2011.0
32023D1602,32013R0575R(02),CITES,2023.0,2013.0
32023D1602,32015R2365,CITES,2023.0,2015.0
32023D1602,32014R0468,CITES,2023.0,2014.0
32023D1602,32013R1024R(02),CITES,2023.0,2013.0
32023D1602,32015L0849R(03),CITES,2023.0,2015.0
32023D1602,32020D2053,CITES,2023.0,2020.0
32023D1602,32013L0036R(07),CITES,2023.0,2013.0
32023D1602,32014L0065R(01),CITES,2023.0,2014.0
32023D1602,32014R0596R(07),CITES,2023.0,2014.0
32023D1602,32016R1675,CITES,2023.0,2016.0
32022D0706R(01),32019D0420R(01),CITES,2022.0,2019.0
32022D0706R(01),32014D0762,CITES,2022.0,2014.0
32015R1588,62000CJ0280,CITES,2015.0,2000.0
32018D1247,32016D1172,CITES,2018.0,2016.0
32018D1247,32018D0997,CITES,2018.0,2018.0
32018D1247,32017D1253,CITES,2018.0,2017.0
32025R0038,32013L0040,CITES,2025.0,2013.0
32025R0038,32022R2554R(01),CITES,2025.0,2022.0
32025R0038,32022L2555R(06),CITES,2025.0,2022.0
32025R0038,32020R2092R(04),CITES,2025.0,2020.0
32025R0038,32024R2059,CITES,2025.0,2024.0
32025R0038,32014L0024R(15),CITES,2025.0,2014.0
32025R0038,32017H1584,CITES,2025.0,2017.0
32025R0038,32018R1971R(01),CITES,2025.0,2018.0
32025R0038,32019R0881R(05),CITES,2025.0,2019.0
32025R0038,32017D2315R(02),CITES,2025.0,2017.0
32025R0038,32014L0025R(07),CITES,2025.0,2014.0
32025R0038,32018D1993R(01),CITES,2025.0,2018.0
32025R0038,32024R2509,CITES,2025.0,2024.0
32025R0038,32023R2841,CITES,2025.0,2023.0
32025R0038,32011R0182R(02),CITES,2025.0,2011.0
32025R0038,32021R0887,CITES,2025.0,2021.0
32025R0038,32013D1313R(01),CITES,2025.0,2013.0
32025R0038,32024R2847,CITES,2025.0,2024.0
32023R1717,32022L2380,CITES,2023.0,2022.0
32021O0833,32015L2366R(06),CITES,2021.0,2015.0
32021O0833,32013L0034R(07),CITES,2021.0,2013.0
32021O0833,32021O0835,CITES,2021.0,2021.0
32021O0833,32013R0575R(02),CITES,2021.0,2013.0
32021O0833,32013R1024R(02),CITES,2021.0,2013.0
32021O0833,32013L0036R(07),CITES,2021.0,2013.0
32021O0833,32015R0534R(01),CITES,2021.0,2015.0
32021O0833,32014R0468,CITES,2021.0,2014.0
32021O0833,32014R0680,CITES,2021.0,2014.0
32021O0833,32009L0138R(01),CITES,2021.0,2009.0
32018D0496,32009L0072,CITES,2018.0,2009.0
32018D0496,32009L0073,CITES,2018.0,2009.0
32018D0496,32009R0713,CITES,2018.0,2009.0
32008R0106,32006D1005,CITES,2008.0,2006.0
32014L0042,32013L0040,CITES,2014.0,2013.0
32014L0042,32011L0093R(02),CITES,2014.0,2011.0
32014L0042,32013L0048R(01),CITES,2014.0,2013.0
32014L0042,32006F0783R(01),CITES,2014.0,2006.0
32014L0042,32010L0064,CITES,2014.0,2010.0
32014L0042,32012L0013,CITES,2014.0,2012.0
32025D0893,32014L0053R(02),CITES,2025.0,2014.0
32025D0809,32024D1049,CITES,2025.0,2024.0
32025D0809,32021D0509R(01),CITES,2025.0,2021.0
32025D0809,32023D0921R(01),CITES,2025.0,2023.0
32025D0809,32008E0944,CITES,2025.0,2008.0
32025D0809,32021D2136,CITES,2025.0,2021.0
32025D0809,32024D1713,CITES,2025.0,2024.0
32025D0809,32022D1093,CITES,2025.0,2022.0
32024D2521,32021D0509R(01),CITES,2024.0,2021.0
32024D2521,32008E0944,CITES,2024.0,2008.0
32025D0967,32018D0909,CITES,2025.0,2018.0
32025D0967,32018D0340R(01),CITES,2025.0,2018.0
32024R2522,32016D0971,CITES,2024.0,2016.0
32016D0289,32015D0494,CITES,2016.0,2015.0
32016D0289,32014D0341,CITES,2016.0,2014.0
32015D0290,32013R0390,CITES,2015.0,2013.0
32015D0290,32013R0391,CITES,2015.0,2013.0
32015D0290,32011D0121,CITES,2015.0,2011.0
32017D2378,32014D0132,CITES,2017.0,2014.0
32017D2378,32013R0390,CITES,2017.0,2013.0
32022R1032R(01),32017R0459R(02),CITES,2022.0,2017.0
32022R1032R(01),32009L0073,CITES,2022.0,2009.0
32022R1032R(01),32011R0182R(02),CITES,2022.0,2011.0
32022R1032R(01),32014R0312R(02),CITES,2022.0,2014.0
32022R1032R(01),32022R0869,CITES,2022.0,2022.0
32022R1032R(01),32018R1999R(06),CITES,2022.0,2018.0
32022R1032R(01),32008L0114,CITES,2022.0,2008.0
32025D0779,32025R0041,CITES,2025.0,2025.0
32025D0779,32021R0821R(03),CITES,2025.0,2021.0
32024R0912,32018R1725R(02),CITES,2024.0,2018.0
32024R0912,32010R1095,CITES,2024.0,2010.0
32024R0912,32016R0679R(02),CITES,2024.0,2016.0
32024R0912,32013R0231R(04),CITES,2024.0,2013.0
32024R0912,32015L0849R(03),CITES,2024.0,2015.0
32024R1106,32016R0679R(02),CITES,2024.0,2016.0
32024R1106,32009R0713,CITES,2024.0,2009.0
32024R1106,32012R0648R(09),CITES,2024.0,2012.0
32024R1106,32019R0943R(03),CITES,2024.0,2019.0
32024R1106,32014L0017R(04),CITES,2024.0,2014.0
32024R1106,32009L0073,CITES,2024.0,2009.0
32024R1106,32009R0714,CITES,2024.0,2009.0
32024R1106,32019L0944R(05),CITES,2024.0,2019.0
32024R1106,32016R1011R(01),CITES,2024.0,2016.0
32024R1106,32014R0600R(09),CITES,2024.0,2014.0
32024R1106,32009R0715,CITES,2024.0,2009.0
32024R1106,32014L0065R(01),CITES,2024.0,2014.0
32024R1106,32018R1725R(02),CITES,2024.0,2018.0
32024R1106,32014R0596R(07),CITES,2024.0,2014.0
32024R1106,32014R1348R(01),CITES,2024.0,2014.0
32024R1106,32011R0182R(02),CITES,2024.0,2011.0
32024R1106,32015R1222R(03),CITES,2024.0,2015.0
32024R1106,32008L0048R(08),CITES,2024.0,2008.0
32021D0038,32012R0258R(04),CITES,2021.0,2012.0
32021D0038,32013R0952R(10),CITES,2021.0,2013.0
32021D0038,32019R0125R(01),CITES,2021.0,2019.0
32021D0038,32009R0428R(04),CITES,2021.0,2009.0
32021D0038,32008E0944,CITES,2021.0,2008.0
32025L0050,32009L0065R(07),CITES,2025.0,2009.0
32025L0050,32010L0024,CITES,2025.0,2010.0
32025L0050,32017L1132R(03),CITES,2025.0,2017.0
32025L0050,32013R0575R(02),CITES,2025.0,2013.0
32025L0050,32018R1725R(02),CITES,2025.0,2018.0
32025L0050,32010R1095,CITES,2025.0,2010.0
32025L0050,32013L0036R(07),CITES,2025.0,2013.0
32025L0050,32011R0182R(02),CITES,2025.0,2011.0
32025L0050,32016R0679R(02),CITES,2025.0,2016.0
32025L0050,32015L0849R(03),CITES,2025.0,2015.0
32025L0050,32016R1675,CITES,2025.0,2016.0
32025L0050,32011L0061R(02),CITES,2025.0,2011.0
32025L0050,32018R1046,CITES,2025.0,2018.0
32025L0050,32014R0909R(06),CITES,2025.0,2014.0
32025L0050,32016L2341R(02),CITES,2025.0,2016.0
32025L0050,32014L0065R(01),CITES,2025.0,2014.0
32024R3104,32006R1893R(02),CITES,2024.0,2006.0
32024R3104,32023R0137R(05),CITES,2024.0,2023.0
32009D0370,32008R0593R(01),CITES,2009.0,2008.0
32025R0114,32019R0072,CITES,2025.0,2019.0
32025R0114,32023R1123,CITES,2025.0,2023.0
32025R0114,32022R0072,CITES,2025.0,2022.0
32025R0114,32024R2509,CITES,2025.0,2024.0
32025R0114,32023R1647,CITES,2025.0,2023.0
32025R0114,32018R1046,CITES,2025.0,2018.0
32024R0911R(01),32010R1095,CITES,2024.0,2010.0
32024R0911R(01),32010L0043,CITES,2024.0,2010.0
32024R0911R(01),32016R0679R(02),CITES,2024.0,2016.0
32024R0911R(01),32018R1725R(02),CITES,2024.0,2018.0
32024R0911R(01),32015L0849R(03),CITES,2024.0,2015.0
32008E0307,32006E0242,CITES,2008.0,2006.0
32008E0307,32006E0184,CITES,2008.0,2006.0
32021R2103,32019R0817,CITES,2021.0,2019.0
32021R2103,32011D0350,CITES,2021.0,2011.0
32021R2103,32016L0680R(03),CITES,2021.0,2016.0
32021R2103,32008D0146,CITES,2021.0,2008.0
32021R2103,32016R0679R(02),CITES,2021.0,2016.0
32021R2103,32018R1725R(02),CITES,2021.0,2018.0
32021R0447,32019R0331,CITES,2021.0,2019.0
32022L0738,32014R0165R(01),CITES,2022.0,2014.0
32022L0738,32006L0022,CITES,2022.0,2006.0
32022L0738,32011R0182R(02),CITES,2022.0,2011.0
32022L0738,32009R1071R(03),CITES,2022.0,2009.0
32022L0738,32016R0480,CITES,2022.0,2016.0
32022L0738,32016R0679R(02),CITES,2022.0,2016.0
32022L0738,32009R1072R(03),CITES,2022.0,2009.0
32010D0299,32009L0136,CITES,2010.0,2009.0
32010D0299,32009R1211,CITES,2010.0,2009.0
32025R0398R(01),32013R0952R(10),CITES,2025.0,2013.0
32025R0398R(01),32015L0849R(03),CITES,2025.0,2015.0
32025R0398R(01),32018R1725R(02),CITES,2025.0,2018.0
32025R0398R(01),32016R0679R(02),CITES,2025.0,2016.0
32025R0398R(01),32014L0065R(01),CITES,2025.0,2014.0
32025R0398R(01),32014R0269R(03),CITES,2025.0,2014.0
32025R0398R(01),32024L1226,CITES,2025.0,2024.0
32025R0398R(01),32013R0575R(02),CITES,2025.0,2013.0
32025R0398R(01),32014R0833,CITES,2025.0,2014.0
32021D1113,32018L1972R(04),CITES,2021.0,2018.0
32021D1113,32018R1971R(01),CITES,2021.0,2018.0
32023R0657,32011R0182R(02),CITES,2023.0,2011.0
32023R0657,32020D0135,CITES,2023.0,2020.0
32023R0657,32021D0689R(02),CITES,2023.0,2021.0
32016D2395,32007D0374,CITES,2016.0,2007.0
32016D2395,62004CJ0222,CITES,2016.0,2004.0
32016D2395,32009H0848,CITES,2016.0,2009.0
32016D2395,32010D0267,CITES,2016.0,2010.0
32016D2395,32012D0243,CITES,2016.0,2012.0
32016D2395,32007D0258,CITES,2016.0,2007.0
32019D0420R(01),32013R1303R(04),CITES,2019.0,2013.0
32019D0420R(01),32013D1082,CITES,2019.0,2013.0
32019D0420R(01),32018R1046,CITES,2019.0,2018.0
32019D0420R(01),32011R0182R(02),CITES,2019.0,2011.0
32019D0420R(01),32007L0060R(01),CITES,2019.0,2007.0
32015R0035R(09),32013R0575R(02),CITES,2015.0,2013.0
32015R0035R(09),32014L0017R(04),CITES,2015.0,2014.0
32015R0035R(09),32005L0060,CITES,2015.0,2005.0
32015R0035R(09),32008L0048R(08),CITES,2015.0,2008.0
32015R0035R(09),32011L0061R(02),CITES,2015.0,2011.0
32015R0035R(09),32013L0036R(07),CITES,2015.0,2013.0
32015R0035R(09),32007L0046,CITES,2015.0,2007.0
32015R0035R(09),32009R1060R(01),CITES,2015.0,2009.0
32013R0402,32011R0445,CITES,2013.0,2011.0
32013R0402,32010R1158R(01),CITES,2013.0,2010.0
32013R0402,32008R0765R(03),CITES,2013.0,2008.0
32013R0402,32008L0057,CITES,2013.0,2008.0
32013R0402,32010R1169,CITES,2013.0,2010.0
32013R1305R(01),32013R1303R(04),CITES,2013.0,2013.0
32013R1305R(01),32012R0966,CITES,2013.0,2012.0
32013R1305R(01),32009L0147R(01),CITES,2013.0,2009.0
32013R1305R(01),32011R0182R(02),CITES,2013.0,2011.0
32013R1305R(01),32009R1107R(01),CITES,2013.0,2009.0
32013R1305R(01),32013R1306R(05),CITES,2013.0,2013.0
32016D1385,32004R0794R(04),CITES,2016.0,2004.0
32016D1385,32007D0374,CITES,2016.0,2007.0
32016D1385,32006R1998,CITES,2016.0,2006.0
32016D1385,62007CJ0113,CITES,2016.0,2007.0
32016D1385,32014D0489,CITES,2016.0,2014.0
32016D1385,32012D0243,CITES,2016.0,2012.0
32016D1385,62008TJ0443,CITES,2016.0,2008.0
32016D1385,32007D0258,CITES,2016.0,2007.0
32010H0167,32010D0166,CITES,2010.0,2010.0
32010H0167,32009L0114R(01),CITES,2010.0,2009.0
32024L3237,32022L2555R(06),CITES,2024.0,2022.0
32024L3237,32013L0048R(01),CITES,2024.0,2013.0
32024L3237,32014L0041R(02),CITES,2024.0,2014.0
32024L3237,32014R0910R(09),CITES,2024.0,2014.0
32024L3237,32018R1725R(02),CITES,2024.0,2018.0
32024L3237,32022R0670,CITES,2024.0,2022.0
32024L3237,32016L0343R(01),CITES,2024.0,2016.0
32024L3237,32012L0013,CITES,2024.0,2012.0
32024L3237,32016R0679R(02),CITES,2024.0,2016.0
32024L3237,32016L0680R(03),CITES,2024.0,2016.0
32024L3237,32024R0903,CITES,2024.0,2024.0
32024L3237,32016L1919,CITES,2024.0,2016.0
32024L3237,32016L0800,CITES,2024.0,2016.0
32024L3237,32011R0182R(02),CITES,2024.0,2011.0
32024L3237,32010L0064,CITES,2024.0,2010.0
32024L3237,32010L0013R(03),CITES,2024.0,2010.0
32024L3237,32018R1724,CITES,2024.0,2018.0
32016D2240,32014D0485,CITES,2016.0,2014.0
32024O2798R(01),32013R1075R(01),CITES,2024.0,2013.0
32024O2798R(01),32021O0827,CITES,2024.0,2021.0
32024O2798R(01),32018R0231R(02),CITES,2024.0,2018.0
32024O2798R(01),32024R1988R(01),CITES,2024.0,2024.0
32024O2798R(01),32013O0024,CITES,2024.0,2013.0
32024O2798R(01),32013R1073,CITES,2024.0,2013.0
32024O2798R(01),32014R1374,CITES,2024.0,2014.0
32024D2935,32021D0509R(01),CITES,2024.0,2021.0
32024D2935,32008E0944,CITES,2024.0,2008.0
32024D0350,32023D1336,CITES,2024.0,2023.0
32024D0350,32021D0891,CITES,2024.0,2021.0
32024D0890,32022D0339,CITES,2024.0,2022.0
32024D0890,32022D0338,CITES,2024.0,2022.0
32024R1041,32013R0347,CITES,2024.0,2013.0
32025D1107,32024D1972,CITES,2025.0,2024.0
32025D1107,32021D2008R(01),CITES,2025.0,2021.0
32025D1107,32018D1797R(01),CITES,2025.0,2018.0
32025D1107,32018D0909,CITES,2025.0,2018.0
32025D1107,32023D0995,CITES,2025.0,2023.0
32025D1107,32024H06982,CITES,2025.0,2024.0
32025D1040,32021R0116,CITES,2025.0,2021.0
32025D1040,32024D1688,CITES,2025.0,2024.0
32025D1040,32019R0317,CITES,2025.0,2019.0
32025D1040,32019R0123,CITES,2025.0,2019.0
32023L1791R(03),32020R2093R(03),CITES,2023.0,2020.0
32023L1791R(03),32021R0783,CITES,2023.0,2021.0
32023L1791R(03),32010L0031R(03),CITES,2023.0,2010.0
32023L1791R(03),32013R0575R(02),CITES,2023.0,2013.0
32023L1791R(03),32014L0025R(07),CITES,2023.0,2014.0
32023L1791R(03),32009L0031R(02),CITES,2023.0,2009.0
32023L1791R(03),32010L0075R(11),CITES,2023.0,2010.0
32023L1791R(03),32013L0011R(01),CITES,2023.0,2013.0
32023L1791R(03),32015R2402,CITES,2023.0,2015.0
32023L1791R(03),32021R0241R(02),CITES,2023.0,2021.0
32023L1791R(03),32009L0125R(02),CITES,2023.0,2009.0
32023L1791R(03),32014L0023R(05),CITES,2023.0,2014.0
32023L1791R(03),32016L2284,CITES,2023.0,2016.0
32023L1791R(03),32018R0842,CITES,2023.0,2018.0
32023L1791R(03),32021H1749,CITES,2023.0,2021.0
32023L1791R(03),32015L2366R(06),CITES,2023.0,2015.0
32023L1791R(03),32018R2066R(06),CITES,2023.0,2018.0
32023L1791R(03),32009L0073,CITES,2023.0,2009.0
32023L1791R(03),32008R1099,CITES,2023.0,2008.0
32023L1791R(03),32014L0024R(15),CITES,2023.0,2014.0
32023L1791R(03),32008R0765R(03),CITES,2023.0,2008.0
32023L1791R(03),32011L0083R(05),CITES,2023.0,2011.0
32023L1791R(03),32009L0030R(02),CITES,2023.0,2009.0
32023L1791R(03),32019R1780,CITES,2023.0,2019.0
32023L1791R(03),32020R0740R(03),CITES,2023.0,2020.0
32023L1791R(03),32009L0081R(01),CITES,2023.0,2009.0
32023L1791R(03),32009D0406R(01),CITES,2023.0,2009.0
32023L1791R(03),32017R1369R(01),CITES,2023.0,2017.0
32023L1791R(03),32021R0523,CITES,2023.0,2021.0
32023L1791R(03),32014D0746,CITES,2023.0,2014.0
32023L1791R(03),32021R2178,CITES,2023.0,2021.0
32023L1791R(03),32018L2001R(10),CITES,2023.0,2018.0
32023L1791R(03),32021R1119,CITES,2023.0,2021.0
32023L1791R(03),32020R0852R(06),CITES,2023.0,2020.0
32023L1791R(03),32022R0869,CITES,2023.0,2022.0
32023L1791R(03),32019R0943R(03),CITES,2023.0,2019.0
32023L1791R(03),32020H1563,CITES,2023.0,2020.0
32023L1791R(03),32009R0715,CITES,2023.0,2009.0
32013D0493,32011D0350,CITES,2013.0,2011.0
32013D0493,32008D0146,CITES,2013.0,2008.0
32013D0493,32012D0274,CITES,2013.0,2012.0
32013D0493,32010D0049,CITES,2013.0,2010.0
32013D0493,32006R1987,CITES,2013.0,2006.0
32020L0700,32008L0057,CITES,2020.0,2008.0
32019L1153R(01),32015L0849R(03),CITES,2019.0,2015.0
32019L1153R(01),32016R0679R(02),CITES,2019.0,2016.0
32019L1153R(01),32016R0794R(05),CITES,2019.0,2016.0
32019L1153R(01),32014L0041R(02),CITES,2019.0,2014.0
32019L1153R(01),32011R0182R(02),CITES,2019.0,2011.0
32019L1153R(01),32017R1939R(02),CITES,2019.0,2017.0
32019L1153R(01),32016L0680R(03),CITES,2019.0,2016.0
32019L1153R(01),32018L1673,CITES,2019.0,2018.0
32019L1153R(01),32017L0541,CITES,2019.0,2017.0
32019L0713,32015L2366R(06),CITES,2019.0,2015.0
32019L0713,32016R0679R(02),CITES,2019.0,2016.0
32019L0713,32016L1148,CITES,2019.0,2016.0
32019L0713,32012L0029R(01),CITES,2019.0,2012.0
32019L0713,32013L0040,CITES,2019.0,2013.0
32019L0713,32009L0110R(03),CITES,2019.0,2009.0
32020R0698,32006R0561R(10),CITES,2020.0,2006.0
32020R0698,32014R0165R(01),CITES,2020.0,2014.0
32020R0698,32014L0045R(06),CITES,2020.0,2014.0
32020R0698,32016L1629R(01),CITES,2020.0,2016.0
32020R0698,32009R1072R(03),CITES,2020.0,2009.0
32020R0698,32009R1071R(03),CITES,2020.0,2009.0
32020R0698,32006L0087,CITES,2020.0,2006.0
32020R0698,32005L0065,CITES,2020.0,2005.0
32020R0698,32016L0798R(07),CITES,2020.0,2016.0
32020R0698,32006L0126R(01),CITES,2020.0,2006.0
32020R0698,32007L0059,CITES,2020.0,2007.0
32020R0698,32012L0034R(06),CITES,2020.0,2012.0
32020R0698,32009R1073R(01),CITES,2020.0,2009.0
32020R1044,32013R0525,CITES,2020.0,2013.0
32017R0590R(02),32017R0571,CITES,2017.0,2017.0
32017R0590R(02),32014L0065R(01),CITES,2017.0,2014.0
32017R0590R(02),32012R0236R(01),CITES,2017.0,2012.0
32017R0590R(02),32017R0587R(02),CITES,2017.0,2017.0
32017R0590R(02),32015R2365,CITES,2017.0,2015.0
32017R0590R(02),32010R1095,CITES,2017.0,2010.0
32019D1577,32019D0420R(01),CITES,2019.0,2019.0
32018D2009,32017D1342,CITES,2018.0,2017.0
32018D2009,32017D2162,CITES,2018.0,2017.0
32018R1866,32017R0830,CITES,2018.0,2017.0
32018R1866,32006R0473,CITES,2018.0,2006.0
32018R1866,32012R1146,CITES,2018.0,2012.0
32018R1866,32014R0452R(01),CITES,2018.0,2014.0
32018R1866,32017R2215,CITES,2018.0,2017.0
32018R1866,32016R0963,CITES,2018.0,2016.0
32018R1866,32012R0965R(04),CITES,2018.0,2012.0
32018R1866,32018R0871,CITES,2018.0,2018.0
32018R0858R(08),32013R0168R(03),CITES,2018.0,2013.0
32018R0858R(08),32013R0167R(04),CITES,2018.0,2013.0
32018R0858R(08),32016R0679R(02),CITES,2018.0,2016.0
32018R0858R(08),32011R0182R(02),CITES,2018.0,2011.0
32018R0858R(08),32014L0045R(06),CITES,2018.0,2014.0
32018R0858R(08),32008R0765R(03),CITES,2018.0,2008.0
32023R0435,32022R1854,CITES,2023.0,2022.0
32023R0435,32021R1119,CITES,2023.0,2021.0
32023R0435,32020R0852R(06),CITES,2023.0,2020.0
32023R0435,32014R0833,CITES,2023.0,2014.0
32023R0435,32010R1031,CITES,2023.0,2010.0
32023R0435,32018R1046,CITES,2023.0,2018.0
32023R0435,32022R2577,CITES,2023.0,2022.0
32023R0435,32018R1999R(06),CITES,2023.0,2018.0
32023R0435,32018L2001R(10),CITES,2023.0,2018.0
32023R0435,32013R1301R(02),CITES,2023.0,2013.0
32023R0435,32013R1304R(03),CITES,2023.0,2013.0
32023R0435,32015D1814R(02),CITES,2023.0,2015.0
32023R2405R(02),32018L2001R(10),CITES,2023.0,2018.0
32023R2405R(02),32021R1119,CITES,2023.0,2021.0
32023R2405R(02),32012R0965R(04),CITES,2023.0,2012.0
32023R2405R(02),32018R1139R(04),CITES,2023.0,2018.0
32023R2405R(02),32023R0956,CITES,2023.0,2023.0
32023R2405R(02),32023R1804R(01),CITES,2023.0,2023.0
32023R2405R(02),32022R0996R(01),CITES,2023.0,2022.0
32023R2405R(02),32011R0182R(02),CITES,2023.0,2011.0
32024R1673,32018R1046,CITES,2024.0,2018.0
32024R1673,32024R1469,CITES,2024.0,2024.0
32024R1673,32006L0043R(04),CITES,2024.0,2006.0
32024R1673,32014R0910R(09),CITES,2024.0,2014.0
32024R1673,32014R0909R(06),CITES,2024.0,2014.0
32025D0435,32021D0509R(01),CITES,2025.0,2021.0
32025D0435,32008E0944,CITES,2025.0,2008.0
32021R1232,32011L0093R(02),CITES,2021.0,2011.0
32021R1232,32018L1972R(04),CITES,2021.0,2018.0
32021R1232,32018R1725R(02),CITES,2021.0,2018.0
32021R1232,32016R0679R(02),CITES,2021.0,2016.0
32017D1483R(01),32012D0243,CITES,2017.0,2012.0
32017D1483R(01),32011D0829,CITES,2017.0,2011.0
32017D1483R(01),32014L0053R(02),CITES,2017.0,2014.0
32017D1483R(01),32008D0432,CITES,2017.0,2008.0
32017D1483R(01),32013D0752R(01),CITES,2017.0,2013.0
32017D1483R(01),32009D0381,CITES,2017.0,2009.0
32017D1483R(01),32010D0368,CITES,2017.0,2010.0
32014D0430,32013D0355,CITES,2014.0,2013.0
32016D0339,32012D0243,CITES,2016.0,2012.0
32016D0339,32012D0688,CITES,2016.0,2012.0
32016D0339,32014L0053R(02),CITES,2016.0,2014.0
32018R0302R(03),32011R0282R(02),CITES,2018.0,2011.0
32018R0302R(03),32011R0181R(01),CITES,2018.0,2011.0
32018R0302R(03),32015R0751R(01),CITES,2018.0,2015.0
32018R0302R(03),32011L0083R(05),CITES,2018.0,2011.0
32018R0302R(03),32007R1371,CITES,2018.0,2007.0
32018R0302R(03),32008R1008R(02),CITES,2018.0,2008.0
32018R0302R(03),32006L0123,CITES,2018.0,2006.0
32018R0302R(03),32012R0260R(01),CITES,2018.0,2012.0
32018R0302R(03),32008R0593R(01),CITES,2018.0,2008.0
32018R0302R(03),32010R1177R(01),CITES,2018.0,2010.0
32018R0302R(03),32012R1215R(10),CITES,2018.0,2012.0
32018R0302R(03),32006L0112R(20),CITES,2018.0,2006.0
32018R0302R(03),32015L2366R(06),CITES,2018.0,2015.0
32012L0027R(01),32010L0075R(11),CITES,2012.0,2010.0
32012L0027R(01),32008L0001,CITES,2012.0,2008.0
32012L0027R(01),32010L0031R(03),CITES,2012.0,2010.0
32012L0027R(01),32009R0715,CITES,2012.0,2009.0
32012L0027R(01),32009L0028,CITES,2012.0,2009.0
32012L0027R(01),32009L0031R(02),CITES,2012.0,2009.0
32012L0027R(01),32009D0406R(01),CITES,2012.0,2009.0
32012L0027R(01),32011R0182R(02),CITES,2012.0,2011.0
32012L0027R(01),32009L0081R(01),CITES,2012.0,2009.0
32012L0027R(01),32009L0073,CITES,2012.0,2009.0
32012L0027R(01),32009L0072,CITES,2012.0,2009.0
32012L0027R(01),32009R0714,CITES,2012.0,2009.0
32012L0027R(01),32008R1099,CITES,2012.0,2008.0
32017R0006,32016L0797R(10),CITES,2017.0,2016.0
32017R0006,32014L0052R(02),CITES,2017.0,2014.0
32017R0006,32008L0057,CITES,2017.0,2008.0
32017R0006,32016R0919,CITES,2017.0,2016.0
32017R0006,32013R1316,CITES,2017.0,2013.0
32017R0006,32012D0088,CITES,2017.0,2012.0
32017R0006,32010R0913R(02),CITES,2017.0,2010.0
32017R0006,32014D0880,CITES,2017.0,2014.0
32023D0179,32020R1627,CITES,2023.0,2020.0
32023D0179,32022D0728,CITES,2023.0,2022.0
32023D0179,32021D0891,CITES,2023.0,2021.0
32023D0179,32019D0903,CITES,2023.0,2019.0
32023D0179,32022D2255,CITES,2023.0,2022.0
32023D0177,32020R1627,CITES,2023.0,2020.0
32023D0177,32021D0891,CITES,2023.0,2021.0
32023D0177,32022D2255,CITES,2023.0,2022.0
32023D0177,32022D0728,CITES,2023.0,2022.0
32023D0177,32019D0903,CITES,2023.0,2019.0
32020R0158,32019R1213R(01),CITES,2020.0,2019.0
32023D0176,32021D0891,CITES,2023.0,2021.0
32023D0176,32020R1627,CITES,2023.0,2020.0
32023D0176,32022D2255,CITES,2023.0,2022.0
32023D0176,32022D0728,CITES,2023.0,2022.0
32023D0176,32019D0903,CITES,2023.0,2019.0
32022R1380,32008R0767R(04),CITES,2022.0,2008.0
32022R1380,32018R1725R(02),CITES,2022.0,2018.0
32022R1380,32008D0146,CITES,2022.0,2008.0
32022R1380,32011D0350,CITES,2022.0,2011.0
32023R1781,32019H0534,CITES,2023.0,2019.0
32023R1781,32020R2093R(03),CITES,2023.0,2020.0
32023R1781,32021R2085,CITES,2023.0,2021.0
32023R1781,32014L0024R(15),CITES,2023.0,2014.0
32023R1781,32021R0241R(02),CITES,2023.0,2021.0
32023R1781,32022L2555R(06),CITES,2023.0,2022.0
32023R1781,32019R0452R(01),CITES,2023.0,2019.0
32023R1781,32015D0443,CITES,2023.0,2015.0
32023R1781,32016L0943R(01),CITES,2023.0,2016.0
32023R1781,32009R0428R(04),CITES,2023.0,2009.0
32023R1781,32021R0695R(03),CITES,2023.0,2021.0
32023R1781,32019L0790R(01),CITES,2023.0,2019.0
32023R1781,32015R0479R(01),CITES,2023.0,2015.0
32023R1781,32021R0523,CITES,2023.0,2021.0
32023R1781,32014R0651R(05),CITES,2023.0,2014.0
32023R1781,32006L0112R(20),CITES,2023.0,2006.0
32023R1781,32011R0182R(02),CITES,2023.0,2011.0
32023R1781,32022L2557,CITES,2023.0,2022.0
32023R1781,32014L0025R(07),CITES,2023.0,2014.0
32023R1781,32018R1046,CITES,2023.0,2018.0
32022R0879R(03),32009L0119R(01),CITES,2022.0,2009.0
32022R0879R(03),32005R0184,CITES,2022.0,2005.0
32016D1171,32013R0231R(04),CITES,2016.0,2013.0
32016D1171,32010R1093,CITES,2016.0,2010.0
32016D1171,32010R1094R(02),CITES,2016.0,2010.0
32016D1171,32012R0919,CITES,2016.0,2012.0
32016D1171,32012R0827R(01),CITES,2016.0,2012.0
32016D1171,32012R0236R(01),CITES,2016.0,2012.0
32016D1171,32012R0648R(09),CITES,2016.0,2012.0
32016D1171,32013R1022,CITES,2016.0,2013.0
32016D1171,32012R0272,CITES,2016.0,2012.0
32016D1171,32014D0249,CITES,2016.0,2014.0
32016D1171,32010R1092,CITES,2016.0,2010.0
32016D1171,32014D0247,CITES,2016.0,2014.0
32016D1171,32012R0918,CITES,2016.0,2012.0
32016D1171,32012R0826,CITES,2016.0,2012.0
32016D1171,32014D0248,CITES,2016.0,2014.0
32016D1171,32014D0245,CITES,2016.0,2014.0
32016D1171,32013R0462R(01),CITES,2016.0,2013.0
32016D1171,32014D0246,CITES,2016.0,2014.0
32016D1171,32015R0097,CITES,2016.0,2015.0
32016D1171,32010R1095,CITES,2016.0,2010.0
32016D1171,32011L0061R(02),CITES,2016.0,2011.0
32016D1171,32011R0513,CITES,2016.0,2011.0
32016D1171,32012R0946,CITES,2016.0,2012.0
32013R0167R(04),32006L0095,CITES,2013.0,2006.0
32013R0167R(04),32008R0765R(03),CITES,2013.0,2008.0
32013R0167R(04),32007L0046,CITES,2013.0,2007.0
32013R0167R(04),32011R0182R(02),CITES,2013.0,2011.0
32018D1797R(01),32018D0909,CITES,2018.0,2018.0
32025R0796,32024R2754,CITES,2025.0,2024.0
32025R0796,32017R0969,CITES,2025.0,2017.0
32025R0796,32018R1690,CITES,2025.0,2018.0
32025R0796,32024R2509,CITES,2025.0,2024.0
32025R0796,62011TJ0444,CITES,2025.0,2011.0
32025R0796,32020R0776R(01),CITES,2025.0,2020.0
32025R0796,32024R1866,CITES,2025.0,2024.0
32025R0796,32016R1036,CITES,2025.0,2016.0
32025R0796,32022R0072,CITES,2025.0,2022.0
32025R0014,32008R0765R(03),CITES,2025.0,2008.0
32025R0014,32014L0030R(02),CITES,2025.0,2014.0
32025R0014,32018R0858R(08),CITES,2025.0,2018.0
32025R0014,32014L0053R(02),CITES,2025.0,2014.0
32025R0014,32013R0167R(04),CITES,2025.0,2013.0
32025R0014,32013R0168R(03),CITES,2025.0,2013.0
32025R0014,32011R0182R(02),CITES,2025.0,2011.0
32025R0014,32023R0988,CITES,2025.0,2023.0
32025R0014,32023R1230,CITES,2025.0,2023.0
32025D1014,32024R1747,CITES,2025.0,2024.0
32025D1014,32024D0560,CITES,2025.0,2024.0
32025D1014,32009L0072,CITES,2025.0,2009.0
32024R3018,32021R0240R(01),CITES,2024.0,2021.0
32024R3018,32022R2372,CITES,2024.0,2022.0
32024R3018,32016R0679R(02),CITES,2024.0,2016.0
32024R3018,32013D1313R(01),CITES,2024.0,2013.0
32024R3018,32016R0369,CITES,2024.0,2016.0
32024R3018,32023R2854R(01),CITES,2024.0,2023.0
32024R3018,32019R0817,CITES,2024.0,2019.0
32024R3018,32018R1046,CITES,2024.0,2018.0
32024R3018,32022R0868,CITES,2024.0,2022.0
32024R3018,32021R0690R(02),CITES,2024.0,2021.0
32024R3018,32018D1993R(01),CITES,2024.0,2018.0
32024R3018,32018R1725R(02),CITES,2024.0,2018.0
32024R3018,32011R0182R(02),CITES,2024.0,2011.0
32014R0240,32004L0113R(03),CITES,2014.0,2004.0
32014R0240,32013R1305R(01),CITES,2014.0,2013.0
32022D2191,32019D1202,CITES,2022.0,2019.0
32022D2191,32014L0053R(02),CITES,2022.0,2014.0
32022D2191,32010D0267,CITES,2022.0,2010.0
32022R1463R(01),32014L0024R(15),CITES,2022.0,2014.0
32022R1463R(01),32014R0910R(09),CITES,2022.0,2014.0
32022R1463R(01),32005L0036R(07),CITES,2022.0,2005.0
32022R1463R(01),32016R0679R(02),CITES,2022.0,2016.0
32022R1463R(01),32006L0126R(01),CITES,2022.0,2006.0
32022R1463R(01),32017D0046,CITES,2022.0,2017.0
32022R1463R(01),32009R0987,CITES,2022.0,2009.0
32022R1463R(01),32014L0025R(07),CITES,2022.0,2014.0
32022R1463R(01),32018R1725R(02),CITES,2022.0,2018.0
32022R1463R(01),32021H0946,CITES,2022.0,2021.0
32022R1463R(01),32009D0316,CITES,2022.0,2009.0
32022R1463R(01),32015R1501R(01),CITES,2022.0,2015.0
32022R1463R(01),32015D0296,CITES,2022.0,2015.0
32022R1463R(01),32006L0123,CITES,2022.0,2006.0
32023R1123,32016R1036,CITES,2023.0,2016.0
32023R1123,32018R1046,CITES,2023.0,2018.0
32023R1123,32017R0969,CITES,2023.0,2017.0
32023R1123,32019R0072,CITES,2023.0,2019.0
32023R1123,32020R0776R(01),CITES,2023.0,2020.0
32023R1123,32022R0072,CITES,2023.0,2022.0
32023R1123,32018R1690,CITES,2023.0,2018.0
32023R0370,32021R2289R(01),CITES,2023.0,2021.0
32023R0370,32021R1060R(05),CITES,2023.0,2021.0
32022R1930,32010R1095,CITES,2022.0,2010.0
32022R1930,32020R1212,CITES,2022.0,2020.0
32022R1930,32021R0070,CITES,2022.0,2021.0
32022R1930,32022R0858,CITES,2022.0,2022.0
32022R1930,32012R0236R(01),CITES,2022.0,2012.0
32025D0264,32013R0305,CITES,2025.0,2013.0
32025D0264,32013R0886R(01),CITES,2025.0,2013.0
32025D0264,32022R0670,CITES,2025.0,2022.0
32025D0264,32015R0962,CITES,2025.0,2015.0
32025D0264,32017R1926R(01),CITES,2025.0,2017.0
32024R1772,32010R1095,CITES,2024.0,2010.0
32024R1772,32010R1094R(02),CITES,2024.0,2010.0
32024R1772,32010R1093,CITES,2024.0,2010.0
32024R1772,32016R0679R(02),CITES,2024.0,2016.0
32024R1772,32015L2366R(06),CITES,2024.0,2015.0
32024R1772,32018R1725R(02),CITES,2024.0,2018.0
32024R1772,32018R0959,CITES,2024.0,2018.0
32025R0295,32018R1725R(02),CITES,2025.0,2018.0
32025R0295,32010R1094R(02),CITES,2025.0,2010.0
32025R0295,32010R1095,CITES,2025.0,2010.0
32025R0295,32010R1093,CITES,2025.0,2010.0
32024R2212,32016L2284,CITES,2024.0,2016.0
32024R2212,32018R1999R(06),CITES,2024.0,2018.0
32024R2212,32009R0223,CITES,2024.0,2009.0
32025R0297,32013R0575R(02),CITES,2025.0,2013.0
32025R0297,32015L2366R(06),CITES,2025.0,2015.0
32025R0297,32010R1093,CITES,2025.0,2010.0
32025D0093,32011R1233,CITES,2025.0,2011.0
32013L0030R(01),32008L0056,CITES,2013.0,2008.0
32013L0030R(01),32010L0075R(11),CITES,2013.0,2010.0
32013L0030R(01),32009L0147R(01),CITES,2013.0,2009.0
32013L0030R(01),32012L0018R(03),CITES,2013.0,2012.0
32013L0030R(01),32011R0182R(02),CITES,2013.0,2011.0
32013L0030R(01),32011L0092R(02),CITES,2013.0,2011.0
32020D1133,32018D1082,CITES,2020.0,2018.0
32020D1133,32015D0528,CITES,2020.0,2015.0
32022D2507,32022D2318,CITES,2022.0,2022.0
32022D2507,32008E0736,CITES,2022.0,2008.0
32022D2507,32022D1970,CITES,2022.0,2022.0
32022D2352,32021D2134R(01),CITES,2022.0,2021.0
32022D2352,32008E0944,CITES,2022.0,2008.0
32022D2352,32021D0509R(01),CITES,2022.0,2021.0
32015D0457,32014R0513,CITES,2015.0,2014.0
32024R1866,32022R0072,CITES,2024.0,2022.0
32024R1866,32021R1119,CITES,2024.0,2021.0
32024R1866,32023R1804R(01),CITES,2024.0,2023.0
32024R1866,32018R0858R(08),CITES,2024.0,2018.0
32024R1866,32015R2447R(13),CITES,2024.0,2015.0
32024R1866,32017R0969,CITES,2024.0,2017.0
32024R1866,62011TJ0444,CITES,2024.0,2011.0
32024R1866,32020R0776R(01),CITES,2024.0,2020.0
32024R1866,32013R0168R(03),CITES,2024.0,2013.0
32024R1866,32018R1690,CITES,2024.0,2018.0
32024D3155,32024D2988,CITES,2024.0,2024.0
32023D2825,32015L0849R(03),CITES,2023.0,2015.0
32023D2825,32021R0241R(02),CITES,2023.0,2021.0
32023D2825,32015R2365,CITES,2023.0,2015.0
32023D2825,32014L0065R(01),CITES,2023.0,2014.0
32023D2825,32012R0648R(09),CITES,2023.0,2012.0
32023D2825,32020R2094R(01),CITES,2023.0,2020.0
32023D2825,32020D2053,CITES,2023.0,2020.0
32023D2825,32021D0625,CITES,2023.0,2021.0
32023D2825,32020R2093R(03),CITES,2023.0,2020.0
32023D2677,32021D0509R(01),CITES,2023.0,2021.0
32022D2353R(01),32008E0944,CITES,2022.0,2008.0
32022D2353R(01),32021D0509R(01),CITES,2022.0,2021.0
32025R0300,32018R1725R(02),CITES,2025.0,2018.0
32025R0300,32013L0036R(07),CITES,2025.0,2013.0
32025R0300,32010R1095,CITES,2025.0,2010.0
32025R0300,32025R0414,CITES,2025.0,2025.0
32025R0300,32015L0849R(03),CITES,2025.0,2015.0
32025R0300,32025R0305,CITES,2025.0,2025.0
32025R0300,32009L0110R(03),CITES,2025.0,2009.0
32025R0300,32016R0679R(02),CITES,2025.0,2016.0
32025R0300,32025R0413,CITES,2025.0,2025.0
32025R0300,32025R0303,CITES,2025.0,2025.0
32023D2692,32014R0165R(01),CITES,2023.0,2014.0
32023D2692,32021D0689R(02),CITES,2023.0,2021.0
32023D2692,32016R0799R(03),CITES,2023.0,2016.0
32023D2669,32014L0053R(02),CITES,2023.0,2014.0
32024R0264R(01),32009R0223,CITES,2024.0,2009.0
32024R2613,32023R2639,CITES,2024.0,2023.0
32024R2613,32018L2001R(10),CITES,2024.0,2018.0
32024R2613,32022R0342,CITES,2024.0,2022.0
32024R3117,32014R0806R(05),CITES,2024.0,2014.0
32024R3117,32013L0036R(07),CITES,2024.0,2013.0
32024R3117,32010R1093,CITES,2024.0,2010.0
32024R3117,32016R0101R(01),CITES,2024.0,2016.0
32024R3117,32024R1623R(01),CITES,2024.0,2024.0
32024R3117,32009L0065R(07),CITES,2024.0,2009.0
32024R3117,32019R2033R(07),CITES,2024.0,2019.0
32024R3117,32019L2034R(06),CITES,2024.0,2019.0
32021R1173R(02),32021R0695R(03),CITES,2021.0,2021.0
32021R1173R(02),32018R1046,CITES,2021.0,2018.0
32021R1173R(02),32021R1060R(05),CITES,2021.0,2021.0
32021R1173R(02),32018R1725R(02),CITES,2021.0,2018.0
32021R1173R(02),32021R0694R(01),CITES,2021.0,2021.0
32021R1173R(02),32016R0679R(02),CITES,2021.0,2016.0
32021R1173R(02),32016L0943R(01),CITES,2021.0,2016.0
32021R1173R(02),32021R1153R(01),CITES,2021.0,2021.0
32021R1173R(02),32013R0883R(02),CITES,2021.0,2013.0
32018R1048R(01),32014R0452R(01),CITES,2018.0,2014.0
32018R1048R(01),32012R0923R(22),CITES,2018.0,2012.0
32018R1048R(01),32012R0965R(04),CITES,2018.0,2012.0
32018R1048R(01),32013R0409,CITES,2018.0,2013.0
32018R1048R(01),32014R0139R(11),CITES,2018.0,2014.0
32014L0090R(05),32011R0182R(02),CITES,2014.0,2011.0
32014L0090R(05),32008R0765R(03),CITES,2014.0,2008.0
32014L0090R(05),32008D0768R(02),CITES,2014.0,2008.0
32014L0090R(05),32012R1025,CITES,2014.0,2012.0
32021O0831,32013R0549,CITES,2021.0,2013.0
32021O0831,32018R0231R(02),CITES,2021.0,2018.0
32021O0831,32012R0648R(09),CITES,2021.0,2012.0
32021O0831,32013O0024,CITES,2021.0,2013.0
32021O0831,32013R1075R(01),CITES,2021.0,2013.0
32021O0831,32014R1374,CITES,2021.0,2014.0
32021O0831,32021O0835,CITES,2021.0,2021.0
32021O0831,32012O0021,CITES,2021.0,2012.0
32021O0831,32021R0379,CITES,2021.0,2021.0
32021O0831,32021O0830,CITES,2021.0,2021.0
32021O0831,32013R1073,CITES,2021.0,2013.0
32021R0664R(02),32019R0945R(04),CITES,2021.0,2019.0
32021R0664R(02),32017R0373R(05),CITES,2021.0,2017.0
32021R0664R(02),32012R0923R(22),CITES,2021.0,2012.0
32021R0664R(02),32019R0947R(07),CITES,2021.0,2019.0
32011R0513,32010R1095,CITES,2011.0,2010.0
32022D0327R(01),32014R0909R(06),CITES,2022.0,2014.0
32022D0327R(01),32018R1725R(02),CITES,2022.0,2018.0
32022D0327R(01),32021R0821R(03),CITES,2022.0,2021.0
32019D0433,32016D0839,CITES,2019.0,2016.0
32015R0755,32011R0182R(02),CITES,2015.0,2011.0
32019R0826,32018L2002,CITES,2019.0,2018.0
32019R0826,32018L2001R(10),CITES,2019.0,2018.0
32019R0826,32018L0844,CITES,2019.0,2018.0
32019R0826,32018R1999R(06),CITES,2019.0,2018.0
32013R1022,32013R0575R(02),CITES,2013.0,2013.0
32013R1022,32013L0036R(07),CITES,2013.0,2013.0
32013R1022,32013R1024R(02),CITES,2013.0,2013.0
32013R1022,32009L0110R(03),CITES,2013.0,2009.0
32025D0538,32023R0588,CITES,2025.0,2023.0
32025D0538,32021R0696R(01),CITES,2025.0,2021.0
32025D0538,32021D0698,CITES,2025.0,2021.0
32021L0514R(02),32015L0849R(03),CITES,2021.0,2015.0
32021L0514R(02),32016R0679R(02),CITES,2021.0,2016.0
32021L0514R(02),32011R0182R(02),CITES,2021.0,2011.0
32021L0514R(02),32018R1725R(02),CITES,2021.0,2018.0
32013R1301R(02),32013R1304R(03),CITES,2013.0,2013.0
32013R1301R(02),32013R1303R(04),CITES,2013.0,2013.0
32024D03936,32007D0480,CITES,2024.0,2007.0
32015D0528,32014D0335,CITES,2015.0,2014.0
32015D0528,32013D0488R(01),CITES,2015.0,2013.0
32015D0528,32012R0966,CITES,2015.0,2012.0
32011L0083R(05),32011L0024R(04),CITES,2011.0,2011.0
32011L0083R(05),32008L0048R(08),CITES,2011.0,2008.0
32011L0083R(05),32005L0029R(03),CITES,2011.0,2005.0
32011L0083R(05),32007L0064,CITES,2011.0,2007.0
32011L0083R(05),32005L0036R(07),CITES,2011.0,2005.0
32011L0083R(05),32008R0593R(01),CITES,2011.0,2008.0
32011L0083R(05),32006L0123,CITES,2011.0,2006.0
32019D0038,32015R0534R(01),CITES,2019.0,2015.0
32019D0038,32013L0036R(07),CITES,2019.0,2013.0
32019D0038,32014R0680,CITES,2019.0,2014.0
32019D0038,32014R1163R(02),CITES,2019.0,2014.0
32015R1017R(01),32015R0760R(01),CITES,2015.0,2015.0
32015R1017R(01),32013R1311R(04),CITES,2015.0,2013.0
32015R1017R(01),32013R1315,CITES,2015.0,2013.0
32015R1017R(01),32013R1303R(04),CITES,2015.0,2013.0
32015R1017R(01),32015R0847,CITES,2015.0,2015.0
32015R1017R(01),32013R0883R(02),CITES,2015.0,2013.0
32015R1017R(01),32015L0849R(03),CITES,2015.0,2015.0
32015R1017R(01),32012R0966,CITES,2015.0,2012.0
32020L2184R(01),32009R0596,AMENDS,2020.0,2009.0
32013R0441,32005R0705,AMENDS,2013.0,2005.0
32013R0441,32009R1179R(01),AMENDS,2013.0,2009.0
32019R0818R(01),32019R0816R(02),AMENDS,2019.0,2019.0
32019R0818R(01),32018R1862R(03),AMENDS,2019.0,2018.0
32025L0002,32009L0138R(01),AMENDS,2025.0,2009.0
32025L0002,32013L0034R(07),AMENDS,2025.0,2013.0
32023D2064,32015D1837,CITES,2023.0,2015.0
32023D2064,32012D0699,CITES,2023.0,2012.0
32023D2064,32010D0461,CITES,2023.0,2010.0
32023D2064,32020D0901,CITES,2023.0,2020.0
32023D2064,32006E0243,CITES,2023.0,2006.0
32023D2064,32008E0588,CITES,2023.0,2008.0
32023D2064,32007E0468,CITES,2023.0,2007.0
32022R1280,32006R0561R(10),CITES,2022.0,2006.0
32022R1280,32009R1072R(03),CITES,2022.0,2009.0
32022R1280,32022D0382R(02),CITES,2022.0,2022.0
32022R1280,32006L0126R(01),CITES,2022.0,2006.0
32014L0057,32010R1031,CITES,2014.0,2010.0
32014L0057,32014R0596R(07),CITES,2014.0,2014.0
32014L0057,32011R1227,CITES,2014.0,2011.0
32014L0057,32014L0065R(01),CITES,2014.0,2014.0
32023D0387,32019D2191,CITES,2023.0,2019.0
32023D0387,32019D1560,CITES,2023.0,2019.0
32023D0387,32017D2283,CITES,2023.0,2017.0
32023D0387,32013D0698,CITES,2023.0,2013.0
32023D0387,32015D1908,CITES,2023.0,2015.0
32023D0387,32008E0944,CITES,2023.0,2008.0
32023R1162,32019R0943R(03),CITES,2023.0,2019.0
32023R1162,32016R0679R(02),CITES,2023.0,2016.0
32023R1162,32014R0910R(09),CITES,2023.0,2014.0
32023R1162,32018R1725R(02),CITES,2023.0,2018.0
32022R2299,32021R1119,CITES,2022.0,2021.0
32022R2299,32012L0027R(01),CITES,2022.0,2012.0
32022R2299,32008R1099,CITES,2022.0,2008.0
32023R1111,32012R0965R(04),CITES,2023.0,2012.0
32023R1111,32023R0660,CITES,2023.0,2023.0
32023R1111,32015R2322,CITES,2023.0,2015.0
32023R1111,32006R1543,CITES,2023.0,2006.0
32023R1111,32014R0452R(01),CITES,2023.0,2014.0
32023R1111,32020R0736,CITES,2023.0,2020.0
32022D0179,32018L1972R(04),CITES,2022.0,2018.0
32015R1589R(02),32015R1588,CITES,2015.0,2015.0
32020R0283,32016R0679R(02),CITES,2020.0,2016.0
32020R0283,32018R1725R(02),CITES,2020.0,2018.0
32020R0283,32020L0284,CITES,2020.0,2020.0
32020R0283,32011R0182R(02),CITES,2020.0,2011.0
32020R0283,32015L2366R(06),CITES,2020.0,2015.0
32022D0172,32021D1730,CITES,2022.0,2021.0
32022D0172,32006D0771,CITES,2022.0,2006.0
32022D0172,32014L0053R(02),CITES,2022.0,2014.0
32019D0009,32012R0260R(01),CITES,2019.0,2012.0
32019D0009,32015L0849R(03),CITES,2019.0,2015.0
32017D0899R(01),32012D0243,CITES,2017.0,2012.0
32022R2303,32009L0033R(02),CITES,2022.0,2009.0
32023R1525,32020D2053,CITES,2023.0,2020.0
32023R1525,32021R1057,CITES,2023.0,2021.0
32023R1525,32019R0452R(01),CITES,2023.0,2019.0
32023R1525,32017R1939R(02),CITES,2023.0,2017.0
32023R1525,32018R1725R(02),CITES,2023.0,2018.0
32023R1525,32011R0182R(02),CITES,2023.0,2011.0
32023R1525,32021R1058,CITES,2023.0,2021.0
32023R1525,32015D0444,CITES,2023.0,2015.0
32023R1525,32021D1764R(01),CITES,2023.0,2021.0
32023R1525,32018R1046,CITES,2023.0,2018.0
32023R1525,32021R1060R(05),CITES,2023.0,2021.0
32023R1525,32021R0523,CITES,2023.0,2021.0
32023R1525,32016R0679R(02),CITES,2023.0,2016.0
32023R1525,32021R0241R(02),CITES,2023.0,2021.0
32023R1525,32020R2094R(01),CITES,2023.0,2020.0
32023R1525,32017L1371R(02),CITES,2023.0,2017.0
32023R1525,32013R0883R(02),CITES,2023.0,2013.0
32023R1525,32009L0081R(01),CITES,2023.0,2009.0
32021R2011,62016TJ0753,CITES,2021.0,2016.0
32021R2011,32020R0492,CITES,2021.0,2020.0
32021R2011,32016R1037R(01),CITES,2021.0,2016.0
32021R2011,62015CJ0468,CITES,2021.0,2015.0
32021R2011,32015R0755,CITES,2021.0,2015.0
32021R2011,32019R1267,CITES,2021.0,2019.0
32021R2011,32021R0607,CITES,2021.0,2021.0
32021R2011,62012TJ0026,CITES,2021.0,2012.0
32021R2011,62004TJ0199,CITES,2021.0,2004.0
32021R2011,62015CJ0376,CITES,2021.0,2015.0
32021R2011,62010CJ0338,CITES,2021.0,2010.0
32021R2011,32017R2321R(01),CITES,2021.0,2017.0
32021R2011,32021R0548,CITES,2021.0,2021.0
32021R2011,62014TJ0067,CITES,2021.0,2014.0
32021R2011,32018R1046,CITES,2021.0,2018.0
32021R2011,32019R1693,CITES,2021.0,2019.0
32024R0298,32020R0256R(01),CITES,2024.0,2020.0
32022R0595,32019R0796R(02),BASED_ON,2022.0,2019.0
32022R0595,32014R0269R(03),BASED_ON,2022.0,2014.0
32022R0595,32014R0833,BASED_ON,2022.0,2014.0
32022R0595,32014R0208R(03),BASED_ON,2022.0,2014.0
32022R0595,32012R0267R(07),BASED_ON,2022.0,2012.0
32022R0595,32011R0101R(02),BASED_ON,2022.0,2011.0
32022R0595,32017R2063,BASED_ON,2022.0,2017.0
32022R0595,32017R1509R(02),BASED_ON,2022.0,2017.0
32023R0203,32018R1139R(04),BASED_ON,2023.0,2018.0
32011L0024R(04),32005L0036R(07),CITES,2011.0,2005.0
32011L0024R(04),32009R0987,CITES,2011.0,2009.0
32011L0024R(04),32008D0049,CITES,2011.0,2008.0
32011L0024R(04),32008R0593R(01),CITES,2011.0,2008.0
32020D0901,32012D0699,CITES,2020.0,2012.0
32020D0901,32006E0243,CITES,2020.0,2006.0
32020D0901,32008E0588,CITES,2020.0,2008.0
32020D0901,32007E0468,CITES,2020.0,2007.0
32020D0901,32010D0461,CITES,2020.0,2010.0
32020D0901,32015D1837,CITES,2020.0,2015.0
32014R0806R(05),32012R0966,CITES,2014.0,2012.0
32014R0806R(05),32011L0061R(02),CITES,2014.0,2011.0
32014R0806R(05),32014L0049R(02),CITES,2014.0,2014.0
32014R0806R(05),32009L0065R(07),CITES,2014.0,2009.0
32014R0806R(05),32014L0059R(14),CITES,2014.0,2014.0
32014R0806R(05),32013R0883R(02),CITES,2014.0,2013.0
32014R0806R(05),32013R1024R(02),CITES,2014.0,2013.0
32014R0806R(05),32010R1095,CITES,2014.0,2010.0
32014R0806R(05),32013R0575R(02),CITES,2014.0,2013.0
32014R0806R(05),32010R1094R(02),CITES,2014.0,2010.0
32014R0806R(05),32014L0065R(01),CITES,2014.0,2014.0
32014R0806R(05),32013L0036R(07),CITES,2014.0,2013.0
32014R0806R(05),32014R0806R(05),CITES,2014.0,2014.0
32014R0806R(05),32010R1092,CITES,2014.0,2010.0
32016R1036,32013R0952R(10),CITES,2016.0,2013.0
32016R1036,32011R0182R(02),CITES,2016.0,2011.0
32016R1036,32015R2447R(13),CITES,2016.0,2015.0
32022R0030,32019L0713,CITES,2022.0,2019.0
32022R0030,32019R2144R(04),CITES,2022.0,2019.0
32022R0030,32019L0520,CITES,2022.0,2019.0
32022R0030,32018R1139R(04),CITES,2022.0,2018.0
32022R0030,32017R0745R(02),CITES,2022.0,2017.0
32022R0030,32017R0746R(06),CITES,2022.0,2017.0
32022R0030,32012R1025,CITES,2022.0,2012.0
32022R0030,32016R0679R(02),CITES,2022.0,2016.0
32022R0030,32009L0048,CITES,2022.0,2009.0
32022R0030,32018L1972R(04),CITES,2022.0,2018.0
32022R0695,32014R0165R(01),CITES,2022.0,2014.0
32022R0695,32006R0561R(10),CITES,2022.0,2006.0
32022R0695,32009R1071R(03),CITES,2022.0,2009.0
32022R0695,32016R0679R(02),CITES,2022.0,2016.0
32021R0369,32017L1132R(03),CITES,2021.0,2017.0
32007D0256,62002CJ0183,CITES,2007.0,2002.0
32007D0256,62004CJ0222,CITES,2007.0,2004.0
32007D0256,62004CJ0148,CITES,2007.0,2004.0
32007D0256,62003CJ0172,CITES,2007.0,2003.0
32007D0256,32004R0794R(04),CITES,2007.0,2004.0
32020D0434,32015D0528,CITES,2020.0,2015.0
32020D0434,32018D0716,CITES,2020.0,2018.0
32020R2092R(04),32020R2093R(03),CITES,2020.0,2020.0
32020R2092R(04),32020R2094R(01),CITES,2020.0,2020.0
32020R2092R(04),32009D0937R(01),CITES,2020.0,2009.0
32020R2092R(04),32019L1937R(01),CITES,2020.0,2019.0
32020R2092R(04),32018R1046,CITES,2020.0,2018.0
32020R2092R(04),32017R1939R(02),CITES,2020.0,2017.0
32020D2168,32012L0034R(06),CITES,2020.0,2012.0
32020D2168,32015D1111,CITES,2020.0,2015.0
32020D2168,32017D0178,CITES,2020.0,2017.0
32011L0007R(01),32006L0112R(20),CITES,2011.0,2006.0
32011L0007R(01),32006R1896R(08),CITES,2011.0,2006.0
32011L0007R(01),32006L0111,CITES,2011.0,2006.0
32011L0007R(01),32007R0861R(03),CITES,2011.0,2007.0
32020L1057R(01),32019R1149R(01),CITES,2020.0,2019.0
32020L1057R(01),32011R0182R(02),CITES,2020.0,2011.0
32020L1057R(01),32009R1073R(01),CITES,2020.0,2009.0
32020L1057R(01),32018R1725R(02),CITES,2020.0,2018.0
32020L1057R(01),32009R1071R(03),CITES,2020.0,2009.0
32020L1057R(01),32006R0561R(10),CITES,2020.0,2006.0
32020L1057R(01),32016R0679R(02),CITES,2020.0,2016.0
32020L1057R(01),32009R1072R(03),CITES,2020.0,2009.0
32020L1057R(01),32014R0165R(01),CITES,2020.0,2014.0
32020L1057R(01),32007L0046,CITES,2020.0,2007.0
32016L2370,32012L0034R(06),AMENDS,2016.0,2012.0
32013R0517R(02),32009R1072R(03),AMENDS,2013.0,2009.0
32013R0517R(02),32007R0861R(03),AMENDS,2013.0,2007.0
32013R0517R(02),32012R0267R(07),AMENDS,2013.0,2012.0
32013R0517R(02),32009R1221R(01),AMENDS,2013.0,2009.0
32013R0517R(02),32010D0661,AMENDS,2013.0,2010.0
32013R0517R(02),32011D0292,AMENDS,2013.0,2011.0
32013R0517R(02),32009R1071R(03),AMENDS,2013.0,2009.0
32013R0517R(02),32011R0101R(02),AMENDS,2013.0,2011.0
32013R0517R(02),32009R1073R(01),AMENDS,2013.0,2009.0
32013R0517R(02),32005R1161,AMENDS,2013.0,2005.0
32013R0517R(02),32009R0004R(06),AMENDS,2013.0,2009.0
32013R0517R(02),32006R1896R(08),AMENDS,2013.0,2006.0
32013R0517R(02),32010R0904R(04),AMENDS,2013.0,2010.0
32018D1083,32016D2082,CITES,2018.0,2016.0
32018D1083,32015D0528,CITES,2018.0,2015.0
32019R0361,32013R1024R(02),CITES,2019.0,2013.0
32019R0361,32014R0806R(05),CITES,2019.0,2014.0
32019R0361,32015R2365,CITES,2019.0,2015.0
32019R0361,32013R0150,CITES,2019.0,2013.0
32019R0361,32014L0059R(14),CITES,2019.0,2014.0
32019R0361,32010R1095,CITES,2019.0,2010.0
32019R0361,32013R0148,CITES,2019.0,2013.0
32020D2025,32017R2195,CITES,2020.0,2017.0
32020D2023,32017R1485,CITES,2020.0,2017.0
32011R0305R(01),32008R0765R(03),CITES,2011.0,2008.0
32011R0305R(01),32008D0768R(02),CITES,2011.0,2008.0
32011R0305R(01),32008L0098R(03),CITES,2011.0,2008.0
32019R0945R(04),32008R0765R(03),CITES,2019.0,2008.0
32019R0945R(04),32008D0768R(02),CITES,2019.0,2008.0
32019R0945R(04),32009L0048,CITES,2019.0,2009.0
32019R0945R(04),32012R1025,CITES,2019.0,2012.0
32019R0945R(04),32012R0748R(15),CITES,2019.0,2012.0
32019R0945R(04),32019R0947R(07),CITES,2019.0,2019.0
32019R0945R(04),32014R1321R(03),CITES,2019.0,2014.0
32019R0945R(04),32014L0030R(02),CITES,2019.0,2014.0
32019R0945R(04),32014L0053R(02),CITES,2019.0,2014.0
32009R1073R(01),32007R1370R(03),CITES,2009.0,2007.0
32009R1073R(01),32009R1071R(03),CITES,2009.0,2009.0
32012D0711,32009D1012,CITES,2012.0,2009.0
32012D0711,32008E0944,CITES,2012.0,2008.0
32020R0446,32014R0514R(01),CITES,2020.0,2014.0
32019L1995,32017L2455R(06),CITES,2019.0,2017.0
32019L1995,32013R0952R(10),CITES,2019.0,2013.0
32014R0667,32010R1095,CITES,2014.0,2010.0
32017L1371R(02),32013R0883R(02),CITES,2017.0,2013.0
32017L1371R(02),32015L0849R(03),CITES,2017.0,2015.0
32017L1371R(02),32006L0112R(20),CITES,2017.0,2006.0
32017L1371R(02),32014L0042,CITES,2017.0,2014.0
32017L1371R(02),32016L0680R(03),CITES,2017.0,2016.0
32017L1371R(02),32012R0966,CITES,2017.0,2012.0
32024D1354,32021D0509R(01),CITES,2024.0,2021.0
32025D0488,32021D0509R(01),CITES,2025.0,2021.0
32024D3182,32014R0909R(06),CITES,2024.0,2014.0
32010R1095,32009L0110R(03),CITES,2010.0,2009.0
32010R1095,32007L0064,CITES,2010.0,2007.0
32010R1095,32009R0223,CITES,2010.0,2009.0
32010R1095,32005L0060,CITES,2010.0,2005.0
32010R1095,32006L0048,CITES,2010.0,2006.0
32010R1095,32010R1094R(02),CITES,2010.0,2010.0
32010R1095,32010R1093,CITES,2010.0,2010.0
32010R1095,32006L0049,CITES,2010.0,2006.0
32010R1095,32010R1092,CITES,2010.0,2010.0
32014R1318,32011R1197,CITES,2014.0,2011.0
32014R1318,32012R0965R(04),CITES,2014.0,2012.0
32014R1318,32014R0368,CITES,2014.0,2014.0
32010D0585,32008E0314,CITES,2010.0,2008.0
32010D0585,32005E0574,CITES,2010.0,2005.0
32010D0585,32006E0418,CITES,2010.0,2006.0
32010D0585,32004E0495,CITES,2010.0,2004.0
32022R2370,32019R0715,CITES,2022.0,2019.0
32022R2370,32021R0522R(02),CITES,2022.0,2021.0
32022R2370,32015D0443,CITES,2022.0,2015.0
32022R2370,32018R1046,CITES,2022.0,2018.0
32022R2370,32017R1939R(02),CITES,2022.0,2017.0
32022R2370,32021R0947R(03),CITES,2022.0,2021.0
32022R2370,32022R2371,CITES,2022.0,2022.0
32022R2370,32013R0883R(02),CITES,2022.0,2013.0
32022R2370,32018R1725R(02),CITES,2022.0,2018.0
32022R2370,32015D0444,CITES,2022.0,2015.0
32022R2370,32016R0679R(02),CITES,2022.0,2016.0
32022R2370,32011R0182R(02),CITES,2022.0,2011.0
32013R0952R(10),32011R0182R(02),CITES,2013.0,2011.0
32013R0952R(10),32006L0112R(20),CITES,2013.0,2006.0
32013R0952R(10),32008L0118,CITES,2013.0,2008.0
32022R1925R(01),32011R0182R(02),CITES,2022.0,2011.0
32022R1925R(01),32005L0029R(03),CITES,2022.0,2005.0
32022R1925R(01),32016L1148,CITES,2022.0,2016.0
32022R1925R(01),32019L0790R(01),CITES,2022.0,2019.0
32022R1925R(01),32016R0679R(02),CITES,2022.0,2016.0
32022R1925R(01),32018L1972R(04),CITES,2022.0,2018.0
32022R1925R(01),32019R1150,CITES,2022.0,2019.0
32022R1925R(01),32015L1535,CITES,2022.0,2015.0
32022R1925R(01),32016L2102R(03),CITES,2022.0,2016.0
32022R1925R(01),32018R1725R(02),CITES,2022.0,2018.0
32022R1925R(01),32010L0013R(03),CITES,2022.0,2010.0
32022R1925R(01),32015L2366R(06),CITES,2022.0,2015.0
32022R1925R(01),32019L0882R(01),CITES,2022.0,2019.0
32009R0223,32006D0856R(01),CITES,2009.0,2006.0
32017R0393,32010R1095,CITES,2017.0,2010.0
32020R0204R(01),32016R0679R(02),CITES,2020.0,2016.0
32021R0557,32014L0017R(04),CITES,2021.0,2014.0
32021R0557,32008L0048R(08),CITES,2021.0,2008.0
32021R0557,32015L0849R(03),CITES,2021.0,2015.0
32021R0557,32009L0138R(01),CITES,2021.0,2009.0
32021R0557,32010R1092,CITES,2021.0,2010.0
32021R0557,32017R1129R(02),CITES,2021.0,2017.0
32021R0557,32013R0575R(02),CITES,2021.0,2013.0
32021R0557,32020R0852R(06),CITES,2021.0,2020.0
32021R0557,32010R1094R(02),CITES,2021.0,2010.0
32021R0557,32010R1093,CITES,2021.0,2010.0
32021R0557,32014L0065R(01),CITES,2021.0,2014.0
32021R0557,32010R1095,CITES,2021.0,2010.0
32016R0631R(04),32012L0027R(01),CITES,2016.0,2012.0
32016R0631R(04),32009L0072,CITES,2016.0,2009.0
32016R0631R(04),32008R0765R(03),CITES,2016.0,2008.0
32016R0631R(04),32015R1222R(03),CITES,2016.0,2015.0
32016R0631R(04),32013R0543R(02),CITES,2016.0,2013.0
32020D0636R(01),32012D0243,CITES,2020.0,2012.0
32017L1132R(03),32006L0043R(04),CITES,2017.0,2006.0
32017L1132R(03),32004L0109R(01),CITES,2017.0,2004.0
32017L1132R(03),32011R0182R(02),CITES,2017.0,2011.0
32017L1132R(03),32014L0065R(01),CITES,2017.0,2014.0
32017L1132R(03),32012R0966,CITES,2017.0,2012.0
32017L1132R(03),32013L0034R(07),CITES,2017.0,2013.0
32017L1132R(03),32014R0596R(07),CITES,2017.0,2014.0
32024D1864,32022D0356R(01),CITES,2024.0,2022.0
32024D1864,32013R0575R(02),CITES,2024.0,2013.0
32024D1864,32014L0065R(01),CITES,2024.0,2014.0
32024D1864,32013R0952R(10),CITES,2024.0,2013.0
32024D1864,32021R0821R(03),CITES,2024.0,2021.0
32024D1864,32015L0849R(03),CITES,2024.0,2015.0
32024D1864,32012R0258R(04),CITES,2024.0,2012.0
32016D1107,32015D1065,CITES,2016.0,2015.0
32025D0673,32013L0036R(07),CITES,2025.0,2013.0
32025D0673,32021R0451R(04),CITES,2025.0,2021.0
32025D0673,32021R0453R(04),CITES,2025.0,2021.0
32012L0029R(01),32011L0099,CITES,2012.0,2011.0
32012L0029R(01),32011L0093R(02),CITES,2012.0,2011.0
32012L0029R(01),32008F0977,CITES,2012.0,2008.0
32024D1049,32023D0921R(01),CITES,2024.0,2023.0
32024D1049,32022D1093,CITES,2024.0,2022.0
32024D1049,32021D2136,CITES,2024.0,2021.0
32024D1049,32008E0944,CITES,2024.0,2008.0
32024D1049,32021D0509R(01),CITES,2024.0,2021.0
32024D1075,32006D0500,CITES,2024.0,2006.0
32023D0940R(01),32014L0041R(02),CITES,2023.0,2014.0
32021O2256,32013R0575R(02),CITES,2021.0,2013.0
32021O2256,32021R0379,CITES,2021.0,2021.0
32021O2256,32013L0036R(07),CITES,2021.0,2013.0
32009L0033R(02),32006R1083,CITES,2009.0,2006.0
32009L0033R(02),32007R1370R(03),CITES,2009.0,2007.0
32009L0033R(02),32007L0046,CITES,2009.0,2007.0
32009L0033R(02),32008R0800,CITES,2009.0,2008.0
32015D2309,32008E0944,CITES,2015.0,2008.0
32015D2309,32009D1012,CITES,2015.0,2009.0
32015D2309,32012D0711,CITES,2015.0,2012.0
32022R2311,32011R1227,CITES,2022.0,2011.0
32022R2311,32010R1095,CITES,2022.0,2010.0
32024D1067,32023D1053,CITES,2024.0,2023.0
32024D1067,32021R0696R(01),CITES,2024.0,2021.0
32024R0994R(01),32015L2366R(06),CITES,2024.0,2015.0
32024R0994R(01),32014R0910R(09),CITES,2024.0,2014.0
32024R0994R(01),32020R0852R(06),CITES,2024.0,2020.0
32024R0994R(01),32017L1132R(03),CITES,2024.0,2017.0
32024R0994R(01),32018R1725R(02),CITES,2024.0,2018.0
32024R0994R(01),32020R0740R(03),CITES,2024.0,2020.0
32024R0994R(01),32009L0125R(02),CITES,2024.0,2009.0
32025D0697,32023D0921R(01),CITES,2025.0,2023.0
32025D0697,32024D1713,CITES,2025.0,2024.0
32025D0697,32008E0944,CITES,2025.0,2008.0
32025D0697,32021D2136,CITES,2025.0,2021.0
32025D0697,32022D1093,CITES,2025.0,2022.0
32025D0697,32024D1049,CITES,2025.0,2024.0
32025D0697,32021D0509R(01),CITES,2025.0,2021.0
32023D2784,32023D1352,CITES,2023.0,2023.0
32023D2784,32023D1305,CITES,2023.0,2023.0
32023D2784,32021D0059,CITES,2023.0,2021.0
32023D2193,32021D0689R(02),CITES,2023.0,2021.0
32024D3030,32024D1645,CITES,2024.0,2024.0
32021R0267,32014L0045R(06),CITES,2021.0,2014.0
32021R0267,32009R1072R(03),CITES,2021.0,2009.0
32021R0267,32016L1629R(01),CITES,2021.0,2016.0
32021R0267,32012L0034R(06),CITES,2021.0,2012.0
32021R0267,32014R0165R(01),CITES,2021.0,2014.0
32021R0267,32006L0087,CITES,2021.0,2006.0
32021R0267,32006R0561R(10),CITES,2021.0,2006.0
32021R0267,32005L0065,CITES,2021.0,2005.0
32021R0267,32020R0698,CITES,2021.0,2020.0
32021R0267,32009R1071R(03),CITES,2021.0,2009.0
32021R0267,32007L0059,CITES,2021.0,2007.0
32021R0267,32006L0126R(01),CITES,2021.0,2006.0
32021R0267,32016L0798R(07),CITES,2021.0,2016.0
32021R0267,32020L0700,CITES,2021.0,2020.0
32021R0267,32020D1237,CITES,2021.0,2020.0
32021R0267,32009R1073R(01),CITES,2021.0,2009.0
32013D1313R(01),32012R0966,CITES,2013.0,2012.0
32013D1313R(01),32013D1082,CITES,2013.0,2013.0
32013D1313R(01),32011R0182R(02),CITES,2013.0,2011.0
32013D1313R(01),32013R0883R(02),CITES,2013.0,2013.0
32013D1313R(01),32007D0124,CITES,2013.0,2007.0
32009L0110R(03),32007L0064,CITES,2009.0,2007.0
32023R0427R(05),32013R0575R(02),CITES,2023.0,2013.0
32023R0427R(05),32014R0909R(06),CITES,2023.0,2014.0
32023R0427R(05),32015R2447R(13),CITES,2023.0,2015.0
32023R0427R(05),32008L0114,CITES,2023.0,2008.0
32023R0427R(05),32013R0952R(10),CITES,2023.0,2013.0
32023R0427R(05),32009L0073,CITES,2023.0,2009.0
32023R0427R(05),32014R0269R(03),CITES,2023.0,2014.0
32023R0427R(05),32012R0648R(09),CITES,2023.0,2012.0
32023R0427R(05),32009L0138R(01),CITES,2023.0,2009.0
32023R0427R(05),32009R0715,CITES,2023.0,2009.0
32023R0427R(05),32016R0679R(02),CITES,2023.0,2016.0
32023R0427R(05),32021R0821R(03),CITES,2023.0,2021.0
32023R0427R(05),32018R1725R(02),CITES,2023.0,2018.0
32023R0427R(05),32022L2557,CITES,2023.0,2022.0
32013R0659,32006R0473,CITES,2013.0,2006.0
32013R0659,32012R1146,CITES,2013.0,2012.0
32013R0659,32012R0965R(04),CITES,2013.0,2012.0
32016D1795,32008L0068,CITES,2016.0,2008.0
32022D2255,32021D0891,CITES,2022.0,2021.0
32022D2255,32020R1627,CITES,2022.0,2020.0
32022D2255,32022D0728,CITES,2022.0,2022.0
32022D2255,32019D0903,CITES,2022.0,2019.0
32025D0394R(01),32012R0258R(04),CITES,2025.0,2012.0
32025D0394R(01),32012R0923R(22),CITES,2025.0,2012.0
32025D0394R(01),32024R2509,CITES,2025.0,2024.0
32025D0394R(01),32014R0833,CITES,2025.0,2014.0
32025D0394R(01),32013R0952R(10),CITES,2025.0,2013.0
32025D0394R(01),32021R0821R(03),CITES,2025.0,2021.0
32025D0394R(01),32014D0145R(05),CITES,2025.0,2014.0
32025D0394R(01),32014R0269R(03),CITES,2025.0,2014.0
32025D0394R(01),32019R0947R(07),CITES,2025.0,2019.0
32025D0394R(01),32015R2447R(13),CITES,2025.0,2015.0
32022L2555R(06),32018R1139R(04),CITES,2022.0,2018.0
32022L2555R(06),32022L2557,CITES,2022.0,2022.0
32022L2555R(06),32019H0534,CITES,2022.0,2019.0
32022L2555R(06),32022R2065R(02),CITES,2022.0,2022.0
32022L2555R(06),32019R1150,CITES,2022.0,2019.0
32022L2555R(06),32013D1313R(01),CITES,2022.0,2013.0
32022L2555R(06),32011R0182R(02),CITES,2022.0,2011.0
32022L2555R(06),32017H1584,CITES,2022.0,2017.0
32022L2555R(06),32012R1025,CITES,2022.0,2012.0
32022L2555R(06),32005L0029R(03),CITES,2022.0,2005.0
32022L2555R(06),32013L0040,CITES,2022.0,2013.0
32022L2555R(06),32021R0694R(01),CITES,2022.0,2021.0
32022L2555R(06),32016R0679R(02),CITES,2022.0,2016.0
32022L2555R(06),32018D1993R(01),CITES,2022.0,2018.0
32022L2555R(06),32018R1725R(02),CITES,2022.0,2018.0
32022L2555R(06),32019R0881R(05),CITES,2022.0,2019.0
32022L2555R(06),32015L1535,CITES,2022.0,2015.0
32022L2555R(06),32011L0093R(02),CITES,2022.0,2011.0
32022L2555R(06),32022R2554R(01),CITES,2022.0,2022.0
32022L2555R(06),32008R0300R(04),CITES,2022.0,2008.0
32022L2555R(06),32021R0696R(01),CITES,2022.0,2021.0
32017R1369R(01),32011R0182R(02),CITES,2017.0,2011.0
32017R1369R(01),32012R1025,CITES,2017.0,2012.0
32017R1369R(01),32008R0765R(03),CITES,2017.0,2008.0
32017R1369R(01),32008D0768R(02),CITES,2017.0,2008.0
32017R1369R(01),32017D0046,CITES,2017.0,2017.0
32017R1369R(01),32009L0125R(02),CITES,2017.0,2009.0
32017R1369R(01),32015D0443,CITES,2017.0,2015.0
32016L0097,32005L0029R(03),CITES,2016.0,2005.0
32016L0097,32009L0138R(01),CITES,2016.0,2009.0
32016L0097,32014L0065R(01),CITES,2016.0,2014.0
32016L0097,32013R0575R(02),CITES,2016.0,2013.0
32016L0097,32014L0092R(01),CITES,2016.0,2014.0
32016L0097,32013L0034R(07),CITES,2016.0,2013.0
32016L0097,32014L0017R(04),CITES,2016.0,2014.0
32016L0097,32010R1094R(02),CITES,2016.0,2010.0
32025R0305,32022R2554R(01),CITES,2025.0,2022.0
32025R0305,32010R1095,CITES,2025.0,2010.0
32025R0305,32025R0414,CITES,2025.0,2025.0
32025R0305,32015L0849R(03),CITES,2025.0,2015.0
32025R0305,32018R1725R(02),CITES,2025.0,2018.0
32025R0305,32016R0679R(02),CITES,2025.0,2016.0
32025R0305,32013L0034R(07),CITES,2025.0,2013.0
32025R0305,32023R1113,CITES,2025.0,2023.0
32024D1102,32021D0689R(02),CITES,2024.0,2021.0
32024L1226,32016L0343R(01),CITES,2024.0,2016.0
32024L1226,32014L0042,CITES,2024.0,2014.0
32024L1226,32014L0023R(05),CITES,2024.0,2014.0
32024L1226,32012L0013,CITES,2024.0,2012.0
32024L1226,32023R1114R(05),CITES,2024.0,2023.0
32024L1226,32014L0024R(15),CITES,2024.0,2014.0
32024L1226,32016L1919,CITES,2024.0,2016.0
32024L1226,32016L0800,CITES,2024.0,2016.0
32024L1226,32019L1937R(01),CITES,2024.0,2019.0
32024L1226,32013L0048R(01),CITES,2024.0,2013.0
32024L1226,32021R0821R(03),CITES,2024.0,2021.0
32024L1226,32009L0081R(01),CITES,2024.0,2009.0
32024L1226,32014L0025R(07),CITES,2024.0,2014.0
32024L1226,32010L0064,CITES,2024.0,2010.0
32012R0295,32010R1071,CITES,2012.0,2010.0
32012R0295,32010R0273,CITES,2012.0,2010.0
32012R0295,32011R1197,CITES,2012.0,2011.0
32012R0295,32008R0351,CITES,2012.0,2008.0
32011R1197,32010R0273,CITES,2011.0,2010.0
32011R1197,32011R0390,CITES,2011.0,2011.0
32011R1197,32010R0590,CITES,2011.0,2010.0
32009R1144,32009R0619R(01),CITES,2009.0,2009.0
32009R1144,32008R0351,CITES,2009.0,2008.0
32009R1144,32006R1543,CITES,2009.0,2006.0
32009R1144,32007R0787,CITES,2009.0,2007.0
32009R1144,32008R1131,CITES,2009.0,2008.0
32009R1144,32008R0715,CITES,2009.0,2008.0
32024D3136,32019R0123,CITES,2024.0,2019.0
32024R1085,32023R1578,CITES,2024.0,2023.0
32024R1085,32019R0876R(16),CITES,2024.0,2019.0
32024R1085,32022R2060,CITES,2024.0,2022.0
32024R1085,32010R1093,CITES,2024.0,2010.0
32024R1085,32023R1577,CITES,2024.0,2023.0
32024R1085,32022R2059,CITES,2024.0,2022.0
32024D2176,32019D0392,CITES,2024.0,2019.0
32019R2014R(02),32012R1025,CITES,2019.0,2012.0
32019R2014R(02),32014L0035,CITES,2019.0,2014.0
32019R2014R(02),32014L0053R(02),CITES,2019.0,2014.0
32019R2014R(02),32009L0125R(02),CITES,2019.0,2009.0
32023D0995,32018D0909,CITES,2023.0,2018.0
32023D0995,32018D1797R(01),CITES,2023.0,2018.0
32023D0995,32021D2008R(01),CITES,2023.0,2021.0
32009D0613,32008D0204,CITES,2009.0,2008.0
32009D0613,32005D0145,CITES,2009.0,2005.0
32018R1101,32011R0182R(02),CITES,2018.0,2011.0
32018R1101,32016R0679R(02),CITES,2018.0,2016.0
32024D1467,32007D0131,CITES,2024.0,2007.0
32025R0471,32013R0549,CITES,2025.0,2013.0
32025R0471,32008R1099,CITES,2025.0,2008.0
32025R0471,32019R1700,CITES,2025.0,2019.0
32025R0471,32019R2152R(04),CITES,2025.0,2019.0
32024D3197,32024D1017,CITES,2024.0,2024.0
32024D3197,32024D3096,CITES,2024.0,2024.0
32006D0516,32005D0923R(01),CITES,2006.0,2005.0
32014R1163R(02),32013R0575R(02),CITES,2014.0,2013.0
32014R1163R(02),32014R0468,CITES,2014.0,2014.0
32014R1163R(02),32013L0036R(07),CITES,2014.0,2013.0
32008L0009,32006L0112R(20),CITES,2008.0,2006.0
32021R1018,32013L0036R(07),CITES,2021.0,2013.0
32021R1018,32019R0876R(16),CITES,2021.0,2019.0
32021R1018,32014R1222,CITES,2021.0,2014.0
32021R1018,32010R1093,CITES,2021.0,2010.0
32025R0021,32025R0020R(01),CITES,2025.0,2025.0
32024D1213,32021R0696R(01),CITES,2024.0,2021.0
32017R1131R(01),32012R0648R(09),CITES,2017.0,2012.0
32017R1131R(01),32010R1095,CITES,2017.0,2010.0
32017R1131R(01),32007L0016,CITES,2017.0,2007.0
32017R1131R(01),32011L0061R(02),CITES,2017.0,2011.0
32017R1131R(01),32013R0231R(04),CITES,2017.0,2013.0
32017R1131R(01),32013R0575R(02),CITES,2017.0,2013.0
32017R1131R(01),32009R1060R(01),CITES,2017.0,2009.0
32017R1131R(01),32015L0849R(03),CITES,2017.0,2015.0
32017R1131R(01),32013L0034R(07),CITES,2017.0,2013.0
32017R1131R(01),32009L0065R(07),CITES,2017.0,2009.0
32017R1131R(01),32015R2365,CITES,2017.0,2015.0
32022R2577,32011L0092R(02),CITES,2022.0,2011.0
32022R2577,32018L2001R(10),CITES,2022.0,2018.0
32022R2577,32009L0147R(01),CITES,2022.0,2009.0
32022R2577,32022R1032R(01),CITES,2022.0,2022.0
32023D0598,32021R0696R(01),CITES,2023.0,2021.0
32023D0598,32023R0588,CITES,2023.0,2023.0
32016R0172,32008R1099,CITES,2016.0,2008.0
32023R0451,32012R0648R(09),CITES,2023.0,2012.0
32023R0451,32010R1095,CITES,2023.0,2010.0
32022D2355,32008E0944,CITES,2022.0,2008.0
32022D2355,32021D0509R(01),CITES,2022.0,2021.0
32023D0509,32021D0509R(01),CITES,2023.0,2021.0
32023D0509,32008E0944,CITES,2023.0,2008.0
32021D1956,32018R1725R(02),CITES,2021.0,2018.0
32021D1956,32015D0444,CITES,2021.0,2015.0
32020R1627,32019D0903,CITES,2020.0,2019.0
32020R1627,32013R0391,CITES,2020.0,2013.0
32020R1627,32019R0317,CITES,2020.0,2019.0
32023D1059,32021D0689R(02),CITES,2023.0,2021.0
32023D1059,32020D0135,CITES,2023.0,2020.0
32021D1875,32021D0689R(02),CITES,2021.0,2021.0
32021D1875,32021D1765R(01),CITES,2021.0,2021.0
32021D1875,32008L0056,CITES,2021.0,2008.0
32016D0281,32008D0146,CITES,2016.0,2008.0
32016D0281,32011D0350,CITES,2016.0,2011.0
32016D0281,32010D0049,CITES,2016.0,2010.0
32016D0281,32006R0562,CITES,2016.0,2006.0
32012D0271,32008L0114,CITES,2012.0,2008.0
32022D0763,62018CJ0594,CITES,2022.0,2018.0
32022D0763,62016CJ0300,CITES,2022.0,2016.0
32022D0763,32016D0289,CITES,2022.0,2016.0
32022D0763,32015R1589R(02),CITES,2022.0,2015.0
32022D0763,32008D0137,CITES,2022.0,2008.0
32022D0763,62010CJ0124,CITES,2022.0,2010.0
32022D0763,62014CJ0015,CITES,2022.0,2014.0
32017R1128R(02),32010L0013R(03),CITES,2017.0,2010.0
32017R1128R(02),32016R0679R(02),CITES,2017.0,2016.0
32017R1128R(02),32014R0910R(09),CITES,2017.0,2014.0
32022R0334R(02),32019D0709,CITES,2022.0,2019.0
32023R2691,32006R0473,CITES,2023.0,2006.0
32023R2691,32007R1400,CITES,2023.0,2007.0
32023R2691,32012R0965R(04),CITES,2023.0,2012.0
32023R2691,32014R0452R(01),CITES,2023.0,2014.0
32023R2691,32023R0660,CITES,2023.0,2023.0
32023R2691,32007R0235,CITES,2023.0,2007.0
32023R2691,32013R1264,CITES,2023.0,2013.0
32023R2691,32020R0736,CITES,2023.0,2020.0
32023R2691,32018R1139R(04),CITES,2023.0,2018.0
32023R2691,32016R2214,CITES,2023.0,2016.0
32023R2691,32015R2322,CITES,2023.0,2015.0
32024D1983,32022D2481,CITES,2024.0,2022.0
32024D1983,32018L1972R(04),CITES,2024.0,2018.0
32024D1983,32020R1070,CITES,2024.0,2020.0
32024D1983,32014L0053R(02),CITES,2024.0,2014.0
32023D2505,32021D0689R(02),CITES,2023.0,2021.0
32023D2702,32021R0696R(01),CITES,2023.0,2021.0
32024R1502,32013L0036R(07),CITES,2024.0,2013.0
32012R0919,32012R0918,CITES,2012.0,2012.0
32012R0919,32010R1095,CITES,2012.0,2010.0
32020D0903,32018D2009,CITES,2020.0,2018.0
32020D0903,32019D2077,CITES,2020.0,2019.0
32020D2032,32015D0528,CITES,2020.0,2015.0
32020D2032,32018D1787,CITES,2020.0,2018.0
32020D2032,32017D0971R(01),CITES,2020.0,2017.0
32021D0891,32019R0123,CITES,2021.0,2019.0
32021D0891,32020R1627,CITES,2021.0,2020.0
32021D0891,32019R0317,CITES,2021.0,2019.0
32023R1230,32019L0882R(01),CITES,2023.0,2019.0
32023R1230,32014L0053R(02),CITES,2023.0,2014.0
32023R1230,32008R0765R(03),CITES,2023.0,2008.0
32023R1230,32014L0035,CITES,2023.0,2014.0
32023R1230,32013R0168R(03),CITES,2023.0,2013.0
32023R1230,32011R0182R(02),CITES,2023.0,2011.0
32023R1230,32018R0858R(08),CITES,2023.0,2018.0
32023R1230,32019R1020R(05),CITES,2023.0,2019.0
32023R1230,32012R1025,CITES,2023.0,2012.0
32023R1230,32021L0555R(01),CITES,2023.0,2021.0
32023R1230,32019R0881R(05),CITES,2023.0,2019.0
32023R1230,32018R1139R(04),CITES,2023.0,2018.0
32023R1230,32008D0768R(02),CITES,2023.0,2008.0
32024D1353,32021D0813,CITES,2024.0,2021.0
32024D1353,32022D0638,CITES,2024.0,2022.0
32024D1353,32022D0452,CITES,2024.0,2022.0
32024R2163,32023R2405R(02),CITES,2024.0,2023.0
32024R2163,32015R0755,CITES,2024.0,2015.0
32024R2163,32021R2011,CITES,2024.0,2021.0
32024R2163,32013R0215,CITES,2024.0,2013.0
32024R2163,32019R1693,CITES,2024.0,2019.0
32024R2163,32018L2001R(10),CITES,2024.0,2018.0
32024R2163,62014TJ0067,CITES,2024.0,2014.0
32025R0848,32018R1725R(02),CITES,2025.0,2018.0
32025R0848,32016R0679R(02),CITES,2025.0,2016.0
32025R0848,32021H0946,CITES,2025.0,2021.0
32025R0848,32024R1183R(02),CITES,2025.0,2024.0
32015D2363,32015R0063R(04),CITES,2015.0,2015.0
32015D2363,32014R1222,CITES,2015.0,2014.0
32015D2363,32014R0600R(09),CITES,2015.0,2014.0
32015D2363,32014L0065R(01),CITES,2015.0,2014.0
32015D2363,32015L0849R(03),CITES,2015.0,2015.0
32009D0510,32008D0420,CITES,2009.0,2008.0
32022D0809,32022D0471,CITES,2022.0,2022.0
32022D0809,32022D0636,CITES,2022.0,2022.0
32022D0809,32021D0509R(01),CITES,2022.0,2021.0
32016L0343R(01),32013L0048R(01),CITES,2016.0,2013.0
32016L0343R(01),32010L0064,CITES,2016.0,2010.0
32016L0343R(01),32012L0013,CITES,2016.0,2012.0
32018R1212,32014R0909R(06),CITES,2018.0,2014.0
32018R1212,32004L0109R(01),CITES,2018.0,2004.0
32018R1212,32012R1247,CITES,2018.0,2012.0
32018R1725R(02),32016L0680R(03),CITES,2018.0,2016.0
32018R1725R(02),32016R0679R(02),CITES,2018.0,2016.0
32018R1725R(02),32009R0223,CITES,2018.0,2009.0
32018R1725R(02),32015L1535,CITES,2018.0,2015.0
32018R1725R(02),32017R1939R(02),CITES,2018.0,2017.0
32018R1725R(02),32016R0794R(05),CITES,2018.0,2016.0
32018R1725R(02),32011R0182R(02),CITES,2018.0,2011.0
32018R1725R(02),32008L0063,CITES,2018.0,2008.0
32023D1053,32023D1055,CITES,2023.0,2023.0
32023D1053,32021R0696R(01),CITES,2023.0,2021.0
32023D0273,32021R0887,CITES,2023.0,2021.0
32022D1842,32022R1032R(01),CITES,2022.0,2022.0
32014D0489,32007D0374,CITES,2014.0,2007.0
32014D0489,62008TJ0443,CITES,2014.0,2008.0
32014D0489,32006R1998,CITES,2014.0,2006.0
32014D0489,32005D0842,CITES,2014.0,2005.0
32014D0489,32007D0258,CITES,2014.0,2007.0
32021O0832,32013R1409,CITES,2021.0,2013.0
32021O0832,32018O0016R(01),CITES,2021.0,2018.0
32021O0832,32021O0835,CITES,2021.0,2021.0
32016R2286R(03),32009L0136,CITES,2016.0,2009.0
32016R2286R(03),32016R0679R(02),CITES,2016.0,2016.0
32016R2286R(03),32006L0024,CITES,2016.0,2006.0
32022D0258,32014D0536,CITES,2022.0,2014.0
32022D0258,32009L0072,CITES,2022.0,2009.0
32022D0258,32015R1222R(03),CITES,2022.0,2015.0
32016D0599,32014D0132,CITES,2016.0,2014.0
32016D0599,32015D0347,CITES,2016.0,2015.0
32024R0795R(01),32021R0522R(02),CITES,2024.0,2021.0
32024R0795R(01),32014L0024R(15),CITES,2024.0,2014.0
32024R0795R(01),32023R0435,CITES,2024.0,2023.0
32024R0795R(01),32022D2481,CITES,2024.0,2022.0
32024R0795R(01),32014L0025R(07),CITES,2024.0,2014.0
32024R0795R(01),32020R2093R(03),CITES,2024.0,2020.0
32024R0795R(01),32020R2094R(01),CITES,2024.0,2020.0
32024R0795R(01),32018R1046,CITES,2024.0,2018.0
32024R0795R(01),32014L0023R(05),CITES,2024.0,2014.0
32024R0795R(01),32013R1291,CITES,2024.0,2013.0
32024R0795R(01),32021R0694R(01),CITES,2024.0,2021.0
32017D1193,32016D1107,CITES,2017.0,2016.0
32017D0089,32009L0072,CITES,2017.0,2009.0
32017D0089,32009R0713,CITES,2017.0,2009.0
32017D0089,32009L0073,CITES,2017.0,2009.0
32016D1172,32015D1141,CITES,2016.0,2015.0
32016D1172,32014D0482,CITES,2016.0,2014.0
32016D1172,32015D1780,CITES,2016.0,2015.0
32023R0606R(01),32011L0061R(02),CITES,2023.0,2011.0
32023R0606R(01),32017R1129R(02),CITES,2023.0,2017.0
32023R0606R(01),32014L0059R(14),CITES,2023.0,2014.0
32023R0606R(01),32020R0852R(06),CITES,2023.0,2020.0
32023R0606R(01),32009L0138R(01),CITES,2023.0,2009.0
32023R0606R(01),32013L0034R(07),CITES,2023.0,2013.0
32023R0606R(01),32014R0600R(09),CITES,2023.0,2014.0
32023R0606R(01),32017R2402R(01),CITES,2023.0,2017.0
32023R0606R(01),32018R1725R(02),CITES,2023.0,2018.0
32023R0606R(01),32009L0065R(07),CITES,2023.0,2009.0
32023R0606R(01),32015L0849R(03),CITES,2023.0,2015.0
32023R0606R(01),32010R1095,CITES,2023.0,2010.0
32023R0606R(01),32014L0065R(01),CITES,2023.0,2014.0
32023R1647,32016R1036,CITES,2023.0,2016.0
32023R1647,32017R0969,CITES,2023.0,2017.0
32023R1647,32011R0452,CITES,2023.0,2011.0
32023R1647,32019R0072,CITES,2023.0,2019.0
32023R1647,32018R1046,CITES,2023.0,2018.0
32023R1647,32020R0776R(01),CITES,2023.0,2020.0
32023R1647,32011R0451,CITES,2023.0,2011.0
32023R1647,32022R0072,CITES,2023.0,2022.0
32023R1647,32018R1690,CITES,2023.0,2018.0
32023R1647,32013R0215,CITES,2023.0,2013.0
32023R1626,32010R1095,CITES,2023.0,2010.0
32016D2238,32008E0736,CITES,2016.0,2008.0
32015R0703,32014R0312R(02),CITES,2015.0,2014.0
32015R0703,32010R0994,CITES,2015.0,2010.0
32015R0703,32009R0713,CITES,2015.0,2009.0
32015R0703,32011R1227,CITES,2015.0,2011.0
32015R0703,32008R0593R(01),CITES,2015.0,2008.0
32015R0703,32009L0073,CITES,2015.0,2009.0
32013R1304R(03),32013R1301R(02),CITES,2013.0,2013.0
32013R1304R(03),32013R1311R(04),CITES,2013.0,2013.0
32013R1304R(03),32013R1303R(04),CITES,2013.0,2013.0
32015R0377R(01),32012R0966,CITES,2015.0,2012.0
32014D0915,32008E0736,CITES,2014.0,2008.0
32020D1421,32008L0068,CITES,2020.0,2008.0
32021D2134R(01),32021D0509R(01),CITES,2021.0,2021.0
32020R1108R(01),32006L0112R(20),CITES,2020.0,2006.0
32020R1108R(01),32010R0904R(04),CITES,2020.0,2010.0
32024R1109,32024R1107,CITES,2024.0,2024.0
32024R1109,32014R1321R(03),CITES,2024.0,2014.0
32025D1060,32019R0123,CITES,2025.0,2019.0
32025D1060,32024D1688,CITES,2025.0,2024.0
32025D1062,32019R0123,CITES,2025.0,2019.0
32025D1062,32024D1688,CITES,2025.0,2024.0
32025D1064,32024D1688,CITES,2025.0,2024.0
32025D1064,32019R0123,CITES,2025.0,2019.0
32025D1063,32019R0123,CITES,2025.0,2019.0
32025D1063,32024D1688,CITES,2025.0,2024.0
32025D0334,32021D0509R(01),CITES,2025.0,2021.0
32019R1242R(01),32011R0182R(02),CITES,2019.0,2011.0
32019R1242R(01),32018R0842,CITES,2019.0,2018.0
32019R1242R(01),32018L2001R(10),CITES,2019.0,2018.0
32019R1242R(01),32019R0631R(01),CITES,2019.0,2019.0
32019R1242R(01),32007L0046,CITES,2019.0,2007.0
32019R1242R(01),32018R1999R(06),CITES,2019.0,2018.0
32019R1242R(01),32018R0858R(08),CITES,2019.0,2018.0
32019R1242R(01),32017R2400R(03),CITES,2019.0,2017.0
32019R1242R(01),32009L0033R(02),CITES,2019.0,2009.0
32011R0101R(02),32011D0072,CITES,2011.0,2011.0
32023R1193,32012R0648R(09),CITES,2023.0,2012.0
32023R1193,32010R1095,CITES,2023.0,2010.0
32020D2228,32014R0642,CITES,2020.0,2014.0
32020D2228,32012L0034R(06),CITES,2020.0,2012.0
32021D0935,32014R1299R(05),CITES,2021.0,2014.0
32021D0935,32019R0776R(04),CITES,2021.0,2019.0
32021D0935,32016L0798R(07),CITES,2021.0,2016.0
32015D1773,32008R1099,CITES,2015.0,2008.0
32015D1773,32013R0147R(01),CITES,2015.0,2013.0
32015D1773,32014R0431,CITES,2015.0,2014.0
32022R2060,32014R0600R(09),CITES,2022.0,2014.0
32022R2060,32010R1093,CITES,2022.0,2010.0
32022R2060,32014L0065R(01),CITES,2022.0,2014.0
32022R2060,32021R0451R(04),CITES,2022.0,2021.0
32018R0728,32010R1093,CITES,2018.0,2010.0
32018R0728,32013R0149R(01),CITES,2018.0,2013.0
32018R0728,32012R0648R(09),CITES,2018.0,2012.0
32023R2869,32018R1725R(02),CITES,2023.0,2018.0
32023R2869,32010R1095,CITES,2023.0,2010.0
32023R2869,32010R1094R(02),CITES,2023.0,2010.0
32023R2869,32023R2859,CITES,2023.0,2023.0
32023R2869,32010R1093,CITES,2023.0,2010.0
32018D0943,32017D1193,CITES,2018.0,2017.0
32020R1230,32020R1229,CITES,2020.0,2020.0
32020R1230,32012R0648R(09),CITES,2020.0,2012.0
32020R1230,32013L0034R(07),CITES,2020.0,2013.0
32020R1230,32015R2365,CITES,2020.0,2015.0
32020R1230,32020R1225R(01),CITES,2020.0,2020.0
32020R1230,32010R1095,CITES,2020.0,2010.0
32020R1230,32006L0043R(04),CITES,2020.0,2006.0
32020R1230,32020R1227,CITES,2020.0,2020.0
32020R1230,32020R1224R(01),CITES,2020.0,2020.0
32020R1230,32013L0040,CITES,2020.0,2013.0
32011L0076,32006R1083,CITES,2011.0,2006.0
32011L0076,32011R0182R(02),CITES,2011.0,2011.0
32011L0076,32010D0661,CITES,2011.0,2010.0
32014R0452R(01),32005R2111R(06),CITES,2014.0,2005.0
32009H0329,32006L0123,CITES,2009.0,2006.0
32009H0329,32005L0036R(07),CITES,2009.0,2005.0
32009H0329,32008D0049,CITES,2009.0,2008.0
32006L0112R(20),32005L0060,CITES,2006.0,2005.0
32020R1406,32011R1227,CITES,2020.0,2011.0
32020R1406,32010R1095,CITES,2020.0,2010.0
32019R1213R(01),32014L0032R(02),CITES,2019.0,2014.0
32019R1213R(01),32010L0040,CITES,2019.0,2010.0
32019R1213R(01),32014L0045R(06),CITES,2019.0,2014.0
32019R1213R(01),32016R0799R(03),CITES,2019.0,2016.0
32019R1213R(01),32014R0165R(01),CITES,2019.0,2014.0
32019R1213R(01),32014L0031R(03),CITES,2019.0,2014.0
32016R1447R(01),32009L0072,CITES,2016.0,2009.0
32016R1447R(01),32016R1388R(03),CITES,2016.0,2016.0
32016R1447R(01),32015R1222R(03),CITES,2016.0,2015.0
32016R1447R(01),32016R0631R(04),CITES,2016.0,2016.0
32022D2422,32021D0891,CITES,2022.0,2021.0
32022D2422,32019D0903,CITES,2022.0,2019.0
32022D2422,32020R1627,CITES,2022.0,2020.0
32022D2422,32022D0728,CITES,2022.0,2022.0
32021D0625,32015R2365,CITES,2021.0,2015.0
32021D0625,32014R0596R(07),CITES,2021.0,2014.0
32021D0625,32010R0407,CITES,2021.0,2010.0
32021D0625,32013R0575R(02),CITES,2021.0,2013.0
32021D0625,32015L0849R(03),CITES,2021.0,2015.0
32021D0625,32021R0241R(02),CITES,2021.0,2021.0
32021D0625,32016R1675,CITES,2021.0,2016.0
32021D0625,32020R2094R(01),CITES,2021.0,2020.0
32021D0625,32014R0468,CITES,2021.0,2014.0
32021D0625,32020D2053,CITES,2021.0,2020.0
32021D0625,32013R1024R(02),CITES,2021.0,2013.0
32021D0625,32013L0036R(07),CITES,2021.0,2013.0
32014D0453,32013R1316,CITES,2014.0,2013.0
32020D0637,32017L0541,CITES,2020.0,2017.0
32020D0637,32015L0849R(03),CITES,2020.0,2015.0
32022D2063,32015L0849R(03),CITES,2022.0,2015.0
32022D2063,32017L0541,CITES,2022.0,2017.0
32008R0331,32006R0473,CITES,2008.0,2006.0
32014L0059R(14),32014L0049R(02),CITES,2014.0,2014.0
32014L0059R(14),32010R1092,CITES,2014.0,2010.0
32014L0059R(14),32014L0059R(14),CITES,2014.0,2014.0
32014L0059R(14),32013L0034R(07),CITES,2014.0,2013.0
32014L0059R(14),32010R1095,CITES,2014.0,2010.0
32014L0059R(14),32004L0109R(01),CITES,2014.0,2004.0
32014L0059R(14),32014L0065R(01),CITES,2014.0,2014.0
32014L0059R(14),32011L0061R(02),CITES,2014.0,2011.0
32014L0059R(14),32010R1094R(02),CITES,2014.0,2010.0
32014L0059R(14),32014R0596R(07),CITES,2014.0,2014.0
32014L0059R(14),32008R0593R(01),CITES,2014.0,2008.0
32014L0059R(14),32009L0065R(07),CITES,2014.0,2009.0
32014L0059R(14),32013R1024R(02),CITES,2014.0,2013.0
32014L0059R(14),32013R0575R(02),CITES,2014.0,2013.0
32019R1842R(01),32019R0331,CITES,2019.0,2019.0
32019R1842R(01),32019R1122,CITES,2019.0,2019.0
32019R1842R(01),32018R2067,CITES,2019.0,2018.0
32019R1842R(01),32013L0034R(07),CITES,2019.0,2013.0
32024D2543,32008L0068,CITES,2024.0,2008.0
32024L2842,32024L2841,CITES,2024.0,2024.0
32024L2842,32004L0113R(03),CITES,2024.0,2004.0
32025R0849,32018R1725R(02),CITES,2025.0,2018.0
32025R0849,32016R0679R(02),CITES,2025.0,2016.0
32025R0849,32021H0946,CITES,2025.0,2021.0
32015R2219,32015D0443,CITES,2015.0,2015.0
32015R2219,32012R0966,CITES,2015.0,2012.0
32015R2219,32013R0883R(02),CITES,2015.0,2013.0
32015R2219,32013R1271,CITES,2015.0,2013.0
32015R2219,32015D0444,CITES,2015.0,2015.0
32013D0233R(03),32009D0937R(01),CITES,2013.0,2009.0
32020R1318,32019L1995,CITES,2020.0,2019.0
32020R1318,32006L0112R(20),CITES,2020.0,2006.0
32020R1318,32019R2026R(02),CITES,2020.0,2019.0
32020R1318,32020D1109,CITES,2020.0,2020.0
32020R1318,32017L2455R(06),CITES,2020.0,2017.0
32020R1318,32020R1108R(01),CITES,2020.0,2020.0
32020R1318,32017R2454,CITES,2020.0,2017.0
32023R0706,32008R1099,CITES,2023.0,2008.0
32023R0706,32019R0941,CITES,2023.0,2019.0
32023R0706,32017R1938R(01),CITES,2023.0,2017.0
32017D0971R(01),32015D0528,CITES,2017.0,2015.0
32017D0971R(01),32010D0427,CITES,2017.0,2010.0
32020R0492,32016R1037R(01),CITES,2020.0,2016.0
32020R0492,32015R2447R(13),CITES,2020.0,2015.0
32020R0492,32014R1379,CITES,2020.0,2014.0
32020R0492,32015R0755,CITES,2020.0,2015.0
32020R0492,32018R1046,CITES,2020.0,2018.0
32024D1470,32014R0833,CITES,2024.0,2014.0
32024D1470,32024R0792,CITES,2024.0,2024.0
32024D1470,32024R0576,CITES,2024.0,2024.0
32024D1470,32014R0909R(06),CITES,2024.0,2014.0
32024D1470,32022D0335,CITES,2024.0,2022.0
32024D1470,32024D0577,CITES,2024.0,2024.0
32024D1470,32021D0509R(01),CITES,2024.0,2021.0
32025D0889,32022D0597,CITES,2025.0,2022.0
32025D0889,32010D0430,CITES,2025.0,2010.0
32024R2724,32024R1943,CITES,2024.0,2024.0
32024R2724,32018R1725R(02),CITES,2024.0,2018.0
32023R2381,32014R0165R(01),CITES,2023.0,2014.0
32023R2381,32020R1055R(02),CITES,2023.0,2020.0
32023D2698,32017R2400R(03),CITES,2023.0,2017.0
32023D2698,32018R0956,CITES,2023.0,2018.0
32023D2698,32019R1242R(01),CITES,2023.0,2019.0
32022D0895,32016L0680R(03),CITES,2022.0,2016.0
32022D0895,32012L0013,CITES,2022.0,2012.0
32022D0895,32018R1727R(07),CITES,2022.0,2018.0
32022D0895,32013L0040,CITES,2022.0,2013.0
32022D0895,32010L0064,CITES,2022.0,2010.0
32022D0895,32009L0136,CITES,2022.0,2009.0
32022D0895,32019L0713,CITES,2022.0,2019.0
32022D0895,32014L0041R(02),CITES,2022.0,2014.0
32022D0895,32013L0048R(01),CITES,2022.0,2013.0
32022D0895,32016L1919,CITES,2022.0,2016.0
32022D0895,32016R0794R(05),CITES,2022.0,2016.0
32022D0895,32011L0093R(02),CITES,2022.0,2011.0
32022D0895,32016R0679R(02),CITES,2022.0,2016.0
32022D0895,32018R1725R(02),CITES,2022.0,2018.0
32022D0895,32016L0343R(01),CITES,2022.0,2016.0
32022D0895,32016L0800,CITES,2022.0,2016.0
32014R0802,32009L0136,CITES,2014.0,2009.0
32009D0512,32008D0216,CITES,2009.0,2008.0
32021R1349,32010R1095,CITES,2021.0,2010.0
32021R1349,32019R2175R(01),CITES,2021.0,2019.0
32014R0228,32012R0555,CITES,2014.0,2012.0
32014L0092R(01),32013L0036R(07),CITES,2014.0,2013.0
32014L0092R(01),32012R0260R(01),CITES,2014.0,2012.0
32014L0092R(01),32005L0060,CITES,2014.0,2005.0
32014L0092R(01),32010R1093,CITES,2014.0,2010.0
32014L0092R(01),32009L0110R(03),CITES,2014.0,2009.0
32014L0092R(01),32013L0011R(01),CITES,2014.0,2013.0
32014L0092R(01),32007L0046,CITES,2014.0,2007.0
32014L0092R(01),32008L0048R(08),CITES,2014.0,2008.0
32014L0092R(01),32013R0575R(02),CITES,2014.0,2013.0
32014D0821,32014D0486,CITES,2014.0,2014.0
32020R1304,32019R2099R(01),CITES,2020.0,2019.0
32020R1304,32013R0152,CITES,2020.0,2013.0
32021R1118,32013R0575R(02),CITES,2021.0,2013.0
32021R1118,32013L0036R(07),CITES,2021.0,2013.0
32021R1118,32010R1093,CITES,2021.0,2010.0
32022O0912R(03),32019D0031,CITES,2022.0,2019.0
32022O0912R(03),32014O0060R(01),CITES,2022.0,2014.0
32022O0912R(03),32014L0059R(14),CITES,2022.0,2014.0
32022O0912R(03),32021R0378,CITES,2022.0,2021.0
32019D2191,32008E0944,CITES,2019.0,2008.0
32019D2191,32017D2283,CITES,2019.0,2017.0
32019D2191,32015D1908,CITES,2019.0,2015.0
32019D2191,32019D1560,CITES,2019.0,2019.0
32019D2191,32013D0698,CITES,2019.0,2013.0
32008D0190,32006D0345,CITES,2008.0,2006.0
32023D2199R(01),32009R0223,CITES,2023.0,2009.0
32024L1385,32019L0882R(01),CITES,2024.0,2019.0
32024L1385,32016R0794R(05),CITES,2024.0,2016.0
32024L1385,32018R1725R(02),CITES,2024.0,2018.0
32024L1385,32022R2065R(02),CITES,2024.0,2022.0
32024L1385,32012L0029R(01),CITES,2024.0,2012.0
32024L1385,32004L0113R(03),CITES,2024.0,2004.0
32024L1385,32011L0099,CITES,2024.0,2011.0
32024L1385,32013R0606,CITES,2024.0,2013.0
32024L1385,32016L0680R(03),CITES,2024.0,2016.0
32024L1385,32011L0093R(02),CITES,2024.0,2011.0
32024L1385,32016R0679R(02),CITES,2024.0,2016.0
32024L1385,32018R1727R(07),CITES,2024.0,2018.0
32020R2254R(01),32020D2252R(01),CITES,2020.0,2020.0
32023R1615,32010R1095,CITES,2023.0,2010.0
32023R1615,32012R0648R(09),CITES,2023.0,2012.0
32022D1271,32014L0025R(07),CITES,2022.0,2014.0
32022D1271,32014L0023R(05),CITES,2022.0,2014.0
32022D1271,32014L0024R(15),CITES,2022.0,2014.0
32022D1271,32009L0081R(01),CITES,2022.0,2009.0
32022D1271,32014D0145R(05),CITES,2022.0,2014.0
32022D1271,32018R1046,CITES,2022.0,2018.0
32022D2409,32019D0392,CITES,2022.0,2019.0
32022D2409,32017D1937,CITES,2022.0,2017.0
32023Q02511,32016L0680R(03),CITES,2023.0,2016.0
32023Q02511,32016R0679R(02),CITES,2023.0,2016.0
32020D2252R(01),32020D0266,CITES,2020.0,2020.0
32020D2252R(01),32020D0135,CITES,2020.0,2020.0
32020D2252R(01),32014R0654R(01),CITES,2020.0,2014.0
32015R1222R(03),32009R0713,CITES,2015.0,2009.0
32015R1222R(03),32009L0072,CITES,2015.0,2009.0
32015R1222R(03),32013R0543R(02),CITES,2015.0,2013.0
32014D0726,32014D0485,CITES,2014.0,2014.0
32015D1055,32014D0132,CITES,2015.0,2014.0
32015D1055,32013R0390,CITES,2015.0,2013.0
32009D0341,32008D0145,CITES,2009.0,2008.0
32009D0341,32005D0418,CITES,2009.0,2005.0
32009D0341,32008D0263,CITES,2009.0,2008.0
32009D0341,32005D0345,CITES,2009.0,2005.0
32009D0341,32008D0137,CITES,2009.0,2008.0
32021R1237,32021R0695R(03),CITES,2021.0,2021.0
32021R1237,32018L2001R(10),CITES,2021.0,2018.0
32021R1237,32018R1488,CITES,2021.0,2018.0
32021R1237,32013R1315,CITES,2021.0,2013.0
32021R1237,32013R1305R(01),CITES,2021.0,2013.0
32021R1237,32021R1060R(05),CITES,2021.0,2021.0
32021R1237,32021R1153R(01),CITES,2021.0,2021.0
32021R1237,32013R1303R(04),CITES,2021.0,2013.0
32021R1237,32004R0794R(04),CITES,2021.0,2004.0
32021R1237,32012L0027R(01),CITES,2021.0,2012.0
32021R1237,32012L0034R(06),CITES,2021.0,2012.0
32021R1237,32013R0347,CITES,2021.0,2013.0
32021R1237,32021R0523,CITES,2021.0,2021.0
32021R1237,32010L0031R(03),CITES,2021.0,2010.0
32021R1237,32013R1379R(03),CITES,2021.0,2013.0
32021R1237,32020R0852R(06),CITES,2021.0,2020.0
32021R1237,32007R1370R(03),CITES,2021.0,2007.0
32024D1738,32014R0269R(03),CITES,2024.0,2014.0
32024D1738,32014R0909R(06),CITES,2024.0,2014.0
32017D2376,32017D1985,CITES,2017.0,2017.0
32012D0512,32011D0350,CITES,2012.0,2011.0
32012D0512,32008D0146,CITES,2012.0,2008.0
32012D0512,32010D0049,CITES,2012.0,2010.0
32014R0655R(04),32013R0575R(02),CITES,2014.0,2013.0
32014R0655R(04),32012R1215R(10),CITES,2014.0,2012.0
32014R0655R(04),32011R0182R(02),CITES,2014.0,2011.0
32014R0655R(04),32013L0036R(07),CITES,2014.0,2013.0
32010D0461,32010D0461,CITES,2010.0,2010.0
32010D0461,32008E0588,CITES,2010.0,2008.0
32010D0461,32006E0243,CITES,2010.0,2006.0
32019R2023R(03),32014L0053R(02),CITES,2019.0,2014.0
32019R2023R(03),32019R2014R(02),CITES,2019.0,2019.0
32019R2023R(03),32014L0035,CITES,2019.0,2014.0
32019R2023R(03),32017R1369R(01),CITES,2019.0,2017.0
32019R2023R(03),32012L0019,CITES,2019.0,2012.0
32019R2023R(03),32012R1025,CITES,2019.0,2012.0
32019L0770R(03),32012R1215R(10),CITES,2019.0,2012.0
32019L0770R(03),32015R2120,CITES,2019.0,2015.0
32019L0770R(03),32011L0083R(05),CITES,2019.0,2011.0
32019L0770R(03),32018L1972R(04),CITES,2019.0,2018.0
32019L0770R(03),32005L0029R(03),CITES,2019.0,2005.0
32019L0770R(03),32011L0024R(04),CITES,2019.0,2011.0
32019L0770R(03),32008R0593R(01),CITES,2019.0,2008.0
32019L0770R(03),32016R0679R(02),CITES,2019.0,2016.0
32013D0411,32009R1070,CITES,2013.0,2009.0
32012D0534,32012D0243,CITES,2012.0,2012.0
32018R1229R(01),32014R0600R(09),CITES,2018.0,2014.0
32018R1229R(01),32010R1095,CITES,2018.0,2010.0
32018R1229R(01),32012R0648R(09),CITES,2018.0,2012.0
32018R1229R(01),32014L0065R(01),CITES,2018.0,2014.0
32018R1229R(01),32017R0389,CITES,2018.0,2017.0
32016L2102R(03),32013R1291,CITES,2016.0,2013.0
32016L2102R(03),32013R1303R(04),CITES,2016.0,2013.0
32016L2102R(03),32012R1025,CITES,2016.0,2012.0
32016L2102R(03),32014L0024R(15),CITES,2016.0,2014.0
32016L2102R(03),32011R0182R(02),CITES,2016.0,2011.0
32016L2102R(03),32013R1304R(03),CITES,2016.0,2013.0
32016L2102R(03),32014L0025R(07),CITES,2016.0,2014.0
32010D0452R(01),32008E0736,CITES,2010.0,2008.0
32010D0452R(01),32009D0937R(01),CITES,2010.0,2009.0
32021O0835,32021O0833,CITES,2021.0,2021.0
32021O0835,32021O0831,CITES,2021.0,2021.0
32021O0835,32021O0834,CITES,2021.0,2021.0
32021O0835,32013R1071,CITES,2021.0,2013.0
32021O0835,32013R1409,CITES,2021.0,2013.0
32021O0835,32021R0379,CITES,2021.0,2021.0
32021O0835,32021O0832,CITES,2021.0,2021.0
32021O0835,32021O0830,CITES,2021.0,2021.0
32017R0981,32010R1095,CITES,2017.0,2010.0
32024R1408R(01),32008R1099,CITES,2024.0,2008.0
32024R1408R(01),32015R1222R(03),CITES,2024.0,2015.0
32024R1408R(01),32023L2413,CITES,2024.0,2023.0
32025R0401,32015L0849R(03),CITES,2025.0,2015.0
32025R0401,32013R0952R(10),CITES,2025.0,2013.0
32025R0401,32014L0065R(01),CITES,2025.0,2014.0
32025R0401,32018R1725R(02),CITES,2025.0,2018.0
32025R0401,32016R0679R(02),CITES,2025.0,2016.0
32025R0401,32024L1226,CITES,2025.0,2024.0
32025R0401,32013R0575R(02),CITES,2025.0,2013.0
32025R0401,32014R0833,CITES,2025.0,2014.0
32021R1218,32017R2454,CITES,2021.0,2017.0
32021R1218,32015R2447R(13),CITES,2021.0,2015.0
32021R1218,32013R0952R(10),CITES,2021.0,2013.0
32021R1218,32006L0112R(20),CITES,2021.0,2006.0
32023R0137R(05),32013R0549,CITES,2023.0,2013.0
32023R0137R(05),32019R1700,CITES,2023.0,2019.0
32023R0137R(05),32008R1099,CITES,2023.0,2008.0
32023R0137R(05),32019R2152R(04),CITES,2023.0,2019.0
32020D1025,62014TJ0463,CITES,2020.0,2014.0
32020D1025,32012L0034R(06),CITES,2020.0,2012.0
32020D1025,32010R0913R(02),CITES,2020.0,2010.0
32024D2015,32021D0509R(01),CITES,2024.0,2021.0
32024D2015,32008E0944,CITES,2024.0,2008.0
32024R1364,32022D2481,CITES,2024.0,2022.0
32024R1364,32009R0223,CITES,2024.0,2009.0
32023R2633,32022R1032R(01),CITES,2023.0,2022.0
32023R2633,32022R1369,CITES,2023.0,2022.0
32023R2633,32022R2576,CITES,2023.0,2022.0
32023R2633,32023R0706,CITES,2023.0,2023.0
32024D1715,32008E0944,CITES,2024.0,2008.0
32024D1715,32021D0509R(01),CITES,2024.0,2021.0
32020D2031,32020D0663,CITES,2020.0,2020.0
32020D2031,32018D1942,CITES,2020.0,2018.0
32020D2031,32016D2240,CITES,2020.0,2016.0
32021D2032R(02),32021D0509R(01),CITES,2021.0,2021.0
32021D2032R(02),32021D1143R(01),CITES,2021.0,2021.0
32021D2032R(02),32008E0944,CITES,2021.0,2008.0
32019R0503R(01),32007L0059,CITES,2019.0,2007.0
32019R0503R(01),32016L0797R(10),CITES,2019.0,2016.0
32019R0503R(01),32011R0182R(02),CITES,2019.0,2011.0
32019R0503R(01),32016L0798R(07),CITES,2019.0,2016.0
32019R0503R(01),32012L0034R(06),CITES,2019.0,2012.0
32022D0777,32020R1627,CITES,2022.0,2020.0
32022D0777,32021D0891,CITES,2022.0,2021.0
32022D0777,32019D0903,CITES,2022.0,2019.0
32022D0567,32021D0689R(02),CITES,2022.0,2021.0
32022D0771,32019D0903,CITES,2022.0,2019.0
32022D0771,32021D0891,CITES,2022.0,2021.0
32022D0771,32020R1627,CITES,2022.0,2020.0
32022D0774,32020R1627,CITES,2022.0,2020.0
32022D0774,32019D0903,CITES,2022.0,2019.0
32022D0774,32021D0891,CITES,2022.0,2021.0
32025D0222,32015L2366R(06),CITES,2025.0,2015.0
32025D0222,32022O0912R(03),CITES,2025.0,2022.0
32025D0222,32023R1114R(05),CITES,2025.0,2023.0
32025D0222,32024R0886R(01),CITES,2025.0,2024.0
32025D0222,32009L0110R(03),CITES,2025.0,2009.0
32025D0222,32024D1209,CITES,2025.0,2024.0
32021D1738,32021R0836,CITES,2021.0,2021.0
32014L0089R(01),32014R0508R(09),CITES,2014.0,2014.0
32014L0089R(01),32009L0028,CITES,2014.0,2009.0
32014L0089R(01),32007L0002,CITES,2014.0,2007.0
32014L0089R(01),32008L0056,CITES,2014.0,2008.0
32014L0089R(01),32009L0147R(01),CITES,2014.0,2009.0
32019R1150,32015L1535,CITES,2019.0,2015.0
32019R1150,32008R0593R(01),CITES,2019.0,2008.0
32019R1150,32012R1215R(10),CITES,2019.0,2012.0
32019R1150,32016L0943R(01),CITES,2019.0,2016.0
32019R1150,32016R0679R(02),CITES,2019.0,2016.0
32019R1150,32016L0680R(03),CITES,2019.0,2016.0
32025D0075,32018D0340R(01),CITES,2025.0,2018.0
32025D0075,32018D0909,CITES,2025.0,2018.0
32023D2740,32023D0386,CITES,2023.0,2023.0
32023D2740,32023D0162,CITES,2023.0,2023.0
32025D0129,32008E0944,CITES,2025.0,2008.0
32025D0129,32021D0509R(01),CITES,2025.0,2021.0
32022D1284,32022D0810,CITES,2022.0,2022.0
32022D1284,32022D0637,CITES,2022.0,2022.0
32022D1284,32022D0472,CITES,2022.0,2022.0
32022D1284,32021D0509R(01),CITES,2022.0,2021.0
32022D1663,32008L0068,CITES,2022.0,2008.0
32024R2642R(03),32016R0679R(02),CITES,2024.0,2016.0
32024R2642R(03),32013R0575R(02),CITES,2024.0,2013.0
32024R2642R(03),32013R0952R(10),CITES,2024.0,2013.0
32024R2642R(03),32018R1725R(02),CITES,2024.0,2018.0
32024R2642R(03),32015L0849R(03),CITES,2024.0,2015.0
32024R2642R(03),32014L0065R(01),CITES,2024.0,2014.0
32023R2418R(01),32013R0883R(02),CITES,2023.0,2013.0
32023R2418R(01),32014L0024R(15),CITES,2023.0,2014.0
32023R2418R(01),32021D1764R(01),CITES,2023.0,2021.0
32023R2418R(01),32019R0452R(01),CITES,2023.0,2019.0
32023R2418R(01),32011R0182R(02),CITES,2023.0,2011.0
32023R2418R(01),32018H0624,CITES,2023.0,2018.0
32023R2418R(01),32015D0444,CITES,2023.0,2015.0
32023R2418R(01),32017R1939R(02),CITES,2023.0,2017.0
32023R2418R(01),32021R1060R(05),CITES,2023.0,2021.0
32023R2418R(01),32013D0488R(01),CITES,2023.0,2013.0
32023R2418R(01),32017L1371R(02),CITES,2023.0,2017.0
32023R2418R(01),32009L0081R(01),CITES,2023.0,2009.0
32023R2418R(01),32018R1046,CITES,2023.0,2018.0
32023R2418R(01),32014L0025R(07),CITES,2023.0,2014.0
32023R2527,32020R0256R(01),CITES,2023.0,2020.0
32017R0825,32014R0515R(03),CITES,2017.0,2014.0
32017R0825,32014R0513,CITES,2017.0,2014.0
32017R0825,32014R0516,CITES,2017.0,2014.0
32017R0825,32013R1306R(05),CITES,2017.0,2013.0
32017R0825,32012R0966,CITES,2017.0,2012.0
32017R0825,32014R0223,CITES,2017.0,2014.0
32017R0825,32013R1311R(04),CITES,2017.0,2013.0
32023D2063,32023D1305,CITES,2023.0,2023.0
32023R2844,32019R1111R(07),CITES,2023.0,2019.0
32023R2844,32010L0064,CITES,2023.0,2010.0
32023R2844,32018R1725R(02),CITES,2023.0,2018.0
32023R2844,32014L0041R(02),CITES,2023.0,2014.0
32023R2844,32016L1919,CITES,2023.0,2016.0
32023R2844,32016L0343R(01),CITES,2023.0,2016.0
32023R2844,32011R0182R(02),CITES,2023.0,2011.0
32023R2844,32008F0947R(03),CITES,2023.0,2008.0
32023R2844,32012R0650R(04),CITES,2023.0,2012.0
32023R2844,32016R1103R(04),CITES,2023.0,2016.0
32023R2844,32014R0910R(09),CITES,2023.0,2014.0
32023R2844,32011L0099,CITES,2023.0,2011.0
32023R2844,32016L0800,CITES,2023.0,2016.0
32023R2844,32012L0013,CITES,2023.0,2012.0
32023R2844,32006F0783R(01),CITES,2023.0,2006.0
32023R2844,32009R0004R(06),CITES,2023.0,2009.0
32023R2844,32016L2102R(03),CITES,2023.0,2016.0
32023R2844,32016R0679R(02),CITES,2023.0,2016.0
32023R2844,32019L0882R(01),CITES,2023.0,2019.0
32023R2844,32016L0680R(03),CITES,2023.0,2016.0
32023R2844,32008F0909R(03),CITES,2023.0,2008.0
32023R2844,32022R0850,CITES,2023.0,2022.0
32023R2844,32020R1783R(02),CITES,2023.0,2020.0
32023R2844,32012R1215R(10),CITES,2023.0,2012.0
32023R2844,32016R1104R(01),CITES,2023.0,2016.0
32023R2844,32013L0048R(01),CITES,2023.0,2013.0
32015R1976,32015R1975,CITES,2015.0,2015.0
32015R1976,32015R1972,CITES,2015.0,2015.0
32015R1976,32013R1303R(04),CITES,2015.0,2013.0
32015R1976,32015R1977,CITES,2015.0,2015.0
32015R1976,32014R0514R(01),CITES,2015.0,2014.0
32015R1976,32013R1306R(05),CITES,2015.0,2013.0
32015R1976,32015R1974,CITES,2015.0,2015.0
32015D2008,32014D0915,CITES,2015.0,2014.0
32015D2008,32008E0736,CITES,2015.0,2008.0
32015R1973,32015R1970,CITES,2015.0,2015.0
32015R1973,32013R1306R(05),CITES,2015.0,2013.0
32015R1973,32013R1303R(04),CITES,2015.0,2013.0
32015R1973,32014R0223,CITES,2015.0,2014.0
32015R1973,32015R1971,CITES,2015.0,2015.0
32015R1973,32015R1972,CITES,2015.0,2015.0
32021R0379,32013R1075R(01),CITES,2021.0,2013.0
32021R0379,32019R2033R(07),CITES,2021.0,2019.0
32021R0379,32013L0036R(07),CITES,2021.0,2013.0
32021R0379,32021R0378,CITES,2021.0,2021.0
32021R0379,32013R0575R(02),CITES,2021.0,2013.0
32021R0379,32017R1131R(01),CITES,2021.0,2017.0
32021R0379,32018O0016R(01),CITES,2021.0,2018.0
32021R0379,32013R1073,CITES,2021.0,2013.0
32021R0379,32017R2402R(01),CITES,2021.0,2017.0
32021R0379,32014O0015,CITES,2021.0,2014.0
32021R0379,32013R0549,CITES,2021.0,2013.0
32021R0379,32009L0110R(03),CITES,2021.0,2009.0
32021R0784R(01),32010L0013R(03),CITES,2021.0,2010.0
32021R0784R(01),32015L1535,CITES,2021.0,2015.0
32021R0784R(01),32018L1972R(04),CITES,2021.0,2018.0
32021R0784R(01),32018R0302R(03),CITES,2021.0,2018.0
32021R0784R(01),32014R0910R(09),CITES,2021.0,2014.0
32021R0784R(01),32016R0794R(05),CITES,2021.0,2016.0
32021R0784R(01),32012R1215R(10),CITES,2021.0,2012.0
32021R0784R(01),32017L0541,CITES,2021.0,2017.0
32022D2445,32020D2031,CITES,2022.0,2020.0
32022D2445,32016D2240,CITES,2022.0,2016.0
32022D2445,32013D0488R(01),CITES,2022.0,2013.0
32022R2372,32016R0679R(02),CITES,2022.0,2016.0
32022R2372,32021R0695R(03),CITES,2022.0,2021.0
32022R2372,32022R2371,CITES,2022.0,2022.0
32022R2372,32022R2370,CITES,2022.0,2022.0
32022R2372,32016R0369,CITES,2022.0,2016.0
32022R2372,32013D1313R(01),CITES,2022.0,2013.0
32022R2372,32011R0182R(02),CITES,2022.0,2011.0
32022R2372,32014D0415R(01),CITES,2022.0,2014.0
32022R2372,32018R1046,CITES,2022.0,2018.0
32022R2372,32018R1725R(02),CITES,2022.0,2018.0
32023R1441,32014R0910R(09),CITES,2023.0,2014.0
32023R1441,32014L0025R(07),CITES,2023.0,2014.0
32023R1441,32013R1407,CITES,2023.0,2013.0
32023R1441,32014L0024R(15),CITES,2023.0,2014.0
32019L0789,32015R2120,CITES,2019.0,2015.0
32023R0450,32010R1095,CITES,2023.0,2010.0
32020D0793R(01),32019D0392,CITES,2020.0,2019.0
32020D0793R(01),32017D1937,CITES,2020.0,2017.0
32021D1743,32019D0392,CITES,2021.0,2019.0
32012L0047,32010L0080,CITES,2012.0,2010.0
32020D2053,32018R1046,CITES,2020.0,2018.0
32020D2053,32007D0436R(01),CITES,2020.0,2007.0
32020D2053,32013R0549,CITES,2020.0,2013.0
32011H0750,32010L0040,CITES,2011.0,2010.0
32025D0823R(01),32008E0944,CITES,2025.0,2008.0
32025D0823R(01),32021D0509R(01),CITES,2025.0,2021.0
32023R2411,32015L1535,CITES,2023.0,2015.0
32023R2411,32016R0679R(02),CITES,2023.0,2016.0
32023R2411,32008R0765R(03),CITES,2023.0,2008.0
32023R2411,32011R0182R(02),CITES,2023.0,2011.0
32023R2411,32018R1725R(02),CITES,2023.0,2018.0
32023R2411,32022R2065R(02),CITES,2023.0,2022.0
32016D0207,32015D2276R(01),CITES,2016.0,2015.0
32013R1159,32007L0002,CITES,2013.0,2007.0
32013R1159,32008L0114,CITES,2013.0,2008.0
32023L2673,32009L0138R(01),CITES,2023.0,2009.0
32023L2673,32016R0679R(02),CITES,2023.0,2016.0
32023L2673,32014L0017R(04),CITES,2023.0,2014.0
32023L2673,32014L0065R(01),CITES,2023.0,2014.0
32023L2673,32014L0092R(01),CITES,2023.0,2014.0
32023L2673,32022R2065R(02),CITES,2023.0,2022.0
32023L2673,32023L2225R(01),CITES,2023.0,2023.0
32023L2673,32014L0049R(02),CITES,2023.0,2014.0
32023L2673,32019R1238,CITES,2023.0,2019.0
32023L2673,32016L0097,CITES,2023.0,2016.0
32024R1962,32017R1185R(01),CITES,2024.0,2017.0
32017D1908R(01),32008D0146,CITES,2017.0,2008.0
32017D1908R(01),32008R0767R(04),CITES,2017.0,2008.0
32017D1908R(01),32009R0810R(06),CITES,2017.0,2009.0
32017D1908R(01),32011D0350,CITES,2017.0,2011.0
32012L0027R(01),32006L0032,REPEALS,2012.0,2006.0
32023R0935,32015R0755,CITES,2023.0,2015.0
32023R0935,32018R1046,CITES,2023.0,2018.0
32023R0935,32021R2011,CITES,2023.0,2021.0
32014L0055,32011R0182R(02),CITES,2014.0,2011.0
32014L0055,32012R1025,CITES,2014.0,2012.0
32014L0055,32006L0112R(20),CITES,2014.0,2006.0
32014L0055,32014L0024R(15),CITES,2014.0,2014.0
32014L0055,32009L0081R(01),CITES,2014.0,2009.0
32014L0055,32014L0023R(05),CITES,2014.0,2014.0
32014L0055,32014L0025R(07),CITES,2014.0,2014.0
32014L0055,32011L0007R(01),CITES,2014.0,2011.0
32021R1350,32010R1095,CITES,2021.0,2010.0
32021R1350,32019R2175R(01),CITES,2021.0,2019.0
32008D0196,32007D0210,CITES,2008.0,2007.0
32015L2302,32007R1371,CITES,2015.0,2007.0
32015L2302,32010R1177R(01),CITES,2015.0,2010.0
32015L2302,32008R0593R(01),CITES,2015.0,2008.0
32015L2302,32005R2111R(06),CITES,2015.0,2005.0
32015L2302,32006L0126R(01),CITES,2015.0,2006.0
32015L2302,32013L0011R(01),CITES,2015.0,2013.0
32015L2302,32011R0181R(01),CITES,2015.0,2011.0
32015L2302,32006L0123,CITES,2015.0,2006.0
32015L2302,32012R1215R(10),CITES,2015.0,2012.0
32015L2302,32008R1008R(02),CITES,2015.0,2008.0
32015L2302,32007L0046,CITES,2015.0,2007.0
32020R0521,32013D1082,CITES,2020.0,2013.0
32013R0886R(01),32010D0661,CITES,2013.0,2010.0
32018L1673,32014L0057,CITES,2018.0,2014.0
32018L1673,32013L0040,CITES,2018.0,2013.0
32018L1673,32017L0541,CITES,2018.0,2017.0
32018L1673,32011L0093R(02),CITES,2018.0,2011.0
32018L1673,32014L0042,CITES,2018.0,2014.0
32018L1673,32015L0849R(03),CITES,2018.0,2015.0
32018L1673,32017L1371R(02),CITES,2018.0,2017.0
32022D1462,32011D0350,CITES,2022.0,2011.0
32022D1462,32008D0146,CITES,2022.0,2008.0
32022D1462,32016R0679R(02),CITES,2022.0,2016.0
32023D0927,32008E0944,CITES,2023.0,2008.0
32023D0927,32022D0339,CITES,2023.0,2022.0
32023D0927,32022D0338,CITES,2023.0,2022.0
32023D0927,32021D0509R(01),CITES,2023.0,2021.0
32023D0927,32013R0952R(10),CITES,2023.0,2013.0
32024R1183R(02),32022R2065R(02),CITES,2024.0,2022.0
32024R1183R(02),32016R0679R(02),CITES,2024.0,2016.0
32024R1183R(02),32022R1925R(01),CITES,2024.0,2022.0
32024R1183R(02),32019R0881R(05),CITES,2024.0,2019.0
32024R1183R(02),32019L0882R(01),CITES,2024.0,2019.0
32024R1183R(02),32022L2555R(06),CITES,2024.0,2022.0
32024R1183R(02),32018R1725R(02),CITES,2024.0,2018.0
32024R1183R(02),32021H0946,CITES,2024.0,2021.0
32024R1183R(02),32022D2481,CITES,2024.0,2022.0
32024R1183R(02),32019R1157,CITES,2024.0,2019.0
32020D2255R(01),32020D2252R(01),CITES,2020.0,2020.0
32008D0191,32006D0543,CITES,2008.0,2006.0
32021D1442,32013L0036R(07),CITES,2021.0,2013.0
32021D1442,32020D1016,CITES,2021.0,2020.0
32021D1442,32014L0059R(14),CITES,2021.0,2014.0
32021D1442,32020D1015,CITES,2021.0,2020.0
32021D1442,32014R0468,CITES,2021.0,2014.0
32021D1442,32014D0017,CITES,2021.0,2014.0
32022D2425,32022D0728,CITES,2022.0,2022.0
32022D2425,32017R0373R(05),CITES,2022.0,2017.0
32022D2425,32019D0903,CITES,2022.0,2019.0
32022D2425,32020R1627,CITES,2022.0,2020.0
32022D2425,32021D0891,CITES,2022.0,2021.0
32019R2152R(04),32006R1893R(02),IMPLICITLY_REPEALS,2019.0,2006.0
32019R2152R(04),32019R1700,IMPLICITLY_REPEALS,2019.0,2019.0
32019R2152R(04),32008R1137R(02),IMPLICITLY_REPEALS,2019.0,2008.0
32022R0345,32021R0821R(03),CITES,2022.0,2021.0
32021R1056,32018R1999R(06),CITES,2021.0,2018.0
32021R1056,32021R1057,CITES,2021.0,2021.0
32021R1056,32018R1046,CITES,2021.0,2018.0
32021R1056,32020R0852R(06),CITES,2021.0,2020.0
32021R1056,32018L2001R(10),CITES,2021.0,2018.0
32021R1056,32014R0651R(05),CITES,2021.0,2014.0
32021R1056,32006R0166,CITES,2021.0,2006.0
32021R1056,32020R2094R(01),CITES,2021.0,2020.0
32021R1056,32021R1060R(05),CITES,2021.0,2021.0
32021R1056,32021R1058,CITES,2021.0,2021.0
32017R2063,32008E0944,CITES,2017.0,2008.0
32013D0332,32007D0799,CITES,2013.0,2007.0
32013R1024R(02),32010R1095,CITES,2013.0,2010.0
32013R1024R(02),32013L0036R(07),CITES,2013.0,2013.0
32013R1024R(02),32010R1094R(02),CITES,2013.0,2010.0
32013R1024R(02),32010R1093,CITES,2013.0,2010.0
32013R1024R(02),32013R0575R(02),CITES,2013.0,2013.0
32021R0765,32011L0070R(01),CITES,2021.0,2011.0
32021R0765,32013R0883R(02),CITES,2021.0,2013.0
32021R0765,32021R0695R(03),CITES,2021.0,2021.0
32021R0765,32017L1371R(02),CITES,2021.0,2017.0
32021R0765,32018R1046,CITES,2021.0,2018.0
32021R0765,32006L0043R(04),CITES,2021.0,2006.0
32021R0765,32013R1291,CITES,2021.0,2013.0
32021R0765,32011R0182R(02),CITES,2021.0,2011.0
32021R0765,32007D0198,CITES,2021.0,2007.0
32021R0765,32017R1939R(02),CITES,2021.0,2017.0
32015R0462,32010R1094R(02),CITES,2015.0,2010.0
32015R0462,32015R0035R(09),CITES,2015.0,2015.0
32019R0941,32019L0944R(05),CITES,2019.0,2019.0
32019R0941,32019R0942R(01),CITES,2019.0,2019.0
32019R0941,32017R2196,CITES,2019.0,2017.0
32019R0941,32017R1485,CITES,2019.0,2017.0
32019R0941,32008L0114,CITES,2019.0,2008.0
32019R0941,32016L1148,CITES,2019.0,2016.0
32019R0941,32019R0943R(03),CITES,2019.0,2019.0
32019R0941,32013D1313R(01),CITES,2019.0,2013.0
32019R0941,32017R1938R(01),CITES,2019.0,2017.0
32022R0930,32022R0466,CITES,2022.0,2022.0
32022R0930,32019R2175R(01),CITES,2022.0,2019.0
32022R0930,32018R1046,CITES,2022.0,2018.0
32022D2494,32022D0769,CITES,2022.0,2022.0
32015D1908,32008E0944,CITES,2015.0,2008.0
32015D1908,32013D0698,CITES,2015.0,2013.0
32022D2441,32021D0509R(01),CITES,2022.0,2021.0
32023R1472,32009R0223,CITES,2023.0,2009.0
32022R1475,32021R1060R(05),CITES,2022.0,2021.0
32022R1475,32017R1185R(01),CITES,2022.0,2017.0
32022R1475,32021R2289R(01),CITES,2022.0,2021.0
32006R1893R(02),32005R0184,CITES,2006.0,2005.0
32008L0056,32007L0002,CITES,2008.0,2007.0
32013L0034R(07),32009L0028,CITES,2013.0,2009.0
32013L0034R(07),32004L0109R(01),CITES,2013.0,2004.0
32013L0034R(07),32007R1569,CITES,2013.0,2007.0
32013L0034R(07),32011R0182R(02),CITES,2013.0,2011.0
32013L0034R(07),32006L0048,CITES,2013.0,2006.0
32013L0034R(07),32009L0101,CITES,2013.0,2009.0
32021R0235,32017L2455R(06),CITES,2021.0,2017.0
32021R0235,32015R2446R(12),CITES,2021.0,2015.0
32021R0235,32006L0112R(20),CITES,2021.0,2006.0
32012R1025,32011R0305R(01),CITES,2012.0,2011.0
32012R1025,32005L0036R(07),CITES,2012.0,2005.0
32012R1025,32011R0182R(02),CITES,2012.0,2011.0
32012R1025,32009L0081R(01),CITES,2012.0,2009.0
32012R1025,32008D0768R(02),CITES,2012.0,2008.0
32006D0771,32004L0113R(03),CITES,2006.0,2004.0
32018D1787,32015D0528,CITES,2018.0,2015.0
32018D1787,32016D2239,CITES,2018.0,2016.0
32014R0799,32014R0802,CITES,2014.0,2014.0
32011D0536R(01),32008E0736,CITES,2011.0,2008.0
32015D0218,32013R0575R(02),CITES,2015.0,2013.0
32012R0236R(01),32006R1287R(01),CITES,2012.0,2006.0
32012R0236R(01),32011R0182R(02),CITES,2012.0,2011.0
32012R0236R(01),32006L0048,CITES,2012.0,2006.0
32012R0236R(01),32010R1092,CITES,2012.0,2010.0
32012R0236R(01),32004L0109R(01),CITES,2012.0,2004.0
32012R0236R(01),32010R1095,CITES,2012.0,2010.0
32012R0236R(01),32004L0025,CITES,2012.0,2004.0
32013D0668,32008E0307,CITES,2013.0,2008.0
32019L2162,32010R1095,CITES,2019.0,2010.0
32019L2162,32013R1024R(02),CITES,2019.0,2013.0
32019L2162,32015R0035R(09),CITES,2019.0,2015.0
32019L2162,32006L0111,CITES,2019.0,2006.0
32019L2162,32016R0679R(02),CITES,2019.0,2016.0
32019L2162,32013R0575R(02),CITES,2019.0,2013.0
32019L2162,32010R1093,CITES,2019.0,2010.0
32019L2162,32018R1725R(02),CITES,2019.0,2018.0
32021R0637,32017R2402R(01),CITES,2021.0,2017.0
32021R0637,32019R0876R(16),CITES,2021.0,2019.0
32021R0637,32010R1093,CITES,2021.0,2010.0
32019R1163R(01),32011R0101R(02),BASED_ON,2019.0,2011.0
32019R1163R(01),32017R2063,BASED_ON,2019.0,2017.0
32019R1163R(01),32014R0208R(03),BASED_ON,2019.0,2014.0
32019R1163R(01),32012R0267R(07),BASED_ON,2019.0,2012.0
32019R1163R(01),32017R1509R(02),BASED_ON,2019.0,2017.0
32019R1163R(01),32014R0269R(03),BASED_ON,2019.0,2014.0
32019R1163R(01),32014R0833,BASED_ON,2019.0,2014.0
32021R0664R(02),32018R1139R(04),BASED_ON,2021.0,2018.0
32013D0693,62008TJ0443,CITES,2013.0,2008.0
32014R0666,32008R1099,CITES,2014.0,2008.0
32009D0514,32009D0117,CITES,2009.0,2009.0
32016R1388R(03),32016R0631R(04),CITES,2016.0,2016.0
32016R1388R(03),32015R1222R(03),CITES,2016.0,2015.0
32016R1388R(03),32013R0543R(02),CITES,2016.0,2013.0
32016R1388R(03),32009L0072,CITES,2016.0,2009.0
32016R1388R(03),32012L0027R(01),CITES,2016.0,2012.0
32009R1107R(01),32004L0066R(01),IMPLICITLY_REPEALS,2009.0,2004.0
32014R1301R(05),32012D0464,IMPLICITLY_REPEALS,2014.0,2012.0
32009D0449,32007D0098,CITES,2009.0,2007.0
32017R0646,32014R1042,CITES,2017.0,2014.0
32020D1183,32014L0059R(14),CITES,2020.0,2014.0
32020D1183,32014D0884,CITES,2020.0,2014.0
32023D2680,32008E0944,CITES,2023.0,2008.0
32023D2680,32021D0509R(01),CITES,2023.0,2021.0
32025D0609,32008E0944,CITES,2025.0,2008.0
32025D0609,32021D0509R(01),CITES,2025.0,2021.0
32017D1021,32008D0214,CITES,2017.0,2008.0
32017D1021,62010CJ0124,CITES,2017.0,2010.0
32017D1021,32009L0071R(01),CITES,2017.0,2009.0
32008H0295,32008D0294,CITES,2008.0,2008.0
32008H0295,32007D0344,CITES,2008.0,2007.0
32020D1502,32016R0794R(05),CITES,2020.0,2016.0
32020D1502,32019R0452R(01),CITES,2020.0,2019.0
32020D1502,32016R0679R(02),CITES,2020.0,2016.0
32020D1502,32017R1939R(02),CITES,2020.0,2017.0
32020D1502,32016L0680R(03),CITES,2020.0,2016.0
32020D1502,32018R1725R(02),CITES,2020.0,2018.0
32023R1192,32012R0648R(09),CITES,2023.0,2012.0
32023R1192,32010R1095,CITES,2023.0,2010.0
32022R2295,32016R2214,CITES,2022.0,2016.0
32022R2295,32014R0452R(01),CITES,2022.0,2014.0
32022R2295,32006R0473,CITES,2022.0,2006.0
32022R2295,32020R0736,CITES,2022.0,2020.0
32022R2295,32007R1400,CITES,2022.0,2007.0
32022R2295,32007R0235,CITES,2022.0,2007.0
32022R2295,32012R0965R(04),CITES,2022.0,2012.0
32022R2295,32015R2322,CITES,2022.0,2015.0
32022R2295,32017R0830,CITES,2022.0,2017.0
32022R2295,32013R1264,CITES,2022.0,2013.0
32022D0597,32010D0430,CITES,2022.0,2010.0
32021R0240R(01),32017L1371R(02),CITES,2021.0,2017.0
32021R0240R(01),32017R1939R(02),CITES,2021.0,2017.0
32021R0240R(01),32017R0825,CITES,2021.0,2017.0
32021R0240R(01),32021R0241R(02),CITES,2021.0,2021.0
32021R0240R(01),32018R1046,CITES,2021.0,2018.0
32021R0240R(01),32013R0883R(02),CITES,2021.0,2013.0
32020R2094R(01),32018R1046,CITES,2020.0,2018.0
32020R2094R(01),32014D0335,CITES,2020.0,2014.0
32010D0137,32008R1008R(02),CITES,2010.0,2008.0
32016D0446,32015D0528,CITES,2016.0,2015.0
32022D2256,32021D0891,CITES,2022.0,2021.0
32022D2256,32020R1627,CITES,2022.0,2020.0
32022D2256,32022D2255,CITES,2022.0,2022.0
32022D2256,32019D0903,CITES,2022.0,2019.0
32022D2256,32022D0780,CITES,2022.0,2022.0
32024R1740,32019R1020R(05),CITES,2024.0,2019.0
32024R1740,32018R1725R(02),CITES,2024.0,2018.0
32024R1740,32016R0679R(02),CITES,2024.0,2016.0
32024D2138,32016L2370,CITES,2024.0,2016.0
32024D2138,62014TJ0463,CITES,2024.0,2014.0
32024D2138,32020D1193,CITES,2024.0,2020.0
32024D2138,32012L0034R(06),CITES,2024.0,2012.0
32024R1942,32016R0679R(02),CITES,2024.0,2016.0
32024R1942,32024R2024,CITES,2024.0,2024.0
32024R1942,32009R1072R(03),CITES,2024.0,2009.0
32024R1942,32014R0910R(09),CITES,2024.0,2014.0
32024R1773,32016R0679R(02),CITES,2024.0,2016.0
32024R1773,32018R1725R(02),CITES,2024.0,2018.0
32024R1773,32010R1095,CITES,2024.0,2010.0
32024R1773,32010R1094R(02),CITES,2024.0,2010.0
32024R1773,32010R1093,CITES,2024.0,2010.0
32014L0061R(03),32006L0123,CITES,2014.0,2006.0
32014L0061R(03),32013R1316,CITES,2014.0,2013.0
32014L0061R(03),32007L0002,CITES,2014.0,2007.0
32023R1594R(01),32023D1601,CITES,2023.0,2023.0
32023R1594R(01),32012R0258R(04),CITES,2023.0,2012.0
32023R1594R(01),32021R0821R(03),CITES,2023.0,2021.0
32019D1963,32009L0081R(01),CITES,2019.0,2009.0
32019D1963,32013D0488R(01),CITES,2019.0,2013.0
32019D1963,32018R1046,CITES,2019.0,2018.0
32018D1538,32014L0053R(02),CITES,2018.0,2014.0
32018D1538,32012D0243,CITES,2018.0,2012.0
32018D1538,32007D0344,CITES,2018.0,2007.0
32020R2011,32009L0110R(03),CITES,2020.0,2009.0
32020R2011,32015L2366R(06),CITES,2020.0,2015.0
32014D0016,32013D0488R(01),CITES,2014.0,2013.0
32022R0694,32020R1055R(02),CITES,2022.0,2020.0
32022R0694,32020R1054R(07),CITES,2022.0,2020.0
32013D0719,32010D0608,CITES,2013.0,2010.0
32013D0719,32009L0138R(01),CITES,2013.0,2009.0
32013D0719,62010TJ0029,CITES,2013.0,2010.0
32011H0024,32009L0043,CITES,2011.0,2009.0
32018R0761R(01),32010R1158R(01),CITES,2018.0,2010.0
32018R0761R(01),32012L0034R(06),CITES,2018.0,2012.0
32018R0761R(01),32018R0762R(02),CITES,2018.0,2018.0
32018R0761R(01),32010R1169,CITES,2018.0,2010.0
32018D0661,32012D0243,CITES,2018.0,2012.0
32018D0661,32014L0053R(02),CITES,2018.0,2014.0
32013R1311R(04),32010R0407,CITES,2013.0,2010.0
32013R1311R(04),32006R1927,CITES,2013.0,2006.0
32013R1311R(04),32012R0966,CITES,2013.0,2012.0
32013R1311R(04),32007D0436R(01),CITES,2013.0,2007.0
32013R1311R(04),32013R1303R(04),CITES,2013.0,2013.0
32023R2884,32009L0033R(02),CITES,2023.0,2009.0
32023R2884,32023L1791R(03),CITES,2023.0,2023.0
32023R2884,32022R1031,CITES,2023.0,2022.0
32023R2884,32022R2560R(02),CITES,2023.0,2022.0
32023R2884,32022R2303,CITES,2023.0,2022.0
32023R2830R(01),32013L0034R(07),CITES,2023.0,2013.0
32023R2830R(01),32015D1814R(02),CITES,2023.0,2015.0
32023R2830R(01),32018R0842,CITES,2023.0,2018.0
32023R2830R(01),32011R1227,CITES,2023.0,2011.0
32023R2830R(01),32021R0241R(02),CITES,2023.0,2021.0
32023R2830R(01),32018R1046,CITES,2023.0,2018.0
32023R2830R(01),32014R0600R(09),CITES,2023.0,2014.0
32023R2830R(01),32013L0036R(07),CITES,2023.0,2013.0
32023R2830R(01),32015L0849R(03),CITES,2023.0,2015.0
32023R2830R(01),32014R0596R(07),CITES,2023.0,2014.0
32023R2830R(01),32017R0590R(02),CITES,2023.0,2017.0
32023R2830R(01),32021R1119,CITES,2023.0,2021.0
32023R2830R(01),32023L0959R(06),CITES,2023.0,2023.0
32023R2830R(01),32019R1122,CITES,2023.0,2019.0
32023R2830R(01),32023R0955,CITES,2023.0,2023.0
32023R2830R(01),32014L0065R(01),CITES,2023.0,2014.0
32023R2830R(01),32013R0575R(02),CITES,2023.0,2013.0
32025D1056,32019R0123,CITES,2025.0,2019.0
32025D1056,32024D1688,CITES,2025.0,2024.0
32025D1058,32024D1688,CITES,2025.0,2024.0
32025D1058,32019R0123,CITES,2025.0,2019.0
32025D1054,32019R0123,CITES,2025.0,2019.0
32025D1054,32024D1688,CITES,2025.0,2024.0
32025D1057,32024D1688,CITES,2025.0,2024.0
32025D1057,32019R0123,CITES,2025.0,2019.0
32022R1856,32004L0025,CITES,2022.0,2004.0
32022R1856,32013R1024R(02),CITES,2022.0,2013.0
32022R1856,32014R0806R(05),CITES,2022.0,2014.0
32022R1856,32013R0150,CITES,2022.0,2013.0
32022R1856,32010R1095,CITES,2022.0,2010.0
32021R1416,32021D0689R(02),CITES,2021.0,2021.0
32021R1416,32020D2252R(01),CITES,2021.0,2020.0
32022R0466,32019R2175R(01),CITES,2022.0,2019.0
32022R0466,32014L0065R(01),CITES,2022.0,2014.0
32023R1113,32016R0679R(02),CITES,2023.0,2016.0
32023R1113,32021R1230,CITES,2023.0,2021.0
32023R1113,32018R1725R(02),CITES,2023.0,2018.0
32023R1113,32023R1114R(05),CITES,2023.0,2023.0
32023R1113,32011R0182R(02),CITES,2023.0,2011.0
32023R1113,32015L2366R(06),CITES,2023.0,2015.0
32023R1113,32018L0843R(01),CITES,2023.0,2018.0
32023R1113,32012R0267R(07),CITES,2023.0,2012.0
32023R1113,32016L0680R(03),CITES,2023.0,2016.0
32023R1113,32017R1509R(02),CITES,2023.0,2017.0
32023R1113,32012R0260R(01),CITES,2023.0,2012.0
32023R1113,32009L0110R(03),CITES,2023.0,2009.0
32023R1113,32010R1093,CITES,2023.0,2010.0
32021D1067R(01),32020D1426,CITES,2021.0,2020.0
32019D0504,32018L2002,CITES,2019.0,2018.0
32012D0399,32006L0038R(02),CITES,2012.0,2006.0
32024D3185,32018R1046,CITES,2024.0,2018.0
32024D3185,32010D0427,CITES,2024.0,2010.0
32024D3185,32024R2509,CITES,2024.0,2024.0
32024D3185,32015D0528,CITES,2024.0,2015.0
32015R1972,32015R1973,CITES,2015.0,2015.0
32015R1972,32013R1303R(04),CITES,2015.0,2013.0
32015R1972,32015R1970,CITES,2015.0,2015.0
32015R1972,32013R1306R(05),CITES,2015.0,2013.0
32015R1972,32014R0514R(01),CITES,2015.0,2014.0
32015R1972,32015R1971,CITES,2015.0,2015.0
32015D1065,32014D0430,CITES,2015.0,2014.0
32023L2843,32016L1919,CITES,2023.0,2016.0
32023L2843,32013L0048R(01),CITES,2023.0,2013.0
32023L2843,32023R2844,CITES,2023.0,2023.0
32023D1518,32008E0944,CITES,2023.0,2008.0
32023D1518,32021D0509R(01),CITES,2023.0,2021.0
32020D0414R(03),32013D1082,CITES,2020.0,2013.0
32007D0473,32006D0558,CITES,2007.0,2006.0
32023R2534R(01),32014L0053R(02),CITES,2023.0,2014.0
32023R2534R(01),32012R1025,CITES,2023.0,2012.0
32023R2534R(01),32019R2023R(03),CITES,2023.0,2019.0
32023R2534R(01),32014L0035,CITES,2023.0,2014.0
32023R2534R(01),32022R2065R(02),CITES,2023.0,2022.0
32021L2167R(04),32017R2402R(01),CITES,2021.0,2017.0
32021L2167R(04),32012R1215R(10),CITES,2021.0,2012.0
32021L2167R(04),32010R1092,CITES,2021.0,2010.0
32021L2167R(04),32015L0849R(03),CITES,2021.0,2015.0
32021L2167R(04),32008R0593R(01),CITES,2021.0,2008.0
32021L2167R(04),32009L0065R(07),CITES,2021.0,2009.0
32021L2167R(04),32005L0029R(03),CITES,2021.0,2005.0
32021L2167R(04),32019R0630,CITES,2021.0,2019.0
32021L2167R(04),32011L0061R(02),CITES,2021.0,2011.0
32021L2167R(04),32018R1725R(02),CITES,2021.0,2018.0
32021L2167R(04),32016R0679R(02),CITES,2021.0,2016.0
32021L2167R(04),32013R0575R(02),CITES,2021.0,2013.0
32021L2167R(04),32014L0065R(01),CITES,2021.0,2014.0
32021L2167R(04),32011R0182R(02),CITES,2021.0,2011.0
32021L2167R(04),32010R1093,CITES,2021.0,2010.0
32021L2167R(04),32013L0036R(07),CITES,2021.0,2013.0
32024R1601R(01),32007R1400,CITES,2024.0,2007.0
32024R1601R(01),32014R0452R(01),CITES,2024.0,2014.0
32024R1601R(01),32023R0660,CITES,2024.0,2023.0
32024R1601R(01),32016R2214,CITES,2024.0,2016.0
32024R1601R(01),32007R0235,CITES,2024.0,2007.0
32024R1601R(01),32012R0965R(04),CITES,2024.0,2012.0
32024R1601R(01),32015R2322,CITES,2024.0,2015.0
32024R1601R(01),32009R1144,CITES,2024.0,2009.0
32017D0652,32010L0013R(03),CITES,2017.0,2010.0
32020D1237,32006L0126R(01),CITES,2020.0,2006.0
32020D1237,32007L0059,CITES,2020.0,2007.0
32019R0554,32012D0757,CITES,2019.0,2012.0
32019R0554,32015R0995,CITES,2019.0,2015.0
32019R0554,32016L0798R(07),CITES,2019.0,2016.0
32022R0585,32021R1149R(03),CITES,2022.0,2021.0
32022R0585,32021R1060R(05),CITES,2022.0,2021.0
32022R0585,32014R0515R(03),CITES,2022.0,2014.0
32022R0585,32021R1148,CITES,2022.0,2021.0
32022R0585,32018R1046,CITES,2022.0,2018.0
32022R0585,32014R0513,CITES,2022.0,2014.0
32022R0585,32018R2000,CITES,2022.0,2018.0
32008H0594,32005L0036R(07),CITES,2008.0,2005.0
32023R1215,32014L0065R(01),CITES,2023.0,2014.0
32023R1215,32013R0575R(02),CITES,2023.0,2013.0
32023R1215,32014R0833,CITES,2023.0,2014.0
32023R1215,32015L0849R(03),CITES,2023.0,2015.0
32023R1215,32013R0952R(10),CITES,2023.0,2013.0
32020D0155,32016D2240,CITES,2020.0,2016.0
32020D0155,32012D0389,CITES,2020.0,2012.0
32022D0706R(01),32013D1313R(01),BASED_ON,2022.0,2013.0
32022D0636,32021D0509R(01),CITES,2022.0,2021.0
32022D0636,32022D0471,CITES,2022.0,2022.0
32011D0350,32008D0262R(01),CITES,2011.0,2008.0
32011D0350,32008D0261R(01),CITES,2011.0,2008.0
32009D0515,32009D0305,CITES,2009.0,2009.0
32007D0198,32006L0112R(20),CITES,2007.0,2006.0
32022R1036,32012L0034R(06),CITES,2022.0,2012.0
32022R1036,32022R0312,CITES,2022.0,2022.0
32007D0175,62000CJ0280,CITES,2007.0,2000.0
32022D1968,32009D0937R(01),CITES,2022.0,2009.0
32022D1968,32021D0509R(01),CITES,2022.0,2021.0
32022D1968,32014D0486,CITES,2022.0,2014.0
32022D1968,32013D0488R(01),CITES,2022.0,2013.0
32022R0880,32022D0885,CITES,2022.0,2022.0
32025D0646,32005E0329,CITES,2025.0,2005.0
32025D0646,32010D0212,CITES,2025.0,2010.0
32024D0956,32023R2418R(01),CITES,2024.0,2023.0
32023D2718,32019R0123,CITES,2023.0,2019.0
32024D3086,32024D1644,CITES,2024.0,2024.0
32023D2786,32021D0509R(01),CITES,2023.0,2021.0
32019D1281,32013R0462R(01),CITES,2019.0,2013.0
32023R1782,32023R1781,CITES,2023.0,2023.0
32023R1782,32021R0695R(03),CITES,2023.0,2021.0
32023R1782,32021R0694R(01),CITES,2023.0,2021.0
32023D1599,32021D0509R(01),CITES,2023.0,2021.0
32023D1599,32013D0488R(01),CITES,2023.0,2013.0
32023D1599,32009D0937R(01),CITES,2023.0,2009.0
32018D0226,32016D2240,CITES,2018.0,2016.0
32018D0226,32017D0349,CITES,2018.0,2017.0
32017D0349,32016D2240,CITES,2017.0,2016.0
32020R1224R(01),32017R1129R(02),CITES,2020.0,2017.0
32020R1224R(01),32010R1095,CITES,2020.0,2010.0
32020R1224R(01),32013R0549,CITES,2020.0,2013.0
32020R1224R(01),32014R0680,CITES,2020.0,2014.0
32020R1225R(01),32017R1129R(02),CITES,2020.0,2017.0
32020R1225R(01),32010R1095,CITES,2020.0,2010.0
32020R1225R(01),32020R1224R(01),CITES,2020.0,2020.0
32020R1225R(01),32012R0648R(09),CITES,2020.0,2012.0
32020R1225R(01),32015R2365,CITES,2020.0,2015.0
32014R0165R(01),32008R0765R(03),CITES,2014.0,2008.0
32014R0165R(01),32009R1072R(03),CITES,2014.0,2009.0
32014R0165R(01),32006L0022,CITES,2014.0,2006.0
32014R0165R(01),32011R0182R(02),CITES,2014.0,2011.0
32011D0346,32004R0794R(04),CITES,2011.0,2004.0
32011D0346,32005D0345,CITES,2011.0,2005.0
32011D0346,32009D0341,CITES,2011.0,2009.0
32011D0346,32006R1998,CITES,2011.0,2006.0
32021D0826,32013D1313R(01),CITES,2021.0,2013.0
32017R2454,32006L0112R(20),CITES,2017.0,2006.0
32017R2454,32017L2455R(06),CITES,2017.0,2017.0
32025D0391,32014L0065R(01),CITES,2025.0,2014.0
32025D0391,32013R0575R(02),CITES,2025.0,2013.0
32025D0391,32013R0952R(10),CITES,2025.0,2013.0
32025D0391,32015L0849R(03),CITES,2025.0,2015.0
32025D0391,32014R0909R(06),CITES,2025.0,2014.0
32025D0391,32022D0356R(01),CITES,2025.0,2022.0
32025D0391,32021R0821R(03),CITES,2025.0,2021.0
32014H0724,32012H0148,CITES,2014.0,2012.0
32014H0724,32009L0073,CITES,2014.0,2009.0
32014H0724,32009L0072,CITES,2014.0,2009.0
32020R0605,32013R1024R(02),BASED_ON,2020.0,2013.0
32020R0605,32014R0468,BASED_ON,2020.0,2014.0
32014D0364,32013D1313R(01),CITES,2014.0,2013.0
32012R0650R(04),32011R0182R(02),CITES,2012.0,2011.0
32010D0413R(02),32009R0428R(04),CITES,2010.0,2009.0
32014R0514R(01),32014R0513,CITES,2014.0,2014.0
32014R0514R(01),32011R0182R(02),CITES,2014.0,2011.0
32014R0514R(01),32014R0516,CITES,2014.0,2014.0
32014R0514R(01),32012R0966,CITES,2014.0,2012.0
32014R0514R(01),32013R0883R(02),CITES,2014.0,2013.0
32014R0514R(01),32013R1311R(04),CITES,2014.0,2013.0
32021R2289R(01),32017R1185R(01),CITES,2021.0,2017.0
32021R0453R(04),32010R1093,CITES,2021.0,2010.0
32021R0453R(04),32019R0876R(16),CITES,2021.0,2019.0
32017R0571,32017R0587R(02),CITES,2017.0,2017.0
32017R0571,32014R0600R(09),CITES,2017.0,2014.0
32017R0571,32010R1095,CITES,2017.0,2010.0
32017R0571,32017R0590R(02),CITES,2017.0,2017.0
32017R0571,32013L0040,CITES,2017.0,2013.0
32023D0178,32022D0780,CITES,2023.0,2022.0
32023D0178,32020R1627,CITES,2023.0,2020.0
32023D0178,32019D0903,CITES,2023.0,2019.0
32023D0178,32022D2256,CITES,2023.0,2022.0
32023D0178,32021D0891,CITES,2023.0,2021.0
32015R1501R(01),32015R1502R(01),CITES,2015.0,2015.0
32015R1501R(01),32015D0296,CITES,2015.0,2015.0
32015R1501R(01),32013R1316,CITES,2015.0,2013.0
32017R2459,32017L2455R(06),CITES,2017.0,2017.0
32023R2147,32016R0679R(02),CITES,2023.0,2016.0
32023R2147,32015L0849R(03),CITES,2023.0,2015.0
32023R2147,32013R0575R(02),CITES,2023.0,2013.0
32023R2147,32014L0065R(01),CITES,2023.0,2014.0
32023R2147,32018R1725R(02),CITES,2023.0,2018.0
32023R2147,32013R0952R(10),CITES,2023.0,2013.0
32024D0583,32009D0937R(01),CITES,2024.0,2009.0
32024D0583,32012D0389,CITES,2024.0,2012.0
32024D0583,32013D0488R(01),CITES,2024.0,2013.0
32024D0583,32021D0509R(01),CITES,2024.0,2021.0
32025D0208,32008E0944,CITES,2025.0,2008.0
32025D0208,32023D2539,CITES,2025.0,2023.0
32025D0208,32012D0711,CITES,2025.0,2012.0
32025D0208,32009D1012,CITES,2025.0,2009.0
32025D0208,32015D2309,CITES,2025.0,2015.0
32019R2105,32019R0618,CITES,2019.0,2019.0
32019R2105,32012R0965R(04),CITES,2019.0,2012.0
32019R2105,32018R0871,CITES,2019.0,2018.0
32019R2105,32006R0473,CITES,2019.0,2006.0
32019R2105,32014R0452R(01),CITES,2019.0,2014.0
32019R2105,32008R0715,CITES,2019.0,2008.0
32016D0281,32008R0767R(04),BASED_ON,2016.0,2008.0
32007E0468,32006E0243,CITES,2007.0,2006.0
32009R0619R(01),32008R0351,CITES,2009.0,2008.0
32009R0619R(01),32009R0298,CITES,2009.0,2009.0
32010R0273,32008R1131,CITES,2010.0,2008.0
32010R0273,32009R1144,CITES,2010.0,2009.0
32023D1217R(02),32012R0258R(04),CITES,2023.0,2012.0
32023D1217R(02),32014L0023R(05),CITES,2023.0,2014.0
32023D1217R(02),32022R0879R(03),CITES,2023.0,2022.0
32023D1217R(02),32014D0145R(05),CITES,2023.0,2014.0
32023D1217R(02),32021R0821R(03),CITES,2023.0,2021.0
32023D1217R(02),32014R0833,CITES,2023.0,2014.0
32023D1217R(02),32014L0025R(07),CITES,2023.0,2014.0
32023D1217R(02),32014L0024R(15),CITES,2023.0,2014.0
32023D1217R(02),32014R0269R(03),CITES,2023.0,2014.0
32023D1217R(02),32009L0081R(01),CITES,2023.0,2009.0
32023R2510,32014L0025R(07),CITES,2023.0,2014.0
32023R2510,32014D0115,CITES,2023.0,2014.0
32024D1980,32021D0509R(01),CITES,2024.0,2021.0
32024D1980,32008E0944,CITES,2024.0,2008.0
32022D2408,32017D1937,CITES,2022.0,2017.0
32022D2408,32019D0392,CITES,2022.0,2019.0
32023D0230,32022D0636,CITES,2023.0,2022.0
32023D0230,32022D0471,CITES,2023.0,2022.0
32023D0230,32022D1971,CITES,2023.0,2022.0
32023D0230,32022D1285,CITES,2023.0,2022.0
32023D0230,32022D0809,CITES,2023.0,2022.0
32023D0230,32021D0509R(01),CITES,2023.0,2021.0
32016R0867R(02),32013R0575R(02),CITES,2016.0,2013.0
32016R0867R(02),32013R1024R(02),CITES,2016.0,2013.0
32016R0867R(02),32014R0680,CITES,2016.0,2014.0
32016R0867R(02),32013R1071,CITES,2016.0,2013.0
32016R0867R(02),32013L0036R(07),CITES,2016.0,2013.0
32016R0867R(02),32013R0549,CITES,2016.0,2013.0
32023R0203,32008R0300R(04),CITES,2023.0,2008.0
32023R0203,32022R1645R(01),CITES,2023.0,2022.0
32023R0203,32016L1148,CITES,2023.0,2016.0
32023R0203,32021R0696R(01),CITES,2023.0,2021.0
32023R0203,32015R1998,CITES,2023.0,2015.0
32021D0553,32008R1099,BASED_ON,2021.0,2008.0
32019R1780,32014L0024R(15),BASED_ON,2019.0,2014.0
32019R1780,32014L0023R(05),BASED_ON,2019.0,2014.0
32019R1780,32009L0081R(01),BASED_ON,2019.0,2009.0
32019R1780,32014L0025R(07),BASED_ON,2019.0,2014.0
32012R1249,32010R1095,CITES,2012.0,2010.0
32019R0362,32006L0043R(04),CITES,2019.0,2006.0
32019R0362,32013R0151,CITES,2019.0,2013.0
32019R0362,32010R1095,CITES,2019.0,2010.0
32019R0362,32015R2365,CITES,2019.0,2015.0
32022D1198,32021R0836,CITES,2022.0,2021.0
32023D0375,32022D1108,CITES,2023.0,2022.0
32023D0375,32013R0952R(10),CITES,2023.0,2013.0
32023D0375,32013D1313R(01),CITES,2023.0,2013.0
32016R0908R(01),32013L0036R(07),CITES,2016.0,2013.0
32016R0908R(01),32010R1095,CITES,2016.0,2010.0
32016R0908R(01),32011R1227,CITES,2016.0,2011.0
32016R0908R(01),32012R0648R(09),CITES,2016.0,2012.0
32016R0908R(01),32014L0065R(01),CITES,2016.0,2014.0
32015D2275,32014D0485,CITES,2015.0,2014.0
32015D2275,32015D1793,CITES,2015.0,2015.0
32015D1380,32009D0370,CITES,2015.0,2009.0
32015D1380,32012R1215R(10),CITES,2015.0,2012.0
32016R1055,32010R1095,CITES,2016.0,2010.0
32016R1055,32011R1227,CITES,2016.0,2011.0
32016R1055,32014R1348R(01),CITES,2016.0,2014.0
32015D0800R(01),32014D0294R(01),CITES,2015.0,2014.0
32020R1530,32020D1531,CITES,2020.0,2020.0
32021D2135,32021D0509R(01),CITES,2021.0,2021.0
32021D2135,32008E0944,CITES,2021.0,2008.0
32019D1298,32008E0944,CITES,2019.0,2008.0
32017R0830,32006R0473,CITES,2017.0,2006.0
32017R0830,32012R0965R(04),CITES,2017.0,2012.0
32017R0830,32014R0452R(01),CITES,2017.0,2014.0
32014R0600R(09),32006R1287R(01),CITES,2014.0,2006.0
32014R0600R(09),32005L0060,CITES,2014.0,2005.0
32014R0600R(09),32013L0036R(07),CITES,2014.0,2013.0
32014R0600R(09),32012R0236R(01),CITES,2014.0,2012.0
32014R0600R(09),32011L0061R(02),CITES,2014.0,2011.0
32014R0600R(09),32011R1227,CITES,2014.0,2011.0
32014R0600R(09),32014L0057,CITES,2014.0,2014.0
32014R0600R(09),32013R0575R(02),CITES,2014.0,2013.0
32014R0600R(09),32010R1093,CITES,2014.0,2010.0
32014R0600R(09),32009R0713,CITES,2014.0,2009.0
32014R0600R(09),32013R0149R(01),CITES,2014.0,2013.0
32014R0600R(09),32009L0138R(01),CITES,2014.0,2009.0
32014R0600R(09),32014R0596R(07),CITES,2014.0,2014.0
32014R0600R(09),32014L0065R(01),CITES,2014.0,2014.0
32014R0600R(09),32009L0065R(07),CITES,2014.0,2009.0
32014R0600R(09),32011R0182R(02),CITES,2014.0,2011.0
32014R0600R(09),32010R1095,CITES,2014.0,2010.0
32025D1016,32019R0943R(03),BASED_ON,2025.0,2019.0
32025D1016,32019L0944R(05),BASED_ON,2025.0,2019.0
32017D2263,32008E0736,CITES,2017.0,2008.0
32017D2263,32016D2238,CITES,2017.0,2016.0
32019D2110R(01),32016D0610,CITES,2019.0,2016.0
32019D2110R(01),32013D0488R(01),CITES,2019.0,2013.0
32019D2110R(01),32009D0937R(01),CITES,2019.0,2009.0
32015R1970,32015R1972,CITES,2015.0,2015.0
32015R1970,32015R1971,CITES,2015.0,2015.0
32015R1970,32014R0223,CITES,2015.0,2014.0
32015R1970,32013R1306R(05),CITES,2015.0,2013.0
32015R1970,32014R0514R(01),CITES,2015.0,2014.0
32015R1970,32015R1973,CITES,2015.0,2015.0
32015D0632,32009L0119R(01),CITES,2015.0,2009.0
32016R1035,32016R1036,CITES,2016.0,2016.0
32016R1035,32011R0182R(02),CITES,2016.0,2011.0
32016R1035,32015R0755,CITES,2016.0,2015.0
32021R1351,32019R2175R(01),CITES,2021.0,2019.0
32021R1351,32010R1095,CITES,2021.0,2010.0
32016D1352,32016D1351,CITES,2016.0,2016.0
32016D1352,32009R0987,CITES,2016.0,2009.0
32024L2749R(01),32011R0182R(02),CITES,2024.0,2011.0
32024L2749R(01),32024R2747,CITES,2024.0,2024.0
32024L2749R(01),32012R1025,CITES,2024.0,2012.0
32024L2749R(01),32008D0768R(02),CITES,2024.0,2008.0
32024L2749R(01),32008L0068,CITES,2024.0,2008.0
32024L2749R(01),32019R1020R(05),CITES,2024.0,2019.0
32020R1732,32020R1230,CITES,2020.0,2020.0
32020R1732,32015R2365,CITES,2020.0,2015.0
32020R1732,32012R0648R(09),CITES,2020.0,2012.0
32020R1212,32010R1095,CITES,2020.0,2010.0
32018D0909,32018D0340R(01),CITES,2018.0,2018.0
32018D0909,32013D0488R(01),CITES,2018.0,2013.0
32017D0553,32017D0259,CITES,2017.0,2017.0
32017D0553,32014D0132,CITES,2017.0,2014.0
32017D0553,32015D0347,CITES,2017.0,2015.0
32019D1115,32018D0943,CITES,2019.0,2018.0
32022D2199,32017D1937,CITES,2022.0,2017.0
32022D2199,32019D0392,CITES,2022.0,2019.0
32008D0294,32008H0295,CITES,2008.0,2008.0
32022R0670,32013R0886R(01),CITES,2022.0,2013.0
32022R0670,32010R1089R(02),CITES,2022.0,2010.0
32022R0670,32019L1024,CITES,2022.0,2019.0
32022R0670,32016R0679R(02),CITES,2022.0,2016.0
32022R0670,32021L2167R(04),CITES,2022.0,2021.0
32022R0670,32008L0096R(01),CITES,2022.0,2008.0
32022R0670,32019L0520,CITES,2022.0,2019.0
32022R0670,32007L0002,CITES,2022.0,2007.0
32022R0670,32013R1315,CITES,2022.0,2013.0
32023D2682,32008E0944,CITES,2023.0,2008.0
32023D2682,32021D0509R(01),CITES,2023.0,2021.0
32023D0855R(01),32013D0488R(01),CITES,2023.0,2013.0
32023D0855R(01),32009D0937R(01),CITES,2023.0,2009.0
32023D0692,32008E0736,CITES,2023.0,2008.0
32023D0692,32023D0162,CITES,2023.0,2023.0
32023D0692,32022D1970,CITES,2023.0,2022.0
32023D0692,32023D0386,CITES,2023.0,2023.0
32023D0692,32022D2507,CITES,2023.0,2022.0
32023D0692,32022D2318,CITES,2023.0,2022.0
32017R0352R(01),32014L0024R(15),CITES,2017.0,2014.0
32017R0352R(01),32014L0023R(05),CITES,2017.0,2014.0
32017R0352R(01),32014R0651R(05),CITES,2017.0,2014.0
32017R0352R(01),32006L0111,CITES,2017.0,2006.0
32017R0352R(01),32013R1316,CITES,2017.0,2013.0
32017R0352R(01),32013R1315,CITES,2017.0,2013.0
32017R0352R(01),32014L0025R(07),CITES,2017.0,2014.0
32017R0352R(01),32016R0679R(02),CITES,2017.0,2016.0
32020D1489,32018R1046,BASED_ON,2020.0,2018.0
32022D0480,32016R0679R(02),BASED_ON,2022.0,2016.0
32022D0480,32021D0796,BASED_ON,2022.0,2021.0
32022D0480,32021R0821R(03),BASED_ON,2022.0,2021.0
32022D0480,32019D0797R(01),BASED_ON,2022.0,2019.0
32022D0480,32016L0680R(03),BASED_ON,2022.0,2016.0
32021R2003,32018L2001R(10),BASED_ON,2021.0,2018.0
32019D0570R(01),32019D0420R(01),CITES,2019.0,2019.0
32019L1023,32009L0110R(03),CITES,2019.0,2009.0
32019L1023,32015L2366R(06),CITES,2019.0,2015.0
32019L1023,32014R0910R(09),CITES,2019.0,2014.0
32019L1023,32009L0138R(01),CITES,2019.0,2009.0
32019L1023,32014R0909R(06),CITES,2019.0,2014.0
32019L1023,32012R0648R(09),CITES,2019.0,2012.0
32019L1023,32013R0575R(02),CITES,2019.0,2013.0
32019L1023,32015R0848R(06),CITES,2019.0,2015.0
32019L1023,32014L0059R(14),CITES,2019.0,2014.0
32019L1023,32011R0182R(02),CITES,2019.0,2011.0
32019L1023,32013L0034R(07),CITES,2019.0,2013.0
32022D2575,32021D0689R(02),CITES,2022.0,2021.0
32022D2421,32021D0891,CITES,2022.0,2021.0
32022D2421,32022D0728,CITES,2022.0,2022.0
32022D2421,32019D0903,CITES,2022.0,2019.0
32022D2421,32020R1627,CITES,2022.0,2020.0
32022R1214R(01),32011L0070R(01),CITES,2022.0,2011.0
32022R1214R(01),32009L0071R(01),CITES,2022.0,2009.0
32022R1214R(01),32018L2001R(10),CITES,2022.0,2018.0
32022R1214R(01),32021R1119,CITES,2022.0,2021.0
32020R1477,32020R0459R(01),CITES,2020.0,2020.0
32024D2988,32022D2318,CITES,2024.0,2022.0
32024D2988,32008E0736,CITES,2024.0,2008.0
32024D2396,32021D0509R(01),CITES,2024.0,2021.0
32024D2396,32023D1600,CITES,2024.0,2023.0
32024D06798,32023L2661,CITES,2024.0,2023.0
32023D2524,32014R0651R(05),CITES,2023.0,2014.0
32023D2524,62014CJ0015,CITES,2023.0,2014.0
32023D2524,62004CJ0222,CITES,2023.0,2004.0
32023D2524,62018CJ0594,CITES,2023.0,2018.0
32023D2524,61999CJ0513,CITES,2023.0,1999.0
32023D2524,61997TJ0288,CITES,2023.0,1997.0
32023D2524,62000CJ0280,CITES,2023.0,2000.0
32023D2524,32005D0842,CITES,2023.0,2005.0
32023D2524,62015CJ0270,CITES,2023.0,2015.0
32023D2524,62015TJ0314,CITES,2023.0,2015.0
32023D2524,62017CJ0114,CITES,2023.0,2017.0
32023D2524,62017CJ0091,CITES,2023.0,2017.0
32010R1227,32009R0223,CITES,2010.0,2009.0
32017D0046,32015D0444,CITES,2017.0,2015.0
32017D0046,32013R0883R(02),CITES,2017.0,2013.0
32017D0046,32015D0443,CITES,2017.0,2015.0
32017D2162,32017D1342,CITES,2017.0,2017.0
32022D0322,32014R0139R(11),CITES,2022.0,2014.0
32022D0322,32018R1139R(04),CITES,2022.0,2018.0
32022D0322,32015R1998,CITES,2022.0,2015.0
32022D0322,32011R1178R(10),CITES,2022.0,2011.0
32022D0322,32011R1332R(01),CITES,2022.0,2011.0
32022D0322,32012R0965R(04),CITES,2022.0,2012.0
32024R1747,32011R0182R(02),CITES,2024.0,2011.0
32024R1747,32024L1711,CITES,2024.0,2024.0
32024R1747,32022R1369,CITES,2024.0,2022.0
32024R1747,32016R1719R(01),CITES,2024.0,2016.0
32024R1747,32016R1011R(01),CITES,2024.0,2016.0
32024R1747,32015R1222R(03),CITES,2024.0,2015.0
32024R1747,32023L2413,CITES,2024.0,2023.0
32024R1747,32017R2195,CITES,2024.0,2017.0
32024R1747,32011R1227,CITES,2024.0,2011.0
32024R1747,32022R1854,CITES,2024.0,2022.0
32024R1747,32022R1032R(01),CITES,2024.0,2022.0
32024R1747,32021R1119,CITES,2024.0,2021.0
32024R1747,32014L0065R(01),CITES,2024.0,2014.0
32024R1747,32018L2001R(10),CITES,2024.0,2018.0
32024R1747,32017L1132R(03),CITES,2024.0,2017.0
32024R1747,32012R0648R(09),CITES,2024.0,2012.0
32024R1747,32019L0944R(05),CITES,2024.0,2019.0
32024R1747,32016R0679R(02),CITES,2024.0,2016.0
32024R1747,32018R1999R(06),CITES,2024.0,2018.0
32024R1747,32022R2577,CITES,2024.0,2022.0
32024R1747,32018L2002,CITES,2024.0,2018.0
32024R1747,32022R0869,CITES,2024.0,2022.0
32024R1747,32014R0600R(09),CITES,2024.0,2014.0
32023R0606R(01),32015R0760R(01),AMENDS,2023.0,2015.0
32018L1808,32005L0029R(03),CITES,2018.0,2005.0
32018L1808,32011L0093R(02),CITES,2018.0,2011.0
32018L1808,32014L0040R(05),CITES,2018.0,2014.0
32018L1808,32015R2120,CITES,2018.0,2015.0
32018L1808,32007L0065,CITES,2018.0,2007.0
32018L1808,32017L0541,CITES,2018.0,2017.0
32018L1808,32016R0679R(02),CITES,2018.0,2016.0
32015R1977,32015R1973,CITES,2015.0,2015.0
32015R1977,32014R0223,CITES,2015.0,2014.0
32015R1977,32013R1303R(04),CITES,2015.0,2013.0
32015R1977,32015R1974,CITES,2015.0,2015.0
32015R1977,32013R1306R(05),CITES,2015.0,2013.0
32015R1977,32015R1976,CITES,2015.0,2015.0
32015R1977,32015R1975,CITES,2015.0,2015.0
32016L2258,32015L0849R(03),CITES,2016.0,2015.0
32016L2258,32014L0107,CITES,2016.0,2014.0
32024D0340,32018L1972R(04),CITES,2024.0,2018.0
32024D0340,32022D2481,CITES,2024.0,2022.0
32024D0340,32022D0173R(01),CITES,2024.0,2022.0
32024D0340,32010H0167,CITES,2024.0,2010.0
32024D0340,32011D0251,CITES,2024.0,2011.0
32024R1505,32018R1046,CITES,2024.0,2018.0
32018R0389R(01),32014R0910R(09),CITES,2018.0,2014.0
32018R0389R(01),32010R1093,CITES,2018.0,2010.0
32018R0389R(01),32013L0036R(07),CITES,2018.0,2013.0
32022R2038,32006R0474R(03),CITES,2022.0,2006.0
32022R2038,32008R1008R(02),CITES,2022.0,2008.0
32022R0229R(01),32018L0843R(01),CITES,2022.0,2018.0
32006D0030,32004D0821,CITES,2006.0,2004.0
32013R1264,32005R2111R(06),BASED_ON,2013.0,2005.0
32019L2034R(06),32010R1093,CITES,2019.0,2010.0
32019L2034R(06),32018R1725R(02),CITES,2019.0,2018.0
32019L2034R(06),32016R0679R(02),CITES,2019.0,2016.0
32019L2034R(06),32019R2033R(07),CITES,2019.0,2019.0
32019L2034R(06),32012R0648R(09),CITES,2019.0,2012.0
32019L2034R(06),32013R0575R(02),CITES,2019.0,2013.0
32019L2034R(06),32015L0849R(03),CITES,2019.0,2015.0
32019L2034R(06),32009L0138R(01),CITES,2019.0,2009.0
32019L2034R(06),32014R0600R(09),CITES,2019.0,2014.0
32019L2034R(06),32010R1095,CITES,2019.0,2010.0
32019L2034R(06),32019L0878R(06),CITES,2019.0,2019.0
32019L2034R(06),32013L0034R(07),CITES,2019.0,2013.0
32019L2034R(06),32010R1092,CITES,2019.0,2010.0
32019L2034R(06),32006L0043R(04),CITES,2019.0,2006.0
32025D0138,32012R1025,BASED_ON,2025.0,2012.0
32025R0301,32022R2554R(01),BASED_ON,2025.0,2022.0
32024R1988R(01),32018O0016R(01),CITES,2024.0,2018.0
32024R1988R(01),32009L0065R(07),CITES,2024.0,2009.0
32024R1988R(01),32014L0065R(01),CITES,2024.0,2014.0
32024R1988R(01),32012R1011R(02),CITES,2024.0,2012.0
32024R1988R(01),32021R0379,CITES,2024.0,2021.0
32024R1988R(01),32018R0231R(02),CITES,2024.0,2018.0
32024R1988R(01),32013R0549,CITES,2024.0,2013.0
32024R1988R(01),32011L0061R(02),CITES,2024.0,2011.0
32020R1423,32010R1093,CITES,2020.0,2010.0
32013D0752R(01),32010D0368,CITES,2013.0,2010.0
32013D0752R(01),32012D0243,CITES,2013.0,2012.0
32013D0752R(01),32009D0381,CITES,2013.0,2009.0
32013D0752R(01),32008D0432,CITES,2013.0,2008.0
32022D0772,32020R1627,CITES,2022.0,2020.0
32022D0772,32021D0891,CITES,2022.0,2021.0
32022D0772,32019D0903,CITES,2022.0,2019.0
32017R0867,32012R0648R(09),CITES,2017.0,2012.0
32017R0867,32013R0575R(02),CITES,2017.0,2013.0
32015R0751R(01),32007L0064,CITES,2015.0,2007.0
32015R0751R(01),32009R0924,CITES,2015.0,2009.0
32015R0751R(01),32011L0083R(05),CITES,2015.0,2011.0
32015R0751R(01),32012R0260R(01),CITES,2015.0,2012.0
32015R0751R(01),32010R1093,CITES,2015.0,2010.0
32015R0751R(01),32009L0110R(03),CITES,2015.0,2009.0
32015R0840,32012R0966,CITES,2015.0,2012.0
32015R0840,32014R1042,CITES,2015.0,2014.0
32015R1974,32014R0223,CITES,2015.0,2014.0
32015R1974,32015R1977,CITES,2015.0,2015.0
32015R1974,32014R0514R(01),CITES,2015.0,2014.0
32015R1974,32015R1970,CITES,2015.0,2015.0
32015R1974,32015R1976,CITES,2015.0,2015.0
32015R1974,32013R1306R(05),CITES,2015.0,2013.0
32015R1974,32015R1975,CITES,2015.0,2015.0
32015R0760R(01),32009L0065R(07),CITES,2015.0,2009.0
32015R0760R(01),32011L0061R(02),CITES,2015.0,2011.0
32015R0760R(01),32012R0648R(09),CITES,2015.0,2012.0
32015R0760R(01),32014R0600R(09),CITES,2015.0,2014.0
32015R0760R(01),32010R1095,CITES,2015.0,2010.0
32015R0760R(01),32013L0034R(07),CITES,2015.0,2013.0
32015R0760R(01),32014L0065R(01),CITES,2015.0,2014.0
32015R0760R(01),32012R0236R(01),CITES,2015.0,2012.0
32008E0368,32006E0419,CITES,2008.0,2006.0
32021D0698,32011D1104,CITES,2021.0,2011.0
32021D0698,32021R0696R(01),CITES,2021.0,2021.0
32020R1294,32018R1046,CITES,2020.0,2018.0
32020R1294,32018L2001R(10),CITES,2020.0,2018.0
32023D1336,32022D2255,CITES,2023.0,2022.0
32023D1336,32021D0891,CITES,2023.0,2021.0
32023D1336,32023D0176,CITES,2023.0,2023.0
32023D1336,32020R1627,CITES,2023.0,2020.0
32023D1336,32023D0179,CITES,2023.0,2023.0
32023D1336,32023D0177,CITES,2023.0,2023.0
32023D1336,32022D0728,CITES,2023.0,2022.0
32023D1336,32022D0780,CITES,2023.0,2022.0
32010R0255,32005R2150,CITES,2010.0,2005.0
32022R0699,32022R0428R(06),CITES,2022.0,2022.0
32022R0699,32022R0328R(07),CITES,2022.0,2022.0
32022R0699,32022R0576R(05),CITES,2022.0,2022.0
32020D1639,32018D0909,CITES,2020.0,2018.0
32020D1639,32015D1835R(01),CITES,2020.0,2015.0
32019D1204,62014TJ0463,CITES,2019.0,2014.0
32009D0710,32008D0608,CITES,2009.0,2008.0
32020R0782,32010R1169,CITES,2020.0,2010.0
32020R0782,32010R1158R(01),CITES,2020.0,2010.0
32020R0782,32020L0700,CITES,2020.0,2020.0
32022D0728,32019R0317,CITES,2022.0,2019.0
32022D0728,32019D0903,CITES,2022.0,2019.0
32022D0728,32020R1627,CITES,2022.0,2020.0
32022D0728,32021D0891,CITES,2022.0,2021.0
32024D1713,32023D0921R(01),CITES,2024.0,2023.0
32024D1713,32021D0509R(01),CITES,2024.0,2021.0
32024D1713,32022D1093,CITES,2024.0,2022.0
32024D1713,32024D1049,CITES,2024.0,2024.0
32024D1713,32008E0944,CITES,2024.0,2008.0
32024D1713,32021D2136,CITES,2024.0,2021.0
32024R0386,32013R0952R(10),CITES,2024.0,2013.0
32024R0386,32015L0849R(03),CITES,2024.0,2015.0
32024R0386,32014L0065R(01),CITES,2024.0,2014.0
32024R0386,32018R1725R(02),CITES,2024.0,2018.0
32024R0386,32016R0679R(02),CITES,2024.0,2016.0
32024R0386,32013R0575R(02),CITES,2024.0,2013.0
32014R0756,32014O0015,CITES,2014.0,2014.0
32015R2322,32014R0452R(01),CITES,2015.0,2014.0
32015R2322,32012R0965R(04),CITES,2015.0,2012.0
32015R2322,32006R0473,CITES,2015.0,2006.0
32024D1274,32019R0943R(03),BASED_ON,2024.0,2019.0
32024D1274,32019L0944R(05),BASED_ON,2024.0,2019.0
32022R0879R(03),32014R0833,AMENDS,2022.0,2014.0
32013R0167R(04),32004L0066R(01),AMENDS,2013.0,2004.0
32013R0167R(04),32008R1137R(02),AMENDS,2013.0,2008.0
32018D1797R(01),32018D0340R(01),AMENDS,2018.0,2018.0
32017R1800R(01),32012R1247,CITES,2017.0,2012.0
32017R1800R(01),32010R1095,CITES,2017.0,2010.0
32022D0767,32020R1627,CITES,2022.0,2020.0
32022D0767,32021D0891,CITES,2022.0,2021.0
32022D0767,32019D0903,CITES,2022.0,2019.0
32012R1078,32011R0445,CITES,2012.0,2011.0
32012R1078,32009R0352,CITES,2012.0,2009.0
32010D0267,32009L0140,CITES,2010.0,2009.0
32010D0267,32004L0108,CITES,2010.0,2004.0
32020R0194R(03),32010R0904R(04),BASED_ON,2020.0,2010.0
32020R0445,32014R0514R(01),CITES,2020.0,2014.0
32022R2059,32010R1093,CITES,2022.0,2010.0
32025D01951,32018R1725R(02),CITES,2025.0,2018.0
32024D1471,32014R0909R(06),CITES,2024.0,2014.0
32024D1471,32024D1470,CITES,2024.0,2024.0
32024D1471,32021D0509R(01),CITES,2024.0,2021.0
32024D1471,32022D0338,CITES,2024.0,2022.0
32022D0735,32021D1200,AMENDS,2022.0,2021.0
32017R1110,32014L0065R(01),BASED_ON,2017.0,2014.0
32021R0037,32015L0849R(03),BASED_ON,2021.0,2015.0
32021R1814,32021D1815,CITES,2021.0,2021.0
32021R1814,32021R0378,CITES,2021.0,2021.0
32022D0768,32021D0891,CITES,2022.0,2021.0
32022D0768,32020R1627,CITES,2022.0,2020.0
32022D0768,32019D0903,CITES,2022.0,2019.0
32022D0779,32020R1627,CITES,2022.0,2020.0
32022D0779,32019D0903,CITES,2022.0,2019.0
32022D0779,32017R0373R(05),CITES,2022.0,2017.0
32022D0779,32021D0891,CITES,2022.0,2021.0
32022D0775,32020R1627,CITES,2022.0,2020.0
32022D0775,32021D0891,CITES,2022.0,2021.0
32022D0775,32019D0903,CITES,2022.0,2019.0
32018R0762R(02),32008L0068,CITES,2018.0,2008.0
32018R0762R(02),32012R1077,CITES,2018.0,2012.0
32022D0770,32017R0373R(05),CITES,2022.0,2017.0
32022D0770,32019D0903,CITES,2022.0,2019.0
32022D0770,32021D0891,CITES,2022.0,2021.0
32022D0770,32020R1627,CITES,2022.0,2020.0
32022D0778,32021D0891,CITES,2022.0,2021.0
32022D0778,32020R1627,CITES,2022.0,2020.0
32022D0778,32019D0903,CITES,2022.0,2019.0
32022D0764,32021D0891,CITES,2022.0,2021.0
32022D0764,32019D0903,CITES,2022.0,2019.0
32022D0764,32020R1627,CITES,2022.0,2020.0
32022D0776,32021D0891,CITES,2022.0,2021.0
32022D0776,32019D0903,CITES,2022.0,2019.0
32022D0776,32020R1627,CITES,2022.0,2020.0
32022D0769,32021D0891,CITES,2022.0,2021.0
32022D0769,32020R1627,CITES,2022.0,2020.0
32022D0769,32019D0903,CITES,2022.0,2019.0
32022D0773,32021D0891,CITES,2022.0,2021.0
32022D0773,32020R1627,CITES,2022.0,2020.0
32022D0773,32019D0903,CITES,2022.0,2019.0
32017R2459,32006L0112R(20),BASED_ON,2017.0,2006.0
32021R0732,32019R0834,CITES,2021.0,2019.0
32014R0312R(02),32009R0715,BASED_ON,2014.0,2009.0
32013D0064,32006L0123,CITES,2013.0,2006.0
32019R1243,32005L0065,AMENDS,2019.0,2005.0
32019R1243,32009L0148,AMENDS,2019.0,2009.0
32019R1243,32006R0166,AMENDS,2019.0,2006.0
32019R1243,32008L0068,AMENDS,2019.0,2008.0
32019R1243,32005L0044,AMENDS,2019.0,2005.0
32019R1243,32006R1893R(02),AMENDS,2019.0,2006.0
32019R1243,32005R2111R(06),AMENDS,2019.0,2005.0
32019R1243,32008L0048R(08),AMENDS,2019.0,2008.0
32019R1243,32008D0626,AMENDS,2019.0,2008.0
32019R1243,32009L0043,AMENDS,2019.0,2009.0
32019R1243,32009L0081R(01),AMENDS,2019.0,2009.0
32022R2474R(01),32021R0821R(03),CITES,2022.0,2021.0
32022R2474R(01),32014R0269R(03),CITES,2022.0,2014.0
32022R2474R(01),32015R2447R(13),CITES,2022.0,2015.0
32017R1354,32014L0053R(02),BASED_ON,2017.0,2014.0
32021L1159,32020R0521,CITES,2021.0,2020.0
32016R0101R(01),32010R1093,CITES,2016.0,2010.0
32015D0670,32014D0132,CITES,2015.0,2014.0
32015D0670,32013R0390,CITES,2015.0,2013.0
32015D0670,32013R0391,CITES,2015.0,2013.0
32022R2301,32022R1369,CITES,2022.0,2022.0
32022R2301,32022R1032R(01),CITES,2022.0,2022.0
32015R0534R(01),32013R1024R(02),BASED_ON,2015.0,2013.0
32015R0534R(01),32014R0468,BASED_ON,2015.0,2014.0
32014R1323,32013D0255R(01),BASED_ON,2014.0,2013.0
32025D1107,32017D2315R(02),BASED_ON,2025.0,2017.0
32025D1040,32024R2803,BASED_ON,2025.0,2024.0
32018D1797R(01),32017D2315R(02),BASED_ON,2018.0,2017.0
32020R1070,32014L0061R(03),CITES,2020.0,2014.0
32020R1070,32014L0053R(02),CITES,2020.0,2014.0
32016D1353,32013R0883R(02),CITES,2016.0,2013.0
32016D1353,32007D0436R(01),CITES,2016.0,2007.0
32016D1353,32016D1351,CITES,2016.0,2016.0
32016D1353,32014L0024R(15),CITES,2016.0,2014.0
32016D1353,32012R0966,CITES,2016.0,2012.0
32016D1353,32012R1268,CITES,2016.0,2012.0
32016D1353,32009L0081R(01),CITES,2016.0,2009.0
32016D0687R(01),32014D0641R(01),CITES,2016.0,2014.0
32016D0687R(01),32012D0243,CITES,2016.0,2012.0
32016D0687R(01),32010D0267,CITES,2016.0,2010.0
32015D1814R(02),32010R1031,CITES,2015.0,2010.0
32011H0766,32007L0059,CITES,2011.0,2007.0
32011H0766,32011D0765,CITES,2011.0,2011.0
32013R0152,32006L0048,CITES,2013.0,2006.0
32013R0152,32006L0049,CITES,2013.0,2006.0
32013R0152,32007R1569,CITES,2013.0,2007.0
32013R0152,32010R1093,CITES,2013.0,2010.0
32018D0934,32017D1908R(01),CITES,2018.0,2017.0
32018D0934,32011D0350,CITES,2018.0,2011.0
32018D0934,32008D0146,CITES,2018.0,2008.0
32018D0934,32006R1987,CITES,2018.0,2006.0
32020R1298,32007D0198,CITES,2020.0,2007.0
32020R1298,32018R1046,CITES,2020.0,2018.0
32020R1298,32019D1909R(02),CITES,2020.0,2019.0
32020R1298,32018D0340R(01),CITES,2020.0,2018.0
32020R1298,32018D1797R(01),CITES,2020.0,2018.0
32020R1298,32013R1291,CITES,2020.0,2013.0
32015L0637R(01),32013D1313R(01),CITES,2015.0,2013.0
32015L0637R(01),32010D0427,CITES,2015.0,2010.0
32022D0785,32019D0709,CITES,2022.0,2019.0
32022D0785,32020R1627,CITES,2022.0,2020.0
32022D0785,32019R0123,CITES,2022.0,2019.0
32015D0611,32012D0392,BASED_ON,2015.0,2012.0
32017R0459R(02),32009R0715,BASED_ON,2017.0,2009.0
32005D0709,32004R0794R(04),CITES,2005.0,2004.0
32005D0709,62000TJ0369,CITES,2005.0,2000.0
32020D1537,32019D0797R(01),AMENDS,2020.0,2019.0
32020D2168,32010R0913R(02),BASED_ON,2020.0,2010.0
32016R1952,32009L0072,CITES,2016.0,2009.0
32016R1952,32009L0073,CITES,2016.0,2009.0
32016R1952,32008R1099,CITES,2016.0,2008.0
32016R1952,32009R0223,CITES,2016.0,2009.0
32016R1952,32011R0182R(02),CITES,2016.0,2011.0
32013R0149R(01),32012R1247,CITES,2013.0,2012.0
32013R0149R(01),32010R1095,CITES,2013.0,2010.0
32013R0149R(01),32006L0049,CITES,2013.0,2006.0
32009D0516,32008D0797,CITES,2009.0,2008.0
32022D0471,32021D0509R(01),CITES,2022.0,2021.0
32006R1287R(01),32006R1287R(01),CORRECTS,2006.0,2006.0
32014L0051R(01),32014L0051R(02),CORRECTS,2014.0,2014.0
32006L0046R(01),32006L0046,CORRECTS,2006.0,2006.0
32012R0260R(01),32012R0260R(01),CORRECTS,2012.0,2012.0
32020D1193,32012L0034R(06),CITES,2020.0,2012.0
32020D1193,62014TJ0463,CITES,2020.0,2014.0
32020D1193,32016L2370,CITES,2020.0,2016.0
32019D1282,32013R0462R(01),CITES,2019.0,2013.0
32019D1278,32013R0462R(01),CITES,2019.0,2013.0
32012R0244R(01),32010L0031R(03),BASED_ON,2012.0,2010.0
32013R1042,32006L0112R(20),BASED_ON,2013.0,2006.0
32022R2303,32014L0025R(07),BASED_ON,2022.0,2014.0
32022R2303,32009L0081R(01),BASED_ON,2022.0,2009.0
32022R2303,32014L0023R(05),BASED_ON,2022.0,2014.0
32022R2303,32014L0024R(15),BASED_ON,2022.0,2014.0
32019D1274,32016R1011R(01),BASED_ON,2019.0,2016.0
32024R3192,32024D3187R(01),BASED_ON,2024.0,2024.0
32025R0796,32016R1037R(01),BASED_ON,2025.0,2016.0
32021R1061,32020R1429,BASED_ON,2021.0,2020.0
32022R0027,32012R0236R(01),BASED_ON,2022.0,2012.0
32024D3225,32006D0500,CITES,2024.0,2006.0
32017D2378,32013R0391,BASED_ON,2017.0,2013.0
32019R2014R(02),32017R1369R(01),BASED_ON,2019.0,2017.0
32023D0995,32017D2315R(02),BASED_ON,2023.0,2017.0
32020R2180,32020R1429,BASED_ON,2020.0,2020.0
32009D0001,32008D0477R(01),BASED_ON,2009.0,2008.0
32016R2214,32005R2111R(06),BASED_ON,2016.0,2005.0
32019R0715,32013R0883R(02),CITES,2019.0,2013.0
32019R0715,32017R1939R(02),CITES,2019.0,2017.0
32019R0715,32012R1268,CITES,2019.0,2012.0
32019R0715,32012R0966,CITES,2019.0,2012.0
32019R0715,32018R1725R(02),CITES,2019.0,2018.0
32019R0715,32016R0679R(02),CITES,2019.0,2016.0
32005E0329,32004E0495,CITES,2005.0,2004.0
32021R2228,32018L1972R(04),CITES,2021.0,2018.0
32022D0906,32021D0509R(01),CITES,2022.0,2021.0
32022D0906,32008E0944,CITES,2022.0,2008.0
32021D2231,32019D0392,CITES,2021.0,2019.0
32020D0522,32017D1937,CITES,2020.0,2017.0
32020D0522,32019D0392,CITES,2020.0,2019.0
32023D2858,32006D0500,CITES,2023.0,2006.0
32013R1042,32011R0282R(02),AMENDS,2013.0,2011.0
32021R2003,32008R1099,CITES,2021.0,2008.0
32021R2003,32018R1999R(06),CITES,2021.0,2018.0
32021R2003,32016R0679R(02),CITES,2021.0,2016.0
32021R2003,32009L0028,CITES,2021.0,2009.0
32021D2137,32008E0944,CITES,2021.0,2008.0
32021D2137,32021D0509R(01),CITES,2021.0,2021.0
32014R0463,32012R0966,CITES,2014.0,2012.0
32014R0463,32009L0136,CITES,2014.0,2009.0
32017R1538,32013R1024R(02),BASED_ON,2017.0,2013.0
32017R1538,32014R0468,BASED_ON,2017.0,2014.0
32021R0250,32008R1008R(02),CITES,2021.0,2008.0
32024R1943,62019TJ0865,CITES,2024.0,2019.0
32024R1943,32023R1617,CITES,2024.0,2023.0
32024R1943,62022CJ0725,CITES,2024.0,2022.0
32024R1943,32022R0072,CITES,2024.0,2022.0
32024R1943,32021R2011,CITES,2024.0,2021.0
32023R2675,32011R0182R(02),CITES,2023.0,2011.0
32023R2675,32016R0679R(02),CITES,2023.0,2016.0
32023R2675,32018R1725R(02),CITES,2023.0,2018.0
32021D1886,32013D1313R(01),BASED_ON,2021.0,2013.0
32023D0599,32021D0509R(01),CITES,2023.0,2021.0
32023D0599,32008E0944,CITES,2023.0,2008.0
32022R2463,32020D2053,CITES,2022.0,2020.0
32022R2463,32021R0836,CITES,2022.0,2021.0
32022R2463,32011R0182R(02),CITES,2022.0,2011.0
32022R2463,32021D0509R(01),CITES,2022.0,2021.0
32022R2463,32010D0427,CITES,2022.0,2010.0
32022R2463,32020R2093R(03),CITES,2022.0,2020.0
32022R2463,32022D1968,CITES,2022.0,2022.0
32022R2463,32021R0947R(03),CITES,2022.0,2021.0
32022R2463,32018R1046,CITES,2022.0,2018.0
32023D0921R(01),32008E0944,CITES,2023.0,2008.0
32023D0921R(01),32021D0509R(01),CITES,2023.0,2021.0
32023D0921R(01),32021D2136,CITES,2023.0,2021.0
32023D0921R(01),32022D1093,CITES,2023.0,2022.0
32023R0660,32019R1243,CITES,2023.0,2019.0
32022D1979,32009D0010,CITES,2022.0,2009.0
32022D1979,32010L0075R(11),CITES,2022.0,2010.0
32022D1979,32007L0002,CITES,2022.0,2007.0
32022D1979,32006R0166,CITES,2022.0,2006.0
32022D1979,32009R0401R(01),CITES,2022.0,2009.0
32017L1564R(01),32017R1563R(01),CITES,2017.0,2017.0
32017L1564R(01),32016R0679R(02),CITES,2017.0,2016.0
32014D0017,32013D0233R(03),BASED_ON,2014.0,2013.0
32014D0016,32013D0233R(03),BASED_ON,2014.0,2013.0
32014D0018,32012D0392,BASED_ON,2014.0,2012.0
32022R0694,32009R1071R(03),BASED_ON,2022.0,2009.0
32018R0761R(01),32016L0798R(07),BASED_ON,2018.0,2016.0
32019R1143R(01),32013R0952R(10),BASED_ON,2019.0,2013.0
32023R1315R(04),32015R1588,BASED_ON,2023.0,2015.0
32016R2137R(01),32016D2144,CITES,2016.0,2016.0
32020D0590,32018L1972R(04),CITES,2020.0,2018.0
32023R2873,32014D0145R(05),BASED_ON,2023.0,2014.0
32023R1617,32022R0469,CITES,2023.0,2022.0
32023R1617,32022R0072,CITES,2023.0,2022.0
32023R1617,32016R1037R(01),CITES,2023.0,2016.0
32021D2136,32021D0509R(01),CITES,2021.0,2021.0
32021D2136,32008E0944,CITES,2021.0,2008.0
32014R0275,32013R1316,BASED_ON,2014.0,2013.0
32024R3192,32021R0821R(03),CITES,2024.0,2021.0
32024R3192,32024R1469,CITES,2024.0,2024.0
32024D1708,32021D0689R(02),CITES,2024.0,2021.0
32021D0942,32017L2455R(06),CITES,2021.0,2017.0
32021D0942,32010L0024,CITES,2021.0,2010.0
32021D0942,32010R0904R(04),CITES,2021.0,2010.0
32021D0942,32019L1995,CITES,2021.0,2019.0
32021R1950,32014D0115,CITES,2021.0,2014.0
32021R1950,32014L0025R(07),CITES,2021.0,2014.0
32018D1249,32008E0944,CITES,2018.0,2008.0
32017R0207,32014R0514R(01),BASED_ON,2017.0,2014.0
32013R1159,32010R0911,BASED_ON,2013.0,2010.0
32014R0269R(03),32014D0145R(05),BASED_ON,2014.0,2014.0
32023D0178,32019R0317,BASED_ON,2023.0,2019.0
32015R1501R(01),32014R0910R(09),BASED_ON,2015.0,2014.0
32006L0126R(01),32006L0103R(01),IMPLICITLY_REPEALS,2006.0,2006.0
32014R0139R(11),32008R0216,BASED_ON,2014.0,2008.0
32015R2120,32008L0063,CITES,2015.0,2008.0
32015R2120,32012R1203,CITES,2015.0,2012.0
32015R2120,32011R0182R(02),CITES,2015.0,2011.0
32022R0342,32019L0944R(05),CITES,2022.0,2019.0
32022R0342,32020R0852R(06),CITES,2022.0,2020.0
32022R0342,32018L2001R(10),CITES,2022.0,2018.0
32023R0137R(05),32006R1893R(02),BASED_ON,2023.0,2006.0
32020D1025,32014L0025R(07),BASED_ON,2020.0,2014.0
32016R0545,32012L0034R(06),BASED_ON,2016.0,2012.0
32009D0992,32009R1071R(03),BASED_ON,2009.0,2009.0
32016D0209,32012R1025,BASED_ON,2016.0,2012.0
32012R0826,32012R0236R(01),BASED_ON,2012.0,2012.0
32019D1742,32013R0390,CITES,2019.0,2013.0
32019D1742,32014D0132,CITES,2019.0,2014.0
32021D1094,32018R1046,CITES,2021.0,2018.0
32021D1094,32018R1999R(06),CITES,2021.0,2018.0
32021D1094,32021R0695R(03),CITES,2021.0,2021.0
32022D0644,32010L0065,CITES,2022.0,2010.0
32022D0644,32019R1239,CITES,2022.0,2019.0
32022D0644,32014L0090R(05),CITES,2022.0,2014.0
32010L0043,32007L0016,CITES,2010.0,2007.0
32010L0043,32008R0593R(01),CITES,2010.0,2008.0
32019R0411,32015L2366R(06),BASED_ON,2019.0,2015.0
32021R0548,32016R1036,BASED_ON,2021.0,2016.0
32024D1972,32023D0995,CITES,2024.0,2023.0
32024D1972,32018D1797R(01),CITES,2024.0,2018.0
32024D1972,32018D0909,CITES,2024.0,2018.0
32024D1972,32023H00994,CITES,2024.0,2023.0
32024D1972,32021D2008R(01),CITES,2024.0,2021.0
32012L0010,32009L0043,BASED_ON,2012.0,2009.0
32013R0153R(03),32012R0648R(09),BASED_ON,2013.0,2012.0
32004D0822,32004D0739,BASED_ON,2004.0,2004.0
32004D0822,32004D0732,BASED_ON,2004.0,2004.0
32025D1014,32019L0944R(05),BASED_ON,2025.0,2019.0
32025D1014,32019R0943R(03),BASED_ON,2025.0,2019.0
32011D0665,32008L0057,BASED_ON,2011.0,2008.0
32010D0017R(01),32007L0059,BASED_ON,2010.0,2007.0
32025R0878,32013R0575R(02),BASED_ON,2025.0,2013.0
32020D1479,32009R0715,BASED_ON,2020.0,2009.0
32020D1479,32019R0943R(03),BASED_ON,2020.0,2019.0
32022D2256,32019R0317,BASED_ON,2022.0,2019.0
32017D0552,32013R0390,BASED_ON,2017.0,2013.0
32014D0132,32011D0121,CITES,2014.0,2011.0
32014D0132,32013R0390,CITES,2014.0,2013.0
32014D0132,32010R0691,CITES,2014.0,2010.0
32022D2422,32019R0317,BASED_ON,2022.0,2019.0
32012L0047,32009L0043,BASED_ON,2012.0,2009.0
32019L0514,32009L0043,BASED_ON,2019.0,2009.0
32019D0038,32013R1024R(02),BASED_ON,2019.0,2013.0
32019D1930R(02),32013D1313R(01),BASED_ON,2019.0,2013.0
32022R1302,32016L2341R(02),CITES,2022.0,2016.0
32022R1302,32009L0065R(07),CITES,2022.0,2009.0
32022R1302,32012R0648R(09),CITES,2022.0,2012.0
32022R1302,32014R0909R(06),CITES,2022.0,2014.0
32022R1302,32011L0061R(02),CITES,2022.0,2011.0
32022R1302,32021L0338R(01),CITES,2022.0,2021.0
32022R1302,32010R1095,CITES,2022.0,2010.0
32022R1302,32009L0138R(01),CITES,2022.0,2009.0
32022R1302,32013L0036R(07),CITES,2022.0,2013.0
32009L0138R(01),32005L0068,REPEALS,2009.0,2005.0
32019R1122,32013R0389R(01),REPEALS,2019.0,2013.0
32021D1442,32013R1024R(02),BASED_ON,2021.0,2013.0
32021D1442,32013R0575R(02),BASED_ON,2021.0,2013.0
32022D2425,32019R0317,BASED_ON,2022.0,2019.0
32020R0445,32014R0516,BASED_ON,2020.0,2014.0
32022D2421,32019R0317,BASED_ON,2022.0,2019.0
32014D0415R(01),32013D1313R(01),CITES,2014.0,2013.0
32014D0415R(01),32013R0098,CITES,2014.0,2013.0
32014D0415R(01),32013D1082,CITES,2014.0,2013.0
32014D0415R(01),32008L0114,CITES,2014.0,2008.0
32009D1012,32008E0944,CITES,2009.0,2008.0
32025R0390,32014D0145R(05),BASED_ON,2025.0,2014.0
32023R1214R(06),32023D1217R(02),BASED_ON,2023.0,2023.0
32013D0517,32006E0418,CITES,2013.0,2006.0
32013D0517,32005E0574,CITES,2013.0,2005.0
32013D0517,32004E0495,CITES,2013.0,2004.0
32013D0517,32008E0314,CITES,2013.0,2008.0
32013D0517,32010D0585,CITES,2013.0,2010.0
32019D0134,32014R0909R(06),CITES,2019.0,2014.0
32009D0739,32008D0049,CITES,2009.0,2008.0
32009D0739,32009H0329,CITES,2009.0,2009.0
32015R0378,32014R0514R(01),BASED_ON,2015.0,2014.0
32016D1195,32014L0025R(07),BASED_ON,2016.0,2014.0
32021R2289R(01),32021R2115,BASED_ON,2021.0,2021.0
32021R0453R(04),32013R0575R(02),BASED_ON,2021.0,2013.0
32017R0391R(01),32014R0909R(06),BASED_ON,2017.0,2014.0
32023D2392,32012R1025,BASED_ON,2023.0,2012.0
32017D0258,32014D0132,CITES,2017.0,2014.0
32017D0258,32015D1056,CITES,2017.0,2015.0
32006L0043R(04),32004L0109R(01),CITES,2006.0,2004.0
32019D0785,32007L0046,CITES,2019.0,2007.0
32019D0785,32018R0643,CITES,2019.0,2018.0
32021R1119,32018L2001R(10),CITES,2021.0,2018.0
32021R1119,32010L0031R(03),CITES,2021.0,2010.0
32021R1119,32020R2094R(01),CITES,2021.0,2020.0
32021R1119,32018R0841,CITES,2021.0,2018.0
32021R1119,32020R0852R(06),CITES,2021.0,2020.0
32021R1119,32012L0027R(01),CITES,2021.0,2012.0
32021R1119,32018R0842,CITES,2021.0,2018.0
32017D2390,32013R0391,BASED_ON,2017.0,2013.0
32017R2195,32009R0714,BASED_ON,2017.0,2009.0
32021R2228,32012R0531,BASED_ON,2021.0,2012.0
32011D0636,32008R0767R(04),BASED_ON,2011.0,2008.0
32018D0500,32017D1937,BASED_ON,2018.0,2017.0
32018D0500,32010R0913R(02),BASED_ON,2018.0,2010.0
32018D0300,32010R0913R(02),BASED_ON,2018.0,2010.0
32022D0767,32019R0317,BASED_ON,2022.0,2019.0
32013D0019,32006R1927,BASED_ON,2013.0,2006.0
32020D1193,32014L0025R(07),BASED_ON,2020.0,2014.0
32019D1282,32009R1060R(01),BASED_ON,2019.0,2009.0
32019D1278,32009R1060R(01),BASED_ON,2019.0,2009.0
32019R1148R(02),32019R1148,CORRECTS,2019.0,2019.0
32014L0051R(06),32014L0051R(05),CORRECTS,2014.0,2014.0
32014L0051R(06),32014L0051R(02),CORRECTS,2014.0,2014.0
32018L0843R(01),32018L0843R(01),CORRECTS,2018.0,2018.0
32019R2175R(02),32019R2175R(01),CORRECTS,2019.0,2019.0
32021R1122,32016R1011R(01),BASED_ON,2021.0,2016.0
32007R1400,32005R2111R(06),BASED_ON,2007.0,2005.0
32023R1616,32012R0648R(09),CITES,2023.0,2012.0
32023R1616,32006L0043R(04),CITES,2023.0,2006.0
32023R1616,32013L0036R(07),CITES,2023.0,2013.0
32023R1616,32010R1095,CITES,2023.0,2010.0
32022D2244,32018D0909,CITES,2022.0,2018.0
32022D2244,32018D0340R(01),CITES,2022.0,2018.0
32023D0162,32013D0488R(01),CITES,2023.0,2013.0
32023D0162,32009D0937R(01),CITES,2023.0,2009.0
32014R0654R(01),32011R0182R(02),CITES,2014.0,2011.0
32016R1821,32013R0952R(10),CITES,2016.0,2013.0
32016R1821,32016D0971,CITES,2016.0,2016.0
32018D2021,32018D1782,CITES,2018.0,2018.0
32019R0630,32014L0017R(04),CITES,2019.0,2014.0
32019R0630,32013L0036R(07),CITES,2019.0,2013.0
32019R0630,32014R0680,CITES,2019.0,2014.0
32019R0630,32011L0007R(01),CITES,2019.0,2011.0
32019R0630,32010R1093,CITES,2019.0,2010.0
32019R0630,32008L0048R(08),CITES,2019.0,2008.0
32014H0881,32008L0057,BASED_ON,2014.0,2008.0
32014D0645,32012D0389,BASED_ON,2014.0,2012.0
32020R0021,32010R0904R(04),BASED_ON,2020.0,2010.0
32023D0179,32019R0317,BASED_ON,2023.0,2019.0
32023D0177,32019R0317,BASED_ON,2023.0,2019.0
32020R0158,32014R0165R(01),BASED_ON,2020.0,2014.0
32023D0176,32019R0317,BASED_ON,2023.0,2019.0
32022R1380,32018R1240R(05),BASED_ON,2022.0,2018.0
32015D1504,32008R1099,BASED_ON,2015.0,2008.0
32013D0488R(01),32009D0937R(01),BASED_ON,2013.0,2009.0
32017R2367,32014D0115,CITES,2017.0,2014.0
32017R2367,32014L0025R(07),CITES,2017.0,2014.0
32016R0958,32012R0236R(01),CITES,2016.0,2012.0
32016R0958,32012R0918,CITES,2016.0,2012.0
32016R0958,32013L0034R(07),CITES,2016.0,2013.0
32016R0958,32014L0065R(01),CITES,2016.0,2014.0
32016R0958,32010R1095,CITES,2016.0,2010.0
32014D0188,32012R1025,BASED_ON,2014.0,2012.0
32010L0080,32009L0043,BASED_ON,2010.0,2009.0
32025D0876,32024R2803,BASED_ON,2025.0,2024.0
32025D0876,32019R0317,BASED_ON,2025.0,2019.0
32023R2884,32009L0081R(01),BASED_ON,2023.0,2009.0
32023R2884,32014L0024R(15),BASED_ON,2023.0,2014.0
32023R2884,32014L0025R(07),BASED_ON,2023.0,2014.0
32023R2884,32014L0023R(05),BASED_ON,2023.0,2014.0
32025D1056,32019R0317,BASED_ON,2025.0,2019.0
32025D1056,32024R2803,BASED_ON,2025.0,2024.0
32025D1058,32024R2803,BASED_ON,2025.0,2024.0
32025D1058,32019R0317,BASED_ON,2025.0,2019.0
32025D1054,32019R0317,BASED_ON,2025.0,2019.0
32025D1054,32024R2803,BASED_ON,2025.0,2024.0
32025D1057,32024R2803,BASED_ON,2025.0,2024.0
32025D1057,32019R0317,BASED_ON,2025.0,2019.0
32023R0444R(01),32018L1972R(04),BASED_ON,2023.0,2018.0
32021D1729,32021D0689R(02),BASED_ON,2021.0,2021.0
32009D0812,32006D0771,BASED_ON,2009.0,2006.0
32017R2196,32009R0714,BASED_ON,2017.0,2009.0
32013L0035R(03),32008R1137R(02),AMENDS,2013.0,2008.0
32009R0596,32005R2111R(06),AMENDS,2009.0,2005.0
32009R0596,32006R0166,AMENDS,2009.0,2006.0
32015R1861R(04),32012R0267R(07),AMENDS,2015.0,2012.0
32012L0027R(01),32009L0125R(02),AMENDS,2012.0,2009.0
32012L0027R(01),32008R1137R(02),AMENDS,2012.0,2008.0
32011D0765,32007L0059,BASED_ON,2011.0,2007.0
32021R1328R(01),32021R1153R(01),BASED_ON,2021.0,2021.0
32017D0259,32014D0132,CITES,2017.0,2014.0
32017D0259,32015D0347,CITES,2017.0,2015.0
32022R1645R(01),32008R0300R(04),CITES,2022.0,2008.0
32022R1645R(01),32015R1998,CITES,2022.0,2015.0
32022R1645R(01),32016L1148,CITES,2022.0,2016.0
32018D0997,32017D1253,CITES,2018.0,2017.0
32018D0997,32016D1172,CITES,2018.0,2016.0
32017D2376,32013R0390,BASED_ON,2017.0,2013.0
32012D0512,32008R0767R(04),BASED_ON,2012.0,2008.0
32023R1577,32013R0575R(02),BASED_ON,2023.0,2013.0
32023R1695R(03),32016L0797R(10),BASED_ON,2023.0,2016.0
32019R2146R(01),32008R1099,BASED_ON,2019.0,2008.0
32019R1143R(01),32015R2446R(12),AMENDS,2019.0,2015.0
32023R1315R(04),32014R0651R(05),AMENDS,2023.0,2014.0
32018D1942,32012D0389,AMENDS,2018.0,2012.0
32008R1137R(02),32005R1161,AMENDS,2008.0,2005.0
32008R1137R(02),32006L0032,AMENDS,2008.0,2006.0
32008R1137R(02),32005L0036R(07),AMENDS,2008.0,2005.0
32008R1137R(02),32005R0184,AMENDS,2008.0,2005.0
32021R0731,32012R0648R(09),BASED_ON,2021.0,2012.0
32022R1994,32013R0575R(02),BASED_ON,2022.0,2013.0
32015R2322,32005R2111R(06),BASED_ON,2015.0,2005.0
32016R2286R(03),32012R0531,BASED_ON,2016.0,2012.0
32022D0258,32019R0943R(03),BASED_ON,2022.0,2019.0
32022D0258,32019L0944R(05),BASED_ON,2022.0,2019.0
32019R0320,32015R0758,CITES,2019.0,2015.0
32019R0320,32012R1025,CITES,2019.0,2012.0
32019R0320,32013R1285,CITES,2019.0,2013.0
32021R1350,32016R1011R(01),BASED_ON,2021.0,2016.0
32018R1795,32012L0034R(06),BASED_ON,2018.0,2012.0
32023R1215,32014D0145R(05),BASED_ON,2023.0,2014.0
32022R0930,32014R0600R(09),BASED_ON,2022.0,2014.0
32015R1977,32014R0514R(01),BASED_ON,2015.0,2014.0
32014R0368,32012R0965R(04),CITES,2014.0,2012.0
32014R0368,32011R0390,CITES,2014.0,2011.0
32014R0368,32006R0473,CITES,2014.0,2006.0
32014R0368,32013R1264,CITES,2014.0,2013.0
32014R0368,32012R1146,CITES,2014.0,2012.0
32014R1348R(01),32014R0600R(09),CITES,2014.0,2014.0
32014R1348R(01),32013L0034R(07),CITES,2014.0,2013.0
32014R1348R(01),32009R0715,CITES,2014.0,2009.0
32014R1348R(01),32014L0065R(01),CITES,2014.0,2014.0
32014R1348R(01),32013R0543R(02),CITES,2014.0,2013.0
32014R1348R(01),32009L0073,CITES,2014.0,2009.0
32014R1348R(01),32009R0713,CITES,2014.0,2009.0
32014R1348R(01),32012R0648R(09),CITES,2014.0,2012.0
32014R1348R(01),32009L0072,CITES,2014.0,2009.0
32004D0821,32004E0570,BASED_ON,2004.0,2004.0
32024R2514,32022R2399,BASED_ON,2024.0,2022.0
32024R1084,32010L0040,BASED_ON,2024.0,2010.0
32025L0001,32014R0596R(07),CITES,2025.0,2014.0
32025L0001,32016L0097,CITES,2025.0,2016.0
32025L0001,32015R0035R(09),CITES,2025.0,2015.0
32025L0001,32016L2341R(02),CITES,2025.0,2016.0
32025L0001,32013L0036R(07),CITES,2025.0,2013.0
32025L0001,32010R1093,CITES,2025.0,2010.0
32025L0001,32013R0575R(02),CITES,2025.0,2013.0
32025L0001,32008L0048R(08),CITES,2025.0,2008.0
32025L0001,32009L0138R(01),CITES,2025.0,2009.0
32025L0001,32021R0023,CITES,2025.0,2021.0
32025L0001,32008R0593R(01),CITES,2025.0,2008.0
32025L0001,32014L0065R(01),CITES,2025.0,2014.0
32025L0001,32010R1095,CITES,2025.0,2010.0
32025L0001,32004L0109R(01),CITES,2025.0,2004.0
32025D1055,32019R0317,BASED_ON,2025.0,2019.0
32025D1055,32024R2803,BASED_ON,2025.0,2024.0
32019R0296,32012R0531,BASED_ON,2019.0,2012.0
32024R1408R(01),32018L2001R(10),BASED_ON,2024.0,2018.0
32013R0305,32011H0750,CITES,2013.0,2011.0
32015R0479R(01),32011R0182R(02),CITES,2015.0,2011.0
32016R0963,32012R0965R(04),CITES,2016.0,2012.0
32016R0963,32014R0452R(01),CITES,2016.0,2014.0
32016R0963,32011R0390,CITES,2016.0,2011.0
32016R0963,32006R0473,CITES,2016.0,2006.0
32013D0442,32009R0715,BASED_ON,2013.0,2009.0
32013D0442,32009R0714,BASED_ON,2013.0,2009.0
32012D0394,32010L0013R(03),BASED_ON,2012.0,2010.0
32007L0036R(01),32007L0036R(01),CORRECTS,2007.0,2007.0
32017R1938R(01),32017R1938R(01),CORRECTS,2017.0,2017.0
32017R1128R(02),32017R1128R(02),CORRECTS,2017.0,2017.0
32021D0826,32009L0132,BASED_ON,2021.0,2009.0
32016D1373,32013R0390,BASED_ON,2016.0,2013.0
32016D0418,32013R0391,BASED_ON,2016.0,2013.0
32024D0656,32004E0495,CITES,2024.0,2004.0
32024D0656,32005E0574,CITES,2024.0,2005.0
32024D0656,32008E0314,CITES,2024.0,2008.0
32024D0656,32006E0418,CITES,2024.0,2006.0
32024D0656,32013D0517,CITES,2024.0,2013.0
32024D0656,32010D0585,CITES,2024.0,2010.0
32012D0274,32008R0767R(04),BASED_ON,2012.0,2008.0
32011D0092,32009L0031R(02),BASED_ON,2011.0,2009.0
32025D0676,32009L0132,BASED_ON,2025.0,2009.0
32019D2174,32019R0317,BASED_ON,2019.0,2019.0
32023R1650,32015L2366R(06),BASED_ON,2023.0,2015.0
32023R2830R(01),32023R2830R(01),CORRECTS,2023.0,2023.0
32024R1962,32021R2115,BASED_ON,2024.0,2021.0
32024D0350,32019R0317,BASED_ON,2024.0,2019.0
32024R1041,32022R0869,BASED_ON,2024.0,2022.0
32009L0147R(01),32009L0147R(01),CORRECTS,2009.0,2009.0
32015R0757R(01),32015R0757R(01),CORRECTS,2015.0,2015.0
32024D3157R(01),32024D3157R(01),CORRECTS,2024.0,2024.0
32019R0410,32015L2366R(06),BASED_ON,2019.0,2015.0
32023D1601,32021R0821R(03),CITES,2023.0,2021.0
32023D1601,32012R0258R(04),CITES,2023.0,2012.0
32023D1601,32022D0356R(01),CITES,2023.0,2022.0
32025R0392,32025D0391,BASED_ON,2025.0,2025.0
32019R2026R(02),32006L0112R(20),BASED_ON,2019.0,2006.0
32024R1865R(02),32024D1864,BASED_ON,2024.0,2024.0
32012R1146,32005R2111R(06),BASED_ON,2012.0,2005.0
32024D3116R(01),32024D3116R(01),CORRECTS,2024.0,2024.0
32013D0015,32006R1927,BASED_ON,2013.0,2006.0
32019D1277,32009R1060R(01),BASED_ON,2019.0,2009.0
32011D0344,32010R0407,BASED_ON,2011.0,2010.0
32024R1745,32024D1744R(04),BASED_ON,2024.0,2024.0
32019R1689,32014R0909R(06),BASED_ON,2019.0,2014.0
32021D0553,32009R0223,CITES,2021.0,2009.0
32021D0553,32019R2146R(01),CITES,2021.0,2019.0
32018R0414,32014L0090R(05),BASED_ON,2018.0,2014.0
32017D1474R(02),32016L0797R(10),BASED_ON,2017.0,2016.0
32018D0491,32010R0913R(02),BASED_ON,2018.0,2010.0
32020D0452R(03),32020D0452R(03),CORRECTS,2020.0,2020.0
32009R0810R(06),32009R0810R(06),CORRECTS,2009.0,2009.0
32025R0020R(01),32018R1139R(04),BASED_ON,2025.0,2018.0
32024R3143,32019R0881R(05),BASED_ON,2024.0,2019.0
32022R0132R(02),32008R1099,BASED_ON,2022.0,2008.0
32017R1111,32014L0065R(01),BASED_ON,2017.0,2014.0
32022D0173R(01),32018L1972R(04),BASED_ON,2022.0,2018.0
32019R0947R(07),32018R1139R(04),BASED_ON,2019.0,2018.0
32015R0010,32012L0034R(06),BASED_ON,2015.0,2012.0
32022R2073,32011R0101R(02),BASED_ON,2022.0,2011.0
32018D1782,32013R0390,BASED_ON,2018.0,2013.0
32023D0829,32009L0132,BASED_ON,2023.0,2009.0
32017R1938R(01),32010R0994,REPEALS,2017.0,2010.0
32018D1723,32013R1315,BASED_ON,2018.0,2013.0
32022D0765,32020R1627,CITES,2022.0,2020.0
32022D0765,32017R0373R(05),CITES,2022.0,2017.0
32022D0765,32021D0891,CITES,2022.0,2021.0
32022D0765,32019D0903,CITES,2022.0,2019.0
32022D0766,32020R1627,CITES,2022.0,2020.0
32022D0766,32017R0373R(05),CITES,2022.0,2017.0
32022D0766,32021D0891,CITES,2022.0,2021.0
32022D0766,32019D0903,CITES,2022.0,2019.0
32022R0699,32021R0821R(03),BASED_ON,2022.0,2021.0
32025R0061,32016R1037R(01),BASED_ON,2025.0,2016.0
32013D0493,32008R0767R(04),BASED_ON,2013.0,2008.0
32024R2690R(02),32022L2555R(06),BASED_ON,2024.0,2022.0
32024R3144R(01),32019R0881R(05),BASED_ON,2024.0,2019.0
32018R1229R(01),32014R0909R(06),BASED_ON,2018.0,2014.0
32013D0788,32006R1927,BASED_ON,2013.0,2006.0
32024R1109,32018R1139R(04),BASED_ON,2024.0,2018.0
32025D1060,32024R2803,BASED_ON,2025.0,2024.0
32025D1060,32019R0317,BASED_ON,2025.0,2019.0
32025D1062,32024R2803,BASED_ON,2025.0,2024.0
32025D1062,32019R0317,BASED_ON,2025.0,2019.0
32025D1064,32024R2803,BASED_ON,2025.0,2024.0
32025D1064,32019R0317,BASED_ON,2025.0,2019.0
32025D1063,32019R0317,BASED_ON,2025.0,2019.0
32025D1063,32024R2803,BASED_ON,2025.0,2024.0
32021R0654,32018L1972R(04),BASED_ON,2021.0,2018.0
32020R1228,32017R2402R(01),BASED_ON,2020.0,2017.0
32012R0555,32005R0184,BASED_ON,2012.0,2005.0
32021D2293,32021D0689R(02),BASED_ON,2021.0,2021.0
32017R2010,32008R1099,BASED_ON,2017.0,2008.0
32018R0871,32005R2111R(06),BASED_ON,2018.0,2005.0
32015R0462,32009L0138R(01),BASED_ON,2015.0,2009.0
32020D0452R(03),32013D1313R(01),BASED_ON,2020.0,2013.0
32016R0631R(04),32009R0714,BASED_ON,2016.0,2009.0
32017D1406,32013R1285,BASED_ON,2017.0,2013.0
32021R0637,32013R0575R(02),BASED_ON,2021.0,2013.0
32018R0302R(03),32018R0302R(03),CORRECTS,2018.0,2018.0
32014L0089R(01),32014L0089R(01),CORRECTS,2014.0,2014.0
32017R1084R(04),32017R1084R(01),CORRECTS,2017.0,2017.0
32014L0040R(05),32014L0040R(05),CORRECTS,2014.0,2014.0
32010L0040R(01),32010L0040,CORRECTS,2010.0,2010.0
32017R0207R(01),32017R0207,CORRECTS,2017.0,2017.0
32025R0022,32018R1139R(04),BASED_ON,2025.0,2018.0
32025R0420,32022R2554R(01),BASED_ON,2025.0,2022.0
32025D1039,32024R2803,BASED_ON,2025.0,2024.0
32025D1053,32019R0317,BASED_ON,2025.0,2019.0
32025D1053,32024R2803,BASED_ON,2025.0,2024.0
32023R2070,32015L0849R(03),BASED_ON,2023.0,2015.0
32022D2071,32021R0378,BASED_ON,2022.0,2021.0
32022D2071,32021R0379,BASED_ON,2022.0,2021.0
32021R1218,32010R0904R(04),BASED_ON,2021.0,2010.0
32021R0391,32014R0208R(03),BASED_ON,2021.0,2014.0
32012R0650R(04),32012R0650R(04),CORRECTS,2012.0,2012.0
32019D0570R(01),32019D0570R(01),CORRECTS,2019.0,2019.0
32009L0081R(02),32009L0081R(01),CORRECTS,2009.0,2009.0
32022R0576R(05),32022D0578R(01),BASED_ON,2022.0,2022.0
32021D1838,32016D1351,CITES,2021.0,2016.0
32019R0758,32010R1094R(02),CITES,2019.0,2010.0
32019R0758,32010R1095,CITES,2019.0,2010.0
32019R0758,32010R1093,CITES,2019.0,2010.0
32013R1336,32009L0081R(01),BASED_ON,2013.0,2009.0
32014R0463,32014R0223,BASED_ON,2014.0,2014.0
32020D1746R(01),32019D1909R(02),CITES,2020.0,2019.0
32020D1746R(01),32018D0909,CITES,2020.0,2018.0
32020D1746R(01),32018D1797R(01),CITES,2020.0,2018.0
32015R1970,32013R1303R(04),BASED_ON,2015.0,2013.0
32025R0303,32023R1114R(05),BASED_ON,2025.0,2023.0
32012R0612,32009R1072R(03),BASED_ON,2012.0,2009.0
32023R0427R(05),32023D0434,BASED_ON,2023.0,2023.0
32022R0996R(01),32009L0031R(02),CITES,2022.0,2009.0
32022R0996R(01),32019L1937R(01),CITES,2022.0,2019.0
32022R2360,32018R1725R(02),CITES,2022.0,2018.0
32022R2360,32010R1093,CITES,2022.0,2010.0
32014R0802,32014R0514R(01),BASED_ON,2014.0,2014.0
32017R1539,32014R0468,BASED_ON,2017.0,2014.0
32017R1539,32013R1024R(02),BASED_ON,2017.0,2013.0
32017R1539,32017R1538,BASED_ON,2017.0,2017.0
32022R1269R(05),32022D1271,BASED_ON,2022.0,2022.0
32023D00611,32015L0849R(03),BASED_ON,2023.0,2015.0
32016L0943R(01),32014L0025R(07),CITES,2016.0,2014.0
32016L0943R(01),32014L0024R(15),CITES,2016.0,2014.0
32016L0943R(01),32014L0023R(05),CITES,2016.0,2014.0
32024R0404R(01),32014R0139R(11),CITES,2024.0,2014.0
32024R1703,32017R2402R(01),BASED_ON,2024.0,2017.0
32024R1706,32009R1060R(01),BASED_ON,2024.0,2009.0
32025R0298,32023R1114R(05),BASED_ON,2025.0,2023.0
32023R2533,32009L0125R(02),BASED_ON,2023.0,2009.0
32013R0231R(04),32011L0061R(02),BASED_ON,2013.0,2011.0
32019D0235,32018L1972R(04),BASED_ON,2019.0,2018.0
32017R0565R(06),32014L0065R(01),BASED_ON,2017.0,2014.0
32020D1023,32011L0024R(04),BASED_ON,2020.0,2011.0
32014L0082,32007L0059,BASED_ON,2014.0,2007.0
32014R0241R(02),32013R0575R(02),BASED_ON,2014.0,2013.0
32020D1131,32019D2110R(01),BASED_ON,2020.0,2019.0
32016R1375,32012R0267R(07),BASED_ON,2016.0,2012.0
32012R1011R(02),32009R0025,BASED_ON,2012.0,2009.0
32012R1011R(02),32006L0048,BASED_ON,2012.0,2006.0
32019D1281,32009R1060R(01),BASED_ON,2019.0,2009.0
32021D0748,32020D1639,BASED_ON,2021.0,2020.0
32021D0748,32017D2315R(02),BASED_ON,2021.0,2017.0
32024Q02022,32018R1727R(07),CITES,2024.0,2018.0
32024Q02022,32017R1939R(02),CITES,2024.0,2017.0
32024Q02022,32016R0794R(05),CITES,2024.0,2016.0
32023D2109,32015D0444,CITES,2023.0,2015.0
32023D2109,32015D0443,CITES,2023.0,2015.0
32023D2109,32018R1139R(04),CITES,2023.0,2018.0
32023D2109,32018R1725R(02),CITES,2023.0,2018.0
32024D04431,32018R1725R(02),CITES,2024.0,2018.0
32020R0736,32005R2111R(06),BASED_ON,2020.0,2005.0
32020R1992,32005R2111R(06),BASED_ON,2020.0,2005.0
32018D0496,32009R0714,BASED_ON,2018.0,2009.0
32018D0496,32009R0715,BASED_ON,2018.0,2009.0
32019D1284,32009R1060R(01),BASED_ON,2019.0,2009.0
32018D1993R(01),32014D0415R(01),BASED_ON,2018.0,2014.0
32020R0857,32019R0517,BASED_ON,2020.0,2019.0
32016R1649,32013R1316,BASED_ON,2016.0,2013.0
32011L0076R(01),32011L0076,CORRECTS,2011.0,2011.0
32021R0696R(01),32021R0696R(01),CORRECTS,2021.0,2021.0
32024D0343,32019R0317,BASED_ON,2024.0,2019.0
32018R1467,32015L0849R(03),BASED_ON,2018.0,2015.0
32021D0749,32017D2315R(02),BASED_ON,2021.0,2017.0
32021D0749,32020D1639,BASED_ON,2021.0,2020.0
32021D0750,32017D2315R(02),BASED_ON,2021.0,2017.0
32021D0750,32020D1639,BASED_ON,2021.0,2020.0
32016R1719R(01),32009R0714,BASED_ON,2016.0,2009.0
32015D1111,32010R0913R(02),BASED_ON,2015.0,2010.0
32015R0171,32012L0034R(06),BASED_ON,2015.0,2012.0
32023R0203R(01),32023R0203,CORRECTS,2023.0,2023.0
32021R1153R(01),32021R1153R(01),CORRECTS,2021.0,2021.0
32016R1185R(03),32008R0216,BASED_ON,2016.0,2008.0
32021D0879,32010R1094R(02),BASED_ON,2021.0,2010.0
32017R0389,32014R0909R(06),BASED_ON,2017.0,2014.0
32024R1107,32018R1139R(04),BASED_ON,2024.0,2018.0
32019D1291,32013R0391,BASED_ON,2019.0,2013.0
32019R1830,32009L0081R(01),BASED_ON,2019.0,2009.0
32007D0888,32006E0304,BASED_ON,2007.0,2006.0
32016R1675,32015L0849R(03),BASED_ON,2016.0,2015.0
32022D2574,32021D0689R(02),BASED_ON,2022.0,2021.0
32024R3104,32005R0184,BASED_ON,2024.0,2005.0
32025R0114,32016R1037R(01),BASED_ON,2025.0,2016.0
32024R0911R(01),32009L0065R(07),BASED_ON,2024.0,2009.0
32024R2916,32021R1232,BASED_ON,2024.0,2021.0
32025D1051,32024R2803,BASED_ON,2025.0,2024.0
32025D1051,32019R0317,BASED_ON,2025.0,2019.0
32025D1059,32019R0317,BASED_ON,2025.0,2019.0
32025D1059,32024R2803,BASED_ON,2025.0,2024.0
32025D1052,32019R0317,BASED_ON,2025.0,2019.0
32025D1052,32024R2803,BASED_ON,2025.0,2024.0
32025D1050,32019R0317,BASED_ON,2025.0,2019.0
32025D1050,32024R2803,BASED_ON,2025.0,2024.0
32025D1049,32019R0317,BASED_ON,2025.0,2019.0
32025D1049,32024R2803,BASED_ON,2025.0,2024.0
32025R0212,32015L2366R(06),BASED_ON,2025.0,2015.0
32017R1926R(01),32010L0040,BASED_ON,2017.0,2010.0
32018R1291,32014R0514R(01),BASED_ON,2018.0,2014.0
32019D1742,32013R0391,BASED_ON,2019.0,2013.0
32010L0043,32009L0065R(07),BASED_ON,2010.0,2009.0
32018R0728,32013R0575R(02),BASED_ON,2018.0,2013.0
32024R1485,32016R0679R(02),CITES,2024.0,2016.0
32024R1485,32015L0849R(03),CITES,2024.0,2015.0
32024R1485,32014R0833,CITES,2024.0,2014.0
32024R1485,32013R0952R(10),CITES,2024.0,2013.0
32024R1485,32013R0575R(02),CITES,2024.0,2013.0
32024R1485,32014L0065R(01),CITES,2024.0,2014.0
32024R1485,32018R1725R(02),CITES,2024.0,2018.0
32024R1485,32021R0821R(03),CITES,2024.0,2021.0
32023D2582,32020R1056R(01),CITES,2023.0,2020.0
32023D2582,32012L0034R(06),CITES,2023.0,2012.0
32023D2582,32014R0910R(09),CITES,2023.0,2014.0
32023D2582,32019L1024,CITES,2023.0,2019.0
32024R0287,32018R1725R(02),CITES,2024.0,2018.0
32024R0287,32015L0849R(03),CITES,2024.0,2015.0
32024R0287,32013R0575R(02),CITES,2024.0,2013.0
32024R0287,32014L0065R(01),CITES,2024.0,2014.0
32024R0287,32013R0952R(10),CITES,2024.0,2013.0
32024R0287,32016R0679R(02),CITES,2024.0,2016.0
32017L2455R(03),32017L2455R(06),CORRECTS,2017.0,2017.0
32020R0204R(01),32020R0204R(01),CORRECTS,2020.0,2020.0
32014R0514R(04),32014R0514R(01),CORRECTS,2014.0,2014.0
32007R1569,32004L0109R(01),BASED_ON,2007.0,2004.0
32018R1866,32005R2111R(06),BASED_ON,2018.0,2005.0
32014D0451,32013D0233R(03),CITES,2014.0,2013.0
32017R0394,32014R0909R(06),BASED_ON,2017.0,2014.0
32022R1012,32006R0561R(10),BASED_ON,2022.0,2006.0
32013R0389R(01),32009D0406R(01),BASED_ON,2013.0,2009.0
32017R0587R(02),32014R0600R(09),BASED_ON,2017.0,2014.0
32018R0959,32013R0575R(02),BASED_ON,2018.0,2013.0
32012D0462,32008L0057,BASED_ON,2012.0,2008.0
32014R1301R(05),32008L0057,BASED_ON,2014.0,2008.0
32022R0375,32014R0208R(03),BASED_ON,2022.0,2014.0
32023D1053,32023R0588,BASED_ON,2023.0,2023.0
32022D1842,32006D0500,BASED_ON,2022.0,2006.0
32017R0867,32014L0059R(14),BASED_ON,2017.0,2014.0
32015R0840,32014R0514R(01),BASED_ON,2015.0,2014.0
32015R1974,32013R1303R(04),BASED_ON,2015.0,2013.0
32023R1647,32016R1037R(01),BASED_ON,2023.0,2016.0
32023R1626,32014R0909R(06),BASED_ON,2023.0,2014.0
32015R0983R(01),32012R1024R(01),CITES,2015.0,2012.0
32021R0280,32019R0942R(01),CITES,2021.0,2019.0
32021R0280,62017TJ0332,CITES,2021.0,2017.0
32022R0469,32021R2011,CITES,2022.0,2021.0
32022R0469,32016R1036,CITES,2022.0,2016.0
32022D0667,32021D0509R(01),CITES,2022.0,2021.0
32022D0667,32021D1210R(01),CITES,2022.0,2021.0
32015D0750,32012D0243,CITES,2015.0,2012.0
32023D0274,32015R1222R(03),CITES,2023.0,2015.0
32023D0274,32021D0689R(02),CITES,2023.0,2021.0
32023R0426,32016R0679R(02),CITES,2023.0,2016.0
32023R0426,32018R1725R(02),CITES,2023.0,2018.0
32023R0426,32014R0909R(06),CITES,2023.0,2014.0
32015D0163,32010L0013R(03),BASED_ON,2015.0,2010.0
32022D0465,32013D1313R(01),BASED_ON,2022.0,2013.0
32013O0025,32011O0023,BASED_ON,2013.0,2011.0
32019R1693,32016R1036,BASED_ON,2019.0,2016.0
32020R1318,32010R0904R(04),BASED_ON,2020.0,2010.0
32014H0881,32014R1299R(05),CITES,2014.0,2014.0
32014H0881,32014R1301R(05),CITES,2014.0,2014.0
32020D1748,32020D1127,CITES,2020.0,2020.0
32015R0757R(01),32009D0406R(01),CITES,2015.0,2009.0
32015R0757R(01),32008R0765R(03),CITES,2015.0,2008.0
32015R0757R(01),32011R0182R(02),CITES,2015.0,2011.0
32015R0757R(01),32013R0525,CITES,2015.0,2013.0
32022O0067,32021O0835,CITES,2022.0,2021.0
32022O0067,32014O0015,CITES,2022.0,2014.0
32022O0067,32013R1072,CITES,2022.0,2013.0
32014R1042,32014R0802,CITES,2014.0,2014.0
32014R1042,32012R0966,CITES,2014.0,2012.0
32012D0662,32008E0944,CITES,2012.0,2008.0
32013L0036R(07),32009L0111,IMPLICITLY_REPEALS,2013.0,2009.0
32013L0036R(07),32010L0078,IMPLICITLY_REPEALS,2013.0,2010.0
32013L0036R(07),32007L0064,IMPLICITLY_REPEALS,2013.0,2007.0
32013L0036R(07),32009L0110R(03),IMPLICITLY_REPEALS,2013.0,2009.0
32018R1999R(06),32014R0662,IMPLICITLY_REPEALS,2018.0,2014.0
32021R1348,32016R1011R(01),BASED_ON,2021.0,2016.0
32021D1731,32018R1046,BASED_ON,2021.0,2018.0
32024R2000,32014L0053R(02),CITES,2024.0,2014.0
32023R1578,32013R0575R(02),BASED_ON,2023.0,2013.0
32021R1351,32016R1011R(01),BASED_ON,2021.0,2016.0
32014R0184,32013R1303R(04),BASED_ON,2014.0,2013.0
32006R1896R(08),32006R1896R(08),CORRECTS,2006.0,2006.0
32024R1789R(03),32024R1789R(03),CORRECTS,2024.0,2024.0
32010R1089R(02),32007L0002,BASED_ON,2010.0,2007.0
32017R0392,32014R0909R(06),BASED_ON,2017.0,2014.0
32021R2126,32019R0452R(01),BASED_ON,2021.0,2019.0
32013D0042,32012D0389,BASED_ON,2013.0,2012.0
32023D1228,32014L0025R(07),BASED_ON,2023.0,2014.0
32024D0876,32023R1525,CITES,2024.0,2023.0
32009D0739,32006L0123,BASED_ON,2009.0,2006.0
32023D2539,32008E0944,CITES,2023.0,2008.0
32023D2539,32009D1012,CITES,2023.0,2009.0
32023D2539,32015D2309,CITES,2023.0,2015.0
32023D2539,32012D0711,CITES,2023.0,2012.0
32023D2539,32019D1560,CITES,2023.0,2019.0
32022R0334R(02),32022D0335,BASED_ON,2022.0,2022.0
32024D0343,32021D0891,CITES,2024.0,2021.0
32024D0343,32023D1336,CITES,2024.0,2023.0
32023D0376,32019R0943R(03),BASED_ON,2023.0,2019.0
32023D0376,32019L0944R(05),BASED_ON,2023.0,2019.0
32023D0376,32019R0942R(01),BASED_ON,2023.0,2019.0
32023D0376,32019R0941,BASED_ON,2023.0,2019.0
32017D0259,32013R0390,BASED_ON,2017.0,2013.0
32020R2254R(01),32013R0952R(10),BASED_ON,2020.0,2013.0
32024R2473,32024R0573R(02),BASED_ON,2024.0,2024.0
32024R3137,32005R2111R(06),BASED_ON,2024.0,2005.0
32024R2977R(01),32014R0910R(09),BASED_ON,2024.0,2014.0
32014D0641R(01),32014D0641R(01),CORRECTS,2014.0,2014.0
32019D0392,32017D1937,CITES,2019.0,2017.0
32019D0232,32017D1937,CITES,2019.0,2017.0
32016R2137R(01),32013D0255R(01),BASED_ON,2016.0,2013.0
32022D2255,32019R0317,BASED_ON,2022.0,2019.0
32019R0715,32018R1046,BASED_ON,2019.0,2018.0
32021D1956,32013D1313R(01),BASED_ON,2021.0,2013.0
32022D0335,32019D0709,CITES,2022.0,2019.0
32016D0599,32013R0390,BASED_ON,2016.0,2013.0
32017D0089,32009R0714,BASED_ON,2017.0,2009.0
32017D0089,32009R0715,BASED_ON,2017.0,2009.0
32021D1878,32020R1083,BASED_ON,2021.0,2020.0
32021D1878,32019R0517,BASED_ON,2021.0,2019.0
32020R0886,32018R1139R(04),BASED_ON,2020.0,2018.0
32017D1985,32013R0390,BASED_ON,2017.0,2013.0
32011D0713,32009L0043,BASED_ON,2011.0,2009.0
32019R0618,32005R2111R(06),BASED_ON,2019.0,2005.0
32016D1351,32015D1835R(01),BASED_ON,2016.0,2015.0
32021R0235,32013R0952R(10),BASED_ON,2021.0,2013.0
32022R0631,32013R0575R(02),BASED_ON,2022.0,2013.0
32010R0036R(06),32007L0059,BASED_ON,2010.0,2007.0
32012R0965R(04),32008R0216,BASED_ON,2012.0,2008.0
32023R1694,32016L0797R(10),BASED_ON,2023.0,2016.0
32014R0431,32008R1099,BASED_ON,2014.0,2008.0
32012L0013R(01),32012L0013,CORRECTS,2012.0,2012.0
32016L2341R(02),32016L2341R(02),CORRECTS,2016.0,2016.0
32019R0125R(01),32019R0125R(01),CORRECTS,2019.0,2019.0
32013R0151,32012R0648R(09),BASED_ON,2013.0,2012.0
32019R0320,32014L0053R(02),BASED_ON,2019.0,2014.0
32017L0433,32009L0043,BASED_ON,2017.0,2009.0
32014R0468,32013R1024R(02),BASED_ON,2014.0,2013.0
32013R0697R(01),32013D0255R(01),BASED_ON,2013.0,2013.0
32012R0946,32009R1060R(01),BASED_ON,2012.0,2009.0
32019R0361,32012R0648R(09),BASED_ON,2019.0,2012.0
32019D1204,32014L0025R(07),BASED_ON,2019.0,2014.0
32020R0782,32016L0798R(07),BASED_ON,2020.0,2016.0
32023D0940R(01),32021D0689R(02),BASED_ON,2023.0,2021.0
32017R2177R(01),32017R2177R(02),CORRECTS,2017.0,2017.0
32008F0947R(03),32008F0947R(03),CORRECTS,2008.0,2008.0
32009D0460R(01),32009D0460,CORRECTS,2009.0,2009.0
32014L0091R(02),32014L0091R(02),CORRECTS,2014.0,2014.0
32013R0305,32010L0040,BASED_ON,2013.0,2010.0
32016R0963,32005R2111R(06),BASED_ON,2016.0,2005.0
32021R2104,32019R0817,BASED_ON,2021.0,2019.0
32024D0560,32019R0943R(03),BASED_ON,2024.0,2019.0
32024D0560,32019L0944R(05),BASED_ON,2024.0,2019.0
32023L2413,32018L2001R(10),AMENDS,2023.0,2018.0
32023L2413,32018R1999R(06),AMENDS,2023.0,2018.0
32009R0619R(01),32009R0619R(01),CORRECTS,2009.0,2009.0
32010D0413R(02),32010D0413R(02),CORRECTS,2010.0,2010.0
32016R0467R(01),32016R0467R(01),CORRECTS,2016.0,2016.0
32012R1024R(01),32012R1024R(01),CORRECTS,2012.0,2012.0
32022D2354,32008E0944,CITES,2022.0,2008.0
32022D2354,32021D0509R(01),CITES,2022.0,2021.0
32016R0101R(01),32013R0575R(02),BASED_ON,2016.0,2013.0
32022R2301,32017R1938R(01),BASED_ON,2022.0,2017.0
32020D2152,32019R0942R(01),BASED_ON,2020.0,2019.0
32009R0707,32005R0184,BASED_ON,2009.0,2005.0
32024R3117,32013R0575R(02),BASED_ON,2024.0,2013.0
32020R1083,32019R0517,BASED_ON,2020.0,2019.0
32022R1645R(01),32018R1139R(04),BASED_ON,2022.0,2018.0
32011R0282R(02),32006L0112R(20),BASED_ON,2011.0,2006.0
32010D0194,32008D0477R(01),BASED_ON,2010.0,2008.0
32019D1291,32014D0132,CITES,2019.0,2014.0
32019D1291,32013R0390,CITES,2019.0,2013.0
32019R1830,32014L0025R(07),CITES,2019.0,2014.0
32019R1830,32014D0115,CITES,2019.0,2014.0
32019D0709,32013R0390,CITES,2019.0,2013.0
32019D0709,32019R0317,CITES,2019.0,2019.0
32019D0709,32017R0373R(05),CITES,2019.0,2017.0
32019D0709,32019R0123,CITES,2019.0,2019.0
32022D2574,32016L0681,CITES,2022.0,2016.0
32018R0763,32016L0798R(07),BASED_ON,2018.0,2016.0
32025D0635,32024R2509,CITES,2025.0,2024.0
32025D0635,32015D0444,CITES,2025.0,2015.0
32025D0635,32015D0443,CITES,2025.0,2015.0
32025D0369,32024R2509,CITES,2025.0,2024.0
32025D0369,32023D2825,CITES,2025.0,2023.0
32025D0369,32015L0849R(03),CITES,2025.0,2015.0
32024D0867,32016L0797R(10),CITES,2024.0,2016.0
32024D0867,32016R0796R(01),CITES,2024.0,2016.0
32024D0867,32016L0798R(07),CITES,2024.0,2016.0
32024D0867,32012L0034R(06),CITES,2024.0,2012.0
32017L1132R(03),32017L1132R(03),CORRECTS,2017.0,2017.0
32021R0695R(03),32021R0695R(03),CORRECTS,2021.0,2021.0
32022D0339R(01),32022D0339,CORRECTS,2022.0,2022.0
32017R2321R(01),32017R2321R(01),CORRECTS,2017.0,2017.0
32021R1352,32016R1011R(01),BASED_ON,2021.0,2016.0
32025R0395R(02),32025D0394R(01),BASED_ON,2025.0,2025.0
32022D2478R(01),32021R0821R(03),CITES,2022.0,2021.0
32022D2478R(01),32015R2447R(13),CITES,2022.0,2015.0
32022D2478R(01),32014R0833,CITES,2022.0,2014.0
32010D0452R(01),32010D0452R(01),CORRECTS,2010.0,2010.0
32009R0004R(06),32009R0004R(06),CORRECTS,2009.0,2009.0
32020R1536R(01),32020R1536R(02),CORRECTS,2020.0,2020.0
32023R1769,32012R0748R(15),CITES,2023.0,2012.0
32023R1769,32021R0696R(01),CITES,2023.0,2021.0
32016D2239,32015D0528,CITES,2016.0,2015.0
32016D1339,32015D2276R(01),CITES,2016.0,2015.0
32016D1339,32016D0207,CITES,2016.0,2016.0
32011R1251R(01),32011R1251R(01),CORRECTS,2011.0,2011.0
32017R1084R(01),32017R1084R(01),CORRECTS,2017.0,2017.0
32006R1637R(01),32006R1637R(01),CORRECTS,2006.0,2006.0
32024R1083R(02),32024R1083R(02),CORRECTS,2024.0,2024.0
32016R0908R(01),32016R0908R(01),CORRECTS,2016.0,2016.0
32014D0294R(01),32014D0294R(01),CORRECTS,2014.0,2014.0
32021R1349,32016R1011R(01),BASED_ON,2021.0,2016.0
32014R0228,32005R0184,BASED_ON,2014.0,2005.0
32024D1688,32021R0116,CITES,2024.0,2021.0
32024D1688,32019R0123,CITES,2024.0,2019.0
32024D1688,32023D2481,CITES,2024.0,2023.0
32024D1688,32019R0317,CITES,2024.0,2019.0
32024D1688,32022D2426,CITES,2024.0,2022.0
32024D1688,32021R1119,CITES,2024.0,2021.0
32024D1688,32022D2423,CITES,2024.0,2022.0
32024D1663,32021R0116,CITES,2024.0,2021.0
32024D1663,32013R0409,CITES,2024.0,2013.0
32023R2441,32021R0241R(02),CITES,2023.0,2021.0
32023R2441,32021R1119,CITES,2023.0,2021.0
32023R2441,32010L0075R(11),CITES,2023.0,2010.0
32023R2441,32006R1893R(02),CITES,2023.0,2006.0
32023R2441,32021R0447,CITES,2023.0,2021.0
32023R2441,32019R0331,CITES,2023.0,2019.0
32023R2441,32023R0955,CITES,2023.0,2023.0
32023R2441,32018R2066R(06),CITES,2023.0,2018.0
32006R0602,32005R0184,BASED_ON,2006.0,2005.0
32022R1409,32017R2226R(03),BASED_ON,2022.0,2017.0
32022R1409,32008R0767R(04),BASED_ON,2022.0,2008.0
32016D2144,32013D0255R(01),BASED_ON,2016.0,2013.0
32015R1973,32014R0514R(01),BASED_ON,2015.0,2014.0
32017D0258,32013R0390,BASED_ON,2017.0,2013.0
32020D1237,32020R0698,BASED_ON,2020.0,2020.0
32019R0554,32007L0059,BASED_ON,2019.0,2007.0
32025D0704,32013D1313R(01),BASED_ON,2025.0,2013.0
32024D0378,32016L0797R(10),BASED_ON,2024.0,2016.0
32025R0023,32018R1139R(04),BASED_ON,2025.0,2018.0
32014R0514R(02),32014R0514R(01),CORRECTS,2014.0,2014.0
32019L2034R(06),32019L2034R(06),CORRECTS,2019.0,2019.0
32014R1300R(07),32014R1300R(07),CORRECTS,2014.0,2014.0
32023L1791R(01),32023L1791R(03),CORRECTS,2023.0,2023.0
32010L0040R(02),32010L0040,CORRECTS,2010.0,2010.0
32023D1513,32023D0162,BASED_ON,2023.0,2023.0
32016D1352,32015D1835R(01),BASED_ON,2016.0,2015.0
32014D0287R(01),32011L0024R(04),BASED_ON,2014.0,2011.0
32022D1970,32020D1990,CITES,2022.0,2020.0
32022D1970,32008E0736,CITES,2022.0,2008.0
32012R1249,32012R0648R(09),BASED_ON,2012.0,2012.0
32019R0362,32012R0648R(09),BASED_ON,2019.0,2012.0
32019R0712,32011R0182R(02),CITES,2019.0,2011.0
32019R0712,32008R1008R(02),CITES,2019.0,2008.0
32021D1838,32014D0401,BASED_ON,2021.0,2014.0
32019R0758,32015L0849R(03),BASED_ON,2019.0,2015.0
32024D0775,32009L0132,BASED_ON,2024.0,2009.0
32024R3172,32013R0575R(02),BASED_ON,2024.0,2013.0
32025R0422,32023R1114R(05),BASED_ON,2025.0,2023.0
32019R0924,32013R0952R(10),BASED_ON,2019.0,2013.0
32024D1567,32014D0486,BASED_ON,2024.0,2014.0
32016R1450,32014L0059R(14),BASED_ON,2016.0,2014.0
32021D1822,32010R1095,BASED_ON,2021.0,2010.0
32020R1298,32019R0452R(01),BASED_ON,2020.0,2019.0
32018R0389R(01),32015L2366R(06),BASED_ON,2018.0,2015.0
32024R1740,32023R0988,BASED_ON,2024.0,2023.0
32024D2138,32014L0025R(07),BASED_ON,2024.0,2014.0
32024R1942,32020R1056R(01),BASED_ON,2024.0,2020.0
32024R1773,32022R2554R(01),BASED_ON,2024.0,2022.0
32017R0390R(01),32014R0909R(06),BASED_ON,2017.0,2014.0
32023R1441,32022R2560R(02),BASED_ON,2023.0,2022.0
32024D1063,32008E0944,CITES,2024.0,2008.0
32024D1063,32023D1599,CITES,2024.0,2023.0
32024D1063,32023D1440,CITES,2024.0,2023.0
32024D1063,32021D0509R(01),CITES,2024.0,2021.0
32023D2205,32023D0993,CITES,2023.0,2023.0
32023D2205,32023D0855R(01),CITES,2023.0,2023.0
32019D1179,32018R1046,BASED_ON,2019.0,2018.0
32020R1536R(02),32019R0796R(02),BASED_ON,2020.0,2019.0
32020R0776R(01),32016R1037R(01),BASED_ON,2020.0,2016.0
32025R0305,32023R1114R(05),BASED_ON,2025.0,2023.0
32025R0655,32023R1804R(01),BASED_ON,2025.0,2023.0
32024D2383,32024R1679,BASED_ON,2024.0,2024.0
32024L1226,32022D2332,BASED_ON,2024.0,2022.0
32017R0393,32014R0909R(06),BASED_ON,2017.0,2014.0
32020R0204R(01),32019L0520,BASED_ON,2020.0,2019.0
32021R0732,32012R0648R(09),BASED_ON,2021.0,2012.0
32020R1044,32018R1999R(06),BASED_ON,2020.0,2018.0
32017R0590R(02),32014R0600R(09),BASED_ON,2017.0,2014.0
32012R0918,32012R0236R(01),BASED_ON,2012.0,2012.0
32023R1201,32022R2065R(02),BASED_ON,2023.0,2022.0
32024D1972,32017D2315R(02),BASED_ON,2024.0,2017.0
32020R0492,32016R1036,BASED_ON,2020.0,2016.0
32011R1178R(10),32011R1178R(10),CORRECTS,2011.0,2011.0
32011R0181R(01),32011R0181R(01),CORRECTS,2011.0,2011.0
32023R1717,32014L0053R(02),BASED_ON,2023.0,2014.0
32013R0149R(01),32012R0648R(09),BASED_ON,2013.0,2012.0
32014R0666,32013R0525,BASED_ON,2014.0,2013.0
32016R1388R(03),32009R0714,BASED_ON,2016.0,2009.0
32022R0001R(01),32021R0821R(03),BASED_ON,2022.0,2021.0
32024R0404R(01),32024R0404R(01),CORRECTS,2024.0,2024.0
32006R1893R(02),32006R1893R(02),CORRECTS,2006.0,2006.0
32008D0768R(02),32008D0768R(02),CORRECTS,2008.0,2008.0
32017D0132,32014L0025R(07),BASED_ON,2017.0,2014.0
32012D0233,32008R0767R(04),BASED_ON,2012.0,2008.0
32018D0703,32013R0391,BASED_ON,2018.0,2013.0
32023R1615,32021R0023,BASED_ON,2023.0,2021.0
32024R3189,32014D0145R(05),BASED_ON,2024.0,2014.0
32024R2979R(01),32014R0910R(09),BASED_ON,2024.0,2014.0
32021D0625,32018R1046,BASED_ON,2021.0,2018.0
32012R0827R(01),32006R1287R(01),CITES,2012.0,2006.0
32012R0827R(01),32010R1095,CITES,2012.0,2010.0
32016R0399R(05),32016R0399R(05),CORRECTS,2016.0,2016.0
32009R0401R(01),32009R0401R(01),CORRECTS,2009.0,2009.0
32018L1972R(02),32018L1972R(04),CORRECTS,2018.0,2018.0
32021R0694R(01),32021R0694R(01),CORRECTS,2021.0,2021.0
32014R0508R(09),32014R0508R(09),CORRECTS,2014.0,2014.0
32025R0855,32013R0575R(02),BASED_ON,2025.0,2013.0
32024R0587,32021R2115,BASED_ON,2024.0,2021.0
32025R0302,32022R2554R(01),BASED_ON,2025.0,2022.0
32012R0295,32005R2111R(06),BASED_ON,2012.0,2005.0
32011R1197,32005R2111R(06),BASED_ON,2011.0,2005.0
32009R1144,32005R2111R(06),BASED_ON,2009.0,2005.0
32021D0689R(02),32014R0654R(01),CITES,2021.0,2014.0
32021D0689R(02),32020D2252R(01),CITES,2021.0,2020.0
32012R0258R(04),32012R0258R(04),CORRECTS,2012.0,2012.0
32014R1049,32014R0514R(01),BASED_ON,2014.0,2014.0
32024R1865R(02),32024R1865R(02),CORRECTS,2024.0,2024.0
32013D1313R(02),32013D1313R(01),CORRECTS,2013.0,2013.0
32019D1279,32009R1060R(01),BASED_ON,2019.0,2009.0
32025R0037R(01),32022D2481,CITES,2025.0,2022.0
32025R0037R(01),32021R0694R(01),CITES,2025.0,2021.0
32025R0037R(01),32024R2847,CITES,2025.0,2024.0
32025R0037R(01),32025R0038,CITES,2025.0,2025.0
32025R0037R(01),32022L2555R(06),CITES,2025.0,2022.0
32025R0037R(01),32018R1725R(02),CITES,2025.0,2018.0
32017D1474R(02),32014R1300R(07),CITES,2017.0,2014.0
32017D1474R(02),32011R0454R(01),CITES,2017.0,2011.0
32017D1474R(02),32017R0006,CITES,2017.0,2017.0
32017D1474R(02),32014R1301R(05),CITES,2017.0,2014.0
32017D1474R(02),32014R1299R(05),CITES,2017.0,2014.0
32017D1474R(02),32016R0796R(01),CITES,2017.0,2016.0
32017D1474R(02),32012D0757,CITES,2017.0,2012.0
32017D1474R(02),32008L0068,CITES,2017.0,2008.0
32017D1474R(02),32016R0919,CITES,2017.0,2016.0
32017D1474R(02),32008D0768R(02),CITES,2017.0,2008.0
32021D1828R(01),32019R0788R(02),BASED_ON,2021.0,2019.0
32023L0277,32009L0043,BASED_ON,2023.0,2009.0
32015R1502R(01),32014R0910R(09),BASED_ON,2015.0,2014.0
32025D0211,32023D0386,CITES,2025.0,2023.0
32025D0850,32024D1353,CITES,2025.0,2024.0
32025D0850,32024D1567,CITES,2025.0,2024.0
32024R0482R(01),32008R0765R(03),CITES,2024.0,2008.0
32024R0482R(01),32022L2555R(06),CITES,2024.0,2022.0
32024R0482R(01),32019R1020R(05),CITES,2024.0,2019.0
32022R0428R(06),32022D0430R(01),BASED_ON,2022.0,2022.0
32021R0931,32013R0575R(02),BASED_ON,2021.0,2013.0
32011L0061R(02),32011L0061R(02),CORRECTS,2011.0,2011.0
32017L2455R(02),32017L2455R(06),CORRECTS,2017.0,2017.0
32010L0031R(03),32010L0031R(03),CORRECTS,2010.0,2010.0
32019R1148R(01),32019R1148,CORRECTS,2019.0,2019.0
32019R0876R(16),32019R0876R(16),CORRECTS,2019.0,2019.0
32019R0796R(01),32019R0796R(02),CORRECTS,2019.0,2019.0
32008R0300R(04),32008R0300R(04),CORRECTS,2008.0,2008.0
32022D0461,32013D1313R(01),BASED_ON,2022.0,2013.0
32022D1014,32021D0689R(02),BASED_ON,2022.0,2021.0
32020R1304,32012R0648R(09),BASED_ON,2020.0,2012.0
32023R0426,32014D0145R(05),BASED_ON,2023.0,2014.0
32014D0258R(01),32013D0233R(03),BASED_ON,2014.0,2013.0
32021R1237,32015R1588,BASED_ON,2021.0,2015.0
32023D2699,32013R1315,BASED_ON,2023.0,2013.0
32023R2779,32013R0575R(02),BASED_ON,2023.0,2013.0
32022D0772,32019R0317,BASED_ON,2022.0,2019.0
32015D0296,32014R0910R(09),BASED_ON,2015.0,2014.0
32019R0774R(01),32016L0797R(10),BASED_ON,2019.0,2016.0
32020D0414R(03),32013D1313R(01),BASED_ON,2020.0,2013.0
32022D0777,32019R0317,BASED_ON,2022.0,2019.0
32022D0771,32019R0317,BASED_ON,2022.0,2019.0
32022D0774,32019R0317,BASED_ON,2022.0,2019.0
32023D0386,32023D0162,BASED_ON,2023.0,2023.0
32016R0796R(01),32016R0796R(01),CORRECTS,2016.0,2016.0
32018D1797R(02),32018D1797R(01),CORRECTS,2018.0,2018.0
32019D1909R(02),32019D1909R(02),CORRECTS,2019.0,2019.0
32020D0793R(01),32020D0793R(01),CORRECTS,2020.0,2020.0
32015R0479R(01),32015R0479R(01),CORRECTS,2015.0,2015.0
32005D0923R(01),32005D0923R(01),CORRECTS,2005.0,2005.0
32018R1999R(06),32018R1999R(06),CORRECTS,2018.0,2018.0
32021R2238,32016L0797R(10),BASED_ON,2021.0,2016.0
32021R0070,32014R0909R(06),BASED_ON,2021.0,2014.0
32017R0567R(02),32014R0600R(09),BASED_ON,2017.0,2014.0
32021R2139R(01),32020R0852R(06),BASED_ON,2021.0,2020.0
32014R0964,32013R1303R(04),BASED_ON,2014.0,2013.0
32018R1212,32007L0036R(01),BASED_ON,2018.0,2007.0
32015R1014,32005R2111R(06),BASED_ON,2015.0,2005.0
32010R1071,32005R2111R(06),BASED_ON,2010.0,2005.0
32019D1963,32017D0046,BASED_ON,2019.0,2017.0
32019D1963,32015D0444,BASED_ON,2019.0,2015.0
32019D1963,32015D0443,BASED_ON,2019.0,2015.0
32019L0770R(03),32019L0770R(03),CORRECTS,2019.0,2019.0
32014R1300R(07),32008L0057,BASED_ON,2014.0,2008.0
32017R0373R(05),32008R0216,BASED_ON,2017.0,2008.0
32019R0263,32013R1303R(04),BASED_ON,2019.0,2013.0
32020R0469R(02),32018R1139R(04),BASED_ON,2020.0,2018.0
32024R0576,32024D0577,BASED_ON,2024.0,2024.0
32019R0945R(04),32018R1139R(04),BASED_ON,2019.0,2018.0
32021R0607,32016R1036,BASED_ON,2021.0,2016.0
32019R0796R(02),32019D0797R(01),BASED_ON,2019.0,2019.0
32021R1118,32014L0059R(14),BASED_ON,2021.0,2014.0
32012R0272,32009R1060R(01),BASED_ON,2012.0,2009.0
32020R1732,32017R2402R(01),BASED_ON,2020.0,2017.0
32020R1212,32014R0909R(06),BASED_ON,2020.0,2014.0
32018D0909,32017D2315R(02),BASED_ON,2018.0,2017.0
32012D0699,32006E0243,CITES,2012.0,2006.0
32012D0699,32010D0461,CITES,2012.0,2010.0
32012D0699,32008E0588,CITES,2012.0,2008.0
32012D0699,32007E0468,CITES,2012.0,2007.0
32024R1505,32022R2554R(01),BASED_ON,2024.0,2022.0
32019R1140,32013R1303R(04),BASED_ON,2019.0,2013.0
32017R2094R(01),32017R2094R(01),CORRECTS,2017.0,2017.0
32015R0534R(01),32015R0534R(01),CORRECTS,2015.0,2015.0
32023D2871R(01),32023D2871R(01),CORRECTS,2023.0,2023.0
32015D2276R(01),32015D2276R(01),CORRECTS,2015.0,2015.0
32024R0482R(03),32024R0482R(01),CORRECTS,2024.0,2024.0
32023R1773R(01),32023R1773R(01),CORRECTS,2023.0,2023.0
32018R0502R(01),32014R0165R(01),BASED_ON,2018.0,2014.0
32025D0673,32013R1024R(02),BASED_ON,2025.0,2013.0
32025D0673,32014R0468,BASED_ON,2025.0,2014.0
32018D0704,32013R0391,BASED_ON,2018.0,2013.0
32019R0881R(02),32019R0881R(05),CORRECTS,2019.0,2019.0
32022R0612R(01),32022R0612,CORRECTS,2022.0,2022.0
32012L0034R(01),32012L0034R(06),CORRECTS,2012.0,2012.0
32012R0648R(09),32012R0648R(09),CORRECTS,2012.0,2012.0
32010R0791,32005R2111R(06),BASED_ON,2010.0,2005.0
32010R0590,32005R2111R(06),BASED_ON,2010.0,2005.0
32009R0298,32005R2111R(06),BASED_ON,2009.0,2005.0
32007R1043,32005R2111R(06),BASED_ON,2007.0,2005.0
32015R0703,32009R0715,BASED_ON,2015.0,2009.0
32015R0377R(01),32014R0514R(01),BASED_ON,2015.0,2014.0
32021D1738R(01),32021D1738,CORRECTS,2021.0,2021.0
32021D1737R(01),32021D1737R(01),CORRECTS,2021.0,2021.0
32020D0452R(01),32020D0452R(03),CORRECTS,2020.0,2020.0
32006L0126R(01),32006L0126R(01),CORRECTS,2006.0,2006.0
32022R2060,32013R0575R(02),BASED_ON,2022.0,2013.0
32024R0949,32018R1725R(02),CITES,2024.0,2018.0
32024D0773,32020R1055R(02),CITES,2024.0,2020.0
32023R2639,32022R0342,CITES,2023.0,2022.0
32023R2639,32018L2001R(10),CITES,2023.0,2018.0
32013R0543R(02),32008L0114,CITES,2013.0,2008.0
32013R0543R(02),32011R1227,CITES,2013.0,2011.0
32015R1222R(03),32009R0714,BASED_ON,2015.0,2009.0
32023L1791R(03),32023L1791R(03),CORRECTS,2023.0,2023.0
32009L0030R(02),32009L0030R(02),CORRECTS,2009.0,2009.0
32004L0113R(03),32004L0113R(03),CORRECTS,2004.0,2004.0
32011R0454R(01),32008L0057,BASED_ON,2011.0,2008.0
32021R1751,32014L0059R(14),BASED_ON,2021.0,2014.0
32006R0474R(03),32005R2111R(06),BASED_ON,2006.0,2005.0
32011R1332R(01),32008R0216,BASED_ON,2011.0,2008.0
32022D1198,32013D1313R(01),BASED_ON,2022.0,2013.0
32023D0375,32009L0132,BASED_ON,2023.0,2009.0
32016R0908R(01),32014R0596R(07),BASED_ON,2016.0,2014.0
32024R1778,32019R0796R(02),BASED_ON,2024.0,2019.0
32014R0667,32012R0648R(09),BASED_ON,2014.0,2012.0
32017R0625R(07),32017R0625R(07),CORRECTS,2017.0,2017.0
32017R1084R(05),32017R1084R(01),CORRECTS,2017.0,2017.0
32013R0462R(01),32013R0462R(01),CORRECTS,2013.0,2013.0
32006L0038R(02),32006L0038R(02),CORRECTS,2006.0,2006.0
32019R0503R(01),32019R0503R(01),CORRECTS,2019.0,2019.0
32020R1227,32017R2402R(01),BASED_ON,2020.0,2017.0
32021R0965,32010R0904R(04),BASED_ON,2021.0,2010.0
32021D0173R(01),32021D0173R(01),CORRECTS,2021.0,2021.0
32021R0821R(02),32021R0821R(03),CORRECTS,2021.0,2021.0
32009L0110R(01),32009L0110R(03),CORRECTS,2009.0,2009.0
32006L0103R(01),32006L0103R(01),CORRECTS,2006.0,2006.0
32012R0923R(22),32012R0923R(22),CORRECTS,2012.0,2012.0
32023R1184,32018L2001R(10),BASED_ON,2023.0,2018.0
32022R0030,32014L0053R(02),BASED_ON,2022.0,2014.0
32013R0147R(01),32008R1099,BASED_ON,2013.0,2008.0
32017R1509R(02),32016D0849R(01),BASED_ON,2017.0,2016.0
32014D0287R(01),32014D0287R(01),CORRECTS,2014.0,2014.0
32017R0394R(01),32017R0394,CORRECTS,2017.0,2017.0
32016R1447R(01),32016R1447R(01),CORRECTS,2016.0,2016.0
32019R1020R(05),32019R1020R(05),CORRECTS,2019.0,2019.0
32021R2011,32016R1036,BASED_ON,2021.0,2016.0
32017R2063,32017D2074,BASED_ON,2017.0,2017.0
32018D0340R(01),32017D2315R(02),BASED_ON,2018.0,2017.0
32013D0064,32010R0407,BASED_ON,2013.0,2010.0
32013D0698,32008E0944,CITES,2013.0,2008.0
32019D1765,32015D0444,CITES,2019.0,2015.0
32019D1765,32013R1316,CITES,2019.0,2013.0
32019D1765,32014R0283,CITES,2019.0,2014.0
32019D1765,32019H0243,CITES,2019.0,2019.0
32019D1765,32016L1148,CITES,2019.0,2016.0
32019D1765,32018R1725R(02),CITES,2019.0,2018.0
32019D1765,32016R0679R(02),CITES,2019.0,2016.0
32016R2137R(01),32016R2137R(01),CORRECTS,2016.0,2016.0
32012D0503R(01),32012D0503R(01),CORRECTS,2012.0,2012.0
32014D0258R(01),32014D0258R(01),CORRECTS,2014.0,2014.0
32018O0003R(01),32018O0003R(01),CORRECTS,2018.0,2018.0
32014L0108,32009L0043,BASED_ON,2014.0,2009.0
32022D1108,32009L0132,BASED_ON,2022.0,2009.0
32023D2719,32021D0689R(02),BASED_ON,2023.0,2021.0
32024R0949,32021R0782R(02),BASED_ON,2024.0,2021.0
32024D0773,32009R1071R(03),BASED_ON,2024.0,2009.0
32024R2547,32021R0821R(03),BASED_ON,2024.0,2021.0
32023R2639,32021R1153R(01),BASED_ON,2023.0,2021.0
32023R2414,32022R2560R(02),BASED_ON,2023.0,2022.0
32016R0480,32009R1071R(03),BASED_ON,2016.0,2009.0
32010D0713,32008L0057,BASED_ON,2010.0,2008.0
32013D0329,32011L0024R(04),BASED_ON,2013.0,2011.0
32010L0013R(02),32010L0013R(03),CORRECTS,2010.0,2010.0
32014R1011R(01),32014R1011R(01),CORRECTS,2014.0,2014.0
32009D0548,32009L0028,BASED_ON,2009.0,2009.0
32023D0746,32014R0139R(11),CITES,2023.0,2014.0
32023D0746,32012R0748R(15),CITES,2023.0,2012.0
32023D0746,32012R0965R(04),CITES,2023.0,2012.0
32023D0746,32005R2111R(06),CITES,2023.0,2005.0
32023D0746,32014R0452R(01),CITES,2023.0,2014.0
32023D0746,32014R1321R(03),CITES,2023.0,2014.0
32023D0746,32019R0947R(07),CITES,2023.0,2019.0
32023D0746,32018R1048R(01),CITES,2023.0,2018.0
32023D0746,32011R1332R(01),CITES,2023.0,2011.0
32023D0746,32018R1139R(04),CITES,2023.0,2018.0
32023D0746,32011R1178R(10),CITES,2023.0,2011.0
32023D0746,32015R0340R(11),CITES,2023.0,2015.0
32023D0746,32021R0664R(02),CITES,2023.0,2021.0
32023D0746,32019R0945R(04),CITES,2023.0,2019.0
32023D0746,32012R0923R(22),CITES,2023.0,2012.0
32023R1184,32015R1222R(03),CITES,2023.0,2015.0
32023R1184,32019R0943R(03),CITES,2023.0,2019.0
32023R1184,32019L0944R(05),CITES,2023.0,2019.0
32023R1184,32008R1099,CITES,2023.0,2008.0
32018R1108,32015L0849R(03),BASED_ON,2018.0,2015.0
32012D0426,32012D0389,BASED_ON,2012.0,2012.0
32022D0288R(01),32013D1313R(01),BASED_ON,2022.0,2013.0
32021D1886R(01),32021D1886,CORRECTS,2021.0,2021.0
32016R1103R(04),32016R1103R(04),CORRECTS,2016.0,2016.0
32023L0959R(06),32023L0959R(06),CORRECTS,2023.0,2023.0
32017R1509R(02),32017R1509R(02),CORRECTS,2017.0,2017.0
32005R0001R(08),32005R0001R(08),CORRECTS,2005.0,2005.0
32024L1640R(01),32024L1640R(01),CORRECTS,2024.0,2024.0
32024D1455,32021D0509R(01),CITES,2024.0,2021.0
32024D1455,32008E0944,CITES,2024.0,2008.0
32024D1794,32021D0509R(01),CITES,2024.0,2021.0
32024D1794,32008E0944,CITES,2024.0,2008.0
32014L0025R(07),32014L0025R(07),CORRECTS,2014.0,2014.0
32020R0203,32019L0520,BASED_ON,2020.0,2019.0
32008F0909R(03),32008F0909R(03),CORRECTS,2008.0,2008.0
32015R0983R(01),32005L0036R(07),BASED_ON,2015.0,2005.0
32021R0280,32019R0943R(03),BASED_ON,2021.0,2019.0
32022R0469,32016R1037R(01),BASED_ON,2022.0,2016.0
32022R0342,32021R1153R(01),BASED_ON,2022.0,2021.0
32013D0725R(01),32013D0725R(01),CORRECTS,2013.0,2013.0
32023R2444,32016R0679R(02),CITES,2023.0,2016.0
32024D2496,32021D0509R(01),CITES,2024.0,2021.0
32024D2496,32008E0944,CITES,2024.0,2008.0
32020R1229,32017R2402R(01),BASED_ON,2020.0,2017.0
32015L0849R(04),32015L0849R(03),CORRECTS,2015.0,2015.0
32015R1861R(04),32015R1861R(04),CORRECTS,2015.0,2015.0
32015R2447R(13),32015R2447R(13),CORRECTS,2015.0,2015.0
32024R0490R(01),32024R0490R(01),CORRECTS,2024.0,2024.0
32018R1999R(02),32018R1999R(06),CORRECTS,2018.0,2018.0
32006L0112R(20),32006L0112R(20),CORRECTS,2006.0,2006.0
32020R1224R(01),32020R1224R(01),CORRECTS,2020.0,2020.0
32015L2366R(02),32015L2366R(06),CORRECTS,2015.0,2015.0
32015L2366R(01),32015L2366R(06),CORRECTS,2015.0,2015.0
32008D0432R(01),32008D0432,CORRECTS,2008.0,2008.0
32024R1601R(01),32005R2111R(06),BASED_ON,2024.0,2005.0
32025D02998,32024R1620R(01),BASED_ON,2025.0,2024.0
32009R1177,32009L0081R(01),BASED_ON,2009.0,2009.0
32013R0659,32005R2111R(06),BASED_ON,2013.0,2005.0
32024D02348,32010L0040,BASED_ON,2024.0,2010.0
32014R0139R(11),32014R0139R(11),CORRECTS,2014.0,2014.0
32019R0942R(01),32019R0942R(01),CORRECTS,2019.0,2019.0
32011L0093R(02),32011L0093R(02),CORRECTS,2011.0,2011.0
32013D1313R(04),32013D1313R(01),CORRECTS,2013.0,2013.0
32024R2163,32016R1036,BASED_ON,2024.0,2016.0
32025R0848,32014R0910R(09),BASED_ON,2025.0,2014.0
32015D1960,32009R0715,BASED_ON,2015.0,2009.0
32015D1960,32009R0714,BASED_ON,2015.0,2009.0
32017R2400R(03),32007L0046,BASED_ON,2017.0,2007.0
32019D1765,32011L0024R(04),BASED_ON,2019.0,2011.0
32013D0041,32012D0389,BASED_ON,2013.0,2012.0
32019R2022R(04),32009L0125R(02),BASED_ON,2019.0,2009.0
32022D0060R(01),32022D0060R(01),CORRECTS,2022.0,2022.0
32018R1971R(01),32018R1971R(01),CORRECTS,2018.0,2018.0
32009R1060R(01),32009R1060R(01),CORRECTS,2009.0,2009.0
32019R2023R(03),32019R2023R(03),CORRECTS,2019.0,2019.0
32017R1185R(01),32017R1185R(01),CORRECTS,2017.0,2017.0
32025D0635,32024R2803,BASED_ON,2025.0,2024.0
32024D2035,32019R0317,BASED_ON,2024.0,2019.0
32016R1719R(01),32009R0713,CITES,2016.0,2009.0
32016R1719R(01),32015R1222R(03),CITES,2016.0,2015.0
32016R1719R(01),32009L0072,CITES,2016.0,2009.0
32016R1719R(01),32013R0543R(02),CITES,2016.0,2013.0
32015D1111,32012D0088,CITES,2015.0,2012.0
32014R1048R(01),32014R0514R(01),BASED_ON,2014.0,2014.0
32013R0952R(10),32013R0952R(10),CORRECTS,2013.0,2013.0
32016D0650,32014R0910R(09),BASED_ON,2016.0,2014.0
32015R1976,32014R0223,BASED_ON,2015.0,2014.0
32023R2527,32019R1700,BASED_ON,2023.0,2019.0
32022D0338R(02),32022D0338,CORRECTS,2022.0,2022.0
32022R1463R(01),32022R1463R(01),CORRECTS,2022.0,2022.0
32019R2175R(05),32019R2175R(01),CORRECTS,2019.0,2019.0
32021R0241R(02),32021R0241R(02),CORRECTS,2021.0,2021.0
32014L0051R(03),32014L0051R(02),CORRECTS,2014.0,2014.0
32024R1624R(01),32024R1624,CORRECTS,2024.0,2024.0
32022R2554R(04),32022R2554R(01),CORRECTS,2022.0,2022.0
32023R2405R(02),32023R2405R(02),CORRECTS,2023.0,2023.0
32018R1999R(01),32018R1999R(06),CORRECTS,2018.0,2018.0
32023R0137R(05),32023R0137R(05),CORRECTS,2023.0,2023.0
32019D0235R(02),32019D0235,CORRECTS,2019.0,2019.0
32008F0909R(01),32008F0909R(03),CORRECTS,2008.0,2008.0
32020R1108R(01),32020R1108R(01),CORRECTS,2020.0,2020.0
32021O0830,32013R0549,CITES,2021.0,2013.0
32021O0830,32021R0378,CITES,2021.0,2021.0
32021O0830,32013R1072,CITES,2021.0,2013.0
32021O0830,32013R0575R(02),CITES,2021.0,2013.0
32021O0830,32006R1893R(02),CITES,2021.0,2006.0
32021O0830,32016R0867R(02),CITES,2021.0,2016.0
32021O0830,32016O0034,CITES,2021.0,2016.0
32021O0830,32014O0015,CITES,2021.0,2014.0
32021O0830,32013R1074R(01),CITES,2021.0,2013.0
32021O0830,32019R2033R(07),CITES,2021.0,2019.0
32021O0830,32021R0379,CITES,2021.0,2021.0
32021O0830,32018O0016R(01),CITES,2021.0,2018.0
32017D1253,32016D1172,CITES,2017.0,2016.0
32025L0290,32009L0043,BASED_ON,2025.0,2009.0
32024D3136,32024R2803,BASED_ON,2024.0,2024.0
32024R1085,32013R0575R(02),BASED_ON,2024.0,2013.0
32008R1055,32005R0184,BASED_ON,2008.0,2005.0
32010R0904R(04),32010R0904R(04),CORRECTS,2010.0,2010.0
32021R1173R(02),32021R1173R(02),CORRECTS,2021.0,2021.0
32023D0993R(01),32023D0993,CORRECTS,2023.0,2023.0
32014R1163R(02),32013R1024R(02),BASED_ON,2014.0,2013.0
32021R1018,32013R0575R(02),BASED_ON,2021.0,2013.0
32019D1276,32009R1060R(01),BASED_ON,2019.0,2009.0
32015R0097,32012R0236R(01),BASED_ON,2015.0,2012.0
32013R1306R(05),32013R1306R(05),CORRECTS,2013.0,2013.0
32012L0034R(03),32012L0034R(06),CORRECTS,2012.0,2012.0
32017R1800R(01),32017R1800R(01),CORRECTS,2017.0,2017.0
32020D0414R(03),32020D0414R(03),CORRECTS,2020.0,2020.0
32009D0740,32008D0477R(01),BASED_ON,2009.0,2008.0
32009L0125R(02),32009L0125R(02),CORRECTS,2009.0,2009.0
32016R1037R(01),32016R1037R(01),CORRECTS,2016.0,2016.0
32018R1727R(07),32018R1727R(07),CORRECTS,2018.0,2018.0
32016R2286R(03),32016R2286R(03),CORRECTS,2016.0,2016.0
32015L0849R(01),32015L0849R(03),CORRECTS,2015.0,2015.0
32018L1972R(04),32018L1972R(04),CORRECTS,2018.0,2018.0
32020R1055R(02),32020R1055R(02),CORRECTS,2020.0,2020.0
32010L0075R(11),32010L0075R(11),CORRECTS,2010.0,2010.0
32012R0965R(04),32012R0965R(04),CORRECTS,2012.0,2012.0
32016D0849R(01),32016D0849R(01),CORRECTS,2016.0,2016.0
32020L1057R(01),32020L1057R(01),CORRECTS,2020.0,2020.0
32022D0430R(01),32022D0430R(01),CORRECTS,2022.0,2022.0
32019D1930R(02),32019D1930R(02),CORRECTS,2019.0,2019.0
32022D0578R(01),32022D0578R(01),CORRECTS,2022.0,2022.0
32014R0208R(03),32014D0119R(01),BASED_ON,2014.0,2014.0
32011R0454R(01),32011R0454R(01),CORRECTS,2011.0,2011.0
32013D0752R(03),32013D0752R(01),CORRECTS,2013.0,2013.0
32013L0036R(07),32013L0036R(07),CORRECTS,2013.0,2013.0
32023R0450,32021R0023,BASED_ON,2023.0,2021.0
32018D0777,32012R0966,BASED_ON,2018.0,2012.0
32014D0089,32012R1024R(01),BASED_ON,2014.0,2012.0
32017R2055,32015L2366R(06),BASED_ON,2017.0,2015.0
32013L0035R(03),32013L0035R(03),CORRECTS,2013.0,2013.0
32007R1370R(03),32007R1370R(03),CORRECTS,2007.0,2007.0
32021D2008R(01),32017D2315R(02),BASED_ON,2021.0,2017.0
32022R0072,32016R1037R(01),BASED_ON,2022.0,2016.0
32017R2215,32005R2111R(06),BASED_ON,2017.0,2005.0
32018O0016R(01),32018O0016R(01),CORRECTS,2018.0,2018.0
32019R0881R(01),32019R0881R(05),CORRECTS,2019.0,2019.0
32009L0065R(07),32009L0065R(07),CORRECTS,2009.0,2009.0
32018L0822R(04),32018L0822R(04),CORRECTS,2018.0,2018.0
32015R1222R(03),32015R1222R(03),CORRECTS,2015.0,2015.0
32014R0909R(06),32014R0909R(06),CORRECTS,2014.0,2014.0
32013R0167R(04),32013R0167R(04),CORRECTS,2013.0,2013.0
32021R2238,32010R0913R(02),CITES,2021.0,2010.0
32021R0070,32010R1095,CITES,2021.0,2010.0
32017R0567R(02),32017R0590R(02),CITES,2017.0,2017.0
32017R0567R(02),32017R0587R(02),CITES,2017.0,2017.0
32017R0567R(02),32017R0571,CITES,2017.0,2017.0
32017R0567R(02),32010R1093,CITES,2017.0,2010.0
32017R0567R(02),32014L0049R(02),CITES,2017.0,2014.0
32017R0567R(02),32012R0236R(01),CITES,2017.0,2012.0
32017R0567R(02),32017R0565R(06),CITES,2017.0,2017.0
32017R0567R(02),32010R1095,CITES,2017.0,2010.0
32020D0414R(02),32020D0414R(03),CORRECTS,2020.0,2020.0
32014D0276R(01),32014D0276,CORRECTS,2014.0,2014.0
32016D0687R(01),32016D0687R(01),CORRECTS,2016.0,2016.0
32019R0517R(01),32019R0517,CORRECTS,2019.0,2019.0
32019R1148R(04),32019R1148,CORRECTS,2019.0,2019.0
32021R0664R(02),32021R0664R(02),CORRECTS,2021.0,2021.0
32018R0212,32015L0849R(03),BASED_ON,2018.0,2015.0
32023R1529,32023D1532,BASED_ON,2023.0,2023.0
32021R0782R(04),32021R0782R(02),CORRECTS,2021.0,2021.0
32013R0168R(03),32013R0168R(03),CORRECTS,2013.0,2013.0
32023R0363R(01),32023R0363R(01),CORRECTS,2023.0,2023.0
32024R3012R(02),32024R3012R(02),CORRECTS,2024.0,2024.0
32021D1067R(01),32021D1067R(01),CORRECTS,2021.0,2021.0
32022R2554R(06),32022R2554R(01),CORRECTS,2022.0,2022.0
32022R2554R(05),32022R2554R(01),CORRECTS,2022.0,2022.0
32024R1620R(01),32024R1620R(01),CORRECTS,2024.0,2024.0
32023R1804R(01),32023R1804R(01),CORRECTS,2023.0,2023.0
32021R0821R(05),32021R0821R(03),CORRECTS,2021.0,2021.0
32023R1115R(01),32023R1115R(01),CORRECTS,2023.0,2023.0
32019L0878R(06),32019L0878R(06),CORRECTS,2019.0,2019.0
32022R1269R(05),32022R1269R(05),CORRECTS,2022.0,2022.0
32017R1129R(02),32017R1129R(02),CORRECTS,2017.0,2017.0
32019R1111R(07),32019R1111R(07),CORRECTS,2019.0,2019.0
32016R1719R(03),32016R1719R(01),CORRECTS,2016.0,2016.0
32018L1972R(06),32018L1972R(04),CORRECTS,2018.0,2018.0
32022L0362R(03),32022L0362R(04),CORRECTS,2022.0,2022.0
32024R1991R(01),32024R1991R(01),CORRECTS,2024.0,2024.0
32024R1180R(01),32024R1180R(01),CORRECTS,2024.0,2024.0
32022R0595,32017R1509R(02),AMENDS,2022.0,2017.0
32022R0595,32011R0101R(02),AMENDS,2022.0,2011.0
32022R0595,32014R0833,AMENDS,2022.0,2014.0
32022R0595,32014R0269R(03),AMENDS,2022.0,2014.0
32022R0595,32017R2063,AMENDS,2022.0,2017.0
32022R0595,32014R0208R(03),AMENDS,2022.0,2014.0
32022R0595,32019R0796R(02),AMENDS,2022.0,2019.0
32022R0595,32012R0267R(07),AMENDS,2022.0,2012.0
32023R0203,32014R1321R(03),AMENDS,2023.0,2014.0
32023R0203,32014R0139R(11),AMENDS,2023.0,2014.0
32023R0203,32015R0340R(11),AMENDS,2023.0,2015.0
32023R0203,32017R0373R(05),AMENDS,2023.0,2017.0
32023R0203,32011R1178R(10),AMENDS,2023.0,2011.0
32023R0203,32012R0965R(04),AMENDS,2023.0,2012.0
32023R0203,32012R0748R(15),AMENDS,2023.0,2012.0
32023R0203,32021R0664R(02),AMENDS,2023.0,2021.0
32025R0020R(01),32025R0020R(01),CORRECTS,2025.0,2025.0
32017D1483R(01),32017D1483R(01),CORRECTS,2017.0,2017.0
32023R1542R(01),32023R1542R(01),CORRECTS,2023.0,2023.0
32020R2093R(03),32020R2093R(03),CORRECTS,2020.0,2020.0
32022R0030R(01),32022R0030,CORRECTS,2022.0,2022.0
32019R2243R(01),32018L1972R(04),BASED_ON,2019.0,2018.0
32009L0119R(01),32009L0119R(01),CORRECTS,2009.0,2009.0
32017R1563R(01),32017R1563R(01),CORRECTS,2017.0,2017.0
32019R2033R(07),32019R2033R(07),CORRECTS,2019.0,2019.0
32019R2105,32005R2111R(06),BASED_ON,2019.0,2005.0
32013R0886R(01),32010L0040,BASED_ON,2013.0,2010.0
32020R1019,32014R0514R(01),BASED_ON,2020.0,2014.0
32014D0415R(03),32014D0415R(01),CORRECTS,2014.0,2014.0
32018R1725R(02),32018R1725R(02),CORRECTS,2018.0,2018.0
32024R1309R(02),32024R1309R(02),CORRECTS,2024.0,2024.0
32014R1048R(01),32014R1048R(01),CORRECTS,2014.0,2014.0
32014L0056R(01),32014L0056R(01),CORRECTS,2014.0,2014.0
32024R0595,32010R1093,BASED_ON,2024.0,2010.0
32025D1061,32024R2803,BASED_ON,2025.0,2024.0
32025D1061,32019R0317,BASED_ON,2025.0,2019.0
32023R2364R(01),32023R2364R(01),CORRECTS,2023.0,2023.0
32020D1639,32017D2315R(02),BASED_ON,2020.0,2017.0
32008D0194,32006D0592,CITES,2008.0,2006.0
32021D0839,32019D0392,CITES,2021.0,2019.0
32020R1543,32014R0516,CITES,2020.0,2014.0
32020R1543,32014R0513,CITES,2020.0,2014.0
32020R1543,32014R0515R(03),CITES,2020.0,2014.0
32015R2446R(12),32013R0952R(10),BASED_ON,2015.0,2013.0
32015R0340R(11),32008R0216,BASED_ON,2015.0,2008.0
32021R2178,32020R0852R(06),BASED_ON,2021.0,2020.0
32017D2075R(01),32017D2075R(01),CORRECTS,2017.0,2017.0
32016L0343R(01),32016L0343R(01),CORRECTS,2016.0,2016.0
32012R0236R(01),32012R0236R(01),CORRECTS,2012.0,2012.0
32012L0018R(03),32012L0018R(03),CORRECTS,2012.0,2012.0
32018R1229R(01),32018R1229R(01),CORRECTS,2018.0,2018.0
32008L0096R(02),32008L0096R(01),CORRECTS,2008.0,2008.0
32008D0261R(01),32008D0261R(01),CORRECTS,2008.0,2008.0
32020R0115,32011R0101R(02),BASED_ON,2020.0,2011.0
32017R1151R(04),32007L0046,BASED_ON,2017.0,2007.0
32019R0289,32015R1588,BASED_ON,2019.0,2015.0
32020R0877,32013R0952R(10),BASED_ON,2020.0,2013.0
32021D2008R(02),32021D2008R(01),CORRECTS,2021.0,2021.0
32014L0051R(09),32014L0051R(02),CORRECTS,2014.0,2014.0
32021R1134R(04),32021R1134R(04),CORRECTS,2021.0,2021.0
32020R2094R(01),32020R2094R(01),CORRECTS,2020.0,2020.0
32023D2199R(01),32023D2199R(01),CORRECTS,2023.0,2023.0
32017D2315R(02),32017D2315R(02),CORRECTS,2017.0,2017.0
32020R0370R(01),32020R0370R(01),CORRECTS,2020.0,2020.0
32019L1937R(01),32019L1937R(01),CORRECTS,2019.0,2019.0
32021R0947R(03),32021R0947R(03),CORRECTS,2021.0,2021.0
32023R0427R(05),32023R0427R(05),CORRECTS,2023.0,2023.0
32006F0783R(01),32006F0783R(01),CORRECTS,2006.0,2006.0
32019D1909R(02),32017D2315R(02),BASED_ON,2019.0,2017.0
32014R0342R(01),32013R0575R(02),BASED_ON,2014.0,2013.0
32025D0686,32023D0855R(01),BASED_ON,2025.0,2023.0
32024R0298,32019R1700,BASED_ON,2024.0,2019.0
32015R1998,32008R0300R(04),BASED_ON,2015.0,2008.0
32021R2070,32005R2111R(06),BASED_ON,2021.0,2005.0
32021R0598,32013R0575R(02),BASED_ON,2021.0,2013.0
32022R0862,32005R2111R(06),BASED_ON,2022.0,2005.0
32021R0883,32005R2111R(06),BASED_ON,2021.0,2005.0
32022R0432,32006L0112R(20),BASED_ON,2022.0,2006.0
32022R0594,32005R2111R(06),BASED_ON,2022.0,2005.0
32013R0152,32012R0648R(09),BASED_ON,2013.0,2012.0
32023R1578,32010R1093,CITES,2023.0,2010.0
32024R3210R(01),32023R0956,BASED_ON,2024.0,2023.0
32024R3014,32016R1036,BASED_ON,2024.0,2016.0
32009R1072R(02),32009R1072R(03),CORRECTS,2009.0,2009.0
32023R1695R(03),32023R1695R(03),CORRECTS,2023.0,2023.0
32021R0782R(05),32021R0782R(02),CORRECTS,2021.0,2021.0
32017R1539R(01),32017R1539,CORRECTS,2017.0,2017.0
32018R0762R(02),32018R0762R(02),CORRECTS,2018.0,2018.0
32020D1746R(01),32017D2315R(02),BASED_ON,2020.0,2017.0
32022D0173R(01),32022D0173R(01),CORRECTS,2022.0,2022.0
32018D1688,32008R1099,BASED_ON,2018.0,2008.0
32023D2825,32018R1046,BASED_ON,2023.0,2018.0
32020R1294,32018R1999R(06),BASED_ON,2020.0,2018.0
32022R0113,32011R0101R(02),BASED_ON,2022.0,2011.0
32023D1336,32019R0317,BASED_ON,2023.0,2019.0
32018R2066R(06),32018R2066R(06),CORRECTS,2018.0,2018.0
32017R1369R(01),32017R1369R(01),CORRECTS,2017.0,2017.0
32021R2139R(01),32021R2139R(01),CORRECTS,2021.0,2021.0
32013L0011R(01),32013L0011R(01),CORRECTS,2013.0,2013.0
32011L0070R(01),32011L0070R(01),CORRECTS,2011.0,2011.0
32008L0098R(03),32008L0098R(03),CORRECTS,2008.0,2008.0
32018R1139R(04),32018R1139R(04),CORRECTS,2018.0,2018.0
32023R1441R(01),32023R1441,CORRECTS,2023.0,2023.0
32022R0428R(06),32022R0428R(06),CORRECTS,2022.0,2022.0
32020R0194R(03),32020R0194R(03),CORRECTS,2020.0,2020.0
32015D0800R(01),32015D0800R(01),CORRECTS,2015.0,2015.0
32024R1774R(01),32024R1774R(01),CORRECTS,2024.0,2024.0
32019D1280,32009R1060R(01),BASED_ON,2019.0,2009.0
32019D1283,32009R1060R(01),BASED_ON,2019.0,2009.0
32020R2176,32013R0575R(02),BASED_ON,2020.0,2013.0
32011D0121,32006R1794,CITES,2011.0,2006.0
32011D0121,32009D0320,CITES,2011.0,2009.0
32011D0121,32010R0691,CITES,2011.0,2010.0
32011D0121,32009R1070,CITES,2011.0,2009.0
32019R0517,32016R0679R(02),CITES,2019.0,2016.0
32019R0517,32018L1972R(04),CITES,2019.0,2018.0
32019R0517,32012R1215R(10),CITES,2019.0,2012.0
32019R0517,32013L0011R(01),CITES,2019.0,2013.0
32019R0517,32011R0182R(02),CITES,2019.0,2011.0
32023D2786,32023D1599,BASED_ON,2023.0,2023.0
32009D0302R(01),32009D0302R(01),CORRECTS,2009.0,2009.0
32020R0469R(02),32020R0469R(02),CORRECTS,2020.0,2020.0
32009R1072R(04),32009R1072R(03),CORRECTS,2009.0,2009.0
32020D2253R(01),32020D2253R(01),CORRECTS,2020.0,2020.0
32009R1073R(01),32009R1073R(01),CORRECTS,2009.0,2009.0
32009F0315R(03),32009F0315R(03),CORRECTS,2009.0,2009.0
32015R1861R(04),32010D0413R(02),BASED_ON,2015.0,2010.0
32017R0006,32013R1315,BASED_ON,2017.0,2013.0
32025D0075,32017D2315R(02),BASED_ON,2025.0,2017.0
32025D0075,32020D1639,BASED_ON,2025.0,2020.0
32022R2554R(02),32022R2554R(01),CORRECTS,2022.0,2022.0
32014R0909R(08),32014R0909R(06),CORRECTS,2014.0,2014.0
32007L0059R(01),32007L0059,CORRECTS,2007.0,2007.0
32014D0145R(05),32014D0145R(05),CORRECTS,2014.0,2014.0
32014O0060R(01),32014O0060R(01),CORRECTS,2014.0,2014.0
32014L0065R(01),32014L0065R(01),CORRECTS,2014.0,2014.0
32012L0034R(09),32012L0034R(06),CORRECTS,2012.0,2012.0
32014R0600R(09),32014R0600R(09),CORRECTS,2014.0,2014.0
32023D1217R(02),32023D1217R(02),CORRECTS,2023.0,2023.0
32007L0060R(01),32007L0060R(01),CORRECTS,2007.0,2007.0
32024D1744R(04),32024D1744R(04),CORRECTS,2024.0,2024.0
32020D0472R(01),32020D0472R(01),CORRECTS,2020.0,2020.0
32014L0045R(06),32014L0045R(06),CORRECTS,2014.0,2014.0
32021D0509R(02),32021D0509R(01),CORRECTS,2021.0,2021.0
32012L0034R(06),32012L0034R(06),CORRECTS,2012.0,2012.0
32014L0061R(03),32014L0061R(03),CORRECTS,2014.0,2014.0
32023L1791R(02),32023L1791R(03),CORRECTS,2023.0,2023.0
32018L1581,32009L0119R(01),BASED_ON,2018.0,2009.0
32014R1321R(03),32008R0216,BASED_ON,2014.0,2008.0
32011H0217,32008L0057,BASED_ON,2011.0,2008.0
32013D0488R(01),32013D0488R(01),CORRECTS,2013.0,2013.0
32006R0474R(03),32006R0474R(03),CORRECTS,2006.0,2006.0
32022O0912R(03),32022O0912R(03),CORRECTS,2022.0,2022.0
32021D1765R(01),32021D1765R(01),CORRECTS,2021.0,2021.0
32009L0071R(01),32009L0071R(01),CORRECTS,2009.0,2009.0
32013D0752R(01),32013D0752R(01),CORRECTS,2013.0,2013.0
32021R0690R(02),32021R0690R(02),CORRECTS,2021.0,2021.0
32018R1862R(03),32018R1862R(03),CORRECTS,2018.0,2018.0
32019L0882R(01),32019L0882R(01),CORRECTS,2019.0,2019.0
32009R1072R(01),32009R1072R(03),CORRECTS,2009.0,2009.0
32021R0453R(04),32021R0453R(04),CORRECTS,2021.0,2021.0
32004L0113R(01),32004L0113R(03),CORRECTS,2004.0,2004.0
32016R2286R(02),32016R2286R(03),CORRECTS,2016.0,2016.0
32009R1221R(01),32009R1221R(01),CORRECTS,2009.0,2009.0
32023D0940R(01),32023D0940R(01),CORRECTS,2023.0,2023.0
32014L0032R(02),32014L0032R(02),CORRECTS,2014.0,2014.0
32019R0881R(03),32019R0881R(05),CORRECTS,2019.0,2019.0
32015R1589R(02),32015R1589R(02),CORRECTS,2015.0,2015.0
32022L2555R(07),32022L2555R(06),CORRECTS,2022.0,2022.0
32024R1408R(01),32024R1408R(01),CORRECTS,2024.0,2024.0
32015R2446R(12),32015R2446R(12),CORRECTS,2015.0,2015.0
32021L1047R(01),32009L0043,BASED_ON,2021.0,2009.0
32017R2177R(02),32012L0034R(06),BASED_ON,2017.0,2012.0
32023R1773R(01),32023R0956,BASED_ON,2023.0,2023.0
32023R0606R(01),32023R0606R(01),CORRECTS,2023.0,2023.0
32011D0659,32010D0330,BASED_ON,2011.0,2010.0
32016R1710,32016D1711,BASED_ON,2016.0,2016.0
32023R1617,32016R1036,BASED_ON,2023.0,2016.0
32020R0459R(01),32020R0459R(01),CORRECTS,2020.0,2020.0
32021L0555R(01),32021L0555R(01),CORRECTS,2021.0,2021.0
32014L0061R(01),32014L0061R(03),CORRECTS,2014.0,2014.0
32011D0536R(01),32011D0536R(01),CORRECTS,2011.0,2011.0
32020R0115R(01),32020R0115,CORRECTS,2020.0,2020.0
32016R0867R(02),32016R0867R(02),CORRECTS,2016.0,2016.0
32024R2980R(01),32024R2980R(01),CORRECTS,2024.0,2024.0
32023D0855R(01),32023D0855R(01),CORRECTS,2023.0,2023.0
32009L0031R(02),32009L0031R(02),CORRECTS,2009.0,2009.0
32024L1640R(02),32024L1640R(01),CORRECTS,2024.0,2024.0
32020D0373R(01),32020D0373,CORRECTS,2020.0,2020.0
32019R2175R(01),32019R2175R(01),CORRECTS,2019.0,2019.0
32019R2017R(03),32017R1369R(01),BASED_ON,2019.0,2017.0
32014R0909R(01),32014R0909R(06),CORRECTS,2014.0,2014.0
32020L2184R(01),32020L2184R(01),CORRECTS,2020.0,2020.0
32022R2560R(01),32022R2560R(02),CORRECTS,2022.0,2022.0
32014R0909R(03),32014R0909R(06),CORRECTS,2014.0,2014.0
32014R0909R(02),32014R0909R(06),CORRECTS,2014.0,2014.0
32011R1178R(10),32008R0216,BASED_ON,2011.0,2008.0
32020R1744,32019R0796R(02),BASED_ON,2020.0,2019.0
32014R0368,32005R2111R(06),BASED_ON,2014.0,2005.0
32014R1348R(01),32011R1227,BASED_ON,2014.0,2011.0
32024D1059,32012D0389,CITES,2024.0,2012.0
32024D1059,32022D2441,CITES,2024.0,2022.0
32024D1059,32024D0583,CITES,2024.0,2024.0
32024D1059,32009D0937R(01),CITES,2024.0,2009.0
32024D1059,32013D0488R(01),CITES,2024.0,2013.0
32025D0676,32013D1313R(01),CITES,2025.0,2013.0
32025D0676,32022D1108,CITES,2025.0,2022.0
32025D0676,32023D0829,CITES,2025.0,2023.0
32025D0676,32024D0775,CITES,2025.0,2024.0
32025D0676,32022D0382R(02),CITES,2025.0,2022.0
32025D0676,32013R0952R(10),CITES,2025.0,2013.0
32016R0467R(01),32009L0138R(01),BASED_ON,2016.0,2009.0
32014R0806R(05),32014R0806R(05),CORRECTS,2014.0,2014.0
32021D0509R(01),32021D0509R(01),CORRECTS,2021.0,2021.0
32017R1939R(02),32017R1939R(02),CORRECTS,2017.0,2017.0
32015R0002,32009R1060R(01),BASED_ON,2015.0,2009.0
32017L2455R(08),32017L2455R(06),CORRECTS,2017.0,2017.0
32016R1719R(01),32016R1719R(01),CORRECTS,2016.0,2016.0
32009R1179R(01),32009R1179R(01),CORRECTS,2009.0,2009.0
32014R0910R(09),32014R0910R(09),CORRECTS,2014.0,2014.0
32021R0821R(01),32021R0821R(03),CORRECTS,2021.0,2021.0
32021R0782R(03),32021R0782R(02),CORRECTS,2021.0,2021.0
32018L1972R(03),32018L1972R(04),CORRECTS,2018.0,2018.0
32016L0797R(10),32016L0797R(10),CORRECTS,2016.0,2016.0
32020D2123,32019R0943R(03),BASED_ON,2020.0,2019.0
32020R0256R(01),32020R0256R(01),CORRECTS,2020.0,2020.0
32010R0913R(01),32010R0913R(02),CORRECTS,2010.0,2010.0
32022R0879R(03),32022R0879R(03),CORRECTS,2022.0,2022.0
32017D0899R(02),32017D0899R(01),CORRECTS,2017.0,2017.0
32008R1137R(02),32008R1137R(02),CORRECTS,2008.0,2008.0
32014L0051R(07),32014L0051R(02),CORRECTS,2014.0,2014.0
32016L2102R(03),32016L2102R(03),CORRECTS,2016.0,2016.0
32013L0034R(07),32013L0034R(07),CORRECTS,2013.0,2013.0
32008R1008R(02),32008R1008R(02),CORRECTS,2008.0,2008.0
32006R1924R(02),32006R1924R(02),CORRECTS,2006.0,2006.0
32022R0328R(07),32022R0328R(07),CORRECTS,2022.0,2022.0
32021R0250R(01),32021R0250,CORRECTS,2021.0,2021.0
32020R1056R(03),32020R1056R(01),CORRECTS,2020.0,2020.0
32012L0034R(08),32012L0034R(06),CORRECTS,2012.0,2012.0
32019R0779R(02),32019R0779R(02),CORRECTS,2019.0,2019.0
32019R1213R(01),32019R1213R(01),CORRECTS,2019.0,2019.0
32019L0944R(05),32019L0944R(05),CORRECTS,2019.0,2019.0
32020D2168R(01),32020D2168,CORRECTS,2020.0,2020.0
32013L0048R(01),32013L0048R(01),CORRECTS,2013.0,2013.0
32023R1543R(01),32023R1543R(01),CORRECTS,2023.0,2023.0
32022L0362R(04),32022L0362R(04),CORRECTS,2022.0,2022.0
32024R2754,32016R1037R(01),BASED_ON,2024.0,2016.0
32023R1214R(06),32023R1214R(06),CORRECTS,2023.0,2023.0
32019R2152R(04),32019R2152R(04),CORRECTS,2019.0,2019.0
32014L0053R(01),32014L0053R(02),CORRECTS,2014.0,2014.0
32018D0340R(01),32018D0340R(01),CORRECTS,2018.0,2018.0
32013R1303R(04),32013R1303R(04),CORRECTS,2013.0,2013.0
32023D2879R(01),32023D2879R(01),CORRECTS,2023.0,2023.0
32020R1056R(04),32020R1056R(01),CORRECTS,2020.0,2020.0
32024R0795R(01),32024R0795R(01),CORRECTS,2024.0,2024.0
32022R0229R(01),32015L0849R(03),BASED_ON,2022.0,2015.0
32017D0553,32013R0390,BASED_ON,2017.0,2013.0
32022O0987R(02),32022O0987R(02),CORRECTS,2022.0,2022.0
32014L0017R(04),32014L0017R(04),CORRECTS,2014.0,2014.0
32013D0233R(02),32013D0233R(03),CORRECTS,2013.0,2013.0
32023D1534,32021R0694R(01),BASED_ON,2023.0,2021.0
32016R0958,32014R0596R(07),BASED_ON,2016.0,2014.0
32012R1011R(01),32012R1011R(02),CORRECTS,2012.0,2012.0
32010R1094R(02),32010R1094R(02),CORRECTS,2010.0,2010.0
32019D0504R(01),32019D0504,CORRECTS,2019.0,2019.0
32017R1151R(04),32017R1151R(04),CORRECTS,2017.0,2017.0
32011R0390,32005R2111R(06),BASED_ON,2011.0,2005.0
32008R0715,32005R2111R(06),BASED_ON,2008.0,2005.0
32023R1616,32021R0023,BASED_ON,2023.0,2021.0
32023D0993,32023D0855R(01),BASED_ON,2023.0,2023.0
32022D2244,32020D1639,BASED_ON,2022.0,2020.0
32022D2244,32017D2315R(02),BASED_ON,2022.0,2017.0
32017D1967,32012R0966,BASED_ON,2017.0,2012.0
32014R0241R(02),32014R0241R(02),CORRECTS,2014.0,2014.0
32024R2847R(01),32024R2847,CORRECTS,2024.0,2024.0
32016D0207R(01),32016D0207,CORRECTS,2016.0,2016.0
32021R0784R(01),32021R0784R(01),CORRECTS,2021.0,2021.0
32022L2557R(01),32022L2557,CORRECTS,2022.0,2022.0
32021R0522R(02),32021R0522R(02),CORRECTS,2021.0,2021.0
32020D2255R(01),32020D2255R(01),CORRECTS,2020.0,2020.0
32021D1143R(01),32021D1143R(01),CORRECTS,2021.0,2021.0
32012L0029R(01),32012L0029R(01),CORRECTS,2012.0,2012.0
32021R0782R(02),32021R0782R(02),CORRECTS,2021.0,2021.0
32016R0794R(05),32016R0794R(05),CORRECTS,2016.0,2016.0
32022D0706R(01),32022D0706R(01),CORRECTS,2022.0,2022.0
32014R0667R(01),32014R0667,CORRECTS,2014.0,2014.0
32014R0537R(06),32014R0537R(06),CORRECTS,2014.0,2014.0
32014L0024R(15),32014L0024R(15),CORRECTS,2014.0,2014.0
32015R0063R(04),32015R0063R(04),CORRECTS,2015.0,2015.0
32021D0689R(01),32021D0689R(02),CORRECTS,2021.0,2021.0
32004L0109R(01),32004L0109R(01),CORRECTS,2004.0,2004.0
32010D0462R(01),32010D0462,CORRECTS,2010.0,2010.0
32020R1125R(01),32020R1125R(01),CORRECTS,2020.0,2020.0
32024R1988R(01),32024R1988R(01),CORRECTS,2024.0,2024.0
32011L0024R(04),32011L0024R(04),CORRECTS,2011.0,2011.0
32014R0799,32014R0514R(01),BASED_ON,2014.0,2014.0
32014R1042,32014R0514R(01),BASED_ON,2014.0,2014.0
32019R2099R(01),32019R2099R(01),CORRECTS,2019.0,2019.0
32022R2554R(01),32022R2554R(01),CORRECTS,2022.0,2022.0
32019D1930R(01),32019D1930R(02),CORRECTS,2019.0,2019.0
32015R0010R(01),32015R0010,CORRECTS,2015.0,2015.0
32024R0482R(01),32024R0482R(01),CORRECTS,2024.0,2024.0
32024R2977R(01),32024R2977R(01),CORRECTS,2024.0,2024.0
32014L0053R(03),32014L0053R(02),CORRECTS,2014.0,2014.0
32014R1299R(05),32010D0713,CITES,2014.0,2010.0
32022R0996R(01),32018L2001R(10),BASED_ON,2022.0,2018.0
32022R2360,32015L2366R(06),BASED_ON,2022.0,2015.0
32017R0981,32014L0065R(01),BASED_ON,2017.0,2014.0
32018R1999R(04),32018R1999R(06),CORRECTS,2018.0,2018.0
32020R0736R(01),32020R0736,CORRECTS,2020.0,2020.0
32022R1856,32012R0648R(09),BASED_ON,2022.0,2012.0
32019R0826,32012L0027R(01),BASED_ON,2019.0,2012.0
32015R2402,32012L0027R(01),BASED_ON,2015.0,2012.0
32010R1227,32005R0184,BASED_ON,2010.0,2005.0
32010R1158R(01),32010R1158R(01),CORRECTS,2010.0,2010.0
32017R0373R(05),32017R0373R(05),CORRECTS,2017.0,2017.0
32015L2366R(04),32015L2366R(06),CORRECTS,2015.0,2015.0
32023D1055,32021R0696R(01),BASED_ON,2023.0,2021.0
32024R1281,32018R1999R(06),BASED_ON,2024.0,2018.0
32012R0827R(01),32012R0236R(01),BASED_ON,2012.0,2012.0
32025R0849,32014R0910R(09),BASED_ON,2025.0,2014.0
32014R0939,32013R0606,BASED_ON,2014.0,2013.0
32022D2424,32019R0317,BASED_ON,2022.0,2019.0
32022D2423,32019R0317,BASED_ON,2022.0,2019.0
32022D2426,32019R0317,BASED_ON,2022.0,2019.0
32008D0545,32008E0124,BASED_ON,2008.0,2008.0
32008D0545,32006E0304,BASED_ON,2008.0,2006.0
32021D1038,32008D0477R(01),BASED_ON,2021.0,2008.0
32022D0382R(02),32022D0382R(02),CORRECTS,2022.0,2022.0
32008F0909R(06),32008F0909R(03),CORRECTS,2008.0,2008.0
32021R0818R(01),32021R0818R(01),CORRECTS,2021.0,2021.0
32022D0810R(01),32022D0810,CORRECTS,2022.0,2022.0
32015R1502R(01),32015R1502R(01),CORRECTS,2015.0,2015.0
32016R2286R(01),32016R2286R(03),CORRECTS,2016.0,2016.0
32019R2014R(02),32019R2014R(02),CORRECTS,2019.0,2019.0
32022R0334R(02),32022R0334R(02),CORRECTS,2022.0,2022.0
32021R0379R(02),32021R0379,CORRECTS,2021.0,2021.0
32016L1164R(03),32016L1164R(03),CORRECTS,2016.0,2016.0
32015R0340R(11),32015R0340R(11),CORRECTS,2015.0,2015.0
32019R0779R(02),32016L0798R(07),BASED_ON,2019.0,2016.0
32024R0490R(01),32010L0040,BASED_ON,2024.0,2010.0
32016R0799R(03),32014R0165R(01),BASED_ON,2016.0,2014.0
32022D2494,32019R0317,BASED_ON,2022.0,2019.0
32021D0942,32006L0112R(20),BASED_ON,2021.0,2006.0
32021R1950,32009L0081R(01),BASED_ON,2021.0,2009.0
32009L0081R(03),32009L0081R(01),CORRECTS,2009.0,2009.0
32019D0420R(01),32019D0420R(01),CORRECTS,2019.0,2019.0
32022R1032R(03),32022R1032R(01),CORRECTS,2022.0,2022.0
32016D0339R(01),32016D0339,CORRECTS,2016.0,2016.0
32021R0697R(01),32021R0697,CORRECTS,2021.0,2021.0
32018R0825R(04),32018R0825R(04),CORRECTS,2018.0,2018.0
32021R1147R(02),32021R1147R(02),CORRECTS,2021.0,2021.0
32018R0761R(01),32018R0761R(01),CORRECTS,2018.0,2018.0
32013D0195,32012D0243,BASED_ON,2013.0,2012.0
32017R1084R(01),32015R1588,BASED_ON,2017.0,2015.0
32021D2054,32009R1221R(01),BASED_ON,2021.0,2009.0
32022R1214R(01),32022R1214R(01),CORRECTS,2022.0,2022.0
32024R0482R(02),32024R0482R(01),CORRECTS,2024.0,2024.0
32021D1210R(01),32021D1210R(01),CORRECTS,2021.0,2021.0
32022R2554R(03),32022R2554R(01),CORRECTS,2022.0,2022.0
32021L1047R(01),32021L1047R(01),CORRECTS,2021.0,2021.0
32021D0088R(01),32021D0088R(01),CORRECTS,2021.0,2021.0
32020D0452R(02),32020D0452R(03),CORRECTS,2020.0,2020.0
32017R2400R(03),32017R2400R(03),CORRECTS,2017.0,2017.0
32015L2366R(03),32015L2366R(06),CORRECTS,2015.0,2015.0
32018D1867,32014L0051R(02),CITES,2018.0,2014.0
32021R0379R(01),32021R0379,CORRECTS,2021.0,2021.0
32014R0702R(01),32014R0702R(01),CORRECTS,2014.0,2014.0
32005L0029R(03),32005L0029R(03),CORRECTS,2005.0,2005.0
32009F0299R(01),32009F0299R(01),CORRECTS,2009.0,2009.0
32013R0886R(01),32013R0886R(01),CORRECTS,2013.0,2013.0
32015L0849R(03),32015L0849R(03),CORRECTS,2015.0,2015.0
32019R0943R(02),32019R0943R(03),CORRECTS,2019.0,2019.0
32021R0697R(02),32021R0697,CORRECTS,2021.0,2021.0
32025R0413,32023R1114R(05),BASED_ON,2025.0,2023.0
32025R0414,32023R1114R(05),BASED_ON,2025.0,2023.0
32021R0776R(01),32021R0776R(01),CORRECTS,2021.0,2021.0
32022L0362R(01),32022L0362R(04),CORRECTS,2022.0,2022.0
32014R0515R(03),32014R0515R(03),CORRECTS,2014.0,2014.0
32021L2167R(04),32021L2167R(04),CORRECTS,2021.0,2021.0
32023R2418R(01),32023R2418R(01),CORRECTS,2023.0,2023.0
32024R3210R(01),32024R3210R(01),CORRECTS,2024.0,2024.0
32024D1979,32021D0509R(01),CITES,2024.0,2021.0
32024D1979,32008E0944,CITES,2024.0,2008.0
32024D2010,32021D0509R(01),CITES,2024.0,2021.0
32024D2010,32008E0944,CITES,2024.0,2008.0
32023D2481,32019R0123,CITES,2023.0,2019.0
32023D2481,32021R0116,CITES,2023.0,2021.0
32016R1719R(02),32016R1719R(01),CORRECTS,2016.0,2016.0
32021R0782R(01),32021R0782R(02),CORRECTS,2021.0,2021.0
32020R1577R(02),32020R1577R(02),CORRECTS,2020.0,2020.0
32024R1866,32016R1037R(01),BASED_ON,2024.0,2016.0
32024D3155,32010D0452R(01),BASED_ON,2024.0,2010.0
32020D2252R(03),32020D2252R(01),CORRECTS,2020.0,2020.0
32015R1100R(01),32015R1100R(01),CORRECTS,2015.0,2015.0
32019R0881R(05),32019R0881R(05),CORRECTS,2019.0,2019.0
32020R1784R(02),32020R1784R(02),CORRECTS,2020.0,2020.0
32025L0290R(01),32025L0290,CORRECTS,2025.0,2025.0
32008L0096R(01),32008L0096R(01),CORRECTS,2008.0,2008.0
32023R1594R(01),32023R1594R(01),CORRECTS,2023.0,2023.0
32024R0573R(02),32024R0573R(02),CORRECTS,2024.0,2024.0
32024L1275R(01),32024L1275,CORRECTS,2024.0,2024.0
32020R0370R(01),32014R0208R(03),BASED_ON,2020.0,2014.0
32019D0570R(01),32013D1313R(01),BASED_ON,2019.0,2013.0
32017R2177R(02),32017R2177R(02),CORRECTS,2017.0,2017.0
32012R0748R(15),32012R0748R(15),CORRECTS,2012.0,2012.0
32019R0452R(01),32019R0452R(01),CORRECTS,2019.0,2019.0
32006R0474R(02),32006R0474R(03),CORRECTS,2006.0,2006.0
32020R1054R(07),32020R1054R(07),CORRECTS,2020.0,2020.0
32013D0233R(03),32013D0233R(03),CORRECTS,2013.0,2013.0
32013R0231R(04),32013R0231R(04),CORRECTS,2013.0,2013.0
32021R0654R(01),32021R0654,CORRECTS,2021.0,2021.0
32019R2175R(04),32019R2175R(01),CORRECTS,2019.0,2019.0
32013D1313R(01),32013D1313R(01),CORRECTS,2013.0,2013.0
32022R1645R(01),32022R1645R(01),CORRECTS,2022.0,2022.0
32021R0453R(03),32021R0453R(04),CORRECTS,2021.0,2021.0
32012R0827R(01),32012R0827R(01),CORRECTS,2012.0,2012.0
32009L0110R(04),32009L0110R(03),CORRECTS,2009.0,2009.0
32019R0774R(01),32019R0774R(01),CORRECTS,2019.0,2019.0
32006R0474R(01),32006R0474R(03),CORRECTS,2006.0,2006.0
32020R1055R(01),32020R1055R(02),CORRECTS,2020.0,2020.0
32021R1328R(01),32021R1328R(01),CORRECTS,2021.0,2021.0
32014R1011R(01),32013R1303R(04),BASED_ON,2014.0,2013.0
32021R0776R(01),32018R1672R(02),BASED_ON,2021.0,2018.0
32014D0800,32014D0486,BASED_ON,2014.0,2014.0
32024R0982R(01),32024R0982R(01),CORRECTS,2024.0,2024.0
32024R0873R(03),32024R0873R(03),CORRECTS,2024.0,2024.0
32023R1315R(04),32023R1315R(04),CORRECTS,2023.0,2023.0
32019R2026R(02),32019R2026R(02),CORRECTS,2019.0,2019.0
32012L0034R(02),32012L0034R(06),CORRECTS,2012.0,2012.0
32022R0432R(01),32022R0432,CORRECTS,2022.0,2022.0
32011R0101R(02),32011R0101R(02),CORRECTS,2011.0,2011.0
32013R1024R(02),32013R1024R(02),CORRECTS,2013.0,2013.0
32009L0110R(02),32009L0110R(03),CORRECTS,2009.0,2009.0
32019D0038R(02),32019D0038,CORRECTS,2019.0,2019.0
32025R0021,32018R1139R(04),BASED_ON,2025.0,2018.0
32021O2256,32013R1024R(02),BASED_ON,2021.0,2013.0
32012R1011R(02),32012R1011R(02),CORRECTS,2012.0,2012.0
32017D2075R(01),32012L0034R(06),BASED_ON,2017.0,2012.0
32015R0063R(04),32014L0059R(14),BASED_ON,2015.0,2014.0
32015L0849R(05),32015L0849R(03),CORRECTS,2015.0,2015.0
32018D0661R(03),32018D0661,CORRECTS,2018.0,2018.0
32024R3117R(01),32024R3117,CORRECTS,2024.0,2024.0
32019R2022R(04),32019R2022R(04),CORRECTS,2019.0,2019.0
32022R0185,32013R0575R(02),BASED_ON,2022.0,2013.0
32022R2474R(01),32022D2478R(01),BASED_ON,2022.0,2022.0
32014R1163R(02),32014R1163R(02),CORRECTS,2014.0,2014.0
32014R1348R(01),32014R1348R(01),CORRECTS,2014.0,2014.0
32019D0797R(02),32019D0797R(01),CORRECTS,2019.0,2019.0
32008R1099R(02),32008R1099,CORRECTS,2008.0,2008.0
32014H0881R(01),32014H0881,CORRECTS,2014.0,2014.0
32013R1301R(02),32013R1301R(02),CORRECTS,2013.0,2013.0
32013R0697R(01),32013R0697R(01),CORRECTS,2013.0,2013.0
32014L0061R(02),32014L0061R(03),CORRECTS,2014.0,2014.0
32013R1379R(03),32013R1379R(03),CORRECTS,2013.0,2013.0
32018L2001R(10),32018L2001R(10),CORRECTS,2018.0,2018.0
32019R1143R(01),32019R1143R(01),CORRECTS,2019.0,2019.0
32024L1760R(01),32024L1760R(01),CORRECTS,2024.0,2024.0
32024L1275R(02),32024L1275,CORRECTS,2024.0,2024.0
32012L0034R(05),32012L0034R(06),CORRECTS,2012.0,2012.0
32022R1036,32020R1429,BASED_ON,2022.0,2020.0
32017R0590R(02),32017R0590R(02),CORRECTS,2017.0,2017.0
32009R1072R(03),32009R1072R(03),CORRECTS,2009.0,2009.0
32018R0502R(01),32018R0502R(01),CORRECTS,2018.0,2018.0
32017R1354R(01),32017R1354,CORRECTS,2017.0,2017.0
32014L0023R(05),32014L0023R(05),CORRECTS,2014.0,2014.0
32024R0450,32021R0023,BASED_ON,2024.0,2021.0
32021R0821R(06),32021R0821R(03),CORRECTS,2021.0,2021.0
32024R0886R(01),32024R0886R(01),CORRECTS,2024.0,2024.0
32023R1114R(05),32023R1114R(05),CORRECTS,2023.0,2023.0
32009R0428R(04),32009R0428R(04),CORRECTS,2009.0,2009.0
32009L0119R(02),32009L0119R(01),CORRECTS,2009.0,2009.0
32019R0881R(04),32019R0881R(05),CORRECTS,2019.0,2019.0
32024L1260R(01),32024L1260R(01),CORRECTS,2024.0,2024.0
32024R1183R(01),32024R1183R(02),CORRECTS,2024.0,2024.0
32020R1818,32016R1011R(01),BASED_ON,2020.0,2016.0
32022R2453R(01),32013R0575R(02),BASED_ON,2022.0,2013.0
32005R2111R(06),32005R2111R(06),CORRECTS,2005.0,2005.0
32019R0630R(01),32019R0630,CORRECTS,2019.0,2019.0
32009L0033R(02),32009L0033R(02),CORRECTS,2009.0,2009.0
32014R0651R(05),32014R0651R(05),CORRECTS,2014.0,2014.0
32019R0943R(01),32019R0943R(03),CORRECTS,2019.0,2019.0
32014R1222,32013L0036R(07),BASED_ON,2014.0,2013.0
32017R0565R(06),32017R0565R(06),CORRECTS,2017.0,2017.0
32021D0689R(02),32021D0689R(02),CORRECTS,2021.0,2021.0
32014R0452R(01),32008R0216,BASED_ON,2014.0,2008.0
32020R1406,32014R0596R(07),BASED_ON,2020.0,2014.0
32016R1447R(01),32009R0714,BASED_ON,2016.0,2009.0
32022L2555R(06),32022L2555R(06),CORRECTS,2022.0,2022.0
32024R2642R(03),32024R2642R(03),CORRECTS,2024.0,2024.0
32025R0021R(01),32025R0021,CORRECTS,2025.0,2025.0
32011L0092R(02),32011L0092R(02),CORRECTS,2011.0,2011.0
32011R1332R(01),32011R1332R(01),CORRECTS,2011.0,2011.0
32019D1275,32016R1011R(01),BASED_ON,2019.0,2016.0
32014R0655R(04),32014R0655R(04),CORRECTS,2014.0,2014.0
32014L0030R(02),32014L0030R(02),CORRECTS,2014.0,2014.0
32024R1263R(02),32024R1263R(02),CORRECTS,2024.0,2024.0
32016R0583R(01),32016R0583R(01),CORRECTS,2016.0,2016.0
32015L2366R(07),32015L2366R(06),CORRECTS,2015.0,2015.0
32018R1048R(01),32018R1048R(01),CORRECTS,2018.0,2018.0
32011R1332R(02),32011R1332R(01),CORRECTS,2011.0,2011.0
32020R1070,32018L1972R(04),BASED_ON,2020.0,2018.0
32021L0338R(01),32021L0338R(01),CORRECTS,2021.0,2021.0
32024R0264R(01),32024R0264R(01),CORRECTS,2024.0,2024.0
32023R2450,32022L2557,BASED_ON,2023.0,2022.0
32020R1423,32015L2366R(06),BASED_ON,2020.0,2015.0
32024D0577,32022D0335,CITES,2024.0,2022.0
32024D0577,32014R0833,CITES,2024.0,2014.0
32024D0577,32014R0909R(06),CITES,2024.0,2014.0
32024D1567,32024D1353,CITES,2024.0,2024.0
32024D2843,32021D0509R(01),CITES,2024.0,2021.0
32024D2843,32008E0944,CITES,2024.0,2008.0
32023D2687,32023D0510,CITES,2023.0,2023.0
32006L0043R(04),32006L0043R(04),CORRECTS,2006.0,2006.0
32019R0776R(04),32019R0776R(04),CORRECTS,2019.0,2019.0
32022D0327R(01),32022D0327R(01),CORRECTS,2022.0,2022.0
32018L1808R(01),32018L1808,CORRECTS,2018.0,2018.0
32017R0567R(02),32017R0567R(02),CORRECTS,2017.0,2017.0
32013L0030R(01),32013L0030R(01),CORRECTS,2013.0,2013.0
32019R1163R(01),32019R1163R(01),CORRECTS,2019.0,2019.0
32013R0147R(01),32013R0147R(01),CORRECTS,2013.0,2013.0
32019D1345R(01),32019D1345R(01),CORRECTS,2019.0,2019.0
32023R2534R(01),32023R2534R(01),CORRECTS,2023.0,2023.0
32019L1153R(01),32019L1153R(01),CORRECTS,2019.0,2019.0
32019R0505,32005R0184,BASED_ON,2019.0,2005.0
32020R2254R(01),32020R2254R(01),CORRECTS,2020.0,2020.0
32016L0943R(01),32016L0943R(01),CORRECTS,2016.0,2016.0
32021R0451R(04),32021R0451R(04),CORRECTS,2021.0,2021.0
32012L0034R(07),32012L0034R(06),CORRECTS,2012.0,2012.0
32011R0182R(02),32011R0182R(02),CORRECTS,2011.0,2011.0
32013D0255R(01),32013D0255R(01),CORRECTS,2013.0,2013.0
32023R2691,32005R2111R(06),BASED_ON,2023.0,2005.0
32024R1502,32022R2554R(01),BASED_ON,2024.0,2022.0
32014L0031R(03),32014L0031R(03),CORRECTS,2014.0,2014.0
32022R2474R(01),32022R2474R(01),CORRECTS,2022.0,2022.0
32014L0052R(02),32014L0052R(02),CORRECTS,2014.0,2014.0
32019R0816R(02),32019R0816R(02),CORRECTS,2019.0,2019.0
32021D0764R(01),32021D0764R(01),CORRECTS,2021.0,2021.0
32016R1375R(01),32016R1375,CORRECTS,2016.0,2016.0
32021D1764R(01),32021D1764R(01),CORRECTS,2021.0,2021.0
32014L0051R(05),32014L0051R(02),CORRECTS,2014.0,2014.0
32021R2103,32019R0818R(01),BASED_ON,2021.0,2019.0
32008D0477R(01),32008D0477R(01),CORRECTS,2008.0,2008.0
32017L1564R(01),32017L1564R(01),CORRECTS,2017.0,2017.0
32008R1099R(01),32008R1099,CORRECTS,2008.0,2008.0
32016R0799R(03),32016R0799R(03),CORRECTS,2016.0,2016.0
32024R2690R(01),32024R2690R(02),CORRECTS,2024.0,2024.0
32005D0854R(01),32005D0854R(01),CORRECTS,2005.0,2005.0
32023R1219,32015L0849R(03),BASED_ON,2023.0,2015.0
32023R1162,32019L0944R(05),BASED_ON,2023.0,2019.0
32022R2299,32018R1999R(06),BASED_ON,2022.0,2018.0
32023R1111,32005R2111R(06),BASED_ON,2023.0,2005.0
32024R1364,32023L1791R(03),BASED_ON,2024.0,2023.0
32023R2633,32017R1938R(01),BASED_ON,2023.0,2017.0
32010R0036R(06),32010R0036R(06),CORRECTS,2010.0,2010.0
32024R2690R(02),32024R2690R(02),CORRECTS,2024.0,2024.0
32019D0785R(02),32019D0785,CORRECTS,2019.0,2019.0
32004D0739,32004E0570,BASED_ON,2004.0,2004.0
32022D0780,32019D0903,CITES,2022.0,2019.0
32022D0780,32022D0728,CITES,2022.0,2022.0
32022D0780,32021D0891,CITES,2022.0,2021.0
32022D0780,32019R0317,CITES,2022.0,2019.0
32022D0780,32020R1627,CITES,2022.0,2020.0
32011L0085,32009R0223,CITES,2011.0,2009.0
32022R0612R(02),32022R0612,CORRECTS,2022.0,2022.0
32022D0288R(01),32022D0288R(01),CORRECTS,2022.0,2022.0
32013R1311R(04),32013R1311R(04),CORRECTS,2013.0,2013.0
32022R2065R(02),32022R2065R(02),CORRECTS,2022.0,2022.0
32018R1805R(01),32018R1805R(01),CORRECTS,2018.0,2018.0
32023D1059R(01),32023D1059,CORRECTS,2023.0,2023.0
32020D0636R(01),32020D0636R(01),CORRECTS,2020.0,2020.0
32024R1623R(01),32024R1623R(01),CORRECTS,2024.0,2024.0
32019R1242R(01),32019R1242R(01),CORRECTS,2019.0,2019.0
32014L0053R(02),32014L0053R(02),CORRECTS,2014.0,2014.0
32010R1177R(01),32010R1177R(01),CORRECTS,2010.0,2010.0
32018L1808R(02),32018L1808,CORRECTS,2018.0,2018.0
32017R0830,32005R2111R(06),BASED_ON,2017.0,2005.0
32018R1541R(01),32018R1541R(01),CORRECTS,2018.0,2018.0
32016R0631R(04),32016R0631R(04),CORRECTS,2016.0,2016.0
32009R1107R(01),32009R1107R(01),CORRECTS,2009.0,2009.0
32015R0035R(09),32015R0035R(09),CORRECTS,2015.0,2015.0
32015L0637R(01),32015L0637R(01),CORRECTS,2015.0,2015.0
32022L0542R(03),32022L0542R(03),CORRECTS,2022.0,2022.0
32013R0883R(02),32013R0883R(02),CORRECTS,2013.0,2013.0
32017L1371R(02),32017L1371R(02),CORRECTS,2017.0,2017.0
32021R1149R(03),32021R1149R(03),CORRECTS,2021.0,2021.0
32016R1011R(01),32016R1011R(01),CORRECTS,2016.0,2016.0
32020R1125R(01),32019R0796R(02),BASED_ON,2020.0,2019.0
32025R0846,32014R0910R(09),BASED_ON,2025.0,2014.0
32024R1390,32019R0796R(02),BASED_ON,2024.0,2019.0
32022D1334R(01),32022D1334R(01),CORRECTS,2022.0,2022.0
32015R1017R(01),32015R1017R(01),CORRECTS,2015.0,2015.0
32017R0746R(06),32017R0746R(06),CORRECTS,2017.0,2017.0
32022R1501,32014R0208R(03),BASED_ON,2022.0,2014.0
32019R2023R(03),32009L0125R(02),BASED_ON,2019.0,2009.0
32015R1972,32014R0223,BASED_ON,2015.0,2014.0
32019R2144R(04),32019R2144R(04),CORRECTS,2019.0,2019.0
32014R0165R(01),32014R0165R(01),CORRECTS,2014.0,2014.0
32009L0114R(01),32009L0114R(01),CORRECTS,2009.0,2009.0
32015D1814R(02),32015D1814R(02),CORRECTS,2015.0,2015.0
32016D0687R(02),32016D0687R(01),CORRECTS,2016.0,2016.0
32024R1673,32014R0833,BASED_ON,2024.0,2014.0
32025D0632,32024R1620R(01),BASED_ON,2025.0,2024.0
32025R0471,32006R1893R(02),BASED_ON,2025.0,2006.0
32024D3197,32012D0389,BASED_ON,2024.0,2012.0
32025R0886,32019R0796R(02),BASED_ON,2025.0,2019.0
32022D0060R(01),32014D0415R(01),BASED_ON,2022.0,2014.0
32020R0855,32015L0849R(03),BASED_ON,2020.0,2015.0
32013R0150,32012R0648R(09),BASED_ON,2013.0,2012.0
32025D0967,32020D1639,BASED_ON,2025.0,2020.0
32025D0967,32017D2315R(02),BASED_ON,2025.0,2017.0
32015R0751R(01),32015R0751R(01),CORRECTS,2015.0,2015.0
32024R0873R(02),32024R0873R(03),CORRECTS,2024.0,2024.0
32008R0765R(03),32008R0765R(03),CORRECTS,2008.0,2008.0
32012R1215R(10),32012R1215R(10),CORRECTS,2012.0,2012.0
32021R0821R(04),32021R0821R(03),CORRECTS,2021.0,2021.0
32019R0881R(06),32019R0881R(05),CORRECTS,2019.0,2019.0
32009R0116R(01),32009R0116R(01),CORRECTS,2009.0,2009.0
32010R0913R(03),32010R0913R(02),CORRECTS,2010.0,2010.0
32023R2616,32021R0821R(03),BASED_ON,2023.0,2021.0
32009L0110R(03),32009L0110R(03),CORRECTS,2009.0,2009.0
32004L0113R(02),32004L0113R(03),CORRECTS,2004.0,2004.0
32005L0036R(07),32005L0036R(07),CORRECTS,2005.0,2005.0
32009D0406R(01),32009D0406R(01),CORRECTS,2009.0,2009.0
32017R2402R(01),32017R2402R(01),CORRECTS,2017.0,2017.0
32014R1299R(03),32014R1299R(05),CORRECTS,2014.0,2014.0
32013D0654R(01),32013D0654,CORRECTS,2013.0,2013.0
32023R2406,32018R1725R(02),CITES,2023.0,2018.0
32023R2406,32014L0065R(01),CITES,2023.0,2014.0
32023R2406,32015L0849R(03),CITES,2023.0,2015.0
32023R2406,32013R0952R(10),CITES,2023.0,2013.0
32023R2406,32013R0575R(02),CITES,2023.0,2013.0
32023R2406,32016R0679R(02),CITES,2023.0,2016.0
32024R2024,32020R1056R(01),BASED_ON,2024.0,2020.0
32019R0631R(01),32019R0631R(01),CORRECTS,2019.0,2019.0
32014R0514R(01),32014R0514R(01),CORRECTS,2014.0,2014.0
32014R0514R(03),32014R0514R(01),CORRECTS,2014.0,2014.0
32013R1304R(03),32013R1304R(03),CORRECTS,2013.0,2013.0
32018R1999R(03),32018R1999R(06),CORRECTS,2018.0,2018.0
32017R0352R(01),32017R0352R(01),CORRECTS,2017.0,2017.0
32014R0269R(03),32014R0269R(03),CORRECTS,2014.0,2014.0
32024R2025,32020R1056R(01),BASED_ON,2024.0,2020.0
32024R2000,32018L1972R(04),BASED_ON,2024.0,2018.0
32023D2686R(01),32023D2686R(01),CORRECTS,2023.0,2023.0
32023R2534R(01),32017R1369R(01),BASED_ON,2023.0,2017.0
32021D1828R(01),32021D1828R(01),CORRECTS,2021.0,2021.0
32018R1240R(05),32018R1240R(05),CORRECTS,2018.0,2018.0
32008R0593R(01),32008R0593R(01),CORRECTS,2008.0,2008.0
32022R1032R(04),32022R1032R(01),CORRECTS,2022.0,2022.0
32008L0050R(05),32008L0050R(05),CORRECTS,2008.0,2008.0
32017D0971R(01),32017D0971R(01),CORRECTS,2017.0,2017.0
32017R0459R(02),32017R0459R(02),CORRECTS,2017.0,2017.0
32020R1056R(02),32020R1056R(01),CORRECTS,2020.0,2020.0
32008L0048R(08),32008L0048R(08),CORRECTS,2008.0,2008.0
32020R1056R(01),32020R1056R(01),CORRECTS,2020.0,2020.0
32017R1538R(02),32017R1538,CORRECTS,2017.0,2017.0
32018D1993R(01),32018D1993R(01),CORRECTS,2018.0,2018.0
32024R1180R(01),32015R0758,BASED_ON,2024.0,2015.0
32025R0299,32023R1114R(05),BASED_ON,2025.0,2023.0
32025R0847,32014R0910R(09),BASED_ON,2025.0,2014.0
32017R0625R(07),32005R0001R(08),AMENDS,2017.0,2005.0
32017R0625R(07),32009R1107R(01),AMENDS,2017.0,2009.0
32010D0194,32009D0001,AMENDS,2010.0,2009.0
32024R2510,32018R1240R(05),BASED_ON,2024.0,2018.0
32025R0343,32018R1139R(04),BASED_ON,2025.0,2018.0
32024R1774R(01),32022R2554R(01),BASED_ON,2024.0,2022.0
32024D1888,32013R1315,BASED_ON,2024.0,2013.0
32024R2956,32022R2554R(01),BASED_ON,2024.0,2022.0
32024L0242,32009L0043,BASED_ON,2024.0,2009.0
32021D0698R(01),32021D0698,CORRECTS,2021.0,2021.0
32017D1474R(02),32017D1474R(02),CORRECTS,2017.0,2017.0
32013L0022R(01),32013L0022R(01),CORRECTS,2013.0,2013.0
32014R0452R(01),32014R0452R(01),CORRECTS,2014.0,2014.0
32013R0517R(02),32013R0517R(02),CORRECTS,2013.0,2013.0
32023R2510,32009L0081R(01),BASED_ON,2023.0,2009.0
32020R0446,32014R0515R(03),BASED_ON,2020.0,2014.0
32006R0601,32005R0184,BASED_ON,2006.0,2005.0
32009R0619R(01),32005R2111R(06),BASED_ON,2009.0,2005.0
32010R0273,32005R2111R(06),BASED_ON,2010.0,2005.0
32023D2408,32021D0689R(02),CITES,2023.0,2021.0
32023D2408,32010R0904R(04),CITES,2023.0,2010.0
32024D2840,32021D0509R(01),CITES,2024.0,2021.0
32024D2840,32008E0944,CITES,2024.0,2008.0
32023D0921R(01),32023D0921R(01),CORRECTS,2023.0,2023.0
32019R2243R(01),32015R2120,CITES,2019.0,2015.0
32019R2243R(01),32005L0029R(03),CITES,2019.0,2005.0
32019R2243R(01),32011L0083R(05),CITES,2019.0,2011.0
32019R2243R(01),32019L0882R(01),CITES,2019.0,2019.0
32019R2243R(01),32016R0679R(02),CITES,2019.0,2016.0
32023D2062,32021D0509R(01),CITES,2023.0,2021.0
32023D2062,32008E0944,CITES,2023.0,2008.0
32019D2110R(01),32019D2110R(01),CORRECTS,2019.0,2019.0
32019R1842R(01),32019R1842R(01),CORRECTS,2019.0,2019.0
32014R0909R(07),32014R0909R(06),CORRECTS,2014.0,2014.0
32022L2380R(01),32022L2380,CORRECTS,2022.0,2022.0
32022R0996R(01),32022R0996R(01),CORRECTS,2022.0,2022.0
32018D1797R(01),32018D1797R(01),CORRECTS,2018.0,2018.0
32019D1909R(01),32019D1909R(02),CORRECTS,2019.0,2019.0
32024L1499R(01),32024L1499R(01),CORRECTS,2024.0,2024.0
32024R3144R(01),32024R3144R(01),CORRECTS,2024.0,2024.0
32020D1746R(01),32020D1746R(01),CORRECTS,2020.0,2020.0
32009D0489,32006D1005,BASED_ON,2009.0,2006.0
32022L2555R(03),32022L2555R(06),CORRECTS,2022.0,2022.0
32021R0821R(03),32021R0821R(03),CORRECTS,2021.0,2021.0
32017R1485,32009R0714,BASED_ON,2017.0,2009.0
32021R1722,32015L2366R(06),BASED_ON,2021.0,2015.0
32015R0983R(01),32015R0983R(01),CORRECTS,2015.0,2015.0
32024R0900R(01),32024R0900R(01),CORRECTS,2024.0,2024.0
32019R0943R(03),32019R0943R(03),CORRECTS,2019.0,2019.0
32014R0275R(01),32014R0275,CORRECTS,2014.0,2014.0
32017D0899R(01),32017D0899R(01),CORRECTS,2017.0,2017.0
32022R2202,32022R0342,CITES,2022.0,2022.0
32020R0776R(01),32020R0776R(01),CORRECTS,2020.0,2020.0
32021R0240R(01),32021R0240R(01),CORRECTS,2021.0,2021.0
32018D0661R(02),32018D0661,CORRECTS,2018.0,2018.0
32013R0543R(02),32009R0714,BASED_ON,2013.0,2009.0
32011R0282R(02),32011R0282R(02),CORRECTS,2011.0,2011.0
32021D2134R(01),32021D2134R(01),CORRECTS,2021.0,2021.0
32024R3172R(01),32024R3172,CORRECTS,2024.0,2024.0
32022D0399R(01),32022D0399R(01),CORRECTS,2022.0,2022.0
32018R1999R(05),32018R1999R(06),CORRECTS,2018.0,2018.0
32019R0945R(04),32019R0945R(04),CORRECTS,2019.0,2019.0
32014R0312R(02),32014R0312R(02),CORRECTS,2014.0,2014.0
32019L2177R(02),32019L2177R(02),CORRECTS,2019.0,2019.0
32013R0389R(01),32013R0389R(01),CORRECTS,2013.0,2013.0
32015R0377R(01),32015R0377R(01),CORRECTS,2015.0,2015.0
32012R0919,32012R0236R(01),BASED_ON,2012.0,2012.0
32020R0852R(06),32020R0852R(06),CORRECTS,2020.0,2020.0
32017R0392R(01),32017R0392,CORRECTS,2017.0,2017.0
32014L0092R(01),32014L0092R(01),CORRECTS,2014.0,2014.0
32009D0381R(01),32009D0381,CORRECTS,2009.0,2009.0
32022L2555R(02),32022L2555R(06),CORRECTS,2022.0,2022.0
32012R0267R(07),32012R0267R(07),CORRECTS,2012.0,2012.0
32007R0861R(03),32007R0861R(03),CORRECTS,2007.0,2007.0
32015R0848R(06),32015R0848R(06),CORRECTS,2015.0,2015.0
32015R0760R(01),32015R0760R(01),CORRECTS,2015.0,2015.0
32014R1301R(05),32014R1301R(05),CORRECTS,2014.0,2014.0
32014R0342R(01),32014R0342R(01),CORRECTS,2014.0,2014.0
32022R1925R(01),32022R1925R(01),CORRECTS,2022.0,2022.0
32020R1536R(02),32020R1536R(02),CORRECTS,2020.0,2020.0
32022L2555R(01),32022L2555R(06),CORRECTS,2022.0,2022.0
32022R1032R(02),32022R1032R(01),CORRECTS,2022.0,2022.0
32017L2054,32009L0043,BASED_ON,2017.0,2009.0
32016D0422,32013R0391,BASED_ON,2016.0,2013.0
32016L0680R(03),32016L0680R(03),CORRECTS,2016.0,2016.0
32018R0858R(08),32018R0858R(08),CORRECTS,2018.0,2018.0
32019R1149R(01),32019R1149R(01),CORRECTS,2019.0,2019.0
32022R0132R(02),32022R0132R(02),CORRECTS,2022.0,2022.0
32010D0017R(01),32010D0017R(01),CORRECTS,2010.0,2010.0
32019L0790R(01),32019L0790R(01),CORRECTS,2019.0,2019.0
32008R0767R(04),32008R0767R(04),CORRECTS,2008.0,2008.0
32021R0451R(04),32013R0575R(02),BASED_ON,2021.0,2013.0
32013R0909R(01),32005L0044,BASED_ON,2013.0,2005.0
32012R0748R(15),32008R0216,BASED_ON,2012.0,2008.0
32025D0543,32019R0317,BASED_ON,2025.0,2019.0
32024R1739,32014D0145R(05),BASED_ON,2024.0,2014.0
32024R2980R(01),32014R0910R(09),BASED_ON,2024.0,2014.0
32024R1469,32024D1470,BASED_ON,2024.0,2024.0
32024R2982,32014R0910R(09),BASED_ON,2024.0,2014.0
32024R0855,32013R0575R(02),BASED_ON,2024.0,2013.0
32017D0899R(03),32017D0899R(01),CORRECTS,2017.0,2017.0
32019R2017R(03),32019R2017R(03),CORRECTS,2019.0,2019.0
32019L1151R(01),32019L1151R(01),CORRECTS,2019.0,2019.0
32020D2252R(02),32020D2252R(01),CORRECTS,2020.0,2020.0
32017R1084R(03),32017R1084R(01),CORRECTS,2017.0,2017.0
32014R0513R(01),32014R0513,CORRECTS,2014.0,2014.0
32017R1800R(01),32012R0648R(09),BASED_ON,2017.0,2012.0
32022R0828,32019R0943R(03),BASED_ON,2022.0,2019.0
32016R0583R(01),32008R0216,BASED_ON,2016.0,2008.0
32021L0514R(02),32021L0514R(02),CORRECTS,2021.0,2021.0
32014H0897R(01),32014H0897R(01),CORRECTS,2014.0,2014.0
32016R1388R(03),32016R1388R(03),CORRECTS,2016.0,2016.0
32019R0947R(07),32019R0947R(07),CORRECTS,2019.0,2019.0
32016R1375R(02),32016R1375,CORRECTS,2016.0,2016.0
32022R0229R(01),32022R0229R(01),CORRECTS,2022.0,2022.0
32020D0414R(01),32020D0414R(03),CORRECTS,2020.0,2020.0
32024R0827,32014R0208R(03),BASED_ON,2024.0,2014.0
32022R2311,32012R0648R(09),BASED_ON,2022.0,2012.0
32020R1230,32017R2402R(01),BASED_ON,2020.0,2017.0
32006R0216R(01),32006R0216,CORRECTS,2006.0,2006.0
32022R1862R(01),32019R0517,BASED_ON,2022.0,2019.0
32024R0912,32011L0061R(02),BASED_ON,2024.0,2011.0
32025R0300,32023R1114R(05),BASED_ON,2025.0,2023.0
32023D2669,32012R1025,BASED_ON,2023.0,2012.0
32024R0264R(01),32008R1099,BASED_ON,2024.0,2008.0
32024R2613,32021R1153R(01),BASED_ON,2024.0,2021.0
32014R1299R(01),32014R1299R(05),CORRECTS,2014.0,2014.0
32013R0149R(01),32013R0149R(01),CORRECTS,2013.0,2013.0
32022R1302,32014L0065R(01),BASED_ON,2022.0,2014.0
32024R0404R(01),32018R1139R(04),BASED_ON,2024.0,2018.0
32014R1299R(04),32014R1299R(05),CORRECTS,2014.0,2014.0
32014R1299R(05),32014R1299R(05),CORRECTS,2014.0,2014.0
32009R0663R(01),32009R0663R(01),CORRECTS,2009.0,2009.0
32022R2453R(01),32022R2453R(01),CORRECTS,2022.0,2022.0
32024R1366R(01),32019R0943R(03),BASED_ON,2024.0,2019.0
32015R2447R(13),32013R0952R(10),BASED_ON,2015.0,2013.0
32012R0923R(22),32008R0216,BASED_ON,2012.0,2008.0
32022D1462,32018R1240R(05),BASED_ON,2022.0,2018.0
32022D0060R(01),32018D1993R(01),CITES,2022.0,2018.0
32013R0150,32010R1095,CITES,2013.0,2010.0
32006R0561R(10),32006R0561R(10),CORRECTS,2006.0,2006.0
32011R0305R(01),32011R0305R(01),CORRECTS,2011.0,2011.0
32008E0944R(01),32008E0944,CORRECTS,2008.0,2008.0
32014L0051R(04),32014L0051R(02),CORRECTS,2014.0,2014.0
32015L0849R(02),32015L0849R(03),CORRECTS,2015.0,2015.0
32014R0909R(05),32014R0909R(06),CORRECTS,2014.0,2014.0
32022R0466,32014R0600R(09),BASED_ON,2022.0,2014.0
32023D1681,32013R1024R(02),BASED_ON,2023.0,2013.0
32023D1681,32014R0468,BASED_ON,2023.0,2014.0
32020D1016,32013R1024R(02),BASED_ON,2020.0,2013.0
32004D0732,32004E0570,BASED_ON,2004.0,2004.0
32023D2199R(01),32008R1099,BASED_ON,2023.0,2008.0
32025R0173,32019R0796R(02),BASED_ON,2025.0,2019.0
32022R1214R(01),32020R0852R(06),BASED_ON,2022.0,2020.0
32018R0105,32015L0849R(03),BASED_ON,2018.0,2015.0
32017R2367,32009L0081R(01),BASED_ON,2017.0,2009.0
32017D0177,32010R0913R(02),BASED_ON,2017.0,2010.0
32023R1192,32021R0023,BASED_ON,2023.0,2021.0
32022R2295,32005R2111R(06),BASED_ON,2022.0,2005.0
32022R2202,32021R1153R(01),BASED_ON,2022.0,2021.0
32013H0466,32007H0879,CITES,2013.0,2007.0
32013H0466,32010H0572,CITES,2013.0,2010.0
32023Q02511,32018R1725R(02),BASED_ON,2023.0,2018.0
32023Q02511,32021R2085,BASED_ON,2023.0,2021.0
32024R1601R(01),32024R1601R(01),CORRECTS,2024.0,2024.0
32014R1318,32005R2111R(06),BASED_ON,2014.0,2005.0
32011R1251R(01),32009L0081R(01),BASED_ON,2011.0,2009.0
32014D0536,32009L0072,BASED_ON,2014.0,2009.0
32022D0785,32019R0317,BASED_ON,2022.0,2019.0
32020R1503R(01),32020R1503R(01),CORRECTS,2020.0,2020.0
32021D2032R(02),32021D2032R(02),CORRECTS,2021.0,2021.0
32025D0105R(01),32025D0105R(01),CORRECTS,2025.0,2025.0
32018R1207,32013R0952R(10),BASED_ON,2018.0,2013.0
32020R0256R(01),32019R1700,BASED_ON,2020.0,2019.0
32022D0906R(01),32022D0906,CORRECTS,2022.0,2022.0
32009R1071R(03),32009R1071R(03),CORRECTS,2009.0,2009.0
32013R0543R(02),32013R0543R(02),CORRECTS,2013.0,2013.0
32009L0081R(01),32009L0081R(01),CORRECTS,2009.0,2009.0
32024R2981,32014R0910R(09),BASED_ON,2024.0,2014.0
32024R2995,32017R1938R(01),BASED_ON,2024.0,2017.0
32024D2164,32006L0001,BASED_ON,2024.0,2006.0
32025D0319,32023D0162,BASED_ON,2025.0,2023.0
32023R1679,32022O0912R(03),CITES,2023.0,2022.0
32024D06798,32010L0040,BASED_ON,2024.0,2010.0
32023D2524,32015R1589R(02),BASED_ON,2023.0,2015.0
32023D2879R(01),32013R0952R(10),BASED_ON,2023.0,2013.0
32024R0163,32015L0849R(03),BASED_ON,2024.0,2015.0
32023R0660,32005R2111R(06),BASED_ON,2023.0,2005.0
32022D1979,32012L0018R(03),BASED_ON,2022.0,2012.0
32014D0901,32013D0255R(01),BASED_ON,2014.0,2013.0
32023R1193,32021R0023,BASED_ON,2023.0,2021.0
32017R1131R(01),32017R1131R(01),CORRECTS,2017.0,2017.0
32022D0356R(01),32022D0356R(01),CORRECTS,2022.0,2022.0
32006L0038R(01),32006L0038R(02),CORRECTS,2006.0,2006.0
32018R1785,32013R0952R(10),BASED_ON,2018.0,2013.0
32022R0695,32006L0022,BASED_ON,2022.0,2006.0
32021R0369,32015L0849R(03),BASED_ON,2021.0,2015.0
32023D2481,32019R0317,BASED_ON,2023.0,2019.0
32024D1067,32023R0588,BASED_ON,2024.0,2023.0
32024R0994R(01),32017R1369R(01),BASED_ON,2024.0,2017.0
32023D2784,32013D0233R(03),BASED_ON,2023.0,2013.0
32021R0775,32013R0952R(10),BASED_ON,2021.0,2013.0
32023R2444,32014L0053R(02),BASED_ON,2023.0,2014.0
32015R1100R(01),32012L0034R(06),BASED_ON,2015.0,2012.0
32023R0840,32021R0023,BASED_ON,2023.0,2021.0
32015D2249,32014D0800,CITES,2015.0,2014.0
32014L0051R(08),32014L0051R(02),CORRECTS,2014.0,2014.0
32024R1366R(01),32024R1366R(01),CORRECTS,2024.0,2024.0
32024R2493R(01),32024R2493R(01),CORRECTS,2024.0,2024.0
32023L2413R(01),32023L2413,CORRECTS,2023.0,2023.0
32019R1242R(01),32018R0956,AMENDS,2019.0,2018.0
32014R0431,32008R1099,AMENDS,2014.0,2008.0
32019R0362,32013R0150,AMENDS,2019.0,2013.0
32025D0850,32014D0486,BASED_ON,2025.0,2014.0
32024R0482R(01),32019R0881R(05),BASED_ON,2024.0,2019.0
32024D3223,32022R0869,BASED_ON,2024.0,2022.0
32022R0670,32010L0040,BASED_ON,2022.0,2010.0
32014D0110,32010L0013R(03),BASED_ON,2014.0,2010.0
32015D1097,32010L0013R(03),BASED_ON,2015.0,2010.0
32023R0935,32016R1036,BASED_ON,2023.0,2016.0
32016L0882,32007L0059,BASED_ON,2016.0,2007.0
32023R1769,32018R1139R(04),BASED_ON,2023.0,2018.0
32024D01459,32021R0694R(01),CITES,2024.0,2021.0
32024D01459,32021R0695R(03),CITES,2024.0,2021.0
32024D01459,32022R1925R(01),CITES,2024.0,2022.0
32024D01459,32022D2481,CITES,2024.0,2022.0
32024D01459,32022R2065R(02),CITES,2024.0,2022.0
32024D01459,32018R1046,CITES,2024.0,2018.0
32017R2010,32008R1099,AMENDS,2017.0,2008.0
32012R0260R(01),32009R0924,AMENDS,2012.0,2009.0
32020D0667,32012D0688,AMENDS,2020.0,2012.0
32018R0871,32006R0474R(03),AMENDS,2018.0,2006.0
32015R2340,32009L0081R(01),BASED_ON,2015.0,2009.0
32010R0913R(02),32010R0913R(02),CORRECTS,2010.0,2010.0
32014L0059R(14),32014L0059R(14),CORRECTS,2014.0,2014.0
32024D1248,32021D0509R(01),CITES,2024.0,2021.0
32024D1248,32023D1599,CITES,2024.0,2023.0
32024D1248,32008E0944,CITES,2024.0,2008.0
32024D0758,32011D0168,CITES,2024.0,2011.0
32024D0758,32013D0488R(01),CITES,2024.0,2013.0
32024D0742,32019R2175R(01),CITES,2024.0,2019.0
32024D0336,32023D0386,CITES,2024.0,2023.0
32023R1472,32005R0184,BASED_ON,2023.0,2005.0
32022R1475,32021R2115,BASED_ON,2022.0,2021.0
32022R0880,32014D0145R(05),BASED_ON,2022.0,2014.0
32012D0685,32006R1927,BASED_ON,2012.0,2006.0
32022D0765,32019R0317,BASED_ON,2022.0,2019.0
32022D0766,32019R0317,BASED_ON,2022.0,2019.0
32022D0768,32019R0317,BASED_ON,2022.0,2019.0
32022D0779,32019R0317,BASED_ON,2022.0,2019.0
32022D0775,32019R0317,BASED_ON,2022.0,2019.0
32018R0762R(02),32016L0798R(07),BASED_ON,2018.0,2016.0
32022D0770,32019R0317,BASED_ON,2022.0,2019.0
32022D0778,32019R0317,BASED_ON,2022.0,2019.0
32022D0764,32019R0317,BASED_ON,2022.0,2019.0
32022D0776,32019R0317,BASED_ON,2022.0,2019.0
32022D0769,32019R0317,BASED_ON,2022.0,2019.0
32022D0773,32019R0317,BASED_ON,2022.0,2019.0
32024R0911R(01),32024R0911R(01),CORRECTS,2024.0,2024.0
32013D0233R(01),32013D0233R(03),CORRECTS,2013.0,2013.0
32024D2176R(01),32024D2176,CORRECTS,2024.0,2024.0
32025D0823R(01),32025D0823R(01),CORRECTS,2025.0,2025.0
32024R2979R(01),32024R2979R(01),CORRECTS,2024.0,2024.0
32014R1299R(05),32008L0057,BASED_ON,2014.0,2008.0
32017D0178,32010R0913R(02),BASED_ON,2017.0,2010.0
32013D0725R(01),32012D0173,AMENDS,2013.0,2012.0
32020R0873,32013R0575R(02),AMENDS,2020.0,2013.0
32020R0873,32019R0876R(16),AMENDS,2020.0,2019.0
32013R0147R(01),32008R1099,AMENDS,2013.0,2008.0
32024D03936,32010L0013R(03),BASED_ON,2024.0,2010.0
32016D1353,32015D1835R(01),BASED_ON,2016.0,2015.0
32023R0736,32022R2578,BASED_ON,2023.0,2022.0
32020R0683,32018R0858R(08),BASED_ON,2020.0,2018.0
32020R1224R(01),32017R2402R(01),BASED_ON,2020.0,2017.0
32020R1225R(01),32017R2402R(01),BASED_ON,2020.0,2017.0
32018D2021,32013R0390,BASED_ON,2018.0,2013.0
32009D0449,32008D0626,BASED_ON,2009.0,2008.0
32017R0646,32014R0514R(01),BASED_ON,2017.0,2014.0
32023R0066,32021R0821R(03),BASED_ON,2023.0,2021.0
32023R0996,32021R0821R(03),BASED_ON,2023.0,2021.0
32022R1930,32014R0909R(06),BASED_ON,2022.0,2014.0
32018R1048R(01),32008R0216,BASED_ON,2018.0,2008.0
32015D1793,32014D0485,CITES,2015.0,2014.0
32023D1532,32014D0145R(05),CITES,2023.0,2014.0
32023D1532,32014R0833,CITES,2023.0,2014.0
32023D1532,32018R1725R(02),CITES,2023.0,2018.0
32023D1532,32021R0821R(03),CITES,2023.0,2021.0
32016R0005,32008R0216,BASED_ON,2016.0,2008.0
32008R0331,32005R2111R(06),BASED_ON,2008.0,2005.0
32015R2120R(01),32015R2120,CORRECTS,2015.0,2015.0
32015D1380,32006D0325,BASED_ON,2015.0,2006.0
32016R1055,32014R0596R(07),BASED_ON,2016.0,2014.0
32018L1581,32008R1099,CITES,2018.0,2008.0
32020D1631,32013O0024,CITES,2020.0,2013.0
32020D1631,32013R1071,CITES,2020.0,2013.0
32020D1631,32011O0023,CITES,2020.0,2011.0
32020D1631,32009R0223,CITES,2020.0,2009.0
32020D1631,32013R1072,CITES,2020.0,2013.0
32023D0385,32020D1639,BASED_ON,2023.0,2020.0
32023D0385,32017D2315R(02),BASED_ON,2023.0,2017.0
32016D0120,32012R1025,BASED_ON,2016.0,2012.0
32015R0909,32012L0034R(06),BASED_ON,2015.0,2012.0
32013L0022R(01),32006L0126R(01),AMENDS,2013.0,2006.0
32013L0022R(01),32006L0087,AMENDS,2013.0,2006.0
32014R0596R(07),32010L0078,AMENDS,2014.0,2010.0
32006D0500R(01),32006D0500,CORRECTS,2006.0,2006.0
32019R1163R(01),32017R1509R(02),AMENDS,2019.0,2017.0
32019R1163R(01),32011R0101R(02),AMENDS,2019.0,2011.0
32019R1163R(01),32017R2063,AMENDS,2019.0,2017.0
32019R1163R(01),32014R0208R(03),AMENDS,2019.0,2014.0
32019R1163R(01),32014R0269R(03),AMENDS,2019.0,2014.0
32019R1163R(01),32014R0833,AMENDS,2019.0,2014.0
32019R1163R(01),32012R0267R(07),AMENDS,2019.0,2012.0
32014L0090R(05),32009R0596,AMENDS,2014.0,2009.0
32011R0513,32009R1060R(01),AMENDS,2011.0,2009.0
32023R0410,32015L0849R(03),BASED_ON,2023.0,2015.0
32022R2059,32013R0575R(02),BASED_ON,2022.0,2013.0
32013R0575R(02),32012R0648R(09),AMENDS,2013.0,2012.0
32019R0776R(04),32016R0919,AMENDS,2019.0,2016.0
32019R0776R(04),32014R1301R(05),AMENDS,2019.0,2014.0
32019R0776R(04),32014R1299R(05),AMENDS,2019.0,2014.0
32019R0776R(04),32011D0665,AMENDS,2019.0,2011.0
32018R1999R(06),32009R0715,AMENDS,2018.0,2009.0
32018R1999R(06),32009L0031R(02),AMENDS,2018.0,2009.0
32018R1999R(06),32009L0119R(01),AMENDS,2018.0,2009.0
32018R1999R(06),32009R0663R(01),AMENDS,2018.0,2009.0
32018R1999R(06),32012L0027R(01),AMENDS,2018.0,2012.0
32018R1999R(06),32013L0030R(01),AMENDS,2018.0,2013.0
32018R1999R(06),32015L0652,AMENDS,2018.0,2015.0
32018R1999R(06),32010L0031R(03),AMENDS,2018.0,2010.0
32018R1999R(06),32009L0073,AMENDS,2018.0,2009.0
32017R2402R(01),32009R1060R(01),AMENDS,2017.0,2009.0
32017R2402R(01),32011L0061R(02),AMENDS,2017.0,2011.0
32017R2402R(01),32009L0065R(07),AMENDS,2017.0,2009.0
32017R2402R(01),32012R0648R(09),AMENDS,2017.0,2012.0
32017R2402R(01),32009L0138R(01),AMENDS,2017.0,2009.0
32014L0032R(02),32012R1025,AMENDS,2014.0,2012.0
32014L0032R(02),32008R1137R(02),AMENDS,2014.0,2008.0
32024R2724,32016R1037R(01),BASED_ON,2024.0,2016.0
32023R2381,32009R1071R(03),BASED_ON,2023.0,2009.0
32020D1015,32013R1024R(02),BASED_ON,2020.0,2013.0
32023D0468,32018L1972R(04),BASED_ON,2023.0,2018.0
32023D1602,32018R1046,BASED_ON,2023.0,2018.0
32013R1264,32012R1146,CITES,2013.0,2012.0
32013R1264,32012R0965R(04),CITES,2013.0,2012.0
32014R0912,32012R0966,CITES,2014.0,2012.0
32014R0912,32012R1219,CITES,2014.0,2012.0
32014R0912,32011R0182R(02),CITES,2014.0,2011.0
32023D1160,32019R0788R(02),BASED_ON,2023.0,2019.0
32022R0328R(07),32022D0327R(01),BASED_ON,2022.0,2022.0
32024R2465,32024R1485,AMENDS,2024.0,2024.0
32024R2465,32014R0269R(03),AMENDS,2024.0,2014.0
32024R2465,32023R2406,AMENDS,2024.0,2023.0
32024R2465,32011R0101R(02),AMENDS,2024.0,2011.0
32024R2465,32024R0386,AMENDS,2024.0,2024.0
32024R2465,32017R1509R(02),AMENDS,2024.0,2017.0
32024R2465,32023R2147,AMENDS,2024.0,2023.0
32024R2465,32014R0833,AMENDS,2024.0,2014.0
32024R2465,32017R2063,AMENDS,2024.0,2017.0
32024R2465,32024R0287,AMENDS,2024.0,2024.0
32024R2465,32023R1529,AMENDS,2024.0,2023.0
32024R2465,32014R0208R(03),AMENDS,2024.0,2014.0
32024R2465,32012R0267R(07),AMENDS,2024.0,2012.0
32024R2465,32019R0796R(02),AMENDS,2024.0,2019.0
32019L2121,32017L1132R(03),AMENDS,2019.0,2017.0
32007R1400,32006R0474R(03),AMENDS,2007.0,2006.0
32024D0742,32010R1093,BASED_ON,2024.0,2010.0
32021R0654,32009H0396,CITES,2021.0,2009.0
32020R1228,32020R1230,CITES,2020.0,2020.0
32020R1228,32009L0065R(07),CITES,2020.0,2009.0
32020R1228,32010R1095,CITES,2020.0,2010.0
32025D0893,32012R1025,BASED_ON,2025.0,2012.0
32009F0299R(01),32008F0909R(03),AMENDS,2009.0,2008.0
32009F0299R(01),32006F0783R(01),AMENDS,2009.0,2006.0
32009F0299R(01),32008F0947R(03),AMENDS,2009.0,2008.0
32005R1207R(01),32005R1207R(01),CORRECTS,2005.0,2005.0
32006D0856R(01),32006D0856R(01),CORRECTS,2006.0,2006.0
32006D0355R(01),32006D0355R(01),CORRECTS,2006.0,2006.0
32005D0905R(01),32005D0905,CORRECTS,2005.0,2005.0
32017R0571,32014L0065R(01),BASED_ON,2017.0,2014.0
32020R1054R(07),32014R0165R(01),AMENDS,2020.0,2014.0
32020R1054R(07),32006R0561R(10),AMENDS,2020.0,2006.0
32023L0959R(06),32015D1814R(02),AMENDS,2023.0,2015.0
32017L2455R(06),32009L0132,AMENDS,2017.0,2009.0
32017L2455R(06),32006L0112R(20),AMENDS,2017.0,2006.0
32020O1690,32014O0060R(01),AMENDS,2020.0,2014.0
32020R1208,32018R1999R(06),BASED_ON,2020.0,2018.0
32018R1973,32005L0044,BASED_ON,2018.0,2005.0
32010D0049,32008R0767R(04),BASED_ON,2010.0,2008.0
32023R0130,32021R2115,BASED_ON,2023.0,2021.0
32014L0091R(02),32009L0065R(07),AMENDS,2014.0,2009.0
32020R2223,32013R0883R(02),AMENDS,2020.0,2013.0
32016L0970,32009L0043,BASED_ON,2016.0,2009.0
32024Q02022,32018R1725R(02),BASED_ON,2024.0,2018.0
32024D04431,32010D0427,BASED_ON,2024.0,2010.0
32025D0264,32010L0040,BASED_ON,2025.0,2010.0
32024R1772,32022R2554R(01),BASED_ON,2024.0,2022.0
32025R0295,32022R2554R(01),BASED_ON,2025.0,2022.0
32025R0297,32023R1114R(05),BASED_ON,2025.0,2023.0
32024R2809,32014R0596R(07),AMENDS,2024.0,2014.0
32024R2809,32017R1129R(02),AMENDS,2024.0,2017.0
32024R2809,32014R0600R(09),AMENDS,2024.0,2014.0
32023R0451,32021R0023,BASED_ON,2023.0,2021.0
32023R0449,32014R0208R(03),BASED_ON,2023.0,2014.0
32021R2115,32013R1305R(01),REPEALS,2021.0,2013.0
32018R2000,32014R0516,AMENDS,2018.0,2014.0
32013D0245,32009D0971,REPEALS,2013.0,2009.0
32021D0879,32019R2175R(01),CITES,2021.0,2019.0
32017R0389,32014L0065R(01),CITES,2017.0,2014.0
32017R0389,32014R0600R(09),CITES,2017.0,2014.0
32009D0765,32005D0449,CITES,2009.0,2005.0
32021D1038,32020D0636R(01),CITES,2021.0,2020.0
32010D0212,32006E0419,CITES,2010.0,2006.0
32010D0212,32005E0329,CITES,2010.0,2005.0
32010D0212,32008E0368,CITES,2010.0,2008.0
32010D0212,32008E0588,CITES,2010.0,2008.0
32010D0212,32008E0314,CITES,2010.0,2008.0
32024R1998,32013R0952R(10),BASED_ON,2024.0,2013.0
32018L0645,32006L0126R(01),AMENDS,2018.0,2006.0
32021D2008R(01),32018D0340R(01),AMENDS,2021.0,2018.0
32022R0072,32021R2011,AMENDS,2022.0,2021.0
32017R2215,32006R0474R(03),AMENDS,2017.0,2006.0
32013D0442,32013R0347,CITES,2013.0,2013.0
32013D0442,32011R1227,CITES,2013.0,2011.0
32013D0442,32010R0994,CITES,2013.0,2010.0
32008E0588,32007E0468,CITES,2008.0,2007.0
32008E0588,32006E0243,CITES,2008.0,2006.0
32012D0226,32009D0460,CITES,2012.0,2009.0
32017R1151R(04),32007L0046,AMENDS,2017.0,2007.0
32019R0289,32014R0702R(01),AMENDS,2019.0,2014.0
32020R0877,32015R2446R(12),AMENDS,2020.0,2015.0
32016R1185R(03),32012R0923R(22),AMENDS,2016.0,2012.0
32011L0061R(02),32010R1095,AMENDS,2011.0,2010.0
32011L0061R(02),32009L0065R(07),AMENDS,2011.0,2009.0
32011L0061R(02),32009R1060R(01),AMENDS,2011.0,2009.0
32020R1744,32020R1125R(01),CITES,2020.0,2020.0
32016R1185R(03),32012R0923R(22),IMPLICITLY_REPEALS,2016.0,2012.0
32019R1700,32009R0596,IMPLICITLY_REPEALS,2019.0,2009.0
32019R1700,32008R1137R(02),IMPLICITLY_REPEALS,2019.0,2008.0
32016D2360,32015D0528,CITES,2016.0,2015.0
32021R0775,32015R2447R(13),CITES,2021.0,2015.0
32021R0775,32020D2252R(01),CITES,2021.0,2020.0
32025L0290,32009L0043,AMENDS,2025.0,2009.0
32017R0625R(07),32009R0596,IMPLICITLY_REPEALS,2017.0,2009.0
32024R3005,32023R2859,AMENDS,2024.0,2023.0
32024R1252R(01),32013R0168R(03),AMENDS,2024.0,2013.0
32024R1252R(01),32018R1724,AMENDS,2024.0,2018.0
32024R1252R(01),32018R0858R(08),AMENDS,2024.0,2018.0
32024R1252R(01),32019R1020R(05),AMENDS,2024.0,2019.0
32024R3144R(01),32024R0482R(01),AMENDS,2024.0,2024.0
32014R0240,32013R1303R(04),BASED_ON,2014.0,2013.0
32022D2191,32012R1025,BASED_ON,2022.0,2012.0
32022R1463R(01),32018R1724,BASED_ON,2022.0,2018.0
32023R1123,32016R1037R(01),BASED_ON,2023.0,2016.0
32023R0370,32021R2115,BASED_ON,2023.0,2021.0
32024R1943,32016R1036,BASED_ON,2024.0,2016.0
32023D0920,32021D2134R(01),CITES,2023.0,2021.0
32023D0920,32008E0944,CITES,2023.0,2008.0
32023D0920,32022D2352,CITES,2023.0,2022.0
32023D0920,32021D0509R(01),CITES,2023.0,2021.0
32014R0513,32007D0125,REPEALS,2014.0,2007.0
32024L1785,32010L0075R(11),AMENDS,2024.0,2010.0
32020D0117,32011D0072,AMENDS,2020.0,2011.0
32014R0909R(06),32012R0236R(01),AMENDS,2014.0,2012.0
32014R0909R(06),32014L0065R(01),AMENDS,2014.0,2014.0
32015L1535,32012R1025,AMENDS,2015.0,2012.0
32023R1214R(06),32014R0833,AMENDS,2023.0,2014.0
32021R0694R(01),32015D2240,REPEALS,2021.0,2015.0
32019R0776R(04),32016L0797R(10),BASED_ON,2019.0,2016.0
32009R0810R(06),32008R0767R(04),AMENDS,2009.0,2008.0
32009R0810R(06),32006R0562,AMENDS,2009.0,2006.0
32019R0125R(01),32013R0517R(02),AMENDS,2019.0,2013.0
32023R1694,32014R1300R(07),AMENDS,2023.0,2014.0
32023R1694,32014R1299R(05),AMENDS,2023.0,2014.0
32023R1694,32014R1301R(05),AMENDS,2023.0,2014.0
32014R0651R(05),32008R0800,REPEALS,2014.0,2008.0
32014R1301R(05),32008D0284,REPEALS,2014.0,2008.0
32018R1139R(04),32008R0216,REPEALS,2018.0,2008.0
32018R1541R(01),32018R1541R(01),DOES_REPLACEMENT,2018.0,2018.0
32016R0631R(04),32016R0631R(04),DOES_REPLACEMENT,2016.0,2016.0
32015R0035R(09),32015R0035R(09),DOES_REPLACEMENT,2015.0,2015.0
32018L1581,32009L0119R(01),AMENDS,2018.0,2009.0
32025R0327,32024R2847,AMENDS,2025.0,2024.0
32025R0327,32011L0024R(04),AMENDS,2025.0,2011.0
32024R2847,32013R0168R(03),AMENDS,2024.0,2013.0
32024R2847,32019R1020R(05),AMENDS,2024.0,2019.0
32024R2847,32020L1828,AMENDS,2024.0,2020.0
32013R1303R(04),32006R1083,REPEALS,2013.0,2006.0
32006L0103R(01),32006L0059,AMENDS,2006.0,2006.0
32021L0514R(02),32011L0016,AMENDS,2021.0,2011.0
32016R0399R(05),32009R0810R(06),IMPLICITLY_REPEALS,2016.0,2009.0
32014L0025R(07),32013L0016,IMPLICITLY_REPEALS,2014.0,2013.0
32014L0025R(07),32009R1177,IMPLICITLY_REPEALS,2014.0,2009.0
32022R2065R(02),32020L1828,AMENDS,2022.0,2020.0
32025L0516,32006L0112R(20),AMENDS,2025.0,2006.0
32017D1342,32016D1339,CITES,2017.0,2016.0
32017D1342,32016D0207,CITES,2017.0,2016.0
32011L0092R(02),32009L0031R(02),AMENDS,2011.0,2009.0
32009R0923,32006R1692,AMENDS,2009.0,2006.0
32018L1972R(04),32009R0544,REPEALS,2018.0,2009.0
32018L1972R(04),32015R2120,REPEALS,2018.0,2015.0
32018L1972R(04),32007R0717,REPEALS,2018.0,2007.0
32018L1972R(04),32012D0243,REPEALS,2018.0,2012.0
32018L1972R(04),32009L0136,REPEALS,2018.0,2009.0
32018L1972R(04),32009L0140,REPEALS,2018.0,2009.0
32023R2845,32014R0909R(06),AMENDS,2023.0,2014.0
32023R2845,32012R0236R(01),AMENDS,2023.0,2012.0
32022R0576R(05),32014R0833,AMENDS,2022.0,2014.0
32023R2364R(01),32016D0971,CITES,2023.0,2016.0
32024D1981,32022D0735,CITES,2024.0,2022.0
32020R0605,32015R0534R(01),AMENDS,2020.0,2015.0
32005L0029R(03),32004R2006,AMENDS,2005.0,2004.0
32023D0385,32018D0909,CITES,2023.0,2018.0
32023D0385,32018D0340R(01),CITES,2023.0,2018.0
32023D0384,32021D0509R(01),CITES,2023.0,2021.0
32023D0384,32008E0944,CITES,2023.0,2008.0
32022D2356,32008E0944,CITES,2022.0,2008.0
32022D2356,32021D0509R(01),CITES,2022.0,2021.0
32009R1072R(03),32009R1072R(03),DOES_REPLACEMENT,2009.0,2009.0
32018R0502R(01),32018R0502R(01),DOES_REPLACEMENT,2018.0,2018.0
32017R1354R(01),32017R1354,DOES_REPLACEMENT,2017.0,2017.0
32014L0023R(05),32014L0023R(05),DOES_REPLACEMENT,2014.0,2014.0
32023L2673,32011L0083R(05),AMENDS,2023.0,2011.0
32024R1962,32022R1475,AMENDS,2024.0,2022.0
32024R1962,32021R2289R(01),AMENDS,2024.0,2021.0
32013R1306R(05),32013R1306R(05),DOES_REPLACEMENT,2013.0,2013.0
32017R1800R(01),32017R1800R(01),DOES_REPLACEMENT,2017.0,2017.0
32014R1318,32006R0474R(03),AMENDS,2014.0,2006.0
32011R1251R(01),32009L0081R(01),AMENDS,2011.0,2009.0
32019R0779R(02),32011R0445,REPEALS,2019.0,2011.0
32021D1764R(01),32013D0755,REPEALS,2021.0,2013.0
32015L2302,32004R2006,AMENDS,2015.0,2004.0
32015L2302,32011L0083R(05),AMENDS,2015.0,2011.0
32020R0521,32016R0369,AMENDS,2020.0,2016.0
32017R2226R(03),32008R0767R(04),AMENDS,2017.0,2008.0
32017R2226R(03),32011R1077,AMENDS,2017.0,2011.0
32022L0542R(03),32006L0112R(20),AMENDS,2022.0,2006.0
32024R2987,32012R0648R(09),AMENDS,2024.0,2012.0
32024R2987,32017R1131R(01),AMENDS,2024.0,2017.0
32024R2987,32010R1095,AMENDS,2024.0,2010.0
32024R2987,32013R0575R(02),AMENDS,2024.0,2013.0
32019R0817,32018R1240R(05),AMENDS,2019.0,2018.0
32019R0817,32017R2226R(03),AMENDS,2019.0,2017.0
32019R0817,32008R0767R(04),AMENDS,2019.0,2008.0
32019R0817,32016R0399R(05),AMENDS,2019.0,2016.0
32012D0462,32006D0066,AMENDS,2012.0,2006.0
32022L0362R(04),32019L0520,AMENDS,2022.0,2019.0
32014R1301R(05),32012D0464,AMENDS,2014.0,2012.0
32018R1139R(04),32014L0053R(02),AMENDS,2018.0,2014.0
32018R1139R(04),32005R2111R(06),AMENDS,2018.0,2005.0
32018R1139R(04),32014L0030R(02),AMENDS,2018.0,2014.0
32018R1139R(04),32008R1008R(02),AMENDS,2018.0,2008.0
32014R0165R(01),32013R0517R(02),AMENDS,2014.0,2013.0
32014R0165R(01),32006R0561R(10),AMENDS,2014.0,2006.0
32018R0762R(02),32018R0762R(02),DOES_REPLACEMENT,2018.0,2018.0
32013L0034R(07),32006L0043R(04),AMENDS,2013.0,2006.0
32021R0235,32015R2447R(13),AMENDS,2021.0,2015.0
32019L2177R(02),32015L0849R(03),AMENDS,2019.0,2015.0
32019L2177R(02),32009L0138R(01),AMENDS,2019.0,2009.0
32019L2177R(02),32014L0065R(01),AMENDS,2019.0,2014.0
32021R0023,32014R0806R(05),AMENDS,2021.0,2014.0
32021R0023,32004L0025,AMENDS,2021.0,2004.0
32021R0023,32015R2365,AMENDS,2021.0,2015.0
32021R0023,32017L1132R(03),AMENDS,2021.0,2017.0
32021R0023,32014R0600R(09),AMENDS,2021.0,2014.0
32021R0023,32007L0036R(01),AMENDS,2021.0,2007.0
32021R0023,32012R0648R(09),AMENDS,2021.0,2012.0
32021R0023,32010R1095,AMENDS,2021.0,2010.0
32021R0023,32014L0059R(14),AMENDS,2021.0,2014.0
32012L0034R(06),32006L0103R(01),AMENDS,2012.0,2006.0
32012L0034R(06),32007L0058,AMENDS,2012.0,2007.0
32009R0619R(01),32006R0474R(03),AMENDS,2009.0,2006.0
32010R0273,32006R0474R(03),AMENDS,2010.0,2006.0
32024L1619,32013L0036R(07),AMENDS,2024.0,2013.0
32018R0302R(03),32018R0302R(03),DOES_REPLACEMENT,2018.0,2018.0
32017R1084R(04),32017R1084R(01),DOES_REPLACEMENT,2017.0,2017.0
32014L0040R(05),32014L0040R(05),DOES_REPLACEMENT,2014.0,2014.0
32017R0207R(01),32017R0207,DOES_REPLACEMENT,2017.0,2017.0
32010R0791,32006R0474R(03),AMENDS,2010.0,2006.0
32024R1157R(03),32020R1056R(01),AMENDS,2024.0,2020.0
32004D0739R(01),32004D0739,CORRECTS,2004.0,2004.0
32012R0295,32006R0474R(03),AMENDS,2012.0,2006.0
32011R1197,32006R0474R(03),AMENDS,2011.0,2006.0
32009R1144,32006R0474R(03),AMENDS,2009.0,2006.0
32016R0399R(05),32009R0810R(06),AMENDS,2016.0,2009.0
32014L0025R(07),32011R1251R(01),AMENDS,2014.0,2011.0
32014L0025R(07),32013R1336,AMENDS,2014.0,2013.0
32014L0025R(07),32009L0081R(01),AMENDS,2014.0,2009.0
32014L0025R(07),32009R1177,AMENDS,2014.0,2009.0
32014L0025R(07),32013L0016,AMENDS,2014.0,2013.0
32014L0025R(07),32009R0596,AMENDS,2014.0,2009.0
32014L0025R(07),32006L0097,AMENDS,2014.0,2006.0
32018R1971R(01),32015R2120,AMENDS,2018.0,2015.0
32010D0368,32006D0771,AMENDS,2010.0,2006.0
32021R1134R(04),32009R0810R(06),AMENDS,2021.0,2009.0
32021R1134R(04),32016R0399R(05),AMENDS,2021.0,2016.0
32021R1134R(04),32019R0817,AMENDS,2021.0,2019.0
32021R1134R(04),32008R0767R(04),AMENDS,2021.0,2008.0
32021R1134R(04),32018R1240R(05),AMENDS,2021.0,2018.0
32021R1134R(04),32017R2226R(03),AMENDS,2021.0,2017.0
32014L0053R(02),32009R0596,AMENDS,2014.0,2009.0
32020D0590,32019D0784,AMENDS,2020.0,2019.0
32006D0500,32005D0905,CITES,2006.0,2005.0
32022D2063,32020D0637,AMENDS,2022.0,2020.0
32020O1554,32011O0023,AMENDS,2020.0,2011.0
32019R0876R(16),32012R0648R(09),AMENDS,2019.0,2012.0
32019R0876R(16),32013R0575R(02),AMENDS,2019.0,2013.0
32014R1300R(07),32012D0464,AMENDS,2014.0,2012.0
32019R0263,32014R0964,AMENDS,2019.0,2014.0
32020R0469R(02),32012R0923R(22),AMENDS,2020.0,2012.0
32020R0469R(02),32017R0373R(05),AMENDS,2020.0,2017.0
32020R0469R(02),32014R0139R(11),AMENDS,2020.0,2014.0
32018L1972R(04),32015R2120,IMPLICITLY_REPEALS,2018.0,2015.0
32018L1972R(04),32009L0136,IMPLICITLY_REPEALS,2018.0,2009.0
32015R0035R(09),32009L0138R(01),BASED_ON,2015.0,2009.0
32024R0982R(01),32019R0818R(01),AMENDS,2024.0,2019.0
32024R0982R(01),32019R0817,AMENDS,2024.0,2019.0
32024L1711,32018L2001R(10),AMENDS,2024.0,2018.0
32024L1711,32019L0944R(05),AMENDS,2024.0,2019.0
32014L0035,32006L0095,REPEALS,2014.0,2006.0
32014L0030R(02),32004L0108,REPEALS,2014.0,2004.0
32022R0869,32013R1391,IMPLICITLY_REPEALS,2022.0,2013.0
32022R0869,32016R0089,IMPLICITLY_REPEALS,2022.0,2016.0
32022R0869,32020R0389,IMPLICITLY_REPEALS,2022.0,2020.0
32022R0869,32018R0540,IMPLICITLY_REPEALS,2022.0,2018.0
32024R1157R(03),32024R1157R(03),CORRECTS,2024.0,2024.0
32023L2225R(01),32023L2225R(01),CORRECTS,2023.0,2023.0
32019R0776R(04),32014R1299R(05),DOES_REPLACEMENT,2019.0,2014.0
32019R0776R(04),32011D0665,DOES_REPLACEMENT,2019.0,2011.0
32019R0776R(04),32014R1301R(05),DOES_REPLACEMENT,2019.0,2014.0
32019R0776R(04),32016R0919,DOES_REPLACEMENT,2019.0,2016.0
32018R1999R(06),32015L0652,DOES_REPLACEMENT,2018.0,2015.0
32018R1999R(06),32012L0027R(01),DOES_REPLACEMENT,2018.0,2012.0
32018R1999R(06),32010L0031R(03),DOES_REPLACEMENT,2018.0,2010.0
32018R1999R(06),32009L0073,DOES_REPLACEMENT,2018.0,2009.0
32018R1999R(06),32009L0031R(02),DOES_REPLACEMENT,2018.0,2009.0
32018R1999R(06),32009L0119R(01),DOES_REPLACEMENT,2018.0,2009.0
32017R2402R(01),32009L0138R(01),DOES_REPLACEMENT,2017.0,2009.0
32017R2402R(01),32011L0061R(02),DOES_REPLACEMENT,2017.0,2011.0
32017R2402R(01),32009L0065R(07),DOES_REPLACEMENT,2017.0,2009.0
32017R2402R(01),32012R0648R(09),DOES_REPLACEMENT,2017.0,2012.0
32017R2402R(01),32009R1060R(01),DOES_REPLACEMENT,2017.0,2009.0
32018R1541R(01),32010R0904R(04),AMENDS,2018.0,2010.0
32018R1541R(01),32017R2454,AMENDS,2018.0,2017.0
32013R0462R(01),32009R1060R(01),AMENDS,2013.0,2009.0
32022R0428R(06),32014R0833,AMENDS,2022.0,2014.0
32014L0040R(05),32009R0596,AMENDS,2014.0,2009.0
32021R2126,32019R0452R(01),AMENDS,2021.0,2019.0
32016R1013,32005R0184,AMENDS,2016.0,2005.0
32016R1375,32012R0267R(07),AMENDS,2016.0,2012.0
32008L0068,32006L0087,AMENDS,2008.0,2006.0
32021R0836,32013D1313R(01),AMENDS,2021.0,2013.0
32020R2011,32013R1409,AMENDS,2020.0,2013.0
32010L0013R(03),32007L0065,AMENDS,2010.0,2007.0
32018R0502R(01),32016R0799R(03),AMENDS,2018.0,2016.0
32014L0052R(02),32011L0092R(02),AMENDS,2014.0,2011.0
32019L0944R(05),32009L0072,REPEALS,2019.0,2009.0
32022R0631,32021R0637,AMENDS,2022.0,2021.0
32014L0017R(04),32013L0036R(07),AMENDS,2014.0,2013.0
32014L0017R(04),32008L0048R(08),AMENDS,2014.0,2008.0
32014L0017R(04),32010R1093,AMENDS,2014.0,2010.0
32008F0909R(03),32008F0909R(03),DOES_REPLACEMENT,2008.0,2008.0
32012R0923R(22),32010R0255,AMENDS,2012.0,2010.0
32012R0923R(22),32006R1794,AMENDS,2012.0,2006.0
32018L2002,32012L0027R(01),AMENDS,2018.0,2012.0
32009L0110R(03),32005L0060,AMENDS,2009.0,2005.0
32009L0110R(03),32006L0048,AMENDS,2009.0,2006.0
32017R2321R(01),32016R1036,AMENDS,2017.0,2016.0
32017R2321R(01),32016R1037R(01),AMENDS,2017.0,2016.0
32023R2869,32019R2033R(07),AMENDS,2023.0,2019.0
32023R2869,32017R1131R(01),AMENDS,2023.0,2017.0
32023R2869,32014R0596R(07),AMENDS,2023.0,2014.0
32023R2869,32019R1238,AMENDS,2023.0,2019.0
32023R2869,32012R0236R(01),AMENDS,2023.0,2012.0
32023R2869,32017R1129R(02),AMENDS,2023.0,2017.0
32023R2869,32015R2365,AMENDS,2023.0,2015.0
32023R2869,32014R0600R(09),AMENDS,2023.0,2014.0
32023R2869,32009R1060R(01),AMENDS,2023.0,2009.0
32023R2869,32013R0575R(02),AMENDS,2023.0,2013.0
32023R2869,32016R1011R(01),AMENDS,2023.0,2016.0
32023R2869,32014R0537R(06),AMENDS,2023.0,2014.0
32023R2869,32015R0760R(01),AMENDS,2023.0,2015.0
32023R2869,32023R1114R(05),AMENDS,2023.0,2023.0
32023R2869,32023R2631,AMENDS,2023.0,2023.0
32019R0317,32013R0390,REPEALS,2019.0,2013.0
32019R0317,32013R0391,REPEALS,2019.0,2013.0
32016R0399R(05),32006R0562,REPEALS,2016.0,2006.0
32015R0340R(11),32012R0923R(22),AMENDS,2015.0,2012.0
32009R1073R(01),32006R0561R(10),AMENDS,2009.0,2006.0
32020D1127,32019D0797R(01),AMENDS,2020.0,2019.0
32020R0445,32014R0516,AMENDS,2020.0,2014.0
32013L0036R(07),32010L0078,DOES_DELETION,2013.0,2010.0
32019R0776R(04),32014R1301R(05),DOES_DELETION,2019.0,2014.0
32019R0776R(04),32016R0919,DOES_DELETION,2019.0,2016.0
32019R0776R(04),32014R1299R(05),DOES_DELETION,2019.0,2014.0
32018R1999R(06),32009L0073,DOES_DELETION,2018.0,2009.0
32018R1999R(06),32009L0031R(02),DOES_DELETION,2018.0,2009.0
32018R1999R(06),32013R0525,DOES_DELETION,2018.0,2013.0
32018R1999R(06),32009R0715,DOES_DELETION,2018.0,2009.0
32018R1999R(06),32012L0027R(01),DOES_DELETION,2018.0,2012.0
32018R1999R(06),32015L0652,DOES_DELETION,2018.0,2015.0
32018R1999R(06),32009R0663R(01),DOES_DELETION,2018.0,2009.0
32017R2402R(01),32009R1060R(01),DOES_DELETION,2017.0,2009.0
32017R2402R(01),32012R0648R(09),DOES_DELETION,2017.0,2012.0
32017R2402R(01),32009L0138R(01),DOES_DELETION,2017.0,2009.0
32018R1240R(05),32017R2226R(03),AMENDS,2018.0,2017.0
32018R1240R(05),32014R0515R(03),AMENDS,2018.0,2014.0
32018R1240R(05),32016R0399R(05),AMENDS,2018.0,2016.0
32018R1240R(05),32011R1077,AMENDS,2018.0,2011.0
32022R0869,32019L0944R(05),AMENDS,2022.0,2019.0
32022R0869,32019R0942R(01),AMENDS,2022.0,2019.0
32022R0869,32009L0073,AMENDS,2022.0,2009.0
32022R0869,32009R0715,AMENDS,2022.0,2009.0
32022R0869,32019R0943R(03),AMENDS,2022.0,2019.0
32014L0051R(02),32010R1095,AMENDS,2014.0,2010.0
32014L0051R(02),32009L0138R(01),AMENDS,2014.0,2009.0
32014L0051R(02),32010R1094R(02),AMENDS,2014.0,2010.0
32014L0051R(02),32009R1060R(01),AMENDS,2014.0,2009.0
32020D0664,32019D2110R(01),AMENDS,2020.0,2019.0
32022D0754,32019D0797R(01),AMENDS,2022.0,2019.0
32019R0618,32006R0474R(03),AMENDS,2019.0,2006.0
32006R0602,32005R0184,AMENDS,2006.0,2005.0
32023R0435,32013R1303R(04),AMENDS,2023.0,2013.0
32023R0435,32021R1755,AMENDS,2023.0,2021.0
32023R0435,32021R1060R(05),AMENDS,2023.0,2021.0
32023R0435,32021R0241R(02),AMENDS,2023.0,2021.0
32014D0294R(01),32013D0233R(03),AMENDS,2014.0,2013.0
32022R0229R(01),32016R1675,AMENDS,2022.0,2016.0
32010R1071,32006R0474R(03),AMENDS,2010.0,2006.0
32019R2176,32010R1092,AMENDS,2019.0,2010.0
32020R0776R(01),32020R0492,AMENDS,2020.0,2020.0
32019R1163R(01),32014R0833,DOES_REPLACEMENT,2019.0,2014.0
32019R1163R(01),32014R0208R(03),DOES_REPLACEMENT,2019.0,2014.0
32019R1163R(01),32014R0269R(03),DOES_REPLACEMENT,2019.0,2014.0
32019R1163R(01),32012R0267R(07),DOES_REPLACEMENT,2019.0,2012.0
32019R1163R(01),32011R0101R(02),DOES_REPLACEMENT,2019.0,2011.0
32019R1163R(01),32017R2063,DOES_REPLACEMENT,2019.0,2017.0
32009R1177,32009L0081R(01),AMENDS,2009.0,2009.0
32013R0659,32006R0474R(03),AMENDS,2013.0,2006.0
32013L0016,32009L0081R(01),AMENDS,2013.0,2009.0
32021R1237,32014R0651R(05),AMENDS,2021.0,2014.0
32023R0955,32021R1060R(05),AMENDS,2023.0,2021.0
32004R0794R(04),32004R0794R(04),CORRECTS,2004.0,2004.0
32022R2554R(01),32016R1011R(01),AMENDS,2022.0,2016.0
32022R2554R(01),32009R1060R(01),AMENDS,2022.0,2009.0
32022R2554R(01),32014R0909R(06),AMENDS,2022.0,2014.0
32022R2554R(01),32012R0648R(09),AMENDS,2022.0,2012.0
32022R2554R(01),32014R0600R(09),AMENDS,2022.0,2014.0
32019L0514,32009L0043,AMENDS,2019.0,2009.0
32022D0288R(01),32019D0570R(01),AMENDS,2022.0,2019.0
32008D0712,32004D0732,AMENDS,2008.0,2004.0
32008D0712,32004D0739,AMENDS,2008.0,2004.0
32019D1930R(02),32019D0570R(01),AMENDS,2019.0,2019.0
32014R1321R(03),32014R1321R(03),CORRECTS,2014.0,2014.0
32022R0345,32014R0833,AMENDS,2022.0,2014.0
32019R2144R(04),32018R0858R(08),AMENDS,2019.0,2018.0
32020D0348,32020D0348,AMENDS,2020.0,2020.0
32011R0181R(01),32004R2006,AMENDS,2011.0,2004.0
32017R1538,32015R0534R(01),AMENDS,2017.0,2015.0
32024R1408R(01),32023R1184,AMENDS,2024.0,2023.0
32018D1884,32010D0452R(01),AMENDS,2018.0,2010.0
32019R0943R(03),32013R0543R(02),AMENDS,2019.0,2013.0
32019R0943R(03),32013R0347,AMENDS,2019.0,2013.0
32019R1143R(01),32019R1143R(01),DOES_REPLACEMENT,2019.0,2019.0
32020L1057R(01),32006L0022,AMENDS,2020.0,2006.0
32020L1057R(01),32012R1024R(01),AMENDS,2020.0,2012.0
32013D0660,32012D0389,AMENDS,2013.0,2012.0
32014R0910R(09),32008R1137R(02),AMENDS,2014.0,2008.0
32019L0878R(06),32013L0036R(07),AMENDS,2019.0,2013.0
32017R2396R(01),32015R1017R(01),AMENDS,2017.0,2015.0
32017R2396R(01),32013R1316,AMENDS,2017.0,2013.0
32017R1151R(04),32017R1151R(04),IMPLICITLY_REPEALS,2017.0,2017.0
32024R1157R(03),32013R0519,IMPLICITLY_REPEALS,2024.0,2013.0
32024R1157R(03),32009L0031R(02),IMPLICITLY_REPEALS,2024.0,2009.0
32013R1264,32006R0474R(03),AMENDS,2013.0,2006.0
32022D0461,32019D0570R(01),AMENDS,2022.0,2019.0
32017R2454,32010R0904R(04),AMENDS,2017.0,2010.0
32016L1629R(01),32006L0087,REPEALS,2016.0,2006.0
32020D0636R(01),32008D0477R(01),AMENDS,2020.0,2008.0
32017L1132R(03),32014L0059R(14),AMENDS,2017.0,2014.0
32006L0112R(20),32004L0066R(01),REPEALS,2006.0,2004.0
32012D0503R(01),32010D0452R(01),AMENDS,2012.0,2010.0
32022D1284,32022D0339,AMENDS,2022.0,2022.0
32019R2033R(07),32014R0600R(09),AMENDS,2019.0,2014.0
32019R2033R(07),32014R0806R(05),AMENDS,2019.0,2014.0
32019R2033R(07),32013R0575R(02),AMENDS,2019.0,2013.0
32019R2033R(07),32010R1093,AMENDS,2019.0,2010.0
32020R0736,32006R0474R(03),AMENDS,2020.0,2006.0
32020R1992,32006R0474R(03),AMENDS,2020.0,2006.0
32019R2146R(01),32008R1099,AMENDS,2019.0,2008.0
32018R0841,32013R0525,AMENDS,2018.0,2013.0
32019R0834,32012R0648R(09),AMENDS,2019.0,2012.0
32022R0328R(07),32014R0833,AMENDS,2022.0,2014.0
32020R0740R(03),32017R1369R(01),AMENDS,2020.0,2017.0
32018R1971R(01),32009R1211,REPEALS,2018.0,2009.0
32018L2001R(10),32009L0028,REPEALS,2018.0,2009.0
32010L0075R(11),32008L0001,REPEALS,2010.0,2008.0
32022D1285,32022D0338,AMENDS,2022.0,2022.0
32024R0576,32014R0833,AMENDS,2024.0,2014.0
32024L2839,32011L0024R(04),AMENDS,2024.0,2011.0
32024L2839,32014L0053R(02),AMENDS,2024.0,2014.0
32014R0806R(05),32010R1093,AMENDS,2014.0,2010.0
32022L2556,32014L0059R(14),AMENDS,2022.0,2014.0
32022L2556,32016L2341R(02),AMENDS,2022.0,2016.0
32022L2556,32015L2366R(06),AMENDS,2022.0,2015.0
32022L2556,32011L0061R(02),AMENDS,2022.0,2011.0
32022L2556,32014L0065R(01),AMENDS,2022.0,2014.0
32022L2556,32009L0065R(07),AMENDS,2022.0,2009.0
32022L2556,32013L0036R(07),AMENDS,2022.0,2013.0
32022L2556,32009L0138R(01),AMENDS,2022.0,2009.0
32018R0858R(08),32017R1151R(04),IMPLICITLY_REPEALS,2018.0,2017.0
32018R0858R(08),32017R2400R(03),IMPLICITLY_REPEALS,2018.0,2017.0
32018R0858R(08),32015R0758,IMPLICITLY_REPEALS,2018.0,2015.0
32024R1390,32019R0796R(02),AMENDS,2024.0,2019.0
32023R2694,32017R2063,AMENDS,2023.0,2017.0
32023R2694,32019R0796R(02),AMENDS,2023.0,2019.0
32023R2694,32011R0101R(02),AMENDS,2023.0,2011.0
32025L0001,32014L0059R(14),AMENDS,2025.0,2014.0
32025L0001,32004L0025,AMENDS,2025.0,2004.0
32025L0001,32017R1129R(02),AMENDS,2025.0,2017.0
32025L0001,32010R1094R(02),AMENDS,2025.0,2010.0
32025L0001,32014R0806R(05),AMENDS,2025.0,2014.0
32025L0001,32012R0648R(09),AMENDS,2025.0,2012.0
32025L0001,32017L1132R(03),AMENDS,2025.0,2017.0
32025L0001,32007L0036R(01),AMENDS,2025.0,2007.0
32024L1760R(01),32023R2859,AMENDS,2024.0,2023.0
32024L1760R(01),32019L1937R(01),AMENDS,2024.0,2019.0
32024R1781R(01),32023R1542R(01),AMENDS,2024.0,2023.0
32024R1781R(01),32020L1828,AMENDS,2024.0,2020.0
32024R0573R(02),32019L1937R(01),AMENDS,2024.0,2019.0
32025R0390,32014R0269R(03),AMENDS,2025.0,2014.0
32022D1334R(01),32016D0610,AMENDS,2022.0,2016.0
32014R0756,32013R1072,AMENDS,2014.0,2013.0
32015R2322,32006R0474R(03),AMENDS,2015.0,2006.0
32015R1017R(01),32013R1316,AMENDS,2015.0,2013.0
32015R1017R(01),32013R1291,AMENDS,2015.0,2013.0
32024R1620R(01),32010R1094R(02),AMENDS,2024.0,2010.0
32024R1620R(01),32010R1093,AMENDS,2024.0,2010.0
32024R1620R(01),32010R1095,AMENDS,2024.0,2010.0
32025D0673,32023D1681,AMENDS,2025.0,2023.0
32022R1269R(05),32014R0833,AMENDS,2022.0,2014.0
32022L0738,32006L0001,AMENDS,2022.0,2006.0
32020R1536R(02),32019R0796R(02),AMENDS,2020.0,2019.0
32016L0797R(10),32008L0057,REPEALS,2016.0,2008.0
32020R0740R(03),32019R1243,IMPLICITLY_REPEALS,2020.0,2019.0
32022R0585,32014R0516,AMENDS,2022.0,2014.0
32022R0585,32021R1147R(02),AMENDS,2022.0,2021.0
32022R0585,32014R0514R(01),AMENDS,2022.0,2014.0
32019L0944R(05),32012L0027R(01),AMENDS,2019.0,2012.0
32021R0523,32015R1017R(01),AMENDS,2021.0,2015.0
32015L2366R(06),32013L0036R(07),AMENDS,2015.0,2013.0
32015L2366R(06),32010R1093,AMENDS,2015.0,2010.0
32015L2366R(06),32009L0110R(03),AMENDS,2015.0,2009.0
32014L0031R(03),32012R1025,AMENDS,2014.0,2012.0
32019L2034R(06),32011L0061R(02),AMENDS,2019.0,2011.0
32019L2034R(06),32014L0059R(14),AMENDS,2019.0,2014.0
32019L2034R(06),32013L0036R(07),AMENDS,2019.0,2013.0
32019L2034R(06),32009L0065R(07),AMENDS,2019.0,2009.0
32019L2034R(06),32014L0065R(01),AMENDS,2019.0,2014.0
32019R0505,32005R0184,AMENDS,2019.0,2005.0
32023R1781,32021R0694R(01),AMENDS,2023.0,2021.0
32023D1600,32016D0610,AMENDS,2023.0,2016.0
32015D2276R(01),32013D0233R(03),AMENDS,2015.0,2013.0
32019R0826,32012L0027R(01),AMENDS,2019.0,2012.0
32013R1022,32010R1093,AMENDS,2013.0,2010.0
32014L0108,32009L0043,AMENDS,2014.0,2009.0
32014D0430,32005E0889,AMENDS,2014.0,2005.0
32009L0136,32004R2006,AMENDS,2009.0,2004.0
32013D0488R(01),32013R0517R(02),AMENDS,2013.0,2013.0
32023R2873,32014R0269R(03),AMENDS,2023.0,2014.0
32024R1991R(01),32022R0869,AMENDS,2024.0,2022.0
32020D2252R(01),32020D2252R(01),CORRECTS,2020.0,2020.0
32023D2669,32022D2191,AMENDS,2023.0,2022.0
32024R0264R(01),32008R1099,AMENDS,2024.0,2008.0
32024R2613,32022R2202,AMENDS,2024.0,2022.0
32016L1629R(01),32013L0022R(01),IMPLICITLY_REPEALS,2016.0,2013.0
32014L0107,32011L0016,AMENDS,2014.0,2011.0
32010R1227,32008R1055,AMENDS,2010.0,2008.0
32022O0987R(02),32014O0060R(01),AMENDS,2022.0,2014.0
32015D1065,32005E0889,AMENDS,2015.0,2005.0
32023L2843,32008F0909R(03),AMENDS,2023.0,2008.0
32023L2843,32008F0947R(03),AMENDS,2023.0,2008.0
32023L2843,32006F0783R(01),AMENDS,2023.0,2006.0
32023L2843,32011L0099,AMENDS,2023.0,2011.0
32023L2843,32014L0041R(02),AMENDS,2023.0,2014.0
32023D2871R(01),32014D0145R(05),AMENDS,2023.0,2014.0
32024R1307,32021R1232,AMENDS,2024.0,2021.0
32020R0370R(01),32014R0208R(03),AMENDS,2020.0,2014.0
32019D0570R(01),32014D0762,AMENDS,2019.0,2014.0
32019L1023,32017L1132R(03),AMENDS,2019.0,2017.0
32017D0971R(01),32016D0610,AMENDS,2017.0,2016.0
32023D2392,32022D2191,AMENDS,2023.0,2022.0
32020D0414R(03),32019D0570R(01),AMENDS,2020.0,2019.0
32018D0661R(01),32018D0661,CORRECTS,2018.0,2018.0
32007D0436R(01),32007D0436R(01),CORRECTS,2007.0,2007.0
32019D0785R(01),32019D0785,CORRECTS,2019.0,2019.0
32016R1033,32014R0596R(07),AMENDS,2016.0,2014.0
32016R1033,32014R0600R(09),AMENDS,2016.0,2014.0
32016R1033,32014R0909R(06),AMENDS,2016.0,2014.0
32011R0390,32006R0474R(03),AMENDS,2011.0,2006.0
32008R0715,32006R0474R(03),AMENDS,2008.0,2006.0
32024R1106,32011R1227,AMENDS,2024.0,2011.0
32024R1106,32019R0942R(01),AMENDS,2024.0,2019.0
32019D0504,32018R1999R(06),AMENDS,2019.0,2018.0
32019D0504,32012L0027R(01),AMENDS,2019.0,2012.0
32022R0991,32016R0794R(05),AMENDS,2022.0,2016.0
32016R0467R(01),32015R0035R(09),AMENDS,2016.0,2015.0
32019L0883,32010L0065,AMENDS,2019.0,2010.0
32020R1019,32015R0840,AMENDS,2020.0,2015.0
32023L1791R(03),32023R0955,AMENDS,2023.0,2023.0
32014R1299R(05),32012D0464,IMPLICITLY_REPEALS,2014.0,2012.0
32013L0012,32012L0027R(01),AMENDS,2013.0,2012.0
32024R1735R(01),32018R1724,AMENDS,2024.0,2018.0
32017L2455R(07),32017L2455R(06),CORRECTS,2017.0,2017.0
32016L0798R(07),32016L0798R(07),CORRECTS,2016.0,2016.0
32018R0231R(02),32018R0231R(02),CORRECTS,2018.0,2018.0
32014R0275,32013R1316,AMENDS,2014.0,2013.0
32023D0810,32022D0338,AMENDS,2023.0,2022.0
32025L0025,32017L1132R(03),AMENDS,2025.0,2017.0
32019D1115,32005E0889,AMENDS,2019.0,2005.0
32009L0138R(01),32004L0066R(01),IMPLICITLY_REPEALS,2009.0,2004.0
32014L0024R(15),32013L0016,IMPLICITLY_REPEALS,2014.0,2013.0
32014L0024R(15),32009R1177,IMPLICITLY_REPEALS,2014.0,2009.0
32023R0410,32016R1675,AMENDS,2023.0,2016.0
32015L0849R(03),32012R0648R(09),AMENDS,2015.0,2012.0
32024L0927,32011L0061R(02),AMENDS,2024.0,2011.0
32024L0927,32009L0065R(07),AMENDS,2024.0,2009.0
32009R0298,32008R1131,IMPLICITLY_REPEALS,2009.0,2008.0
32007R1043,32007R0787,IMPLICITLY_REPEALS,2007.0,2007.0
32017R1129R(02),32014L0051R(02),IMPLICITLY_REPEALS,2017.0,2014.0
32018L0822R(04),32011L0016,AMENDS,2018.0,2011.0
32018L0844,32010L0031R(03),AMENDS,2018.0,2010.0
32018L0844,32012L0027R(01),AMENDS,2018.0,2012.0
32025R0886,32019R0796R(02),AMENDS,2025.0,2019.0
32023L2226,32011L0016,AMENDS,2023.0,2011.0
32024R1183R(02),32014R0910R(09),AMENDS,2024.0,2014.0
32025R0855,32021R0931,AMENDS,2025.0,2021.0
32013R1072,32004R2181,IMPLICITLY_REPEALS,2013.0,2004.0
32019R1148,32017R0215,IMPLICITLY_REPEALS,2019.0,2017.0
32019R1148,32017R0214,IMPLICITLY_REPEALS,2019.0,2017.0
32019R1148,32017R0216,IMPLICITLY_REPEALS,2019.0,2017.0
32024R1601R(01),32006R0474R(03),AMENDS,2024.0,2006.0
32023D0692,32010D0452R(01),AMENDS,2023.0,2010.0
32023D2689,32022D2245,AMENDS,2023.0,2022.0
32016R1104R(01),32016R1104R(01),CORRECTS,2016.0,2016.0
32016L1919R(01),32016L1919,CORRECTS,2016.0,2016.0
32022D2571R(01),32022D2571R(01),CORRECTS,2022.0,2022.0
32019R0942R(01),32013R0347,AMENDS,2019.0,2013.0
32016R2214,32006R0474R(03),AMENDS,2016.0,2006.0
32021R2070,32006R0474R(03),AMENDS,2021.0,2006.0
32022R0862,32006R0474R(03),AMENDS,2022.0,2006.0
32021R0883,32006R0474R(03),AMENDS,2021.0,2006.0
32022R0432,32011R0282R(02),AMENDS,2022.0,2011.0
32022R0594,32006R0474R(03),AMENDS,2022.0,2006.0
32021R0965,32020R0194R(03),AMENDS,2021.0,2020.0
32008L0098R(03),32009L0031R(02),IMPLICITLY_REPEALS,2008.0,2009.0
32010L0031R(03),32008R1137R(02),IMPLICITLY_REPEALS,2010.0,2008.0
32023R2854R(01),32020L1828,AMENDS,2023.0,2020.0
32019R2144R(04),32017R1151R(04),IMPLICITLY_REPEALS,2019.0,2017.0
32019R2144R(04),32019R1243,IMPLICITLY_REPEALS,2019.0,2019.0
32022R0185,32021R0451R(04),AMENDS,2022.0,2021.0
32022R2474R(01),32014R0833,AMENDS,2022.0,2014.0
32022R0132R(02),32008R1099,AMENDS,2022.0,2008.0
32018R0825R(04),32016R1037R(01),AMENDS,2018.0,2016.0
32018R0825R(04),32016R1036,AMENDS,2018.0,2016.0
32014D0276,32008D0411,AMENDS,2014.0,2008.0
32023D2687,32022D0667,AMENDS,2023.0,2022.0
32023D0230,32022D0338,AMENDS,2023.0,2022.0
32025R0173,32019R0796R(02),AMENDS,2025.0,2019.0
32019R2175R(01),32010R1094R(02),AMENDS,2019.0,2010.0
32019R2175R(01),32010R1095,AMENDS,2019.0,2010.0
32019R2175R(01),32015R0847,AMENDS,2019.0,2015.0
32019R2175R(01),32016R1011R(01),AMENDS,2019.0,2016.0
32019R2175R(01),32010R1093,AMENDS,2019.0,2010.0
32019R2175R(01),32014R0600R(09),AMENDS,2019.0,2014.0
32024R1623R(01),32013R0575R(02),AMENDS,2024.0,2013.0
32025D0876,32019D2174,AMENDS,2025.0,2019.0
32023R2884,32019R1780,AMENDS,2023.0,2019.0
32020R1744,32019R0796R(02),AMENDS,2020.0,2019.0
32022D0376,32014D0119R(01),AMENDS,2022.0,2014.0
32013D0488R(01),32011D0292,REPEALS,2013.0,2011.0
32019L1151R(01),32017L1132R(03),AMENDS,2019.0,2017.0
32023R1472,32008R1055,AMENDS,2023.0,2008.0
32018R1973,32013R0909R(01),AMENDS,2018.0,2013.0
32018R1724,32012R1024R(01),AMENDS,2018.0,2012.0
32021L2167R(04),32008L0048R(08),AMENDS,2021.0,2008.0
32021L2167R(04),32014L0017R(04),AMENDS,2021.0,2014.0
32013D0654,32008D0294,AMENDS,2013.0,2008.0
32012R0612,32009R1072R(03),AMENDS,2012.0,2009.0
32023R0427R(05),32014R0833,AMENDS,2023.0,2014.0
32022R2360,32018R0389R(01),AMENDS,2022.0,2018.0
32010R0590,32006R0474R(03),AMENDS,2010.0,2006.0
32009R0298,32006R0474R(03),AMENDS,2009.0,2006.0
32007R1043,32006R0474R(03),AMENDS,2007.0,2006.0
32020R1125R(01),32019R0796R(02),AMENDS,2020.0,2019.0
32020D1748,32019D0797R(01),AMENDS,2020.0,2019.0
32025R0212,32017R2055,AMENDS,2025.0,2017.0
32023R0839,32018R0841,AMENDS,2023.0,2018.0
32023R0839,32018R1999R(06),AMENDS,2023.0,2018.0
32020D1109,32017L2455R(06),AMENDS,2020.0,2017.0
32020D1109,32019L1995,AMENDS,2020.0,2019.0
32025R0395R(02),32014R0833,AMENDS,2025.0,2014.0
32023R0444R(01),32023R0444R(01),CORRECTS,2023.0,2023.0
32024R3104,32005R0184,AMENDS,2024.0,2005.0
32022L2555R(06),32014R0910R(09),AMENDS,2022.0,2014.0
32022L2555R(06),32018L1972R(04),AMENDS,2022.0,2018.0
32010L0080,32009L0043,AMENDS,2010.0,2009.0
32018R1291,32014R1042,AMENDS,2018.0,2014.0
32018D2021,32015D0348,AMENDS,2018.0,2015.0
32019R0630,32013R0575R(02),AMENDS,2019.0,2013.0
32017D2376,32015D0348,AMENDS,2017.0,2015.0
32018R0302R(03),32004R2006,AMENDS,2018.0,2004.0
32015R2120,32012R0531,AMENDS,2015.0,2012.0
32013R0543R(02),32009R0714,AMENDS,2013.0,2009.0
32012L0047,32009L0043,AMENDS,2012.0,2009.0
32021R1880,32019R0317,AMENDS,2021.0,2019.0
32022R1501,32014R0208R(03),AMENDS,2022.0,2014.0
32023R2414,32023R1441,AMENDS,2023.0,2023.0
32024D0828,32014D0119R(01),AMENDS,2024.0,2014.0
32020L0700,32016L0797R(10),AMENDS,2020.0,2016.0
32020L0700,32016L0798R(07),AMENDS,2020.0,2016.0
32019R0776R(04),32011D0665,DOES_INSERTION,2019.0,2011.0
32019R0776R(04),32014R1299R(05),DOES_INSERTION,2019.0,2014.0
32019R0776R(04),32016R0919,DOES_INSERTION,2019.0,2016.0
32019R0776R(04),32014R1301R(05),DOES_INSERTION,2019.0,2014.0
32018R1999R(06),32010L0031R(03),DOES_INSERTION,2018.0,2010.0
32018R1999R(06),32015L0652,DOES_INSERTION,2018.0,2015.0
32018R1999R(06),32012L0027R(01),DOES_INSERTION,2018.0,2012.0
32017R2402R(01),32012R0648R(09),DOES_INSERTION,2017.0,2012.0
32009D0884,32007D0116,AMENDS,2009.0,2007.0
32016R0963,32006R0474R(03),AMENDS,2016.0,2006.0
32023D2063,32013D0233R(03),AMENDS,2023.0,2013.0
32023R2844,32013R0606,AMENDS,2023.0,2013.0
32023R2844,32018R1805R(01),AMENDS,2023.0,2018.0
32023R2844,32014R0655R(04),AMENDS,2023.0,2014.0
32023R2844,32006R1896R(08),AMENDS,2023.0,2006.0
32023R2844,32007R0861R(03),AMENDS,2023.0,2007.0
32023R2844,32020R1784R(02),AMENDS,2023.0,2020.0
32023R2844,32015R0848R(06),AMENDS,2023.0,2015.0
32015D2008,32010D0452R(01),AMENDS,2015.0,2010.0
32019D1909R(02),32018D0340R(01),AMENDS,2019.0,2018.0
32020R1503R(01),32019L1937R(01),AMENDS,2020.0,2019.0
32020R1503R(01),32017R1129R(02),AMENDS,2020.0,2017.0
32010R1177R(01),32004R2006,AMENDS,2010.0,2004.0
32018D1941,32016D0610,AMENDS,2018.0,2016.0
32021R1119,32018R1999R(06),AMENDS,2021.0,2018.0
32021R1119,32009R0401R(01),AMENDS,2021.0,2009.0
32016R1011R(01),32008L0048R(08),AMENDS,2016.0,2008.0
32016R1011R(01),32014L0017R(04),AMENDS,2016.0,2014.0
32016R1011R(01),32014R0596R(07),AMENDS,2016.0,2014.0
32021L0338R(01),32014L0065R(01),AMENDS,2021.0,2014.0
32021L0338R(01),32019L0878R(06),AMENDS,2021.0,2019.0
32021L0338R(01),32013L0036R(07),AMENDS,2021.0,2013.0
32023R1113,32015L0849R(03),AMENDS,2023.0,2015.0
32018D0661,32015D0750,AMENDS,2018.0,2015.0
32023D0468,32007D0116,AMENDS,2023.0,2007.0
32019L2162,32009L0065R(07),AMENDS,2019.0,2009.0
32019L2162,32014L0059R(14),AMENDS,2019.0,2014.0
32014D0800,32014D0486,AMENDS,2014.0,2014.0
32020R0115,32011R0101R(02),AMENDS,2020.0,2011.0
32022O0067,32021O0830,AMENDS,2022.0,2021.0
32014R0368,32006R0474R(03),AMENDS,2014.0,2006.0
32021R0391,32014R0208R(03),AMENDS,2021.0,2014.0
32023R2691,32006R0474R(03),AMENDS,2023.0,2006.0
32023R1679,32021R0378,AMENDS,2023.0,2021.0
32024D1353,32014D0486,AMENDS,2024.0,2014.0
32024R0795R(01),32021R1057,AMENDS,2024.0,2021.0
32024R0795R(01),32021R1060R(05),AMENDS,2024.0,2021.0
32024R0795R(01),32021R1058,AMENDS,2024.0,2021.0
32024R0795R(01),32013R1303R(04),AMENDS,2024.0,2013.0
32024R0795R(01),32021R0697,AMENDS,2024.0,2021.0
32024R0795R(01),32014R0223,AMENDS,2024.0,2014.0
32024R0795R(01),32021R0695R(03),AMENDS,2024.0,2021.0
32024R0795R(01),32021R0241R(02),AMENDS,2024.0,2021.0
32024R0795R(01),32021R0523,AMENDS,2024.0,2021.0
32024R0795R(01),32021R1056,AMENDS,2024.0,2021.0
32017D1193,32005E0889,AMENDS,2017.0,2005.0
32016D1172,32012D0392,AMENDS,2016.0,2012.0
32020R1055R(02),32012R1024R(01),AMENDS,2020.0,2012.0
32020R1055R(02),32009R1072R(03),AMENDS,2020.0,2009.0
32020R1055R(02),32009R1071R(03),AMENDS,2020.0,2009.0
32019D0235,32008D0411,AMENDS,2019.0,2008.0
32020D1023,32019D1765,AMENDS,2020.0,2019.0
32014L0082,32007L0059,AMENDS,2014.0,2007.0
32013L0011R(01),32004R2006,AMENDS,2013.0,2004.0
32009L0031R(02),32006R1013R(05),AMENDS,2009.0,2006.0
32009L0031R(02),32008L0001,AMENDS,2009.0,2008.0
32019R1020R(05),32008R0765R(03),AMENDS,2019.0,2008.0
32019R1020R(05),32011R0305R(01),AMENDS,2019.0,2011.0
32022L2561,32019R1243,AMENDS,2022.0,2019.0
32022L2561,32013L0022R(01),AMENDS,2022.0,2013.0
32022L2561,32008R1137R(02),AMENDS,2022.0,2008.0
32022L2561,32018L0645,AMENDS,2022.0,2018.0
32022L2561,32006L0103R(01),AMENDS,2022.0,2006.0
32022L2561,32004L0066R(01),AMENDS,2022.0,2004.0
32009F0299R(01),32009F0299R(01),DOES_REPLACEMENT,2009.0,2009.0
32015L0849R(03),32015L0849R(03),DOES_REPLACEMENT,2015.0,2015.0
32024R2493R(01),32018R2066R(06),AMENDS,2024.0,2018.0
32018O0003R(01),32014O0060R(01),AMENDS,2018.0,2014.0
32014L0056R(01),32006L0043R(04),AMENDS,2014.0,2006.0
32024L1654,32019L1153R(01),AMENDS,2024.0,2019.0
32023R0857,32018R0842,AMENDS,2023.0,2018.0
32023R0857,32018R1999R(06),AMENDS,2023.0,2018.0
32023D2686R(01),32011D0072,AMENDS,2023.0,2011.0
32023D2686R(01),32023D1532,AMENDS,2023.0,2023.0
32023D2686R(01),32017D2074,AMENDS,2023.0,2017.0
32023D2686R(01),32014D0145R(05),AMENDS,2023.0,2014.0
32023D2686R(01),32019D0797R(01),AMENDS,2023.0,2019.0
32015R2340,32009L0081R(01),AMENDS,2015.0,2009.0
32021R0280,32017R2195,AMENDS,2021.0,2017.0
32021R0280,32015R1222R(03),AMENDS,2021.0,2015.0
32021R0280,32016R1719R(01),AMENDS,2021.0,2016.0
32021R0280,32017R1485,AMENDS,2021.0,2017.0
32022R0469,32022R0072,AMENDS,2022.0,2022.0
32017D1342,32013D0233R(03),AMENDS,2017.0,2013.0
32025D0943,32023D0855R(01),AMENDS,2025.0,2023.0
32004D0822,32004D0732,AMENDS,2004.0,2004.0
32004D0822,32004D0739,AMENDS,2004.0,2004.0
32022D1972,32022D0339,AMENDS,2022.0,2022.0
32023D0229,32022D0339,AMENDS,2023.0,2022.0
32016R0583R(01),32011R1332R(01),AMENDS,2016.0,2011.0
32022R0858,32014L0065R(01),AMENDS,2022.0,2014.0
32022R0858,32014R0600R(09),AMENDS,2022.0,2014.0
32022R0858,32014R0909R(06),AMENDS,2022.0,2014.0
32024D0773,32009D0992,AMENDS,2024.0,2009.0
32024R2547,32021R0821R(03),AMENDS,2024.0,2021.0
32023R2639,32022R2202,AMENDS,2023.0,2022.0
32012R0555,32005R0184,AMENDS,2012.0,2005.0
32014D0726,32012D0389,AMENDS,2014.0,2012.0
32018L0843R(01),32015L0849R(03),AMENDS,2018.0,2015.0
32018L0843R(01),32013L0036R(07),AMENDS,2018.0,2013.0
32018L0843R(01),32009L0138R(01),AMENDS,2018.0,2009.0
32022D2324,32008D0294,AMENDS,2022.0,2008.0
32021L1047R(01),32009L0043,AMENDS,2021.0,2009.0
32021D0796,32019D0797R(01),AMENDS,2021.0,2019.0
32014D0485,32012D0389,AMENDS,2014.0,2012.0
32020D1131,32019D2110R(01),AMENDS,2020.0,2019.0
32006D0267,32004D0739,AMENDS,2006.0,2004.0
32006D0267,32004D0732,AMENDS,2006.0,2004.0
32021R1018,32021R0637,AMENDS,2021.0,2021.0
32022D0179,32005D0513,REPEALS,2022.0,2005.0
32017R1538R(01),32017R1538,CORRECTS,2017.0,2017.0
32021D1886,32019D0570R(01),AMENDS,2021.0,2019.0
32024L1226,32018L1673,AMENDS,2024.0,2018.0
32012L0034R(06),32007L0058,IMPLICITLY_REPEALS,2012.0,2007.0
32020D1746R(01),32018D0340R(01),AMENDS,2020.0,2018.0
32024R3137,32006R0474R(03),AMENDS,2024.0,2006.0
32017R0825,32013R1305R(01),AMENDS,2017.0,2013.0
32017R0825,32013R1303R(04),AMENDS,2017.0,2013.0
32015R1014,32006R0474R(03),AMENDS,2015.0,2006.0
32013L0029R(05),32013L0029R(05),CORRECTS,2013.0,2013.0
32024R1747,32019R0943R(03),AMENDS,2024.0,2019.0
32024R1747,32019R0942R(01),AMENDS,2024.0,2019.0
32022L2555R(05),32022L2555R(06),CORRECTS,2022.0,2022.0
32006R1013R(05),32006R1013R(05),CORRECTS,2006.0,2006.0
32023D0577,32021D0509R(01),AMENDS,2023.0,2021.0
32016D0207,32013D0233R(03),AMENDS,2016.0,2013.0
32022R2453R(01),32021R0637,AMENDS,2022.0,2021.0
32013L0029R(05),32012R1025,AMENDS,2013.0,2012.0
32009L0119R(01),32006L0067,REPEALS,2009.0,2006.0
32016R1006,32010R0255,AMENDS,2016.0,2010.0
32012R1146,32006R0474R(03),AMENDS,2012.0,2006.0
32008R0331,32006R0474R(03),AMENDS,2008.0,2006.0
32014L0059R(14),32012R0648R(09),AMENDS,2014.0,2012.0
32014L0059R(14),32013L0036R(07),AMENDS,2014.0,2013.0
32014L0059R(14),32007L0036R(01),AMENDS,2014.0,2007.0
32014L0059R(14),32010R1093,AMENDS,2014.0,2010.0
32014L0059R(14),32004L0025,AMENDS,2014.0,2004.0
32017D2075R(01),32012L0034R(06),AMENDS,2017.0,2012.0
32024D3096,32012D0389,AMENDS,2024.0,2012.0
32011D0485,32005D0050,AMENDS,2011.0,2005.0
32022R2073,32011R0101R(02),AMENDS,2022.0,2011.0
32017R1084R(01),32014R0651R(05),AMENDS,2017.0,2014.0
32017R1084R(01),32014R0702R(01),AMENDS,2017.0,2014.0
32021R0116,32013R0409,AMENDS,2021.0,2013.0
32024R1351,32021R1060R(05),AMENDS,2024.0,2021.0
32024R1351,32021R1147R(02),AMENDS,2024.0,2021.0
32024L3019,32008R1137R(02),AMENDS,2024.0,2008.0
32024R3192,32014R0833,AMENDS,2024.0,2014.0
32025D0488,32020D0472R(01),AMENDS,2025.0,2020.0
32024D3182,32014D0145R(05),AMENDS,2024.0,2014.0
32021L1159,32006L0112R(20),AMENDS,2021.0,2006.0
32024D2876,32022D1968,AMENDS,2024.0,2022.0
32025R0343,32011R1332R(01),AMENDS,2025.0,2011.0
32025R0343,32017R0373R(05),AMENDS,2025.0,2017.0
32024D1391,32019D0797R(01),AMENDS,2024.0,2019.0
32024L0242,32009L0043,AMENDS,2024.0,2009.0
32022L2555R(04),32022L2555R(06),CORRECTS,2022.0,2022.0
32014D0915,32010D0452R(01),AMENDS,2014.0,2010.0
32019R0296,32016R2286R(03),AMENDS,2019.0,2016.0
32020R1108R(01),32017R2454,AMENDS,2020.0,2017.0
32024R1789R(03),32022R0869,AMENDS,2024.0,2022.0
32024R1789R(03),32017R1938R(01),AMENDS,2024.0,2017.0
32024R1789R(03),32019R0942R(01),AMENDS,2024.0,2019.0
32024R1789R(03),32011R1227,AMENDS,2024.0,2011.0
32024R1789R(03),32017D0684,AMENDS,2024.0,2017.0
32020D0651,32019D0797R(01),AMENDS,2020.0,2019.0
32019D1560,32008E0944,AMENDS,2019.0,2008.0
32020D0903,32013D0233R(03),AMENDS,2020.0,2013.0
32024R1679,32010R0913R(02),AMENDS,2024.0,2010.0
32024R1679,32021R1153R(01),AMENDS,2024.0,2021.0
32017R0646,32015R0378,AMENDS,2017.0,2015.0
32016L0798R(07),32008L0057,REPEALS,2016.0,2008.0
32023R2381,32016R0480,AMENDS,2023.0,2016.0
32015D1835R(01),32011D0411,REPEALS,2015.0,2011.0
32023R1782,32021R2085,AMENDS,2023.0,2021.0
32023R1219,32016R1675,AMENDS,2023.0,2016.0
32023R1111,32006R0474R(03),AMENDS,2023.0,2006.0
32022R2295,32006R0474R(03),AMENDS,2022.0,2006.0
32021R0557,32017R2402R(01),AMENDS,2021.0,2017.0
32023R1650,32018R0389R(01),AMENDS,2023.0,2018.0
32013R0153R(03),32013R0153R(03),CORRECTS,2013.0,2013.0
32017L0433,32009L0043,AMENDS,2017.0,2009.0
32021D0509R(01),32015D0528,REPEALS,2021.0,2015.0
32024R2509,32018R1046,REPEALS,2024.0,2018.0
32024R3110,32011R0305R(01),REPEALS,2024.0,2011.0
32023R0363R(01),32022R1288,AMENDS,2023.0,2022.0
32023L2661,32010L0040,AMENDS,2023.0,2010.0
32012L0013R(01),32012L0013,DOES_REPLACEMENT,2012.0,2012.0
32016L2341R(02),32016L2341R(02),DOES_REPLACEMENT,2016.0,2016.0
32022D0172,32018D1538,AMENDS,2022.0,2018.0
32012L0010,32009L0043,AMENDS,2012.0,2009.0
32024R1083R(02),32010L0013R(03),AMENDS,2024.0,2010.0
32025D0138,32022D2191,AMENDS,2025.0,2022.0
32024D2846,32021D0509R(01),AMENDS,2024.0,2021.0
32013L0034R(07),32006L0043R(04),REPEALS,2013.0,2006.0
32013L0034R(07),32006L0046,REPEALS,2013.0,2006.0
32021O0835,32019O0018,REPEALS,2021.0,2019.0
32021O0835,32014O0015,REPEALS,2021.0,2014.0
32021O0835,32014O0043,REPEALS,2021.0,2014.0
32021O0835,32016O0045,REPEALS,2021.0,2016.0
32021O0835,32018O0017,REPEALS,2021.0,2018.0
32021O0835,32015O0044,REPEALS,2021.0,2015.0
32019R0817,32008R0767R(04),DOES_REPLACEMENT,2019.0,2008.0
32019R0817,32018R1240R(05),DOES_REPLACEMENT,2019.0,2018.0
32019R0817,32017R2226R(03),DOES_REPLACEMENT,2019.0,2017.0
32018R1139R(04),32008R1008R(02),DOES_REPLACEMENT,2018.0,2008.0
32018R1139R(04),32014L0053R(02),DOES_REPLACEMENT,2018.0,2014.0
32018R1139R(04),32014L0030R(02),DOES_REPLACEMENT,2018.0,2014.0
32023R0066,32021R0821R(03),AMENDS,2023.0,2021.0
32023R0996,32021R0821R(03),AMENDS,2023.0,2021.0
32022R1930,32018R1229R(01),AMENDS,2022.0,2018.0
32024R1109,32023R0203,AMENDS,2024.0,2023.0
32025D0334,32024D0583,AMENDS,2025.0,2024.0
32021R2085,32014R0642,REPEALS,2021.0,2014.0
32019R0943R(03),32009R0714,REPEALS,2019.0,2009.0
32017L1132R(03),32014L0059R(14),IMPLICITLY_REPEALS,2017.0,2014.0
32024R1028,32018R1724,AMENDS,2024.0,2018.0
32024L1788,32023L1791R(03),AMENDS,2024.0,2023.0
32019R0788R(02),32019R0788R(02),CORRECTS,2019.0,2019.0
32024D1467,32019D0785,AMENDS,2024.0,2019.0
32025R0471,32023R0137R(05),AMENDS,2025.0,2023.0
32014L0065R(01),32011L0061R(02),AMENDS,2014.0,2011.0
32012D0332,32005E0889,AMENDS,2012.0,2005.0
32018R0842,32013R0525,AMENDS,2018.0,2013.0
32013R1336,32009L0081R(01),AMENDS,2013.0,2009.0
32024R1787,32019R0942R(01),AMENDS,2024.0,2019.0
32020L0284,32006L0112R(20),AMENDS,2020.0,2006.0
32024L2749R(01),32014L0035,AMENDS,2024.0,2014.0
32024L2749R(01),32014L0053R(02),AMENDS,2024.0,2014.0
32024L2749R(01),32014L0030R(02),AMENDS,2024.0,2014.0
32014R1299R(05),32012D0464,AMENDS,2014.0,2012.0
32017D0178,32015D1111,AMENDS,2017.0,2015.0
32024L1640R(01),32015L0849R(03),AMENDS,2024.0,2015.0
32024L1640R(01),32019L1937R(01),AMENDS,2024.0,2019.0
32020R0283,32010R0904R(04),AMENDS,2020.0,2010.0
32019R0554,32007L0059,AMENDS,2019.0,2007.0
32025D0779,32008E0944,AMENDS,2025.0,2008.0
32024D3185,32021D0509R(01),AMENDS,2024.0,2021.0
32009R1071R(03),32004L0066R(01),IMPLICITLY_REPEALS,2009.0,2004.0
32009R1071R(03),32006L0103R(01),IMPLICITLY_REPEALS,2009.0,2006.0
32024L1499R(01),32004L0113R(03),AMENDS,2024.0,2004.0
32024R1281,32020R1208,AMENDS,2024.0,2020.0
32022D0636,32022D0338,AMENDS,2022.0,2022.0
32018R1467,32016R1675,AMENDS,2018.0,2016.0
32016R0480,32010R1213,REPEALS,2016.0,2010.0
32024D3157R(01),32021D1067R(01),AMENDS,2024.0,2021.0
32017D1253,32012D0392,AMENDS,2017.0,2012.0
32022R0880,32014R0269R(03),AMENDS,2022.0,2014.0
32018R1999R(01),32018R1999R(06),DOES_REPLACEMENT,2018.0,2018.0
32019D0235R(02),32019D0235,DOES_REPLACEMENT,2019.0,2019.0
32022D0118,32011D0072,AMENDS,2022.0,2011.0
32015D2249,32014D0486,AMENDS,2015.0,2014.0
32020R0782,32018R0762R(02),AMENDS,2020.0,2018.0
32020R0782,32018R0761R(01),AMENDS,2020.0,2018.0
32024L3237,32015L0413,AMENDS,2024.0,2015.0
32016D2240,32012D0389,AMENDS,2016.0,2012.0
32024O2798R(01),32021O0831,AMENDS,2024.0,2021.0
32024D1354,32021D1143R(01),AMENDS,2024.0,2021.0
32024R3128,32019R0317,AMENDS,2024.0,2019.0
32024R1689,32018R1139R(04),AMENDS,2024.0,2018.0
32024R1689,32018R0858R(08),AMENDS,2024.0,2018.0
32024R1689,32020L1828,AMENDS,2024.0,2020.0
32024R1689,32019R2144R(04),AMENDS,2024.0,2019.0
32024R1689,32013R0167R(04),AMENDS,2024.0,2013.0
32024R1689,32016L0797R(10),AMENDS,2024.0,2016.0
32024R1689,32008R0300R(04),AMENDS,2024.0,2008.0
32024R1689,32013R0168R(03),AMENDS,2024.0,2013.0
32024R3110,32019R1020R(05),IMPLICITLY_REPEALS,2024.0,2019.0
32018R0763,32011R0445,IMPLICITLY_REPEALS,2018.0,2011.0
32021R0451R(04),32020R0429,IMPLICITLY_REPEALS,2021.0,2020.0
32021R0451R(04),32017R1443,IMPLICITLY_REPEALS,2021.0,2017.0
32024R0490R(01),32017R1926R(01),AMENDS,2024.0,2017.0
32020R2180,32020R1429,AMENDS,2020.0,2020.0
32022R1925R(01),32020L1828,AMENDS,2022.0,2020.0
32022R1925R(01),32019L1937R(01),AMENDS,2022.0,2019.0
32020R1298,32019R0452R(01),AMENDS,2020.0,2019.0
32019R0796R(02),32019R0796R(02),CORRECTS,2019.0,2019.0
32019D0797R(01),32019D0797R(01),CORRECTS,2019.0,2019.0
32015L2366R(05),32015L2366R(06),CORRECTS,2015.0,2015.0
32016L0970,32009L0043,AMENDS,2016.0,2009.0
32025R0022,32022R1645R(01),AMENDS,2025.0,2022.0
32023D1304,32021D0509R(01),AMENDS,2023.0,2021.0
32022R0312,32020R1429,AMENDS,2022.0,2020.0
32022R0868,32018R1724,AMENDS,2022.0,2018.0
32025D0650,32018D1538,AMENDS,2025.0,2018.0
32020R1530,32016L0798R(07),AMENDS,2020.0,2016.0
32022D0885,32014D0145R(05),AMENDS,2022.0,2014.0
32022D0452,32014D0486,AMENDS,2022.0,2014.0
32021R0732,32014R0667,AMENDS,2021.0,2014.0
32017L1132R(03),32009L0101,REPEALS,2017.0,2009.0
32016R2338,32007R1370R(03),AMENDS,2016.0,2007.0
32015R0758,32007L0046,AMENDS,2015.0,2007.0
32016D2317,32008D0294,AMENDS,2016.0,2008.0
32016D2317,32013D0654,AMENDS,2016.0,2013.0
32022R1032R(01),32022R1032R(01),CORRECTS,2022.0,2022.0
32024R1739,32014R0269R(03),AMENDS,2024.0,2014.0
32024R1469,32014R0833,AMENDS,2024.0,2014.0
32024R0855,32021R0451R(04),AMENDS,2024.0,2021.0
32021R0379,32013R1071,REPEALS,2021.0,2013.0
32021R0379,32014R1375,REPEALS,2021.0,2014.0
32024R2025,32020R1056R(01),AMENDS,2024.0,2020.0
32024R2000,32020R1070,AMENDS,2024.0,2020.0
32023D0994,32014D0401,AMENDS,2023.0,2014.0
32023D0994,32021D0509R(01),AMENDS,2023.0,2021.0
32022D0465,32019D0570R(01),AMENDS,2022.0,2019.0
32013O0025,32011O0023,AMENDS,2013.0,2011.0
32022R0869,32013R0347,REPEALS,2022.0,2013.0
32020R1318,32020R0194R(03),AMENDS,2020.0,2020.0
32020R1318,32020R0021,AMENDS,2020.0,2020.0
32022R0334R(02),32014R0833,AMENDS,2022.0,2014.0
32014L0065R(01),32010L0078,REPEALS,2014.0,2010.0
32019D0420R(01),32013D1313R(01),AMENDS,2019.0,2013.0
32025D0171,32019D0797R(01),AMENDS,2025.0,2019.0
32024R1778,32019R0796R(02),AMENDS,2024.0,2019.0
32021R1950,32009L0081R(01),AMENDS,2021.0,2009.0
32025R0038,32021R0694R(01),AMENDS,2025.0,2021.0
32024R1703,32020R1732,AMENDS,2024.0,2020.0
32024R1706,32012R0272,AMENDS,2024.0,2012.0
32014R0228,32006R0601,AMENDS,2014.0,2006.0
32023D2671,32013D1313R(01),AMENDS,2023.0,2013.0
32024D1972,32018D0340R(01),AMENDS,2024.0,2018.0
32019R2026R(02),32011R0282R(02),AMENDS,2019.0,2011.0
32024D0890,32021D0509R(01),AMENDS,2024.0,2021.0
32024R1041,32022R0869,AMENDS,2024.0,2022.0
32023R0988,32020L1828,AMENDS,2023.0,2020.0
32023R0988,32012R1025,AMENDS,2023.0,2012.0
32013D0355,32005E0889,AMENDS,2013.0,2005.0
32022L2380,32014L0053R(02),AMENDS,2022.0,2014.0
32022R2399,32013R0952R(10),AMENDS,2022.0,2013.0
32022R0001R(01),32021R0821R(03),AMENDS,2022.0,2021.0
32018D0226,32012D0389,AMENDS,2018.0,2012.0
32017D0349,32012D0389,AMENDS,2017.0,2012.0
32022D0809,32022D0338,AMENDS,2022.0,2022.0
32023R1542R(01),32008L0098R(03),AMENDS,2023.0,2008.0
32023R1542R(01),32019R1020R(05),AMENDS,2023.0,2019.0
32016L2341R(02),32011L0061R(02),IMPLICITLY_REPEALS,2016.0,2011.0
32016L2341R(02),32009L0138R(01),IMPLICITLY_REPEALS,2016.0,2009.0
32024O2148,32011O0023,AMENDS,2024.0,2011.0
32020D0373,32014D0119R(01),AMENDS,2020.0,2014.0
32023D0510,32022D0667,AMENDS,2023.0,2022.0
32016D1351,32007D0215,IMPLICITLY_REPEALS,2016.0,2007.0
32024D2988,32010D0452R(01),AMENDS,2024.0,2010.0
32024D2396,32016D0610,AMENDS,2024.0,2016.0
32023R1230,32013R0167R(04),IMPLICITLY_REPEALS,2023.0,2013.0
32023R1230,32019R1243,IMPLICITLY_REPEALS,2023.0,2019.0
32023R1230,32009R0596,IMPLICITLY_REPEALS,2023.0,2009.0
32010L0013R(03),32010L0013R(03),CORRECTS,2010.0,2010.0
32020R0459R(02),32020R0459R(01),CORRECTS,2020.0,2020.0
32015R2365,32012R0648R(09),AMENDS,2015.0,2012.0
32015D1780,32012D0392,AMENDS,2015.0,2012.0
32017R2400R(03),32007L0046,AMENDS,2017.0,2007.0
32022D0637,32022D0339,AMENDS,2022.0,2022.0
32021R1061,32020R1429,AMENDS,2021.0,2020.0
32022D0810,32022D0339,AMENDS,2022.0,2022.0
32022R0027,32012R0236R(01),AMENDS,2022.0,2012.0
32024L1788,32009L0073,REPEALS,2024.0,2009.0
32024L1788,32018R1999R(06),REPEALS,2024.0,2018.0
32024L1788,32022R0869,REPEALS,2024.0,2022.0
32023D0457,32014D0119R(01),AMENDS,2023.0,2014.0
32024D1738,32014D0145R(05),AMENDS,2024.0,2014.0
32018L1808,32010L0013R(03),AMENDS,2018.0,2010.0
32013R0909R(01),32013R0909R(01),CORRECTS,2013.0,2013.0
32020R1225R(01),32020R1225R(01),CORRECTS,2020.0,2020.0
32025D0704,32018D0142,IMPLICITLY_REPEALS,2025.0,2018.0
32025D0704,32019D0570R(01),IMPLICITLY_REPEALS,2025.0,2019.0
32023L2225R(01),32014L0017R(04),IMPLICITLY_REPEALS,2023.0,2014.0
32023L2225R(01),32021L2167R(04),IMPLICITLY_REPEALS,2023.0,2021.0
32023L2225R(01),32016R1011R(01),IMPLICITLY_REPEALS,2023.0,2016.0
32023L2225R(01),32019R1243,IMPLICITLY_REPEALS,2023.0,2019.0
32010L0075R(11),32008R1137R(02),IMPLICITLY_REPEALS,2010.0,2008.0
32010L0075R(11),32009L0031R(02),IMPLICITLY_REPEALS,2010.0,2009.0
32022D0179,32007D0090,IMPLICITLY_REPEALS,2022.0,2007.0
32022D0471,32022D0338,AMENDS,2022.0,2022.0
32022D2307,32022D0179,AMENDS,2022.0,2022.0
32022D1198,32019D0570R(01),AMENDS,2022.0,2019.0
32022R1036,32020R1429,AMENDS,2022.0,2020.0
32016L2341R(02),32011L0061R(02),AMENDS,2016.0,2011.0
32016L2341R(02),32009L0138R(01),AMENDS,2016.0,2009.0
32016L2341R(02),32010L0078,AMENDS,2016.0,2010.0
32022D2507,32010D0452R(01),AMENDS,2022.0,2010.0
32023D0386,32023D0162,AMENDS,2023.0,2023.0
32022D0173R(01),32011D0251,IMPLICITLY_REPEALS,2022.0,2011.0
32022D0173R(01),32018D0637,IMPLICITLY_REPEALS,2022.0,2018.0
32023L0277,32009L0043,AMENDS,2023.0,2009.0
32021R0693,32013R1382,REPEALS,2021.0,2013.0
32020D0955,32005E0889,AMENDS,2020.0,2005.0
32023R1114R(05),32019L1937R(01),AMENDS,2023.0,2019.0
32023R1114R(05),32010R1093,AMENDS,2023.0,2010.0
32023R1114R(05),32013L0036R(07),AMENDS,2023.0,2013.0
32023R1114R(05),32010R1095,AMENDS,2023.0,2010.0
32022R1998R(01),32022R1998R(01),CORRECTS,2022.0,2022.0
32024R0163,32016R1675,AMENDS,2024.0,2016.0
32013R1072,32009R0290,REPEALS,2013.0,2009.0
32013R1072,32010R0674,REPEALS,2013.0,2010.0
32019R1148,32013R0098,REPEALS,2019.0,2013.0
32015R0757R(01),32015R0757R(01),DOES_REPLACEMENT,2015.0,2015.0
32024R0873R(03),32019R0331,AMENDS,2024.0,2019.0
32020R0886,32012R0923R(22),AMENDS,2020.0,2012.0
32024R0404R(01),32012R0923R(22),AMENDS,2024.0,2012.0
32021R0558,32013R0575R(02),AMENDS,2021.0,2013.0
32019L1936,32008L0096R(01),AMENDS,2019.0,2008.0
32022D1971,32022D0338,AMENDS,2022.0,2022.0
32023D1305,32013D0233R(03),AMENDS,2023.0,2013.0
32023D0964,32019D0797R(01),AMENDS,2023.0,2019.0
32019R0362,32013R0150,DOES_REPLACEMENT,2019.0,2013.0
32025D0887,32019D0797R(01),AMENDS,2025.0,2019.0
32022R0828,32017R2195,AMENDS,2022.0,2017.0
32020D2031,32012D0389,AMENDS,2020.0,2012.0
32021D0813,32014D0486,AMENDS,2021.0,2014.0
32021D0796,32019D0797R(01),EXTENDS_VALIDITY,2021.0,2019.0
32014D0485,32012D0389,EXTENDS_VALIDITY,2014.0,2012.0
32024D1779R(01),32019D0797R(01),AMENDS,2024.0,2019.0
32022R0612,32012R0531,REPEALS,2022.0,2012.0
32022R0612,32017R0920,REPEALS,2022.0,2017.0
32022R0612,32015R2120,REPEALS,2022.0,2015.0
32017R2454R(01),32017R2454,CORRECTS,2017.0,2017.0
32012L0018R(03),32008R1137R(02),AMENDS,2012.0,2008.0
32024R1679,32014R0473,IMPLICITLY_REPEALS,2024.0,2014.0
32024R1679,32023R1176,IMPLICITLY_REPEALS,2024.0,2023.0
32024R1679,32019R0254,IMPLICITLY_REPEALS,2024.0,2019.0
32024R1679,32024R0751,IMPLICITLY_REPEALS,2024.0,2024.0
32024R1679,32016R0758,IMPLICITLY_REPEALS,2024.0,2016.0
32024R1679,32017R0849,IMPLICITLY_REPEALS,2024.0,2017.0
32024R2514,32022R2399,AMENDS,2024.0,2022.0
32024R1084,32013R0305,AMENDS,2024.0,2013.0
32022D1970,32010D0452R(01),AMENDS,2022.0,2010.0
32020R0855,32016R1675,AMENDS,2020.0,2016.0
32021R2228,32020R2082,REPEALS,2021.0,2020.0
32022R0699,32021R0821R(03),AMENDS,2022.0,2021.0
32021R0690R(02),32017R0625R(07),IMPLICITLY_REPEALS,2021.0,2017.0
32013D0064,32011D0344,AMENDS,2013.0,2011.0
32019R0517,32015R0516,IMPLICITLY_REPEALS,2019.0,2015.0
32019R0517,32007R1255,IMPLICITLY_REPEALS,2019.0,2007.0
32019R0517,32019R1243,IMPLICITLY_REPEALS,2019.0,2019.0
32019R0517,32009R0560,IMPLICITLY_REPEALS,2019.0,2009.0
32019R0517,32005R1654,IMPLICITLY_REPEALS,2019.0,2005.0
32019R0517,32008R1137R(02),IMPLICITLY_REPEALS,2019.0,2008.0
32017R0625R(07),32017R0625R(07),DOES_REPLACEMENT,2017.0,2017.0
32025R0037R(01),32019R0881R(05),AMENDS,2025.0,2019.0
32022R1645R(01),32012R0748R(15),AMENDS,2022.0,2012.0
32022R1645R(01),32014R0139R(11),AMENDS,2022.0,2014.0
32018D0997,32012D0392,AMENDS,2018.0,2012.0
32025D1107,32018D0340R(01),AMENDS,2025.0,2018.0
32017D2162,32013D0233R(03),AMENDS,2017.0,2013.0
32022R2419,32021R0378,AMENDS,2022.0,2021.0
32023D2786,32023D1599,AMENDS,2023.0,2023.0
32018D1247,32012D0392,AMENDS,2018.0,2012.0
32025D0913,32021D1067R(01),AMENDS,2025.0,2021.0
32025R0037R(01),32025R0037R(01),CORRECTS,2025.0,2025.0
32024R1309R(01),32024R1309R(02),CORRECTS,2024.0,2024.0
32022D0173R(01),32009D0766,REPEALS,2022.0,2009.0
32023R1617,32021R2011,AMENDS,2023.0,2021.0
32025R0014,32019R1020R(05),AMENDS,2025.0,2019.0
32022R0113,32011R0101R(02),AMENDS,2022.0,2011.0
32019R0818R(01),32018R1862R(03),DOES_REPLACEMENT,2019.0,2018.0
32019R0818R(01),32019R0816R(02),DOES_REPLACEMENT,2019.0,2019.0
32017R0590R(02),32017R0590R(02),DOES_REPLACEMENT,2017.0,2017.0
32019R1143R(01),32015R2446R(12),DOES_REPLACEMENT,2019.0,2015.0
32018D1942,32012D0389,DOES_REPLACEMENT,2018.0,2012.0
32019D0420R(01),32013D1313R(01),DOES_REPLACEMENT,2019.0,2013.0
32024R3172,32022R2453R(01),IMPLICITLY_REPEALS,2024.0,2022.0
32024R3172,32022R0631,IMPLICITLY_REPEALS,2024.0,2022.0
32024R3172,32021R1018,IMPLICITLY_REPEALS,2024.0,2021.0
32023D0598,32021D0698,AMENDS,2023.0,2021.0
32009R1072R(03),32006L0094,REPEALS,2009.0,2006.0
32024R1988R(01),32013R1073,REPEALS,2024.0,2013.0
32021D1009,32013D0233R(03),AMENDS,2021.0,2013.0
32024R1610,32019R1242R(01),IMPLICITLY_REPEALS,2024.0,2019.0
32022D1367,32011D0072,AMENDS,2022.0,2011.0
32013L0036R(07),32006L0048,REPEALS,2013.0,2006.0
32013L0036R(07),32006L0049,REPEALS,2013.0,2006.0
32018R1999R(06),32013R0525,REPEALS,2018.0,2013.0
32021O0827,32013O0024,AMENDS,2021.0,2013.0
32023D1600,32016D0610,EXTENDS_VALIDITY,2023.0,2016.0
32015D2276R(01),32013D0233R(03),EXTENDS_VALIDITY,2015.0,2013.0
32014D0901,32013D0255R(01),AMENDS,2014.0,2013.0
32024L0790,32014L0065R(01),AMENDS,2024.0,2014.0
32021D0394,32014D0119R(01),AMENDS,2021.0,2014.0
32013D0752R(01),32005D0928,REPEALS,2013.0,2005.0
32013D0752R(01),32008D0673,REPEALS,2013.0,2008.0
32006L0038R(03),32006L0038R(02),CORRECTS,2006.0,2006.0
32013R1042R(01),32013R1042,CORRECTS,2013.0,2013.0
32023D0993,32023D0855R(01),AMENDS,2023.0,2023.0
32024R1938,32009R0596,IMPLICITLY_REPEALS,2024.0,2009.0
32023R2444,32022R0030,AMENDS,2023.0,2022.0
32022D0638,32014D0486,AMENDS,2022.0,2014.0
32021R0070,32018R1229R(01),AMENDS,2021.0,2018.0
32019R0943R(03),32013R0543R(02),IMPLICITLY_REPEALS,2019.0,2013.0
32016L2258,32011L0016,AMENDS,2016.0,2011.0
32023D2677,32023D0231,AMENDS,2023.0,2023.0
32019L1995,32006L0112R(20),AMENDS,2019.0,2006.0
32025R0038R(01),32025R0038,CORRECTS,2025.0,2025.0
32019L0883,32008R1137R(02),IMPLICITLY_REPEALS,2019.0,2008.0
32010L0065,32008R1137R(02),IMPLICITLY_REPEALS,2010.0,2008.0
32022D2445,32012D0389,AMENDS,2022.0,2012.0
32017L2054,32009L0043,AMENDS,2017.0,2009.0
32020D1426,32008D0671,REPEALS,2020.0,2008.0
32019R1143R(01),32015R2446R(12),DOES_INSERTION,2019.0,2015.0
32018D1942,32012D0389,DOES_INSERTION,2018.0,2012.0
32025D0211,32023D0162,AMENDS,2025.0,2023.0
32023R2070,32016R1675,AMENDS,2023.0,2016.0
32015D1793,32012D0389,AMENDS,2015.0,2012.0
32023R1215,32014R0269R(03),AMENDS,2023.0,2014.0
32024R1252R(01),32024R1252R(01),CORRECTS,2024.0,2024.0
32022R2560R(02),32022R2560R(02),CORRECTS,2022.0,2022.0
32016D2240R(01),32016D2240,CORRECTS,2016.0,2016.0
32022L0362R(02),32022L0362R(04),CORRECTS,2022.0,2022.0
32022D1334R(01),32016D0610,EXTENDS_VALIDITY,2022.0,2016.0
32022R0375,32014R0208R(03),AMENDS,2022.0,2014.0
32014R1300R(07),32012D0464,IMPLICITLY_REPEALS,2014.0,2012.0
32017R0373R(05),32012R0923R(22),IMPLICITLY_REPEALS,2017.0,2012.0
32018R1973,32013R0909R(01),DOES_REPLACEMENT,2018.0,2013.0
32018R1724,32012R1024R(01),DOES_REPLACEMENT,2018.0,2012.0
32022D2191,32020D1562,IMPLICITLY_REPEALS,2022.0,2020.0
32022D2191,32021D1196,IMPLICITLY_REPEALS,2022.0,2021.0
32022D2191,32020D0553,IMPLICITLY_REPEALS,2022.0,2020.0
32022D2191,32022D0498,IMPLICITLY_REPEALS,2022.0,2022.0
32024R0886R(01),32015L2366R(06),AMENDS,2024.0,2015.0
32024R0886R(01),32012R0260R(01),AMENDS,2024.0,2012.0
32024R0886R(01),32021R1230,AMENDS,2024.0,2021.0
32025R0878,32023R1577,AMENDS,2025.0,2023.0
32025R0878,32022R2059,AMENDS,2025.0,2022.0
32025R0878,32022R2060,AMENDS,2025.0,2022.0
32024R3189,32014R0269R(03),AMENDS,2024.0,2014.0
32024D3116R(01),32022D1964,IMPLICITLY_REPEALS,2024.0,2022.0
32024D3116R(01),32023D2700,IMPLICITLY_REPEALS,2024.0,2023.0
32024D3116R(01),32021D1824,IMPLICITLY_REPEALS,2024.0,2021.0
32009R0707,32005R0184,AMENDS,2009.0,2005.0
32021R0821R(03),32014R0599,REPEALS,2021.0,2014.0
32021R0821R(03),32012R0388,REPEALS,2021.0,2012.0
32021R0821R(03),32014R1382,REPEALS,2021.0,2014.0
32021R0821R(03),32018R1922,REPEALS,2021.0,2018.0
32021R0821R(03),32017R2268,REPEALS,2021.0,2017.0
32021R0821R(03),32020R2171,REPEALS,2021.0,2020.0
32021R0821R(03),32011R1232,REPEALS,2021.0,2011.0
32021R0821R(03),32020R1749,REPEALS,2021.0,2020.0
32021R0821R(03),32016R1969,REPEALS,2021.0,2016.0
32021R0821R(03),32019R2199,REPEALS,2021.0,2019.0
32021R0821R(03),32015R2420,REPEALS,2021.0,2015.0
32021R0821R(03),32009R0428R(04),REPEALS,2021.0,2009.0
32018L1808,32010L0013R(03),DOES_REPLACEMENT,2018.0,2010.0
32024R1180R(01),32015R0758,AMENDS,2024.0,2015.0
32024D2880,32022D2354,AMENDS,2024.0,2022.0
32024D2034,32022D0667,AMENDS,2024.0,2022.0
32024D0336,32023D0162,AMENDS,2024.0,2023.0
32023D0995,32018D0340R(01),AMENDS,2023.0,2018.0
32024L1640R(01),32019L2177R(02),IMPLICITLY_REPEALS,2024.0,2019.0
32024L1640R(01),32023R1113,IMPLICITLY_REPEALS,2024.0,2023.0
32024L1640R(01),32018L0843R(01),IMPLICITLY_REPEALS,2024.0,2018.0
32019D0420R(01),32013D1313R(01),DOES_INSERTION,2019.0,2013.0
32015D1141,32012D0392,AMENDS,2015.0,2012.0
32019R0817,32008R0767R(04),DOES_INSERTION,2019.0,2008.0
32019R0817,32018R1240R(05),DOES_INSERTION,2019.0,2018.0
32019R0817,32017R2226R(03),DOES_INSERTION,2019.0,2017.0
32022D1507,32014D0119R(01),AMENDS,2022.0,2014.0
32019D0785,32017D1438,IMPLICITLY_REPEALS,2019.0,2017.0
32019D0785,32009D0343,IMPLICITLY_REPEALS,2019.0,2009.0
32019D0785,32014D0702,IMPLICITLY_REPEALS,2019.0,2014.0
32014R0165R(01),32006R0561R(10),IMPLICITLY_REPEALS,2014.0,2006.0
32023R1626,32018R1229R(01),AMENDS,2023.0,2018.0
32016D2238,32010D0452R(01),AMENDS,2016.0,2010.0
32023R2854R(01),32023R2854R(01),CORRECTS,2023.0,2023.0
32018D1082,32016D0610,AMENDS,2018.0,2016.0
32025D0893,32022D2191,AMENDS,2025.0,2022.0
32023R1717,32014L0053R(02),AMENDS,2023.0,2014.0
32024R0873R(01),32024R0873R(03),CORRECTS,2024.0,2024.0
32023R1695R(03),32019R0776R(04),IMPLICITLY_REPEALS,2023.0,2019.0
32014R0909R(04),32014R0909R(06),CORRECTS,2014.0,2014.0
32017R1084R(02),32017R1084R(01),CORRECTS,2017.0,2017.0
32013R0462R(02),32013R0462R(01),CORRECTS,2013.0,2013.0
32017R0390R(01),32017R0390R(01),CORRECTS,2017.0,2017.0
32017R0391R(01),32017R0391R(01),CORRECTS,2017.0,2017.0
32011L0083R(05),32011L0083R(05),CORRECTS,2011.0,2011.0
32023R2878R(04),32014R0833,AMENDS,2023.0,2014.0
32024R1745,32014R0833,AMENDS,2024.0,2014.0
32019R1689,32018R1229R(01),AMENDS,2019.0,2018.0
32020R0446,32014R0515R(03),AMENDS,2020.0,2014.0
32021R1153R(01),32017R2396R(01),IMPLICITLY_REPEALS,2021.0,2017.0
32020D0903,32016D1634,EXTENDS_VALIDITY,2020.0,2016.0
32020D0903,32013D0233R(03),EXTENDS_VALIDITY,2020.0,2013.0
32019R1243,32009L0081R(01),DOES_REPLACEMENT,2019.0,2009.0
32020R1212,32018R1229R(01),AMENDS,2020.0,2018.0
32020D0663,32012D0389,AMENDS,2020.0,2012.0
32024R3117,32022R1994,IMPLICITLY_REPEALS,2024.0,2022.0
32024R3117,32022R0185,IMPLICITLY_REPEALS,2024.0,2022.0
32024R3117,32024R0855,IMPLICITLY_REPEALS,2024.0,2024.0
32018L1808,32010L0013R(03),DOES_INSERTION,2018.0,2010.0
32024L1275,32018L0844,REPEALS,2024.0,2018.0
32024L1275,32018R1999R(06),REPEALS,2024.0,2018.0
32024L1275,32010L0031R(03),REPEALS,2024.0,2010.0
32017L2455R(01),32017L2455R(06),CORRECTS,2017.0,2017.0
32023L2673,32005L0029R(03),IMPLICITLY_REPEALS,2023.0,2005.0
32023L2673,32015L2366R(06),IMPLICITLY_REPEALS,2023.0,2015.0
32018L2002,32012L0027R(01),DOES_REPLACEMENT,2018.0,2012.0
32023R0706,32022R1369,AMENDS,2023.0,2022.0
32023R1769,32023R0203,AMENDS,2023.0,2023.0
32016D1339,32013D0233R(03),AMENDS,2016.0,2013.0
32019R1239,32010L0065,REPEALS,2019.0,2010.0
32022R1032R(01),32017R1938R(01),AMENDS,2022.0,2017.0
32022R1032R(01),32009R0715,AMENDS,2022.0,2009.0
32018R0761R(01),32012R1077,REPEALS,2018.0,2012.0
32024D1779R(01),32024D1779R(01),CORRECTS,2024.0,2024.0
32018L1808,32010L0013R(03),DOES_DELETION,2018.0,2010.0
32015R1501R(01),32015R1501R(01),CORRECTS,2015.0,2015.0
32024D3096R(01),32024D3096,CORRECTS,2024.0,2024.0
32020R2092R(04),32020R2092R(04),CORRECTS,2020.0,2020.0
32022R1862R(01),32022R1862R(01),CORRECTS,2022.0,2022.0
32011L0083R(05),32005L0029R(03),IMPLICITLY_REPEALS,2011.0,2005.0
32015L0849R(03),32009L0110R(03),IMPLICITLY_REPEALS,2015.0,2009.0
32015L0849R(03),32008L0020,IMPLICITLY_REPEALS,2015.0,2008.0
32023R0988,32009R0596,IMPLICITLY_REPEALS,2023.0,2009.0
32023R0988,32008R0765R(03),IMPLICITLY_REPEALS,2023.0,2008.0
32020D1133,32016D0610,AMENDS,2020.0,2016.0
32022R1409,32021R1224,REPEALS,2022.0,2021.0
32016D1352,32004D0677,REPEALS,2016.0,2004.0
32024R2803,32018R1139R(04),AMENDS,2024.0,2018.0
32018R0212,32016R1675,AMENDS,2018.0,2016.0
32011D0536R(01),32010D0452R(01),AMENDS,2011.0,2010.0
32021R0037,32016R1675,AMENDS,2021.0,2016.0
32024R1309R(02),32015R2120,AMENDS,2024.0,2015.0
32025R0772,32019R1842R(01),AMENDS,2025.0,2019.0
32022R2311,32013R0153R(03),AMENDS,2022.0,2013.0
32019R1243,32009L0081R(01),DOES_INSERTION,2019.0,2009.0
32022R0576R(05),32022R0576R(05),CORRECTS,2022.0,2022.0
32014D0482,32012D0392,AMENDS,2014.0,2012.0
32013D0446,32010D0452R(01),AMENDS,2013.0,2010.0
32025R0021,32014R0139R(11),AMENDS,2025.0,2014.0
32016L2341R(02),32009L0138R(01),DOES_DELETION,2016.0,2009.0
32016L2341R(02),32011L0061R(02),DOES_DELETION,2016.0,2011.0
32016L2341R(02),32010L0078,DOES_DELETION,2016.0,2010.0
32022R1214R(01),32021R2178,AMENDS,2022.0,2021.0
32022R1214R(01),32021R2139R(01),AMENDS,2022.0,2021.0
32019R0361,32013R0151,AMENDS,2019.0,2013.0
32017R0830,32006R0474R(03),AMENDS,2017.0,2006.0
32014R0600R(09),32012R0648R(09),AMENDS,2014.0,2012.0
32019D1276,32012D0627,REPEALS,2019.0,2012.0
32019R0817,32008R0767R(04),DOES_DELETION,2019.0,2008.0
32019R0817,32018R1240R(05),DOES_DELETION,2019.0,2018.0
32019R0817,32017R2226R(03),DOES_DELETION,2019.0,2017.0
32023R2616,32021R0821R(03),AMENDS,2023.0,2021.0
32023D1015,32017D2315R(02),AMENDS,2023.0,2017.0
32016L0882,32007L0059,AMENDS,2016.0,2007.0
32017D1908R(01),32017D1908R(01),CORRECTS,2017.0,2017.0
32014L0049R(02),32014L0049R(02),CORRECTS,2014.0,2014.0
32022R0398R(01),32022R0398R(01),CORRECTS,2022.0,2022.0
32024R1789R(03),32018R1999R(06),REPEALS,2024.0,2018.0
32024R1789R(03),32022R1032R(01),REPEALS,2024.0,2022.0
32024R1789R(03),32009R0715,REPEALS,2024.0,2009.0
32024R1789R(03),32022R0869,REPEALS,2024.0,2022.0
32024R1789R(03),32013R0347,REPEALS,2024.0,2013.0
32014L0024R(15),32013L0016,DOES_DELETION,2014.0,2013.0
32014L0024R(15),32013R1336,DOES_DELETION,2014.0,2013.0
32019R1776R(07),32019R1776R(07),CORRECTS,2019.0,2019.0
32020D1990,32010D0452R(01),EXTENDS_VALIDITY,2020.0,2010.0
32023L2413,32015L0652,REPEALS,2023.0,2015.0
32014D0415R(01),32014D0415R(01),CORRECTS,2014.0,2014.0
32017L2455R(04),32017L2455R(01),CORRECTS,2017.0,2017.0
32017L2455R(04),32017L2455R(06),CORRECTS,2017.0,2017.0
32012L0034R(04),32012L0034R(06),CORRECTS,2012.0,2012.0
32020R2176,32014R0241R(02),AMENDS,2020.0,2014.0
32018R0302R(03),32004R2006,DOES_INSERTION,2018.0,2004.0
32025D0394R(01),32025D0394R(01),CORRECTS,2025.0,2025.0
32014R1299R(05),32011D0275,REPEALS,2014.0,2011.0
32014R1299R(05),32008D0217,REPEALS,2014.0,2008.0
32022D0472,32022D0339,AMENDS,2022.0,2022.0
32017R0587R(02),32017R0587R(02),CORRECTS,2017.0,2017.0
32014R0596R(07),32014R0596R(07),CORRECTS,2014.0,2014.0
32017L0828,32007L0036R(01),AMENDS,2017.0,2007.0
32022R2303,32019R1780,AMENDS,2022.0,2019.0
32017R2459,32011R0282R(02),AMENDS,2017.0,2011.0
32018R1240R(05),32011R1077,DOES_INSERTION,2018.0,2011.0
32018R1240R(05),32017R2226R(03),DOES_INSERTION,2018.0,2017.0
32018R1240R(05),32014R0515R(03),DOES_INSERTION,2018.0,2014.0
32017R1800R(01),32013R0151,AMENDS,2017.0,2013.0
32015L2366R(06),32015L2366R(06),CORRECTS,2015.0,2015.0
32008D0545,32007D0888,AMENDS,2008.0,2007.0
32022R1856,32013R0151,AMENDS,2022.0,2013.0
32021D0891,32019D0903,REPEALS,2021.0,2019.0
32019R0818R(01),32018R1862R(03),DOES_INSERTION,2019.0,2018.0
32019R0818R(01),32019R0816R(02),DOES_INSERTION,2019.0,2019.0
32019L2235,32006L0112R(20),AMENDS,2019.0,2006.0
32019L2235,32008L0118,AMENDS,2019.0,2008.0
32018D0997,32012D0392,EXTENDS_VALIDITY,2018.0,2012.0
32020D2031,32012D0389,EXTENDS_VALIDITY,2020.0,2012.0
32021D0813,32014D0486,EXTENDS_VALIDITY,2021.0,2014.0
32013R0402,32009R0352,REPEALS,2013.0,2009.0
32020R1783R(02),32020R1783R(02),CORRECTS,2020.0,2020.0
32023D1602,32021D0625,REPEALS,2023.0,2021.0
32024R0994R(01),32024R0994R(01),CORRECTS,2024.0,2024.0
32014H0897R(01),32011H0217,REPEALS,2014.0,2011.0
32012R1024R(01),32008D0049,REPEALS,2012.0,2008.0
32008L0006R(03),32008L0006R(03),CORRECTS,2008.0,2008.0
32016L2370,32012L0034R(06),DOES_REPLACEMENT,2016.0,2012.0
32020D1990,32010D0452R(01),AMENDS,2020.0,2010.0
32023R0449,32014R0208R(03),AMENDS,2023.0,2014.0
32019R0125R(01),32013R0517R(02),DOES_DELETION,2019.0,2013.0
32023R0137R(05),32006R1893R(02),AMENDS,2023.0,2006.0
32010R1089R(02),32010R1089R(02),CORRECTS,2010.0,2010.0
32019R1243,32009L0081R(01),DOES_DELETION,2019.0,2009.0
32023L1791R(03),32012L0027R(01),REPEALS,2023.0,2012.0
32023L1791R(03),32019L0944R(05),REPEALS,2023.0,2019.0
32023L1791R(03),32018R1999R(06),REPEALS,2023.0,2018.0
32023L1791R(03),32013L0012,REPEALS,2023.0,2013.0
32023L1791R(03),32019R0826,REPEALS,2023.0,2019.0
32023L1791R(03),32019D0504,REPEALS,2023.0,2019.0
32023L1791R(03),32018L0844,REPEALS,2023.0,2018.0
32023L1791R(03),32018L2002,REPEALS,2023.0,2018.0
32022L2555R(06),32016L1148,REPEALS,2022.0,2016.0
32015D0528,32011D0871,REPEALS,2015.0,2011.0
32019D0038,32015D0007,REPEALS,2019.0,2015.0
32018R0105,32016R1675,AMENDS,2018.0,2016.0
32017R2367,32009L0081R(01),AMENDS,2017.0,2009.0
32015D2275,32012D0389,AMENDS,2015.0,2012.0
32015D0800R(01),32013D0233R(03),AMENDS,2015.0,2013.0
32019D1765,32011D0890,REPEALS,2019.0,2011.0
32024D3187R(01),32024D3187R(01),CORRECTS,2024.0,2024.0
32019R1830,32009L0081R(01),AMENDS,2019.0,2009.0
32017D2077,32005D0050,AMENDS,2017.0,2005.0
32016R0005,32012R0748R(15),AMENDS,2016.0,2012.0
32024R1781R(01),32024R1781R(01),CORRECTS,2024.0,2024.0
32021R0782R(02),32007R1371,REPEALS,2021.0,2007.0
32021R2325R(02),32021R2325R(02),CORRECTS,2021.0,2021.0
32017R0587R(02),32017R0587R(02),DOES_REPLACEMENT,2017.0,2017.0
32014R0596R(07),32014R0596R(07),DOES_REPLACEMENT,2014.0,2014.0
32018D0340R(01),32018D0340R(01),DOES_REPLACEMENT,2018.0,2018.0
32024R3018,32009R0223,AMENDS,2024.0,2009.0
32009L0119R(02),32009L0119R(01),DOES_REPLACEMENT,2009.0,2009.0
32006L0038R(03),32006L0038R(02),DOES_REPLACEMENT,2006.0,2006.0
32018R0231R(02),32018R0231R(02),DOES_REPLACEMENT,2018.0,2018.0
32023R2510,32009L0081R(01),AMENDS,2023.0,2009.0
32010D0118,32008E0123,EXTENDS_VALIDITY,2010.0,2008.0
32024R1610,32018R0858R(08),AMENDS,2024.0,2018.0
32024R1610,32019R1242R(01),AMENDS,2024.0,2019.0
32022D0754,32019D0797R(01),EXTENDS_VALIDITY,2022.0,2019.0
32020D0651,32019D0797R(01),EXTENDS_VALIDITY,2020.0,2019.0
32017D1193,32005E0889,EXTENDS_VALIDITY,2017.0,2005.0
32016D1172,32012D0392,EXTENDS_VALIDITY,2016.0,2012.0
32019R0876R(16),32013R0575R(02),DOES_REPLACEMENT,2019.0,2013.0
32019R0263,32014R0964,DOES_REPLACEMENT,2019.0,2014.0
32015D2249,32014D0486,EXTENDS_VALIDITY,2015.0,2014.0
32014D0482,32012D0392,EXTENDS_VALIDITY,2014.0,2012.0
32013D0446,32010D0452R(01),EXTENDS_VALIDITY,2013.0,2010.0
32022D2191,32020D0167,REPEALS,2022.0,2020.0
32019R0826,32012L0027R(01),DOES_REPLACEMENT,2019.0,2012.0
32025D0704,32014D0762,REPEALS,2025.0,2014.0
32025D0704,32019D1310,REPEALS,2025.0,2019.0
32023L2225R(01),32008L0048R(08),REPEALS,2023.0,2008.0
32014L0025R(07),32013R1336,DOES_DELETION,2014.0,2013.0
32014L0025R(07),32013L0016,DOES_DELETION,2014.0,2013.0
32018D2009,32013D0233R(03),DOES_REPLACEMENT,2018.0,2013.0
32018R1866,32006R0474R(03),DOES_REPLACEMENT,2018.0,2006.0
32017L2455R(06),32006L0112R(20),DOES_REPLACEMENT,2017.0,2006.0
32018D1884,32010D0452R(01),DOES_REPLACEMENT,2018.0,2010.0
32013D0752R(02),32013D0752R(01),CORRECTS,2013.0,2013.0
32017R0745R(02),32017R0745R(02),CORRECTS,2017.0,2017.0
32017R2454R(02),32017R2454,CORRECTS,2017.0,2017.0
32021D0698,32014D0496,REPEALS,2021.0,2014.0
32019R0818R(01),32019R0816R(02),DOES_DELETION,2019.0,2019.0
32019R0818R(01),32018R1862R(03),DOES_DELETION,2019.0,2018.0
32016D2144,32013D0255R(01),AMENDS,2016.0,2013.0
32024L1260R(01),32014L0042,REPLACES,2024.0,2014.0
32018D0943,32005E0889,AMENDS,2018.0,2005.0
32024R2690R(02),32018R0151,REPEALS,2024.0,2018.0
32019D0420R(01),32013D1313R(01),DOES_DELETION,2019.0,2013.0
32021D0553,32008R1099,DEROGATES,2021.0,2008.0
32018R1672R(02),32018R1672R(02),CORRECTS,2018.0,2018.0
32019R0818R(01),32019R0818R(01),CORRECTS,2019.0,2019.0
32017D2263,32010D0452R(01),AMENDS,2017.0,2010.0
32016D1339,32013D0233R(03),EXTENDS_APPLICATION,2016.0,2013.0
32017L2455R(05),32017L2455R(06),DOES_REPLACEMENT,2017.0,2017.0
32017R1084R(02),32017R1084R(01),DOES_REPLACEMENT,2017.0,2017.0
32013D1313R(03),32013D1313R(01),DOES_REPLACEMENT,2013.0,2013.0
32017R2226R(03),32017R2226R(03),DOES_REPLACEMENT,2017.0,2017.0
32019D0235R(01),32019D0235,DOES_REPLACEMENT,2019.0,2019.0
32010L0013R(03),32010L0013R(03),DOES_REPLACEMENT,2010.0,2010.0
32013R0153R(03),32013R0153R(03),DOES_REPLACEMENT,2013.0,2013.0
32024R2803,32009R1070,REPEALS,2024.0,2009.0
32012R0258R(04),32012R0258R(04),DOES_REPLACEMENT,2012.0,2012.0
32016L1629R(01),32016L1629R(01),DOES_REPLACEMENT,2016.0,2016.0
32019D0785R(01),32019D0785,DOES_REPLACEMENT,2019.0,2019.0
32016L1629R(01),32016L1629R(01),CORRECTS,2016.0,2016.0
32014L0090R(05),32014L0090R(05),CORRECTS,2014.0,2014.0
32017R2196R(01),32017R2196,DOES_REPLACEMENT,2017.0,2017.0
32018D1797R(01),32018D0340R(01),DOES_REPLACEMENT,2018.0,2018.0
32019R0554,32007L0059,DOES_REPLACEMENT,2019.0,2007.0
32016D1107,32005E0889,AMENDS,2016.0,2005.0
32024R1183R(02),32024R1183R(02),CORRECTS,2024.0,2024.0
32017R1926R(01),32017R1926R(01),DOES_REPLACEMENT,2017.0,2017.0
32017D2380,32010L0040,AMENDS,2017.0,2010.0
32024R1772,32022R2554R(01),COMPLETES,2024.0,2022.0
32025R0295,32022R2554R(01),COMPLETES,2025.0,2022.0
32025R0297,32023R1114R(05),COMPLETES,2025.0,2023.0
32022D1507,32014D0119R(01),EXTENDS_VALIDITY,2022.0,2014.0
32019R2099R(01),32012R0648R(09),AMENDS,2019.0,2012.0
32013R1072,32004R2181,AMENDS,2013.0,2004.0
32022D2318,32010D0452R(01),AMENDS,2022.0,2010.0
32022R0612,32015R2120,IMPLICITLY_REPEALS,2022.0,2015.0
32016D1352,32007D0216,IMPLICITLY_REPEALS,2016.0,2007.0
32019R0876R(16),32013R0575R(02),DOES_INSERTION,2019.0,2013.0
32019R0263,32014R0964,DOES_INSERTION,2019.0,2014.0
32018D1941,32016D0610,DOES_INSERTION,2018.0,2016.0
32020R0158,32016R0799R(03),AMENDS,2020.0,2016.0
32024D0867,32020D1531,REPEALS,2024.0,2020.0
32022R0670,32015R0962,REPEALS,2022.0,2015.0
32024R3117,32021R0451R(04),REPEALS,2024.0,2021.0
32019R2146R(01),32019R2146R(01),CORRECTS,2019.0,2019.0
32021D0394,32014D0119R(01),EXTENDS_APPLICATION,2021.0,2014.0
32020D1237,32020R0698,EXTENDS_APPLICATION,2020.0,2020.0
32024D0788,32023L2843,EXTENDS_APPLICATION,2024.0,2023.0
32020D0373,32014D0119R(01),EXTENDS_APPLICATION,2020.0,2014.0
32016D0207,32013D0233R(03),EXTENDS_APPLICATION,2016.0,2013.0
32023R1804R(01),32019R1745,REPEALS,2023.0,2019.0
32023R1804R(01),32021R1444,REPEALS,2023.0,2021.0
32023R1804R(01),32014L0094,REPEALS,2023.0,2014.0
32013D1313R(03),32013D1313R(01),CORRECTS,2013.0,2013.0
32024D0789,32023R2844,EXTENDS_APPLICATION,2024.0,2023.0
32020D0452R(03),32019D0570R(01),AMENDS,2020.0,2019.0
32025R0395R(02),32025R0395R(02),CORRECTS,2025.0,2025.0
32019R0941,32005L0089,REPEALS,2019.0,2005.0
32015L0849R(03),32006L0070,REPEALS,2015.0,2006.0
32015L0849R(03),32005L0060,REPEALS,2015.0,2005.0
32024O2798R(01),32024O2798R(01),CORRECTS,2024.0,2024.0
32025R0041,32012R0258R(04),REPEALS,2025.0,2012.0
32017L2455R(06),32017L2455R(06),CORRECTS,2017.0,2017.0
32020R1044,32014R0666,REPEALS,2020.0,2014.0
32005L0044R(01),32005L0044,CORRECTS,2005.0,2005.0
32018D1884,32010D0452R(01),EXTENDS_VALIDITY,2018.0,2010.0
32018D2009,32013D0233R(03),EXTENDS_VALIDITY,2018.0,2013.0
32024D2876,32022D1968,EXTENDS_VALIDITY,2024.0,2022.0
32019R0289,32014R0702R(01),DOES_REPLACEMENT,2019.0,2014.0
32019R0361,32013R0151,DOES_REPLACEMENT,2019.0,2013.0
32025D0887,32019D0797R(01),EXTENDS_VALIDITY,2025.0,2019.0
32018L1972R(05),32018L1972R(04),CORRECTS,2018.0,2018.0
32024R1307,32021R1232,EXTENDS_VALIDITY,2024.0,2021.0
32012D0503R(01),32010D0452R(01),EXTENDS_VALIDITY,2012.0,2010.0
32023D0457,32014D0119R(01),EXTENDS_VALIDITY,2023.0,2014.0
32018D1941,32016D0610,DOES_REPLACEMENT,2018.0,2016.0
32024D1353,32014D0486,EXTENDS_VALIDITY,2024.0,2014.0
32015R1017R(01),32013R1316,DOES_REPLACEMENT,2015.0,2013.0
32014L0041R(02),32014L0041R(02),CORRECTS,2014.0,2014.0
32024D2988,32010D0452R(01),EXTENDS_VALIDITY,2024.0,2010.0
32024D2396,32016D0610,EXTENDS_VALIDITY,2024.0,2016.0
32019L0883,32010L0065,DOES_REPLACEMENT,2019.0,2010.0
32022D2318,32010D0452R(01),EXTENDS_VALIDITY,2022.0,2010.0
32019D0235,32008D0411,DOES_REPLACEMENT,2019.0,2008.0
32021R0696R(01),32013R1285,REPEALS,2021.0,2013.0
32021R0696R(01),32014R0377,REPEALS,2021.0,2014.0
32021R0696R(01),32010R0912,REPEALS,2021.0,2010.0
32019R0618,32006R0474R(03),DOES_REPLACEMENT,2019.0,2006.0
32023R1315R(04),32014R0651R(05),EXTENDS_VALIDITY,2023.0,2014.0
32018D1942,32012D0389,EXTENDS_VALIDITY,2018.0,2012.0
32025D0211,32023D0162,EXTENDS_VALIDITY,2025.0,2023.0
32020D1133,32016D0610,EXTENDS_VALIDITY,2020.0,2016.0
32019D1115,32005E0889,EXTENDS_VALIDITY,2019.0,2005.0
32017D1342,32013D0233R(03),EXTENDS_VALIDITY,2017.0,2013.0
32014D0430,32005E0889,EXTENDS_VALIDITY,2014.0,2005.0
32018R1971R(01),32015R2120,DOES_REPLACEMENT,2018.0,2015.0
32019R0125R(01),32013R0517R(02),DOES_REPLACEMENT,2019.0,2013.0
32013D0355,32005E0889,EXTENDS_VALIDITY,2013.0,2005.0
32018D2021,32015D0348,DOES_REPLACEMENT,2018.0,2015.0
32019R0630,32013R0575R(02),DOES_REPLACEMENT,2019.0,2013.0
32023D1305,32013D0233R(03),EXTENDS_VALIDITY,2023.0,2013.0
32021R1230,32012R0260R(01),IMPLICITLY_REPEALS,2021.0,2012.0
32023L2413,32018R1999R(06),IMPLICITLY_REPEALS,2023.0,2018.0
32015L2366R(06),32009L0111,IMPLICITLY_REPEALS,2015.0,2009.0
32021R1060R(05),32021R1060R(05),CORRECTS,2021.0,2021.0
32022D0376,32014D0119R(01),EXTENDS_VALIDITY,2022.0,2014.0
32021R0821R(03),32019R0496,IMPLICITLY_REPEALS,2021.0,2019.0
32019R2175R(03),32019R2175R(01),CORRECTS,2019.0,2019.0
32024R1781R(01),32012L0027R(01),IMPLICITLY_REPEALS,2024.0,2012.0
32015D0611,32014D0643,EXTENDS_VALIDITY,2015.0,2014.0
32014L0108,32014L0018,IMPLICITLY_REPEALS,2014.0,2014.0
32018R1805R(01),32009F0299R(01),IMPLICITLY_REPEALS,2018.0,2009.0
32018R0389R(01),32018R0389R(01),CORRECTS,2018.0,2018.0
32021D2008R(01),32021D2008R(01),CORRECTS,2021.0,2021.0
32014R0667R(02),32014R0667,CORRECTS,2014.0,2014.0
32023R1113,32019R2175R(01),IMPLICITLY_REPEALS,2023.0,2019.0
32021R2082R(01),32021R2082R(01),CORRECTS,2021.0,2021.0
32016R0101R(01),32016R0101R(01),CORRECTS,2016.0,2016.0
32024D1274,32019R0943R(03),DEROGATES,2024.0,2019.0
32024D1274,32019L0944R(05),DEROGATES,2024.0,2019.0
32025R0413,32023R1114R(05),COMPLETES,2025.0,2023.0
32025R0414,32023R1114R(05),COMPLETES,2025.0,2023.0
32025D1014,32019R0943R(03),DEROGATES,2025.0,2019.0
32025D1014,32019L0944R(05),DEROGATES,2025.0,2019.0
32024R3172,32021R0637,REPEALS,2024.0,2021.0
32022D0258,32019R0943R(03),DEROGATES,2022.0,2019.0
32022D0258,32019L0944R(05),DEROGATES,2022.0,2019.0
32016D1107,32005E0889,EXTENDS_VALIDITY,2016.0,2005.0
32024R1778R(01),32024R1778,CORRECTS,2024.0,2024.0
32013R1075R(01),32013R1075R(01),CORRECTS,2013.0,2013.0
32024D0560,32019L0944R(05),DEROGATES,2024.0,2019.0
32024D0560,32019R0943R(03),DEROGATES,2024.0,2019.0
32014D0119R(01),32014D0119R(01),CORRECTS,2014.0,2014.0
32022D0339R(02),32022D0339,CORRECTS,2022.0,2022.0
32014R0654R(01),32014R0654R(01),CORRECTS,2014.0,2014.0
32017R2196R(01),32017R2196,CORRECTS,2017.0,2017.0
32013D1313R(01),32007D0162,REPEALS,2013.0,2007.0
32018D0860R(01),32018D0860,CORRECTS,2018.0,2018.0
32020R0521,32013D1313R(01),DEROGATES,2020.0,2013.0
32020R0521,32018R1046,DEROGATES,2020.0,2018.0
32025D1016,32019L0944R(05),DEROGATES,2025.0,2019.0
32025D1016,32019R0943R(03),DEROGATES,2025.0,2019.0
32015R0097,32012R0918,AMENDS,2015.0,2012.0
32020R1543,32014R0514R(01),AMENDS,2020.0,2014.0
32021R1351,32016R1011R(01),COMPLETES,2021.0,2016.0
32021R2289R(01),32021R2289R(01),CORRECTS,2021.0,2021.0
32018R0728,32013R0575R(02),COMPLETES,2018.0,2013.0
32018D1797R(01),32018D0340R(01),DOES_DELETION,2018.0,2018.0
32024R0298,32019R1700,COMPLETES,2024.0,2019.0
32018R1805R(01),32006F0783R(01),REPLACES,2018.0,2006.0
32008D0262R(01),32008D0262R(01),CORRECTS,2008.0,2008.0
32018R0762R(02),32010R1158R(01),REPEALS,2018.0,2010.0
32018R0762R(02),32010R1169,REPEALS,2018.0,2010.0
32019R0125R(01),32013R0517R(02),DOES_INSERTION,2019.0,2013.0
32018D1884,32010D0452R(01),DOES_INSERTION,2018.0,2010.0
32018R1467,32016R1675,DOES_INSERTION,2018.0,2016.0
32018L2002,32012L0027R(01),DOES_INSERTION,2018.0,2012.0
32018R1724,32012R1024R(01),DOES_INSERTION,2018.0,2012.0
32019R0362,32013R0150,DOES_INSERTION,2019.0,2013.0
32021R1153R(01),32014R0283,REPEALS,2021.0,2014.0
32021R1153R(01),32013R1316,REPEALS,2021.0,2013.0
32016L2370,32012L0034R(06),DOES_INSERTION,2016.0,2012.0
32018R1971R(01),32015R2120,DOES_INSERTION,2018.0,2015.0
32024D1354,32021D1143R(01),EXTENDS_VALIDITY,2024.0,2021.0
32014D0018,32013D0656,EXTENDS_VALIDITY,2014.0,2013.0
32021D1009,32013D0233R(03),EXTENDS_VALIDITY,2021.0,2013.0
32018D0943,32005E0889,EXTENDS_VALIDITY,2018.0,2005.0
32025D0488,32020D0472R(01),EXTENDS_VALIDITY,2025.0,2020.0
32022D2445,32012D0389,EXTENDS_VALIDITY,2022.0,2012.0
32018R1541R(01),32010R0904R(04),DOES_REPLACEMENT,2018.0,2010.0
32018D1082,32016D0610,EXTENDS_VALIDITY,2018.0,2016.0
32017R2459,32011R0282R(02),DOES_REPLACEMENT,2017.0,2011.0
32019R0296,32016R2286R(03),DOES_REPLACEMENT,2019.0,2016.0
32011D0536R(01),32010D0452R(01),EXTENDS_VALIDITY,2011.0,2010.0
32014D0258R(01),32013D0254,EXTENDS_VALIDITY,2014.0,2013.0
32020D0955,32005E0889,EXTENDS_VALIDITY,2020.0,2005.0
32019L1151R(01),32017L1132R(03),DOES_REPLACEMENT,2019.0,2017.0
32018D1247,32012D0392,DOES_REPLACEMENT,2018.0,2012.0
32016D2238,32010D0452R(01),EXTENDS_VALIDITY,2016.0,2010.0
32019D1115,32005E0889,DOES_REPLACEMENT,2019.0,2005.0
32007E0203,32006E0623,EXTENDS_VALIDITY,2007.0,2006.0
32018D1247,32012D0392,EXTENDS_VALIDITY,2018.0,2012.0
32018R2000,32014R0516,DOES_REPLACEMENT,2018.0,2014.0
32024R1157R(03),32006R1013R(05),REPEALS,2024.0,2006.0
32025D0334,32024D0583,EXTENDS_VALIDITY,2025.0,2024.0
32022D1367,32011D0072,EXTENDS_VALIDITY,2022.0,2011.0
32014D0915,32010D0452R(01),EXTENDS_VALIDITY,2014.0,2010.0
32025D0943,32023D0855R(01),EXTENDS_VALIDITY,2025.0,2023.0
32019R0834,32012R0648R(09),DOES_REPLACEMENT,2019.0,2012.0
32016D2240,32012D0389,EXTENDS_VALIDITY,2016.0,2012.0
32019L0514,32009L0043,DOES_REPLACEMENT,2019.0,2009.0
32021R0522R(02),32014R0282,REPEALS,2021.0,2014.0
32012D0332,32005E0889,EXTENDS_VALIDITY,2012.0,2005.0
32024D3096,32012D0389,EXTENDS_VALIDITY,2024.0,2012.0
32022D0118,32011D0072,EXTENDS_VALIDITY,2022.0,2011.0
32018R1291,32014R1042,DOES_REPLACEMENT,2018.0,2014.0
32020D0117,32011D0072,EXTENDS_VALIDITY,2020.0,2011.0
32019R1122,32013R0389R(01),DOES_REPLACEMENT,2019.0,2013.0
32023D0964,32019D0797R(01),EXTENDS_VALIDITY,2023.0,2019.0
32023R0706,32022R1369,EXTENDS_VALIDITY,2023.0,2022.0
32016D1351,32004D0676,REPEALS,2016.0,2004.0
32024D0828,32014D0119R(01),EXTENDS_VALIDITY,2024.0,2014.0
32025R0301,32022R2554R(01),COMPLETES,2025.0,2022.0
32013D0725R(01),32012D0173,EXTENDS_VALIDITY,2013.0,2012.0
32015R0010,32014R0870,REPEALS,2015.0,2014.0
32017R2396R(01),32013R1316,DOES_REPLACEMENT,2017.0,2013.0
32018D0704,32016D0419,REPEALS,2018.0,2016.0
32018D0704,32016D0420,REPEALS,2018.0,2016.0
32021R1230,32009R0924,REPEALS,2021.0,2009.0
32021R0695R(03),32013R1291,REPEALS,2021.0,2013.0
32024R1610,32018R0956,REPEALS,2024.0,2018.0
32017D0684,32012D0994,REPEALS,2017.0,2012.0
32018R1724,32012R1024R(01),DOES_DELETION,2018.0,2012.0
32016L2370,32012L0034R(06),DOES_DELETION,2016.0,2012.0
32018R1971R(01),32015R2120,DOES_DELETION,2018.0,2015.0
32019R0876R(16),32013R0575R(02),DOES_DELETION,2019.0,2013.0
32016L0097,32014L0065R(01),DOES_DELETION,2016.0,2014.0
32018L2002,32012L0027R(01),DOES_DELETION,2018.0,2012.0
32014R0596R(07),32010L0078,DOES_DELETION,2014.0,2010.0
32019R2105,32006R0474R(03),AMENDS,2019.0,2006.0
32020R1224R(01),32017R2402R(01),COMPLETES,2020.0,2017.0
32024R1309R(02),32014L0061R(03),REPEALS,2024.0,2014.0
32020R1818,32016R1011R(01),COMPLETES,2020.0,2016.0
32019R2014R(02),32017R1369R(01),COMPLETES,2019.0,2017.0
32016R1185R(03),32016R1185R(03),CORRECTS,2016.0,2016.0
32022R0930,32014R0600R(09),COMPLETES,2022.0,2014.0
32024R2510,32018R1240R(05),COMPLETES,2024.0,2018.0
32024R1774R(01),32022R2554R(01),COMPLETES,2024.0,2022.0
32017R0390R(01),32014R0909R(06),COMPLETES,2017.0,2014.0
32017D1474R(02),32016L0797R(10),COMPLETES,2017.0,2016.0
32017R2396R(01),32017R2396R(01),CORRECTS,2017.0,2017.0
32009D0937R(01),32009D0937R(01),CORRECTS,2009.0,2009.0
32023L2413R(02),32023L2413,CORRECTS,2023.0,2023.0
32022D2353R(01),32022D2353R(01),CORRECTS,2022.0,2022.0
32014R0208R(03),32014R0208R(03),CORRECTS,2014.0,2014.0
32021R0453R(02),32021R0453R(04),CORRECTS,2021.0,2021.0
32017R0391R(01),32014R0909R(06),COMPLETES,2017.0,2014.0
32011L0007R(01),32011L0007R(01),CORRECTS,2011.0,2011.0
32004L0066R(01),32004L0066R(01),CORRECTS,2004.0,2004.0
32013R0575R(02),32013R0575R(02),CORRECTS,2013.0,2013.0
32019R1148R(03),32019R1148,CORRECTS,2019.0,2019.0
32022D0472R(01),32022D0472,CORRECTS,2022.0,2022.0
32019R2243R(01),32019R2243R(01),CORRECTS,2019.0,2019.0
32022R0001R(01),32022R0001R(01),CORRECTS,2022.0,2022.0
32017R1084R(06),32017R1084R(01),CORRECTS,2017.0,2017.0
32014L0051R(02),32014L0051R(02),CORRECTS,2014.0,2014.0
32015D1835R(01),32015D1835R(01),CORRECTS,2015.0,2015.0
32016R0679R(02),32016R0679R(02),CORRECTS,2016.0,2016.0
32013R1074R(01),32013R1074R(01),CORRECTS,2013.0,2013.0
32017L2455R(05),32017L2455R(06),CORRECTS,2017.0,2017.0
32009L0138R(01),32009L0138R(01),CORRECTS,2009.0,2009.0
32023R2878R(04),32023R2878R(04),CORRECTS,2023.0,2023.0
32019R0630,32013R0575R(02),DOES_INSERTION,2019.0,2013.0
32019L1151R(01),32017L1132R(03),DOES_INSERTION,2019.0,2017.0
32016R0467R(01),32015R0035R(09),DOES_INSERTION,2016.0,2015.0
32018D2009,32013D0233R(03),DOES_INSERTION,2018.0,2013.0
32019D1115,32005E0889,DOES_INSERTION,2019.0,2005.0
32018D1797R(01),32018D0340R(01),DOES_INSERTION,2018.0,2018.0
32018D1247,32012D0392,DOES_INSERTION,2018.0,2012.0
32018R1541R(01),32010R0904R(04),DOES_INSERTION,2018.0,2010.0
32018R1291,32014R1042,DOES_INSERTION,2018.0,2014.0
32018R2000,32014R0516,DOES_INSERTION,2018.0,2014.0
32019L1023,32017L1132R(03),DOES_INSERTION,2019.0,2017.0
32014R0275,32013R1316,DOES_INSERTION,2014.0,2013.0
32019R0834,32012R0648R(09),DOES_INSERTION,2019.0,2012.0
32019R1122,32013R0389R(01),DOES_INSERTION,2019.0,2013.0
32017R2396R(01),32013R1316,DOES_INSERTION,2017.0,2013.0
32019R0289,32014R0702R(01),DOES_INSERTION,2019.0,2014.0
32019R0630R(02),32019R0630,CORRECTS,2019.0,2019.0
32016L0680R(03),32008F0977,REPEALS,2016.0,2008.0
32022D0338R(01),32022D0338,CORRECTS,2022.0,2022.0
32022D2086,32011D0072,AMENDS,2022.0,2011.0
32023R0660,32006R0473,REPEALS,2023.0,2006.0
32019D0785,32007D0131,DOES_REPEAL,2019.0,2007.0
32022D2478R(01),32022D2478R(01),CORRECTS,2022.0,2022.0
32020R0740R(03),32020R0740R(03),CORRECTS,2020.0,2020.0
32019R0826,32012L0027R(01),DOES_DELETION,2019.0,2012.0
32019D1279,32012D0628,REPEALS,2019.0,2012.0
32010L0013R(01),32010L0013R(03),CORRECTS,2010.0,2010.0
32018L1972R(01),32018L1972R(04),CORRECTS,2018.0,2018.0
32019R0630,32013R0575R(02),DOES_DELETION,2019.0,2013.0
32019D0570R(01),32014D0762,DOES_DELETION,2019.0,2014.0
32019R0834,32012R0648R(09),DOES_DELETION,2019.0,2012.0
32018R1541R(01),32010R0904R(04),DOES_DELETION,2018.0,2010.0
32024R1774R(02),32024R1774R(01),CORRECTS,2024.0,2024.0
32019R0942R(01),32013R0347,DOES_DELETION,2019.0,2013.0
32014D0415R(02),32014D0415R(01),CORRECTS,2014.0,2014.0
32013R1305R(01),32013R1305R(01),CORRECTS,2013.0,2013.0
32012R0244R(01),32012R0244R(01),CORRECTS,2012.0,2012.0
32021R0453R(01),32021R0453R(04),CORRECTS,2021.0,2021.0
32012L0027R(01),32012L0027R(01),CORRECTS,2012.0,2012.0
32019D0038R(01),32019D0038,CORRECTS,2019.0,2019.0
32017R2226R(03),32017R2226R(03),CORRECTS,2017.0,2017.0
32024R1735R(01),32024R1735R(01),CORRECTS,2024.0,2024.0
32017D2315R(01),32017D2315R(02),CORRECTS,2017.0,2017.0
32019D0785,32007D0131,REPEALS,2019.0,2007.0
32025R0398R(01),32025R0398R(01),CORRECTS,2025.0,2025.0
32019D0235R(01),32019D0235,CORRECTS,2019.0,2019.0
32014L0065R(01),32010L0078,DOES_DELETION,2014.0,2010.0
32019L1151R(01),32017L1132R(03),DOES_DELETION,2019.0,2017.0
32024L2749R(01),32024L2749R(01),CORRECTS,2024.0,2024.0
32021D1428R(01),32021D1428R(01),CORRECTS,2021.0,2021.0
32018D1941,32016D0610,DOES_DELETION,2018.0,2016.0
32019D1281,32014D0245,REPEALS,2019.0,2014.0
32024R1679,32013R1315,REPEALS,2024.0,2013.0
32024L1640R(01),32015L0849R(03),REPEALS,2024.0,2015.0
32019R0289,32014R0702R(01),DOES_DELETION,2019.0,2014.0
32018D0703,32016D0421,REPEALS,2018.0,2016.0
32019R0942R(01),32009R0713,REPEALS,2019.0,2009.0
32021R1832R(01),32021R1832R(01),CORRECTS,2021.0,2021.0
32014R1299R(02),32014R1299R(05),CORRECTS,2014.0,2014.0
32025R0020R(01),32018R1139R(04),COMPLETES,2025.0,2018.0
32016R0467R(01),32015R0035R(09),CORRECTS,2016.0,2015.0
32024D3116R(01),32020D1515,REPEALS,2024.0,2020.0
32024R1781R(01),32009L0125R(02),REPEALS,2024.0,2009.0
32024R0573R(02),32014R0517,REPEALS,2024.0,2014.0
32022R1994,32021R0451R(04),AMENDS,2022.0,2021.0
32017R1926R(01),32017R1926R(01),CORRECTS,2017.0,2017.0
32024R0827,32014R0208R(03),AMENDS,2024.0,2014.0
32024R1773,32022R2554R(01),COMPLETES,2024.0,2022.0
32013R0231R(04),32011L0061R(02),COMPLETES,2013.0,2011.0
32017R0565R(06),32014L0065R(01),COMPLETES,2017.0,2014.0
32020R2254R(01),32015R2447R(13),DEROGATES,2020.0,2015.0
32016R1450,32014L0059R(14),COMPLETES,2016.0,2014.0
32024R1505,32022R2554R(01),COMPLETES,2024.0,2022.0
32023R1577,32013R0575R(02),COMPLETES,2023.0,2013.0
32023R2779,32013R0575R(02),COMPLETES,2023.0,2013.0
32022R2060,32013R0575R(02),COMPLETES,2022.0,2013.0
32014L0065R(01),32010L0078,DOES_REPEAL,2014.0,2010.0
32019R0942R(01),32009R0713,DOES_REPEAL,2019.0,2009.0
32023R1193,32021R0023,COMPLETES,2023.0,2021.0
32018R1108,32015L0849R(03),COMPLETES,2018.0,2015.0
32019R0411,32015L2366R(06),COMPLETES,2019.0,2015.0
32023R1192,32021R0023,COMPLETES,2023.0,2021.0
32023R1578,32013R0575R(02),COMPLETES,2023.0,2013.0
32019R0320,32014L0053R(02),COMPLETES,2019.0,2014.0
32023R0370,32021R2115,COMPLETES,2023.0,2021.0
32022R1302,32014L0065R(01),COMPLETES,2022.0,2014.0
32022R2059,32013R0575R(02),COMPLETES,2022.0,2013.0
32024R1107,32018R1139R(04),COMPLETES,2024.0,2018.0
32022R2202,32021R1153R(01),COMPLETES,2022.0,2021.0
32017R2055,32015L2366R(06),COMPLETES,2017.0,2015.0
32024R0911R(01),32009L0065R(07),COMPLETES,2024.0,2009.0
32021R2178,32020R0852R(06),COMPLETES,2021.0,2020.0
32023R1615,32021R0023,COMPLETES,2023.0,2021.0
32018R1971R(01),32009R1211,DOES_REPEAL,2018.0,2009.0
32022R0670,32010L0040,COMPLETES,2022.0,2010.0
32021R0931,32013R0575R(02),COMPLETES,2021.0,2013.0
32024R1502,32022R2554R(01),COMPLETES,2024.0,2022.0
32023R0444R(01),32018L1972R(04),COMPLETES,2023.0,2018.0
32025R0298,32023R1114R(05),COMPLETES,2025.0,2023.0
32020R1044,32018R1999R(06),COMPLETES,2020.0,2018.0
32017R0590R(02),32014R0600R(09),COMPLETES,2017.0,2014.0
32024R1085,32013R0575R(02),COMPLETES,2024.0,2013.0
32017D1483R(01),32006D0804,REPEALS,2017.0,2006.0
32009L0132,32006L0112R(20),RELATED_TO,2009.0,2006.0
32018R0959,32013R0575R(02),COMPLETES,2018.0,2013.0
32021R1722,32015L2366R(06),COMPLETES,2021.0,2015.0
32023R0450,32021R0023,COMPLETES,2023.0,2021.0
32021R0598,32013R0575R(02),COMPLETES,2021.0,2013.0
32023R2450,32022L2557,COMPLETES,2023.0,2022.0
32020R1732,32017R2402R(01),COMPLETES,2020.0,2017.0
32024R0595,32010R1093,COMPLETES,2024.0,2010.0
32020D2123,32019R0943R(03),DEROGATES,2020.0,2019.0
32023D2199R(01),32008R1099,DEROGATES,2023.0,2008.0
32021R1349,32016R1011R(01),COMPLETES,2021.0,2016.0
32023R1184,32018L2001R(10),COMPLETES,2023.0,2018.0
32025R0300,32023R1114R(05),COMPLETES,2025.0,2023.0
32019D1280,32014D0247,REPEALS,2019.0,2014.0
32019D1283,32010D0578,REPEALS,2019.0,2010.0
32018D1688,32008R1099,DEROGATES,2018.0,2008.0
32025R0420,32022R2554R(01),COMPLETES,2025.0,2022.0
32021R0654,32018L1972R(04),COMPLETES,2021.0,2018.0
32020R0256R(01),32019R1700,COMPLETES,2020.0,2019.0
32021R2139R(01),32020R0852R(06),COMPLETES,2021.0,2020.0
32024R0587,32021R2115,DEROGATES,2024.0,2021.0
32025R0303,32023R1114R(05),COMPLETES,2025.0,2023.0
32022R0466,32014R0600R(09),COMPLETES,2022.0,2014.0
32024R2024,32020R1056R(01),COMPLETES,2024.0,2020.0
32021R0690R(02),32018R1046,DEROGATES,2021.0,2018.0
32018R0414,32014L0090R(05),COMPLETES,2018.0,2014.0
32021R2003,32018L2001R(10),COMPLETES,2021.0,2018.0
32021R0697,32018R1092,REPEALS,2021.0,2018.0
32024R0912,32011L0061R(02),COMPLETES,2024.0,2011.0
32022R0342,32021R1153R(01),COMPLETES,2022.0,2021.0
32021R0731,32012R0648R(09),COMPLETES,2021.0,2012.0
32016R0958,32014R0596R(07),COMPLETES,2016.0,2014.0
32025D0105R(01),32014D0641R(01),REPEALS,2025.0,2014.0
32020R1083,32019R0517,COMPLETES,2020.0,2019.0
32021R1352,32016R1011R(01),COMPLETES,2021.0,2016.0
32022R0030,32014L0053R(02),COMPLETES,2022.0,2014.0
32018R0389R(01),32015L2366R(06),COMPLETES,2018.0,2015.0
32025R0305,32023R1114R(05),COMPLETES,2025.0,2023.0
32017R0571,32014L0065R(01),COMPLETES,2017.0,2014.0
32024D1888,32019D1118,REPEALS,2024.0,2019.0
32025R0422,32023R1114R(05),COMPLETES,2025.0,2023.0
32023D2718,32019D2167,REPEALS,2023.0,2019.0
32016R1675,32015L0849R(03),COMPLETES,2016.0,2015.0
32021R1173R(02),32018R1488,REPEALS,2021.0,2018.0
32020R1423,32015L2366R(06),COMPLETES,2020.0,2015.0
32022L2557,32008L0114,REPEALS,2022.0,2008.0
32019D1277,32012D0630,REPEALS,2019.0,2012.0
32020D2053,32014D0335,REPEALS,2020.0,2014.0
32019R0758,32015L0849R(03),COMPLETES,2019.0,2015.0
32023R1113,32015R0847,REPEALS,2023.0,2015.0
32021R1350,32016R1011R(01),COMPLETES,2021.0,2016.0
32021D1878,32014D0207,REPEALS,2021.0,2014.0
32018R0858R(08),32007L0046,REPEALS,2018.0,2007.0
32022R1012,32006R0561R(10),COMPLETES,2022.0,2006.0
32025R0299,32023R1114R(05),COMPLETES,2025.0,2023.0
32024D0378,32016R0919,DEROGATES,2024.0,2016.0
32021R1118,32014L0059R(14),COMPLETES,2021.0,2014.0
32024R1366R(01),32019R0943R(03),COMPLETES,2024.0,2019.0
32020R1229,32017R2402R(01),COMPLETES,2020.0,2017.0
32017R0389,32014R0909R(06),COMPLETES,2017.0,2014.0
32023R1616,32021R0023,COMPLETES,2023.0,2021.0
32023R0840,32021R0023,COMPLETES,2023.0,2021.0
32017R0567R(02),32014R0600R(09),COMPLETES,2017.0,2014.0
32024R0450,32021R0023,COMPLETES,2024.0,2021.0
32015D1504,32008R1099,DEROGATES,2015.0,2008.0
32016R0908R(01),32014R0596R(07),COMPLETES,2016.0,2014.0
32020R1230,32017R2402R(01),COMPLETES,2020.0,2017.0
32018R1229R(01),32014R0909R(06),COMPLETES,2018.0,2014.0
32016D1195,32014L0025R(07),DEROGATES,2016.0,2014.0
32021R1348,32016R1011R(01),COMPLETES,2021.0,2016.0
32017R0392,32014R0909R(06),COMPLETES,2017.0,2014.0
32024R2514,32022R2399,COMPLETES,2024.0,2022.0
32020R1304,32012R0648R(09),COMPLETES,2020.0,2012.0
32016R1649,32013R1316,COMPLETES,2016.0,2013.0
32017R1926R(01),32010L0040,COMPLETES,2017.0,2010.0
32023R2534R(01),32017R1369R(01),COMPLETES,2023.0,2017.0
32019R2017R(03),32017R1369R(01),COMPLETES,2019.0,2017.0
32019D1282,32014D0246,REPEALS,2019.0,2014.0
32019D1278,32014D0248,REPEALS,2019.0,2014.0
32013D0367,32012D0389,REPLACES,2013.0,2012.0
32014H0881,32011H0622,REPLACES,2014.0,2011.0
32023R1695R(03),32016R0919,REPEALS,2023.0,2016.0
32022R2371,32013D1082,REPEALS,2022.0,2013.0
32016D1353,32007D0643,REPEALS,2016.0,2007.0
32015L2366R(06),32007L0064,REPEALS,2015.0,2007.0
32015D0457,32007D0124,REPEALS,2015.0,2007.0
32023R2830R(01),32010R1031,REPEALS,2023.0,2010.0
32024D0340,32010D0166,REPEALS,2024.0,2010.0
32019R0715,32013R1271,REPEALS,2019.0,2013.0
32019R0881R(05),32013R0526,REPEALS,2019.0,2013.0
32021R0451R(04),32014R0680,REPEALS,2021.0,2014.0
32019D1284,32014D0249,REPEALS,2019.0,2014.0
