Id,Label,year,legaltype,era,decade,title,layer_title,layer_confidence,layer,indegree,outdegree,degree,modularity_class,closnesscentrality,betweenesscentrality,clustering
32019R0452,32019R0452,2019,Regulation,Late 2010s,2010,Regulation (EU) 2019/452 of the European Parliament and of the Council of 19 March 2019 establishing a framework for the screening of foreign direct investments into the Union,L1,high,L1,9,18,27,99,0.322662,2117.218226,0.066952
12016E063,12016E063,2016,Treaty,Late 2010s,2010,,L1,high,L1,1,0,1,92,0,0,0
12016E065,12016E065,2016,Treaty,Late 2010s,2010,,L1,high,L1,3,0,3,99,0,0,0
32008L0114,32008L0114,2008,Directive,Late 2000s,2000,COUNCIL DIRECTIVE 2008/114/EC of 8 December 2008 on the identification and designation of European critical infrastructures and the assessment of the need to improve their protection (Text with EEA relevance),L1,high,L1,13,0,13,63,0,0,0.064103
32021R0821R(02),32021R0821,2021,Regulation,2020s,2020,"Regulation (EU) 2021/821 of the European Parliament and of the Council of 20 May 2021 setting up a Union regime for the control of exports, brokering, technical assistance, transit and transfer of dual-use items (recast)",L1,high,L1,0,1,1,96,0.215878,0,0
32022L2557R(01),32022L2557,2022,Directive,2020s,2020,Directive (EU) 2022/2557 of the European Parliament and of the Council of 14 December 2022 on the resilience of critical entities and repealing Council Directive 2008/114/EC (Text with EEA relevance),L1,high,L1,11,41,52,99,0.338299,8888.735361,0.10034
32021R0821,32021R0821,2021,Regulation,2020s,2020,"Regulation (EU) 2021/821 of the European Parliament and of the Council of 20 May 2021 setting up a Union regime for the control of exports, brokering, technical assistance, transit and transfer of dual-use items (recast)",L1,high,L1,28,29,57,96,0.274619,6444.528211,0.019737
31985D0066,31985D0066,1985,Decision,Pre-Single European Act,1980,,L2,low,L2,0,0,0,0,0,0,0
31996R0902,31996R0902,1996,Regulation,1990s,1990,,L1,low,L1,3,2,5,96,1,2.5,0.3
31997D0486,31997D0486,1997,Decision,1990s,1990,,L2,low,L2,0,3,3,19,1,0,0
31997D0487,31997D0487,1997,Decision,1990s,1990,,L2,low,L2,0,3,3,19,1,0,0
32001D0079,32001D0079,2001,Decision,Early 2000s,2000,,L2,low,L2,2,3,5,1,1,6,0
32002L0058R(01),32002L0058,2002,Directive,Early 2000s,2000,,L1,low,L1,0,1,1,97,0.52381,0,0
32003D0521,32003D0521,2003,Decision,Early 2000s,2000,,L2,low,L2,0,11,11,89,1,0,0
32005L0044R(01),32005L0044,2005,Directive,Late 2000s,2000,DIRECTIVE 2005/44/EC OF THE EUROPEAN PARLIAMENT AND OF THE COUNCIL of 7 September 2005 on harmonised river information services (RIS) on inland waterways in the Community,L1,high,L1,12,10,22,98,0.645161,513.727241,0.069048
32006D0267,32006D0267,2006,Decision,Late 2000s,2000,POLITICAL AND SECURITY COMMITTEE DECISION BiH/8/2006 of 15 March 2006 amending Decision BiH/1/2004 on the acceptance of third States’ contributions to the European Union military operation in Bosnia and Herzegovina and Decision BiH/3/2004 on the setting-up of the Committee of Contributors for the European Union military operation in Bosnia and Herzegovina (2006/267/CFSP) ‘ANNEX ‘ANNEX,L2,low,L2,0,3,3,97,0.8,0,0.333333
32008D0981,32008D0981,2008,Decision,Late 2000s,2000,COMMISSION DECISION of 5 December 2008 extending the derogations from certain provisions of Council Directive 91/440/EEC and Directive 2001/14/EC of the European Parliament and of the Council granted to Ireland and the United Kingdom in respect of Northern Ireland (notified under document number C(2008) 7703) (Only the English text is authentic) (2008/981/EC),L1,high,L1,0,1,1,89,1,0,0
32009D0341,32009D0341,2009,Decision,Late 2000s,2000,"COMMISSION DECISION of 4 June 2008 on State aid C 9/08 (ex NN 8/08, CP 244/07) implemented by Germany for Sachsen LB (notified under document number C(2008) 2269) (Only the German text is authentic) (Text with EEA relevance) (2009/341/EC)",L2,medium,L2,1,4,5,89,0.338583,36,0.1
32010D0430,32010D0430,2010,Decision,Early 2010s,2010,COUNCIL DECISION 2010/430/CFSP of 26 July 2010 establishing a European network of independent non-proliferation think tanks in support of the implementation of the EU Strategy against Proliferation of Weapons of Mass Destruction,L1,high,L1,0,2,2,77,1,0,0
32010R0913,32010R0913,2010,Regulation,Early 2010s,2010,REGULATION (EU) No 913/2010 OF THE EUROPEAN PARLIAMENT AND OF THE COUNCIL of 22 September 2010 concerning a European rail network for competitive freight (Text with EEA relevance),L1,high,L1,0,0,0,2,0,0,0
32012D0399,32012D0399,2012,Decision,Early 2010s,2010,COUNCIL DECISION of 10 July 2012 on the position to be taken by the European Union in the EEA Joint Committee concerning an amendment to Annex XIII (Transport) to the EEA Agreement (2012/399/EU) DRAFT DECISION No …/2012 OF THE EEA JOINT COMMITTEE of amending Annex XIII (Transport) to the EEA Agreement,L1,high,L1,0,3,3,98,0.368421,0,0
32012R0555,32012R0555,2012,Regulation,Early 2010s,2010,"COMMISSION REGULATION (EU) No 555/2012 of 22 June 2012 amending Regulation (EC) No 184/2005 of the European Parliament and of the Council on Community statistics concerning balance of payments, international trade in services and foreign direct investment, as regards the update of data requirements and definitions",L1,high,L1,2,0,2,97,0,0,0
32013H0730(09),32013H073009,2013,Legislative_Act,Early 2010s,2010,,L1,medium,L1,0,6,6,86,0.249438,0,0.1
32013H0730(23),32013H073023,2013,Legislative_Act,Early 2010s,2010,,L1,medium,L1,2,6,8,86,0.875,9,0.125
32013R0909,32013R0909,2013,Regulation,Early 2010s,2010,COMMISSION IMPLEMENTING REGULATION (EU) No 909/2013 of 10 September 2013 on the technical specifications for the electronic chart display and information system for inland navigation (Inland ECDIS) referred to in Directive 2005/44/EC of the European Parliament and of the Council,L2,high,L2,1,2,3,98,0.428571,0,0.5
32014L0061R(02),32014L0061,2014,Directive,Early 2010s,2010,DIRECTIVE 2014/61/EU OF THE EUROPEAN PARLIAMENT AND OF THE COUNCIL of 15 May 2014 on measures to reduce the cost of deploying high-speed electronic communications networks (Text with EEA relevance),L1,high,L1,0,1,1,19,0.251121,0,0
32015D0800,32015D0800,2015,Decision,Late 2010s,2010,COUNCIL DECISION (CFSP) 2015/800 of 21 May 2015 amending and extending Decision 2013/233/CFSP on the European Union Integrated Border Management Assistance Mission in Libya (EUBAM Libya),L1,high,L1,1,5,6,77,0.857143,1,0.366667
32015R2120R(01),32015R2120,2015,Regulation,Late 2010s,2010,REGULATION (EU) 2015/2120 OF THE EUROPEAN PARLIAMENT AND OF THE COUNCIL of 25 November 2015 laying down measures concerning open internet access and amending Directive 2002/22/EC on universal service and users’ rights relating to electronic communications networks and services and Regulation (EU) No 531/2012 on roaming on public mobile communications networks within the Union (Text with EEA relevance),L1,high,L1,8,10,18,97,0.605263,254.261061,0.139706
32017D1967,32017D1967,2017,Decision,Late 2010s,2010,"COUNCIL DECISION (EU) 2017/1967 of 23 October 2017 on the position to be adopted, on behalf of the European Union, within the EEA Joint Committee concerning an amendment to Protocol 31 to the EEA Agreement, on cooperation in specific fields outside the four freedoms (The Union's preparatory action on defence research) DECISION OF THE EEA JOINT COMMITTEE No …/2017 of … amending Protocol 31 to the EEA Agreement, on cooperation in specific fields outside the four freedoms",L1,high,L1,0,2,2,99,1,0,0
32018R0761,32018R0761,2018,Regulation,Late 2010s,2010,COMMISSION DELEGATED REGULATION (EU) 2018/761 of 16 February 2018 establishing common safety methods for supervision by national safety authorities after the issue of a single safety certificate or a safety authorisation pursuant to Directive (EU) 2016/798 of the European Parliament and of the Council and repealing Commission Regulation (EU) No 1077/2012 (Text with EEA relevance),L2,high,L2,2,7,9,89,0.227461,26.493457,0.236111
32019D0327(03),32019D032703,2019,Decision,Late 2010s,2010,,L2,low,L2,0,2,2,97,0.215892,0,0
32019R0618,32019R0618,2019,Regulation,Late 2010s,2010,Commission Implementing Regulation (EU) 2019/618 of 15 April 2019 amending Regulation (EC) No 474/2006 as regards the list of air carriers which are banned from operating or are subject to operational restrictions within the Union (Text with EEA relevance.),L2,high,L2,1,7,8,9,0.6,6,0.214286
32019R1830,32019R1830,2019,Regulation,Late 2010s,2010,"Commission Delegated Regulation (EU) 2019/1830 of 30 October 2019 amending Directive 2009/81/EC of the European Parliament and of the Council in respect of the thresholds for supply, service and works contracts (Text with EEA relevance)",L2,high,L2,0,2,2,92,0.278579,0,0.5
32020D0414R(01),32020D0414,2020,Decision,2020s,2020,Commission Implementing Decision (EU) 2020/414 of 19 March 2020 amending Implementing Decision (EU) 2019/570 as regards medical stockpiling rescEU capacities (notified under document C(2020) 1827) (Text with EEA relevance),L2,high,L2,0,1,1,99,0.148395,0,0
32020R1228,32020R1228,2020,Regulation,2020s,2020,Commission Implementing Regulation (EU) 2020/1228 of 29 November 2019 laying down implementing technical standards with regard to the format of applications for registration as a securitisation repository or for extension of a registration of a trade repository pursuant to Regulation (EU) 2017/2402 of the European Parliament and of the Council (Text with EEA relevance),L2,high,L2,0,4,4,80,0.263478,0,0.333333
32021D1210,32021D1210,2021,Decision,2020s,2020,Council Decision (EU) 2021/1210 of 22 July 2021 on an assistance measure taking the form of a general programme for support to the African Union under the European Peace Facility in 2021,L1,high,L1,0,4,4,77,0.194979,0,0.25
32022D2494,32022D2494,2022,Decision,2020s,2020,Commission Decision (EU) 2022/2494 of 9 December 2022 on the approval of the request submitted by Lithuania for the revision of its performance targets for the third reference period (notified under document C(2022) 8985) (Only the Lithuanian text is authentic) (Text with EEA relevance),L2,medium,L2,0,2,2,9,0.217492,0,0.5
32022L0362R(02),32022L0362,2022,Directive,2020s,2020,"Directive (EU) 2022/362 of the European Parliament and of the Council of 24 February 2022 amending Directives 1999/62/EC, 1999/37/EC and (EU) 2019/520, as regards the charging of vehicles for the use of certain infrastructures",L1,high,L1,1,26,27,63,0.31583,0,0.087692
32022R1032R(02),32022R1032,2022,Regulation,2020s,2020,Regulation (EU) 2022/1032 of the European Parliament and of the Council of 29 June 2022 amending Regulations (EU) 2017/1938 and (EC) No 715/2009 with regard to gas storage (Text with EEA relevance),L1,high,L1,0,1,1,63,0.199773,0,0
32022R2360,32022R2360,2022,Regulation,2020s,2020,Commission Delegated Regulation (EU) 2022/2360 of 3 August 2022 amending the regulatory technical standards laid down in Delegated Regulation (EU) 2018/389 as regards the 90-day exemption for account access (Text with EEA relevance),L2,high,L2,0,3,3,80,0.27881,0,0.166667
32022R2554R(02),32022R2554,2022,Regulation,2020s,2020,"Regulation (EU) 2022/2554 of the European Parliament and of the Council of 14 December 2022 on digital operational resilience for the financial sector and amending Regulations (EC) No 1060/2009, (EU) No 648/2012, (EU) No 600/2014, (EU) No 909/2014 and (EU) 2016/1011 (Text with EEA relevance)",L1,high,L1,0,1,1,80,0.238938,0,0
32023D0178,32023D0178,2023,Decision,2020s,2020,Commission Decision (EU) 2023/178 of 14 December 2022 on the consistency of the performance targets contained in the revised draft performance plan submitted by Switzerland pursuant to Regulation (EC) No 549/2004 of the European Parliament and of the Council with the Union-wide performance targets for the third reference period (notified under document C(2022) 9236) (Only the English text is authentic) (Text with EEA relevance),L1,high,L1,0,4,4,9,0.218702,0,0.333333
32023D0599,32023D0599,2023,Decision,2020s,2020,Council Decision (CFSP) 2023/599 of 16 March 2023 on an assistance measure under the European Peace Facility to strengthen the capacities of the Army of the Republic of North Macedonia,L1,high,L1,0,5,5,77,0.195501,0,0.2
32023D1053,32023D1053,2023,Decision,2020s,2020,Commission Implementing Decision (EU) 2023/1053 of 30 May 2023 laying down rules for the application of Regulation (EU) 2023/588 of the European Parliament and of the Council as regards operational requirements for governmental services provided under Union Secure Connectivity Programme and its service portfolio,L2,high,L2,0,1,1,99,0.262308,0,0
32023D1534,32023D1534,2023,Decision,2020s,2020,Commission Implementing Decision (EU) 2023/1534 of 24 July 2023 selecting the entities forming the initial network of European Digital Innovation Hubs in accordance with Regulation (EU) 2021/694 of the European Parliament and of the Council (Text with EEA relevance),L2,high,L2,0,1,1,99,0.24785,0,0
32023R0435,32023R0435,2023,Regulation,2020s,2020,"Regulation (EU) 2023/435 of the European Parliament and of the Council of 27 February 2023 amending Regulation (EU) 2021/241 as regards REPowerEU chapters in recovery and resilience plans and amending Regulations (EU) No 1303/2013, (EU) 2021/1060 and (EU) 2021/1755, and Directive 2003/87/EC",L1,high,L1,1,23,24,99,0.273041,708,0.074275
32023R0449,32023R0449,2023,Regulation,2020s,2020,"Council Implementing Regulation (EU) 2023/449 of 2 March 2023 implementing Regulation (EU) No 208/2014 concerning restrictive measures directed against certain persons, entities and bodies in view of the situation in Ukraine",L2,high,L2,0,1,1,96,0.5,0,0
32023R1617,32023R1617,2023,Regulation,2020s,2020,Commission Implementing Regulation (EU) 2023/1617 of 8 August 2023 amending Commission Implementing Regulation (EU) 2021/2011 imposing a definitive anti-dumping duty on imports of optical fibre cables originating in the People’s Republic of China,L2,high,L2,1,2,3,96,0.183352,1,0.333333
32023R1650,32023R1650,2023,Regulation,2020s,2020,Commission Delegated Regulation (EU) 2023/1650 of 15 May 2023 correcting the Swedish language version of Delegated Regulation (EU) 2018/389 supplementing Directive (EU) 2015/2366 of the European Parliament and of the Council with regard to regulatory technical standards for strong customer authentication and common and secure open standards of communication (Text with EEA relevance),L2,high,L2,0,1,1,80,0.274118,0,0
32024D0828,32024D0828,2024,Decision,2020s,2020,"Council Decision (CFSP) 2024/828 of 4 March 2024 amending Decision 2014/119/CFSP concerning restrictive measures directed against certain persons, entities and bodies in view of the situation in Ukraine",L1,high,L1,0,2,2,96,0.75,0,0
32024D2840,32024D2840,2024,Decision,2020s,2020,Council Decision (CFSP) 2024/2840 of 5 November 2024 on an assistance measure under the European Peace Facility to strengthen the capacities of the Navy of the Republic of the Congo in the framework of the Yaoundé Architecture,L1,high,L1,0,5,5,77,0.195501,0,0.2
32024L1226,32024L1226,2024,Directive,2020s,2020,Directive (EU) 2024/1226 of the European Parliament and of the Council of 24 April 2024 on the definition of criminal offences and penalties for the violation of Union restrictive measures and amending Directive (EU) 2018/1673,L1,high,L1,3,24,27,97,0.263593,1635.823944,0.082621
32024L2839,32024L2839,2024,Directive,2020s,2020,"Directive (EU) 2024/2839 of the European Parliament and of the Council of 23 October 2024 amending Directives 1999/2/EC, 2000/14/EC, 2011/24/EU and 2014/53/EU as regards certain reporting requirements in the fields of food and food ingredients, outdoor noise, patients’ rights, and radio equipment (Text with EEA relevance)",L1,high,L1,0,8,8,99,0.253381,0,0.053571
32025D0704,32025D0704,2025,Decision,2020s,2020,Commission Implementing Decision (EU) 2025/704 of 10 April 2025 laying down rules for the implementation of Decision No 1313/2013/EU of the European Parliament and of the Council on a Union Civil Protection Mechanism and repealing Commission Implementing Decisions 2014/762/EU and (EU) 2019/1310 (notified under document C(2025) 2130),L2,high,L2,0,10,10,99,0.258554,0,0.088889
31983H0419,31983H0419,1983,Legislative_Act,Pre-Single European Act,1980,,L1,medium,L1,0,1,1,19,1,0,0
31990Y0707(02),31990Y070702,1990,Legislative_Act,Pre-Maastricht,1990,,L1,medium,L1,0,1,1,19,0.666667,0,0
31994D0244,31994D0244,1994,Decision,1990s,1990,,L2,low,L2,0,8,8,57,1,0,0
32000D0354R(02),32000D0354,2000,Decision,Early 2000s,2000,,L2,low,L2,0,1,1,1,0.6,0,0
32001D0432,32001D0432,2001,Decision,Early 2000s,2000,,L2,low,L2,0,3,3,19,1,0,0.333333
32005E0329,32005E0329,2005,Legislative_Act,Late 2000s,2000,COUNCIL COMMON POSITION 2005/329/PESC of 25 April 2005 relating to the 2005 Review Conference of the Parties to the Treaty on the Non-Proliferation of Nuclear Weapons,L1,high,L1,2,4,6,77,0.833333,10,0.033333
32006R0474R(01),32006R0474,2006,Regulation,Late 2000s,2000,COMMISSION REGULATION (EC) No 474/2006 of 22 March 2006 establishing the Community list of air carriers which are subject to an operating ban within the Community referred to in Chapter II of Regulation (EC) No 2111/2005 of the European Parliament and of the Council (Text with EEA relevance),L1,high,L1,0,1,1,9,0.347826,0,0
32007D0193,32007D0193,2007,Decision,Late 2000s,2000,COMMISSION DECISION of 26 April 2006 declaring a concentration compatible with the common market and the functioning of the EEA Agreement (Case COMP/M.3916 — T-Mobile Austria/tele.ring) (notified under document number C(2006) 1695) (Only the German version is authentic) (2007/193/EC),L2,medium,L2,0,2,2,63,0.377049,0,0
32010D0212,32010D0212,2010,Decision,Early 2010s,2010,COUNCIL DECISION 2010/212/CFSP of 29 March 2010 relating to the position of the European Union for the 2010 Review Conference of the Parties to the Treaty on the Non-Proliferation of Nuclear Weapons,L1,high,L1,1,6,7,77,0.619048,7,0.047619
32014R1299R(02),32014R1299,2014,Regulation,Early 2010s,2010,COMMISSION REGULATION (EU) No 1299/2014 of 18 November 2014 on the technical specifications for interoperability relating to the ‘infrastructure’ subsystem of the rail system in the European Union (Text with EEA relevance),L2,medium,L2,0,1,1,89,0.538462,0,0
32015D1835,32015D1835,2015,Decision,Late 2010s,2010,"COUNCIL DECISION (CFSP) 2015/1835 of 12 October 2015 defining the statute, seat and operational rules of the European Defence Agency (recast)",L1,high,L1,0,0,0,3,0,0,0
32015L2366,32015L2366,2015,Directive,Late 2010s,2010,"DIRECTIVE (EU) 2015/2366 OF THE EUROPEAN PARLIAMENT AND OF THE COUNCIL of 25 November 2015 on payment services in the internal market, amending Directives 2002/65/EC, 2009/110/EC and 2013/36/EU and Regulation (EU) No 1093/2010, and repealing Directive 2007/64/EC (Text with EEA relevance)",L1,high,L1,0,0,0,4,0,0,0
32015R0020,32015R0020,2015,Regulation,Late 2010s,2010,COMMISSION IMPLEMENTING REGULATION (EU) 2015/20 of 5 January 2015 concerning the classification of certain goods in the Combined Nomenclature,L2,high,L2,0,2,2,96,1,0,0
32016R1710,32016R1710,2016,Regulation,Late 2010s,2010,COUNCIL REGULATION (EU) 2016/1710 of 27 September 2016 amending Regulation (EC) No 2580/2001 on specific restrictive measures directed against certain persons and entities with a view to combating terrorism,L1,high,L1,0,4,4,96,0.611111,0,0.166667
32017L2455R(04),32017L2455,2017,Directive,Late 2010s,2010,COUNCIL DIRECTIVE (EU) 2017/2455 of 5 December 2017 amending Directive 2006/112/EC and Directive 2009/132/EC as regards certain value added tax obligations for supplies of services and distance sales of goods,L1,high,L1,0,1,1,96,0.326733,0,0
32017R0393,32017R0393,2017,Regulation,Late 2010s,2010,COMMISSION IMPLEMENTING REGULATION (EU) 2017/393 of 11 November 2016 laying down implementing technical standards with regard to the templates and procedures for the reporting and transmission of information on internalised settlements in accordance with Regulation (EU) No 909/2014 of the European Parliament and of the Council (Text with EEA relevance),L2,high,L2,0,2,2,80,0.285156,0,0.5
32017R1800,32017R1800,2017,Regulation,Late 2010s,2010,COMMISSION DELEGATED REGULATION (EU) 2017/1800 of 29 June 2017 amending Delegated Regulation (EU) No 151/2013 supplementing Regulation (EU) No 648/2012 of the European Parliament and of the Council (Text with EEA relevance),L2,high,L2,0,0,0,5,0,0,0
32018D1723,32018D1723,2018,Decision,Late 2010s,2010,Commission Implementing Decision (EU) 2018/1723 of 26 October 2018 on the Rail Baltica cross-border project on the North Sea-Baltic Core Network Corridor (notified under document C(2018) 6969),L2,high,L2,0,1,1,86,1,0,0
32019D0784,32019D0784,2019,Decision,Late 2010s,2010,"Commission Implementing Decision (EU) 2019/784 of 14 May 2019 on harmonisation of the 24,25-27,5 GHz frequency band for terrestrial systems capable of providing wireless broadband electronic communications services in the Union (notified under document C(2019) 3450) (Text with EEA relevance.)",L2,high,L2,1,3,4,19,0.219685,2.2,0.083333
32019D1274,32019D1274,2019,Decision,Late 2010s,2010,Commission Implementing Decision (EU) 2019/1274 of 29 July 2019 on the equivalence of the legal and supervisory framework applicable to benchmarks in Australia in accordance with Regulation (EU) 2016/1011 of the European Parliament and of the Council (Text with EEA relevance.),L2,high,L2,0,1,1,80,0.278061,0,0
32019D1278,32019D1278,2019,Decision,Late 2010s,2010,Commission Implementing Decision (EU) 2019/1278 of 29 July 2019 repealing Implementing Decision 2014/248/EU on the recognition of the legal and supervisory framework of Singapore as equivalent to the requirements of Regulation (EC) No 1060/2009 of the European Parliament and of the Council on credit rating agencies (Text with EEA relevance.),L2,high,L2,0,3,3,80,0.253333,0,0.166667
32019D1577,32019D1577,2019,Decision,Late 2010s,2010,"Council Decision (EU) 2019/1577 of 16 September 2019 on the position to be adopted, on behalf of the European Union, within the EEA Joint Committee concerning the amendment of Protocol 31 to the EEA Agreement, on cooperation in specific fields outside the four freedoms (Text with EEA relevance.)",L1,high,L1,0,3,3,99,0.201995,0,0.166667
32019D1909,32019D1909,2019,Decision,Late 2010s,2010,Council Decision (CFSP) 2019/1909 of 12 November 2019 amending and updating Decision (CFSP) 2018/340 establishing the list of projects to be developed under PESCO,L1,high,L1,0,0,0,6,0,0,0
32019R0503,32019R0503,2019,Regulation,Late 2010s,2010,Regulation (EU) 2019/503 of the European Parliament and of the Council of 25 March 2019 on certain aspects of railway safety and connectivity with regard to the withdrawal of the United Kingdom from the Union (Text with EEA relevance.),L1,high,L1,0,0,0,7,0,0,0
32019R2175R(02),32019R2175,2019,Regulation,Late 2010s,2010,"Regulation (EU) 2019/2175 of the European Parliament and of the Council of 18 December 2019 amending Regulation (EU) No 1093/2010 establishing a European Supervisory Authority (European Banking Authority), Regulation (EU) No 1094/2010 establishing a European Supervisory Authority (European Insurance and Occupational Pensions Authority), Regulation (EU) No 1095/2010 establishing a European Supervisory Authority (European Securities and Markets Authority), Regulation (EU) No 600/2014 on markets in financial instruments, Regulation (EU) 2016/1011 on indices used as benchmarks in financial instruments and financial contracts or to measure the performance of investment funds, and Regulation (EU) 2015/847 on information accompanying transfers of funds (Text with EEA relevance) (Text with EEA relevance)",L1,high,L1,0,1,1,80,0.262411,0,0
32020D0373R(01),32020D0373,2020,Decision,2020s,2020,"Council Decision (CFSP) 2020/373 of 5 March 2020 amending Decision 2014/119/CFSP concerning restrictive measures directed against certain persons, entities and bodies in view of the situation in Ukraine",L1,high,L1,0,1,1,96,0.5,0,0
32020D2228,32020D2228,2020,Decision,2020s,2020,Decision (EU) 2020/2228 of the European Parliament and of the Council of 23 December 2020 on a European Year of Rail (2021),L1,high,L1,0,4,4,89,0.370166,0,0
32021L1047,32021L1047,2021,Directive,2020s,2020,Commission Delegated Directive (EU) 2021/1047 of 5 March 2021 amending Directive 2009/43/EC of the European Parliament and of the Council as regards the updating of the list of defence-related products in line with the updated Common Military List of the European Union of 17 February 2020 (Text with EEA relevance),L2,high,L2,0,0,0,8,0,0,0
32022D0810R(01),32022D0810,2022,Decision,2020s,2020,Council Decision (CFSP) 2022/810 of 23 May 2022 amending Decision (CFSP) 2022/339 on an assistance measure under the European Peace Facility to support the Ukrainian Armed Forces,L1,high,L1,3,5,8,77,0.195304,0,0.47619
32022R1214,32022R1214,2022,Regulation,2020s,2020,Commission Delegated Regulation (EU) 2022/1214 of 9 March 2022 amending Delegated Regulation (EU) 2021/2139 as regards economic activities in certain energy sectors and Delegated Regulation (EU) 2021/2178 as regards specific public disclosures for those economic activities (Text with EEA relevance),L2,high,L2,1,8,9,63,0.279207,13.207402,0.138889
32023D0598,32023D0598,2023,Decision,2020s,2020,Council Decision (CFSP) 2023/598 of 14 March 2023 amending Decision (CFSP) 2021/698 to include the Union Secure Connectivity Programme,L1,high,L1,0,2,2,77,0.262598,0,0
32023D1336,32023D1336,2023,Decision,2020s,2020,Commission Implementing Decision (EU) 2023/1336 of 16 June 2023 on corrective measures to be taken by Belgium and Luxembourg regarding certain performance targets for the third reference period in accordance with Regulation (EC) No 549/2004 of the European Parliament and of the Council (notified under document C(2023)3852) Only the Dutch and French texts are authentic (Text with EEA relevance),L2,high,L2,1,9,10,9,0.224458,9,0.355556
32023R0736,32023R0736,2023,Regulation,2020s,2020,Commission Implementing Regulation (EU) 2023/736 of 31 March 2023 on the definition of the technical details of the application of the market correction mechanism to derivatives linked to virtual trading points in the Union other than the TTF,L2,high,L2,0,1,1,90,1,0,0
32023R2779,32023R2779,2023,Regulation,2020s,2020,Commission Delegated Regulation (EU) 2023/2779 of 6 September 2023 supplementing Regulation (EU) No 575/2013 of the European Parliament and of the Council with regard to regulatory technical standards specifying the criteria for the identification of shadow banking entities referred to in Article 394(2) of Regulation (EU) No 575/2013,L2,high,L2,0,9,9,80,0.314394,0,0.305556
32024D2383,32024D2383,2024,Decision,2020s,2020,"Commission Decision (EU) 2024/2383 of 6 September 2024 designating the European Coordinators for the European Transport Corridors, European Railway Traffic Management System (ERTMS) and European Maritime Space (EMS) and laying down the detailed arrangements for the performance of their mission and tasks",L2,medium,L2,0,1,1,9,0.258174,0,0
32024D2521,32024D2521,2024,Decision,2020s,2020,Council Decision (CFSP) 2024/2521 of 23 September 2024 on an assistance measure under the European Peace Facility to support the Army of the Republic of North Macedonia,L1,high,L1,0,5,5,77,0.195501,0,0.2
32024D2864,32024D2864,2024,Decision,2020s,2020,Commission Decision (EU) 2024/2864 of 24 November 2023 on SA.32179 (2014/C) – State aid measures in favour of Trenitalia SpA and FS Logistica SpA – Italy (notified under document C(2024) 7891),L2,medium,L2,0,39,39,89,0.411215,0,0.009447
32024O2798,32024O2798,2024,Legislative_Act,2020s,2020,Guideline (EU) 2024/2798 of the European Central Bank of 10 October 2024 amending Guideline (EU) 2021/831 on statistical information to be reported on financial intermediaries other than monetary financial institutions (ECB/2021/12) (ECB/2024/27),L3,high,L3,0,8,8,80,0.253394,0,0.160714
32024R1679,32024R1679,2024,Regulation,2020s,2020,"Regulation (EU) 2024/1679 of the European Parliament and of the Council of 13 June 2024 on Union guidelines for the development of the trans-European transport network, amending Regulations (EU) 2021/1153 and (EU) No 913/2010 and repealing Regulation (EU) No 1315/2013 (Text with EEA relevance)",L1,high,L1,1,65,66,9,0.347644,915,0.027739
32024R2000,32024R2000,2024,Regulation,2020s,2020,Commission Implementing Regulation (EU) 2024/2000 of 24 July 2024 amending Implementing Regulation (EU) 2020/1070 to rationalise reporting on its application and to enable the usage of active antenna systems,L2,high,L2,0,3,3,92,0.228405,0,0.333333
32024R2024,32024R2024,2024,Regulation,2020s,2020,Commission Delegated Regulation (EU) 2024/2024 of 26 July 2024 supplementing Regulation (EU) 2020/1056 by establishing the eFTI common data set and eFTI data subsets,L2,high,L2,0,4,4,92,0.238406,0,0.333333
32024R2981,32024R2981,2024,Regulation,2020s,2020,Commission Implementing Regulation (EU) 2024/2981 of 28 November 2024 laying down rules for the application of Regulation (EU) No 910/2014 of the European Parliament and the Council as regards the certification of European Digital Identity Wallets,L2,high,L2,0,10,10,92,0.266134,0,0.2
32025D0887,32025D0887,2025,Decision,2020s,2020,Council Decision (CFSP) 2025/887 of 12 May 2025 amending Decision (CFSP) 2019/797 concerning restrictive measures against cyber-attacks threatening the Union or its Member States,L1,high,L1,0,1,1,96,1,0,0
31978D0154,31978D0154,1978,Decision,Pre-Single European Act,1970,,L2,low,L2,0,4,4,83,1,0,0
31994L0022,31994L0022,1994,Directive,1990s,1990,,L1,low,L1,0,0,0,10,0,0,0
31996L0067,31996L0067,1996,Directive,1990s,1990,,L1,low,L1,0,0,0,11,0,0,0
32001D0546,32001D0546,2001,Decision,Early 2000s,2000,,L2,low,L2,0,2,2,82,1,0,0
32003D0790,32003D0790,2003,Decision,Early 2000s,2000,,L2,low,L2,0,4,4,19,0.75,0,0.083333
32004D0090,32004D0090,2004,Decision,Early 2000s,2000,,L2,low,L2,0,1,1,85,1,0,0
32004D0822,32004D0822,2004,Decision,Early 2000s,2000,POLITICAL AND SECURITY COMMITTEE DECISION BiH/5/2004 of 3 November 2004 amending Decision BiH/1/2004 on the acceptance of third States’ contributions to the European Union military operation in Bosnia and Herzegovina and Decision BiH/3/2004 on the setting-up of the Committee of Contributors for the European Union military operation in Bosnia and Herzegovina (2004/822/CFSP) ‘ANNEX ‘ANNEX,L2,low,L2,0,3,3,97,0.8,0,0.166667
32004L0066,32004L0066,2004,Directive,Early 2000s,2000,"COUNCIL DIRECTIVE 2004/66/EC of 26 April 2004 adapting Directives 1999/45/EC, 2002/83/EC, 2003/37/EC and 2003/59/EC of the European Parliament and of the Council and Council Directives 77/388/EEC, 91/414/EEC, 96/26/EC, 2003/48/EC and 2003/49/EC, in the fields of free movement of goods, freedom to provide services, agriculture, transport policy and taxation, by reason of the accession of the Czech Republic, Estonia, Cyprus, Latvia, Lithuania, Hungary, Malta, Poland, Slovenia and Slovakia",L1,high,L1,0,0,0,12,0,0,0
32006L0038R(03),32006L0038,2006,Directive,Late 2000s,2000,DIRECTIVE 2006/38/EC OF THE EUROPEAN PARLIAMENT AND OF THE COUNCIL of 17 May 2006 amending Directive 1999/62/EC on the charging of heavy goods vehicles for the use of certain infrastructures,L1,high,L1,0,1,1,89,0.351351,0,0
32007H0078,32007H0078,2007,Legislative_Act,Late 2000s,2000,COMMISSION RECOMMENDATION of 22 December 2006 on safe and efficient in-vehicle information and communication systems: update of the European Statement of Principles on human machine interface (2007/78/EC),L3,high,L3,0,1,1,81,1,0,0
32009D0460R(01),32009D0460,2009,Decision,Late 2000s,2000,"COMMISSION DECISION of 5 June 2009 on the adoption of a common safety method for assessment of achievement of safety targets, as referred to in Article 6 of Directive 2004/49/EC of the European Parliament and of the Council (notified under document number C(2009) 4246) (Text with EEA relevance) (2009/460/EC)",L1,high,L1,0,1,1,89,0.571429,0,0
32009D0548,32009D0548,2009,Decision,Late 2000s,2000,COMMISSION DECISION of 30 June 2009 establishing a template for National Renewable Energy Action Plans under Directive 2009/28/EC of the European Parliament and of the Council (notified under document number C(2009) 5174) (Text with EEA relevance) (2009/548/EC),L1,high,L1,0,1,1,63,1,0,0
32009D0739,32009D0739,2009,Decision,Late 2000s,2000,COMMISSION DECISION of 2 October 2009 setting out the practical arrangements for the exchange of information by electronic means between Member States under Chapter VI of Directive 2006/123/EC of the European Parliament and of the Council on services in the internal market (notified under document C(2009) 7493) (Text with EEA relevance) (2009/739/EC),L1,high,L1,1,6,7,98,0.327217,274.333333,0.166667
32010D0018(01),32010D001801,2010,Decision,Early 2010s,2010,,L2,low,L2,0,4,4,80,0.75,0,0
32012H0798,32012H0798,2012,Legislative_Act,Early 2010s,2010,COMMISSION RECOMMENDATION of 12 December 2012 on the notification procedure provided for in Article 22(3) of Directive 2002/22/EC of the European Parliament and of the Council on universal service and users’ rights relating to electronic communications networks and services (Text with EEA relevance) (2012/798/EU),L1,high,L1,0,4,4,19,0.833333,0,0
32012L0034R(04),32012L0034,2012,Directive,Early 2010s,2010,DIRECTIVE 2012/34/EU OF THE EUROPEAN PARLIAMENT AND OF THE COUNCIL of 21 November 2012 establishing a single European railway area (recast) (Text with EEA relevance),L1,high,L1,0,1,1,89,0.359551,0,0
32012L0034R(08),32012L0034,2012,Directive,Early 2010s,2010,DIRECTIVE 2012/34/EU OF THE EUROPEAN PARLIAMENT AND OF THE COUNCIL of 21 November 2012 establishing a single European railway area (recast) (Text with EEA relevance),L1,high,L1,0,1,1,89,0.359551,0,0
32012R0272,32012R0272,2012,Regulation,Early 2010s,2010,COMMISSION DELEGATED REGULATION (EU) No 272/2012 of 7 February 2012 supplementing Regulation (EC) No 1060/2009 of the European Parliament and of the Council with regard to fees charged by the European Securities and Markets Authority to credit rating agencies (Text with EEA relevance),L2,high,L2,2,2,4,80,0.304054,21.944661,0.166667
32014D0524,32014D0524,2014,Decision,Early 2010s,2010,"COMMISSION DECISION of 17 July 2013 on measure/aid scheme/State aid SA.34369 (13/C) (ex 12/N) — Construction and operation of public intermodal transport terminals, which the Slovak Republic is planning to implement (notified under document C(2013) 4423) (Only the Slovak text is authentic) (Text with EEA relevance) (2014/524/EU)",L2,medium,L2,0,13,13,89,0.4375,0,0.025641
32014L0051R(04),32014L0051,2014,Directive,Early 2010s,2010,"DIRECTIVE 2014/51/EU OF THE EUROPEAN PARLIAMENT AND OF THE COUNCIL of 16 April 2014 amending Directives 2003/71/EC and 2009/138/EC and Regulations (EC) No 1060/2009, (EU) No 1094/2010 and (EU) No 1095/2010 in respect of the powers of the European Supervisory Authority (European Insurance and Occupational Pensions Authority) and the European Supervisory Authority (European Securities and Markets Authority)",L1,high,L1,0,1,1,80,0.258258,0,0
32014R1299R(03),32014R1299,2014,Regulation,Early 2010s,2010,COMMISSION REGULATION (EU) No 1299/2014 of 18 November 2014 on the technical specifications for interoperability relating to the ‘infrastructure’ subsystem of the rail system in the European Union (Text with EEA relevance),L2,medium,L2,6,7,13,89,1,26.033333,0.121212
32017D0177,32017D0177,2017,Decision,Late 2010s,2010,"COMMISSION IMPLEMENTING DECISION (EU) 2017/177 of 31 January 2017 on the compliance with Article 5 of Regulation (EU) No 913/2010 of the European Parliament and of the Council of the joint proposal to establish the ‘Amber’ rail freight corridor (notified under document C(2017) 141) (Only the Hungarian, Polish, Slovak and Slovenian texts are authentic)",L2,high,L2,0,1,1,9,0.5,0,0
32017D0178,32017D0178,2017,Decision,Late 2010s,2010,"COMMISSION IMPLEMENTING DECISION (EU) 2017/178 of 31 January 2017 amending Implementing Decision (EU) 2015/1111 on the compliance of the joint proposal of the Member States concerned to extend the North Sea-Baltic rail freight corridor with Article 5 of Regulation (EU) No 913/2010 of the European Parliament and of the Council concerning a European rail network for competitive freight (notified under document C(2017) 142) (Only the Czech, Dutch, French, German, Lithuanian and Polish texts are authentic)",L2,high,L2,0,1,1,9,0.5,0,0
32017R2177,32017R2177,2017,Regulation,Late 2010s,2010,COMMISSION IMPLEMENTING REGULATION (EU) 2017/2177 of 22 November 2017 on access to service facilities and rail-related services (Text with EEA relevance),L2,high,L2,0,0,0,13,0,0,0
32017R2459,32017R2459,2017,Regulation,Late 2010s,2010,COUNCIL IMPLEMENTING REGULATION (EU) 2017/2459 of 5 December 2017 amending Implementing Regulation (EU) No 282/2011 laying down implementing measures for Directive 2006/112/EC on the common system of value added tax,L2,high,L2,0,3,3,96,0.387097,0,0.333333
32018R1108,32018R1108,2018,Regulation,Late 2010s,2010,Commission Delegated Regulation (EU) 2018/1108 of 7 May 2018 supplementing Directive (EU) 2015/849 of the European Parliament and of the Council with regulatory technical standards on the criteria for the appointment of central contact points for electronic money issuers and payment service providers and with rules on their functions (Text with EEA relevance.),L2,high,L2,0,6,6,80,0.296703,0,0.466667
32018R1999R(01),32018R1999,2018,Regulation,Late 2010s,2010,"Regulation (EU) 2018/1999 of the European Parliament and of the Council of 11 December 2018 on the Governance of the Energy Union and Climate Action, amending Regulations (EC) No 663/2009 and (EC) No 715/2009 of the European Parliament and of the Council, Directives 94/22/EC, 98/70/EC, 2009/31/EC, 2009/73/EC, 2010/31/EU, 2012/27/EU and 2013/30/EU of the European Parliament and of the Council, Council Directives 2009/119/EC and (EU) 2015/652 and repealing Regulation (EU) No 525/2013 of the European Parliament and of the Council (Text with EEA relevance.)",L1,high,L1,0,1,1,63,0.281088,0,0
32019D0327(01),32019D032701,2019,Decision,Late 2010s,2010,,L2,low,L2,0,2,2,97,0.215892,0,0
32019R0758,32019R0758,2019,Regulation,Late 2010s,2010,Commission Delegated Regulation (EU) 2019/758 of 31 January 2019 supplementing Directive (EU) 2015/849 of the European Parliament and of the Council with regard to regulatory technical standards for the minimum action and the type of additional measures credit and financial institutions must take to mitigate money laundering and terrorist financing risk in certain third countries (Text with EEA relevance.),L2,high,L2,0,4,4,80,0.293478,0,0.416667
32019R0881R(01),32019R0881,2019,Regulation,Late 2010s,2010,Regulation (EU) 2019/881 of the European Parliament and of the Council of 17 April 2019 on ENISA (the European Union Agency for Cybersecurity) and on information and communications technology cybersecurity certification and repealing Regulation (EU) No 526/2013 (Cybersecurity Act) (Text with EEA relevance),L1,high,L1,0,1,1,92,0.237604,0,0
32019R1148R(04),32019R1148,2019,Regulation,Late 2010s,2010,"Regulation (EU) 2019/1148 of the European Parliament and of the Council of 20 June 2019 on the marketing and use of explosives precursors, amending Regulation (EC) No 1907/2006 and repealing Regulation (EU) No 98/2013 (Text with EEA relevance)",L1,high,L1,0,1,1,92,0.221736,0,0
32021D0891,32021D0891,2021,Decision,2020s,2020,Commission Implementing Decision (EU) 2021/891 of 2 June 2021 setting revised Union-wide performance targets for the air traffic management network for the third reference period (2020-2024) and repealing Implementing Decision (EU) 2019/903 (Text with EEA relevance),L2,high,L2,18,4,22,9,0.219114,38.5,0.147186
32021D1428,32021D1428,2021,Decision,2020s,2020,Commission Decision (EU) 2021/1428 of 24 February 2020 ON THE STATE AID SA.31662 – C/2011 (ex NN/2011) implemented by Romania for Timișoara International Airport – Wizz Air (notified under document C(2021) 1065) (Only the Romanian version is authentic) (Text with EEA relevance),L2,medium,L2,0,42,42,89,0.559701,0,0.012195
32021R0379R(02),32021R0379,2021,Regulation,2020s,2020,Regulation (EU) 2021/379 of the European Central Bank of 22 January 2021 on the balance sheet items of credit institutions and of the monetary financial institutions sector (recast) (ECB/2021/2),L1,low,L1,0,1,1,80,0.217096,0,0
32021R0453R(03),32021R0453,2021,Regulation,2020s,2020,Commission Implementing Regulation (EU) 2021/453 of 15 March 2021 laying down implementing technical standards for the application of Regulation (EU) No 575/2013 of the European Parliament and of the Council with regard to the specific reporting requirements for market risk (Text with EEA relevance),L2,high,L2,0,1,1,80,0.208428,0,0
32021R0697R(01),32021R0697,2021,Regulation,2020s,2020,Regulation (EU) 2021/697 of the European Parliament and of the Council of 29 April 2021 establishing the European Defence Fund and repealing Regulation (EU) 2018/1092 (Text with EEA relevance),L1,high,L1,0,1,1,99,0.244801,0,0
32022D0620(02),32022D062002,2022,Decision,2020s,2020,,L2,low,L2,0,4,4,99,0.216324,0,0
32022D2445,32022D2445,2022,Decision,2020s,2020,Council Decision (CFSP) 2022/2445 of 12 December 2022 amending Decision 2012/389/CFSP on the European Union Capacity Building Mission in Somalia (EUCAP Somalia),L1,high,L1,1,4,5,77,0.5,4,0.25
32022R0432,32022R0432,2022,Regulation,2020s,2020,Council Implementing Regulation (EU) 2022/432 of 15 March 2022 amending Implementing Regulation (EU) No 282/2011 as regards the VAT and/or excise duty exemption certificate,L2,high,L2,0,4,4,96,0.301587,0,0.166667
32023D0177,32023D0177,2023,Decision,2020s,2020,Commission Decision (EU) 2023/177 of 14 December 2022 on the consistency of the performance targets contained in the revised draft performance plan submitted by Germany pursuant to Regulation (EC) No 549/2004 of the European Parliament and of the Council with the Union-wide performance targets for the third reference period (notified under document C(2022) 9233) (Only the English text is authentic) (Text with EEA relevance),L1,high,L1,1,8,9,9,0.221109,0.833333,0.25
32024D03936,32024D03936,2024,Decision,2020s,2020,Commission Decision of 24 June 2024 on the compatibility with Union law of the measures to be taken by France pursuant to Article 14(1) of Directive 2010/13/EU of the European Parliament and of the Council,L1,high,L1,0,3,3,96,0.8,0,0
32024R0298,32024R0298,2024,Regulation,2020s,2020,Commission Delegated Regulation (EU) 2024/298 of 7 November 2023 supplementing Regulation (EU) 2019/1700 of the European Parliament and of the Council by specifying the number and the title of the variables for the 2025 ad hoc subject Energy and the environment in the income and living conditions domain,L2,high,L2,0,3,3,99,0.227946,0,0.166667
32025D0799,32025D0799,2025,Decision,2020s,2020,Council Decision (EU) 2025/799 of 14 April 2025 establishing the position to be taken on behalf of the European Union within the Joint Committee established by the Agreement on the withdrawal of the United Kingdom of Great Britain and Northern Ireland from the European Union and the European Atomic Energy Community as regards the adoption of a decision adding a newly adopted Union act to Annex 2 to the Windsor Framework,L1,high,L1,0,4,4,99,0.422222,0,0.166667
32025D1058,32025D1058,2025,Decision,2020s,2020,Commission Decision (EU) 2025/1058 of 19 May 2025 on the consistency of the performance targets included in the draft performance plan submitted by Italy pursuant to Regulation (EC) No 549/2004 of the European Parliament and of the Council with the Union-wide performance targets for the fourth reference period of the Single European Sky performance and charging scheme (notified under document C(2025) 2928),L1,high,L1,0,5,5,9,0.203936,0,0.5
31980D1350,31980D1350,1980,Decision,Pre-Single European Act,1980,,L2,low,L2,0,2,2,14,1,0,0
31981D0375,31981D0375,1981,Decision,Pre-Single European Act,1980,,L2,low,L2,0,2,2,14,1,0,0
31984D0520,31984D0520,1984,Decision,Pre-Single European Act,1980,,L2,low,L2,1,0,1,74,0,0,0
31985D0069,31985D0069,1985,Decision,Pre-Single European Act,1980,,L2,low,L2,0,0,0,15,0,0,0
31985D0530,31985D0530,1985,Decision,Pre-Single European Act,1980,,L2,low,L2,0,2,2,57,1,0,0
31987H0371,31987H0371,1987,Legislative_Act,Pre-Maastricht,1980,,L1,medium,L1,0,0,0,16,0,0,0
31989D0630,31989D0630,1989,Decision,Pre-Maastricht,1980,,L2,low,L2,0,2,2,93,1,0,0
31992Y0625(01),31992Y062501,1992,Legislative_Act,Pre-Maastricht,1990,,L1,medium,L1,1,2,3,19,1,2,0
31997D0545,31997D0545,1997,Decision,1990s,1990,,L2,low,L2,0,4,4,19,1,0,0
31998D0535,31998D0535,1998,Decision,1990s,1990,,L2,low,L2,0,3,3,19,1,0,0
31998D0828(01),31998D082801,1998,Decision,1990s,1990,,L2,low,L2,0,1,1,78,1,0,0
32001D0098,32001D0098,2001,Decision,Early 2000s,2000,,L2,low,L2,1,11,12,19,0.703704,18,0.030303
32002E0589R(01),32002E0589,2002,Legislative_Act,Early 2000s,2000,,L1,medium,L1,4,3,7,77,1,468,0.166667
32002G0216(02),32002G021602,2002,Legislative_Act,Early 2000s,2000,,L1,medium,L1,2,7,9,19,1,13,0.013889
32004D0821,32004D0821,2004,Decision,Early 2000s,2000,POLITICAL AND SECURITY COMMITTEE DECISION BiH/4/2004 of 19 October 2004 on the appointment of the Head of the EU Command Element at Naples for the European Union military operation in Bosnia and Herzegovina (2004/821/CFSP),L2,low,L2,0,2,2,97,1,0,0
32006D0558,32006D0558,2006,Decision,Late 2000s,2000,"COMMISSION DECISION of 2 August 2006 updating the Annexes to the monetary agreement between the Government of the French Republic, on behalf of the European Community, and the Government of His Serene Highness the Prince of Monaco (2006/558/EC)",L2,medium,L2,1,11,12,80,0.55,33,0.007576
32006D0951,32006D0951,2006,Decision,Late 2000s,2000,"COMMISSION DECISION of 12 October 2006 the United Kingdom's application of the tax on non-domestic property to telecommunications infrastructure in the United Kingdom (No C 4/2005 (ex NN 57/2004, ex CP 26/2004) (notified under document number C(2006) 4378) (Only the English text is authentic) (Text with EEA relevance) (2006/951/EC)",L2,medium,L2,0,1,1,89,1,0,0
32008D0477,32008D0477,2008,Decision,Late 2000s,2000,COMMISSION DECISION of 13 June 2008 on the harmonisation of the 2 500-2 690 MHz frequency band for terrestrial systems capable of providing electronic communications services in the Community (notified under document number C(2008) 2625) (Text with EEA relevance) (2008/477/EC),L2,medium,L2,0,0,0,17,0,0,0
32008E0944R(01),32008E0944,2008,Legislative_Act,Late 2000s,2000,COUNCIL COMMON POSITION 2008/944/CFSP of 8 December 2008 defining common rules governing control of exports of military technology and equipment,L1,medium,L1,50,3,53,77,0.666667,924,0.042609
32009D0512,32009D0512,2009,Decision,Late 2000s,2000,COUNCIL DECISION of 22 June 2009 on the conclusion of the Agreement between the European Community and the Hashemite Kingdom of Jordan on certain aspects of air services (2009/512/EC),L1,high,L1,0,2,2,98,1,0,0
32009D1007,32009D1007,2009,Decision,Late 2000s,2000,"DECISION OF THE EUROPEAN PARLIAMENT AND OF THE COUNCIL of 17 December 2009 on the mobilisation of the Flexibility Instrument in accordance with point 27 of the Interinstitutional Agreement of 17 May 2006 between the European Parliament, the Council and the Commission on budgetary discipline and sound financial management (2009/1007/EU)",L1,high,L1,0,1,1,86,1,0,0
32010D0462R(01),32010D0462,2010,Decision,Early 2010s,2010,"COMMISSION DECISION of 18 August 2010 concerning the adoption of a financing decision on a pilot project to promote consumer empowerment, efficiency and stability of European financial markets through training of consumer associations and similar organisations (2010/462/EU)",L2,medium,L2,1,3,4,92,1,0,0.333333
32011D0519,32011D0519,2011,Decision,Early 2010s,2010,COMMISSION DECISION of 29 June 2011 on measure SA.27106 (C 13/09 — ex N 614/08) which France is planning to implement for ports (notified under document C(2011) 4391) (Only the French text is authentic) (Text with EEA relevance) (2011/519/EU),L2,medium,L2,1,3,4,89,1,2,0.083333
32011L0076,32011L0076,2011,Directive,Early 2010s,2010,DIRECTIVE 2011/76/EU OF THE EUROPEAN PARLIAMENT AND OF THE COUNCIL of 27 September 2011 amending Directive 1999/62/EC on the charging of heavy goods vehicles for the use of certain infrastructures (Text with EEA relevance),L1,high,L1,0,9,9,98,0.507692,0,0.013889
32011R0176,32011R0176,2011,Regulation,Early 2010s,2010,COMMISSION REGULATION (EU) No 176/2011 of 24 February 2011 on the information to be provided before the establishment and modification of a functional airspace block (Text with EEA relevance),L2,medium,L2,0,2,2,9,0.373134,0,1
32012D0281(01),32012D028101,2012,Decision,Early 2010s,2010,,L2,low,L2,0,1,1,77,1,0,0
32013A0824(01),32013A082401,2013,Legislative_Act,Early 2010s,2010,,L1,medium,L1,0,6,6,80,0.302977,0,0.066667
32013D0041(01),32013D004101,2013,Decision,Early 2010s,2010,,L2,low,L2,0,5,5,80,0.857143,0,0.05
32013D0233R(01),32013D0233,2013,Decision,Early 2010s,2010,COUNCIL DECISION 2013/233/CFSP of 22 May 2013 on the European Union Integrated Border Management Assistance Mission in Libya (EUBAM Libya),L1,high,L1,0,1,1,77,0.555556,0,0
32013L0048,32013L0048,2013,Directive,Early 2010s,2010,"DIRECTIVE 2013/48/EU OF THE EUROPEAN PARLIAMENT AND OF THE COUNCIL of 22 October 2013 on the right of access to a lawyer in criminal proceedings and in European arrest warrant proceedings, and on the right to have a third party informed upon deprivation of liberty and to communicate with third persons and with consular authorities while deprived of liberty",L1,high,L1,12,6,18,97,0.666667,359.72957,0.153595
32014D0016,32014D0016,2014,Decision,Early 2010s,2010,POLITICAL AND SECURITY COMMITTEE DECISION EUBAM LIBYA/1/2014 of 14 January 2014 on the establishment of the Committee of Contributors for the European Union Integrated Border Management Assistance Mission in Libya (EUBAM Libya) (2014/16/CFSP),L2,low,L2,0,3,3,77,0.6,0,0
32014D0641,32014D0641,2014,Decision,Early 2010s,2010,COMMISSION IMPLEMENTING DECISION of 1 September 2014 on harmonised technical conditions of radio spectrum use by wireless audio programme making and special events equipment in the Union (notified under document C(2014) 6011) (Text with EEA relevance) (2014/641/EU),L2,high,L2,0,0,0,18,0,0,0
32014H0881R(01),32014H0881,2014,Legislative_Act,Early 2010s,2010,COMMISSION RECOMMENDATION of 18 November 2014 on the procedure for demonstrating the level of compliance of existing railway lines with the basic parameters of the technical specifications for interoperability (2014/881/EU),L3,high,L3,0,1,1,89,0.413793,0,0
32014L0061,32014L0061,2014,Directive,Early 2010s,2010,DIRECTIVE 2014/61/EU OF THE EUROPEAN PARLIAMENT AND OF THE COUNCIL of 15 May 2014 on measures to reduce the cost of deploying high-speed electronic communications networks (Text with EEA relevance),L1,high,L1,3,11,14,19,0.332335,608.362509,0.054945
32014R0275R(01),32014R0275,2014,Regulation,Early 2010s,2010,COMMISSION DELEGATED REGULATION (EU) No 275/2014 of 7 January 2014 amending Annex I to Regulation (EU) No 1316/2013 of the European Parliament and of the Council establishing the Connecting Europe Facility (Text with EEA relevance),L2,high,L2,2,3,5,86,1,0,0.416667
32015D1780,32015D1780,2015,Decision,Late 2010s,2010,COUNCIL DECISION (CFSP) 2015/1780 of 5 October 2015 amending Decision 2012/392/CFSP on the European Union CSDP mission in Niger (EUCAP Sahel Niger),L1,high,L1,0,5,5,77,0.857143,0,0.15
32015L2366R(01),32015L2366,2015,Directive,Late 2010s,2010,"DIRECTIVE (EU) 2015/2366 OF THE EUROPEAN PARLIAMENT AND OF THE COUNCIL of 25 November 2015 on payment services in the internal market, amending Directives 2002/65/EC, 2009/110/EC and 2013/36/EU and Regulation (EU) No 1093/2010, and repealing Directive 2007/64/EC (Text with EEA relevance)",L1,high,L1,0,1,1,80,0.274118,0,0
32017R2177R(01),32017R2177,2017,Regulation,Late 2010s,2010,COMMISSION IMPLEMENTING REGULATION (EU) 2017/2177 of 22 November 2017 on access to service facilities and rail-related services (Text with EEA relevance),L2,high,L2,2,3,5,89,0.225166,2.099867,0.416667
32018D0496,32018D0496,2018,Decision,Late 2010s,2010,COMMISSION IMPLEMENTING DECISION (EU) 2018/496 of 22 March 2018 on the establishment of the 2018 annual priority list for the development of network codes and guidelines (Text with EEA relevance),L2,high,L2,0,5,5,63,1,0,0
32018L1972R(02),32018L1972,2018,Directive,Late 2010s,2010,Directive (EU) 2018/1972 of the European Parliament and of the Council of 11 December 2018 establishing the European Electronic Communications Code (Recast) (Text with EEA relevance),L1,high,L1,0,1,1,92,0.218782,0,0
32018R1207,32018R1207,2018,Regulation,Late 2010s,2010,Commission Implementing Regulation (EU) 2018/1207 of 27 August 2018 concerning the classification of certain goods in the Combined Nomenclature,L2,high,L2,0,2,2,96,0.333333,0,0.5
32019D0504R(01),32019D0504,2019,Decision,Late 2010s,2010,"Decision (EU) 2019/504 of the European Parliament and of the Council of 19 March 2019 on amending Directive 2012/27/EU on energy efficiency and Regulation (EU) 2018/1999 on the Governance of the Energy Union and Climate Action, by reason of the withdrawal of the United Kingdom of Great Britain and Northern Ireland from the Union (Text with EEA relevance.)",L1,high,L1,1,11,12,63,0.305062,0,0.163636
32020D0414,32020D0414,2020,Decision,2020s,2020,Commission Implementing Decision (EU) 2020/414 of 19 March 2020 amending Implementing Decision (EU) 2019/570 as regards medical stockpiling rescEU capacities (notified under document C(2020) 1827) (Text with EEA relevance),L2,high,L2,2,3,5,99,0.173542,244.5,0.2
32021D0394,32021D0394,2021,Decision,2020s,2020,"Council Decision (CFSP) 2021/394 of 4 March 2021 amending Decision 2014/119/CFSP concerning restrictive measures directed against certain persons, entities and bodies in view of the situation in Ukraine",L1,high,L1,0,2,2,96,0.75,0,0
32021D2134,32021D2134,2021,Decision,2020s,2020,Council Decision (CFSP) 2021/2134 of 2 December 2021 on an assistance measure under the European Peace Facility to support the Georgian Defence Forces,L1,high,L1,1,4,5,77,0.194979,0,0.35
32021R1950,32021R1950,2021,Regulation,2020s,2020,"Commission Delegated Regulation (EU) 2021/1950 of 10 November 2021 amending Directive 2009/81/EC of the European Parliament and of the Council in respect of the thresholds for supply, service and works contracts (Text with EEA relevance)",L2,high,L2,0,3,3,92,0.278889,0,0.5
32022D0118,32022D0118,2022,Decision,2020s,2020,Council Decision (CFSP) 2022/118 of 27 January 2022 amending Decision 2011/72/CFSP concerning restrictive measures directed against certain persons and entities in view of the situation in Tunisia,L1,high,L1,0,1,1,96,1,0,0
32022D0173,32022D0173,2022,Decision,2020s,2020,Commission Implementing Decision (EU) 2022/173 of 7 February 2022 on the harmonisation of the 900 MHz and 1800 MHz frequency bands for terrestrial systems capable of providing electronic communications services in the Union and repealing Decision 2009/766/EC (notified under document C(2022) 605) (Text with EEA relevance),L2,high,L2,1,7,8,19,0.222793,13.7,0.107143
32022D0339R(02),32022D0339,2022,Decision,2020s,2020,Council Decision (CFSP) 2022/339 of 28 February 2022 on an assistance measure under the European Peace Facility to support the Ukrainian Armed Forces,L1,high,L1,0,1,1,77,0.163905,0,0
32022D0895,32022D0895,2022,Decision,2020s,2020,Council Decision (EU) 2022/895 of 24 May 2022 authorising the opening of negotiations on behalf of the European Union for a comprehensive international convention on countering the use of information and communications technologies for criminal purposes,L1,high,L1,0,22,22,97,0.285081,0,0.080087
32022D1002,32022D1002,2022,Decision,2020s,2020,Council Decision (EU) 2022/1002 of 21 June 2022 on the position to be taken on behalf of the European Union at the extraordinary meeting on 24 June 2022 of the Energy Charter Conference under the Energy Charter Treaty,L1,high,L1,0,3,3,63,0.545455,0,0
32022R1032,32022R1032,2022,Regulation,2020s,2020,Regulation (EU) 2022/1032 of the European Parliament and of the Council of 29 June 2022 amending Regulations (EU) 2017/1938 and (EC) No 715/2009 with regard to gas storage (Text with EEA relevance),L1,high,L1,0,0,0,20,0,0,0
32022R1409,32022R1409,2022,Regulation,2020s,2020,"Commission Implementing Regulation (EU) 2022/1409 of 18 August 2022 concerning the detailed rules on the conditions for the operation of the web service and data protection and security rules applicable to the web service, as well as measures for the development and technical implementation of the web service and repealing Implementing Regulation (EU) 2021/1224",L2,high,L2,0,19,19,97,0.251421,0,0.108187
32023D0179,32023D0179,2023,Decision,2020s,2020,Commission Decision (EU) 2023/179 of 14 December 2022 on the consistency of the performance targets contained in the revised draft performance plan submitted by the Netherlands pursuant to Regulation (EC) No 549/2004 of the European Parliament and of the Council with the Union-wide performance targets for the third reference period (notified under document C(2022) 9238) (Only the English text is authentic) (Text with EEA relevance),L1,high,L1,1,8,9,9,0.221109,0.833333,0.25
32023D0920,32023D0920,2023,Decision,2020s,2020,Council Decision (CFSP) 2023/920 of 4 May 2023 on an assistance measure under the European Peace Facility to support the Georgian Defence Forces,L1,high,L1,0,6,6,77,0.195931,0,0.266667
32023D1304,32023D1304,2023,Decision,2020s,2020,Council Decision (CFSP) 2023/1304 of 26 June 2023 amending Decision (CFSP) 2021/509 establishing a European Peace Facility,L1,high,L1,0,6,6,77,0.195513,0,0.3
32023R0706,32023R0706,2023,Regulation,2020s,2020,Council Regulation (EU) 2023/706 of 30 March 2023 amending Regulation (EU) 2022/1369 as regards prolonging the demand-reduction period for demand-reduction measures for gas and reinforcing the reporting and monitoring of their implementation,L1,high,L1,1,6,7,63,0.220873,89.492472,0.119048
32024R2690,32024R2690,2024,Regulation,2020s,2020,"Commission Implementing Regulation (EU) 2024/2690 of 17 October 2024 laying down rules for the application of Directive (EU) 2022/2555 as regards technical and methodological requirements of cybersecurity risk-management measures and further specification of the cases in which an incident is considered to be significant with regard to DNS service providers, TLD name registries, cloud computing service providers, data centre service providers, content delivery network providers, managed service providers, managed security service providers, providers of online market places, of online search engines and of social networking services platforms, and trust service providers",L2,high,L2,0,4,4,92,0.256982,0,0.25
32024R3144,32024R3144,2024,Regulation,2020s,2020,Commission Implementing Regulation (EU) 2024/3144 of 18 December 2024 amending Implementing Regulation (EU) 2024/482 as regards applicable international standards and correcting that Implementing Regulation,L2,high,L2,0,4,4,92,0.247805,0,0.166667
32025R0301,32025R0301,2025,Regulation,2020s,2020,"Commission Delegated Regulation (EU) 2025/301 of 23 October 2024 supplementing Regulation (EU) 2022/2554 of the European Parliament and of the Council with regard to regulatory technical standards specifying the content and time limits for the initial notification of, and intermediate and final report on, major ICT-related incidents, and the content of the voluntary notification for significant cyber threats",L2,high,L2,0,7,7,80,0.268694,0,0.333333
31971Y0119(01),31971Y011901,1971,Legislative_Act,Pre-Single European Act,1970,,L1,medium,L1,0,0,0,21,0,0,0
31975Y0709(04),31975Y070904,1975,Legislative_Act,Pre-Single European Act,1970,,L1,medium,L1,1,1,2,19,1,4,0
31977H0714,31977H0714,1977,Legislative_Act,Pre-Single European Act,1970,,L1,medium,L1,1,2,3,19,1,2,0
31984H0549,31984H0549,1984,Legislative_Act,Pre-Single European Act,1980,,L1,medium,L1,5,1,6,19,1,12.666667,0.233333
31989Y0720(01),31989Y072001,1989,Legislative_Act,Pre-Maastricht,1980,,L1,medium,L1,1,0,1,19,0,0,0
31991D0251,31991D0251,1991,Decision,Pre-Maastricht,1990,,L2,low,L2,3,2,5,19,1,1,0.25
31993Y1216(01),31993Y121601,1993,Legislative_Act,1990s,1990,,L1,medium,L1,0,3,3,89,1,0,0
31994D0424,31994D0424,1994,Decision,1990s,1990,,L2,low,L2,0,8,8,57,1,0,0
31996E0668,31996E0668,1996,Legislative_Act,1990s,1990,,L1,medium,L1,1,3,4,63,0.526316,1324,0
31999D0645,31999D0645,1999,Decision,1990s,1990,,L2,low,L2,0,3,3,19,1,0,0
31999D0847,31999D0847,1999,Decision,1990s,1990,,L2,low,L2,3,4,7,98,1,432.227778,0
32000D0054,32000D0054,2000,Decision,Early 2000s,2000,,L2,low,L2,0,1,1,19,1,0,0
32000D0354R(01),32000D0354,2000,Decision,Early 2000s,2000,,L2,low,L2,2,3,5,1,1,2,0.25
32005H0698,32005H0698,2005,Legislative_Act,Late 2000s,2000,COMMISSION RECOMMENDATION of 19 September 2005 on accounting separation and cost accounting systems under the regulatory framework for electronic communications (Text with EEA relevance) (2005/698/EC),L3,high,L3,1,5,6,19,0.647059,1306.381313,0.066667
32006D0771(01),32006D077101,2006,Decision,Late 2000s,2000,,L2,low,L2,4,8,12,19,1,48.533333,0.068182
32007D0446,32007D0446,2007,Decision,Late 2000s,2000,COMMISSION DECISION of 21 June 2007 on the participation of the Commission of the European Communities in the International Biofuels Forum (2007/446/EC),L2,medium,L2,0,0,0,22,0,0,0
32008F0909R(01),32008F0909,2008,Legislative_Act,Late 2000s,2000,COUNCIL FRAMEWORK DECISION 2008/909/JHA of 27 November 2008 on the application of the principle of mutual recognition to judgments in criminal matters imposing custodial sentences or measures involving deprivation of liberty for the purpose of their enforcement in the European Union,L1,high,L1,0,1,1,97,0.381818,0,0
32008L0096R(02),32008L0096,2008,Directive,Late 2000s,2000,DIRECTIVE 2008/96/EC OF THE EUROPEAN PARLIAMENT AND OF THE COUNCIL of 19 November 2008 on road infrastructure safety management,L1,high,L1,4,3,7,98,1,37.748177,0.233333
32009D0460,32009D0460,2009,Decision,Late 2000s,2000,"COMMISSION DECISION of 5 June 2009 on the adoption of a common safety method for assessment of achievement of safety targets, as referred to in Article 6 of Directive 2004/49/EC of the European Parliament and of the Council (notified under document number C(2009) 4246) (Text with EEA relevance) (2009/460/EC)",L1,high,L1,2,3,5,89,1,5,0.05
32011D0713,32011D0713,2011,Decision,Early 2010s,2010,COUNCIL DECISION of 10 October 2011 opposing the adoption by the European Commission of the draft Directive amending Directive 2009/43/EC of the European Parliament and of the Council as regards the list of defence-related products (2011/713/EU),L1,high,L1,0,1,1,98,1,0,0
32012D0243,32012D0243,2012,Decision,Early 2010s,2010,DECISION No 243/2012/EU OF THE EUROPEAN PARLIAMENT AND OF THE COUNCIL of 14 March 2012 establishing a multiannual radio spectrum policy programme (Text with EEA relevance),L1,high,L1,17,18,35,19,0.557143,2535.944532,0.031092
32012L0034,32012L0034,2012,Directive,Early 2010s,2010,DIRECTIVE 2012/34/EU OF THE EUROPEAN PARLIAMENT AND OF THE COUNCIL of 21 November 2012 establishing a single European railway area (recast) (Text with EEA relevance),L1,high,L1,0,0,0,23,0,0,0
32012L0034R(07),32012L0034,2012,Directive,Early 2010s,2010,DIRECTIVE 2012/34/EU OF THE EUROPEAN PARLIAMENT AND OF THE COUNCIL of 21 November 2012 establishing a single European railway area (recast) (Text with EEA relevance),L1,high,L1,0,1,1,89,0.359551,0,0
32014D0276R(01),32014D0276,2014,Decision,Early 2010s,2010,COMMISSION IMPLEMENTING DECISION of 2 May 2014 on amending Decision 2008/411/EC on the harmonisation of the 3 400-3 800 MHz frequency band for terrestrial systems capable of providing electronic communications services in the Community (notified under document C(2014) 2798) (Text with EEA relevance) (2014/276/EU),L2,high,L2,0,1,1,19,0.273333,0,0
32014H0881,32014H0881,2014,Legislative_Act,Early 2010s,2010,COMMISSION RECOMMENDATION of 18 November 2014 on the procedure for demonstrating the level of compliance of existing railway lines with the basic parameters of the technical specifications for interoperability (2014/881/EU),L3,high,L3,1,5,6,89,0.647059,11,0.066667
32014L0108,32014L0108,2014,Directive,Early 2010s,2010,COMMISSION DIRECTIVE 2014/108/EU of 12 December 2014 amending Directive 2009/43/EC of the European Parliament and of the Council as regards the list of defence-related products (Text with EEA relevance),L1,high,L1,0,1,1,88,1,0,0
32014R0756,32014R0756,2014,Regulation,Early 2010s,2010,REGULATION (EU) No 756/2014 OF THE EUROPEAN CENTRAL BANK of 8 July 2014 amending Regulation (EU) No 1072/2013 (ECB/2013/34) concerning statistics on interest rates applied by monetary financial institutions (ECB/2014/30),L1,low,L1,0,3,3,80,0.714286,0,0
32016D0339,32016D0339,2016,Decision,Late 2010s,2010,COMMISSION IMPLEMENTING DECISION (EU) 2016/339 of 8 March 2016 on the harmonisation of the 2 010-2 025 MHz frequency band for portable or mobile wireless video links and cordless cameras used for programme making and special events (notified under document C(2016) 1197) (Text with EEA relevance),L2,high,L2,0,4,4,19,0.275923,0,0.166667
32016L0970,32016L0970,2016,Directive,Late 2010s,2010,COMMISSION DIRECTIVE (EU) 2016/970 of 27 May 2016 amending Directive 2009/43/EC of the European Parliament and of the Council as regards the list of defence-related products (Text with EEA relevance),L1,high,L1,0,0,0,24,0,0,0
32017D0704(01),32017D070401,2017,Decision,Late 2010s,2010,,L2,low,L2,0,2,2,96,1,0,0
32017D2315R(01),32017D2315,2017,Decision,Late 2010s,2010,COUNCIL DECISION (CFSP) 2017/2315 of 11 December 2017 establishing permanent structured cooperation (PESCO) and determining the list of participating Member States,L1,high,L1,0,1,1,77,0.301205,0,0
32017R1084R(05),32017R1084,2017,Regulation,Late 2010s,2010,"COMMISSION REGULATION (EU) 2017/1084 of 14 June 2017 amending Regulation (EU) No 651/2014 as regards aid for port and airport infrastructure, notification thresholds for aid for culture and heritage conservation and for aid for sport and multifunctional recreational infrastructures, and regional operating aid schemes for outermost regions and amending Regulation (EU) No 702/2014 as regards the calculation of eligible costs (Text with EEA relevance)",L2,medium,L2,0,1,1,86,0.234192,0,0
32017R1354R(01),32017R1354,2017,Regulation,Late 2010s,2010,COMMISSION IMPLEMENTING REGULATION (EU) 2017/1354 of 20 July 2017 specifying how to present the information provided for in Article 10(10) of Directive 2014/53/EU of the European Parliament and of the Council (Text with EEA relevance),L2,high,L2,0,1,1,92,0.207773,0,0
32017R1485,32017R1485,2017,Regulation,Late 2010s,2010,COMMISSION REGULATION (EU) 2017/1485 of 2 August 2017 establishing a guideline on electricity transmission system operation (Text with EEA relevance),L3,high,L3,3,9,12,63,0.239669,253.821032,0.234848
32018D0661R(01),32018D0661,2018,Decision,Late 2010s,2010,COMMISSION IMPLEMENTING DECISION (EU) 2018/661 of 26 April 2018 amending Implementing Decision (EU) 2015/750 on the harmonisation of the 1 452-1 492 MHz frequency band for terrestrial systems capable of providing electronic communications services in the Union as regards its extension in the harmonised 1 427-1 452 MHz and 1 492-1 517 MHz frequency bands (notified under document C(2018) 2286) (Text with EEA relevance),L2,high,L2,0,1,1,19,0.217033,0,0
32018D0777,32018D0777,2018,Decision,Late 2010s,2010,"Council Decision (EU) 2018/777 of 22 May 2018 on the position to be adopted, on behalf of the European Union, within the EEA Joint Committee concerning the amendment of Protocol 31 to the EEA Agreement, on cooperation in specific fields outside the four freedoms (budget line 02 04 77 03: ‘Preparatory action on defence research’) (Text with EEA relevance. )",L1,high,L1,0,2,2,99,1,0,0
32018D1538,32018D1538,2018,Decision,Late 2010s,2010,Commission Implementing Decision (EU) 2018/1538 of 11 October 2018 on the harmonisation of radio spectrum for use by short-range devices within the 874-876 and 915-921 MHz frequency bands (notified under document C(2018) 6535) (Text with EEA relevance.),L2,high,L2,2,6,8,19,0.283713,170.5,0.160714
32018D1797R(02),32018D1797,2018,Decision,Late 2010s,2010,Council Decision (CFSP) 2018/1797 of 19 November 2018 amending and updating Decision (CFSP) 2018/340 establishing the list of projects to be developed under PESCO,L1,high,L1,0,1,1,77,0.238532,0,0
32018R1999R(05),32018R1999,2018,Regulation,Late 2010s,2010,"Regulation (EU) 2018/1999 of the European Parliament and of the Council of 11 December 2018 on the Governance of the Energy Union and Climate Action, amending Regulations (EC) No 663/2009 and (EC) No 715/2009 of the European Parliament and of the Council, Directives 94/22/EC, 98/70/EC, 2009/31/EC, 2009/73/EC, 2010/31/EU, 2012/27/EU and 2013/30/EU of the European Parliament and of the Council, Council Directives 2009/119/EC and (EU) 2015/652 and repealing Regulation (EU) No 525/2013 of the European Parliament and of the Council (Text with EEA relevance.)",L1,high,L1,0,1,1,63,0.281088,0,0
32019R0505,32019R0505,2019,Regulation,Late 2010s,2010,"Commission Delegated Regulation (EU) 2019/505 of 19 December 2018 amending Annex I to Regulation (EC) No 184/2005 of the European Parliament and of the Council, as regards the geographical breakdown levels (Text with EEA relevance.)",L2,high,L2,0,4,4,99,1,0,0
32020D0590,32020D0590,2020,Decision,2020s,2020,"Commission Implementing Decision (EU) 2020/590 of 24 April 2020 amending Decision (EU) 2019/784 as regards an update of relevant technical conditions applicable to the 24,25-27,5 GHz frequency band (notified under document C(2020) 2542) (Text with EEA relevance)",L2,high,L2,0,2,2,19,0.219747,0,0.5
32020D1479,32020D1479,2020,Decision,2020s,2020,Commission Implementing Decision (EU) 2020/1479 of 14 October 2020 establishing priority lists for the development of network codes and guidelines for electricity for the period from 2020 to 2023 and for gas in 2020 (Text with EEA relevance),L2,high,L2,0,2,2,63,0.235096,0,0
32020R0736R(01),32020R0736,2020,Regulation,2020s,2020,Commission Implementing Regulation (EU) 2020/736 of 2 June 2020 amending Regulation (EC) No 474/2006 as regards the list of air carriers banned from operating or subject to operational restrictions within the Union (Text with EEA relevance),L2,high,L2,0,1,1,9,0.4,0,0
32020R1056,32020R1056,2020,Regulation,2020s,2020,Regulation (EU) 2020/1056 of the European Parliament and of the Council of 15 July 2020 on electronic freight transport information (Text with EEA relevance),L1,high,L1,0,0,0,25,0,0,0
32021D1886R(01),32021D1886,2021,Decision,2020s,2020,"Commission Implementing Decision (EU) 2021/1886 of 27 October 2021 amending Implementing Decision (EU) 2019/570 as regards stockpiling rescEU capacities in the area of chemical, biological, radiological and nuclear incidents (notified under document C(2021) 7570) (Text with EEA relevance)",L2,high,L2,1,3,4,99,0.173419,0,0.5
32021R0379R(01),32021R0379,2021,Regulation,2020s,2020,Regulation (EU) 2021/379 of the European Central Bank of 22 January 2021 on the balance sheet items of credit institutions and of the monetary financial institutions sector (recast) (ECB/2021/2),L1,low,L1,0,1,1,80,0.217096,0,0
32021R0453R(02),32021R0453,2021,Regulation,2020s,2020,Commission Implementing Regulation (EU) 2021/453 of 15 March 2021 laying down implementing technical standards for the application of Regulation (EU) No 575/2013 of the European Parliament and of the Council with regard to the specific reporting requirements for market risk (Text with EEA relevance),L2,high,L2,0,1,1,80,0.208428,0,0
32021R0782R(01),32021R0782,2021,Regulation,2020s,2020,Regulation (EU) 2021/782 of the European Parliament and of the Council of 29 April 2021 on rail passengers’ rights and obligations (recast) (Text with EEA relevance),L1,high,L1,0,1,1,99,0.229017,0,0
32022D0767,32022D0767,2022,Decision,2020s,2020,Commission Decision (EU) 2022/767 of 13 April 2022 on the consistency of the performance targets contained in the draft performance plan submitted by Portugal pursuant to Regulation (EC) No 549/2004 of the European Parliament and of the Council with the Union-wide performance targets for the third reference period (notified under document C(2022) 2288) (Only the Portuguese text is authentic) (Text with EEA relevance),L1,high,L1,0,4,4,9,0.218702,0,0.333333
32022D1367,32022D1367,2022,Decision,2020s,2020,Council Decision (CFSP) 2022/1367 of 4 August 2022 amending Decision 2011/72/CFSP concerning restrictive measures directed against certain persons and entities in view of the situation in Tunisia,L1,high,L1,0,1,1,96,1,0,0
32023D0176,32023D0176,2023,Decision,2020s,2020,Commission Decision (EU) 2023/176 of 14 December 2022 on the consistency of the performance targets contained in the revised draft performance plan submitted by France pursuant to Regulation (EC) No 549/2004 of the European Parliament and of the Council with the Union-wide performance targets for the third reference period (notified under document C(2022) 9230) (Only the English text is authentic) (Text with EEA relevance),L1,high,L1,1,8,9,9,0.221109,0.833333,0.25
32023D2481,32023D2481,2023,Decision,2020s,2020,Commission Decision (EU) 2023/2481 of 10 November 2023 laying down indicative ranges for the Union-wide performance targets for the air traffic management network for the fourth reference period (2025-2029),L2,medium,L2,1,4,5,9,0.219114,0,0.45
32023D2524,32023D2524,2023,Decision,2020s,2020,Commission Decision (EU) 2023/2524 of 10 August 2023 on the State aid SA.34001 (2017/C) implemented by the Kingdom of Spain for Telecom Castilla La Mancha SA (notified under document C(2023) 5414),L2,medium,L2,0,23,23,89,0.258389,0,0
32023R1717,32023R1717,2023,Regulation,2020s,2020,Commission Delegated Regulation (EU) 2023/1717 of 27 June 2023 amending Directive 2014/53/EU of the European Parliament and of the Council as regards the technical specifications for the charging receptacle and charging communication protocol for all the categories or classes of radio equipment capable of being recharged by means of wired charging (Text with EEA relevance),L2,high,L2,0,1,1,92,0.260377,0,0
32024D0350,32024D0350,2024,Decision,2020s,2020,Commission Decision (EU) 2024/350 of 13 December 2023 on the compliance of the corrective measures submitted by Belgium with Implementing Decision (EU) 2023/1336 (notified under document C(2023) 8616),L2,high,L2,0,6,6,9,0.222477,0,0.2
32024L1640,32024L1640,2024,Directive,2020s,2020,"Directive (EU) 2024/1640 of the European Parliament and of the Council of 31 May 2024 on the mechanisms to be put in place by Member States for the prevention of the use of the financial system for the purposes of money laundering or terrorist financing, amending Directive(EU) 2019/1937, and amending and repealing Directive (EU) 2015/849 (Text with EEA relevance)",L1,high,L1,2,46,48,80,0.284992,700.698936,0.073543
32024R1774,32024R1774,2024,Regulation,2020s,2020,"Commission Delegated Regulation (EU) 2024/1774 of 13 March 2024 supplementing Regulation (EU) 2022/2554 of the European Parliament and of the Council with regard to regulatory technical standards specifying ICT risk management tools, methods, processes, and policies and the simplified ICT risk management framework",L2,high,L2,0,12,12,80,0.270879,0,0.219697
31972Y1011(01),31972Y101101,1972,Legislative_Act,Pre-Single European Act,1970,,L1,medium,L1,1,0,1,71,0,0,0
31986R4058,31986R4058,1986,Regulation,Pre-Single European Act,1980,,L1,low,L1,0,0,0,26,0,0,0
31991H0288,31991H0288,1991,Legislative_Act,Pre-Maastricht,1990,,L1,medium,L1,1,6,7,19,0.875,9.833333,0.166667
31994D0414,31994D0414,1994,Decision,1990s,1990,,L2,low,L2,0,8,8,57,1,0,0
31996R2271,31996R2271,1996,Regulation,1990s,1990,,L1,low,L1,4,6,10,63,0.714286,5476.958174,0
31997D0310,31997D0310,1997,Decision,1990s,1990,,L2,low,L2,1,7,8,19,1,0,0.125
31998D0388,31998D0388,1998,Decision,1990s,1990,,L2,low,L2,1,3,4,89,0.571429,1,0.083333
31998H0322,31998H0322,1998,Legislative_Act,1990s,1990,,L1,medium,L1,1,6,7,19,1,1014,0
31999D0511,31999D0511,1999,Decision,1990s,1990,,L2,low,L2,0,4,4,19,0.666667,0,0.166667
32003D0834,32003D0834,2003,Decision,Early 2000s,2000,,L2,low,L2,0,4,4,27,1,0,0
32005D0012,32005D0012,2005,Decision,Late 2000s,2000,COUNCIL DECISION of 20 December 2004 amending Decision 1999/847/EC as regards the extension of the Community action programme in the field of civil protection (Text with EEA relevance) (2005/12/EC),L1,high,L1,0,2,2,98,0.6,0,0
32006D0355,32006D0355,2006,Decision,Late 2000s,2000,COMMISSION DECISION of 16 May 2006 setting up an expert group on customer mobility in relation to bank accounts (2006/355/EC),L2,medium,L2,0,1,1,97,1,0,0
32006L0038R(01),32006L0038,2006,Directive,Late 2000s,2000,DIRECTIVE 2006/38/EC OF THE EUROPEAN PARLIAMENT AND OF THE COUNCIL of 17 May 2006 amending Directive 1999/62/EC on the charging of heavy goods vehicles for the use of certain infrastructures,L1,high,L1,0,1,1,89,0.351351,0,0
32007D0258,32007D0258,2007,Decision,Late 2000s,2000,COMMISSION DECISION of 20 December 2006 on the measure No C 24/2004 (ex NN 35/2004) implemented by Sweden for the introduction of digital terrestrial television (notified under document number C(2006) 6923) (Only the Swedish version is authentic) (Text with EEA relevance) (2007/258/EC),L2,medium,L2,0,6,6,89,1,0,0
32007D0784,32007D0784,2007,Decision,Late 2000s,2000,COMMISSION DECISION of 18 July 2007 declaring a concentration to be compatible with the common market and the functioning of the EEA Agreement (Case COMP/M.4504 — SFR/Télé 2 France) (notified under document number C(2007) 3443) (Only the French version is authentic) (Text with EEA relevance) (2007/784/EC),L2,medium,L2,0,1,1,63,0.366667,0,0
32008D0432R(01),32008D0432,2008,Decision,Late 2000s,2000,COMMISSION DECISION of 23 May 2008 amending Decision 2006/771/EC on harmonisation of the radio spectrum for use by short-range devices (notified under document number C(2008) 1937) (Text with EEA relevance) (2008/432/EC),L2,medium,L2,4,2,6,19,0.529412,9,0.45
32008F0909R(06),32008F0909,2008,Legislative_Act,Late 2000s,2000,COUNCIL FRAMEWORK DECISION 2008/909/JHA of 27 November 2008 on the application of the principle of mutual recognition to judgments in criminal matters imposing custodial sentences or measures involving deprivation of liberty for the purpose of their enforcement in the European Union,L1,high,L1,0,1,1,97,0.381818,0,0
32009L0081,32009L0081,2009,Directive,Late 2000s,2000,"DIRECTIVE 2009/81/EC OF THE EUROPEAN PARLIAMENT AND OF THE COUNCIL of 13 July 2009 on the coordination of procedures for the award of certain works contracts, supply contracts and service contracts by contracting authorities or entities in the fields of defence and security, and amending Directives 2004/17/EC and 2004/18/EC (Text with EEA relevance)",L1,high,L1,0,0,0,28,0,0,0
32010D0368,32010D0368,2010,Decision,Early 2010s,2010,COMMISSION DECISION of 30 June 2010 amending Decision 2006/771/EC on harmonisation of the radio spectrum for use by short-range devices (notified under document C(2010) 4313) (Text with EEA relevance) (2010/368/EU),L2,medium,L2,2,1,3,19,0.37037,0,0.5
32010R0590,32010R0590,2010,Regulation,Early 2010s,2010,COMMISSION REGULATION (EU) No 590/2010 of 5 July 2010 amending Regulation (EC) No 474/2006 establishing the Community list of air carriers which are subject to an operating ban within the Community (Text with EEA relevance),L2,medium,L2,4,5,9,9,0.571429,6.166667,0.263889
32012L0013R(01),32012L0013,2012,Directive,Early 2010s,2010,DIRECTIVE 2012/13/EU OF THE EUROPEAN PARLIAMENT AND OF THE COUNCIL of 22 May 2012 on the right to information in criminal proceedings,L1,high,L1,0,1,1,97,0.45,0,0
32012L0034R(02),32012L0034,2012,Directive,Early 2010s,2010,DIRECTIVE 2012/34/EU OF THE EUROPEAN PARLIAMENT AND OF THE COUNCIL of 21 November 2012 establishing a single European railway area (recast) (Text with EEA relevance),L1,high,L1,0,1,1,89,0.359551,0,0
32012L0034R(03),32012L0034,2012,Directive,Early 2010s,2010,DIRECTIVE 2012/34/EU OF THE EUROPEAN PARLIAMENT AND OF THE COUNCIL of 21 November 2012 establishing a single European railway area (recast) (Text with EEA relevance),L1,high,L1,0,1,1,89,0.359551,0,0
32013D0195,32013D0195,2013,Decision,Early 2010s,2010,"COMMISSION IMPLEMENTING DECISION of 23 April 2013 defining the practical arrangements, uniform formats and a methodology in relation to the radio spectrum inventory established by Decision No 243/2012/EU of the European Parliament and of the Council establishing a multiannual radio spectrum policy programme (notified under document C(2013) 2235) (Text with EEA relevance) (2013/195/EU)",L2,high,L2,0,4,4,98,0.431579,0,0.083333
32013R0606,32013R0606,2013,Regulation,Early 2010s,2010,REGULATION (EU) No 606/2013 OF THE EUROPEAN PARLIAMENT AND OF THE COUNCIL of 12 June 2013 on mutual recognition of protection measures in civil matters,L1,high,L1,3,9,12,97,0.37069,21.418407,0.083333
32013R1042R(01),32013R1042,2013,Regulation,Early 2010s,2010,COUNCIL IMPLEMENTING REGULATION (EU) No 1042/2013 of 7 October 2013 amending Implementing Regulation (EU) No 282/2011 as regards the place of supply of services,L2,high,L2,1,3,4,96,0.4,0,0.5
32013R1075,32013R1075,2013,Regulation,Early 2010s,2010,REGULATION (EU) No 1075/2013 OF THE EUROPEAN CENTRAL BANK of 18 October 2013 concerning statistics on the assets and liabilities of financial vehicle corporations engaged in securitisation transactions (recast) (ECB/2013/40),L1,low,L1,8,11,19,80,0.321285,686.60982,0.093567
32014D0641R(01),32014D0641,2014,Decision,Early 2010s,2010,COMMISSION IMPLEMENTING DECISION of 1 September 2014 on harmonised technical conditions of radio spectrum use by wireless audio programme making and special events equipment in the Union (notified under document C(2014) 6011) (Text with EEA relevance) (2014/641/EU),L2,high,L2,2,3,5,19,0.373832,0,0.5
32015D1055,32015D1055,2015,Decision,Late 2010s,2010,"COMMISSION IMPLEMENTING DECISION (EU) 2015/1055 of 30 June 2015 concerning the consistency of certain targets included in the national or functional airspace block plans submitted by Switzerland pursuant to Regulation (EC) No 549/2004 of the European Parliament and of the Council with the Union-wide performance targets for the second reference period (notified under document C(2015) 4403) (Only the French, German and Italian texts are authentic) (Text with EEA relevance)",L2,high,L2,0,3,3,9,0.340426,0,0.333333
32015L2366R(05),32015L2366,2015,Directive,Late 2010s,2010,"DIRECTIVE (EU) 2015/2366 OF THE EUROPEAN PARLIAMENT AND OF THE COUNCIL of 25 November 2015 on payment services in the internal market, amending Directives 2002/65/EC, 2009/110/EC and 2013/36/EU and Regulation (EU) No 1093/2010, and repealing Directive 2007/64/EC (Text with EEA relevance)",L1,high,L1,0,1,1,80,0.274118,0,0
32017D0899,32017D0899,2017,Decision,Late 2010s,2010,DECISION (EU) 2017/899 OF THE EUROPEAN PARLIAMENT AND OF THE COUNCIL of 17 May 2017 on the use of the 470-790 MHz frequency band in the Union,L2,low,L2,0,0,0,29,0,0,0
32017D1483,32017D1483,2017,Decision,Late 2010s,2010,COMMISSION IMPLEMENTING DECISION (EU) 2017/1483 of 8 August 2017 amending Decision 2006/771/EC on harmonisation of the radio spectrum for use by short-range devices and repealing Decision 2006/804/EC (notified under document C(2017) 5464) (Text with EEA relevance),L2,high,L2,0,7,7,19,0.284983,0,0.142857
32017D2075,32017D2075,2017,Decision,Late 2010s,2010,COMMISSION DELEGATED DECISION (EU) 2017/2075 of 4 September 2017 replacing Annex VII to Directive 2012/34/EU of the European Parliament and of the Council establishing a single European railway area (Text with EEA relevance),L2,high,L2,0,0,0,30,0,0,0
32019D0327(02),32019D032702,2019,Decision,Late 2010s,2010,,L2,low,L2,0,2,2,97,0.215892,0,0
32019D1742,32019D1742,2019,Decision,Late 2010s,2010,Commission Implementing Decision (EU) 2019/1742 of 17 October 2019 on the compliance of unit rates for charging zones with Implementing Regulations (EU) No 390/2013 and (EU) No 391/2013 (notified under document C(2019) 7333) (Text with EEA relevance),L2,high,L2,0,5,5,9,0.39759,0,0.2
32019R1213,32019R1213,2019,Regulation,Late 2010s,2010,Commission Implementing Regulation (EU) 2019/1213 of 12 July 2019 laying down detailed provisions ensuring uniform conditions for the implementation of interoperability and compatibility of on-board weighing equipment pursuant to Council Directive 96/53/EC (Text with EEA relevance.),L2,high,L2,0,7,7,98,0.296703,0,0.047619
32020D1127,32020D1127,2020,Decision,2020s,2020,Council Decision (CFSP) 2020/1127 of 30 July 2020 amending Decision (CFSP) 2019/797 concerning restrictive measures against cyber-attacks threatening the Union or its Member States,L1,high,L1,1,1,2,96,1,0,0.5
32020D1746,32020D1746,2020,Decision,2020s,2020,Council Decision (CFSP) 2020/1746 of 20 November 2020 amending and updating Decision (CFSP) 2018/340 establishing the list of projects to be developed under PESCO,L1,high,L1,0,0,0,31,0,0,0
32020D2252,32020D2252,2020,Decision,2020s,2020,"Council Decision (EU) 2020/2252 of 29 December 2020 on the signing, on behalf of the Union, and on provisional application of the Trade and Cooperation Agreement between the European Union and the European Atomic Energy Community, of the one part, and the United Kingdom of Great Britain and Northern Ireland, of the other part, and of the Agreement between the European Union and the United Kingdom of Great Britain and Northern Ireland concerning security procedures for exchanging and protecting classified information",L1,high,L1,0,0,0,32,0,0,0
32020R0459,32020R0459,2020,Regulation,2020s,2020,Regulation (EU) 2020/459 of the European Parliament and of the Council of 30 March 2020 amending Council Regulation (EEC) No 95/93 on common rules for the allocation of slots at Community airports (Text with EEA relevance),L1,high,L1,0,7,7,99,0.452381,0,0
32020R1536R(01),32020R1536,2020,Regulation,2020s,2020,Council Implementing Regulation (EU) 2020/1536 of 22 October 2020 of implementing Regulation (EU) 2019/796 concerning restrictive measures against cyber-attacks threatening the Union or its Member States,L2,high,L2,0,1,1,96,0.166034,0,0
32021D0689,32021D0689,2021,Decision,2020s,2020,"Council Decision (EU) 2021/689 of 29 April 2021 on the conclusion, on behalf of the Union, of the Trade and Cooperation Agreement between the European Union and the European Atomic Energy Community, of the one part, and the United Kingdom of Great Britain and Northern Ireland, of the other part, and of the Agreement between the European Union and the United Kingdom of Great Britain and Northern Ireland concerning security procedures for exchanging and protecting classified information",L1,high,L1,16,10,26,99,0.481481,335.138889,0.050769
32021D0750,32021D0750,2021,Decision,2020s,2020,Council Decision (CFSP) 2021/750 of 6 May 2021 on the participation of the United States of America in the PESCO project Military Mobility,L1,high,L1,0,4,4,77,0.311377,0,0.083333
32022D0765,32022D0765,2022,Decision,2020s,2020,Commission Decision (EU) 2022/765 of 13 April 2022 on the consistency of the performance targets contained in the draft performance plan submitted by Finland pursuant to Regulation (EC) No 549/2004 of the European Parliament and of the Council with the Union-wide performance targets for the third reference period (notified under document C(2022) 2285) (Only the Finnish and Swedish texts are authentic) (Text with EEA relevance),L1,high,L1,0,5,5,9,0.219891,0,0.3
32022D0774,32022D0774,2022,Decision,2020s,2020,Commission Decision (EU) 2022/774 of 13 April 2022 on the consistency of the performance targets contained in the draft performance plan submitted by Austria pursuant to Regulation (EC) No 549/2004 of the European Parliament and of the Council with the Union-wide performance targets for the third reference period (notified under document C(2022)2297) (Only the German text is authentic) (Text with EEA relevance),L1,high,L1,0,4,4,9,0.218702,0,0.333333
32022D0906,32022D0906,2022,Decision,2020s,2020,Council Decision (CFSP) 2022/906 of 9 June 2022 on an assistance measure under the European Peace Facility to strengthen the capacities of the Balkan Medical Task Force,L1,high,L1,0,5,5,77,0.195501,0,0.2
32022D2255,32022D2255,2022,Decision,2020s,2020,"Commission Decision (EU) 2022/2255 of 24 October 2022 on the initiation of the detailed examination of certain performance targets contained in the revised draft performance plan for the third reference period submitted at functional airspace block level by Belgium, Germany, France, Luxembourg, and the Netherlands pursuant to Regulation (EC) No 549/2004 of the European Parliament and of the Council (notified under document C(2022) 7438) (Only the Dutch, French and German texts are authentic) (Text with EEA relevance)",L1,high,L1,4,5,9,9,0.219305,0.166667,0.416667
32022R0869,32022R0869,2022,Regulation,2020s,2020,"Regulation (EU) 2022/869 of the European Parliament and of the Council of 30 May 2022 on guidelines for trans-European energy infrastructure, amending Regulations (EC) No 715/2009, (EU) 2019/942 and (EU) 2019/943 and Directives 2009/73/EC and (EU) 2019/944, and repealing Regulation (EU) No 347/2013",L1,high,L1,6,33,39,63,0.310559,4717.490179,0.097841
32022R1032R(04),32022R1032,2022,Regulation,2020s,2020,Regulation (EU) 2022/1032 of the European Parliament and of the Council of 29 June 2022 amending Regulations (EU) 2017/1938 and (EC) No 715/2009 with regard to gas storage (Text with EEA relevance),L1,high,L1,8,15,23,63,0.249291,4072.892051,0.119048
32022R1645,32022R1645,2022,Regulation,2020s,2020,"Commission Delegated Regulation (EU) 2022/1645 of 14 July 2022 laying down rules for the application of Regulation (EU) 2018/1139 of the European Parliament and of the Council, as regards requirements for the management of information security risks with a potential impact on aviation safety for organisations covered by Commission Regulations (EU) No 748/2012 and (EU) No 139/2014 and amending Commission Regulations (EU) No 748/2012 and (EU) No 139/2014",L2,high,L2,1,7,8,9,0.267191,2.233333,0.178571
32023D0162,32023D0162,2023,Decision,2020s,2020,Council Decision (CFSP) 2023/162 of 23 January 2023 on a European Union mission in Armenia (EUMA),L1,high,L1,2,9,11,77,0.846154,19,0.036364
32023D0531(01),32023D053101,2023,Decision,2020s,2020,,L2,low,L2,0,7,7,99,0.215882,0,0.02381
32023D0926(01),32023D092601,2023,Decision,2020s,2020,,L2,low,L2,0,3,3,99,1,0,0
32023D0964,32023D0964,2023,Decision,2020s,2020,Council Decision (CFSP) 2023/964 of 15 May 2023 amending Decision (CFSP) 2019/797 concerning restrictive measures against cyber-attacks threatening the Union or its Member States,L1,high,L1,0,1,1,96,1,0,0
32023R2418,32023R2418,2023,Regulation,2020s,2020,Regulation (EU) 2023/2418 of the European Parliament and of the Council of 18 October 2023 on establishing an instrument for the reinforcement of the European defence industry through common procurement (EDIRPA),L1,high,L1,0,20,20,99,0.285487,0,0.094737
32025R0295,32025R0295,2025,Regulation,2020s,2020,Commission Delegated Regulation (EU) 2025/295 of 24 October 2024 supplementing Regulation (EU) 2022/2554 of the European Parliament and of the Council with regard to regulatory technical standards on harmonisation of conditions enabling the conduct of the oversight activities,L2,high,L2,0,5,5,80,0.245455,0,0.3
31985D0527,31985D0527,1985,Decision,Pre-Single European Act,1980,,L2,low,L2,0,2,2,57,1,0,0
31994D0694,31994D0694,1994,Decision,1990s,1990,,L2,low,L2,1,8,9,57,1,8,0
31999D0494,31999D0494,1999,Decision,1990s,1990,,L2,low,L2,0,3,3,91,1,0,0
32000D0299,32000D0299,2000,Decision,Early 2000s,2000,,L2,low,L2,1,1,2,19,1,0,0.5
32004D0739R(01),32004D0739,2004,Decision,Early 2000s,2000,POLITICAL AND SECURITY COMMITTEE DECISION BiH/3/2004 of 29 September 2004 on the setting-up of the Committee of Contributors for the European Union military operation in Bosnia and Herzegovina (2004/739/CFSP),L2,low,L2,0,1,1,97,0.6,0,0
32004L0113,32004L0113,2004,Directive,Early 2000s,2000,COUNCIL DIRECTIVE 2004/113/EC of 13 December 2004 implementing the principle of equal treatment between men and women in the access to and supply of goods and services,L2,high,L2,0,0,0,33,0,0,0
32005D0851,32005D0851,2005,Decision,Late 2000s,2000,COUNCIL DECISION 2005/851/CFSP of 21 November 2005 concerning the conclusion of the Agreement between the European Union and Canada establishing a framework for the participation of Canada in the European Union crisis management operations AGREEMENT between the European Union and Canada establishing a framework for the participation of Canada in the European Union crisis management operations,L1,high,L1,0,1,1,34,1,0,0
32006D0375,32006D0375,2006,Decision,Late 2000s,2000,COMMISSION DECISION of 23 May 2006 derogation from certain provisions of Directive 2003/54/EC concerning the archipelago of Madeira (notified under document number C(2006) 2008) (Only the Portuguese text is authentic) (2006/375/EC),L2,medium,L2,0,1,1,92,1,0,0
32008R1099R(02),32008R1099,2008,Regulation,Late 2000s,2000,REGULATION (EC) No 1099/2008 OF THE EUROPEAN PARLIAMENT AND OF THE COUNCIL of 22 October 2008 on energy statistics (Text with EEA relevance),L1,high,L1,18,8,26,63,1,488.869178,0.07
32009L0119,32009L0119,2009,Directive,Late 2000s,2000,COUNCIL DIRECTIVE 2009/119/EC of 14 September 2009 imposing an obligation on Member States to maintain minimum stocks of crude oil and/or petroleum products,L1,high,L1,0,0,0,35,0,0,0
32009L0119R(02),32009L0119,2009,Directive,Late 2000s,2000,COUNCIL DIRECTIVE 2009/119/EC of 14 September 2009 imposing an obligation on Member States to maintain minimum stocks of crude oil and/or petroleum products,L1,high,L1,0,1,1,63,0.421053,0,0
32010D0267,32010D0267,2010,Decision,Early 2010s,2010,COMMISSION DECISION of 6 May 2010 on harmonised technical conditions of use in the 790-862 MHz frequency band for terrestrial systems capable of providing electronic communications services in the European Union (notified under document C(2010) 2923) (Text with EEA relevance) (2010/267/EU),L2,medium,L2,3,3,6,19,1,50.366667,0.133333
32010D0792,32010D0792,2010,Decision,Early 2010s,2010,COMMISSION DECISION of 20 December 2010 extending the transitional period concerning the acquisition of agricultural land in Hungary (Text with EEA relevance) (2010/792/EU),L2,medium,L2,0,2,2,94,1,0,0
32011D0659,32011D0659,2011,Decision,Early 2010s,2010,"POLITICAL AND SECURITY COMMITTEE DECISION EUJUST LEX-IRAQ/2/2011 of 30 September 2011 concerning the appointment of the Head of Mission of the European Union Integrated Rule of Law Mission for Iraq, EUJUST LEX-Iraq (2011/659/CFSP)",L2,low,L2,0,2,2,36,1,0,0
32013D0788,32013D0788,2013,Decision,Early 2010s,2010,"DECISION OF THE EUROPEAN PARLIAMENT AND OF THE COUNCIL of 11 December 2013 on the mobilisation of the European Globalisation Adjustment Fund, in accordance with point 28 of the Interinstitutional Agreement of 17 May 2006 between the European Parliament, the Council and the Commission on budgetary discipline and sound financial management (application EGF/2013/001 FI/Nokia from Finland) (2013/788/EU)",L1,high,L1,0,2,2,86,1,0,0
32014L0051R(03),32014L0051,2014,Directive,Early 2010s,2010,"DIRECTIVE 2014/51/EU OF THE EUROPEAN PARLIAMENT AND OF THE COUNCIL of 16 April 2014 amending Directives 2003/71/EC and 2009/138/EC and Regulations (EC) No 1060/2009, (EU) No 1094/2010 and (EU) No 1095/2010 in respect of the powers of the European Supervisory Authority (European Insurance and Occupational Pensions Authority) and the European Supervisory Authority (European Securities and Markets Authority)",L1,high,L1,0,1,1,80,0.258258,0,0
32014L0051R(05),32014L0051,2014,Directive,Early 2010s,2010,"DIRECTIVE 2014/51/EU OF THE EUROPEAN PARLIAMENT AND OF THE COUNCIL of 16 April 2014 amending Directives 2003/71/EC and 2009/138/EC and Regulations (EC) No 1060/2009, (EU) No 1094/2010 and (EU) No 1095/2010 in respect of the powers of the European Supervisory Authority (European Insurance and Occupational Pensions Authority) and the European Supervisory Authority (European Securities and Markets Authority)",L1,high,L1,0,1,1,80,0.258258,0,0
32014R0909,32014R0909,2014,Regulation,Early 2010s,2010,REGULATION (EU) No 909/2014 OF THE EUROPEAN PARLIAMENT AND OF THE COUNCIL of 23 July 2014 on improving securities settlement in the European Union and on central securities depositories and amending Directives 98/26/EC and 2014/65/EU and Regulation (EU) No 236/2012 (Text with EEA relevance),L1,high,L1,0,0,0,37,0,0,0
32014R0912,32014R0912,2014,Regulation,Early 2010s,2010,"REGULATION (EU) No 912/2014 OF THE EUROPEAN PARLIAMENT AND OF THE COUNCIL of 23 July 2014 establishing a framework for managing financial responsibility linked to investor-to-state dispute settlement tribunals established by international agreements to which the European Union is party Joint declaration by the European Parliament, the Council and the Commission",L1,high,L1,0,5,5,86,0.541667,0,0.15
32015D0457,32015D0457,2015,Decision,Late 2010s,2010,"COUNCIL DECISION (EU, Euratom) 2015/457 of 17 March 2015 repealing Decision 2007/124/EC, Euratom establishing for the period 2007 to 2013, as part of General Programme on Security and Safeguarding Liberties, the Specific Programme ‘Prevention, Preparedness and Consequence Management of Terrorism and other Security related risks’",L1,high,L1,0,4,4,99,0.177855,0,0
32016D1353,32016D1353,2016,Decision,Late 2010s,2010,COUNCIL DECISION (EU) 2016/1353 of 4 August 2016 concerning the financial rules of the European Defence Agency and repealing Decision 2007/643/CFSP,L1,high,L1,0,9,9,97,0.27552,0,0.041667
32016D2240R(01),32016D2240,2016,Decision,Late 2010s,2010,COUNCIL DECISION (CFSP) 2016/2240 of 12 December 2016 amending Decision 2012/389/CFSP on the European Union Mission on Regional Maritime Capacity Building in the Horn of Africa (EUCAP NESTOR),L1,high,L1,0,1,1,77,0.428571,0,0
32017L0433,32017L0433,2017,Directive,Late 2010s,2010,COMMISSION DIRECTIVE (EU) 2017/433 of 7 March 2017 amending Directive 2009/43/EC of the European Parliament and of the Council as regards the list of defence-related products (Text with EEA relevance),L1,high,L1,0,0,0,38,0,0,0
32017L2455R(02),32017L2455,2017,Directive,Late 2010s,2010,COUNCIL DIRECTIVE (EU) 2017/2455 of 5 December 2017 amending Directive 2006/112/EC and Directive 2009/132/EC as regards certain value added tax obligations for supplies of services and distance sales of goods,L1,high,L1,0,1,1,96,0.326733,0,0
32017R0394R(01),32017R0394,2017,Regulation,Late 2010s,2010,"COMMISSION IMPLEMENTING REGULATION (EU) 2017/394 of 11 November 2016 laying down implementing technical standards with regard to standard forms, templates and procedures for authorisation, review and evaluation of central securities depositories, for the cooperation between authorities of the home Member State and the host Member State, for the consultation of authorities involved in the authorisation to provide banking-type ancillary services, for access involving central securities depositories, and with regard to the format of the records to be maintained by central securities depositories in accordance with Regulation (EU) No 909/2014 of the European Parliament and of the Council (Text with EEA relevance)",L2,high,L2,0,1,1,80,0.22335,0,0
32018D0491,32018D0491,2018,Decision,Late 2010s,2010,"COMMISSION IMPLEMENTING DECISION (EU) 2018/491 of 21 March 2018 on the compliance of the joint proposal submitted by the Member States concerned for the extension of the North Sea Mediterranean rail freight corridor with Article 5 of Regulation (EU) No 913/2010 of the European Parliament and of the Council (notified under document C(2018) 1634) (Only the Dutch, English and French texts are authentic)",L2,high,L2,0,1,1,9,0.5,0,0
32018D1797,32018D1797,2018,Decision,Late 2010s,2010,Council Decision (CFSP) 2018/1797 of 19 November 2018 amending and updating Decision (CFSP) 2018/340 establishing the list of projects to be developed under PESCO,L1,high,L1,0,0,0,39,0,0,0
32019D1279,32019D1279,2019,Decision,Late 2010s,2010,Commission Implementing Decision (EU) 2019/1279 of 29 July 2019 on the recognition of the legal and supervisory framework of the United States of America as equivalent to the requirements of Regulation (EC) No 1060/2009 of the European Parliament and of the Council on credit rating agencies (Text with EEA relevance.),L2,high,L2,0,3,3,80,0.253333,0,0.166667
32019D1281,32019D1281,2019,Decision,Late 2010s,2010,Commission Implementing Decision (EU) 2019/1281 of 29 July 2019 repealing Implementing Decision 2014/245/EU on the recognition of the legal and supervisory framework of Brazil as equivalent to the requirements of Regulation (EC) No 1060/2009 of the European Parliament and of the Council on credit rating agencies (Text with EEA relevance.),L2,high,L2,0,3,3,80,0.253333,0,0.166667
32019R0881,32019R0881,2019,Regulation,Late 2010s,2010,Regulation (EU) 2019/881 of the European Parliament and of the Council of 17 April 2019 on ENISA (the European Union Agency for Cybersecurity) and on information and communications technology cybersecurity certification and repealing Regulation (EU) No 526/2013 (Cybersecurity Act) (Text with EEA relevance),L1,high,L1,15,34,49,92,0.311011,3793.478722,0.048895
32020D0636,32020D0636,2020,Decision,2020s,2020,Commission Implementing Decision (EU) 2020/636 of 8 May 2020 amending Decision 2008/477/EC as regards an update of relevant technical conditions applicable to the 2 500–2 690 MHz frequency band (notified under document C(2020) 2831) (Text with EEA relevance),L2,high,L2,1,2,3,19,0.366972,39,0.333333
32020D0667,32020D0667,2020,Decision,2020s,2020,Commission Implementing Decision (EU) 2020/667 of 6 May 2020 amending Decision 2012/688/EU as regards an update of relevant technical conditions applicable to the frequency bands 1 920-1 980 MHz and 2 110-2 170 MHz (notified under document C(2020) 2816) (Text with EEA relevance),L2,high,L2,1,1,2,19,0.363636,9.95,0
32020D1489,32020D1489,2020,Decision,2020s,2020,"Council Decision (EU) 2020/1489 of 6 October 2020 on the position to be adopted on behalf of the European Union, within the EEA Joint Committee, concerning the amendment of Protocol 31 to the EEA Agreement, on cooperation in specific fields outside the four freedoms",L1,high,L1,0,2,2,99,1,0,0
32020R0857,32020R0857,2020,Regulation,2020s,2020,Commission Implementing Regulation (EU) 2020/857 of 17 June 2020 laying down the principles to be included in the contract between the European Commission and the .eu top-level domain Registry in accordance with Regulation (EU) 2019/517 of the European Parliament and of the Council (Text with EEA relevance),L2,high,L2,0,2,2,92,0.219178,0,0
32020R1230,32020R1230,2020,Regulation,2020s,2020,Commission Delegated Regulation (EU) 2020/1230 of 29 November 2019 supplementing Regulation (EU) 2017/2402 of the European Parliament and of the Council with regard to regulatory technical standards specifying the details of the application for registration of a securitisation repository and the details of the simplified application for an extension of registration of a trade repository (Text with EEA relevance),L2,high,L2,2,11,13,80,0.271373,55.362614,0.198718
32021D1730,32021D1730,2021,Decision,2020s,2020,"Commission Implementing Decision (EU) 2021/1730 of 28 September 2021 on the harmonised use of the paired frequency bands 874,4-880,0 MHz and 919,4-925,0 MHz and of the unpaired frequency band 1900-1910 MHz for Railway Mobile Radio (notified under document C(2021) 6862) (Text with EEA relevance)",L2,high,L2,1,3,4,19,0.231405,10,0.083333
32021R0598,32021R0598,2021,Regulation,2020s,2020,Commission Delegated Regulation (EU) 2021/598 of 14 December 2020 supplementing Regulation (EU) No 575/2013 of the European Parliament and of the Council with regard to regulatory technical standards for assigning risk weights to specialised lending exposures (Text with EEA relevance),L2,high,L2,0,2,2,80,0.294221,0,0.5
32021R0782R(03),32021R0782,2021,Regulation,2020s,2020,Regulation (EU) 2021/782 of the European Parliament and of the Council of 29 April 2021 on rail passengers’ rights and obligations (recast) (Text with EEA relevance),L1,high,L1,4,23,27,99,0.296499,1034.359976,0.078462
32021R2070,32021R2070,2021,Regulation,2020s,2020,Commission Implementing Regulation (EU) 2021/2070 of 25 November 2021 amending Regulation (EC) No 474/2006 as regards the list of air carriers banned from operating or subject to operational restrictions within the Union (Text with EEA relevance),L2,high,L2,1,11,12,9,0.271236,115.458532,0.174242
32022D0461,32022D0461,2022,Decision,2020s,2020,Commission Implementing Decision (EU) 2022/461 of 15 March 2022 amending Implementing Decision (EU) 2019/570 as regards rescEU transport and logistics capacities (notified under document C(2022)1685) (Text with EEA relevance),L2,high,L2,0,3,3,99,0.229997,0,0.333333
32022D0728,32022D0728,2022,Decision,2020s,2020,"Commission Implementing Decision (EU) 2022/728 of 13 April 2022 on the inconsistency of certain performance targets contained in the draft national and functional airspace block performance plans submitted by Belgium, Germany, Greece, France, Cyprus, Latvia, Luxembourg, Malta, the Netherlands, Romania, and Sweden pursuant to Regulation (EC) No 549/2004 of the European Parliament and of the Council with the Union-wide performance targets for the third reference period and setting out recommendations for the revision of those targets (notified under document C(2022) 2283) (Only the Dutch, English, French, German, Greek, Latvian, Maltese, Romanian and Swedish texts are authentic) (Text with EEA relevance)",L2,high,L2,5,5,10,9,0.220749,16.166667,0.377778
32022D0773,32022D0773,2022,Decision,2020s,2020,Commission Decision (EU) 2022/773 of 13 April 2022 on the consistency of the performance targets contained in the draft performance plan submitted by Italy pursuant to Regulation (EC) No 549/2004 of the European Parliament and of the Council with the Union-wide performance targets for the third reference period (notified under document C(2022) 2294) (Only the Italian text is authentic) (Text with EEA relevance),L1,high,L1,0,4,4,9,0.218702,0,0.333333
32022D1285,32022D1285,2022,Decision,2020s,2020,"Council Decision (CFSP) 2022/1285 of 21 July 2022 amending Decision (CFSP) 2022/338 on an assistance measure under the European Peace Facility for the supply to the Ukrainian Armed Forces of military equipment, and platforms, designed to deliver lethal force",L1,high,L1,2,4,6,77,0.195304,0,0.466667
32022R0113,32022R0113,2022,Regulation,2020s,2020,"Council Implementing Regulation (EU) 2022/113 of 27 January 2022 implementing Regulation (EU) No 101/2011 concerning restrictive measures directed against certain persons, entities and bodies in view of the situation in Tunisia",L2,high,L2,0,1,1,96,0.6,0,0
32022R2038,32022R2038,2022,Regulation,2020s,2020,Regulation (EU) 2022/2038 of the European Parliament and of the Council of 19 October 2022 amending Council Regulation (EEC) No 95/93 as regards temporary relief from the slot utilisation rules at Union airports due to an epidemiological situation or military aggression (Text with EEA relevance),L1,high,L1,0,13,13,99,0.359223,0,0
32022R2299,32022R2299,2022,Regulation,2020s,2020,"Commission Implementing Regulation (EU) 2022/2299 of 15 November 2022 laying down rules for the application of Regulation (EU) 2018/1999 of the European Parliament and of the Council as regards the structure, format, technical details and process for the integrated national energy and climate progress reports",L2,high,L2,0,4,4,63,0.23468,0,0.416667
32023D0457,32023D0457,2023,Decision,2020s,2020,"Council Decision (CFSP) 2023/457 of 2 March 2023 amending Decision 2014/119/CFSP concerning restrictive measures directed against certain persons, entities and bodies in view of the situation in Ukraine",L1,high,L1,0,2,2,96,0.75,0,0
32023R0203R(01),32023R0203,2023,Regulation,2020s,2020,"Commission Implementing Regulation (EU) 2023/203 of 27 October 2022 laying down rules for the application of Regulation (EU) 2018/1139 of the European Parliament and of the Council, as regards requirements for the management of information security risks with a potential impact on aviation safety for organisations covered by Commission Regulations (EU) No 1321/2014, (EU) No 965/2012, (EU) No 1178/2011, (EU) 2015/340, Commission Implementing Regulations (EU) 2017/373 and (EU) 2021/664, and for competent authorities covered by Commission Regulations (EU) No 748/2012, (EU) No 1321/2014, (EU) No 965/2012, (EU) No 1178/2011, (EU) 2015/340 and (EU) No 139/2014, Commission Implementing Regulations (EU) 2017/373 and (EU) 2021/664 and amending Commission Regulations (EU) No 1178/2011, (EU) No 748/2012, (EU) No 965/2012, (EU) No 139/2014, (EU) No 1321/2014, (EU) 2015/340, and Commission Implementing Regulations (EU) 2017/373 and (EU) 2021/664",L2,high,L2,0,1,1,9,0.215419,0,0
32023R0840,32023R0840,2023,Regulation,2020s,2020,Commission Delegated Regulation (EU) 2023/840 of 25 November 2022 supplementing Regulation (EU) 2021/23 of the European Parliament and of the Council with regard to regulatory technical standards specifying the methodology for calculation and maintenance of the additional amount of pre-funded dedicated own resources to be used in accordance with Article 9(14) of that Regulation (Text with EEA relevance),L2,high,L2,0,5,5,80,0.232227,0,0.2
32023R1472,32023R1472,2023,Regulation,2020s,2020,Commission Implementing Regulation (EU) 2023/1472 of 17 July 2023 amending Regulation (EC) No 1055/2008 as regards the frequency with which the Member States supply their quality report (Text with EEA relevance),L2,high,L2,0,1,1,92,0.315217,0,0
32023R2841,32023R2841,2023,Regulation,2020s,2020,"Regulation (EU, Euratom) 2023/2841 of the European Parliament and of the Council of 13 December 2023 laying down measures for a high common level of cybersecurity at the institutions, bodies, offices and agencies of the Union",L1,high,L1,0,14,14,99,0.258209,0,0.093407
32024R1620,32024R1620,2024,Regulation,2020s,2020,"Regulation (EU) 2024/1620 of the European Parliament and of the Council of 31 May 2024 establishing the Authority for Anti-Money Laundering and Countering the Financing of Terrorism and amending Regulations (EU) No 1093/2010, (EU) No 1094/2010 and (EU) No 1095/2010 (Text with EEA relevance)",L1,high,L1,4,53,57,80,0.287719,1334.577787,0.072078
32025D0893,32025D0893,2025,Decision,2020s,2020,"Commission Implementing Decision (EU) 2025/893 of 14 May 2025 amending Implementing Decision (EU) 2022/2191 as regards harmonised standards for digital enhanced cordless telecommunications devices, short range devices, satellite systems, broadband and wideband data transmission systems, international mobile telecommunication systems, aeronautical and meteorological radars, 5 and 6 GHz WAS/RLAN equipment, wireless digital video links, and advanced surface movement guidance and control systems",L2,high,L2,0,2,2,92,0.298701,0,0.5
31995Y1207(03),31995Y120703,1995,Legislative_Act,1990s,1990,,L1,medium,L1,0,1,1,89,1,0,0
31998D0387,31998D0387,1998,Decision,1990s,1990,,L2,low,L2,1,6,7,89,0.625,3,0.047619
31998D0520,31998D0520,1998,Decision,1990s,1990,,L2,low,L2,0,5,5,19,1,0,0
31998D0522,31998D0522,1998,Decision,1990s,1990,,L2,low,L2,0,4,4,19,1,0,0
32004L0066R(01),32004L0066,2004,Directive,Early 2000s,2000,"COUNCIL DIRECTIVE 2004/66/EC of 26 April 2004 adapting Directives 1999/45/EC, 2002/83/EC, 2003/37/EC and 2003/59/EC of the European Parliament and of the Council and Council Directives 77/388/EEC, 91/414/EEC, 96/26/EC, 2003/48/EC and 2003/49/EC, in the fields of free movement of goods, freedom to provide services, agriculture, transport policy and taxation, by reason of the accession of the Czech Republic, Estonia, Cyprus, Latvia, Lithuania, Hungary, Malta, Poland, Slovenia and Slovakia",L1,high,L1,8,11,19,96,1,5778.793035,0.091503
32004R0793R(01),32004R0793,2004,Regulation,Early 2000s,2000,,L1,low,L1,3,7,10,89,1,9.5,0.125
32009D0302R(01),32009D0302,2009,Decision,Late 2000s,2000,COUNCIL DECISION of 21 May 2008 on the signing and provisional application of the Agreement between the European Community and the Islamic Republic of Pakistan on certain aspects of air services (2009/302/EC) AGREEMENT between the European Community and the Islamic Republic of Pakistan on certain aspects of air services,L1,high,L1,2,3,5,98,1,0,0.416667
32009L0081R(02),32009L0081,2009,Directive,Late 2000s,2000,"DIRECTIVE 2009/81/EC OF THE EUROPEAN PARLIAMENT AND OF THE COUNCIL of 13 July 2009 on the coordination of procedures for the award of certain works contracts, supply contracts and service contracts by contracting authorities or entities in the fields of defence and security, and amending Directives 2004/17/EC and 2004/18/EC (Text with EEA relevance)",L1,high,L1,0,1,1,92,0.424658,0,0
32009R0169,32009R0169,2009,Regulation,Late 2000s,2000,"COUNCIL REGULATION (EC) No 169/2009 of 26 February 2009 applying rules of competition to transport by rail, road and inland waterway (Codified version) (Text with EEA relevance)",L1,high,L1,0,10,10,89,0.6,0,0.011111
32011D0784,32011D0784,2011,Decision,Early 2010s,2010,COMMISSION DECISION of 25 August 2011 on State aid C 39/09 (ex N 385/09) — Latvia — Public financing of port infrastructure in Ventspils Port (notified under document C(2011) 6043) (Only the Latvian text is authentic) (Text with EEA relevance) (2011/784/EU),L2,medium,L2,0,7,7,89,1,0,0
32012R1219,32012R1219,2012,Regulation,Early 2010s,2010,"REGULATION (EU) No 1219/2012 OF THE EUROPEAN PARLIAMENT AND OF THE COUNCIL of 12 December 2012 establishing transitional arrangements for bilateral investment agreements between Member States and third countries STATEMENT BY THE EUROPEAN PARLIAMENT, THE COUNCIL AND THE COMMISSION",L1,high,L1,2,4,6,86,0.611111,13,0.133333
32013D0752R(02),32013D0752,2013,Decision,Early 2010s,2010,COMMISSION IMPLEMENTING DECISION of 11 December 2013 amending Decision 2006/771/EC on harmonisation of the radio spectrum for use by short-range devices and repealing Decision 2005/928/EC (notified under document C(2013) 8776) (Text with EEA relevance) (2013/752/EU),L2,high,L2,0,1,1,19,0.290698,0,0
32013D0752R(03),32013D0752,2013,Decision,Early 2010s,2010,COMMISSION IMPLEMENTING DECISION of 11 December 2013 amending Decision 2006/771/EC on harmonisation of the radio spectrum for use by short-range devices and repealing Decision 2005/928/EC (notified under document C(2013) 8776) (Text with EEA relevance) (2013/752/EU),L2,high,L2,3,8,11,19,0.401639,50.75,0.2
32013L0022R(01),32013L0022,2013,Directive,Early 2010s,2010,"COUNCIL DIRECTIVE 2013/22/EU of 13 May 2013 adapting certain directives in the field of transport policy, by reason of the accession of the Republic of Croatia",L1,high,L1,3,10,13,98,0.370968,83.7,0.128788
32013R0151,32013R0151,2013,Regulation,Early 2010s,2010,"COMMISSION DELEGATED REGULATION (EU) No 151/2013 of 19 December 2012 supplementing Regulation (EU) No 648/2012 of the European Parliament and of the Council on OTC derivatives, central counterparties and trade repositories, with regard to regulatory technical standards specifying the data to be published and made available by trade repositories and operational standards for aggregating, comparing and accessing the data (Text with EEA relevance)",L2,high,L2,2,4,6,80,0.305732,32.662771,0.166667
32014D0276,32014D0276,2014,Decision,Early 2010s,2010,COMMISSION IMPLEMENTING DECISION of 2 May 2014 on amending Decision 2008/411/EC on the harmonisation of the 3 400-3 800 MHz frequency band for terrestrial systems capable of providing electronic communications services in the Community (notified under document C(2014) 2798) (Text with EEA relevance) (2014/276/EU),L2,high,L2,2,2,4,19,0.366972,40,0.25
32014L0053,32014L0053,2014,Directive,Early 2010s,2010,DIRECTIVE 2014/53/EU OF THE EUROPEAN PARLIAMENT AND OF THE COUNCIL of 16 April 2014 on the harmonisation of the laws of the Member States relating to the making available on the market of radio equipment and repealing Directive 1999/5/EC (Text with EEA relevance),L1,high,L1,0,0,0,40,0,0,0
32014R0514R(02),32014R0514,2014,Regulation,Early 2010s,2010,"REGULATION (EU) No 514/2014 OF THE EUROPEAN PARLIAMENT AND OF THE COUNCIL of 16 April 2014 laying down general provisions on the Asylum, Migration and Integration Fund and on the instrument for financial support for police cooperation, preventing and combating crime, and crisis management",L1,high,L1,0,1,1,86,0.175414,0,0
32014R0909R(03),32014R0909,2014,Regulation,Early 2010s,2010,REGULATION (EU) No 909/2014 OF THE EUROPEAN PARLIAMENT AND OF THE COUNCIL of 23 July 2014 on improving securities settlement in the European Union and on central securities depositories and amending Directives 98/26/EC and 2014/65/EU and Regulation (EU) No 236/2012 (Text with EEA relevance),L1,high,L1,0,1,1,80,0.263221,0,0
32015D2276R(01),32015D2276,2015,Decision,Late 2010s,2010,COUNCIL DECISION (CFSP) 2015/2276 of 7 December 2015 amending and extending Decision 2013/233/CFSP on the European Union Integrated Border Management Assistance Mission in Libya (EUBAM Libya),L1,high,L1,1,6,7,77,0.777778,0,0.4
32016D1795,32016D1795,2016,Decision,Late 2010s,2010,COUNCIL DECISION (EU) 2016/1795 of 29 September 2016 establishing the position to be adopted on behalf of the European Union with regard to the amendments to the Annexes to the European Agreement concerning the International Carriage of Dangerous Goods by Road (ADR) and to the Annexed Regulations to the European Agreement concerning the International Carriage of Dangerous Goods by Inland Waterways (ADN),L1,high,L1,0,3,3,99,0.615385,0,0
32016D2240,32016D2240,2016,Decision,Late 2010s,2010,COUNCIL DECISION (CFSP) 2016/2240 of 12 December 2016 amending Decision 2012/389/CFSP on the European Union Mission on Regional Maritime Capacity Building in the Horn of Africa (EUCAP NESTOR),L1,high,L1,6,4,10,77,0.666667,40,0.111111
32016R1649,32016R1649,2016,Regulation,Late 2010s,2010,COMMISSION DELEGATED REGULATION (EU) 2016/1649 of 8 July 2016 supplementing Regulation (EU) No 1316/2013 of the European Parliament and of the Council establishing the Connecting Europe Facility (Text with EEA relevance),L2,high,L2,0,4,4,86,1,0,0.166667
32017D0132,32017D0132,2017,Decision,Late 2010s,2010,COMMISSION IMPLEMENTING DECISION (EU) 2017/132 of 24 January 2017 concerning the applicability of Article 34 of Directive 2014/25/EU of the European Parliament and of the Council to contracts awarded for provision of airport infrastructure for cargo in Austria (notified under document C(2017) 260) (Only the German text is authentic) (Text with EEA relevance),L2,high,L2,0,15,15,92,0.3125,0,0.019048
32017R0981,32017R0981,2017,Regulation,Late 2010s,2010,"COMMISSION IMPLEMENTING REGULATION (EU) 2017/981 of 7 June 2017 laying down implementing technical standards with regard to standard forms, templates and procedures for the consultation of other competent authorities prior to granting an authorisation in accordance with Directive 2014/65/EU of the European Parliament and of the Council (Text with EEA relevance)",L2,high,L2,0,2,2,80,0.311111,0,0.5
32018R1999R(04),32018R1999,2018,Regulation,Late 2010s,2010,"Regulation (EU) 2018/1999 of the European Parliament and of the Council of 11 December 2018 on the Governance of the Energy Union and Climate Action, amending Regulations (EC) No 663/2009 and (EC) No 715/2009 of the European Parliament and of the Council, Directives 94/22/EC, 98/70/EC, 2009/31/EC, 2009/73/EC, 2010/31/EU, 2012/27/EU and 2013/30/EU of the European Parliament and of the Council, Council Directives 2009/119/EC and (EU) 2015/652 and repealing Regulation (EU) No 525/2013 of the European Parliament and of the Council (Text with EEA relevance.)",L1,high,L1,40,39,79,63,0.389189,6649.935395,0.078435
32019D0709,32019D0709,2019,Decision,Late 2010s,2010,Commission Implementing Decision (EU) 2019/709 of 6 May 2019 on the appointment of the network manager for air traffic management (ATM) network functions of the single European sky (notified under document C(2019) 3228),L2,high,L2,3,5,8,9,0.217998,719.738095,0.196429
32019R0924,32019R0924,2019,Regulation,Late 2010s,2010,Commission Implementing Regulation (EU) 2019/924 of 3 June 2019 concerning the classification of certain goods in the Combined Nomenclature,L2,high,L2,0,2,2,96,0.333333,0,0.5
32019R1140,32019R1140,2019,Regulation,Late 2010s,2010,Commission Implementing Regulation (EU) 2019/1140 of 3 July 2019 establishing models for the control reports and annual audit reports concerning financial instruments implemented by the EIB and other international financial institutions in which a Member State is a shareholder in accordance with Regulation (EU) No 1303/2013 of the European Parliament and of the Council,L2,high,L2,0,4,4,86,0.25814,0,0.5
32020D1502,32020D1502,2020,Decision,2020s,2020,Commission Decision (EU) 2020/1502 of 15 October 2020 laying down internal rules concerning the provision of information to data subjects and the restriction of certain of their rights in the context of the processing of personal data by the Commission in the cooperation mechanism established by Regulation (EU) 2019/452 of the European Parliament and of the Council,L1,high,L1,0,9,9,97,0.307018,0,0.208333
32020D1748,32020D1748,2020,Decision,2020s,2020,Council Decision (CFSP) 2020/1748 of 20 November 2020 amending Decision (CFSP) 2019/797 concerning restrictive measures against cyber-attacks threatening the Union or its Member States,L1,high,L1,0,2,2,96,1,0,0.5
32021L1047R(01),32021L1047,2021,Directive,2020s,2020,Commission Delegated Directive (EU) 2021/1047 of 5 March 2021 amending Directive 2009/43/EC of the European Parliament and of the Council as regards the updating of the list of defence-related products in line with the updated Common Military List of the European Union of 17 February 2020 (Text with EEA relevance),L2,high,L2,1,1,2,41,0,0,0
32021R0694,32021R0694,2021,Regulation,2020s,2020,Regulation (EU) 2021/694 of the European Parliament and of the Council of 29 April 2021 establishing the Digital Europe Programme and repealing Decision (EU) 2015/2240 (Text with EEA relevance),L1,high,L1,15,30,45,99,0.329002,3796.656772,0.111616
32021R1751,32021R1751,2021,Regulation,2020s,2020,Commission Implementing Regulation (EU) 2021/1751 of 1 October 2021 laying down implementing technical standards for the application of Directive 2014/59/EU of the European Parliament and of the Council with regard to uniform formats and templates for notifications of determination of the impracticability of including contractual recognition of write down and conversion powers (Text with EEA relevance),L2,high,L2,0,2,2,80,0.288,0,0.5
32021R2103,32021R2103,2021,Regulation,2020s,2020,"Commission Delegated Regulation (EU) 2021/2103 of 19 August 2021 laying down detailed rules on the operation of the web portal, pursuant to Article 49(6) of Regulation (EU) 2019/818 of the European Parliament and of the Council",L2,high,L2,0,13,13,97,0.268021,0,0.147436
32022D0706R(01),32022D0706,2022,Decision,2020s,2020,"Commission Implementing Decision (EU) 2022/706 of 5 May 2022 laying down rules for the application of Decision No 1313/2013/EU of the European Parliament and of the Council, as regards criteria and procedures for recognising long-standing commitment and extraordinary contributions to the Union Civil Protection Mechanism (notified under document C(2022) 2884) (Text with EEA relevance)",L2,high,L2,1,4,5,99,0.204545,0,0.333333
32022D0771,32022D0771,2022,Decision,2020s,2020,Commission Decision (EU) 2022/771 of 13 April 2022 on the consistency of the performance targets contained in the draft performance plan submitted by Estonia pursuant to Regulation (EC) No 549/2004 of the European Parliament and of the Council with the Union-wide performance targets for the third reference period (notified under document C(2022) 2292) (Only the Estonian text is authentic) (Text with EEA relevance),L1,high,L1,0,4,4,9,0.218702,0,0.333333
32022D0775,32022D0775,2022,Decision,2020s,2020,Commission Decision (EU) 2022/775 of 13 April 2022 on the consistency of the performance targets contained in the draft performance plan submitted by Hungary pursuant to Regulation (EC) No 549/2004 of the European Parliament and of the Council with the Union-wide performance targets for the third reference period (notified under document C(2022) 2298) (Only the Hungarian text is authentic) (Text with EEA relevance),L1,high,L1,0,4,4,9,0.218702,0,0.333333
32023D1059R(01),32023D1059,2023,Decision,2020s,2020,"Council Decision (EU) 2023/1059 of 25 May 2023 on the position to be adopted on behalf of the European Union within the Specialised Committee on Social Security Coordination established by the Trade and Cooperation Agreement between the European Union and the European Atomic Energy Community, of the one part, and the United Kingdom of Great Britain and Northern Ireland, of the other part, as regards the designation of the financial institution to serve as reference to determine the interest rate for late payments and the exchange rate for currency conversions, as well as the date to be taken into consideration for determining the rates of currency conversion",L1,high,L1,0,1,1,99,0.308511,0,0
32023D2669,32023D2669,2023,Decision,2020s,2020,Commission Implementing Decision (EU) 2023/2669 of 27 November 2023 amending Implementing Decision (EU) 2022/2191 as regards harmonised standards for wireless communication devices used next to the ear or in close proximity to the human body,L2,high,L2,0,2,2,92,0.298701,0,0.5
32023R0203,32023R0203,2023,Regulation,2020s,2020,"Commission Implementing Regulation (EU) 2023/203 of 27 October 2022 laying down rules for the application of Regulation (EU) 2018/1139 of the European Parliament and of the Council, as regards requirements for the management of information security risks with a potential impact on aviation safety for organisations covered by Commission Regulations (EU) No 1321/2014, (EU) No 965/2012, (EU) No 1178/2011, (EU) 2015/340, Commission Implementing Regulations (EU) 2017/373 and (EU) 2021/664, and for competent authorities covered by Commission Regulations (EU) No 748/2012, (EU) No 1321/2014, (EU) No 965/2012, (EU) No 1178/2011, (EU) 2015/340 and (EU) No 139/2014, Commission Implementing Regulations (EU) 2017/373 and (EU) 2021/664 and amending Commission Regulations (EU) No 1178/2011, (EU) No 748/2012, (EU) No 965/2012, (EU) No 139/2014, (EU) No 1321/2014, (EU) 2015/340, and Commission Implementing Regulations (EU) 2017/373 and (EU) 2021/664",L2,high,L2,3,14,17,9,0.274161,1574.394825,0.099265
32023R1804,32023R1804,2023,Regulation,2020s,2020,"Regulation (EU) 2023/1804 of the European Parliament and of the Council of 13 September 2023 on the deployment of alternative fuels infrastructure, and repealing Directive 2014/94/EU (Text with EEA relevance)",L1,high,L1,7,29,36,63,0.326275,2042.111323,0.089076
32023R2414,32023R2414,2023,Regulation,2020s,2020,Commission Implementing Regulation (EU) 2023/2414 of 25 October 2023 correcting Implementing Regulation (EU) 2023/1441 on detailed arrangements for the conduct of proceedings by the Commission pursuant to Regulation (EU) 2022/2560 of the European Parliament and of the Council on foreign subsidies distorting the internal market,L2,high,L2,0,1,1,92,0.260281,0,0
32024D2035,32024D2035,2024,Decision,2020s,2020,Commission Decision (EU) 2024/2035 of 29 July 2024 on the non-compliance of the unit rates for air navigation charges set by Italy for year 2024 (notified under document C(2024) 5240),L2,medium,L2,1,2,3,9,0.217998,0,0.5
31984R1890,31984R1890,1984,Regulation,Pre-Single European Act,1980,,L1,low,L1,3,5,8,57,0.857143,18,0.017857
31986Y1209(01),31986Y120901,1986,Legislative_Act,Pre-Single European Act,1980,,L1,medium,L1,1,6,7,19,1,6,0
31993R3604,31993R3604,1993,Regulation,1990s,1990,,L1,low,L1,0,0,0,42,0,0,0
31995D2717,31995D2717,1995,Decision,1990s,1990,,L2,low,L2,0,4,4,19,0.75,0,0
31995Y1219(03),31995Y121903,1995,Legislative_Act,1990s,1990,,L1,medium,L1,0,1,1,89,1,0,0
31999L0062,31999L0062,1999,Directive,1990s,1990,,L1,low,L1,11,10,21,89,0.75,278.433333,0.007143
32001R2580,32001R2580,2001,Regulation,Early 2000s,2000,,L1,low,L1,0,0,0,43,0,0,0
32002G0216(01),32002G021601,2002,Legislative_Act,Early 2000s,2000,,L1,medium,L1,0,2,2,98,0.6,0,0
32003D0668,32003D0668,2003,Decision,Early 2000s,2000,,L2,low,L2,0,3,3,19,0.714286,0,0.333333
32003D0777,32003D0777,2003,Decision,Early 2000s,2000,,L2,low,L2,0,2,2,19,1,0,0
32003L0051,32003L0051,2003,Directive,Early 2000s,2000,,L1,low,L1,2,9,11,80,0.695652,887.480219,0.090909
32004D0545,32004D0545,2004,Decision,Early 2000s,2000,COMMISSION DECISION of 8 July 2004 on the harmonisation of radio spectrum in the 79 GHz range for the use of automotive short-range radar equipment in the Community (notified under document number C(2004) 2591) (Text with EEA relevance) (2004/545/EC),L2,medium,L2,2,2,4,19,1,1.7,0.166667
32006L0038,32006L0038,2006,Directive,Late 2000s,2000,DIRECTIVE 2006/38/EC OF THE EUROPEAN PARLIAMENT AND OF THE COUNCIL of 17 May 2006 amending Directive 1999/62/EC on the charging of heavy goods vehicles for the use of certain infrastructures,L1,high,L1,3,7,10,89,0.520833,75,0.011111
32008D0014,32008D0014,2008,Decision,Late 2000s,2000,DECISION OF THE EUROPEAN CENTRAL BANK of 28 October 2008 on transitional provisions for the application of minimum reserves by the European Central Bank following the introduction of the euro in Slovakia (ECB/2008/14) (2008/892/EC),L2,low,L2,0,4,4,80,0.833333,0,0.083333
32008F0909R(03),32008F0909,2008,Legislative_Act,Late 2000s,2000,COUNCIL FRAMEWORK DECISION 2008/909/JHA of 27 November 2008 on the application of the principle of mutual recognition to judgments in criminal matters imposing custodial sentences or measures involving deprivation of liberty for the purpose of their enforcement in the European Union,L1,high,L1,8,11,19,97,0.588235,195.873016,0.147059
32008H0653,32008H0653,2008,Legislative_Act,Late 2000s,2000,COMMISSION RECOMMENDATION of 26 May 2008 on safe and efficient in-vehicle information and communication systems: update of the European Statement of Principles on human-machine interface (notified under document number C(2008) 1742) (2008/653/EC),L3,high,L3,0,1,1,95,1,0,0
32009D0516,32009D0516,2009,Decision,Late 2000s,2000,COUNCIL DECISION of 22 June 2009 on the conclusion of the Agreement between the European Community and the Government of the Republic of India on certain aspects of air services (2009/516/EC),L1,high,L1,0,2,2,98,1,0,0
32009D0517,32009D0517,2009,Decision,Late 2000s,2000,COUNCIL DECISION of 22 June 2009 on the conclusion of the Agreement between the European Community and the Islamic Republic of Pakistan on certain aspects of air services (2009/517/EC),L1,high,L1,0,3,3,98,1,0,0.333333
32009L0110R(01),32009L0110,2009,Directive,Late 2000s,2000,"DIRECTIVE 2009/110/EC OF THE EUROPEAN PARLIAMENT AND OF THE COUNCIL of 16 September 2009 on the taking up, pursuit and prudential supervision of the business of electronic money institutions amending Directives 2005/60/EC and 2006/48/EC and repealing Directive 2000/46/EC (Text with EEA relevance)",L1,high,L1,0,1,1,80,0.529412,0,0
32011H0024,32011H0024,2011,Legislative_Act,Early 2010s,2010,COMMISSION RECOMMENDATION of 11 January 2011 on the certification of defence undertakings under Article 9 of Directive 2009/43/EC of the European Parliament and of the Council simplifying terms and conditions of transfers of defence-related products within the Community (Text with EEA relevance) (2011/24/EU),L1,high,L1,0,2,2,97,1,0,0
32011R1332,32011R1332,2011,Regulation,Early 2010s,2010,COMMISSION REGULATION (EU) No 1332/2011 of 16 December 2011 laying down common airspace usage requirements and operating procedures for airborne collision avoidance (Text with EEA relevance),L2,medium,L2,3,2,5,9,1,1.7,0.05
32012L0034R(05),32012L0034,2012,Directive,Early 2010s,2010,DIRECTIVE 2012/34/EU OF THE EUROPEAN PARLIAMENT AND OF THE COUNCIL of 21 November 2012 establishing a single European railway area (recast) (Text with EEA relevance),L1,high,L1,29,26,55,89,0.552632,6849.112891,0.047869
32013D1313,32013D1313,2013,Decision,Early 2010s,2010,DECISION No 1313/2013/EU OF THE EUROPEAN PARLIAMENT AND OF THE COUNCIL of 17 December 2013 on a Union Civil Protection Mechanism (Text with EEA relevance),L1,high,L1,0,0,0,44,0,0,0
32013R0152,32013R0152,2013,Regulation,Early 2010s,2010,COMMISSION DELEGATED REGULATION (EU) No 152/2013 of 19 December 2012 supplementing Regulation (EU) No 648/2012 of the European Parliament and of the Council with regard to regulatory technical standards on capital requirements for central counterparties (Text with EEA relevance),L2,high,L2,5,8,13,80,0.303571,59.802814,0.160256
32013R0462R(01),32013R0462,2013,Regulation,Early 2010s,2010,REGULATION (EU) No 462/2013 OF THE EUROPEAN PARLIAMENT AND OF THE COUNCIL of 21 May 2013 amending Regulation (EC) No 1060/2009 on credit rating agencies (Text with EEA relevance),L1,high,L1,7,13,20,80,0.318493,324.777994,0.140351
32014D0415R(03),32014D0415,2014,Decision,Early 2010s,2010,COUNCIL DECISION of 24 June 2014 on the arrangements for the implementation by the Union of the solidarity clause (2014/415/EU),L1,high,L1,0,1,1,99,0.306931,0,0
32014R0909R(04),32014R0909,2014,Regulation,Early 2010s,2010,REGULATION (EU) No 909/2014 OF THE EUROPEAN PARLIAMENT AND OF THE COUNCIL of 23 July 2014 on improving securities settlement in the European Union and on central securities depositories and amending Directives 98/26/EC and 2014/65/EU and Regulation (EU) No 236/2012 (Text with EEA relevance),L1,high,L1,0,1,1,80,0.263221,0,0
32015L0849,32015L0849,2015,Directive,Late 2010s,2010,"DIRECTIVE (EU) 2015/849 OF THE EUROPEAN PARLIAMENT AND OF THE COUNCIL of 20 May 2015 on the prevention of the use of the financial system for the purposes of money laundering or terrorist financing, amending Regulation (EU) No 648/2012 of the European Parliament and of the Council, and repealing Directive 2005/60/EC of the European Parliament and of the Council and Commission Directive 2006/70/EC (Text with EEA relevance)",L1,high,L1,0,0,0,45,0,0,0
32015L2366R(03),32015L2366,2015,Directive,Late 2010s,2010,"DIRECTIVE (EU) 2015/2366 OF THE EUROPEAN PARLIAMENT AND OF THE COUNCIL of 25 November 2015 on payment services in the internal market, amending Directives 2002/65/EC, 2009/110/EC and 2013/36/EU and Regulation (EU) No 1093/2010, and repealing Directive 2007/64/EC (Text with EEA relevance)",L1,high,L1,0,1,1,80,0.274118,0,0
32016R1013,32016R1013,2016,Regulation,Late 2010s,2010,"REGULATION (EU) 2016/1013 OF THE EUROPEAN PARLIAMENT AND OF THE COUNCIL of 8 June 2016 amending Regulation (EC) No 184/2005 on Community statistics concerning balance of payments, international trade in services and foreign direct investment (Text with EEA relevance)",L1,high,L1,0,11,11,99,0.322476,0,0.018182
32016R1375R(02),32016R1375,2016,Regulation,Late 2010s,2010,COMMISSION IMPLEMENTING REGULATION (EU) 2016/1375 of 29 July 2016 amending Council Regulation (EU) No 267/2012 concerning restrictive measures against Iran,L2,high,L2,0,1,1,96,0.241042,0,0
32017D0899R(03),32017D0899,2017,Decision,Late 2010s,2010,DECISION (EU) 2017/899 OF THE EUROPEAN PARLIAMENT AND OF THE COUNCIL of 17 May 2017 on the use of the 470-790 MHz frequency band in the Union,L2,low,L2,2,8,10,89,0.392857,0,0.236111
32017D2075R(01),32017D2075,2017,Decision,Late 2010s,2010,COMMISSION DELEGATED DECISION (EU) 2017/2075 of 4 September 2017 replacing Annex VII to Directive 2012/34/EU of the European Parliament and of the Council establishing a single European railway area (Text with EEA relevance),L2,high,L2,2,2,4,89,0.359551,2.099867,0.333333
32018D1797R(01),32018D1797,2018,Decision,Late 2010s,2010,Council Decision (CFSP) 2018/1797 of 19 November 2018 amending and updating Decision (CFSP) 2018/340 establishing the list of projects to be developed under PESCO,L1,high,L1,6,4,10,77,0.307229,65.15,0.305556
32018R1973,32018R1973,2018,Regulation,Late 2010s,2010,Commission Implementing Regulation (EU) 2018/1973 of 7 December 2018 amending Implementing Regulation (EU) No 909/2013 on the technical specifications for the electronic chart display and information system for inland navigation (Inland ECDIS) referred to in Directive 2005/44/EC of the European Parliament and of the Council,L2,high,L2,0,3,3,98,0.44,0,0.5
32019R1148R(03),32019R1148,2019,Regulation,Late 2010s,2010,"Regulation (EU) 2019/1148 of the European Parliament and of the Council of 20 June 2019 on the marketing and use of explosives precursors, amending Regulation (EC) No 1907/2006 and repealing Regulation (EU) No 98/2013 (Text with EEA relevance)",L1,high,L1,3,17,20,92,0.284109,750.473622,0.076023
32020R1056R(02),32020R1056,2020,Regulation,2020s,2020,Regulation (EU) 2020/1056 of the European Parliament and of the Council of 15 July 2020 on electronic freight transport information (Text with EEA relevance),L1,high,L1,7,18,25,92,0.274424,1134.233409,0.110507
32021R0453R(01),32021R0453,2021,Regulation,2020s,2020,Commission Implementing Regulation (EU) 2021/453 of 15 March 2021 laying down implementing technical standards for the application of Regulation (EU) No 575/2013 of the European Parliament and of the Council with regard to the specific reporting requirements for market risk (Text with EEA relevance),L2,high,L2,0,1,1,80,0.208428,0,0
32021R1232,32021R1232,2021,Regulation,2020s,2020,Regulation (EU) 2021/1232 of the European Parliament and of the Council of 14 July 2021 on a temporary derogation from certain provisions of Directive 2002/58/EC as regards the use of technologies by providers of number-independent interpersonal communications services for the processing of personal and other data for the purpose of combating online child sexual abuse (Text with EEA relevance),L1,high,L1,3,13,16,97,0.272555,462.649822,0.125
32021Y0827(01),32021Y082701,2021,Legislative_Act,2020s,2020,,L1,medium,L1,0,9,9,80,0.270528,0,0.236111
32022D2354,32022D2354,2022,Decision,2020s,2020,Council Decision (CFSP) 2022/2354 of 1 December 2022 on an assistance measure under the European Peace Facility to support the deployment of the Rwanda Defence Force in Mozambique,L1,high,L1,0,5,5,77,0.195501,0,0.2
32022R2301,32022R2301,2022,Regulation,2020s,2020,Commission Implementing Regulation (EU) 2022/2301 of 23 November 2022 setting the filling trajectory with intermediary targets for 2023 for each Member State with underground gas storage facilities on its territory and directly interconnected to its market area (Text with EEA relevance),L2,high,L2,0,3,3,63,0.201659,0,0.166667
32023D0855R(01),32023D0855,2023,Decision,2020s,2020,Council Decision (CFSP) 2023/855 of 24 April 2023 on a European Union Partnership Mission in Moldova (EUPM Moldova),L1,high,L1,1,10,11,77,0.846154,0,0.111111
32023L2843,32023L2843,2023,Directive,2020s,2020,"Directive (EU) 2023/2843 of the European Parliament and of the Council of 13 December 2023 amending Directives 2011/99/EU and 2014/41/EU of the European Parliament and of the Council, Council Directive 2003/8/EC and Council Framework Decisions 2002/584/JHA, 2003/577/JHA, 2005/214/JHA, 2006/783/JHA, 2008/909/JHA, 2008/947/JHA, 2009/829/JHA and 2009/948/JHA, as regards digitalisation of judicial cooperation",L1,high,L1,1,18,19,97,0.256911,518.266667,0.090643
32024Q02022,32024Q02022,2024,Legislative_Act,2020s,2020,Decision of the European Data Protection Supervisor of 18 July 2024 amending the Rules of Procedure of the EDPS of 15 May 2020 [2024/2022],L1,medium,L1,0,6,6,97,0.265353,0,0.266667
32024R3014,32024R3014,2024,Regulation,2020s,2020,Commission Implementing Regulation (EU) 2024/3014 of 13 December 2024 imposing a definitive anti-dumping duty and definitively collecting the provisional duty imposed on imports of optical fibre cables originating in India,L2,high,L2,0,5,5,96,0.186308,0,0.05
32024R3143,32024R3143,2024,Regulation,2020s,2020,"Commission Implementing Regulation (EU) 2024/3143 of 18 December 2024 establishing the circumstances, formats and procedures for notifications pursuant to Article 61(5) of Regulation (EU) 2019/881 of the European Parliament and of the Council on ENISA (the European Union Agency for Cybersecurity) and on information and communications technology cybersecurity certification",L2,high,L2,1,3,4,92,0.238894,3.5,0.166667
32025D0554,32025D0554,2025,Decision,2020s,2020,"Council Decision (EU) 2025/554 of 11 March 2025 on the position to be adopted, on behalf of the European Union, within the EEA Joint Committee concerning an amendment to Protocol 31 to the EEA Agreement, on cooperation in specific fields outside the four freedoms (GOVSATCOM and Secure Connectivity) (Text with EEA relevance)",L1,high,L1,0,2,2,99,1,0,0
31973H0304,31973H0304,1973,Legislative_Act,Pre-Single European Act,1970,,L1,medium,L1,0,2,2,89,1,0,0
31975Y0709(03),31975Y070903,1975,Legislative_Act,Pre-Single European Act,1970,,L1,medium,L1,4,0,4,19,0,0,0
31985D0535,31985D0535,1985,Decision,Pre-Single European Act,1980,,L2,low,L2,0,1,1,57,0.5,0,0
31991Y1214(01),31991Y121401,1991,Legislative_Act,Pre-Maastricht,1990,,L1,medium,L1,0,1,1,19,1,0,0
31994Y0216(01),31994Y021601,1994,Legislative_Act,1990s,1990,,L1,medium,L1,0,2,2,19,1,0,0
31999D0170,31999D0170,1999,Decision,1990s,1990,,L2,low,L2,0,7,7,63,1,0,0
31999D0321,31999D0321,1999,Decision,1990s,1990,,L2,low,L2,0,2,2,97,1,0,0
32002L0058,32002L0058,2002,Directive,Early 2000s,2000,,L1,low,L1,0,0,0,46,0,0,0
32004D0739,32004D0739,2004,Decision,Early 2000s,2000,POLITICAL AND SECURITY COMMITTEE DECISION BiH/3/2004 of 29 September 2004 on the setting-up of the Committee of Contributors for the European Union military operation in Bosnia and Herzegovina (2004/739/CFSP),L2,low,L2,4,2,6,97,1,5,0.066667
32005L0082,32005L0082,2005,Directive,Late 2000s,2000,DIRECTIVE 2005/82/EC OF THE EUROPEAN PARLIAMENT AND OF THE COUNCIL of 14 December 2005 repealing Council Directive 90/544/EEC on the frequency bands designated for the coordinated introduction of pan-European land-based public radio paging in the Community (Text with EEA relevance),L1,high,L1,0,3,3,92,1,0,0
32008H0295,32008H0295,2008,Legislative_Act,Late 2000s,2000,COMMISSION RECOMMENDATION of 7 April 2008 on authorisation of mobile communication services on aircraft (MCA services) in the European Community (notified under document number C(2008) 1257) (Text with EEA relevance) (2008/295/EC),L3,high,L3,0,5,5,19,0.466667,0,0.1
32009D0513,32009D0513,2009,Decision,Late 2000s,2000,COUNCIL DECISION of 22 June 2009 on the conclusion of the Agreement between the European Community and the Republic of Armenia on certain aspects of air services (2009/513/EC),L1,high,L1,0,2,2,98,1,0,0
32009D0514,32009D0514,2009,Decision,Late 2000s,2000,COUNCIL DECISION of 22 June 2009 on the conclusion of the Agreement between the European Community and the Government of Nepal on certain aspects of air services (2009/514/EC),L1,high,L1,0,2,2,98,1,0,0
32009L0110R(02),32009L0110,2009,Directive,Late 2000s,2000,"DIRECTIVE 2009/110/EC OF THE EUROPEAN PARLIAMENT AND OF THE COUNCIL of 16 September 2009 on the taking up, pursuit and prudential supervision of the business of electronic money institutions amending Directives 2005/60/EC and 2006/48/EC and repealing Directive 2000/46/EC (Text with EEA relevance)",L1,high,L1,0,1,1,80,0.529412,0,0
32009L0114R(01),32009L0114,2009,Directive,Late 2000s,2000,DIRECTIVE 2009/114/EC OF THE EUROPEAN PARLIAMENT AND OF THE COUNCIL of 16 September 2009 amending Council Directive 87/372/EEC on the frequency bands to be reserved for the coordinated introduction of public pan-European cellular digital land-based mobile communications in the Community (Text with EEA relevance),L1,high,L1,2,6,8,19,0.55,2.5,0.166667
32009R0545,32009R0545,2009,Regulation,Late 2000s,2000,REGULATION (EC) No 545/2009 OF THE EUROPEAN PARLIAMENT AND OF THE COUNCIL of 18 June 2009 amending Regulation (EEC) No 95/93 on common rules for the allocation of slots at Community airports,L1,high,L1,0,1,1,98,1,0,0
32011D0005(01),32011D000501,2011,Decision,Early 2010s,2010,,L2,low,L2,0,4,4,92,1,0,0
32012L0047,32012L0047,2012,Directive,Early 2010s,2010,COMMISSION DIRECTIVE 2012/47/EU of 14 December 2012 amending Directive 2009/43/EC of the European Parliament and of the Council as regards the list of defence-related products (Text with EEA relevance),L1,high,L1,0,1,1,50,1,0,0
32013H0466,32013H0466,2013,Legislative_Act,Early 2010s,2010,COMMISSION RECOMMENDATION of 11 September 2013 on consistent non-discrimination obligations and costing methodologies to promote competition and enhance the broadband investment environment (2013/466/EU),L3,high,L3,1,4,5,19,1,168,0.15
32015D0750,32015D0750,2015,Decision,Late 2010s,2010,COMMISSION IMPLEMENTING DECISION (EU) 2015/750 of 8 May 2015 on the harmonisation of the 1 452-1 492 MHz frequency band for terrestrial systems capable of providing electronic communications services in the Union (notified under document C(2015) 3061) (Text with EEA relevance),L2,high,L2,1,1,2,19,0.363636,0,0.5
32015R1014,32015R1014,2015,Regulation,Late 2010s,2010,COMMISSION IMPLEMENTING REGULATION (EU) 2015/1014 of 25 June 2015 amending Regulation (EC) No 474/2006 establishing the Community list of air carriers which are subject to an operating ban within the Community (Text with EEA relevance),L2,high,L2,0,8,8,9,0.607143,0,0.214286
32016L0882,32016L0882,2016,Directive,Late 2010s,2010,COMMISSION DIRECTIVE (EU) 2016/882 of 1 June 2016 amending Directive 2007/59/EC of the European Parliament and of the Council as regards language requirements (Text with EEA relevance),L1,high,L1,0,0,0,47,0,0,0
32017D2162,32017D2162,2017,Decision,Late 2010s,2010,COUNCIL DECISION (CFSP) 2017/2162 of 20 November 2017 amending Decision 2013/233/CFSP on the European Union Integrated Border Management Assistance Mission in Libya (EUBAM Libya),L1,high,L1,1,6,7,77,0.714286,2,0.166667
32017R1800R(01),32017R1800,2017,Regulation,Late 2010s,2010,COMMISSION DELEGATED REGULATION (EU) 2017/1800 of 29 June 2017 amending Delegated Regulation (EU) No 151/2013 supplementing Regulation (EU) No 648/2012 of the European Parliament and of the Council (Text with EEA relevance),L2,high,L2,1,5,6,80,0.301031,0,0.35
32018R1971,32018R1971,2018,Regulation,Late 2010s,2010,"Regulation (EU) 2018/1971 of the European Parliament and of the Council of 11 December 2018 establishing the Body of European Regulators for Electronic Communications (BEREC) and the Agency for Support for BEREC (BEREC Office), amending Regulation (EU) 2015/2120 and repealing Regulation (EC) No 1211/2009 (Text with EEA relevance)",L1,high,L1,0,0,0,48,0,0,0
32019D1909R(01),32019D1909,2019,Decision,Late 2010s,2010,Council Decision (CFSP) 2019/1909 of 12 November 2019 amending and updating Decision (CFSP) 2018/340 establishing the list of projects to be developed under PESCO,L1,high,L1,0,1,1,77,0.243243,0,0
32019R0503R(01),32019R0503,2019,Regulation,Late 2010s,2010,Regulation (EU) 2019/503 of the European Parliament and of the Council of 25 March 2019 on certain aspects of railway safety and connectivity with regard to the withdrawal of the United Kingdom from the Union (Text with EEA relevance.),L1,high,L1,1,14,15,99,0.265403,0,0.120879
32020D0117,32020D0117,2020,Decision,2020s,2020,Council Decision (CFSP) 2020/117 of 27 January 2020 amending Decision 2011/72/CFSP concerning restrictive measures directed against certain persons and entities in view of the situation in Tunisia,L1,high,L1,0,1,1,96,1,0,0
32020D0373,32020D0373,2020,Decision,2020s,2020,"Council Decision (CFSP) 2020/373 of 5 March 2020 amending Decision 2014/119/CFSP concerning restrictive measures directed against certain persons, entities and bodies in view of the situation in Ukraine",L1,high,L1,1,2,3,96,0.75,3,0
32020D0522,32020D0522,2020,Decision,2020s,2020,Council Decision (EU) 2020/522 of 7 April 2020 on the position to be taken on behalf of the European Union within the Regional Steering Committee of the Transport Community as regards certain budgetary matters in relation to the implementation of the Treaty establishing the Transport Community,L1,high,L1,0,5,5,99,1,0,0
32020D1746R(01),32020D1746,2020,Decision,2020s,2020,Council Decision (CFSP) 2020/1746 of 20 November 2020 amending and updating Decision (CFSP) 2018/340 establishing the list of projects to be developed under PESCO,L1,high,L1,2,7,9,77,0.319527,0,0.392857
32020D2187,32020D2187,2020,Decision,2020s,2020,Council Decision (EU) 2020/2187 of 22 December 2020 on the position to be taken on behalf of the European Union within the Regional Steering Committee of the Transport Community as regards the adoption of the budget of the Transport Community for 2021,L1,high,L1,0,3,3,99,1,0,0
32020D2252R(03),32020D2252,2020,Decision,2020s,2020,"Council Decision (EU) 2020/2252 of 29 December 2020 on the signing, on behalf of the Union, and on provisional application of the Trade and Cooperation Agreement between the European Union and the European Atomic Energy Community, of the one part, and the United Kingdom of Great Britain and Northern Ireland, of the other part, and of the Agreement between the European Union and the United Kingdom of Great Britain and Northern Ireland concerning security procedures for exchanging and protecting classified information",L1,high,L1,0,1,1,99,0.346667,0,0
32021D2136,32021D2136,2021,Decision,2020s,2020,Council Decision (CFSP) 2021/2136 of 2 December 2021 on an Assistance Measure under the European Peace Facility to support the Armed Forces of the Republic of Moldova,L1,high,L1,3,5,8,77,0.195501,0,0.392857
32021R0391,32021R0391,2021,Regulation,2020s,2020,"Council Implementing Regulation (EU) 2021/391 of 4 March 2021 implementing Regulation (EU) No 208/2014 concerning restrictive measures directed against certain persons, entities and bodies in view of the situation in Ukraine",L2,high,L2,0,1,1,96,0.5,0,0
32021R2289,32021R2289,2021,Regulation,2020s,2020,Commission Implementing Regulation (EU) 2021/2289 of 21 December 2021 laying down rules for the application of Regulation (EU) 2021/2115 of the European Parliament and of the Council on the presentation of the content of the CAP Strategic Plans and on the electronic system for the secure exchange of information,L2,high,L2,2,2,4,86,0.241352,6.061068,0.166667
32022D2269,32022D2269,2022,Decision,2020s,2020,Council Decision (CFSP) 2022/2269 of 18 November 2022 on Union support for the implementation of a project ‘Promoting Responsible Innovation in Artificial Intelligence for Peace and Security’,L1,high,L1,0,2,2,77,1,0,0
32023D0273,32023D0273,2023,Decision,2020s,2020,"Council Decision (EU) 2023/273 of 30 January 2023 on the position to be adopted, on behalf of the European Union, within the EEA Joint Committee concerning an amendment to Protocol 31 to the EEA Agreement, on cooperation in specific fields outside the four freedoms (Cybersecurity Centre) (Text with EEA relevance)",L1,high,L1,0,3,3,99,1,0,0
32023R2844,32023R2844,2023,Regulation,2020s,2020,"Regulation (EU) 2023/2844 of the European Parliament and of the Council of 13 December 2023 on the digitalisation of judicial cooperation and access to justice in cross-border civil, commercial and criminal matters, and amending certain acts in the field of judicial cooperation",L1,high,L1,3,42,45,97,0.335835,1716.324179,0.073232
32024D0789,32024D0789,2024,Decision,2020s,2020,"Commission Decision (EU) 2024/789 of 6 March 2024 on confirming the participation of Ireland in Regulation (EU) 2023/2844 of the European Parliament and of the Council on the digitalisation of judicial cooperation and access to justice in cross-border civil, commercial and criminal matters",L1,high,L1,0,9,9,97,0.257293,0,0.180556
32024D0876,32024D0876,2024,Decision,2020s,2020,"Council Decision (EU) 2024/876 of 4 March 2024 on the position to be adopted, on behalf of the European Union, within the EEA Joint Committee concerning an amendment to Protocol 31 to the EEA Agreement, on cooperation in specific fields outside the four freedoms (ASAP)",L1,high,L1,0,3,3,99,1,0,0
32024D3157,32024D3157,2024,Decision,2020s,2020,Commission Implementing Decision (EU) 2024/3157 of 17 December 2024 amending Implementing Decision (EU) 2021/1067 on the harmonised use of radio spectrum in the 5 945–6 425 MHz frequency band for the implementation of wireless access systems including radio local area networks (WAS/RLANs) (notified under document C(2024) 8803),L2,high,L2,0,0,0,49,0,0,0
32024R1706,32024R1706,2024,Regulation,2020s,2020,Commission Delegated Regulation (EU) 2024/1706 of 11 March 2024 amending Delegated Regulation (EU) No 272/2012 as regards harmonisation of certain aspects of fees charged by the European Securities and Markets Authority to credit rating agencies,L2,high,L2,0,4,4,80,0.228609,0,0.166667
32025D0543,32025D0543,2025,Decision,2020s,2020,Commission Decision (EU) 2025/543 of 19 March 2025 on the compliance of the revised unit rates for air navigation charges set by Italy for year 2024 (notified under document C(2025) 1624),L2,medium,L2,0,3,3,9,0.218605,0,0.5
32025D1057,32025D1057,2025,Decision,2020s,2020,Commission Decision (EU) 2025/1057 of 19 May 2025 on the consistency of the performance targets included in the draft performance plan submitted by Austria pursuant to Regulation (EC) No 549/2004 of the European Parliament and of the Council with the Union-wide performance targets for the fourth reference period of the Single European Sky performance and charging scheme (notified under document C(2025) 3006),L1,high,L1,0,5,5,9,0.203936,0,0.5
31981Y0313(02),31981Y031302,1981,Legislative_Act,Pre-Single European Act,1980,,L1,medium,L1,0,5,5,87,1,0,0
31983H0251,31983H0251,1983,Legislative_Act,Pre-Single European Act,1980,,L1,medium,L1,0,1,1,19,1,0,0
31985D0524,31985D0524,1985,Decision,Pre-Single European Act,1980,,L2,low,L2,0,2,2,57,1,0,0
31996R1356,31996R1356,1996,Regulation,1990s,1990,,L1,low,L1,0,2,2,89,1,0,0
31997D0039,31997D0039,1997,Decision,1990s,1990,,L2,low,L2,0,3,3,89,0.636364,0,0
31997D0522,31997D0522,1997,Decision,1990s,1990,,L2,low,L2,0,4,4,19,1,0,0
31997D0607,31997D0607,1997,Decision,1990s,1990,,L2,low,L2,0,13,13,19,0.772727,0,0.051282
31998D0537,31998D0537,1998,Decision,1990s,1990,,L2,low,L2,0,3,3,63,0.551724,0,0.333333
31998H0511,31998H0511,1998,Legislative_Act,1990s,1990,,L1,medium,L1,0,2,2,19,1,0,0
31998R1718,31998R1718,1998,Regulation,1990s,1990,,L1,low,L1,1,1,2,96,1,0,0.5
32000Y1002(01),32000Y100201,2000,Legislative_Act,Early 2000s,2000,,L1,medium,L1,0,7,7,57,1,0,0
32003D0792,32003D0792,2003,Decision,Early 2000s,2000,,L2,low,L2,0,1,1,19,1,0,0
32004G0113(01),32004G011301,2004,Legislative_Act,Early 2000s,2000,,L1,medium,L1,0,2,2,98,1,0,0
32007D0344,32007D0344,2007,Decision,Late 2000s,2000,COMMISSION DECISION of 16 May 2007 on harmonised availability of information regarding spectrum use within the Community (notified under document number C(2007) 2085) (Text with EEA relevance) (2007/344/EC),L2,medium,L2,5,4,9,19,0.611111,182.875595,0.180556
32010L0080,32010L0080,2010,Directive,Early 2010s,2010,COMMISSION DIRECTIVE 2010/80/EU of 22 November 2010 amending Directive 2009/43/EC of the European Parliament and of the Council as regards the list of defence-related products (Text with EEA relevance),L1,high,L1,1,0,1,50,0,0,0
32010R0913R(02),32010R0913,2010,Regulation,Early 2010s,2010,REGULATION (EU) No 913/2010 OF THE EUROPEAN PARLIAMENT AND OF THE COUNCIL of 22 September 2010 concerning a European rail network for competitive freight (Text with EEA relevance),L1,high,L1,10,9,19,9,0.9,824.832626,0.088235
32012A0612(01),32012A061201,2012,Legislative_Act,Early 2010s,2010,,L1,medium,L1,0,1,1,51,1,0,0
32012R1249,32012R1249,2012,Regulation,Early 2010s,2010,"COMMISSION IMPLEMENTING REGULATION (EU) No 1249/2012 of 19 December 2012 laying down implementing technical standards with regard to the format of the records to be maintained by central counterparties according to Regulation (EU) No 648/2012 of the European Parliament and of the Council on OTC derivatives, central counterparties and trade repositories (Text with EEA relevance)",L2,high,L2,2,2,4,80,0.295011,15.341342,0.333333
32013D0233R(03),32013D0233,2013,Decision,Early 2010s,2010,COUNCIL DECISION 2013/233/CFSP of 22 May 2013 on the European Union Integrated Border Management Assistance Mission in Libya (EUBAM Libya),L1,high,L1,13,5,18,77,1,44.5,0.113971
32013D0719,32013D0719,2013,Decision,Early 2010s,2010,COMMISSION DECISION of 16 November 2012 State aid SA.33305 (2012/C) and SA.29832 (2012/C) implemented by Netherlands for ING (notified under document C(2012) 8238) (Only the English text is authentic) (Text with EEA relevance) (2013/719/EU),L2,medium,L2,0,5,5,80,0.405405,0,0
32013H0730(23)R(01),32013H073023,2013,Legislative_Act,Early 2010s,2010,,L1,medium,L1,0,1,1,86,0.5,0,0
32014D0017,32014D0017,2014,Decision,Early 2010s,2010,POLITICAL AND SECURITY COMMITTEE DECISION EUBAM LIBYA/2/2014 of 14 January 2014 on the acceptance of third States' contributions to the European Union Integrated Border Management Assistance Mission in Libya (EUBAM Libya) (2014/17/CFSP),L2,low,L2,2,2,4,80,0.6,10,0
32014D0188,32014D0188,2014,Decision,Early 2010s,2010,COMMISSION IMPLEMENTING DECISION of 3 April 2014 on the identification of ICT technical specifications eligible for referencing in public procurement (notified under document C(2014) 2120) (2014/188/EU),L2,high,L2,0,2,2,92,0.270103,0,0
32014R0909R(01),32014R0909,2014,Regulation,Early 2010s,2010,REGULATION (EU) No 909/2014 OF THE EUROPEAN PARLIAMENT AND OF THE COUNCIL of 23 July 2014 on improving securities settlement in the European Union and on central securities depositories and amending Directives 98/26/EC and 2014/65/EU and Regulation (EU) No 236/2012 (Text with EEA relevance),L1,high,L1,0,1,1,80,0.263221,0,0
32015D1960,32015D1960,2015,Decision,Late 2010s,2010,COMMISSION IMPLEMENTING DECISION (EU) 2015/1960 of 29 October 2015 on the establishment of the annual priority lists for 2016 for the development of network codes and guidelines (Text with EEA relevance),L2,high,L2,0,6,6,63,1,0,0
32015R1973,32015R1973,2015,Regulation,Late 2010s,2010,"COMMISSION DELEGATED REGULATION (EU) 2015/1973 of 8 July 2015 supplementing Regulation (EU) No 514/2014 of the European Parliament and of the Council with specific provisions on the reporting of irregularities concerning the Asylum, Migration and Integration Fund and the instrument for financial support for police cooperation, preventing and combating crime, and crisis management",L2,high,L2,2,8,10,86,0.262781,2.333333,0.236111
32016D2317,32016D2317,2016,Decision,Late 2010s,2010,"COMMISSION IMPLEMENTING DECISION (EU) 2016/2317 of 16 December 2016 amending Decision 2008/294/EC and Implementing Decision 2013/654/EU, in order to simplify the operation of mobile communications on board aircraft (MCA services) in the Union (notified under document C(2016) 8413) (Text with EEA relevance)",L2,high,L2,0,1,1,54,1,0,0
32016R0005,32016R0005,2016,Regulation,Late 2010s,2010,COMMISSION REGULATION (EU) 2016/5 of 5 January 2016 amending Regulation (EU) No 748/2012 as regards the implementation of essential requirements for environmental protection (Text with EEA relevance),L2,medium,L2,0,2,2,9,1,0,0.5
32017R1084R(03),32017R1084,2017,Regulation,Late 2010s,2010,"COMMISSION REGULATION (EU) 2017/1084 of 14 June 2017 amending Regulation (EU) No 651/2014 as regards aid for port and airport infrastructure, notification thresholds for aid for culture and heritage conservation and for aid for sport and multifunctional recreational infrastructures, and regional operating aid schemes for outermost regions and amending Regulation (EU) No 702/2014 as regards the calculation of eligible costs (Text with EEA relevance)",L2,medium,L2,0,1,1,86,0.234192,0,0
32018D0661R(02),32018D0661,2018,Decision,Late 2010s,2010,COMMISSION IMPLEMENTING DECISION (EU) 2018/661 of 26 April 2018 amending Implementing Decision (EU) 2015/750 on the harmonisation of the 1 452-1 492 MHz frequency band for terrestrial systems capable of providing electronic communications services in the Union as regards its extension in the harmonised 1 427-1 452 MHz and 1 492-1 517 MHz frequency bands (notified under document C(2018) 2286) (Text with EEA relevance),L2,high,L2,2,4,6,19,0.275439,157,0.25
32018R1971R(01),32018R1971,2018,Regulation,Late 2010s,2010,"Regulation (EU) 2018/1971 of the European Parliament and of the Council of 11 December 2018 establishing the Body of European Regulators for Electronic Communications (BEREC) and the Agency for Support for BEREC (BEREC Office), amending Regulation (EU) 2015/2120 and repealing Regulation (EC) No 1211/2009 (Text with EEA relevance)",L1,high,L1,8,27,35,97,0.27406,4680.096108,0.052083
32019D0785R(01),32019D0785,2019,Decision,Late 2010s,2010,Commission Implementing Decision (EU) 2019/785 of 14 May 2019 on the harmonisation of radio spectrum for equipment using ultra-wideband technology in the Union and repealing Decision 2007/131/EC (notified under document C(2019) 3461) (Text with EEA relevance.),L2,high,L2,0,1,1,19,0.545455,0,0
32019L0514,32019L0514,2019,Directive,Late 2010s,2010,Commission Directive (EU) 2019/514 of 14 March 2019 amending Directive 2009/43/EC of the European Parliament and of the Council as regards the list of defence-related products (Text with EEA relevance.),L1,high,L1,0,0,0,52,0,0,0
32019R0320,32019R0320,2019,Regulation,Late 2010s,2010,Commission Delegated Regulation (EU) 2019/320 of 12 December 2018 supplementing of Directive 2014/53/EU of the European Parliament and of the Council with regard to the application of the essential requirements referred to in Article 3(3)(g) of that Directive in order to ensure caller location in emergency communications from mobile devices,L2,high,L2,0,4,4,92,0.301724,0,0.083333
32020R1536,32020R1536,2020,Regulation,2020s,2020,Council Implementing Regulation (EU) 2020/1536 of 22 October 2020 of implementing Regulation (EU) 2019/796 concerning restrictive measures against cyber-attacks threatening the Union or its Member States,L2,high,L2,1,1,2,96,0.198521,349,0
32021R0453,32021R0453,2021,Regulation,2020s,2020,Commission Implementing Regulation (EU) 2021/453 of 15 March 2021 laying down implementing technical standards for the application of Regulation (EU) No 575/2013 of the European Parliament and of the Council with regard to the specific reporting requirements for market risk (Text with EEA relevance),L2,high,L2,0,0,0,53,0,0,0
32021R0453R(04),32021R0453,2021,Regulation,2020s,2020,Commission Implementing Regulation (EU) 2021/453 of 15 March 2021 laying down implementing technical standards for the application of Regulation (EU) No 575/2013 of the European Parliament and of the Council with regard to the specific reporting requirements for market risk (Text with EEA relevance),L2,high,L2,4,4,8,80,0.26259,1095,0.214286
32021R0558,32021R0558,2021,Regulation,2020s,2020,Regulation (EU) 2021/558 of the European Parliament and of the Council of 31 March 2021 amending Regulation (EU) No 575/2013 as regards adjustments to the securitisation framework to support the economic recovery in response to the COVID-19 crisis (Text with EEA relevance),L1,high,L1,1,5,6,80,0.27178,0.333333,0.4
32022D2199,32022D2199,2022,Decision,2020s,2020,Council Decision (EU) 2022/2199 of 8 November 2022 on the position to be taken on behalf of the European Union within the Regional Steering Committee of the Transport Community as regards the adoption of the budget of the Transport Community for 2023,L1,high,L1,0,3,3,99,1,0,0
32022D2410,32022D2410,2022,Decision,2020s,2020,Council Decision (EU) 2022/2410 of 5 December 2022 on the position to be taken on behalf of the European Union in the Regional Steering Committee of the Transport Community as regards certain changes to administrative and staff rules and the introduction of an education allowance and rules on secondment and locally contracted experts,L1,high,L1,0,3,3,99,1,0,0
32022R2560R(01),32022R2560,2022,Regulation,2020s,2020,Regulation (EU) 2022/2560 of the European Parliament and of the Council of 14 December 2022 on foreign subsidies distorting the internal market,L1,high,L1,3,46,49,92,0.351134,753.817965,0.046099
32024D0788,32024D0788,2024,Decision,2020s,2020,"Commission Decision (EU) 2024/788 of 6 March 2024 on confirming the participation of Ireland in Directive (EU) 2023/2843 of the European Parliament and of the Council amending Directives 2011/99/EU and 2014/41/EU of the European Parliament and of the Council, Council Directive 2003/8/EC and Council Framework Decisions 2002/584/JHA, 2003/577/JHA, 2005/214/JHA, 2006/783/JHA, 2008/909/JHA, 2008/947/JHA, 2009/829/JHA and 2009/948/JHA, as regards digitalisation of judicial cooperation",L1,high,L1,0,5,5,97,0.206028,0,0.2
32024D2709,32024D2709,2024,Decision,2020s,2020,"Council Decision (EU) 2024/2709 of 10 October 2024 on the conclusion, on behalf of the Union, of the Agreement between the European Union and the United States of America setting forth security procedures for the launch of Galileo satellites from United States’ territory",L1,high,L1,0,4,4,99,0.262805,0,0.416667
32024R1787,32024R1787,2024,Regulation,2020s,2020,Regulation (EU) 2024/1787 of the European Parliament and of the Council of 13 June 2024 on the reduction of methane emissions in the energy sector and amending Regulation (EU) 2019/942 (Text with EEA relevance),L1,high,L1,3,32,35,92,0.309914,474.970469,0.105169
32025D1049,32025D1049,2025,Decision,2020s,2020,Commission Decision (EU) 2025/1049 of 19 May 2025 on the consistency of the performance targets included in the draft performance plan submitted by Romania pursuant to Regulation (EC) No 549/2004 of the European Parliament and of the Council with the Union-wide performance targets for the fourth reference period of the Single European Sky performance and charging scheme (notified under document C(2025) 2931),L1,high,L1,0,5,5,9,0.203936,0,0.5
32025D1059,32025D1059,2025,Decision,2020s,2020,Commission Decision (EU) 2025/1059 of 19 May 2025 on the consistency of the performance targets included in the draft performance plan submitted by Portugal pursuant to Regulation (EC) No 549/2004 of the European Parliament and of the Council with the Union-wide performance targets for the fourth reference period of the Single European Sky performance and charging scheme (notified under document C(2025) 2929),L1,high,L1,0,5,5,9,0.203936,0,0.5
31987R4070,31987R4070,1987,Regulation,Pre-Maastricht,1980,,L1,low,L1,1,3,4,57,1,3,0
31993R3604R(01),31993R3604,1993,Regulation,1990s,1990,,L1,low,L1,1,9,10,89,1,0,0.111111
31993Y0323(01),31993Y032301,1993,Legislative_Act,1990s,1990,,L1,medium,L1,0,12,12,57,0.833333,0,0
31994D0691,31994D0691,1994,Decision,1990s,1990,,L2,low,L2,0,8,8,57,1,0,0
31998D0542,31998D0542,1998,Decision,1990s,1990,,L2,low,L2,0,5,5,19,1,0,0
32000D0122,32000D0122,2000,Decision,Early 2000s,2000,,L2,low,L2,0,4,4,89,0.566667,0,0.25
32002R0894,32002R0894,2002,Regulation,Early 2000s,2000,,L1,low,L1,0,2,2,98,1,0,0
32003D0295,32003D0295,2003,Decision,Early 2000s,2000,,L2,low,L2,0,7,7,89,1,0,0
32004D0732,32004D0732,2004,Decision,Early 2000s,2000,POLITICAL AND SECURITY COMMITTEE DECISION BiH/1/2004 of 21 September 2004 on the acceptance of third States' contributions to the European Union military operation in Bosnia and Herzegovina (2004/732/CFSP),L2,low,L2,3,1,4,97,1,1,0.083333
32004L0113R(03),32004L0113,2004,Directive,Early 2000s,2000,COUNCIL DIRECTIVE 2004/113/EC of 13 December 2004 implementing the principle of equal treatment between men and women in the access to and supply of goods and services,L2,high,L2,6,6,12,97,1,202.205128,0.145455
32008E0307,32008E0307,2008,Legislative_Act,Late 2000s,2000,COUNCIL JOINT ACTION 2008/307/CFSP of 14 April 2008 in support of World Health Organisation activities in the area of laboratory bio-safety and bio-security in the framework of the European Union Strategy against the proliferation of Weapons of Mass Destruction,L1,medium,L1,1,3,4,77,0.538462,7,0
32008E0588,32008E0588,2008,Legislative_Act,Late 2000s,2000,COUNCIL JOINT ACTION 2008/588/CFSP of 15 July 2008 on support for activities of the Preparatory Commission of the Comprehensive Nuclear-Test-Ban Treaty Organisation (CTBTO) in order to strengthen its monitoring and verification capabilities and in the framework of the implementation of the EU Strategy against Proliferation of Weapons of Mass Destruction,L1,medium,L1,3,2,5,77,1,5,0.15
32009D0022,32009D0022,2009,Decision,Late 2000s,2000,COUNCIL DECISION of 8 December 2008 appointing the Chairman of the Military Committee of the European Union (2009/22/EC),L1,high,L1,0,3,3,1,0.666667,0,0
32009D0515,32009D0515,2009,Decision,Late 2000s,2000,COUNCIL DECISION of 22 June 2009 on the conclusion of the Agreement between the European Community and the State of Israel on certain aspects of air services (2009/515/EC),L1,high,L1,0,2,2,98,1,0,0
32011H0750,32011H0750,2011,Legislative_Act,Early 2010s,2010,COMMISSION RECOMMENDATION of 8 September 2011 on support for an EU-wide eCall service in electronic communication networks for the transmission of in-vehicle emergency calls based on 112 (‘eCalls’) (Text with EEA relevance) (2011/750/EU),L3,high,L3,0,6,6,97,0.515625,0,0.1
32012D0462,32012D0462,2012,Decision,Early 2010s,2010,"COMMISSION DECISION of 23 July 2012 amending Decisions 2002/731/EC, 2002/732/EC, 2002/733/EC, 2002/735/EC and 2006/66/EC and repealing Decision 2002/730/EC concerning technical specifications for interoperability (notified under document C(2012) 4982) (Text with EEA relevance) (2012/462/EU)",L2,medium,L2,0,16,16,89,1,0,0.004167
32013D0654,32013D0654,2013,Decision,Early 2010s,2010,COMMISSION IMPLEMENTING DECISION of 12 November 2013 amending Decision 2008/294/EC to include additional access technologies and frequency bands for mobile communications services on aircraft (MCA services) (notified under document C(2013) 7491) (Text with EEA relevance) (2013/654/EU),L2,high,L2,1,0,1,54,0,0,0
32013H0730(15)R(01),32013H073015,2013,Legislative_Act,Early 2010s,2010,,L1,medium,L1,0,1,1,86,0.5,0,0
32014R0514R(04),32014R0514,2014,Regulation,Early 2010s,2010,"REGULATION (EU) No 514/2014 OF THE EUROPEAN PARLIAMENT AND OF THE COUNCIL of 16 April 2014 laying down general provisions on the Asylum, Migration and Integration Fund and on the instrument for financial support for police cooperation, preventing and combating crime, and crisis management",L1,high,L1,22,14,36,86,0.211893,2391.620364,0.092803
32015D1141,32015D1141,2015,Decision,Late 2010s,2010,COUNCIL DECISION (CFSP) 2015/1141 of 13 July 2015 amending Decision 2012/392/CFSP on the European Union CSDP mission in Niger (EUCAP Sahel Niger),L1,high,L1,1,4,5,77,1,1,0.15
32015R1977,32015R1977,2015,Regulation,Late 2010s,2010,"COMMISSION IMPLEMENTING REGULATION (EU) 2015/1977 of 8 July 2015 setting out the frequency and the format of the reporting of irregularities concerning the Asylum, Migration and Integration Fund and the instrument for financial support for police cooperation, preventing and combating crime, and crisis management, under Regulation (EU) No 514/2014 of the European Parliament and of the Council",L2,high,L2,1,7,8,86,0.263959,0.5,0.285714
32016R1375,32016R1375,2016,Regulation,Late 2010s,2010,COMMISSION IMPLEMENTING REGULATION (EU) 2016/1375 of 29 July 2016 amending Council Regulation (EU) No 267/2012 concerning restrictive measures against Iran,L2,high,L2,1,4,5,96,0.313305,73,0.25
32017D1985,32017D1985,2017,Decision,Late 2010s,2010,"COMMISSION IMPLEMENTING DECISION (EU) 2017/1985 of 31 October 2017 allowing targets in the key performance area of cost-efficiency for the years 2017, 2018 and 2019 for air navigation services of Malta, Bulgaria, and Poland to be revised in accordance with Article 17(1) of Implementing Regulation (EU) No 390/2013 (notified under document C(2017) 7121) (Only the Bulgarian, English, Maltese and Polish texts are authentic) (Text with EEA relevance)",L2,high,L2,1,3,4,9,0.326733,0,0.416667
32017L2455R(05),32017L2455,2017,Directive,Late 2010s,2010,COUNCIL DIRECTIVE (EU) 2017/2455 of 5 December 2017 amending Directive 2006/112/EC and Directive 2009/132/EC as regards certain value added tax obligations for supplies of services and distance sales of goods,L1,high,L1,0,1,1,96,0.326733,0,0
32017R0394,32017R0394,2017,Regulation,Late 2010s,2010,"COMMISSION IMPLEMENTING REGULATION (EU) 2017/394 of 11 November 2016 laying down implementing technical standards with regard to standard forms, templates and procedures for authorisation, review and evaluation of central securities depositories, for the cooperation between authorities of the home Member State and the host Member State, for the consultation of authorities involved in the authorisation to provide banking-type ancillary services, for access involving central securities depositories, and with regard to the format of the records to be maintained by central securities depositories in accordance with Regulation (EU) No 909/2014 of the European Parliament and of the Council (Text with EEA relevance)",L2,high,L2,1,3,4,80,0.286275,219,0.083333
32017R1354,32017R1354,2017,Regulation,Late 2010s,2010,COMMISSION IMPLEMENTING REGULATION (EU) 2017/1354 of 20 July 2017 specifying how to present the information provided for in Article 10(10) of Directive 2014/53/EU of the European Parliament and of the Council (Text with EEA relevance),L2,high,L2,1,1,2,92,0.260377,138,0
32017R1538,32017R1538,2017,Regulation,Late 2010s,2010,REGULATION (EU) 2017/1538 OF THE EUROPEAN CENTRAL BANK of 25 August 2017 amending Regulation (EU) 2015/534 on reporting of supervisory financial information(ECB/2017/25),L1,low,L1,0,11,11,80,0.285498,0,0.118182
32018D2009,32018D2009,2018,Decision,Late 2010s,2010,Council Decision (CFSP) 2018/2009 of 17 December 2018 amending and extending Decision 2013/233/CFSP on the European Union Integrated Border Management Assistance Mission in Libya (EUBAM Libya),L1,high,L1,1,6,7,77,0.65,5,0.142857
32018L1808R(01),32018L1808,2018,Directive,Late 2010s,2010,"Directive (EU) 2018/1808 of the European Parliament and of the Council of 14 November 2018 amending Directive 2010/13/EU on the coordination of certain provisions laid down by law, regulation or administrative action in Member States concerning the provision of audiovisual media services (Audiovisual Media Services Directive) in view of changing market realities",L1,high,L1,2,19,21,99,0.27957,177.16654,0.068421
32018L1972R(01),32018L1972,2018,Directive,Late 2010s,2010,Directive (EU) 2018/1972 of the European Parliament and of the Council of 11 December 2018 establishing the European Electronic Communications Code (Recast) (Text with EEA relevance),L1,high,L1,0,1,1,92,0.218782,0,0
32019D0570R(01),32019D0570,2019,Decision,Late 2010s,2010,Commission Implementing Decision (EU) 2019/570 of 8 April 2019 laying down rules for the implementation of Decision No 1313/2013/EU of the European Parliament and of the Council as regards rescEU capacities and amending Commission Implementing Decision 2014/762/EU (notified under document C(2019) 2644) (Text with EEA relevance.),L2,high,L2,8,4,12,99,0.204545,1114.997197,0.190909
32019D0785R(02),32019D0785,2019,Decision,Late 2010s,2010,Commission Implementing Decision (EU) 2019/785 of 14 May 2019 on the harmonisation of radio spectrum for equipment using ultra-wideband technology in the Union and repealing Decision 2007/131/EC (notified under document C(2019) 3461) (Text with EEA relevance.),L2,high,L2,0,1,1,19,0.545455,0,0
32019D1277,32019D1277,2019,Decision,Late 2010s,2010,Commission Implementing Decision (EU) 2019/1277 of 29 July 2019 repealing Implementing Decision 2012/630/EU on the recognition of the legal and supervisory framework of Canada as equivalent to the requirements of Regulation (EC) No 1060/2009 of the European Parliament and of the Council on credit rating agencies (Text with EEA relevance.),L2,high,L2,0,3,3,80,0.253333,0,0.166667
32019R0263,32019R0263,2019,Regulation,Late 2010s,2010,Commission Implementing Regulation (EU) 2019/263 of 14 February 2019 amending Implementing Regulation (EU) No 964/2014 as regards standard terms and conditions for financial instruments for the Co-Investment Facility and for the Urban Development Fund,L2,high,L2,0,2,2,86,0.234672,0,0
32020D0903,32020D0903,2020,Decision,2020s,2020,Council Decision (CFSP) 2020/903 of 29 June 2020 amending Decision 2013/233/CFSP on the European Union Integrated Border Management Assistance Mission in Libya (EUBAM Libya),L1,high,L1,0,7,7,77,0.615385,0,0.047619
32020R1298,32020R1298,2020,Regulation,2020s,2020,Commission Delegated Regulation (EU) 2020/1298 of 13 July 2020 amending the Annex to Regulation (EU) 2019/452 of the European Parliament and of the Council establishing a framework for the screening of foreign direct investments into the Union,L2,high,L2,0,8,8,99,0.253713,0,0.017857
32021D0088R(01),32021D0088,2021,Decision,2020s,2020,"Commission Implementing Decision (EU) 2021/88 of 26 January 2021 amending Implementing Decision (EU) 2019/570 as regards rescEU capacities in the area of chemical, biological, radiological and nuclear incidents (notified under document C(2021) 313) (Text with EEA relevance)",L2,high,L2,1,1,2,55,0,0,0
32021D0748,32021D0748,2021,Decision,2020s,2020,Council Decision (CFSP) 2021/748 of 6 May 2021 on the participation of Canada in the PESCO project Military Mobility,L1,high,L1,0,4,4,77,0.311377,0,0.083333
32021D0839,32021D0839,2021,Decision,2020s,2020,Council Decision (EU) 2021/839 of 20 May 2021 on the position to be taken on behalf of the European Union within the Regional Steering Committee of the Transport Community as regards certain administrative and staff matters of the Transport Community,L1,high,L1,0,3,3,99,1,0,0
32021R0836,32021R0836,2021,Regulation,2020s,2020,Regulation (EU) 2021/836 of the European Parliament and of the Council of 20 May 2021 amending Decision No 1313/2013/EU on a Union Civil Protection Mechanism (Text with EEA relevance),L1,high,L1,2,19,21,99,0.295592,793.19559,0.109524
32021R1118,32021R1118,2021,Regulation,2020s,2020,Commission Delegated Regulation (EU) 2021/1118 of 26 March 2021 supplementing Directive 2014/59/EU of the European Parliament and of the Council with regard to regulatory technical standards specifying the methodology to be used by resolution authorities to estimate the requirement referred to in Article 104a of Directive 2013/36/EU of the European Parliament and of the Council and the combined buffer requirement for resolution entities at the resolution group consolidated level where the resolution group is not subject to those requirements under that Directive (Text with EEA relevance),L2,high,L2,0,4,4,80,0.309013,0,0.583333
32022D0339R(01),32022D0339,2022,Decision,2020s,2020,Council Decision (CFSP) 2022/339 of 28 February 2022 on an assistance measure under the European Peace Facility to support the Ukrainian Armed Forces,L1,high,L1,0,1,1,77,0.163905,0,0
32022D0764,32022D0764,2022,Decision,2020s,2020,Commission Decision (EU) 2022/764 of 13 April 2022 on the consistency of the performance targets contained in the draft performance plan submitted by Croatia pursuant to Regulation (EC) No 549/2004 of the European Parliament and of the Council with the Union-wide performance targets for the third reference period (notified under document C(2022) 2284) (Only the Croatian text is authentic) (Text with EEA relevance),L1,high,L1,0,4,4,9,0.218702,0,0.333333
32022D0776,32022D0776,2022,Decision,2020s,2020,Commission Decision (EU) 2022/776 of 13 April 2022 on the consistency of the performance targets contained in the draft performance plan submitted by Spain pursuant to Regulation (EC) No 549/2004 of the European Parliament and of the Council with the Union-wide performance targets for the third reference period (notified under document C(2022) 2300) (Only the Spanish text is authentic) (Text with EEA relevance),L1,high,L1,0,4,4,9,0.218702,0,0.333333
32022D1093,32022D1093,2022,Decision,2020s,2020,Council Decision (CFSP) 2022/1093 of 30 June 2022 on an assistance measure under the European Peace Facility to support the Armed Forces of the Republic of Moldova,L1,high,L1,2,6,8,77,0.195931,0,0.392857
32022D1124(01),32022D112401,2022,Decision,2020s,2020,,L2,low,L2,0,6,6,99,1,0,0
32022D2244,32022D2244,2022,Decision,2020s,2020,Council Decision (CFSP) 2022/2244 of 14 November 2022 on the participation of the United Kingdom of Great Britain and Northern Ireland in the PESCO project Military Mobility,L1,high,L1,0,4,4,77,0.311377,0,0.083333
32022R0612R(02),32022R0612,2022,Regulation,2020s,2020,Regulation (EU) 2022/612 of the European Parliament and of the Council of 6 April 2022 on roaming on public mobile communications networks within the Union (recast) (Text with EEA relevance),L1,high,L1,0,1,1,97,0.24289,0,0
32022R2554,32022R2554,2022,Regulation,2020s,2020,"Regulation (EU) 2022/2554 of the European Parliament and of the Council of 14 December 2022 on digital operational resilience for the financial sector and amending Regulations (EC) No 1060/2009, (EU) No 648/2012, (EU) No 600/2014, (EU) No 909/2014 and (EU) 2016/1011 (Text with EEA relevance)",L1,high,L1,12,39,51,80,0.31359,10001.144025,0.135204
32023R1192,32023R1192,2023,Regulation,2020s,2020,Commission Delegated Regulation (EU) 2023/1192 of 14 March 2023 supplementing Regulation (EU) 2021/23 of the European Parliament and of the Council with regard to regulatory technical standards specifying the content of the written arrangements and procedures for the functioning of the resolution colleges (Text with EEA relevance),L2,high,L2,0,3,3,80,0.231317,0,0.5
32023R1577,32023R1577,2023,Regulation,2020s,2020,Commission Delegated Regulation (EU) 2023/1577 of 20 April 2023 supplementing Regulation (EU) No 575/2013 of the European Parliament and of the Council with regard to regulatory technical standards on the calculation of the own funds requirements for market risk for non-trading book positions subject to foreign exchange risk or commodity risk and the treatment of those positions for the purposes of the regulatory back-testing requirements and the profit and loss attribution requirement under the alternative internal model approach (Text with EEA relevance),L2,high,L2,0,3,3,80,0.295455,0,0.5
32023R1578,32023R1578,2023,Regulation,2020s,2020,Commission Delegated Regulation (EU) 2023/1578 of 20 April 2023 supplementing Regulation (EU) No 575/2013 of the European Parliament and of the Council with regard to regulatory technical standards specifying the requirements for the internal methodology or external sources used under the internal default risk model for estimating default probabilities and losses given default (Text with EEA relevance),L2,high,L2,0,2,2,80,0.294221,0,0.5
32024D1274,32024D1274,2024,Decision,2020s,2020,"Commission Decision (EU) 2024/1274 of 29 April 2024 granting the Hellenic Republic a derogation from certain provisions of Regulation (EU) 2019/943 of the European Parliament and of the Council and of Directive (EU) 2019/944 of the European Parliament and of the Council, as regards the island of Crete (notified under document C(2024) 2890)",L1,high,L1,0,4,4,63,0.25832,0,0.416667
32024R2025,32024R2025,2024,Regulation,2020s,2020,Commission Delegated Regulation (EU) 2024/2025 of 15 July 2024 supplementing Regulation (EU) 2020/1056 by amending its Annex I Part B,L2,high,L2,0,1,1,92,0.215715,0,0
32024R2995,32024R2995,2024,Regulation,2020s,2020,Commission Implementing Regulation (EU) 2024/2995 of 29 November 2024 setting the filling trajectory with intermediary targets for 2025 for each Member State with underground gas storage facilities on its territory and directly interconnected to its market area,L2,high,L2,0,3,3,63,0.201659,0,0.166667
32024R3210,32024R3210,2024,Regulation,2020s,2020,Commission Implementing Regulation (EU) 2024/3210 of 18 December 2024 laying down rules for the application of Regulation (EU) 2023/956 of the European Parliament and of the Council as regards the CBAM registry,L2,high,L2,0,9,9,96,0.257129,0,0.180556
32025D0913,32025D0913,2025,Decision,2020s,2020,Commission Implementing Decision (EU) 2025/913 of 20 May 2025 amending Implementing Decision (EU) 2021/1067 as regards an update of technical conditions for the harmonised use of radio spectrum in the 5945–6425 MHz frequency band for the implementation of wireless access systems including radio local area networks (WAS/RLANs) (notified under document C(2025) 3032),L2,high,L2,0,0,0,56,0,0,0
32025D1039,32025D1039,2025,Decision,2020s,2020,Commission Implementing Decision (EU) 2025/1039 of 16 May 2025 on the inconsistency of certain performance targets included in the draft performance plan submitted by Switzerland pursuant to Regulation (EC) No 549/2004 of the European Parliament and of the Council with the Union-wide performance targets for the fourth reference period of the Single European Sky performance and charging scheme (notified under document C(2025) 2923),L2,high,L2,0,4,4,9,0.203499,0,0.5
31958D1127(01),31958D112701,1958,Decision,Pre-Single European Act,1950,,L2,low,L2,0,2,2,79,1,0,0
31985D0534,31985D0534,1985,Decision,Pre-Single European Act,1980,,L2,low,L2,0,2,2,57,0.533333,0,0.5
31990D0456,31990D0456,1990,Decision,Pre-Maastricht,1990,,L2,low,L2,3,13,16,89,1,36,0.004167
31992L0013,31992L0013,1992,Directive,Pre-Maastricht,1990,,L1,low,L1,14,6,20,92,0.875,1627.711975,0.110526
31993D0426,31993D0426,1993,Decision,1990s,1990,,L2,low,L2,0,1,1,19,0.666667,0,0
31993Y0106(01),31993Y010601,1993,Legislative_Act,1990s,1990,,L1,medium,L1,1,3,4,19,1,3,0.166667
31994D0687,31994D0687,1994,Decision,1990s,1990,,L2,low,L2,0,9,9,57,1,0,0
31994D0706,31994D0706,1994,Decision,1990s,1990,,L2,low,L2,0,9,9,57,1,0,0
31995D0255,31995D0255,1995,Decision,1990s,1990,,L2,low,L2,0,6,6,19,0.647059,0,0.066667
31998D0575,31998D0575,1998,Decision,1990s,1990,,L2,low,L2,1,4,5,19,1,2,0.1
31999Y0423(01),31999Y042301,1999,Legislative_Act,1990s,1990,,L1,medium,L1,0,2,2,19,1,0,0
31999Y0803(01),31999Y080301,1999,Legislative_Act,1990s,1990,,L1,medium,L1,1,5,6,57,0.777778,7,0.033333
32001D0696,32001D0696,2001,Decision,Early 2000s,2000,,L2,low,L2,0,5,5,89,0.692308,0,0
32004R0013,32004R0013,2004,Regulation,Early 2000s,2000,,L1,low,L1,0,2,2,57,1,0,0
32009L0119R(01),32009L0119,2009,Directive,Late 2000s,2000,COUNCIL DIRECTIVE 2009/119/EC of 14 September 2009 imposing an obligation on Member States to maintain minimum stocks of crude oil and/or petroleum products,L1,high,L1,5,9,14,63,0.681818,755.761806,0.096154
32009R1072R(03),32009R1072,2009,Regulation,Late 2000s,2000,REGULATION (EC) No 1072/2009 OF THE EUROPEAN PARLIAMENT AND OF THE COUNCIL of 21 October 2009 on common rules for access to the international road haulage market (recast) (Text with EEA relevance),L1,high,L1,12,15,27,98,0.473684,621.574937,0.1
32010R1071,32010R1071,2010,Regulation,Early 2010s,2010,COMMISSION REGULATION (EU) No 1071/2010 of 22 November 2010 amending Regulation (EC) No 474/2006 establishing the Community list of air carriers which are subject to an operating ban within the Community (Text with EEA relevance),L2,medium,L2,3,5,8,9,0.565217,2.833333,0.357143
32011R1227,32011R1227,2011,Regulation,Early 2010s,2010,REGULATION (EU) No 1227/2011 OF THE EUROPEAN PARLIAMENT AND OF THE COUNCIL of 25 October 2011 on wholesale energy market integrity and transparency (Text with EEA relevance) COMMISSION STATEMENT COUNCIL STATEMENT,L1,high,L1,19,16,35,80,0.321799,1138.603337,0.098319
32012D0503,32012D0503,2012,Decision,Early 2010s,2010,"COUNCIL DECISION 2012/503/CFSP of 13 September 2012 amending Decision 2010/452/CFSP on the European Union Monitoring Mission in Georgia, EUMM Georgia",L1,high,L1,0,0,0,58,0,0,0
32013D0206,32013D0206,2013,Decision,Early 2010s,2010,"COUNCIL DECISION of 22 April 2013 on the position to be adopted, on behalf of the European Union, in the EEA Joint Committee concerning an amendment to Annex XXI (Statistics) to the EEA Agreement (2013/206/EU) DRAFT DECISION OF THE EEA JOINT COMMITTEE No …/2013 of … amending Annex XXI (Statistics) to the EEA Agreement",L1,high,L1,0,3,3,97,1,0,0
32014R0342,32014R0342,2014,Regulation,Early 2010s,2010,COMMISSION DELEGATED REGULATION (EU) No 342/2014 of 21 January 2014 supplementing Directive 2002/87/EC of the European Parliament and of the Council and Regulation (EU) No 575/2013 of the European Parliament and of the Council with regard to regulatory technical standards for the application of the calculation methods of capital adequacy requirements for financial conglomerates (Text with EEA relevance),L2,high,L2,0,0,0,59,0,0,0
32014R0667R(01),32014R0667,2014,Regulation,Early 2010s,2010,COMMISSION DELEGATED REGULATION (EU) No 667/2014 of 13 March 2014 supplementing Regulation (EU) No 648/2012 of the European Parliament and of the Council with regard to rules of procedure for penalties imposed on trade repositories by the European Securities and Markets Authority including rules on the right of defence and temporal provisions (Text with EEA relevance),L2,high,L2,2,5,7,80,0.317865,27.341342,0.2
32015D1835R(01),32015D1835,2015,Decision,Late 2010s,2010,"COUNCIL DECISION (CFSP) 2015/1835 of 12 October 2015 defining the statute, seat and operational rules of the European Defence Agency (recast)",L1,high,L1,5,24,29,97,0.6,3882.825251,0.043651
32015L0849R(02),32015L0849,2015,Directive,Late 2010s,2010,"DIRECTIVE (EU) 2015/849 OF THE EUROPEAN PARLIAMENT AND OF THE COUNCIL of 20 May 2015 on the prevention of the use of the financial system for the purposes of money laundering or terrorist financing, amending Regulation (EU) No 648/2012 of the European Parliament and of the Council, and repealing Directive 2005/60/EC of the European Parliament and of the Council and Commission Directive 2006/70/EC (Text with EEA relevance)",L1,high,L1,0,1,1,80,0.265823,0,0
32015L2366R(06),32015L2366,2015,Directive,Late 2010s,2010,"DIRECTIVE (EU) 2015/2366 OF THE EUROPEAN PARLIAMENT AND OF THE COUNCIL of 25 November 2015 on payment services in the internal market, amending Directives 2002/65/EC, 2009/110/EC and 2013/36/EU and Regulation (EU) No 1093/2010, and repealing Directive 2007/64/EC (Text with EEA relevance)",L1,high,L1,33,31,64,80,0.376013,5859.518053,0.076293
32015R0909,32015R0909,2015,Regulation,Late 2010s,2010,COMMISSION IMPLEMENTING REGULATION (EU) 2015/909 of 12 June 2015 on the modalities for the calculation of the cost that is directly incurred as a result of operating the train service (Text with EEA relevance),L2,high,L2,1,2,3,89,0.363128,3.099867,0
32016D0120,32016D0120,2016,Decision,Late 2010s,2010,COMMISSION IMPLEMENTING DECISION (EU) 2016/120 of 28 January 2016 on the identification of the extensible Business Reporting Language 2.1 for referencing in public procurement (Text with EEA relevance),L2,high,L2,0,2,2,92,0.270103,0,0
32016D0418,32016D0418,2016,Decision,Late 2010s,2010,"COMMISSION IMPLEMENTING DECISION (EU) 2016/418 of 18 March 2016 on the compliance of unit rates for charging zones for 2016 under Article 17 of Implementing Regulation (EU) No 391/2013 (notified under document C(2016) 1583) (Only the Bulgarian, Czech, Danish, Estonian, English, German, Greek, Italian, Portuguese, Slovak, Swedish, Spanish, Croatian, Latvian, Lithuanian, Hungarian, Maltese, Polish, Romanian, Slovenian and Finnish texts are authentic) (Text with EEA relevance)",L2,high,L2,0,5,5,9,0.39759,0,0.2
32016L2258,32016L2258,2016,Directive,Late 2010s,2010,COUNCIL DIRECTIVE (EU) 2016/2258 of 6 December 2016 amending Directive 2011/16/EU as regards access to anti-money-laundering information by tax authorities,L1,high,L1,1,7,8,96,0.272472,1.5,0.125
32017D0552,32017D0552,2017,Decision,Late 2010s,2010,"COMMISSION IMPLEMENTING DECISION (EU) 2017/552 of 22 March 2017 concerning the consistency of the targets in the key performance areas of capacity and cost-efficiency included in the revised functional airspace block plan submitted by Switzerland pursuant to Regulation (EC) No 549/2004 with the Union-wide performance targets for the second reference period (Only the German, French and Italian texts are authentic) (Text with EEA relevance)",L2,high,L2,0,4,4,9,0.347368,0,0.416667
32017D1342,32017D1342,2017,Decision,Late 2010s,2010,COUNCIL DECISION (CFSP) 2017/1342 of 17 July 2017 amending and extending Decision 2013/233/CFSP on the European Union Integrated Border Management Assistance Mission in Libya (EUBAM Libya),L1,high,L1,2,4,6,77,0.666667,2,0.2
32017D1406,32017D1406,2017,Decision,Late 2010s,2010,COMMISSION IMPLEMENTING DECISION (EU) 2017/1406 of 31 July 2017 determining the location of the ground-based infrastructure of the EGNOS system (Text with EEA relevance),L2,high,L2,1,1,2,99,1,0,0.5
32017L2054,32017L2054,2017,Directive,Late 2010s,2010,COMMISSION DIRECTIVE (EU) 2017/2054 of 8 November 2017 amending Directive 2009/43/EC of the European Parliament and of the Council as regards the list of defence-related products (Text with EEA relevance),L1,high,L1,0,0,0,60,0,0,0
32017L2455R(01),32017L2455,2017,Directive,Late 2010s,2010,COUNCIL DIRECTIVE (EU) 2017/2455 of 5 December 2017 amending Directive 2006/112/EC and Directive 2009/132/EC as regards certain value added tax obligations for supplies of services and distance sales of goods,L1,high,L1,13,9,22,96,0.470588,190.216667,0.104762
32018L1972R(05),32018L1972,2018,Directive,Late 2010s,2010,Directive (EU) 2018/1972 of the European Parliament and of the Council of 11 December 2018 establishing the European Electronic Communications Code (Recast) (Text with EEA relevance),L1,high,L1,0,1,1,92,0.218782,0,0
32019D0420R(01),32019D0420,2019,Decision,Late 2010s,2010,Decision (EU) 2019/420 of the European Parliament and of the Council of 13 March 2019 amending Decision No 1313/2013/EU on a Union Civil Protection Mechanism,L1,high,L1,6,12,18,99,0.25078,1984.588698,0.121324
32019D1765,32019D1765,2019,Decision,Late 2010s,2010,"Commission Implementing Decision 2019/1765 of 22 October 2019 providing the rules for the establishment, the management and the functioning of the network of national authorities responsible for eHealth, and repealing Implementing Decision 2011/890/EU (notified under document C(2019) 7460) (Text with EEA relevance)",L2,high,L2,1,11,12,97,0.253602,6,0.068182
32019R0943R(01),32019R0943,2019,Regulation,Late 2010s,2010,Regulation (EU) 2019/943 of the European Parliament and of the Council of 5 June 2019 on the internal market for electricity (recast) (Text with EEA relevance.),L1,high,L1,18,28,46,63,0.30634,2472.142038,0.121951
32020R0605,32020R0605,2020,Regulation,2020s,2020,Regulation (EU) 2020/605 of the European Central Bank of 9 April 2020 amending Regulation (EU) 2015/534 on reporting of supervisory financial information (ECB/2020/22),L1,low,L1,0,5,5,80,0.254795,0,0.2
32020R0736,32020R0736,2020,Regulation,2020s,2020,Commission Implementing Regulation (EU) 2020/736 of 2 June 2020 amending Regulation (EC) No 474/2006 as regards the list of air carriers banned from operating or subject to operational restrictions within the Union (Text with EEA relevance),L2,high,L2,4,8,12,9,0.625,22.333333,0.174242
32020R1744,32020R1744,2020,Regulation,2020s,2020,Council Implementing Regulation (EU) 2020/1744 of 20 November 2020 implementing Regulation (EU) 2019/796 concerning restrictive measures against cyber-attacks threatening the Union or its Member States,L2,high,L2,0,1,1,96,0.198521,0,0
32021D2008,32021D2008,2021,Decision,2020s,2020,Council Decision (CFSP) 2021/2008 of 16 November 2021 amending and updating Decision (CFSP) 2018/340 establishing the list of projects to be developed under PESCO,L1,high,L1,0,7,7,77,0.323529,0,0.357143
32021D2243,32021D2243,2021,Decision,2020s,2020,Commission Decision (EU) 2021/2243 of 15 December 2021 laying down internal rules concerning the provision of information to data subjects and the restriction of certain of their rights in the context of the processing of personal data for the purposes of the security of information and communication systems of the Commission,L2,medium,L2,0,9,9,97,0.277778,0,0.194444
32022D0172,32022D0172,2022,Decision,2020s,2020,Commission Implementing Decision (EU) 2022/172 of 7 February 2022 amending Implementing Decision (EU) 2018/1538 on the harmonisation of radio spectrum for use by short-range devices within the 874-876 and 915-921 MHz frequency bands (notified under document C(2022) 608) (Text with EEA relevance),L2,high,L2,0,3,3,19,0.275244,0,0.333333
32022D0589,32022D0589,2022,Decision,2020s,2020,Commission Decision (EU) 2022/589 of 6 April 2022 establishing the composition and the operational provisions of setting up the Commission Energy Poverty and Vulnerable Consumers Coordination Group,L2,medium,L2,0,14,14,63,0.299878,0,0.082418
32022D2307,32022D2307,2022,Decision,2020s,2020,"Commission Implementing Decision (EU) 2022/2307 of 23 November 2022 amending Implementing Decision (EU) 2022/179 as regards designating and making available the 5150-5250 MHz, 5250-5350 MHz and 5470-5725 MHz frequency bands in accordance with the technical conditions set out in the Annex (notified under document C(2022) 8313) (Text with EEA relevance)",L2,high,L2,0,0,0,61,0,0,0
32022R0594,32022R0594,2022,Regulation,2020s,2020,Commission Implementing Regulation (EU) 2022/594 of 8 April 2022 amending Regulation (EC) No 474/2006 as regards the list of air carriers banned from operating or subject to operational restrictions within the Union (Text with EEA relevance),L2,high,L2,0,6,6,9,0.240639,0,0.166667
32023D0272,32023D0272,2023,Decision,2020s,2020,"Council Decision (EU) 2023/272 of 30 January 2023 on the position to be adopted, on behalf of the European Union, within the EEA Joint Committee concerning an amendment to Annex XI (Electronic communication, audiovisual services and information society) and Protocol 37 (containing the list provided for in Article 101) to the EEA Agreement (Cybersecurity Act) (Text with EEA relevance)",L1,high,L1,0,3,3,99,0.237838,0,0.333333
32023R2527,32023R2527,2023,Regulation,2020s,2020,Commission Implementing Regulation (EU) 2023/2527 of 17 November 2023 specifying technical items of the data sets for the 2025 ad hoc subject on Energy and the environment in the income and living conditions domain pursuant to Regulation (EU) 2019/1700 of the European Parliament and of the Council,L2,high,L2,0,3,3,99,0.227946,0,0.166667
32024D04431,32024D04431,2024,Decision,2020s,2020,Decision of the High Representative of the Union or Foreign Affairs and Security Policy of 23 May 2024 on the rules regarding access to documents,L2,low,L2,0,6,6,97,0.230616,0,0.033333
32024D1049,32024D1049,2024,Decision,2020s,2020,Council Decision (CFSP) 2024/1049 of 4 April 2024 on an assistance measure under the European Peace Facility to support the Armed Forces of the Republic of Moldova,L1,high,L1,0,8,8,77,0.196791,0,0.392857
32024D1467,32024D1467,2024,Decision,2020s,2020,Commission Implementing Decision (EU) 2024/1467 of 27 May 2024 amending Implementing Decision (EU) 2019/785 on the harmonisation of radio spectrum for equipment using ultra-wideband technology in the Union (notified under document C(2024) 3377),L2,high,L2,0,2,2,19,0.6,0,0.5
32024D1688,32024D1688,2024,Decision,2020s,2020,Commission Implementing Decision (EU) 2024/1688 of 12 June 2024 setting Union-wide performance targets for the air traffic management network for the fourth reference period from 1 January 2025 to 31 December 2029,L2,high,L2,5,6,11,9,0.23659,1852.636905,0.209091
32024D1715,32024D1715,2024,Decision,2020s,2020,Council Decision (CFSP) 2024/1715 of 13 June 2024 on an assistance measure under the European Peace Facility to strengthen the capacities of the Beninese Navy,L1,high,L1,0,5,5,77,0.195501,0,0.2
32024D1980,32024D1980,2024,Decision,2020s,2020,Council Decision (CFSP) 2024/1980 of 15 July 2024 on an assistance measure under the European Peace Facility to support the Beninese Armed Forces with military equipment designed to deliver lethal force,L1,high,L1,0,5,5,77,0.195501,0,0.2
32024R1772,32024R1772,2024,Regulation,2020s,2020,"Commission Delegated Regulation (EU) 2024/1772 of 13 March 2024 supplementing Regulation (EU) 2022/2554 of the European Parliament and of the Council with regard to regulatory technical standards specifying the criteria for the classification of ICT-related incidents and cyber threats, setting out materiality thresholds and specifying the details of reports of major incidents",L2,high,L2,2,9,11,80,0.253368,30.496731,0.218182
31985D0067,31985D0067,1985,Decision,Pre-Single European Act,1980,,L2,low,L2,0,0,0,62,0,0,0
31991L0287,31991L0287,1991,Directive,Pre-Maastricht,1990,,L1,low,L1,1,6,7,19,0.647059,18.333333,0.047619
31994D0242,31994D0242,1994,Decision,1990s,1990,,L2,low,L2,0,8,8,57,1,0,0
31995Y0705(01),31995Y070501,1995,Legislative_Act,1990s,1990,,L1,medium,L1,0,3,3,89,1,0,0
31995Y0811(03),31995Y081103,1995,Legislative_Act,1990s,1990,,L1,medium,L1,3,4,7,87,0.833333,15,0.047619
31997D0544,31997D0544,1997,Decision,1990s,1990,,L2,low,L2,0,3,3,19,1,0,0
31998D0181,31998D0181,1998,Decision,1990s,1990,,L2,low,L2,6,15,21,63,1,88,0.007143
31998D0543,31998D0543,1998,Decision,1990s,1990,,L2,low,L2,0,4,4,19,1,0,0
31999D0287,31999D0287,1999,Decision,1990s,1990,,L2,low,L2,2,3,5,19,1,6,0.1
31999D0574,31999D0574,1999,Decision,1990s,1990,,L2,low,L2,0,4,4,19,0.666667,0,0
32000D0044,32000D0044,2000,Decision,Early 2000s,2000,,L2,low,L2,0,3,3,91,1,0,0
32003D0288,32003D0288,2003,Decision,Early 2000s,2000,,L2,low,L2,0,1,1,89,0.444444,0,0
32003H0203,32003H0203,2003,Legislative_Act,Early 2000s,2000,,L1,medium,L1,0,6,6,19,0.65,0,0.1
32005D0905,32005D0905,2005,Decision,Late 2000s,2000,COUNCIL DECISION of 17 October 2005 on the signing by the European Community of the Energy Community Treaty (2005/905/EC),L1,high,L1,0,8,8,92,1,0,0
32009L0110R(03),32009L0110,2009,Directive,Late 2000s,2000,"DIRECTIVE 2009/110/EC OF THE EUROPEAN PARLIAMENT AND OF THE COUNCIL of 16 September 2009 on the taking up, pursuit and prudential supervision of the business of electronic money institutions amending Directives 2005/60/EC and 2006/48/EC and repealing Directive 2000/46/EC (Text with EEA relevance)",L1,high,L1,38,9,47,80,1,1182.751373,0.100966
32012D0503R(01),32012D0503,2012,Decision,Early 2010s,2010,"COUNCIL DECISION 2012/503/CFSP of 13 September 2012 amending Decision 2010/452/CFSP on the European Union Monitoring Mission in Georgia, EUMM Georgia",L1,high,L1,1,5,6,77,0.7,0,0.3
32014D0901,32014D0901,2014,Decision,Early 2010s,2010,COUNCIL DECISION 2014/901/CFSP of 12 December 2014 amending Decision 2013/255/CFSP concerning restrictive measures against Syria,L1,high,L1,0,2,2,96,1,0,0.5
32014R0342R(01),32014R0342,2014,Regulation,Early 2010s,2010,COMMISSION DELEGATED REGULATION (EU) No 342/2014 of 21 January 2014 supplementing Directive 2002/87/EC of the European Parliament and of the Council and Regulation (EU) No 575/2013 of the European Parliament and of the Council with regard to regulatory technical standards for the application of the calculation methods of capital adequacy requirements for financial conglomerates (Text with EEA relevance),L2,high,L2,3,9,12,80,0.336,20.234408,0.336364
32015D1056,32015D1056,2015,Decision,Late 2010s,2010,"COMMISSION IMPLEMENTING DECISION (EU) 2015/1056 of 30 June 2015 concerning the inconsistency of certain targets included in the national or functional airspace block plan submitted by Switzerland pursuant to Regulation (EC) No 549/2004 of the European Parliament and of the Council with the Union-wide performance targets for the second reference period and setting out recommendations for the revision of those targets (notified under document C(2015) 4407) (Only the French, German and Italian texts are authentic) (Text with EEA relevance)",L2,high,L2,1,3,4,9,0.340426,0,0.416667
32015L0849R(03),32015L0849,2015,Directive,Late 2010s,2010,"DIRECTIVE (EU) 2015/849 OF THE EUROPEAN PARLIAMENT AND OF THE COUNCIL of 20 May 2015 on the prevention of the use of the financial system for the purposes of money laundering or terrorist financing, amending Regulation (EU) No 648/2012 of the European Parliament and of the Council, and repealing Directive 2005/60/EC of the European Parliament and of the Council and Commission Directive 2006/70/EC (Text with EEA relevance)",L1,high,L1,63,31,94,80,0.360153,12703.8819,0.044647
32016R2286R(01),32016R2286,2016,Regulation,Late 2010s,2010,COMMISSION IMPLEMENTING REGULATION (EU) 2016/2286 of 15 December 2016 laying down detailed rules on the application of fair use policy and on the methodology for assessing the sustainability of the abolition of retail roaming surcharges and on the application to be submitted by a roaming provider for the purposes of that assessment (Text with EEA relevance),L2,high,L2,2,13,15,97,0.280101,46.241392,0.142857
32017R0391R(01),32017R0391,2017,Regulation,Late 2010s,2010,COMMISSION DELEGATED REGULATION (EU) 2017/391 of 11 November 2016 supplementing Regulation (EU) No 909/2014 of the European Parliament and of the Council with regard to regulatory technical standards further specifying the content of the reporting on internalised settlements (Text with EEA relevance),L2,high,L2,1,5,6,80,0.318777,0,0.55
32018D1485,32018D1485,2018,Decision,Late 2010s,2010,Council Decision (EU) 2018/1485 of 28 September 2018 establishing the position to be adopted on behalf of the European Union as regards the amendments to the Annexes to the European Agreement concerning the International Carriage of Dangerous Goods by Road (ADR) and to the Regulations annexed to the European Agreement concerning the International Carriage of Dangerous Goods by Inland Waterways (ADN),L1,high,L1,0,3,3,99,0.615385,0,0
32018R0728,32018R0728,2018,Regulation,Late 2010s,2010,COMMISSION DELEGATED REGULATION (EU) 2018/728 of 24 January 2018 supplementing Regulation (EU) No 575/2013 of the European Parliament and of the Council with regard to regulatory technical standards for procedures for excluding transactions with non-financial counterparties established in a third country from the own funds requirement for credit valuation adjustment risk (Text with EEA relevance),L2,high,L2,0,4,4,80,0.303571,0,0.333333
32019D0785,32019D0785,2019,Decision,Late 2010s,2010,Commission Implementing Decision (EU) 2019/785 of 14 May 2019 on the harmonisation of radio spectrum for equipment using ultra-wideband technology in the Union and repealing Decision 2007/131/EC (notified under document C(2019) 3461) (Text with EEA relevance.),L2,high,L2,3,5,8,19,1,14,0.017857
32019D1909R(02),32019D1909,2019,Decision,Late 2010s,2010,Council Decision (CFSP) 2019/1909 of 12 November 2019 amending and updating Decision (CFSP) 2018/340 establishing the list of projects to be developed under PESCO,L1,high,L1,5,6,11,77,0.315476,68.15,0.277778
32019D1930R(01),32019D1930,2019,Decision,Late 2010s,2010,Commission Implementing Decision (EU) 2019/1930 of 18 November 2019 amending Implementing Decision (EU) 2019/570 as regards rescEU capacities (notified under document C(2019) 8130) (Text with EEA relevance),L2,high,L2,1,3,4,99,0.173419,0,0.5
32019R0796R(02),32019R0796,2019,Regulation,Late 2010s,2010,Council Regulation (EU) 2019/796 of 17 May 2019 concerning restrictive measures against cyber-attacks threatening the Union or its Member States,L1,high,L1,5,7,12,96,0.246984,1587.03547,0.127273
32020D0452R(03),32020D0452,2020,Decision,2020s,2020,Commission Implementing Decision (EU) 2020/452 of 26 March 2020 amending Implementing Decision (EU) 2019/570 as regards capacities established to respond to low probability risks with a high impact (notified under document C(2020) 2011) (Text with EEA relevance),L2,high,L2,1,6,7,99,0.175177,0,0.266667
32020D0663,32020D0663,2020,Decision,2020s,2020,Council Decision (CFSP) 2020/663 of 18 May 2020 amending Decision 2012/389/CFSP on the European Union Capacity Building Mission in Somalia (EUCAP Somalia),L1,high,L1,0,4,4,77,0.5,0,0.416667
32020D1537,32020D1537,2020,Decision,2020s,2020,Council Decision (CFSP) 2020/1537 of 22 October 2020 amending Decision (CFSP) 2019/797 concerning restrictive measures against cyber-attacks threatening the Union or its Member States,L1,high,L1,0,1,1,96,1,0,0
32020R0782,32020R0782,2020,Regulation,2020s,2020,Commission Delegated Regulation (EU) 2020/782 of 12 June 2020 amending Delegated Regulations (EU) 2018/761 and (EU) 2018/762 as regards their dates of application following the extension of the transposition deadline of Directive (EU) 2016/798 of the European Parliament and of the Council (Text with EEA relevance),L2,high,L2,0,5,5,89,0.218527,0,0.4
32020R1055,32020R1055,2020,Regulation,2020s,2020,"Regulation (EU) 2020/1055 of the European Parliament and of the Council of 15 July 2020 amending Regulations (EC) No 1071/2009, (EC) No 1072/2009 and (EU) No 1024/2012 with a view to adapting them to developments in the road transport sector",L1,high,L1,0,0,0,64,0,0,0
32020R1423,32020R1423,2020,Regulation,2020s,2020,Commission Delegated Regulation (EU) 2020/1423 of 14 March 2019 on supplementing Directive (EU) 2015/2366 of the European Parliament and of the Council with regard to regulatory technical standards on the criteria for appointing central contact points within the field of payment services and on the functions of those central contact points (Text with EEA relevance),L2,high,L2,0,2,2,80,0.288724,0,0.5
32021R1328R(01),32021R1328,2021,Regulation,2020s,2020,Commission Implementing Regulation (EU) 2021/1328 of 10 August 2021 specifying the infrastructure requirements applicable to certain categories of dual-use infrastructure actions pursuant to Regulation (EU) 2021/1153 of the European Parliament and of the Council,L2,high,L2,1,2,3,99,0.253634,0,0.5
32022D0338R(02),32022D0338,2022,Decision,2020s,2020,"Council Decision (CFSP) 2022/338 of 28 February 2022 on an assistance measure under the European Peace Facility for the supply to the Ukrainian Armed Forces of military equipment, and platforms, designed to deliver lethal force",L1,high,L1,0,1,1,77,0.163905,0,0
32022D0777,32022D0777,2022,Decision,2020s,2020,Commission Decision (EU) 2022/777 of 13 April 2022 on the consistency of the performance targets contained in the draft performance plan submitted by Slovenia pursuant to Regulation (EC) No 549/2004 of the European Parliament and of the Council with the Union-wide performance targets for the third reference period (notified under document C(2022) 2302) (Only the Slovenian text is authentic) (Text with EEA relevance),L1,high,L1,0,4,4,9,0.218702,0,0.333333
32022D1842,32022D1842,2022,Decision,2020s,2020,Council Decision (EU) 2022/1842 of 20 September 2022 on the position to be taken on behalf of the European Union within the Ministerial Council of the Energy Community with regard to the incorporation of Regulation (EU) 2022/1032 of the European Parliament and of the Council on gas storage into the Energy Community acquis,L1,high,L1,0,3,3,63,0.2,0,0.166667
32023D0208(02),32023D020802,2023,Decision,2020s,2020,,L2,low,L2,0,7,7,97,0.247511,0,0.119048
32023D1305,32023D1305,2023,Decision,2020s,2020,Council Decision (CFSP) 2023/1305 of 26 June 2023 amending Decision 2013/233/CFSP on the European Union Integrated Border Management Assistance Mission in Libya (EUBAM Libya),L1,high,L1,0,4,4,77,0.666667,0,0
32023R1616,32023R1616,2023,Regulation,2020s,2020,"Commission Delegated Regulation (EU) 2023/1616 of 3 May 2023 supplementing Regulation (EU) 2021/23 of the European Parliament and of the Council with regard to regulatory technical standards specifying the circumstances in which a person is deemed to be independent from the resolution authority and from the central counterparty, the methodology for assessing the value of assets and liabilities of a central counterparty, the separation of the valuations, the methodology for calculating the buffer for additional losses to be included in provisional valuations, and the methodology for carrying out the valuation for the application of the ‘no creditor worse off’ principle (Text with EEA relevance)",L2,high,L2,0,5,5,80,0.23565,0,0.3
32023R2691,32023R2691,2023,Regulation,2020s,2020,Commission Implementing Regulation (EU) 2023/2691 of 29 November 2023 amending Regulation (EC) No 474/2006 as regards the list of air carriers banned from operating or subject to operational restrictions within the Union,L2,high,L2,1,8,9,9,0.268932,259.333333,0.208333
32024D1213,32024D1213,2024,Decision,2020s,2020,"Council Decision (EU) 2024/1213 of 19 March 2024 on the signing, on behalf of the Union, and provisional application of the Agreement between the European Union and the United States of America setting forth security procedures for the launch of Galileo satellites from United States’ territory",L1,high,L1,1,3,4,99,0.262515,0,0.416667
32024D1644,32024D1644,2024,Decision,2020s,2020,Council Decision (EU) 2024/1644 of 30 May 2024 on the position to be taken on behalf of the European Union in the Energy Charter Conference,L1,high,L1,1,4,5,63,0.558824,0,0.2
32024D3086,32024D3086,2024,Decision,2020s,2020,Council Decision (EU) 2024/3086 of 2 December 2024 on the position to be taken on behalf of the European Union in the Energy Charter Conference,L1,high,L1,0,5,5,63,0.571429,0,0.2
32024L0242,32024L0242,2024,Directive,2020s,2020,Commission Delegated Directive (EU) 2024/242 of 27 September 2023 amending Directive 2009/43/EC of the European Parliament and of the Council as regards the updating of the list of defence-related products in line with the updated Common Military List of the European Union of 20 February 2023,L2,high,L2,0,0,0,65,0,0,0
32024R0827,32024R0827,2024,Regulation,2020s,2020,"Council Implementing Regulation (EU) 2024/827 of 4 March 2024 implementing Regulation (EU) No 208/2014 concerning restrictive measures directed against certain persons, entities and bodies in view of the situation in Ukraine",L2,high,L2,0,1,1,96,0.5,0,0
32024R1703,32024R1703,2024,Regulation,2020s,2020,Commission Delegated Regulation (EU) 2024/1703 of 11 March 2024 amending Delegated Regulation (EU) 2020/1732 as regards harmonisation of certain aspects of fees charged by the European Securities and Markets Authority to securitisation repositories,L2,high,L2,0,6,6,80,0.27972,0,0.233333
32025L0290,32025L0290,2025,Directive,2020s,2020,Commission Delegated Directive (EU) 2025/290 of 4 October 2024 amending Directive 2009/43/EC of the European Parliament and of the Council as regards the updating of the list of defence-related products in line with the updated Common Military List of the European Union of 19 February 2024,L2,high,L2,0,0,0,66,0,0,0
32025R0849,32025R0849,2025,Regulation,2020s,2020,Commission Implementing Regulation (EU) 2025/849 of 6 May 2025 laying down rules for the application of Regulation (EU) No 910/2014 of the European Parliament and of the Council as regards the submission of information to the Commission and to the Cooperation Group for the list of certified European Digital Identity Wallets,L2,high,L2,0,5,5,97,0.258491,0,0.15
31986R4057,31986R4057,1986,Regulation,Pre-Single European Act,1980,,L1,low,L1,0,0,0,67,0,0,0
31993Y0806(01),31993Y080601,1993,Legislative_Act,1990s,1990,,L1,medium,L1,2,4,6,19,0.833333,9,0.1
31996Y0810(01),31996Y081001,1996,Legislative_Act,1990s,1990,,L1,medium,L1,0,0,0,68,0,0,0
31997D0521,31997D0521,1997,Decision,1990s,1990,,L2,low,L2,0,3,3,19,1,0,0
32001D0022,32001D0022,2001,Decision,Early 2000s,2000,,L2,low,L2,0,1,1,19,1,0,0
32006L0097,32006L0097,2006,Directive,Late 2000s,2000,"COUNCIL DIRECTIVE 2006/97/EC of 20 November 2006 adapting certain Directives in the field of free movement of goods, by reason of the accession of Bulgaria and Romania",L1,high,L1,2,5,7,92,0.6,560.058665,0.166667
32007D0098,32007D0098,2007,Decision,Late 2000s,2000,COMMISSION DECISION of 14 February 2007 on the harmonised use of radio spectrum in the 2 GHz frequency bands for the implementation of systems providing mobile satellite services (notified under document number C(2007) 409) (Text with EEA relevance) (2007/98/EC),L2,medium,L2,0,0,0,69,0,0,0
32008D0411,32008D0411,2008,Decision,Late 2000s,2000,COMMISSION DECISION of 21 May 2008 on the harmonisation of the 3 400-3 800 MHz frequency band for terrestrial systems capable of providing electronic communications services in the Community (notified under document number C(2008) 1873) (Text with EEA relevance) (2008/411/EC),L2,medium,L2,3,3,6,19,1,4.166667,0.2
32009D0182,32009D0182,2009,Decision,Late 2000s,2000,COMMISSION DECISION of 12 September 2007 on the aid scheme C 12/06 (ex N 132/05) which the Czech Republic is planning to implement to support combined transport (notified under document number C(2007) 4134) (Only the Czech text is authentic) (Text with EEA relevance) (2009/182/EC),L2,medium,L2,0,4,4,89,0.512821,0,0
32009D0710,32009D0710,2009,Decision,Late 2000s,2000,"COUNCIL DECISION of 14 September 2009 amending Decision 1999/70/EC concerning the external auditors of the national central banks, as regards the external auditors of the Národná banka Slovenska (2009/710/EC)",L1,high,L1,0,2,2,84,1,0,0.5
32009D1005,32009D1005,2009,Decision,Late 2000s,2000,DECISION OF THE EUROPEAN PARLIAMENT AND OF THE COUNCIL of 17 December 2009 amending the Interinstitutional Agreement of 17 May 2006 on budgetary discipline and sound financial management as regards the multiannual financial framework — Financing projects in the field of energy in the context of the European Economic Recovery Plan (2009/1005/EU),L1,high,L1,2,2,4,86,1,4,0
32009R1177,32009R1177,2009,Regulation,Late 2000s,2000,"COMMISSION REGULATION (EC) No 1177/2009 of 30 November 2009 amending Directives 2004/17/EC, 2004/18/EC and 2009/81/EC of the European Parliament and of the Council in respect of their application thresholds for the procedures for the award of contracts (Text with EEA relevance)",L1,high,L1,2,3,5,92,0.43662,0,0.5
32010L0040R(01),32010L0040,2010,Directive,Early 2010s,2010,DIRECTIVE 2010/40/EU OF THE EUROPEAN PARLIAMENT AND OF THE COUNCIL of 7 July 2010 on the framework for the deployment of Intelligent Transport Systems in the field of road transport and for interfaces with other modes of transport (Text with EEA relevance),L1,high,L1,0,1,1,98,0.422535,0,0
32011R1203,32011R1203,2011,Regulation,Early 2010s,2010,COMMISSION IMPLEMENTING REGULATION (EU) No 1203/2011 of 18 November 2011 concerning the classification of certain goods in the Combined Nomenclature,L2,high,L2,0,2,2,96,1,0,0
32012L0013,32012L0013,2012,Directive,Early 2010s,2010,DIRECTIVE 2012/13/EU OF THE EUROPEAN PARLIAMENT AND OF THE COUNCIL of 22 May 2012 on the right to information in criminal proceedings,L1,high,L1,13,5,18,97,0.727273,470.067639,0.140523
32012R0236R(01),32012R0236,2012,Regulation,Early 2010s,2010,REGULATION (EU) No 236/2012 OF THE EUROPEAN PARLIAMENT AND OF THE COUNCIL of 14 March 2012 on short selling and certain aspects of credit default swaps (Text with EEA relevance),L1,high,L1,15,14,29,80,0.317241,333.808518,0.119048
32012R0946,32012R0946,2012,Regulation,Early 2010s,2010,"COMMISSION DELEGATED REGULATION (EU) No 946/2012 of 12 July 2012 supplementing Regulation (EC) No 1060/2009 of the European Parliament and of the Council with regard to rules of procedure on fines imposed to credit rating agencies by the European Securities and Markets Authority, including rules on the right of defence and temporal provisions (Text with EEA relevance)",L2,high,L2,1,6,7,80,0.320872,12.539105,0.095238
32013D0015,32013D0015,2013,Decision,Early 2010s,2010,"DECISION OF THE EUROPEAN PARLIAMENT AND OF THE COUNCIL of 12 December 2012 on the mobilisation of the European Globalisation Adjustment Fund, in accordance with point 28 of the Interinstitutional Agreement of 17 May 2006 between the European Parliament, the Council and the Commission on budgetary discipline and sound financial management (application EGF/2011/014 RO/Nokia from Romania) (2013/15/EU)",L1,high,L1,0,2,2,86,1,0,0
32013H0730(15),32013H073015,2013,Legislative_Act,Early 2010s,2010,,L1,medium,L1,1,5,6,86,0.857143,6,0.033333
32014L0053R(02),32014L0053,2014,Directive,Early 2010s,2010,DIRECTIVE 2014/53/EU OF THE EUROPEAN PARLIAMENT AND OF THE COUNCIL of 16 April 2014 on the harmonisation of the laws of the Member States relating to the making available on the market of radio equipment and repealing Directive 1999/5/EC (Text with EEA relevance),L1,high,L1,33,14,47,92,0.34949,4320.086356,0.069082
32014R0513,32014R0513,2014,Regulation,Early 2010s,2010,"REGULATION (EU) No 513/2014 OF THE EUROPEAN PARLIAMENT AND OF THE COUNCIL of 16 April 2014 establishing, as part of the Internal Security Fund, the instrument for financial support for police cooperation, preventing and combating crime, and crisis management and repealing Council Decision 2007/125/JHA",L1,high,L1,10,21,31,86,0.212963,1514.020871,0.04803
32014R0909R(06),32014R0909,2014,Regulation,Early 2010s,2010,REGULATION (EU) No 909/2014 OF THE EUROPEAN PARLIAMENT AND OF THE COUNCIL of 23 July 2014 on improving securities settlement in the European Union and on central securities depositories and amending Directives 98/26/EC and 2014/65/EU and Regulation (EU) No 236/2012 (Text with EEA relevance),L1,high,L1,46,25,71,80,0.355628,4267.200447,0.069565
32017D2376,32017D2376,2017,Decision,Late 2010s,2010,"COMMISSION IMPLEMENTING DECISION (EU) 2017/2376 of 15 December 2017 amending Implementing Decision (EU) 2015/348 as regards the consistency of the revised targets in the key performance area of cost-efficiency included in the amended national or functional airspace block plans submitted by Malta, Bulgaria and Poland (notified under document C(2017) 8433) (Text with EEA relevance)",L2,high,L2,0,4,4,9,0.333333,0,0.416667
32017R0207R(01),32017R0207,2017,Regulation,Late 2010s,2010,"COMMISSION DELEGATED REGULATION (EU) 2017/207 of 3 October 2016 on the common monitoring and evaluation framework provided for in Regulation (EU) No 514/2014 of the European Parliament and of the Council laying down general provisions on the Asylum, Migration and Integration Fund and on the instrument for financial support for police cooperation, preventing and combating crime, and crisis management",L2,high,L2,0,1,1,86,0.159689,0,0
32017R1926,32017R1926,2017,Regulation,Late 2010s,2010,COMMISSION DELEGATED REGULATION (EU) 2017/1926 of 31 May 2017 supplementing Directive 2010/40/EU of the European Parliament and of the Council with regard to the provision of EU-wide multimodal travel information services (Text with EEA relevance),L2,high,L2,2,12,14,98,0.277001,260.713312,0.115385
32018L1972,32018L1972,2018,Directive,Late 2010s,2010,Directive (EU) 2018/1972 of the European Parliament and of the Council of 11 December 2018 establishing the European Electronic Communications Code (Recast) (Text with EEA relevance),L1,high,L1,32,59,91,92,0.279402,15079.279009,0.029213
32018R0871,32018R0871,2018,Regulation,Late 2010s,2010,Commission Implementing Regulation (EU) 2018/871 of 14 June 2018 amending Regulation (EC) No 474/2006 as regards the list of air carriers which are banned from operating or are subject to operational restrictions within the Union (Text with EEA relevance.),L2,high,L2,1,6,7,9,0.590909,3,0.142857
32019D0038,32019D0038,2019,Decision,Late 2010s,2010,Decision (EU) 2019/2158 of the European Central Bank of 5 December 2019 on the methodology and procedures for the determination and collection of data regarding fee factors used to calculate annual supervisory fees (recast) (ECB/2019/38),L2,low,L2,0,7,7,80,0.268571,0,0.142857
32019R0630,32019R0630,2019,Regulation,Late 2010s,2010,Regulation (EU) 2019/630 of the European Parliament and of the Council of 17 April 2019 amending Regulation (EU) No 575/2013 as regards minimum loss coverage for non-performing exposures (Text with EEA relevance.),L1,high,L1,4,8,12,80,0.323625,408.409645,0.212121
32019R2175,32019R2175,2019,Regulation,Late 2010s,2010,"Regulation (EU) 2019/2175 of the European Parliament and of the Council of 18 December 2019 amending Regulation (EU) No 1093/2010 establishing a European Supervisory Authority (European Banking Authority), Regulation (EU) No 1094/2010 establishing a European Supervisory Authority (European Insurance and Occupational Pensions Authority), Regulation (EU) No 1095/2010 establishing a European Supervisory Authority (European Securities and Markets Authority), Regulation (EU) No 600/2014 on markets in financial instruments, Regulation (EU) 2016/1011 on indices used as benchmarks in financial instruments and financial contracts or to measure the performance of investment funds, and Regulation (EU) 2015/847 on information accompanying transfers of funds (Text with EEA relevance) (Text with EEA relevance)",L1,high,L1,7,50,57,80,0.355082,2779.051439,0.065163
32020D1726,32020D1726,2020,Decision,2020s,2020,"Council Decision (CFSP) 2020/1726 of 14 September 2020 on the signing and conclusion, on behalf of the Union, of the Framework Agreement between the European Union and the United Nations for the Provision of Mutual Support in the context of their respective missions and operations in the field",L1,high,L1,0,2,2,77,1,0,0
32020D2252R(02),32020D2252,2020,Decision,2020s,2020,"Council Decision (EU) 2020/2252 of 29 December 2020 on the signing, on behalf of the Union, and on provisional application of the Trade and Cooperation Agreement between the European Union and the European Atomic Energy Community, of the one part, and the United Kingdom of Great Britain and Northern Ireland, of the other part, and of the Agreement between the European Union and the United Kingdom of Great Britain and Northern Ireland concerning security procedures for exchanging and protecting classified information",L1,high,L1,0,1,1,99,0.346667,0,0
32020R1530,32020R1530,2020,Regulation,2020s,2020,"Regulation (EU) 2020/1530 of the European Parliament and of the Council of 21 October 2020 amending Directive (EU) 2016/798, as regards the application of railway safety and interoperability rules within the Channel Fixed Link",L1,high,L1,0,6,6,99,0.218972,0,0
32020R2180,32020R2180,2020,Regulation,2020s,2020,Commission Delegated Regulation (EU) 2020/2180 of 18 December 2020 extending the reference period of Regulation (EU) 2020/1429 of the European Parliament and of the Council establishing measures for a sustainable rail market in view of the COVID-19 outbreak (Text with EEA relevance),L2,high,L2,0,0,0,70,0,0,0
32021D0509R(01),32021D0509,2021,Decision,2020s,2020,"Council Decision (CFSP) 2021/509 of 22 March 2021 establishing a European Peace Facility, and repealing Decision (CFSP) 2015/528",L1,high,L1,48,27,75,77,0.24106,17283.882552,0.049981
32021D0796,32021D0796,2021,Decision,2020s,2020,Council Decision (CFSP) 2021/796 of 17 May 2021 amending Decision (CFSP) 2019/797 concerning restrictive measures against cyber-attacks threatening the Union or its Member States,L1,high,L1,1,1,2,96,1,1,0
32021D1956,32021D1956,2021,Decision,2020s,2020,Commission Implementing Decision (EU) 2021/1956 of 10 November 2021 on the establishment and organisation of the Union Civil Protection Knowledge Network (notified under document C(2021) 7939) (Text with EEA relevance),L2,high,L2,1,6,7,97,0.234447,15.15491,0.119048
32021D2231,32021D2231,2021,Decision,2020s,2020,Council Decision (EU) 2021/2231 of 9 December 2021 on the position to be taken on behalf of the European Union within the Regional Steering Committee of the Transport Community as regards the adoption of the budget of the Transport Community for 2022,L1,high,L1,0,3,3,99,1,0,0
32021R0379,32021R0379,2021,Regulation,2020s,2020,Regulation (EU) 2021/379 of the European Central Bank of 22 January 2021 on the balance sheet items of credit institutions and of the monetary financial institutions sector (recast) (ECB/2021/2),L1,low,L1,5,18,23,80,0.276675,1730.415134,0.080087
32022D0338,32022D0338,2022,Decision,2020s,2020,"Council Decision (CFSP) 2022/338 of 28 February 2022 on an assistance measure under the European Peace Facility for the supply to the Ukrainian Armed Forces of military equipment, and platforms, designed to deliver lethal force",L1,high,L1,5,5,10,77,0.195501,374,0.233333
32022R0612,32022R0612,2022,Regulation,2020s,2020,Regulation (EU) 2022/612 of the European Parliament and of the Council of 6 April 2022 on roaming on public mobile communications networks within the Union (recast) (Text with EEA relevance),L1,high,L1,2,21,23,97,0.320197,548.480291,0.088933
32023D0577,32023D0577,2023,Decision,2020s,2020,Council Decision (CFSP) 2023/577 of 13 March 2023 amending Decision (CFSP) 2021/509 establishing a European Peace Facility,L1,high,L1,1,5,6,77,0.195083,0,0.3
32023D0927,32023D0927,2023,Decision,2020s,2020,Council Decision (CFSP) 2023/927 of 5 May 2023 on an assistance measure under the European Peace Facility to support the Ukrainian Armed Forces through the provision of ammunition,L1,high,L1,0,8,8,77,0.206412,0,0.25
32023D1059,32023D1059,2023,Decision,2020s,2020,"Council Decision (EU) 2023/1059 of 25 May 2023 on the position to be adopted on behalf of the European Union within the Specialised Committee on Social Security Coordination established by the Trade and Cooperation Agreement between the European Union and the European Atomic Energy Community, of the one part, and the United Kingdom of Great Britain and Northern Ireland, of the other part, as regards the designation of the financial institution to serve as reference to determine the interest rate for late payments and the exchange rate for currency conversions, as well as the date to be taken into consideration for determining the rates of currency conversion",L1,high,L1,1,5,6,99,0.430769,28,0.066667
32023D2740,32023D2740,2023,Decision,2020s,2020,Council Decision (CFSP) 2023/2740 of 16 October 2023 on the signing and conclusion on behalf of the Union of the Agreement between the European Union and the Republic of Armenia on the status of the European Union Mission in Armenia (EUMA),L1,high,L1,0,3,3,77,0.521739,0,0.333333
32024D1075,32024D1075,2024,Decision,2020s,2020,Council Decision (EU) 2024/1075 of 5 February 2024 on the position to be taken on behalf of the European Union in the Ministerial Council of the Energy Community,L1,high,L1,0,2,2,99,1,0,0
32024D1391,32024D1391,2024,Decision,2020s,2020,Council Decision (CFSP) 2024/1391 of 17 May 2024 amending Decision (CFSP) 2019/797 concerning restrictive measures against cyber-attacks threatening the Union or its Member States,L1,high,L1,0,1,1,96,1,0,0
32024R1773,32024R1773,2024,Regulation,2020s,2020,Commission Delegated Regulation (EU) 2024/1773 of 13 March 2024 supplementing Regulation (EU) 2022/2554 of the European Parliament and of the Council with regard to regulatory technical standards specifying the detailed content of the policy regarding contractual arrangements on the use of ICT services supporting critical or important functions provided by ICT third-party service providers,L2,high,L2,0,6,6,80,0.248991,0,0.266667
32025D0381,32025D0381,2025,Decision,2020s,2020,"Council Decision (EU) 2025/381 of 18 February 2025 on the position to be adopted, on behalf of the European Union, within the EEA Joint Committee concerning an amendment to Annex IX (Financial services) to the EEA Agreement (Text with EEA relevance)",L1,high,L1,0,4,4,80,0.239269,0,0.083333
31973Y1127(01),31973Y112701,1973,Legislative_Act,Pre-Single European Act,1970,,L1,medium,L1,0,2,2,71,1,0,0
31985D0523,31985D0523,1985,Decision,Pre-Single European Act,1980,,L2,low,L2,0,2,2,57,1,0,0
31985D0528,31985D0528,1985,Decision,Pre-Single European Act,1980,,L2,low,L2,0,2,2,57,1,0,0
31990H0543,31990H0543,1990,Legislative_Act,Pre-Maastricht,1990,,L1,medium,L1,0,6,6,19,1,0,0.2
31992Y0715(05),31992Y071505,1992,Legislative_Act,Pre-Maastricht,1990,,L1,medium,L1,0,0,0,72,0,0,0
31994Y1231(03),31994Y123103,1994,Legislative_Act,1990s,1990,,L1,medium,L1,1,3,4,57,1,4,0.083333
31996E0408,31996E0408,1996,Legislative_Act,1990s,1990,,L1,medium,L1,1,2,3,77,1,6,0
31997R2184R(01),31997R2184,1997,Regulation,1990s,1990,,L1,low,L1,2,3,5,96,1,0.5,0.333333
31997Y1004(01),31997Y100401,1997,Legislative_Act,1990s,1990,,L1,medium,L1,0,1,1,19,0.571429,0,0
31998D0521,31998D0521,1998,Decision,1990s,1990,,L2,low,L2,0,3,3,19,1,0,0
31999D0310,31999D0310,1999,Decision,1990s,1990,,L2,low,L2,1,4,5,19,0.75,0,0.35
31999D0498,31999D0498,1999,Decision,1990s,1990,,L2,low,L2,0,5,5,19,0.777778,0,0.35
32000E0056,32000E0056,2000,Legislative_Act,Early 2000s,2000,,L1,medium,L1,0,3,3,96,1,0,0
32004R0549,32004R0549,2004,Regulation,Early 2000s,2000,,L1,low,L1,57,9,66,9,0.444444,1255.616806,0.034615
32008D0060,32008D0060,2008,Decision,Late 2000s,2000,COMMISSION DECISION of 21 December 2007 amending Decision 2003/548/EC as regards the deletion of specific types of leased line from the Minimum Set of Leased Lines (notified under document number C(2007) 6635) (Text with EEA relevance) (2008/60/EC),L2,medium,L2,0,2,2,19,1,0,0
32009G1204(01),32009G120401,2009,Legislative_Act,Late 2000s,2000,,L1,medium,L1,3,0,3,97,0,0,0.5
32009R0298,32009R0298,2009,Regulation,Late 2000s,2000,COMMISSION REGULATION (EC) No 298/2009 of 8 April 2009 amending Regulation (EC) No 474/2006 establishing the Community list of air carriers which are subject to an operating ban within the Community (Text with EEA relevance),L2,medium,L2,0,3,3,9,0.529412,0,0.166667
32010D0452,32010D0452,2010,Decision,Early 2010s,2010,"COUNCIL DECISION 2010/452/CFSP of 12 August 2010 on the European Union Monitoring Mission in Georgia, EUMM Georgia",L1,high,L1,8,5,13,77,1,30,0.070513
32010L0040,32010L0040,2010,Directive,Early 2010s,2010,DIRECTIVE 2010/40/EU OF THE EUROPEAN PARLIAMENT AND OF THE COUNCIL of 7 July 2010 on the framework for the deployment of Intelligent Transport Systems in the field of road transport and for interfaces with other modes of transport (Text with EEA relevance),L1,high,L1,14,17,31,98,0.707317,429.461075,0.033333
32011D0121,32011D0121,2011,Decision,Early 2010s,2010,COMMISSION DECISION of 21 February 2011 setting the European Union-wide performance targets and alert thresholds for the provision of air navigation services for the years 2012 to 2014 (Text with EEA relevance) (2011/121/EU),L2,medium,L2,2,5,7,9,0.349398,40,0.071429
32014L0051,32014L0051,2014,Directive,Early 2010s,2010,"DIRECTIVE 2014/51/EU OF THE EUROPEAN PARLIAMENT AND OF THE COUNCIL of 16 April 2014 amending Directives 2003/71/EC and 2009/138/EC and Regulations (EC) No 1060/2009, (EU) No 1094/2010 and (EU) No 1095/2010 in respect of the powers of the European Supervisory Authority (European Insurance and Occupational Pensions Authority) and the European Supervisory Authority (European Securities and Markets Authority)",L1,high,L1,0,0,0,73,0,0,0
32014L0051R(02),32014L0051,2014,Directive,Early 2010s,2010,"DIRECTIVE 2014/51/EU OF THE EUROPEAN PARLIAMENT AND OF THE COUNCIL of 16 April 2014 amending Directives 2003/71/EC and 2009/138/EC and Regulations (EC) No 1060/2009, (EU) No 1094/2010 and (EU) No 1095/2010 in respect of the powers of the European Supervisory Authority (European Insurance and Occupational Pensions Authority) and the European Supervisory Authority (European Securities and Markets Authority)",L1,high,L1,5,32,37,80,0.346154,550.876428,0.055556
32016D0687R(01),32016D0687,2016,Decision,Late 2010s,2010,COMMISSION IMPLEMENTING DECISION (EU) 2016/687 of 28 April 2016 on the harmonisation of the 694-790 MHz frequency band for terrestrial systems capable of providing wireless broadband electronic communications services and for flexible national use in the Union (notified under document C(2016) 2268) (Text with EEA relevance),L2,high,L2,1,4,5,19,0.37963,0,0.5
32016L2370,32016L2370,2016,Directive,Late 2010s,2010,DIRECTIVE (EU) 2016/2370 OF THE EUROPEAN PARLIAMENT AND OF THE COUNCIL of 14 December 2016 amending Directive 2012/34/EU as regards the opening of the market for domestic passenger transport services by rail and the governance of the railway infrastructure (Text with EEA relevance),L1,high,L1,2,10,12,89,0.427966,75.42043,0.060606
32017D0503,32017D0503,2017,Decision,Late 2010s,2010,COMMISSION DECISION (EU) 2017/503 of 8 November 2016 on State aid scheme SA.39621 2015/C (ex 2015/NN) (notified under document C(2016) 7086) (Only the French text is authentic) (Text with EEA relevance),L2,medium,L2,0,8,8,89,1,0,0
32017R0207,32017R0207,2017,Regulation,Late 2010s,2010,"COMMISSION DELEGATED REGULATION (EU) 2017/207 of 3 October 2016 on the common monitoring and evaluation framework provided for in Regulation (EU) No 514/2014 of the European Parliament and of the Council laying down general provisions on the Asylum, Migration and Integration Fund and on the instrument for financial support for police cooperation, preventing and combating crime, and crisis management",L2,high,L2,1,7,8,86,0.189324,266,0.160714
32018D1942,32018D1942,2018,Decision,Late 2010s,2010,Council Decision (CFSP) 2018/1942 of 10 December 2018 extending and amending Decision 2012/389/CFSP on the European Union Capacity Building Mission in Somalia (EUCAP Somalia),L1,high,L1,1,3,4,77,0.473684,0,0.416667
32019D0235,32019D0235,2019,Decision,Late 2010s,2010,Commission Implementing Decision (EU) 2019/235 of 24 January 2019 on amending Decision 2008/411/EC as regards an update of relevant technical conditions applicable to the 3400-3800 MHz frequency band (notified under document C(2019) 262) (Text with EEA relevance.),L2,high,L2,0,4,4,19,0.221198,0,0.333333
32019D0327(05),32019D032705,2019,Decision,Late 2010s,2010,,L2,low,L2,0,2,2,97,0.215892,0,0
32020D2252R(01),32020D2252,2020,Decision,2020s,2020,"Council Decision (EU) 2020/2252 of 29 December 2020 on the signing, on behalf of the Union, and on provisional application of the Trade and Cooperation Agreement between the European Union and the European Atomic Energy Community, of the one part, and the United Kingdom of Great Britain and Northern Ireland, of the other part, and of the Agreement between the European Union and the United Kingdom of Great Britain and Northern Ireland concerning security procedures for exchanging and protecting classified information",L1,high,L1,10,13,23,99,0.510204,215.444444,0.093074
32020R0115,32020R0115,2020,Regulation,2020s,2020,"Council Implementing Regulation (EU) 2020/115 of 27 January 2020 implementing Regulation (EU) No 101/2011 concerning restrictive measures directed against certain persons, entities and bodies in view of the situation in Tunisia",L2,high,L2,0,1,1,96,0.6,0,0
32020R1543,32020R1543,2020,Regulation,2020s,2020,Regulation (EU) 2020/1543 of the European Parliament and of the Council of 21 October 2020 amending Regulation (EU) No 514/2014 as regards the decommitment procedure,L1,high,L1,0,12,12,99,0.185684,0,0.060606
32021O0835,32021O0835,2021,Legislative_Act,2020s,2020,Guideline (EU) 2021/835 of the European Central Bank of 26 March 2021 repealing Guideline ECB/2014/15 on monetary and financial statistics (ECB/2021/16),L3,high,L3,0,13,13,80,0.22076,0,0.025641
32021R0250,32021R0250,2021,Regulation,2020s,2020,Regulation (EU) 2021/250 of the European Parliament and of the Council of 16 February 2021 amending Council Regulation (EEC) No 95/93 as regards temporary relief from the slot utilisation rules at Union airports due to the COVID-19 crisis (Text with EEA relevance),L1,high,L1,0,9,9,99,0.339901,0,0
32021R0654,32021R0654,2021,Regulation,2020s,2020,Commission Delegated Regulation (EU) 2021/654 of 18 December 2020 supplementing Directive (EU) 2018/1972 of the European Parliament and of the Council by setting a single maximum Union-wide mobile voice termination rate and a single maximum Union-wide fixed voice termination rate (Text with EEA relevance),L2,high,L2,1,2,3,92,0.219178,3,0.166667
32022D2353R(01),32022D2353,2022,Decision,2020s,2020,Council Decision (EU) 2022/2353 of 1 December 2022 on an assistance measure under the European Peace Facility to strengthen the capacities of the Armed Forces of Bosnia and Herzegovina,L1,high,L1,1,6,7,77,0.195501,0,0.3
32022L2555R(03),32022L2555,2022,Directive,2020s,2020,"Directive (EU) 2022/2555 of the European Parliament and of the Council of 14 December 2022 on measures for a high common level of cybersecurity across the Union, amending Regulation (EU) No 910/2014 and Directive (EU) 2018/1972, and repealing Directive (EU) 2016/1148 (NIS 2 Directive) (Text with EEA relevance)",L1,high,L1,8,37,45,92,0.331413,6161.697864,0.11324
32023D0921R(01),32023D0921,2023,Decision,2020s,2020,Council Decision (CFSP) 2023/921 of 4 May 2023 on an assistance measure under the European Peace Facility to support the Armed Forces of the Republic of Moldova,L1,high,L1,2,8,10,77,0.196362,0,0.416667
32023L2413,32023L2413,2023,Directive,2020s,2020,"Directive (EU) 2023/2413 of the European Parliament and of the Council of 18 October 2023 amending Directive (EU) 2018/2001, Regulation (EU) 2018/1999 and Directive 98/70/EC as regards the promotion of energy from renewable sources, and repealing Council Directive (EU) 2015/652",L1,high,L1,2,40,42,63,0.309029,225.408445,0.088269
32023R2444,32023R2444,2023,Regulation,2020s,2020,Commission Delegated Regulation (EU) 2023/2444 of 20 July 2023 amending Delegated Regulation (EU) 2022/30 as regards the date of application of the essential requirements for radio equipment and correcting that Regulation,L2,high,L2,0,3,3,97,0.277027,0,0.166667
32023R2450,32023R2450,2023,Regulation,2020s,2020,Commission Delegated Regulation (EU) 2023/2450 of 25 July 2023 supplementing Directive (EU) 2022/2557 of the European Parliament and of the Council by establishing a list of essential services,L2,high,L2,0,1,1,99,0.253001,0,0
32023R2633,32023R2633,2023,Regulation,2020s,2020,Commission Implementing Regulation (EU) 2023/2633 of 20 November 2023 setting the filling trajectory with intermediary targets for 2024 for each Member State with underground gas storage facilities on its territory and directly interconnected to its market area,L2,high,L2,0,5,5,63,0.203219,0,0.15
32024D2176,32024D2176,2024,Decision,2020s,2020,Council Decision (EU) 2024/2176 of 8 December 2023 on the position to be taken on behalf of the European Union within the Regional Steering Committee of the Transport Community as regards the introduction of a common set of rules on the reimbursement of expenses incurred by persons from outside the Permanent Secretariat of the Transport Community who are invited to participate in meetings of the Transport Community,L1,high,L1,0,3,3,99,1,0,0
32024L1275,32024L1275,2024,Directive,2020s,2020,Directive (EU) 2024/1275 of the European Parliament and of the Council of 24 April 2024 on the energy performance of buildings (recast) (Text with EEA relevance),L1,high,L1,1,33,34,63,0.324704,137.366247,0.122103
32024R3137,32024R3137,2024,Regulation,2020s,2020,Commission Implementing Regulation (EU) 2024/3137 of 13 December 2024 amending Regulation (EC) No 474/2006 as regards the list of air carriers banned from operating or subject to operational restrictions within the Union,L2,high,L2,0,10,10,9,0.217425,0,0.166667
31985D0636,31985D0636,1985,Decision,Pre-Single European Act,1980,,L2,low,L2,0,1,1,74,1,0,0
31986A0537,31986A0537,1986,Legislative_Act,Pre-Single European Act,1980,,L1,medium,L1,0,21,21,89,1,0,0
31988Y1027(01),31988Y102701,1988,Legislative_Act,Pre-Maastricht,1980,,L1,medium,L1,0,2,2,75,1,0,0
31989L0117,31989L0117,1989,Directive,Pre-Maastricht,1980,,L1,low,L1,1,7,8,19,0.818182,68.317017,0.125
31989Y0511(01),31989Y051101,1989,Legislative_Act,Pre-Maastricht,1980,,L1,medium,L1,1,1,2,19,1,1,0
31992Y1204(02),31992Y120402,1992,Legislative_Act,Pre-Maastricht,1990,,L1,medium,L1,1,3,4,19,1,3,0
31997D0815,31997D0815,1997,Decision,1990s,1990,,L2,low,L2,0,4,4,19,1,0,0
31998D0515,31998D0515,1998,Decision,1990s,1990,,L2,low,L2,2,5,7,19,1,4,0.166667
32006R0474R(03),32006R0474,2006,Regulation,Late 2000s,2000,COMMISSION REGULATION (EC) No 474/2006 of 22 March 2006 establishing the Community list of air carriers which are subject to an operating ban within the Community referred to in Chapter II of Regulation (EC) No 2111/2005 of the European Parliament and of the Council (Text with EEA relevance),L1,high,L1,18,2,20,9,0.466667,12.333333,0.160819
32008D1351,32008D1351,2008,Decision,Late 2000s,2000,DECISION No 1351/2008/EC OF THE EUROPEAN PARLIAMENT AND OF THE COUNCIL of 16 December 2008 establishing a multiannual Community programme on protecting children using the Internet and other communication technologies (Text with EEA relevance),L1,high,L1,0,6,6,98,0.44898,0,0.1
32009D0010,32009D0010,2009,Decision,Late 2000s,2000,COMMISSION DECISION of 2 December 2008 establishing a major accident report form pursuant to Council Directive 96/82/EC on the control of major-accident hazards involving dangerous substances (notified under document number C(2008) 7530) (Text with EEA relevance) (2009/10/EC),L1,high,L1,1,2,3,92,1,1.5,0
32009L0081R(01),32009L0081,2009,Directive,Late 2000s,2000,"DIRECTIVE 2009/81/EC OF THE EUROPEAN PARLIAMENT AND OF THE COUNCIL of 13 July 2009 on the coordination of procedures for the award of certain works contracts, supply contracts and service contracts by contracting authorities or entities in the fields of defence and security, and amending Directives 2004/17/EC and 2004/18/EC (Text with EEA relevance)",L1,high,L1,33,19,52,92,0.714286,6469.115596,0.062353
32013D0355,32013D0355,2013,Decision,Early 2010s,2010,COUNCIL DECISION 2013/355/CFSP of 3 July 2013 amending and extending Joint Action 2005/889/CFSP on establishing a European Union Border Assistance Mission for the Rafah Crossing Point (EU BAM Rafah),L1,high,L1,0,6,6,77,0.6875,0,0.033333
32013D1313R(01),32013D1313,2013,Decision,Early 2010s,2010,DECISION No 1313/2013/EU OF THE EUROPEAN PARLIAMENT AND OF THE COUNCIL of 17 December 2013 on a Union Civil Protection Mechanism (Text with EEA relevance),L1,high,L1,29,13,42,99,0.609756,1717.270729,0.053049
32014D0018,32014D0018,2014,Decision,Early 2010s,2010,POLITICAL AND SECURITY COMMITTEE DECISION EUCAP SAHEL NIGER/1/2014 of 14 January 2014 extending the mandate of the Head of Mission of the European Union CSDP mission in Niger (EUCAP Sahel Niger) (2014/18/CFSP),L2,low,L2,0,3,3,77,1,0,0
32014D0415R(01),32014D0415,2014,Decision,Early 2010s,2010,COUNCIL DECISION of 24 June 2014 on the arrangements for the implementation by the Union of the solidarity clause (2014/415/EU),L1,high,L1,5,7,12,99,0.428571,57.233333,0.172727
32014D0485,32014D0485,2014,Decision,Early 2010s,2010,COUNCIL DECISION 2014/485/CFSP of 22 July 2014 amending Decision 2012/389/CFSP on the European Union Mission on Regional Maritime Capacity Building in the Horn of Africa (EUCAP NESTOR),L1,high,L1,1,4,5,77,1,28,0
32015D0163,32015D0163,2015,Decision,Late 2010s,2010,"COMMISSION DECISION (EU) 2015/163 of 21 November 2014 on the compatibility with Union law of the measures to be taken by Poland pursuant to Article 14 of Directive 2010/13/EU of the European Parliament and of the Council on the coordination of certain provisions laid down by law, regulation or administrative action in Member States concerning the provision of audiovisual media services (Audiovisual Media Services Directive)",L1,high,L1,0,0,0,76,0,0,0
32016L1919,32016L1919,2016,Directive,Late 2010s,2010,DIRECTIVE (EU) 2016/1919 OF THE EUROPEAN PARLIAMENT AND OF THE COUNCIL of 26 October 2016 on legal aid for suspects and accused persons in criminal proceedings and for requested persons in European arrest warrant proceedings,L1,high,L1,9,11,20,97,0.689655,667.644137,0.210526
32017D1193,32017D1193,2017,Decision,Late 2010s,2010,COUNCIL DECISION (CFSP) 2017/1193 of 4 July 2017 amending Joint Action 2005/889/CFSP on establishing a European Union Border Assistance Mission for the Rafah Crossing Point (EU BAM Rafah),L1,high,L1,1,4,5,77,0.75,1,0.15
32017D2315R(02),32017D2315,2017,Decision,Late 2010s,2010,COUNCIL DECISION (CFSP) 2017/2315 of 11 December 2017 establishing permanent structured cooperation (PESCO) and determining the list of participating Member States,L1,high,L1,10,9,19,77,0.422414,1500.94632,0.104575
32017R1084R(01),32017R1084,2017,Regulation,Late 2010s,2010,"COMMISSION REGULATION (EU) 2017/1084 of 14 June 2017 amending Regulation (EU) No 651/2014 as regards aid for port and airport infrastructure, notification thresholds for aid for culture and heritage conservation and for aid for sport and multifunctional recreational infrastructures, and regional operating aid schemes for outermost regions and amending Regulation (EU) No 702/2014 as regards the calculation of eligible costs (Text with EEA relevance)",L2,medium,L2,4,16,20,86,0.304791,700.287302,0.096491
32018D0943,32018D0943,2018,Decision,Late 2010s,2010,Council Decision (CFSP) 2018/943 of 29 June 2018 amending Joint Action 2005/889/CFSP on establishing a European Union Border Assistance Mission for the Rafah Crossing Point (EU BAM Rafah),L1,high,L1,0,4,4,77,0.7,0,0.25
32018R1785,32018R1785,2018,Regulation,Late 2010s,2010,Commission Implementing Regulation (EU) 2018/1785 of 15 November 2018 concerning the classification of certain goods in the Combined Nomenclature,L2,high,L2,0,2,2,96,0.333333,0,0.5
32020Q0407(01),32020Q040701,2020,Legislative_Act,2020s,2020,,L1,medium,L1,0,6,6,97,0.257123,0,0.166667
32020R1055R(02),32020R1055,2020,Regulation,2020s,2020,"Regulation (EU) 2020/1055 of the European Parliament and of the Council of 15 July 2020 amending Regulations (EC) No 1071/2009, (EC) No 1072/2009 and (EU) No 1024/2012 with a view to adapting them to developments in the road transport sector",L1,high,L1,2,15,17,98,0.267922,335.700549,0.133333
32021R0023,32021R0023,2021,Regulation,2020s,2020,"Regulation (EU) 2021/23 of the European Parliament and of the Council of 16 December 2020 on a framework for the recovery and resolution of central counterparties and amending Regulations (EU) No 1095/2010, (EU) No 648/2012, (EU) No 600/2014, (EU) No 806/2014 and (EU) 2015/2365 and Directives 2002/47/EC, 2004/25/EC, 2007/36/EC, 2014/59/EU and (EU) 2017/1132 (Text with EEA relevance)",L1,high,L1,9,27,36,80,0.280866,1590.160696,0.111905
32021R0697,32021R0697,2021,Regulation,2020s,2020,Regulation (EU) 2021/697 of the European Parliament and of the Council of 29 April 2021 establishing the European Defence Fund and repealing Regulation (EU) 2018/1092 (Text with EEA relevance),L1,high,L1,5,33,38,99,0.32358,2678.020478,0.072823
32022D0339,32022D0339,2022,Decision,2020s,2020,Council Decision (CFSP) 2022/339 of 28 February 2022 on an assistance measure under the European Peace Facility to support the Ukrainian Armed Forces,L1,high,L1,6,5,11,77,0.195501,739,0.190909
32022D0644,32022D0644,2022,Decision,2020s,2020,Council Decision (EU) 2022/644 of 12 April 2022 on the position to be adopted on behalf of the European Union within the International Maritime Organization’s Maritime Safety Committee during its 105th session and within the International Maritime Organization’s Facilitation Committee during its 46th session as regards the adoption of amendments to the resolutions on performance standards in relation to equipment used in the Global Maritime Distress and Safety System and of amendments to the Annex to the Convention on Facilitation of International Maritime Traffic (FAL),L1,high,L1,0,4,4,92,0.218651,0,0.083333
32022D0772,32022D0772,2022,Decision,2020s,2020,Commission Decision (EU) 2022/772 of 13 April 2022 on the consistency of the performance targets contained in the draft performance plan submitted by the Czech Republic pursuant to Regulation (EC) No 549/2004 of the European Parliament and of the Council with the Union-wide performance targets for the third reference period (notified under document C(2022) 2293) (Only the Czech text is authentic) (Text with EEA relevance),L1,high,L1,0,4,4,9,0.218702,0,0.333333
32022D0885,32022D0885,2022,Decision,2020s,2020,"Council Decision (CFSP) 2022/885 of 3 June 2022 amending Decision 2014/145/CFSP concerning restrictive measures in respect of actions undermining or threatening the territorial integrity, sovereignty and independence of Ukraine",L1,high,L1,0,2,2,96,0.75,0,0
32022D1284,32022D1284,2022,Decision,2020s,2020,Council Decision (CFSP) 2022/1284 of 21 July 2022 amending Decision (CFSP) 2022/339 on an assistance measure under the European Peace Facility to support the Ukrainian Armed Forces,L1,high,L1,1,5,6,77,0.195733,0,0.466667
32023R1193,32023R1193,2023,Regulation,2020s,2020,Commission Delegated Regulation (EU) 2023/1193 of 14 March 2023 supplementing Regulation (EU) 2021/23 of the European Parliament and of the Council with regard to regulatory technical standards specifying the contents of the resolution plan (Text with EEA relevance),L2,high,L2,0,3,3,80,0.231317,0,0.5
32024D3096,32024D3096,2024,Decision,2020s,2020,Council Decision (CFSP) 2024/3096 of 5 December 2024 amending Decision 2012/389/CFSP on the European Union Capacity Building Mission in Somalia (EUCAP Somalia),L1,high,L1,0,4,4,77,0.451613,0,0.416667
32024R2916,32024R2916,2024,Regulation,2020s,2020,Commission Implementing Regulation (EU) 2024/2916 of 25 November 2024 laying down a standard form for the data included in the report on the processing of personal data published and reported to the competent supervisory authority and to the Commission by service providers under Regulation (EU) 2021/1232 of the European Parliament and of the Council,L2,high,L2,0,1,1,97,0.214569,0,0
32025D0779,32025D0779,2025,Decision,2020s,2020,Council Decision (CFSP) 2025/779 of 14 April 2025 amending Common Position 2008/944/CFSP defining common rules governing control of exports of military technology and equipment,L1,high,L1,0,5,5,77,0.244722,0,0.15
11957A126,11957A126,1957,Treaty,Pre-Treaty of Rome,1950,,L1,high,L1,2,0,2,91,0,0,0
11957E169,11957E169,1957,Treaty,Pre-Treaty of Rome,1950,,L1,high,L1,2,0,2,19,0,0,0.5
11992E130I,11992E130I,1992,Treaty,Pre-Maastricht,1990,,L1,high,L1,1,0,1,63,0,0,0
11992MJ02,11992MJ02,1992,Treaty,Pre-Maastricht,1990,,L1,high,L1,1,0,1,77,0,0,0
11994NN01/03/B,11994NN0103B,1994,Treaty,1990s,1990,,L1,high,L1,1,0,1,89,0,0,0
11997D/AFI,11997DAFI,1997,Treaty,1990s,1990,,L1,high,L1,1,0,1,97,0,0,0
11997M015,11997M015,1997,Treaty,1990s,1990,,L1,high,L1,2,0,2,96,0,0,0
12002E055,12002E055,2002,Treaty,Early 2000s,2000,,L1,high,L1,5,0,5,92,0,0,0.1
12003T003,12003T003,2003,Treaty,Early 2000s,2000,,L1,high,L1,4,0,4,97,0,0,0
12003T057,12003T057,2003,Treaty,Early 2000s,2000,,L1,high,L1,1,0,1,96,0,0,0
12005S/ACT,12005SACT,2005,Treaty,Late 2000s,2000,,L1,high,L1,1,0,1,89,0,0,0
12006E047,12006E047,2006,Treaty,Late 2000s,2000,,L1,high,L1,4,0,4,80,0,0,0
12006E285,12006E285,2006,Treaty,Late 2000s,2000,,L1,high,L1,3,0,3,63,0,0,0
12012E/PRO/04,12012EPRO04,2012,Treaty,Early 2010s,2010,,L1,high,L1,7,0,7,80,0,0,0.02381
12012E240,12012E240,2012,Treaty,Early 2010s,2010,,L1,high,L1,2,0,2,97,0,0,0.5
12012M/PRO/22,12012MPRO22,2012,Treaty,Early 2010s,2010,,L1,high,L1,5,0,5,97,0,0,0.05
12012P047,12012P047,2012,Treaty,Early 2010s,2010,,L1,high,L1,3,0,3,97,0,0,0.333333
12016E003,12016E003,2016,Treaty,Late 2010s,2010,,L1,high,L1,3,0,3,9,0,0,0
12016E082,12016E082,2016,Treaty,Late 2010s,2010,,L1,high,L1,16,0,16,97,0,0,0.083333
12016E173,12016E173,2016,Treaty,Late 2010s,2010,,L1,high,L1,11,0,11,99,0,0,0.154545
12016E222,12016E222,2016,Treaty,Late 2010s,2010,,L1,high,L1,1,0,1,99,0,0,0
12016E263,12016E263,2016,Treaty,Late 2010s,2010,,L1,high,L1,12,0,12,97,0,0,0.075758
12016E287,12016E287,2016,Treaty,Late 2010s,2010,,L1,high,L1,2,0,2,97,0,0,0
12016M021,12016M021,2016,Treaty,Late 2010s,2010,,L1,high,L1,57,0,57,77,0,0,0.015038
31970R1107,31970R1107,1970,Regulation,Pre-Single European Act,1970,,L1,low,L1,3,0,3,89,0,0,0.166667
31975Y1217(01),31975Y121701,1975,Legislative_Act,Pre-Single European Act,1970,,L1,medium,L1,0,1,1,19,1,0,0
31977Q1231,31977Q1231,1977,Legislative_Act,Pre-Single European Act,1970,,L1,medium,L1,8,0,8,57,0,0,0
31984D0510R(01),31984D0510,1984,Decision,Pre-Single European Act,1980,,L2,low,L2,2,2,4,57,0.5,0,0.5
31986L0560R(01),31986L0560,1986,Directive,Pre-Single European Act,1980,,L1,low,L1,4,2,6,96,1,2.5,0.35
31987H0371R(01),31987H0371,1987,Legislative_Act,Pre-Maastricht,1980,,L1,medium,L1,4,6,10,19,1,44.258333,0.277778
31988H0611,31988H0611,1988,Legislative_Act,Pre-Maastricht,1980,,L1,medium,L1,0,3,3,19,0.578947,0,0
31988Y1212(01),31988Y121201,1988,Legislative_Act,Pre-Maastricht,1980,,L1,medium,L1,1,0,1,57,0,0,0
31989L0665,31989L0665,1989,Directive,Pre-Maastricht,1980,,L1,low,L1,12,3,15,92,1,570.558122,0.185714
31992R2409,31992R2409,1992,Regulation,Pre-Maastricht,1990,,L1,low,L1,5,0,5,89,0,0,0.2
31994D0796,31994D0796,1994,Decision,1990s,1990,,L2,low,L2,1,0,1,19,0,0,0
31994D1067,31994D1067,1994,Decision,1990s,1990,,L2,low,L2,1,0,1,63,0,0,0
31994R1164,31994R1164,1994,Regulation,1990s,1990,,L1,low,L1,1,0,1,57,0,0,0
31997L0033,31997L0033,1997,Directive,1990s,1990,,L1,low,L1,6,0,6,19,0,0,0
31998L0078,31998L0078,1998,Directive,1990s,1990,,L1,low,L1,6,0,6,80,0,0,0.2
31998Y0115(01),31998Y011501,1998,Legislative_Act,1990s,1990,,L1,medium,L1,1,0,1,78,0,0,0
31998Y0310(01),31998Y031001,1998,Legislative_Act,1990s,1990,,L1,medium,L1,4,0,4,89,0,0,0
31999L0005,31999L0005,1999,Directive,1990s,1990,,L1,low,L1,15,0,15,19,0,0,0.071429
31999L0094R(01),31999L0094,1999,Directive,1990s,1990,,L1,low,L1,4,2,6,63,1,13.891071,0.25
32000L0009,32000L0009,2000,Directive,Early 2000s,2000,,L1,low,L1,1,0,1,89,0,0,0
32001D0264,32001D0264,2001,Decision,Early 2000s,2000,,L2,low,L2,4,0,4,77,0,0,0
32001R2423,32001R2423,2001,Regulation,Early 2000s,2000,,L1,low,L1,1,0,1,80,0,0,0
32002D0730,32002D0730,2002,Decision,Early 2000s,2000,,L2,low,L2,1,0,1,89,0,0,0
32002R0063,32002R0063,2002,Regulation,Early 2000s,2000,,L1,low,L1,1,0,1,80,0,0,0
32003D0479,32003D0479,2003,Decision,Early 2000s,2000,,L2,low,L2,1,0,1,27,0,0,0
32004E0495,32004E0495,2004,Legislative_Act,Early 2000s,2000,COUNCIL JOINT ACTION 2004/495/CFSP of 17 May 2004 on support for IAEA activities under its Nuclear Security Programme and in the framework of the implementation of the EU Strategy against Proliferation of Weapons of Mass Destruction,L1,medium,L1,1,0,1,77,0,0,0
32004L0008,32004L0008,2004,Directive,Early 2000s,2000,,L1,low,L1,5,0,5,63,0,0,0.2
32005R1207,32005R1207,2005,Regulation,Late 2000s,2000,COMMISSION REGULATION (EC) No 1207/2005 of 27 July 2005 amending Council Regulation (EC) No 2580/2001 on specific measures directed against certain persons and entities with a view to combating terrorism,L1,high,L1,0,1,1,96,0.5,0,0
32006D0679,32006D0679,2006,Decision,Late 2000s,2000,COMMISSION DECISION of 28 March 2006 concerning the technical specification for interoperability relating to the control-command and signalling subsystem of the trans-European conventional rail system (notified under document number C(2006) 964) (Text with EEA relevance) (2006/679/EC),L2,medium,L2,1,0,1,89,0,0,0
32008D0712,32008D0712,2008,Decision,Late 2000s,2000,POLITICAL AND SECURITY COMMITTEE DECISION BiH/13/2008 of 29 July 2008 amending Decision BiH/1/2004 on the acceptance of third States’ contributions to the European Union military operation in Bosnia and Herzegovina and Decision BiH/3/2004 on the setting-up of the Committee of Contributors for the European Union military operation in Bosnia and Herzegovina (2008/712/CFSP) ‘ANNEX ‘ANNEX,L2,low,L2,0,2,2,97,0.666667,0,0
32008R0351,32008R0351,2008,Regulation,Late 2000s,2000,COMMISSION REGULATION (EC) No 351/2008 of 16 April 2008 implementing Directive 2004/36/EC of the European Parliament and of the Council as regards the prioritisation of ramp inspections on aircraft using Community airports (Text with EEA relevance),L2,high,L2,3,0,3,9,0,0,0.333333
32008R0766,32008R0766,2008,Regulation,Late 2000s,2000,REGULATION (EC) No 766/2008 OF THE EUROPEAN PARLIAMENT AND OF THE COUNCIL of 9 July 2008 amending Council Regulation (EC) No 515/97 on mutual assistance between the administrative authorities of the Member States and cooperation between the latter and the Commission to ensure the correct application of the law on customs and agricultural matters,L1,high,L1,0,6,6,98,0.607143,0,0.1
32009L0033,32009L0033,2009,Directive,Late 2000s,2000,DIRECTIVE 2009/33/EC OF THE EUROPEAN PARLIAMENT AND OF THE COUNCIL of 23 April 2009 on the promotion of clean and energy-efficient road transport vehicles (Text with EEA relevance),L1,high,L1,8,7,15,92,0.511628,381.508464,0.090476
32009L0111,32009L0111,2009,Directive,Late 2000s,2000,"DIRECTIVE 2009/111/EC OF THE EUROPEAN PARLIAMENT AND OF THE COUNCIL of 16 September 2009 amending Directives 2006/48/EC, 2006/49/EC and 2007/64/EC as regards banks affiliated to central institutions, certain own funds items, large exposures, supervisory arrangements, and crisis management (Text with EEA relevance)",L1,high,L1,3,0,3,80,0,0,0.666667
32009R1179,32009R1179,2009,Regulation,Late 2000s,2000,COMMISSION REGULATION (EC) No 1179/2009 of 26 November 2009 amending or repealing certain regulations on the classification of goods in the Combined Nomenclature,L2,medium,L2,1,5,6,96,0.857143,2,0.266667
32011D0536,32011D0536,2011,Decision,Early 2010s,2010,COUNCIL DECISION 2011/536/CFSP of 12 September 2011 amending and extending Decision 2010/452/CFSP on the European Union Monitoring Mission in Georgia (EUMM Georgia),L1,high,L1,0,4,4,77,0.75,0,0.25
32011R1077,32011R1077,2011,Regulation,Early 2010s,2010,"REGULATION (EU) No 1077/2011 OF THE EUROPEAN PARLIAMENT AND OF THE COUNCIL of 25 October 2011 establishing a European Agency for the operational management of large-scale IT systems in the area of freedom, security and justice",L1,high,L1,3,0,3,97,0,0,0.5
32012R0826,32012R0826,2012,Regulation,Early 2010s,2010,"COMMISSION DELEGATED REGULATION (EU) No 826/2012 of 29 June 2012 supplementing Regulation (EU) No 236/2012 of the European Parliament and of the Council with regard to regulatory technical standards on notification and disclosure requirements with regard to net short positions, the details of the information to be provided to the European Securities and Markets Authority in relation to net short positions and the method for calculating turnover to determine exempted shares (Text with EEA relevance)",L2,high,L2,1,3,4,80,0.300971,0.166667,0.333333
32013D0656,32013D0656,2013,Decision,Early 2010s,2010,POLITICAL AND SECURITY COMMITTEE DECISION EUCAP SAHEL NIGER/2/2013 of 12 November 2013 on the appointment of the Head of Mission of the European Union CSDP mission in Niger (EUCAP Sahel Niger) (2013/656/CFSP),L2,low,L2,1,0,1,77,0,0,0
32013R0147,32013R0147,2013,Regulation,Early 2010s,2010,"COMMISSION REGULATION (EU) No 147/2013 of 13 February 2013 amending Regulation (EC) No 1099/2008 of the European Parliament and of the Council on energy statistics, as regards the implementation of updates for the monthly and annual energy statistics",L1,high,L1,0,3,3,63,0.615385,0,0.333333
32013R0549R(05),32013R0549,2013,Regulation,Early 2010s,2010,REGULATION (EU) No 549/2013 OF THE EUROPEAN PARLIAMENT AND OF THE COUNCIL of 21 May 2013 on the European system of national and regional accounts in the European Union (Text with EEA relevance),L1,high,L1,10,6,16,80,0.336683,604.278739,0.090476
32014D0702,32014D0702,2014,Decision,Early 2010s,2010,COMMISSION IMPLEMENTING DECISION of 7 October 2014 amending Decision 2007/131/EC on allowing the use of the radio spectrum for equipment using ultra-wideband technology in a harmonised manner in the Community (notified under document C(2014) 7083) (2014/702/EU),L2,high,L2,1,0,1,19,0,0,0
32014R0538,32014R0538,2014,Regulation,Early 2010s,2010,REGULATION (EU) No 538/2014 OF THE EUROPEAN PARLIAMENT AND OF THE COUNCIL of 16 April 2014 amending Regulation (EU) No 691/2011 on European environmental economic accounts (Text with EEA relevance),L1,high,L1,1,4,5,97,0.513514,32.555679,0
32015D2240,32015D2240,2015,Decision,Late 2010s,2010,"DECISION (EU) 2015/2240 OF THE EUROPEAN PARLIAMENT AND OF THE COUNCIL of 25 November 2015 establishing a programme on interoperability solutions and common frameworks for European public administrations, businesses and citizens (ISA2programme) as a means for modernising the public sector (Text with EEA relevance)",L1,high,L1,2,0,2,97,0,0,0
32015R0002,32015R0002,2015,Regulation,Late 2010s,2010,COMMISSION DELEGATED REGULATION (EU) 2015/2 of 30 September 2014 supplementing Regulation (EC) No 1060/2009 of the European Parliament and of the Council with regard to regulatory technical standards for the presentation of the information that credit rating agencies make available to the European Securities and Markets Authority (Text with EEA relevance),L2,high,L2,0,6,6,80,0.317844,0,0.133333
32015R1972,32015R1972,2015,Regulation,Late 2010s,2010,COMMISSION DELEGATED REGULATION (EU) 2015/1972 of 8 July 2015 supplementing Regulation (EU) No 223/2014 of the European Parliament and of the Council with specific provisions on the reporting of irregularities concerning the Fund for European Aid to the Most Deprived,L2,high,L2,2,8,10,86,0.262781,2.333333,0.236111
32016D1634,32016D1634,2016,Decision,Late 2010s,2010,POLITICAL AND SECURITY COMMITTEE DECISION (CFSP) 2016/1634 of 30 August 2016 on the appointment of the Head of Mission of the European Union Integrated Border Management Assistance Mission in Libya (EUBAM Libya) (EUBAM Libya/1/2016),L2,low,L2,1,0,1,77,0,0,0
32016D2238,32016D2238,2016,Decision,Late 2010s,2010,"COUNCIL DECISION (CFSP) 2016/2238 of 12 December 2016 amending Decision 2010/452/CFSP on the European Union Monitoring Mission in Georgia, EUMM Georgia",L1,high,L1,1,6,7,77,0.714286,1,0.142857
32016R1388,32016R1388,2016,Regulation,Late 2010s,2010,COMMISSION REGULATION (EU) 2016/1388 of 17 August 2016 establishing a Network Code on Demand Connection (Text with EEA relevance),L2,medium,L2,2,7,9,63,0.289076,142.119872,0.291667
32017D2116,32017D2116,2017,Decision,Late 2010s,2010,"COMMISSION DECISION (EU) 2017/2116 of 27 July 2017 on aid scheme SA.38398 (2016/C, ex 2015/E) implemented by France — Taxation of ports in France (notified under document C(2017) 5176) (Only the French text is authentic) (Text with EEA relevance)",L2,medium,L2,0,22,22,89,0.275174,0,0.012987
32017R0214,32017R0214,2017,Regulation,Late 2010s,2010,"COMMISSION DELEGATED REGULATION (EU) 2017/214 of 30 November 2016 amending Regulation (EU) No 98/2013 of the European Parliament and of the Council, as regards adding aluminium powder to the list of explosives precursors in Annex II (Text with EEA relevance)",L2,high,L2,1,0,1,92,0,0,0
32017R2367,32017R2367,2017,Regulation,Late 2010s,2010,COMMISSION REGULATION (EU) 2017/2367 of 18 December 2017 amending Directive 2009/81/EC of the European Parliament and of the Council in respect of the application thresholds for the procedures for the award of contracts (Text with EEA relevance),L1,high,L1,0,2,2,92,0.278579,0,0.5
32019L0713,32019L0713,2019,Directive,Late 2010s,2010,Directive (EU) 2019/713 of the European Parliament and of the Council of 17 April 2019 on combating fraud and counterfeiting of non-cash means of payment and replacing Council Framework Decision 2001/413/JHA,L1,high,L1,2,12,14,97,0.292988,124.009127,0.087912
32020R1304,32020R1304,2020,Regulation,2020s,2020,Commission Delegated Regulation (EU) 2020/1304 of 14 July 2020 supplementing Regulation (EU) No 648/2012 of the European Parliament and of the Council with regard to the minimum elements to be assessed by ESMA when assessing third-country CCPs’ requests for comparable compliance and the modalities and conditions of that assessment (Text with EEA relevance),L2,high,L2,1,2,3,80,0.259962,0.5,0.333333
32021Q0209(01),32021Q020901,2021,Legislative_Act,2020s,2020,,L1,medium,L1,0,6,6,97,0.23225,0,0.133333
32021Q0604(01),32021Q060401,2021,Legislative_Act,2020s,2020,,L1,medium,L1,0,6,6,97,0.23225,0,0.133333
32021R1348,32021R1348,2021,Regulation,2020s,2020,Commission Delegated Regulation (EU) 2021/1348 of 6 May 2021 supplementing Regulation (EU) 2016/1011 of the European Parliament and of the Council with regard to regulatory technical standards specifying the criteria under which competent authorities may require changes to the compliance statement of non-significant benchmarks (Text with EEA relevance),L2,high,L2,0,3,3,80,0.268812,0,0.5
32022D0480,32022D0480,2022,Decision,2020s,2020,"Decision (EU) 2022/480 of the European Parliament of 10 March 2022 on setting up a committee of inquiry to investigate the use of the Pegasus and equivalent surveillance spyware, and defining the subject of the inquiry, as well as the responsibilities, numerical strength and term of office of the committee",L2,low,L2,0,21,21,97,0.245317,0,0.009524
32022D1971,32022D1971,2022,Decision,2020s,2020,"Council Decision (CFSP) 2022/1971 of 17 October 2022 amending Decision (CFSP) 2022/338 on an assistance measure under the European Peace Facility for the supply to the Ukrainian Armed Forces of military equipment, and platforms, designed to deliver lethal force",L1,high,L1,1,5,6,77,0.195733,0,0.466667
32022D2349,32022D2349,2022,Decision,2020s,2020,"Council Decision (EU) 2022/2349 of 21 November 2022 authorising the opening of negotiations on behalf of the European Union for a Council of Europe convention on artificial intelligence, human rights, democracy and the rule of law",L1,high,L1,0,15,15,97,0.278443,0,0.042857
32022R0398,32022R0398,2022,Regulation,2020s,2020,Council Regulation (EU) 2022/398 of 9 March 2022 amending Regulation (EC) No 765/2006 concerning restrictive measures in view of the situation in Belarus and the involvement of Belarus in the Russian aggression against Ukraine,L1,high,L1,0,4,4,80,0.295606,0,0.166667
32022R0858R(01),32022R0858,2022,Regulation,2020s,2020,"Regulation (EU) 2022/858 of the European Parliament and of the Council of 30 May 2022 on a pilot regime for market infrastructures based on distributed ledger technology, and amending Regulations (EU) No 600/2014 and (EU) No 909/2014 and Directive 2014/65/EU (Text with EEA relevance)",L1,high,L1,2,20,22,80,0.315389,392.009436,0.185714
32023D2682,32023D2682,2023,Decision,2020s,2020,Council Decision (CSFP) 2023/2682 of 27 November 2023 on an assistance measure under the European Peace Facility to support military actors and navies of coastal states involved in maritime security operations in the Gulf of Guinea,L1,high,L1,0,5,5,77,0.195501,0,0.2
32023R1315R(01),32023R1315,2023,Regulation,2020s,2020,"Commission Regulation (EU) 2023/1315 of 23 June 2023 amending Regulation (EU) No 651/2014 declaring certain categories of aid compatible with the internal market in application of Articles 107 and 108 of the Treaty and Regulation (EU) 2022/2473 declaring certain categories of aid to undertakings active in the production, processing and marketing of fishery and aquaculture products compatible with the internal market in application of Articles 107 and 108 of the Treaty (Text with EEA relevance)",L2,medium,L2,1,51,52,99,0.368395,0,0.072549
32023R2405,32023R2405,2023,Regulation,2020s,2020,Regulation (EU) 2023/2405 of the European Parliament and of the Council of 18 October 2023 on ensuring a level playing field for sustainable air transport (ReFuelEU Aviation) (Text with EEA relevance),L1,high,L1,4,13,17,63,0.275233,160.99701,0.165441
32024L1385,32024L1385,2024,Directive,2020s,2020,Directive (EU) 2024/1385 of the European Parliament and of the Council of 14 May 2024 on combating violence against women and domestic violence,L1,high,L1,0,28,28,97,0.318584,0,0.050265
32024R1263,32024R1263,2024,Regulation,2020s,2020,Regulation (EU) 2024/1263 of the European Parliament and of the Council of 29 April 2024 on the effective coordination of economic policies and on multilateral budgetary surveillance and repealing Council Regulation (EC) No 1466/97,L1,high,L1,0,13,13,99,0.275913,0,0.166667
32024R1789,32024R1789,2024,Regulation,2020s,2020,"Regulation (EU) 2024/1789 of the European Parliament and of the Council of 13 June 2024 on the internal markets for renewable gas, natural gas and hydrogen, amending Regulations (EU) No 1227/2011, (EU) 2017/1938, (EU) 2019/942 and (EU) 2022/869 and Decision (EU) 2017/684 and repealing Regulation (EC) No 715/2009 (recast) (Text with EEA relevance)",L1,high,L1,1,41,42,63,0.313832,55.328945,0.12378
32024R2754,32024R2754,2024,Regulation,2020s,2020,Commission Implementing Regulation (EU) 2024/2754 of 29 October 2024 imposing a definitive countervailing duty on imports of new battery electric vehicles designed for the transport of persons originating in the People’s Republic of China,L2,high,L2,0,7,7,96,0.258283,0,0.02381
32024R3189,32024R3189,2024,Regulation,2020s,2020,"Council Regulation (EU) 2024/3189 of 16 December 2024 amending Regulation (EU) No 269/2014 concerning restrictive measures in respect of actions undermining or threatening the territorial integrity, sovereignty and independence of Ukraine",L1,high,L1,0,5,5,96,0.267857,0,0.1
32024R3192,32024R3192,2024,Regulation,2020s,2020,Council Regulation (EU) 2024/3192 of 16 December 2024 amending Regulation (EU) No 833/2014 concerning restrictive measures in view of Russia’s actions destabilising the situation in Ukraine,L1,high,L1,0,4,4,96,0.234551,0,0.166667
32025R0300,32025R0300,2025,Regulation,2020s,2020,Commission Delegated Regulation (EU) 2025/300 of 10 October 2024 supplementing Regulation (EU) 2023/1114 of the European Parliament and of the Council with regard to regulatory technical standards on information to be exchanged between competent authorities,L2,high,L2,0,7,7,80,0.239286,0,0.309524
61984CJ0248,61984CJ0248,1984,Case_Law,Pre-Single European Act,1980,,L4,high,L4,2,0,2,89,0,0,0
61999CJ0513,61999CJ0513,1999,Case_Law,1990s,1990,"Judgment of the Court of 17 September 2002.#Concordia Bus Finland Oy Ab, formerly Stagecoach Finland Oy Ab v Helsingin kaupunki and HKL-Bussiliikenne.#Reference for a preliminary ruling: Korkein hallinto-oikeus - Finland.#Public service contracts in the transport sector - Directives 92/50/EEC and 93/38/EEC - Contracting municipality which organises bus transport services and an economically independent entity of which participates in the tender procedure as a tenderer - Taking into account of criteria relating to theprotection of the environment to determine the economically most advantageous tender - Whether permissible when the municipal entity which is tendering meets those criteria more easily.#Case C-513/99.",L4,high,L4,1,0,1,89,0,0,0
62007CJ0113,62007CJ0113,2007,Case_Law,Late 2000s,2000,Judgment of the Court (Second Chamber) of 26 March 2009.#SELEX Sistemi Integrati SpA v Commission of the European Communities and Organisation européenne pour la sécurité de la navigation aérienne (Eurocontrol).#Appeals - Competition - Article 82 EC - Concept of an ‘undertaking’ - Economic activity - International organisation - Abuse of a dominant position.#Case C-113/07 P.,L4,high,L4,4,0,4,89,0,0,0.083333
62007CJ0570,62007CJ0570,2007,Case_Law,Late 2000s,2000,Judgment of the Court (Grand Chamber) of 1 June 2010.#José Manuel Blanco Pérez and María del Pilar Chao Gómez v Consejería de Salud y Servicios Sanitarios (C-570/07) and Principado de Asturias (C-571/07).#References for a preliminary ruling: Tribunal Superior de Justicia de Asturias - Spain.#Article 49 TFEU - Directive 2005/36/EC - Freedom of establishment - Public health - Pharmacies - Proximity - Provision of medicinal products to the public - Operating licence - Territorial distribution of pharmacies - Establishment of limits based on population density - Minimum distance between pharmacies - Candidates who have pursued professional activities on part of the national territory - Priority - Discrimination.#Joined cases C-570/07 and C-571/07.,L4,high,L4,1,0,1,92,0,0,0
62018CJ0244,62018CJ0244,2018,Case_Law,Late 2010s,2010,Judgment of the Court (Second Chamber) of 26 March 2020.#Larko Geniki Metalleftiki kai Metallourgiki AE v European Commission.#Appeal — State aid — Capital injections and State guarantees — Concept of State aid — Concept of ‘advantage’ — Private operator principle — Private investor test — European Commission’s obligation to undertake a diligent and impartial examination — Judicial review — Burden of proof — Concept of ‘firm in difficulty’ — Guidelines on State aid for rescuing and restructuring — Guarantee Notice — 2011 temporary framework — Amount of aid to be recovered — Duty of the Commission and the General Court of the European Union to state reasons.#Case C-244/18 P.,L4,high,L4,1,0,1,89,0,0,0
11957E083,11957E083,1957,Treaty,Pre-Treaty of Rome,1950,,L1,high,L1,1,0,1,79,0,0,0
11957E177,11957E177,1957,Treaty,Pre-Treaty of Rome,1950,,L1,high,L1,1,0,1,92,0,0,0
11992E030,11992E030,1992,Treaty,Pre-Maastricht,1990,,L1,high,L1,8,0,8,57,0,0,0
11992E061,11992E061,1992,Treaty,Pre-Maastricht,1990,,L1,high,L1,2,0,2,89,0,0,0.5
11992MJ03,11992MJ03,1992,Treaty,Pre-Maastricht,1990,,L1,high,L1,2,0,2,63,0,0,0
11997D/AFI/DCL/22,11997DAFIDCL22,1997,Treaty,1990s,1990,,L1,high,L1,3,0,3,92,0,0,0.166667
11997D/TXT,11997DTXT,1997,Treaty,1990s,1990,,L1,high,L1,1,0,1,92,0,0,0
11997E093,11997E093,1997,Treaty,1990s,1990,,L1,high,L1,2,0,2,89,0,0,0
11997E248,11997E248,1997,Treaty,1990s,1990,,L1,high,L1,2,0,2,57,0,0,0
12002E,12002E,2002,Treaty,Early 2000s,2000,,L1,high,L1,5,0,5,97,0,0,0.05
12002E251,12002E251,2002,Treaty,Early 2000s,2000,,L1,high,L1,26,0,26,92,0,0,0.009231
12006E088,12006E088,2006,Treaty,Late 2000s,2000,,L1,high,L1,7,0,7,89,0,0,0.047619
12006M034,12006M034,2006,Treaty,Late 2000s,2000,,L1,high,L1,4,0,4,97,0,0,0.25
12010M031,12010M031,2010,Treaty,Early 2010s,2010,,L1,high,L1,1,0,1,77,0,0,0
12012M038,12012M038,2012,Treaty,Early 2010s,2010,,L1,high,L1,4,0,4,77,0,0,0
12016E014,12016E014,2016,Treaty,Late 2010s,2010,,L1,high,L1,1,0,1,99,0,0,0
12016E087,12016E087,2016,Treaty,Late 2010s,2010,,L1,high,L1,11,0,11,97,0,0,0.045455
12016E172,12016E172,2016,Treaty,Late 2010s,2010,,L1,high,L1,5,0,5,99,0,0,0.15
12016E182,12016E182,2016,Treaty,Late 2010s,2010,,L1,high,L1,2,0,2,99,0,0,1
12016E183,12016E183,2016,Treaty,Late 2010s,2010,,L1,high,L1,2,0,2,99,0,0,1
12016E346,12016E346,2016,Treaty,Late 2010s,2010,,L1,high,L1,11,0,11,99,0,0,0.090909
12016M030,12016M030,2016,Treaty,Late 2010s,2010,,L1,high,L1,4,0,4,77,0,0,0.25
12016M044,12016M044,2016,Treaty,Late 2010s,2010,,L1,high,L1,2,0,2,77,0,0,0.5
12016P007,12016P007,2016,Treaty,Late 2010s,2010,,L1,high,L1,29,0,29,97,0,0,0.036946
12020W/TXT,12020WTXT,2020,Treaty,2020s,2020,,L1,high,L1,8,0,8,99,0,0,0.053571
31962D0720,31962D0720,1962,Decision,Pre-Single European Act,1960,,L2,low,L2,1,0,1,89,0,0,0
31978D0174,31978D0174,1978,Decision,Pre-Single European Act,1970,,L2,low,L2,6,0,6,57,0,0,0
31979D0785,31979D0785,1979,Decision,Pre-Single European Act,1970,,L2,low,L2,1,0,1,19,0,0,0
31983D0918,31983D0918,1983,Decision,Pre-Single European Act,1980,,L2,low,L2,1,0,1,89,0,0,0
31985L0374R(01),31985L0374,1985,Directive,Pre-Single European Act,1980,,L1,low,L1,9,1,10,92,0,0,0.152778
31987D0095,31987D0095,1987,Decision,Pre-Maastricht,1980,,L2,low,L2,8,0,8,19,0,0,0.071429
31987L0344,31987L0344,1987,Directive,Pre-Maastricht,1980,,L1,low,L1,2,0,2,80,0,0,0.5
31989L0048,31989L0048,1989,Directive,Pre-Maastricht,1980,,L1,low,L1,4,0,4,80,0,0,0.083333
31989L0336,31989L0336,1989,Directive,Pre-Maastricht,1980,,L1,low,L1,19,0,19,19,0,0,0.01462
31993L0022,31993L0022,1993,Directive,1990s,1990,,L1,low,L1,5,0,5,80,0,0,0.1
31993M0331,31993M0331,1993,Legislative_Act,1990s,1990,,L1,medium,L1,1,1,2,19,1,0,0.5
31994D0579,31994D0579,1994,Decision,1990s,1990,,L2,low,L2,2,0,2,19,0,0,0
31996L0067R(01),31996L0067,1996,Directive,1990s,1990,,L1,low,L1,16,10,26,89,1,6037.134071,0.063333
31999D0276,31999D0276,1999,Decision,1990s,1990,,L2,low,L2,3,2,5,98,1,222.507542,0.05
32001H0453,32001H0453,2001,Legislative_Act,Early 2000s,2000,,L1,medium,L1,1,0,1,80,0,0,0
32001L0013,32001L0013,2001,Directive,Early 2000s,2000,,L1,low,L1,3,0,3,89,0,0,0.333333
32002D0622,32002D0622,2002,Decision,Early 2000s,2000,,L2,low,L2,4,0,4,19,0,0,0.25
32002L0024,32002L0024,2002,Directive,Early 2000s,2000,,L1,low,L1,4,0,4,98,0,0,0.083333
32002L0058R(02),32002L0058,2002,Directive,Early 2000s,2000,,L1,low,L1,92,11,103,97,1,4160.5083,0.03543
32003L0054,32003L0054,2003,Directive,Early 2000s,2000,,L1,low,L1,3,0,3,92,0,0,0
32005D0345,32005D0345,2005,Decision,Late 2000s,2000,COMMISSION DECISION of 18 February 2004 on restructuring aid implemented by Germany for Bankgesellschaft Berlin AG (notified under document number C(2004) 327) (Only the German text is authentic) (Text with EEA relevance) (2005/345/EC),L2,medium,L2,2,6,8,89,1,10,0.035714
32005E0889R(02),32005E0889,2005,Legislative_Act,Late 2000s,2000,COUNCIL JOINT ACTION 2005/889/CFSP of 12 December 2005 on establishing a European Union Border Assistance Mission for the Rafah Crossing Point (EU BAM Rafah),L1,medium,L1,5,3,8,77,1,8,0.190476
32005L0065,32005L0065,2005,Directive,Late 2000s,2000,DIRECTIVE 2005/65/EC OF THE EUROPEAN PARLIAMENT AND OF THE COUNCIL of 26 October 2005 on enhancing port security (Text with EEA relevance),L1,high,L1,3,6,9,98,0.625,36.18501,0.111111
32006L0024,32006L0024,2006,Directive,Late 2000s,2000,DIRECTIVE 2006/24/EC OF THE EUROPEAN PARLIAMENT AND OF THE COUNCIL of 15 March 2006 on the retention of data generated or processed in connection with the provision of publicly available electronic communications services or of public communications networks and amending Directive 2002/58/EC Declaration by the Netherlands pursuant to Article 15(3) of Directive 2006/24/EC Declaration by Austria pursuant to Article 15(3) of Directive 2006/24/EC Declaration by Estonia pursuant to Article 15(3) of Directive 2006/24/EC Declaration by the United Kingdom pursuant to Article 15(3) of Directive 2006/24/EC Declaration by the Republic of Cyprus pursuant to Article 15(3) of Directive 2006/24/EC Declaration by the Hellenic Republic pursuant to Article 15(3) of Directive 2006/24/EC Declaration by the Grand Duchy of Luxembourg pursuant to Article 15(3) of Directive 2006/24/EC Declaration by Slovenia pursuant to Article 15(3) of Directive 2006/24/EC Declaration by Sweden pursuant to Article 15(3) of Directive 2006/24/EC Declaration by the Republic of Lithuania pursuant to Article 15(3) of Directive 2006/24/EC Declaration by the Republic of Latvia pursuant to Article 15(3) of Directive 2006/24/EC Declaration by the Czech Republic pursuant to Article 15(3) of Directive 2006/24/EC Declaration by Belgium pursuant to Article 15(3) of Directive 2006/24/EC Declaration by the Republic of Poland pursuant to Article 15(3) of Directive 2006/24/EC Declaration by Finland pursuant to Article 15(3) of Directive 2006/24/EC Declaration by Germany pursuant to Article 15(3) of Directive 2006/24/EC,L1,high,L1,1,0,1,97,0,0,0
32006L0123,32006L0123,2006,Directive,Late 2000s,2000,DIRECTIVE 2006/123/EC OF THE EUROPEAN PARLIAMENT AND OF THE COUNCIL of 12 December 2006 on services in the internal market,L1,high,L1,17,28,45,92,0.449782,7168.364315,0.029798
32006Q0614(01),32006Q061401,2006,Legislative_Act,Late 2000s,2000,,L1,medium,L1,7,0,7,86,0,0,0.047619
32009D0006(01),32009D000601,2009,Decision,Late 2000s,2000,,L2,low,L2,1,0,1,92,0,0,0
32009R0713,32009R0713,2009,Regulation,Late 2000s,2000,REGULATION (EC) No 713/2009 OF THE EUROPEAN PARLIAMENT AND OF THE COUNCIL of 13 July 2009 establishing an Agency for the Cooperation of Energy Regulators (Text with EEA relevance),L1,high,L1,16,0,16,63,0,0,0.079167
32010D0608,32010D0608,2010,Decision,Early 2010s,2010,COMMISSION DECISION of 18 November 2009 on State aid C 10/09 (ex N 138/09) implemented by the Netherlands for ING’s Illiquid Assets Back Facility and Restructuring Plan (notified under document C(2009) 9000) (Only the English text is authentic) (Text with EEA relevance) (2010/608/EC),L2,medium,L2,1,0,1,80,0,0,0
32011D1130(02),32011D113002,2011,Decision,Early 2010s,2010,,L2,low,L2,2,0,2,92,0,0,0
32012D0332,32012D0332,2012,Decision,Early 2010s,2010,COUNCIL DECISION 2012/332/CFSP of 25 June 2012 amending and extending Joint Action 2005/889/CFSP on establishing a European Union Border Assistance Mission for the Rafah Crossing Point (EU BAM Rafah),L1,high,L1,1,4,5,77,0.75,3,0.05
32012R1146,32012R1146,2012,Regulation,Early 2010s,2010,COMMISSION IMPLEMENTING REGULATION (EU) No 1146/2012 of 3 December 2012 amending Regulation (EC) No 474/2006 establishing the Community list of air carriers which are subject to an operating ban within the Community (Text with EEA relevance),L2,high,L2,0,8,8,9,0.607143,0,0.267857
32012R1250,32012R1250,2012,Regulation,Early 2010s,2010,COMMISSION IMPLEMENTING REGULATION (EU) No 1250/2012 of 20 December 2012 amending Council Regulation (EC) No 2580/2001 on specific restrictive measures directed against certain persons and entities with a view to combating terrorism,L2,high,L2,0,1,1,96,0.5,0,0
32013R0390,32013R0390,2013,Regulation,Early 2010s,2010,COMMISSION IMPLEMENTING REGULATION (EU) No 390/2013 of 3 May 2013 laying down a performance scheme for air navigation services and network functions (Text with EEA relevance) ‘ANNEX IV,L2,high,L2,16,0,16,9,0,0,0.070833
32013R0525,32013R0525,2013,Regulation,Early 2010s,2010,REGULATION (EU) No 525/2013 OF THE EUROPEAN PARLIAMENT AND OF THE COUNCIL of 21 May 2013 on a mechanism for monitoring and reporting greenhouse gas emissions and for reporting other information at national and Union level relevant to climate change and repealing Decision No 280/2004/EC (Text with EEA relevance),L1,high,L1,7,0,7,63,0,0,0.214286
32013R0697R(01),32013R0697,2013,Regulation,Early 2010s,2010,COUNCIL REGULATION (EU) No 697/2013 of 22 July 2013 amending Regulation (EU) No 36/2012 concerning restrictive measures in view of the situation in Syria,L1,high,L1,1,3,4,96,0.526316,0,0.333333
32014R0234,32014R0234,2014,Regulation,Early 2010s,2010,REGULATION (EU) No 234/2014 OF THE EUROPEAN PARLIAMENT AND OF THE COUNCIL of 11 March 2014 establishing a Partnership Instrument for cooperation with third countries,L1,high,L1,2,0,2,86,0,0,0
32014R0235,32014R0235,2014,Regulation,Early 2010s,2010,REGULATION (EU) No 235/2014 OF THE EUROPEAN PARLIAMENT AND OF THE COUNCIL of 11 March 2014 establishing a financing instrument for democracy and human rights worldwide,L1,low,L1,2,0,2,86,0,0,0
32014R0452R(02),32014R0452,2014,Regulation,Early 2010s,2010,COMMISSION REGULATION (EU) No 452/2014 of 29 April 2014 laying down technical requirements and administrative procedures related to air operations of third country operators pursuant to Regulation (EC) No 216/2008 of the European Parliament and of the Council (Text with EEA relevance),L1,high,L1,7,3,10,9,0.5,3,0.263889
32014R1049,32014R1049,2014,Regulation,Early 2010s,2010,"COMMISSION IMPLEMENTING REGULATION (EU) No 1049/2014 of 30 July 2014 on technical characteristics of information and publicity measures pursuant to Regulation (EU) No 514/2014 of the European Parliament and of the Council laying down general provisions on the Asylum, Migration and Integration Fund and on the instrument for financial support for police cooperation, prevention and combating crime and crisis management",L2,high,L2,0,1,1,86,0.175414,0,0
32014R1300R(05),32014R1300,2014,Regulation,Early 2010s,2010,COMMISSION REGULATION (EU) No 1300/2014 of 18 November 2014 on the technical specifications for interoperability relating to accessibility of the Union's rail system for persons with disabilities and persons with reduced mobility (Text with EEA relevance),L2,medium,L2,3,4,7,89,1,7.8,0.166667
32015D0348,32015D0348,2015,Decision,Late 2010s,2010,COMMISSION IMPLEMENTING DECISION (EU) 2015/348 of 2 March 2015 concerning the consistency of certain targets included in the national or functional airspace block plans submitted pursuant to Regulation (EC) No 549/2004 of the European Parliament and of the Council with the Union-wide performance targets for the second reference period (notified under document C(2015) 1293) (Text with EEA relevance),L2,high,L2,3,3,6,9,0.340426,18,0.3
32015R1971,32015R1971,2015,Regulation,Late 2010s,2010,COMMISSION DELEGATED REGULATION (EU) 2015/1971 of 8 July 2015 supplementing Regulation (EU) No 1306/2013 of the European Parliament and of the Council with specific provisions on the reporting of irregularities concerning the European Agricultural Guarantee Fund and the European Agricultural Fund for Rural Development and repealing Commission Regulation (EC) No 1848/2006,L2,high,L2,2,0,2,86,0,0,1
32016L2284,32016L2284,2016,Directive,Late 2010s,2010,"DIRECTIVE (EU) 2016/2284 OF THE EUROPEAN PARLIAMENT AND OF THE COUNCIL of 14 December 2016 on the reduction of national emissions of certain atmospheric pollutants, amending Directive 2003/35/EC and repealing Directive 2001/81/EC (Text with EEA relevance)",L1,high,L1,9,13,22,99,0.360759,792.138632,0.134199
32016R0300,32016R0300,2016,Regulation,Late 2010s,2010,COUNCIL REGULATION (EU) 2016/300 of 29 February 2016 determining the emoluments of EU high-level public office holders,L1,high,L1,1,0,1,80,0,0,0
32016R1127,32016R1127,2016,Regulation,Late 2010s,2010,"COUNCIL IMPLEMENTING REGULATION (EU) 2016/1127 of 12 July 2016 implementing Article 2(3) of Regulation (EC) No 2580/2001 on specific restrictive measures directed against certain persons and entities with a view to combating terrorism, and repealing Implementing Regulation (EU) 2015/2425",L2,high,L2,0,2,2,96,0.571429,0,0.5
32017D2380,32017D2380,2017,Decision,Late 2010s,2010,DECISION (EU) 2017/2380 OF THE EUROPEAN PARLIAMENT AND OF THE COUNCIL of 12 December 2017 amending Directive 2010/40/EU as regards the period for adopting delegated acts (Text with EEA relevance),L2,high,L2,0,4,4,99,0.434783,0,0
32017R1509R(01),32017R1509,2017,Regulation,Late 2010s,2010,COUNCIL REGULATION (EU) 2017/1509 of 30 August 2017 concerning restrictive measures against the Democratic People's Republic of Korea and repealing Regulation (EC) No 329/2007,L1,high,L1,5,21,26,80,0.322497,430.519059,0.133333
32017R2402,32017R2402,2017,Regulation,Late 2010s,2010,"REGULATION (EU) 2017/2402 OF THE EUROPEAN PARLIAMENT AND OF THE COUNCIL of 12 December 2017 laying down a general framework for securitisation and creating a specific framework for simple, transparent and standardised securitisation, and amending Directives 2009/65/EC, 2009/138/EC and 2011/61/EU and Regulations (EC) No 1060/2009 and (EU) No 648/2012",L1,high,L1,22,29,51,80,0.322243,3562.888476,0.118431
32018D0637,32018D0637,2018,Decision,Late 2010s,2010,COMMISSION IMPLEMENTING DECISION (EU) 2018/637 of 20 April 2018 amending Decision 2009/766/EC on the harmonisation of the 900 MHz and 1 800 MHz frequency bands for terrestrial systems capable of providing pan-European electronic communications services in the Community as regards relevant technical conditions for the Internet of Things (notified under document C(2018) 2261) (Text with EEA relevance),L2,high,L2,1,0,1,19,0,0,0
32018O0016R(02),32018O0016,2018,Legislative_Act,Late 2010s,2010,Guideline (EU) 2018/876 of the European Central Bank of 1 June 2018 on the Register of Institutions and Affiliates Data (ECB/2018/16),L3,high,L3,2,17,19,80,0.321154,335.267232,0.140523
32018R0502R(02),32018R0502,2018,Regulation,Late 2010s,2010,"COMMISSION IMPLEMENTING REGULATION (EU) 2018/502 of 28 February 2018 amending Implementing Regulation (EU) 2016/799 laying down the requirements for the construction, testing, installation, operation and repair of tachographs and their components (Text with EEA relevance)",L2,high,L2,1,5,6,98,0.288961,0,0.35
32018R1291,32018R1291,2018,Regulation,Late 2010s,2010,Commission Delegated Regulation (EU) 2018/1291 of 16 May 2018 amending Delegated Regulation (EU) No 1042/2014 supplementing Regulation (EU) No 514/2014 of the European Parliament and of the Council with regard to the designation and management and control responsibilities of Responsible Authorities and with regard to status and obligations of Audit Authorities,L2,high,L2,0,6,6,86,0.185237,0,0.366667
32018R1725R(01),32018R1725,2018,Regulation,Late 2010s,2010,"Regulation (EU) 2018/1725 of the European Parliament and of the Council of 23 October 2018 on the protection of natural persons with regard to the processing of personal data by the Union institutions, bodies, offices and agencies and on the free movement of such data, and repealing Regulation (EC) No 45/2001 and Decision No 1247/2002/EC (Text with EEA relevance.)",L1,high,L1,145,28,173,97,0.295124,44277.962684,0.03519
32019L0770R(02),32019L0770,2019,Directive,Late 2010s,2010,Directive (EU) 2019/770 of the European Parliament and of the Council of 20 May 2019 on certain aspects concerning contracts for the supply of digital content and digital services (Text with EEA relevance.),L1,high,L1,2,18,20,92,0.246294,23.276988,0.143275
32019R1780,32019R1780,2019,Regulation,Late 2010s,2010,Commission Implementing Regulation (EU) 2019/1780 of 23 September 2019 establishing standard forms for the publication of notices in the field of public procurement and repealing Implementing Regulation (EU) 2015/1986 (eForms) (Text with EEA relevance),L2,high,L2,3,6,9,92,0.300959,2.95,0.472222
32019R2017R(02),32019R2017,2019,Regulation,Late 2010s,2010,Commission Delegated Regulation (EU) 2019/2017 of 11 March 2019 supplementing Regulation (EU) 2017/1369 of the European Parliament and of the Council with regard to energy labelling of household dishwashers and repealing Commission Delegated Regulation (EU) No 1059/2010 (Text with EEA relevance.),L2,high,L2,2,6,8,92,0.311871,0,0.380952
32020D1025,32020D1025,2020,Decision,2020s,2020,Commission Implementing Decision (EU) 2020/1025 of 13 July 2020 on the applicability of Article 34 of Directive 2014/25/EU of the European Parliament and of the Council to railway freight transport in Slovenia (notified under document number C(2020) 4540) (Only the Slovenian text is authentic) (Text with EEA relevance),L2,high,L2,0,7,7,63,0.295063,0,0.047619
32020D1472,32020D1472,2020,Decision,2020s,2020,Commission Decision (EU) 2020/1472 of 20 March 2020 on the State aid SA.39078 – 2019/C (ex 2014/N) which Denmark implemented for Femern A/S (notified under document C(2020) 1683) (Only the English text is authentic) (Text with EEA relevance),L2,medium,L2,0,29,29,89,0.288797,0,0
32020R0204,32020R0204,2020,Regulation,2020s,2020,"Commission Implementing Regulation (EU) 2020/204 of 28 November 2019 on detailed obligations of European Electronic Toll Service providers, minimum content of the European Electronic Toll Service domain statement, electronic interfaces, requirements for interoperability constituents and repealing Decision 2009/750/EC",L2,high,L2,1,3,4,97,0.278824,4.891086,0.333333
32020R0429,32020R0429,2020,Regulation,2020s,2020,Commission Implementing Regulation (EU) 2020/429 of 14 February 2020 amending Implementing Regulation (EU) No 680/2014 laying down implementing technical standards with regard to supervisory reporting of institutions according to Regulation (EU) No 575/2013 of the European Parliament and of the Council (Text with EEA relevance) (Text with EEA relevance),L2,high,L2,2,0,2,80,0,0,0
32021R1224,32021R1224,2021,Regulation,2020s,2020,Commission Implementing Regulation (EU) 2021/1224 of 27 July 2021 concerning the detailed rules on the conditions for the operation of the web service and data protection and security rules applicable to the web service as well as measures for the development and technical implementation of the web service provided for by Regulation (EU) 2017/2226 of the European Parliament and of the Council and repealing Commission Implementing Decision C(2019)1230,L2,high,L2,1,0,1,97,0,0,0
32021R1444,32021R1444,2021,Regulation,2020s,2020,Commission Delegated Regulation (EU) 2021/1444 of 17 June 2021 supplementing Directive 2014/94/EU of the European Parliament and of the Council with regards standards for recharging points for electric buses (Text with EEA relevance),L2,high,L2,1,0,1,63,0,0,0
32022D0215(01),32022D021501,2022,Decision,2020s,2020,,L2,low,L2,0,5,5,80,0.254639,0,0.15
32022D0785,32022D0785,2022,Decision,2020s,2020,Commission Decision (EU) 2022/785 of 17 May 2022 approving the revised Network Performance Plan for the third reference period of the Single European Sky performance scheme (2020-2024) (notified under document C(2022) 3022) (Only the English text is authentic),L2,medium,L2,0,3,3,9,0.21709,0,0.5
32022O0987,32022O0987,2022,Legislative_Act,2020s,2020,Guideline (EU) 2022/987 of the European Central Bank of 2 May 2022 amending Guideline (EU) 2015/510 on the implementation of the Eurosystem monetary policy framework (ECB/2014/60) (ECB/2022/17),L3,high,L3,0,12,12,80,0.271575,0,0.106061
32022R0585,32022R0585,2022,Regulation,2020s,2020,"Regulation (EU) 2022/585 of the European Parliament and of the Council of 6 April 2022 amending Regulations (EU) No 514/2014 laying down general provisions on the Asylum, Migration and Integration Fund and on the instrument for financial support for police cooperation, preventing and combating crime, and crisis management, (EU) No 516/2014 establishing the Asylum, Migration and Integration Fund and (EU) 2021/1147 establishing the Asylum, Migration and Integration Fund",L1,high,L1,0,22,22,99,0.270819,0,0.099567
32022R0595,32022R0595,2022,Regulation,2020s,2020,Commission Implementing Regulation (EU) 2022/595 of 11 April 2022 amending certain Regulations concerning restrictive measures and setting out a single list for the Annexes to those Regulations containing the contact details of Member States’ competent authorities and the address for notifications to the European Commission,L2,high,L2,0,8,8,96,0.252048,0,0.035714
32023R0130,32023R0130,2023,Regulation,2020s,2020,Commission Implementing Regulation (EU) 2023/130 of 18 January 2023 laying down rules for the implementation of Regulation (EU) 2021/2115 of the European Parliament and of the Council on the presentation of the content of the annual performance report,L2,high,L2,0,2,2,86,0.2404,0,0.5
32024D1847,32024D1847,2024,Decision,2020s,2020,Council Decision (Euratom) 2024/1847 of 25 June 2024 on the denial of advantages under Part III of the Energy Charter Treaty by the European Atomic Energy Community (Euratom) to any legal entity that is owned or controlled by citizens or nationals of the Russian Federation or of the Republic of Belarus and to any investment within the meaning of the Energy Charter Treaty which is an investment of an investor of the Russian Federation or of the Republic of Belarus,L1,high,L1,0,1,1,63,0.516129,0,0
32024D2496,32024D2496,2024,Decision,2020s,2020,Council Decision (CFSP) 2024/2496 of 23 September 2024 on an assistance measure under the European Peace Facility to support the Lebanese Armed Forces,L1,high,L1,0,5,5,77,0.195501,0,0.2
32024R1739,32024R1739,2024,Regulation,2020s,2020,"Council Regulation (EU) 2024/1739 of 24 June 2024 amending Regulation (EU) No 269/2014 concerning restrictive measures in respect of actions undermining or threatening the territorial integrity, sovereignty and independence of Ukraine",L1,high,L1,0,6,6,96,0.215436,0,0.1
32025D0632,32025D0632,2025,Decision,2020s,2020,Council Implementing Decision (EU) 2025/632 of 21 January 2025 on the appointment of the Chair of the Authority for Anti-Money Laundering and Countering the Financing of Terrorism,L2,high,L2,0,1,1,80,0.223626,0,0
32025D0676,32025D0676,2025,Decision,2020s,2020,Commission Decision (EU) 2025/676 of 3 April 2025 on relief from import duties and VAT exemption on importation granted for goods to be distributed or made available free of charge to persons fleeing Russia’s military aggression against Ukraine and to persons in need in Ukraine (notified under document C(2025) 1932),L2,medium,L2,0,4,4,99,0.368421,0,0.416667
61988CJ0303,61988CJ0303,1988,Case_Law,Pre-Maastricht,1980,,L4,high,L4,3,0,3,89,0,0,0
61992CJ0364,61992CJ0364,1992,Case_Law,Pre-Maastricht,1990,,L4,high,L4,4,0,4,89,0,0,0.083333
61995CJ0355,61995CJ0355,1995,Case_Law,1990s,1990,,L4,high,L4,1,0,1,89,0,0,0
61996TJ0214,61996TJ0214,1996,Case_Law,1990s,1990,,L4,high,L4,1,0,1,89,0,0,0
61998CJ0156,61998CJ0156,1998,Case_Law,1990s,1990,,L4,high,L4,4,0,4,89,0,0,0
62006CJ0341,62006CJ0341,2006,Case_Law,Late 2000s,2000,Judgment of the Court (Grand Chamber) of 1 July 2008.#Chronopost SA and La Poste v Union française de l’express (UFEX) and Others.#Appeal - Proper conduct of the proceedings before the Court of First Instance - Judgment of the Court of First Instance - Quashed - Referral back to the Court of First Instance - Second judgment of the Court of First Instance - Composition of the Chamber hearing the case - State aid - Postal sector - Public undertaking entrusted with a service of general economic interest - Logistical and commercial assistance to a subsidiary - Subsidiary not operating in a reserved sector - Transfer of the express delivery business to that subsidiary - Concept of ‘State aid’ - Commission decision - Assistance and transfer not constituting State aid - Statement of reasons.#Joined cases C-341/06 P and C-342/06 P.,L4,high,L4,1,0,1,89,0,0,0
62010CJ0124,62010CJ0124,2010,Case_Law,Early 2010s,2010,"Judgment of the Court (Grand Chamber), 5 June 2012.#European Commission v Électricité de France (EDF).#Appeal — State aid — Waiver of a tax claim — Exemption from corporation tax — Increase in share capital — Conduct of a State acting as a prudent private investor in a market economy — Criteria to distinguish between the State as shareholder and the State exercising public power — Definition of ‘reference private investor’ — Principle of equal treatment — Burden of proof.#Case C-124/10 P.",L4,high,L4,5,0,5,89,0,0,0
62018CJ0594,62018CJ0594,2018,Case_Law,Late 2010s,2010,"Judgment of the Court (Grand Chamber) of 22 September 2020.#Republic of Austria v European Commission.#Appeal – State aid – Article 107(3)(c) TFEU – Articles 11 and 194 TFEU – Article 1, Article 2(c) and Article 106a(3) of the Euratom Treaty – Planned aid for Hinkley Point C nuclear power station (United Kingdom) – Decision declaring the aid compatible with the internal market – Objective of common interest – Environmental objectives of the European Union – Principle of protection of the environment, ‘polluter pays’ principle, precautionary principle and principle of sustainability – Determination of the economic activity concerned – Market failure – Proportionality of the aid – Operating or investment aid – Determination of the aid elements – Guarantee Notice.#Case C-594/18 P.",L4,high,L4,3,0,3,89,0,0,0
62020CJ0037,62020CJ0037,2020,Case_Law,2020s,2020,"Judgment of the Court (Grand Chamber) of 22 November 2022.#WM and Sovim SA v Luxembourg Business Registers.#Requests for a preliminary ruling from the Tribunal d'arrondissement de Luxembourg.#Reference for a preliminary ruling – Prevention of the use of the financial system for the purposes of money laundering or terrorist financing – Directive (EU) 2018/843 amending Directive (EU) 2015/849 – Amendment to Article 30(5), first subparagraph, point (c), of Directive 2015/849 – Access for any member of the general public to the information on beneficial ownership – Validity – Articles 7 and 8 of the Charter of Fundamental Rights of the European Union – Respect for private and family life – Protection of personal data.#Joined Cases C-37/20 and C-601/20.",L4,high,L4,1,0,1,80,0,0,0
11957E091,11957E091,1957,Treaty,Pre-Treaty of Rome,1950,,L1,high,L1,1,0,1,89,0,0,0
11957E149,11957E149,1957,Treaty,Pre-Treaty of Rome,1950,,L1,high,L1,5,0,5,19,0,0,0
11957E155,11957E155,1957,Treaty,Pre-Treaty of Rome,1950,,L1,high,L1,1,0,1,89,0,0,0
11992E104A,11992E104A,1992,Treaty,Pre-Maastricht,1990,,L1,high,L1,1,0,1,89,0,0,0
11992E235,11992E235,1992,Treaty,Pre-Maastricht,1990,,L1,high,L1,3,0,3,63,0,0,0
11997D/PRO/05,11997DPRO05,1997,Treaty,1990s,1990,,L1,high,L1,10,0,10,97,0,0,0.077778
11997E060,11997E060,1997,Treaty,1990s,1990,,L1,high,L1,1,0,1,96,0,0,0
11997E207,11997E207,1997,Treaty,1990s,1990,,L1,high,L1,2,0,2,1,0,0,0
11997E213,11997E213,1997,Treaty,1990s,1990,,L1,high,L1,2,0,2,91,0,0,0
12002E089,12002E089,2002,Treaty,Early 2000s,2000,,L1,high,L1,1,0,1,92,0,0,0
12006M015,12006M015,2006,Treaty,Late 2000s,2000,,L1,high,L1,1,0,1,77,0,0,0
12010E292,12010E292,2010,Treaty,Early 2010s,2010,,L1,high,L1,3,0,3,97,0,0,0
12012E218,12012E218,2012,Treaty,Early 2010s,2010,,L1,high,L1,4,0,4,97,0,0,0
12012E222,12012E222,2012,Treaty,Early 2010s,2010,,L1,high,L1,1,0,1,99,0,0,0
12012J003,12012J003,2012,Treaty,Early 2010s,2010,,L1,high,L1,2,0,2,98,0,0,0
12012M/PRO/07,12012MPRO07,2012,Treaty,Early 2010s,2010,,L1,high,L1,3,0,3,97,0,0,0
12012M/PRO/10,12012MPRO10,2012,Treaty,Early 2010s,2010,,L1,high,L1,1,0,1,97,0,0,0
12012M018,12012M018,2012,Treaty,Early 2010s,2010,,L1,high,L1,1,0,1,97,0,0,0
12012P,12012P,2012,Treaty,Early 2010s,2010,,L1,high,L1,1,0,1,80,0,0,0
12016E/PRO/04,12016EPRO04,2016,Treaty,Late 2010s,2010,,L1,high,L1,19,0,19,80,0,0,0.035088
12016E/PRO/10,12016EPRO10,2016,Treaty,Late 2010s,2010,,L1,high,L1,1,0,1,77,0,0,0
12016E049,12016E049,2016,Treaty,Late 2010s,2010,,L1,high,L1,4,0,4,92,0,0,0
12016E079,12016E079,2016,Treaty,Late 2010s,2010,,L1,high,L1,7,0,7,99,0,0,0.166667
12016E108,12016E108,2016,Treaty,Late 2010s,2010,,L1,high,L1,36,0,36,89,0,0,0.039683
12016E127,12016E127,2016,Treaty,Late 2010s,2010,,L1,high,L1,11,0,11,80,0,0,0.018182
12016E228,12016E228,2016,Treaty,Late 2010s,2010,,L1,high,L1,11,0,11,97,0,0,0.045455
12016P026,12016P026,2016,Treaty,Late 2010s,2010,,L1,high,L1,3,0,3,99,0,0,0.5
31971L0305,31971L0305,1971,Directive,Pre-Single European Act,1970,,L1,low,L1,2,0,2,92,0,0,0.5
31972R0516,31972R0516,1972,Regulation,Pre-Single European Act,1970,,L1,low,L1,2,0,2,89,0,0,0
31973L0023,31973L0023,1973,Directive,Pre-Single European Act,1970,,L1,low,L1,18,0,18,19,0,0,0.013072
31975R0724,31975R0724,1975,Regulation,Pre-Single European Act,1970,,L1,low,L1,1,0,1,57,0,0,0
31977L0780,31977L0780,1977,Directive,Pre-Single European Act,1970,,L1,low,L1,3,0,3,19,0,0,0.166667
31978L0660,31978L0660,1978,Directive,Pre-Single European Act,1970,,L1,low,L1,20,0,20,80,0,0,0.110526
31982H0604,31982H0604,1982,Legislative_Act,Pre-Single European Act,1980,,L1,medium,L1,1,0,1,57,0,0,0
31986R4057R(03),31986R4057,1986,Regulation,Pre-Single European Act,1980,,L1,low,L1,0,1,1,57,0.6,0,0
31991D0315R(03),31991D0315,1991,Decision,Pre-Maastricht,1990,,L2,low,L2,2,2,4,19,1,1,0.333333
31992R2408,31992R2408,1992,Regulation,Pre-Maastricht,1990,,L1,low,L1,8,0,8,89,0,0,0.107143
31996D0177,31996D0177,1996,Decision,1990s,1990,,L2,low,L2,1,3,4,19,1,4,0.083333
31998D0500,31998D0500,1998,Decision,1990s,1990,,L2,low,L2,5,1,6,9,1,193,0.1
31998L0030,31998L0030,1998,Directive,1990s,1990,,L1,low,L1,2,0,2,19,0,0,0.5
31999Y1009(01),31999Y100901,1999,Legislative_Act,1990s,1990,,L1,medium,L1,4,0,4,89,0,0,0
32000L0012,32000L0012,2000,Directive,Early 2000s,2000,,L1,low,L1,6,0,6,80,0,0,0.066667
32000X1218(01),32000X121801,2000,Legislative_Act,Early 2000s,2000,,L1,medium,L1,39,0,39,97,0,0,0.016194
32001D0051,32001D0051,2001,Decision,Early 2000s,2000,,L2,low,L2,1,0,1,97,0,0,0
32001D0792,32001D0792,2001,Decision,Early 2000s,2000,,L2,low,L2,4,0,4,98,0,0,0
32001L0012,32001L0012,2001,Directive,Early 2000s,2000,,L1,low,L1,5,0,5,89,0,0,0.1
32001Y0115(02),32001Y011502,2001,Legislative_Act,Early 2000s,2000,,L1,medium,L1,5,0,5,97,0,0,0.25
32002D1513,32002D1513,2002,Decision,Early 2000s,2000,,L2,low,L2,1,0,1,98,0,0,0
32002F0475,32002F0475,2002,Legislative_Act,Early 2000s,2000,,L1,medium,L1,10,0,10,97,0,0,0.077778
32003R1882,32003R1882,2003,Regulation,Early 2000s,2000,,L1,low,L1,13,25,38,92,0.661972,27394.940379,0.024182
32005D0513,32005D0513,2005,Decision,Late 2000s,2000,COMMISSION DECISION of 11 July 2005 on the harmonised use of radio spectrum in the 5 GHz frequency band for the implementation of wireless access systems including radio local area networks (WAS/RLANs) (notified under document number C(2005) 2467) (Text with EEA relevance) (2005/513/EC),L2,medium,L2,1,0,1,19,0,0,0
32006E0419,32006E0419,2006,Legislative_Act,Late 2000s,2000,COUNCIL JOINT ACTION 2006/419/CFSP of 12 June 2006 in support of the implementation of the United Nations Security Council Resolution 1540 (2004) and in the framework of the implementation of the EU Strategy against the Proliferation of Weapons of Mass Destruction,L1,medium,L1,2,0,2,77,0,0,0.5
32006L0032,32006L0032,2006,Directive,Late 2000s,2000,DIRECTIVE 2006/32/EC OF THE EUROPEAN PARLIAMENT AND OF THE COUNCIL of 5 April 2006 on energy end-use efficiency and energy services and repealing Council Directive 93/76/EEC (Text with EEA relevance),L1,high,L1,5,0,5,63,0,0,0.2
32006R1287R(03),32006R1287,2006,Regulation,Late 2000s,2000,"COMMISSION REGULATION (EC) No 1287/2006 of 10 August 2006 implementing Directive 2004/39/EC of the European Parliament and of the Council as regards record-keeping obligations for investment firms, transaction reporting, market transparency, admission of financial instruments to trading, and defined terms for the purposes of that Directive (Text with EEA relevance)",L2,high,L2,8,5,13,80,1,36.001588,0.19697
32007G0324(01),32007G032401,2007,Legislative_Act,Late 2000s,2000,,L1,medium,L1,0,6,6,19,0.583333,0,0.033333
32008E0368,32008E0368,2008,Legislative_Act,Late 2000s,2000,COUNCIL JOINT ACTION 2008/368/CFSP of 14 May 2008 in support of the implementation of United Nations Security Council Resolution 1540 (2004) and in the framework of the implementation of the EU strategy against the proliferation of weapons of mass destruction,L1,medium,L1,1,2,3,77,1,1,0.166667
32009L0028,32009L0028,2009,Directive,Late 2000s,2000,DIRECTIVE 2009/28/EC OF THE EUROPEAN PARLIAMENT AND OF THE COUNCIL of 23 April 2009 on the promotion of the use of energy from renewable sources and amending and subsequently repealing Directives 2001/77/EC and 2003/30/EC (Text with EEA relevance),L1,high,L1,9,0,9,63,0,0,0.152778
32010D0787,32010D0787,2010,Decision,Early 2010s,2010,COUNCIL DECISION of 10 December 2010 on State aid to facilitate the closure of uncompetitive coal mines (2010/787/EU),L1,high,L1,3,1,4,89,1,1.5,0.166667
32010R1169,32010R1169,2010,Regulation,Early 2010s,2010,COMMISSION REGULATION (EU) No 1169/2010 of 10 December 2010 on a common safety method for assessing conformity with the requirements for obtaining a railway safety authorisation (Text with EEA relevance),L2,medium,L2,3,2,5,89,1,2.853846,0.25
32013R1071,32013R1071,2013,Regulation,Early 2010s,2010,REGULATION (EU) No 1071/2013 OF THE EUROPEAN CENTRAL BANK of 24 September 2013 concerning the balance sheet of the monetary financial institutions sector (recast) (ECB/2013/33),L1,low,L1,10,0,10,80,0,0,0.111111
32014H0729(26),32014H072926,2014,Legislative_Act,Early 2010s,2010,,L1,medium,L1,0,5,5,86,0.727273,0,0.2
32014R0232,32014R0232,2014,Regulation,Early 2010s,2010,REGULATION (EU) No 232/2014 OF THE EUROPEAN PARLIAMENT AND OF THE COUNCIL of 11 March 2014 establishing a European Neighbourhood Instrument,L1,high,L1,2,0,2,86,0,0,0
32014R1163,32014R1163,2014,Regulation,Early 2010s,2010,REGULATION (EU) No 1163/2014 OF THE EUROPEAN CENTRAL BANK of 22 October 2014 on supervisory fees (ECB/2014/41),L1,low,L1,1,5,6,80,0.283282,15.508081,0.366667
32015R0847,32015R0847,2015,Regulation,Late 2010s,2010,REGULATION (EU) 2015/847 OF THE EUROPEAN PARLIAMENT AND OF THE COUNCIL of 20 May 2015 on information accompanying transfers of funds and repealing Regulation (EC) No 1781/2006 (Text with EEA relevance),L1,high,L1,9,0,9,80,0,0,0.180556
32015R1017,32015R1017,2015,Regulation,Late 2010s,2010,"REGULATION (EU) 2015/1017 OF THE EUROPEAN PARLIAMENT AND OF THE COUNCIL of 25 June 2015 on the European Fund for Strategic Investments, the European Investment Advisory Hub and the European Investment Project Portal and amending Regulations (EU) No 1291/2013 and (EU) No 1316/2013 — the European Fund for Strategic Investments",L1,high,L1,6,11,17,86,0.277397,2138.848093,0.084559
32017L0828R(01),32017L0828,2017,Directive,Late 2010s,2010,DIRECTIVE (EU) 2017/828 OF THE EUROPEAN PARLIAMENT AND OF THE COUNCIL of 17 May 2017 amending Directive 2007/36/EC as regards the encouragement of long-term shareholder engagement (Text with EEA relevance),L1,high,L1,1,22,23,80,0.346108,0,0.162338
32017R0390,32017R0390,2017,Regulation,Late 2010s,2010,COMMISSION DELEGATED REGULATION (EU) 2017/390 of 11 November 2016 supplementing Regulation (EU) No 909/2014 of the European Parliament and of the Council with regard to regulatory technical standards on certain prudential requirements for central securities depositories and designated credit institutions offering banking-type ancillary services (Text with EEA relevance),L2,high,L2,0,11,11,80,0.324963,0,0.309091
32017R2094,32017R2094,2017,Regulation,Late 2010s,2010,REGULATION (EU) 2017/2094 OF THE EUROPEAN CENTRAL BANK of 3 November 2017 amending Regulation (EU) No 795/2014 on oversight requirements for systemically important payment systems(ECB/2017/32),L1,low,L1,0,8,8,80,0.29798,0,0.053571
32017R2268,32017R2268,2017,Regulation,Late 2010s,2010,"COMMISSION DELEGATED REGULATION (EU) 2017/2268 of 26 September 2017 amending Council Regulation (EC) No 428/2009 setting up a Community regime for the control of exports, transfer, brokering and transit of dual-use items",L2,high,L2,1,0,1,96,0,0,0
32018R0151,32018R0151,2018,Regulation,Late 2010s,2010,COMMISSION IMPLEMENTING REGULATION (EU) 2018/151 of 30 January 2018 laying down rules for application of Directive (EU) 2016/1148 of the European Parliament and of the Council as regards further specification of the elements to be taken into account by digital service providers for managing the risks posed to the security of network and information systems and of the parameters for determining whether an incident has a substantial impact,L2,high,L2,1,0,1,92,0,0,0
32018R0841R(01),32018R0841,2018,Regulation,Late 2010s,2010,"Regulation (EU) 2018/841 of the European Parliament and of the Council of 30 May 2018 on the inclusion of greenhouse gas emissions and removals from land use, land use change and forestry in the 2030 climate and energy framework, and amending Regulation (EU) No 525/2013 and Decision No 529/2013/EU (Text with EEA relevance)",L1,high,L1,9,8,17,63,0.5,122.385061,0.25
32018R1922,32018R1922,2018,Regulation,Late 2010s,2010,"Commission Delegated Regulation (EU) 2018/1922 of 10 October 2018 amending Council Regulation (EC) No 428/2009 setting up a Community regime for the control of exports, transfer, brokering and transit of dual-use items",L2,high,L2,1,0,1,96,0,0,0
32019D1560R(01),32019D1560,2019,Decision,Late 2010s,2010,Council Decision (CFSP) 2019/1560 of 16 September 2019 amending Common Position 2008/944/CFSP defining common rules governing control of exports of military technology and equipment,L1,high,L1,3,7,10,77,0.214585,1062,0.222222
32019R0838,32019R0838,2019,Regulation,Late 2010s,2010,Commission Implementing Regulation (EU) 2019/838 of 20 February 2019 on technical specifications for vessel tracking and tracing systems and repealing Regulation (EC) No 415/2007,L2,high,L2,0,2,2,98,0.415094,0,0
32020R0474,32020R0474,2020,Regulation,2020s,2020,Commission Delegated Regulation (EU) 2020/474 of 20 January 2020 on the European Hull Data Base,L2,high,L2,0,4,4,98,0.251359,0,0.25
32021D0935,32021D0935,2021,Decision,2020s,2020,"Council Decision (EU) 2021/935 of 3 June 2021 on the position to be taken on behalf of the European Union at the 13th meeting of the Committee of Technical Experts of the Intergovernmental Organisation for International Carriage by Rail regarding the adoption of amendments to the uniform technical prescriptions concerning locomotives and passenger rolling stock, freight wagons, accessibility of the rail system for persons with disabilities and persons with reduced mobility, the adoption of the uniform technical prescriptions applicable to train composition and route compatibility checks and to the subsystem infrastructure, the updating of references to the technical documents referred to in Appendix I of the uniform technical prescription concerning telematic applications for freight, and regarding the revision of ATMF with regard to entities in charge of maintenance",L1,high,L1,0,5,5,89,0.222481,0,0.1
32021Q0712(01),32021Q071201,2021,Legislative_Act,2020s,2020,,L1,medium,L1,0,7,7,99,0.231333,0,0.119048
32021R1122,32021R1122,2021,Regulation,2020s,2020,Commission Implementing Regulation (EU) 2021/1122 of 8 July 2021 amending Implementing Regulation (EU) 2016/1368 adding the Norwegian Interbank Offered Rate to and removing the London Interbank Offered Rate from the list of critical benchmarks used in financial markets established pursuant to Regulation (EU) 2016/1011 of the European Parliament and of the Council (Text with EEA relevance),L2,high,L2,0,2,2,80,0.26605,0,0.5
32022D0399,32022D0399,2022,Decision,2020s,2020,Council Decision (CFSP) 2022/399 of 9 March 2022 amending Decision 2012/642/CFSP concerning restrictive measures in view of the situation in Belarus and the involvement of Belarus in the Russian aggression against Ukraine,L1,high,L1,1,2,3,80,0.264106,1,0.166667
32022R0328R(04),32022R0328,2022,Regulation,2020s,2020,Council Regulation (EU) 2022/328 of 25 February 2022 amending Regulation (EU) No 833/2014 concerning restrictive measures in view of Russia's actions destabilising the situation in Ukraine,L1,high,L1,2,9,11,96,0.294925,353.541468,0.155556
32022R2372,32022R2372,2022,Regulation,2020s,2020,Council Regulation (EU) 2022/2372 of 24 October 2022 on a framework of measures for ensuring the supply of crisis-relevant medical countermeasures in the event of a public health emergency at Union level,L1,high,L1,5,13,18,99,0.267606,262.479024,0.198529
32023D1599,32023D1599,2023,Decision,2020s,2020,Council Decision (CFSP) 2023/1599 of 3 August 2023 on a European Union Security and Defence Initiative in support of West African countries of the Gulf of Guinea,L1,high,L1,1,11,12,77,0.196783,7,0.075758
32023D2582,32023D2582,2023,Decision,2020s,2020,Council Decision (EU) 2023/2582 of 8 November 2023 on the position to be taken on behalf of the European Union at the 5th session of the OTIF ad hoc Committee on Legal Affairs and International Cooperation,L1,high,L1,0,5,5,99,0.237507,0,0.05
32023R1184,32023R1184,2023,Regulation,2020s,2020,Commission Delegated Regulation (EU) 2023/1184 of 10 February 2023 supplementing Directive (EU) 2018/2001 of the European Parliament and of the Council by establishing a Union methodology setting out detailed rules for the production of renewable liquid and gaseous transport fuels of non-biological origin,L2,high,L2,0,6,6,63,0.264897,0,0.2
32023R1615,32023R1615,2023,Regulation,2020s,2020,"Commission Delegated Regulation (EU) 2023/1615 of 3 May 2023 supplementing Regulation (EU) 2021/23 of the European Parliament and of the Council with regard to regulatory technical standards specifying the conditions under which compensation, cash equivalent of such compensation or any proceeds that are due pursuant to Article 63(1) of that Regulation are to be passed on to clients and indirect clients and the conditions under which passing on is to be considered proportionate (Text with EEA relevance)",L2,high,L2,0,3,3,80,0.231317,0,0.5
32023R2534,32023R2534,2023,Regulation,2020s,2020,Commission Delegated Regulation (EU) 2023/2534 of 13 July 2023 supplementing Regulation (EU) 2017/1369 of the European Parliament and of the Council with regard to energy labelling of household tumble dryers and repealing Commission Delegated Regulation (EU) No 392/2012,L2,high,L2,1,6,7,92,0.282254,418.3625,0.309524
32023R2631,32023R2631,2023,Regulation,2020s,2020,Regulation (EU) 2023/2631 of the European Parliament and of the Council of 22 November 2023 on European Green Bonds and optional disclosures for bonds marketed as environmentally sustainable and for sustainability-linked bonds (Text with EEA relevance),L1,high,L1,2,20,22,80,0.324193,97.549899,0.15368
32023R2854,32023R2854,2023,Regulation,2020s,2020,Regulation (EU) 2023/2854 of the European Parliament and of the Council of 13 December 2023 on harmonised rules on fair access to and use of data and amending Regulation (EU) 2017/2394 and Directive (EU) 2020/1828 (Data Act) (Text with EEA relevance),L1,high,L1,2,34,36,92,0.294761,238.395381,0.118254
32023R2873,32023R2873,2023,Regulation,2020s,2020,"Council Regulation (EU) 2023/2873 of 18 December 2023 amending Regulation (EU) No 269/2014 concerning restrictive measures in respect of actions undermining or threatening the territorial integrity, sovereignty and independence of Ukraine",L1,high,L1,0,5,5,96,0.269988,0,0.05
32024L1788,32024L1788,2024,Directive,2020s,2020,"Directive (EU) 2024/1788 of the European Parliament and of the Council of 13 June 2024 on common rules for the internal markets for renewable gas, natural gas and hydrogen, amending Directive (EU) 2023/1791 and repealing Directive 2009/73/EC (recast) (Text with EEA relevance)",L1,high,L1,2,49,51,63,0.315312,302.072815,0.093112
32024R1740,32024R1740,2024,Regulation,2020s,2020,Commission Implementing Regulation (EU) 2024/1740 of 21 June 2024 laying down the rules for the application of Regulation (EU) 2023/988 of the European Parliament and of the Council as regards the modalities for consumers and other interested parties to inform the Commission of products that might present a risk to the health and safety of consumers and for the transmission of such information to the national authorities concerned,L2,high,L2,0,4,4,97,0.261155,0,0.416667
62004CJ0372,62004CJ0372,2004,Case_Law,Early 2000s,2000,"Judgment of the Court (Grand Chamber) of 16 May 2006.#The Queen, on the application of Yvonne Watts v Bedford Primary Care Trust and Secretary of State for Health.#Reference for a preliminary ruling: Court of Appeal (England & Wales) (Civil Division) - United Kingdom.#Social security - National health system funded by the State - Medical expenses incurred in another Member State - Articles 48 EC to 50 EC and 152(5) EC - Article 22 of Regulation (EEC) No 1408/71.#Case C-372/04.",L4,high,L4,1,0,1,92,0,0,0
62004TJ0199(01),62004TJ019901,2004,Case_Law,Early 2000s,2000,,L4,high,L4,1,0,1,96,0,0,0
62010CJ0556,62010CJ0556,2010,Case_Law,Early 2010s,2010,"Judgment of the Court (First Chamber), 28 February 2013.#European Commission v Federal Republic of Germany.#Failure of a Member State to fulfil obligations — Transport — Development of the Community’s railways — Directive 91/440/EEC — Article 6(3) and Annex II — Directive 2001/14/EC — Articles 4(2) and 14(2) — Infrastructure manager — Organisational and decision-making independence — Holding company structure — Directive 2001/14 — Articles 7(3) and 8(1) — Setting charges on the basis of direct costs — Levying of charges — Direct costs — Total costs — Directive 2001/14 — Article 6(2) — No incentive to reduce costs — Directive 91/440 — Article 10(7) — Directive 2001/14 — Article 30(4) — Regulatory body — Powers.#Case C‑556/10.",L4,high,L4,1,0,1,89,0,0,0
62017CJ0114,62017CJ0114,2017,Case_Law,Late 2010s,2010,"Judgment of the Court (Fourth Chamber) of 20 September 2018.#Kingdom of Spain v European Commission.#Appeal — State aid — Digital television — Aid for the deployment of digital terrestrial television in remote and less urbanised areas of the Comunidad Autónoma de Castilla-La Mancha (Autonomous Community of Castilla-La Mancha, Spain) — Subsidies granted to operators of digital terrestrial television platforms — Decision declaring the aid incompatible in part with the internal market — Concept of ‘State aid’ — Advantage — Service of general economic interest — Definition — Discretion of the Member States.#Case C-114/17 P.",L4,high,L4,1,0,1,89,0,0,0
11957A101,11957A101,1957,Treaty,Pre-Treaty of Rome,1950,,L1,high,L1,1,0,1,63,0,0,0
11957E093,11957E093,1957,Treaty,Pre-Treaty of Rome,1950,,L1,high,L1,1,0,1,89,0,0,0
11957E148,11957E148,1957,Treaty,Pre-Treaty of Rome,1950,,L1,high,L1,3,0,3,57,0,0,0
11992E099,11992E099,1992,Treaty,Pre-Maastricht,1990,,L1,high,L1,1,0,1,63,0,0,0
11992E113,11992E113,1992,Treaty,Pre-Maastricht,1990,,L1,high,L1,3,0,3,63,0,0,0.166667
11997E080,11997E080,1997,Treaty,1990s,1990,,L1,high,L1,2,0,2,98,0,0,0
11997E082,11997E082,1997,Treaty,1990s,1990,,L1,high,L1,2,0,2,19,0,0,0
12002E044,12002E044,2002,Treaty,Early 2000s,2000,,L1,high,L1,4,0,4,80,0,0,0
12002E207,12002E207,2002,Treaty,Early 2000s,2000,,L1,high,L1,1,0,1,27,0,0,0
12002E211,12002E211,2002,Treaty,Early 2000s,2000,,L1,high,L1,1,0,1,81,0,0,0
12005SA004,12005SA004,2005,Treaty,Late 2000s,2000,,L1,high,L1,4,0,4,97,0,0,0.166667
12006M014,12006M014,2006,Treaty,Late 2000s,2000,,L1,high,L1,3,0,3,77,0,0,0
12010E114,12010E114,2010,Treaty,Early 2010s,2010,,L1,high,L1,15,0,15,80,0,0,0.057143
12010E291,12010E291,2010,Treaty,Early 2010s,2010,,L1,high,L1,2,0,2,92,0,0,0.5
12012E207,12012E207,2012,Treaty,Early 2010s,2010,,L1,high,L1,6,0,6,86,0,0,0.066667
12012J004,12012J004,2012,Treaty,Early 2010s,2010,,L1,high,L1,3,0,3,97,0,0,0
12016E062,12016E062,2016,Treaty,Late 2010s,2010,,L1,high,L1,8,0,8,80,0,0,0.017857
12016E100,12016E100,2016,Treaty,Late 2010s,2010,,L1,high,L1,24,0,24,99,0,0,0.007246
12016E174,12016E174,2016,Treaty,Late 2010s,2010,,L1,high,L1,7,0,7,99,0,0,0.214286
12016E196,12016E196,2016,Treaty,Late 2010s,2010,,L1,high,L1,3,0,3,99,0,0,0.166667
12016E322,12016E322,2016,Treaty,Late 2010s,2010,,L1,high,L1,21,0,21,99,0,0,0.130952
12016M/TXT,12016MTXT,2016,Treaty,Late 2010s,2010,,L1,high,L1,93,0,93,99,0,0,0.024778
12016M006,12016M006,2016,Treaty,Late 2010s,2010,,L1,high,L1,20,0,20,96,0,0,0.028947
12016P047,12016P047,2016,Treaty,Late 2010s,2010,,L1,high,L1,29,0,29,97,0,0,0.028325
31972R0517,31972R0517,1972,Regulation,Pre-Single European Act,1970,,L1,low,L1,2,0,2,89,0,0,0
31976H0492,31976H0492,1976,Legislative_Act,Pre-Single European Act,1970,,L1,medium,L1,0,2,2,19,1,0,0
31980L0723,31980L0723,1980,Directive,Pre-Single European Act,1980,,L1,low,L1,3,0,3,89,0,0,0
31980Y1024(02),31980Y102402,1980,Legislative_Act,Pre-Single European Act,1980,,L1,medium,L1,1,0,1,87,0,0,0
31984L0641,31984L0641,1984,Directive,Pre-Single European Act,1980,,L1,low,L1,2,0,2,80,0,0,0.5
31986R4057R(02),31986R4057,1986,Regulation,Pre-Single European Act,1980,,L1,low,L1,4,3,7,57,1,9.5,0.166667
31990L0388,31990L0388,1990,Directive,Pre-Maastricht,1990,,L1,low,L1,9,0,9,19,0,0,0.041667
31990L0531,31990L0531,1990,Directive,Pre-Maastricht,1990,,L1,low,L1,6,0,6,19,0,0,0.133333
31994Y1207(01),31994Y120701,1994,Legislative_Act,1990s,1990,,L1,medium,L1,1,0,1,87,0,0,0
31996L0019,31996L0019,1996,Directive,1990s,1990,,L1,low,L1,2,0,2,19,0,0,0.5
31997Y1122(02),31997Y112202,1997,Legislative_Act,1990s,1990,,L1,medium,L1,0,2,2,87,0.538462,0,0.5
31998D0134,31998D0134,1998,Decision,1990s,1990,,L2,low,L2,1,0,1,82,0,0,0
31998F0428,31998F0428,1998,Legislative_Act,1990s,1990,,L1,medium,L1,4,0,4,97,0,0,0.25
31998Y0213(02),31998Y021302,1998,Legislative_Act,1990s,1990,,L1,medium,L1,0,1,1,87,0.5,0,0
31999D0128,31999D0128,1999,Decision,1990s,1990,,L2,low,L2,1,0,1,19,0,0,0
32000L0052,32000L0052,2000,Directive,Early 2000s,2000,,L1,low,L1,1,0,1,89,0,0,0
32000Y0628(01),32000Y062801,2000,Legislative_Act,Early 2000s,2000,,L1,medium,L1,0,2,2,57,0.5,0,0
32001D0519,32001D0519,2001,Decision,Early 2000s,2000,,L2,low,L2,1,4,5,19,1,2,0.1
32001L0042R(02),32001L0042,2001,Directive,Early 2000s,2000,,L1,low,L1,16,4,20,86,0.666667,184.973427,0.178363
32001R0070,32001R0070,2001,Regulation,Early 2000s,2000,,L1,low,L1,3,0,3,89,0,0,0
32002F0584R(03),32002F0584,2002,Legislative_Act,Early 2000s,2000,,L1,medium,L1,1,1,2,97,0.555556,0.309524,0
32002Q0328R(01),32002Q0328,2002,Legislative_Act,Early 2000s,2000,,L1,medium,L1,3,1,4,92,0,0,0.5
32004L0017,32004L0017,2004,Directive,Early 2000s,2000,,L1,low,L1,19,0,19,92,0,0,0.102339
32005D0854,32005D0854,2005,Decision,Late 2000s,2000,DECISION No 854/2005/EC OF THE EUROPEAN PARLIAMENT AND OF THE COUNCIL of 11 May 2005 establishing a multiannual Community Programme on promoting safer use of the Internet and new online technologies (Text with EEA relevance),L1,high,L1,1,6,7,98,0.59375,14,0.142857
32006L0048,32006L0048,2006,Directive,Late 2000s,2000,DIRECTIVE 2006/48/EC OF THE EUROPEAN PARLIAMENT AND OF THE COUNCIL of 14 June 2006 relating to the taking up and pursuit of the business of credit institutions (recast) (Text with EEA relevance),L1,high,L1,23,0,23,80,0,0,0.120553
32006L0094,32006L0094,2006,Directive,Late 2000s,2000,DIRECTIVE 2006/94/EC OF THE EUROPEAN PARLIAMENT AND OF THE COUNCIL of 12 December 2006 on the establishment of common rules for certain types of carriage of goods by road (codified version) (Text with EEA relevance),L1,high,L1,1,0,1,98,0,0,0
32007D0131,32007D0131,2007,Decision,Late 2000s,2000,COMMISSION DECISION of 21 February 2007 on allowing the use of the radio spectrum for equipment using ultra-wideband technology in a harmonised manner in the Community (notified under document number C(2007) 522) (Text with EEA relevance) (2007/131/EC),L2,medium,L2,3,0,3,19,0,0,0.166667
32007G1219(01),32007G121901,2007,Legislative_Act,Late 2000s,2000,,L1,medium,L1,0,4,4,97,0.642857,0,0.25
32009L0072,32009L0072,2009,Directive,Late 2000s,2000,DIRECTIVE 2009/72/EC OF THE EUROPEAN PARLIAMENT AND OF THE COUNCIL of 13 July 2009 concerning common rules for the internal market in electricity and repealing Directive 2003/54/EC (Text with EEA relevance),L1,high,L1,26,0,26,63,0,0,0.049231
32009L0140,32009L0140,2009,Directive,Late 2000s,2000,"DIRECTIVE 2009/140/EC OF THE EUROPEAN PARLIAMENT AND OF THE COUNCIL of 25 November 2009 amending Directives 2002/21/EC on a common regulatory framework for electronic communications networks and services, 2002/19/EC on access to, and interconnection of, electronic communications networks and associated facilities, and 2002/20/EC on the authorisation of electronic communications networks and services (Text with EEA relevance) ‘ANNEX II Criteria to be used by national regulatory authorities in making an assessment of joint dominance in accordance with the second subparagraph of Article 14(2)",L1,high,L1,2,0,2,19,0,0,0
32010D0166,32010D0166,2010,Decision,Early 2010s,2010,COMMISSION DECISION of 19 March 2010 on harmonised conditions of use of radio spectrum for mobile communication services on board vessels (MCV services) in the European Union (notified under document C(2010) 1644) (Text with EEA relevance) (2010/166/EU),L2,medium,L2,2,0,2,19,0,0,0
32010L0031R(04),32010L0031,2010,Directive,Early 2010s,2010,DIRECTIVE 2010/31/EU OF THE EUROPEAN PARLIAMENT AND OF THE COUNCIL of 19 May 2010 on the energy performance of buildings (recast),L1,high,L1,13,8,21,63,0.339367,739.214714,0.136842
32010R0575,32010R0575,2010,Regulation,Early 2010s,2010,COMMISSION REGULATION (EU) No 575/2010 of 30 June 2010 establishing the standard import values for determining the entry price of certain fruit and vegetables,L2,medium,L2,1,0,1,80,0,0,0
32011R0580,32011R0580,2011,Regulation,Early 2010s,2010,REGULATION (EU) No 580/2011 OF THE EUROPEAN PARLIAMENT AND OF THE COUNCIL of 8 June 2011 amending Regulation (EC) No 460/2004 establishing the European Network and Information Security Agency as regards its duration (Text with EEA relevance),L1,high,L1,1,0,1,92,0,0,0
32012R0531,32012R0531,2012,Regulation,Early 2010s,2010,REGULATION (EU) No 531/2012 OF THE EUROPEAN PARLIAMENT AND OF THE COUNCIL of 13 June 2012 on roaming on public mobile communications networks within the Union (recast) (Text with EEA relevance),L1,high,L1,5,0,5,97,0,0,0.4
32013D0208,32013D0208,2013,Decision,Early 2010s,2010,COUNCIL DECISION of 22 April 2013 on guidelines for the employment policies of the Member States (2013/208/EU),L1,high,L1,3,1,4,86,1,0,0.25
32013R1285,32013R1285,2013,Regulation,Early 2010s,2010,REGULATION (EU) No 1285/2013 OF THE EUROPEAN PARLIAMENT AND OF THE COUNCIL of 11 December 2013 on the implementation and exploitation of European satellite navigation systems and repealing Council Regulation (EC) No 876/2002 and Regulation (EC) No 683/2008 of the European Parliament and of the Council,L1,high,L1,5,0,5,99,0,0,0.1
32013R1305,32013R1305,2013,Regulation,Early 2010s,2010,REGULATION (EU) No 1305/2013 OF THE EUROPEAN PARLIAMENT AND OF THE COUNCIL of 17 December 2013 on support for rural development by the European Agricultural Fund for Rural Development (EAFRD) and repealing Council Regulation (EC) No 1698/2005,L1,high,L1,9,11,20,86,0.282413,1789.496313,0.098039
32013R1391,32013R1391,2013,Regulation,Early 2010s,2010,COMMISSION DELEGATED REGULATION (EU) No 1391/2013 of 14 October 2013 amending Regulation (EU) No 347/2013 of the European Parliament and of the Council on guidelines for trans-European energy infrastructure as regards the Union list of projects of common interest,L2,high,L2,1,0,1,63,0,0,0
32014L0055R(02),32014L0055,2014,Directive,Early 2010s,2010,DIRECTIVE 2014/55/EU OF THE EUROPEAN PARLIAMENT AND OF THE COUNCIL of 16 April 2014 on electronic invoicing in public procurement (Text with EEA relevance),L1,high,L1,1,14,15,92,0.326582,0,0.21978
32014R0473,32014R0473,2014,Regulation,Early 2010s,2010,COMMISSION DELEGATED REGULATION (EU) No 473/2014 of 17 January 2014 amending Regulation (EU) No 1315/2013 of the European Parliament and of the Council as regards supplementing Annex III thereto with new indicative maps (Text with EEA relevance),L2,high,L2,1,0,1,9,0,0,0
32015R1976,32015R1976,2015,Regulation,Late 2010s,2010,"COMMISSION IMPLEMENTING REGULATION (EU) 2015/1976 of 8 July 2015 setting out the frequency and the format of the reporting of irregularities concerning the Fund for European Aid to the Most Deprived, under Regulation (EU) No 223/2014 of the European Parliament and of the Council",L2,high,L2,1,7,8,86,0.263959,0.5,0.285714
32016R0480,32016R0480,2016,Regulation,Late 2010s,2010,COMMISSION IMPLEMENTING REGULATION (EU) 2016/480 of 1 April 2016 establishing common rules concerning the interconnection of national electronic registers on road transport undertakings and repealing Regulation (EU) No 1213/2010 (Text with EEA relevance),L2,high,L2,1,6,7,98,0.338624,5.54359,0.166667
32016R0958R(01),32016R0958,2016,Regulation,Late 2010s,2010,COMMISSION DELEGATED REGULATION (EU) 2016/958 of 9 March 2016 supplementing Regulation (EU) No 596/2014 of the European Parliament and of the Council with regard to regulatory technical standards for the technical arrangements for objective presentation of investment recommendations or other information recommending or suggesting an investment strategy and for disclosure of particular interests or indications of conflicts of interest (Text with EEA relevance),L2,high,L2,1,8,9,80,0.325653,0,0.375
32017H1584,32017H1584,2017,Legislative_Act,Late 2010s,2010,COMMISSION RECOMMENDATION (EU) 2017/1584 of 13 September 2017 on coordinated response to large-scale cybersecurity incidents and crises,L3,high,L3,3,0,3,92,0,0,0.5
32017R0389R(01),32017R0389,2017,Regulation,Late 2010s,2010,COMMISSION DELEGATED REGULATION (EU) 2017/389 of 11 November 2016 supplementing Regulation (EU) No 909/2014 of the European Parliament and of the Council as regards the parameters for the calculation of cash penalties for settlement fails and the operations of CSDs in host Member States (Text with EEA relevance),L2,high,L2,2,4,6,80,0.295547,0,0.55
32018H0624,32018H0624,2018,Legislative_Act,Late 2010s,2010,COMMISSION RECOMMENDATION (EU) 2018/624 of 20 April 2018 on cross-border market access for sub-suppliers and SMEs in the defence sector,L3,high,L3,1,0,1,99,0,0,0
32018R0318R(01),32018R0318,2018,Regulation,Late 2010s,2010,REGULATION (EU) 2018/318 OF THE EUROPEAN CENTRAL BANK of 22 February 2018 amending Regulation (EU) No 1011/2012 concerning statistics on holdings of securities(ECB/2018/7),L1,low,L1,1,10,11,80,0.285018,0,0.222222
32019D1310,32019D1310,2019,Decision,Late 2010s,2010,Commission Implementing Decision (EU) 2019/1310 of 31 July 2019 laying down rules on the operation of the European Civil Protection Pool and rescEU (notified under document C(2019) 5614) (Text with EEA relevance.),L2,high,L2,1,0,1,99,0,0,0
32019R0254,32019R0254,2019,Regulation,Late 2010s,2010,Commission Delegated Regulation (EU) 2019/254 of 9 November 2018 on the adaptation of Annex III to Regulation (EU) No 1315/2013 of the European Parliament and of the Council on Union guidelines for the development of the trans-European transport network (Text with EEA relevance.),L2,high,L2,1,0,1,9,0,0,0
32021D1765,32021D1765,2021,Decision,2020s,2020,"Council Decision (EU) 2021/1765 of 5 October 2021 on the position to be adopted on behalf of the European Union, for the period 2021–2026, within the Specialised Committee on Fisheries established by the Trade and Cooperation Agreement between the European Union and the European Atomic Energy Community, of the one part, and the United Kingdom of Great Britain and Northern Ireland, of the other part",L1,high,L1,2,3,5,99,0.345679,0,0.35
32021R0947R(02),32021R0947,2021,Regulation,2020s,2020,"Regulation (EU) 2021/947 of the European Parliament and of the Council of 9 June 2021 establishing the Neighbourhood, Development and International Cooperation Instrument – Global Europe, amending and repealing Decision No 466/2014/EU of the European Parliament and of the Council and repealing Regulation (EU) 2017/1601 of the European Parliament and of the Council and Council Regulation (EC, Euratom) No 480/2009 (Text with EEA relevance)",L1,high,L1,4,31,35,99,0.281005,1071.332078,0.096257
32021R1173,32021R1173,2021,Regulation,2020s,2020,Council Regulation (EU) 2021/1173 of 13 July 2021 on establishing the European High Performance Computing Joint Undertaking and repealing Regulation (EU) 2018/1488,L1,high,L1,0,19,19,99,0.299504,0,0.093567
32022C1223(04),32022C122304,2022,Legislative_Act,2020s,2020,,L1,medium,L1,1,0,1,92,0,0,0
32022R0879,32022R0879,2022,Regulation,2020s,2020,Council Regulation (EU) 2022/879 of 3 June 2022 amending Regulation (EU) No 833/2014 concerning restrictive measures in view of Russia’s actions destabilising the situation in Ukraine,L1,high,L1,2,8,10,96,0.413793,24,0.144444
32022R2370,32022R2370,2022,Regulation,2020s,2020,Regulation (EU) 2022/2370 of the European Parliament and of the Council of 23 November 2022 amending Regulation (EC) No 851/2004 establishing a European centre for disease prevention and control,L1,high,L1,2,21,23,99,0.27478,315.430969,0.12253
32023D0468,32023D0468,2023,Decision,2020s,2020,Commission Implementing Decision (EU) 2023/468 of 25 November 2022 amending Decision 2007/116/EC as regards the introduction of an additional reserved number beginning with 116 (notified under document C(2022) 8407),L2,high,L2,0,1,1,92,0.218782,0,0
32023R1782,32023R1782,2023,Regulation,2020s,2020,"Council Regulation (EU) 2023/1782 of 25 July 2023 amending Regulation (EU) 2021/2085 establishing the Joint Undertakings under Horizon Europe, as regards the Chips Joint Undertaking (Text with EEA relevance)",L1,high,L1,0,6,6,99,0.257117,0,0.3
32024D3223,32024D3223,2024,Decision,2020s,2020,Commission Decision (EU) 2024/3223 of 19 December 2024 designating the European Coordinator for the Baltic synchronisation project of common interest and laying down the detailed arrangements for the performance of their mission and tasks,L2,medium,L2,0,1,1,63,0.237225,0,0
32024R2514,32024R2514,2024,Regulation,2020s,2020,Commission Delegated Regulation (EU) 2024/2514 of 3 July 2024 supplementing Regulation (EU) 2022/2399 of the European Parliament and of the Council by specifying the data elements to be exchanged through the European Union Customs Single Window Certificates Exchange System and amending that Regulation as regards the list of Union non-customs formalities covered by the EU Single Window Environment for Customs,L2,high,L2,0,5,5,92,0.2473,0,0.35
32024R3005,32024R3005,2024,Regulation,2020s,2020,"Regulation (EU) 2024/3005 of the European Parliament and of the Council of 27 November 2024 on the transparency and integrity of Environmental, Social and Governance (ESG) rating activities, and amending Regulations (EU) 2019/2088 and (EU) 2023/2859 (Text with EEA relevance)",L1,high,L1,0,40,40,80,0.278429,0,0.128846
61991CJ0225,61991CJ0225,1991,Case_Law,Pre-Maastricht,1990,,L4,high,L4,4,0,4,89,0,0,0
61993TJ0459,61993TJ0459,1993,Case_Law,1990s,1990,,L4,high,L4,2,0,2,89,0,0,0
62000CJ0053,62000CJ0053,2000,Case_Law,Early 2000s,2000,,L4,high,L4,1,0,1,89,0,0,0
62010CJ0614,62010CJ0614,2010,Case_Law,Early 2010s,2010,"Judgment of the Court (Grand Chamber), 16 October 2012.#European Commission v Republic of Austria.#Failure of a Member State to fulfil obligations – Directive 95/46/EC – Processing of personal data and free movement of such data – Protection of natural persons – Article 28(1) – National supervisory authority – Independence – Supervisory authority and the Federal Chancellery – Personal and organisational links.#Case C‑614/10.",L4,high,L4,1,0,1,92,0,0,0
11951K056,11951K056,1951,Treaty,Pre-Treaty of Rome,1950,,L1,high,L1,2,0,2,87,0,0,0
11992E087,11992E087,1992,Treaty,Pre-Maastricht,1990,,L1,high,L1,1,0,1,63,0,0,0
11992E130F,11992E130F,1992,Treaty,Pre-Maastricht,1990,,L1,high,L1,1,0,1,57,0,0,0
11992E130S,11992E130S,1992,Treaty,Pre-Maastricht,1990,,L1,high,L1,1,0,1,63,0,0,0
11997E071,11997E071,1997,Treaty,1990s,1990,,L1,high,L1,1,0,1,89,0,0,0
11997E073,11997E073,1997,Treaty,1990s,1990,,L1,high,L1,1,0,1,89,0,0,0
11997E086,11997E086,1997,Treaty,1990s,1990,,L1,high,L1,1,0,1,89,0,0,0
11997E284,11997E284,1997,Treaty,1990s,1990,,L1,high,L1,1,0,1,96,0,0,0
12002E300,12002E300,2002,Treaty,Early 2000s,2000,,L1,high,L1,2,0,2,92,0,0,0
12003TN02/05,12003TN0205,2003,Treaty,Early 2000s,2000,,L1,high,L1,2,0,2,89,0,0,0
12006M031,12006M031,2006,Treaty,Late 2000s,2000,,L1,high,L1,4,0,4,97,0,0,0.25
12010E091,12010E091,2010,Treaty,Early 2010s,2010,,L1,high,L1,4,0,4,98,0,0,0
12010E108,12010E108,2010,Treaty,Early 2010s,2010,,L1,high,L1,3,0,3,89,0,0,0
12012E050,12012E050,2012,Treaty,Early 2010s,2010,,L1,high,L1,4,0,4,80,0,0,0.083333
12012J050,12012J050,2012,Treaty,Early 2010s,2010,,L1,high,L1,2,0,2,98,0,0,0
12012M042,12012M042,2012,Treaty,Early 2010s,2010,,L1,high,L1,10,0,10,77,0,0,0.066667
12016AN02,12016AN02,2016,Treaty,Late 2010s,2010,,L1,high,L1,1,0,1,63,0,0,0
12016E/PRO/22,12016EPRO22,2016,Treaty,Late 2010s,2010,,L1,high,L1,39,0,39,97,0,0,0.051957
12016E084,12016E084,2016,Treaty,Late 2010s,2010,,L1,high,L1,3,0,3,99,0,0,0.166667
12016E114,12016E114,2016,Treaty,Late 2010s,2010,,L1,high,L1,86,0,86,80,0,0,0.026949
12016E282,12016E282,2016,Treaty,Late 2010s,2010,,L1,high,L1,1,0,1,99,0,0,0
12016M026,12016M026,2016,Treaty,Late 2010s,2010,,L1,high,L1,1,0,1,77,0,0,0
12016M038,12016M038,2016,Treaty,Late 2010s,2010,,L1,high,L1,5,0,5,77,0,0,0.05
12016P048,12016P048,2016,Treaty,Late 2010s,2010,,L1,high,L1,4,0,4,97,0,0,0.25
31973L0240,31973L0240,1973,Directive,Pre-Single European Act,1970,,L1,low,L1,2,0,2,80,0,0,0.5
31975L0130,31975L0130,1975,Directive,Pre-Single European Act,1970,,L1,low,L1,3,0,3,89,0,0,0
31983Y0804(01),31983Y080401,1983,Legislative_Act,Pre-Single European Act,1980,,L1,medium,L1,1,0,1,19,0,0,0
31988R2052,31988R2052,1988,Regulation,Pre-Maastricht,1980,,L1,low,L1,1,0,1,57,0,0,0
31989R4064,31989R4064,1989,Regulation,Pre-Maastricht,1980,,L1,low,L1,23,0,23,19,0,0,0.025692
31992L0096,31992L0096,1992,Directive,Pre-Maastricht,1990,,L1,low,L1,2,0,2,89,0,0,0
31992R0881,31992R0881,1992,Regulation,Pre-Maastricht,1990,,L1,low,L1,2,0,2,98,0,0,0.5
31993R0792,31993R0792,1993,Regulation,1990s,1990,,L1,low,L1,9,0,9,57,0,0,0
31994D1110,31994D1110,1994,Decision,1990s,1990,,L2,low,L2,1,0,1,63,0,0,0
31997R2519,31997R2519,1997,Regulation,1990s,1990,,L1,low,L1,0,2,2,57,0.625,0,0
31998D0013,31998D0013,1998,Decision,1990s,1990,,L2,low,L2,1,0,1,19,0,0,0
31998L0010,31998L0010,1998,Directive,1990s,1990,,L1,low,L1,2,0,2,19,0,0,0
32002D0358R(01),32002D0358,2002,Decision,Early 2000s,2000,,L2,low,L2,3,2,5,63,1,0.889899,0.416667
32002R2342,32002R2342,2002,Regulation,Early 2000s,2000,,L1,low,L1,6,0,6,92,0,0,0.066667
32003L0006,32003L0006,2003,Directive,Early 2000s,2000,,L1,low,L1,9,0,9,80,0,0,0.097222
32003L0008R(04),32003L0008,2003,Directive,Early 2000s,2000,,L1,low,L1,2,8,10,98,1,8.052631,0.166667
32003Q1231(01),32003Q123101,2003,Legislative_Act,Early 2000s,2000,,L1,medium,L1,19,0,19,92,0,0,0.005848
32003R0807,32003R0807,2003,Regulation,Early 2000s,2000,,L1,low,L1,3,5,8,92,0.515152,6649.064517,0.053571
32004L0040,32004L0040,2004,Directive,Early 2000s,2000,,L1,low,L1,1,0,1,19,0,0,0
32004R2006,32004R2006,2004,Regulation,Early 2000s,2000,Regulation (EC) No 2006/2004 of the European Parliament and of the Council of 27 October 2004 on cooperation between national authorities responsible for the enforcement of consumer protection laws (the Regulation on consumer protection cooperation) (Text with EEA relevance),L1,high,L1,8,0,8,92,0,0,0.071429
32006R1543,32006R1543,2006,Regulation,Late 2000s,2000,COMMISSION REGULATION (EC) No 1543/2006 of 12 October 2006 amending Regulation (EC) No 474/2006 establishing the Community list of air carriers which are subject to an operating ban within the Community referred to in Chapter II of Regulation (EC) No 2111/2005 of the European Parliament and of the Council and as amended by Regulation (EC) No 910/2006 (Text with EEA relevance),L1,high,L1,3,0,3,9,0,0,0.333333
32007D0779(01),32007D077901,2007,Decision,Late 2000s,2000,,L2,low,L2,1,0,1,99,0,0,0
32007L0036R(01),32007L0036,2007,Directive,Late 2000s,2000,DIRECTIVE 2007/36/EC OF THE EUROPEAN PARLIAMENT AND OF THE COUNCIL of 11 July 2007 on the exercise of certain rights of shareholders in listed companies,L1,high,L1,7,8,15,80,0.684211,42.334432,0.131868
32008D0673,32008D0673,2008,Decision,Late 2000s,2000,"COMMISSION DECISION of 13 August 2008 amending Decision 2005/928/EC on the harmonisation of the 169,4-169,8125 MHz frequency band in the Community (notified under document number C(2008) 4311) (Text with EEA relevance) (2008/673/EC)",L2,medium,L2,1,0,1,19,0,0,0
32008E0314,32008E0314,2008,Legislative_Act,Late 2000s,2000,COUNCIL JOINT ACTION 2008/314/CFSP of 14 April 2008 on support for IAEA activities in the areas of nuclear security and verification and in the framework of the implementation of the EU Strategy against Proliferation of Weapons of Mass Destruction,L1,medium,L1,1,0,1,77,0,0,0
32008L0057,32008L0057,2008,Directive,Late 2000s,2000,DIRECTIVE 2008/57/EC OF THE EUROPEAN PARLIAMENT AND OF THE COUNCIL of 17 June 2008 on the interoperability of the rail system within the Community (Recast) (Text with EEA relevance),L1,high,L1,14,0,14,89,0,0,0.115385
32009H0848,32009H0848,2009,Legislative_Act,Late 2000s,2000,COMMISSION RECOMMENDATION of 28 October 2009 facilitating the release of the digital dividend in the European Union (Text with EEA relevance) (2009/848/EC),L3,high,L3,1,0,1,19,0,0,0
32010D0661,32010D0661,2010,Decision,Early 2010s,2010,DECISION No 661/2010/EU OF THE EUROPEAN PARLIAMENT AND OF THE COUNCIL of 7 July 2010 on Union guidelines for the development of the trans-European transport network (recast) (Text with EEA relevance),L1,high,L1,4,0,4,98,0,0,0
32010R1158,32010R1158,2010,Regulation,Early 2010s,2010,COMMISSION REGULATION (EU) No 1158/2010 of 9 December 2010 on a common safety method for assessing conformity with the requirements for obtaining railway safety certificates (Text with EEA relevance),L2,medium,L2,4,1,5,89,1,0.2,0.45
32011H0622,32011H0622,2011,Legislative_Act,Early 2010s,2010,COMMISSION RECOMMENDATION of 20 September 2011 on the procedure demonstrating the level of compliance of existing railway lines with the basic parameters of the technical specifications for interoperability (Text with EEA relevance) (2011/622/EU),L3,high,L3,1,0,1,89,0,0,0
32011R1251,32011R1251,2011,Regulation,Early 2010s,2010,"COMMISSION REGULATION (EU) No 1251/2011 of 30 November 2011 amending Directives 2004/17/EC, 2004/18/EC and 2009/81/EC of the European Parliament and of the Council in respect of their application thresholds for the procedures for the awards of contract (Text with EEA relevance)",L1,high,L1,2,3,5,92,0.43662,0,0.5
32013R1382,32013R1382,2013,Regulation,Early 2010s,2010,REGULATION (EU) No 1382/2013 OF THE EUROPEAN PARLIAMENT AND OF THE COUNCIL of 17 December 2013 establishing a Justice Programme for the period 2014 to 2020 (Text with EEA relevance),L1,high,L1,2,0,2,86,0,0,0
32014D0029(01),32014D002901,2014,Decision,Early 2010s,2010,,L2,low,L2,2,0,2,80,0,0,0
32014D0132,32014D0132,2014,Decision,Early 2010s,2010,COMMISSION IMPLEMENTING DECISION of 11 March 2014 setting the Union-wide performance targets for the air traffic management network and alert thresholds for the second reference period 2015-19 (Text with EEA relevance) (2014/132/EU),L2,high,L2,8,6,14,9,0.364706,66.666667,0.120879
32014D0287,32014D0287,2014,Decision,Early 2010s,2010,COMMISSION IMPLEMENTING DECISION of 10 March 2014 setting out criteria for establishing and evaluating European Reference Networks and their Members and for facilitating the exchange of information and expertise on establishing and evaluating such Networks (Text with EEA relevance) (2014/287/EU),L2,high,L2,2,2,4,99,0.278689,0.791667,0.166667
32014L0030,32014L0030,2014,Directive,Early 2010s,2010,DIRECTIVE 2014/30/EU OF THE EUROPEAN PARLIAMENT AND OF THE COUNCIL of 26 February 2014 on the harmonisation of the laws of the Member States relating to electromagnetic compatibility (recast) (Text with EEA relevance),L1,high,L1,10,9,19,92,0.285106,1403.208685,0.152047
32014L0057,32014L0057,2014,Directive,Early 2010s,2010,DIRECTIVE 2014/57/EU OF THE EUROPEAN PARLIAMENT AND OF THE COUNCIL of 16 April 2014 on criminal sanctions for market abuse (market abuse directive),L1,high,L1,6,6,12,80,0.296454,213.232347,0.222222
32014O0043,32014O0043,2014,Legislative_Act,Early 2010s,2010,GUIDELINE (EU) 2015/571 OF THE EUROPEAN CENTRAL BANK of 6 November 2014 amending Guideline ECB/2014/15 on monetary and financial statistics (ECB/2014/43),L3,high,L3,1,0,1,80,0,0,0
32014R0223,32014R0223,2014,Regulation,Early 2010s,2010,REGULATION (EU) No 223/2014 OF THE EUROPEAN PARLIAMENT AND OF THE COUNCIL of 11 March 2014 on the Fund for European Aid to the Most Deprived,L1,high,L1,6,7,13,86,0.23789,228.025733,0.141026
32015R0479R(01),32015R0479,2015,Regulation,Late 2010s,2010,REGULATION (EU) 2015/479 OF THE EUROPEAN PARLIAMENT AND OF THE COUNCIL of 11 March 2015 on common rules for exports (codification),L1,high,L1,5,5,10,92,0.389831,372.944695,0.222222
32015R1502,32015R1502,2015,Regulation,Late 2010s,2010,COMMISSION IMPLEMENTING REGULATION (EU) 2015/1502 of 8 September 2015 on setting out minimum technical specifications and procedures for assurance levels for electronic identification means pursuant to Article 8(3) of Regulation (EU) No 910/2014 of the European Parliament and of the Council on electronic identification and trust services for electronic transactions in the internal market (Text with EEA relevance),L2,high,L2,3,1,4,97,0.2265,0,0.416667
32015R2365R(01),32015R2365,2015,Regulation,Late 2010s,2010,REGULATION (EU) 2015/2365 OF THE EUROPEAN PARLIAMENT AND OF THE COUNCIL of 25 November 2015 on transparency of securities financing transactions and of reuse and amending Regulation (EU) No 648/2012 (Text with EEA relevance),L1,high,L1,14,25,39,80,0.374376,596.715599,0.169275
32016L1148,32016L1148,2016,Directive,Late 2010s,2010,DIRECTIVE (EU) 2016/1148 OF THE EUROPEAN PARLIAMENT AND OF THE COUNCIL of 6 July 2016 concerning measures for a high common level of security of network and information systems across the Union,L1,low,L1,16,0,16,92,0,0,0.075
32016R0758,32016R0758,2016,Regulation,Late 2010s,2010,COMMISSION DELEGATED REGULATION (EU) 2016/758 of 4 February 2016 amending Regulation (EU) No 1315/2013 of the European Parliament and of the Council as regards adapting Annex III thereto (Text with EEA relevance),L2,high,L2,1,0,1,9,0,0,0
32018D1688,32018D1688,2018,Decision,Late 2010s,2010,Commission Implementing Decision (EU) 2018/1688 of 7 November 2018 granting derogations to Slovakia as regards the provision of statistics pursuant to Regulation (EC) No 1099/2008 of the European Parliament and of the Council on energy statistics (notified under document C(2018) 7304) (Text with EEA relevance.),L2,high,L2,0,1,1,63,0.533333,0,0
32018R1805,32018R1805,2018,Regulation,Late 2010s,2010,Regulation (EU) 2018/1805 of the European Parliament and of the Council of 14 November 2018 on the mutual recognition of freezing orders and confiscation orders,L1,high,L1,3,19,22,97,0.23295,92.753151,0.112554
32018R1807,32018R1807,2018,Regulation,Late 2010s,2010,Regulation (EU) 2018/1807 of the European Parliament and of the Council of 14 November 2018 on a framework for the free flow of non-personal data in the European Union (Text with EEA relevance.),L1,high,L1,3,16,19,92,0.300584,280.049515,0.064327
32019D1298,32019D1298,2019,Decision,Late 2010s,2010,Council Decision (CFSP) 2019/1298 of 31 July 2019 in support of an Africa-China-Europe dialogue and cooperation on preventing the diversion of arms and ammunition in Africa,L1,high,L1,0,3,3,77,0.538462,0,0
32019R0496,32019R0496,2019,Regulation,Late 2010s,2010,Regulation (EU) 2019/496 of the European Parliament and of the Council of 25 March 2019 amending Council Regulation (EC) No 428/2009 by granting a Union general export authorisation for the export of certain dual-use items from the Union to the United Kingdom,L1,high,L1,1,0,1,96,0,0,0
32019R0715,32019R0715,2019,Regulation,Late 2010s,2010,"Commission Delegated Regulation (EU) 2019/715 of 18 December 2018 on the framework financial regulation for the bodies set up under the TFEU and Euratom Treaty and referred to in Article 70 of Regulation (EU, Euratom) 2018/1046 of the European Parliament and of the Council",L2,high,L2,7,13,20,97,0.27663,581.384676,0.1
32019R0942,32019R0942,2019,Regulation,Late 2010s,2010,Regulation (EU) 2019/942 of the European Parliament and of the Council of 5 June 2019 establishing a European Union Agency for the Cooperation of Energy Regulators (recast) (Text with EEA relevance.),L1,high,L1,8,29,37,63,0.305573,1396.979782,0.090018
32019R1745,32019R1745,2019,Regulation,Late 2010s,2010,"Commission Delegated Regulation (EU) 2019/1745 of 13 August 2019 supplementing and amending Directive 2014/94/EU of the European Parliament and of the Council as regards recharging points for L-category motor vehicles, shore-side electricity supply for inland waterway vessels, hydrogen supply for road transport and natural gas supply for road and waterborne transport and repealing Commission Delegated Regulation (EU) 2018/674 (Text with EEA relevance)",L2,high,L2,1,0,1,63,0,0,0
32020D1023,32020D1023,2020,Decision,2020s,2020,Commission Implementing Decision (EU) 2020/1023 of 15 July 2020 amending Implementing Decision (EU) 2019/1765 as regards the cross-border exchange of data between national contact tracing and warning mobile applications with regard to combatting the COVID-19 pandemic (Text with EEA relevance),L2,high,L2,0,7,7,97,0.254467,0,0.214286
32020R0389,32020R0389,2020,Regulation,2020s,2020,Commission Delegated Regulation (EU) 2020/389 of 31 October 2019 amending Regulation (EU) No 347/2013 of the European Parliament and of the Council as regards the Union list of projects of common interest,L2,high,L2,1,0,1,63,0,0,0
32020R0873R(01),32020R0873,2020,Regulation,2020s,2020,Regulation (EU) 2020/873 of the European Parliament and of the Council of 24 June 2020 amending Regulations (EU) No 575/2013 and (EU) 2019/876 as regards certain adjustments in response to the COVID-19 pandemic (Text with EEA relevance),L1,high,L1,2,8,10,80,0.269231,0.45,0.388889
32020R1229,32020R1229,2020,Regulation,2020s,2020,"Commission Delegated Regulation (EU) 2020/1229 of 29 November 2019 supplementing Regulation (EU) 2017/2402 of the European Parliament and of the Council with regard to regulatory technical standards on securitisation repository operational standards for data collection, aggregation, comparison, access and verification of completeness and consistency (Text with EEA relevance)",L2,high,L2,1,6,7,80,0.262757,0,0.404762
32020R1318,32020R1318,2020,Regulation,2020s,2020,Commission Implementing Regulation (EU) 2020/1318 of 22 September 2020 amending Implementing Regulations (EU) 2020/21 and (EU) No 2020/194 as regards the dates of application in response to the COVID‐19 pandemic,L2,high,L2,0,6,6,96,0.227848,0,0.4
32020R2171,32020R2171,2020,Regulation,2020s,2020,Regulation (EU) 2020/2171 of the European Parliament and of the Council of 16 December 2020 amending Annex IIa to Council Regulation (EC) No 428/2009 as regards granting a Union General Export Authorisation for the export of certain dual-use items from the Union to the United Kingdom of Great Britain and Northern Ireland,L1,high,L1,1,0,1,96,0,0,0
32021H2279,32021H2279,2021,Legislative_Act,2020s,2020,Commission Recommendation (EU) 2021/2279 of 15 December 2021 on the use of the Environmental Footprint methods to measure and communicate the life cycle environmental performance of products and organisations,L3,high,L3,2,0,2,63,0,0,0
32021L0338,32021L0338,2021,Directive,2020s,2020,"Directive (EU) 2021/338 of the European Parliament and of the Council of 16 February 2021 amending Directive 2014/65/EU as regards information requirements, product governance and position limits, and Directives 2013/36/EU and (EU) 2019/878 as regards their application to investment firms, to help the recovery from the COVID-19 crisis (Text with EEA relevance)",L1,high,L1,2,15,17,80,0.275042,346.3,0.183824
32022D0430R(01),32022D0430,2022,Decision,2020s,2020,Council Decision (CFSP) 2022/430 of 15 March 2022 amending Decision 2014/512/CFSP concerning restrictive measures in view of Russia’s actions destabilising the situation in Ukraine,L1,high,L1,2,3,5,96,0.216304,1,0.333333
32022D1271R(02),32022D1271,2022,Decision,2020s,2020,Council Decision (CFSP) 2022/1271 of 21 July 2022 amending Decision 2014/512/CFSP concerning restrictive measures in view of Russia’s actions destabilising the situation in Ukraine,L1,high,L1,2,8,10,92,0.301063,2,0.291667
32022R1369,32022R1369,2022,Regulation,2020s,2020,Council Regulation (EU) 2022/1369 of 5 August 2022 on coordinated demand-reduction measures for gas,L1,high,L1,3,0,3,63,0,0,0.166667
32022R2303,32022R2303,2022,Regulation,2020s,2020,Commission Implementing Regulation (EU) 2022/2303 of 24 November 2022 amending Implementing Regulation (EU) 2019/1780 establishing standard forms for the publication of notices in the field of public procurement (Text with EEA relevance),L2,high,L2,1,8,9,92,0.302885,0,0.430556
32023D0387R(01),32023D0387,2023,Decision,2020s,2020,Council Decision (CFSP) 2023/387 of 20 February 2023 in support of a global reporting mechanism on illicit conventional arms and their ammunition to reduce the risk of their diversion and illicit transfer (‘iTrace V’),L1,high,L1,1,6,7,77,0.17873,0,0.3
32023D1532,32023D1532,2023,Decision,2020s,2020,Council Decision (CFSP) 2023/1532 of 20 July 2023 concerning restrictive measures in view of Iran’s military support to Russia’s war of aggression against Ukraine,L1,high,L1,1,5,6,96,0.244363,1,0.2
32023R1113,32023R1113,2023,Regulation,2020s,2020,Regulation (EU) 2023/1113 of the European Parliament and of the Council of 31 May 2023 on information accompanying transfers of funds and certain crypto-assets and amending Directive (EU) 2015/849 (Text with EEA relevance),L1,high,L1,4,25,29,80,0.252906,466.303739,0.128079
32023R1115,32023R1115,2023,Regulation,2020s,2020,Regulation (EU) 2023/1115 of the European Parliament and of the Council of 31 May 2023 on the making available on the Union market and the export from the Union of certain commodities and products associated with deforestation and forest degradation and repealing Regulation (EU) No 995/2010 (Text with EEA relevance),L1,high,L1,4,19,23,63,0.313984,396.447867,0.136364
32023R1781,32023R1781,2023,Regulation,2020s,2020,Regulation (EU) 2023/1781 of the European Parliament and of the Council of 13 September 2023 establishing a framework of measures for strengthening Europe’s semiconductor ecosystem and amending Regulation (EU) 2021/694 (Chips Act) (Text with EEA relevance),L1,high,L1,3,35,38,99,0.32003,912.74959,0.07468
32023R2406,32023R2406,2023,Regulation,2020s,2020,Council Regulation (EU) 2023/2406 of 23 October 2023 concerning restrictive measures in view of the situation in Niger,L1,high,L1,0,11,11,97,0.321212,0,0.054545
32024R0912,32024R0912,2024,Regulation,2020s,2020,Commission Delegated Regulation (EU) 2024/912 of 15 December 2023 supplementing Directive 2011/61/EU of the European Parliament and of the Council with regard to regulatory technical standards specifying the information to be notified in relation to the cross-border activities of managers of alternative investment funds (AIFMs),L2,high,L2,0,7,7,80,0.302002,0,0.095238
32024R1252,32024R1252,2024,Regulation,2020s,2020,"Regulation (EU) 2024/1252 of the European Parliament and of the Council of 11 April 2024 establishing a framework for ensuring a secure and sustainable supply of critical raw materials and amending Regulations (EU) No 168/2013, (EU) 2018/858, (EU) 2018/1724 and (EU) 2019/1020 (Text with EEA relevance)",L1,high,L1,2,46,48,92,0.3095,522.938877,0.058067
32025R0392,32025R0392,2025,Regulation,2020s,2020,Council Regulation (EU) 2025/392 of 24 February 2025 amending Regulation (EC) No 765/2006 concerning restrictive measures in view of the situation in Belarus and the involvement of Belarus in the Russian aggression against Ukraine,L1,high,L1,0,11,11,80,0.230769,0,0.127273
61979CJ0730,61979CJ0730,1979,Case_Law,Pre-Single European Act,1970,,L4,high,L4,7,0,7,89,0,0,0
61986CJ0001,61986CJ0001,1986,Case_Law,Pre-Single European Act,1980,,L4,high,L4,1,0,1,19,0,0,0
61997TJ0296,61997TJ0296,1997,Case_Law,1990s,1990,,L4,high,L4,4,0,4,89,0,0,0.083333
62003CJ0172,62003CJ0172,2003,Case_Law,Early 2000s,2000,Judgment of the Court (Second Chamber) of 3 March 2005.#Wolfgang Heiser v Finanzamt Innsbruck.#Reference for a preliminary ruling: Verwaltungsgerichtshof - Austria.#VAT - Exemption for medical care provided in the exercise of the profession of medical practitioner - Adjustment of deductions.#Case C-172/03.,L4,high,L4,6,0,6,89,0,0,0.033333
62012CJ0262,62012CJ0262,2012,Case_Law,Early 2010s,2010,"Judgment of the Court (Second Chamber), 19 December 2013.#Association Vent De Colère! Fédération nationale and Others v Ministre de l’Écologie, du Développement durable, des Transports et du Logement and Ministre de l’Économie, des Finances et de l’Industrie.#Request for a preliminary ruling from the Conseil d’État (France).#Reference for a preliminary ruling — State aid — Concept of ‘intervention by the State or through State resources’ — Wind-generated electricity — Obligation to purchase at a price higher than the market price — Offsetting in full — Charges payable by final consumers of electricity.#Case C‑262/12.",L4,high,L4,1,0,1,89,0,0,0
62018CJ0385,62018CJ0385,2018,Case_Law,Late 2010s,2010,Judgment of the Court (Second Chamber) of 19 December 2019.#Arriva Italia Srl and Others v Ministero delle Infrastrutture e dei Trasporti.#Request for a preliminary ruling from the Consiglio di Stato.#Reference for a preliminary ruling — State aid — Notion — Public railway undertaking in difficulties — Aid measures — Allocation of financial aid — Aim — Continued operation of the public railway undertaking — Allocation to and shareholding in the capital of that public undertaking — Transfer to the capital of another public undertaking — Private investor test — Prior notification obligation for new aid.#Case C-385/18.,L4,high,L4,1,0,1,89,0,0,0
11957E089,11957E089,1957,Treaty,Pre-Treaty of Rome,1950,,L1,high,L1,2,0,2,89,0,0,0
11957E153,11957E153,1957,Treaty,Pre-Treaty of Rome,1950,,L1,high,L1,1,0,1,79,0,0,0
11992E059,11992E059,1992,Treaty,Pre-Maastricht,1990,,L1,high,L1,10,0,10,57,0,0,0.011111
11992E075,11992E075,1992,Treaty,Pre-Maastricht,1990,,L1,high,L1,3,0,3,89,0,0,0
11992E084,11992E084,1992,Treaty,Pre-Maastricht,1990,,L1,high,L1,1,0,1,89,0,0,0
11992E130R,11992E130R,1992,Treaty,Pre-Maastricht,1990,,L1,high,L1,2,0,2,57,0,0,0
11997M017,11997M017,1997,Treaty,1990s,1990,,L1,high,L1,2,0,2,97,0,0,0
12002M015,12002M015,2002,Treaty,Early 2000s,2000,,L1,high,L1,2,0,2,77,0,0,0
12006E055,12006E055,2006,Treaty,Late 2000s,2000,,L1,high,L1,2,0,2,92,0,0,0
12012M041,12012M041,2012,Treaty,Early 2010s,2010,,L1,high,L1,1,0,1,97,0,0,0
12016A106BIS,12016A106BIS,2016,Treaty,Late 2010s,2010,,L1,high,L1,7,0,7,99,0,0,0
12016E004,12016E004,2016,Treaty,Late 2010s,2010,,L1,high,L1,2,0,2,9,0,0,0
12016E122,12016E122,2016,Treaty,Late 2010s,2010,,L1,high,L1,6,0,6,99,0,0,0
12016E189,12016E189,2016,Treaty,Late 2010s,2010,,L1,high,L1,5,0,5,99,0,0,0.15
12016E207,12016E207,2016,Treaty,Late 2010s,2010,,L1,high,L1,17,0,17,96,0,0,0.036765
12016M/PRO/36,12016MPRO36,2016,Treaty,Late 2010s,2010,,L1,high,L1,1,0,1,80,0,0,0
12016M002,12016M002,2016,Treaty,Late 2010s,2010,,L1,high,L1,17,0,17,99,0,0,0.040441
12016M027,12016M027,2016,Treaty,Late 2010s,2010,,L1,high,L1,1,0,1,77,0,0,0
31958D0255,31958D0255,1958,Decision,Pre-Single European Act,1950,,L2,low,L2,1,0,1,92,0,0,0
31964L0225,31964L0225,1964,Directive,Pre-Single European Act,1960,,L1,low,L1,2,0,2,80,0,0,0.5
31970R1108,31970R1108,1970,Regulation,Pre-Single European Act,1970,,L1,low,L1,2,0,2,57,0,0,0
31975D0327,31975D0327,1975,Decision,Pre-Single European Act,1970,,L2,low,L2,1,0,1,89,0,0,0
31975D0487,31975D0487,1975,Decision,Pre-Single European Act,1970,,L2,low,L2,1,0,1,83,0,0,0
31979R0214,31979R0214,1979,Regulation,Pre-Single European Act,1970,,L1,low,L1,1,0,1,57,0,0,0
31979Y0329(02),31979Y032902,1979,Legislative_Act,Pre-Single European Act,1970,,L1,medium,L1,1,0,1,87,0,0,0
31984L0253,31984L0253,1984,Directive,Pre-Single European Act,1980,,L1,low,L1,5,0,5,80,0,0,0.25
31985R3640,31985R3640,1985,Regulation,Pre-Single European Act,1980,,L1,low,L1,1,0,1,19,0,0,0
31996D0642,31996D0642,1996,Decision,1990s,1990,,L2,low,L2,1,0,1,82,0,0,0
31996L0002,31996L0002,1996,Directive,1990s,1990,,L1,low,L1,2,0,2,19,0,0,0.5
31996L0026,31996L0026,1996,Directive,1990s,1990,,L1,low,L1,2,0,2,96,0,0,0.5
31998R2532,31998R2532,1998,Regulation,1990s,1990,,L1,low,L1,9,0,9,80,0,0,0.097222
32001L0017,32001L0017,2001,Directive,Early 2000s,2000,,L1,low,L1,4,0,4,80,0,0,0.166667
32002F0465R(01),32002F0465,2002,Legislative_Act,Early 2000s,2000,,L1,medium,L1,5,1,6,97,0,0,0.35
32002L0019,32002L0019,2002,Directive,Early 2000s,2000,,L1,low,L1,8,0,8,19,0,0,0.125
32003R0622,32003R0622,2003,Regulation,Early 2000s,2000,,L1,low,L1,1,0,1,89,0,0,0
32003R1435R(02),32003R1435,2003,Regulation,Early 2000s,2000,,L1,low,L1,3,9,12,80,0.722222,1076.796834,0.172727
32004D0393,32004D0393,2004,Decision,Early 2000s,2000,,L2,low,L2,1,17,18,89,0.793103,31,0.03268
32004L0050,32004L0050,2004,Directive,Early 2000s,2000,,L1,low,L1,2,0,2,89,0,0,0
32004R0551,32004R0551,2004,Regulation,Early 2000s,2000,,L1,low,L1,14,0,14,9,0,0,0.159341
32006L0031,32006L0031,2006,Directive,Late 2000s,2000,,L1,low,L1,2,0,2,80,0,0,0
32006L0087,32006L0087,2006,Directive,Late 2000s,2000,DIRECTIVE OF THE EUROPEAN PARLIAMENT AND OF THE COUNCIL of 12 December 2006 laying down technical requirements for inland waterway vessels and repealing Council Directive 82/714/EEC (2006/87/EC) LIST OF ANNEXES,L1,high,L1,3,0,3,98,0,0,0.166667
32008D0017,32008D0017,2008,Decision,Late 2000s,2000,DECISION OF THE EUROPEAN CENTRAL BANK of 17 November 2008 laying down the framework for joint Eurosystem procurement (ECB/2008/17) (2008/893/EC),L2,low,L2,1,0,1,92,0,0,0
32008F0947R(03),32008F0947,2008,Legislative_Act,Late 2000s,2000,COUNCIL FRAMEWORK DECISION 2008/947/JHA of 27 November 2008 on the application of the principle of mutual recognition to judgments and probation decisions with a view to the supervision of probation measures and alternative sanctions,L1,high,L1,6,7,13,97,0.42,192.103968,0.234848
32008R0683,32008R0683,2008,Regulation,Late 2000s,2000,REGULATION (EC) No 683/2008 OF THE EUROPEAN PARLIAMENT AND OF THE COUNCIL of 9 July 2008 on the further implementation of the European satellite navigation programmes (EGNOS and Galileo),L1,high,L1,3,0,3,97,0,0,0
32010D0330,32010D0330,2010,Decision,Early 2010s,2010,"COUNCIL DECISION 2010/330/CFSP of 14 June 2010 on the European Union Integrated Rule of Law Mission for Iraq, EUJUST LEX-IRAQ",L1,high,L1,1,0,1,36,0,0,0
32011D0346,32011D0346,2011,Decision,Early 2010s,2010,"COMMISSION DECISION of 20 July 2010 on the State aid C 33/09 (ex NN 57/09, CP 191/09) implemented by Portugal in the form of a State guarantee to BPP (notified under document C(2010) 4932) (Only the Portuguese text is authentic) (Text with EEA relevance) (2011/346/EU)",L2,medium,L2,0,6,6,89,0.28655,0,0.1
32011D0411,32011D0411,2011,Decision,Early 2010s,2010,"COUNCIL DECISION 2011/411/CFSP of 12 July 2011 defining the statute, seat and operational rules of the European Defence Agency and repealing Joint Action 2004/551/CFSP",L1,high,L1,1,0,1,97,0,0,0
32011L0007R(04),32011L0007,2011,Directive,Early 2010s,2010,DIRECTIVE 2011/7/EU OF THE EUROPEAN PARLIAMENT AND OF THE COUNCIL of 16 February 2011 on combating late payment in commercial transactions (recast) (Text with EEA relevance),L1,high,L1,3,15,18,97,0.506329,329.409817,0.080882
32011L0083R(03),32011L0083,2011,Directive,Early 2010s,2010,"DIRECTIVE 2011/83/EU OF THE EUROPEAN PARLIAMENT AND OF THE COUNCIL of 25 October 2011 on consumer rights, amending Council Directive 93/13/EEC and Directive 1999/44/EC of the European Parliament and of the Council and repealing Council Directive 85/577/EEC and Directive 97/7/EC of the European Parliament and of the Council (Text with EEA relevance)",L1,high,L1,17,15,32,92,0.392491,3908.216157,0.106452
32011R0513,32011R0513,2011,Regulation,Early 2010s,2010,REGULATION (EU) No 513/2011 OF THE EUROPEAN PARLIAMENT AND OF THE COUNCIL of 11 May 2011 amending Regulation (EC) No 1060/2009 on credit rating agencies (Text with EEA relevance),L1,high,L1,3,6,9,80,0.308219,5.497042,0.180556
32012D0630,32012D0630,2012,Decision,Early 2010s,2010,COMMISSION IMPLEMENTING DECISION of 5 October 2012 on the recognition of the legal and supervisory framework of Canada as equivalent to the requirements of Regulation (EC) No 1060/2009 of the European Parliament and of the Council on credit rating agencies (Text with EEA relevance) (2012/630/EU),L2,high,L2,1,0,1,80,0,0,0
32014D0245,32014D0245,2014,Decision,Early 2010s,2010,COMMISSION IMPLEMENTING DECISION of 28 April 2014 on the recognition of the legal and supervisory framework of Brazil as equivalent to the requirements of Regulation (EC) No 1060/2009 of the European Parliament and of the Council on credit rating agencies (Text with EEA relevance) (2014/245/EU),L2,high,L2,2,0,2,80,0,0,0
32014R0599,32014R0599,2014,Regulation,Early 2010s,2010,"REGULATION (EU) No 599/2014 OF THE EUROPEAN PARLIAMENT AND OF THE COUNCIL of 16 April 2014 amending Council Regulation (EC) No 428/2009 setting up a Community regime for the control of exports, transfer, brokering and transit of dual-use items Joint Statement by the European Parliament, the Council and the Commission on the review of the dual-use export control system Commission Statement on delegated acts Commission Statement on updating the Regulation",L2,high,L2,1,0,1,96,0,0,0
32014R0802,32014R0802,2014,Regulation,Early 2010s,2010,"COMMISSION IMPLEMENTING REGULATION (EU) No 802/2014 of 24 July 2014 establishing models for national programmes and establishing the terms and conditions of the electronic data exchange system between the Commission and Member States pursuant to Regulation (EU) No 514/2014 of the European Parliament and of the Council laying down general provisions on the Asylum, Migration and Integration Fund and on the instrument for financial support for police cooperation, prevention and combating crime and crisis management",L2,high,L2,3,4,7,86,0.185342,94.666667,0.119048
32014R1375,32014R1375,2014,Regulation,Early 2010s,2010,REGULATION (EU) No 1375/2014 OF THE EUROPEAN CENTRAL BANK of 10 December 2014 amending Regulation (EU) No 1071/2013 concerning the balance sheet of the monetary financial institutions sector (ECB/2013/33) (ECB/2014/51),L1,low,L1,1,0,1,80,0,0,0
32015D0347,32015D0347,2015,Decision,Late 2010s,2010,"COMMISSION IMPLEMENTING DECISION (EU) 2015/347 of 2 March 2015 concerning the inconsistency of certain targets included in the national or functional airspace block plans submitted pursuant to Regulation (EC) No 549/2004 of the European Parliament and of the Council with the Union-wide performance targets for the second reference period and setting out recommendations for the revision of those targets (notified under document C(2015) 1263) (Only the Bulgarian, Spanish, Czech, German, Greek, French, Croatian, Italian, Hungarian, Maltese, Dutch, Portuguese, Romanian, Slovak and Slovenian texts are authentic) (Text with EEA relevance)",L2,high,L2,1,3,4,9,0.340426,0,0.416667
32015D2363,32015D2363,2015,Decision,Late 2010s,2010,COMMISSION DECISION (EU) 2015/2363 of 16 December 2015 updating Annex A to the Monetary Agreement between the European Union and the Principality of Monaco,L2,medium,L2,0,4,4,80,0.30888,0,0.166667
32015R0840,32015R0840,2015,Regulation,Late 2010s,2010,"COMMISSION IMPLEMENTING REGULATION (EU) 2015/840 of 29 May 2015 on controls carried out by Responsible Authorities pursuant to Regulation (EU) No 514/2014 of the European Parliament and of the Council laying down general provisions on the Asylum, Migration and Integration Fund and on the instrument for financial support for police cooperation, preventing and combating crime, and crisis management",L2,high,L2,1,3,4,86,0.181259,0,0.5
32016D1711,32016D1711,2016,Decision,Late 2010s,2010,COUNCIL DECISION (CFSP) 2016/1711 of 27 September 2016 amending Common Position 2001/931/CFSP on the application of specific measures to combat terrorism,L1,high,L1,1,2,3,96,0.75,1,0.166667
32016L2341R(02),32016L2341,2016,Directive,Late 2010s,2010,DIRECTIVE (EU) 2016/2341 OF THE EUROPEAN PARLIAMENT AND OF THE COUNCIL of 14 December 2016 on the activities and supervision of institutions for occupational retirement provision (IORPs) (recast) (Text with EEA relevance),L1,high,L1,14,21,35,80,0.334541,1222.947608,0.188057
32016R1384,32016R1384,2016,Regulation,Late 2010s,2010,REGULATION (EU) 2016/1384 OF THE EUROPEAN CENTRAL BANK of 2 August 2016 amending Regulation (EU) No 1011/2012 (ECB/2012/24) concerning statistics on holdings of securities (ECB/2016/22),L1,low,L1,3,10,13,80,0.289474,18.243107,0.227273
32016Y0312(02),32016Y031202,2016,Legislative_Act,Late 2010s,2010,,L1,medium,L1,1,0,1,80,0,0,0
32017D1438,32017D1438,2017,Decision,Late 2010s,2010,COMMISSION IMPLEMENTING DECISION (EU) 2017/1438 of 4 August 2017 amending Decision 2007/131/EC on allowing the use of the radio spectrum for equipment using ultra-wideband technology in a harmonised manner in the Community (notified under document C(2017) 5456) (Text with EEA relevance),L2,high,L2,1,0,1,19,0,0,0
32018R0540,32018R0540,2018,Regulation,Late 2010s,2010,COMMISSION DELEGATED REGULATION (EU) 2018/540 of 23 November 2017 amending Regulation (EU) No 347/2013 of the European Parliament and of the Council as regards the Union list of projects of common interest,L2,high,L2,1,0,1,63,0,0,0
32019R0317R(05),32019R0317,2019,Regulation,Late 2010s,2010,Commission Implementing Regulation (EU) 2019/317 of 11 February 2019 laying down a performance and charging scheme in the single European sky and repealing Implementing Regulations (EU) No 390/2013 and (EU) No 391/2013 (Text with EEA relevance.),L2,high,L2,35,11,46,9,0.273705,8290.061021,0.081313
32020Q1222(01),32020Q122201,2020,Legislative_Act,2020s,2020,,L1,medium,L1,17,9,26,99,0.382022,264.855178,0.170769
32021D1875,32021D1875,2021,Decision,2020s,2020,Council Decision (EU) 2021/1875 of 22 October 2021 concerning the position to be adopted on behalf of the Union in the annual consultations with the United Kingdom to agree on total allowable catches,L1,high,L1,0,6,6,99,0.398058,0,0.166667
32021O2256,32021O2256,2021,Legislative_Act,2020s,2020,Guideline (EU) 2021/2256 of the European Central Bank of 2 November 2021 laying down the principles of the Ethics Framework for the Single Supervisory Mechanism (ECB/2021/50) (recast),L3,high,L3,0,6,6,80,0.229466,0,0.266667
32021R0775,32021R0775,2021,Regulation,2020s,2020,Commission Implementing Regulation (EU) 2021/775 of 11 May 2021 laying down the rules for the application of Regulation (EU) No 952/2013 of the European Parliament and of the Council as regards derogations from the ‘originating products’ rules laid down in the Trade and Cooperation Agreement between the European Union and the United Kingdom of Great Britain and Northern Ireland,L2,high,L2,0,3,3,96,0.223288,0,0.166667
32021R1058R(01),32021R1058,2021,Regulation,2020s,2020,Regulation (EU) 2021/1058 of the European Parliament and of the Council of 24 June 2021 on the European Regional Development Fund and on the Cohesion Fund,L1,high,L1,11,33,44,99,0.323851,1908.367599,0.119048
32021R1147,32021R1147,2021,Regulation,2020s,2020,"Regulation (EU) 2021/1147 of the European Parliament and of the Council of 7 July 2021 establishing the Asylum, Migration and Integration Fund",L1,high,L1,3,32,35,99,0.284869,165.137099,0.130125
32021R1148,32021R1148,2021,Regulation,2020s,2020,"Regulation (EU) 2021/1148 of the European Parliament and of the Council of 7 July 2021 establishing, as part of the Integrated Border Management Fund, the Instrument for Financial Support for Border Management and Visa Policy",L1,high,L1,4,41,45,99,0.303388,698.465774,0.143411
32021R2325,32021R2325,2021,Regulation,2020s,2020,"Commission Implementing Regulation (EU) 2021/2325 of 16 December 2021 establishing, pursuant to Regulation (EU) 2018/848 of the European Parliament and of the Council, the list of third countries and the list of control authorities and control bodies that have been recognised under Article 33(2) and (3) of Council Regulation (EC) No 834/2007 for the purpose of importing organic products into the Union",L2,high,L2,0,1,1,99,0.333333,0,0
32022C1223(02),32022C122302,2022,Legislative_Act,2020s,2020,,L1,medium,L1,1,0,1,92,0,0,0
32022D0763,32022D0763,2022,Decision,2020s,2020,Commission Decision (EU) 2022/763 of 21 December 2021 on the State aid SA.60165- 2021/C (ex 2021/N) which Portugal is planning to implement for TAP SGPS (notified under document C(2021) 9941) (Only the English text is authentic) (Text with EEA relevance),L2,medium,L2,0,17,17,89,0.717949,0,0.003676
32022D1970,32022D1970,2022,Decision,2020s,2020,"Council Decision (CFSP) 2022/1970 of 17 October 2022 amending Decision 2010/452/CFSP on the European Union Monitoring Mission in Georgia, EUMM Georgia",L1,high,L1,0,5,5,77,0.692308,0,0.05
32022D2478R(01),32022D2478,2022,Decision,2020s,2020,Council Decision (CFSP) 2022/2478 of 16 December 2022 amending Decision 2014/512/CFSP concerning restrictive measures in view of Russia’s actions destabilising the situation in Ukraine,L1,high,L1,2,9,11,96,0.220701,1,0.177778
32022R1930,32022R1930,2022,Regulation,2020s,2020,Commission Delegated Regulation (EU) 2022/1930 of 6 July 2022 amending the regulatory technical standards laid down in Delegated Regulation (EU) 2018/1229 as regards the date of application of the provisions related to the buy-in regime (Text with EEA relevance),L2,high,L2,0,5,5,80,0.25,0,0.4
32022R2065,32022R2065,2022,Regulation,2020s,2020,Regulation (EU) 2022/2065 of the European Parliament and of the Council of 19 October 2022 on a Single Market For Digital Services and amending Directive 2000/31/EC (Digital Services Act) (Text with EEA relevance),L1,high,L1,11,41,52,92,0.359721,4005.514353,0.092383
32023L1544,32023L1544,2023,Directive,2020s,2020,Directive (EU) 2023/1544 of the European Parliament and of the Council of 12 July 2023 laying down harmonised rules on the designation of designated establishments and the appointment of legal representatives for the purpose of gathering electronic evidence in criminal proceedings,L1,high,L1,1,14,15,97,0.319386,28.245657,0.109524
32023R1626,32023R1626,2023,Regulation,2020s,2020,Commission Delegated Regulation (EU) 2023/1626 of 19 April 2023 on amending the regulatory technical standards laid down in Delegated Regulation (EU) 2018/1229 as regards the penalty mechanism for settlement fails relating to cleared transactions submitted by CCPs for settlement (Text with EEA relevance),L2,high,L2,0,3,3,80,0.286641,0,0.5
32023R2533,32023R2533,2023,Regulation,2020s,2020,"Commission Regulation (EU) 2023/2533 of 17 November 2023 implementing Directive 2009/125/EC of the European Parliament and of the Council with regard to ecodesign requirements for household tumble dryers, amending Commission Regulation (EU) 2023/826, and repealing Commission Regulation (EU) No 932/2012",L2,high,L2,0,7,7,92,0.233947,0,0.357143
32023R2765,32023R2765,2023,Regulation,2020s,2020,Council Implementing Regulation (EU) 2023/2765 of 7 December 2023 implementing Article 2(3) of Regulation (EC) No 2580/2001 on specific restrictive measures directed against certain persons and entities with a view to combating terrorism,L2,high,L2,0,2,2,96,0.571429,0,0.5
32024D2396,32024D2396,2024,Decision,2020s,2020,Council Decision (CFSP) 2024/2396 of 6 September 2024 amending Decision (CFSP) 2016/610 on a European Union CSDP Military Training Mission in the Central African Republic (EUTM RCA),L1,high,L1,0,3,3,77,0.194875,0,0.333333
32024R1205,32024R1205,2024,Regulation,2020s,2020,Council Regulation (EU) 2024/1205 of 22 April 2024 amending Regulation (EU) 2017/1770 concerning restrictive measures in view of the situation in Mali,L1,high,L1,0,6,6,96,0.306106,0,0.066667
32024R2642,32024R2642,2024,Regulation,2020s,2020,Council Regulation (EU) 2024/2642 of 8 October 2024 concerning restrictive measures in view of Russia’s destabilizing activities,L1,high,L1,0,11,11,97,0.321212,0,0.054545
32025R0041,32025R0041,2025,Regulation,2020s,2020,"Regulation (EU) 2025/41 of the European Parliament and of the Council of 19 December 2024 on import, export and transit measures for firearms, essential components and ammunition, implementing Article 10 of the United Nations Protocol against the illicit manufacturing of and trafficking in firearms, their parts and components and ammunition, supplementing the United Nations Convention against Transnational Organised Crime (UN Firearms Protocol) (recast)",L2,high,L2,1,25,26,96,0.314302,430.163123,0.098462
61977CJ0082,61977CJ0082,1977,Case_Law,Pre-Single European Act,1970,,L4,high,L4,1,0,1,89,0,0,0
61977CJ0156,61977CJ0156,1977,Case_Law,Pre-Single European Act,1970,,L4,high,L4,2,0,2,89,0,0,0
61985CJ0118,61985CJ0118,1985,Case_Law,Pre-Single European Act,1980,,L4,high,L4,8,0,8,89,0,0,0.017857
61997TJ0288,61997TJ0288,1997,Case_Law,1990s,1990,"Judgment of the Court of First Instance (First Chamber, extended composition) of 15 June 1999.#Regione autonoma Friuli Venezia Giulia v Commission of the European Communities.#Action for annulment - Commission decision - State aid - Action brought by a sub-State body - Admissible.#Case T-288/97.",L4,high,L4,2,0,2,89,0,0,0
62008TJ0396,62008TJ0396,2008,Case_Law,Late 2000s,2000,Judgment of the General Court (Eighth Chamber) of 8 July 2010.#Freistaat Sachsen and Land Sachsen-Anhalt v European Commission.#State aid - Training aid - Decision declaring the aid to be in part compatible and in part incompatible with the common market - Need for the aid - Positive external effects - Obligation to give reasons.#Case T-396/08.,L4,high,L4,1,0,1,89,0,0,0
62010CJ0512,62010CJ0512,2010,Case_Law,Early 2010s,2010,"Judgment of the Court (First Chamber), 30 May 2013.#European Commission v Republic of Poland.#Failure of a Member State to fulfil obligations — Transport — Directive 91/440/EEC — Development of the Community’s railways — Directive 2001/14/EC — Allocation of railway infrastructure capacity — Article 6(2) and (3) of Directive 2001/14 — Continued absence of financial balance — Articles 6(1) and 7(3) and (4) of Directive 91/440 — Absence of incentives for infrastructure managers — Articles 7(3) and 8(1) of Directive 2001/14 — Calculation of the minimum access charge.#Case C‑512/10.",L4,high,L4,1,0,1,89,0,0,0
11992E057,11992E057,1992,Treaty,Pre-Maastricht,1990,,L1,high,L1,4,0,4,63,0,0,0
11992E228,11992E228,1992,Treaty,Pre-Maastricht,1990,,L1,high,L1,3,0,3,63,0,0,0.166667
11997E104,11997E104,1997,Treaty,1990s,1990,,L1,high,L1,1,0,1,57,0,0,0
12002E175,12002E175,2002,Treaty,Early 2000s,2000,,L1,high,L1,5,0,5,92,0,0,0
12002M028,12002M028,2002,Treaty,Early 2000s,2000,,L1,high,L1,1,0,1,27,0,0,0
12003T/TTE/02,12003TTTE02,2003,Treaty,Early 2000s,2000,,L1,high,L1,1,0,1,96,0,0,0
12006E095,12006E095,2006,Treaty,Late 2000s,2000,,L1,high,L1,15,0,15,92,0,0,0.009524
12006E153,12006E153,2006,Treaty,Late 2000s,2000,,L1,high,L1,1,0,1,98,0,0,0
12010E294,12010E294,2010,Treaty,Early 2010s,2010,,L1,high,L1,36,0,36,97,0,0,0.029365
12012E043,12012E043,2012,Treaty,Early 2010s,2010,,L1,high,L1,7,0,7,86,0,0,0.095238
12012E292,12012E292,2012,Treaty,Early 2010s,2010,,L1,high,L1,2,0,2,19,0,0,0
12016E083,12016E083,2016,Treaty,Late 2010s,2010,,L1,high,L1,10,0,10,97,0,0,0.111111
12016E091,12016E091,2016,Treaty,Late 2010s,2010,,L1,high,L1,38,0,38,99,0,0,0.007112
12016E109,12016E109,2016,Treaty,Late 2010s,2010,,L1,high,L1,4,0,4,80,0,0,0.083333
12016E113,12016E113,2016,Treaty,Late 2010s,2010,,L1,high,L1,7,0,7,96,0,0,0.047619
12016E342,12016E342,2016,Treaty,Late 2010s,2010,,L1,high,L1,9,0,9,89,0,0,0
12016E345,12016E345,2016,Treaty,Late 2010s,2010,,L1,high,L1,2,0,2,92,0,0,0
12016M003,12016M003,2016,Treaty,Late 2010s,2010,,L1,high,L1,18,0,18,99,0,0,0.058824
12016M005,12016M005,2016,Treaty,Late 2010s,2010,,L1,high,L1,203,0,203,99,0,0,0.018997
12016M018,12016M018,2016,Treaty,Late 2010s,2010,,L1,high,L1,1,0,1,77,0,0,0
12016M028,12016M028,2016,Treaty,Late 2010s,2010,,L1,high,L1,55,0,55,77,0,0,0.021886
31962L2005,31962L2005,1962,Directive,Pre-Single European Act,1960,,L1,low,L1,2,0,2,89,0,0,0
31968R1017,31968R1017,1968,Regulation,Pre-Single European Act,1960,,L1,low,L1,5,0,5,89,0,0,0.1
31969R1629,31969R1629,1969,Regulation,Pre-Single European Act,1960,,L1,low,L1,1,0,1,89,0,0,0
31971R1182R(03),31971R1182,1971,Regulation,Pre-Single European Act,1970,,L1,low,L1,25,2,27,97,1,614.731746,0.056923
31977D0457,31977D0457,1977,Decision,Pre-Single European Act,1970,,L2,low,L2,1,0,1,83,0,0,0
31987R2658R(02),31987R2658,1987,Regulation,Pre-Maastricht,1980,,L1,low,L1,26,1,27,96,0,0,0.087692
31988R4254,31988R4254,1988,Regulation,Pre-Maastricht,1980,,L1,low,L1,1,0,1,57,0,0,0
31989D0357,31989D0357,1989,Decision,Pre-Maastricht,1980,,L2,low,L2,1,0,1,93,0,0,0
31990L0387,31990L0387,1990,Directive,Pre-Maastricht,1990,,L1,low,L1,7,0,7,19,0,0,0.02381
31994L0022R(01),31994L0022,1994,Directive,1990s,1990,,L1,low,L1,5,7,12,63,1,796.790764,0.118182
31997D0780,31997D0780,1997,Decision,1990s,1990,,L2,low,L2,2,0,2,19,0,0,0
31998L0083,31998L0083,1998,Directive,1990s,1990,,L1,low,L1,3,0,3,19,0,0,0
31999D0070R(01),31999D0070,1999,Decision,1990s,1990,,L2,low,L2,2,2,4,84,1,0,0.5
31999E0034,31999E0034,1999,Legislative_Act,1990s,1990,,L1,medium,L1,1,0,1,77,0,0,0
31999H0519,31999H0519,1999,Legislative_Act,1990s,1990,,L1,medium,L1,5,0,5,92,0,0,0.15
32000L0046,32000L0046,2000,Directive,Early 2000s,2000,,L1,low,L1,2,0,2,89,0,0,0
32001R0069,32001R0069,2001,Regulation,Early 2000s,2000,,L1,low,L1,2,0,2,89,0,0,0
32001Y0206(01),32001Y020601,2001,Legislative_Act,Early 2000s,2000,,L1,medium,L1,1,0,1,9,0,0,0
32002D0627,32002D0627,2002,Decision,Early 2000s,2000,,L2,low,L2,2,0,2,19,0,0,0
32002D0732,32002D0732,2002,Decision,Early 2000s,2000,,L2,low,L2,1,0,1,89,0,0,0
32002L0022,32002L0022,2002,Directive,Early 2000s,2000,,L1,low,L1,13,0,13,19,0,0,0.051282
32002L0059R(01),32002L0059,2002,Directive,Early 2000s,2000,,L1,low,L1,8,5,13,98,1,197.106227,0.121212
32002L0083,32002L0083,2002,Directive,Early 2000s,2000,,L1,low,L1,8,0,8,80,0,0,0.089286
32003L0102,32003L0102,2003,Directive,Early 2000s,2000,,L1,low,L1,1,0,1,85,0,0,0
32004L0018,32004L0018,2004,Directive,Early 2000s,2000,,L1,low,L1,20,0,20,92,0,0,0.076316
32004L0051,32004L0051,2004,Directive,Early 2000s,2000,,L1,low,L1,4,0,4,89,0,0,0.333333
32006D0804,32006D0804,2006,Decision,Late 2000s,2000,COMMISSION DECISION of 23 November 2006 on harmonisation of the radio spectrum for radio frequency identification (RFID) devices operating in the ultra high frequency (UHF) band (notified under document number C(2006) 5599) (2006/804/EC),L2,medium,L2,1,0,1,19,0,0,0
32006L0067,32006L0067,2006,Directive,Late 2000s,2000,COUNCIL DIRECTIVE 2006/67/EC of 24 July 2006 imposing an obligation on Member States to maintain minimum stocks of crude oil and/or petroleum products (Codified version) (Text with EEA relevance),L1,high,L1,1,0,1,63,0,0,0
32006L0126R(05),32006L0126,2006,Directive,Late 2000s,2000,DIRECTIVE 2006/126/EC OF THE EUROPEAN PARLIAMENT AND OF THE COUNCIL of 20 December 2006 on driving licences (Recast) (Text with EEA relevance),L1,high,L1,7,7,14,98,0.423729,209.556212,0.141026
32006R0473,32006R0473,2006,Regulation,Late 2000s,2000,COMMISSION REGULATION (EC) No 473/2006 of 22 March 2006 laying down implementing rules for the Community list of air carriers which are subject to an operating ban within the Community referred to in Chapter II of Regulation (EC) No 2111/2005 of the European Parliament and of the Council (Text with EEA relevance),L2,high,L2,9,0,9,9,0,0,0.097222
32006R0562,32006R0562,2006,Regulation,Late 2000s,2000,REGULATION (EC) No 562/2006 OF THE EUROPEAN PARLIAMENT AND OF THE COUNCIL of 15 March 2006 establishing a Community Code on the rules governing the movement of persons across borders (Schengen Borders Code),L1,high,L1,6,0,6,97,0,0,0.166667
32006R1927,32006R1927,2006,Regulation,Late 2000s,2000,REGULATION (EC) No 1927/2006 OF THE EUROPEAN PARLIAMENT AND OF THE COUNCIL of 20 December 2006 on establishing the European Globalisation Adjustment Fund,L1,high,L1,3,0,3,86,0,0,0
32007D0162,32007D0162,2007,Decision,Late 2000s,2000,"COUNCIL DECISION of 5 March 2007 establishing a Civil Protection Financial Instrument (Text with EEA relevance) (2007/162/EC, Euratom)",L1,high,L1,1,0,1,99,0,0,0
32007L0058,32007L0058,2007,Directive,Late 2000s,2000,DIRECTIVE 2007/58/EC OF THE EUROPEAN PARLIAMENT AND OF THE COUNCIL of 23 October 2007 amending Council Directive 91/440/EEC on the development of the Community’s railways and Directive 2001/14/EC on the allocation of railway infrastructure capacity and the levying of charges for the use of railway infrastructure,L1,high,L1,3,0,3,89,0,0,0.5
32007L0064,32007L0064,2007,Directive,Late 2000s,2000,"DIRECTIVE 2007/64/EC OF THE EUROPEAN PARLIAMENT AND OF THE COUNCIL of 13 November 2007 on payment services in the internal market amending Directives 97/7/EC, 2002/65/EC, 2005/60/EC and 2006/48/EC and repealing Directive 97/5/EC (Text with EEA relevance)",L1,high,L1,17,0,17,80,0,0,0.202206
32008L0009R(01),32008L0009,2008,Directive,Late 2000s,2000,"COUNCIL DIRECTIVE 2008/9/EC of 12 February 2008 laying down detailed rules for the refund of value added tax, provided for in Directive 2006/112/EC, to taxable persons not established in the Member State of refund but established in another Member State",L1,high,L1,4,3,7,96,0.410256,16.4,0.333333
32008R1007,32008R1007,2008,Regulation,Late 2000s,2000,REGULATION (EC) No 1007/2008 OF THE EUROPEAN PARLIAMENT AND OF THE COUNCIL of 24 September 2008 amending Regulation (EC) No 460/2004 establishing the European Network and Information Security Agency as regards its duration (Text with EEA relevance),L1,high,L1,1,0,1,92,0,0,0
32008R1131,32008R1131,2008,Regulation,Late 2000s,2000,COMMISSION REGULATION (EC) No 1131/2008 of 14 November 2008 amending Regulation (EC) No 474/2006 establishing the Community list of air carriers which are subject to an operating ban within the Community (Text with EEA relevance),L2,medium,L2,4,0,4,9,0,0,0.083333
32009F0299R(01),32009F0299,2009,Legislative_Act,Late 2000s,2000,"COUNCIL FRAMEWORK DECISION 2009/299/JHA of 26 February 2009 amending Framework Decisions 2002/584/JHA, 2005/214/JHA, 2006/783/JHA, 2008/909/JHA and 2008/947/JHA, thereby enhancing the procedural rights of persons and fostering the application of the principle of mutual recognition to decisions rendered in the absence of the person concerned at the trial",L1,high,L1,2,7,9,97,0.431373,18.909524,0.285714
32009F0315R(03),32009F0315,2009,Legislative_Act,Late 2000s,2000,COUNCIL FRAMEWORK DECISION 2009/315/JHA of 26 February 2009 on the organisation and content of the exchange of information extracted from the criminal record between Member States,L1,high,L1,10,5,15,97,1,1806.784221,0.10989
32009R0025,32009R0025,2009,Regulation,Late 2000s,2000,REGULATION (EC) No 25/2009 OF THE EUROPEAN CENTRAL BANK of 19 December 2008 concerning the balance sheet of the monetary financial institutions sector (Recast) (ECB/2008/32),L1,low,L1,4,0,4,80,0,0,0
32011D0633,32011D0633,2011,Decision,Early 2010s,2010,COMMISSION IMPLEMENTING DECISION of 15 September 2011 on the common specifications of the register of railway infrastructure (notified under document C(2011) 6383) (Text with EEA relevance) (2011/633/EU),L2,high,L2,1,0,1,89,0,0,0
32012D0628,32012D0628,2012,Decision,Early 2010s,2010,COMMISSION IMPLEMENTING DECISION of 5 October 2012 on the recognition of the legal and supervisory framework of the United States of America as equivalent to the requirements of Regulation (EC) No 1060/2009 of the European Parliament and of the Council on credit rating agencies (Text with EEA relevance) (2012/628/EU),L2,high,L2,1,0,1,80,0,0,0
32012R1011,32012R1011,2012,Regulation,Early 2010s,2010,REGULATION (EU) No 1011/2012 OF THE EUROPEAN CENTRAL BANK of 17 October 2012 concerning statistics on holdings of securities (ECB/2012/24),L1,low,L1,4,9,13,80,0.666667,147.200962,0.070513
32012R1077,32012R1077,2012,Regulation,Early 2010s,2010,COMMISSION REGULATION (EU) No 1077/2012 of 16 November 2012 on a common safety method for supervision by national safety authorities after issuing a safety certificate or safety authorisation (Text with EEA relevance),L2,medium,L2,2,0,2,89,0,0,0.5
32013D0329,32013D0329,2013,Decision,Early 2010s,2010,"COMMISSION IMPLEMENTING DECISION of 26 June 2013 providing the rules for the establishment, management and transparent functioning of the Network of national authorities or bodies responsible for health technology assessment (2013/329/EU)",L2,high,L2,0,5,5,97,0.294872,0,0.15
32013R1291,32013R1291,2013,Regulation,Early 2010s,2010,REGULATION (EU) No 1291/2013 OF THE EUROPEAN PARLIAMENT AND OF THE COUNCIL of 11 December 2013 establishing Horizon 2020 - the Framework Programme for Research and Innovation (2014-2020) and repealing Decision No 1982/2006/EC (Text with EEA relevance),L1,high,L1,12,0,12,86,0,0,0.083333
32014D0294R(01),32014D0294,2014,Decision,Early 2010s,2010,COUNCIL DECISION 2014/294/CFSP of 20 May 2014 amending Decision 2013/233/CFSP on the European Union Integrated Border Management Assistance Mission in Libya (EUBAM Libya),L1,high,L1,2,5,7,77,0.833333,0,0.4
32014L0092R(01),32014L0092,2014,Directive,Early 2010s,2010,"DIRECTIVE 2014/92/EU OF THE EUROPEAN PARLIAMENT AND OF THE COUNCIL of 23 July 2014 on the comparability of fees related to payment accounts, payment account switching and access to payment accounts with basic features (Text with EEA relevance)",L1,high,L1,7,14,21,80,0.321429,1009.63908,0.176316
32014R0642,32014R0642,2014,Regulation,Early 2010s,2010,COUNCIL REGULATION (EU) No 642/2014 of 16 June 2014 establishing the Shift2Rail Joint Undertaking,L1,high,L1,1,0,1,89,0,0,0
32014R1301R(02),32014R1301,2014,Regulation,Early 2010s,2010,COMMISSION REGULATION (EU) No 1301/2014 of 18 November 2014 on the technical specifications for interoperability relating to the ‘energy’ subsystem of the rail system in the Union (Text with EEA relevance),L2,medium,L2,4,6,10,89,1,11.366667,0.166667
32015D0290,32015D0290,2015,Decision,Late 2010s,2010,COMMISSION IMPLEMENTING DECISION (EU) 2015/290 of 20 February 2015 on the compliance of 2014 unit rates for charging zones under Article 17 of Implementing Regulation (EU) No 391/2013 and repealing Decision 2013/631/EU (notified under document C(2015) 882),L2,high,L2,0,5,5,9,0.410256,0,0.15
32016D1171,32016D1171,2016,Decision,Late 2010s,2010,"COUNCIL DECISION (EU) 2016/1171 of 12 July 2016 on the position to be adopted, on behalf of the European Union, within the EEA Joint Committee concerning amendments to Annex IX (Financial Services) to the EEA Agreement DECISION OF THE EEA JOINT COMMITTEE No … of … amending Annex IX (Financial services) to the EEA Agreement Joint Declaration by the Contracting Parties to Decision No …/… incorporating Regulation (EU) No 1092/2010 into the EEA Agreement DECISION OF THE EEA JOINT COMMITTEE No … of … amending Annex IX (Financial services) to the EEA Agreement Joint Declaration by the Contracting Parties to Decision No […] incorporating Regulation (EU) No 1093/2010 into the EEA Agreement [for adoption with the Decision and for publication in the OJ] DECISION OF THE EEA JOINT COMMITTEE No … of … amending Annex IX (Financial services) to the EEA Agreement Joint Declaration by the Contracting Parties to Decision No […] incorporating Regulation (EU) No 1094/2010 into the EEA Agreement [for adoption with the Decision and for publication in the OJ] DECISION OF THE EEA JOINT COMMITTEE No … of … amending Annex IX (Financial Services) to the EEA Agreement Joint Declaration by the Contracting Parties to Decision No […] incorporating Regulation (EU) No 1095/2010 into the EEA Agreement [for adoption with the Decision and for publication in the OJ] DECISION OF THE EEA JOINT COMMITTEE No … of … amending Annex IX (Financial services) to the EEA Agreement DECISION OF THE EEA JOINT COMMITTEE No … of … amending Annex IX (Financial services) to the EEA Agreement DECISION OF THE EEA JOINT COMMITTEE No … of … amending Annex IX (Financial services) to the EEA Agreement DECISION OF THE EEA JOINT COMMITTEE No … of … amending Annex IX (Financial services) to the EEA Agreement Declaration by the EFTA States to Decision No …/… incorporating Regulations (EU) No 513/2011 and (EU) No 462/2013 into the Agreement DECISION OF THE EEA JOINT COMMITTEE No … of … amending Annex IX (Financial services) to the EEA Agreement",L1,high,L1,0,22,22,80,0.33045,0,0.071429
32016R0679,32016R0679,2016,Regulation,Late 2010s,2010,"REGULATION (EU) 2016/679 OF THE EUROPEAN PARLIAMENT AND OF THE COUNCIL of 27 April 2016 on the protection of natural persons with regard to the processing of personal data and on the free movement of such data, and repealing Directive 95/46/EC (General Data Protection Regulation) (Text with EEA relevance)",L1,high,L1,155,17,172,97,0.340792,30954.660859,0.023151
32016R1952,32016R1952,2016,Regulation,Late 2010s,2010,REGULATION (EU) 2016/1952 OF THE EUROPEAN PARLIAMENT AND OF THE COUNCIL of 26 October 2016 on European statistics on natural gas and electricity prices and repealing Directive 2008/92/EC (Text with EEA relevance),L1,high,L1,1,7,8,63,0.350711,2.436519,0.053571
32017D1474,32017D1474,2017,Decision,Late 2010s,2010,"COMMISSION DELEGATED DECISION (EU) 2017/1474 of 8 June 2017 supplementing Directive (EU) 2016/797 of the European Parliament and of the Council with regard to specific objectives for the drafting, adoption and review of technical specifications for interoperability (notified under document C(2017) 3800) (Text with EEA relevance)",L2,high,L2,1,9,10,89,0.259669,11.988095,0.1
32018D1782,32018D1782,2018,Decision,Late 2010s,2010,Commission Implementing Decision (EU) 2018/1782 of 15 November 2018 allowing targets in the key performance area of cost-efficiency for the years 2018 and 2019 for air navigation services of Romania and Portugal to be revised in accordance with Article 17(1) of Regulation (EU) No 390/2013 (notified under document C(2018) 7486) (Text with EEA relevance.),L2,high,L2,0,3,3,9,0.326733,0,0.333333
32018D1884,32018D1884,2018,Decision,Late 2010s,2010,"Council Decision (CFSP) 2018/1884 of 3 December 2018 extending and amending Decision 2010/452/CFSP on the European Union Monitoring Mission in Georgia, EUMM Georgia",L1,high,L1,0,6,6,77,0.6875,0,0.2
32018L0843R(01),32018L0843,2018,Directive,Late 2010s,2010,"Directive (EU) 2018/843 of the European Parliament and of the Council of 30 May 2018 amending Directive (EU) 2015/849 on the prevention of the use of the financial system for the purposes of money laundering or terrorist financing, and amending Directives 2009/138/EC and 2013/36/EU (Text with EEA relevance)",L1,high,L1,6,22,28,80,0.327855,812.044963,0.141026
32018R0959,32018R0959,2018,Regulation,Late 2010s,2010,Commission Delegated Regulation (EU) 2018/959 of 14 March 2018 supplementing Regulation (EU) No 575/2013 of the European Parliament and of the Council with regard to regulatory technical standards of the specification of the assessment methodology under which competent authorities permit institutions to use Advanced Measurement Approaches for operational risk (Text with EEA relevance.),L2,high,L2,1,3,4,80,0.303797,2.810937,0.416667
32019L1937,32019L1937,2019,Directive,Late 2010s,2010,Directive (EU) 2019/1937 of the European Parliament and of the Council of 23 October 2019 on the protection of persons who report breaches of Union law,L1,high,L1,16,47,63,97,0.354467,4778.727276,0.042755
32019L1995R(02),32019L1995,2019,Directive,Late 2010s,2010,Council Directive (EU) 2019/1995 of 21 November 2019 amending Directive 2006/112/EC as regards provisions relating to distance sales of goods and certain domestic supplies of goods,L1,high,L1,4,5,9,96,0.39823,31.333333,0.321429
32019O0018,32019O0018,2019,Legislative_Act,Late 2010s,2010,Guideline (EU) 2019/1386 of the European Central Bank of 7 June 2019 amending Guideline ECB/2014/15 on monetary and financial statistics (ECB/2019/18),L3,high,L3,1,0,1,80,0,0,0
32019R0941,32019R0941,2019,Regulation,Late 2010s,2010,Regulation (EU) 2019/941 of the European Parliament and of the Council of 5 June 2019 on risk-preparedness in the electricity sector and repealing Directive 2005/89/EC (Text with EEA relevance.),L1,high,L1,5,14,19,63,0.275862,1715.173824,0.169118
32019R2146R(01),32019R2146,2019,Regulation,Late 2010s,2010,"Commission Regulation (EU) 2019/2146 of 26 November 2019 amending Regulation (EC) No 1099/2008 of the European Parliament and of the Council on energy statistics, as regards the implementation of updates for the annual, monthly and short-term monthly energy statistics (Text with EEA relevance)",L1,high,L1,1,2,3,63,0.533333,0,0.5
32020D1422,32020D1422,2020,Decision,2020s,2020,Council Decision (EU) 2020/1422 of 5 October 2020 concerning the allocation of funds decommitted from projects under the 10th European Development Fund for the purpose of replenishing the African Peace Facility,L1,high,L1,1,0,1,77,0,0,0
32020L1057,32020L1057,2020,Directive,2020s,2020,Directive (EU) 2020/1057 of the European Parliament and of the Council of 15 July 2020 laying down specific rules with respect to Directive 96/71/EC and Directive 2014/67/EU for posting drivers in the road transport sector and amending Directive 2006/22/EC as regards enforcement requirements and Regulation (EU) No 1024/2012,L1,high,L1,1,18,19,98,0.27972,83.854762,0.111111
32020R0203,32020R0203,2020,Regulation,2020s,2020,"Commission Delegated Regulation (EU) 2020/203 of 28 November 2019 on classification of vehicles, obligations of European Electronic Toll Service users, requirements for interoperability constituents and minimum eligibility criteria for notified bodies (Text with EEA relevance)",L2,high,L2,1,1,2,9,0.242579,0,0.5
32020R1224R(01),32020R1224,2020,Regulation,2020s,2020,"Commission Delegated Regulation (EU) 2020/1224 of 16 October 2019 supplementing Regulation (EU) 2017/2402 of the European Parliament and of the Council with regard to regulatory technical standards specifying the information and the details of a securitisation to be made available by the originator, sponsor and SSPE (Text with EEA relevance)",L2,high,L2,4,7,11,80,0.26087,30.818056,0.211111
32021D0038,32021D0038,2021,Decision,2020s,2020,Council Decision (CFSP) 2021/38 of 15 January 2021 establishing a common approach on the elements of end-user certificates in the context of the export of small arms and light weapons and their ammunition,L1,high,L1,1,7,8,96,0.217576,10.333333,0.178571
32021D0443,32021D0443,2021,Decision,2020s,2020,"Council Decision (EU) 2021/443 of 18 February 2021 on the position to be taken on behalf of the European Union within the Partnership Council established by the Trade and Cooperation Agreement between the European Union and the European Atomic Energy Community, of the one part, and the United Kingdom of Great Britain and Northern Ireland, of the other part, as regards the date on which provisional application pursuant to the Trade and Cooperation Agreement is to cease",L1,high,L1,0,3,3,99,0.356164,0,0.333333
32021H1749,32021H1749,2021,Legislative_Act,2020s,2020,Commission Recommendation (EU) 2021/1749 of 28 September 2021 on Energy Efficiency First: from principles to practice — Guidelines and examples for its implementation in decision-making in the energy sector and beyond,L3,high,L3,3,0,3,63,0,0,0
32021Q0317(01),32021Q031701,2021,Legislative_Act,2020s,2020,,L1,medium,L1,0,4,4,97,0.231942,0,0.166667
32021Q0506(01),32021Q050601,2021,Legislative_Act,2020s,2020,,L1,medium,L1,0,5,5,97,0.252604,0,0.25
32021R2139R(02),32021R2139,2021,Regulation,2020s,2020,Commission Delegated Regulation (EU) 2021/2139 of 4 June 2021 supplementing Regulation (EU) 2020/852 of the European Parliament and of the Council by establishing the technical screening criteria for determining the conditions under which an economic activity qualifies as contributing substantially to climate change mitigation or climate change adaptation and for determining whether that economic activity causes no significant harm to any of the other environmental objectives (Text with EEA relevance),L2,high,L2,8,6,14,80,0.280328,81.084285,0.230769
32022D2318,32022D2318,2022,Decision,2020s,2020,"Council Decision (CFSP) 2022/2318 of 25 November 2022 amending Decision 2010/452/CFSP on the European Union Monitoring Mission in Georgia, EUMM Georgia",L1,high,L1,0,5,5,77,0.692308,0,0.05
32022H0627(04),32022H062704,2022,Legislative_Act,2020s,2020,,L1,medium,L1,4,0,4,63,0,0,0
32022L2561,32022L2561,2022,Directive,2020s,2020,Directive (EU) 2022/2561 of the European Parliament and of the Council of 14 December 2022 on the initial qualification and periodic training of drivers of certain road vehicles for the carriage of goods or passengers (codification) (Text with EEA relevance),L1,high,L1,0,13,13,98,0.316607,0,0.108974
32022R2576,32022R2576,2022,Regulation,2020s,2020,"Council Regulation (EU) 2022/2576 of 19 December 2022 enhancing solidarity through better coordination of gas purchases, reliable price benchmarks and exchanges of gas across borders",L1,high,L1,4,0,4,63,0,0,0
32023D2408,32023D2408,2023,Decision,2020s,2020,"Council Decision (EU) 2023/2408 of 16 October 2023 on the position to be taken on behalf of the European Union within the Trade Specialised Committee on Administrative Cooperation in VAT and Recovery of Taxes and Duties established by the Trade and Cooperation Agreement between the European Union and the European Atomic Energy Community, of the one part, and the United Kingdom of Great Britain and Northern Ireland, of the other part",L1,high,L1,0,4,4,96,0.338028,0,0.083333
32023D2680,32023D2680,2023,Decision,2020s,2020,Council Decision (CFSP) 2023/2680 of 27 November 2023 on an assistance measure under the European Peace Facility to support the Somali National Army with military equipment designed to deliver lethal force,L1,high,L1,0,5,5,77,0.195501,0,0.2
32024D0775,32024D0775,2024,Decision,2020s,2020,Commission Decision (EU) 2024/775 of 4 March 2024 on relief from import duties and VAT exemption on importation granted for goods to be distributed or made available free of charge to persons fleeing Russia’s military aggression against Ukraine and to persons in need in Ukraine (notified under document C(2024) 1333),L2,medium,L2,1,3,4,99,0.364238,0,0.416667
32024D1063,32024D1063,2024,Decision,2020s,2020,Council Decision (CFSP) 2024/1063 of 4 April 2024 on an assistance measure under the European Peace Facility to support the Ghana Armed Forces,L1,high,L1,0,6,6,77,0.196791,0,0.233333
32024D1794,32024D1794,2024,Decision,2020s,2020,Council Decision (CFSP) 2024/1794 of 24 June 2024 on an assistance measure under the European Peace Facility to support the Kenya Defence Forces,L1,high,L1,0,5,5,77,0.195501,0,0.2
32024L0790,32024L0790,2024,Directive,2020s,2020,Directive (EU) 2024/790 of the European Parliament and of the Council of 28 February 2024 amending Directive 2014/65/EU on markets in financial instruments (Text with EEA relevance),L1,high,L1,0,11,11,80,0.25207,0,0.236364
32024R1351,32024R1351,2024,Regulation,2020s,2020,"Regulation (EU) 2024/1351 of the European Parliament and of the Council of 14 May 2024 on asylum and migration management, amending Regulations (EU) 2021/1147 and (EU) 2021/1060 and repealing Regulation (EU) No 604/2013",L1,high,L1,0,33,33,99,0.285926,0,0.076705
32024R3011,32024R3011,2024,Regulation,2020s,2020,Regulation (EU) 2024/3011 of the European Parliament and of the Council of 27 November 2024 on the transfer of proceedings in criminal matters,L1,high,L1,0,30,30,97,0.282451,0,0.102299
32025D1014,32025D1014,2025,Decision,2020s,2020,Commission Decision (EU) 2025/1014 of 16 May 2025 granting the Kingdom of Spain a derogation from certain provisions of Regulation (EU) 2019/943 of the European Parliament and of the Council and of Directive (EU) 2019/944 of the European Parliament and of the Council as regards the Balearic Islands (notified under document C(2025) 3174),L1,high,L1,0,4,4,63,0.258184,0,0.416667
32025L0001,32025L0001,2025,Directive,2020s,2020,"Directive (EU) 2025/1 of the European Parliament and of the Council of 27 November 2024 establishing a framework for the recovery and resolution of insurance and reinsurance undertakings and amending Directives 2002/47/EC, 2004/25/EC, 2007/36/EC, 2014/59/EU and (EU) 2017/1132 and Regulations (EU) No 1094/2010, (EU) No 648/2012, (EU) No 806/2014 and (EU) 2017/1129 (Text with EEA relevance)",L1,high,L1,1,32,33,80,0.27291,16.033794,0.10322
61985CJ0040,61985CJ0040,1985,Case_Law,Pre-Single European Act,1980,,L4,high,L4,3,0,3,89,0,0,0.166667
61993CJ0392,61993CJ0392,1993,Case_Law,1990s,1990,,L4,high,L4,1,0,1,19,0,0,0
61994CJ0021,61994CJ0021,1994,Case_Law,1990s,1990,,L4,high,L4,1,0,1,89,0,0,0
61994CJ0039,61994CJ0039,1994,Case_Law,1990s,1990,,L4,high,L4,8,0,8,89,0,0,0.017857
62001CJ0082,62001CJ0082,2001,Case_Law,Early 2000s,2000,,L4,high,L4,7,0,7,89,0,0,0.02381
62011CJ0288,62011CJ0288,2011,Case_Law,Early 2010s,2010,"Judgment of the Court (Eighth Chamber), 19 December 2012.#Mitteldeutsche Flughafen AG and Flughafen Leipzig-Halle GmbH v European Commission.#Appeal — State aids — Concept of ‘undertaking’ — Economic activity — Airport infrastructure construction — Runway.#Case C‑288/11 P.",L4,high,L4,5,0,5,89,0,0,0.05
62012CN0224,62012CN0224,2012,Case_Law,Early 2010s,2010,,L4,high,L4,1,0,1,80,0,0,0
62014CJ0286,62014CJ0286,2014,Case_Law,Early 2010s,2010,Judgment of the Court (Fifth Chamber) of 17 March 2016.#European Parliament v European Commission.#Action for annulment — Article 290 TFEU — Concepts of ‘amending’ and ‘supplementing’ — Regulation (EU) No 1316/2013 — Article 21(3) — Scope of the power conferred on the European Commission — Need to adopt a separate legislative act — Delegated Regulation (EU) No 275/2014.#Case C-286/14.,L4,high,L4,1,0,1,86,0,0,0
62014TJ0463,62014TJ0463,2014,Case_Law,Early 2010s,2010,"Judgment of the General Court (Fifth Chamber) of 27 April 2016.#Österreichische Post AG v European Commission.#Directive 2004/17/EC — Procurement procedures in the water, energy, transport and postal services sectors — Implementing decision exempting certain services in the postal sector in Austria from the application of Directive 2004/17 — Article 30 of Directive 2004/17 — Duty to state reasons — Manifest error of assessment.#Case T-463/14.",L2,high,L2,3,0,3,63,0,0,0
11957E086,11957E086,1957,Treaty,Pre-Treaty of Rome,1950,,L1,high,L1,2,0,2,89,0,0,0
11992E100A,11992E100A,1992,Treaty,Pre-Maastricht,1990,,L1,high,L1,5,0,5,63,0,0,0
11992E130M,11992E130M,1992,Treaty,Pre-Maastricht,1990,,L1,high,L1,1,0,1,63,0,0,0
11997E088,11997E088,1997,Treaty,1990s,1990,,L1,high,L1,2,0,2,89,0,0,0
11997E301,11997E301,1997,Treaty,1990s,1990,,L1,high,L1,1,0,1,96,0,0,0
12002E087,12002E087,2002,Treaty,Early 2000s,2000,,L1,high,L1,6,0,6,89,0,0,0
12002E133,12002E133,2002,Treaty,Early 2000s,2000,,L1,high,L1,1,0,1,92,0,0,0
12005SA056,12005SA056,2005,Treaty,Late 2000s,2000,,L1,high,L1,1,0,1,92,0,0,0
12006E071,12006E071,2006,Treaty,Late 2000s,2000,,L1,high,L1,6,0,6,98,0,0,0.066667
12006E100,12006E100,2006,Treaty,Late 2000s,2000,,L1,high,L1,1,0,1,63,0,0,0
12012E079,12012E079,2012,Treaty,Early 2010s,2010,,L1,high,L1,2,0,2,86,0,0,1
12012E081,12012E081,2012,Treaty,Early 2010s,2010,,L1,high,L1,4,0,4,97,0,0,0.166667
12012E082,12012E082,2012,Treaty,Early 2010s,2010,,L1,high,L1,6,0,6,97,0,0,0.133333
12012E121,12012E121,2012,Treaty,Early 2010s,2010,,L1,high,L1,5,0,5,86,0,0,0.05
12016E042,12016E042,2016,Treaty,Late 2010s,2010,,L1,high,L1,2,0,2,77,0,0,0
12016E056,12016E056,2016,Treaty,Late 2010s,2010,,L1,high,L1,5,0,5,96,0,0,0
12016E218,12016E218,2016,Treaty,Late 2010s,2010,,L1,high,L1,79,0,79,99,0,0,0.00779
12016E338,12016E338,2016,Treaty,Late 2010s,2010,,L1,high,L1,7,0,7,99,0,0,0.095238
12016M017,12016M017,2016,Treaty,Late 2010s,2010,,L1,high,L1,8,0,8,97,0,0,0.035714
12016P038,12016P038,2016,Treaty,Late 2010s,2010,,L1,high,L1,4,0,4,92,0,0,0
151K,151K,,Treaty,Unknown,,,L1,high,L1,1,0,1,71,0,0,0
31971R0281,31971R0281,1971,Regulation,Pre-Single European Act,1970,,L1,low,L1,1,0,1,57,0,0,0
31983L0643,31983L0643,1983,Directive,Pre-Single European Act,1980,,L1,low,L1,5,0,5,57,0,0,0
31985R2137,31985R2137,1985,Regulation,Pre-Single European Act,1980,,L1,low,L1,5,1,6,9,1,213.934921,0.033333
31985R3821,31985R3821,1985,Regulation,Pre-Single European Act,1980,,L1,low,L1,12,0,12,98,0,0,0.128788
31986L0635,31986L0635,1986,Directive,Pre-Single European Act,1980,,L1,low,L1,28,7,35,80,1,3450.755443,0.067227
31988R0077,31988R0077,1988,Regulation,Pre-Maastricht,1980,,L1,low,L1,1,0,1,89,0,0,0
31991D0396,31991D0396,1991,Decision,Pre-Maastricht,1990,,L2,low,L2,1,0,1,97,0,0,0
31991L0440,31991L0440,1991,Directive,Pre-Maastricht,1990,,L1,low,L1,10,0,10,89,0,0,0.077778
31991L0672,31991L0672,1991,Directive,Pre-Maastricht,1990,,L1,low,L1,7,2,9,98,1,1199.474479,0.083333
31992L0042R(01),31992L0042,1992,Directive,Pre-Maastricht,1990,,L1,low,L1,1,5,6,19,1,0,0.2
31993L0097,31993L0097,1993,Directive,1990s,1990,,L1,low,L1,1,0,1,89,0,0,0
31995L0047,31995L0047,1995,Directive,1990s,1990,,L1,low,L1,2,0,2,19,0,0,0
31996L0048,31996L0048,1996,Directive,1990s,1990,,L1,low,L1,4,0,4,89,0,0,0
31997D0347,31997D0347,1997,Decision,1990s,1990,,L2,low,L2,1,0,1,19,0,0,0
31997D0528,31997D0528,1997,Decision,1990s,1990,,L2,low,L2,1,0,1,19,0,0,0
32000Y0811(02),32000Y081102,2000,Legislative_Act,Early 2000s,2000,,L1,medium,L1,1,0,1,89,0,0,0
32001L0014,32001L0014,2001,Directive,Early 2000s,2000,,L1,low,L1,7,0,7,89,0,0,0.071429
32001L0097,32001L0097,2001,Directive,Early 2000s,2000,,L1,low,L1,1,0,1,80,0,0,0
32001R2580R(02),32001R2580,2001,Regulation,Early 2000s,2000,,L1,low,L1,12,7,19,96,0.875,118,0.068627
32002R1606R(01),32002R1606,2002,Regulation,Early 2000s,2000,,L1,low,L1,25,8,33,80,0.705882,1483.824214,0.109879
32002R2320,32002R2320,2002,Regulation,Early 2000s,2000,,L1,low,L1,3,0,3,19,0,0,0
32004L0108,32004L0108,2004,Directive,Early 2000s,2000,DIRECTIVE 2004/108/EC OF THE EUROPEAN PARLIAMENT AND OF THE COUNCIL of 15 December 2004 on the approximation of the laws of the Member States relating to electromagnetic compatibility and repealing Directive 89/336/EEC (Text with EEA relevance),L1,high,L1,4,0,4,92,0,0,0.083333
32004R0552,32004R0552,2004,Regulation,Early 2000s,2000,,L1,low,L1,3,0,3,9,0,0,0.333333
32006R1998,32006R1998,2006,Regulation,Late 2000s,2000,COMMISSION REGULATION (EC) No 1998/2006 of 15 December 2006 on the application of Articles 87 and 88 of the Treaty tode minimisaid,L2,medium,L2,3,0,3,89,0,0,0
32008D0146,32008D0146,2008,Decision,Late 2000s,2000,"COUNCIL DECISION of 28 January 2008 on the conclusion, on behalf of the European Community, of the Agreement between the European Union, the European Community and the Swiss Confederation on the Swiss Confederation's association with the implementation, application and development of the Schengenacquis (2008/146/EC)",L1,high,L1,12,5,17,97,1,140.358009,0.183824
32009R0544,32009R0544,2009,Regulation,Late 2000s,2000,REGULATION (EC) No 544/2009 OF THE EUROPEAN PARLIAMENT AND OF THE COUNCIL of 18 June 2009 amending Regulation (EC) No 717/2007 on roaming on public mobile telephone networks within the Community and Directive 2002/21/EC on a common regulatory framework for electronic communications networks and services (Text with EEA relevance),L1,high,L1,1,0,1,92,0,0,0
32009R0715,32009R0715,2009,Regulation,Late 2000s,2000,REGULATION (EC) No 715/2009 OF THE EUROPEAN PARLIAMENT AND OF THE COUNCIL of 13 July 2009 on conditions for access to the natural gas transmission networks and repealing Regulation (EC) No 1775/2005 (Text with EEA relevance),L1,high,L1,19,0,19,63,0,0,0.090643
32009R1071R(03),32009R1071,2009,Regulation,Late 2000s,2000,REGULATION (EC) No 1071/2009 OF THE EUROPEAN PARLIAMENT AND OF THE COUNCIL of 21 October 2009 establishing common rules concerning the conditions to be complied with to pursue the occupation of road transport operator and repealing Council Directive 96/26/EC (Text with EEA relevance),L1,high,L1,9,11,20,98,0.425197,242.305073,0.140523
32010R0255,32010R0255,2010,Regulation,Early 2010s,2010,COMMISSION REGULATION (EU) No 255/2010 of 25 March 2010 laying down common rules on air traffic flow management (Text with EEA relevance),L2,medium,L2,2,2,4,9,0.320513,0,0.416667
32010R1089R(03),32010R1089,2010,Regulation,Early 2010s,2010,COMMISSION REGULATION (EU) No 1089/2010 of 23 November 2010 implementing Directive 2007/2/EC of the European Parliament and of the Council as regards interoperability of spatial data sets and services,L2,high,L2,2,2,4,98,0.5,0,0.5
32011R1214,32011R1214,2011,Regulation,Early 2010s,2010,REGULATION (EU) No 1214/2011 OF THE EUROPEAN PARLIAMENT AND OF THE COUNCIL of 16 November 2011 on the professional cross-border transport of euro cash by road between euro-area Member States,L1,high,L1,0,5,5,98,0.33419,0,0.1
32012D0392,32012D0392,2012,Decision,Early 2010s,2010,COUNCIL DECISION 2012/392/CFSP of 16 July 2012 on the European Union CSDP mission in Niger (EUCAP Sahel Niger),L1,high,L1,3,0,3,77,0,0,0.166667
32012R0260R(02),32012R0260,2012,Regulation,Early 2010s,2010,REGULATION (EU) No 260/2012 OF THE EUROPEAN PARLIAMENT AND OF THE COUNCIL of 14 March 2012 establishing technical and business requirements for credit transfers and direct debits in euro and amending Regulation (EC) No 924/2009 (Text with EEA relevance),L1,high,L1,10,10,20,80,0.29771,137.742241,0.175439
32013R1313,32013R1313,2013,Regulation,Early 2010s,2010,,L1,low,L1,1,0,1,86,0,0,0
32014R0517,32014R0517,2014,Regulation,Early 2010s,2010,REGULATION (EU) No 517/2014 OF THE EUROPEAN PARLIAMENT AND OF THE COUNCIL of 16 April 2014 on fluorinated greenhouse gases and repealing Regulation (EC) No 842/2006 (Text with EEA relevance),L1,high,L1,2,0,2,96,0,0,0
32015L0652,32015L0652,2015,Directive,Late 2010s,2010,COUNCIL DIRECTIVE (EU) 2015/652 of 20 April 2015 laying down calculation methods and reporting requirements pursuant to Directive 98/70/EC of the European Parliament and of the Council relating to the quality of petrol and diesel fuels,L1,high,L1,3,0,3,63,0,0,0.5
32015R0377R(01),32015R0377,2015,Regulation,Late 2010s,2010,"COMMISSION IMPLEMENTING REGULATION (EU) 2015/377 of 2 March 2015 establishing the models for the documents required for the payment of the annual balance pursuant to Regulation (EU) No 514/2014 of the European Parliament and of the Council laying down general provisions on the Asylum, Migration and Integration Fund and on the instrument for financial support for police cooperation, preventing and combating crime, and crisis management",L2,high,L2,1,3,4,86,0.175536,0,0.5
32016R0794R(03),32016R0794,2016,Regulation,Late 2010s,2010,"REGULATION (EU) 2016/794 OF THE EUROPEAN PARLIAMENT AND OF THE COUNCIL of 11 May 2016 on the European Union Agency for Law Enforcement Cooperation (Europol) and replacing and repealing Council Decisions 2009/371/JHA, 2009/934/JHA, 2009/935/JHA, 2009/936/JHA and 2009/968/JHA",L1,high,L1,24,19,43,97,0.229614,3250.039753,0.078978
32017D0046,32017D0046,2017,Decision,Late 2010s,2010,"COMMISSION DECISION (EU, Euratom) 2017/46 of 10 January 2017 on the security of communication and information systems in the European Commission",L2,medium,L2,8,6,14,97,0.714286,418.224709,0.038462
32017R0567,32017R0567,2017,Regulation,Late 2010s,2010,"COMMISSION DELEGATED REGULATION (EU) 2017/567 of 18 May 2016 supplementing Regulation (EU) No 600/2014 of the European Parliament and of the Council with regard to definitions, transparency, portfolio compression and supervisory measures on product intervention and positions (Text with EEA relevance)",L2,high,L2,1,8,9,80,0.308921,206.570274,0.263889
32017R0920,32017R0920,2017,Regulation,Late 2010s,2010,Regulation (EU) 2017/920 of the European Parliament and of the Council of 17 May 2017 amending Regulation (EU) No 531/2012 as regards rules for wholesale roaming markets (Text with EEA relevance),L1,high,L1,1,0,1,97,0,0,0
32017R1938R(01),32017R1938,2017,Regulation,Late 2010s,2010,REGULATION (EU) 2017/1938 OF THE EUROPEAN PARLIAMENT AND OF THE COUNCIL of 25 October 2017 concerning measures to safeguard the security of gas supply and repealing Regulation (EU) No 994/2010 (Text with EEA relevance),L1,high,L1,12,18,30,63,0.505495,424.088165,0.119458
32018D0703(01),32018D070301,2018,Decision,Late 2010s,2010,,L2,low,L2,1,0,1,99,0,0,0
32018R1092,32018R1092,2018,Regulation,Late 2010s,2010,Regulation (EU) 2018/1092 of the European Parliament and of the Council of 18 July 2018 establishing the European Defence Industrial Development Programme aiming at supporting the competitiveness and innovation capacity of the Union's defence industry,L1,high,L1,2,0,2,99,0,0,0.5
32019H0534,32019H0534,2019,Legislative_Act,Late 2010s,2010,Commission Recommendation (EU) 2019/534 of 26 March 2019 Cybersecurity of 5G networks,L3,high,L3,2,0,2,92,0,0,0.5
32019L2162,32019L2162,2019,Directive,Late 2010s,2010,Directive (EU) 2019/2162 of the European Parliament and of the Council of 27 November 2019 on the issue of covered bonds and covered bond public supervision and amending Directives 2009/65/EC and 2014/59/EU (Text with EEA relevance),L1,high,L1,4,13,17,80,0.306634,1199.909628,0.158088
32021O0827,32021O0827,2021,Legislative_Act,2020s,2020,Guideline (EU) 2021/827 of the European Central Bank of 29 April 2021 amending Guideline ECB/2013/24 on the statistical reporting requirements of the European Central Bank in the field of quarterly financial accounts (ECB/2021/20),L3,high,L3,1,5,6,80,0.269663,13.62619,0.166667
32021O0834,32021O0834,2021,Legislative_Act,2020s,2020,Guideline (EU) 2021/834 of the European Central Bank of 26 March 2021 on statistical information to be reported on securities issues (ECB/2021/15),L3,high,L3,1,0,1,80,0,0,0
32021R0235,32021R0235,2021,Regulation,2020s,2020,"Commission Implementing Regulation (EU) 2021/235 of 8 February 2021 amending Implementing Regulation (EU) 2015/2447 as regards formats and codes of common data requirements, certain rules on surveillance and the competent customs office for placing goods under a customs procedure",L2,high,L2,0,5,5,96,0.261667,0,0.35
32021R2178,32021R2178,2021,Regulation,2020s,2020,"Commission Delegated Regulation (EU) 2021/2178 of 6 July 2021 supplementing Regulation (EU) 2020/852 of the European Parliament and of the Council by specifying the content and presentation of information to be disclosed by undertakings subject to Articles 19a or 29a of Directive 2013/34/EU concerning environmentally sustainable economic activities, and specifying the methodology to comply with that disclosure obligation (Text with EEA relevance)",L2,high,L2,4,7,11,80,0.284765,107.073327,0.2
32022D0335,32022D0335,2022,Decision,2020s,2020,Council Decision (CFSP) 2022/335 of 28 February 2022 amending Decision 2014/512/CFSP concerning restrictive measures in view of Russia’s actions destabilising the situation in Ukraine,L1,high,L1,3,2,5,96,0.180025,168.071429,0.15
32022D1108,32022D1108,2022,Decision,2020s,2020,"Commission Decision (EU) 2022/1108 of 1 July 2022 on relief from import duties and VAT exemption on importation granted for goods to be distributed or made available free of charge to persons fleeing the war in Ukraine and to persons in need in Ukraine (notified under document C(2022) 4469) (Only the Croatian, Czech, Dutch, English, Estonian, Finnish, French, German, Greek, Hungarian, Irish, Italian, Lithuanian, Maltese, Polish, Romanian, Slovak, Slovenian and Swedish texts are authentic)",L2,medium,L2,2,2,4,99,0.36,0,0.416667
32022D2356,32022D2356,2022,Decision,2020s,2020,Council Decision (CFSP) 2022/2356 of 1 December 2022 on an assistance measure under the European Peace Facility to support the Lebanese Armed Forces,L1,high,L1,0,5,5,77,0.195501,0,0.2
32022R1031,32022R1031,2022,Regulation,2020s,2020,"Regulation (EU) 2022/1031 of the European Parliament and of the Council of 23 June 2022 on the access of third-country economic operators, goods and services to the Union’s public procurement and concession markets and procedures supporting negotiations on access of Union economic operators, goods and services to the public procurement and concession markets of third countries (International Procurement Instrument – IPI) (Text with EEA relevance)",L1,high,L1,2,17,19,92,0.314526,34.868687,0.111111
32023D2692,32023D2692,2023,Decision,2020s,2020,"Council Decision (EU) 2023/2692 of 9 November 2023 on the position to be taken on behalf of the European Union in the Specialised Committee on Road Transport established by the Trade and Cooperation Agreement between the European Union and the European Atomic Energy Community, of the one part, and the United Kingdom of Great Britain and Northern Ireland, of the other part, on the adaptation of technical specifications of the smart tachograph 2",L1,high,L1,0,5,5,98,0.312634,0,0.1
32023R0066,32023R0066,2023,Regulation,2020s,2020,Commission Delegated Regulation (EU) 2023/66 of 21 October 2022 amending Regulation (EU) 2021/821 of the European Parliament and of the Council as regards the list of dual-use items,L2,high,L2,0,1,1,96,0.215878,0,0
32023R1070,32023R1070,2023,Regulation,2020s,2020,"Commission Implementing Regulation (EU) 2023/1070 of 1 June 2023 on technical arrangements for developing, maintaining and employing electronic systems for the exchange and storage of information under Regulation (EU) No 952/2013 of the European Parliament and the Council",L2,high,L2,2,0,2,96,0,0,0.5
32023R1773,32023R1773,2023,Regulation,2020s,2020,Commission Implementing Regulation (EU) 2023/1773 of 17 August 2023 laying down the rules for the application of Regulation (EU) 2023/956 of the European Parliament and of the Council as regards reporting obligations for the purposes of the carbon border adjustment mechanism during the transitional period (Text with EEA relevance),L2,high,L2,1,8,9,96,0.272958,78.049675,0.125
32023R2859,32023R2859,2023,Regulation,2020s,2020,"Regulation (EU) 2023/2859 of the European Parliament and of the Council of 13 December 2023 establishing a European single access point providing centralised access to publicly available information of relevance to financial services, capital markets and sustainability (Text with EEA relevance)",L1,high,L1,2,33,35,80,0.282721,153.469455,0.165546
32024D0340,32024D0340,2024,Decision,2020s,2020,"Commission Implementing Decision (EU) 2024/340 of 22 January 2024 on harmonised conditions for the use of radio spectrum for mobile communication services on board vessels in the Union, repealing Decision 2010/166/EU (notified under document C(2024) 236)",L2,high,L2,0,5,5,19,0.251505,0,0.15
32024D2418,32024D2418,2024,Decision,2020s,2020,Commission Decision (EU) 2024/2418 of 11 December 2023 on the measure State aid SA.53625 (2021/C) implemented by Germany for Lignite phase-out (notified under document C(2023) 8551),L2,medium,L2,0,21,21,89,0.288118,0,0.016667
32024D2860,32024D2860,2024,Decision,2020s,2020,Commission Decision (EU) 2024/2860 of 24 November 2023 on SA.32953 (2014/C) – State aid measures in favour of Trenitalia SpA – Italy (notified under document C(2023) 8017),L2,medium,L2,0,34,34,89,0.247699,0,0.01426
32024D3155,32024D3155,2024,Decision,2020s,2020,Political and Security Committee Decision (CFSP) 2024/3155 of 10 December 2024 extending the mandate of the Head of Mission of the European Union Monitoring Mission in Georgia (EUMM Georgia) (EUMM Georgia/2/2024),L2,low,L2,0,2,2,77,0.583333,0,0
32024L1785,32024L1785,2024,Directive,2020s,2020,Directive (EU) 2024/1785 of the European Parliament and of the Council of 24 April 2024 amending Directive 2010/75/EU of the European Parliament and of the Council on industrial emissions (integrated pollution prevention and control) and Council Directive 1999/31/EC on the landfill of waste (Text with EEA relevance),L1,high,L1,0,23,23,92,0.273866,0,0.102767
32024R1157,32024R1157,2024,Regulation,2020s,2020,"Regulation (EU) 2024/1157 of the European Parliament and of the Council of 11 April 2024 on shipments of waste, amending Regulations (EU) No 1257/2013 and (EU) 2020/1056 and repealing Regulation (EC) No 1013/2006 (Text with EEA relevance)",L1,high,L1,2,26,28,92,0.292889,848.455673,0.070106
32024R2982,32024R2982,2024,Regulation,2020s,2020,Commission Implementing Regulation (EU) 2024/2982 of 28 November 2024 laying down rules for the application of Regulation (EU) No 910/2014 of the European Parliament and of the Council as regards protocols and interfaces to be supported by the European Digital Identity Framework,L2,high,L2,2,8,10,97,0.259422,0,0.321429
32025D0319,32025D0319,2025,Decision,2020s,2020,Political and Security Committee Decision (CFSP) 2025/319 of 11 February 2025 extending the mandate of the Head of Mission of the European Union Mission in Armenia (EUMA) (EUMA/1/2025),L2,low,L2,0,2,2,77,0.5,0,0.5
61990CJ0076,61990CJ0076,1990,Case_Law,Pre-Maastricht,1990,,L4,high,L4,2,0,2,89,0,0,0.5
61991CJ0116,61991CJ0116,1991,Case_Law,Pre-Maastricht,1990,,L4,high,L4,2,0,2,89,0,0,0
61991CJ0159,61991CJ0159,1991,Case_Law,Pre-Maastricht,1990,,L4,high,L4,3,0,3,89,0,0,0.166667
61996CJ0035,61996CJ0035,1996,Case_Law,1990s,1990,,L4,high,L4,6,0,6,89,0,0,0.033333
11951K070,11951K070,1951,Treaty,Pre-Treaty of Rome,1950,,L1,high,L1,1,0,1,89,0,0,0
11957E088,11957E088,1957,Treaty,Pre-Treaty of Rome,1950,,L1,high,L1,1,0,1,89,0,0,0
11957E170,11957E170,1957,Treaty,Pre-Treaty of Rome,1950,,L1,high,L1,2,0,2,19,0,0,0.5
11972BN01/5/PT1A5,11972BN015PT1A5,1972,Treaty,Pre-Single European Act,1970,,L1,high,L1,1,0,1,89,0,0,0
11992E189B,11992E189B,1992,Treaty,Pre-Maastricht,1990,,L1,high,L1,8,0,8,63,0,0,0
11997E087,11997E087,1997,Treaty,1990s,1990,,L1,high,L1,2,0,2,89,0,0,0
11997E154,11997E154,1997,Treaty,1990s,1990,,L1,high,L1,1,0,1,57,0,0,0
12002E047,12002E047,2002,Treaty,Early 2000s,2000,,L1,high,L1,5,0,5,92,0,0,0.1
12002E088,12002E088,2002,Treaty,Early 2000s,2000,,L1,high,L1,10,0,10,89,0,0,0
12010M042,12010M042,2010,Treaty,Early 2010s,2010,,L1,high,L1,2,0,2,77,0,0,0
12012E/PRO/22,12012EPRO22,2012,Treaty,Early 2010s,2010,,L1,high,L1,5,0,5,97,0,0,0.05
12012E084,12012E084,2012,Treaty,Early 2010s,2010,,L1,high,L1,2,0,2,86,0,0,1
12012M021,12012M021,2012,Treaty,Early 2010s,2010,,L1,high,L1,2,0,2,77,0,0,0
12012M043,12012M043,2012,Treaty,Early 2010s,2010,,L1,high,L1,8,0,8,77,0,0,0.089286
12012M045,12012M045,2012,Treaty,Early 2010s,2010,,L1,high,L1,1,0,1,97,0,0,0
12016A/TXT,12016ATXT,2016,Treaty,Late 2010s,2010,,L1,high,L1,12,0,12,99,0,0,0.068182
12016E012,12016E012,2016,Treaty,Late 2010s,2010,,L1,high,L1,1,0,1,99,0,0,0
12016E081,12016E081,2016,Treaty,Late 2010s,2010,,L1,high,L1,7,0,7,97,0,0,0.119048
12016E191,12016E191,2016,Treaty,Late 2010s,2010,,L1,high,L1,9,0,9,99,0,0,0.083333
12016E298,12016E298,2016,Treaty,Late 2010s,2010,,L1,high,L1,1,0,1,99,0,0,0
12016E312,12016E312,2016,Treaty,Late 2010s,2010,,L1,high,L1,4,0,4,99,0,0,0.25
12016M/PRO/04,12016MPRO04,2016,Treaty,Late 2010s,2010,,L1,high,L1,19,0,19,80,0,0,0.035088
12016M/PRO/10,12016MPRO10,2016,Treaty,Late 2010s,2010,,L1,high,L1,1,0,1,77,0,0,0
12016M016,12016M016,2016,Treaty,Late 2010s,2010,,L1,high,L1,6,0,6,99,0,0,0.066667
12016M041,12016M041,2016,Treaty,Late 2010s,2010,,L1,high,L1,44,0,44,77,0,0,0.033827
31962D0403(01),31962D040301,1962,Decision,Pre-Single European Act,1960,,L2,low,L2,1,0,1,89,0,0,0
31974L0561,31974L0561,1974,Directive,Pre-Single European Act,1970,,L1,low,L1,1,0,1,89,0,0,0
31980Y0618(01),31980Y061801,1980,Legislative_Act,Pre-Single European Act,1980,,L1,medium,L1,1,0,1,19,0,0,0
31983L0349,31983L0349,1983,Directive,Pre-Single European Act,1980,,L1,low,L1,20,0,20,80,0,0,0.128947
31989L0552,31989L0552,1989,Directive,Pre-Maastricht,1980,,L1,low,L1,4,0,4,92,0,0,0.083333
31991D0403,31991D0403,1991,Decision,Pre-Maastricht,1990,,L2,low,L2,0,2,2,19,0.75,0,0.5
31992L0082,31992L0082,1992,Directive,Pre-Maastricht,1990,,L1,low,L1,2,0,2,89,0,0,0
31995L0051,31995L0051,1995,Directive,1990s,1990,,L1,low,L1,3,0,3,19,0,0,0.166667
31997E0288,31997E0288,1997,Legislative_Act,1990s,1990,,L1,medium,L1,1,1,2,63,1,3,0
31997Y0719(01),31997Y071901,1997,Legislative_Act,1990s,1990,,L1,medium,L1,1,1,2,87,0.5,0,0.5
31998L0013,31998L0013,1998,Directive,1990s,1990,,L1,low,L1,10,0,10,19,0,0,0.033333
31998R0447,31998R0447,1998,Regulation,1990s,1990,,L1,low,L1,2,0,2,19,0,0,0
31999D0065,31999D0065,1999,Decision,1990s,1990,,L2,low,L2,1,0,1,63,0,0,0
31999D0468,31999D0468,1999,Decision,1990s,1990,,L2,low,L2,75,0,75,98,0,0,0.011171
31999L0045,31999L0045,1999,Directive,1990s,1990,,L1,low,L1,6,0,6,92,0,0,0.266667
32000L0014R(01),32000L0014,2000,Directive,Early 2000s,2000,,L1,low,L1,8,4,12,98,1,55.202642,0.145455
32000L0043R(03),32000L0043,2000,Directive,Early 2000s,2000,,L1,low,L1,9,1,10,97,0,0,0.236111
32001D0413,32001D0413,2001,Decision,Early 2000s,2000,,L2,low,L2,1,0,1,80,0,0,0
32001D1346,32001D1346,2001,Decision,Early 2000s,2000,,L2,low,L2,1,0,1,98,0,0,0
32002L0676,32002L0676,2002,Directive,Early 2000s,2000,,L1,low,L1,1,0,1,19,0,0,0
32003L0041,32003L0041,2003,Directive,Early 2000s,2000,,L1,low,L1,13,0,13,80,0,0,0.179487
32003L0087R(06),32003L0087,2003,Directive,Early 2000s,2000,,L1,low,L1,43,9,52,63,0.833333,2590.283106,0.058824
32003R2201,32003R2201,2003,Regulation,Early 2000s,2000,,L1,low,L1,5,0,5,97,0,0,0.15
32004R0460,32004R0460,2004,Regulation,Early 2000s,2000,,L1,low,L1,2,0,2,19,0,0,0
32004R0550R(02),32004R0550,2004,Regulation,Early 2000s,2000,,L1,low,L1,23,6,29,9,0.470588,885.044899,0.11396
32005L0060,32005L0060,2005,Directive,Late 2000s,2000,DIRECTIVE 2005/60/EC OF THE EUROPEAN PARLIAMENT AND OF THE COUNCIL of 26 October 2005 on the prevention of the use of the financial system for the purpose of money laundering and terrorist financing (Text with EEA relevance),L1,high,L1,22,0,22,80,0,0,0.123377
32007L0065,32007L0065,2007,Directive,Late 2000s,2000,"DIRECTIVE 2007/65/EC OF THE EUROPEAN PARLIAMENT AND OF THE COUNCIL of 11 December 2007 amending Council Directive 89/552/EEC on the coordination of certain provisions laid down by law, regulation or administrative action in Member States concerning the pursuit of television broadcasting activities (Text with EEA relevance)",L1,high,L1,1,0,1,99,0,0,0
32007R0717,32007R0717,2007,Regulation,Late 2000s,2000,REGULATION (EC) No 717/2007 OF THE EUROPEAN PARLIAMENT AND OF THE COUNCIL of 27 June 2007 on roaming on public mobile telephone networks within the Community and amending Directive 2002/21/EC (Text with EEA relevance),L1,high,L1,1,0,1,92,0,0,0
32008D0217,32008D0217,2008,Decision,Late 2000s,2000,COMMISSION DECISION of 20 December 2007 concerning a technical specification for interoperability relating to the ‘infrastructure’ sub-system of the trans-European high-speed rail system (notified under document number C(2007) 6440) (Text with EEA relevance) (2008/217/EC),L2,medium,L2,2,0,2,89,0,0,0
32008D0477R(01),32008D0477,2008,Decision,Late 2000s,2000,COMMISSION DECISION of 13 June 2008 on the harmonisation of the 2 500-2 690 MHz frequency band for terrestrial systems capable of providing electronic communications services in the Community (notified under document number C(2008) 2625) (Text with EEA relevance) (2008/477/EC),L2,medium,L2,4,1,5,19,0,0,0.416667
32008L0020,32008L0020,2008,Directive,Late 2000s,2000,"DIRECTIVE 2008/20/EC OF THE EUROPEAN PARLIAMENT AND OF THE COUNCIL of 11 March 2008 amending Directive 2005/60/EC on the prevention of the use of the financial system for the purpose of money laundering and terrorist financing, as regards the implementing powers conferred on the Commission (Text with EEA relevance)",L2,high,L2,1,0,1,80,0,0,0
32009L0073,32009L0073,2009,Directive,Late 2000s,2000,DIRECTIVE 2009/73/EC OF THE EUROPEAN PARLIAMENT AND OF THE COUNCIL of 13 July 2009 concerning common rules for the internal market in natural gas and repealing Directive 2003/55/EC (Text with EEA relevance),L1,high,L1,29,0,29,63,0,0,0.093596
32009L0147R(03),32009L0147,2009,Directive,Late 2000s,2000,DIRECTIVE 2009/147/EC OF THE EUROPEAN PARLIAMENT AND OF THE COUNCIL of 30 November 2009 on the conservation of wild birds (codified version),L1,high,L1,14,4,18,86,0.372549,1519.637746,0.095588
32009R0406,32009R0406,2009,Regulation,Late 2000s,2000,COMMISSION REGULATION (EC) No 406/2009 of 18 May 2009 establishing the standard import values for determining the entry price of certain fruit and vegetables,L2,medium,L2,1,0,1,63,0,0,0
32009R0924,32009R0924,2009,Regulation,Late 2000s,2000,REGULATION (EC) No 924/2009 OF THE EUROPEAN PARLIAMENT AND OF THE COUNCIL of 16 September 2009 on cross-border payments in the Community and repealing Regulation (EC) No 2560/2001 (Text with EEA relevance),L1,high,L1,4,0,4,80,0,0,0.25
32009R1211,32009R1211,2009,Regulation,Late 2000s,2000,REGULATION (EC) No 1211/2009 OF THE EUROPEAN PARLIAMENT AND OF THE COUNCIL of 25 November 2009 establishing the Body of European Regulators for Electronic Communications (BEREC) and the Office (Text with EEA relevance),L1,high,L1,2,0,2,97,0,0,1
32010R0273,32010R0273,2010,Regulation,Early 2010s,2010,COMMISSION REGULATION (EU) No 273/2010 of 30 March 2010 amending Regulation (EC) No 474/2006 establishing the Community list of air carriers which are subject to an operating ban within the Community (Text with EEA relevance),L2,medium,L2,5,3,8,9,0.529412,6,0.321429
32011R1232,32011R1232,2011,Regulation,Early 2010s,2010,"REGULATION (EU) No 1232/2011 OF THE EUROPEAN PARLIAMENT AND OF THE COUNCIL of 16 November 2011 amending Council Regulation (EC) No 428/2009 setting up a Community regime for the control of exports, transfer, brokering and transit of dual-use items",L1,high,L1,1,0,1,96,0,0,0
32012L0029R(05),32012L0029,2012,Directive,Early 2010s,2010,"DIRECTIVE 2012/29/EU OF THE EUROPEAN PARLIAMENT AND OF THE COUNCIL of 25 October 2012 establishing minimum standards on the rights, support and protection of victims of crime, and replacing Council Framework Decision 2001/220/JHA",L1,high,L1,8,8,16,97,0.300971,371.197258,0.152381
32012R0966,32012R0966,2012,Regulation,Early 2010s,2010,"REGULATION (EU, EURATOM) No 966/2012 OF THE EUROPEAN PARLIAMENT AND OF THE COUNCIL of 25 October 2012 on the financial rules applicable to the general budget of the Union and repealing Council Regulation (EC, Euratom) No 1605/2002",L1,high,L1,33,0,33,86,0,0,0.046402
32012R1247,32012R1247,2012,Regulation,Early 2010s,2010,"COMMISSION IMPLEMENTING REGULATION (EU) No 1247/2012 of 19 December 2012 laying down implementing technical standards with regard to the format and frequency of trade reports to trade repositories according to Regulation (EU) No 648/2012 of the European Parliament and of the Council on OTC derivatives, central counterparties and trade repositories (Text with EEA relevance)",L2,high,L2,4,0,4,80,0,0,0.083333
32013R0347,32013R0347,2013,Regulation,Early 2010s,2010,"REGULATION (EU) No 347/2013 OF THE EUROPEAN PARLIAMENT AND OF THE COUNCIL of 17 April 2013 on guidelines for trans-European energy infrastructure and repealing Decision No 1364/2006/EC and amending Regulations (EC) No 713/2009, (EC) No 714/2009 and (EC) No 715/2009 (Text with EEA relevance)",L1,high,L1,9,0,9,63,0,0,0.263889
32013R0391,32013R0391,2013,Regulation,Early 2010s,2010,COMMISSION IMPLEMENTING REGULATION (EU) No 391/2013 of 3 May 2013 laying down a common charging scheme for air navigation services (Text with EEA relevance),L2,high,L2,5,0,5,9,0,0,0.05
32013R1311R(02),32013R1311,2013,Regulation,Early 2010s,2010,"COUNCIL REGULATION (EU, EURATOM) No 1311/2013 of 2 December 2013 laying down the multiannual financial framework for the years 2014-2020",L1,high,L1,10,6,16,86,0.235043,4406.445563,0.236264
32013R1316,32013R1316,2013,Regulation,Early 2010s,2010,"REGULATION (EU) No 1316/2013 OF THE EUROPEAN PARLIAMENT AND OF THE COUNCIL of 11 December 2013 establishing the Connecting Europe Facility, amending Regulation (EU) No 913/2010 and repealing Regulations (EC) No 680/2007 and (EC) No 67/2010 (Text with EEA relevance)",L1,high,L1,11,0,11,86,0,0,0.081818
32014D0915,32014D0915,2014,Decision,Early 2010s,2010,"COUNCIL DECISION 2014/915/CFSP of 16 December 2014 amending Decision 2010/452/CFSP on the European Union Monitoring Mission in Georgia, EUMM Georgia",L1,high,L1,0,5,5,77,0.692308,0,0.05
32014R0037,32014R0037,2014,Regulation,Early 2010s,2010,,L1,low,L1,5,5,10,96,0.478261,496.945922,0.1
32014R0240,32014R0240,2014,Regulation,Early 2010s,2010,COMMISSION DELEGATED REGULATION (EU) No 240/2014 of 7 January 2014 on the European code of conduct on partnership in the framework of the European Structural and Investment Funds,L2,high,L2,1,4,5,86,0.256264,310.617026,0.2
32014R0241,32014R0241,2014,Regulation,Early 2010s,2010,COMMISSION DELEGATED REGULATION (EU) No 241/2014 of 7 January 2014 supplementing Regulation (EU) No 575/2013 of the European Parliament and of the Council with regard to regulatory technical standards for Own Funds requirements for institutions (Text with EEA relevance),L2,high,L2,3,12,15,80,0.344262,160.739616,0.214286
32014R0516,32014R0516,2014,Regulation,Early 2010s,2010,"REGULATION (EU) No 516/2014 OF THE EUROPEAN PARLIAMENT AND OF THE COUNCIL of 16 April 2014 establishing the Asylum, Migration and Integration Fund, amending Council Decision 2008/381/EC and repealing Decisions No 573/2007/EC and No 575/2007/EC of the European Parliament and of the Council and Council Decision 2007/435/EC",L1,high,L1,8,9,17,86,0.211893,573.617868,0.1125
32014R1318,32014R1318,2014,Regulation,Early 2010s,2010,COMMISSION IMPLEMENTING REGULATION (EU) No 1318/2014 of 11 December 2014 amending Regulation (EC) No 474/2006 establishing the Community list of air carriers which are subject to an operating ban within the Community (Text with EEA relevance),L2,high,L2,2,3,5,9,0.526316,0,0.4
32015D0007,32015D0007,2015,Decision,Late 2010s,2010,DECISION (EU) 2015/530 OF THE EUROPEAN CENTRAL BANK of 11 February 2015 on the methodology and procedures for the determination and collection of data regarding fee factors used to calculate annual supervisory fees (ECB/2015/7),L2,low,L2,1,0,1,80,0,0,0
32015D1470,32015D1470,2015,Decision,Late 2010s,2010,COMMISSION DECISION (EU) 2015/1470 of 30 March 2015 on State aid SA.38517 (2014/C) (ex 2014/NN) implemented by Romania — Arbitral award Micula v Romania of 11 December 2013 (notified under document C(2015) 2112) (Only the Romanian text is authentic) (Text with EEA relevance),L2,medium,L2,0,12,12,89,0.543478,0,0.007576
32015L1535,32015L1535,2015,Directive,Late 2010s,2010,DIRECTIVE (EU) 2015/1535 OF THE EUROPEAN PARLIAMENT AND OF THE COUNCIL of 9 September 2015 laying down a procedure for the provision of information in the field of technical regulations and of rules on Information Society services (codification) (Text with EEA relevance),L1,high,L1,22,8,30,92,0.307339,10129.909099,0.064368
32015R0340R(01),32015R0340,2015,Regulation,Late 2010s,2010,"COMMISSION REGULATION (EU) 2015/340 of 20 February 2015 laying down technical requirements and administrative procedures relating to air traffic controllers' licences and certificates pursuant to Regulation (EC) No 216/2008 of the European Parliament and of the Council, amending Commission Implementing Regulation (EU) No 923/2012 and repealing Commission Regulation (EU) No 805/2011 (Text with EEA relevance)",L2,high,L2,3,4,7,9,0.341176,6.25,0.366667
32015R0962,32015R0962,2015,Regulation,Late 2010s,2010,COMMISSION DELEGATED REGULATION (EU) 2015/962 of 18 December 2014 supplementing Directive 2010/40/EU of the European Parliament and of the Council with regard to the provision of EU-wide real-time traffic information services (Text with EEA relevance),L2,high,L2,2,0,2,98,0,0,0.5
32015R0983R(01),32015R0983,2015,Regulation,Late 2010s,2010,COMMISSION IMPLEMENTING REGULATION (EU) 2015/983 of 24 June 2015 on the procedure for issuance of the European Professional Card and the application of the alert mechanism pursuant to Directive 2005/36/EC of the European Parliament and of the Council (Text with EEA relevance),L2,high,L2,1,6,7,92,0.310992,0,0.333333
32016D1195,32016D1195,2016,Decision,Late 2010s,2010,"COMMISSION IMPLEMENTING DECISION (EU) 2016/1195 of 4 July 2016 exempting courier services and other services than postal services in Poland from the application of Directive 2014/25/EU of the European Parliament and of the Council on procurement by entities operating in the water, energy, transport and postal services sectors and repealing Directive 2004/17/EC (notified under document C(2016) 3986) (Only the Polish text is authentic) (Text with EEA relevance)",L2,high,L2,0,7,7,92,0.295556,0,0.047619
32016Q0512(01),32016Q051201,2016,Legislative_Act,Late 2010s,2010,,L1,medium,L1,140,4,144,99,0.521739,1148.669406,0.026272
32016R0796R(01),32016R0796,2016,Regulation,Late 2010s,2010,REGULATION (EU) 2016/796 OF THE EUROPEAN PARLIAMENT AND OF THE COUNCIL of 11 May 2016 on the European Union Agency for Railways and repealing Regulation (EC) No 881/2004 (Text with EEA relevance),L1,high,L1,7,26,33,89,0.271543,362.440895,0.085057
32016R2137R(01),32016R2137,2016,Regulation,Late 2010s,2010,COUNCIL REGULATION (EU) 2016/2137 of 6 December 2016 amending Regulation (EU) No 36/2012 concerning restrictive measures in view of the situation in Syria,L1,high,L1,1,4,5,96,0.55,0,0.25
32017D0553,32017D0553,2017,Decision,Late 2010s,2010,"COMMISSION IMPLEMENTING DECISION (EU) 2017/553 of 22 March 2017 concerning the consistency of the targets in the key performance areas of capacity and cost-efficiency included in the revised functional airspace block plan submitted pursuant to Regulation (EC) No 549/2004 by Belgium, Germany, France, Luxembourg and the Netherlands with the Union-wide performance targets for the second reference period (notified under document C(2017) 1798) (Only the Dutch, French, and German texts are authentic) (Text with EEA relevance)",L2,high,L2,0,4,4,9,0.347368,0,0.416667
32017R0849,32017R0849,2017,Regulation,Late 2010s,2010,COMMISSION DELEGATED REGULATION (EU) 2017/849 of 7 December 2016 amending Regulation (EU) No 1315/2013 of the European Parliament and of the Council as regards the maps in Annex I and the list in Annex II to that Regulation (Text with EEA relevance),L2,high,L2,1,0,1,9,0,0,0
32017R1131,32017R1131,2017,Regulation,Late 2010s,2010,REGULATION (EU) 2017/1131 OF THE EUROPEAN PARLIAMENT AND OF THE COUNCIL of 14 June 2017 on money market funds (Text with EEA relevance),L1,high,L1,6,18,24,80,0.340192,221.501233,0.150362
32019D0903,32019D0903,2019,Decision,Late 2010s,2010,Commission Implementing Decision (EU) 2019/903 of 29 May 2019 setting the Union-wide performance targets for the air traffic management network for the third reference period starting on 1 January 2020 and ending on 31 December 2024 (Text with EEA relevance.),L2,high,L2,17,0,17,9,0,0,0.084559
32019R0817,32019R0817,2019,Regulation,Late 2010s,2010,"Regulation (EU) 2019/817 of the European Parliament and of the Council of 20 May 2019 on establishing a framework for interoperability between EU information systems in the field of borders and visa and amending Regulations (EC) No 767/2008, (EU) 2016/399, (EU) 2017/2226, (EU) 2018/1240, (EU) 2018/1726 and (EU) 2018/1861 of the European Parliament and of the Council and Council Decisions 2004/512/EC and 2008/633/JHA",L1,high,L1,4,32,36,97,0.302222,163.962827,0.157143
32019R0818,32019R0818,2019,Regulation,Late 2010s,2010,"Regulation (EU) 2019/818 of the European Parliament and of the Council of 20 May 2019 on establishing a framework for interoperability between EU information systems in the field of police and judicial cooperation, asylum and migration and amending Regulations (EU) 2018/1726, (EU) 2018/1862 and (EU) 2019/816",L1,high,L1,3,38,41,97,0.30312,128.508487,0.117308
32019R1122,32019R1122,2019,Regulation,Late 2010s,2010,Commission Delegated Regulation (EU) 2019/1122 of 12 March 2019 supplementing Directive 2003/87/EC of the European Parliament and of the Council as regards the functioning of the Union Registry (Text with EEA relevance.),L2,high,L2,2,19,21,80,0.329652,422.882905,0.090476
32019R1143R(01),32019R1143,2019,Regulation,Late 2010s,2010,Commission Delegated Regulation (EU) 2019/1143 of 14 March 2019 amending Delegated Regulation (EU) 2015/2446 as regards the declaration of certain low-value consignments,L2,high,L2,1,6,7,96,0.257377,0,0.366667
32019R1242R(01),32019R1242,2019,Regulation,Late 2010s,2010,Regulation (EU) 2019/1242 of the European Parliament and of the Council of 20 June 2019 setting CO2 emission performance standards for new heavy-duty vehicles and amending Regulations (EC) No 595/2009 and (EU) 2018/956 of the European Parliament and of the Council and Council Directive 96/53/EC (Text with EEA relevance),L1,high,L1,5,15,20,63,0.288029,82.3801,0.222222
32019R1243R(01),32019R1243,2019,Regulation,Late 2010s,2010,Regulation (EU) 2019/1243 of the European Parliament and of the Council of 20 June 2019 adapting a number of legal acts providing for the use of the regulatory procedure with scrutiny to Articles 290 and 291 of the Treaty on the Functioning of the European Union (Text with EEA relevance),L1,high,L1,3,30,33,98,0.431373,105.305564,0.053427
32020R1749,32020R1749,2020,Regulation,2020s,2020,"Commission Delegated Regulation (EU) 2020/1749 of 7 October 2020 amending Council Regulation (EC) No 428/2009 setting up a Community regime for the control of exports, transfer, brokering and transit of dual-use items",L2,high,L2,1,0,1,96,0,0,0
32021D1094,32021D1094,2021,Decision,2020s,2020,Council Decision (EU) 2021/1094 of 28 June 2021 amending Decision 2008/376/EC on the adoption of the Research Programme of the Research Fund for Coal and Steel and on the multiannual technical guidelines for this programme,L1,high,L1,0,3,3,99,0.257755,0,0.166667
32021R0451,32021R0451,2021,Regulation,2020s,2020,Commission Implementing Regulation (EU) 2021/451 of 17 December 2020 laying down implementing technical standards for the application of Regulation (EU) No 575/2013 of the European Parliament and of the Council with regard to supervisory reporting of institutions and repealing Implementing Regulation (EU) No 680/2014 (Text with EEA relevance),L2,high,L2,2,13,15,80,0.270833,82.961163,0.219048
32021R1056R(01),32021R1056,2021,Regulation,2020s,2020,Regulation (EU) 2021/1056 of the European Parliament and of the Council of 24 June 2021 establishing the Just Transition Fund,L1,high,L1,8,19,27,99,0.302813,222.831402,0.173333
32022D0322,32022D0322,2022,Decision,2020s,2020,"Council Decision (EU) 2022/322 of 18 February 2022 on the position to be taken on behalf of the European Union within the Council of the International Civil Aviation Organization (ICAO) as regards the adoption of amendments to Annexes 1, 6 to 10, 14 and 17 to the Convention on International Civil Aviation",L1,high,L1,0,8,8,9,0.265564,0,0.053571
32022D1979,32022D1979,2022,Decision,2020s,2020,Commission Implementing Decision (EU) 2022/1979 of 31 August 2022 on establishing the form and databases for communicating the information referred to in Articles 18(1) and 21(3) of Directive 2012/18/EU of the European Parliament and of the Council on the control of major-accident hazards involving dangerous substances and repealing Commission Implementing Decision 2014/895/EU (notified under document C(2022) 6124) (Text with EEA relevance),L2,high,L2,0,4,4,92,0.317003,0,0.166667
32022D2355,32022D2355,2022,Decision,2020s,2020,Council Decision (CFSP) 2022/2355 of 1 December 2022 on an assistance measure under the European Peace Facility to strengthen the capacities of the armed forces of the Islamic Republic of Mauritania,L1,high,L1,0,5,5,77,0.195501,0,0.2
32022O0912R(02),32022O0912,2022,Legislative_Act,2020s,2020,Guideline (EU) 2022/912 of the European Central Bank of 24 February 2022 on a new-generation Trans-European Automated Real-time Gross Settlement Express Transfer system (TARGET) and repealing Guideline ECB/2012/27 (ECB/2022/8),L3,high,L3,1,8,9,80,0.223383,0,0.160714
32023D0274,32023D0274,2023,Decision,2020s,2020,"Council Decision (EU) 2023/274 of 6 February 2023 on the position to be taken on behalf of the European Union within the EU-UK Specialised Committee on Energy established under the Trade and Cooperation Agreement between the European Union and the European Atomic Energy Community, of the one part, and the United Kingdom of Great Britain and Northern Ireland, of the other part, concerning the EU-UK electricity trading arrangements",L1,high,L1,0,4,4,99,0.190713,0,0.083333
32023D1217R(01),32023D1217,2023,Decision,2020s,2020,Council Decision (CFSP) 2023/1217 of 23 June 2023 amending Decision 2014/512/CFSP concerning restrictive measures in view of Russia’s actions destabilising the situation in Ukraine,L1,high,L1,2,16,18,96,0.274985,2,0.158088
32023D2539,32023D2539,2023,Decision,2020s,2020,Council Decision (CFSP) 2023/2539 of 13 November 2023 supporting a project on the promotion of effective arms export controls,L1,high,L1,1,5,6,77,0.17873,355,0.2
32023R0427R(03),32023R0427,2023,Regulation,2020s,2020,Council Regulation (EU) 2023/427 of 25 February 2023 amending Regulation (EU) No 833/2014 concerning restrictive measures in view of Russia’s actions destabilising the situation in Ukraine,L1,high,L1,1,21,22,96,0.279709,0,0.085714
32023R0857,32023R0857,2023,Regulation,2020s,2020,"Regulation (EU) 2023/857 of the European Parliament and of the Council of 19 April 2023 amending Regulation (EU) 2018/842 on binding annual greenhouse gas emission reductions by Member States from 2021 to 2030 contributing to climate action to meet commitments under the Paris Agreement, and Regulation (EU) 2018/1999 (Text with EEA relevance)",L1,high,L1,3,9,12,63,0.232914,11.416039,0.265152
32023R1114,32023R1114,2023,Regulation,2020s,2020,"Regulation (EU) 2023/1114 of the European Parliament and of the Council of 31 May 2023 on markets in crypto-assets, and amending Regulations (EU) No 1093/2010 and (EU) No 1095/2010 and Directives 2013/36/EU and (EU) 2019/1937 (Text with EEA relevance)",L1,high,L1,12,46,58,80,0.29372,6049.160266,0.133394
32023R2510,32023R2510,2023,Regulation,2020s,2020,"Commission Delegated Regulation (EU) 2023/2510 of 15 November 2023 amending Directive 2009/81/EC of the European Parliament and of the Council in respect of the thresholds for supply, service and works contracts",L2,high,L2,0,3,3,92,0.278889,0,0.5
32023R2878,32023R2878,2023,Regulation,2020s,2020,Council Regulation (EU) 2023/2878 of 18 December 2023 amending Regulation (EU) No 833/2014 concerning restrictive measures in view of Russia’s actions destabilising the situation in Ukraine,L1,high,L1,0,7,7,96,0.22161,0,0.02381
32024D01459,32024D01459,2024,Decision,2020s,2020,Commission Decision of 24 January 2024 establishing the European Artificial Intelligence Office,L2,medium,L2,1,6,7,99,0.279901,108.782747,0.166667
32024L1260,32024L1260,2024,Directive,2020s,2020,Directive (EU) 2024/1260 of the European Parliament and of the Council of 24 April 2024 on asset recovery and confiscation,L1,high,L1,0,32,32,97,0.237662,0,0.113911
32024L1760,32024L1760,2024,Directive,2020s,2020,Directive (EU) 2024/1760 of the European Parliament and of the Council of 13 June 2024 on corporate sustainability due diligence and amending Directive (EU) 2019/1937 and Regulation (EU) 2023/2859 (Text with EEA relevance),L1,high,L1,0,43,43,80,0.311524,0,0.097453
32024R1106,32024R1106,2024,Regulation,2020s,2020,Regulation (EU) 2024/1106 of the European Parliament and of the Council of 11 April 2024 amending Regulations (EU) No 1227/2011 and (EU) 2019/942 as regards improving the Union’s protection against market manipulation on the wholesale energy market (Text with EEA relevance),L1,high,L1,0,27,27,63,0.323026,0,0.131054
32024R1307,32024R1307,2024,Regulation,2020s,2020,Regulation (EU) 2024/1307 of the European Parliament and of the Council of 29 April 2024 amending Regulation (EU) 2021/1232 on a temporary derogation from certain provisions of Directive 2002/58/EC as regards the use of technologies by providers of number-independent interpersonal communications services for the processing of personal and other data for the purpose of combating online child sexual abuse (Text with EEA relevance),L1,high,L1,0,7,7,97,0.258353,0,0.261905
32025D0394,32025D0394,2025,Decision,2020s,2020,Council Decision (CFSP) 2025/394 of 24 February 2025 amending Decision 2014/512/CFSP concerning restrictive measures in view of Russia’s actions destabilising the situation in Ukraine,L1,high,L1,0,14,14,96,0.241009,0,0.021978
61987CJ0030,61987CJ0030,1987,Case_Law,Pre-Maastricht,1980,,L4,high,L4,5,0,5,89,0,0,0.05
61994CJ0259,61994CJ0259,1994,Case_Law,1990s,1990,,L4,high,L4,1,0,1,19,0,0,0
61996CJ0342,61996CJ0342,1996,Case_Law,1990s,1990,,L4,high,L4,9,0,9,89,0,0,0
62006CJ0206,62006CJ0206,2006,Case_Law,Late 2000s,2000,"Judgment of the Court (Third Chamber) of 17 July 2008.#Essent Netwerk Noord BV supported by Nederlands Elektriciteit Administratiekantoor BV v Aluminium Delfzijl BV, and in the indemnification proceedings Aluminium Delfzijl BV v Staat der Nederlanden and in the indemnification proceedings Essent Netwerk Noord BV v Nederlands Elektriciteit Administratiekantoor BV and Saranne BV.#Reference for a preliminary ruling: Rechtbank Groningen - Netherlands.#Internal market in electricity - National legislation permitting the levy of a surcharge on the price for electricity transmission in favour of a statutorily-designated company which is required to pay stranded costs - Charges having equivalent effect to customs duties - Discriminatory internal taxation - Aid granted by the Member States.#Case C-206/06.",L4,high,L4,1,0,1,89,0,0,0
62011CJ0369,62011CJ0369,2011,Case_Law,Early 2010s,2010,"Judgment of the Court (First Chamber), 3 October 2013.#European Commission v Italian Republic.#Failure of a Member State to fulfil obligations — Transport — Directive 2001/14/EC — Articles 4(1) and 30(3) — Allocation of railway infrastructure capacity — Levying of charges — Infrastructure fees — Independence of infrastructure managers.#Case C‑369/11.",L4,high,L4,1,0,1,89,0,0,0
62014CJ0015,62014CJ0015,2014,Case_Law,Early 2010s,2010,Judgment of the Court (First Chamber) of 4 June 2015.#European Commission v MOL Magyar Olaj- és Gázipari Nyrt.#Appeals — State aid — Agreement between Hungary and the oil and gas company MOL relating to mining fees in connection with the extraction of hydrocarbons — Subsequent amendment to the statutory rules increasing the rate of the fees — Increase in fees not applied to MOL — Decision declaring the aid incompatible with the common market — Selective nature.#Case C-15/14 P.,L4,high,L4,7,0,7,89,0,0,0
62017CJ0091,62017CJ0091,2017,Case_Law,Late 2010s,2010,"Judgment of the Court (Ninth Chamber) of 26 April 2018.#Cellnex Telecom SA and Telecom Castilla-La Mancha, SA v European Commission.#Appeal — State Aid — Digital television — Aid for the extension of digital terrestrial television to the remote and less urbanised areas of the Comunidad Autónoma de Castilla-La Mancha (Autonomous Community of Castilla-La Mancha, Spain) — Grant in favour of operators of digital terrestrial television platforms — Decision declaring the aid measures to be partially incompatible with the internal market — Concept of ‘State Aid’ — Advantage — Service of general economic interest — Definition — Margin of discretion of the Member States.#Joined Cases C-91/17 P and C-92/17 P.",L4,high,L4,1,0,1,89,0,0,0
11957E003,11957E003,1957,Treaty,Pre-Treaty of Rome,1950,,L1,high,L1,2,0,2,57,0,0,0
11957E080,11957E080,1957,Treaty,Pre-Treaty of Rome,1950,,L1,high,L1,1,0,1,89,0,0,0
11957E087,11957E087,1957,Treaty,Pre-Treaty of Rome,1950,,L1,high,L1,2,0,2,89,0,0,0
11992E,11992E,1992,Treaty,Pre-Maastricht,1990,,L1,high,L1,5,0,5,89,0,0,0
11992E052,11992E052,1992,Treaty,Pre-Maastricht,1990,,L1,high,L1,8,0,8,57,0,0,0
11992E066,11992E066,1992,Treaty,Pre-Maastricht,1990,,L1,high,L1,4,0,4,63,0,0,0
11992E086,11992E086,1992,Treaty,Pre-Maastricht,1990,,L1,high,L1,3,0,3,89,0,0,0
11992M/PRO/SEBC/27,11992MPROSEBC27,1992,Treaty,Pre-Maastricht,1990,,L1,high,L1,2,0,2,84,0,0,0.5
11997E308,11997E308,1997,Treaty,1990s,1990,,L1,high,L1,2,0,2,98,0,0,0
11997M028,11997M028,1997,Treaty,1990s,1990,,L1,high,L1,3,0,3,1,0,0,0
12002M018,12002M018,2002,Treaty,Early 2000s,2000,,L1,high,L1,1,0,1,77,0,0,0
12010E082,12010E082,2010,Treaty,Early 2010s,2010,,L1,high,L1,4,0,4,97,0,0,0.166667
12010M026,12010M026,2010,Treaty,Early 2010s,2010,,L1,high,L1,4,0,4,77,0,0,0
12012E062,12012E062,2012,Treaty,Early 2010s,2010,,L1,high,L1,6,0,6,92,0,0,0.166667
12012E196,12012E196,2012,Treaty,Early 2010s,2010,,L1,high,L1,1,0,1,99,0,0,0
12016E/PRO/07,12016EPRO07,2016,Treaty,Late 2010s,2010,,L1,high,L1,11,0,11,99,0,0,0.027273
12016E036,12016E036,2016,Treaty,Late 2010s,2010,,L1,high,L1,4,0,4,63,0,0,0.083333
12016E048,12016E048,2016,Treaty,Late 2010s,2010,,L1,high,L1,5,0,5,99,0,0,0
12016E169,12016E169,2016,Treaty,Late 2010s,2010,,L1,high,L1,3,0,3,92,0,0,0.166667
12016E188,12016E188,2016,Treaty,Late 2010s,2010,,L1,high,L1,5,0,5,99,0,0,0.2
12016E215,12016E215,2016,Treaty,Late 2010s,2010,,L1,high,L1,45,0,45,96,0,0,0.007576
12016E249,12016E249,2016,Treaty,Late 2010s,2010,,L1,high,L1,7,0,7,97,0,0,0.119048
12016E261,12016E261,2016,Treaty,Late 2010s,2010,,L1,high,L1,6,0,6,92,0,0,0.066667
12016E339,12016E339,2016,Treaty,Late 2010s,2010,,L1,high,L1,12,0,12,97,0,0,0.022727
12016M043,12016M043,2016,Treaty,Late 2010s,2010,,L1,high,L1,23,0,23,77,0,0,0.027668
12016M045,12016M045,2016,Treaty,Late 2010s,2010,,L1,high,L1,2,0,2,77,0,0,0
12016P011,12016P011,2016,Treaty,Late 2010s,2010,,L1,high,L1,16,0,16,96,0,0,0.029167
31966R0117,31966R0117,1966,Regulation,Pre-Single European Act,1960,,L1,low,L1,1,0,1,89,0,0,0
31977Y0727(02),31977Y072702,1977,Legislative_Act,Pre-Single European Act,1970,,L1,medium,L1,1,0,1,87,0,0,0
31982L0891,31982L0891,1982,Directive,Pre-Single European Act,1980,,L1,low,L1,3,0,3,80,0,0,0.166667
31991L0308,31991L0308,1991,Directive,Pre-Maastricht,1990,,L1,low,L1,1,0,1,80,0,0,0
31992R2407,31992R2407,1992,Regulation,Pre-Maastricht,1990,,L1,low,L1,8,0,8,89,0,0,0.089286
31993Y0120(03),31993Y012003,1993,Legislative_Act,1990s,1990,,L1,medium,L1,2,1,3,87,1,5,0.166667
31994L0046,31994L0046,1994,Directive,1990s,1990,,L1,low,L1,3,0,3,19,0,0,0.166667
31995D0354,31995D0354,1995,Decision,1990s,1990,,L2,low,L2,0,5,5,19,0.461538,0,0.2
31995L0018,31995L0018,1995,Directive,1990s,1990,,L1,low,L1,5,0,5,89,0,0,0.1
31995L0019,31995L0019,1995,Directive,1990s,1990,,L1,low,L1,3,0,3,89,0,0,0
31996D0629,31996D0629,1996,Decision,1990s,1990,,L2,low,L2,1,0,1,19,0,0,0
31996L0082,31996L0082,1996,Directive,1990s,1990,,L1,low,L1,4,0,4,92,0,0,0.083333
31997D0527,31997D0527,1997,Decision,1990s,1990,,L2,low,L2,1,0,1,19,0,0,0
31998Y0302(04),31998Y030204,1998,Legislative_Act,1990s,1990,,L1,medium,L1,3,0,3,19,0,0,0
31999R0936,31999R0936,1999,Regulation,1990s,1990,,L1,low,L1,2,2,4,96,0.75,0,0.5
32001D0470R(01),32001D0470,2001,Decision,Early 2000s,2000,,L2,low,L2,15,5,20,97,1,501.761091,0.102339
32002L0092,32002L0092,2002,Directive,Early 2000s,2000,,L1,low,L1,8,0,8,80,0,0,0.232143
32003H0361,32003H0361,2003,Legislative_Act,Early 2000s,2000,,L1,medium,L1,55,0,55,92,0,0,0.057576
32003L0096R(01),32003L0096,2003,Directive,Early 2000s,2000,,L1,low,L1,6,7,13,89,1,226.460462,0.098485
32004D0280,32004D0280,2004,Decision,Early 2000s,2000,,L2,low,L2,3,0,3,80,0,0,0.166667
32004D0677,32004D0677,2004,Decision,Early 2000s,2000,COUNCIL DECISION of 24 September 2004 concerning the Rules applicable to national experts and military staff on secondment to the European Defence Agency (2004/677/EC),L1,high,L1,1,0,1,97,0,0,0
32005R0001R(07),32005R0001,2005,Regulation,Late 2000s,2000,COUNCIL REGULATION (EC) No 1/2005 of 22 December 2004 on the protection of animals during transport and related operations and amending Directives 64/432/EEC and 93/119/EC and Regulation (EC) No 1255/97,L1,high,L1,4,3,7,98,1,17.370765,0.233333
32006L0070,32006L0070,2006,Directive,Late 2000s,2000,COMMISSION DIRECTIVE 2006/70/EC of 1 August 2006 laying down implementing measures for Directive 2005/60/EC of the European Parliament and of the Council as regards the definition of ‘politically exposed person’ and the technical criteria for simplified customer due diligence procedures and for exemption on grounds of a financial activity conducted on an occasional or very limited basis,L2,high,L2,2,0,2,80,0,0,0
32006R1083,32006R1083,2006,Regulation,Late 2000s,2000,"COUNCIL REGULATION (EC) No 1083/2006 of 11 July 2006 laying down general provisions on the European Regional Development Fund, the European Social Fund and the Cohesion Fund and repealing Regulation (EC) No 1260/1999",L1,high,L1,3,0,3,98,0,0,0
32007D0643,32007D0643,2007,Decision,Late 2000s,2000,COUNCIL DECISION 2007/643/CFSP of 18 September 2007 on the financial rules of the European Defence Agency and on the procurement rules and rules on financial contributions from the operational budget of the European Defence Agency,L1,high,L1,2,0,2,97,0,0,0.5
32007H0879,32007H0879,2007,Legislative_Act,Late 2000s,2000,COMMISSION RECOMMENDATION of 17 December 2007 on relevant product and service markets within the electronic communications sector susceptible toex anteregulation in accordance with Directive 2002/21/EC of the European Parliament and of the Council on a common regulatory framework for electronic communications networks and services (notified under document number C(2007) 5406) (Text with EEA relevance) (2007/879/EC),L1,high,L1,1,0,1,19,0,0,0
32007L0046,32007L0046,2007,Directive,Late 2000s,2000,"DIRECTIVE 2007/46/EC OF THE EUROPEAN PARLIAMENT AND OF THE COUNCIL of 5 September 2007 establishing a framework for the approval of motor vehicles and their trailers, and of systems, components and separate technical units intended for such vehicles (Framework Directive) (Text with EEA relevance) LIST OF ANNEXES",L1,high,L1,14,0,14,63,0,0,0.065934
32007R0787,32007R0787,2007,Regulation,Late 2000s,2000,COMMISSION REGULATION (EC) No 787/2007 of 4 July 2007 amending Commission Regulation (EC) No 474/2006 establishing the Community list of air carriers which are subject to an operating ban within the Community (Text with EEA relevance),L2,medium,L2,1,0,1,9,0,0,0
32008D0137,32008D0137,2008,Decision,Late 2000s,2000,COMMISSION DECISION of 7 March 2007 State aid C 10/06 (ex N555/05) — Cyprus Airways Public Ltd — Restructuring plan (notified under document number C (2007) 300) (Only the Greek version is authentic) (Text with EEA relevance) (2008/137/EC),L2,medium,L2,2,3,5,89,1,7,0.05
32008D0232,32008D0232,2008,Decision,Late 2000s,2000,COMMISSION DECISION of 21 February 2008 concerning a technical specification for interoperability relating to the ‘rolling stock’ sub-system of the trans-European high-speed rail system (notified under document number C(2008) 648) (Text with EEA relevance) (2008/232/CE),L2,medium,L2,1,0,1,89,0,0,0
32008D0284,32008D0284,2008,Decision,Late 2000s,2000,COMMISSION DECISION of 6 March 2008 concerning a technical specification for interoperability relating to the ‘energy’ sub-system of the trans-European high-speed rail system (notified under document number C(2008) 807) (Text with EEA relevance) (2008/284/CE),L2,medium,L2,2,0,2,89,0,0,0
32008E0736,32008E0736,2008,Legislative_Act,Late 2000s,2000,"COUNCIL JOINT ACTION 2008/736/CFSP of 15 September 2008 on the European Union Monitoring Mission in Georgia, EUMM Georgia",L1,medium,L1,7,0,7,77,0,0,0.166667
32008L0098R(07),32008L0098,2008,Directive,Late 2000s,2000,DIRECTIVE 2008/98/EC OF THE EUROPEAN PARLIAMENT AND OF THE COUNCIL of 19 November 2008 on waste and repealing certain Directives (Text with EEA relevance),L1,high,L1,15,4,19,92,0.418182,1595.823248,0.156863
32008R1008R(01),32008R1008,2008,Regulation,Late 2000s,2000,REGULATION (EC) No 1008/2008 OF THE EUROPEAN PARLIAMENT AND OF THE COUNCIL of 24 September 2008 on common rules for the operation of air services in the Community (Recast) (Text with EEA relevance),L1,high,L1,13,7,20,89,0.431034,1707.982152,0.064327
32009D0316,32009D0316,2009,Decision,Late 2000s,2000,COUNCIL DECISION 2009/316/JHA of 6 April 2009 on the establishment of the European Criminal Records Information System (ECRIS) in application of Article 11 of Framework Decision 2009/315/JHA,L1,high,L1,3,0,3,80,0,0,0.166667
32009D0937R(07),32009D0937,2009,Decision,Late 2000s,2000,COUNCIL DECISION of 1 December 2009 adopting the Council's Rules of Procedure (2009/937/EU),L1,high,L1,8,1,9,77,0,0,0.178571
32010D0137,32010D0137,2010,Decision,Early 2010s,2010,COMMISSION DECISION of 28 August 2009 on State aid C 6/09 (ex N 663/08) — Austria Austrian Airlines — Restructuring Plan (notified under document C(2009) 6686) (Only the German text is authentic) (Text with EEA relevance) (2010/137/EC),L2,medium,L2,0,8,8,89,0.343478,0,0
32010D0237,32010D0237,2010,Decision,Early 2010s,2010,"COMMISSION DECISION of 27 April 2010 amending Decision 2009/379/EC setting the amounts which, pursuant to Council Regulations (EC) No 1782/2003, (EC) No 378/2007, (EC) No 479/2008 and (EC) No 73/2009 are made available to the EAFRD and the amounts available for EAGF expenditure (2010/237/EU)",L1,high,L1,0,1,1,86,0.6,0,0
32010L0024R(02),32010L0024,2010,Directive,Early 2010s,2010,"COUNCIL DIRECTIVE 2010/24/EU of 16 March 2010 concerning mutual assistance for the recovery of claims relating to taxes, duties and other measures",L1,high,L1,4,2,6,96,1,2.616667,0.25
32010R0691,32010R0691,2010,Regulation,Early 2010s,2010,COMMISSION REGULATION (EU) No 691/2010 of 29 July 2010 laying down a performance scheme for air navigation services and network functions and amending Regulation (EC) No 2096/2005 laying down common requirements for the provision of air navigation services (Text with EEA relevance),L2,medium,L2,3,0,3,9,0,0,0.166667
32010R1031,32010R1031,2010,Regulation,Early 2010s,2010,"COMMISSION REGULATION (EU) No 1031/2010 of 12 November 2010 on the timing, administration and other aspects of auctioning of greenhouse gas emission allowances pursuant to Directive 2003/87/EC of the European Parliament and of the Council establishing a scheme for greenhouse gas emission allowances trading within the Community (Text with EEA relevance)",L1,high,L1,8,0,8,80,0,0,0.160714
32010R1095,32010R1095,2010,Regulation,Early 2010s,2010,"REGULATION (EU) No 1095/2010 OF THE EUROPEAN PARLIAMENT AND OF THE COUNCIL of 24 November 2010 establishing a European Supervisory Authority (European Securities and Markets Authority), amending Decision No 716/2009/EC and repealing Commission Decision 2009/77/EC",L1,high,L1,106,20,126,80,0.396985,6108.981735,0.044889
32010R1213,32010R1213,2010,Regulation,Early 2010s,2010,COMMISSION REGULATION (EU) No 1213/2010 of 16 December 2010 establishing common rules concerning the interconnection of national electronic registers on road transport undertakings (Text with EEA relevance),L2,medium,L2,2,0,2,98,0,0,0
32011D0229,32011D0229,2011,Decision,Early 2010s,2010,COMMISSION DECISION of 4 April 2011 concerning the technical specifications of interoperability relating to the subsystem ‘rolling stock – noise’ of the trans-European conventional rail system (notified under document C(2011) 658) (Text with EEA relevance) (2011/229/EU),L2,medium,L2,1,0,1,89,0,0,0
32011D1104,32011D1104,2011,Decision,Early 2010s,2010,DECISION No 1104/2011/EU OF THE EUROPEAN PARLIAMENT AND OF THE COUNCIL of 25 October 2011 on the rules for access to the public regulated service provided by the global navigation satellite system established under the Galileo programme,L1,high,L1,2,8,10,97,0.485294,206.637007,0.066667
32011R0101R(02),32011R0101,2011,Regulation,Early 2010s,2010,"COUNCIL REGULATION (EU) No 101/2011 of 4 February 2011 concerning restrictive measures directed against certain persons, entities and bodies in view of the situation in Tunisia",L1,high,L1,6,3,9,96,1,7,0.125
32012D0699,32012D0699,2012,Decision,Early 2010s,2010,COUNCIL DECISION 2012/699/CFSP of 13 November 2012 on the Union support for the activities of the Preparatory Commission of the Comprehensive Nuclear-Test-Ban Treaty Organisation in order to strengthen its monitoring and verification capabilities and in the framework of the implementation of the EU Strategy against Proliferation of Weapons of Mass Destruction,L1,high,L1,1,2,3,77,0.75,0,0.5
32012H0724(10),32012H072410,2012,Legislative_Act,Early 2010s,2010,,L1,medium,L1,1,3,4,86,0.317507,104,0.166667
32012R1268,32012R1268,2012,Regulation,Early 2010s,2010,"COMMISSION DELEGATED REGULATION (EU) No 1268/2012 of 29 October 2012 on the rules of application of Regulation (EU, Euratom) No 966/2012 of the European Parliament and of the Council on the financial rules applicable to the general budget of the Union",L2,high,L2,3,0,3,97,0,0,0
32013R0409R(01),32013R0409,2013,Regulation,Early 2010s,2010,"COMMISSION IMPLEMENTING REGULATION (EU) No 409/2013 of 3 May 2013 on the definition of common projects, the establishment of governance and the identification of incentives supporting the implementation of the European Air Traffic Management Master Plan (Text with EEA relevance)",L2,high,L2,4,7,11,9,0.405797,95.757143,0.222222
32013R0755,32013R0755,2013,Regulation,Early 2010s,2010,COMMISSION IMPLEMENTING REGULATION (EU) No 755/2013 of 5 August 2013 establishing the standard import values for determining the entry price of certain fruit and vegetables,L2,high,L2,2,0,2,99,0,0,0.5
32014L0018,32014L0018,2014,Directive,Early 2010s,2010,COMMISSION DIRECTIVE 2014/18/EU of 29 January 2014 amending Directive 2009/43/EC of the European Parliament and of the Council as regards the list of defence-related products (Text with EEA relevance),L1,high,L1,1,0,1,88,0,0,0
32014L0032R(01),32014L0032,2014,Directive,Early 2010s,2010,DIRECTIVE 2014/32/EU OF THE EUROPEAN PARLIAMENT AND OF THE COUNCIL of 26 February 2014 on the harmonisation of the laws of the Member States relating to the making available on the market of measuring instruments (recast) (Text with EEA relevance),L1,high,L1,5,9,14,92,0.285412,54.110848,0.217949
32014L0042,32014L0042,2014,Directive,Early 2010s,2010,DIRECTIVE 2014/42/EU OF THE EUROPEAN PARLIAMENT AND OF THE COUNCIL of 3 April 2014 on the freezing and confiscation of instrumentalities and proceeds of crime in the European Union,L1,high,L1,8,7,15,97,0.542857,858.543183,0.12381
32014L0091R(03),32014L0091,2014,Directive,Early 2010s,2010,"DIRECTIVE 2014/91/EU OF THE EUROPEAN PARLIAMENT AND OF THE COUNCIL of 23 July 2014 amending Directive 2009/65/EC on the coordination of laws, regulations and administrative provisions relating to undertakings for collective investment in transferable securities (UCITS) as regards depositary functions, remuneration policies and sanctions (Text with EEA relevance)",L1,high,L1,1,14,15,80,0.345426,0,0.335165
32014R0230,32014R0230,2014,Regulation,Early 2010s,2010,REGULATION (EU) No 230/2014 OF THE EUROPEAN PARLIAMENT AND OF THE COUNCIL of 11 March 2014 establishing an instrument contributing to stability and peace Declaration by the European Commission on the strategic dialogue with the European Parliament(1),L1,high,L1,2,0,2,86,0,0,0
32014R0431,32014R0431,2014,Regulation,Early 2010s,2010,"COMMISSION REGULATION (EU) No 431/2014 of 24 April 2014 amending Regulation (EC) No 1099/2008 of the European Parliament and of the Council on energy statistics, as regards the implementation of annual statistics on energy consumption in households (Text with EEA relevance)",L1,high,L1,0,1,1,63,0.533333,0,0
32014R0702R(01),32014R0702,2014,Regulation,Early 2010s,2010,COMMISSION REGULATION (EU) No 702/2014 of 25 June 2014 declaring certain categories of aid in the agricultural and forestry sectors and in rural areas compatible with the internal market in application of Articles 107 and 108 of the Treaty on the Functioning of the European Union,L2,medium,L2,3,16,19,86,0.28125,213.900516,0.140523
32015R0757R(01),32015R0757,2015,Regulation,Late 2010s,2010,"REGULATION (EU) 2015/757 OF THE EUROPEAN PARLIAMENT AND OF THE COUNCIL of 29 April 2015 on the monitoring, reporting and verification of carbon dioxide emissions from maritime transport, and amending Directive 2009/16/EC (Text with EEA relevance)",L1,high,L1,3,6,9,63,0.542857,3.904167,0.232143
32015R1861R(03),32015R1861,2015,Regulation,Late 2010s,2010,COUNCIL REGULATION (EU) 2015/1861 of 18 October 2015 amending Regulation (EU) No 267/2012 concerning restrictive measures against Iran,L1,high,L1,2,4,6,96,0.307692,2.666667,0.4
32016R0089,32016R0089,2016,Regulation,Late 2010s,2010,COMMISSION DELEGATED REGULATION (EU) 2016/89 of 18 November 2015 amending Regulation (EU) No 347/2013 of the European Parliament and of the Council as regards the Union list of projects of common interest,L2,high,L2,1,0,1,63,0,0,0
32016R0583,32016R0583,2016,Regulation,Late 2010s,2010,COMMISSION REGULATION (EU) 2016/583 of 15 April 2016 amending Regulation (EU) No 1332/2011 laying down common airspace usage requirements and operating procedures for airborne collision avoidance (Text with EEA relevance),L2,medium,L2,0,4,4,9,0.279279,0,0.25
32016R0919,32016R0919,2016,Regulation,Late 2010s,2010,COMMISSION REGULATION (EU) 2016/919 of 27 May 2016 on the technical specification for interoperability relating to the ‘control-command and signalling’ subsystems of the rail system in the European Union (Text with EEA relevance),L2,medium,L2,3,0,3,89,0,0,0.166667
32016R1450,32016R1450,2016,Regulation,Late 2010s,2010,COMMISSION DELEGATED REGULATION (EU) 2016/1450 of 23 May 2016 supplementing Directive 2014/59/EU of the European Parliament and of the Council with regard to regulatory technical standards specifying the criteria relating to the methodology for setting the minimum requirement for own funds and eligible liabilities (Text with EEA relevance),L2,high,L2,0,6,6,80,0.319242,0,0.5
32017R0373R(08),32017R0373,2017,Regulation,Late 2010s,2010,"COMMISSION IMPLEMENTING REGULATION (EU) 2017/373 of 1 March 2017 laying down common requirements for providers of air traffic management/air navigation services and other air traffic management network functions and their oversight, repealing Regulation (EC) No 482/2008, Implementing Regulations (EU) No 1034/2011, (EU) No 1035/2011 and (EU) 2016/1377 and amending Regulation (EU) No 677/2011 (Text with EEA relevance)",L2,high,L2,7,10,17,9,0.434211,250.823413,0.191667
32017R0459R(02),32017R0459,2017,Regulation,Late 2010s,2010,COMMISSION REGULATION (EU) 2017/459 of 16 March 2017 establishing a network code on capacity allocation mechanisms in gas transmission systems and repealing Regulation (EU) No 984/2013 (Text with EEA relevance),L2,medium,L2,3,6,9,63,1,19.533333,0.25
32017R2226R(01),32017R2226,2017,Regulation,Late 2010s,2010,"REGULATION (EU) 2017/2226 OF THE EUROPEAN PARLIAMENT AND OF THE COUNCIL of 30 November 2017 establishing an Entry/Exit System (EES) to register entry and exit data and refusal of entry data of third-country nationals crossing the external borders of the Member States and determining the conditions for access to the EES for law enforcement purposes, and amending the Convention implementing the Schengen Agreement and Regulations (EC) No 767/2008 and (EU) No 1077/2011",L2,high,L2,8,25,33,97,0.285714,281.273718,0.191532
32018D0934,32018D0934,2018,Decision,Late 2010s,2010,Council Decision (EU) 2018/934 of 25 June 2018 on the putting into effect of the remaining provisions of the Schengen acquis relating to the Schengen Information System in the Republic of Bulgaria and Romania,L1,high,L1,2,4,6,97,0.45,47.2,0.3
32018L0822,32018L0822,2018,Directive,Late 2010s,2010,Council Directive (EU) 2018/822 of 25 May 2018 amending Directive 2011/16/EU as regards mandatory automatic exchange of information in the field of taxation in relation to reportable cross-border arrangements,L1,high,L1,1,10,11,96,0.2781,6.12549,0.145455
32018L1673,32018L1673,2018,Directive,Late 2010s,2010,Directive (EU) 2018/1673 of the European Parliament and of the Council of 23 October 2018 on combating money laundering by criminal law,L1,high,L1,4,14,18,97,0.257659,96.723359,0.153595
32018R0858R(02),32018R0858,2018,Regulation,Late 2010s,2010,"Regulation (EU) 2018/858 of the European Parliament and of the Council of 30 May 2018 on the approval and market surveillance of motor vehicles and their trailers, and of systems, components and separate technical units intended for such vehicles, amending Regulations (EC) No 715/2007 and (EC) No 595/2009 and repealing Directive 2007/46/EC (Text with EEA relevance.)",L1,high,L1,14,16,30,63,0.288889,1157.917364,0.168719
32018R1229R(01),32018R1229,2018,Regulation,Late 2010s,2010,Commission Delegated Regulation (EU) 2018/1229 of 25 May 2018 supplementing Regulation (EU) No 909/2014 of the European Parliament and of the Council with regard to regulatory technical standards on settlement discipline (Text with EEA relevance.),L2,high,L2,3,7,10,80,0.326895,57.642316,0.361111
32018R1727,32018R1727,2018,Regulation,Late 2010s,2010,"Regulation (EU) 2018/1727 of the European Parliament and of the Council of 14 November 2018 on the European Union Agency for Criminal Justice Cooperation (Eurojust), and replacing and repealing Council Decision 2002/187/JHA",L1,high,L1,8,30,38,97,0.284898,324.560339,0.077525
32019L2121R(01),32019L2121,2019,Directive,Late 2010s,2010,"Directive (EU) 2019/2121 of the European Parliament and of the Council of 27 November 2019 amending Directive (EU) 2017/1132 as regards cross-border conversions, mergers and divisions (Text with EEA relevance)",L1,high,L1,1,15,16,80,0.273387,0,0.109524
32019R1150R(01),32019R1150,2019,Regulation,Late 2010s,2010,Regulation (EU) 2019/1150 of the European Parliament and of the Council of 20 June 2019 on promoting fairness and transparency for business users of online intermediation services (Text with EEA relevance),L1,high,L1,5,13,18,92,0.299197,84.880392,0.191176
32019R1239,32019R1239,2019,Regulation,Late 2010s,2010,Regulation (EU) 2019/1239 of the European Parliament and of the Council of 20 June 2019 establishing a European Maritime Single Window environment and repealing Directive 2010/65/EU,L1,high,L1,7,10,17,92,0.265766,1128.009778,0.143382
32019R2243R(01),32019R2243,2019,Regulation,Late 2010s,2010,Commission Implementing Regulation (EU) 2019/2243 of 17 Decembre 2019 establishing a template for the contract summary to be used by providers of publicly available electronic communications services pursuant to Directive (EU) 2018/1972 of the European Parliament and of the Council (Text with EEA relevance),L2,high,L2,1,8,9,92,0.298777,0,0.285714
32020D0135R(01),32020D0135,2020,Decision,2020s,2020,Council Decision (EU) 2020/135 of 30 January 2020 on the conclusion of the Agreement on the withdrawal of the United Kingdom of Great Britain and Northern Ireland from the European Union and the European Atomic Energy Community (Text with EEA relevance),L1,high,L1,4,10,14,99,0.607143,93.305556,0.141026
32020R2093,32020R2093,2020,Regulation,2020s,2020,"Council Regulation (EU, Euratom) 2020/2093 of 17 December 2020 laying down the multiannual financial framework for the years 2021 to 2027",L1,high,L1,20,9,29,99,0.491525,1106.910316,0.147783
32021L1159,32021L1159,2021,Directive,2020s,2020,"Council Directive (EU) 2021/1159 of 13 July 2021 amending Directive 2006/112/EC as regards temporary exemptions on importations and on certain supplies, in response to the COVID-19 pandemic",L1,high,L1,1,5,6,96,0.34058,31,0.033333
32021R0116,32021R0116,2021,Regulation,2020s,2020,"Commission Implementing Regulation (EU) 2021/116 of 1 February 2021 on the establishment of the Common Project One supporting the implementation of the European Air Traffic Management Master Plan provided for in Regulation (EC) No 550/2004 of the European Parliament and of the Council, amending Commission Implementing Regulation (EU) No 409/2013 and repealing Commission Implementing Regulation (EU) No 716/2014 (Text with EEA relevance)",L2,high,L2,2,5,7,9,0.27176,175.107449,0.357143
32021R0965,32021R0965,2021,Regulation,2020s,2020,Commission Implementing Regulation (EU) 2021/965 of 9 June 2021 amending Implementing Regulation (EU) 2020/194 as regards the exchange of records held by taxable persons or their intermediaries and the designation of competent authorities responsible for coordinating administrative enquiries,L2,high,L2,0,5,5,96,0.379032,0,0.45
32021R1119,32021R1119,2021,Regulation,2020s,2020,Regulation (EU) 2021/1119 of the European Parliament and of the Council of 30 June 2021 establishing the framework for achieving climate neutrality and amending Regulations (EC) No 401/2009 and (EU) 2018/1999 (‘European Climate Law’),L1,high,L1,30,13,43,63,0.282121,4225.470526,0.095238
32022C1223(03),32022C122303,2022,Legislative_Act,2020s,2020,,L1,medium,L1,1,0,1,92,0,0,0
32022D2481,32022D2481,2022,Decision,2020s,2020,Decision (EU) 2022/2481 of the European Parliament and of the Council of 14 December 2022 establishing the Digital Decade Policy Programme 2030 (Text with EEA relevance),L1,high,L1,6,20,26,99,0.313577,2052.390378,0.092308
32022R0991,32022R0991,2022,Regulation,2020s,2020,"Regulation (EU) 2022/991 of the European Parliament and of the Council of 8 June 2022 amending Regulation (EU) 2016/794, as regards Europol’s cooperation with private parties, the processing of personal data by Europol in support of criminal investigations, and Europol’s role in research and innovation",L1,high,L1,0,27,27,97,0.320498,0,0.075499
32022R2578,32022R2578,2022,Regulation,2020s,2020,Council Regulation (EU) 2022/2578 of 22 December 2022 establishing a market correction mechanism to protect Union citizens and the economy against excessively high prices,L1,high,L1,1,0,1,90,0,0,0
32023D00611,32023D00611,2023,Decision,2020s,2020,Commission Decision of 20 May 2022 on the exact functions that qualify as prominent public functions in the European Union institutions and bodies,L2,medium,L2,0,5,5,80,0.26993,0,0
32023R1805,32023R1805,2023,Regulation,2020s,2020,"Regulation (EU) 2023/1805 of the European Parliament and of the Council of 13 September 2023 on the use of renewable and low-carbon fuels in maritime transport, and amending Directive 2009/16/EC (Text with EEA relevance)",L1,high,L1,4,18,22,63,0.270443,116.702377,0.140476
32023R2675,32023R2675,2023,Regulation,2020s,2020,Regulation (EU) 2023/2675 of the European Parliament and of the Council of 22 November 2023 on the protection of the Union and its Member States from economic coercion by third countries,L1,high,L1,0,14,14,99,0.257755,0,0.049451
32024D1677,32024D1677,2024,Decision,2020s,2020,Council Decision (EU) 2024/1677 of 30 May 2024 on the approval of the withdrawal of the European Atomic Energy Community from the Energy Charter Treaty,L1,high,L1,0,1,1,63,0.516129,0,0
32024D1981,32024D1981,2024,Decision,2020s,2020,Council Decision (CFSP) 2024/1981 of 15 July 2024 appointing the Chairman of the Military Committee of the European Union,L1,high,L1,0,1,1,1,0.571429,0,0
32024D2010,32024D2010,2024,Decision,2020s,2020,Council Decision (CFSP) 2024/2010 of 22 July 2024 on an assistance measure under the European Peace Facility to support the Armed Forces of the Republic of Armenia,L1,high,L1,0,5,5,77,0.195501,0,0.2
32024L2841,32024L2841,2024,Directive,2020s,2020,Directive (EU) 2024/2841 of the European Parliament and of the Council of 23 October 2024 establishing the European Disability Card and the European Parking Card for persons with disabilities (Text with EEA relevance),L1,high,L1,1,24,25,99,0.316056,547,0.061667
32024R0751,32024R0751,2024,Regulation,2020s,2020,Commission Delegated Regulation (EU) 2024/751 of 11 December 2023 amending Regulation (EU) No 1315/2013 of the European Parliament and of the Council as regards the indicative maps of the trans-European transport network,L2,high,L2,1,0,1,9,0,0,0
61992CJ0278,61992CJ0278,1992,Case_Law,Pre-Maastricht,1990,,L4,high,L4,10,0,10,89,0,0,0.011111
61996TJ0102,61996TJ0102,1996,Case_Law,1990s,1990,"Judgment of the Court of First Instance (Fifth Chamber, extended composition) of 25 March 1999.#Gencor Ltd v Commission of the European Communities.#Competition - Regulation (EEC) No 4064/89 - Decision declaring a concentration incompatible with the common market - Action for annulment - Admissibility - Legal interest in bringing proceedings - Territorial scope of Regulation (EEC) No 4064/89 - Collective dominant position - Commitments.#Case T-102/96.",L4,high,L4,1,0,1,19,0,0,0
61998CJ0083,61998CJ0083,1998,Case_Law,1990s,1990,,L4,high,L4,2,0,2,89,0,0,0
61998CJ0379,61998CJ0379,1998,Case_Law,1990s,1990,"Judgment of the Court of 13 March 2001.#PreussenElektra AG v Schhleswag AG, in the presence of Windpark Reußenköge III GmbH and Land Schleswig-Holstein.#Reference for a preliminary ruling: Landgericht Kiel - Germany.#Electricity - Renewable sources of energy - National legislation requiring electricity supply undertakings to purchase electricity at minimum prices and apportioning the resulting costs between those undertakings and upstream network operators - State aid - Compatibility with the free movement of goods.#Case C-379/98.",L4,high,L4,2,0,2,89,0,0,0
62000CJ0280,62000CJ0280,2000,Case_Law,Early 2000s,2000,"Judgment of the Court of 24 July 2003.#Altmark Trans GmbH and Regierungspräsidium Magdeburg v Nahverkehrsgesellschaft Altmark GmbH, and Oberbundesanwalt beim Bundesverwaltungsgericht.#Reference for a preliminary ruling: Bundesverwaltungsgericht - Germany.#Regulation (EEC) No 1191/69 - Operation of urban, suburban and regional scheduled transport services - Public subsidies - Concept of State aid - Compensation for discharging public service obligations.#Case C-280/00.",L4,high,L4,10,0,10,89,0,0,0.033333
62007CJ0169,62007CJ0169,2007,Case_Law,Late 2000s,2000,Judgment of the Court (Grand Chamber) of 10 March 2009.#Hartlauer Handelsgesellschaft mbH v Wiener Landesregierung and Oberösterreichische Landesregierung.#Reference for a preliminary ruling: Verwaltungsgerichtshof - Austria.#Freedom of establishment - Social security - National health system financed by the State - System of benefits in kind - System of reimbursement of costs paid by the person insured - Authorisation to set up a private outpatient dental clinic - Criterion of assessment of the need to set up a health institution - Objective of maintaining a balanced high-quality medical or hospital service open to all - Objective of preventing a risk of serious harm to the financial balance of the social security system - Consistency - Proportionality.#Case C-169/07.,L4,high,L4,1,0,1,92,0,0,0
62010TJ0029,62010TJ0029,2010,Case_Law,Early 2010s,2010,"Judgment of the General Court (First Chamber), 2 March 2012.#Kingdom of the Netherlands and ING Groep NV v European Commission.#State aid — Financial sector — Aid designed to remedy a serious disturbance in the economy of a Member State — Capital injection with repayment or share conversion options conferred on the aid recipient — Amendment to the repayment terms during the administrative procedure — Decision declaring the aid compatible with the common market — Concept of State aid — Advantage — Private investor test — Necessary and proportionate relationship between the amount of aid and the extent of measures intended to ensure compatibility of the aid.#Cases T-29/10 and T-33/10.",L4,high,L4,1,0,1,80,0,0,0
62013TJ0305,62013TJ0305,2013,Case_Law,Early 2010s,2010,Judgment of the General Court (Seventh Chamber) of 25 June 2015.#Servizi assicurativi del commercio estero SpA (SACE) and Sace BT SpA v European Commission.#State aid — Export-credit insurance — Reinsurance cover provided by a public undertaking to its subsidiary — Capital contributions to cover the subsidiary’s losses — Concept of State aid — Imputability to the State — Private investor test — Obligation to state reasons.#Case T-305/13.,L4,high,L4,1,0,1,89,0,0,0
62014CJ0524,62014CJ0524,2014,Case_Law,Early 2010s,2010,Judgment of the Court (Grand Chamber) of 21 December 2016.#European Commission v Hansestadt Lübeck.#Appeal — State aid — Airport charges — Article 108(2) TFEU — Fourth paragraph of Article 263 TFEU — Decision to initiate the formal investigation procedure — Admissibility of an action for annulment — Person individually concerned — Legal interest in bringing proceedings — Article 107(1) TFEU — Condition relating to selectivity.#Case C-524/14 P.,L4,high,L4,1,0,1,89,0,0,0
11951K009,11951K009,1951,Treaty,Pre-Treaty of Rome,1950,,L1,high,L1,2,0,2,91,0,0,0
11957E090,11957E090,1957,Treaty,Pre-Treaty of Rome,1950,,L1,high,L1,1,0,1,89,0,0,0
11979HN01/04,11979HN0104,1979,Treaty,Pre-Single European Act,1970,,L1,high,L1,1,0,1,89,0,0,0
11992E007A,11992E007A,1992,Treaty,Pre-Maastricht,1990,,L1,high,L1,2,0,2,92,0,0,0
11992E073C,11992E073C,1992,Treaty,Pre-Maastricht,1990,,L1,high,L1,2,0,2,63,0,0,0
11992MK03,11992MK03,1992,Treaty,Pre-Maastricht,1990,,L1,high,L1,1,0,1,63,0,0,0
11997M014,11997M014,1997,Treaty,1990s,1990,,L1,high,L1,1,0,1,77,0,0,0
12005S/TTE/04,12005STTE04,2005,Treaty,Late 2000s,2000,,L1,high,L1,1,0,1,92,0,0,0
12007L/TXT,12007LTXT,2007,Treaty,Late 2000s,2000,,L1,high,L1,9,0,9,99,0,0,0.125
12012A203,12012A203,2012,Treaty,Early 2010s,2010,,L1,high,L1,1,0,1,99,0,0,0
12012E053,12012E053,2012,Treaty,Early 2010s,2010,,L1,high,L1,10,0,10,80,0,0,0.133333
12012E091,12012E091,2012,Treaty,Early 2010s,2010,,L1,high,L1,8,0,8,89,0,0,0.160714
12012E352,12012E352,2012,Treaty,Early 2010s,2010,,L1,high,L1,1,0,1,99,0,0,0
12012M029,12012M029,2012,Treaty,Early 2010s,2010,,L1,high,L1,5,0,5,96,0,0,0.05
12016A/PRO/01,12016APRO01,2016,Treaty,Late 2010s,2010,,L1,high,L1,8,0,8,99,0,0,0
12016E/PRO/36,12016EPRO36,2016,Treaty,Late 2010s,2010,,L1,high,L1,1,0,1,80,0,0,0
12016E057,12016E057,2016,Treaty,Late 2010s,2010,,L1,high,L1,5,0,5,99,0,0,0
12016E102,12016E102,2016,Treaty,Late 2010s,2010,,L1,high,L1,21,0,21,63,0,0,0.02381
12016E107,12016E107,2016,Treaty,Late 2010s,2010,,L1,high,L1,38,0,38,89,0,0,0.044097
12016E194,12016E194,2016,Treaty,Late 2010s,2010,,L1,high,L1,28,0,28,63,0,0,0.103175
12016E217,12016E217,2016,Treaty,Late 2010s,2010,,L1,high,L1,5,0,5,99,0,0,0.2
12016E226,12016E226,2016,Treaty,Late 2010s,2010,,L1,high,L1,4,0,4,80,0,0,0.083333
12016E258,12016E258,2016,Treaty,Late 2010s,2010,,L1,high,L1,18,0,18,99,0,0,0.068627
12016M037,12016M037,2016,Treaty,Late 2010s,2010,,L1,high,L1,6,0,6,77,0,0,0.033333
12016M050,12016M050,2016,Treaty,Late 2010s,2010,,L1,high,L1,8,0,8,99,0,0,0.035714
31965L0269,31965L0269,1965,Directive,Pre-Single European Act,1960,,L1,low,L1,1,0,1,89,0,0,0
31969R1192,31969R1192,1969,Regulation,Pre-Single European Act,1960,,L1,low,L1,2,0,2,89,0,0,0
31978L0473,31978L0473,1978,Directive,Pre-Single European Act,1970,,L1,low,L1,2,0,2,80,0,0,0.5
31979R2784,31979R2784,1979,Regulation,Pre-Single European Act,1970,,L1,low,L1,2,0,2,14,0,0,0
31983R1972,31983R1972,1983,Regulation,Pre-Single European Act,1980,,L1,low,L1,1,0,1,19,0,0,0
31991L0263,31991L0263,1991,Directive,Pre-Maastricht,1990,,L1,low,L1,7,0,7,19,0,0,0
31992R2913,31992R2913,1992,Regulation,Pre-Maastricht,1990,,L1,low,L1,11,0,11,96,0,0,0.018182
31993D0247,31993D0247,1993,Decision,1990s,1990,,L2,low,L2,1,3,4,19,0.5625,7,0.25
31994Y1105(01),31994Y110501,1994,Legislative_Act,1990s,1990,,L1,medium,L1,2,0,2,57,0,0,0.5
31995F1127(03),31995F112703,1995,Legislative_Act,1990s,1990,,L1,medium,L1,3,0,3,92,0,0,0.166667
31998D0022,31998D0022,1998,Decision,1990s,1990,,L2,low,L2,1,0,1,98,0,0,0
31998E0240,31998E0240,1998,Legislative_Act,1990s,1990,,L1,medium,L1,1,0,1,96,0,0,0
31998F0733,31998F0733,1998,Legislative_Act,1990s,1990,,L1,medium,L1,1,0,1,80,0,0,0
31998L0034,31998L0034,1998,Directive,1990s,1990,,L1,low,L1,16,0,16,92,0,0,0.05
31999M1349,31999M1349,1999,Legislative_Act,1990s,1990,,L1,medium,L1,1,1,2,19,1,0,0.5
31999Q0531,31999Q0531,1999,Legislative_Act,1990s,1990,,L1,medium,L1,12,1,13,97,1,3.326601,0.083333
31999Y0618(02),31999Y061802,1999,Legislative_Act,1990s,1990,,L1,medium,L1,3,0,3,98,0,0,0.166667
32001D0718,32001D0718,2001,Decision,Early 2000s,2000,,L2,low,L2,0,2,2,19,0.434783,0,0.5
32001H0703(01),32001H070301,2001,Legislative_Act,Early 2000s,2000,,L1,medium,L1,1,0,1,19,0,0,0
32002L0021,32002L0021,2002,Directive,Early 2000s,2000,,L1,low,L1,28,0,28,19,0,0,0.051587
32003L0109R(03),32003L0109,2003,Directive,Early 2000s,2000,,L1,low,L1,6,6,12,97,0.692308,1901.4015,0.163636
32003R0001R(03),32003R0001,2003,Regulation,Early 2000s,2000,,L1,low,L1,10,6,16,89,0.692308,5098.286469,0.1
32004D0676,32004D0676,2004,Decision,Early 2000s,2000,COUNCIL DECISION of 24 September 2004 concerning the Staff Regulations of the European Defence Agency (2004/676/EC),L1,high,L1,1,0,1,97,0,0,0
32004L0025,32004L0025,2004,Directive,Early 2000s,2000,DIRECTIVE 2004/25/EC OF THE EUROPEAN PARLIAMENT AND OF THE COUNCIL of 21 April 2004 on takeover bids (Text with EEA relevance),L1,high,L1,12,1,13,80,1,121.105314,0.147436
32004L0052,32004L0052,2004,Directive,Early 2000s,2000,,L1,low,L1,4,0,4,98,0,0,0.083333
32004R0805R(07),32004R0805,2004,Regulation,Early 2000s,2000,,L1,low,L1,5,5,10,97,0.666667,21.240528,0.222222
32005D0418,32005D0418,2005,Decision,Late 2000s,2000,COMMISSION DECISION of 7 July 2004 on the aid measures implemented by France for Alstom (notified under document number C(2004) 2532) (Only the French version is authentic) (Text with EEA relevance) (2005/418/EC),L2,medium,L2,1,6,7,89,0.425,63,0
32005D0842,32005D0842,2005,Decision,Late 2000s,2000,COMMISSION DECISION of 28 November 2005 on the application of Article 86(2) of the EC Treaty to State aid in the form of public service compensation granted to certain undertakings entrusted with the operation of services of general economic interest (notified under document number C(2005) 2673) (2005/842/EC),L2,medium,L2,3,0,3,89,0,0,0
32005D0852,32005D0852,2005,Decision,Late 2000s,2000,COUNCIL DECISION 2005/852/CFSP of 29 November 2005 for the destruction of small arms and light weapons (SALW) and their ammunition in Ukraine,L1,high,L1,0,1,1,77,0.6,0,0
32006L0001,32006L0001,2006,Directive,Late 2000s,2000,DIRECTIVE 2006/1/EC OF THE EUROPEAN PARLIAMENT AND OF THE COUNCIL of 18 January 2006 on the use of vehicles hired without drivers for the carriage of goods by road (codified version) (Text with EEA relevance),L1,high,L1,1,2,3,92,1,3.242857,0
32008R0216,32008R0216,2008,Regulation,Late 2000s,2000,"REGULATION (EC) No 216/2008 OF THE EUROPEAN PARLIAMENT AND OF THE COUNCIL of 20 February 2008 on common rules in the field of civil aviation and establishing a European Aviation Safety Agency, and repealing Council Directive 91/670/EEC, Regulation (EC) No 1592/2002 and Directive 2004/36/EC (Text with EEA relevance)",L1,high,L1,16,0,16,9,0,0,0.079167
32009R0223,32009R0223,2009,Regulation,Late 2000s,2000,"Regulation (EC) No 223/2009 of the European Parliament and of the Council of 11 March 2009 on European statistics and repealing Regulation (EC, Euratom) No 1101/2008 of the European Parliament and of the Council on the transmission of data subject to statistical confidentiality to the Statistical Office of the European Communities, Council Regulation (EC) No 322/97 on Community Statistics, and Council Decision 89/382/EEC, Euratom establishing a Committee on the Statistical Programmes of the European Communities (Text with relevance for the EEA and for Switzerland)",L1,high,L1,24,11,35,92,0.452381,12963.356159,0.047899
32009R0428,32009R0428,2009,Regulation,Late 2000s,2000,"COUNCIL REGULATION (EC) No 428/2009 of 5 May 2009 setting up a Community regime for the control of exports, transfer, brokering and transit of dual-use items (Recast)",L1,high,L1,15,5,20,96,0.571429,340.663048,0.084211
32011D0505(01),32011D050501,2011,Decision,Early 2010s,2010,,L2,low,L2,0,3,3,98,0.438356,0,0
32011D0665,32011D0665,2011,Decision,Early 2010s,2010,COMMISSION IMPLEMENTING DECISION of 4 October 2011 on the European register of authorised types of railway vehicles (notified under document C(2011) 6974) (Text with EEA relevance) (2011/665/EU),L2,high,L2,2,1,3,89,1,0,0.333333
32011D0890,32011D0890,2011,Decision,Early 2010s,2010,"COMMISSION IMPLEMENTING DECISION of 22 December 2011 providing the rules for the establishment, the management and the functioning of the network of national responsible authorities on eHealth (2011/890/EU)",L2,high,L2,1,0,1,97,0,0,0
32011L0093R(03),32011L0093,2011,Directive,Early 2010s,2010,"Directive 2011/93/EU of the European Parliament and of the Council of 13 December 2011 on combating the sexual abuse and sexual exploitation of children and child pornography, and replacing Council Framework Decision 2004/68/JHA",L1,high,L1,14,5,19,97,0.7,1145.436095,0.111111
32011R1178R(13),32011R1178,2011,Regulation,Early 2010s,2010,COMMISSION REGULATION (EU) No 1178/2011 of 3 November 2011 laying down technical requirements and administrative procedures related to civil aviation aircrew pursuant to Regulation (EC) No 216/2008 of the European Parliament and of the Council (Text with EEA relevance),L1,high,L1,6,2,8,9,1,0.783333,0.261905
32012H0148,32012H0148,2012,Legislative_Act,Early 2010s,2010,COMMISSION RECOMMENDATION of 9 March 2012 on preparations for the roll-out of smart metering systems (2012/148/EU),L3,high,L3,0,5,5,97,0.608696,0,0.05
32012H0724(27),32012H072427,2012,Legislative_Act,Early 2010s,2010,,L1,medium,L1,1,2,3,86,0.75,0,0.333333
32012R0244R(01),32012R0244,2012,Regulation,Early 2010s,2010,COMMISSION DELEGATED REGULATION (EU) No 244/2012 of 16 January 2012 supplementing Directive 2010/31/EU of the European Parliament and of the Council on the energy performance of buildings by establishing a comparative methodology framework for calculating cost-optimal levels of minimum energy performance requirements for buildings and building elements (Text with EEA relevance),L2,high,L2,2,4,6,63,0.314815,0,0.35
32012R0919,32012R0919,2012,Regulation,Early 2010s,2010,COMMISSION DELEGATED REGULATION (EU) No 919/2012 of 5 July 2012 supplementing Regulation (EU) No 236/2012 of the European Parliament and of the Council on short selling and certain aspects of credit default swaps with regard to regulatory technical standards for the method of calculation of the fall in value for liquid shares and other financial instruments (Text with EEA relevance),L2,high,L2,2,4,6,80,0.279642,0.5,0.35
32013D0488R(01),32013D0488,2013,Decision,Early 2010s,2010,COUNCIL DECISION of 23 September 2013 on the security rules for protecting EU classified information (2013/488/EU),L1,high,L1,20,4,24,77,1,1027.903175,0.075099
32013R0883R(01),32013R0883,2013,Regulation,Early 2010s,2010,"REGULATION (EU, EURATOM) No 883/2013 OF THE EUROPEAN PARLIAMENT AND OF THE COUNCIL of 11 September 2013 concerning investigations conducted by the European Anti-Fraud Office (OLAF) and repealing Regulation (EC) No 1073/1999 of the European Parliament and of the Council and Council Regulation (Euratom) No 1074/1999",L1,high,L1,48,3,51,99,1,167.767709,0.079592
32014D0248,32014D0248,2014,Decision,Early 2010s,2010,COMMISSION IMPLEMENTING DECISION of 28 April 2014 on the recognition of the legal and supervisory framework of Singapore as equivalent to the requirements of Regulation (EC) No 1060/2009 of the European Parliament and of the Council on credit rating agencies (Text with EEA relevance) (2014/248/EU),L2,high,L2,2,0,2,80,0,0,0
32014D0705(01),32014D070501,2014,Decision,Early 2010s,2010,,L2,low,L2,0,2,2,80,0.258065,0,0.5
32014R0231,32014R0231,2014,Regulation,Early 2010s,2010,REGULATION (EU) No 231/2014 OF THE EUROPEAN PARLIAMENT AND OF THE COUNCIL of 11 March 2014 establishing an Instrument for Pre-accession Assistance (IPA II),L1,high,L1,1,0,1,86,0,0,0
32014R1348,32014R1348,2014,Regulation,Early 2010s,2010,COMMISSION IMPLEMENTING REGULATION (EU) No 1348/2014 of 17 December 2014 on data reporting implementing Article 8(2) and Article 8(6) of Regulation (EU) No 1227/2011 of the European Parliament and of the Council on wholesale energy market integrity and transparency (Text with EEA relevance),L2,high,L2,2,10,12,63,0.306686,68.669603,0.212121
32015D1584,32015D1584,2015,Decision,Late 2010s,2010,COMMISSION DECISION (EU) 2015/1584 of 1 October 2014 on State aid SA.23098 (C 37/07) (ex NN 36/07) implemented by Italy in favour of Società di Gestione dell'Aeroporto di Alghero So.Ge.A.AL S.p.A. and various air carriers operating at Alghero airport (notified under document C(2014) 6838) (Only the English text is authentic) (Text with EEA relevance),L2,medium,L2,0,30,30,89,0.433333,0,0.008046
32015L2302R(01),32015L2302,2015,Directive,Late 2010s,2010,"DIRECTIVE (EU) 2015/2302 OF THE EUROPEAN PARLIAMENT AND OF THE COUNCIL of 25 November 2015 on package travel and linked travel arrangements, amending Regulation (EC) No 2006/2004 and Directive 2011/83/EU of the European Parliament and of the Council and repealing Council Directive 90/314/EEC",L1,high,L1,2,14,16,92,0.382353,117.276312,0.095238
32016O0045,32016O0045,2016,Legislative_Act,Late 2010s,2010,GUIDELINE (EU) 2017/148 OF THE EUROPEAN CENTRAL BANK of 16 December 2016 amending Guideline ECB/2014/15 on monetary and financial statistics (ECB/2016/45),L3,high,L3,1,0,1,80,0,0,0
32016R0799R(03),32016R0799,2016,Regulation,Late 2010s,2010,"COMMISSION IMPLEMENTING REGULATION (EU) 2016/799 of 18 March 2016 implementing Regulation (EU) No 165/2014 of the European Parliament and of the Council laying down the requirements for the construction, testing, installation, operation and repair of tachographs and their components (Text with EEA relevance)",L2,high,L2,6,5,11,98,0.301887,62.805556,0.188889
32016R1969,32016R1969,2016,Regulation,Late 2010s,2010,"COMMISSION DELEGATED REGULATION (EU) 2016/1969 of 12 September 2016 amending Council Regulation (EC) No 428/2009 setting up a Community regime for the control of exports, transfer, brokering and transit of dual-use items",L2,high,L2,1,0,1,96,0,0,0
32017L0541R(02),32017L0541,2017,Directive,Late 2010s,2010,DIRECTIVE (EU) 2017/541 OF THE EUROPEAN PARLIAMENT AND OF THE COUNCIL of 15 March 2017 on combating terrorism and replacing Council Framework Decision 2002/475/JHA and amending Council Decision 2005/671/JHA,L1,high,L1,15,20,35,97,0.271548,2239.169027,0.127451
32017R1939R(03),32017R1939,2017,Regulation,Late 2010s,2010,COUNCIL REGULATION (EU) 2017/1939 of 12 October 2017 implementing enhanced cooperation on the establishment of the European Public Prosecutor’s Office (‘the EPPO’),L2,high,L2,34,40,74,99,0.32581,28298.736075,0.087709
32017R2061,32017R2061,2017,Regulation,Late 2010s,2010,COUNCIL REGULATION (EU) 2017/2061 of 13 November 2017 amending Regulation (EC) No 2580/2001 on specific restrictive measures directed against certain persons and entities with a view to combating terrorism,L1,high,L1,0,3,3,96,0.6,0,0.166667
32018D0817,32018D0817,2018,Decision,Late 2010s,2010,"Council Decision (EU) 2018/817 of 22 May 2018 on the position to be adopted, on behalf of the European Union, within the EEA Joint Committee concerning the amendment of Annex IX (Financial services) to the EEA Agreement (EMIR Level 2 Acts)",L1,high,L1,0,9,9,80,0.275,0,0.041667
32018O0017,32018O0017,2018,Legislative_Act,Late 2010s,2010,Guideline (EU) 2018/877 of the European Central Bank of 1 June 2018 amending Guideline ECB/2014/15 on monetary and financial statistics (ECB/2018/17),L3,high,L3,1,0,1,80,0,0,0
32018R0212,32018R0212,2018,Regulation,Late 2010s,2010,"COMMISSION DELEGATED REGULATION (EU) 2018/212 of 13 December 2017 amending Delegated Regulation (EU) 2016/1675 supplementing Directive (EU) 2015/849 of the European Parliament and of the Council, as regards adding Sri Lanka, Trinidad and Tobago, and Tunisia to the table in point I of the Annex (Text with EEA relevance)",L2,high,L2,0,1,1,80,0.265823,0,0
32018R0762R(01),32018R0762,2018,Regulation,Late 2010s,2010,COMMISSION DELEGATED REGULATION (EU) 2018/762 of 8 March 2018 establishing common safety methods on safety management system requirements pursuant to Directive (EU) 2016/798 of the European Parliament and of the Council and repealing Commission Regulations (EU) No 1158/2010 and (EU) No 1169/2010 (Text with EEA relevance),L2,high,L2,4,7,11,89,0.218675,8.801166,0.277778
32019L2177R(02),32019L2177,2019,Directive,Late 2010s,2010,"Directive (EU) 2019/2177 of the European Parliament and of the Council of 18 December 2019 amending Directive 2009/138/EC on the taking-up and pursuit of the business of Insurance and Reinsurance (Solvency II), Directive 2014/65/EU on markets in financial instruments and Directive (EU) 2015/849 on the prevention of the use of the financial system for the purposes of money-laundering or terrorist financing (Text with EEA relevance)",L1,high,L1,2,13,15,80,0.325175,7.468097,0.197802
32019R0123,32019R0123,2019,Regulation,Late 2010s,2010,Commission Implementing Regulation (EU) 2019/123 of 24 January 2019 laying down detailed rules for the implementation of air traffic management (ATM) network functions and repealing Commission Regulation (EU) No 677/2011Text with EEA relevance.,L2,high,L2,10,9,19,9,0.4375,243.808333,0.137427
32019R0125R(01),32019R0125,2019,Regulation,Late 2010s,2010,"Regulation (EU) 2019/125 of the European Parliament and of the Council of 16 January 2019 concerning trade in certain goods which could be used for capital punishment, torture or other cruel, inhuman or degrading treatment or punishment (codification)",L1,high,L1,5,16,21,99,0.266867,1736.4473,0.126316
32019R0876R(11),32019R0876,2019,Regulation,Late 2010s,2010,"Regulation (EU) 2019/876 of the European Parliament and of the Council of 20 May 2019 amending Regulation (EU) No 575/2013 as regards the leverage ratio, the net stable funding ratio, requirements for own funds and eligible liabilities, counterparty credit risk, market risk, exposures to central counterparties, exposures to collective investment undertakings, large exposures, reporting and disclosure requirements, and Regulation (EU) No 648/2012 (Text with EEA relevance.)",L1,high,L1,9,28,37,80,0.335175,1844.711938,0.162698
32019R1020R(01),32019R1020,2019,Regulation,Late 2010s,2010,Regulation (EU) 2019/1020 of the European Parliament and of the Council of 20 June 2019 on market surveillance and compliance of products and amending Directive 2004/42/EC and Regulations (EC) No 765/2008 and (EU) No 305/2011 (Text with EEA relevance.),L1,high,L1,12,30,42,92,0.288099,2455.516796,0.121951
32019R1111R(06),32019R1111,2019,Regulation,Late 2010s,2010,"Council Regulation (EU) 2019/1111 of 25 June 2019 on jurisdiction, the recognition and enforcement of decisions in matrimonial matters and the matters of parental responsibility, and on international child abduction (recast)",L1,high,L1,2,16,18,97,0.289256,6.055769,0.117647
32019R2014R(03),32019R2014,2019,Regulation,Late 2010s,2010,Commission Delegated Regulation (EU) 2019/2014 of 11 March 2019 supplementing Regulation (EU) 2017/1369 of the European Parliament and of the Council with regard to energy labelling of household washing machines and household washer-dryers and repealing Commission Delegated Regulation (EU) No 1061/2010 and Commission Directive 96/60/EC (Text with EEA relevance.),L2,high,L2,2,6,8,92,0.311871,0,0.380952
32020R0194,32020R0194,2020,Regulation,2020s,2020,"Commission Implementing Regulation (EU) 2020/194 of 12 February 2020 laying down detailed rules for the application of Council Regulation (EU) No 904/2010 as regards the special schemes for taxable persons supplying services to non-taxable persons, making distance sales of goods and certain domestic supplies of goods",L2,high,L2,2,4,6,96,0.373984,0,0.433333
32020R1044,32020R1044,2020,Regulation,2020s,2020,Commission Delegated Regulation (EU) 2020/1044 of 8 May 2020 supplementing Regulation (EU) 2018/1999 of the European Parliament and of the Council with regard to values for global warming potentials and the inventory guidelines and with regard to the Union inventory system and repealing Commission Delegated Regulation (EU) No 666/2014 (Text with EEA relevance),L2,high,L2,0,2,2,63,0.281453,0,0.5
32020R1503R(01),32020R1503,2020,Regulation,2020s,2020,"Regulation (EU) 2020/1503 of the European Parliament and of the Council of 7 October 2020 on European crowdfunding service providers for business, and amending Regulation (EU) 2017/1129 and Directive (EU) 2019/1937 (Text with EEA relevance)",L1,high,L1,4,25,29,80,0.32509,672.336034,0.179894
32020R2011,32020R2011,2020,Regulation,2020s,2020,Regulation (EU) 2020/2011 of the European Central Bank of 1 December 2020 amending Regulation (EU) No 1409/2013 on payments statistics (ECB/2013/43) (ECB/2020/59),L1,low,L1,0,7,7,80,0.281991,0,0.071429
32021D1038,32021D1038,2021,Decision,2020s,2020,Commission Decision (EU) 2021/1038 of 23 June 2021 granting a transitional period to the Kingdom of the Netherlands pursuant to Decision 2008/477/EC as regards an update of relevant technical conditions applicable to the 2500-2690 MHz frequency band (notified under document C(2021) 4433) (Only the Dutch text is authentic),L2,medium,L2,0,2,2,19,0.275168,0,0.5
32021D1115(01),32021D111501,2021,Decision,2020s,2020,,L2,low,L2,0,8,8,97,0.235448,0,0.053571
32021D1764,32021D1764,2021,Decision,2020s,2020,"Council Decision (EU) 2021/1764 of 5 October 2021 on the association of the Overseas Countries and Territories with the European Union including relations between the European Union on the one hand, and Greenland and the Kingdom of Denmark on the other (Decision on the Overseas Association, including Greenland)",L1,high,L1,1,23,24,99,0.240435,134.883333,0.065217
32021R0241R(05),32021R0241,2021,Regulation,2020s,2020,Regulation (EU) 2021/241 of the European Parliament and of the Council of 12 February 2021 establishing the Recovery and Resilience Facility,L1,high,L1,16,22,38,99,0.33462,1855.291777,0.138138
32021R0695R(02),32021R0695,2021,Regulation,2020s,2020,"Regulation (EU) 2021/695 of the European Parliament and of the Council of 28 April 2021 establishing Horizon Europe – the Framework Programme for Research and Innovation, laying down its rules for participation and dissemination, and repealing Regulations (EU) No 1290/2013 and (EU) No 1291/2013 (Text with EEA relevance)",L1,high,L1,28,32,60,99,0.301604,4730.272592,0.115547
32021R1349,32021R1349,2021,Regulation,2020s,2020,Commission Delegated Regulation (EU) 2021/1349 of 6 May 2021 supplementing Regulation (EU) 2016/1011 of the European Parliament and of the Council with regard to regulatory technical standards specifying the criteria for the competent authorities’ compliance assessment regarding the mandatory administration of a critical benchmark (Text with EEA relevance),L2,high,L2,0,3,3,80,0.268812,0,0.5
32022D2441,32022D2441,2022,Decision,2020s,2020,"Council Decision (CFSP) 2022/2441 of 12 December 2022 amending Joint Action 2008/851/CFSP on a European Union military operation to contribute to the deterrence, prevention and repression of acts of piracy and armed robbery off the Somali coast",L1,high,L1,0,3,3,77,0.194875,0,0.333333
32022R0229,32022R0229,2022,Regulation,2020s,2020,"Commission Delegated Regulation (EU) 2022/229 of 7 January 2022 on amending Delegated Regulation (EU) 2016/1675 supplementing Directive (EU) 2015/849 of the European Parliament and of the Council, as regards adding Burkina Faso, Cayman Islands, Haiti, Jordan, Mali, Morocco, the Philippines, Senegal, and South Sudan to the table in point I of the Annex and deleting the Bahamas, Botswana, Ghana, Iraq and Mauritius from this table (Text with EEA relevance)",L2,high,L2,0,2,2,80,0.254615,0,0.5
32022R0466,32022R0466,2022,Regulation,2020s,2020,Commission Delegated Regulation (EU) 2022/466 of 17 December 2021 supplementing Regulation (EU) No 600/2014 of the European Parliament and of the Council by specifying criteria for derogation of the principle that approved publication arrangements and approved reporting mechanisms are supervised by the European Securities Markets Authority (Text with EEA relevance),L2,high,L2,0,3,3,80,0.269932,0,0.666667
32022R2059,32022R2059,2022,Regulation,2020s,2020,Commission Delegated Regulation (EU) 2022/2059 of 14 June 2022 supplementing Regulation (EU) No 575/2013 of the European Parliament and of the Council with regard to regulatory technical standards specifying the technical details of back-testing and profit and loss attribution requirements under Articles 325bf and 325bg of Regulation (EU) No 575/2013 (Text with EEA relevance),L2,high,L2,1,2,3,80,0.294221,0,0.5
32023D0231,32023D0231,2023,Decision,2020s,2020,Council Decision (CFSP) 2023/231 of 2 February 2023 on an assistance measure under the European Peace Facility to support the Ukrainian Armed Forces trained by the European Union Military Assistance Mission in support of Ukraine,L1,high,L1,0,5,5,77,0.195501,0,0.2
32023D0810,32023D0810,2023,Decision,2020s,2020,"Council Decision (CFSP) 2023/810 of 13 April 2023 amending Decision (CFSP) 2022/338 on an assistance measure under the European Peace Facility for the supply to the Ukrainian Armed Forces of military equipment, and platforms, designed to deliver lethal force",L1,high,L1,0,6,6,77,0.196162,0,0.466667
32023D2505,32023D2505,2023,Decision,2020s,2020,"Council Decision (EU) 2023/2505 of 26 July 2022 on the position to be taken on behalf of the European Union within the Trade Specialised Committee on Customs Cooperation and Rules of Origin as regards the consultation laid down in Article 63(3) of the Trade and Cooperation Agreement between the European Union and the European Atomic Energy Community, of the one part, and the United Kingdom of Great Britain and Northern Ireland, of the other part",L1,high,L1,0,3,3,99,0.345679,0,0.166667
32023R0138,32023R0138,2023,Regulation,2020s,2020,Commission Implementing Regulation (EU) 2023/138 of 21 December 2022 laying down a list of specific high-value datasets and the arrangements for their publication and re-use (Text with EEA relevance),L2,high,L2,2,4,6,97,0.248575,9.564103,0.166667
32023R0363R(01),32023R0363,2023,Regulation,2020s,2020,Commission Delegated Regulation (EU) 2023/363 of 31 October 2022 amending and correcting the regulatory technical standards laid down in Delegated Regulation (EU) 2022/1288 as regards the content and presentation of information in relation to disclosures in pre-contractual documents and periodic reports for financial products investing in environmentally sustainable economic activities (Text with EEA relevance),L2,high,L2,1,9,10,80,0.280545,0,0.347222
32023R2606,32023R2606,2023,Regulation,2020s,2020,Commission Implementing Regulation (EU) 2023/2606 of 22 November 2023 amending Implementing Regulation (EU) 2020/1001 laying down detailed rules for the application of Directive 2003/87/EC of the European Parliament and of the Council as regards the operation of the Modernisation Fund supporting investments to modernise the energy systems and to improve energy efficiency of certain Member States,L2,high,L2,0,3,3,63,0.272438,0,0.166667
32024D1455,32024D1455,2024,Decision,2020s,2020,Council Decision (CFSP) 2024/1455 of 21 May 2024 on an assistance measure under the European Peace Facility to support the Beninese Armed Forces,L1,high,L1,0,5,5,77,0.195501,0,0.2
32025D0208,32025D0208,2025,Decision,2020s,2020,Council Decision (CFSP) 2025/208 of 30 January 2025 in support of a project on the promotion of effective arms export controls,L1,high,L1,0,5,5,77,0.152493,0,0.25
32025D0391,32025D0391,2025,Decision,2020s,2020,Council Decision (CFSP) 2025/391 of 24 February 2025 amending Decision 2012/642/CFSP concerning restrictive measures in view of the situation in Belarus and the involvement of Belarus in the Russian aggression against Ukraine,L1,high,L1,1,7,8,80,0.28581,6.12868,0.178571
61985CJ0352,61985CJ0352,1985,Case_Law,Pre-Single European Act,1980,,L4,high,L4,1,0,1,92,0,0,0
61989CJ0288,61989CJ0288,1989,Case_Law,Pre-Maastricht,1980,,L4,high,L4,1,0,1,89,0,0,0
61995TJ0214,61995TJ0214,1995,Case_Law,1990s,1990,,L4,high,L4,6,0,6,89,0,0,0.033333
61999CJ0157,61999CJ0157,1999,Case_Law,1990s,1990,"Judgment of the Court of 12 July 2001.#B.S.M. Geraets-Smits v Stichting Ziekenfonds VGZ and H.T.M. Peerbooms v Stichting CZ Groep Zorgverzekeringen.#Reference for a preliminary ruling: Arrondissementsrechtbank te Roermond - Netherlands.#Freedom to provide services - Articles 59 of the EC Treaty (now, after amendment, Article 49 EC) and 60 of the EC Treaty (now Article 50 EC) - Sickness insurance - System providing benefits in kind - System of agreements - Hospital treatment costs incurred in another Member State - Prior authorisation - Criteria - Justification.#Case C-157/99.",L4,high,L4,1,0,1,92,0,0,0
62000TJ0092,62000TJ0092,2000,Case_Law,Early 2000s,2000,,L4,high,L4,3,0,3,89,0,0,0
62000TJ0169,62000TJ0169,2000,Case_Law,Early 2000s,2000,,L4,high,L4,1,0,1,89,0,0,0
62001CJ0338,62001CJ0338,2001,Case_Law,Early 2000s,2000,,L4,high,L4,1,0,1,80,0,0,0
62004CJ0338,62004CJ0338,2004,Case_Law,Early 2000s,2000,"Judgment of the Court (Grand Chamber) of 6 March 2007.#Criminal proceedings against Massimiliano Placanica (C-338/04), Christian Palazzese (C-359/04) and Angelo Sorricchio (C-360/04).#References for a preliminary ruling: Tribunale di Larino (C-338/04) and Tribunale di Teramo (C-359/04 and C-360/04) - Italy.#Freedom of establishment - Freedom to provide services - Interpretation of Articles 43 EC and 49 EC - Games of chance - Collection of bets on sporting events - Licensing requirement - Exclusion of certain operators by reason of their type of corporate form - Requirement of police authorisation - Criminal penalties.#Joined cases C-338/04, C-359/04 and C-360/04.",L4,high,L4,1,0,1,92,0,0,0
62004TJ0156,62004TJ0156,2004,Case_Law,Early 2000s,2000,Judgment of the General Court (Third Chamber) of 15 December 2009.#Électricité de France (EDF) v European Commission.#State aid - Aid granted by the French authorities to EDF - Decision declaring that aid incompatible with the common market and ordering its recovery - Procedural rights of the aid beneficiary - Effect on trade between Member States - Criterion of private investor.#Case T-156/04.,L4,high,L4,1,0,1,89,0,0,0
62012CJ0204,62012CJ0204,2012,Case_Law,Early 2010s,2010,"Judgment of the Court (Fourth Chamber), 11 September 2014.#Essent Belgium NV v Vlaamse Reguleringsinstantie voor de Elektriciteits- en Gasmarkt.#Requests for a preliminary ruling from the rechtbank van eerste aanleg te Brussel.#References for a preliminary ruling — Regional support scheme providing for the issuance of tradable green certificates for facilities situated in the region concerned producing electricity from renewable energy sources — Obligation for electricity suppliers to surrender annually to the competent authority a certain quota of certificates — Refusal to take account of guarantees of origin originating from other Member States of the European Union and from States which are parties to the EEA Agreement — Administrative fine in the event of failure to surrender certificates — Directive 2001/77/EC — Article 5 — Free movement of goods — Article 28 EC — Articles 11 and 13 of the EEA Agreement — Directive 2003/54/EC — Article 3.#Joined Cases C‑204/12 to C‑208/12.",L4,high,L4,1,0,1,89,0,0,0
62015TJ0314,62015TJ0314,2015,Case_Law,Late 2010s,2010,Judgment of the General Court (Second Chamber) of 13 December 2017.#Hellenic Republic v European Commission.#State aid — Aid in favour of an undertaking which has concluded a concession to operate container terminals in the Port of Piraeus — Decision declaring the aid to be incompatible with the internal market — Right of defence — Duty to give reasons — Concept of State aid — Aid to facilitate the development of certain economic activities or of certain economic areas — Incentive effect of the aid — Necessity of the aid — Determination of the amount of aid.#Case T-314/15.,L4,high,L4,2,0,2,89,0,0,0
11957E100A,11957E100A,1957,Treaty,Pre-Treaty of Rome,1950,,L1,high,L1,5,0,5,92,0,0,0.05
11972B124,11972B124,1972,Treaty,Pre-Single European Act,1970,,L1,high,L1,1,0,1,83,0,0,0
11992E085,11992E085,1992,Treaty,Pre-Maastricht,1990,,L1,high,L1,3,0,3,89,0,0,0
11992E090,11992E090,1992,Treaty,Pre-Maastricht,1990,,L1,high,L1,5,0,5,89,0,0,0.1
11992E129B,11992E129B,1992,Treaty,Pre-Maastricht,1990,,L1,high,L1,1,0,1,57,0,0,0
11992E129D,11992E129D,1992,Treaty,Pre-Maastricht,1990,,L1,high,L1,1,0,1,19,0,0,0
11992E130D,11992E130D,1992,Treaty,Pre-Maastricht,1990,,L1,high,L1,1,0,1,57,0,0,0
11992E189C,11992E189C,1992,Treaty,Pre-Maastricht,1990,,L1,high,L1,5,0,5,89,0,0,0
11992MJ05,11992MJ05,1992,Treaty,Pre-Maastricht,1990,,L1,high,L1,1,0,1,77,0,0,0
11997E005,11997E005,1997,Treaty,1990s,1990,,L1,high,L1,9,0,9,98,0,0,0.013889
12006E251,12006E251,2006,Treaty,Late 2000s,2000,,L1,high,L1,33,0,33,98,0,0,0.007576
12010E/PRO/04,12010EPRO04,2010,Treaty,Early 2010s,2010,,L1,high,L1,2,0,2,92,0,0,0
12012E/PRO/07,12012EPRO07,2012,Treaty,Early 2010s,2010,,L1,high,L1,4,0,4,97,0,0,0
12012E/PRO/10,12012EPRO10,2012,Treaty,Early 2010s,2010,,L1,high,L1,1,0,1,97,0,0,0
12016E/PRO/21,12016EPRO21,2016,Treaty,Late 2010s,2010,,L1,high,L1,31,0,31,97,0,0,0.046237
12016E106,12016E106,2016,Treaty,Late 2010s,2010,,L1,high,L1,10,0,10,89,0,0,0.022222
12016E115,12016E115,2016,Treaty,Late 2010s,2010,,L1,high,L1,3,0,3,96,0,0,0.333333
12016E185,12016E185,2016,Treaty,Late 2010s,2010,,L1,high,L1,4,0,4,99,0,0,0.25
12016E187,12016E187,2016,Treaty,Late 2010s,2010,,L1,high,L1,7,0,7,99,0,0,0.214286
12016E296,12016E296,2016,Treaty,Late 2010s,2010,,L1,high,L1,4,0,4,80,0,0,0
12016P017,12016P017,2016,Treaty,Late 2010s,2010,,L1,high,L1,20,0,20,96,0,0,0.015789
31969R1191,31969R1191,1969,Regulation,Pre-Single European Act,1960,,L1,low,L1,4,0,4,89,0,0,0.083333
31974L0562,31974L0562,1974,Directive,Pre-Single European Act,1970,,L1,low,L1,1,0,1,89,0,0,0
31978D0774,31978D0774,1978,Decision,Pre-Single European Act,1970,,L2,low,L2,1,0,1,57,0,0,0
31980Y0122(04),31980Y012204,1980,Legislative_Act,Pre-Single European Act,1980,,L1,medium,L1,1,0,1,87,0,0,0
31985L0611,31985L0611,1985,Directive,Pre-Single European Act,1980,,L1,low,L1,9,0,9,80,0,0,0.069444
31986L0361,31986L0361,1986,Directive,Pre-Single European Act,1980,,L1,low,L1,3,0,3,19,0,0,0.333333
31988L0357,31988L0357,1988,Directive,Pre-Maastricht,1980,,L1,low,L1,2,0,2,80,0,0,0.5
31988R4253,31988R4253,1988,Regulation,Pre-Maastricht,1980,,L1,low,L1,9,0,9,57,0,0,0
31990R3359,31990R3359,1990,Regulation,Pre-Maastricht,1990,,L1,low,L1,1,0,1,57,0,0,0
31996D0071,31996D0071,1996,Decision,1990s,1990,,L2,low,L2,1,0,1,19,0,0,0
31996L0071R(01),31996L0071,1996,Directive,1990s,1990,,L1,low,L1,15,4,19,98,1,726.437234,0.130719
31996L0092,31996L0092,1996,Directive,1990s,1990,,L1,low,L1,2,0,2,19,0,0,0
31997D0529,31997D0529,1997,Decision,1990s,1990,,L2,low,L2,1,0,1,19,0,0,0
31998D0365,31998D0365,1998,Decision,1990s,1990,,L2,low,L2,1,2,3,89,1,1,0.166667
31998E0725,31998E0725,1998,Legislative_Act,1990s,1990,,L1,medium,L1,1,0,1,96,0,0,0
31999D0182,31999D0182,1999,Decision,1990s,1990,,L2,low,L2,1,0,1,63,0,0,0
31999L0037R(01),31999L0037,1999,Directive,1990s,1990,,L1,low,L1,4,3,7,89,1,65.809957,0.166667
32001L0065,32001L0065,2001,Directive,Early 2000s,2000,,L1,low,L1,2,0,2,80,0,0,0
32002D0844,32002D0844,2002,Decision,Early 2000s,2000,,L2,low,L2,1,0,1,89,0,0,0
32002H0590,32002H0590,2002,Legislative_Act,Early 2000s,2000,,L1,medium,L1,2,0,2,19,0,0,0
32003L0048,32003L0048,2003,Directive,Early 2000s,2000,,L1,low,L1,3,0,3,96,0,0,0.166667
32003L0098,32003L0098,2003,Directive,Early 2000s,2000,,L1,low,L1,14,0,14,98,0,0,0.087912
32004L0035,32004L0035,2004,Directive,Early 2000s,2000,,L1,low,L1,13,6,19,92,0.714286,370.592419,0.099415
32005R2111R(06),32005R2111,2005,Regulation,Late 2000s,2000,"REGULATION (EC) No 2111/2005 OF THE EUROPEAN PARLIAMENT AND OF THE COUNCIL of 14 December 2005 on the establishment of a Community list of air carriers subject to an operating ban within the Community and on informing air transport passengers of the identity of the operating air carrier, and repealing Article 9 of Directive 2004/36/EC (Text with EEA relevance)",L1,high,L1,22,5,27,9,0.75,244.465695,0.109231
32006E0184,32006E0184,2006,Legislative_Act,Late 2000s,2000,"COUNCIL JOINT ACTION 2006/184/CFSP of 27 February 2006 in support of the Biological and Toxin Weapons Convention, in the framework of the EU Strategy against the Proliferation of Weapons of Mass Destruction",L1,medium,L1,1,0,1,77,0,0,0
32006F0783R(01),32006F0783,2006,Legislative_Act,Late 2000s,2000,COUNCIL FRAMEWORK DECISION 2006/783/JHA of 6 October 2006 on the application of the principle of mutual recognition to confiscation orders,L1,high,L1,8,2,10,97,1,2.935014,0.291667
32006R1107R(01),32006R1107,2006,Regulation,Late 2000s,2000,REGULATION (EC) No 1107/2006 OF THE EUROPEAN PARLIAMENT AND OF THE COUNCIL of 5 July 2006 concerning the rights of disabled persons and persons with reduced mobility when travelling by air (Text with EEA relevance),L1,high,L1,4,7,11,89,0.636364,156.629743,0.133333
32007D0198,32007D0198,2007,Decision,Late 2000s,2000,,L2,low,L2,1,5,6,92,0.452381,12.583333,0
32007D0436R(01),32007D0436,2007,Decision,Late 2000s,2000,"COUNCIL DECISION of 7 June 2007 on the system of the European Communities’ own resources (2007/436/EC, Euratom)",L1,high,L1,6,1,7,97,0,0,0.2
32007D0473,32007D0473,2007,Decision,Late 2000s,2000,COUNCIL DECISION of 25 June 2007 on declassifying certain parts of the SIRENE Manual adopted by the Executive Committee established by the Convention implementing the Schengen Agreement of 14 June 1985 (2007/473/EC),L2,high,L2,0,2,2,1,0.368421,0,0
32007L0002R(03),32007L0002,2007,Directive,Late 2000s,2000,DIRECTIVE 2007/2/EC OF THE EUROPEAN PARLIAMENT AND OF THE COUNCIL of 14 March 2007 establishing an Infrastructure for Spatial Information in the European Community (INSPIRE),L1,high,L1,17,8,25,98,0.888889,164.554117,0.086957
32007L0060,32007L0060,2007,Directive,Late 2000s,2000,DIRECTIVE 2007/60/EC OF THE EUROPEAN PARLIAMENT AND OF THE COUNCIL of 23 October 2007 on the assessment and management of flood risks (Text with EEA relevance),L1,high,L1,3,5,8,99,0.777778,69.320344,0.035714
32007R0861R(01),32007R0861,2007,Regulation,Late 2000s,2000,REGULATION (EC) No 861/2007 OF THE EUROPEAN PARLIAMENT AND OF THE COUNCIL of 11 July 2007 establishing a European Small Claims Procedure,L1,high,L1,3,8,11,97,0.666667,12.28517,0.222222
32009D0561,32009D0561,2009,Decision,Late 2000s,2000,COMMISSION DECISION of 22 July 2009 amending Decision 2006/679/EC as regards the implementation of the technical specification for interoperability relating to the control-command and signalling subsystem of the trans-European conventional rail system (notified under document number C(2009) 5607) (Text with EEA relevance) (2009/561/EC),L2,medium,L2,1,0,1,89,0,0,0
32009L0136R(02),32009L0136,2009,Directive,Late 2000s,2000,"DIRECTIVE 2009/136/EC OF THE EUROPEAN PARLIAMENT AND OF THE COUNCIL of 25 November 2009 amending Directive 2002/22/EC on universal service and users’ rights relating to electronic communications networks and services, Directive 2002/58/EC concerning the processing of personal data and the protection of privacy in the electronic communications sector and Regulation (EC) No 2006/2004 on cooperation between national authorities responsible for the enforcement of consumer protection laws (Text with EEA relevance)",L1,high,L1,7,14,21,19,0.76,170.767217,0.097368
32009R0810R(06),32009R0810,2009,Regulation,Late 2000s,2000,REGULATION (EC) No 810/2009 OF THE EUROPEAN PARLIAMENT AND OF THE COUNCIL of 13 July 2009 establishing a Community Code on Visas (Visa Code),L1,high,L1,8,10,18,97,0.714286,41.740818,0.198529
32011D0251,32011D0251,2011,Decision,Early 2010s,2010,COMMISSION IMPLEMENTING DECISION of 18 April 2011 amending Decision 2009/766/EC on the harmonisation of the 900 MHz and 1 800 MHz frequency bands for terrestrial systems capable of providing pan-European electronic communications services in the Community (notified under document C(2011) 2633) (Text with EEA relevance) (2011/251/EU),L2,high,L2,2,0,2,19,0,0,0.5
32011L0024,32011L0024,2011,Directive,Early 2010s,2010,DIRECTIVE 2011/24/EU OF THE EUROPEAN PARLIAMENT AND OF THE COUNCIL of 9 March 2011 on the application of patients’ rights in cross-border healthcare,L1,high,L1,12,11,23,97,0.375,2783.686344,0.063241
32012D0226,32012D0226,2012,Decision,Early 2010s,2010,COMMISSION DECISION of 23 April 2012 on the second set of common safety targets as regards the rail system (notified under document C(2012) 2084) (Text with EEA relevance) (2012/226/EU),L2,medium,L2,0,2,2,89,0.666667,0,0.5
32012R1025,32012R1025,2012,Regulation,Early 2010s,2010,"REGULATION (EU) No 1025/2012 OF THE EUROPEAN PARLIAMENT AND OF THE COUNCIL of 25 October 2012 on European standardisation, amending Council Directives 89/686/EEC and 93/15/EEC and Directives 94/9/EC, 94/25/EC, 95/16/EC, 97/23/EC, 98/34/EC, 2004/22/EC, 2007/23/EC, 2009/23/EC and 2009/105/EC of the European Parliament and of the Council and repealing Council Decision 87/95/EEC and Decision No 1673/2006/EC of the European Parliament and of the Council (Text with EEA relevance)",L1,high,L1,42,15,57,92,0.364407,15933.728265,0.048246
32013D0668,32013D0668,2013,Decision,Early 2010s,2010,COUNCIL DECISION 2013/668/CFSP of 18 November 2013 in support of World Health Organisation activities in the area of biosafety and biosecurity in the framework of the European Union Strategy against the proliferation of Weapons of Mass Destruction,L1,high,L1,0,1,1,77,0.380952,0,0
32013L0034R(03),32013L0034,2013,Directive,Early 2010s,2010,"DIRECTIVE 2013/34/EU OF THE EUROPEAN PARLIAMENT AND OF THE COUNCIL of 26 June 2013 on the annual financial statements, consolidated financial statements and related reports of certain types of undertakings, amending Directive 2006/43/EC of the European Parliament and of the Council and repealing Council Directives 78/660/EEC and 83/349/EEC (Text with EEA relevance)",L1,high,L1,62,15,77,80,0.517647,5112.136822,0.064386
32013O0024,32013O0024,2013,Legislative_Act,Early 2010s,2010,GUIDELINE OF THE EUROPEAN CENTRAL BANK of 25 July 2013 on the statistical reporting requirements of the European Central Bank in the field of quarterly financial accounts (recast) (ECB/2013/24) (2014/3/EU),L3,high,L3,2,2,4,80,0.257463,15.12619,0.166667
32013R0886,32013R0886,2013,Regulation,Early 2010s,2010,"COMMISSION DELEGATED REGULATION (EU) No 886/2013 of 15 May 2013 supplementing Directive 2010/40/EU of the European Parliament and of the Council with regard to data and procedures for the provision, where possible, of road safety-related minimum universal traffic information free of charge to users (Text with EEA relevance)",L2,high,L2,3,5,8,98,0.508197,10.888596,0.196429
32013R1271,32013R1271,2013,Regulation,Early 2010s,2010,"COMMISSION DELEGATED REGULATION (EU) No 1271/2013 of 30 September 2013 on the framework financial regulation for the bodies referred to in Article 208 of Regulation (EU, Euratom) No 966/2012 of the European Parliament and of the Council",L2,high,L2,10,0,10,97,0,0,0.022222
32014D0451R(02),32014D0451,2014,Decision,Early 2010s,2010,COUNCIL DECISION of 26 May 2014 on the signing and conclusion of the Participation Agreement between the European Union and the Swiss Confederation on the participation of the Swiss Confederation in the European Union Integrated Border Management Assistance Mission in Libya (EUBAM Libya) (2014/451/EU),L1,high,L1,1,3,4,97,0.6,0,0.333333
32014D0585,32014D0585,2014,Decision,Early 2010s,2010,DECISION No 585/2014/EU OF THE EUROPEAN PARLIAMENT AND OF THE COUNCIL of 15 May 2014 on the deployment of the interoperable EU-wide eCall service (Text with EEA relevance),L1,high,L1,0,5,5,98,0.507937,0,0.15
32014L0049R(04),32014L0049,2014,Directive,Early 2010s,2010,DIRECTIVE 2014/49/EU OF THE EUROPEAN PARLIAMENT AND OF THE COUNCIL of 16 April 2014 on deposit guarantee schemes (recast) (Text with EEA relevance),L1,high,L1,15,12,27,80,0.328125,153.506223,0.224615
32014L0094,32014L0094,2014,Directive,Early 2010s,2010,DIRECTIVE 2014/94/EU OF THE EUROPEAN PARLIAMENT AND OF THE COUNCIL of 22 October 2014 on the deployment of alternative fuels infrastructure (Text with EEA relevance),L1,high,L1,8,0,8,63,0,0,0.107143
32014R0282,32014R0282,2014,Regulation,Early 2010s,2010,REGULATION (EU) No 282/2014 OF THE EUROPEAN PARLIAMENT AND OF THE COUNCIL of 11 March 2014 on the establishment of a third Programme for the Union's action in the field of health (2014-2020) and repealing Decision No 1350/2007/EC (Text with EEA relevance),L1,high,L1,3,0,3,99,0,0,0
32014R1011R(01),32014R1011,2014,Regulation,Early 2010s,2010,"COMMISSION IMPLEMENTING REGULATION (EU) No 1011/2014 of 22 September 2014 laying down detailed rules for implementing Regulation (EU) No 1303/2013 of the European Parliament and of the Council as regards the models for submission of certain information to the Commission and the detailed rules concerning the exchanges of information between beneficiaries and managing authorities, certifying authorities, audit authorities and intermediate bodies",L2,high,L2,1,7,8,19,0.247312,0,0.214286
32015L0637R(01),32015L0637,2015,Directive,Late 2010s,2010,COUNCIL DIRECTIVE (EU) 2015/637 of 20 April 2015 on the coordination and cooperation measures to facilitate consular protection for unrepresented citizens of the Union in third countries and repealing Decision 95/553/EC,L1,high,L1,1,4,5,99,0.405797,0,0.25
32015R0751,32015R0751,2015,Regulation,Late 2010s,2010,REGULATION (EU) 2015/751 OF THE EUROPEAN PARLIAMENT AND OF THE COUNCIL of 29 April 2015 on interchange fees for card-based payment transactions (Text with EEA relevance),L1,high,L1,3,7,10,80,0.308725,41.143108,0.244444
32016L1164R(03),32016L1164,2016,Directive,Late 2010s,2010,COUNCIL DIRECTIVE (EU) 2016/1164 of 12 July 2016 laying down rules against tax avoidance practices that directly affect the functioning of the internal market,L1,high,L1,3,14,17,80,0.311888,110.968038,0.154167
32017D2283,32017D2283,2017,Decision,Late 2010s,2010,COUNCIL DECISION (CFSP) 2017/2283 of 11 December 2017 in support of a global reporting mechanism on illicit small arms and light weapons and other illicit conventional weapons and ammunition to reduce the risk of their illicit trade (‘iTrace III’),L1,high,L1,1,3,4,77,0.538462,0,0.25
32017R0587R(02),32017R0587,2017,Regulation,Late 2010s,2010,"COMMISSION DELEGATED REGULATION (EU) 2017/587 of 14 July 2016 supplementing Regulation (EU) No 600/2014 of the European Parliament and of the Council on markets in financial instruments with regard to regulatory technical standards on transparency requirements for trading venues and investment firms in respect of shares, depositary receipts, exchange-traded funds, certificates and other similar financial instruments and on transaction execution obligations in respect of certain shares on a trading venue or by a systematic internaliser (Text with EEA relevance)",L2,high,L2,3,8,11,80,0.329942,23.653898,0.388889
32017R0825,32017R0825,2017,Regulation,Late 2010s,2010,REGULATION (EU) 2017/825 OF THE EUROPEAN PARLIAMENT AND OF THE COUNCIL of 17 May 2017 on the establishment of the Structural Reform Support Programme for the period 2017 to 2020 and amending Regulations (EU) No 1303/2013 and (EU) No 1305/2013,L1,high,L1,1,15,16,86,0.282024,373.531812,0.129167
32018D0010(01),32018D001001,2018,Decision,Late 2010s,2010,,L2,low,L2,0,6,6,80,0.287009,0,0.3
32018H0308(01),32018H030801,2018,Legislative_Act,Late 2010s,2010,,L1,medium,L1,4,0,4,77,0,0,0.5
32018R1046,32018R1046,2018,Regulation,Late 2010s,2010,"Regulation (EU, Euratom) 2018/1046 of the European Parliament and of the Council of 18 July 2018 on the financial rules applicable to the general budget of the Union, amending Regulations (EU) No 1296/2013, (EU) No 1301/2013, (EU) No 1303/2013, (EU) No 1304/2013, (EU) No 1309/2013, (EU) No 1316/2013, (EU) No 223/2014, (EU) No 283/2014, and Decision No 541/2014/EU and repealing Regulation (EU, Euratom) No 966/2012",L1,high,L1,82,0,82,99,0,0,0.029058
32018R1240R(04),32018R1240,2018,Regulation,Late 2010s,2010,"Regulation (EU) 2018/1240 of the European Parliament and of the Council of 12 September 2018 establishing a European Travel Information and Authorisation System (ETIAS) and amending Regulations (EU) No 1077/2011, (EU) No 515/2014, (EU) 2016/399, (EU) 2016/1624 and (EU) 2017/2226",L1,high,L1,7,28,35,97,0.288749,302.677359,0.159537
32018R1488,32018R1488,2018,Regulation,Late 2010s,2010,Council Regulation (EU) 2018/1488 of 28 September 2018 establishing the European High Performance Computing Joint Undertaking,L1,high,L1,3,0,3,99,0,0,0.166667
32019D1963,32019D1963,2019,Decision,Late 2010s,2010,"Commission Decision (EU, Euratom) 2019/1963 of 17 October 2019 laying down implementing rules on industrial security with regard to classified procurement contracts",L2,high,L2,0,6,6,97,0.454545,0,0.066667
32019L0520,32019L0520,2019,Directive,Late 2010s,2010,Directive (EU) 2019/520 of the European Parliament and of the Council of 19 March 2019 on the interoperability of electronic road toll systems and facilitating cross-border exchange of information on the failure to pay road fees in the Union (recast) (Text with EEA relevance.),L1,high,L1,4,16,20,97,0.318919,402.837663,0.068421
32019R0947R(06),32019R0947,2019,Regulation,Late 2010s,2010,Commission Implementing Regulation (EU) 2019/947 of 24 May 2019 on the rules and procedures for the operation of unmanned aircraft (Text with EEA relevance.),L2,high,L2,5,8,13,9,0.30752,237.777197,0.2
32019R1238,32019R1238,2019,Regulation,Late 2010s,2010,Regulation (EU) 2019/1238 of the European Parliament and of the Council of 20 June 2019 on a pan-European Personal Pension Product (PEPP) (Text with EEA relevance),L1,high,L1,2,24,26,80,0.335931,2356.377004,0.138462
32020R0696,32020R0696,2020,Regulation,2020s,2020,Regulation (EU) 2020/696 of the European Parliament and of the Council of 25 May 2020 amending Regulation (EC) No 1008/2008 on common rules for the operation of air services in the Community in view of the COVID-19 pandemic (Text with EEA relevance),L1,high,L1,0,10,10,99,0.306243,0,0
32020R1732,32020R1732,2020,Regulation,2020s,2020,Commission Delegated Regulation (EU) 2020/1732 of 18 September 2020 supplementing Regulation (EU) 2017/2402 of the European Parliament and of the Council with regard to fees charged by the European Securities and Markets Authority to securitisation repositories (Text with EEA relevance),L2,high,L2,1,4,5,80,0.25496,7.395833,0.45
32021D2137,32021D2137,2021,Decision,2020s,2020,Council Decision (CFSP) 2021/2137 of 2 December 2021 on an Assistance Measure under the European Peace Facility to support the armed forces of the Republic of Mali in conjunction with the EU Training Mission in Mali,L1,high,L1,0,5,5,77,0.195501,0,0.2
32021R0522R(02),32021R0522,2021,Regulation,2020s,2020,"Regulation (EU) 2021/522 of the European Parliament and of the Council of 24 March 2021 establishing a Programme for the Union’s action in the field of health (‘EU4Health Programme’) for the period 2021-2027, and repealing Regulation (EU) No 282/2014 (Text with EEA relevance)",L1,high,L1,6,23,29,99,0.283567,1084.889671,0.136243
32021R0523,32021R0523,2021,Regulation,2020s,2020,Regulation (EU) 2021/523 of the European Parliament and of the Council of 24 March 2021 establishing the InvestEU Programme and amending Regulation (EU) 2015/1017,L1,high,L1,18,27,45,99,0.326329,3502.109542,0.141919
32021R1237,32021R1237,2021,Regulation,2020s,2020,Commission Regulation (EU) 2021/1237 of 23 July 2021 amending Regulation (EU) No 651/2014 declaring certain categories of aid compatible with the internal market in application of Articles 107 and 108 of the Treaty (Text with EEA relevance),L2,medium,L2,1,24,25,99,0.322659,27.120536,0.081667
32022D2332,32022D2332,2022,Decision,2020s,2020,Council Decision (EU) 2022/2332 of 28 November 2022 on identifying the violation of Union restrictive measures as an area of crime that meets the criteria specified in Article 83(1) of the Treaty on the Functioning of the European Union,L1,high,L1,1,9,10,97,1,1,0.088889
32022R0428R(02),32022R0428,2022,Regulation,2020s,2020,Council Regulation (EU) 2022/428 of 15 March 2022 amending Regulation (EU) No 833/2014 concerning restrictive measures in view of Russia's actions destabilising the situation in Ukraine,L1,high,L1,1,6,7,96,0.218192,0,0.2
32022R0868,32022R0868,2022,Regulation,2020s,2020,Regulation (EU) 2022/868 of the European Parliament and of the Council of 30 May 2022 on European data governance and amending Regulation (EU) 2018/1724 (Data Governance Act) (Text with EEA relevance),L1,high,L1,4,31,35,92,0.357947,390.912124,0.106723
32022R2371,32022R2371,2022,Regulation,2020s,2020,Regulation (EU) 2022/2371 of the European Parliament and of the Council of 23 November 2022 on serious cross-border threats to health and repealing Decision No 1082/2013/EU (Text with EEA relevance),L1,high,L1,4,32,36,99,0.306693,1111.215664,0.104202
32022R2474R(01),32022R2474,2022,Regulation,2020s,2020,Council Regulation (EU) 2022/2474 of 16 December 2022 amending Regulation (EU) No 833/2014 concerning restrictive measures in view of Russia’s actions destabilising the situation in Ukraine,L1,high,L1,1,11,12,96,0.221675,0,0.154545
32023R0410,32023R0410,2023,Regulation,2020s,2020,"Commission Delegated Regulation (EU) 2023/410 of 19 December 2022 amending Delegated Regulation (EU) 2016/1675 as regards adding the Democratic Republic of the Congo, Gibraltar, Mozambique, Tanzania and the United Arab Emirates to Table I of the Annex to Delegated Regulation (EU) 2016/1675 and deleting Nicaragua, Pakistan and Zimbabwe from that table (Text with EEA relevance)",L2,high,L2,0,1,1,80,0.265823,0,0
32024D0742,32024D0742,2024,Decision,2020s,2020,Council Implementing Decision (EU) 2024/742 of 20 February 2024 on the extension of the term of office of the Chairperson of the European Banking Authority (EBA),L2,high,L2,0,2,2,80,0.265097,0,0.5
32024D1983,32024D1983,2024,Decision,2020s,2020,"Commission Implementing Decision (EU) 2024/1983 of 18 July 2024 on the harmonisation of the 40,5-43,5 GHz frequency band for terrestrial systems capable of providing wireless broadband electronic communications services in the Union (notified under document C(2024) 1520)",L2,high,L2,0,3,3,92,0.256261,0,0.333333
32024L2842,32024L2842,2024,Directive,2020s,2020,Directive (EU) 2024/2842 of the European Parliament and of the Council of 23 October 2024 extending Directive (EU) 2024/2841 to third-country nationals legally residing in a Member State,L1,high,L1,0,10,10,97,0.243512,0,0.066667
32024R1469,32024R1469,2024,Regulation,2020s,2020,Council Regulation (EU) 2024/1469 of 21 May 2024 amending Regulation (EU) No 833/2014 concerning restrictive measures in view of Russia’s actions destabilising the situation in Ukraine,L1,high,L1,1,10,11,96,0.243799,205.420227,0.090909
32024R1938,32024R1938,2024,Regulation,2020s,2020,Regulation (EU) 2024/1938 of the European Parliament and of the Council of 13 June 2024 on standards of quality and safety for substances of human origin intended for human application and repealing Directives 2002/98/EC and 2004/23/EC (Text with EEA relevance),L1,high,L1,0,12,12,99,0.27056,0,0.242424
32024R1991,32024R1991,2024,Regulation,2020s,2020,Regulation (EU) 2024/1991 of the European Parliament and of the Council of 24 June 2024 on nature restoration and amending Regulation (EU) 2022/869 (Text with EEA relevance),L1,high,L1,0,36,36,99,0.317122,0,0.106349
61990CJ0041,61990CJ0041,1990,Case_Law,Pre-Maastricht,1990,,L4,high,L4,6,0,6,89,0,0,0.033333
61999CJ0205,61999CJ0205,1999,Case_Law,1990s,1990,,L4,high,L4,1,0,1,92,0,0,0
61999CJ0385,61999CJ0385,1999,Case_Law,1990s,1990,"Judgment of the Court of 13 May 2003.#V.G. Müller-Fauré v Onderlinge Waarborgmaatschappij OZ Zorgverzekeringen UA and E.E.M. van Riet v Onderlinge Waarborgmaatschappij ZAO Zorgverzekeringen.#Reference for a preliminary ruling: Centrale Raad van Beroep - Netherlands.#Freedom to provide services - Articles 59 of the EC Treaty (now, after amendment, Article 49 EC) and 60 of the EC Treaty (now Article 50 EC) - Sickness insurance - System providing benefits in kind - System of agreements - Medical costs incurred in another Member State - Prior authorisation - Criteria - Justification.#Case C-385/99.",L4,high,L4,1,0,1,92,0,0,0
61999CJ0482,61999CJ0482,1999,Case_Law,1990s,1990,,L4,high,L4,10,0,10,89,0,0,0.022222
62008CJ0279,62008CJ0279,2008,Case_Law,Late 2000s,2000,Judgment of the Court (Third Chamber) of 8 September 2011.#European Commission v Kingdom of the Netherlands.#Appeal - State aid - Article 87(1) EC - Emission trading scheme for nitrogen oxides - Classification of the national measure as State aid - Decision declaring aid to be compatible with the common market - Concept of selectivity - Advantage financed through State resources - Protection of the environment - Obligation to state the reasons for decision - Admissibility.#Case C-279/08 P.,L4,high,L4,3,0,3,89,0,0,0
62008TJ0267,62008TJ0267,2008,Case_Law,Late 2000s,2000,Judgment of the General Court (Eighth Chamber) of 12 May 2011.#Région Nord-Pas-de-Calais (T-267/08) and Communauté d’agglomération du Douaisis (T-279/08) v European Commission.#State aid - Construction of railway equipment - Repayable advances - Decision declaring the aid incompatible with the common market and ordering its recovery - Alteration of heads of claim - Rights of defence - Obligation to state reasons - State resources - Whether State held responsible - Criterion of private investor - Undertaking in difficulties.#Joined cases T-267/08 and T-279/08.,L4,high,L4,3,0,3,89,0,0,0.166667
62008TJ0443,62008TJ0443,2008,Case_Law,Late 2000s,2000,Judgment of the General Court (Eighth Chamber) of 24 March 2011.#Freistaat Sachsen and Land Sachsen-Anhalt (T-443/08) and Mitteldeutsche Flughafen AG and Flughafen Leipzig-Halle GmbH (T-455/08) v European Commission.#State aid - Aid for Leipzig/Halle Airport - Funding of investments relating to the construction of the new southern runway - Decision declaring aid compatible with the common market - Actions for annulment - No interest in bringing proceedings - Inadmissibility - Concept of 'undertaking' - Concept of 'economic activity' - Airport infrastructure.#Cases T-443/08 and T-455/08.,L4,high,L4,6,0,6,89,0,0,0.033333
62009CJ0106,62009CJ0106,2009,Case_Law,Late 2000s,2000,Judgment of the Court (Grand Chamber) of 15 November 2011.#European Commission (C-106/09 P) and Kingdom of Spain (C-107/09 P) v Government of Gibraltar and United Kingdom of Great Britain and Northern Ireland.#Appeal - State aid - Material selectivity - Tax regime - Gibraltar - Offshore companies.#Joined cases C-106/09 P and C-107/09 P.,L4,high,L4,2,0,2,89,0,0,0
11957E085,11957E085,1957,Treaty,Pre-Treaty of Rome,1950,,L1,high,L1,2,0,2,89,0,0,0
11957E108,11957E108,1957,Treaty,Pre-Treaty of Rome,1950,,L1,high,L1,1,0,1,83,0,0,0
11957E116,11957E116,1957,Treaty,Pre-Treaty of Rome,1950,,L1,high,L1,1,0,1,93,0,0,0
11957E209,11957E209,1957,Treaty,Pre-Treaty of Rome,1950,,L1,high,L1,2,0,2,57,0,0,0
11979HN08/01,11979HN0801,1979,Treaty,Pre-Single European Act,1970,,L1,high,L1,1,0,1,89,0,0,0
11992E007,11992E007,1992,Treaty,Pre-Maastricht,1990,,L1,high,L1,8,0,8,57,0,0,0
11992E054,11992E054,1992,Treaty,Pre-Maastricht,1990,,L1,high,L1,1,0,1,63,0,0,0
12002E071,12002E071,2002,Treaty,Early 2000s,2000,,L1,high,L1,7,0,7,92,0,0,0.02381
12002M025,12002M025,2002,Treaty,Early 2000s,2000,,L1,high,L1,5,0,5,97,0,0,0.1
12003T/TTE,12003TTTE,2003,Treaty,Early 2000s,2000,,L1,high,L1,1,0,1,94,0,0,0
12003TN10/03,12003TN1003,2003,Treaty,Early 2000s,2000,,L1,high,L1,1,0,1,94,0,0,0
12006E083,12006E083,2006,Treaty,Late 2000s,2000,,L1,high,L1,1,0,1,89,0,0,0
12006E207,12006E207,2006,Treaty,Late 2000s,2000,,L1,high,L1,2,0,2,1,0,0,0
12006E211,12006E211,2006,Treaty,Late 2000s,2000,,L1,high,L1,1,0,1,95,0,0,0
12012E087,12012E087,2012,Treaty,Early 2010s,2010,,L1,high,L1,3,0,3,86,0,0,0.333333
12012M046,12012M046,2012,Treaty,Early 2010s,2010,,L1,high,L1,1,0,1,97,0,0,0
12016E/PRO/01,12016EPRO01,2016,Treaty,Late 2010s,2010,,L1,high,L1,10,0,10,99,0,0,0
12016E053,12016E053,2016,Treaty,Late 2010s,2010,,L1,high,L1,18,0,18,80,0,0,0.029412
12016E078,12016E078,2016,Treaty,Late 2010s,2010,,L1,high,L1,5,0,5,99,0,0,0.1
12016E168,12016E168,2016,Treaty,Late 2010s,2010,,L1,high,L1,11,0,11,99,0,0,0.1
12016E291,12016E291,2016,Treaty,Late 2010s,2010,,L1,high,L1,31,0,31,80,0,0,0.058065
12016E349,12016E349,2016,Treaty,Late 2010s,2010,,L1,high,L1,31,0,31,99,0,0,0.080645
12016M/PRO/01,12016MPRO01,2016,Treaty,Late 2010s,2010,,L1,high,L1,10,0,10,99,0,0,0
12016M/PRO/07,12016MPRO07,2016,Treaty,Late 2010s,2010,,L1,high,L1,11,0,11,99,0,0,0.027273
12016M004,12016M004,2016,Treaty,Late 2010s,2010,,L1,high,L1,22,0,22,99,0,0,0.02381
31969R1630,31969R1630,1969,Regulation,Pre-Single European Act,1960,,L1,low,L1,1,0,1,89,0,0,0
31973D0402,31973D0402,1973,Decision,Pre-Single European Act,1970,,L2,low,L2,1,0,1,89,0,0,0
31973L0239,31973L0239,1973,Directive,Pre-Single European Act,1970,,L1,low,L1,6,0,6,80,0,0,0.066667
31975L0404,31975L0404,1975,Directive,Pre-Single European Act,1970,,L1,low,L1,1,0,1,75,0,0,0
31976L0580,31976L0580,1976,Directive,Pre-Single European Act,1970,,L1,low,L1,2,0,2,80,0,0,0.5
31977L0388,31977L0388,1977,Directive,Pre-Single European Act,1970,,L1,low,L1,5,0,5,96,0,0,0.15
31990L0544,31990L0544,1990,Directive,Pre-Maastricht,1990,,L1,low,L1,1,0,1,92,0,0,0
31992L0043R(01),31992L0043,1992,Directive,Pre-Maastricht,1990,,L1,low,L1,22,2,24,86,1,537.942187,0.12253
31992L0049,31992L0049,1992,Directive,Pre-Maastricht,1990,,L1,low,L1,6,0,6,80,0,0,0.1
31992L0106R(02),31992L0106,1992,Directive,Pre-Maastricht,1990,,L1,low,L1,11,6,17,98,1,244.483333,0.091667
31992Y0114(01),31992Y011401,1992,Legislative_Act,Pre-Maastricht,1990,,L1,medium,L1,2,0,2,89,0,0,0
31993L0038,31993L0038,1993,Directive,1990s,1990,,L1,low,L1,4,0,4,19,0,0,0
31997D0346,31997D0346,1997,Decision,1990s,1990,,L2,low,L2,1,0,1,19,0,0,0
31997Y0311(02),31997Y031102,1997,Legislative_Act,1990s,1990,,L1,medium,L1,1,0,1,19,0,0,0
31998D0513,31998D0513,1998,Decision,1990s,1990,,L2,low,L2,0,9,9,89,0.645161,0,0.027778
31998L0070,31998L0070,1998,Directive,1990s,1990,,L1,low,L1,7,5,12,63,1,1654.570032,0.068182
31999L0093,31999L0093,1999,Directive,1990s,1990,,L1,low,L1,16,0,16,92,0,0,0.033333
32000Y0311(03),32000Y031103,2000,Legislative_Act,Early 2000s,2000,,L1,medium,L1,2,0,2,89,0,0,0
32001D0723,32001D0723,2001,Decision,Early 2000s,2000,,L2,low,L2,0,6,6,89,0.636364,0,0
32001E0931R(01),32001E0931,2001,Legislative_Act,Early 2000s,2000,,L1,medium,L1,7,2,9,96,1,20,0.214286
32001L0016,32001L0016,2001,Directive,Early 2000s,2000,,L1,low,L1,2,0,2,89,0,0,0
32001L0034R(02),32001L0034,2001,Directive,Early 2000s,2000,,L1,low,L1,6,6,12,80,1,42.564826,0.163636
32001L0077,32001L0077,2001,Directive,Early 2000s,2000,,L1,low,L1,3,0,3,63,0,0,0.166667
32001R0045,32001R0045,2001,Regulation,Early 2000s,2000,,L1,low,L1,108,0,108,80,0,0,0.028037
32001R0467,32001R0467,2001,Regulation,Early 2000s,2000,,L1,low,L1,1,0,1,96,0,0,0
32002D0733,32002D0733,2002,Decision,Early 2000s,2000,,L2,low,L2,1,0,1,89,0,0,0
32003L0037,32003L0037,2003,Directive,Early 2000s,2000,,L1,low,L1,4,0,4,92,0,0,0.083333
32004L0049,32004L0049,2004,Directive,Early 2000s,2000,,L1,low,L1,16,0,16,89,0,0,0.1
32004R0139R(07),32004R0139,2004,Regulation,Early 2000s,2000,,L1,low,L1,24,9,33,63,0.552632,6195.199291,0.047379
32005C0295,32005C0295,2005,Legislative_Act,Late 2000s,2000,STATEMENT BY THE COMMISSION concerning Article 2 of Directive 2004/48/EC of the European Parliament and of the Council on the enforcement of intellectual property rights (2005/295/EC),L1,high,L1,1,0,1,92,0,0,0
32006D1000,32006D1000,2006,Decision,Late 2000s,2000,COUNCIL DECISION 2006/1000/CFSP of 11 December 2006 concerning the implementation of Joint Action 2002/589/CFSP with a view to a European Union contribution to combating the destabilising accumulation and spread of small arms and light weapons in Latin America and the Caribbean,L1,high,L1,0,1,1,77,0.6,0,0
32006E0243,32006E0243,2006,Legislative_Act,Late 2000s,2000,COUNCIL JOINT ACTION 2006/243/CFSP of 20 March 2006 on support for activities of the Preparatory Commission of the Comprehensive Nuclear-Test-Ban Treaty Organisation (CTBTO) in the area of training and capacity building for verification and in the framework of the implementation of the EU Strategy against Proliferation of Weapons of Mass Destruction,L1,medium,L1,3,0,3,77,0,0,0.5
32006R0910,32006R0910,2006,Regulation,Late 2000s,2000,COMMISSION REGULATION (EC) No 910/2006 of 20 June 2006 amending Regulation (EC) No 474/2006 establishing the Community list of air carriers which are subject to an operating ban within the Community referred to in Chapter II of Regulation (EC) No 2111/2005 of the European Parliament and of the Council (Text with EEA relevance),L1,high,L1,1,0,1,9,0,0,0
32006R1907R(08),32006R1907,2006,Regulation,Late 2000s,2000,,L1,low,L1,18,11,29,92,0.447154,2315.52001,0.100529
32007D0125,32007D0125,2007,Decision,Late 2000s,2000,"COUNCIL DECISION of 12 February 2007 establishing for the period 2007 to 2013, as part of General Programme on Security and Safeguarding Liberties, the Specific Programme ‘Prevention of and Fight against Crime’ (2007/125/JHA)",L1,high,L1,1,0,1,86,0,0,0
32007R1371,32007R1371,2007,Regulation,Late 2000s,2000,REGULATION (EC) No 1371/2007 OF THE EUROPEAN PARLIAMENT AND OF THE COUNCIL of 23 October 2007 on rail passengers’ rights and obligations,L1,high,L1,8,0,8,89,0,0,0.089286
32008F0977,32008F0977,2008,Legislative_Act,Late 2000s,2000,COUNCIL FRAMEWORK DECISION 2008/977/JHA of 27 November 2008 on the protection of personal data processed in the framework of police and judicial cooperation in criminal matters,L1,high,L1,6,0,6,97,0,0,0.033333
32008L0048R(02),32008L0048,2008,Directive,Late 2000s,2000,DIRECTIVE 2008/48/EC OF THE EUROPEAN PARLIAMENT AND OF THE COUNCIL of 23 April 2008 on credit agreements for consumers and repealing Council Directive 87/102/EEC,L1,high,L1,20,4,24,80,1,100.755076,0.100791
32008L0056,32008L0056,2008,Directive,Late 2000s,2000,DIRECTIVE 2008/56/EC OF THE EUROPEAN PARLIAMENT AND OF THE COUNCIL of 17 June 2008 establishing a framework for community action in the field of marine environmental policy (Marine Strategy Framework Directive) (Text with EEA relevance),L1,high,L1,9,7,16,86,0.666667,88.686102,0.104167
32008R0765R(03),32008R0765,2008,Regulation,Late 2000s,2000,REGULATION (EC) No 765/2008 OF THE EUROPEAN PARLIAMENT AND OF THE COUNCIL of 9 July 2008 setting out the requirements for accreditation and market surveillance relating to the marketing of products and repealing Regulation (EEC) No 339/93 (Text with EEA relevance),L1,high,L1,44,10,54,92,0.846154,1494.535708,0.060232
32009D0320,32009D0320,2009,Decision,Late 2000s,2000,COUNCIL DECISION of 30 March 2009 endorsing the European Air Traffic Management Master Plan of the Single European Sky ATM Research (SESAR) project (2009/320/EC),L1,high,L1,3,0,3,9,0,0,0.166667
32009D0343,32009D0343,2009,Decision,Late 2000s,2000,COMMISSION DECISION of 21 April 2009 amending Decision 2007/131/EC on allowing the use of the radio spectrum for equipment using ultra-wideband technology in a harmonised manner in the Community (notified under document number C(2009) 2787) (Text with EEA relevance) (2009/343/EC),L2,medium,L2,1,0,1,19,0,0,0
32009L0031R(05),32009L0031,2009,Directive,Late 2000s,2000,"DIRECTIVE 2009/31/EC OF THE EUROPEAN PARLIAMENT AND OF THE COUNCIL of 23 April 2009 on the geological storage of carbon dioxide and amending Council Directive 85/337/EEC, European Parliament and Council Directives 2000/60/EC, 2001/80/EC, 2004/35/EC, 2006/12/EC, 2008/1/EC and Regulation (EC) No 1013/2006 (Text with EEA relevance)",L1,high,L1,12,8,20,63,0.564103,1006.666705,0.172515
32009L0101,32009L0101,2009,Directive,Late 2000s,2000,"DIRECTIVE 2009/101/EC OF THE EUROPEAN PARLIAMENT AND OF THE COUNCIL of 16 September 2009 on coordination of safeguards which, for the protection of the interests of members and third parties, are required by Member States of companies within the meaning of the second paragraph of Article 48 of the Treaty, with a view to making such safeguards equivalent (codified version) (Text with EEA relevance)",L1,high,L1,3,0,3,80,0,0,0.333333
32009L0125R(02),32009L0125,2009,Directive,Late 2000s,2000,DIRECTIVE 2009/125/EC OF THE EUROPEAN PARLIAMENT AND OF THE COUNCIL of 21 October 2009 establishing a framework for the setting of ecodesign requirements for energy-related products (recast) (Text with EEA relevance),L1,high,L1,18,4,22,92,0.318436,166.142006,0.130952
32011L0092R(02),32011L0092,2011,Directive,Early 2010s,2010,DIRECTIVE 2011/92/EU OF THE EUROPEAN PARLIAMENT AND OF THE COUNCIL of 13 December 2011 on the assessment of the effects of certain public and private projects on the environment (codification) (Text with EEA relevance),L1,high,L1,14,4,18,92,0.413793,71.729336,0.117647
32011R0454R(01),32011R0454,2011,Regulation,Early 2010s,2010,COMMISSION REGULATION (EU) No 454/2011 of 5 May 2011 on the technical specification for interoperability relating to the subsystem ‘telematics applications for passenger services’ of the trans-European rail system (Text with EEA relevance),L2,medium,L2,4,5,9,89,1,19.966667,0.160714
32012D0662,32012D0662,2012,Decision,Early 2010s,2010,"COUNCIL DECISION 2012/662/CFSP of 25 October 2012 in support of activities to reduce the risk of illicit trade in, and excessive accumulation of, Small Arms and Light Weapons in the region covered by the Organisation for Security and Cooperation in Europe (OSCE)",L1,high,L1,0,2,2,77,0.5,0,0
32012L0019R(01),32012L0019,2012,Directive,Early 2010s,2010,DIRECTIVE 2012/19/EU OF THE EUROPEAN PARLIAMENT AND OF THE COUNCIL of 4 July 2012 on waste electrical and electronic equipment (WEEE) (recast) (Text with EEA relevance),L1,high,L1,10,8,18,92,0.355769,566.598712,0.169118
32012R1203,32012R1203,2012,Regulation,Early 2010s,2010,COMMISSION IMPLEMENTING REGULATION (EU) No 1203/2012 of 14 December 2012 on the separate sale of regulated retail roaming services within the Union (Text with EEA relevance),L2,high,L2,1,0,1,97,0,0,0
32012R1215R(05),32012R1215,2012,Regulation,Early 2010s,2010,REGULATION (EU) No 1215/2012 OF THE EUROPEAN PARLIAMENT AND OF THE COUNCIL of 12 December 2012 on jurisdiction and the recognition and enforcement of judgments in civil and commercial matters (recast),L1,high,L1,17,6,23,97,0.417178,10261.408063,0.097403
32013D0255,32013D0255,2013,Decision,Early 2010s,2010,COUNCIL DECISION 2013/255/CFSP of 31 May 2013 concerning restrictive measures against Syria,L1,high,L1,3,1,4,96,1,2,0.083333
32013L0029R(06),32013L0029,2013,Directive,Early 2010s,2010,DIRECTIVE 2013/29/EU OF THE EUROPEAN PARLIAMENT AND OF THE COUNCIL of 12 June 2013 on the harmonisation of the laws of the Member States relating to the making available on the market of pyrotechnic articles (recast) (Text with EEA relevance),L1,high,L1,4,9,13,92,0.313679,131.852775,0.143939
32013L0030R(01),32013L0030,2013,Directive,Early 2010s,2010,DIRECTIVE 2013/30/EU OF THE EUROPEAN PARLIAMENT AND OF THE COUNCIL of 12 June 2013 on safety of offshore oil and gas operations and amending Directive 2004/35/EC (Text with EEA relevance),L1,high,L1,6,13,19,92,0.335958,1068.389267,0.173203
32013R0526,32013R0526,2013,Regulation,Early 2010s,2010,REGULATION (EU) No 526/2013 OF THE EUROPEAN PARLIAMENT AND OF THE COUNCIL of 21 May 2013 concerning the European Union Agency for Network and Information Security (ENISA) and repealing Regulation (EC) No 460/2004 (Text with EEA relevance),L1,high,L1,3,0,3,92,0,0,0.5
32013R1159,32013R1159,2013,Regulation,Early 2010s,2010,COMMISSION DELEGATED REGULATION (EU) No 1159/2013 of 12 July 2013 supplementing Regulation (EU) No 911/2010 of the European Parliament and of the Council on the European Earth monitoring programme (GMES) by establishing registration and licensing conditions for GMES users and defining criteria for restricting access to GMES dedicated data and GMES service information (Text with EEA relevance),L2,high,L2,1,4,5,98,0.578947,0,0.25
32013R1315,32013R1315,2013,Regulation,Early 2010s,2010,REGULATION (EU) No 1315/2013 OF THE EUROPEAN PARLIAMENT AND OF THE COUNCIL of 11 December 2013 on Union guidelines for the development of the trans-European transport network and repealing Decision No 661/2010/EU (Text with EEA relevance),L1,high,L1,20,0,20,86,0,0,0.036842
32013R1379R(03),32013R1379,2013,Regulation,Early 2010s,2010,"REGULATION (EU) No 1379/2013 OF THE EUROPEAN PARLIAMENT AND OF THE COUNCIL of 11 December 2013 on the common organisation of the markets in fishery and aquaculture products, amending Council Regulations (EC) No 1184/2006 and (EC) No 1224/2009 and repealing Council Regulation (EC) No 104/2000",L1,high,L1,9,5,14,86,0.521739,42.537022,0.147436
32014D0119R(01),32014D0119,2014,Decision,Early 2010s,2010,"COUNCIL DECISION 2014/119/CFSP of 5 March 2014 concerning restrictive measures directed against certain persons, entities and bodies in view of the situation in Ukraine",L1,high,L1,6,2,8,96,1,9.666667,0.142857
32014D0762,32014D0762,2014,Decision,Early 2010s,2010,"COMMISSION IMPLEMENTING DECISION of 16 October 2014 laying down rules for the implementation of Decision No 1313/2013/EU of the European Parliament and of the Council on a Union Civil Protection Mechanism and repealing Commission Decisions 2004/277/EC, Euratom and 2007/606/EC, Euratom (notified under document C(2014) 7489) (Text with EEA relevance) (2014/762/EU)",L2,high,L2,3,0,3,99,0,0,0.166667
32014L0023R(05),32014L0023,2014,Directive,Early 2010s,2010,DIRECTIVE 2014/23/EU OF THE EUROPEAN PARLIAMENT AND OF THE COUNCIL of 26 February 2014 on the award of concession contracts (Text with EEA relevance),L1,high,L1,24,28,52,92,0.351617,3768.480791,0.082041
32014L0041R(02),32014L0041,2014,Directive,Early 2010s,2010,DIRECTIVE 2014/41/EU OF THE EUROPEAN PARLIAMENT AND OF THE COUNCIL of 3 April 2014 regarding the European Investigation Order in criminal matters,L1,high,L1,12,11,23,97,0.708333,155.486281,0.112554
32014L0056R(01),32014L0056,2014,Directive,Early 2010s,2010,DIRECTIVE 2014/56/EU OF THE EUROPEAN PARLIAMENT AND OF THE COUNCIL of 16 April 2014 amending Directive 2006/43/EC on statutory audits of annual accounts and consolidated accounts (Text with EEA relevance),L1,high,L1,3,14,17,80,0.352031,29.742602,0.233333
32014L0089R(01),32014L0089,2014,Directive,Early 2010s,2010,DIRECTIVE 2014/89/EU OF THE EUROPEAN PARLIAMENT AND OF THE COUNCIL of 23 July 2014 establishing a framework for maritime spatial planning,L1,high,L1,4,11,15,86,0.212488,133.588043,0.214286
32014O0015,32014O0015,2014,Legislative_Act,Early 2010s,2010,GUIDELINE OF THE EUROPEAN CENTRAL BANK of 4 April 2014 on monetary and financial statistics (recast) (ECB/2014/15) (2014/810/EU),L3,high,L3,4,0,4,80,0,0,0.166667
32014R0468R(04),32014R0468,2014,Regulation,Early 2010s,2010,REGULATION (EU) No 468/2014 OF THE EUROPEAN CENTRAL BANK of 16 April 2014 establishing the framework for cooperation within the Single Supervisory Mechanism between the European Central Bank and national competent authorities and with national designated authorities (SSM Framework Regulation) (ECB/2014/17),L1,low,L1,8,11,19,80,0.320423,198.298555,0.173203
32014R1042,32014R1042,2014,Regulation,Early 2010s,2010,COMMISSION DELEGATED REGULATION (EU) No 1042/2014 of 25 July 2014 supplementing Regulation (EU) No 514/2014 with regard to the designation and management and control responsibilities of Responsible Authorities and with regard to status and obligations of Audit Authorities,L2,high,L2,2,3,5,86,0.183333,19.833333,0.4
32015D0444,32015D0444,2015,Decision,Late 2010s,2010,"COMMISSION DECISION (EU, Euratom) 2015/444 of 13 March 2015 on the security rules for protecting EU classified information",L2,medium,L2,29,0,29,97,0,0,0.025862
32015R0848,32015R0848,2015,Regulation,Late 2010s,2010,REGULATION (EU) 2015/848 OF THE EUROPEAN PARLIAMENT AND OF THE COUNCIL of 20 May 2015 on insolvency proceedings (recast),L1,high,L1,3,10,13,97,0.290878,129.272166,0.083333
32015R1975,32015R1975,2015,Regulation,Late 2010s,2010,"COMMISSION IMPLEMENTING REGULATION (EU) 2015/1975 of 8 July 2015 setting out the frequency and the format of the reporting of irregularities concerning the European Agricultural Guarantee Fund and the European Agricultural Fund for Rural Development, under Regulation (EU) No 1306/2013 of the European Parliament and of the Council",L2,high,L2,2,0,2,86,0,0,1
32016L0097,32016L0097,2016,Directive,Late 2010s,2010,DIRECTIVE (EU) 2016/97 OF THE EUROPEAN PARLIAMENT AND OF THE COUNCIL of 20 January 2016 on insurance distribution (recast) (Text with EEA relevance),L1,high,L1,6,14,20,80,0.352848,399.359611,0.142105
32016L0681,32016L0681,2016,Directive,Late 2010s,2010,"DIRECTIVE (EU) 2016/681 OF THE EUROPEAN PARLIAMENT AND OF THE COUNCIL of 27 April 2016 on the use of passenger name record (PNR) data for the prevention, detection, investigation and prosecution of terrorist offences and serious crime",L1,high,L1,4,12,16,97,0.638889,198.920489,0.0125
32016R0399R(01),32016R0399,2016,Regulation,Late 2010s,2010,REGULATION (EU) 2016/399 OF THE EUROPEAN PARLIAMENT AND OF THE COUNCIL of 9 March 2016 on a Union Code on the rules governing the movement of persons across borders (Schengen Borders Code) (codification),L1,high,L1,10,12,22,97,0.584906,159.344522,0.204762
32016R1037R(01),32016R1037,2016,Regulation,Late 2010s,2010,REGULATION (EU) 2016/1037 OF THE EUROPEAN PARLIAMENT AND OF THE COUNCIL of 8 June 2016 on protection against subsidised imports from countries not members of the European Union (codification),L1,high,L1,4,6,10,96,0.192857,66.02491,0.236111
32016R1103R(02),32016R1103,2016,Regulation,Late 2010s,2010,"Council Regulation (EU) 2016/1103 of 24 June 2016 implementing enhanced cooperation in the area of jurisdiction, applicable law and the recognition and enforcement of decisions in matters of matrimonial property regimes",L2,high,L2,3,14,17,97,0.595745,12.107032,0.125
32016R2067,32016R2067,2016,Regulation,Late 2010s,2010,COMMISSION REGULATION (EU) 2016/2067 of 22 November 2016 amending Regulation (EC) No 1126/2008 adopting certain international accounting standards in accordance with Regulation (EC) No 1606/2002 of the European Parliament and of the Council as regards International Financial Reporting Standard 9 (Text with EEA relevance),L1,high,L1,1,0,1,80,0,0,0
32017C1213(01),32017C121301,2017,Legislative_Act,Late 2010s,2010,,L1,medium,L1,15,0,15,99,0,0,0.071429
32017L1371R(02),32017L1371,2017,Directive,Late 2010s,2010,DIRECTIVE (EU) 2017/1371 OF THE EUROPEAN PARLIAMENT AND OF THE COUNCIL of 5 July 2017 on the fight against fraud to the Union's financial interests by means of criminal law,L1,high,L1,26,20,46,99,0.272377,7643.796234,0.129798
32017R1151R(03),32017R1151,2017,Regulation,Late 2010s,2010,"COMMISSION REGULATION (EU) 2017/1151 of 1 June 2017 supplementing Regulation (EC) No 715/2007 of the European Parliament and of the Council on type-approval of motor vehicles with respect to emissions from light passenger and commercial vehicles (Euro 5 and Euro 6) and on access to vehicle repair and maintenance information, amending Directive 2007/46/EC of the European Parliament and of the Council, Commission Regulation (EC) No 692/2008 and Commission Regulation (EU) No 1230/2012 and repealing Commission Regulation (EC) No 692/2008 (Text with EEA relevance) LIST OF ANNEXES",L1,high,L1,6,2,8,63,1,0.616667,0.309524
32018D0300,32018D0300,2018,Decision,Late 2010s,2010,"COMMISSION IMPLEMENTING DECISION (EU) 2018/300 of 11 January 2018 on the compliance of the joint proposal submitted by the Member States concerned for the extension of the Atlantic rail freight corridor with Article 5 of Regulation (EU) No 913/2010 of the European Parliament and of the Council (notified under document C(2018) 51) (Only the French, German, Portuguese and Spanish texts are authentic)",L2,high,L2,0,1,1,9,0.5,0,0
32018R0231R(02),32018R0231,2018,Regulation,Late 2010s,2010,REGULATION (EU) 2018/231 OF THE EUROPEAN CENTRAL BANK of 26 January 2018 on statistical reporting requirements for pension funds(ECB/2018/2),L1,low,L1,2,10,12,80,0.277027,18.792857,0.172727
32018R0302R(03),32018R0302,2018,Regulation,Late 2010s,2010,"REGULATION (EU) 2018/302 OF THE EUROPEAN PARLIAMENT AND OF THE COUNCIL of 28 February 2018 on addressing unjustified geo-blocking and other forms of discrimination based on customers' nationality, place of residence or place of establishment within the internal market and amending Regulations (EC) No 2006/2004 and (EU) 2017/2394 and Directive 2009/22/EC (Text with EEA relevance) Statement by the Commission",L1,high,L1,3,23,26,92,0.356546,423.358056,0.071667
32019H0515(01),32019H051501,2019,Legislative_Act,Late 2010s,2010,,L1,medium,L1,3,0,3,77,0,0,0.5
32019L0878R(04),32019L0878,2019,Directive,Late 2010s,2010,"Directive (EU) 2019/878 of the European Parliament and of the Council of 20 May 2019 amending Directive 2013/36/EU as regards exempted entities, financial holding companies, mixed financial holding companies, remuneration, supervisory measures and powers and capital conservation measures (Text with EEA relevance.)",L1,high,L1,7,19,26,80,0.331061,274.496292,0.246667
32019L0944R(06),32019L0944,2019,Directive,Late 2010s,2010,Directive (EU) 2019/944 of the European Parliament and of the Council of 5 June 2019 on common rules for the internal market for electricity and amending Directive 2012/27/EU (recast) (Text with EEA relevance.),L1,high,L1,18,35,53,63,0.340307,4292.500633,0.108571
32019R0816R(02),32019R0816,2019,Regulation,Late 2010s,2010,Regulation (EU) 2019/816 of the European Parliament and of the Council of 17 April 2019 establishing a centralised system for the identification of Member States holding conviction information on third-country nationals and stateless persons (ECRIS-TCN) to supplement the European Criminal Records Information System and amending Regulation (EU) 2018/1726,L1,high,L1,5,24,29,97,0.289165,450.439419,0.191799
32021D0069,32021D0069,2021,Decision,2020s,2020,Commission Decision (EU) 2021/69 of 24 February 2020 on State aid SA.43549 (2017/C) (ex 2017/FC) (ex 2016/NN) (ex 2015/EO) implemented by Romania for CFR Marfă (notified under document C(2020) 1115) (Text with EEA relevance),L2,medium,L2,0,25,25,89,0.452489,0,0
32021D0593,32021D0593,2021,Decision,2020s,2020,Council Decision (EU) 2021/593 of 9 April 2021 on the position to be taken on behalf of the European Union within the European Committee for drawing up standards in the field of inland navigation and within the Central Commission for the Navigation of the Rhine on the adoption of standards concerning harmonised river information services,L1,high,L1,0,3,3,99,0.425926,0,0
32021R0693,32021R0693,2021,Regulation,2020s,2020,Regulation (EU) 2021/693 of the European Parliament and of the Council of 28 April 2021 establishing the Justice Programme and repealing Regulation (EU) No 1382/2013,L1,high,L1,2,31,33,99,0.299567,472.87259,0.094758
32021R0818,32021R0818,2021,Regulation,2020s,2020,Regulation (EU) 2021/818 of the European Parliament and of the Council of 20 May 2021 establishing the Creative Europe Programme (2021 to 2027) and repealing Regulation (EU) No 1295/2013 (Text with EEA relevance),L1,high,L1,1,26,27,99,0.29556,702.815446,0.103989
32021R1880,32021R1880,2021,Regulation,2020s,2020,Commission Implementing Regulation (EU) 2021/1880 of 26 October 2021 correcting the Polish language version of Implementing Regulation (EU) 2019/317 laying down a performance and charging scheme in the single European sky (Text with EEA relevance),L2,high,L2,0,3,3,9,0.219531,0,0.666667
32022D1972,32022D1972,2022,Decision,2020s,2020,Council Decision (CFSP) 2022/1972 of 17 October 2022 amending Decision (CFSP) 2022/339 on an assistance measure under the European Peace Facility to support the Ukrainian Armed Forces,L1,high,L1,0,6,6,77,0.196162,0,0.466667
32022R0355R(02),32022R0355,2022,Regulation,2020s,2020,Council Regulation (EU) 2022/355 of 2 March 2022 amending Regulation (EC) No 765/2006 concerning restrictive measures in view of the situation in Belarus,L1,high,L1,1,3,4,96,0.216304,0,0.333333
32022R1288,32022R1288,2022,Regulation,2020s,2020,"Commission Delegated Regulation (EU) 2022/1288 of 6 April 2022 supplementing Regulation (EU) 2019/2088 of the European Parliament and of the Council with regard to regulatory technical standards specifying the details of the content and presentation of the information in relation to the principle of ‘do no significant harm’, specifying the content, methodologies and presentation of information in relation to sustainability indicators and adverse sustainability impacts, and the content and presentation of the information in relation to the promotion of environmental or social characteristics and sustainable investment objectives in pre-contractual documents, on websites and in periodic reports (Text with EEA relevance)",L2,high,L2,1,15,16,80,0.305507,87.653468,0.166667
32022R1854,32022R1854,2022,Regulation,2020s,2020,Council Regulation (EU) 2022/1854 of 6 October 2022 on an emergency intervention to address high energy prices,L1,high,L1,3,0,3,99,0,0,0
32023Q02511,32023Q02511,2023,Legislative_Act,2020s,2020,Decision of the Governing Board of Smart Networks and Services Joint Undertaking No 18/2023 of 11 October 2023 laying down internal rules concerning restrictions of certain rights of data subjects in relation to processing of personal data in the framework of the functioning of the Smart Networks and Services Joint Undertaking [2023/2511],L1,medium,L1,0,6,6,97,0.2491,0,0.266667
32023R1214,32023R1214,2023,Regulation,2020s,2020,Council Regulation (EU) 2023/1214 of 23 June 2023 amending Regulation (EU) No 833/2014 concerning restrictive measures in view of Russia’s actions destabilising the situation in Ukraine,L1,high,L1,0,22,22,96,0.344705,0,0.075758
32023R2830,32023R2830,2023,Regulation,2020s,2020,"Commission Delegated Regulation (EU) 2023/2830 of 17 October 2023 supplementing Directive 2003/87/EC of the European Parliament and of the Council by laying down rules on the timing, administration and other aspects of auctioning of greenhouse gas emission allowances",L2,high,L2,0,18,18,80,0.302025,0,0.137255
32023R2842,32023R2842,2023,Regulation,2020s,2020,"Regulation (EU) 2023/2842 of the European Parliament and of the Council of 22 November 2023 amending Council Regulation (EC) No 1224/2009, and amending Council Regulations (EC) No 1967/2006 and (EC) No 1005/2008 and Regulations (EU) 2016/1139, (EU) 2017/2403 and (EU) 2019/473 of the European Parliament and of the Council as regards fisheries control",L1,high,L1,0,20,20,99,0.316482,0,0.081579
32024D1708,32024D1708,2024,Decision,2020s,2020,"Council Decision (EU) 2024/1708 of 30 May 2024 on the position to be taken on behalf of the European Union within the Specialised Committee on Social Security Coordination established by the Trade and Cooperation Agreement between the European Union and the European Atomic Energy Community, of the one part, and the United Kingdom of Great Britain and Northern Ireland, of the other part, as regards the adoption of a recommendation providing further guidance on the implementation of the Protocol on Social Security Coordination to that Agreement concerning the interpretation of Article SSC.11 of that Protocol on the legislation applicable to detached workers and self-employed persons temporarily working outside the competent State",L1,high,L1,0,3,3,99,0.345679,0,0.166667
32024H02476,32024H02476,2024,Legislative_Act,2020s,2020,Council Recommendation of 25 March 2024 on continuing coordinated demand-reduction measures for gas,L3,high,L3,1,0,1,63,0,0,0
32024R0900,32024R0900,2024,Regulation,2020s,2020,Regulation (EU) 2024/900 of the European Parliament and of the Council of 13 March 2024 on the transparency and targeting of political advertising (Text with EEA relevance),L1,high,L1,1,25,26,99,0.295892,13.188391,0.084615
32024R0949,32024R0949,2024,Regulation,2020s,2020,"Commission Implementing Regulation (EU) 2024/949 of 27 March 2024 establishing a common form for rail passengers’ reimbursement and compensation requests for delays, missed connections and cancellations of rail services in accordance with Regulation (EU) 2021/782 of the European Parliament and of the Council",L2,high,L2,0,2,2,99,0.254095,0,0
32024R2977,32024R2977,2024,Regulation,2020s,2020,Commission Implementing Regulation (EU) 2024/2977 of 28 November 2024 laying down rules for the application of Regulation (EU) No 910/2014 of the European Parliament and of the Council as regards person identification data and electronic attestations of attributes issued to European Digital Identity Wallets,L2,high,L2,2,8,10,97,0.259422,0,0.321429
32025L0025,32025L0025,2025,Directive,2020s,2020,Directive (EU) 2025/25 of the European Parliament and of the Council of 19 December 2024 amending Directives 2009/102/EC and (EU) 2017/1132 as regards further expanding and upgrading the use of digital tools and processes in company law (Text with EEA relevance),L1,high,L1,0,16,16,92,0.331064,0,0.095833
61984CJ0311,61984CJ0311,1984,Case_Law,Pre-Single European Act,1980,,L4,high,L4,3,0,3,89,0,0,0.333333
61989CJ0305,61989CJ0305,1989,Case_Law,Pre-Maastricht,1980,,L4,high,L4,7,0,7,89,0,0,0.02381
61994TJ0358,61994TJ0358,1994,Case_Law,1990s,1990,,L4,high,L4,2,0,2,89,0,0,0
62010CJ0399,62010CJ0399,2010,Case_Law,Early 2010s,2010,"Judgment of the Court (Grand Chamber), 19 March 2013.#Bouygues SA and Others v European Commission and Others.#Appeals — State aid — Financial measures in favour of France Télécom — Shareholder loan proposal — Public declarations by a member of the French government — Decision declaring the aid incompatible with the common market and not ordering its recovery — Meaning of State aid — Meaning of economic advantage — Meaning of commitment of State resources.#Joined Cases C‑399/10 P and C‑401/10 P.",L4,high,L4,2,0,2,89,0,0,0
62014TJ0423,62014TJ0423,2014,Case_Law,Early 2010s,2010,Judgment of the General Court (Sixth Chamber) of 1 February 2018.#Larko Geniki Metalleftiki kai Metallourgiki AE v European Commission.#State aid — Aid implemented by Greece — Decision declaring the aid incompatible with the internal market — Concept of State aid — Advantage — Private investor test — Amount of aid to be recovered — Commission Notice on State aid in the form of guarantees.#Case T-423/14.,L4,high,L4,1,0,1,89,0,0,0
11957E007,11957E007,1957,Treaty,Pre-Treaty of Rome,1950,,L1,high,L1,1,0,1,89,0,0,0
11957E206BIS,11957E206BIS,1957,Treaty,Pre-Treaty of Rome,1950,,L1,high,L1,1,0,1,57,0,0,0
11997E251,11997E251,1997,Treaty,1990s,1990,,L1,high,L1,15,0,15,98,0,0,0.009524
11997M025,11997M025,1997,Treaty,1990s,1990,,L1,high,L1,1,0,1,1,0,0,0
12002E080,12002E080,2002,Treaty,Early 2000s,2000,,L1,high,L1,9,0,9,89,0,0,0.041667
12002E095,12002E095,2002,Treaty,Early 2000s,2000,,L1,high,L1,6,0,6,92,0,0,0.033333
12006M028,12006M028,2006,Treaty,Late 2000s,2000,,L1,high,L1,1,0,1,1,0,0,0
12012M040,12012M040,2012,Treaty,Early 2010s,2010,,L1,high,L1,1,0,1,97,0,0,0
12016E016,12016E016,2016,Treaty,Late 2010s,2010,,L1,high,L1,16,0,16,97,0,0,0.083333
12016E034,12016E034,2016,Treaty,Late 2010s,2010,,L1,high,L1,2,0,2,92,0,0,0
12016E177,12016E177,2016,Treaty,Late 2010s,2010,,L1,high,L1,3,0,3,99,0,0,0.5
12016E290,12016E290,2016,Treaty,Late 2010s,2010,,L1,high,L1,139,0,139,99,0,0,0.02518
12016E313,12016E313,2016,Treaty,Late 2010s,2010,,L1,high,L1,8,0,8,97,0,0,0.071429
12016M/PRO/21,12016MPRO21,2016,Treaty,Late 2010s,2010,,L1,high,L1,31,0,31,97,0,0,0.046237
12016M029,12016M029,2016,Treaty,Late 2010s,2010,,L1,high,L1,39,0,39,96,0,0,0.002699
12016M031,12016M031,2016,Treaty,Late 2010s,2010,,L1,high,L1,9,0,9,77,0,0,0.027778
12016M042,12016M042,2016,Treaty,Late 2010s,2010,,L1,high,L1,27,0,27,77,0,0,0.025641
12016M046,12016M046,2016,Treaty,Late 2010s,2010,,L1,high,L1,9,0,9,77,0,0,0.180556
31968D0416,31968D0416,1968,Decision,Pre-Single European Act,1960,,L2,low,L2,1,0,1,63,0,0,0
31975L0405,31975L0405,1975,Directive,Pre-Single European Act,1970,,L1,low,L1,1,0,1,75,0,0,0
31976L0207,31976L0207,1976,Directive,Pre-Single European Act,1970,,L1,low,L1,2,0,2,97,0,0,0.5
31982D0529,31982D0529,1982,Decision,Pre-Single European Act,1980,,L2,low,L2,1,0,1,89,0,0,0
31983L0189,31983L0189,1983,Directive,Pre-Single European Act,1980,,L1,low,L1,6,0,6,19,0,0,0.066667
31984R1787,31984R1787,1984,Regulation,Pre-Single European Act,1980,,L1,low,L1,1,0,1,57,0,0,0
31986R4055R(01),31986R4055,1986,Regulation,Pre-Single European Act,1980,,L1,low,L1,3,3,6,57,1,1289.633333,0.2
31989D0336,31989D0336,1989,Decision,Pre-Maastricht,1980,,L2,low,L2,1,0,1,19,0,0,0
31992L0044,31992L0044,1992,Directive,Pre-Maastricht,1990,,L1,low,L1,3,0,3,19,0,0,0.166667
31993S3632,31993S3632,1993,Legislative_Act,1990s,1990,,L1,medium,L1,1,0,1,87,0,0,0
31994D0797,31994D0797,1994,Decision,1990s,1990,,L2,low,L2,1,0,1,19,0,0,0
31994D0998,31994D0998,1994,Decision,1990s,1990,,L2,low,L2,1,0,1,63,0,0,0
31994Y0427(01),31994Y042701,1994,Legislative_Act,1990s,1990,,L1,medium,L1,1,1,2,87,0.666667,0,0.5
31996L0053R(01),31996L0053,1996,Directive,1990s,1990,,L1,low,L1,8,3,11,98,1,139.456349,0.133333
31997L0067R(05),31997L0067,1997,Directive,1990s,1990,,L1,low,L1,11,9,20,92,0.833333,3448.811114,0.070175
31998D0190,31998D0190,1998,Decision,1990s,1990,,L2,low,L2,1,5,6,89,0.586207,11,0.1
31999D0573,31999D0573,1999,Decision,1990s,1990,,L2,low,L2,1,0,1,19,0,0,0
31999L0002,31999L0002,1999,Directive,1990s,1990,,L1,low,L1,2,3,5,63,1,415.391493,0
32002L0049R(01),32002L0049,2002,Directive,Early 2000s,2000,,L1,low,L1,5,5,10,98,0.833333,209.259805,0.180556
32002L0065R(01),32002L0065,2002,Directive,Early 2000s,2000,,L1,low,L1,11,5,16,80,0.75,991.053396,0.157143
32002R1605,32002R1605,2002,Regulation,Early 2000s,2000,,L1,low,L1,12,0,12,92,0,0,0.060606
32003D0664,32003D0664,2003,Decision,Early 2000s,2000,,L2,low,L2,1,0,1,27,0,0,0
32003G0228(01),32003G022801,2003,Legislative_Act,Early 2000s,2000,,L1,medium,L1,1,1,2,19,0.533333,0,0.5
32003L0004,32003L0004,2003,Directive,Early 2000s,2000,,L1,low,L1,18,2,20,92,1,63.526389,0.092105
32003R1745,32003R1745,2003,Regulation,Early 2000s,2000,,L1,low,L1,7,0,7,80,0,0,0.095238
32004D0033,32004D0033,2004,Decision,Early 2000s,2000,,L2,low,L2,0,12,12,89,0.530303,0,0.022727
32004L0039,32004L0039,2004,Directive,Early 2000s,2000,,L1,low,L1,42,0,42,80,0,0,0.082462
32004L0054R(02),32004L0054,2004,Directive,Early 2000s,2000,,L1,low,L1,2,5,7,92,1,3.153846,0.166667
32005D0456,32005D0456,2005,Decision,Late 2000s,2000,"DECISION NO 456/2005/EC OF THE EUROPEAN PARLIAMENT AND OF THE COUNCIL of 9 March 2005 establishing a multiannual Community programme to make digital content in Europe more accessible, usable and exploitable (Text with EEA relevance)",L1,high,L1,1,5,6,98,0.608696,5,0.1
32005D0928,32005D0928,2005,Decision,Late 2000s,2000,"COMMISSION DECISION of 20 December 2005 on the harmonisation of the 169,4-169,8125 MHz frequency band in the Community (notified under document number C(2005) 5003) (Text with EEA relevance) (2005/928/EC)",L2,medium,L2,2,0,2,19,0,0,0.5
32006L0111,32006L0111,2006,Directive,Late 2000s,2000,COMMISSION DIRECTIVE 2006/111/EC of 16 November 2006 on the transparency of financial relations between Member States and public undertakings as well as on financial transparency within certain undertakings (Text with EEA relevance) (Codified version),L2,medium,L2,5,2,7,89,1,87.166667,0
32006L0112R(20),32006L0112,2006,Directive,Late 2000s,2000,COUNCIL DIRECTIVE 2006/112/EC of 28 November 2006 on the common system of value added tax,L1,high,L1,33,6,39,96,0.608696,3506.059034,0.059033
32007D0256,32007D0256,2007,Decision,Late 2000s,2000,COMMISSION DECISION of 20 December 2006 on the aid scheme implemented by France under Article 39 CA of the General Tax Code — State aid C 46/2004 (ex NN 65/2004) (notified under document number C(2006) 6629) (Only the French version is authentic) (Text with EEA relevance) (2007/256/EC),L2,medium,L2,1,9,10,89,0.785714,11,0.011111
32007D0480,32007D0480,2007,Decision,Late 2000s,2000,"COMMISSION DECISION of 25 June 2007 on the compatibility with Community law of measures taken by France pursuant to Article 3a(1) of Council Directive 89/552/EEC on the coordination of certain provisions laid down by law, regulation or administrative action in Member States concerning the pursuit of television broadcasting activities (2007/480/EC)",L1,high,L1,1,1,2,92,1,1,0
32008L0118,32008L0118,2008,Directive,Late 2000s,2000,COUNCIL DIRECTIVE 2008/118/EC of 16 December 2008 concerning the general arrangements for excise duty and repealing Directive 92/12/EEC,L1,high,L1,6,0,6,96,0,0,0.2
32008R0300R(04),32008R0300,2008,Regulation,Late 2000s,2000,REGULATION (EC) No 300/2008 OF THE EUROPEAN PARLIAMENT AND OF THE COUNCIL of 11 March 2008 on common rules in the field of civil aviation security and repealing Regulation (EC) No 2320/2002 (Text with EEA relevance),L1,high,L1,12,7,19,9,1,543.694283,0.101307
32009D0407,32009D0407,2009,Decision,Late 2000s,2000,DECISION OF THE EUROPEAN PARLIAMENT AND OF THE COUNCIL of 6 May 2009 amending the Interinstitutional Agreement of 17 May 2006 on budgetary discipline and sound financial management as regards the multiannual financial framework (2007 to 2013) (2009/407/EC),L1,high,L1,1,0,1,86,0,0,0
32009D0765,32009D0765,2009,Decision,Late 2000s,2000,COMMISSION DECISION of 15 October 2009 concerning a request for exemption from the vehicle tax rules submitted by France pursuant to Article 6(2)(b) of Directive 1999/62/EC of the European Parliament and of the Council on the charging of heavy goods vehicles for the use of certain infrastructures (notified under document C(2009) 7761) (Only the French text is authentic) (Text with EEA relevance) (2009/765/EC),L1,high,L1,0,1,1,89,0.444444,0,0
32009L0065R(04),32009L0065,2009,Directive,Late 2000s,2000,"DIRECTIVE 2009/65/EC OF THE EUROPEAN PARLIAMENT AND OF THE COUNCIL of 13 July 2009 on the coordination of laws, regulations and administrative provisions relating to undertakings for collective investment in transferable securities (UCITS) (recast) (Text with EEA relevance)",L1,high,L1,45,12,57,80,0.455556,5838.491105,0.1
32009R0004,32009R0004,2009,Regulation,Late 2000s,2000,"COUNCIL REGULATION (EC) No 4/2009 of 18 December 2008 on jurisdiction, applicable law, recognition and enforcement of decisions and cooperation in matters relating to maintenance obligations",L1,high,L1,5,6,11,97,0.666667,1309.28741,0.154545
32009R1060R(02),32009R1060,2009,Regulation,Late 2000s,2000,REGULATION (EC) No 1060/2009 OF THE EUROPEAN PARLIAMENT AND OF THE COUNCIL of 16 September 2009 on credit rating agencies (Text with EEA relevance),L1,high,L1,19,15,34,80,1,775.982969,0.077652
32010R0904R(03),32010R0904,2010,Regulation,Early 2010s,2010,COUNCIL REGULATION (EU) No 904/2010 of 7 October 2010 on administrative cooperation and combating fraud in the field of value added tax (recast),L1,high,L1,10,6,16,96,0.454545,113.859524,0.157143
32011D0275,32011D0275,2011,Decision,Early 2010s,2010,COMMISSION DECISION of 26 April 2011 concerning a technical specification for interoperability relating to the ‘infrastructure’ subsystem of the trans-European conventional rail system (notified under document C(2011) 2741) (Text with EEA relevance) (2011/275/EU),L2,medium,L2,1,0,1,89,0,0,0
32011D0820(04),32011D082004,2011,Decision,Early 2010s,2010,,L2,low,L2,1,0,1,97,0,0,0
32011L0016R(04),32011L0016,2011,Directive,Early 2010s,2010,COUNCIL DIRECTIVE 2011/16/EU of 15 February 2011 on administrative cooperation in the field of taxation and repealing Directive 77/799/EEC,L1,high,L1,8,6,14,96,1,633.13437,0.185897
32011L0061R(04),32011L0061,2011,Directive,Early 2010s,2010,DIRECTIVE 2011/61/EU OF THE EUROPEAN PARLIAMENT AND OF THE COUNCIL of 8 June 2011 on Alternative Investment Fund Managers and amending Directives 2003/41/EC and 2009/65/EC and Regulations (EC) No 1060/2009 and (EU) No 1095/2010 (Text with EEA relevance),L1,high,L1,45,21,66,80,0.333333,1735.883504,0.128125
32011L0099,32011L0099,2011,Directive,Early 2010s,2010,DIRECTIVE 2011/99/EU OF THE EUROPEAN PARLIAMENT AND OF THE COUNCIL of 13 December 2011 on the European protection order,L1,high,L1,8,5,13,97,0.342105,295.508547,0.108974
32011R0282R(02),32011R0282,2011,Regulation,Early 2010s,2010,COUNCIL IMPLEMENTING REGULATION (EU) No 282/2011 of 15 March 2011 laying down implementing measures for Directive 2006/112/EC on the common system of value added tax (recast),L2,high,L2,6,6,12,96,0.46,156.474242,0.181818
32011R0305,32011R0305,2011,Regulation,Early 2010s,2010,REGULATION (EU) No 305/2011 OF THE EUROPEAN PARLIAMENT AND OF THE COUNCIL of 9 March 2011 laying down harmonised conditions for the marketing of construction products and repealing Council Directive 89/106/EEC (Text with EEA relevance),L1,high,L1,7,14,21,92,0.431472,3273.038286,0.088095
32011Y0224(01),32011Y022401,2011,Legislative_Act,Early 2010s,2010,,L1,medium,L1,1,1,2,80,0.24898,0,0.5
32012R0827R(01),32012R0827,2012,Regulation,Early 2010s,2010,"COMMISSION IMPLEMENTING REGULATION (EU) No 827/2012 of 29 June 2012 laying down implementing technical standards with regard to the means for public disclosure of net position in shares, the format of the information to be provided to the European Securities and Markets Authority in relation to net short positions, the types of agreements, arrangements and measures to adequately ensure that shares or sovereign debt instruments are available for settlement and the dates and period for the determination of the principal venue for a share according to Regulation (EU) No 236/2012 of the European Parliament and of the Council on short selling and certain aspects of credit default swaps (Text with EEA relevance)",L2,high,L2,2,4,6,80,0.303922,0.404762,0.4
32013R0098,32013R0098,2013,Regulation,Early 2010s,2010,REGULATION (EU) No 98/2013 OF THE EUROPEAN PARLIAMENT AND OF THE COUNCIL of 15 January 2013 on the marketing and use of explosives precursors (Text with EEA relevance),L1,high,L1,2,0,2,99,0,0,0
32013R0153R(03),32013R0153,2013,Regulation,Early 2010s,2010,COMMISSION DELEGATED REGULATION (EU) No 153/2013 of 19 December 2012 supplementing Regulation (EU) No 648/2012 of the European Parliament and of the Council with regard to regulatory technical standards on requirements for central counterparties (Text with EEA relevance),L2,high,L2,3,10,13,80,0.323725,39.552688,0.227273
32013R0167R(04),32013R0167,2013,Regulation,Early 2010s,2010,REGULATION (EU) No 167/2013 OF THE EUROPEAN PARLIAMENT AND OF THE COUNCIL of 5 February 2013 on the approval and market surveillance of agricultural and forestry vehicles (Text with EEA relevance),L1,high,L1,6,8,14,92,0.54386,140.817419,0.230769
32013R0168R(01),32013R0168,2013,Regulation,Early 2010s,2010,REGULATION (EU) No 168/2013 OF THE EUROPEAN PARLIAMENT AND OF THE COUNCIL of 15 January 2013 on the approval and market surveillance of two- or three-wheel vehicles and quadricycles (Text with EEA relevance) LIST OF ANNEXES,L1,high,L1,11,10,21,92,0.356164,332.795716,0.139474
32013R0389R(02),32013R0389,2013,Regulation,Early 2010s,2010,"COMMISSION REGULATION (EU) No 389/2013 of 2 May 2013 establishing a Union Registry pursuant to Directive 2003/87/EC of the European Parliament and of the Council, Decisions No 280/2004/EC and No 406/2009/EC of the European Parliament and of the Council and repealing Commission Regulations (EU) No 920/2010 and No 1193/2011 (Text with EEA relevance)",L1,high,L1,3,11,14,80,0.418605,79.414983,0.115385
32013R0519,32013R0519,2013,Regulation,Early 2010s,2010,"COMMISSION REGULATION (EU) No 519/2013 of 21 February 2013 adapting certain regulations and decisions in the fields of free movement of goods, freedom of movement for persons, right of establishment and freedom to provide services, company law, competition policy, agriculture, food safety, veterinary and phytosanitary policy, fisheries, transport policy, energy, taxation, statistics, social policy and employment, environment, customs union, external relations, and foreign, security and defence policy, by reason of the accession of Croatia",L2,medium,L2,1,5,6,98,0.857143,30.5,0
32014D0145R(05),32014D0145,2014,Decision,Early 2010s,2010,"COUNCIL DECISION 2014/145/CFSP of 17 March 2014 concerning restrictive measures in respect of actions undermining or threatening the territorial integrity, sovereignty and independence of Ukraine",L1,high,L1,16,2,18,96,1,31.666667,0.095588
32014L0045,32014L0045,2014,Directive,Early 2010s,2010,DIRECTIVE 2014/45/EU OF THE EUROPEAN PARLIAMENT AND OF THE COUNCIL of 3 April 2014 on periodic roadworthiness tests for motor vehicles and their trailers and repealing Directive 2009/40/EC (Text with EEA relevance),L1,high,L1,3,8,11,63,0.336111,290.519877,0.045455
32014L0090R(03),32014L0090,2014,Directive,Early 2010s,2010,DIRECTIVE 2014/90/EU OF THE EUROPEAN PARLIAMENT AND OF THE COUNCIL of 23 July 2014 on marine equipment and repealing Council Directive 96/98/EC (Text with EEA relevance),L1,high,L1,4,7,11,92,0.280514,101.569174,0.166667
32014R0139R(09),32014R0139,2014,Regulation,Early 2010s,2010,COMMISSION REGULATION (EU) No 139/2014 of 12 February 2014 laying down requirements and administrative procedures related to aerodromes pursuant to Regulation (EC) No 216/2008 of the European Parliament and of the Council (Text with EEA relevance),L1,high,L1,6,2,8,9,1,0.783333,0.238095
32014R0233,32014R0233,2014,Regulation,Early 2010s,2010,REGULATION (EU) No 233/2014 OF THE EUROPEAN PARLIAMENT AND OF THE COUNCIL of 11 March 2014 establishing a financing instrument for development cooperation for the period 2014-2020,L1,high,L1,2,0,2,86,0,0,0
32014R0463,32014R0463,2014,Regulation,Early 2010s,2010,"COMMISSION IMPLEMENTING REGULATION (EU) No 463/2014 of 5 May 2014 laying down pursuant to Regulation (EU) No 223/2014 of the European Parliament and of the Council on the Fund for European Aid to the Most Deprived, the terms and conditions applicable to the electronic data exchange system between the Member States and the Commission",L2,high,L2,0,7,7,86,0.205151,0,0.119048
32014R0508R(11),32014R0508,2014,Regulation,Early 2010s,2010,"REGULATION (EU) No 508/2014 OF THE EUROPEAN PARLIAMENT AND OF THE COUNCIL of 15 May 2014 on the European Maritime and Fisheries Fund and repealing Council Regulations (EC) No 2328/2003, (EC) No 861/2006, (EC) No 1198/2006 and (EC) No 791/2007 and Regulation (EU) No 1255/2011 of the European Parliament and of the Council",L1,high,L1,3,16,19,86,0.255946,310.821329,0.127451
32014R0537R(06),32014R0537,2014,Regulation,Early 2010s,2010,REGULATION (EU) No 537/2014 OF THE EUROPEAN PARLIAMENT AND OF THE COUNCIL of 16 April 2014 on specific requirements regarding statutory audit of public-interest entities and repealing Commission Decision 2005/909/EC (Text with EEA relevance),L1,high,L1,6,23,29,80,0.358974,84.340843,0.193732
32014R0680,32014R0680,2014,Regulation,Early 2010s,2010,COMMISSION IMPLEMENTING REGULATION (EU) No 680/2014 of 16 April 2014 laying down implementing technical standards with regard to supervisory reporting of institutions according to Regulation (EU) No 575/2013 of the European Parliament and of the Council (Text with EEA relevance),L2,high,L2,9,0,9,80,0,0,0.069444
32014R0806R(08),32014R0806,2014,Regulation,Early 2010s,2010,REGULATION (EU) No 806/2014 OF THE EUROPEAN PARLIAMENT AND OF THE COUNCIL of 15 July 2014 establishing uniform rules and a uniform procedure for the resolution of credit institutions and certain investment firms in the framework of a Single Resolution Mechanism and a Single Resolution Fund and amending Regulation (EU) No 1093/2010,L1,high,L1,18,27,45,80,0.352472,760.392984,0.150106
32014R1321R(07),32014R1321,2014,Regulation,Early 2010s,2010,"COMMISSION REGULATION (EU) No 1321/2014 of 26 November 2014 on the continuing airworthiness of aircraft and aeronautical products, parts and appliances, and on the approval of organisations and personnel involved in these tasks (Recast) (Text with EEA relevance)",L2,medium,L2,6,3,9,9,1,1.583333,0.392857
32014R1382,32014R1382,2014,Regulation,Early 2010s,2010,"COMMISSION DELEGATED REGULATION (EU) No 1382/2014 of 22 October 2014 amending Council Regulation (EC) No 428/2009 setting up a Community regime for the control of exports, transfer, brokering and transit of dual-use items",L2,high,L2,1,0,1,96,0,0,0
32015D2309,32015D2309,2015,Decision,Late 2010s,2010,COUNCIL DECISION (CFSP) 2015/2309 of 10 December 2015 on the promotion of effective arms export controls,L1,high,L1,2,1,3,77,0.454545,0,0.5
32015O0044,32015O0044,2015,Legislative_Act,Late 2010s,2010,GUIDELINE (EU) 2016/450 OF THE EUROPEAN CENTRAL BANK of 4 December 2015 amending Guideline ECB/2014/15 on monetary and financial statistics (ECB/2015/44),L3,high,L3,1,0,1,80,0,0,0
32015R1222R(04),32015R1222,2015,Regulation,Late 2010s,2010,COMMISSION REGULATION (EU) 2015/1222 of 24 July 2015 establishing a guideline on capacity allocation and congestion management (Text with EEA relevance),L3,high,L3,11,5,16,63,0.201699,107.377778,0.219048
32016L0680,32016L0680,2016,Directive,Late 2010s,2010,"DIRECTIVE (EU) 2016/680 OF THE EUROPEAN PARLIAMENT AND OF THE COUNCIL of 27 April 2016 on the protection of natural persons with regard to the processing of personal data by competent authorities for the purposes of the prevention, investigation, detection or prosecution of criminal offences or the execution of criminal penalties, and on the free movement of such data, and repealing Council Framework Decision 2008/977/JHA",L1,high,L1,42,10,52,97,0.268293,3698.340023,0.072941
32016R0467R(01),32016R0467,2016,Regulation,Late 2010s,2010,COMMISSION DELEGATED REGULATION (EU) 2016/467 of 30 September 2015 amending Commission Delegated Regulation (EU) 2015/35 concerning the calculation of regulatory capital requirements for several categories of assets held by insurance and reinsurance undertakings (Text with EEA relevance),L2,high,L2,1,7,8,80,0.296892,0,0.285714
32016R0631R(03),32016R0631,2016,Regulation,Late 2010s,2010,COMMISSION REGULATION (EU) 2016/631 of 14 April 2016 establishing a network code on requirements for grid connection of generators (Text with EEA relevance),L2,medium,L2,5,7,12,63,0.292308,182.290648,0.327273
32016R0908R(01),32016R0908,2016,Regulation,Late 2010s,2010,"COMMISSION DELEGATED REGULATION (EU) 2016/908 of 26 February 2016 supplementing Regulation (EU) No 596/2014 of the European Parliament and of the Council laying down regulatory technical standards on the criteria, the procedure and the requirements for establishing an accepted market practice and the requirements for maintaining it, terminating it or modifying the conditions for its acceptance (Text with EEA relevance)",L2,high,L2,1,8,9,80,0.333333,0,0.375
32016R1036,32016R1036,2016,Regulation,Late 2010s,2010,REGULATION (EU) 2016/1036 OF THE EUROPEAN PARLIAMENT AND OF THE COUNCIL of 8 June 2016 on protection against dumped imports from countries not members of the European Union (codification),L1,high,L1,4,5,9,96,0.221763,561.833333,0.166667
32016R1185R(03),32016R1185,2016,Regulation,Late 2010s,2010,COMMISSION IMPLEMENTING REGULATION (EU) 2016/1185 of 20 July 2016 amending Implementing Regulation (EU) No 923/2012 as regards the update and completion of the common rules of the air and operational provisions regarding services and procedures in air navigation (SERA Part C) and repealing Regulation (EC) No 730/2006 (Text with EEA relevance),L2,high,L2,1,7,8,9,0.360465,0,0.285714
32016R2338,32016R2338,2016,Regulation,Late 2010s,2010,REGULATION (EU) 2016/2338 OF THE EUROPEAN PARLIAMENT AND OF THE COUNCIL of 14 December 2016 amending Regulation (EC) No 1370/2007 concerning the opening of the market for domestic passenger transport services by rail (Text with EEA relevance),L1,high,L1,2,3,5,89,0.398773,12.142724,0.15
32017R0565R(01),32017R0565,2017,Regulation,Late 2010s,2010,COMMISSION DELEGATED REGULATION (EU) 2017/565 of 25 April 2016 supplementing Directive 2014/65/EU of the European Parliament and of the Council as regards organisational requirements and operating conditions for investment firms and defined terms for the purposes of that Directive (Text with EEA relevance),L2,high,L2,3,26,29,80,0.36465,89.977007,0.181217
32018L0645R(03),32018L0645,2018,Directive,Late 2010s,2010,DIRECTIVE (EU) 2018/645 OF THE EUROPEAN PARLIAMENT AND OF THE COUNCIL of 18 April 2018 amending Directive 2003/59/EC on the initial qualification and periodic training of drivers of certain road vehicles for the carriage of goods or passengers and Directive 2006/126/EC on driving licences (Text with EEA relevance),L1,high,L1,2,10,12,98,0.279799,2.744877,0.190909
32018R0956,32018R0956,2018,Regulation,Late 2010s,2010,Regulation (EU) 2018/956 of the European Parliament and of the Council of 28 June 2018 on the monitoring and reporting of CO2 emissions from and fuel consumption of new heavy-duty vehicles (Text with EEA relevance),L1,high,L1,3,0,3,63,0,0,0.333333
32018R1467,32018R1467,2018,Regulation,Late 2010s,2010,"Commission Delegated Regulation (EU) 2018/1467 of 27 July 2018 amending Delegated Regulation (EU) 2016/1675 supplementing Directive (EU) 2015/849 of the European Parliament and of the Council, as regards adding Pakistan to the table in point I of the Annex (Text with EEA relevance.)",L2,high,L2,0,1,1,80,0.265823,0,0
32019D0021(01),32019D002101,2019,Decision,Late 2010s,2010,,L2,low,L2,1,8,9,80,0.251433,7.833333,0.097222
32019D1912,32019D1912,2019,Decision,Late 2010s,2010,"Council Decision (EU) 2019/1912 of 11 November 2019 on the position to be taken, on behalf of the European Union, within the enlarged Commission of Eurocontrol, regarding principles for establishing the cost-base for en route charges and for the calculation of the unit rate, and regarding conditions of application of the route charges system and conditions of payment",L1,high,L1,0,5,5,9,0.21904,0,0.05
32019L2034R(05),32019L2034,2019,Directive,Late 2010s,2010,"Directive (EU) 2019/2034 of the European Parliament and of the Council of 27 November 2019 on the prudential supervision of investment firms and amending Directives 2002/87/EC, 2009/65/EC, 2011/61/EU, 2013/36/EU, 2014/59/EU and 2014/65/EU (Text with EEA relevance)",L1,high,L1,8,27,35,80,0.332031,798.688915,0.217803
32019R1700,32019R1700,2019,Regulation,Late 2010s,2010,"Regulation (EU) 2019/1700 of the European Parliament and of the Council of 10 October 2019 establishing a common framework for European statistics relating to persons and households, based on data at individual level collected from samples, amending Regulations (EC) No 808/2004, (EC) No 452/2008 and (EC) No 1338/2008 of the European Parliament and of the Council, and repealing Regulation (EC) No 1177/2003 of the European Parliament and of the Council and Council Regulation (EC) No 577/98 (Text with EEA relevance)",L1,high,L1,4,16,20,99,0.292945,1385.770033,0.063158
32019R2023,32019R2023,2019,Regulation,Late 2010s,2010,"Commission Regulation (EU) 2019/2023 of 1 October 2019 laying down ecodesign requirements for household washing machines and household washer-dryers pursuant to Directive 2009/125/EC of the European Parliament and of the Council, amending Commission Regulation (EC) No 1275/2008 and repealing Commission Regulation (EU) No 1015/2010 (Text with EEA relevance.)",L1,high,L1,2,8,10,92,0.325773,17.335714,0.233333
32019R2026R(02),32019R2026,2019,Regulation,Late 2010s,2010,"Council Implementing Regulation (EU) 2019/2026 of 21 November 2019 amending Implementing Regulation (EU) No 282/2011 as regards supplies of goods or services facilitated by electronic interfaces and the special schemes for taxable persons supplying services to non-taxable persons, making distance sales of goods and certain domestic supplies of goods",L2,high,L2,2,7,9,96,0.279895,176.633333,0.285714
32019R2176,32019R2176,2019,Regulation,Late 2010s,2010,Regulation (EU) 2019/2176 of the European Parliament and of the Council of 18 December 2019 amending Regulation (EU) No 1092/2010 on European Union macro-prudential oversight of the financial system and establishing a European Systemic Risk Board (Text with EEA relevance) (Text with EEA relevance),L1,high,L1,1,8,9,80,0.302989,5.097923,0.263889
32020D2253,32020D2253,2020,Decision,2020s,2020,"Council Decision (Euratom) 2020/2253 of 29 December 2020 approving the conclusion, by the European Commission, of the Agreement between the Government of the United Kingdom of Great Britain and Northern Ireland and the European Atomic Energy Community for Cooperation on the Safe and Peaceful Uses of Nuclear Energy and the conclusion, by the European Commission, on behalf of the European Atomic Energy Community, of the Trade and Cooperation Agreement between the European Union and the European Atomic Energy Community, of the one part, and the United Kingdom of Great Britain and Northern Ireland, of the other part",L1,high,L1,0,2,2,99,0.351351,0,0.5
32020Q0210(01),32020Q021001,2020,Legislative_Act,2020s,2020,,L1,medium,L1,0,4,4,97,0.264915,0,0.5
32020R0256R(01),32020R0256,2020,Regulation,2020s,2020,Commission Delegated Regulation (EU) 2020/256 of 16 December 2019 supplementing Regulation (EU) 2019/1700 of the European Parliament and of the Council by establishing a multiannual rolling planning (Text with EEA relevance),L2,high,L2,3,2,5,99,0.22703,0,0.416667
32020R0445,32020R0445,2020,Regulation,2020s,2020,"Commission Delegated Regulation (EU) 2020/445 of 15 October 2019 amending Annex II to Regulation (EU) No 516/2014 of the European Parliament and of the Council establishing the Asylum, Migration and Integration Fund",L2,high,L2,0,2,2,86,0.176389,0,1
32020R0877R(02),32020R0877,2020,Regulation,2020s,2020,"Commission Delegated Regulation (EU) 2020/877 of 3 April 2020 amending and correcting Delegated Regulation (EU) 2015/2446 supplementing Regulation (EU) No 952/2013, and amending Delegated Regulation (EU) 2016/341 supplementing Regulation (EU) No 952/2013, laying down the Union Customs Code",L2,high,L2,1,9,10,96,0.24048,0,0.236111
32020R1227,32020R1227,2020,Regulation,2020s,2020,Commission Implementing Regulation (EU) 2020/1227 of 12 November 2019 laying down implementing technical standards with regard to templates for the provision of information in accordance with the STS notification requirements (Text with EEA relevance),L2,high,L2,2,2,4,80,0.255255,0,0.5
32020R2223,32020R2223,2020,Regulation,2020s,2020,"Regulation (EU, Euratom) 2020/2223 of the European Parliament and of the Council of 23 December 2020 amending Regulation (EU, Euratom) No 883/2013, as regards cooperation with the European Public Prosecutor’s Office and the effectiveness of the European Anti-Fraud Office investigations",L1,high,L1,0,17,17,99,0.308122,0,0.117647
32021L2167R(03),32021L2167,2021,Directive,2020s,2020,Directive (EU) 2021/2167 of the European Parliament and of the Council of 24 November 2021 on credit servicers and credit purchasers and amending Directives 2008/48/EC and 2014/17/EU (Text with EEA relevance),L1,high,L1,1,26,27,80,0.337308,0,0.129231
32021R0664R(02),32021R0664,2021,Regulation,2020s,2020,Commission Implementing Regulation (EU) 2021/664 of 22 April 2021 on a regulatory framework for the U-space (Text with EEA relevance),L2,high,L2,2,6,8,9,0.277168,14.252381,0.333333
32021R0690R(02),32021R0690,2021,Regulation,2020s,2020,"Regulation (EU) 2021/690 of the European Parliament and of the Council of 28 April 2021 establishing a programme for the internal market, competitiveness of enterprises, including small and medium-sized enterprises, the area of plants, animals, food and feed, and European statistics (Single Market Programme) and repealing Regulations (EU) No 99/2013, (EU) No 1287/2013, (EU) No 254/2014 and (EU) No 652/2014 (Text with EEA relevance)",L1,high,L1,5,45,50,99,0.368281,2147.773222,0.112145
32021R0776R(01),32021R0776,2021,Regulation,2020s,2020,Commission Implementing Regulation (EU) 2021/776 of 11 May 2021 establishing templates for certain forms as well as technical rules for the effective exchange of information under Regulation (EU) 2018/1672 of the European Parliament and of the Council on controls on cash entering or leaving the Union,L2,high,L2,1,5,6,97,0.29223,0,0.25
32021R1153R(01),32021R1153,2021,Regulation,2020s,2020,Regulation (EU) 2021/1153 of the European Parliament and of the Council of 7 July 2021 establishing the Connecting Europe Facility and repealing Regulations (EU) No 1316/2013 and (EU) No 283/2014 (Text with EEA relevance),L1,high,L1,8,31,39,99,0.339313,3690.816852,0.13229
32022D1962,32022D1962,2022,Decision,2020s,2020,Council Decision (EU) 2022/1962 of 13 October 2022 on the position to be taken on behalf of the European Union within the European Committee for drawing up Standards in the field of Inland Navigation and within the Central Commission for the Navigation of the Rhine on the adoption of standards concerning inland navigation vessels and river information services,L1,high,L1,0,4,4,98,0.22298,0,0.166667
32022D2574,32022D2574,2022,Decision,2020s,2020,"Council Decision (EU) 2022/2574 of 19 December 2022 on the position to be taken on behalf of the Union within the Partnership Council established by the Trade and Cooperation Agreement between the European Union and the European Atomic Energy Community, of the one part, and the United Kingdom of Great Britain and Northern Ireland, of the other part, as regards the extension of the interim period referred to in Article 552(11) of that Agreement during which the United Kingdom may derogate from the obligation to delete Passenger Name Record data of passengers after their departure from the United Kingdom",L1,high,L1,0,8,8,99,0.435644,0,0.071429
32022R1280,32022R1280,2022,Regulation,2020s,2020,"Regulation (EU) 2022/1280 of the European Parliament and of the Council of 18 July 2022 laying down specific and temporary measures, in view of Russia’s invasion of Ukraine, concerning driver documents issued by Ukraine in accordance with its legislation (Text with EEA relevance)",L1,high,L1,0,9,9,99,0.352713,0,0.041667
32022R1994R(01),32022R1994,2022,Regulation,2020s,2020,"Commission Implementing Regulation (EU) 2022/1994 of 21 November 2022 amending the implementing technical standards laid down in Implementing Regulation (EU) 2021/451 as regards own funds, asset encumbrance, liquidity and reporting for the purposes of identifying global systemically important institutions (Text with EEA relevance)",L2,high,L2,1,11,12,80,0.263931,0,0.409091
32022R2577,32022R2577,2022,Regulation,2020s,2020,Council Regulation (EU) 2022/2577 of 22 December 2022 laying down a framework to accelerate the deployment of renewable energy,L1,high,L1,1,8,9,86,0.211793,243.571156,0.027778
32023D0310,32023D0310,2023,Decision,2020s,2020,"Council Decision (EU) 2023/310 of 6 February 2023 on the position to be taken on behalf of the European Union within the Specialised Committee on Social Security Coordination established under the Trade and Cooperation Agreement between the European Union and the European Atomic Energy Community, of the one part, and the United Kingdom of Great Britain and Northern Ireland, of the other part, as regards the use of the Electronic Exchange of Social Security Information for the transmission of data between institutions or liaison bodies",L1,high,L1,0,3,3,99,0.345679,0,0.166667
32023D1228,32023D1228,2023,Decision,2020s,2020,Commission Implementing Decision (EU) 2023/1228 of 7 June 2023 on the applicability of Article 34 of Directive 2014/25/EU of the European Parliament and of the Council to the award of contracts for the activity related to express parcel delivery services in Lithuania (notified under document C(2023)3641) (Only the Lithuanian text is authentic) (Text with EEA relevance),L2,high,L2,0,7,7,63,0.296009,0,0.02381
32023D2879,32023D2879,2023,Decision,2020s,2020,Commission Implementing Decision (EU) 2023/2879 of 15 December 2023 establishing the Work Programme relating to the development and deployment for the electronic systems provided for in the Union Customs Code,L2,high,L2,1,1,2,96,0.330357,0,0.5
32023R1230,32023R1230,2023,Regulation,2020s,2020,Regulation (EU) 2023/1230 of the European Parliament and of the Council of 14 June 2023 on machinery and repealing Directive 2006/42/EC of the European Parliament and of the Council and Council Directive 73/361/EEC (Text with EEA relevance),L1,high,L1,1,19,20,92,0.325787,139.456252,0.168421
32024D1470,32024D1470,2024,Decision,2020s,2020,Council Decision (CFSP) 2024/1470 of 21 May 2024 amending Decision 2014/512/CFSP concerning restrictive measures in view of Russia’s actions destabilising the situation in Ukraine,L1,high,L1,1,7,8,96,0.242872,1,0.125
32024D3182,32024D3182,2024,Decision,2020s,2020,"Council Decision (CFSP) 2024/3182 of 16 December 2024 amending Decision 2014/145/CFSP concerning restrictive measures in respect of actions undermining or threatening the territorial integrity, sovereignty and independence of Ukraine",L1,high,L1,1,3,4,96,0.26555,1,0.166667
32024L1619,32024L1619,2024,Directive,2020s,2020,"Directive (EU) 2024/1619 of the European Parliament and of the Council of 31 May 2024 amending Directive 2013/36/EU as regards supervisory powers, sanctions, third-country branches, and environmental, social and governance risks (Text with EEA relevance)",L1,high,L1,1,35,36,80,0.287658,132.633192,0.162698
32024R1107,32024R1107,2024,Regulation,2020s,2020,"Commission Delegated Regulation (EU) 2024/1107 of 13 March 2024 supplementing Regulation (EU) 2018/1139 of the European Parliament and of the Council by laying down detailed rules for the continuing airworthiness of certified unmanned aircraft systems and their components, and on the approval of organisations and personnel involved in these tasks",L2,high,L2,1,7,8,9,0.231766,10.298413,0.357143
32024R3110,32024R3110,2024,Regulation,2020s,2020,Regulation (EU) 2024/3110 of the European Parliament and of the Council of 27 November 2024 laying down harmonised rules for the marketing of construction products and repealing Regulation (EU) No 305/2011 (Text with EEA relevance),L1,high,L1,0,26,26,92,0.282489,0,0.123077
32025D1016,32025D1016,2025,Decision,2020s,2020,Commission Decision (EU) 2025/1016 of 16 May 2025 granting the Kingdom of Spain a derogation from certain provisions of Regulation (EU) 2019/943 of the European Parliament and of the Council and of Directive (EU) 2019/944 of the European Parliament and of the Council as regards Melilla (notified under document C(2025) 3175),L1,high,L1,0,4,4,63,0.258184,0,0.416667
32025L0002,32025L0002,2025,Directive,2020s,2020,"Directive (EU) 2025/2 of the European Parliament and of the Council of 27 November 2024 amending Directive 2009/138/EC as regards proportionality, quality of supervision, reporting, long-term guarantee measures, macro-prudential tools, sustainability risks and group and cross-border supervision, and amending Directives 2002/87/EC and 2013/34/EU (Text with EEA relevance)",L1,high,L1,0,35,35,80,0.283582,0,0.157143
61983CJ0013,61983CJ0013,1983,Case_Law,Pre-Single European Act,1980,,L4,high,L4,1,0,1,89,0,0,0
11957E054,11957E054,1957,Treaty,Pre-Treaty of Rome,1950,,L1,high,L1,2,0,2,19,0,0,0.5
11957E084,11957E084,1957,Treaty,Pre-Treaty of Rome,1950,,L1,high,L1,3,0,3,57,0,0,0
11957E092,11957E092,1957,Treaty,Pre-Treaty of Rome,1950,,L1,high,L1,1,0,1,89,0,0,0
11957E094,11957E094,1957,Treaty,Pre-Treaty of Rome,1950,,L1,high,L1,1,0,1,89,0,0,0
11992E130J,11992E130J,1992,Treaty,Pre-Maastricht,1990,,L1,high,L1,1,0,1,63,0,0,0
11997E014,11997E014,1997,Treaty,1990s,1990,,L1,high,L1,1,0,1,97,0,0,0
12002E083,12002E083,2002,Treaty,Early 2000s,2000,,L1,high,L1,2,0,2,92,0,0,0
12002E111,12002E111,2002,Treaty,Early 2000s,2000,,L1,high,L1,1,0,1,80,0,0,0
12006E300,12006E300,2006,Treaty,Late 2000s,2000,,L1,high,L1,8,0,8,98,0,0,0.017857
12010M029,12010M029,2010,Treaty,Early 2010s,2010,,L1,high,L1,2,0,2,96,0,0,0
12010M038,12010M038,2010,Treaty,Early 2010s,2010,,L1,high,L1,1,0,1,36,0,0,0
12010P041,12010P041,2010,Treaty,Early 2010s,2010,,L1,high,L1,1,0,1,80,0,0,0
12012E078,12012E078,2012,Treaty,Early 2010s,2010,,L1,high,L1,2,0,2,86,0,0,1
12012E294,12012E294,2012,Treaty,Early 2010s,2010,,L1,high,L1,65,0,65,86,0,0,0.024519
12016E/TXT,12016ETXT,2016,Treaty,Late 2010s,2010,,L1,high,L1,140,0,140,99,0,0,0.015982
12016E011,12016E011,2016,Treaty,Late 2010s,2010,,L1,high,L1,4,0,4,99,0,0,0.166667
12016E043,12016E043,2016,Treaty,Late 2010s,2010,,L1,high,L1,11,0,11,99,0,0,0.036364
12016P/TXT,12016PTXT,2016,Treaty,Late 2010s,2010,,L1,high,L1,107,0,107,99,0,0,0.020543
12016P021,12016P021,2016,Treaty,Late 2010s,2010,,L1,high,L1,11,0,11,99,0,0,0.045455
12016P024,12016P024,2016,Treaty,Late 2010s,2010,,L1,high,L1,8,0,8,97,0,0,0.053571
12019W/TXT,12019WTXT,2019,Treaty,Late 2010s,2010,,L1,high,L1,3,0,3,99,0,0,0
31968R0259R(03),31968R0259,1968,Regulation,Pre-Single European Act,1960,,L1,low,L1,21,1,22,97,0,0,0.133333
31973L0238,31973L0238,1973,Directive,Pre-Single European Act,1970,,L1,low,L1,1,0,1,63,0,0,0
31975D0510,31975D0510,1975,Decision,Pre-Single European Act,1970,,L2,low,L2,1,0,1,19,0,0,0
31976R3164,31976R3164,1976,Regulation,Pre-Single European Act,1970,,L1,low,L1,1,0,1,89,0,0,0
31988L0301,31988L0301,1988,Directive,Pre-Maastricht,1980,,L1,low,L1,1,0,1,19,0,0,0
31993L0013R(10),31993L0013,1993,Directive,1990s,1990,,L1,low,L1,18,3,21,92,1,1503.441825,0.134211
31993R3118,31993R3118,1993,Regulation,1990s,1990,,L1,low,L1,1,0,1,98,0,0,0
31995L0046,31995L0046,1995,Directive,1990s,1990,,L1,low,L1,114,0,114,80,0,0,0.024375
31995M0570,31995M0570,1995,Legislative_Act,1990s,1990,,L1,medium,L1,1,1,2,19,1,0,0.5
31996D1692,31996D1692,1996,Decision,1990s,1990,,L2,low,L2,2,0,2,92,0,0,0
31998R0232,31998R0232,1998,Regulation,1990s,1990,,L1,low,L1,1,0,1,80,0,0,0
31999Y1203(02),31999Y120302,1999,Legislative_Act,1990s,1990,,L1,medium,L1,1,0,1,57,0,0,0
32000D0383,32000D0383,2000,Decision,Early 2000s,2000,,L2,low,L2,1,0,1,80,0,0,0
32000L0060R(03),32000L0060,2000,Directive,Early 2000s,2000,,L1,low,L1,30,4,34,86,1,185.035994,0.096591
32002F0584R(05),32002F0584,2002,Legislative_Act,Early 2000s,2000,,L1,medium,L1,21,5,26,97,1,801.887185,0.126667
32002L0091,32002L0091,2002,Directive,Early 2000s,2000,,L1,low,L1,2,0,2,63,0,0,0
32003H0311,32003H0311,2003,Legislative_Act,Early 2000s,2000,,L1,medium,L1,1,0,1,63,0,0,0
32003L0033R(01),32003L0033,2003,Directive,Early 2000s,2000,,L1,low,L1,2,8,10,92,1,7.8,0.125
32003L0055,32003L0055,2003,Directive,Early 2000s,2000,,L1,low,L1,5,0,5,63,0,0,0.15
32003R1228,32003R1228,2003,Regulation,Early 2000s,2000,,L1,low,L1,1,0,1,63,0,0,0
32003R2273,32003R2273,2003,Regulation,Early 2000s,2000,,L1,low,L1,2,0,2,80,0,0,0
32004D0387R(01),32004D0387,2004,Decision,Early 2000s,2000,,L2,low,L2,2,1,3,98,0,0,0.5
32004R0725R(02),32004R0725,2004,Regulation,Early 2000s,2000,,L1,low,L1,4,8,12,98,0.818182,164.017102,0.163636
32004R0881,32004R0881,2004,Regulation,Early 2000s,2000,,L1,low,L1,9,0,9,89,0,0,0.041667
32005L0029R(03),32005L0029,2005,Directive,Late 2000s,2000,"DIRECTIVE 2005/29/EC OF THE EUROPEAN PARLIAMENT AND OF THE COUNCIL of 11 May 2005 concerning unfair business-to-consumer commercial practices in the internal market and amending Council Directive 84/450/EEC, Directives 97/7/EC, 98/27/EC and 2002/65/EC of the European Parliament and of the Council and Regulation (EC) No 2006/2004 of the European Parliament and of the Council (‘Unfair Commercial Practices Directive’) (Text with EEA relevance)",L1,high,L1,19,7,26,92,0.558824,592.081579,0.111667
32006E0242,32006E0242,2006,Legislative_Act,Late 2000s,2000,COUNCIL COMMON POSITION 2006/242/CFSP of 20 March 2006 relating to the 2006 Review Conference of the Biological and Toxin Weapons Convention (BTWC),L1,medium,L1,1,2,3,77,0.666667,8,0
32006R1013R(09),32006R1013,2006,Regulation,Late 2000s,2000,REGULATION (EC) No 1013/2006 OF THE EUROPEAN PARLIAMENT AND OF THE COUNCIL of 14 June 2006 on shipments of waste,L1,high,L1,10,7,17,92,1,207.103595,0.125
32006R1896R(07),32006R1896,2006,Regulation,Late 2000s,2000,REGULATION (EC) No 1896/2006 OF THE EUROPEAN PARLIAMENT AND OF THE COUNCIL of 12 December 2006 creating a European order for payment procedure,L1,high,L1,4,5,9,97,0.642857,10.264535,0.232143
32007O0009,32007O0009,2007,Legislative_Act,Late 2000s,2000,"GUIDELINE OF THE EUROPEAN CENTRAL BANK of 1 August 2007 on monetary, financial institutions and markets statistics (recast) (ECB/2007/9) (2007/830/EC)",L3,high,L3,2,0,2,80,0,0,0
32008D0049,32008D0049,2008,Decision,Late 2000s,2000,COMMISSION DECISION of 12 December 2007 concerning the implementation of the Internal Market Information System (IMI) as regards the protection of personal data (notified under document number C(2007) 6306) (Text with EEA relevance) (2008/49/EC),L2,medium,L2,3,0,3,98,0,0,0.166667
32008D0386,32008D0386,2008,Decision,Late 2000s,2000,COMMISSION DECISION of 23 April 2008 modifying Annex A to Decision 2006/679/EC concerning the technical specification for interoperability relating to the control-command and signalling subsystem of the trans-European conventional rail system and Annex A to Decision 2006/860/EC concerning the technical specification for interoperability relating to the control-command and signalling subsystem of the trans-European high-speed rail system (notified under document number C(2008) 1565) (Text with EEA relevance) (2008/386/EC),L2,medium,L2,2,0,2,89,0,0,0.5
32008L0068,32008L0068,2008,Directive,Late 2000s,2000,DIRECTIVE 2008/68/EC OF THE EUROPEAN PARLIAMENT AND OF THE COUNCIL of 24 September 2008 on the inland transport of dangerous goods (Text with EEA relevance),L1,high,L1,9,5,14,89,1,104.678972,0.027473
32008R0767R(02),32008R0767,2008,Regulation,Late 2000s,2000,REGULATION (EC) No 767/2008 OF THE EUROPEAN PARLIAMENT AND OF THE COUNCIL of 9 July 2008 concerning the Visa Information System (VIS) and the exchange of data between Member States on short-stay visas (VIS Regulation),L1,high,L1,12,11,23,97,0.916667,99.825021,0.175325
32009D0766,32009D0766,2009,Decision,Late 2000s,2000,COMMISSION DECISION of 16 October 2009 on the harmonisation of the 900 MHz and 1 800 MHz frequency bands for terrestrial systems capable of providing pan-European electronic communications services in the Community (notified under document C(2009) 7801) (Text with EEA relevance) (2009/766/EC),L2,medium,L2,2,0,2,19,0,0,0.5
32010D0427,32010D0427,2010,Decision,Early 2010s,2010,COUNCIL DECISION of 26 July 2010 establishing the organisation and functioning of the European External Action Service (2010/427/EU),L1,high,L1,6,0,6,99,0,0,0.066667
32010R0911,32010R0911,2010,Regulation,Early 2010s,2010,REGULATION (EU) No 911/2010 OF THE EUROPEAN PARLIAMENT AND OF THE COUNCIL of 22 September 2010 on the European Earth monitoring programme (GMES) and its initial operations (2011 to 2013) (Text with EEA relevance),L1,high,L1,3,0,3,19,0,0,0.333333
32011R1176,32011R1176,2011,Regulation,Early 2010s,2010,REGULATION (EU) No 1176/2011 OF THE EUROPEAN PARLIAMENT AND OF THE COUNCIL of 16 November 2011 on the prevention and correction of macroeconomic imbalances,L1,high,L1,10,1,11,86,1,15.77526,0.054545
32012R0258R(04),32012R0258,2012,Regulation,Early 2010s,2010,"REGULATION (EU) No 258/2012 OF THE EUROPEAN PARLIAMENT AND OF THE COUNCIL of 14 March 2012 implementing Article 10 of the United Nations’ Protocol against the illicit manufacturing of and trafficking in firearms, their parts and components and ammunition, supplementing the United Nations Convention against Transnational Organised Crime (UN Firearms Protocol), and establishing export authorisation, and import and transit measures for firearms, their parts and components and ammunition",L2,high,L2,9,11,20,96,0.605263,120.709199,0.116959
32012R0267R(07),32012R0267,2012,Regulation,Early 2010s,2010,COUNCIL REGULATION (EU) No 267/2012 of 23 March 2012 concerning restrictive measures against Iran and repealing Regulation (EU) No 961/2010,L1,high,L1,7,13,20,96,0.422619,280.973613,0.102339
32012R0295,32012R0295,2012,Regulation,Early 2010s,2010,COMMISSION IMPLEMENTING REGULATION (EU) No 295/2012 of 3 April 2012 amending Regulation (EC) No 474/2006 establishing the Community list of air carriers which are subject to an operating ban within the Community (Text with EEA relevance),L2,high,L2,1,5,6,9,0.538462,0.333333,0.366667
32012R0918,32012R0918,2012,Regulation,Early 2010s,2010,"COMMISSION DELEGATED REGULATION (EU) No 918/2012 of 5 July 2012 supplementing Regulation (EU) No 236/2012 of the European Parliament and of the Council on short selling and certain aspects of credit default swaps with regard to definitions, the calculation of net short positions, covered sovereign credit default swaps, notification thresholds, liquidity thresholds for suspending restrictions, significant falls in the value of financial instruments and adverse events (Text with EEA relevance)",L2,high,L2,3,4,7,80,0.302663,42.819661,0.266667
32012R1024R(01),32012R1024,2012,Regulation,Early 2010s,2010,REGULATION (EU) No 1024/2012 OF THE EUROPEAN PARLIAMENT AND OF THE COUNCIL of 25 October 2012 on administrative cooperation through the Internal Market Information System and repealing Commission Decision 2008/49/EC (‘the IMI Regulation’) (Text with EEA relevance),L1,high,L1,6,12,18,98,0.336257,1480.576105,0.136029
32013D0755,32013D0755,2013,Decision,Early 2010s,2010,COUNCIL DECISION 2013/755/EU of 25 November 2013 on the association of the overseas countries and territories with the European Union (‘Overseas Association Decision’),L1,high,L1,13,0,13,99,0,0,0.121795
32013R0149R(01),32013R0149,2013,Regulation,Early 2010s,2010,"COMMISSION DELEGATED REGULATION (EU) No 149/2013 of 19 December 2012 supplementing Regulation (EU) No 648/2012 of the European Parliament and of the Council with regard to regulatory technical standards on indirect clearing arrangements, the clearing obligation, the public register, access to a trading venue, non-financial counterparties, and risk mitigation techniques for OTC derivatives contracts not cleared by a CCP (Text with EEA relevance)",L2,high,L2,5,7,12,80,0.301099,347.917917,0.209091
32013R0575,32013R0575,2013,Regulation,Early 2010s,2010,REGULATION (EU) No 575/2013 OF THE EUROPEAN PARLIAMENT AND OF THE COUNCIL of 26 June 2013 on prudential requirements for credit institutions and investment firms and amending Regulation (EU) No 648/2012 (Text with EEA relevance),L1,high,L1,99,26,125,80,0.357602,12064.721076,0.055534
32013R0885,32013R0885,2013,Regulation,Early 2010s,2010,,L1,low,L1,1,5,6,98,0.508475,3.25,0.2
32013R1022,32013R1022,2013,Regulation,Early 2010s,2010,REGULATION (EU) No 1022/2013 OF THE EUROPEAN PARLIAMENT AND OF THE COUNCIL of 22 October 2013 amending Regulation (EU) No 1093/2010 establishing a European Supervisory Authority (European Banking Authority) as regards the conferral of specific tasks on the European Central Bank pursuant to Council Regulation (EU) No 1024/2013,L1,high,L1,1,9,10,80,0.316759,37.917677,0.155556
32013R1303R(03),32013R1303,2013,Regulation,Early 2010s,2010,"REGULATION (EU) No 1303/2013 OF THE EUROPEAN PARLIAMENT AND OF THE COUNCIL of 17 December 2013 laying down common provisions on the European Regional Development Fund, the European Social Fund, the Cohesion Fund, the European Agricultural Fund for Rural Development and the European Maritime and Fisheries Fund and laying down general provisions on the European Regional Development Fund, the European Social Fund, the Cohesion Fund and the European Maritime and Fisheries Fund and repealing Council Regulation (EC) No 1083/2006",L1,high,L1,28,20,48,86,0.303867,22956.773421,0.078978
32013R1304R(03),32013R1304,2013,Regulation,Early 2010s,2010,REGULATION (EU) No 1304/2013 OF THE EUROPEAN PARLIAMENT AND OF THE COUNCIL of 17 December 2013 on the European Social Fund and repealing Council Regulation (EC) No 1081/2006,L1,high,L1,6,6,12,86,0.237581,1073.749784,0.25
32013R1407,32013R1407,2013,Regulation,Early 2010s,2010,COMMISSION REGULATION (EU) No 1407/2013 of 18 December 2013 on the application of Articles 107 and 108 of the Treaty on the Functioning of the European Union tode minimisaid (Text with EEA relevance),L2,medium,L2,4,0,4,99,0,0,0.25
32014L0025,32014L0025,2014,Directive,Early 2010s,2010,"DIRECTIVE 2014/25/EU OF THE EUROPEAN PARLIAMENT AND OF THE COUNCIL of 26 February 2014 on procurement by entities operating in the water, energy, transport and postal services sectors and repealing Directive 2004/17/EC (Text with EEA relevance)",L1,high,L1,43,34,77,92,0.374813,13559.872567,0.046667
32014L0040,32014L0040,2014,Directive,Early 2010s,2010,"DIRECTIVE 2014/40/EU OF THE EUROPEAN PARLIAMENT AND OF THE COUNCIL of 3 April 2014 on the approximation of the laws, regulations and administrative provisions of the Member States concerning the manufacture, presentation and sale of tobacco and related products and repealing Directive 2001/37/EC (Text with EEA relevance)",L1,high,L1,1,11,12,92,0.365546,25.141822,0.015152
32014L0107R(03),32014L0107,2014,Directive,Early 2010s,2010,COUNCIL DIRECTIVE 2014/107/EU of 9 December 2014 amending Directive 2011/16/EU as regards mandatory automatic exchange of information in the field of taxation,L1,high,L1,3,3,6,96,0.6,1.333333,0.4
32014R0165R(01),32014R0165,2014,Regulation,Early 2010s,2010,"REGULATION (EU) No 165/2014 OF THE EUROPEAN PARLIAMENT AND OF THE COUNCIL of 4 February 2014 on tachographs in road transport, repealing Council Regulation (EEC) No 3821/85 on recording equipment in road transport and amending Regulation (EC) No 561/2006 of the European Parliament and of the Council on the harmonisation of certain social legislation relating to road transport (Text with EEA relevance)",L1,high,L1,11,13,24,98,0.415842,789.149908,0.104743
32014R0283,32014R0283,2014,Regulation,Early 2010s,2010,REGULATION (EU) No 283/2014 OF THE EUROPEAN PARLIAMENT AND OF THE COUNCIL of 11 March 2014 on guidelines for trans-European networks in the area of telecommunications infrastructure and repealing Decision No 1336/97/EC (Text with EEA relevance),L1,high,L1,4,0,4,99,0,0,0.166667
32014R0377,32014R0377,2014,Regulation,Early 2010s,2010,REGULATION (EU) No 377/2014 OF THE EUROPEAN PARLIAMENT AND OF THE COUNCIL of 3 April 2014 establishing the Copernicus Programme and repealing Regulation (EU) No 911/2010 (Text with EEA relevance),L1,high,L1,2,0,2,63,0,0,0
32014R0515R(02),32014R0515,2014,Regulation,Early 2010s,2010,"REGULATION (EU) No 515/2014 OF THE EUROPEAN PARLIAMENT AND OF THE COUNCIL of 16 April 2014 establishing, as part of the Internal Security Fund, the instrument for financial support for external borders and visa and repealing Decision No 574/2007/EC",L1,high,L1,11,14,25,97,0.214407,740.750531,0.185771
32014R0655R(04),32014R0655,2014,Regulation,Early 2010s,2010,REGULATION (EU) No 655/2014 OF THE EUROPEAN PARLIAMENT AND OF THE COUNCIL of 15 May 2014 establishing a European Account Preservation Order procedure to facilitate cross-border debt recovery in civil and commercial matters,L1,high,L1,2,9,11,97,0.286408,62.051393,0.233333
32014R0833,32014R0833,2014,Regulation,Early 2010s,2010,COUNCIL REGULATION (EU) No 833/2014 of 31 July 2014 concerning restrictive measures in view of Russia's actions destabilising the situation in Ukraine,L1,high,L1,23,3,26,96,0.454545,158.950954,0.024615
32015D1814R(02),32015D1814,2015,Decision,Late 2010s,2010,DECISION (EU) 2015/1814 OF THE EUROPEAN PARLIAMENT AND OF THE COUNCIL of 6 October 2015 concerning the establishment and operation of a market stability reserve for the Union greenhouse gas emission trading scheme and amending Directive 2003/87/EC (Text with EEA relevance),L1,high,L1,3,3,6,80,0.5,0,0.4
32015R1589R(02),32015R1589,2015,Regulation,Late 2010s,2010,COUNCIL REGULATION (EU) 2015/1589 of 13 July 2015 laying down detailed rules for the application of Article 108 of the Treaty on the Functioning of the European Union (codification) (Text with EEA relevance),L1,high,L1,9,4,13,89,1,19,0.083333
32015R2446R(01),32015R2446,2015,Regulation,Late 2010s,2010,COMMISSION DELEGATED REGULATION (EU) 2015/2446 of 28 July 2015 supplementing Regulation (EU) No 952/2013 of the European Parliament and of the Council as regards detailed rules concerning certain provisions of the Union Customs Code TABLE OF CONTENTS,L2,high,L2,12,8,20,96,0.311715,2125.102744,0.173203
32016L0943R(01),32016L0943,2016,Directive,Late 2010s,2010,"DIRECTIVE (EU) 2016/943 OF THE EUROPEAN PARLIAMENT AND OF THE COUNCIL of 8 June 2016 on the protection of undisclosed know-how and business information (trade secrets) against their unlawful acquisition, use and disclosure (Text with EEA relevance)",L1,high,L1,15,9,24,92,0.297746,1271.679496,0.114625
32016L1629R(01),32016L1629,2016,Directive,Late 2010s,2010,"DIRECTIVE (EU) 2016/1629 OF THE EUROPEAN PARLIAMENT AND OF THE COUNCIL of 14 September 2016 laying down technical requirements for inland waterway vessels, amending Directive 2009/100/EC and repealing Directive 2006/87/EC LIST OF ANNEXES",L1,high,L1,3,12,15,98,0.277846,236.583333,0.126374
32016R0172,32016R0172,2016,Regulation,Late 2010s,2010,COMMISSION DELEGATED REGULATION (EU) 2016/172 of 24 November 2015 supplementing Regulation (EU) No 691/2011 of the European Parliament and of the Council as regards specification of the energy products (Text with EEA relevance),L2,high,L2,0,1,1,63,0.533333,0,0
32016R1011R(01),32016R1011,2016,Regulation,Late 2010s,2010,REGULATION (EU) 2016/1011 OF THE EUROPEAN PARLIAMENT AND OF THE COUNCIL of 8 June 2016 on indices used as benchmarks in financial instruments and financial contracts or to measure the performance of investment funds and amending Directives 2008/48/EC and 2014/17/EU and Regulation (EU) No 596/2014 (Text with EEA relevance),L1,high,L1,11,31,42,80,0.383392,621.522797,0.115244
32016R1104,32016R1104,2016,Regulation,Late 2010s,2010,"COUNCIL REGULATION (EU) 2016/1104 of 24 June 2016 implementing enhanced cooperation in the area of jurisdiction, applicable law and the recognition and enforcement of decisions in matters of the property consequences of registered partnerships",L2,high,L2,2,12,14,97,0.583333,11.407032,0.076923
32016R1447R(01),32016R1447,2016,Regulation,Late 2010s,2010,COMMISSION REGULATION (EU) 2016/1447 of 26 August 2016 establishing a network code on requirements for grid connection of high voltage direct current systems and direct current-connected power park modules (Text with EEA relevance),L2,medium,L2,2,6,8,63,0.229748,0,0.47619
32017D1908R(01),32017D1908,2017,Decision,Late 2010s,2010,COUNCIL DECISION (EU) 2017/1908 of 12 October 2017 on the putting into effect of certain provisions of the Schengenacquisrelating to the Visa Information System in the Republic of Bulgaria and Romania,L1,high,L1,4,5,9,97,0.571429,10,0.428571
32017R0215,32017R0215,2017,Regulation,Late 2010s,2010,"COMMISSION DELEGATED REGULATION (EU) 2017/215 of 30 November 2016 amending Regulation (EU) No 98/2013 of the European Parliament and of the Council, as regards adding magnesium nitrate hexahydrate to the list of explosives precursors in Annex II (Text with EEA relevance)",L2,high,L2,1,0,1,92,0,0,0
32017R1369R(01),32017R1369,2017,Regulation,Late 2010s,2010,REGULATION (EU) 2017/1369 OF THE EUROPEAN PARLIAMENT AND OF THE COUNCIL of 4 July 2017 setting a framework for energy labelling and repealing Directive 2010/30/EU (Text with EEA relevance),L1,high,L1,12,13,25,92,0.300412,1053.652034,0.132246
32018L2001R(02),32018L2001,2018,Directive,Late 2010s,2010,Directive (EU) 2018/2001 of the European Parliament and of the Council of 11 December 2018 on the promotion of the use of energy from renewable sources (recast) (Text with EEA relevance.),L1,high,L1,34,26,60,63,0.350081,2073.826963,0.110708
32018L2002R(03),32018L2002,2018,Directive,Late 2010s,2010,Directive (EU) 2018/2002 of the European Parliament and of the Council of 11 December 2018 amending Directive 2012/27/EU on energy efficiency (Text with EEA relevance.),L1,high,L1,3,11,14,63,0.318248,18.117944,0.205128
32018R0105,32018R0105,2018,Regulation,Late 2010s,2010,"COMMISSION DELEGATED REGULATION (EU) 2018/105 of 27 October 2017 amending Delegated Regulation (EU) 2016/1675, as regards adding Ethiopia to the list of high-risk third countries in the table in point I of the Annex (Text with EEA relevance)",L2,high,L2,0,1,1,80,0.265823,0,0
32019L0883,32019L0883,2019,Directive,Late 2010s,2010,"Directive (EU) 2019/883 of the European Parliament and of the Council of 17 April 2019 on port reception facilities for the delivery of waste from ships, amending Directive 2010/65/EU and repealing Directive 2000/59/EC (Text with EEA relevance)",L1,high,L1,5,15,20,99,0.259897,1279.615417,0.081579
32019R0945R(04),32019R0945,2019,Regulation,Late 2010s,2010,Commission Delegated Regulation (EU) 2019/945 of 12 March 2019 on unmanned aircraft systems and on third-country operators of unmanned aircraft systems,L2,high,L2,4,13,17,9,0.304444,188.477148,0.195238
32019R1149R(01),32019R1149,2019,Regulation,Late 2010s,2010,"Regulation (EU) 2019/1149 of the European Parliament and of the Council of 20 June 2019 establishing a European Labour Authority, amending Regulations (EC) No 883/2004, (EU) No 492/2011, and (EU) 2016/589 and repealing Decision (EU) 2016/344 (Text with relevance for the EEA and for Switzerland)",L1,high,L1,4,24,28,97,0.291921,778.105128,0.068376
32019R1163R(01),32019R1163,2019,Regulation,Late 2010s,2010,Commission Implementing Regulation (EU) 2019/1163 of 5 July 2019 amending and setting out a single list for the Annexes containing contact details of Member States competent authorities and address for notifications to the European Commission to certain Regulations concerning restrictive measures,L2,high,L2,1,8,9,96,0.255053,0,0.142857
32020H1563,32020H1563,2020,Legislative_Act,2020s,2020,Commission Recommendation (EU) 2020/1563 of 14 October 2020 on energy poverty,L3,high,L3,2,0,2,63,0,0,0
32020Q0902(01),32020Q090201,2020,Legislative_Act,2020s,2020,,L1,medium,L1,0,4,4,97,0.23036,0,0.25
32020R0852R(06),32020R0852,2020,Regulation,2020s,2020,"Regulation (EU) 2020/852 of the European Parliament and of the Council of 18 June 2020 on the establishment of a framework to facilitate sustainable investment, and amending Regulation (EU) 2019/2088 (Text with EEA relevance)",L1,high,L1,28,45,73,99,0.355803,12952.549675,0.072966
32020R1054R(01),32020R1054,2020,Regulation,2020s,2020,"Regulation (EU) 2020/1054 of the European Parliament and of the Council of 15 July 2020 amending Regulation (EC) No 561/2006 as regards minimum requirements on maximum daily and weekly driving times, minimum breaks and daily and weekly rest periods and Regulation (EU) No 165/2014 as regards positioning by means of tachographs",L1,high,L1,1,17,18,98,0.256647,0,0.176471
32020R1225R(01),32020R1225,2020,Regulation,2020s,2020,"Commission Implementing Regulation (EU) 2020/1225 of 29 October 2019 laying down implementing technical standards with regard to the format and standardised templates for making available the information and details of a securitisation by the originator, sponsor and SSPE (Text with EEA relevance)",L2,high,L2,3,6,9,80,0.262835,2.208333,0.446429
32020R2254R(01),32020R2254,2020,Regulation,2020s,2020,Commission Implementing Regulation (EU) 2020/2254 of 29 December 2020 on the making out of statements on origin on the basis of supplier’s declarations for preferential exports to the United Kingdom during a transitory period,L2,high,L2,1,4,5,96,0.223288,0,0.333333
32021D0826,32021D0826,2021,Decision,2020s,2020,"Commission Decision (EU) 2021/826 of 17 May 2021 on relief from import duties and VAT exemption granted for goods imported by Belgium as response to the assistance requested by Greece in order to deal with the migration crisis (notified under document C(2021) 3274) (Only the Dutch, the French and the Greek texts are authentic)",L2,medium,L2,0,1,1,99,0.38806,0,0
32021D2111,32021D2111,2021,Decision,2020s,2020,"Council Decision (EU) 2021/2111 of 25 November 2021 on the position to be taken on behalf of the European Union, under the Trade and Cooperation Agreement between the European Union and the European Atomic Energy Community, of the one part, and the United Kingdom of Great Britain and Northern Ireland, of the other part, as regards the establishment of a Working Group on Fisheries and the adoption of its rules of procedure",L1,high,L1,0,4,4,99,0.353659,0,0.333333
32021D2293,32021D2293,2021,Decision,2020s,2020,Council Decision (EU) 2021/2293 of 20 December 2021 on the position to be taken on behalf of the Union in the Partnership Council established by the Trade and Cooperation Agreement with the United Kingdom regarding the extension of the derogation from the obligation to delete passenger name record data of passengers after their departure from the United Kingdom,L1,high,L1,0,8,8,99,0.435644,0,0.071429
32021R0696R(01),32021R0696,2021,Regulation,2020s,2020,"Regulation (EU) 2021/696 of the European Parliament and of the Council of 28 April 2021 establishing the Union Space Programme and the European Union Agency for the Space Programme and repealing Regulations (EU) No 912/2010, (EU) No 1285/2013 and (EU) No 377/2014 and Decision No 541/2014/EU",L1,high,L1,13,55,68,99,0.355045,7980.311095,0.066486
32021R0784R(01),32021R0784,2021,Regulation,2020s,2020,Regulation (EU) 2021/784 of the European Parliament and of the Council of 29 April 2021 on addressing the dissemination of terrorist content online (Text with EEA relevance),L1,high,L1,4,17,21,92,0.296167,386.901173,0.147368
32021R1060R(05),32021R1060,2021,Regulation,2020s,2020,"Regulation (EU) 2021/1060 of the European Parliament and of the Council of 24 June 2021 laying down common provisions on the European Regional Development Fund, the European Social Fund Plus, the Cohesion Fund, the Just Transition Fund and the European Maritime, Fisheries and Aquaculture Fund and financial rules for those and for the Asylum, Migration and Integration Fund, the Internal Security Fund and the Instrument for Financial Support for Border Management and Visa Policy",L1,high,L1,18,49,67,99,0.365884,4924.194215,0.101687
32022D0567,32022D0567,2022,Decision,2020s,2020,"Council Decision (EU) 2022/567 of 4 April 2022 on the position to be taken on behalf of the European Union within the Partnership Council established by the Trade and Cooperation Agreement between the European Union and the European Atomic Energy Community, of the one part, and the United Kingdom of Great Britain and Northern Ireland, of the other part, on the adoption of the operational guidelines for the conduct of the Civil Society Forum",L1,high,L1,0,6,6,99,0.369048,0,0.033333
32022R0334R(02),32022R0334,2022,Regulation,2020s,2020,Council Regulation (EU) 2022/334 of 28 February 2022 amending Council Regulation (EU) No 833/2014 concerning restrictive measures in view of Russia’s actions destabilising the situation in Ukraine,L1,high,L1,1,6,7,96,0.186312,0,0.2
32022R1269R(04),32022R1269,2022,Regulation,2020s,2020,Council Regulation (EU) 2022/1269 of 21 July 2022 amending Regulation (EU) No 833/2014 concerning restrictive measures in view of Russia’s actions destabilising the situation in Ukraine,L1,high,L1,1,12,13,92,0.296557,0,0.19697
32022R2399,32022R2399,2022,Regulation,2020s,2020,Regulation (EU) 2022/2399 of the European Parliament and of the Council of 23 November 2022 establishing the European Union Single Window Environment for Customs and amending Regulation (EU) No 952/2013,L1,high,L1,5,14,19,92,0.278999,647.053654,0.160819
32023R0444R(01),32023R0444,2023,Regulation,2020s,2020,Commission Delegated Regulation (EU) 2023/444 of 16 December 2022 supplementing Directive (EU) 2018/1972 of the European Parliament and of the Council with measures to ensure effective access to emergency services through emergency communications to the single European emergency number ‘112’ (Text with EEA relevance),L2,high,L2,1,7,8,92,0.281457,0,0.285714
32023R0839,32023R0839,2023,Regulation,2020s,2020,"Regulation (EU) 2023/839 of the European Parliament and of the Council of 19 April 2023 amending Regulation (EU) 2018/841 as regards the scope, simplifying the reporting and compliance rules, and setting out the targets of the Member States for 2030, and Regulation (EU) 2018/1999 as regards improvement in monitoring, reporting, tracking of progress and review (Text with EEA relevance)",L1,high,L1,1,13,14,63,0.277897,7.444731,0.21978
32023R1176,32023R1176,2023,Regulation,2020s,2020,Commission Delegated Regulation (EU) 2023/1176 of 14 July 2022 amending Regulation (EU) No 1315/2013 of the European Parliament and of the Council as regards the indicative maps of the trans-European transport network (Text with EEA relevance),L2,high,L2,1,0,1,9,0,0,0
32023R1215,32023R1215,2023,Regulation,2020s,2020,"Council Regulation (EU) 2023/1215 of 23 June 2023 amending Regulation (EU) No 269/2014 concerning restrictive measures in respect of actions undermining or threatening the territorial integrity, sovereignty and independence of Ukraine",L1,high,L1,0,9,9,96,0.319066,0,0.041667
32023R2381,32023R2381,2023,Regulation,2020s,2020,Commission Implementing Regulation (EU) 2023/2381 of 29 September 2023 amending Implementing Regulation (EU) 2016/480 establishing common rules concerning the interconnection of national electronic registers on road transport undertakings,L2,high,L2,0,4,4,98,0.220508,0,0.333333
32024D1738,32024D1738,2024,Decision,2020s,2020,"Council Decision (CFSP) 2024/1738 of 24 June 2024 amending Decision 2014/145/CFSP concerning restrictive measures in respect of actions undermining or threatening the territorial integrity, sovereignty and independence of Ukraine",L1,high,L1,1,3,4,96,0.26555,0.5,0.166667
32024R2510,32024R2510,2024,Regulation,2020s,2020,Commission Delegated Regulation (EU) 2024/2510 of 2 May 2024 supplementing Regulation (EU) 2018/1240 of the European Parliament and of the Council as regards the payment methods and collection process for the travel authorisation fee provided for by that Regulation,L2,high,L2,0,10,10,97,0.28719,0,0.077778
32024R2547,32024R2547,2024,Regulation,2020s,2020,Commission Delegated Regulation (EU) 2024/2547 of 5 September 2024 amending Regulation (EU) 2021/821 of the European Parliament and of the Council as regards the list of dual-use items,L2,high,L2,0,1,1,96,0.215878,0,0
32025D0264,32025D0264,2025,Decision,2020s,2020,Commission Implementing Decision (EU) 2025/264 of 11 November 2024 laying down the template including key performance indicators for reporting by the Member States under Directive 2010/40/EU of the European Parliament and of the Council (notified under document C(2024) 7744),L2,high,L2,0,5,5,98,0.222447,0,0.25
32025D0646,32025D0646,2025,Decision,2020s,2020,Council Decision (EU) 2025/646 of 27 March 2025 in support of facilitating a successful outcome of the 2026 Review Conference of the Parties to the Treaty on the Non-Proliferation of Nuclear Weapons,L1,high,L1,0,4,4,77,0.516129,0,0.083333
61977CJ0080,61977CJ0080,1977,Case_Law,Pre-Single European Act,1970,,L4,high,L4,2,0,2,89,0,0,0
61997CJ0204,61997CJ0204,1997,Case_Law,1990s,1990,,L4,high,L4,1,0,1,89,0,0,0
61998TJ0128,61998TJ0128,1998,Case_Law,1990s,1990,,L4,high,L4,7,0,7,89,0,0,0.047619
11957E,11957E,1957,Treaty,Pre-Treaty of Rome,1950,,L1,high,L1,8,0,8,19,0,0,0
11957E075,11957E075,1957,Treaty,Pre-Treaty of Rome,1950,,L1,high,L1,3,0,3,57,0,0,0
11992E148,11992E148,1992,Treaty,Pre-Maastricht,1990,,L1,high,L1,7,0,7,63,0,0,0
11997E081,11997E081,1997,Treaty,1990s,1990,,L1,high,L1,3,0,3,89,0,0,0
11997E095,11997E095,1997,Treaty,1990s,1990,,L1,high,L1,6,0,6,80,0,0,0
12002E308,12002E308,2002,Treaty,Early 2000s,2000,,L1,high,L1,4,0,4,98,0,0,0
12010A037,12010A037,2010,Treaty,Early 2010s,2010,,L1,high,L1,1,0,1,51,0,0,0
12010E194,12010E194,2010,Treaty,Early 2010s,2010,,L1,high,L1,3,0,3,63,0,0,0.166667
12010E218,12010E218,2010,Treaty,Early 2010s,2010,,L1,high,L1,1,0,1,98,0,0,0
12010M028,12010M028,2010,Treaty,Early 2010s,2010,,L1,high,L1,4,0,4,77,0,0,0.166667
12010M043,12010M043,2010,Treaty,Early 2010s,2010,,L1,high,L1,4,0,4,77,0,0,0.166667
12012M028,12012M028,2012,Treaty,Early 2010s,2010,,L1,high,L1,9,0,9,77,0,0,0.083333
12016E101,12016E101,2016,Treaty,Late 2010s,2010,,L1,high,L1,19,0,19,63,0,0,0.01462
12016E175,12016E175,2016,Treaty,Late 2010s,2010,,L1,high,L1,6,0,6,99,0,0,0.233333
12016E192,12016E192,2016,Treaty,Late 2010s,2010,,L1,high,L1,22,0,22,63,0,0,0.101732
12016E288,12016E288,2016,Treaty,Late 2010s,2010,,L1,high,L1,5,0,5,99,0,0,0.05
31958R0001R(04),31958R0001,1958,Regulation,Pre-Single European Act,1950,,L1,low,L1,27,1,28,97,0,0,0.047009
31962R0017,31962R0017,1962,Regulation,Pre-Single European Act,1960,,L1,low,L1,8,4,12,89,1,2842,0.007576
31975R1798,31975R1798,1975,Regulation,Pre-Single European Act,1970,,L1,low,L1,2,0,2,14,0,0,0
31987L0372R(01),31987L0372,1987,Directive,Pre-Maastricht,1980,,L1,low,L1,4,4,8,19,0.666667,613.258333,0.238095
31991L0414R(02),31991L0414,1991,Directive,Pre-Maastricht,1990,,L1,low,L1,5,0,5,92,0,0,0.3
31995L0062,31995L0062,1995,Directive,1990s,1990,,L1,low,L1,3,0,3,19,0,0,0
31997L0066,31997L0066,1997,Directive,1990s,1990,,L1,low,L1,5,0,5,97,0,0,0.1
31997R1466,31997R1466,1997,Regulation,1990s,1990,,L1,low,L1,12,0,12,86,0,0,0.083333
31997Y0920(01),31997Y092001,1997,Legislative_Act,1990s,1990,,L1,medium,L1,0,4,4,92,0.611111,0,0.083333
31999D0437,31999D0437,1999,Decision,1990s,1990,,L2,low,L2,17,1,18,97,1,25.28083,0.218954
31999R1265,31999R1265,1999,Regulation,1990s,1990,,L1,low,L1,1,0,1,57,0,0,0
32000L0059,32000L0059,2000,Directive,Early 2000s,2000,,L1,low,L1,2,0,2,99,0,0,0
32000L0078R(04),32000L0078,2000,Directive,Early 2000s,2000,,L1,low,L1,7,4,11,97,1,268.60397,0.177778
32001D0844,32001D0844,2001,Decision,Early 2000s,2000,,L2,low,L2,12,0,12,98,0,0,0.015152
32001R1049R(03),32001R1049,2001,Regulation,Early 2000s,2000,,L1,low,L1,47,4,51,97,1,1750.515453,0.059592
32002D0192R(01),32002D0192,2002,Decision,Early 2000s,2000,,L2,low,L2,15,1,16,97,0,0,0.314286
32002D0731,32002D0731,2002,Decision,Early 2000s,2000,,L2,low,L2,1,0,1,89,0,0,0
32002L0047,32002L0047,2002,Directive,Early 2000s,2000,,L1,low,L1,12,11,23,80,1,1090.020012,0.067194
32002R1030R(01),32002R1030,2002,Regulation,Early 2000s,2000,,L1,low,L1,7,6,13,97,1,856.992857,0.181818
32003L0071,32003L0071,2003,Directive,Early 2000s,2000,,L1,low,L1,14,0,14,80,0,0,0.181319
32003R0008,32003R0008,2003,Regulation,Early 2000s,2000,,L1,low,L1,1,0,1,97,0,0,0
32004R0794R(04),32004R0794,2004,Regulation,Early 2000s,2000,COMMISSION REGULATION (EC) No 794/2004 of 21 april 2004 implementing Council Regulation (EC) No 659/1999 laying down detailed rules for the application of Article 93 of the EC Treaty,L2,high,L2,12,3,15,89,0.75,29.833333,0.10989
32005L0036R(07),32005L0036,2005,Directive,Late 2000s,2000,DIRECTIVE 2005/36/EC OF THE EUROPEAN PARLIAMENT AND OF THE COUNCIL of 7 September 2005 on the recognition of professional qualifications (Text with EEA relevance),L1,high,L1,11,10,21,92,0.448819,2845.849856,0.118421
32006D0066,32006D0066,2006,Decision,Late 2000s,2000,COMMISSION DECISION of 23 December 2005 concerning the technical specification for interoperability relating to the subsystem ‘rolling stock — noise’ of the trans-European conventional rail system (notified under document number C(2005) 5666) (Text with EEA relevance) (2006/66/EC),L2,medium,L2,2,0,2,89,0,0,0
32006L0043R(04),32006L0043,2006,Directive,Late 2000s,2000,"DIRECTIVE 2006/43/EC OF THE EUROPEAN PARLIAMENT AND OF THE COUNCIL of 17 May 2006 on statutory audits of annual accounts and consolidated accounts, amending Council Directives 78/660/EEC and 83/349/EEC and repealing Council Directive 84/253/EEC (Text with EEA relevance)",L1,high,L1,25,16,41,80,0.71875,5671.163527,0.104487
32006R0561R(10),32006R0561,2006,Regulation,Late 2000s,2000,REGULATION (EC) No 561/2006 OF THE EUROPEAN PARLIAMENT AND OF THE COUNCIL of 15 March 2006 on the harmonisation of certain social legislation relating to road transport and amending Council Regulations (EEC) No 3821/85 and (EC) No 2135/98 and repealing Council Regulation (EEC) No 3820/85 (Text with EEA relevance) STATEMENT,L1,high,L1,11,7,18,98,0.571429,151.879565,0.158088
32007R0235,32007R0235,2007,Regulation,Late 2000s,2000,COMMISSION REGULATION (EC) No 235/2007 of 5 March 2007 amending Regulation (EC) No 474/2006 establishing the Community list of air carriers which are subject to an operating ban within the Community (Text with EEA relevance),L2,medium,L2,3,0,3,9,0,0,0.166667
32007R1370R(03),32007R1370,2007,Regulation,Late 2000s,2000,REGULATION (EC) No 1370/2007 OF THE EUROPEAN PARLIAMENT AND OF THE COUNCIL of 23 October 2007 on public passenger transport services by rail and by road and repealing Council Regulations (EEC) Nos 1191/69 and 1107/70,L1,high,L1,13,12,25,92,0.73913,1780.602086,0.106884
32008R1272R(06),32008R1272,2008,Regulation,Late 2000s,2000,,L1,low,L1,11,10,21,92,0.446667,1500.068039,0.142105
32009H0396,32009H0396,2009,Legislative_Act,Late 2000s,2000,COMMISSION RECOMMENDATION of 7 May 2009 on the Regulatory Treatment of Fixed and Mobile Termination Rates in the EU (2009/396/EC),L3,high,L3,1,0,1,92,0,0,0
32009R0219R(02),32009R0219,2009,Regulation,Late 2000s,2000,REGULATION (EC) No 219/2009 OF THE EUROPEAN PARLIAMENT AND OF THE COUNCIL of 11 March 2009 adapting a number of instruments subject to the procedure referred to in Article 251 of the Treaty to Council Decision 1999/468/EC with regard to the regulatory procedure with scrutiny Adaptation to the regulatory procedure with scrutiny — Part Two,L1,high,L1,9,15,24,98,0.534091,2200.886304,0.063241
32009R0714,32009R0714,2009,Regulation,Late 2000s,2000,REGULATION (EC) No 714/2009 OF THE EUROPEAN PARLIAMENT AND OF THE COUNCIL of 13 July 2009 on conditions for access to the network for cross-border exchanges in electricity and repealing Regulation (EC) No 1228/2003 (Text with EEA relevance),L1,high,L1,16,0,16,63,0,0,0.125
32009R1070,32009R1070,2009,Regulation,Late 2000s,2000,"REGULATION (EC) No 1070/2009 OF THE EUROPEAN PARLIAMENT AND OF THE COUNCIL of 21 October 2009 amending Regulations (EC) No 549/2004, (EC) No 550/2004, (EC) No 551/2004 and (EC) No 552/2004 in order to improve the performance and sustainability of the European aviation system (Text with EEA relevance)",L1,high,L1,1,0,1,9,0,0,0
32010D0413R(02),32010D0413,2010,Decision,Early 2010s,2010,COUNCIL DECISION of 26 July 2010 concerning restrictive measures against Iran and repealing Common Position 2007/140/CFSP,L1,high,L1,5,3,8,96,0.4,22.198413,0.285714
32010L0075R(11),32010L0075,2010,Directive,Early 2010s,2010,DIRECTIVE 2010/75/EU OF THE EUROPEAN PARLIAMENT AND OF THE COUNCIL of 24 November 2010 on industrial emissions (integrated pollution prevention and control) (Recast) (Text with EEA relevance),L1,high,L1,18,11,29,92,0.419087,1708.15631,0.134921
32010L0078,32010L0078,2010,Directive,Early 2010s,2010,"DIRECTIVE 2010/78/EU OF THE EUROPEAN PARLIAMENT AND OF THE COUNCIL of 24 November 2010 amending Directives 98/26/EC, 2002/87/EC, 2003/6/EC, 2003/41/EC, 2003/71/EC, 2004/39/EC, 2004/109/EC, 2005/60/EC, 2006/48/EC, 2006/49/EC and 2009/65/EC in respect of the powers of the European Supervisory Authority (European Banking Authority), the European Supervisory Authority (European Insurance and Occupational Pensions Authority) and the European Supervisory Authority (European Securities and Markets Authority) (Text with EEA relevance)",L1,high,L1,6,0,6,80,0,0,0.3
32010R0912,32010R0912,2010,Regulation,Early 2010s,2010,"REGULATION (EU) No 912/2010 OF THE EUROPEAN PARLIAMENT AND OF THE COUNCIL of 22 September 2010 setting up the European GNSS Agency, repealing Council Regulation (EC) No 1321/2004 on the establishment of structures for the management of the European satellite radio navigation programmes and amending Regulation (EC) No 683/2008 of the European Parliament and of the Council",L1,high,L1,3,0,3,97,0,0,0.166667
32010R1092,32010R1092,2010,Regulation,Early 2010s,2010,REGULATION (EU) No 1092/2010 OF THE EUROPEAN PARLIAMENT AND OF THE COUNCIL of 24 November 2010 on European Union macro-prudential oversight of the financial system and establishing a European Systemic Risk Board,L1,high,L1,23,4,27,80,0.326087,1038.585782,0.135328
32010R1093,32010R1093,2010,Regulation,Early 2010s,2010,"REGULATION (EU) No 1093/2010 OF THE EUROPEAN PARLIAMENT AND OF THE COUNCIL of 24 November 2010 establishing a European Supervisory Authority (European Banking Authority), amending Decision No 716/2009/EC and repealing Commission Decision 2009/78/EC",L1,high,L1,88,16,104,80,0.384615,4519.649494,0.059933
32010R1094R(01),32010R1094,2010,Regulation,Early 2010s,2010,"REGULATION (EU) No 1094/2010 OF THE EUROPEAN PARLIAMENT AND OF THE COUNCIL of 24 November 2010 establishing a European Supervisory Authority (European Insurance and Occupational Pensions Authority), amending Decision No 716/2009/EC and repealing Commission Decision 2009/79/EC",L1,high,L1,47,17,64,80,0.384615,2264.989811,0.105735
32011R0182R(02),32011R0182,2011,Regulation,Early 2010s,2010,"REGULATION (EU) No 182/2011 OF THE EUROPEAN PARLIAMENT AND OF THE COUNCIL of 16 February 2011 laying down the rules and general principles concerning mechanisms for control by Member States of the Commission’s exercise of implementing powers STATEMENT BY THE EUROPEAN PARLIAMENT, THE COUNCIL AND THE COMMISSION STATEMENTS BY THE COMMISSION",L2,high,L2,207,6,213,92,0.727273,3440.652275,0.027072
32012D0464,32012D0464,2012,Decision,Early 2010s,2010,"COMMISSION DECISION of 23 July 2012 amending Decisions 2006/861/EC, 2008/163/EC, 2008/164/EC, 2008/217/EC, 2008/231/EC, 2008/232/EC, 2008/284/EC, 2011/229/EU, 2011/274/EU, 2011/275/EU, 2011/291/EU and 2011/314/EU concerning technical specifications for interoperability (notified under document C(2012) 4985) (Text with EEA relevance) (2012/464/EU)",L2,medium,L2,3,0,3,89,0,0,0
32012L0027R(01),32012L0027,2012,Directive,Early 2010s,2010,"DIRECTIVE 2012/27/EU OF THE EUROPEAN PARLIAMENT AND OF THE COUNCIL of 25 October 2012 on energy efficiency, amending Directives 2009/125/EC and 2010/30/EU and repealing Directives 2004/8/EC and 2006/32/EC (Text with EEA relevance)",L1,high,L1,19,21,40,63,0.387534,2953.457222,0.103239
32012R0650R(04),32012R0650,2012,Regulation,Early 2010s,2010,"REGULATION (EU) No 650/2012 OF THE EUROPEAN PARLIAMENT AND OF THE COUNCIL of 4 July 2012 on jurisdiction, applicable law, recognition and enforcement of decisions and acceptance and enforcement of authentic instruments in matters of succession and on the creation of a European Certificate of Succession",L1,high,L1,5,5,10,97,0.516129,5.649456,0.291667
32012R0923R(22),32012R0923,2012,Regulation,Early 2010s,2010,"COMMISSION IMPLEMENTING REGULATION (EU) No 923/2012 of 26 September 2012 laying down the common rules of the air and operational provisions regarding services and procedures in air navigation and amending Implementing Regulation (EU) No 1035/2011 and Regulations (EC) No 1265/2007, (EC) No 1794/2006, (EC) No 730/2006, (EC) No 1033/2006 and (EU) No 255/2010 (Text with EEA relevance)",L2,high,L2,8,6,14,9,0.345679,70.350433,0.179487
32012R0965R(04),32012R0965,2012,Regulation,Early 2010s,2010,COMMISSION REGULATION (EU) No 965/2012 of 5 October 2012 laying down technical requirements and administrative procedures related to air operations pursuant to Regulation (EC) No 216/2008 of the European Parliament and of the Council,L1,high,L1,19,2,21,9,1,9.533333,0.102632
32013D1082,32013D1082,2013,Decision,Early 2010s,2010,DECISION No 1082/2013/EU OF THE EUROPEAN PARLIAMENT AND OF THE COUNCIL of 22 October 2013 on serious cross-border threats to health and repealing Decision No 2119/98/EC (Text with EEA relevance),L1,high,L1,8,0,8,99,0,0,0.142857
32013L0036R(07),32013L0036,2013,Directive,Early 2010s,2010,"DIRECTIVE 2013/36/EU OF THE EUROPEAN PARLIAMENT AND OF THE COUNCIL of 26 June 2013 on access to the activity of credit institutions and the prudential supervision of credit institutions and investment firms, amending Directive 2002/87/EC and repealing Directives 2006/48/EC and 2006/49/EC (Text with EEA relevance)",L1,high,L1,82,27,109,80,0.341513,9098.347508,0.078469
32013Q1220(01),32013Q122001,2013,Legislative_Act,Early 2010s,2010,,L1,medium,L1,8,0,8,86,0,0,0.142857
32013R0231R(04),32013R0231,2013,Regulation,Early 2010s,2010,"COMMISSION DELEGATED REGULATION (EU) No 231/2013 of 19 December 2012 supplementing Directive 2011/61/EU of the European Parliament and of the Council with regard to exemptions, general operating conditions, depositaries, leverage, transparency and supervision (Text with EEA relevance)",L2,high,L2,6,6,12,80,0.263804,20.081333,0.218182
32013R0441,32013R0441,2013,Regulation,Early 2010s,2010,COMMISSION IMPLEMENTING REGULATION (EU) No 441/2013 of 7 May 2013 amending or repealing certain regulations on the classification of goods in the Combined Nomenclature,L2,high,L2,0,4,4,96,0.7,0,0.5
32013R1024R(02),32013R1024,2013,Regulation,Early 2010s,2010,COUNCIL REGULATION (EU) No 1024/2013 of 15 October 2013 conferring specific tasks on the European Central Bank concerning policies relating to the prudential supervision of credit institutions,L1,high,L1,34,11,45,80,0.310219,855.221897,0.133721
32013R1306R(05),32013R1306,2013,Regulation,Early 2010s,2010,"REGULATION (EU) No 1306/2013 OF THE EUROPEAN PARLIAMENT AND OF THE COUNCIL of 17 December 2013 on the financing, management and monitoring of the common agricultural policy and repealing Council Regulations (EEC) No 352/78, (EC) No 165/94, (EC) No 2799/98, (EC) No 814/2000, (EC) No 1290/2005 and (EC) No 485/2008",L1,high,L1,13,15,28,86,0.285344,2999.678389,0.133333
32013R1409,32013R1409,2013,Regulation,Early 2010s,2010,REGULATION (EU) No 1409/2013 OF THE EUROPEAN CENTRAL BANK of 28 November 2013 on payments statistics (ECB/2013/43),L1,low,L1,3,6,9,80,0.625,16.069298,0.055556
32014L0017R(04),32014L0017,2014,Directive,Early 2010s,2010,DIRECTIVE 2014/17/EU OF THE EUROPEAN PARLIAMENT AND OF THE COUNCIL of 4 February 2014 on credit agreements for consumers relating to residential immovable property and amending Directives 2008/48/EC and 2013/36/EU and Regulation (EU) No 1093/2010 (Text with EEA relevance),L1,high,L1,12,16,28,80,0.357282,978.058941,0.162393
32014L0035,32014L0035,2014,Directive,Early 2010s,2010,DIRECTIVE 2014/35/EU OF THE EUROPEAN PARLIAMENT AND OF THE COUNCIL of 26 February 2014 on the harmonisation of the laws of the Member States relating to the making available on the market of electrical equipment designed for use within certain voltage limits (recast) (Text with EEA relevance),L1,high,L1,13,6,19,92,0.28145,201.041564,0.152047
32014L0065R(03),32014L0065,2014,Directive,Early 2010s,2010,DIRECTIVE 2014/65/EU OF THE EUROPEAN PARLIAMENT AND OF THE COUNCIL of 15 May 2014 on markets in financial instruments and amending Directive 2002/92/EC and Directive 2011/61/EU (recast) (Text with EEA relevance),L1,high,L1,72,39,111,80,0.401152,8495.385595,0.074326
32014R0208R(01),32014R0208,2014,Regulation,Early 2010s,2010,"COUNCIL REGULATION (EU) No 208/2014 of 5 March 2014 concerning restrictive measures directed against certain persons, entities and bodies in view of the situation in Ukraine",L1,high,L1,6,4,10,96,0.8,15.666667,0.111111
32014R0654R(01),32014R0654,2014,Regulation,Early 2010s,2010,"REGULATION (EU) No 654/2014 OF THE EUROPEAN PARLIAMENT AND OF THE COUNCIL of 15 May 2014 concerning the exercise of the Union's rights for the application and enforcement of international trade rules and amending Council Regulation (EC) No 3286/94 laying down Community procedures in the field of the common commercial policy in order to ensure the exercise of the Community's rights under international trade rules, in particular those established under the auspices of the World Trade Organization Statement by the Commission",L1,high,L1,5,5,10,96,0.521739,221.097222,0.138889
32014R0662,32014R0662,2014,Regulation,Early 2010s,2010,REGULATION (EU) No 662/2014 OF THE EUROPEAN PARLIAMENT AND OF THE COUNCIL of 15 May 2014 amending Regulation (EU) No 525/2013 as regards the technical implementation of the Kyoto Protocol to the United Nations Framework Convention on Climate Change (Text with EEA relevance),L1,high,L1,1,0,1,63,0,0,0
32014R0910R(09),32014R0910,2014,Regulation,Early 2010s,2010,REGULATION (EU) No 910/2014 OF THE EUROPEAN PARLIAMENT AND OF THE COUNCIL of 23 July 2014 on electronic identification and trust services for electronic transactions in the internal market and repealing Directive 1999/93/EC,L1,high,L1,24,11,35,92,0.291667,3255.742751,0.069519
32015R0171R(01),32015R0171,2015,Regulation,Late 2010s,2010,COMMISSION IMPLEMENTING REGULATION (EU) 2015/171 of 4 February 2015 on certain aspects of the procedure of licensing railway undertakings (Text with EEA relevance),L2,high,L2,2,5,7,89,0.356209,35.576057,0.233333
32015R0534R(01),32015R0534,2015,Regulation,Late 2010s,2010,REGULATION (EU) 2015/534 OF THE EUROPEAN CENTRAL BANK of 17 March 2015 on reporting of supervisory financial information (ECB/2015/13),L1,low,L1,4,8,12,80,0.288854,59.296622,0.3
32015R1998R(01),32015R1998,2015,Regulation,Late 2010s,2010,COMMISSION IMPLEMENTING REGULATION (EU) 2015/1998 of 5 November 2015 laying down detailed measures for the implementation of the common basic standards on aviation security (Text with EEA relevance),L2,high,L2,4,3,7,9,0.571429,4.17619,0.266667
32015R2420,32015R2420,2015,Regulation,Late 2010s,2010,"COMMISSION DELEGATED REGULATION (EU) 2015/2420 of 12 October 2015 amending Council Regulation (EC) No 428/2009 setting up a Community regime for the control of exports, transfer, brokering and transit of dual use items",L2,high,L2,1,0,1,96,0,0,0
32016L0797R(06),32016L0797,2016,Directive,Late 2010s,2010,DIRECTIVE (EU) 2016/797 OF THE EUROPEAN PARLIAMENT AND OF THE COUNCIL of 11 May 2016 on the interoperability of the rail system within the European Union (recast) (Text with EEA relevance),L1,high,L1,11,14,25,92,0.32533,2547.533456,0.151515
32016L0798R(07),32016L0798,2016,Directive,Late 2010s,2010,DIRECTIVE (EU) 2016/798 OF THE EUROPEAN PARLIAMENT AND OF THE COUNCIL of 11 May 2016 on railway safety (recast) (Text with EEA relevance),L1,high,L1,13,12,25,89,0.274291,1703.582082,0.151515
32016L2102R(03),32016L2102,2016,Directive,Late 2010s,2010,DIRECTIVE (EU) 2016/2102 OF THE EUROPEAN PARLIAMENT AND OF THE COUNCIL of 26 October 2016 on the accessibility of the websites and mobile applications of public sector bodies (Text with EEA relevance),L1,high,L1,10,15,25,92,0.313688,1664.940588,0.152174
32016R1035,32016R1035,2016,Regulation,Late 2010s,2010,REGULATION (EU) 2016/1035 OF THE EUROPEAN PARLIAMENT AND OF THE COUNCIL of 8 June 2016 on protection against injurious pricing of vessels (codification),L1,high,L1,1,4,5,96,0.1875,21.166667,0.3
32017D2074,32017D2074,2017,Decision,Late 2010s,2010,COUNCIL DECISION (CFSP) 2017/2074 of 13 November 2017 concerning restrictive measures in view of the situation in Venezuela,L1,high,L1,0,2,2,96,0.5,0,0
32017R0216,32017R0216,2017,Regulation,Late 2010s,2010,"COMMISSION DELEGATED REGULATION (EU) 2017/216 of 30 November 2016 amending Regulation (EU) No 98/2013 of the European Parliament and of the Council, as regards adding magnesium powder to the list of explosives precursors in Annex II (Text with EEA relevance)",L2,high,L2,1,0,1,92,0,0,0
32017R0590R(02),32017R0590,2017,Regulation,Late 2010s,2010,COMMISSION DELEGATED REGULATION (EU) 2017/590 of 28 July 2016 supplementing Regulation (EU) No 600/2014 of the European Parliament and of the Council with regard to regulatory technical standards for the reporting of transactions to competent authorities (Text with EEA relevance),L2,high,L2,4,8,12,80,0.322443,30.004945,0.344444
32017R1185R(01),32017R1185,2017,Regulation,Late 2010s,2010,COMMISSION IMPLEMENTING REGULATION (EU) 2017/1185 of 20 April 2017 laying down rules for the application of Regulations (EU) No 1307/2013 and (EU) No 1308/2013 of the European Parliament and of the Council as regards notifications to the Commission of information and documents and amending and repealing several Commission Regulations (Text with EEA relevance),L2,high,L2,2,5,7,97,0.583333,17.061068,0.2
32017R1563R(01),32017R1563,2017,Regulation,Late 2010s,2010,"REGULATION (EU) 2017/1563 OF THE EUROPEAN PARLIAMENT AND OF THE COUNCIL of 13 September 2017 on the cross-border exchange between the Union and third countries of accessible format copies of certain works and other subject matter protected by copyright and related rights for the benefit of persons who are blind, visually impaired or otherwise print-disabled",L1,high,L1,2,9,11,97,0.263566,12.732677,0.166667
32017R2400R(03),32017R2400,2017,Regulation,Late 2010s,2010,COMMISSION REGULATION (EU) 2017/2400 of 12 December 2017 implementing Regulation (EC) No 595/2009 of the European Parliament and of the Council as regards the determination of the CO2emissions and fuel consumption of heavy-duty vehicles and amending Directive 2007/46/EC of the European Parliament and of the Council and Commission Regulation (EU) No 582/2011 (Text with EEA relevance),L2,high,L2,5,2,7,63,1,0.366667,0.4
32018D0556,32018D0556,2018,Decision,Late 2010s,2010,"COMMISSION DECISION (EU) 2018/556 of 25 August 2017 on the state aid SA.35356 (2013/C) (ex 2013/NN, ex 2012/N) implemented by Poland for Autostrada Wielkopolska S.A. (notified under document C(2017) 5818) (Only the Polish text is authentic) (Text with EEA relevance)",L2,medium,L2,0,17,17,89,0.587302,0,0
32018D0628,32018D0628,2018,Decision,Late 2010s,2010,"COMMISSION DECISION (EU) 2018/628 of 11 November 2016 on State aid SA.24221(2011/C) (ex 2011/NN) implemented by Austria for the Klagenfurt airport, Ryanair and other airlines using the airport (notified under document C(2016) 7131) (Only the German version is authentic) (Text with EEA relevance)",L2,medium,L2,1,35,36,89,0.670732,33,0.023016
32018L0844,32018L0844,2018,Directive,Late 2010s,2010,Directive (EU) 2018/844 of the European Parliament and of the Council of 30 May 2018 amending Directive 2010/31/EU on the energy performance of buildings and Directive 2012/27/EU on energy efficiency (Text with EEA relevance),L1,high,L1,3,12,15,99,0.319106,100.247562,0.147619
32019D2077,32019D2077,2019,Decision,Late 2010s,2010,Political and Security Committee Decision (CFSP) 2019/2077 of 28 November 2019 extending the mandate of the Head of Mission of the European Union Integrated Border Management Assistance Mission in Libya (EUBAM Libya) (EUBAM Libya/1/2019),L2,low,L2,1,0,1,77,0,0,0
32019H0243,32019H0243,2019,Legislative_Act,Late 2010s,2010,Commission Recommendation (EU) 2019/243 of 6 February 2019 on a European Electronic Health Record exchange format (Text with EEA relevance.),L3,high,L3,1,0,1,97,0,0,0
32019L0790R(01),32019L0790,2019,Directive,Late 2010s,2010,Directive (EU) 2019/790 of the European Parliament and of the Council of 17 April 2019 on copyright and related rights in the Digital Single Market and amending Directives 96/9/EC and 2001/29/EC (Text with EEA relevance.),L1,high,L1,8,15,23,92,0.238962,403.618242,0.181818
32019L0882R(02),32019L0882,2019,Directive,Late 2010s,2010,Directive (EU) 2019/882 of the European Parliament and of the Council of 17 April 2019 on the accessibility requirements for products and services (Text with EEA relevance),L1,high,L1,17,34,51,92,0.353347,6534.640462,0.097143
32019R0712,32019R0712,2019,Regulation,Late 2010s,2010,"Regulation (EU) 2019/712 of the European Parliament and of the Council of 17 April 2019 on safeguarding competition in air transport, and repealing Regulation (EC) No 868/2004",L1,high,L1,1,5,6,89,0.357143,28,0.033333
32019R0776R(04),32019R0776,2019,Regulation,Late 2010s,2010,"Commission Implementing Regulation (EU) 2019/776 of 16 May 2019 amending Commission Regulations (EU) No 321/2013, (EU) No 1299/2014, (EU) No 1301/2014, (EU) No 1302/2014, (EU) No 1303/2014 and (EU) 2016/919 and Commission Implementing Decision 2011/665/EU as regards the alignment with Directive (EU) 2016/797 of the European Parliament and of the Council and the implementation of specific objectives set out in Commission Delegated Decision (EU) 2017/1474 (Text with EEA relevance.)",L2,high,L2,3,11,14,89,0.259361,101.291667,0.24359
32019R0834R(02),32019R0834,2019,Regulation,Late 2010s,2010,"Regulation (EU) 2019/834 of the European Parliament and of the Council of 20 May 2019 amending Regulation (EU) No 648/2012 as regards the clearing obligation, the suspension of the clearing obligation, the reporting requirements, the risk-mitigation techniques for OTC derivative contracts not cleared by a central counterparty, the registration and supervision of trade repositories and the requirements for trade repositories (Text with EEA relevance.)",L1,high,L1,1,21,22,80,0.306562,0,0.221429
32019R2022R(03),32019R2022,2019,Regulation,Late 2010s,2010,Commission Regulation (EU) 2019/2022 of 1 October 2019 laying down ecodesign requirements for household dishwashers pursuant to Directive 2009/125/EC of the European Parliament and of the Council amending Commission Regulation (EC) No 1275/2008 and repealing Commission Regulation (EU) No 1016/2010 (Text with EEA relevance.),L1,high,L1,1,9,10,92,0.325773,0,0.263889
32019R2199,32019R2199,2019,Regulation,Late 2010s,2010,"Commission Delegated Regulation (EU) 2019/2199 of 17 October 2019 amending Council Regulation (EC) No 428/2009 setting up a Community regime for the control of exports, transfer, brokering and transit of dual-use items",L2,high,L2,1,0,1,96,0,0,0
32020D0901,32020D0901,2020,Decision,2020s,2020,Council Decision (CFSP) 2020/901 of 29 June 2020 on Union support for the activities of the Preparatory Commission of the Comprehensive Nuclear-Test-Ban Treaty Organisation (CTBTO) in order to strengthen its monitoring and verification capabilities and in the framework of the implementation of the EU Strategy against Proliferation of Weapons of Mass Destruction,L1,high,L1,0,5,5,77,0.857143,0,0.15
32020D1531,32020D1531,2020,Decision,2020s,2020,"Decision (EU) 2020/1531 of the European Parliament and of the Council of 21 October 2020 empowering France to negotiate, sign and conclude an international agreement supplementing the Treaty between France and the United Kingdom of Great Britain and Northern Ireland concerning the Construction and Operation by Private Concessionaires of a Channel Fixed Link",L1,high,L1,1,0,1,99,0,0,0
32020R2094R(01),32020R2094,2020,Regulation,2020s,2020,Council Regulation (EU) 2020/2094 of 14 December 2020 establishing a European Union Recovery Instrument to support the recovery in the aftermath of the COVID-19 crisis,L1,high,L1,11,4,15,99,1,186.266715,0.214286
32021D1742,32021D1742,2021,Decision,2020s,2020,"Council Decision (EU) 2021/1742 of 23 September 2021 on the position to be adopted, on behalf of the European Union, within the EEA Joint Committee concerning the amendment of Annex XIII (Transport) to the EEA Agreement (3rd and 4th Railway Packages) (Text with EEA relevance)",L1,high,L1,0,15,15,89,0.293726,0,0.071429
32021D2032R(02),32021D2032,2021,Decision,2020s,2020,Council Decision (CFSP) 2021/2032 of 19 November 2021 on an assistance measure under the European Peace Facility to support military units trained by the EU Training Mission in Mozambique,L1,high,L1,1,6,7,77,0.195501,0,0.3
32021R0378,32021R0378,2021,Regulation,2020s,2020,Regulation (EU) 2021/378 of the European Central Bank of 22 January 2021 on the application of minimum reserve requirements (recast) (ECB/2021/1),L1,low,L1,3,9,12,80,0.263749,318.473586,0.172727
32021R2082R(01),32021R2082,2021,Regulation,2020s,2020,Commission Implementing Regulation (EU) 2021/2082 of 26 November 2021 laying down the arrangements for the implementation of Regulation (EU) No 376/2014 of the European Parliament and of the Council as regards the common European risk classification scheme (Text with EEA relevance),L2,high,L2,1,3,4,9,0.263725,0,0.5
32021R2115,32021R2115,2021,Regulation,2020s,2020,Regulation (EU) 2021/2115 of the European Parliament and of the Council of 2 December 2021 establishing rules on support for strategic plans to be drawn up by Member States under the common agricultural policy (CAP Strategic Plans) and financed by the European Agricultural Guarantee Fund (EAGF) and by the European Agricultural Fund for Rural Development (EAFRD) and repealing Regulations (EU) No 1305/2013 and (EU) No 1307/2013,L1,high,L1,7,35,42,86,0.315068,1589.833847,0.07259
32022L0542R(02),32022L0542,2022,Directive,2020s,2020,Council Directive (EU) 2022/542 of 5 April 2022 amending Directives 2006/112/EC and (EU) 2020/285 as regards rates of value added tax,L1,high,L1,1,6,7,99,0.22688,0,0.2
32022R0001R(01),32022R0001,2022,Regulation,2020s,2020,Commission Delegated Regulation (EU) 2022/1 of 20 October 2021 amending Regulation (EU) 2021/821 of the European Parliament and of the Council as regards the list of dual-use items,L2,high,L2,1,2,3,96,0.215878,0,0.5
32022R0132R(02),32022R0132,2022,Regulation,2020s,2020,"Commission Regulation (EU) 2022/132 of 28 January 2022 amending Regulation (EC) No 1099/2008 of the European Parliament and of the Council on energy statistics, as regards the implementation of updates for the annual, monthly and short-term monthly energy statistics (Text with EEA relevance)",L1,high,L1,1,3,4,63,0.328205,0,0.333333
32022R1302,32022R1302,2022,Regulation,2020s,2020,Commission Delegated Regulation (EU) 2022/1302 of 20 April 2022 supplementing Directive 2014/65/EU of the European Parliament and of the Council with regard to regulatory technical standards for the application of position limits to commodity derivatives and procedures for applying for exemption from position limits (Text with EEA relevance),L2,high,L2,0,11,11,80,0.250386,0,0.263636
32022R1925R(01),32022R1925,2022,Regulation,2020s,2020,Regulation (EU) 2022/1925 of the European Parliament and of the Council of 14 September 2022 on contestable and fair markets in the digital sector and amending Directives (EU) 2019/1937 and (EU) 2020/1828 (Digital Markets Act) (Text with EEA relevance),L1,high,L1,4,29,33,92,0.348578,1412.54464,0.121976
32023R0370,32023R0370,2023,Regulation,2020s,2020,"Commission Delegated Regulation (EU) 2023/370 of 13 December 2022 supplementing Regulation (EU) 2021/2115 of the European Parliament and of the Council with regard to procedures, time limits for submission by Member States of requests for amendments of CAP Strategic Plans, and further cases for which the maximum number of amendments of CAP Strategic Plans does not apply",L2,high,L2,0,3,3,86,0.276449,0,0.333333
32023R0426,32023R0426,2023,Regulation,2020s,2020,"Council Regulation (EU) 2023/426 of 25 February 2023 amending Regulation (EU) No 269/2014 concerning restrictive measures in respect of actions undermining or threatening the territorial integrity, sovereignty and independence of Ukraine",L1,high,L1,0,6,6,96,0.284541,0,0.066667
32023R1529,32023R1529,2023,Regulation,2020s,2020,Council Regulation (EU) 2023/1529 of 20 July 2023 concerning restrictive measures in view of Iran’s military support of Russia’s war of aggression against Ukraine,L1,high,L1,0,8,8,96,0.259498,0,0.160714
32023R1542R(01),32023R1542,2023,Regulation,2020s,2020,"Regulation (EU) 2023/1542 of the European Parliament and of the Council of 12 July 2023 concerning batteries and waste batteries, amending Directive 2008/98/EC and Regulation (EU) 2019/1020 and repealing Directive 2006/66/EC (Text with EEA relevance)",L1,high,L1,7,31,38,92,0.336979,1525.095966,0.126877
32023R2147,32023R2147,2023,Regulation,2020s,2020,Council Regulation (EU) 2023/2147 of 9 October 2023 concerning restrictive measures in view of activities undermining the stability and political transition of Sudan,L1,high,L1,0,10,10,97,0.320934,0,0.055556
32023R2411,32023R2411,2023,Regulation,2020s,2020,Regulation (EU) 2023/2411 of the European Parliament and of the Council of 18 October 2023 on the protection of geographical indications for craft and industrial products and amending Regulations (EU) 2017/1001 and (EU) 2019/1753 (Text with EEA relevance),L1,high,L1,0,17,17,97,0.284858,0,0.095588
32023R2694,32023R2694,2023,Regulation,2020s,2020,Council Regulation (EU) 2023/2694 of 27 November 2023 amending certain Council Regulations concerning restrictive measures in order to insert provisions on humanitarian exceptions,L1,high,L1,0,3,3,96,0.199317,0,0.166667
32023R2884,32023R2884,2023,Regulation,2020s,2020,Commission Implementing Regulation (EU) 2023/2884 of 20 December 2023 amending Implementing Regulation (EU) 2019/1780 establishing standard forms for the publication of notices in the field of public procurement,L2,high,L2,0,11,11,92,0.287076,0,0.4
32024D2876,32024D2876,2024,Decision,2020s,2020,Council Decision (CFSP) 2024/2876 of 8 November 2024 amending Decision (CFSP) 2022/1968 on a European Union Military Assistance Mission in support of Ukraine (EUMAM Ukraine),L1,high,L1,0,4,4,77,0.195292,0,0.25
32024R1109,32024R1109,2024,Regulation,2020s,2020,"Commission Implementing Regulation (EU) 2024/1109 of 10 April 2024 laying down rules for the application of Regulation (EU) 2018/1139 of the European Parliament and of the Council as regards competent authority requirements and administrative procedures for the certification, oversight and enforcement of the continuing airworthiness of certified unmanned aircraft systems, and amending Implementing Regulation (EU) 2023/203",L2,high,L2,1,4,5,9,0.22942,0,0.5
32024R2473,32024R2473,2024,Regulation,2020s,2020,Commission Implementing Regulation (EU) 2024/2473 of 19 September 2024 laying down rules for the application of Regulation (EU) 2024/573 of the European Parliament and of the Council as regards the registration in the F-gas Portal and repealing Commission Implementing Regulation (EU) 2019/661,L2,high,L2,0,3,3,96,0.278164,0,0
32024R3012,32024R3012,2024,Regulation,2020s,2020,"Regulation (EU) 2024/3012 of the European Parliament and of the Council of 27 November 2024 establishing a Union certification framework for permanent carbon removals, carbon farming and carbon storage in products",L1,high,L1,0,16,16,63,0.293378,0,0.1875
32025D0435,32025D0435,2025,Decision,2020s,2020,Council Decision (CFSP) 2025/435 of 28 February 2025 on an assistance measure under the European Peace Facility to support the Armed Forces of Montenegro,L1,high,L1,0,5,5,77,0.195501,0,0.2
32025R0422,32025R0422,2025,Regulation,2020s,2020,"Commission Delegated Regulation (EU) 2025/422 of 17 December 2024 supplementing Regulation (EU) 2023/1114 of the European Parliament and of the Council with regard to regulatory technical standards specifying the content, methodologies and presentation of information in respect of sustainability indicators in relation to adverse impacts on the climate and other environment-related adverse impacts",L2,high,L2,0,6,6,63,0.244938,0,0.166667
61999CJ0328,61999CJ0328,1999,Case_Law,1990s,1990,,L4,high,L4,5,0,5,89,0,0,0
62004CJ0222,62004CJ0222,2004,Case_Law,Early 2000s,2000,"Judgment of the Court (Second Chamber) of 10 January 2006.#Ministero dell'Economia e delle Finanze v Cassa di Risparmio di Firenze SpA, Fondazione Cassa di Risparmio di San Miniato and Cassa di Risparmio di San Miniato SpA.#Reference for a preliminary ruling: Corte suprema di cassazione - Italy.#State aid - Articles 87 EC and 88 EC - Banks - Banking foundations - Meaning of ‘undertaking’ - Relief from direct tax on dividends received by banking foundations - Categorisation as State aid - Compatibility with the common market - Commission Decision 2003/146/EC - Determination of validity - Inadmissibility - Articles 12 EC, 43 EC and 56 EC - Principle of non-discrimination - Freedom of establishment - Free movement of capital.#Case C-222/04.",L4,high,L4,8,0,8,89,0,0,0.017857
62022TJ0002,62022TJ0002,2022,Case_Law,2020s,2020,"Judgment of the General Court (Sixth Chamber) of 11 September 2024.#Sveza Verkhnyaya Sinyachikha NAO and Others v European Commission.#Dumping – Imports of birch plywood originating in Russia – Definitive anti-dumping duties – Implementing Regulation (EU) 2021/1930 – Adjustment – Export price – Single economic entity – Commission contracts – Normal value – Functions similar to those of an agent working on a commission basis – Article 2(10)(i) of Regulation (EU) 2016/1036 – Selling, general and administrative costs – Dividends – Management costs – Article 2(6) of Regulation 2016/1036 – Product concerned – Market segmentation – Causal link – Other injury factors – Article 3(3), (6) and (7) of Regulation 2016/1036.#Case T-2/22.",L2,high,L2,1,0,1,96,0,0,0
11951K095,11951K095,1951,Treaty,Pre-Treaty of Rome,1950,,L1,high,L1,1,0,1,63,0,0,0
11957E235,11957E235,1957,Treaty,Pre-Treaty of Rome,1950,,L1,high,L1,10,0,10,19,0,0,0.055556
11992E169,11992E169,1992,Treaty,Pre-Maastricht,1990,,L1,high,L1,9,0,9,57,0,0,0
11997E163,11997E163,1997,Treaty,1990s,1990,,L1,high,L1,1,0,1,57,0,0,0
12002E013,12002E013,2002,Treaty,Early 2000s,2000,,L1,high,L1,1,0,1,97,0,0,0
12002M024,12002M024,2002,Treaty,Early 2000s,2000,,L1,high,L1,1,0,1,34,0,0,0
12006E080,12006E080,2006,Treaty,Late 2000s,2000,,L1,high,L1,11,0,11,98,0,0,0.009091
12012E108,12012E108,2012,Treaty,Early 2010s,2010,,L1,high,L1,9,0,9,89,0,0,0.027778
12012E114,12012E114,2012,Treaty,Early 2010s,2010,,L1,high,L1,36,0,36,92,0,0,0.031746
12012E148,12012E148,2012,Treaty,Early 2010s,2010,,L1,high,L1,6,0,6,86,0,0,0.133333
12012E338,12012E338,2012,Treaty,Early 2010s,2010,,L1,high,L1,4,0,4,97,0,0,0
12016E052,12016E052,2016,Treaty,Late 2010s,2010,,L1,high,L1,2,0,2,92,0,0,0
12016E093,12016E093,2016,Treaty,Late 2010s,2010,,L1,high,L1,4,0,4,89,0,0,0
12016E267,12016E267,2016,Treaty,Late 2010s,2010,,L1,high,L1,6,0,6,92,0,0,0.066667
12016E314,12016E314,2016,Treaty,Late 2010s,2010,,L1,high,L1,16,0,16,99,0,0,0.041667
12016M/PRO/22,12016MPRO22,2016,Treaty,Late 2010s,2010,,L1,high,L1,39,0,39,97,0,0,0.051957
12016P008,12016P008,2016,Treaty,Late 2010s,2010,,L1,high,L1,30,0,30,97,0,0,0.042529
12016P052,12016P052,2016,Treaty,Late 2010s,2010,,L1,high,L1,6,0,6,96,0,0,0.033333
31992L0081,31992L0081,1992,Directive,Pre-Maastricht,1990,,L1,low,L1,3,0,3,89,0,0,0
31993L0089,31993L0089,1993,Directive,1990s,1990,,L1,low,L1,1,0,1,89,0,0,0
31994D0821,31994D0821,1994,Decision,1990s,1990,,L2,low,L2,1,0,1,19,0,0,0
31995D0290,31995D0290,1995,Decision,1990s,1990,,L2,low,L2,1,0,1,19,0,0,0
31997R0515R(04),31997R0515,1997,Regulation,1990s,1990,,L1,low,L1,14,5,19,96,1,827.774816,0.098039
31998R2533,31998R2533,1998,Regulation,1990s,1990,,L1,low,L1,24,2,26,80,1,608.77895,0.053846
31999R0659,31999R0659,1999,Regulation,1990s,1990,,L1,low,L1,14,0,14,89,0,0,0.049451
32002L0020,32002L0020,2002,Directive,Early 2000s,2000,,L1,low,L1,15,0,15,19,0,0,0.052381
32003L0059,32003L0059,2003,Directive,Early 2000s,2000,,L1,low,L1,8,0,8,98,0,0,0.178571
32003L0086R(04),32003L0086,2003,Directive,Early 2000s,2000,,L1,low,L1,4,5,9,97,0.666667,147.795671,0.25
32004L0038R(09),32004L0038,2004,Directive,Early 2000s,2000,,L1,low,L1,14,5,19,97,1,322.811003,0.127451
32004R2182,32004R2182,2004,Regulation,Early 2000s,2000,COUNCIL REGULATION (EC) No 2182/2004 of 6 December 2004 concerning medals and tokens similar to euro coins,L1,high,L1,1,0,1,80,0,0,0
32005L0068,32005L0068,2005,Directive,Late 2000s,2000,"DIRECTIVE 2005/68/EC OF THE EUROPEAN PARLIAMENT AND OF THE COUNCIL of 16 November 2005 on reinsurance and amending Council Directives 73/239/EEC, 92/49/EEC as well as Directives 98/78/EC and 2002/83/EC (Text with EEA relevance)",L1,high,L1,4,0,4,80,0,0,0.166667
32006L0049,32006L0049,2006,Directive,Late 2000s,2000,DIRECTIVE 2006/49/EC OF THE EUROPEAN PARLIAMENT AND OF THE COUNCIL of 14 June 2006 on the capital adequacy of investment firms and credit institutions (recast),L1,high,L1,13,0,13,80,0,0,0.24359
32006R1794,32006R1794,2006,Regulation,Late 2000s,2000,COMMISSION REGULATION (EC) No 1794/2006 of 6 December 2006 laying down a common charging scheme for air navigation services (Text with EEA relevance),L2,medium,L2,3,0,3,9,0,0,0
32006R1893,32006R1893,2006,Regulation,Late 2000s,2000,REGULATION (EC) No 1893/2006 OF THE EUROPEAN PARLIAMENT AND OF THE COUNCIL of 20 December 2006 establishing the statistical classification of economic activities NACE Revision 2 and amending Council Regulation (EEC) No 3037/90 as well as certain EC Regulations on specific statistical domains (Text with EEA relevance),L1,high,L1,8,1,9,98,1,4.814812,0.069444
32007D0124,32007D0124,2007,Decision,Late 2000s,2000,"COUNCIL DECISION of 12 February 2007 establishing for the period 2007 to 2013, as part of General Programme on Security and Safeguarding Liberties, the Specific Programme ‘Prevention, Preparedness and Consequence Management of Terrorism and other Security related risks’ (2007/124/EC, Euratom)",L1,high,L1,2,0,2,99,0,0,0
32007L0066,32007L0066,2007,Directive,Late 2000s,2000,DIRECTIVE 2007/66/EC OF THE EUROPEAN PARLIAMENT AND OF THE COUNCIL of 11 December 2007 amending Council Directives 89/665/EEC and 92/13/EEC with regard to improving the effectiveness of review procedures concerning the award of public contracts (Text with EEA relevance),L1,high,L1,1,8,9,92,0.7,9.455065,0.111111
32008D0768R(02),32008D0768,2008,Decision,Late 2000s,2000,"DECISION No 768/2008/EC OF THE EUROPEAN PARLIAMENT AND OF THE COUNCIL of 9 July 2008 on a common framework for the marketing of products, and repealing Council Decision 93/465/EEC (Text with EEA relevance)",L1,high,L1,25,3,28,92,1,114.228948,0.11396
32008L0050R(05),32008L0050,2008,Directive,Late 2000s,2000,DIRECTIVE 2008/50/EC OF THE EUROPEAN PARLIAMENT AND OF THE COUNCIL of 21 May 2008 on ambient air quality and cleaner air for Europe,L1,high,L1,5,4,9,99,0.413223,164.076481,0.160714
32008R0593R(01),32008R0593,2008,Regulation,Late 2000s,2000,REGULATION (EC) No 593/2008 OF THE EUROPEAN PARLIAMENT AND OF THE COUNCIL of 17 June 2008 on the law applicable to contractual obligations (Rome I),L1,high,L1,17,2,19,92,1,33.489518,0.107843
32009L0071R(01),32009L0071,2009,Directive,Late 2000s,2000,COUNCIL DIRECTIVE 2009/71/EURATOM of 25 June 2009 establishing a Community framework for the nuclear safety of nuclear installations,L1,high,L1,4,2,6,63,1,2.924573,0.2
32009L0138R(01),32009L0138,2009,Directive,Late 2000s,2000,DIRECTIVE 2009/138/EC OF THE EUROPEAN PARLIAMENT AND OF THE COUNCIL of 25 November 2009 on the taking-up and pursuit of the business of Insurance and Reinsurance (Solvency II) (recast) (Text with EEA relevance),L1,high,L1,48,31,79,80,0.625,14638.21451,0.051116
32009R0024,32009R0024,2009,Regulation,Late 2000s,2000,REGULATION (EC) No 24/2009 OF THE EUROPEAN CENTRAL BANK of 19 December 2008 concerning statistics on the assets and liabilities of financial vehicle corporations engaged in securitisation transactions (ECB/2008/30),L1,low,L1,3,0,3,80,0,0,0.333333
32009R1107R(01),32009R1107,2009,Regulation,Late 2000s,2000,REGULATION (EC) No 1107/2009 OF THE EUROPEAN PARLIAMENT AND OF THE COUNCIL of 21 October 2009 concerning the placing of plant protection products on the market and repealing Council Directives 79/117/EEC and 91/414/EEC,L1,high,L1,7,9,16,86,0.34,1260.366885,0.185714
32012D0804(01),32012D080401,2012,Decision,Early 2010s,2010,,L2,low,L2,0,2,2,86,0.666667,0,0
32012L0018R(03),32012L0018,2012,Directive,Early 2010s,2010,"DIRECTIVE 2012/18/EU OF THE EUROPEAN PARLIAMENT AND OF THE COUNCIL of 4 July 2012 on the control of major-accident hazards involving dangerous substances, amending and subsequently repealing Council Directive 96/82/EC (Text with EEA relevance) LIST OF ANNEXES",L1,high,L1,7,13,20,92,0.391304,346.128025,0.169591
32012R0388,32012R0388,2012,Regulation,Early 2010s,2010,"REGULATION (EU) No 388/2012 OF THE EUROPEAN PARLIAMENT AND OF THE COUNCIL of 19 April 2012 amending Council Regulation (EC) No 428/2009 setting up a Community regime for the control of exports, transfer, brokering and transit of dual-use items",L1,high,L1,1,0,1,96,0,0,0
32012R0648R(09),32012R0648,2012,Regulation,Early 2010s,2010,"REGULATION (EU) No 648/2012 OF THE EUROPEAN PARLIAMENT AND OF THE COUNCIL of 4 July 2012 on OTC derivatives, central counterparties and trade repositories (Text with EEA relevance)",L1,high,L1,62,28,90,80,0.346154,4196.374734,0.069842
32012R0748R(15),32012R0748,2012,Regulation,Early 2010s,2010,"COMMISSION REGULATION (EU) No 748/2012 of 3 August 2012 laying down implementing rules for the airworthiness and environmental certification of aircraft and related products, parts and appliances, as well as for the certification of design and production organisations (recast) (Text with EEA relevance)",L2,high,L2,8,2,10,9,1,1.166667,0.305556
32013R0543R(02),32013R0543,2013,Regulation,Early 2010s,2010,COMMISSION REGULATION (EU) No 543/2013 of 14 June 2013 on submission and publication of data in electricity markets and amending Annex I to Regulation (EC) No 714/2009 of the European Parliament and of the Council (Text with EEA relevance),L1,high,L1,7,4,11,63,0.246719,277.29359,0.311111
32013R0952R(06),32013R0952,2013,Regulation,Early 2010s,2010,REGULATION (EU) No 952/2013 OF THE EUROPEAN PARLIAMENT AND OF THE COUNCIL of 9 October 2013 laying down the Union Customs Code (recast),L1,high,L1,52,10,62,96,0.48,3726.343162,0.04153
32013R1301R(02),32013R1301,2013,Regulation,Early 2010s,2010,REGULATION (EU) No 1301/2013 OF THE EUROPEAN PARLIAMENT AND OF THE COUNCIL of 17 December 2013 on the European Regional Development Fund and on specific provisions concerning the Investment for growth and jobs goal and repealing Regulation (EC) No 1080/2006,L1,high,L1,5,6,11,86,0.238871,884.639452,0.321429
32014L0024R(01),32014L0024,2014,Directive,Early 2010s,2010,DIRECTIVE 2014/24/EU OF THE EUROPEAN PARLIAMENT AND OF THE COUNCIL of 26 February 2014 on public procurement and repealing Directive 2004/18/EC (Text with EEA relevance),L1,high,L1,38,30,68,92,0.332005,6535.723426,0.071562
32014L0031R(03),32014L0031,2014,Directive,Early 2010s,2010,DIRECTIVE 2014/31/EU OF THE EUROPEAN PARLIAMENT AND OF THE COUNCIL of 26 February 2014 on the harmonisation of the laws of the Member States relating to the making available on the market of non-automatic weighing instruments (recast) (Text with EEA relevance),L1,high,L1,5,7,12,92,0.28145,35.255653,0.209091
32014L0059R(14),32014L0059,2014,Directive,Early 2010s,2010,"DIRECTIVE 2014/59/EU OF THE EUROPEAN PARLIAMENT AND OF THE COUNCIL of 15 May 2014 establishing a framework for the recovery and resolution of credit institutions and investment firms and amending Council Directive 82/891/EEC, and Directives 2001/24/EC, 2002/47/EC, 2004/25/EC, 2005/56/EC, 2007/36/EC, 2011/35/EU, 2012/30/EU and 2013/36/EU, and Regulations (EU) No 1093/2010 and (EU) No 648/2012, of the European Parliament and of the Council (Text with EEA relevance)",L1,high,L1,28,25,53,80,0.360134,1399.829957,0.150452
32014R0312R(02),32014R0312,2014,Regulation,Early 2010s,2010,COMMISSION REGULATION (EU) No 312/2014 of 26 March 2014 establishing a Network Code on Gas Balancing of Transmission Networks (Text with EEA relevance),L2,medium,L2,4,5,9,63,1,22.736742,0.321429
32014R0596R(07),32014R0596,2014,Regulation,Early 2010s,2010,"REGULATION (EU) No 596/2014 OF THE EUROPEAN PARLIAMENT AND OF THE COUNCIL of 16 April 2014 on market abuse (market abuse regulation) and repealing Directive 2003/6/EC of the European Parliament and of the Council and Commission Directives 2003/124/EC, 2003/125/EC and 2004/72/EC (Text with EEA relevance)",L1,high,L1,23,27,50,80,0.373214,1552.834421,0.136232
32014R0600R(09),32014R0600,2014,Regulation,Early 2010s,2010,REGULATION (EU) No 600/2014 OF THE EUROPEAN PARLIAMENT AND OF THE COUNCIL of 15 May 2014 on markets in financial instruments and amending Regulation (EU) No 648/2012 (Text with EEA relevance),L1,high,L1,36,26,62,80,0.369912,3194.078314,0.116306
32014R0651R(05),32014R0651,2014,Regulation,Early 2010s,2010,COMMISSION REGULATION (EU) No 651/2014 of 17 June 2014 declaring certain categories of aid compatible with the internal market in application of Articles 107 and 108 of the Treaty (Text with EEA relevance),L2,medium,L2,13,31,44,89,0.322034,2860.380291,0.062016
32015R0063R(02),32015R0063,2015,Regulation,Late 2010s,2010,COMMISSION DELEGATED REGULATION (EU) 2015/63 of 21 October 2014 supplementing Directive 2014/59/EU of the European Parliament and of the Council with regard toex antecontributions to resolution financing arrangements,L2,high,L2,2,15,17,80,0.320567,35.758547,0.241667
32015R2447R(04),32015R2447,2015,Regulation,Late 2010s,2010,COMMISSION IMPLEMENTING REGULATION (EU) 2015/2447 of 24 November 2015 laying down detailed rules for implementing certain provisions of Regulation (EU) No 952/2013 of the European Parliament and of the Council laying down the Union Customs Code TABLE OF CONTENTS,L2,high,L2,21,9,30,96,0.253833,1245.753691,0.078042
32016D0849R(01),32016D0849,2016,Decision,Late 2010s,2010,COUNCIL DECISION (CFSP) 2016/849 of 27 May 2016 concerning restrictive measures against the Democratic People's Republic of Korea and repealing Decision 2013/183/CFSP,L1,high,L1,3,3,6,80,0.4,14.865079,0.3
32017D0976,32017D0976,2017,Decision,Late 2010s,2010,COMMISSION IMPLEMENTING DECISION (EU) 2017/976 of 7 June 2017 on the approval of the exemption decision pursuant to Article 9 of Council Directive 96/67/EC relating to the provision of certain groundhandling services at Tallinn Airport (AS Tallinna Lennujaam) (notified under document C(2017) 3798) (Only the Estonian text is authentic),L2,high,L2,0,2,2,63,0.55,0,0
32017L1132R(03),32017L1132,2017,Directive,Late 2010s,2010,DIRECTIVE (EU) 2017/1132 OF THE EUROPEAN PARLIAMENT AND OF THE COUNCIL of 14 June 2017 relating to certain aspects of company law (codification) (Text with EEA relevance),L1,high,L1,14,21,35,80,0.335357,1360.382331,0.111408
32017R0625R(07),32017R0625,2017,Regulation,Late 2010s,2010,"Regulation (EU) 2017/625 of the European Parliament and of the Council of 15 March 2017 on official controls and other official activities performed to ensure the application of food and feed law, rules on animal health and welfare, plant health and plant protection products, amending Regulations (EC) No 999/2001, (EC) No 396/2005, (EC) No 1069/2009, (EC) No 1107/2009, (EU) No 1151/2012, (EU) No 652/2014, (EU) 2016/429 and (EU) 2016/2031 of the European Parliament and of the Council, Council Regulations (EC) No 1/2005 and (EC) No 1099/2009 and Council Directives 98/58/EC, 1999/74/EC, 2007/43/EC, 2008/119/EC and 2008/120/EC, and repealing Regulations (EC) No 854/2004 and (EC) No 882/2004 of the European Parliament and of the Council, Council Directives 89/608/EEC, 89/662/EEC, 90/425/EEC, 91/496/EEC, 96/23/EC, 96/93/EC and 97/78/EC and Council Decision 92/438/EEC (Official Controls Regulation) (Text with EEA relevance)",L1,high,L1,4,22,26,99,0.287076,307.751695,0.088333
32017R1443,32017R1443,2017,Regulation,Late 2010s,2010,COMMISSION IMPLEMENTING REGULATION (EU) 2017/1443 of 29 June 2017 amending Implementing Regulation (EU) No 680/2014 laying down implementing technical standards with regards to supervisory reporting of institutions according to Regulation (EU) No 575/2013 of the European Parliament and of the Council (Text with EEA relevance),L2,high,L2,2,0,2,80,0,0,0
32018D0142,32018D0142,2018,Decision,Late 2010s,2010,COMMISSION IMPLEMENTING DECISION (EU) 2018/142 of 15 January 2018 amending Implementing Decision 2014/762/EU laying down rules for the implementation of Decision No 1313/2013/EU of the European Parliament and of the Council on a Union Civil Protection Mechanism (notified under document C(2018) 71) (Text with EEA relevance),L2,high,L2,1,0,1,99,0,0,0
32018R1139R(04),32018R1139,2018,Regulation,Late 2010s,2010,"Regulation (EU) 2018/1139 of the European Parliament and of the Council of 4 July 2018 on common rules in the field of civil aviation and establishing a European Union Aviation Safety Agency, and amending Regulations (EC) No 2111/2005, (EC) No 1008/2008, (EU) No 996/2010, (EU) No 376/2014 and Directives 2014/30/EU and 2014/53/EU of the European Parliament and of the Council, and repealing Regulations (EC) No 552/2004 and (EC) No 216/2008 of the European Parliament and of the Council and Council Regulation (EEC) No 3922/91 (Text with EEA relevance.)",L1,high,L1,22,45,67,9,0.353562,14048.536837,0.048485
32018R1862R(03),32018R1862,2018,Regulation,Late 2010s,2010,"Regulation (EU) 2018/1862 of the European Parliament and of the Council of 28 November 2018 on the establishment, operation and use of the Schengen Information System (SIS) in the field of police cooperation and judicial cooperation in criminal matters, amending and repealing Council Decision 2007/533/JHA, and repealing Regulation (EC) No 1986/2006 of the European Parliament and of the Council and Commission Decision 2010/261/EU",L1,high,L1,7,32,39,97,0.294664,811.208614,0.120199
32019L1023,32019L1023,2019,Directive,Late 2010s,2010,"Directive (EU) 2019/1023 of the European Parliament and of the Council of 20 June 2019 on preventive restructuring frameworks, on discharge of debt and disqualifications, and on measures to increase the efficiency of procedures concerning restructuring, insolvency and discharge of debt, and amending Directive (EU) 2017/1132 (Directive on restructuring and insolvency) (Text with EEA relevance.)",L1,high,L1,1,17,18,80,0.307498,150.301468,0.101307
32019R0631R(01),32019R0631,2019,Regulation,Late 2010s,2010,"Regulation (EU) 2019/631 of the European Parliament and of the Council of 17 April 2019 setting CO2 emission performance standards for new passenger cars and for new light commercial vehicles, and repealing Regulations (EC) No 443/2009 and (EU) No 510/2011 (recast) (Text with EEA relevance.)",L1,high,L1,6,16,22,63,0.281818,132.092141,0.169048
32019R2033R(07),32019R2033,2019,Regulation,Late 2010s,2010,"Regulation (EU) 2019/2033 of the European Parliament and of the Council of 27 November 2019 on the prudential requirements of investment firms and amending Regulations (EU) No 1093/2010, (EU) No 575/2013, (EU) No 600/2014 and (EU) No 806/2014 (Text with EEA relevance)",L1,high,L1,13,28,41,80,0.322703,2561.405372,0.197031
32020D0155,32020D0155,2020,Decision,2020s,2020,"Council Decision (CFSP) 2020/155 of 24 October 2019 on the signing and conclusion, on behalf of the Union, of the Agreement between the European Union and the Federal Republic of Somalia on the status of the European Union Capacity Building Mission in Somalia (EUCAP Somalia)",L1,high,L1,0,3,3,77,0.478261,0,0
32020D2255R(01),32020D2255,2020,Decision,2020s,2020,"Commission Decision (Euratom) 2020/2255 of 29 December 2020 on the conclusion, by the European Commission, and provisional application of the Agreement between the Government of the United Kingdom of Great Britain and Northern Ireland and the European Atomic Energy Community for Cooperation on the Safe and Peaceful Uses of Nuclear Energy and on the conclusion, by the European Commission, on behalf of the European Atomic Energy Community, and provisional application of the Trade and Cooperation Agreement between the European Union and the European Atomic Energy Community, of the one part, and the United Kingdom of Great Britain and Northern Ireland, of the other part",L2,medium,L2,1,3,4,99,0.351351,0,0.5
32020R0521,32020R0521,2020,Regulation,2020s,2020,"Council Regulation (EU) 2020/521 of 14 April 2020 activating the emergency support under Regulation (EU) 2016/369, and amending its provisions taking into account the COVID‐19 outbreak",L1,high,L1,1,4,5,99,0.411765,55,0.05
32020R0683,32020R0683,2020,Regulation,2020s,2020,"Commission Implementing Regulation (EU) 2020/683 of 15 April 2020 implementing Regulation (EU) 2018/858 of the European Parliament and of the Council with regards to the administrative requirements for the approval and market surveillance of motor vehicles and their trailers, and of systems, components and separate technical units intended for such vehicles",L2,high,L2,2,1,3,63,0.22488,0,0.333333
32020R1784R(02),32020R1784,2020,Regulation,2020s,2020,Regulation (EU) 2020/1784 of the European Parliament and of the Council of 25 November 2020 on the service in the Member States of judicial and extrajudicial documents in civil or commercial matters (service of documents) (recast),L1,high,L1,2,16,18,97,0.264139,8.608547,0.132353
32021D1442,32021D1442,2021,Decision,2020s,2020,Decision (EU) 2021/1442 of the European Central Bank of 3 August 2021 on delegation of the power to adopt decisions on internal models and on extension of deadlines (ECB/2021/38),L2,low,L2,0,6,6,80,0.293282,0,0.333333
32021D1710,32021D1710,2021,Decision,2020s,2020,"Council Decision (EU) 2021/1710 of 21 September 2021 establishing the position to be adopted on behalf of the European Union in the Specialised Committee on Social Security Coordination established by the Trade and Cooperation Agreement between the European Union and the European Atomic Energy Community, of the one part, and the United Kingdom of Great Britain and Northern Ireland, of the other part, as regards the adoption of a decision to amend the Annexes to the Protocol on Social Security Coordination",L1,high,L1,0,3,3,99,0.345679,0,0.166667
32021H0946,32021H0946,2021,Legislative_Act,2020s,2020,Commission Recommendation (EU) 2021/946 of 3 June 2021 on a common Union Toolbox for a coordinated approach towards a European Digital Identity Framework,L3,high,L3,4,0,4,97,0,0,0.166667
32021R1149R(03),32021R1149,2021,Regulation,2020s,2020,Regulation (EU) 2021/1149 of the European Parliament and of the Council of 7 July 2021 establishing the Internal Security Fund,L1,high,L1,4,37,41,99,0.315186,3158.473013,0.145074
32022D0578R(01),32022D0578,2022,Decision,2020s,2020,Council Decision (CFSP) 2022/578 of 8 April 2022 amending Decision 2014/512/CFSP concerning restrictive measures in view of Russia’s actions destabilising the situation in Ukraine,L1,high,L1,2,8,10,92,0.302647,1,0.305556
32022R0576R(05),32022R0576,2022,Regulation,2020s,2020,Council Regulation (EU) 2022/576 of 8 April 2022 amending Regulation (EU) No 833/2014 concerning restrictive measures in view of Russia’s actions destabilising the situation in Ukraine,L1,high,L1,1,11,12,92,0.305556,0,0.218182
32024L1203,32024L1203,2024,Directive,2020s,2020,Directive (EU) 2024/1203 of the European Parliament and of the Council of 11 April 2024 on the protection of the environment through criminal law and replacing Directives 2008/99/EC and 2009/123/EC,L1,high,L1,1,37,38,92,0.284503,279.568641,0.044808
32024L1654,32024L1654,2024,Directive,2020s,2020,Directive (EU) 2024/1654 of the European Parliament and of the Council of 31 May 2024 amending Directive (EU) 2019/1153 as regards access by competent authorities to centralised bank account registries through the interconnection system and technical measures to facilitate the use of transaction records,L1,high,L1,0,18,18,97,0.265276,0,0.104575
32024L2853,32024L2853,2024,Directive,2020s,2020,Directive (EU) 2024/2853 of the European Parliament and of the Council of 23 October 2024 on liability for defective products and repealing Council Directive 85/374/EEC (Text with EEA relevance),L1,high,L1,0,17,17,92,0.281593,0,0.183824
32024R1610,32024R1610,2024,Regulation,2020s,2020,"Regulation (EU) 2024/1610 of the European Parliament and of the Council of 14 May 2024 amending Regulation (EU) 2019/1242 as regards strengthening the CO2 emission performance standards for new heavy-duty vehicles and integrating reporting obligations, amending Regulation (EU) 2018/858 and repealing Regulation (EU) 2018/956 (Text with EEA relevance)",L1,high,L1,0,23,23,63,0.295567,0,0.134387
32024R1689,32024R1689,2024,Regulation,2020s,2020,"Regulation (EU) 2024/1689 of the European Parliament and of the Council of 13 June 2024 laying down harmonised rules on artificial intelligence and amending Regulations (EC) No 300/2008, (EU) No 167/2013, (EU) No 168/2013, (EU) 2018/858, (EU) 2018/1139 and (EU) 2019/2144 and Directives 2014/90/EU, (EU) 2016/797 and (EU) 2020/1828 (Artificial Intelligence Act) (Text with EEA relevance)",L1,high,L1,1,58,59,92,0.341975,447.600307,0.069842
32024R2747,32024R2747,2024,Regulation,2020s,2020,Regulation (EU) 2024/2747 of the European Parliament and of the Council of 9 October 2024 establishing a framework of measures related to an internal market emergency and to the resilience of the internal market and amending Council Regulation (EC) No 2679/98 (Internal Market Emergency and Resilience Act) (Text with EEA relevance),L1,high,L1,1,42,43,92,0.324334,463.971289,0.065891
32024R2987,32024R2987,2024,Regulation,2020s,2020,"Regulation (EU) 2024/2987 of the European Parliament and of the Council of 27 November 2024 amending Regulations (EU) No 648/2012, (EU) No 575/2013 and (EU) 2017/1131 as regards measures to mitigate excessive exposures to third-country central counterparties and improve the efficiency of Union clearing markets (Text with EEA relevance)",L1,high,L1,0,25,25,80,0.23829,0,0.18
32024R3018,32024R3018,2024,Regulation,2020s,2020,Regulation (EU) 2024/3018 of the European Parliament and of the Council of 27 November 2024 amending Regulation (EC) No 223/2009 on European statistics (Text with EEA relevance),L1,high,L1,0,21,21,92,0.290903,0,0.128571
32025D0609,32025D0609,2025,Decision,2020s,2020,Council Decision (CFSP) 2025/609 of 24 March 2025 on an assistance measure under the European Peace Facility to support the Armed Forces of Mauritania,L1,high,L1,0,5,5,77,0.195501,0,0.2
62015CJ0270,62015CJ0270,2015,Case_Law,Late 2010s,2010,Judgment of the Court (Sixth Chamber) of 30 June 2016.#Kingdom of Belgium v European Commission.#Appeal — Aid granted by the Belgian authorities to finance screening tests of transmissible spongiform encephalopathies in bovine animals — Selective advantage — Decision declaring that aid incompatible in part with the internal market.#Case C-270/15 P.,L4,high,L4,1,0,1,89,0,0,0
62017CJ0543,62017CJ0543,2017,Case_Law,Late 2010s,2010,Judgment of the Court (Grand Chamber) of 8 July 2019.#European Commission v Kingdom of Belgium.#Failure of a Member State to fulfil obligations — Article 258 TFEU — Measures to reduce the cost of deploying high-speed electronic communications networks — Directive 2014/61/EU — No transposition and/or no notification of transposing measures — Article 260(3) TFEU — Application for an order to pay a daily penalty payment — Calculation of the amount of the penalty payment.#Case C-543/17.,L4,high,L4,3,0,3,63,0,0,0.333333
